location,family,strength_nAm,stretch,depth_band,squid/combined_oracle_z,squid/combined_near_height,squid/grad_oracle_z,squid/grad_near_height,squid/mag_oracle_z,squid/mag_near_height,opm_matched/opm_oracle_z,opm_matched/opm_near_height,opm_dense/opm_oracle_z,opm_dense/opm_near_height
0,focal,10.0,0.75,0,0.522,3.842,0.633,3.924,0.091,4.131,-0.276,4.100,0.874,4.417
0,focal,10.0,1.0,0,0.974,3.565,1.212,3.545,0.737,3.633,1.022,3.782,0.407,3.574
0,focal,10.0,1.5,0,0.329,4.477,-0.299,4.173,0.677,4.185,1.895,4.690,1.577,4.374
0,focal,20.0,0.75,0,1.350,4.000,0.981,3.561,0.840,4.127,1.518,4.079,3.936,4.115
0,focal,20.0,1.0,0,2.896,4.120,3.062,4.025,2.131,3.720,2.183,3.690,2.572,3.658
0,focal,20.0,1.5,0,0.623,4.021,0.494,4.045,0.633,3.749,1.303,4.850,3.619,4.631
0,focal,40.0,0.75,0,2.731,4.420,2.097,3.793,2.454,4.570,3.881,4.959,4.775,4.619
0,focal,40.0,1.0,0,2.567,3.612,2.574,3.620,2.019,3.778,4.897,4.154,5.933,5.169
0,focal,40.0,1.5,0,1.914,4.232,2.105,4.608,1.537,4.126,3.296,4.257,3.737,4.154
0,focal,80.0,0.75,0,5.693,6.813,5.449,6.365,5.222,6.071,7.746,8.273,9.777,8.120
0,focal,80.0,1.0,0,6.486,5.378,4.809,3.999,5.883,5.630,6.839,6.125,10.804,8.407
0,focal,80.0,1.5,0,6.916,6.586,6.308,6.279,5.620,5.863,9.650,8.844,11.697,10.393
0,focal,160.0,0.75,0,9.529,8.586,9.100,7.901,8.161,7.602,12.032,10.170,17.719,15.042
0,focal,160.0,1.0,0,10.217,9.606,7.846,7.738,10.143,9.393,14.739,12.335,20.684,17.298
0,focal,160.0,1.5,0,12.676,10.583,10.531,9.143,11.609,9.917,16.862,14.080,21.905,18.179
0,focal,320.0,0.75,0,19.388,17.554,17.108,15.589,17.602,15.839,26.682,22.236,35.058,30.496
0,focal,320.0,1.0,0,21.858,19.755,19.664,17.746,19.802,18.217,30.259,24.762,39.782,34.037
0,focal,320.0,1.5,0,25.283,22.484,22.681,20.720,22.046,19.797,33.301,27.365,45.444,39.527
1,focal,10.0,0.75,0,0.100,4.302,0.301,3.711,-0.757,4.325,-1.869,4.328,-1.429,3.741
1,focal,10.0,1.0,0,0.797,3.754,-0.242,3.746,0.628,3.871,0.402,3.736,-0.077,3.841
1,focal,10.0,1.5,0,1.900,3.724,2.409,3.832,1.767,3.796,1.556,4.231,0.945,3.862
1,focal,20.0,0.75,0,-0.431,3.555,0.219,3.429,-0.791,3.460,-0.617,3.609,-1.317,4.471
1,focal,20.0,1.0,0,0.217,4.068,-0.380,4.061,1.144,4.392,-0.281,4.293,-0.420,3.876
1,focal,20.0,1.5,0,0.026,4.062,-0.490,3.678,-0.631,3.904,-0.004,4.227,0.695,4.018
1,focal,40.0,0.75,0,0.993,3.466,0.095,3.907,-0.060,3.573,0.440,4.194,0.868,3.814
1,focal,40.0,1.0,0,-0.278,3.550,-1.497,4.142,0.580,3.898,-0.146,3.563,1.078,4.004
1,focal,40.0,1.5,0,2.191,3.788,2.691,4.570,1.304,4.113,1.047,4.246,0.171,4.028
1,focal,80.0,0.75,0,2.966,3.651,2.238,3.540,3.219,3.866,3.277,5.056,2.459,4.208
1,focal,80.0,1.0,0,0.463,4.216,0.473,4.267,0.705,3.943,0.155,3.928,0.165,4.181
1,focal,80.0,1.5,0,3.709,3.726,3.494,4.156,3.646,3.785,3.399,4.701,3.128,4.042
1,focal,160.0,0.75,0,2.671,4.222,2.597,4.348,1.641,3.625,2.544,3.840,4.520,4.432
1,focal,160.0,1.0,0,2.703,3.686,3.058,3.628,1.427,3.669,1.506,3.579,3.147,3.674
1,focal,160.0,1.5,0,4.031,4.163,3.650,4.034,3.299,4.286,4.071,4.709,3.283,3.939
1,focal,320.0,0.75,0,5.892,5.314,5.313,5.067,4.794,4.392,6.461,6.014,7.964,7.125
1,focal,320.0,1.0,0,8.500,7.829,7.904,7.121,5.464,5.209,7.998,6.259,8.184,6.809
1,focal,320.0,1.5,0,7.228,6.290,5.985,5.406,4.779,3.996,7.042,5.122,8.593,6.876
2,focal,10.0,0.75,0,0.556,3.370,-0.592,3.753,0.718,3.798,1.905,3.906,3.377,3.774
2,focal,10.0,1.0,0,0.153,4.315,-1.442,3.695,0.719,4.186,1.011,4.173,1.996,4.312
2,focal,10.0,1.5,0,0.876,4.221,0.615,4.351,0.815,4.148,1.841,4.057,1.779,3.806
2,focal,20.0,0.75,0,1.724,4.828,1.392,4.091,1.813,4.866,2.271,4.125,2.908,4.163
2,focal,20.0,1.0,0,0.669,3.912,1.135,4.102,0.297,4.166,2.363,4.123,3.119,4.271
2,focal,20.0,1.5,0,2.821,4.214,2.446,4.220,2.754,4.219,4.551,4.648,5.596,5.371
2,focal,40.0,0.75,0,2.247,3.428,1.846,4.003,2.344,3.492,6.170,5.594,7.138,6.043
2,focal,40.0,1.0,0,3.829,3.914,2.835,3.954,3.594,3.420,6.726,6.583,8.605,6.730
2,focal,40.0,1.5,0,5.525,5.649,5.584,5.412,5.215,5.548,7.344,6.900,7.829,7.199
2,focal,80.0,0.75,0,8.221,6.577,7.375,6.120,7.729,6.503,13.915,11.851,14.986,11.627
2,focal,80.0,1.0,0,9.559,7.949,7.687,6.324,8.689,7.846,13.973,12.494,15.437,13.067
2,focal,80.0,1.5,0,11.779,10.522,9.135,8.277,11.314,10.175,16.269,14.749,18.154,15.365
2,focal,160.0,0.75,0,16.986,15.230,12.878,11.329,16.181,14.866,27.339,24.455,30.578,25.648
2,focal,160.0,1.0,0,17.125,15.089,13.909,12.827,16.419,14.623,29.540,25.864,33.292,27.113
2,focal,160.0,1.5,0,17.698,15.901,13.311,12.312,17.143,15.584,32.118,28.816,36.169,29.761
2,focal,320.0,0.75,0,29.961,27.262,24.417,21.889,28.767,26.502,54.501,48.285,60.006,50.362
2,focal,320.0,1.0,0,36.920,32.462,28.585,25.528,35.634,31.572,61.345,54.714,67.079,56.365
2,focal,320.0,1.5,0,37.490,33.907,29.524,27.044,35.993,33.030,62.594,55.933,72.621,59.323
3,focal,10.0,0.75,0,0.918,3.886,1.084,3.993,0.721,3.844,1.448,4.468,2.550,3.867
3,focal,10.0,1.0,0,1.348,4.004,0.599,3.870,1.083,4.012,0.363,3.631,2.499,3.774
3,focal,10.0,1.5,0,0.513,4.130,-0.289,4.567,0.986,3.835,-0.081,4.056,0.770,4.085
3,focal,20.0,0.75,0,1.233,3.549,1.231,3.752,0.357,3.718,2.513,5.181,2.496,3.876
3,focal,20.0,1.0,0,1.931,3.877,2.215,3.972,1.357,3.642,1.607,3.535,2.265,3.888
3,focal,20.0,1.5,0,3.136,3.743,2.422,3.521,3.199,4.081,4.093,4.059,4.783,4.813
3,focal,40.0,0.75,0,3.674,3.776,2.945,3.714,3.297,3.662,4.300,3.792,5.551,5.075
3,focal,40.0,1.0,0,1.437,3.587,0.688,3.688,1.363,3.604,1.415,3.740,4.204,3.735
3,focal,40.0,1.5,0,4.008,4.446,3.866,4.268,3.405,3.686,4.712,5.003,4.980,5.195
3,focal,80.0,0.75,0,4.157,4.291,4.099,4.634,3.774,4.580,4.254,4.240,6.651,5.701
3,focal,80.0,1.0,0,7.301,6.756,7.186,7.074,7.109,6.539,7.241,6.592,10.032,9.119
3,focal,80.0,1.5,0,7.096,7.253,5.640,5.955,6.020,6.211,8.654,8.711,12.202,12.010
3,focal,160.0,0.75,0,11.163,10.449,9.755,8.846,10.202,9.623,13.898,12.706,19.514,18.797
3,focal,160.0,1.0,0,11.648,10.154,9.868,8.686,10.837,9.660,14.065,12.191,18.612,16.890
3,focal,160.0,1.5,0,14.474,13.223,12.683,11.776,13.458,12.549,16.933,15.107,22.589,20.723
3,focal,320.0,0.75,0,24.060,21.849,20.878,19.042,21.639,19.896,29.000,25.222,36.519,33.867
3,focal,320.0,1.0,0,23.803,21.809,20.268,18.767,20.995,19.149,29.079,25.064,39.344,36.363
3,focal,320.0,1.5,0,26.937,24.928,22.741,21.579,24.566,22.448,34.401,30.393,46.339,42.480
4,focal,10.0,0.75,0,1.791,4.402,0.105,4.718,1.617,4.457,1.052,4.848,1.573,4.777
4,focal,10.0,1.0,0,1.613,3.758,0.537,3.490,1.102,3.872,1.417,3.818,1.708,4.409
4,focal,10.0,1.5,0,1.958,3.715,1.673,3.943,1.717,3.572,1.584,4.405,3.797,4.047
4,focal,20.0,0.75,0,2.809,3.648,1.439,4.191,3.559,3.894,2.985,4.227,3.979,4.097
4,focal,20.0,1.0,0,3.657,4.359,2.870,4.395,3.609,4.335,3.979,4.632,4.728,4.848
4,focal,20.0,1.5,0,3.076,4.475,2.387,3.828,3.488,4.603,4.176,4.075,6.728,4.402
4,focal,40.0,0.75,0,7.595,4.952,5.468,4.551,7.076,4.976,8.116,6.496,10.989,6.175
4,focal,40.0,1.0,0,6.691,5.237,5.821,4.678,5.634,5.187,7.276,6.682,10.492,6.293
4,focal,40.0,1.5,0,5.981,5.131,5.414,4.198,5.319,4.717,6.103,4.848,12.010,7.715
4,focal,80.0,0.75,0,10.223,7.377,8.009,6.142,9.590,7.306,12.139,9.168,20.622,10.861
4,focal,80.0,1.0,0,11.805,9.153,10.282,7.828,10.711,8.610,14.308,9.068,23.131,11.060
4,focal,80.0,1.5,0,13.743,9.773,11.478,8.071,12.256,9.596,14.390,10.221,24.665,11.218
4,focal,160.0,0.75,0,23.063,15.704,18.709,13.074,21.499,16.171,24.823,18.129,40.235,20.119
4,focal,160.0,1.0,0,26.761,18.069,22.228,16.634,25.334,19.007,30.047,21.108,45.125,23.570
4,focal,160.0,1.5,0,29.930,20.863,23.847,16.702,27.384,20.873,31.482,22.486,52.669,24.636
4,focal,320.0,0.75,0,46.854,33.015,37.207,25.850,43.761,32.932,53.546,37.202,82.851,41.498
4,focal,320.0,1.0,0,54.234,37.130,43.622,29.433,49.149,36.409,58.684,40.279,93.007,44.639
4,focal,320.0,1.5,0,58.391,40.070,46.875,33.064,53.779,40.329,61.712,43.407,101.446,48.262
5,focal,10.0,0.75,0,0.962,3.870,1.222,3.610,1.332,4.642,1.795,3.802,1.512,3.753
5,focal,10.0,1.0,0,-0.972,4.286,-1.178,3.765,-0.925,4.440,-1.851,3.573,0.282,3.975
5,focal,10.0,1.5,0,1.308,4.502,1.007,5.138,0.955,4.477,0.638,4.248,2.381,4.138
5,focal,20.0,0.75,0,0.595,4.224,0.339,3.526,1.315,4.318,0.602,4.012,0.305,4.071
5,focal,20.0,1.0,0,2.405,3.665,2.315,4.328,1.970,3.636,1.644,4.204,1.769,4.066
5,focal,20.0,1.5,0,2.919,4.265,2.966,4.390,2.312,4.485,1.398,4.328,3.360,4.189
5,focal,40.0,0.75,0,3.942,3.594,3.374,3.897,4.195,3.653,2.608,4.667,4.517,3.661
5,focal,40.0,1.0,0,4.205,4.573,3.579,4.347,3.128,4.799,2.537,4.243,5.761,4.503
5,focal,40.0,1.5,0,3.438,3.880,3.080,4.053,2.559,3.877,1.940,4.287,4.984,4.475
5,focal,80.0,0.75,0,4.569,3.697,4.783,3.871,3.715,3.807,2.835,3.547,8.186,4.733
5,focal,80.0,1.0,0,6.911,5.017,6.307,4.946,7.031,4.781,5.028,4.616,8.899,4.700
5,focal,80.0,1.5,0,5.988,4.272,5.707,4.123,4.342,4.370,3.192,4.255,8.770,4.541
5,focal,160.0,0.75,0,14.069,8.215,13.075,8.945,12.194,7.903,9.615,6.861,17.123,9.653
5,focal,160.0,1.0,0,12.353,7.553,11.819,8.565,9.498,6.217,7.587,5.087,17.059,8.891
5,focal,160.0,1.5,0,14.816,9.094,14.176,10.065,12.327,8.199,10.259,6.641,19.499,11.244
5,focal,320.0,0.75,0,23.549,14.029,22.915,15.331,19.429,11.032,16.114,10.206,32.946,17.350
5,focal,320.0,1.0,0,24.955,13.989,23.338,15.345,21.522,12.727,18.555,12.248,36.634,17.605
5,focal,320.0,1.5,0,30.082,17.620,28.950,20.129,23.416,14.668,19.829,13.338,40.443,22.891
6,focal,10.0,0.75,0,1.906,4.680,2.329,3.796,1.779,4.507,3.555,3.936,2.718,3.935
6,focal,10.0,1.0,0,2.817,4.000,3.089,4.111,2.418,3.918,3.733,4.377,4.559,4.547
6,focal,10.0,1.5,0,3.314,4.808,2.708,4.532,3.380,4.895,4.111,4.952,3.997,4.297
6,focal,20.0,0.75,0,3.450,3.824,2.885,3.791,3.005,3.732,4.941,4.618,5.915,4.650
6,focal,20.0,1.0,0,2.767,3.711,1.820,3.843,2.630,3.689,4.857,3.886,6.932,5.139
6,focal,20.0,1.5,0,5.169,4.728,4.303,4.179,4.690,4.674,7.093,5.803,7.660,6.283
6,focal,40.0,0.75,0,8.990,8.227,6.782,6.743,8.605,7.562,10.999,9.928,13.884,12.134
6,focal,40.0,1.0,0,7.755,6.602,5.935,5.853,7.539,6.643,11.154,8.222,13.508,10.505
6,focal,40.0,1.5,0,7.274,6.277,5.184,4.430,6.754,6.087,11.892,8.416,14.351,9.701
6,focal,80.0,0.75,0,13.060,10.989,9.533,8.084,12.319,10.329,19.927,16.554,23.912,19.468
6,focal,80.0,1.0,0,12.859,10.590,9.688,7.840,11.836,10.013,19.006,15.649,24.748,18.553
6,focal,80.0,1.5,0,17.068,13.813,12.336,10.778,16.528,13.593,23.494,18.958,28.471,21.822
6,focal,160.0,0.75,0,26.422,21.823,20.297,16.910,25.269,21.740,38.075,31.315,47.926,37.668
6,focal,160.0,1.0,0,29.144,24.181,23.441,19.613,27.265,22.642,43.231,34.915,53.432,41.189
6,focal,160.0,1.5,0,33.149,26.458,25.076,20.118,31.280,26.145,47.350,37.606,59.562,44.493
6,focal,320.0,0.75,0,53.027,44.162,40.102,34.060,50.080,41.605,78.402,64.391,95.139,75.771
6,focal,320.0,1.0,0,57.817,47.739,43.152,36.086,55.121,45.064,87.154,70.449,105.814,82.631
6,focal,320.0,1.5,0,65.333,52.046,50.226,40.296,61.296,48.853,94.056,74.054,116.609,87.511
7,focal,10.0,0.75,0,2.697,3.905,3.691,3.505,1.952,4.276,3.499,4.193,3.581,3.726
7,focal,10.0,1.0,0,2.319,3.551,2.464,3.488,2.178,3.780,2.232,3.451,4.117,3.952
7,focal,10.0,1.5,0,0.871,3.372,1.007,3.941,1.014,3.360,1.574,3.873,3.483,3.988
7,focal,20.0,0.75,0,2.991,4.444,1.796,4.032,3.201,4.322,3.577,3.726,6.534,5.842
7,focal,20.0,1.0,0,2.877,3.652,1.585,3.392,3.455,3.935,2.813,3.612,5.309,5.084
7,focal,20.0,1.5,0,3.505,4.423,4.950,5.058,2.617,4.061,3.071,4.259,7.587,5.621
7,focal,40.0,0.75,0,6.170,6.349,4.911,5.695,6.086,5.993,9.396,8.583,15.200,13.043
7,focal,40.0,1.0,0,6.649,6.494,4.823,4.914,5.911,5.624,10.561,9.853,14.941,12.934
7,focal,40.0,1.5,0,7.896,7.723,6.839,6.467,7.236,7.216,10.448,9.731,16.447,15.821
7,focal,80.0,0.75,0,11.868,10.731,8.433,7.608,11.591,10.518,16.310,14.074,25.046,20.437
7,focal,80.0,1.0,0,15.175,14.927,11.858,11.757,14.727,14.469,20.129,18.850,29.485,25.555
7,focal,80.0,1.5,0,15.344,13.750,12.713,11.501,14.733,13.276,20.069,17.494,30.201,25.813
7,focal,160.0,0.75,0,23.296,22.191,18.124,17.417,21.884,20.957,33.531,31.167,50.394,41.582
7,focal,160.0,1.0,0,26.620,25.129,21.245,20.459,25.129,23.684,37.035,33.505,56.413,46.864
7,focal,160.0,1.5,0,28.052,26.827,23.141,22.211,26.203,24.982,41.324,36.499,61.424,51.745
7,focal,320.0,0.75,0,48.729,45.986,38.394,37.003,45.625,43.011,68.515,62.908,101.861,85.872
7,focal,320.0,1.0,0,53.146,49.414,42.496,40.365,49.317,45.762,74.855,67.514,113.178,94.070
7,focal,320.0,1.5,0,56.228,52.702,46.007,43.747,52.376,48.836,80.324,71.941,122.278,103.380
8,focal,10.0,0.75,0,1.111,4.098,0.103,3.396,1.420,3.912,1.678,4.336,3.067,4.605
8,focal,10.0,1.0,0,3.237,4.654,2.702,4.140,3.606,4.345,4.581,4.194,4.661,4.366
8,focal,10.0,1.5,0,2.499,3.588,1.733,4.136,2.550,4.033,3.211,4.000,3.363,3.854
8,focal,20.0,0.75,0,3.932,4.695,3.410,4.832,3.484,4.211,4.842,4.345,5.656,4.581
8,focal,20.0,1.0,0,4.894,3.814,2.855,3.895,5.300,4.292,5.582,4.302,7.000,4.293
8,focal,20.0,1.5,0,5.566,4.216,4.569,4.069,5.061,4.070,4.852,4.194,6.575,4.665
8,focal,40.0,0.75,0,7.433,5.947,5.791,5.678,7.068,5.836,7.982,6.377,9.959,8.266
8,focal,40.0,1.0,0,10.134,8.447,8.924,7.985,9.643,7.798,10.198,8.147,13.008,11.199
8,focal,40.0,1.5,0,10.196,7.346,8.270,6.379,9.512,6.853,11.585,8.430,13.869,10.400
8,focal,80.0,0.75,0,16.023,12.821,11.679,9.835,15.284,12.543,18.703,13.124,20.545,16.195
8,focal,80.0,1.0,0,16.279,12.428,13.322,10.886,15.241,11.085,18.830,13.494,23.708,19.041
8,focal,80.0,1.5,0,19.224,15.346,15.922,13.616,18.128,14.570,21.981,15.595,25.676,20.778
8,focal,160.0,0.75,0,29.946,25.416,23.860,21.344,28.127,23.909,34.481,25.353,41.529,34.127
8,focal,160.0,1.0,0,35.464,29.431,29.007,24.876,34.009,28.228,41.185,30.278,48.429,39.914
8,focal,160.0,1.5,0,36.963,29.764,30.216,25.904,34.901,27.996,40.885,28.906,49.117,38.818
8,focal,320.0,0.75,0,62.654,50.789,50.254,42.659,59.639,48.843,73.847,53.006,85.444,68.415
8,focal,320.0,1.0,0,70.870,58.063,57.525,49.607,67.175,55.016,80.753,58.950,93.965,76.163
8,focal,320.0,1.5,0,74.431,59.786,61.119,51.877,70.361,57.070,84.881,61.137,100.272,80.518
9,focal,10.0,0.75,0,1.210,3.951,0.519,3.909,1.210,3.963,1.556,3.804,0.943,3.724
9,focal,10.0,1.0,0,2.260,3.492,2.555,3.634,0.999,3.588,1.047,3.966,1.058,3.782
9,focal,10.0,1.5,0,0.591,5.583,0.631,4.984,1.367,5.301,1.768,5.379,0.925,4.849
9,focal,20.0,0.75,0,2.692,4.344,2.675,4.235,2.646,4.361,2.004,4.626,1.144,4.292
9,focal,20.0,1.0,0,3.519,4.831,3.818,4.603,2.406,5.159,2.492,4.934,2.722,4.599
9,focal,20.0,1.5,0,1.240,3.803,1.359,3.722,1.302,3.724,0.858,4.558,2.028,3.903
9,focal,40.0,0.75,0,5.050,4.229,4.403,4.085,4.409,4.063,4.227,4.026,5.411,4.652
9,focal,40.0,1.0,0,4.708,4.088,4.803,4.112,3.898,4.106,4.186,3.686,6.161,4.483
9,focal,40.0,1.5,0,5.542,4.705,5.129,5.137,5.304,4.621,5.134,4.209,5.864,4.311
9,focal,80.0,0.75,0,8.531,6.819,7.733,5.830,7.791,6.929,7.497,6.158,9.268,6.739
9,focal,80.0,1.0,0,7.680,5.451,7.140,5.540,6.925,5.186,7.320,5.389,8.810,5.963
9,focal,80.0,1.5,0,7.972,6.619,7.088,6.188,7.281,6.530,7.629,6.221,10.331,6.621
9,focal,160.0,0.75,0,14.986,12.025,13.916,11.924,13.662,11.167,14.905,12.780,16.813,13.004
9,focal,160.0,1.0,0,17.775,13.998,16.518,13.511,16.195,13.170,17.169,14.849,19.290,13.492
9,focal,160.0,1.5,0,18.321,13.629,17.252,13.607,16.433,13.607,17.320,14.511,20.510,14.609
9,focal,320.0,0.75,0,29.923,22.878,28.025,23.556,27.705,21.764,29.587,25.187,34.188,24.990
9,focal,320.0,1.0,0,34.339,26.342,30.987,24.072,31.996,25.869,32.913,28.158,37.454,26.195
9,focal,320.0,1.5,0,37.562,30.072,34.628,28.809,33.884,29.405,35.495,31.061,40.939,30.312
10,focal,10.0,0.75,0,1.526,4.192,1.544,4.012,1.161,4.463,1.705,4.197,3.089,4.560
10,focal,10.0,1.0,0,1.691,4.392,0.951,4.312,2.131,4.149,2.045,4.268,1.611,4.766
10,focal,10.0,1.5,0,2.523,3.656,2.173,4.307,2.381,3.465,2.153,3.717,2.037,3.618
10,focal,20.0,0.75,0,4.328,4.179,3.852,4.030,4.168,3.946,4.746,4.008,4.424,3.934
10,focal,20.0,1.0,0,3.972,4.755,4.289,4.089,3.345,4.777,3.941,4.692,4.734,4.392
10,focal,20.0,1.5,0,2.927,3.922,2.376,4.176,2.672,4.092,3.198,4.076,3.323,5.057
10,focal,40.0,0.75,0,5.315,4.891,5.833,5.138,4.273,4.765,6.203,6.037,6.936,5.436
10,focal,40.0,1.0,0,7.810,5.956,6.413,5.107,7.656,6.304,8.125,7.200,9.479,6.818
10,focal,40.0,1.5,0,8.053,5.951,6.673,5.555,7.357,5.643,8.236,6.520,8.854,5.741
10,focal,80.0,0.75,0,14.240,10.547,11.990,9.255,13.054,10.100,14.799,12.844,16.542,12.100
10,focal,80.0,1.0,0,15.543,11.198,13.374,10.452,13.863,10.540,17.136,14.943,19.270,14.083
10,focal,80.0,1.5,0,15.562,10.792,14.038,10.433,14.019,10.755,16.420,14.142,18.391,12.689
10,focal,160.0,0.75,0,26.442,19.864,22.740,17.326,24.655,19.361,29.933,25.397,33.215,22.820
10,focal,160.0,1.0,0,29.312,21.387,26.439,21.422,26.784,19.856,32.729,27.322,35.672,23.279
10,focal,160.0,1.5,0,32.569,23.850,28.133,22.382,29.858,23.461,34.322,29.746,38.201,26.965
10,focal,320.0,0.75,0,52.440,37.838,46.112,36.509,48.002,37.238,56.880,47.957,64.507,43.574
10,focal,320.0,1.0,0,59.951,42.895,51.678,41.094,55.273,42.303,64.424,53.832,71.178,46.771
10,focal,320.0,1.5,0,63.568,45.994,55.234,44.271,57.588,45.338,66.330,56.740,74.893,50.638
11,focal,10.0,0.75,0,0.084,3.577,0.943,3.794,-0.411,3.619,-0.330,4.431,0.265,3.869
11,focal,10.0,1.0,0,0.430,3.308,-0.305,3.677,0.558,3.313,1.102,4.119,2.357,3.847
11,focal,10.0,1.5,0,1.466,4.019,1.808,3.952,1.363,3.972,1.345,4.195,1.983,3.778
11,focal,20.0,0.75,0,1.770,3.696,2.104,3.601,1.805,3.596,1.987,3.796,2.131,3.672
11,focal,20.0,1.0,0,1.849,4.330,1.083,3.771,1.959,4.407,1.417,3.748,1.501,3.830
11,focal,20.0,1.5,0,1.832,3.636,2.039,3.664,1.572,3.546,1.716,3.915,3.119,4.103
11,focal,40.0,0.75,0,5.007,5.003,5.069,4.938,4.892,4.890,4.739,5.014,6.856,6.552
11,focal,40.0,1.0,0,4.668,4.675,4.210,4.243,4.245,4.272,4.974,4.993,7.234,7.128
11,focal,40.0,1.5,0,5.421,6.532,4.227,5.867,5.461,6.332,6.665,7.361,8.786,8.443
11,focal,80.0,0.75,0,8.008,7.980,6.858,6.756,7.793,7.774,10.969,10.336,13.547,13.242
11,focal,80.0,1.0,0,8.901,8.680,8.354,8.217,8.273,8.082,10.018,9.551,14.312,13.517
11,focal,80.0,1.5,0,8.621,8.440,6.738,6.518,8.553,8.277,10.591,10.304,14.435,13.865
11,focal,160.0,0.75,0,15.841,15.421,14.833,14.541,14.973,14.616,17.101,16.811,23.704,23.046
11,focal,160.0,1.0,0,16.757,16.705,13.485,13.378,16.929,16.717,18.159,18.022,27.199,25.821
11,focal,160.0,1.5,0,18.627,18.559,15.398,15.012,18.407,18.154,20.120,19.887,29.155,28.053
11,focal,320.0,0.75,0,30.816,30.377,25.638,25.385,29.733,29.377,35.769,34.878,51.194,48.844
11,focal,320.0,1.0,0,32.530,32.162,26.620,26.037,32.169,31.695,36.679,35.543,52.952,49.857
11,focal,320.0,1.5,0,34.809,34.453,30.247,29.557,33.776,33.118,38.131,37.285,57.993,54.625
12,focal,10.0,0.75,0,2.164,4.366,1.475,4.511,2.399,4.276,4.812,4.478,4.582,4.606
12,focal,10.0,1.0,0,2.354,4.051,1.499,3.711,2.236,4.018,1.613,3.982,2.963,4.007
12,focal,10.0,1.5,0,1.453,4.610,1.100,4.725,1.489,4.387,1.556,4.201,2.966,4.871
12,focal,20.0,0.75,0,3.738,3.854,2.672,3.874,3.268,3.945,5.688,4.414,6.333,4.685
12,focal,20.0,1.0,0,4.227,4.235,3.169,4.365,4.368,4.670,4.953,4.671,7.243,6.427
12,focal,20.0,1.5,0,3.797,4.883,3.717,4.526,3.806,4.747,5.757,6.084,7.863,7.064
12,focal,40.0,0.75,0,6.641,5.845,5.993,5.865,5.877,5.585,7.751,6.369,12.887,10.204
12,focal,40.0,1.0,0,7.404,7.859,6.245,5.828,6.498,7.518,10.224,8.815,14.858,12.122
12,focal,40.0,1.5,0,5.607,5.013,4.145,4.113,5.526,5.396,9.554,7.862,13.141,10.078
12,focal,80.0,0.75,0,12.260,11.362,9.360,8.870,12.141,11.276,17.549,14.309,24.356,19.248
12,focal,80.0,1.0,0,11.058,9.991,7.713,7.301,10.822,9.780,16.481,13.459,24.444,19.805
12,focal,80.0,1.5,0,14.447,13.152,11.576,10.342,13.770,12.722,18.449,15.577,27.802,23.942
12,focal,160.0,0.75,0,21.834,19.953,14.644,13.986,21.445,19.531,33.386,26.985,48.700,40.166
12,focal,160.0,1.0,0,26.667,23.891,19.933,18.627,25.851,23.165,37.064,30.989,53.314,43.239
12,focal,160.0,1.5,0,26.741,24.003,20.454,18.689,25.625,22.975,37.473,29.571,56.282,46.200
12,focal,320.0,0.75,0,46.678,42.349,36.187,32.946,44.666,40.968,69.218,55.672,96.843,78.326
12,focal,320.0,1.0,0,49.119,43.675,37.166,33.922,47.435,42.597,72.382,56.898,104.674,84.730
12,focal,320.0,1.5,0,55.509,48.612,44.239,39.255,53.305,47.037,79.032,62.881,114.517,91.984
13,focal,10.0,0.75,0,2.106,3.474,1.616,3.593,2.129,3.618,3.742,3.468,4.144,3.814
13,focal,10.0,1.0,0,0.527,3.523,-0.099,3.238,0.257,3.785,2.872,3.237,2.541,3.512
13,focal,10.0,1.5,0,0.589,3.977,0.646,4.435,0.526,3.750,3.301,4.276,3.148,3.962
13,focal,20.0,0.75,0,3.732,4.150,3.249,3.898,3.829,3.741,4.311,4.143,6.290,5.334
13,focal,20.0,1.0,0,4.885,4.426,3.654,3.978,4.579,4.294,7.426,6.153,7.597,6.675
13,focal,20.0,1.5,0,2.725,3.997,3.154,3.903,2.132,4.058,5.167,4.661,5.924,5.498
13,focal,40.0,0.75,0,7.364,6.352,5.985,5.843,6.852,5.849,10.082,9.043,11.752,9.999
13,focal,40.0,1.0,0,6.643,6.182,4.124,4.691,6.717,6.119,11.782,9.850,12.108,9.874
13,focal,40.0,1.5,0,8.352,6.859,7.457,6.569,7.733,6.162,10.668,9.821,11.588,10.330
13,focal,80.0,0.75,0,13.121,11.534,10.001,9.311,12.693,11.369,18.923,15.767,22.272,18.262
13,focal,80.0,1.0,0,14.550,13.470,12.064,10.599,13.447,12.580,23.115,19.748,24.571,20.866
13,focal,80.0,1.5,0,16.378,15.482,13.666,13.161,15.232,14.284,23.058,19.995,26.490,22.612
13,focal,160.0,0.75,0,28.053,25.333,21.344,19.921,26.805,24.250,39.662,34.249,44.096,37.014
13,focal,160.0,1.0,0,30.868,28.214,25.572,23.713,28.819,26.460,45.952,40.019,51.766,44.332
13,focal,160.0,1.5,0,34.451,31.171,29.875,27.181,31.898,28.938,48.094,41.078,54.605,46.191
13,focal,320.0,0.75,0,53.912,48.233,42.435,38.917,50.427,45.378,79.240,67.858,90.954,76.706
13,focal,320.0,1.0,0,60.083,54.106,49.869,46.177,56.071,50.284,88.957,76.723,99.292,84.516
13,focal,320.0,1.5,0,66.076,59.881,54.729,50.484,62.307,56.106,93.585,81.271,107.136,91.576
14,focal,10.0,0.75,0,1.620,4.440,0.596,4.156,1.697,4.527,1.111,3.834,0.212,4.063
14,focal,10.0,1.0,0,2.586,4.514,2.507,3.853,2.883,4.516,1.989,3.786,2.061,4.563
14,focal,10.0,1.5,0,0.243,3.644,0.736,3.733,-0.032,3.603,3.330,3.932,2.654,3.874
14,focal,20.0,0.75,0,4.474,4.441,4.005,4.099,4.220,4.381,4.392,4.641,4.255,4.383
14,focal,20.0,1.0,0,2.877,3.916,1.273,3.617,3.253,3.985,3.389,4.002,4.414,4.738
14,focal,20.0,1.5,0,1.498,4.069,-0.028,4.092,1.797,4.349,2.803,3.795,3.413,4.450
14,focal,40.0,0.75,0,4.219,4.177,3.806,3.879,3.987,3.967,6.857,6.828,5.973,5.328
14,focal,40.0,1.0,0,3.988,4.531,3.103,4.511,4.115,4.449,6.276,5.541,6.447,5.381
14,focal,40.0,1.5,0,5.230,4.971,3.681,4.421,4.931,4.895,7.488,6.197,7.553,5.914
14,focal,80.0,0.75,0,7.340,6.935,7.322,6.899,7.089,6.566,11.131,9.457,12.641,10.668
14,focal,80.0,1.0,0,10.520,10.132,8.084,7.499,10.464,10.234,13.570,11.305,14.504,11.522
14,focal,80.0,1.5,0,10.449,8.771,8.600,8.282,10.296,8.762,14.840,13.194,16.333,13.635
14,focal,160.0,0.75,0,16.777,14.670,13.433,11.917,16.230,14.389,24.601,19.947,27.729,22.648
14,focal,160.0,1.0,0,19.418,16.021,15.530,14.029,18.919,16.025,27.242,22.787,30.975,24.951
14,focal,160.0,1.5,0,21.922,18.726,18.003,15.864,21.240,18.567,29.528,25.212,33.276,27.970
14,focal,320.0,0.75,0,35.003,29.194,27.836,24.234,34.344,28.694,48.863,38.610,55.812,44.986
14,focal,320.0,1.0,0,38.204,32.463,30.634,26.843,37.297,32.062,52.298,42.876,59.789,50.150
14,focal,320.0,1.5,0,42.980,37.161,36.848,32.419,41.895,36.418,58.667,49.227,66.704,55.344
15,focal,10.0,0.75,0,2.325,4.066,1.572,3.849,2.286,3.692,0.983,3.448,-0.012,3.625
15,focal,10.0,1.0,0,2.018,4.148,1.049,4.058,2.010,3.767,2.713,3.820,3.113,3.860
15,focal,10.0,1.5,0,1.640,3.840,1.265,3.670,2.238,3.748,2.245,3.831,2.106,3.971
15,focal,20.0,0.75,0,2.317,4.577,1.903,3.788,2.214,4.251,3.573,4.145,4.490,4.596
15,focal,20.0,1.0,0,2.859,3.681,1.494,4.012,3.048,3.801,4.226,4.668,3.962,4.131
15,focal,20.0,1.5,0,4.566,4.973,4.428,4.674,3.881,4.112,5.993,5.103,7.703,5.926
15,focal,40.0,0.75,0,6.443,6.394,3.958,4.121,6.513,6.585,7.811,6.761,10.631,7.293
15,focal,40.0,1.0,0,6.615,6.230,4.008,4.384,6.542,5.951,9.742,8.033,11.783,8.722
15,focal,40.0,1.5,0,7.880,7.202,5.114,4.719,7.505,6.950,10.644,8.349,12.296,9.562
15,focal,80.0,0.75,0,11.191,10.397,6.943,6.882,11.217,10.050,17.620,14.010,21.877,15.378
15,focal,80.0,1.0,0,12.193,10.288,8.658,7.266,11.594,10.007,18.478,14.131,23.374,16.035
15,focal,80.0,1.5,0,14.242,12.673,10.122,8.938,13.728,12.228,20.635,16.429,25.147,17.294
15,focal,160.0,0.75,0,23.764,20.938,15.071,13.412,23.066,20.223,35.592,27.933,43.475,31.512
15,focal,160.0,1.0,0,26.980,23.417,18.210,15.617,25.824,22.503,39.718,30.589,48.724,35.044
15,focal,160.0,1.5,0,28.291,25.548,19.821,17.575,27.710,24.955,41.280,32.420,50.478,36.432
15,focal,320.0,0.75,0,48.484,43.232,31.734,28.829,47.699,42.191,71.661,58.235,87.018,63.985
15,focal,320.0,1.0,0,54.324,47.573,36.413,31.704,53.209,46.624,76.443,62.622,94.686,70.027
15,focal,320.0,1.5,0,58.068,50.534,40.017,34.648,56.028,48.875,83.251,66.121,103.182,74.461
16,focal,10.0,0.75,0,1.766,3.809,1.643,3.946,2.078,3.882,2.530,3.452,2.440,3.848
16,focal,10.0,1.0,0,1.167,3.624,1.174,4.301,0.981,3.566,2.963,3.770,2.258,3.720
16,focal,10.0,1.5,0,1.658,4.029,0.399,3.817,2.026,4.093,3.383,4.091,4.217,4.255
16,focal,20.0,0.75,0,3.387,3.924,2.752,3.979,3.132,4.369,5.330,5.039,6.163,5.553
16,focal,20.0,1.0,0,4.305,4.513,2.921,4.339,4.349,4.487,5.392,5.491,8.306,8.438
16,focal,20.0,1.5,0,3.363,3.751,2.943,3.922,2.774,3.536,4.256,4.477,6.592,6.531
16,focal,40.0,0.75,0,5.731,5.395,3.646,3.645,5.879,5.634,9.597,9.272,11.660,11.122
16,focal,40.0,1.0,0,8.259,7.513,7.362,6.482,7.696,7.165,11.234,10.626,13.772,12.658
16,focal,40.0,1.5,0,6.289,6.198,5.589,6.135,5.930,5.550,8.962,8.506,12.976,12.696
16,focal,80.0,0.75,0,11.571,10.613,8.455,7.772,10.941,9.945,16.947,15.638,23.658,22.232
16,focal,80.0,1.0,0,15.649,14.611,12.513,11.708,15.308,14.186,19.538,18.333,27.039,25.705
16,focal,80.0,1.5,0,15.228,14.553,11.685,11.017,14.920,14.317,18.414,17.233,26.112,24.857
16,focal,160.0,0.75,0,27.899,25.773,22.779,21.087,26.213,24.436,35.094,32.013,46.568,43.425
16,focal,160.0,1.0,0,28.311,25.986,22.782,21.538,26.672,24.198,36.369,33.727,49.861,47.116
16,focal,160.0,1.5,0,32.929,30.644,26.491,24.590,32.172,29.899,40.348,37.163,56.098,52.791
16,focal,320.0,0.75,0,50.333,46.761,39.931,36.899,47.321,44.267,66.547,62.288,90.154,84.058
16,focal,320.0,1.0,0,57.097,52.798,46.343,42.951,54.225,50.000,72.321,67.265,99.975,94.764
16,focal,320.0,1.5,0,60.902,57.504,50.116,48.011,57.946,54.378,77.651,72.831,108.632,103.284
17,focal,10.0,0.75,0,2.307,4.146,2.475,3.680,1.694,3.904,3.057,4.107,4.508,3.799
17,focal,10.0,1.0,0,2.160,4.330,1.555,4.203,1.399,4.669,1.730,4.653,2.177,3.682
17,focal,10.0,1.5,0,2.086,3.844,1.863,4.269,1.951,4.067,2.595,4.390,3.884,3.957
17,focal,20.0,0.75,0,3.655,3.845,2.866,4.205,4.021,3.777,4.284,4.310,7.322,5.568
17,focal,20.0,1.0,0,3.736,4.177,2.615,4.355,3.764,3.948,6.347,5.871,7.969,7.139
17,focal,20.0,1.5,0,4.341,5.605,3.631,4.609,4.022,5.048,5.471,5.784,8.149,6.866
17,focal,40.0,0.75,0,7.491,6.173,7.224,5.812,6.376,5.517,10.278,7.800,14.512,10.839
17,focal,40.0,1.0,0,9.616,7.277,7.726,6.271,8.955,7.024,11.965,9.561,16.717,11.593
17,focal,40.0,1.5,0,9.965,8.615,8.549,8.060,9.472,8.358,11.624,9.898,16.663,12.758
17,focal,80.0,0.75,0,14.776,13.429,12.099,11.391,14.008,12.704,21.126,17.770,29.858,21.152
17,focal,80.0,1.0,0,18.284,15.291,16.296,14.085,16.075,13.908,23.461,19.760,33.065,22.916
17,focal,80.0,1.5,0,17.997,15.153,14.638,12.322,16.961,14.578,23.883,20.135,34.794,24.511
17,focal,160.0,0.75,0,31.481,26.668,24.775,22.158,29.453,25.284,43.548,35.200,61.515,43.009
17,focal,160.0,1.0,0,37.421,32.154,30.379,27.094,35.184,30.287,48.700,39.543,69.235,48.095
17,focal,160.0,1.5,0,39.703,33.866,32.882,28.979,36.840,32.375,51.327,42.647,73.764,50.628
17,focal,320.0,0.75,0,63.905,56.509,50.495,46.642,59.970,53.657,85.721,71.414,122.830,84.923
17,focal,320.0,1.0,0,70.999,61.037,57.384,51.222,66.456,57.782,95.970,78.662,136.965,93.976
17,focal,320.0,1.5,0,78.874,67.828,65.131,57.388,73.192,64.390,103.634,86.201,149.868,103.673
18,focal,10.0,0.75,1,-1.581,4.440,-1.257,3.861,-1.310,4.258,-0.259,4.404,-0.692,4.151
18,focal,10.0,1.0,1,-0.534,4.165,-1.312,4.231,-0.217,4.189,-0.445,3.632,0.016,4.239
18,focal,10.0,1.5,1,0.521,3.939,1.169,3.905,0.540,4.389,0.454,3.746,0.787,3.337
18,focal,20.0,0.75,1,1.704,3.713,1.330,3.697,1.320,3.927,1.404,3.812,0.733,3.883
18,focal,20.0,1.0,1,-0.367,4.055,0.039,3.729,-0.369,3.995,0.119,4.013,-0.280,3.799
18,focal,20.0,1.5,1,0.271,4.504,0.385,4.119,0.008,4.387,1.249,4.309,0.850,4.279
18,focal,40.0,0.75,1,0.883,3.995,0.700,3.831,0.973,4.008,2.073,3.723,2.140,3.915
18,focal,40.0,1.0,1,1.346,3.906,1.475,4.080,1.260,3.966,1.831,3.542,1.911,4.006
18,focal,40.0,1.5,1,2.565,4.101,1.842,3.702,2.774,4.131,1.713,4.230,2.087,4.099
18,focal,80.0,0.75,1,2.325,4.091,2.502,4.441,2.843,3.702,2.888,4.186,2.813,4.193
18,focal,80.0,1.0,1,1.375,4.088,1.503,5.117,1.137,4.174,2.701,4.276,2.548,4.380
18,focal,80.0,1.5,1,3.750,4.132,2.558,3.569,3.827,4.078,4.028,3.855,3.676,3.675
18,focal,160.0,0.75,1,5.163,5.177,5.307,5.117,4.934,4.818,5.579,5.186,6.818,6.313
18,focal,160.0,1.0,1,5.848,6.765,6.216,6.935,5.629,6.217,6.064,6.272,7.753,8.352
18,focal,160.0,1.5,1,8.136,8.189,7.654,7.729,7.916,8.019,8.306,8.337,8.652,8.693
18,focal,320.0,0.75,1,10.575,10.620,8.863,8.579,11.032,10.952,12.328,12.146,13.700,13.421
18,focal,320.0,1.0,1,11.643,11.059,10.359,9.924,11.323,10.854,12.945,12.209,13.969,13.431
18,focal,320.0,1.5,1,10.471,10.333,8.887,8.936,10.377,10.410,11.981,12.034,12.876,12.858
19,focal,10.0,0.75,1,0.872,3.586,-0.049,3.643,0.974,3.302,0.753,3.699,0.168,3.835
19,focal,10.0,1.0,1,1.052,3.995,1.452,3.793,0.953,4.251,0.659,3.839,0.801,4.042
19,focal,10.0,1.5,1,1.741,4.382,1.567,4.497,2.110,4.260,1.280,4.195,0.999,3.899
19,focal,20.0,0.75,1,-0.884,4.548,-0.726,4.556,-0.579,4.299,-0.322,4.285,0.296,3.734
19,focal,20.0,1.0,1,0.915,3.947,1.455,3.709,0.830,4.054,0.775,4.371,0.293,3.952
19,focal,20.0,1.5,1,1.440,4.025,1.782,3.578,0.860,4.412,1.226,3.734,1.661,3.545
19,focal,40.0,0.75,1,0.621,4.709,0.905,4.704,0.222,4.925,1.089,4.647,0.455,4.883
19,focal,40.0,1.0,1,-0.884,4.555,-0.950,3.708,-0.805,4.533,-0.744,3.920,-1.017,4.942
19,focal,40.0,1.5,1,1.889,4.504,1.401,4.172,1.774,4.764,0.991,4.145,1.370,4.281
19,focal,80.0,0.75,1,4.827,4.884,4.090,4.693,4.432,4.579,4.258,4.223,4.143,4.154
19,focal,80.0,1.0,1,1.877,4.629,1.622,4.408,1.994,4.618,1.816,4.457,2.763,4.241
19,focal,80.0,1.5,1,1.612,4.174,2.040,4.376,1.530,4.035,1.258,4.594,1.477,4.355
19,focal,160.0,0.75,1,5.248,4.737,4.834,4.792,5.401,4.392,5.645,4.323,6.622,5.310
19,focal,160.0,1.0,1,7.409,5.216,6.819,5.067,7.196,4.767,7.269,5.314,7.652,4.817
19,focal,160.0,1.5,1,4.774,3.848,4.290,4.057,4.566,4.047,5.758,4.323,7.340,5.088
19,focal,320.0,0.75,1,11.068,7.745,9.059,5.872,10.939,7.656,12.571,8.997,13.755,7.863
19,focal,320.0,1.0,1,10.005,6.519,8.792,5.579,10.194,6.641,11.494,8.174,12.883,8.018
19,focal,320.0,1.5,1,12.215,7.805,10.663,7.386,12.124,7.751,13.775,9.555,14.629,9.229
20,focal,10.0,0.75,1,0.277,4.899,0.267,4.209,0.047,5.035,0.471,3.932,-0.137,3.986
20,focal,10.0,1.0,1,0.476,3.652,0.394,3.584,0.448,4.335,-0.004,4.151,0.405,3.886
20,focal,10.0,1.5,1,1.598,4.014,1.340,4.053,1.311,4.216,1.099,4.638,1.858,3.855
20,focal,20.0,0.75,1,1.153,4.412,1.039,3.959,1.144,4.265,1.058,4.021,0.622,3.966
20,focal,20.0,1.0,1,1.454,3.501,1.724,4.351,1.146,3.771,1.800,3.584,2.080,3.633
20,focal,20.0,1.5,1,1.295,4.296,0.827,3.605,1.159,4.139,1.359,3.462,1.316,4.872
20,focal,40.0,0.75,1,-0.137,4.838,0.327,3.967,-0.176,4.568,0.284,3.605,-0.049,3.805
20,focal,40.0,1.0,1,0.573,4.724,1.244,5.469,0.050,4.901,1.049,3.856,1.023,4.893
20,focal,40.0,1.5,1,2.289,4.023,2.264,4.029,2.391,4.016,2.192,4.050,2.125,4.334
20,focal,80.0,0.75,1,4.353,4.631,4.108,4.900,4.292,4.510,4.374,4.816,3.436,4.877
20,focal,80.0,1.0,1,3.228,3.693,2.292,3.690,3.287,3.871,3.531,3.886,3.417,4.152
20,focal,80.0,1.5,1,1.504,4.167,0.597,4.138,1.572,3.368,1.051,3.794,0.906,4.029
20,focal,160.0,0.75,1,6.485,5.875,5.986,5.392,6.527,5.952,6.071,5.857,6.974,5.818
20,focal,160.0,1.0,1,5.448,4.759,4.851,4.610,4.916,4.495,5.216,4.807,6.262,4.999
20,focal,160.0,1.5,1,6.243,5.709,5.148,5.116,6.336,5.808,7.091,5.605,7.668,5.979
20,focal,320.0,0.75,1,10.827,9.812,10.105,9.456,10.604,9.679,11.347,9.377,12.139,9.444
20,focal,320.0,1.0,1,10.754,9.906,9.915,9.353,10.673,10.175,11.054,9.959,11.730,10.685
20,focal,320.0,1.5,1,12.252,10.254,11.236,9.644,11.847,9.929,12.789,10.191,13.475,10.598
21,focal,10.0,0.75,1,-1.639,3.807,-2.216,3.501,-0.755,3.884,-1.108,3.797,-1.008,4.486
21,focal,10.0,1.0,1,-0.094,3.963,-0.228,4.062,-0.005,3.826,-0.483,3.858,0.263,4.462
21,focal,10.0,1.5,1,1.112,4.170,0.849,3.817,0.891,4.286,1.464,4.317,0.367,4.077
21,focal,20.0,0.75,1,1.136,3.772,1.053,3.915,1.283,3.682,0.957,4.469,0.319,3.939
21,focal,20.0,1.0,1,-0.575,3.947,-1.662,3.380,0.266,3.465,-0.356,3.722,-0.271,4.202
21,focal,20.0,1.5,1,0.924,4.980,0.674,4.637,0.703,4.693,0.799,3.997,1.056,4.816
21,focal,40.0,0.75,1,0.917,3.928,0.642,3.750,0.929,3.812,0.661,4.600,0.366,3.932
21,focal,40.0,1.0,1,-0.456,3.901,-0.967,3.724,-0.326,4.184,0.028,4.279,1.060,4.371
21,focal,40.0,1.5,1,0.397,3.379,-0.018,3.595,0.662,3.509,0.813,4.291,0.200,4.360
21,focal,80.0,0.75,1,0.639,4.392,0.920,4.538,0.470,4.496,0.332,4.238,0.915,4.541
21,focal,80.0,1.0,1,1.867,4.474,1.347,3.909,1.666,4.062,1.813,3.683,1.931,4.031
21,focal,80.0,1.5,1,4.090,4.742,3.541,4.603,4.019,4.988,3.336,4.848,5.128,4.549
21,focal,160.0,0.75,1,3.846,4.435,3.407,3.920,3.727,4.094,4.192,4.304,5.774,4.440
21,focal,160.0,1.0,1,3.790,4.536,3.662,4.338,3.814,4.282,4.466,4.575,4.980,4.443
21,focal,160.0,1.5,1,4.523,4.695,4.493,4.383,4.309,4.622,3.931,4.331,4.996,5.295
21,focal,320.0,0.75,1,9.853,8.425,9.361,8.201,9.299,7.937,9.786,7.779,12.402,9.931
21,focal,320.0,1.0,1,8.982,8.261,8.361,7.537,8.416,7.882,8.780,7.611,10.707,8.541
21,focal,320.0,1.5,1,11.151,10.059,9.740,9.198,10.924,9.732,10.967,8.923,12.808,10.488
22,focal,10.0,0.75,1,2.126,3.984,2.412,4.152,1.745,4.204,1.636,4.076,1.336,4.078
22,focal,10.0,1.0,1,0.192,3.837,0.230,3.733,0.262,3.670,-0.470,3.728,-0.386,4.091
22,focal,10.0,1.5,1,2.061,4.016,0.723,4.052,2.006,3.874,1.441,4.187,1.743,4.449
22,focal,20.0,0.75,1,0.730,3.786,0.215,3.809,0.724,3.951,0.170,4.128,1.207,4.328
22,focal,20.0,1.0,1,0.208,4.057,0.082,4.109,0.231,4.214,0.104,3.828,-0.380,4.072
22,focal,20.0,1.5,1,0.595,3.712,1.239,4.083,0.131,3.619,1.008,3.840,2.046,3.982
22,focal,40.0,0.75,1,0.365,4.031,-0.381,4.025,0.935,4.093,0.370,4.292,1.262,4.367
22,focal,40.0,1.0,1,2.789,4.782,2.775,4.202,2.590,4.057,1.255,4.126,1.887,3.940
22,focal,40.0,1.5,1,1.760,4.069,0.794,4.599,1.610,3.982,2.356,4.068,1.289,4.446
22,focal,80.0,0.75,1,2.057,3.877,2.305,3.897,1.752,4.060,3.467,4.310,4.015,3.840
22,focal,80.0,1.0,1,3.640,4.387,3.578,4.044,3.200,4.289,5.699,5.447,5.346,4.616
22,focal,80.0,1.5,1,5.925,5.511,5.235,5.212,5.464,5.138,5.086,5.166,6.005,6.108
22,focal,160.0,0.75,1,7.358,6.474,6.362,5.781,7.056,6.251,7.625,6.898,9.444,8.361
22,focal,160.0,1.0,1,8.067,7.195,6.681,6.401,7.273,6.331,8.675,7.649,9.226,8.084
22,focal,160.0,1.5,1,9.648,8.475,8.240,7.465,8.960,8.037,10.128,9.270,11.937,10.972
22,focal,320.0,0.75,1,15.622,15.120,13.970,13.755,15.475,14.677,17.519,16.220,19.085,17.441
22,focal,320.0,1.0,1,16.321,14.988,14.068,13.159,15.655,14.284,17.392,16.044,18.193,16.628
22,focal,320.0,1.5,1,19.957,18.144,17.552,16.408,18.887,17.407,20.559,18.897,22.547,20.606
23,focal,10.0,0.75,1,0.943,4.036,0.435,4.201,1.266,4.024,0.956,4.027,0.890,4.079
23,focal,10.0,1.0,1,-0.866,4.406,-1.094,4.166,-0.336,4.265,-0.486,3.934,-1.424,4.478
23,focal,10.0,1.5,1,0.435,4.054,-0.021,4.195,0.424,3.912,0.881,4.094,2.222,4.258
23,focal,20.0,0.75,1,1.223,3.378,0.859,3.699,1.191,3.689,1.532,3.768,1.206,3.715
23,focal,20.0,1.0,1,0.887,3.744,0.283,3.694,1.090,3.494,0.322,3.698,1.307,3.997
23,focal,20.0,1.5,1,-0.680,3.888,-1.069,3.977,-0.881,4.175,-1.355,3.464,-0.684,4.475
23,focal,40.0,0.75,1,0.974,3.710,0.605,3.698,0.929,3.745,1.004,3.530,1.114,4.170
23,focal,40.0,1.0,1,1.573,4.101,1.848,3.939,1.225,4.030,1.778,3.819,2.007,4.389
23,focal,40.0,1.5,1,0.727,3.600,0.345,3.324,0.810,3.883,0.912,3.797,1.565,4.463
23,focal,80.0,0.75,1,5.242,4.127,5.164,3.846,4.678,4.301,5.126,4.794,5.541,4.183
23,focal,80.0,1.0,1,3.526,3.737,3.200,4.034,3.128,3.794,3.646,4.602,3.897,4.147
23,focal,80.0,1.5,1,2.659,4.317,2.257,4.218,2.376,4.129,2.515,4.106,3.058,4.426
23,focal,160.0,0.75,1,8.494,6.316,7.243,6.146,8.543,6.249,8.253,5.907,8.217,6.488
23,focal,160.0,1.0,1,10.175,7.214,8.727,6.503,9.998,7.949,9.689,7.394,11.071,7.479
23,focal,160.0,1.5,1,9.435,6.878,8.772,6.613,8.351,6.049,9.070,7.222,9.770,6.148
23,focal,320.0,0.75,1,16.645,11.919,15.731,11.522,15.549,11.559,16.834,12.573,18.876,13.273
23,focal,320.0,1.0,1,17.695,12.459,16.010,12.601,16.521,11.917,17.116,12.571,19.827,13.889
23,focal,320.0,1.5,1,20.881,15.508,18.550,13.626,19.869,15.150,19.969,15.585,23.200,16.708
24,focal,10.0,0.75,1,1.745,3.932,1.270,4.141,1.776,3.933,1.615,3.820,1.936,3.709
24,focal,10.0,1.0,1,1.167,4.229,0.754,3.907,1.134,4.103,0.982,4.546,0.490,3.975
24,focal,10.0,1.5,1,0.048,4.011,-0.533,4.266,0.532,3.548,1.097,4.061,0.104,4.189
24,focal,20.0,0.75,1,1.824,4.562,2.302,4.438,2.095,4.401,2.192,3.851,2.287,3.999
24,focal,20.0,1.0,1,2.843,3.989,2.110,4.302,2.986,3.959,2.451,3.529,3.270,4.068
24,focal,20.0,1.5,1,2.670,3.513,1.655,3.543,2.526,3.572,2.764,3.955,2.553,3.833
24,focal,40.0,0.75,1,6.704,6.191,6.127,5.549,6.381,6.480,6.104,5.669,5.400,5.474
24,focal,40.0,1.0,1,6.881,5.714,5.272,4.641,6.675,6.014,6.354,5.997,7.597,5.878
24,focal,40.0,1.5,1,5.453,5.705,5.661,5.485,5.524,5.928,5.369,5.031,6.564,6.128
24,focal,80.0,0.75,1,9.520,8.861,8.382,7.838,9.154,8.698,9.645,8.402,10.618,9.293
24,focal,80.0,1.0,1,11.880,10.399,10.765,9.457,11.633,10.259,11.311,9.747,13.046,11.266
24,focal,80.0,1.5,1,11.836,10.715,10.859,10.041,11.098,9.959,11.521,10.439,12.722,11.467
24,focal,160.0,0.75,1,18.430,17.300,16.807,15.887,17.704,16.616,18.220,16.452,20.691,18.735
24,focal,160.0,1.0,1,21.763,19.294,19.019,17.536,21.110,18.796,21.388,18.858,23.123,20.451
24,focal,160.0,1.5,1,22.316,20.626,20.473,19.230,21.353,19.716,21.995,19.494,24.985,22.267
24,focal,320.0,0.75,1,41.548,38.010,37.458,35.287,39.964,36.588,41.561,36.157,45.709,40.359
24,focal,320.0,1.0,1,44.679,41.710,41.262,39.167,43.095,40.123,43.738,39.973,48.164,43.583
24,focal,320.0,1.5,1,47.044,42.925,42.231,39.641,45.005,41.353,45.010,39.613,50.575,44.847
25,focal,10.0,0.75,1,0.317,4.445,0.761,4.337,0.075,4.978,0.614,4.224,1.792,4.102
25,focal,10.0,1.0,1,1.625,3.656,1.015,4.006,1.271,4.069,1.897,3.816,2.405,3.602
25,focal,10.0,1.5,1,1.647,3.512,1.196,3.915,1.153,3.524,2.007,3.714,2.452,4.119
25,focal,20.0,0.75,1,1.792,4.018,0.202,3.718,2.104,3.844,1.630,3.420,3.302,3.978
25,focal,20.0,1.0,1,3.928,4.404,3.375,3.650,3.666,4.379,4.917,4.881,5.104,4.279
25,focal,20.0,1.5,1,2.519,4.969,3.270,4.394,2.208,4.822,2.890,3.895,2.705,4.237
25,focal,40.0,0.75,1,3.461,4.160,1.354,4.063,3.698,4.259,4.076,4.349,6.049,5.485
25,focal,40.0,1.0,1,4.637,4.803,4.371,4.346,4.243,4.289,5.925,5.751,6.083,4.929
25,focal,40.0,1.5,1,6.186,6.030,6.211,6.302,5.799,5.743,7.029,6.228,8.251,8.222
25,focal,80.0,0.75,1,7.672,7.186,6.375,6.027,7.194,6.925,9.189,7.606,11.505,10.508
25,focal,80.0,1.0,1,9.789,9.146,7.503,7.696,9.462,8.981,11.147,9.035,13.893,11.700
25,focal,80.0,1.5,1,8.820,8.266,6.751,6.375,8.582,8.116,10.230,9.161,13.516,11.825
25,focal,160.0,0.75,1,17.548,15.960,13.342,12.818,17.393,16.058,17.857,15.626,23.789,20.161
25,focal,160.0,1.0,1,18.312,16.848,13.782,13.046,17.832,16.670,21.750,18.697,24.941,20.955
25,focal,160.0,1.5,1,20.948,19.682,16.338,15.416,20.270,19.090,21.503,18.615,27.560,23.479
25,focal,320.0,0.75,1,35.157,31.829,26.794,24.679,33.952,31.026,38.119,32.544,48.772,40.464
25,focal,320.0,1.0,1,37.795,34.525,29.645,27.696,36.603,33.727,41.921,35.687,51.390,43.891
25,focal,320.0,1.5,1,39.559,37.035,30.789,28.794,38.476,36.136,43.759,39.279,54.237,48.002
26,focal,10.0,0.75,1,1.750,3.757,1.387,4.626,2.010,3.620,2.001,3.917,1.990,3.968
26,focal,10.0,1.0,1,-0.109,3.764,0.443,3.576,-0.144,4.122,0.599,3.932,1.077,3.951
26,focal,10.0,1.5,1,0.896,3.780,0.516,3.487,0.549,4.002,1.293,4.290,1.953,3.654
26,focal,20.0,0.75,1,0.688,3.722,0.184,3.719,0.664,3.900,0.743,4.097,1.309,3.809
26,focal,20.0,1.0,1,1.797,4.081,1.836,3.902,1.482,4.535,1.771,3.794,1.937,3.892
26,focal,20.0,1.5,1,1.425,4.089,1.413,4.240,1.513,4.288,1.447,3.917,0.797,4.180
26,focal,40.0,0.75,1,1.038,3.976,0.069,4.130,0.790,3.986,1.977,4.391,2.847,4.662
26,focal,40.0,1.0,1,1.067,3.923,1.398,4.384,0.816,3.984,1.086,3.819,2.107,4.639
26,focal,40.0,1.5,1,1.807,3.797,1.940,4.694,1.951,4.190,2.941,4.497,3.775,4.141
26,focal,80.0,0.75,1,5.085,5.200,4.810,4.754,5.434,5.568,6.523,5.912,8.148,8.211
26,focal,80.0,1.0,1,5.138,4.958,4.272,4.508,5.000,5.195,5.908,5.323,7.409,5.990
26,focal,80.0,1.5,1,6.497,6.150,5.637,5.486,6.093,5.733,7.189,6.647,6.969,6.283
26,focal,160.0,0.75,1,11.147,10.659,8.574,8.239,11.132,10.393,13.357,12.354,13.857,12.158
26,focal,160.0,1.0,1,12.289,11.908,10.346,9.658,12.373,12.008,13.472,12.150,14.868,13.399
26,focal,160.0,1.5,1,13.281,12.541,10.484,10.092,12.781,12.161,15.445,14.593,16.907,15.602
26,focal,320.0,0.75,1,21.150,19.761,17.628,17.074,20.924,19.132,24.840,22.818,26.682,23.878
26,focal,320.0,1.0,1,22.886,21.203,18.492,17.155,23.043,21.104,26.509,24.373,29.048,25.256
26,focal,320.0,1.5,1,26.742,25.338,22.132,20.864,26.414,25.118,30.115,28.082,32.514,29.364
27,focal,10.0,0.75,1,0.831,3.505,0.454,3.269,0.854,3.598,0.538,3.630,1.140,3.780
27,focal,10.0,1.0,1,1.574,4.090,1.954,4.115,1.424,4.397,1.910,4.150,1.246,4.520
27,focal,10.0,1.5,1,0.144,3.875,-0.452,3.977,0.323,4.026,0.236,4.038,0.434,4.359
27,focal,20.0,0.75,1,-0.249,3.809,-0.437,4.452,-0.450,3.518,-0.143,3.505,1.091,4.025
27,focal,20.0,1.0,1,3.163,4.322,3.178,3.944,2.624,4.407,4.539,5.571,3.133,3.905
27,focal,20.0,1.5,1,1.482,3.835,1.252,4.015,1.368,3.566,1.711,3.655,2.030,3.933
27,focal,40.0,0.75,1,3.584,4.274,2.868,4.419,3.646,4.246,3.615,4.482,3.856,4.650
27,focal,40.0,1.0,1,3.059,3.552,3.357,3.679,2.900,3.826,2.081,3.738,3.464,4.364
27,focal,40.0,1.5,1,5.805,5.215,5.513,5.702,5.512,4.996,5.859,5.343,5.271,4.837
27,focal,80.0,0.75,1,5.759,5.955,5.412,5.844,5.979,6.034,7.146,6.367,7.652,6.962
27,focal,80.0,1.0,1,7.719,6.918,7.180,6.685,7.496,7.008,7.259,6.940,8.739,8.037
27,focal,80.0,1.5,1,7.920,7.250,7.304,6.546,8.060,7.331,8.329,7.072,8.995,7.601
27,focal,160.0,0.75,1,11.036,10.489,10.020,9.704,10.931,10.517,11.659,10.403,12.881,11.791
27,focal,160.0,1.0,1,14.640,13.284,12.688,11.684,14.374,13.145,15.057,13.403,16.060,13.988
27,focal,160.0,1.5,1,13.996,13.076,12.354,11.770,13.367,12.612,14.053,13.509,15.806,14.316
27,focal,320.0,0.75,1,27.343,24.827,24.706,22.693,26.809,24.568,29.152,26.438,29.439,26.711
27,focal,320.0,1.0,1,27.385,24.217,25.503,23.263,26.523,23.901,28.225,25.252,30.252,26.090
27,focal,320.0,1.5,1,31.099,28.148,28.858,26.706,29.674,27.008,30.404,27.838,33.904,29.806
28,focal,10.0,0.75,1,1.740,3.870,0.858,3.425,2.494,4.006,1.777,4.019,1.959,3.898
28,focal,10.0,1.0,1,0.496,4.161,0.758,3.733,0.253,4.283,0.572,4.498,0.543,3.893
28,focal,10.0,1.5,1,2.114,4.405,1.597,4.322,1.925,4.447,1.649,4.001,1.585,4.234
28,focal,20.0,0.75,1,1.191,4.080,1.218,3.713,1.257,3.928,1.831,3.724,1.135,4.538
28,focal,20.0,1.0,1,2.971,4.581,3.194,4.414,2.968,4.484,3.525,4.444,3.080,4.015
28,focal,20.0,1.5,1,2.666,4.275,1.954,3.887,2.373,4.250,3.194,3.961,3.758,3.956
28,focal,40.0,0.75,1,3.141,4.112,2.844,4.160,3.329,4.114,4.313,4.741,3.572,4.058
28,focal,40.0,1.0,1,5.617,5.500,4.635,4.792,5.709,5.753,4.198,4.492,5.050,4.798
28,focal,40.0,1.5,1,3.796,4.266,3.873,5.025,3.971,4.221,5.704,5.266,4.689,4.411
28,focal,80.0,0.75,1,6.766,5.860,5.235,4.875,6.556,5.778,7.921,6.948,8.814,7.849
28,focal,80.0,1.0,1,9.861,8.916,8.413,7.845,9.822,8.991,11.444,10.259,11.375,9.574
28,focal,80.0,1.5,1,8.725,6.923,7.455,6.153,8.533,7.023,9.868,8.446,10.292,8.225
28,focal,160.0,0.75,1,16.422,14.682,14.705,13.284,15.545,14.142,18.007,15.604,18.873,15.742
28,focal,160.0,1.0,1,17.204,15.569,15.029,13.814,16.577,15.217,19.143,17.210,20.440,17.220
28,focal,160.0,1.5,1,17.872,15.541,15.990,14.273,16.896,14.752,19.367,16.566,21.573,18.182
28,focal,320.0,0.75,1,31.503,27.262,26.851,24.081,30.273,26.339,35.678,30.531,37.670,30.525
28,focal,320.0,1.0,1,33.025,28.757,29.339,26.019,31.842,27.954,37.462,33.040,39.745,33.311
28,focal,320.0,1.5,1,34.374,29.650,30.204,26.241,32.848,28.547,38.909,33.566,42.458,35.001
29,focal,10.0,0.75,1,0.988,3.975,0.507,4.178,0.777,4.145,0.694,3.938,2.584,4.374
29,focal,10.0,1.0,1,0.226,3.721,0.431,3.977,-0.266,3.897,1.065,4.244,2.875,4.344
29,focal,10.0,1.5,1,-0.015,4.293,-0.675,4.089,-0.206,4.299,0.448,3.700,1.193,4.915
29,focal,20.0,0.75,1,1.782,3.846,1.161,3.601,1.683,4.109,2.683,4.366,2.556,4.018
29,focal,20.0,1.0,1,1.687,3.588,1.445,3.450,0.838,3.726,3.732,4.031,3.489,4.104
29,focal,20.0,1.5,1,1.430,3.974,2.167,3.653,1.306,3.788,3.012,3.801,3.477,4.041
29,focal,40.0,0.75,1,5.421,5.426,4.988,5.354,4.876,4.935,9.433,7.760,8.956,7.639
29,focal,40.0,1.0,1,7.878,6.574,4.214,4.484,8.337,7.063,10.530,8.375,9.586,8.147
29,focal,40.0,1.5,1,6.235,5.355,5.204,5.091,5.737,5.054,7.960,6.609,9.665,8.270
29,focal,80.0,0.75,1,8.995,8.381,6.863,6.832,8.601,7.946,13.641,11.240,17.361,14.697
29,focal,80.0,1.0,1,10.740,10.957,7.578,8.675,10.376,10.140,14.782,12.463,17.838,14.144
29,focal,80.0,1.5,1,11.551,10.381,8.449,8.101,11.030,10.042,16.158,12.881,17.496,14.595
29,focal,160.0,0.75,1,18.880,16.106,12.854,11.405,18.257,15.810,27.840,22.850,30.001,25.542
29,focal,160.0,1.0,1,20.661,18.099,15.189,14.025,19.870,17.617,31.429,25.419,35.259,29.499
29,focal,160.0,1.5,1,22.728,19.722,15.770,14.188,21.807,19.519,32.138,25.098,38.150,31.442
29,focal,320.0,0.75,1,38.690,32.606,26.431,23.917,36.929,31.765,55.748,42.729,62.856,50.828
29,focal,320.0,1.0,1,41.233,34.922,28.783,25.850,40.132,34.731,60.909,48.175,69.843,57.568
29,focal,320.0,1.5,1,45.638,38.055,31.898,28.728,43.925,37.452,66.370,50.167,77.808,61.646
30,focal,10.0,0.75,1,-0.033,4.042,-0.658,4.094,0.113,3.821,0.580,4.203,0.517,3.857
30,focal,10.0,1.0,1,0.817,4.161,0.792,4.275,0.937,3.979,0.767,3.966,0.573,4.124
30,focal,10.0,1.5,1,0.646,3.917,0.389,3.600,0.664,3.875,1.063,3.648,1.854,3.746
30,focal,20.0,0.75,1,2.753,4.295,2.260,4.333,2.629,4.502,3.957,4.269,3.244,4.417
30,focal,20.0,1.0,1,1.469,3.792,1.323,4.168,1.184,3.674,1.212,3.671,1.863,4.369
30,focal,20.0,1.5,1,0.974,3.601,1.209,3.836,0.312,3.303,1.267,3.556,1.075,4.101
30,focal,40.0,0.75,1,3.517,3.736,2.777,3.393,3.539,3.867,4.625,4.965,5.113,4.721
30,focal,40.0,1.0,1,5.097,5.181,4.333,4.468,4.859,5.255,5.152,4.922,5.437,5.343
30,focal,40.0,1.5,1,4.005,4.429,3.753,4.126,4.153,4.618,4.704,4.444,4.631,4.144
30,focal,80.0,0.75,1,6.574,6.210,6.194,5.968,6.523,6.380,6.872,6.571,7.058,6.248
30,focal,80.0,1.0,1,9.253,8.748,8.465,8.290,8.840,8.484,9.932,9.235,10.026,9.016
30,focal,80.0,1.5,1,8.398,8.033,6.796,6.771,8.388,8.269,9.062,8.545,9.672,8.356
30,focal,160.0,0.75,1,15.208,14.531,13.527,12.754,14.790,14.441,16.576,15.690,17.327,15.164
30,focal,160.0,1.0,1,18.280,17.096,17.061,16.432,17.736,16.800,18.908,18.172,20.099,17.464
30,focal,160.0,1.5,1,16.691,15.288,14.286,13.410,16.575,15.237,18.364,16.868,18.977,16.884
30,focal,320.0,0.75,1,31.555,28.415,27.860,25.177,30.937,28.096,34.372,31.571,35.404,29.968
30,focal,320.0,1.0,1,32.466,29.810,27.864,25.718,32.109,29.731,34.324,31.837,36.681,32.397
30,focal,320.0,1.5,1,37.329,33.956,32.765,30.111,36.740,33.722,40.464,37.467,42.184,36.945
31,focal,10.0,0.75,1,1.140,3.549,1.021,3.714,1.336,3.641,0.561,3.879,0.397,3.840
31,focal,10.0,1.0,1,-0.306,4.265,-1.238,4.571,0.064,3.891,-0.443,3.842,0.191,3.834
31,focal,10.0,1.5,1,1.186,4.090,0.987,4.253,1.103,3.677,0.976,4.528,0.686,3.858
31,focal,20.0,0.75,1,1.931,3.899,1.381,3.683,2.061,4.071,1.654,4.136,0.465,3.992
31,focal,20.0,1.0,1,4.196,4.114,3.306,3.752,4.120,4.083,3.690,3.764,3.885,4.335
31,focal,20.0,1.5,1,0.522,3.848,0.285,4.167,0.602,4.049,1.177,4.076,0.626,3.945
31,focal,40.0,0.75,1,2.940,4.016,1.994,3.997,3.031,4.023,3.570,3.644,2.997,4.785
31,focal,40.0,1.0,1,3.360,4.621,4.026,4.262,3.016,4.595,3.526,4.523,3.460,4.785
31,focal,40.0,1.5,1,5.038,5.150,4.671,4.962,5.047,5.483,4.688,4.919,5.081,5.191
31,focal,80.0,0.75,1,7.233,6.948,6.790,6.932,6.733,6.524,7.756,7.599,8.688,8.668
31,focal,80.0,1.0,1,7.480,7.269,6.497,6.398,7.754,7.629,7.873,7.730,8.701,8.771
31,focal,80.0,1.5,1,8.669,8.155,7.950,7.710,8.461,8.003,9.484,9.128,8.396,8.108
31,focal,160.0,0.75,1,14.374,13.573,13.025,12.358,13.651,12.909,14.463,13.648,15.333,14.344
31,focal,160.0,1.0,1,14.629,14.049,13.379,12.764,14.512,14.241,14.471,13.752,15.529,15.263
31,focal,160.0,1.5,1,15.618,14.417,14.163,13.560,15.161,13.918,16.067,14.917,16.947,16.211
31,focal,320.0,0.75,1,29.572,27.224,26.883,25.365,29.343,26.819,30.569,28.502,31.367,29.431
31,focal,320.0,1.0,1,32.164,30.073,28.657,27.387,31.246,29.340,32.711,30.970,34.218,32.540
31,focal,320.0,1.5,1,32.179,30.497,28.939,27.973,31.357,29.743,32.860,30.954,34.727,33.550
32,focal,10.0,0.75,1,0.908,3.794,1.455,3.517,0.384,4.026,0.617,3.896,1.050,3.736
32,focal,10.0,1.0,1,0.486,3.547,0.201,3.853,0.554,3.419,0.587,3.652,0.162,3.586
32,focal,10.0,1.5,1,-0.333,3.641,-0.612,3.927,-0.351,3.854,0.077,4.040,0.030,4.724
32,focal,20.0,0.75,1,0.838,3.507,0.978,3.597,0.834,3.558,1.228,3.956,1.008,4.073
32,focal,20.0,1.0,1,1.929,4.145,1.949,4.128,2.107,3.795,2.665,4.297,2.444,3.779
32,focal,20.0,1.5,1,0.701,4.097,0.520,5.065,0.742,3.996,1.067,4.239,0.919,4.193
32,focal,40.0,0.75,1,3.106,4.981,2.855,4.156,3.380,4.661,3.949,4.906,4.168,4.194
32,focal,40.0,1.0,1,2.501,4.102,2.142,3.720,2.458,4.226,3.381,4.315,2.944,3.626
32,focal,40.0,1.5,1,5.310,5.418,4.901,5.160,5.348,5.503,5.081,5.169,5.365,4.843
32,focal,80.0,0.75,1,6.996,6.638,6.260,6.023,7.205,7.065,7.941,7.769,7.090,6.690
32,focal,80.0,1.0,1,6.548,6.826,6.086,6.313,6.250,6.396,6.559,6.416,6.769,6.766
32,focal,80.0,1.5,1,8.366,7.589,7.641,7.154,8.345,7.572,8.572,7.786,8.660,6.955
32,focal,160.0,0.75,1,12.682,11.080,12.595,11.108,12.452,10.961,12.808,11.387,12.696,10.852
32,focal,160.0,1.0,1,14.995,13.703,14.206,13.095,14.811,13.729,15.094,14.026,14.519,12.492
32,focal,160.0,1.5,1,14.256,12.214,13.399,11.601,14.310,12.624,15.154,13.613,15.276,12.962
32,focal,320.0,0.75,1,24.807,22.324,24.109,21.790,24.315,21.956,25.699,23.650,25.808,21.974
32,focal,320.0,1.0,1,28.147,25.228,26.282,23.796,27.590,25.605,28.638,26.862,28.312,24.501
32,focal,320.0,1.5,1,29.067,25.931,27.525,24.818,28.823,26.480,30.469,28.298,30.155,25.739
33,focal,10.0,0.75,1,0.409,4.152,0.773,4.039,0.570,4.116,0.882,4.480,0.769,4.161
33,focal,10.0,1.0,1,0.259,4.060,-0.079,3.766,0.077,4.009,0.409,3.857,1.748,4.664
33,focal,10.0,1.5,1,2.707,3.596,1.935,3.805,2.684,3.815,2.576,3.646,1.589,4.184
33,focal,20.0,0.75,1,0.151,3.952,-0.388,3.592,0.443,3.916,1.276,4.165,0.769,3.767
33,focal,20.0,1.0,1,1.752,4.262,0.963,3.556,1.616,4.333,2.875,4.065,2.560,3.739
33,focal,20.0,1.5,1,1.888,4.577,0.942,4.580,2.037,4.146,1.248,4.136,1.450,3.916
33,focal,40.0,0.75,1,2.601,3.937,2.007,3.744,2.406,3.953,2.024,3.623,3.742,3.871
33,focal,40.0,1.0,1,3.477,4.335,3.143,4.403,3.236,3.975,2.941,3.918,4.517,4.936
33,focal,40.0,1.5,1,3.379,4.741,2.548,3.885,3.407,4.694,3.567,4.450,4.762,5.468
33,focal,80.0,0.75,1,6.559,6.334,4.716,5.007,6.363,6.005,7.101,5.910,7.262,6.604
33,focal,80.0,1.0,1,7.600,6.910,6.080,5.661,7.451,6.841,8.170,7.443,9.930,8.769
33,focal,80.0,1.5,1,9.253,8.281,7.938,7.681,8.732,8.099,9.925,8.627,10.875,9.981
33,focal,160.0,0.75,1,10.021,9.570,8.416,8.064,10.016,9.604,12.339,10.682,13.549,12.360
33,focal,160.0,1.0,1,13.480,12.109,11.753,10.517,13.047,11.615,14.863,12.724,16.453,14.946
33,focal,160.0,1.5,1,14.716,13.291,11.827,11.234,14.468,13.052,18.452,16.015,19.318,17.080
33,focal,320.0,0.75,1,24.369,22.620,19.691,18.475,23.823,21.982,26.275,23.396,30.064,26.709
33,focal,320.0,1.0,1,26.367,23.713,22.214,20.196,25.775,23.012,28.209,23.580,32.353,28.200
33,focal,320.0,1.5,1,27.875,25.079,23.488,22.052,27.056,24.421,30.411,25.983,34.547,30.984
34,focal,10.0,0.75,1,0.198,4.925,0.436,3.952,-0.212,4.658,0.140,4.527,0.081,4.444
34,focal,10.0,1.0,1,0.001,4.212,-0.084,4.208,-0.136,4.095,0.047,5.075,-0.226,4.407
34,focal,10.0,1.5,1,0.920,4.056,0.397,4.199,0.870,3.562,0.453,3.790,0.234,4.207
34,focal,20.0,0.75,1,3.049,3.770,3.324,4.056,2.727,3.881,3.316,3.777,3.761,4.562
34,focal,20.0,1.0,1,3.192,3.846,3.022,3.675,3.336,4.211,3.352,4.270,3.259,3.750
34,focal,20.0,1.5,1,2.377,3.650,2.855,4.094,2.227,3.430,2.470,4.261,3.155,3.770
34,focal,40.0,0.75,1,4.849,4.709,3.838,3.588,4.363,4.580,4.620,4.901,5.253,4.598
34,focal,40.0,1.0,1,4.864,4.578,3.844,4.352,4.581,4.913,4.720,4.649,5.198,4.647
34,focal,40.0,1.5,1,5.756,5.700,4.707,4.565,5.708,5.977,5.678,5.622,5.864,5.329
34,focal,80.0,0.75,1,10.637,8.851,9.824,8.115,10.558,8.920,10.324,8.824,9.625,7.891
34,focal,80.0,1.0,1,9.973,8.494,9.074,8.101,9.431,8.678,9.541,9.040,10.362,8.287
34,focal,80.0,1.5,1,11.351,9.806,10.391,8.596,11.076,9.850,11.932,10.928,11.866,10.052
34,focal,160.0,0.75,1,18.284,14.810,16.891,14.293,17.520,15.680,18.580,16.812,19.086,14.485
34,focal,160.0,1.0,1,19.243,16.175,17.998,15.339,18.755,16.586,19.647,17.686,19.059,14.567
34,focal,160.0,1.5,1,22.772,19.693,21.030,18.207,21.998,20.516,22.488,20.883,23.484,19.617
34,focal,320.0,0.75,1,37.194,30.023,34.755,28.271,35.767,31.350,37.103,33.845,38.834,30.547
34,focal,320.0,1.0,1,41.334,33.871,38.174,31.509,39.790,35.864,41.427,38.014,42.210,32.431
34,focal,320.0,1.5,1,43.558,36.418,40.116,33.257,42.668,38.708,43.304,39.582,45.370,35.457
35,focal,10.0,0.75,1,2.600,4.068,2.775,3.863,2.708,4.475,2.700,4.353,2.621,4.616
35,focal,10.0,1.0,1,0.820,3.830,0.420,4.246,1.015,3.527,0.877,3.565,0.949,3.628
35,focal,10.0,1.5,1,-0.300,3.763,-0.115,4.180,-0.572,3.527,-0.795,4.228,-0.355,3.673
35,focal,20.0,0.75,1,0.703,3.919,0.935,3.667,0.802,3.792,1.183,3.680,1.037,4.265
35,focal,20.0,1.0,1,3.223,4.122,3.479,4.511,3.066,4.201,3.522,4.975,3.323,4.334
35,focal,20.0,1.5,1,1.236,3.750,0.782,3.977,1.222,4.004,0.964,3.756,1.544,3.740
35,focal,40.0,0.75,1,1.541,4.038,1.647,3.423,1.444,4.515,1.524,3.746,2.430,5.035
35,focal,40.0,1.0,1,2.484,3.717,2.954,3.870,2.688,3.992,2.451,3.628,2.432,3.558
35,focal,40.0,1.5,1,5.249,5.127,5.024,4.848,5.106,5.133,4.938,4.355,4.478,4.424
35,focal,80.0,0.75,1,6.517,5.488,6.265,5.321,6.206,5.282,6.403,5.309,6.583,5.381
35,focal,80.0,1.0,1,6.303,5.482,6.274,5.549,6.729,5.682,7.196,5.451,7.016,5.762
35,focal,80.0,1.5,1,7.631,5.988,6.942,5.725,7.719,6.784,8.188,7.098,7.808,6.338
35,focal,160.0,0.75,1,10.704,9.155,10.138,8.497,10.817,9.223,11.282,9.263,11.831,9.007
35,focal,160.0,1.0,1,13.112,10.869,12.489,10.874,12.852,10.820,13.177,10.753,13.054,9.843
35,focal,160.0,1.5,1,12.715,11.244,11.933,10.925,12.534,11.062,13.066,11.325,13.224,11.633
35,focal,320.0,0.75,1,25.019,19.753,24.083,20.069,24.564,19.942,25.664,20.282,25.340,19.340
35,focal,320.0,1.0,1,25.198,19.812,23.560,19.439,24.848,20.224,25.118,20.356,24.987,18.658
35,focal,320.0,1.5,1,25.745,21.139,24.965,21.985,25.170,20.515,25.629,20.594,26.373,21.025
36,focal,10.0,0.75,2,0.235,3.561,-0.400,4.550,-0.013,3.852,-0.324,3.701,0.441,3.953
36,focal,10.0,1.0,2,-0.416,4.330,0.002,3.576,-0.585,4.607,-0.481,3.937,-0.567,3.941
36,focal,10.0,1.5,2,-1.594,4.116,-1.468,4.843,-1.272,4.257,-0.891,4.236,-1.780,4.285
36,focal,20.0,0.75,2,-0.207,3.826,-0.111,3.911,-0.167,3.723,-0.801,3.887,-1.137,3.879
36,focal,20.0,1.0,2,1.617,4.186,0.667,4.765,1.622,4.056,1.810,3.988,1.185,4.089
36,focal,20.0,1.5,2,-0.251,4.140,-0.177,4.780,-0.327,3.914,-0.293,3.479,-0.450,3.831
36,focal,40.0,0.75,2,-0.537,4.225,-0.012,4.340,-0.214,4.226,-0.102,4.360,0.389,4.257
36,focal,40.0,1.0,2,-0.149,4.146,0.422,3.979,-0.299,3.896,0.093,3.595,0.514,3.508
36,focal,40.0,1.5,2,-1.616,3.551,-2.229,3.591,-1.902,4.318,-2.675,3.932,-1.858,4.397
36,focal,80.0,0.75,2,1.334,4.380,1.480,4.023,1.560,4.185,1.681,3.912,1.298,3.914
36,focal,80.0,1.0,2,0.529,3.971,0.704,4.095,0.432,3.802,0.857,3.599,0.834,3.944
36,focal,80.0,1.5,2,1.389,3.921,1.482,4.095,1.110,3.826,1.237,4.320,2.058,4.028
36,focal,160.0,0.75,2,3.028,3.843,2.623,3.951,2.522,4.225,2.929,4.188,2.768,4.565
36,focal,160.0,1.0,2,1.937,3.938,1.656,4.739,1.783,3.723,2.717,4.172,1.771,3.867
36,focal,160.0,1.5,2,0.464,4.193,1.023,4.042,0.641,4.061,0.959,4.150,0.394,4.290
36,focal,320.0,0.75,2,6.300,5.477,6.236,5.626,6.197,5.265,5.444,5.494,6.311,5.797
36,focal,320.0,1.0,2,4.682,4.669,4.373,4.304,4.603,4.741,4.747,4.574,4.801,4.536
36,focal,320.0,1.5,2,5.111,4.357,4.227,4.437,5.220,4.374,5.936,5.031,5.441,4.738
37,focal,10.0,0.75,2,-0.827,3.853,-0.371,3.623,-0.975,4.109,-0.242,3.539,-0.324,3.562
37,focal,10.0,1.0,2,-0.372,3.975,0.264,4.018,-0.862,3.612,-0.111,3.947,-0.083,3.578
37,focal,10.0,1.5,2,0.919,4.494,0.543,3.641,0.748,4.579,-0.191,4.213,0.045,3.782
37,focal,20.0,0.75,2,0.287,4.233,-0.248,4.228,0.539,4.470,-0.213,3.788,-0.525,4.479
37,focal,20.0,1.0,2,1.325,3.779,1.768,3.577,1.175,3.974,1.058,3.695,1.319,3.829
37,focal,20.0,1.5,2,2.292,3.809,1.721,3.898,2.117,3.867,2.178,4.119,1.040,4.431
37,focal,40.0,0.75,2,-0.510,3.943,-0.286,3.635,0.002,4.248,1.292,4.055,0.882,4.357
37,focal,40.0,1.0,2,1.637,4.163,1.819,4.300,1.362,3.945,1.179,4.400,2.064,4.225
37,focal,40.0,1.5,2,1.576,4.368,1.194,3.663,1.510,4.420,1.782,4.101,1.621,4.264
37,focal,80.0,0.75,2,1.296,4.049,0.738,4.053,1.484,3.887,1.342,4.139,1.533,4.162
37,focal,80.0,1.0,2,1.131,3.966,1.803,3.783,0.683,3.380,2.403,3.736,2.308,3.619
37,focal,80.0,1.5,2,3.449,4.078,3.457,4.069,3.454,4.129,3.094,4.295,3.360,4.574
37,focal,160.0,0.75,2,2.049,3.828,1.663,3.820,1.910,3.739,2.540,4.395,2.512,3.813
37,focal,160.0,1.0,2,4.575,5.230,4.254,4.742,4.771,5.390,4.407,5.171,4.786,5.224
37,focal,160.0,1.5,2,3.711,3.869,3.199,3.847,3.658,4.021,4.248,4.248,4.520,3.958
37,focal,320.0,0.75,2,5.288,5.683,4.693,5.451,5.574,5.761,5.702,5.022,6.610,5.291
37,focal,320.0,1.0,2,5.776,6.186,5.108,5.275,5.887,6.401,5.655,5.818,6.614,5.804
37,focal,320.0,1.5,2,8.379,7.705,7.650,7.599,8.238,7.748,8.549,8.087,9.405,8.682
38,focal,10.0,0.75,2,-0.563,4.665,-0.333,4.103,-0.633,4.817,-0.380,4.342,-0.231,4.075
38,focal,10.0,1.0,2,0.021,3.923,-0.926,3.773,0.241,3.839,0.976,3.671,0.456,4.284
38,focal,10.0,1.5,2,0.930,3.732,1.187,3.937,0.806,3.947,0.596,3.660,0.956,4.016
38,focal,20.0,0.75,2,-0.205,4.143,-0.014,3.847,0.124,4.575,0.258,4.072,0.819,4.352
38,focal,20.0,1.0,2,0.011,4.081,-0.508,3.777,0.247,3.581,-0.276,3.795,0.233,4.097
38,focal,20.0,1.5,2,-0.353,3.964,-0.290,4.234,-0.514,4.015,0.062,3.598,0.201,3.779
38,focal,40.0,0.75,2,2.174,4.717,2.389,3.773,1.919,4.624,1.147,4.234,1.950,4.298
38,focal,40.0,1.0,2,0.865,4.206,1.106,4.020,1.050,3.887,0.689,3.715,0.175,3.899
38,focal,40.0,1.5,2,0.283,4.007,0.140,3.956,0.333,3.939,0.763,4.500,-0.100,4.461
38,focal,80.0,0.75,2,-0.183,3.522,-0.435,3.505,0.255,3.431,0.417,3.841,-0.080,3.629
38,focal,80.0,1.0,2,5.214,4.724,4.096,4.823,5.314,4.794,5.087,5.067,5.197,4.652
38,focal,80.0,1.5,2,3.496,3.891,3.142,4.473,3.449,3.977,3.184,4.326,3.741,3.988
38,focal,160.0,0.75,2,4.669,5.038,4.200,4.956,5.006,5.104,4.617,5.192,4.975,4.309
38,focal,160.0,1.0,2,5.602,5.108,4.354,4.105,5.580,5.401,4.668,5.223,6.359,6.218
38,focal,160.0,1.5,2,6.278,5.858,5.024,4.948,6.162,5.742,4.733,5.036,6.381,6.116
38,focal,320.0,0.75,2,9.480,9.131,7.509,7.525,9.532,9.079,9.268,9.127,10.302,10.101
38,focal,320.0,1.0,2,11.529,10.970,8.902,8.491,11.580,11.053,10.663,9.754,11.793,10.998
38,focal,320.0,1.5,2,9.721,9.031,7.848,7.669,9.749,9.007,9.165,8.835,10.701,10.023
39,focal,10.0,0.75,2,0.267,3.694,0.766,3.554,0.180,4.166,0.835,4.020,0.557,3.959
39,focal,10.0,1.0,2,-1.094,4.087,-0.955,3.988,-0.942,4.206,-1.004,4.618,-2.146,4.861
39,focal,10.0,1.5,2,0.790,3.765,0.502,4.661,0.843,3.713,0.403,4.525,-0.787,4.283
39,focal,20.0,0.75,2,1.268,4.497,2.147,4.816,1.257,4.340,1.493,4.153,1.120,4.606
39,focal,20.0,1.0,2,1.680,3.581,2.418,3.916,1.520,3.640,1.796,3.494,1.269,4.023
39,focal,20.0,1.5,2,0.963,4.262,0.920,3.906,1.127,4.438,1.241,3.765,0.737,4.481
39,focal,40.0,0.75,2,0.357,3.651,-0.228,3.742,0.685,4.041,1.408,4.571,0.170,3.789
39,focal,40.0,1.0,2,1.953,4.438,0.886,4.549,2.161,4.129,2.305,4.627,1.234,4.060
39,focal,40.0,1.5,2,0.336,3.504,0.759,3.674,0.176,3.515,0.089,3.855,-0.264,4.292
39,focal,80.0,0.75,2,1.413,4.005,2.128,3.895,1.215,4.033,1.826,3.772,1.346,3.919
39,focal,80.0,1.0,2,1.470,3.686,0.986,3.215,1.464,3.986,1.220,3.778,1.148,4.277
39,focal,80.0,1.5,2,2.691,4.647,2.137,3.646,2.679,4.793,2.319,4.529,1.634,4.574
39,focal,160.0,0.75,2,4.248,4.191,4.164,4.127,3.999,4.060,3.923,4.251,3.521,4.144
39,focal,160.0,1.0,2,3.851,4.643,3.951,4.304,3.872,5.187,4.151,5.191,4.587,4.592
39,focal,160.0,1.5,2,4.604,4.430,4.559,4.207,4.519,4.467,5.052,4.688,5.062,4.969
39,focal,320.0,0.75,2,6.412,5.671,6.217,5.531,6.188,5.527,6.398,5.963,7.368,6.761
39,focal,320.0,1.0,2,7.707,6.957,6.785,5.921,7.455,6.874,8.332,7.797,8.660,7.764
39,focal,320.0,1.5,2,7.647,7.583,6.618,6.832,7.495,7.603,8.886,8.677,9.411,9.076
40,focal,10.0,0.75,2,0.172,3.512,0.483,3.456,-0.022,3.799,0.990,3.857,0.299,3.736
40,focal,10.0,1.0,2,0.485,3.784,0.245,4.037,0.503,3.768,0.192,3.967,0.698,4.511
40,focal,10.0,1.5,2,1.639,3.587,1.599,3.324,1.745,3.863,1.831,4.127,0.867,3.950
40,focal,20.0,0.75,2,3.582,4.096,3.177,4.141,3.530,4.107,3.761,3.556,3.750,3.624
40,focal,20.0,1.0,2,3.029,4.452,1.910,4.465,2.963,4.486,2.544,4.779,1.621,4.272
40,focal,20.0,1.5,2,2.823,3.718,2.790,3.812,2.441,3.624,2.409,3.506,1.749,4.299
40,focal,40.0,0.75,2,2.478,3.764,2.064,3.512,2.551,3.783,3.031,3.921,3.500,3.759
40,focal,40.0,1.0,2,3.635,4.664,3.306,4.696,3.319,4.552,3.623,4.595,3.742,4.516
40,focal,40.0,1.5,2,3.423,4.114,3.250,5.112,2.875,3.824,3.247,4.115,3.862,4.051
40,focal,80.0,0.75,2,5.622,5.302,5.609,5.520,5.472,5.188,6.570,6.298,5.957,5.994
40,focal,80.0,1.0,2,6.027,5.832,5.838,5.616,6.004,6.260,6.226,5.738,6.705,5.626
40,focal,80.0,1.5,2,4.670,4.642,2.957,3.888,4.682,4.933,4.498,4.206,5.418,5.137
40,focal,160.0,0.75,2,10.123,9.497,8.983,8.824,9.908,9.451,10.080,9.626,11.134,10.219
40,focal,160.0,1.0,2,9.513,8.434,8.208,7.294,9.380,8.583,10.665,9.553,11.667,10.283
40,focal,160.0,1.5,2,11.628,11.229,10.677,10.798,11.276,10.984,10.679,10.004,13.008,12.318
40,focal,320.0,0.75,2,19.478,18.231,16.256,14.955,18.956,17.777,19.963,17.886,21.834,20.111
40,focal,320.0,1.0,2,21.626,19.846,17.708,16.600,21.261,19.657,21.768,18.462,23.437,20.916
40,focal,320.0,1.5,2,22.491,20.202,19.103,17.535,22.074,20.066,23.364,19.766,25.990,22.684
41,focal,10.0,0.75,2,0.336,3.485,0.462,3.769,0.626,3.860,0.908,4.077,0.485,3.977
41,focal,10.0,1.0,2,-0.163,3.962,0.044,3.692,0.008,4.119,0.134,3.758,0.327,3.715
41,focal,10.0,1.5,2,0.042,3.895,-0.464,3.972,0.199,3.734,-0.223,4.002,0.246,3.870
41,focal,20.0,0.75,2,-0.655,3.894,-0.649,3.916,-0.703,3.972,0.111,4.152,-0.052,3.838
41,focal,20.0,1.0,2,0.686,3.948,1.021,3.609,0.609,3.637,1.267,3.956,0.686,3.835
41,focal,20.0,1.5,2,-1.078,4.887,-1.100,4.569,-1.190,4.006,-1.152,4.135,-1.168,4.216
41,focal,40.0,0.75,2,-0.527,3.750,-0.110,4.089,-0.510,3.811,-0.121,3.817,-0.135,4.429
41,focal,40.0,1.0,2,-0.494,4.796,0.241,4.737,-0.495,4.754,-0.166,4.530,0.210,5.154
41,focal,40.0,1.5,2,-0.153,4.693,0.022,4.428,-0.523,4.959,-0.431,4.251,-0.326,4.319
41,focal,80.0,0.75,2,2.666,4.257,1.960,4.055,2.847,4.508,2.573,4.302,2.827,3.765
41,focal,80.0,1.0,2,1.345,4.173,1.782,4.182,1.267,4.550,1.712,4.125,1.025,4.217
41,focal,80.0,1.5,2,-0.024,3.860,0.478,3.956,-0.061,3.743,0.178,4.311,0.304,4.468
41,focal,160.0,0.75,2,5.245,4.477,4.902,5.034,5.345,4.657,5.256,4.544,6.240,5.161
41,focal,160.0,1.0,2,3.488,3.942,3.987,4.128,3.385,3.897,3.886,4.141,3.961,4.629
41,focal,160.0,1.5,2,3.917,4.237,3.717,4.046,3.895,4.340,3.602,3.921,3.617,3.900
41,focal,320.0,0.75,2,4.832,4.432,5.082,4.862,4.750,4.224,4.927,3.897,5.401,5.000
41,focal,320.0,1.0,2,6.307,5.005,6.189,4.703,6.436,5.185,6.739,5.220,6.771,4.870
41,focal,320.0,1.5,2,5.304,4.747,5.070,4.845,5.228,4.730,5.473,4.437,5.471,4.627
42,focal,10.0,0.75,2,1.187,3.710,0.629,3.851,1.327,3.674,1.106,4.197,0.230,4.002
42,focal,10.0,1.0,2,0.712,4.137,0.685,4.466,0.814,4.019,-0.194,4.569,0.871,4.269
42,focal,10.0,1.5,2,0.285,4.075,-0.048,4.031,0.486,3.988,-0.194,3.784,0.171,4.627
42,focal,20.0,0.75,2,1.255,3.914,1.375,4.261,1.232,3.752,1.355,3.904,1.445,4.510
42,focal,20.0,1.0,2,-0.373,3.764,0.016,4.408,-0.451,4.083,-0.325,3.847,-0.561,3.618
42,focal,20.0,1.5,2,2.110,3.935,1.568,4.166,2.022,4.104,2.284,3.986,2.484,4.326
42,focal,40.0,0.75,2,0.874,4.200,0.220,4.019,0.678,4.424,0.832,3.937,1.642,4.122
42,focal,40.0,1.0,2,2.645,3.599,3.107,3.783,2.493,3.997,2.838,4.314,3.355,4.160
42,focal,40.0,1.5,2,0.947,3.996,0.168,3.663,0.770,3.917,0.724,3.744,1.526,4.130
42,focal,80.0,0.75,2,2.223,3.764,1.658,3.806,2.160,3.849,2.863,4.324,2.777,4.361
42,focal,80.0,1.0,2,3.645,4.750,3.200,4.532,3.471,4.866,3.761,4.399,4.234,4.709
42,focal,80.0,1.5,2,3.934,4.169,4.306,4.114,3.909,3.788,4.240,3.845,4.240,3.972
42,focal,160.0,0.75,2,6.520,6.657,5.975,6.401,6.515,6.671,6.867,6.918,6.808,7.032
42,focal,160.0,1.0,2,5.967,5.871,4.899,4.947,5.656,5.676,5.303,5.348,5.772,5.130
42,focal,160.0,1.5,2,4.644,5.007,4.029,4.299,4.554,4.973,4.475,5.015,5.364,5.260
42,focal,320.0,0.75,2,9.797,8.336,8.695,8.461,9.514,8.179,9.832,9.123,10.464,9.157
42,focal,320.0,1.0,2,9.734,8.828,8.507,8.023,9.827,8.905,9.762,9.302,10.719,9.534
42,focal,320.0,1.5,2,12.530,12.089,11.559,11.288,12.272,11.728,13.292,12.623,14.148,13.632
43,focal,10.0,0.75,2,0.540,3.981,0.534,4.244,-0.035,4.067,0.131,4.059,0.472,3.984
43,focal,10.0,1.0,2,2.100,3.895,1.785,4.644,2.373,4.018,2.542,4.076,1.923,3.957
43,focal,10.0,1.5,2,0.848,4.030,1.351,3.971,0.965,4.085,0.945,3.921,0.837,4.097
43,focal,20.0,0.75,2,2.001,4.188,1.555,3.682,2.034,4.453,2.015,3.867,2.170,3.768
43,focal,20.0,1.0,2,0.389,4.063,0.030,4.484,0.429,3.958,0.851,3.970,0.585,3.825
43,focal,20.0,1.5,2,0.717,4.057,0.441,4.175,0.653,3.674,1.116,4.164,1.009,4.686
43,focal,40.0,0.75,2,3.003,4.159,2.827,3.928,2.948,4.184,2.850,3.920,2.483,4.068
43,focal,40.0,1.0,2,-1.003,4.628,-0.988,4.614,-0.951,4.337,-0.134,4.697,-0.025,4.494
43,focal,40.0,1.5,2,4.432,4.754,4.098,4.652,4.374,4.660,4.390,4.535,4.445,4.355
43,focal,80.0,0.75,2,6.126,5.597,5.113,4.874,6.082,5.541,5.961,5.631,6.571,6.360
43,focal,80.0,1.0,2,6.461,6.037,5.332,5.116,6.448,5.879,6.240,5.859,6.532,5.983
43,focal,80.0,1.5,2,6.062,5.869,5.659,5.387,6.033,5.837,5.750,5.431,6.313,5.937
43,focal,160.0,0.75,2,8.680,8.462,8.466,8.129,8.385,8.144,9.060,8.962,10.542,10.280
43,focal,160.0,1.0,2,8.339,7.856,8.167,7.540,8.118,7.574,8.376,7.785,8.596,7.977
43,focal,160.0,1.5,2,8.015,8.091,7.465,7.581,7.906,7.870,8.108,8.198,8.491,8.508
43,focal,320.0,0.75,2,16.831,16.299,16.203,15.691,16.537,16.004,17.665,17.198,18.391,17.811
43,focal,320.0,1.0,2,18.840,18.261,17.444,16.790,18.770,18.108,19.514,19.027,21.009,20.440
43,focal,320.0,1.5,2,20.494,19.327,19.182,17.754,20.817,19.541,21.721,20.599,23.119,21.956
44,focal,10.0,0.75,2,0.251,4.564,0.575,3.906,0.182,4.284,0.427,4.222,1.268,3.922
44,focal,10.0,1.0,2,1.177,4.018,1.518,4.417,0.996,3.801,1.675,4.387,2.245,3.809
44,focal,10.0,1.5,2,0.524,3.885,1.411,3.508,0.359,3.814,0.177,4.429,0.599,3.646
44,focal,20.0,0.75,2,-0.173,3.897,-0.310,3.936,-0.177,3.818,-0.236,3.924,-0.359,3.483
44,focal,20.0,1.0,2,1.454,3.516,1.763,4.306,1.327,3.380,2.375,4.073,2.288,3.969
44,focal,20.0,1.5,2,0.954,3.691,1.057,3.449,0.958,3.563,0.647,3.683,0.999,3.912
44,focal,40.0,0.75,2,1.202,4.390,0.954,4.630,1.362,4.186,2.166,4.112,1.986,4.698
44,focal,40.0,1.0,2,2.877,3.758,2.958,3.990,2.599,4.040,1.985,3.315,2.085,4.207
44,focal,40.0,1.5,2,2.296,5.133,1.624,4.532,2.077,4.771,2.966,5.569,2.348,4.536
44,focal,80.0,0.75,2,2.420,4.245,2.008,4.967,2.349,4.086,3.553,4.093,5.122,5.259
44,focal,80.0,1.0,2,5.533,5.076,5.828,4.993,5.291,5.184,5.912,5.228,5.747,5.481
44,focal,80.0,1.5,2,3.202,4.244,1.992,4.366,3.198,4.443,3.254,4.090,5.183,4.617
44,focal,160.0,0.75,2,9.121,8.304,7.278,6.103,9.354,8.586,9.865,8.785,10.600,9.424
44,focal,160.0,1.0,2,6.617,5.978,6.435,5.976,6.580,5.851,8.219,7.424,8.465,7.738
44,focal,160.0,1.5,2,9.061,8.483,8.287,7.411,8.921,8.630,10.321,9.679,10.188,9.579
44,focal,320.0,0.75,2,14.198,12.759,12.434,10.824,13.720,12.417,17.655,15.540,18.507,16.291
44,focal,320.0,1.0,2,15.054,13.946,13.534,12.310,14.885,13.922,18.243,16.398,19.121,17.326
44,focal,320.0,1.5,2,18.292,16.379,15.586,14.048,17.621,15.824,20.721,18.612,21.687,19.227
45,focal,10.0,0.75,2,0.588,3.701,0.611,3.893,0.606,3.597,0.575,3.819,0.449,3.848
45,focal,10.0,1.0,2,1.909,4.496,1.912,4.359,1.747,4.132,1.497,4.031,1.332,4.474
45,focal,10.0,1.5,2,-0.013,3.553,0.398,3.490,-0.104,3.685,0.636,3.908,-0.116,4.055
45,focal,20.0,0.75,2,1.412,4.333,1.360,4.135,1.364,4.286,1.026,3.895,1.790,4.341
45,focal,20.0,1.0,2,2.241,3.919,1.694,4.501,1.906,3.976,1.716,4.035,1.964,3.905
45,focal,20.0,1.5,2,0.576,4.179,0.814,3.403,0.460,3.888,0.057,3.871,0.290,3.719
45,focal,40.0,0.75,2,2.922,3.603,2.709,3.672,2.572,3.556,2.661,3.510,2.593,3.724
45,focal,40.0,1.0,2,2.103,4.071,1.853,4.156,2.343,4.110,2.801,4.774,2.392,3.982
45,focal,40.0,1.5,2,2.037,4.645,2.027,4.517,1.987,4.945,1.546,4.439,1.831,4.377
45,focal,80.0,0.75,2,4.480,4.654,4.405,4.330,4.501,5.208,4.440,4.484,4.999,4.510
45,focal,80.0,1.0,2,3.868,4.597,3.804,4.709,4.130,4.756,4.705,4.990,4.818,5.252
45,focal,80.0,1.5,2,4.500,4.741,3.568,5.252,4.759,4.960,3.934,4.552,4.102,5.689
45,focal,160.0,0.75,2,7.433,7.254,7.314,7.132,6.894,6.888,6.846,6.670,7.807,7.220
45,focal,160.0,1.0,2,9.599,9.538,8.264,8.201,9.163,9.249,8.775,8.605,9.763,9.704
45,focal,160.0,1.5,2,8.222,7.797,7.441,7.181,7.826,7.563,7.798,7.177,8.774,8.052
45,focal,320.0,0.75,2,17.072,15.779,16.581,15.745,16.482,15.248,17.038,15.833,18.848,16.992
45,focal,320.0,1.0,2,17.752,16.672,16.577,16.269,17.642,16.799,18.302,17.044,18.856,18.012
45,focal,320.0,1.5,2,16.602,15.862,15.754,15.705,15.760,15.194,15.907,15.439,18.429,17.462
46,focal,10.0,0.75,2,-1.271,4.102,-0.293,4.260,-1.214,3.860,0.734,4.383,-0.759,4.174
46,focal,10.0,1.0,2,1.296,4.129,0.868,4.088,1.191,4.036,1.932,3.980,0.873,3.858
46,focal,10.0,1.5,2,-0.929,4.248,-1.201,3.465,-0.882,4.133,-0.254,4.498,0.272,3.793
46,focal,20.0,0.75,2,1.901,3.826,1.792,3.848,2.025,4.140,2.808,3.876,2.559,4.104
46,focal,20.0,1.0,2,-0.226,3.857,-0.154,3.738,-0.172,4.071,-1.109,4.157,-0.425,3.766
46,focal,20.0,1.5,2,1.201,4.251,0.372,4.200,1.102,4.201,0.892,4.446,0.490,3.895
46,focal,40.0,0.75,2,0.298,3.954,-0.780,4.282,0.610,4.092,1.609,4.148,0.253,4.406
46,focal,40.0,1.0,2,0.915,3.387,0.266,4.262,1.420,3.512,1.341,3.714,1.742,4.511
46,focal,40.0,1.5,2,2.598,3.851,2.629,4.855,2.151,3.928,2.645,4.060,3.560,4.386
46,focal,80.0,0.75,2,3.349,4.446,2.190,3.889,3.586,4.279,4.758,4.828,3.526,3.848
46,focal,80.0,1.0,2,1.939,3.712,1.854,4.007,1.779,3.854,1.735,3.824,2.118,3.748
46,focal,80.0,1.5,2,4.623,4.363,3.905,3.722,4.637,4.322,5.391,4.883,5.928,5.862
46,focal,160.0,0.75,2,6.237,5.688,5.143,4.855,6.002,5.722,6.951,5.404,7.306,5.843
46,focal,160.0,1.0,2,5.177,5.992,3.521,4.208,5.236,5.955,6.648,5.361,7.017,5.981
46,focal,160.0,1.5,2,5.405,5.122,4.814,5.032,5.274,5.084,6.088,5.627,6.460,6.070
46,focal,320.0,0.75,2,11.776,10.436,10.782,9.842,11.187,9.612,12.067,9.739,13.115,9.920
46,focal,320.0,1.0,2,12.009,10.343,10.141,8.880,11.977,10.280,13.017,10.775,13.982,11.370
46,focal,320.0,1.5,2,13.584,12.365,11.991,11.202,13.612,12.271,14.829,13.508,15.116,13.381
47,focal,10.0,0.75,2,-0.129,3.867,0.390,3.362,-0.191,3.941,1.183,3.461,0.946,3.635
47,focal,10.0,1.0,2,0.140,3.586,0.335,3.653,0.103,3.762,0.968,3.546,0.813,3.938
47,focal,10.0,1.5,2,-0.653,3.843,-0.300,3.680,-0.733,3.634,-0.298,3.676,1.143,3.882
47,focal,20.0,0.75,2,1.758,3.705,0.738,4.350,1.475,3.603,0.571,4.006,2.195,3.862
47,focal,20.0,1.0,2,2.071,4.018,1.472,3.563,2.519,3.916,2.996,4.013,1.360,3.947
47,focal,20.0,1.5,2,0.223,3.751,-0.078,3.907,0.129,4.126,1.044,3.821,0.109,4.117
47,focal,40.0,0.75,2,3.056,3.871,3.262,4.326,3.036,3.880,2.378,4.229,2.328,4.371
47,focal,40.0,1.0,2,0.753,4.335,0.585,4.991,0.798,4.585,1.402,3.404,2.209,4.540
47,focal,40.0,1.5,2,2.637,4.130,1.473,4.056,2.693,4.656,2.006,4.091,2.184,4.182
47,focal,80.0,0.75,2,3.359,4.340,3.204,4.163,3.159,4.577,3.544,5.075,3.128,4.353
47,focal,80.0,1.0,2,3.434,4.811,3.285,4.800,3.031,4.320,4.966,5.285,6.493,5.789
47,focal,80.0,1.5,2,2.109,4.673,2.111,3.780,1.921,5.344,2.885,4.126,3.790,4.092
47,focal,160.0,0.75,2,7.221,6.640,6.180,5.582,7.128,7.017,7.883,7.469,7.578,7.464
47,focal,160.0,1.0,2,9.144,8.119,7.809,7.119,9.102,8.456,9.944,8.472,9.788,8.259
47,focal,160.0,1.5,2,11.116,9.279,9.537,8.721,10.854,9.138,11.492,9.944,11.601,10.097
47,focal,320.0,0.75,2,16.567,13.264,13.983,11.995,16.104,13.353,18.363,15.402,19.247,15.007
47,focal,320.0,1.0,2,17.350,14.124,14.442,11.889,16.830,14.183,20.139,16.619,20.689,16.606
47,focal,320.0,1.5,2,16.867,14.493,14.352,12.913,16.532,14.423,19.143,16.069,20.389,16.534
48,focal,10.0,0.75,2,1.269,4.060,1.225,3.766,1.263,4.016,2.093,4.387,1.712,4.108
48,focal,10.0,1.0,2,0.539,3.910,0.501,3.883,0.583,3.825,0.748,3.696,0.944,3.760
48,focal,10.0,1.5,2,0.568,4.065,0.333,3.509,0.624,3.715,0.953,3.915,1.170,3.910
48,focal,20.0,0.75,2,1.721,3.542,2.440,3.948,1.635,3.613,2.790,4.579,2.683,4.280
48,focal,20.0,1.0,2,0.766,4.432,-0.001,3.860,0.865,4.092,0.708,3.769,0.855,3.695
48,focal,20.0,1.5,2,-0.835,3.619,-1.216,3.527,-0.858,3.409,-0.914,3.680,-0.507,3.751
48,focal,40.0,0.75,2,1.667,4.084,1.607,4.451,1.673,4.147,1.863,3.972,2.555,4.015
48,focal,40.0,1.0,2,2.270,3.686,1.805,3.697,2.179,3.895,2.010,4.114,1.906,4.217
48,focal,40.0,1.5,2,2.972,3.953,2.319,3.789,2.970,4.201,3.073,3.736,3.276,3.685
48,focal,80.0,0.75,2,4.239,4.438,2.727,3.728,4.227,4.737,4.674,4.599,4.343,4.064
48,focal,80.0,1.0,2,3.762,4.168,3.465,4.208,3.640,4.464,3.527,4.682,3.277,4.628
48,focal,80.0,1.5,2,4.249,4.543,4.458,4.390,4.175,4.702,4.144,4.219,4.393,4.468
48,focal,160.0,0.75,2,8.205,7.752,7.915,7.403,8.284,7.781,8.906,8.180,8.814,8.241
48,focal,160.0,1.0,2,10.613,10.511,10.364,10.305,10.607,10.542,11.796,11.874,10.875,10.866
48,focal,160.0,1.5,2,10.745,10.530,9.498,9.283,10.790,10.655,11.952,11.443,11.913,11.601
48,focal,320.0,0.75,2,18.316,17.382,16.986,15.813,18.324,17.489,18.836,17.932,19.315,17.923
48,focal,320.0,1.0,2,17.243,16.528,16.150,15.439,17.305,16.382,18.853,17.796,19.021,17.522
48,focal,320.0,1.5,2,18.764,18.054,17.554,16.979,18.564,17.904,19.967,19.426,20.139,18.983
49,focal,10.0,0.75,2,1.296,3.880,-0.052,3.974,1.067,3.931,0.658,3.951,1.137,4.138
49,focal,10.0,1.0,2,1.805,4.359,0.411,4.496,2.247,4.301,1.109,4.180,1.082,5.060
49,focal,10.0,1.5,2,0.902,3.811,0.781,3.539,0.985,4.132,0.550,3.956,0.271,3.779
49,focal,20.0,0.75,2,0.433,4.005,-0.552,4.013,0.413,4.337,0.297,4.256,1.110,4.493
49,focal,20.0,1.0,2,0.666,3.838,0.794,3.660,0.640,4.027,0.385,4.021,1.983,4.194
49,focal,20.0,1.5,2,2.422,4.010,1.627,4.051,2.095,4.223,1.451,4.230,1.721,4.457
49,focal,40.0,0.75,2,2.054,4.585,2.266,4.206,2.210,4.735,2.852,4.572,2.988,4.511
49,focal,40.0,1.0,2,3.256,3.962,1.895,3.905,3.029,3.704,2.783,4.365,2.332,3.829
49,focal,40.0,1.5,2,2.778,3.882,2.394,4.114,2.373,4.047,1.510,3.864,2.985,3.926
49,focal,80.0,0.75,2,5.565,5.944,3.667,4.892,5.076,5.400,4.451,5.672,4.965,5.167
49,focal,80.0,1.0,2,3.434,4.121,1.506,3.627,3.661,4.256,3.987,4.499,4.870,5.293
49,focal,80.0,1.5,2,6.652,6.547,4.157,4.148,6.839,6.677,6.644,6.134,8.520,8.426
49,focal,160.0,0.75,2,9.897,9.845,6.639,6.612,9.142,9.173,9.615,9.113,12.051,11.262
49,focal,160.0,1.0,2,8.830,8.473,6.923,6.683,8.550,8.234,9.046,8.146,12.751,12.532
49,focal,160.0,1.5,2,12.995,12.735,9.798,9.596,12.522,12.175,12.004,11.481,14.826,14.183
49,focal,320.0,0.75,2,17.556,17.409,12.446,12.290,16.429,16.432,17.143,16.097,23.239,22.203
49,focal,320.0,1.0,2,19.313,18.929,11.922,11.646,19.132,18.753,17.650,16.554,24.217,23.117
49,focal,320.0,1.5,2,21.870,21.682,15.811,15.755,21.094,20.768,20.775,20.091,27.012,26.583
50,focal,10.0,0.75,2,0.024,3.973,0.028,3.797,-0.006,4.182,-0.591,4.091,-0.135,4.207
50,focal,10.0,1.0,2,-0.526,3.705,-0.220,3.955,-0.517,3.995,-0.886,3.664,-0.284,3.633
50,focal,10.0,1.5,2,0.509,4.835,0.392,4.656,0.447,4.912,-0.160,4.364,-0.414,4.440
50,focal,20.0,0.75,2,0.916,3.650,1.308,3.976,0.728,3.700,0.944,4.056,0.636,3.939
50,focal,20.0,1.0,2,0.512,4.260,0.712,4.101,0.524,4.262,0.482,4.311,0.219,4.603
50,focal,20.0,1.5,2,1.916,3.910,2.516,3.602,1.679,3.759,2.034,3.858,1.762,4.231
50,focal,40.0,0.75,2,1.567,4.000,1.367,4.250,1.640,4.021,1.445,4.108,2.013,3.938
50,focal,40.0,1.0,2,2.780,3.628,2.571,3.438,2.647,3.494,3.388,3.608,2.685,4.004
50,focal,40.0,1.5,2,0.706,4.761,0.489,4.293,0.867,4.015,0.673,4.318,0.563,4.721
50,focal,80.0,0.75,2,3.865,4.409,3.457,3.959,3.790,4.281,4.469,4.731,4.178,4.222
50,focal,80.0,1.0,2,4.046,3.972,4.091,3.962,4.083,4.153,4.385,4.345,4.644,4.648
50,focal,80.0,1.5,2,4.529,4.570,4.180,4.247,4.588,4.656,4.517,4.575,4.671,4.666
50,focal,160.0,0.75,2,5.424,5.559,4.668,4.998,5.581,5.863,5.566,5.851,5.691,6.372
50,focal,160.0,1.0,2,6.260,6.125,5.637,5.547,6.288,6.209,5.918,5.917,6.179,6.188
50,focal,160.0,1.5,2,5.577,5.984,4.879,5.168,5.559,6.053,5.599,5.947,6.165,6.433
50,focal,320.0,0.75,2,10.867,10.627,9.767,9.557,10.810,10.538,10.872,10.483,12.269,12.048
50,focal,320.0,1.0,2,12.653,12.411,11.759,11.581,12.425,12.289,12.660,12.408,12.808,12.678
50,focal,320.0,1.5,2,9.850,9.912,9.553,9.665,9.819,9.833,10.303,10.318,10.227,10.432
51,focal,10.0,0.75,2,1.619,3.842,1.448,3.550,1.602,3.976,1.232,3.910,1.278,4.524
51,focal,10.0,1.0,2,1.146,3.824,0.759,4.178,1.034,3.842,1.169,4.164,0.993,4.451
51,focal,10.0,1.5,2,1.049,3.870,0.659,4.251,0.913,3.982,1.085,4.023,0.645,3.589
51,focal,20.0,0.75,2,0.968,3.736,0.555,4.055,0.960,3.669,0.307,3.789,1.056,3.710
51,focal,20.0,1.0,2,-0.341,3.806,0.183,3.616,-0.299,3.880,0.393,4.219,0.754,3.789
51,focal,20.0,1.5,2,1.184,3.649,0.908,3.635,0.922,3.966,1.015,3.536,0.822,4.216
51,focal,40.0,0.75,2,2.216,3.964,2.296,4.504,2.306,4.085,2.087,4.362,1.869,4.136
51,focal,40.0,1.0,2,3.169,4.382,2.673,4.308,3.019,4.159,3.173,3.955,3.534,4.482
51,focal,40.0,1.5,2,2.348,3.970,1.642,4.288,2.340,4.668,1.761,4.026,1.852,4.035
51,focal,80.0,0.75,2,1.077,3.756,0.367,3.730,1.231,3.640,1.684,3.625,1.770,3.784
51,focal,80.0,1.0,2,0.645,3.742,0.600,3.941,0.877,4.172,1.281,4.142,1.392,4.006
51,focal,80.0,1.5,2,3.806,3.841,3.480,4.025,3.562,4.023,3.625,4.136,3.421,3.984
51,focal,160.0,0.75,2,5.873,5.748,5.357,5.176,6.114,6.122,5.756,5.630,5.755,5.652
51,focal,160.0,1.0,2,5.432,5.012,5.759,5.315,4.961,4.848,5.403,5.407,5.110,5.118
51,focal,160.0,1.5,2,6.232,5.879,5.955,5.613,6.320,6.125,6.427,6.331,6.728,6.504
51,focal,320.0,0.75,2,10.929,10.162,10.517,9.754,10.771,10.058,11.008,10.388,10.975,10.541
51,focal,320.0,1.0,2,11.221,11.065,10.582,10.476,11.006,10.936,11.237,11.097,11.898,11.498
51,focal,320.0,1.5,2,11.511,10.864,10.757,10.192,11.465,11.167,11.593,10.943,12.148,11.534
52,focal,10.0,0.75,2,3.074,3.528,2.484,3.556,2.927,3.368,1.239,3.861,1.302,3.977
52,focal,10.0,1.0,2,-0.395,4.046,-0.077,4.274,-0.362,4.140,0.009,4.194,-0.232,4.236
52,focal,10.0,1.5,2,1.336,3.910,1.537,4.320,1.358,4.252,1.739,4.877,1.540,4.738
52,focal,20.0,0.75,2,0.508,3.726,0.487,3.572,0.488,4.134,0.298,4.111,0.712,3.739
52,focal,20.0,1.0,2,0.155,4.191,0.128,4.231,0.099,4.308,0.183,3.903,0.646,4.262
52,focal,20.0,1.5,2,1.343,4.001,0.601,3.818,1.599,4.009,1.367,3.900,1.821,3.805
52,focal,40.0,0.75,2,2.975,4.095,2.549,4.467,2.831,4.312,2.797,4.274,3.316,4.281
52,focal,40.0,1.0,2,3.323,4.071,1.812,3.263,3.313,3.971,3.652,4.572,3.465,3.949
52,focal,40.0,1.5,2,1.542,4.730,1.571,4.449,1.547,4.594,2.427,4.145,3.062,4.355
52,focal,80.0,0.75,2,6.491,6.628,5.459,5.397,6.469,6.732,7.454,7.156,8.049,7.528
52,focal,80.0,1.0,2,5.178,5.432,4.860,4.604,5.000,5.216,5.585,5.410,5.261,5.196
52,focal,80.0,1.5,2,7.051,7.216,6.356,6.516,7.115,7.261,7.082,7.404,7.737,7.941
52,focal,160.0,0.75,2,8.601,8.548,7.833,7.791,8.521,8.442,9.286,8.474,9.441,9.097
52,focal,160.0,1.0,2,8.666,8.602,7.558,7.275,8.857,8.913,9.663,9.416,9.827,9.425
52,focal,160.0,1.5,2,11.791,11.564,11.107,10.956,11.704,11.364,12.144,11.632,12.833,12.371
52,focal,320.0,0.75,2,18.216,17.852,16.519,16.398,18.054,17.753,19.498,18.458,20.786,19.470
52,focal,320.0,1.0,2,20.974,20.403,18.794,18.234,20.941,20.341,21.844,20.762,22.701,21.614
52,focal,320.0,1.5,2,19.063,18.131,16.944,16.153,19.194,18.365,20.407,18.830,21.139,19.497
53,focal,10.0,0.75,2,-0.312,3.626,-0.013,3.425,-0.294,3.694,-1.764,3.411,-1.498,3.488
53,focal,10.0,1.0,2,-0.618,4.482,-0.735,3.420,-0.469,4.268,1.138,4.050,1.266,4.329
53,focal,10.0,1.5,2,1.215,4.144,0.778,3.411,1.047,4.041,0.955,3.571,0.814,3.753
53,focal,20.0,0.75,2,2.264,4.416,1.053,4.187,2.483,4.336,2.669,4.886,2.518,4.407
53,focal,20.0,1.0,2,1.968,3.629,2.055,3.649,1.966,3.593,1.865,3.484,1.132,4.180
53,focal,20.0,1.5,2,2.819,5.131,2.452,4.875,2.684,5.000,2.381,4.997,2.673,4.668
53,focal,40.0,0.75,2,2.934,3.999,2.888,4.119,3.006,4.027,3.229,3.792,3.136,4.324
53,focal,40.0,1.0,2,3.830,4.458,4.064,4.366,3.494,4.042,3.855,3.659,4.135,3.866
53,focal,40.0,1.5,2,1.558,4.122,1.726,4.290,1.420,4.241,2.361,4.510,2.788,4.305
53,focal,80.0,0.75,2,6.040,5.449,5.567,5.751,5.814,5.370,6.537,5.884,6.258,5.870
53,focal,80.0,1.0,2,5.169,4.776,4.398,4.180,5.006,4.697,5.269,5.161,5.517,5.377
53,focal,80.0,1.5,2,5.839,5.661,5.102,5.008,5.691,5.587,6.412,6.282,6.025,6.031
53,focal,160.0,0.75,2,10.001,9.960,8.657,8.658,9.990,9.963,10.423,9.905,9.888,9.390
53,focal,160.0,1.0,2,8.763,8.128,7.299,7.253,8.739,8.095,9.047,8.204,9.514,8.695
53,focal,160.0,1.5,2,9.229,8.248,8.411,7.506,9.206,8.338,10.673,9.582,10.704,9.559
53,focal,320.0,0.75,2,17.539,16.516,16.245,15.677,17.394,16.490,20.454,19.289,20.859,19.395
53,focal,320.0,1.0,2,17.891,17.002,15.367,15.062,17.864,17.074,20.741,19.349,21.663,20.173
53,focal,320.0,1.5,2,21.556,19.735,19.639,18.464,21.299,19.564,22.899,21.500,24.008,21.938
54,focal,10.0,0.75,3,0.148,4.583,0.124,4.062,0.092,4.474,-0.799,4.396,-0.834,4.583
54,focal,10.0,1.0,3,0.019,3.801,-0.154,3.737,-0.075,3.776,-0.481,3.941,-0.519,3.954
54,focal,10.0,1.5,3,-0.020,4.732,-0.227,3.839,0.016,4.868,-0.126,3.818,0.054,4.043
54,focal,20.0,0.75,3,0.256,4.550,0.092,4.166,0.430,4.247,0.215,3.517,-0.374,4.663
54,focal,20.0,1.0,3,0.659,3.917,0.567,3.651,0.961,4.090,1.395,3.842,1.188,3.519
54,focal,20.0,1.5,3,0.683,4.191,0.903,4.220,0.485,3.967,0.359,4.167,0.900,4.536
54,focal,40.0,0.75,3,-0.019,4.324,0.010,4.026,-0.238,3.691,-0.591,3.618,0.396,4.072
54,focal,40.0,1.0,3,0.845,3.792,0.755,3.845,0.626,4.238,1.020,3.838,1.103,4.306
54,focal,40.0,1.5,3,0.072,3.804,-0.137,3.751,-0.236,3.448,0.024,4.046,0.330,3.782
54,focal,80.0,0.75,3,1.654,4.998,2.188,4.127,1.496,4.418,1.854,3.750,0.860,4.144
54,focal,80.0,1.0,3,1.047,4.151,0.752,3.846,0.772,4.237,1.398,4.683,1.154,4.580
54,focal,80.0,1.5,3,2.008,3.614,2.435,3.587,2.106,3.449,2.237,3.607,1.706,3.821
54,focal,160.0,0.75,3,1.951,3.941,1.631,3.696,1.933,4.197,1.913,3.819,1.779,4.118
54,focal,160.0,1.0,3,1.159,3.710,1.395,5.649,0.965,3.673,1.386,3.600,2.034,3.956
54,focal,160.0,1.5,3,3.554,4.290,2.828,3.549,3.746,4.605,3.512,3.902,4.038,4.715
54,focal,320.0,0.75,3,5.490,5.009,4.817,4.336,5.664,4.900,5.397,4.320,5.771,5.177
54,focal,320.0,1.0,3,6.765,4.836,6.544,4.991,6.888,4.956,6.955,5.222,7.185,5.256
54,focal,320.0,1.5,3,6.362,5.152,6.516,5.299,6.009,4.881,6.082,4.805,7.358,5.644
55,focal,10.0,0.75,3,1.635,3.952,0.858,3.914,1.573,3.906,1.728,3.641,0.991,3.922
55,focal,10.0,1.0,3,0.315,3.798,-0.256,4.110,0.059,3.489,-0.028,3.783,0.108,3.695
55,focal,10.0,1.5,3,-0.515,3.827,-0.437,3.939,-0.716,4.084,-1.115,4.493,-0.877,3.764
55,focal,20.0,0.75,3,0.053,3.774,0.330,4.212,-0.144,3.978,-0.400,3.470,-0.352,3.895
55,focal,20.0,1.0,3,0.640,3.912,0.940,4.086,0.317,3.693,0.908,4.094,0.267,3.710
55,focal,20.0,1.5,3,-0.310,4.009,-0.112,4.006,-0.467,4.102,-0.794,4.423,-1.167,3.885
55,focal,40.0,0.75,3,0.720,4.259,1.157,4.844,0.626,4.288,0.693,4.752,0.453,4.058
55,focal,40.0,1.0,3,0.473,3.560,0.460,4.048,0.165,3.537,0.602,3.725,1.042,3.835
55,focal,40.0,1.5,3,0.406,3.878,-0.104,4.221,0.578,3.709,0.248,4.503,0.479,4.301
55,focal,80.0,0.75,3,0.926,4.129,0.394,4.553,0.875,3.744,0.573,3.957,0.293,4.084
55,focal,80.0,1.0,3,1.655,3.694,1.301,4.351,1.826,3.414,1.314,3.993,1.855,3.868
55,focal,80.0,1.5,3,2.226,3.756,2.263,3.813,2.218,4.140,2.282,4.242,2.434,3.723
55,focal,160.0,0.75,3,2.614,4.257,2.357,4.741,2.899,3.760,2.966,3.882,3.470,4.479
55,focal,160.0,1.0,3,4.333,4.369,4.302,4.819,3.953,4.211,4.209,4.299,4.362,4.628
55,focal,160.0,1.5,3,3.258,4.245,3.126,4.572,3.208,4.209,3.183,3.949,3.546,3.950
55,focal,320.0,0.75,3,5.783,4.882,4.852,4.382,5.542,4.778,6.055,4.782,6.082,5.164
55,focal,320.0,1.0,3,4.558,4.300,4.345,4.099,4.404,4.686,4.606,4.889,5.273,4.733
55,focal,320.0,1.5,3,5.960,6.034,5.291,5.305,6.019,6.013,6.365,6.167,6.389,6.170
56,focal,10.0,0.75,3,0.236,3.979,-0.344,3.690,0.447,3.907,0.335,4.024,0.773,3.603
56,focal,10.0,1.0,3,-0.052,3.729,-0.518,4.377,-0.306,3.579,-0.454,3.770,-0.357,3.828
56,focal,10.0,1.5,3,-2.003,4.074,-2.221,3.711,-1.743,4.233,-1.575,4.568,-1.210,3.821
56,focal,20.0,0.75,3,1.194,3.665,0.359,3.808,1.456,3.393,1.397,4.034,1.712,4.244
56,focal,20.0,1.0,3,0.305,3.772,-0.309,3.765,0.694,3.562,0.347,3.819,-0.199,3.635
56,focal,20.0,1.5,3,-0.763,3.705,-0.815,4.012,-1.118,3.563,-0.318,3.782,-0.595,3.784
56,focal,40.0,0.75,3,0.447,4.016,-0.300,4.047,0.522,3.981,1.416,3.954,-0.017,4.018
56,focal,40.0,1.0,3,1.258,4.205,1.616,4.152,1.130,4.117,2.107,4.254,1.759,4.015
56,focal,40.0,1.5,3,-0.197,3.782,-0.393,3.761,0.158,3.826,-0.495,3.872,-0.267,4.247
56,focal,80.0,0.75,3,1.004,4.071,0.571,3.702,0.896,4.322,0.827,4.394,1.449,4.354
56,focal,80.0,1.0,3,0.205,3.753,-0.416,3.494,0.110,3.615,0.354,3.599,0.664,4.065
56,focal,80.0,1.5,3,0.770,3.745,-0.079,3.850,0.766,3.969,1.036,3.883,0.573,4.356
56,focal,160.0,0.75,3,2.220,3.839,2.006,3.992,2.070,3.748,2.223,3.873,1.727,3.916
56,focal,160.0,1.0,3,3.127,4.139,2.601,4.306,2.641,4.176,3.058,3.718,2.191,4.104
56,focal,160.0,1.5,3,2.608,3.953,2.105,4.011,2.456,4.008,2.496,3.816,1.943,4.766
56,focal,320.0,0.75,3,1.693,3.953,1.458,3.685,1.928,4.023,2.061,4.026,1.679,5.012
56,focal,320.0,1.0,3,3.073,3.635,2.990,3.689,3.246,4.101,3.536,3.927,2.627,3.806
56,focal,320.0,1.5,3,2.256,3.906,1.891,4.134,2.638,3.879,2.933,4.231,3.285,3.992
57,focal,10.0,0.75,3,0.940,3.958,0.995,4.181,0.921,3.880,0.741,3.644,0.958,3.679
57,focal,10.0,1.0,3,0.365,3.541,-0.287,3.608,0.362,3.728,-0.112,3.974,0.523,4.011
57,focal,10.0,1.5,3,0.688,4.207,0.212,3.538,0.540,4.126,0.378,3.791,0.551,3.869
57,focal,20.0,0.75,3,0.452,4.060,0.703,4.526,0.613,3.924,0.574,3.883,0.080,4.152
57,focal,20.0,1.0,3,-0.766,3.699,0.683,4.049,-0.785,3.961,-0.273,3.411,-0.688,3.973
57,focal,20.0,1.5,3,0.696,4.276,1.036,3.688,0.429,4.240,-0.667,3.651,-0.193,3.826
57,focal,40.0,0.75,3,-0.054,3.810,-0.056,3.816,0.350,3.769,0.244,3.845,-0.576,3.870
57,focal,40.0,1.0,3,1.306,3.487,2.247,3.967,1.078,3.531,1.406,3.566,1.299,4.155
57,focal,40.0,1.5,3,1.113,4.509,1.209,4.038,1.243,4.277,1.542,3.818,1.993,3.947
57,focal,80.0,0.75,3,0.589,4.120,-0.457,4.709,0.853,4.183,0.434,4.064,0.656,3.977
57,focal,80.0,1.0,3,3.051,3.855,2.637,3.770,3.221,4.168,2.429,3.978,1.974,3.769
57,focal,80.0,1.5,3,1.525,3.981,1.338,4.224,1.411,3.890,1.114,3.768,0.987,4.201
57,focal,160.0,0.75,3,1.517,3.713,1.422,4.453,1.453,3.728,1.596,3.771,1.407,3.771
57,focal,160.0,1.0,3,2.256,4.153,2.811,4.364,2.359,4.044,2.040,3.723,2.438,3.842
57,focal,160.0,1.5,3,1.137,4.088,1.338,3.930,1.244,3.988,1.471,4.835,1.579,4.044
57,focal,320.0,0.75,3,4.236,3.864,3.896,4.113,3.804,3.873,3.968,4.166,5.221,4.175
57,focal,320.0,1.0,3,4.766,4.001,3.787,3.587,4.761,4.353,4.563,4.256,5.059,4.120
57,focal,320.0,1.5,3,5.600,5.629,3.714,4.212,5.806,5.635,5.812,5.110,5.693,5.023
58,focal,10.0,0.75,3,-0.483,3.594,-0.076,3.556,-0.409,3.615,0.155,4.084,-0.046,4.001
58,focal,10.0,1.0,3,0.061,4.764,-0.026,4.651,0.119,4.312,0.717,4.179,-0.244,4.237
58,focal,10.0,1.5,3,1.917,4.117,1.635,3.941,2.063,3.934,1.659,4.067,1.751,3.853
58,focal,20.0,0.75,3,1.568,4.694,1.465,4.736,1.350,4.435,1.155,3.787,0.016,3.644
58,focal,20.0,1.0,3,0.094,4.469,-0.556,3.626,0.140,4.152,-0.448,3.966,0.438,4.249
58,focal,20.0,1.5,3,0.752,4.483,0.680,3.699,0.641,4.354,0.536,3.688,1.709,3.653
58,focal,40.0,0.75,3,-0.308,3.487,-0.195,4.105,-0.296,3.482,-0.458,4.253,0.252,4.134
58,focal,40.0,1.0,3,1.367,3.321,0.811,3.417,1.435,3.613,1.019,3.443,1.276,3.724
58,focal,40.0,1.5,3,0.892,3.769,0.957,4.764,0.692,3.589,0.509,3.896,1.749,3.839
58,focal,80.0,0.75,3,1.413,4.026,1.358,3.868,1.484,4.218,1.079,3.529,1.880,3.938
58,focal,80.0,1.0,3,0.987,3.758,0.844,3.878,1.161,3.697,1.417,3.874,0.978,4.036
58,focal,80.0,1.5,3,1.629,3.949,2.376,3.638,1.298,4.045,2.120,4.510,2.104,3.825
58,focal,160.0,0.75,3,2.138,3.717,1.834,3.787,2.218,3.702,1.650,3.974,1.230,3.905
58,focal,160.0,1.0,3,1.437,3.822,1.936,4.366,1.582,3.752,1.234,3.875,2.093,4.309
58,focal,160.0,1.5,3,1.374,4.266,1.235,4.224,1.435,4.188,1.043,4.238,1.037,4.333
58,focal,320.0,0.75,3,3.295,4.145,3.686,4.414,3.231,4.581,3.953,4.288,4.456,4.241
58,focal,320.0,1.0,3,4.119,4.805,3.261,3.702,3.809,4.561,4.522,4.258,5.021,4.388
58,focal,320.0,1.5,3,5.167,4.694,4.705,4.255,4.833,4.331,4.937,4.688,5.787,4.967
59,focal,10.0,0.75,3,1.118,4.286,1.354,3.434,1.157,4.090,1.430,4.298,1.485,4.270
59,focal,10.0,1.0,3,0.019,4.974,0.034,4.743,-0.049,4.799,0.398,4.230,-0.137,5.009
59,focal,10.0,1.5,3,1.515,3.757,1.085,3.564,1.604,3.908,1.525,3.428,0.431,3.518
59,focal,20.0,0.75,3,0.637,4.330,0.676,3.895,0.419,4.088,0.801,4.390,0.440,3.967
59,focal,20.0,1.0,3,0.400,4.158,0.285,3.849,0.620,4.044,-0.059,3.691,0.238,4.401
59,focal,20.0,1.5,3,-0.010,4.491,0.394,4.017,-0.068,4.418,0.668,4.227,-0.189,4.116
59,focal,40.0,0.75,3,-0.378,4.982,-0.191,3.979,-0.215,4.377,-0.819,4.399,0.525,3.880
59,focal,40.0,1.0,3,1.154,4.040,1.025,3.741,1.237,4.362,1.652,4.451,1.405,4.195
59,focal,40.0,1.5,3,0.542,3.922,0.428,3.461,0.467,3.841,1.027,3.881,0.264,3.593
59,focal,80.0,0.75,3,2.735,3.936,2.397,3.705,2.590,3.825,1.395,3.469,1.791,4.057
59,focal,80.0,1.0,3,0.148,4.003,0.314,4.086,0.081,3.585,0.659,4.215,-0.262,4.101
59,focal,80.0,1.5,3,1.689,4.505,1.483,4.398,1.826,4.052,1.670,4.526,1.033,4.082
59,focal,160.0,0.75,3,2.177,3.820,2.489,3.992,1.522,3.848,2.246,4.024,2.804,3.914
59,focal,160.0,1.0,3,2.462,3.920,2.119,4.059,2.251,4.102,2.819,3.529,2.881,4.104
59,focal,160.0,1.5,3,1.825,3.986,1.190,4.071,1.904,3.962,2.096,3.882,2.289,4.522
59,focal,320.0,0.75,3,3.195,4.977,3.796,4.816,3.008,4.745,3.883,4.531,4.614,4.769
59,focal,320.0,1.0,3,5.841,4.969,4.937,4.788,5.844,5.098,5.961,5.451,6.116,5.489
59,focal,320.0,1.5,3,5.600,5.074,5.344,4.841,5.815,5.390,5.838,5.394,5.506,4.853
60,focal,10.0,0.75,3,0.623,4.394,1.047,3.800,0.824,4.509,0.545,3.933,1.458,4.134
60,focal,10.0,1.0,3,-0.159,4.031,0.793,3.839,-0.198,4.286,0.689,4.022,0.791,4.176
60,focal,10.0,1.5,3,1.382,3.949,2.032,3.760,1.584,3.716,1.523,3.480,1.884,3.945
60,focal,20.0,0.75,3,0.836,4.350,1.185,3.843,1.042,4.137,0.570,3.931,0.820,3.996
60,focal,20.0,1.0,3,-2.042,4.115,-1.724,3.670,-2.244,3.846,-2.568,3.691,-2.612,4.010
60,focal,20.0,1.5,3,-0.732,4.033,-0.734,3.986,-0.719,3.864,-0.550,4.739,-0.501,3.901
60,focal,40.0,0.75,3,1.540,4.539,0.810,4.409,1.560,4.605,2.022,4.227,1.529,3.845
60,focal,40.0,1.0,3,2.528,4.494,1.412,3.953,2.113,4.247,2.283,4.730,2.127,4.422
60,focal,40.0,1.5,3,1.188,4.048,1.032,3.609,1.055,3.701,1.393,4.104,1.725,4.305
60,focal,80.0,0.75,3,2.729,4.513,2.274,4.297,2.237,3.738,1.842,3.687,2.742,3.369
60,focal,80.0,1.0,3,3.906,4.685,3.329,4.689,4.017,4.507,3.173,4.342,3.411,4.950
60,focal,80.0,1.5,3,2.951,4.246,1.845,4.031,3.114,4.127,2.811,4.250,2.419,3.708
60,focal,160.0,0.75,3,5.989,5.431,4.479,4.235,5.740,5.345,3.992,3.741,4.697,4.364
60,focal,160.0,1.0,3,9.203,9.157,7.440,7.334,9.247,9.203,8.939,8.569,8.754,8.379
60,focal,160.0,1.5,3,5.885,5.565,5.649,5.736,6.038,5.706,5.283,5.275,5.812,5.396
60,focal,320.0,0.75,3,11.662,10.893,8.475,8.089,11.457,10.804,9.676,9.189,10.949,10.317
60,focal,320.0,1.0,3,13.049,12.529,9.127,8.796,12.862,12.295,10.228,9.726,11.958,11.417
60,focal,320.0,1.5,3,14.105,13.723,12.174,12.072,13.832,13.441,12.703,12.631,13.593,13.416
61,focal,10.0,0.75,3,0.867,4.224,0.778,4.330,0.765,4.417,0.657,4.376,0.361,4.470
61,focal,10.0,1.0,3,-1.805,4.260,-0.699,5.094,-1.378,4.059,0.138,3.737,-1.150,4.102
61,focal,10.0,1.5,3,1.026,4.457,1.359,3.983,0.864,4.432,0.165,3.942,1.331,3.893
61,focal,20.0,0.75,3,-0.288,4.100,-0.422,3.928,-0.080,4.105,-0.754,3.688,0.578,4.564
61,focal,20.0,1.0,3,1.007,4.174,0.678,3.914,1.193,4.043,0.490,3.782,1.142,3.491
61,focal,20.0,1.5,3,1.763,4.153,2.357,3.996,1.778,4.116,1.862,3.937,1.188,3.933
61,focal,40.0,0.75,3,0.806,3.275,0.207,3.946,0.771,3.489,0.242,5.451,1.982,3.762
61,focal,40.0,1.0,3,1.507,4.413,0.636,4.934,2.141,3.932,1.594,4.190,1.560,4.469
61,focal,40.0,1.5,3,1.024,3.932,1.616,4.404,0.649,4.250,0.723,4.219,1.891,3.799
61,focal,80.0,0.75,3,-0.153,3.815,0.521,3.901,-0.378,3.593,0.127,4.090,1.851,4.052
61,focal,80.0,1.0,3,1.715,3.764,1.119,3.523,2.026,3.753,2.340,4.113,1.275,3.711
61,focal,80.0,1.5,3,1.158,4.186,2.252,3.779,0.995,4.486,1.363,4.275,2.087,4.220
61,focal,160.0,0.75,3,1.722,4.187,1.240,3.866,1.566,4.299,1.759,4.226,2.080,3.787
61,focal,160.0,1.0,3,3.494,4.063,3.399,4.273,3.216,3.744,3.607,3.800,3.332,4.265
61,focal,160.0,1.5,3,3.526,4.168,3.198,4.295,3.729,4.229,4.401,4.552,4.711,4.474
61,focal,320.0,0.75,3,6.353,5.634,4.486,4.687,6.322,5.722,6.493,5.366,8.210,6.428
61,focal,320.0,1.0,3,7.075,6.692,5.237,4.639,6.533,6.478,7.450,6.754,8.669,7.632
61,focal,320.0,1.5,3,6.121,6.166,5.502,5.388,5.649,5.786,7.094,7.245,8.626,8.098
62,focal,10.0,0.75,3,-1.142,3.856,-0.811,4.519,-1.185,3.844,-1.768,4.465,-0.601,3.938
62,focal,10.0,1.0,3,-0.214,3.689,-0.144,3.891,-0.373,3.631,-0.913,3.531,-0.694,4.242
62,focal,10.0,1.5,3,0.581,4.583,1.266,3.898,0.761,4.409,0.744,4.428,0.670,3.741
62,focal,20.0,0.75,3,0.326,4.191,0.597,4.298,0.493,4.347,0.793,4.652,1.066,4.244
62,focal,20.0,1.0,3,1.053,4.934,0.990,4.738,1.089,4.754,0.773,4.496,0.841,4.036
62,focal,20.0,1.5,3,1.502,3.549,1.471,3.929,1.556,3.617,1.370,3.341,1.811,3.703
62,focal,40.0,0.75,3,-0.058,3.941,0.530,4.196,0.086,3.803,-0.497,3.950,0.486,4.366
62,focal,40.0,1.0,3,2.165,4.097,2.139,3.521,2.213,3.952,2.578,3.548,2.622,4.270
62,focal,40.0,1.5,3,2.240,3.909,1.907,3.638,2.059,3.882,2.595,3.793,2.453,4.387
62,focal,80.0,0.75,3,0.263,3.825,-0.392,3.665,0.810,3.647,0.225,3.871,0.294,3.656
62,focal,80.0,1.0,3,-0.805,4.097,-0.812,3.954,-0.853,4.196,-0.279,3.755,0.186,3.621
62,focal,80.0,1.5,3,2.943,4.406,2.908,4.063,2.918,4.563,2.096,3.846,2.278,4.001
62,focal,160.0,0.75,3,1.074,3.793,1.372,4.114,1.177,4.010,1.947,4.158,2.332,4.098
62,focal,160.0,1.0,3,2.393,4.381,2.765,4.124,1.947,4.242,2.942,4.166,3.112,4.141
62,focal,160.0,1.5,3,4.478,4.849,4.471,5.077,4.448,4.671,4.710,4.746,3.893,4.886
62,focal,320.0,0.75,3,4.334,4.607,3.304,4.089,4.650,4.499,4.244,4.428,4.336,4.582
62,focal,320.0,1.0,3,5.004,4.673,4.662,4.460,4.923,4.774,5.327,4.627,5.385,4.725
62,focal,320.0,1.5,3,6.013,5.598,5.079,5.656,5.801,5.526,4.924,4.563,6.149,5.202
63,focal,10.0,0.75,3,0.152,4.150,0.328,3.956,-0.157,3.939,0.221,4.614,-0.151,3.993
63,focal,10.0,1.0,3,0.320,4.497,-0.053,4.091,0.200,4.229,0.029,3.819,-0.659,4.115
63,focal,10.0,1.5,3,0.569,3.515,0.602,3.622,0.457,3.523,1.762,4.195,1.098,4.088
63,focal,20.0,0.75,3,-1.652,3.639,-1.944,3.797,-1.970,3.709,-1.879,4.323,-1.884,4.409
63,focal,20.0,1.0,3,-0.217,4.017,0.552,4.458,-0.598,3.587,-0.257,3.715,-0.617,3.609
63,focal,20.0,1.5,3,0.249,4.155,0.683,3.948,0.024,3.812,0.746,3.634,0.839,4.378
63,focal,40.0,0.75,3,4.307,4.170,3.176,4.048,4.231,4.129,2.104,3.596,2.427,4.277
63,focal,40.0,1.0,3,1.270,3.757,1.733,3.986,1.067,3.912,0.614,3.993,1.861,4.192
63,focal,40.0,1.5,3,1.524,3.982,0.925,3.713,1.703,3.970,1.787,4.044,2.066,4.254
63,focal,80.0,0.75,3,3.432,4.365,2.208,4.524,3.705,4.676,3.589,4.529,2.733,4.370
63,focal,80.0,1.0,3,2.078,5.040,0.970,4.547,2.171,4.762,1.975,4.137,3.023,4.279
63,focal,80.0,1.5,3,2.480,4.298,1.639,3.985,2.551,3.901,2.826,4.185,2.508,4.151
63,focal,160.0,0.75,3,2.962,3.905,3.640,4.042,2.712,3.799,3.414,4.063,3.014,3.934
63,focal,160.0,1.0,3,3.076,4.212,2.206,3.867,3.077,4.087,3.555,3.855,3.245,4.328
63,focal,160.0,1.5,3,2.895,3.803,2.509,4.028,3.018,3.923,3.019,4.014,4.449,4.296
63,focal,320.0,0.75,3,7.112,7.317,5.986,6.092,7.060,7.381,8.023,7.944,8.232,8.301
63,focal,320.0,1.0,3,5.743,5.525,4.895,4.521,5.438,5.350,6.260,6.090,6.355,6.054
63,focal,320.0,1.5,3,7.338,7.566,6.157,6.388,7.176,7.412,7.625,7.736,7.443,7.789
64,focal,10.0,0.75,3,-1.422,4.401,-1.541,3.909,-1.699,3.940,-1.354,4.116,-1.430,3.850
64,focal,10.0,1.0,3,2.050,3.836,2.612,3.712,2.299,3.988,0.896,4.154,1.432,4.358
64,focal,10.0,1.5,3,0.250,4.570,0.278,4.292,0.522,4.054,-0.350,4.138,0.870,4.255
64,focal,20.0,0.75,3,0.184,4.523,-0.465,4.507,0.924,4.412,-0.030,4.313,1.327,4.188
64,focal,20.0,1.0,3,0.618,3.679,1.108,4.198,0.202,3.547,0.015,4.173,1.857,3.978
64,focal,20.0,1.5,3,-0.568,4.292,-0.487,4.436,-0.365,4.160,-2.014,4.476,-1.272,4.485
64,focal,40.0,0.75,3,1.483,3.560,1.577,3.838,1.668,3.589,1.118,3.651,2.038,3.794
64,focal,40.0,1.0,3,0.171,3.957,0.091,4.123,0.915,3.717,0.524,3.828,-0.091,4.398
64,focal,40.0,1.5,3,1.102,4.412,0.803,4.113,1.213,4.440,0.835,3.517,0.839,4.347
64,focal,80.0,0.75,3,2.198,4.187,2.351,4.233,1.965,4.168,2.657,5.713,2.349,4.231
64,focal,80.0,1.0,3,0.548,3.978,0.796,3.622,0.672,4.085,1.577,4.017,0.223,4.306
64,focal,80.0,1.5,3,2.028,4.403,2.091,4.635,2.221,4.248,1.717,4.563,3.096,4.960
64,focal,160.0,0.75,3,2.570,4.013,3.773,3.899,2.471,4.256,3.870,4.914,5.320,5.011
64,focal,160.0,1.0,3,3.313,3.670,3.978,4.403,3.160,3.608,4.385,4.413,4.637,4.172
64,focal,160.0,1.5,3,0.865,3.855,1.164,4.199,0.930,3.709,1.959,4.171,2.647,3.995
64,focal,320.0,0.75,3,4.804,4.781,3.141,4.289,4.853,4.926,5.851,5.408,6.233,6.099
64,focal,320.0,1.0,3,3.046,3.848,2.220,3.720,2.326,3.523,4.277,4.754,4.408,4.725
64,focal,320.0,1.5,3,5.443,5.608,3.621,4.693,5.363,5.411,5.894,5.824,6.632,6.725
65,focal,10.0,0.75,3,0.418,4.296,-0.181,4.121,0.285,4.219,-0.706,3.738,-0.112,3.733
65,focal,10.0,1.0,3,0.999,3.256,1.166,4.091,1.115,3.396,1.385,3.385,1.102,3.705
65,focal,10.0,1.5,3,-0.326,4.109,-1.257,3.986,-0.256,4.045,-0.804,3.748,-0.342,4.604
65,focal,20.0,0.75,3,0.563,3.758,-0.109,3.785,0.380,3.646,-0.023,3.758,0.395,3.620
65,focal,20.0,1.0,3,0.184,4.925,0.841,3.950,0.244,4.950,-0.071,4.878,0.134,4.565
65,focal,20.0,1.5,3,2.797,4.498,1.707,4.484,2.863,4.515,2.508,4.797,2.767,4.114
65,focal,40.0,0.75,3,2.253,3.886,1.151,3.697,2.329,4.108,2.165,4.356,2.387,3.973
65,focal,40.0,1.0,3,0.321,3.953,1.407,3.857,0.264,4.065,0.681,3.549,0.762,4.137
65,focal,40.0,1.5,3,1.508,3.891,1.495,4.922,1.521,3.423,1.453,3.873,1.413,4.078
65,focal,80.0,0.75,3,3.648,4.096,2.635,4.271,3.748,4.313,3.499,4.001,3.679,4.188
65,focal,80.0,1.0,3,4.602,4.479,4.383,5.238,4.540,4.322,4.080,4.043,4.168,3.894
65,focal,80.0,1.5,3,2.749,3.978,1.951,3.974,2.577,4.009,3.052,4.703,2.977,4.617
65,focal,160.0,0.75,3,5.276,4.738,5.447,5.305,5.443,5.007,4.622,4.502,5.479,5.044
65,focal,160.0,1.0,3,5.104,5.474,4.096,4.646,4.940,5.208,4.296,4.441,5.940,6.322
65,focal,160.0,1.5,3,6.084,5.965,5.486,5.232,6.179,6.147,6.173,5.850,6.140,6.004
65,focal,320.0,0.75,3,10.694,10.397,9.153,8.742,10.600,10.250,10.094,9.922,10.560,10.503
65,focal,320.0,1.0,3,11.641,10.705,10.127,9.552,11.683,10.760,10.928,10.068,11.814,10.890
65,focal,320.0,1.5,3,12.760,12.258,11.403,10.982,12.782,12.359,12.266,11.885,13.971,13.712
66,focal,10.0,0.75,3,1.118,4.165,1.138,4.229,1.328,3.773,1.998,4.152,1.821,4.061
66,focal,10.0,1.0,3,0.368,4.558,1.104,4.459,0.287,4.557,0.436,4.372,0.394,4.329
66,focal,10.0,1.5,3,1.036,3.942,0.406,3.647,1.069,3.998,0.104,4.657,0.119,3.965
66,focal,20.0,0.75,3,1.038,4.431,1.055,4.281,0.984,4.671,1.118,3.863,1.461,3.905
66,focal,20.0,1.0,3,1.618,3.915,1.381,3.355,1.499,4.298,1.122,3.680,1.732,3.898
66,focal,20.0,1.5,3,-0.449,3.904,0.053,4.038,-0.262,4.074,0.064,3.815,-0.145,4.503
66,focal,40.0,0.75,3,-1.251,3.906,-0.662,4.195,-1.152,3.866,-0.452,3.870,-0.985,3.471
66,focal,40.0,1.0,3,1.177,3.836,0.574,3.701,1.193,4.142,0.729,3.903,0.656,3.892
66,focal,40.0,1.5,3,1.082,3.871,0.923,3.759,1.063,3.937,0.799,4.412,0.594,4.014
66,focal,80.0,0.75,3,0.566,4.179,0.515,4.047,0.607,4.149,0.113,4.058,-0.486,3.706
66,focal,80.0,1.0,3,2.137,3.716,1.997,4.359,2.023,3.526,2.638,3.758,2.380,3.522
66,focal,80.0,1.5,3,2.281,4.389,1.814,4.066,2.555,4.369,1.951,4.166,2.195,4.397
66,focal,160.0,0.75,3,3.636,3.894,3.012,4.018,3.858,3.970,3.718,4.119,3.377,4.152
66,focal,160.0,1.0,3,2.159,3.647,1.539,3.555,2.156,3.560,2.286,3.884,2.919,3.938
66,focal,160.0,1.5,3,4.737,4.312,4.257,4.060,4.739,4.264,5.278,4.755,5.000,4.624
66,focal,320.0,0.75,3,8.395,8.085,7.851,7.580,8.452,8.235,8.543,8.375,9.734,9.592
66,focal,320.0,1.0,3,5.122,5.076,5.145,5.124,5.379,5.325,6.789,6.679,6.800,6.409
66,focal,320.0,1.5,3,8.379,8.334,8.084,8.260,8.210,8.087,8.713,8.887,9.358,9.180
67,focal,10.0,0.75,3,-0.729,4.570,-0.630,3.918,-0.774,4.572,-0.767,4.027,-1.057,3.775
67,focal,10.0,1.0,3,0.094,3.690,0.104,4.109,0.160,3.823,0.316,3.572,-0.226,4.212
67,focal,10.0,1.5,3,0.358,3.504,0.168,3.864,0.436,3.516,-0.198,3.307,-0.190,3.644
67,focal,20.0,0.75,3,-1.800,3.842,-2.885,3.953,-1.809,3.601,-0.447,3.872,-0.786,3.975
67,focal,20.0,1.0,3,-1.889,3.858,-1.968,3.816,-1.581,3.879,-0.286,3.816,-1.492,4.227
67,focal,20.0,1.5,3,0.661,4.349,0.395,3.990,0.719,4.048,0.956,3.926,1.278,4.445
67,focal,40.0,0.75,3,-1.235,4.493,-0.710,4.041,-1.039,4.637,-0.418,3.882,-0.577,4.062
67,focal,40.0,1.0,3,-0.868,4.217,-0.994,3.895,-1.315,3.963,-1.107,4.687,-1.097,3.732
67,focal,40.0,1.5,3,1.724,3.991,1.592,3.722,1.835,4.659,1.622,3.834,1.642,4.154
67,focal,80.0,0.75,3,0.931,3.577,0.231,3.900,1.181,3.818,1.253,3.981,0.900,3.845
67,focal,80.0,1.0,3,1.217,4.060,1.463,4.019,1.407,3.801,1.112,3.668,3.055,4.577
67,focal,80.0,1.5,3,1.769,4.826,1.682,4.386,1.877,4.114,1.331,3.882,1.677,4.262
67,focal,160.0,0.75,3,2.813,4.711,2.283,3.958,2.475,4.636,3.013,4.099,2.959,4.138
67,focal,160.0,1.0,3,4.427,4.238,4.384,4.133,4.282,4.183,5.156,5.102,5.798,5.725
67,focal,160.0,1.5,3,2.650,4.815,1.923,4.496,2.579,4.692,3.637,4.617,3.473,4.060
67,focal,320.0,0.75,3,6.092,6.856,6.021,6.191,5.965,6.659,7.165,7.021,6.448,7.353
67,focal,320.0,1.0,3,5.757,5.326,5.805,5.438,5.737,5.383,7.390,7.146,7.307,6.912
67,focal,320.0,1.5,3,6.012,6.053,5.415,5.474,5.867,5.956,7.301,7.037,7.948,7.354
68,focal,10.0,0.75,3,0.749,4.048,0.361,3.789,0.694,3.680,0.420,3.647,0.653,3.715
68,focal,10.0,1.0,3,0.859,3.813,1.590,4.110,0.813,3.984,0.599,4.196,1.038,4.359
68,focal,10.0,1.5,3,0.239,3.726,0.596,3.770,0.004,3.763,0.534,3.783,0.415,3.363
68,focal,20.0,0.75,3,-0.450,3.592,0.418,3.365,-0.569,3.524,-0.070,3.875,-0.773,3.768
68,focal,20.0,1.0,3,0.469,3.850,0.108,3.862,0.486,3.829,0.584,3.786,1.263,3.971
68,focal,20.0,1.5,3,-0.082,3.525,-0.389,3.643,-0.173,3.543,-0.443,3.818,-0.117,3.846
68,focal,40.0,0.75,3,3.951,4.171,3.793,3.820,4.071,4.028,4.182,4.331,3.271,4.154
68,focal,40.0,1.0,3,1.057,3.642,0.428,3.820,1.075,3.800,0.801,4.121,1.401,3.420
68,focal,40.0,1.5,3,-0.423,3.690,0.169,3.897,-0.421,3.458,-0.052,4.023,-0.759,3.777
68,focal,80.0,0.75,3,1.499,3.604,1.434,3.502,1.485,3.652,1.332,4.045,0.431,3.614
68,focal,80.0,1.0,3,2.571,3.961,2.176,4.279,2.729,3.983,3.222,3.990,3.185,4.176
68,focal,80.0,1.5,3,-0.084,4.053,-0.881,3.683,0.046,3.837,-0.251,3.595,-0.252,4.258
68,focal,160.0,0.75,3,4.504,4.635,4.824,4.984,4.001,4.101,4.288,4.313,4.659,4.617
68,focal,160.0,1.0,3,5.115,4.658,5.878,5.568,4.875,4.363,5.673,5.069,5.987,5.734
68,focal,160.0,1.5,3,3.954,4.646,3.286,4.185,3.812,4.455,4.868,5.347,5.528,6.072
68,focal,320.0,0.75,3,10.563,9.611,10.178,9.281,10.261,9.477,11.324,10.351,11.392,10.525
68,focal,320.0,1.0,3,10.227,9.407,10.241,9.404,9.799,8.988,10.726,9.982,11.365,10.711
68,focal,320.0,1.5,3,9.130,9.034,9.166,9.237,9.063,8.921,10.962,10.541,11.538,11.158
69,focal,10.0,0.75,3,1.238,3.559,1.437,3.684,0.989,3.691,1.572,3.662,0.922,3.966
69,focal,10.0,1.0,3,0.564,3.698,-0.442,4.568,0.505,3.445,-0.012,3.719,0.676,3.824
69,focal,10.0,1.5,3,0.336,3.768,0.462,4.015,0.548,3.810,1.002,3.735,0.649,4.242
69,focal,20.0,0.75,3,1.584,4.420,1.096,3.719,1.378,4.466,0.900,3.968,1.607,3.897
69,focal,20.0,1.0,3,2.038,3.948,1.988,3.500,1.941,3.898,1.397,4.376,1.161,4.117
69,focal,20.0,1.5,3,-1.307,4.267,-1.029,4.255,-1.214,4.067,-1.116,3.952,-1.743,4.338
69,focal,40.0,0.75,3,1.747,3.637,1.616,3.829,1.510,4.150,0.861,3.772,1.115,3.978
69,focal,40.0,1.0,3,0.146,3.316,0.779,3.608,-0.037,3.609,0.576,3.706,0.507,3.707
69,focal,40.0,1.5,3,1.473,4.049,1.301,4.119,1.206,4.159,0.547,4.512,0.132,3.992
69,focal,80.0,0.75,3,1.779,4.025,2.532,4.056,1.884,3.580,1.906,3.704,2.975,4.134
69,focal,80.0,1.0,3,3.773,3.578,3.653,3.642,3.734,4.082,3.023,3.934,3.342,3.774
69,focal,80.0,1.5,3,2.460,3.610,2.764,4.161,2.283,3.838,1.968,4.000,3.248,4.189
69,focal,160.0,0.75,3,3.429,4.422,2.835,4.466,3.157,3.884,2.744,4.487,3.225,4.353
69,focal,160.0,1.0,3,4.623,4.612,4.840,4.836,4.572,4.475,5.093,5.094,5.211,4.978
69,focal,160.0,1.5,3,6.214,5.901,5.138,5.151,6.120,5.780,6.679,6.302,7.035,6.620
69,focal,320.0,0.75,3,9.582,8.352,8.402,7.379,9.155,8.052,9.107,7.894,9.636,8.417
69,focal,320.0,1.0,3,9.069,8.140,8.102,7.391,8.721,7.892,9.830,8.983,10.535,9.742
69,focal,320.0,1.5,3,8.971,8.973,7.407,7.380,8.846,8.754,9.381,8.833,9.529,9.171
70,focal,10.0,0.75,3,1.100,4.017,1.261,4.005,0.895,3.976,1.424,4.088,1.182,4.051
70,focal,10.0,1.0,3,1.679,3.708,1.926,3.492,1.545,3.421,1.501,3.863,2.139,3.529
70,focal,10.0,1.5,3,1.668,3.744,1.454,3.809,1.774,3.649,1.382,3.612,1.041,4.445
70,focal,20.0,0.75,3,1.366,3.811,0.961,4.116,1.395,3.670,1.406,3.859,1.526,4.352
70,focal,20.0,1.0,3,1.114,3.859,1.025,4.059,1.093,3.943,1.458,4.670,1.522,4.366
70,focal,20.0,1.5,3,0.274,3.541,0.029,4.502,0.114,3.864,-0.116,3.965,-0.294,3.760
70,focal,40.0,0.75,3,1.214,4.422,1.278,4.068,1.078,4.792,1.042,3.833,0.632,3.934
70,focal,40.0,1.0,3,0.283,4.008,0.480,3.563,0.460,4.024,0.378,3.592,0.552,3.915
70,focal,40.0,1.5,3,2.876,3.926,3.118,3.890,2.923,4.307,2.431,4.763,2.371,4.190
70,focal,80.0,0.75,3,2.035,3.814,2.234,3.847,1.916,3.811,2.106,3.750,2.568,4.129
70,focal,80.0,1.0,3,3.526,3.920,3.134,3.805,3.389,3.670,3.362,4.336,3.673,4.198
70,focal,80.0,1.5,3,2.158,3.332,1.096,3.919,2.349,3.502,1.814,3.817,1.726,3.995
70,focal,160.0,0.75,3,4.357,4.760,4.721,4.732,4.248,4.962,4.357,4.507,4.814,4.547
70,focal,160.0,1.0,3,3.048,3.774,2.610,4.024,2.875,3.917,2.959,4.061,3.199,4.141
70,focal,160.0,1.5,3,3.999,5.264,3.810,5.651,3.967,4.928,4.462,5.118,4.198,4.752
70,focal,320.0,0.75,3,8.328,8.173,7.429,7.199,8.088,8.179,7.769,7.733,7.986,7.707
70,focal,320.0,1.0,3,9.929,8.812,9.201,8.242,9.811,8.689,9.449,8.181,9.718,8.803
70,focal,320.0,1.5,3,7.326,6.972,6.486,6.299,7.200,6.826,7.149,6.913,7.401,6.929
71,focal,10.0,0.75,3,0.442,3.921,-0.055,3.968,0.189,3.972,0.171,3.690,0.925,4.031
71,focal,10.0,1.0,3,0.084,4.386,1.222,3.725,-0.101,4.438,0.104,3.638,-0.272,3.554
71,focal,10.0,1.5,3,1.436,4.553,1.797,3.935,1.711,4.497,1.185,4.715,0.954,4.421
71,focal,20.0,0.75,3,1.637,5.037,1.653,4.452,1.411,4.476,1.327,3.846,2.065,4.687
71,focal,20.0,1.0,3,0.291,3.885,-0.311,3.760,0.406,3.665,1.289,3.453,0.944,3.867
71,focal,20.0,1.5,3,1.035,3.906,0.470,3.863,1.124,3.576,1.012,3.563,0.671,4.373
71,focal,40.0,0.75,3,0.286,4.360,0.782,4.219,0.298,3.737,0.483,3.971,1.031,5.212
71,focal,40.0,1.0,3,1.511,3.895,0.390,4.644,1.742,4.135,1.492,3.827,2.057,4.392
71,focal,40.0,1.5,3,-0.639,3.617,-0.675,3.567,-0.576,3.459,-0.378,3.438,0.441,4.116
71,focal,80.0,0.75,3,4.262,4.838,2.804,4.007,4.042,4.625,2.256,4.016,3.145,4.021
71,focal,80.0,1.0,3,-0.524,4.196,-0.021,3.791,-0.350,4.371,0.768,4.389,0.263,4.668
71,focal,80.0,1.5,3,3.403,3.901,1.442,3.998,3.361,3.965,3.193,4.187,3.368,4.443
71,focal,160.0,0.75,3,3.490,4.412,2.807,4.027,3.306,4.175,4.660,4.992,3.026,4.469
71,focal,160.0,1.0,3,6.234,6.038,4.957,5.009,6.100,5.879,6.049,6.032,6.439,6.333
71,focal,160.0,1.5,3,3.665,4.108,2.675,3.826,3.531,4.083,3.063,4.280,3.020,4.540
71,focal,320.0,0.75,3,7.846,7.987,5.105,4.947,8.234,8.317,6.865,6.741,8.272,8.139
71,focal,320.0,1.0,3,7.560,7.203,5.473,5.174,7.426,7.117,7.649,7.154,8.110,7.798
71,focal,320.0,1.5,3,9.266,9.258,6.718,6.824,9.103,9.054,7.458,7.451,8.865,8.738
0,patch,10.0,1.0,0,0.685,4.097,0.837,3.889,0.416,4.208,0.601,3.782,1.461,4.013
0,patch,20.0,1.0,0,1.936,3.909,1.062,4.100,2.393,3.681,1.237,4.121,1.719,3.880
0,patch,40.0,1.0,0,0.330,3.967,0.284,4.228,0.606,3.992,1.489,4.047,1.463,3.998
0,patch,80.0,1.0,0,3.474,3.861,3.427,4.145,2.679,4.214,3.883,4.295,6.281,5.194
0,patch,160.0,1.0,0,6.220,5.464,5.056,4.793,5.523,4.930,6.753,6.182,11.448,9.787
0,patch,320.0,1.0,0,15.303,12.809,13.135,11.104,14.490,11.936,18.516,16.302,24.936,22.349
1,patch,10.0,1.0,0,0.117,4.978,-0.197,4.301,0.638,4.862,0.671,4.809,2.359,3.959
1,patch,20.0,1.0,0,-0.533,3.734,-0.237,4.027,-0.634,3.839,-1.096,3.981,0.806,4.037
1,patch,40.0,1.0,0,2.367,4.172,1.830,3.954,2.346,4.111,2.531,3.772,3.325,4.382
1,patch,80.0,1.0,0,4.487,4.129,4.286,3.999,3.958,3.875,3.701,3.854,6.445,5.604
1,patch,160.0,1.0,0,10.239,9.167,9.634,8.712,8.421,7.693,8.693,8.263,11.859,10.375
1,patch,320.0,1.0,0,19.733,18.270,17.190,16.440,17.043,16.209,16.507,16.204,20.605,17.288
2,patch,10.0,1.0,0,1.221,5.137,1.012,3.945,1.266,5.207,1.737,4.193,1.263,4.373
2,patch,20.0,1.0,0,-0.244,4.144,0.362,4.015,-0.144,4.204,1.085,4.310,0.896,4.035
2,patch,40.0,1.0,0,2.527,5.114,1.423,3.690,2.380,4.908,2.374,3.917,3.331,3.805
2,patch,80.0,1.0,0,3.485,3.745,3.162,4.242,3.394,3.857,4.043,3.990,5.507,5.013
2,patch,160.0,1.0,0,7.632,6.957,6.938,6.695,7.469,6.769,8.113,7.191,10.677,8.258
2,patch,320.0,1.0,0,12.059,10.204,10.462,8.887,11.514,9.826,15.418,12.288,20.943,14.511
3,patch,10.0,1.0,0,0.729,3.681,0.481,3.575,0.637,3.671,0.705,3.685,1.428,3.790
3,patch,20.0,1.0,0,1.644,3.845,2.720,3.703,0.880,4.444,1.213,4.217,0.340,3.941
3,patch,40.0,1.0,0,1.311,3.826,0.875,4.587,1.520,3.855,2.331,4.262,2.760,3.937
3,patch,80.0,1.0,0,1.276,5.036,0.244,4.780,0.834,4.919,1.665,4.488,3.821,4.725
3,patch,160.0,1.0,0,4.047,3.825,2.870,4.142,3.859,3.520,4.971,3.969,7.088,4.982
3,patch,320.0,1.0,0,10.033,7.601,7.759,6.502,9.530,6.756,12.768,7.541,17.190,10.510
4,patch,10.0,1.0,0,1.663,3.684,0.651,3.865,2.186,3.694,0.360,4.640,1.945,3.956
4,patch,20.0,1.0,0,1.461,4.329,2.105,3.813,1.439,4.055,2.841,3.871,2.558,4.250
4,patch,40.0,1.0,0,2.890,4.275,2.930,4.473,2.430,4.802,2.929,4.016,3.401,3.833
4,patch,80.0,1.0,0,6.107,4.963,5.765,4.232,5.644,4.731,6.181,4.615,7.850,4.430
4,patch,160.0,1.0,0,15.494,9.678,13.657,8.517,14.352,10.527,15.805,11.074,17.800,10.925
4,patch,320.0,1.0,0,29.522,19.895,27.399,18.254,27.799,20.834,28.228,20.742,35.851,22.571
5,patch,10.0,1.0,0,0.068,4.013,-0.027,4.107,-0.040,4.079,1.375,3.786,1.878,4.066
5,patch,20.0,1.0,0,2.256,3.952,1.933,3.705,1.928,4.212,3.219,3.896,2.031,4.672
5,patch,40.0,1.0,0,4.395,4.308,4.820,5.038,4.015,3.917,4.620,4.159,5.537,4.422
5,patch,80.0,1.0,0,6.838,5.740,6.418,6.352,6.333,5.447,7.078,6.343,9.026,6.501
5,patch,160.0,1.0,0,12.749,10.308,12.191,10.589,12.147,9.943,13.492,11.337,17.053,12.497
5,patch,320.0,1.0,0,28.769,25.657,25.732,23.464,26.292,23.750,28.586,24.033,36.371,28.165
6,patch,10.0,1.0,0,1.279,4.106,1.514,3.914,1.165,3.861,0.634,3.332,0.994,3.804
6,patch,20.0,1.0,0,1.707,3.958,1.174,3.835,2.025,3.873,1.993,4.213,2.151,3.617
6,patch,40.0,1.0,0,1.191,4.237,1.849,5.047,1.084,4.494,0.601,4.072,1.679,4.050
6,patch,80.0,1.0,0,4.288,3.830,3.633,4.015,3.724,3.717,5.367,4.387,6.943,4.453
6,patch,160.0,1.0,0,7.313,5.909,5.424,4.927,7.613,6.954,8.831,7.562,10.843,6.347
6,patch,320.0,1.0,0,18.758,14.076,14.883,12.282,19.001,15.042,21.287,17.911,25.270,14.734
7,patch,10.0,1.0,0,1.046,3.536,2.448,3.939,0.860,3.687,1.062,4.006,0.058,3.877
7,patch,20.0,1.0,0,-0.546,4.497,0.009,5.014,-0.290,4.317,0.489,3.762,1.594,4.449
7,patch,40.0,1.0,0,1.937,3.814,1.915,4.255,1.595,3.391,0.568,4.245,2.018,4.685
7,patch,80.0,1.0,0,2.851,4.406,2.176,4.428,2.295,4.703,4.842,5.069,4.712,4.360
7,patch,160.0,1.0,0,4.268,4.541,2.191,3.832,3.817,4.186,7.670,6.077,8.612,6.299
7,patch,320.0,1.0,0,6.055,4.229,3.969,4.314,5.782,4.494,11.277,9.227,12.130,8.437
8,patch,10.0,1.0,0,0.217,3.607,0.688,3.643,-0.169,3.519,-0.159,4.116,0.924,4.049
8,patch,20.0,1.0,0,0.530,4.159,0.404,4.969,0.796,4.106,1.242,4.221,1.228,4.135
8,patch,40.0,1.0,0,2.863,3.871,2.507,3.678,2.737,4.006,2.411,3.812,3.143,4.284
8,patch,80.0,1.0,0,4.162,4.571,3.240,4.113,4.182,4.213,4.212,3.896,5.415,3.962
8,patch,160.0,1.0,0,8.732,6.640,7.396,6.191,8.999,7.071,10.247,8.044,12.593,7.416
8,patch,320.0,1.0,0,15.878,13.819,15.091,13.530,14.797,13.060,16.545,13.321,24.220,14.172
9,patch,10.0,1.0,0,1.652,4.075,1.547,4.174,1.679,3.967,1.167,3.893,1.046,3.928
9,patch,20.0,1.0,0,0.986,4.540,0.563,4.610,0.372,4.158,-0.047,4.385,-0.494,4.697
9,patch,40.0,1.0,0,3.501,4.351,2.918,3.702,3.150,4.323,2.172,3.729,2.792,4.195
9,patch,80.0,1.0,0,4.550,3.946,4.647,4.234,3.836,4.474,3.771,4.143,5.275,4.355
9,patch,160.0,1.0,0,7.365,6.013,7.214,6.090,5.650,4.738,5.701,4.852,10.025,8.834
9,patch,320.0,1.0,0,17.039,15.304,16.580,15.491,13.071,10.935,12.648,10.544,21.753,19.876
10,patch,10.0,1.0,0,0.665,3.476,0.988,3.705,-0.397,3.720,-0.441,4.640,0.775,4.244
10,patch,20.0,1.0,0,-0.259,4.250,-0.145,3.451,-0.738,3.793,0.886,3.770,0.835,3.949
10,patch,40.0,1.0,0,-0.139,4.227,0.001,3.845,0.373,4.162,0.364,4.571,0.454,4.727
10,patch,80.0,1.0,0,2.582,4.323,3.008,4.439,2.438,4.205,2.151,4.492,3.367,4.760
10,patch,160.0,1.0,0,8.067,7.347,8.151,7.717,7.043,6.415,7.544,5.141,9.095,6.539
10,patch,320.0,1.0,0,14.729,12.019,14.161,12.972,12.636,10.792,13.075,8.842,16.576,11.738
11,patch,10.0,1.0,0,0.867,3.908,0.969,4.060,0.397,3.868,0.015,3.843,0.371,3.810
11,patch,20.0,1.0,0,1.554,3.629,1.297,3.936,1.171,3.818,1.962,3.885,1.472,3.459
11,patch,40.0,1.0,0,0.488,4.573,-0.629,4.367,1.027,4.106,1.547,3.771,2.038,3.604
11,patch,80.0,1.0,0,5.346,5.248,4.016,3.939,5.346,5.336,6.253,6.061,8.711,8.124
11,patch,160.0,1.0,0,10.676,10.286,9.171,8.811,10.802,10.440,11.770,10.424,15.157,13.752
11,patch,320.0,1.0,0,20.651,19.242,16.116,15.137,20.269,18.975,21.615,17.191,30.653,27.014
12,patch,10.0,1.0,0,0.088,3.935,-0.080,3.815,0.122,4.039,1.693,4.188,2.711,3.770
12,patch,20.0,1.0,0,1.117,4.462,0.399,4.089,1.283,4.406,2.566,4.198,1.633,4.076
12,patch,40.0,1.0,0,4.253,4.695,3.678,4.025,3.674,4.600,4.722,4.682,7.094,6.545
12,patch,80.0,1.0,0,6.591,6.541,4.987,5.149,6.901,6.729,7.638,6.348,10.242,9.153
12,patch,160.0,1.0,0,14.755,14.131,11.210,10.805,14.486,13.881,16.476,14.379,23.952,21.864
12,patch,320.0,1.0,0,29.682,27.983,23.043,22.132,29.136,27.576,34.889,29.080,48.763,43.511
13,patch,10.0,1.0,0,1.444,4.378,1.050,4.174,1.976,4.440,1.607,4.271,1.192,4.941
13,patch,20.0,1.0,0,0.776,3.704,0.164,4.193,1.233,3.643,2.122,4.366,1.582,3.815
13,patch,40.0,1.0,0,1.709,3.607,1.207,4.195,1.511,3.513,2.430,4.157,2.450,3.829
13,patch,80.0,1.0,0,6.483,6.543,6.007,5.970,5.901,6.154,9.064,7.743,9.089,7.389
13,patch,160.0,1.0,0,14.440,13.704,12.497,11.794,13.363,12.878,18.190,15.830,18.931,15.568
13,patch,320.0,1.0,0,24.515,21.825,20.790,18.809,23.425,21.129,32.194,26.799,33.894,25.473
14,patch,10.0,1.0,0,1.964,3.725,1.332,4.334,1.989,3.827,2.064,5.316,1.764,4.375
14,patch,20.0,1.0,0,2.149,4.725,1.955,4.935,2.020,4.677,1.873,5.207,3.072,5.624
14,patch,40.0,1.0,0,3.056,4.347,2.728,4.319,2.914,4.418,4.784,5.097,4.508,4.902
14,patch,80.0,1.0,0,7.481,7.033,6.412,5.841,7.094,6.953,9.441,8.009,11.975,10.636
14,patch,160.0,1.0,0,15.277,13.812,12.454,11.701,14.954,13.597,20.682,16.306,22.988,18.803
14,patch,320.0,1.0,0,33.404,28.097,26.803,23.323,32.568,27.451,42.533,34.187,48.677,40.602
15,patch,10.0,1.0,0,1.477,3.914,0.417,3.874,1.678,4.018,0.410,4.333,1.534,4.594
15,patch,20.0,1.0,0,0.916,3.834,2.031,4.047,0.429,4.032,1.514,3.509,0.550,4.026
15,patch,40.0,1.0,0,2.355,3.680,1.674,4.116,2.289,3.789,3.866,4.213,5.215,5.110
15,patch,80.0,1.0,0,8.433,8.662,5.791,6.060,8.320,8.368,8.756,8.276,10.356,8.175
15,patch,160.0,1.0,0,12.420,11.559,9.408,9.177,11.425,10.599,17.979,15.187,20.858,15.840
15,patch,320.0,1.0,0,28.597,26.544,21.181,19.758,27.316,25.385,37.674,32.193,40.681,30.257
16,patch,10.0,1.0,0,1.303,3.363,1.553,3.556,1.251,3.457,1.907,3.270,2.235,3.870
16,patch,20.0,1.0,0,1.046,4.349,0.176,3.807,1.058,3.868,1.825,3.753,2.165,3.834
16,patch,40.0,1.0,0,3.767,3.993,3.236,3.654,3.773,4.154,6.196,5.226,5.533,4.434
16,patch,80.0,1.0,0,6.771,6.881,5.196,5.707,7.050,7.203,8.773,8.260,10.316,9.664
16,patch,160.0,1.0,0,15.794,15.647,13.426,13.131,14.889,15.185,19.249,17.378,21.923,18.248
16,patch,320.0,1.0,0,31.657,29.005,25.484,24.300,29.900,27.757,37.822,32.451,43.214,35.355
17,patch,10.0,1.0,0,1.978,4.301,2.793,4.304,1.026,4.062,1.206,4.508,1.464,4.317
17,patch,20.0,1.0,0,-0.474,4.831,-1.443,4.675,0.183,4.503,1.476,3.876,0.783,3.873
17,patch,40.0,1.0,0,1.935,4.048,2.042,3.938,2.015,3.828,3.598,3.857,3.985,4.179
17,patch,80.0,1.0,0,5.147,4.653,4.033,4.740,5.496,4.859,6.276,5.732,7.992,7.025
17,patch,160.0,1.0,0,10.683,9.335,8.898,8.342,9.946,8.580,11.881,10.095,14.749,11.467
17,patch,320.0,1.0,0,21.249,18.572,17.536,15.592,20.343,17.828,25.402,22.429,31.134,23.794
18,patch,10.0,1.0,1,0.223,4.598,0.397,4.187,0.212,4.786,0.831,4.157,1.915,4.184
18,patch,20.0,1.0,1,1.594,3.922,1.035,4.321,1.816,3.873,1.957,4.272,1.804,3.878
18,patch,40.0,1.0,1,-1.019,4.005,-1.493,3.977,-1.094,3.540,-0.216,3.609,-0.675,3.774
18,patch,80.0,1.0,1,3.796,3.486,3.747,4.113,3.538,3.639,3.181,3.863,3.674,4.579
18,patch,160.0,1.0,1,5.981,4.792,5.374,4.632,6.031,4.992,6.605,5.401,7.398,6.013
18,patch,320.0,1.0,1,14.359,13.005,12.038,10.585,14.434,13.212,14.907,13.947,15.901,14.569
19,patch,10.0,1.0,1,1.454,3.628,1.225,3.813,1.094,3.798,1.464,3.525,0.722,5.024
19,patch,20.0,1.0,1,0.516,3.970,0.338,4.123,0.534,4.106,-0.357,4.101,1.003,3.937
19,patch,40.0,1.0,1,-1.359,3.932,-1.181,3.832,-1.363,3.956,-0.368,3.884,0.736,3.809
19,patch,80.0,1.0,1,2.394,4.345,1.703,4.070,2.248,3.708,3.317,4.071,3.419,4.320
19,patch,160.0,1.0,1,1.854,3.986,1.179,4.496,1.941,3.730,3.329,4.126,2.074,4.007
19,patch,320.0,1.0,1,8.829,5.291,7.904,5.083,8.243,5.440,10.462,7.098,11.358,7.390
20,patch,10.0,1.0,1,-0.081,4.525,0.737,4.790,-0.504,4.170,-0.642,4.205,-0.543,3.894
20,patch,20.0,1.0,1,2.344,4.518,2.253,4.488,2.123,4.549,2.365,4.415,2.293,4.206
20,patch,40.0,1.0,1,1.092,3.892,0.730,4.441,1.283,3.872,1.359,3.994,1.845,4.084
20,patch,80.0,1.0,1,4.145,4.454,3.589,4.156,3.556,3.859,2.682,3.918,2.488,4.102
20,patch,160.0,1.0,1,3.338,4.053,3.248,4.163,3.135,4.205,4.547,4.972,3.755,3.959
20,patch,320.0,1.0,1,10.246,9.930,9.422,9.028,10.180,9.880,10.769,10.046,12.043,10.118
21,patch,10.0,1.0,1,0.132,4.210,-0.037,3.953,0.649,4.481,0.935,4.147,1.449,3.873
21,patch,20.0,1.0,1,-0.142,4.890,0.158,4.671,-0.159,4.917,-0.551,5.019,-0.557,4.950
21,patch,40.0,1.0,1,0.847,5.155,0.460,3.858,0.868,5.001,0.617,3.881,1.375,3.896
21,patch,80.0,1.0,1,1.522,3.890,1.521,4.527,1.732,3.661,2.259,4.300,2.296,4.694
21,patch,160.0,1.0,1,2.575,4.547,2.622,3.996,2.657,4.634,2.736,4.149,4.143,4.152
21,patch,320.0,1.0,1,6.016,5.474,6.230,5.785,4.924,4.637,5.029,4.830,8.736,7.026
22,patch,10.0,1.0,1,0.273,4.119,0.046,3.536,0.480,4.073,0.231,3.991,0.368,3.884
22,patch,20.0,1.0,1,1.521,3.906,1.534,4.136,1.194,3.888,1.115,3.716,1.946,3.732
22,patch,40.0,1.0,1,2.319,3.964,3.587,4.597,1.879,4.056,3.089,4.569,2.926,4.398
22,patch,80.0,1.0,1,5.355,4.101,3.616,4.191,5.757,4.436,5.164,4.838,5.437,4.104
22,patch,160.0,1.0,1,8.720,8.079,6.938,6.715,8.730,7.809,10.131,8.995,9.835,7.916
22,patch,320.0,1.0,1,16.282,14.151,14.425,12.952,15.256,13.116,18.456,15.147,19.407,16.382
23,patch,10.0,1.0,1,-0.200,3.619,-0.426,3.513,-0.130,3.570,-0.701,3.961,-0.385,4.754
23,patch,20.0,1.0,1,0.671,3.973,1.170,3.850,0.558,4.135,-0.288,4.674,1.244,3.990
23,patch,40.0,1.0,1,-0.291,4.297,0.161,4.176,-0.033,4.079,-0.068,3.813,0.367,4.078
23,patch,80.0,1.0,1,1.775,3.575,1.618,3.993,1.515,3.865,1.246,3.872,2.046,3.558
23,patch,160.0,1.0,1,5.174,4.771,4.904,4.972,4.839,4.577,4.934,5.067,7.234,6.172
23,patch,320.0,1.0,1,13.665,8.460,12.137,8.180,12.445,9.396,12.788,9.304,13.998,8.183
24,patch,10.0,1.0,1,0.849,3.948,0.679,3.633,1.119,3.533,0.690,4.032,0.825,4.237
24,patch,20.0,1.0,1,2.079,4.021,2.552,4.914,1.852,3.843,1.514,4.071,2.230,4.017
24,patch,40.0,1.0,1,2.142,4.411,1.609,4.620,2.557,4.565,3.413,4.520,2.800,3.857
24,patch,80.0,1.0,1,4.719,4.770,3.268,4.570,4.596,4.991,5.068,5.948,5.965,4.370
24,patch,160.0,1.0,1,12.342,9.947,10.168,8.556,11.964,11.169,13.179,12.963,14.542,11.925
24,patch,320.0,1.0,1,25.075,19.177,20.647,16.664,24.904,22.207,26.939,25.553,29.069,21.710
25,patch,10.0,1.0,1,0.372,3.851,-0.208,3.889,0.443,4.513,0.602,3.768,0.192,3.753
25,patch,20.0,1.0,1,2.413,4.148,2.419,4.462,1.991,4.190,2.195,4.455,2.967,3.748
25,patch,40.0,1.0,1,3.965,4.595,3.373,4.849,3.770,4.290,4.845,4.385,6.156,5.646
25,patch,80.0,1.0,1,7.817,7.101,7.336,6.716,7.130,6.588,9.132,8.319,11.085,9.243
25,patch,160.0,1.0,1,16.646,15.403,14.446,13.517,15.690,14.763,18.701,16.020,21.012,16.826
25,patch,320.0,1.0,1,34.542,31.656,27.904,25.794,33.390,31.004,37.230,32.899,44.699,36.613
26,patch,10.0,1.0,1,0.474,4.548,0.110,4.149,0.542,4.370,0.985,5.066,1.900,4.031
26,patch,20.0,1.0,1,0.014,4.228,0.036,4.010,-0.271,4.012,0.764,4.248,2.274,4.182
26,patch,40.0,1.0,1,2.398,3.940,1.589,4.171,2.850,3.871,4.343,4.161,2.758,3.919
26,patch,80.0,1.0,1,3.113,4.673,2.324,4.400,3.484,4.716,5.802,6.315,6.387,6.925
26,patch,160.0,1.0,1,7.308,7.226,5.470,5.197,7.251,6.972,9.143,8.749,9.834,8.719
26,patch,320.0,1.0,1,17.103,15.622,14.262,13.411,16.917,15.257,21.664,20.181,23.440,21.035
27,patch,10.0,1.0,1,0.447,3.784,0.421,3.584,0.695,3.536,0.593,4.338,1.081,3.769
27,patch,20.0,1.0,1,0.495,4.290,-0.132,4.095,1.420,3.885,1.487,3.840,1.574,4.438
27,patch,40.0,1.0,1,2.280,3.861,1.914,3.889,2.260,3.969,1.839,3.654,3.486,3.990
27,patch,80.0,1.0,1,3.977,5.018,4.184,4.854,3.574,4.592,3.666,4.808,4.611,5.023
27,patch,160.0,1.0,1,11.160,9.601,10.492,9.029,10.176,9.162,10.120,9.036,12.803,10.573
27,patch,320.0,1.0,1,20.665,17.868,18.791,16.260,19.688,17.237,20.061,17.779,23.603,19.546
28,patch,10.0,1.0,1,-1.070,3.904,-1.276,3.807,-1.401,4.121,-1.079,3.993,-0.078,4.186
28,patch,20.0,1.0,1,2.321,4.078,2.843,4.253,1.703,3.712,1.406,3.879,1.272,3.792
28,patch,40.0,1.0,1,2.518,3.970,2.778,4.718,2.654,3.871,3.585,4.123,3.641,4.001
28,patch,80.0,1.0,1,6.486,6.155,5.322,5.175,6.342,6.039,6.415,6.683,7.587,7.902
28,patch,160.0,1.0,1,12.545,12.269,12.082,12.046,11.265,11.085,14.075,13.704,15.608,14.945
28,patch,320.0,1.0,1,26.707,25.419,22.153,21.365,25.085,24.297,29.141,27.418,33.599,31.570
29,patch,10.0,1.0,1,0.666,3.781,1.047,3.895,0.510,3.784,0.036,4.550,0.480,4.246
29,patch,20.0,1.0,1,1.069,4.276,2.086,4.184,1.111,4.007,1.870,3.699,2.026,3.863
29,patch,40.0,1.0,1,3.749,3.653,2.381,3.991,3.588,4.447,3.690,4.273,4.999,4.203
29,patch,80.0,1.0,1,6.854,6.105,3.250,3.935,6.871,6.288,7.609,6.944,8.754,7.268
29,patch,160.0,1.0,1,11.694,11.038,7.879,7.406,11.653,11.223,16.592,14.248,16.054,13.091
29,patch,320.0,1.0,1,20.726,19.056,16.227,15.403,20.194,18.955,26.870,22.233,31.109,26.591
30,patch,10.0,1.0,1,-0.967,5.310,-0.636,4.375,-0.894,5.225,-0.380,5.231,0.173,4.644
30,patch,20.0,1.0,1,0.539,4.101,0.768,4.560,0.836,4.158,0.658,3.799,1.163,3.723
30,patch,40.0,1.0,1,2.546,3.713,2.085,3.959,2.462,3.897,2.517,3.706,2.572,3.811
30,patch,80.0,1.0,1,6.340,6.323,4.983,4.956,6.453,6.790,7.511,7.781,8.284,8.130
30,patch,160.0,1.0,1,15.998,15.583,13.831,13.883,15.818,15.491,16.729,16.463,18.107,17.289
30,patch,320.0,1.0,1,30.613,29.475,27.267,26.264,29.775,29.072,32.901,31.935,36.113,34.072
31,patch,10.0,1.0,1,0.895,3.609,0.743,3.573,1.207,3.433,0.933,3.826,0.847,3.888
31,patch,20.0,1.0,1,1.814,3.829,1.471,3.589,1.810,3.986,2.364,4.020,2.818,5.049
31,patch,40.0,1.0,1,5.285,4.511,4.563,4.263,5.093,4.524,5.135,4.303,4.734,4.155
31,patch,80.0,1.0,1,5.099,4.925,5.117,5.335,4.819,4.823,6.359,6.487,6.241,5.884
31,patch,160.0,1.0,1,14.667,14.000,13.696,13.685,13.876,13.371,14.416,13.830,14.058,13.404
31,patch,320.0,1.0,1,29.127,27.846,26.489,25.824,28.212,27.320,29.988,29.283,30.402,29.348
32,patch,10.0,1.0,1,0.491,3.864,-0.128,3.927,0.931,4.130,0.733,3.947,0.706,4.403
32,patch,20.0,1.0,1,1.014,3.591,0.535,3.817,0.997,3.634,1.025,3.877,0.863,3.395
32,patch,40.0,1.0,1,2.392,3.757,2.169,3.676,2.049,3.744,1.516,3.623,1.566,4.127
32,patch,80.0,1.0,1,4.494,4.543,4.194,4.089,4.083,4.435,4.417,4.416,3.981,3.991
32,patch,160.0,1.0,1,7.592,7.145,7.120,6.695,7.378,7.050,7.942,7.545,8.514,8.068
32,patch,320.0,1.0,1,18.542,16.917,18.037,16.486,18.139,16.838,18.188,16.323,19.165,16.552
33,patch,10.0,1.0,1,-0.370,3.958,0.154,4.090,-0.251,4.184,0.413,4.002,0.710,3.848
33,patch,20.0,1.0,1,1.412,4.020,1.201,4.214,1.750,3.983,0.395,3.990,0.203,4.272
33,patch,40.0,1.0,1,2.216,4.783,1.856,4.062,2.263,4.787,1.951,3.691,2.460,3.818
33,patch,80.0,1.0,1,3.626,4.437,2.521,3.418,3.260,3.891,4.457,4.915,5.951,5.256
33,patch,160.0,1.0,1,11.387,11.136,7.778,7.373,11.325,11.049,12.956,11.379,14.783,13.035
33,patch,320.0,1.0,1,22.508,20.076,18.264,16.734,22.015,19.282,24.493,19.757,29.472,25.466
34,patch,10.0,1.0,1,1.711,4.404,1.709,4.121,1.295,4.107,1.584,3.718,1.334,3.711
34,patch,20.0,1.0,1,1.623,3.979,2.328,4.497,1.157,3.986,1.104,4.415,0.989,3.681
34,patch,40.0,1.0,1,4.608,4.219,4.649,4.652,4.479,4.490,3.990,3.970,5.639,5.536
34,patch,80.0,1.0,1,8.645,8.308,7.859,7.554,8.131,8.357,7.285,7.337,8.905,8.027
34,patch,160.0,1.0,1,17.192,15.509,15.882,14.791,16.477,15.277,17.125,16.254,19.622,17.877
34,patch,320.0,1.0,1,36.733,33.180,33.570,30.845,34.570,32.346,36.763,34.843,38.656,33.523
35,patch,10.0,1.0,1,0.505,3.843,0.133,3.772,0.465,3.782,0.123,4.122,0.460,4.191
35,patch,20.0,1.0,1,0.939,3.794,0.981,3.675,1.133,3.526,1.402,3.534,1.435,3.887
35,patch,40.0,1.0,1,3.438,4.086,3.380,3.673,3.013,3.944,3.296,4.651,3.368,3.851
35,patch,80.0,1.0,1,4.294,4.762,3.779,4.996,4.418,4.327,3.994,3.966,4.036,4.368
35,patch,160.0,1.0,1,8.605,6.959,8.107,7.116,8.634,6.997,9.186,7.602,9.396,7.870
35,patch,320.0,1.0,1,18.976,15.566,17.891,16.162,18.223,15.257,18.410,15.146,19.115,15.338
36,patch,10.0,1.0,2,2.004,3.931,1.823,3.984,1.915,3.825,2.092,3.582,2.238,4.289
36,patch,20.0,1.0,2,0.953,3.830,1.396,4.157,0.772,4.052,0.197,3.826,0.831,3.933
36,patch,40.0,1.0,2,2.373,4.617,1.637,4.301,2.340,4.424,2.510,4.667,1.865,4.299
36,patch,80.0,1.0,2,1.978,4.012,1.987,4.087,1.951,3.971,2.394,4.201,2.126,4.719
36,patch,160.0,1.0,2,1.658,3.765,0.771,3.723,1.493,4.029,1.262,3.761,2.615,3.974
36,patch,320.0,1.0,2,3.816,3.754,3.926,4.257,3.722,3.911,3.898,4.260,4.334,4.213
37,patch,10.0,1.0,2,0.136,4.222,-0.258,4.484,0.292,4.070,0.006,4.124,0.843,3.438
37,patch,20.0,1.0,2,0.123,4.293,-0.396,3.624,0.283,4.623,-0.448,3.686,0.261,4.284
37,patch,40.0,1.0,2,1.524,3.775,1.851,3.925,1.362,3.774,1.360,4.501,1.890,4.691
37,patch,80.0,1.0,2,2.070,4.529,1.912,3.803,1.935,4.537,2.156,3.670,2.652,4.271
37,patch,160.0,1.0,2,4.431,5.426,4.077,4.928,4.241,5.112,4.190,5.230,4.295,5.057
37,patch,320.0,1.0,2,8.623,7.949,7.728,7.446,8.458,7.772,8.471,7.939,9.612,8.751
38,patch,10.0,1.0,2,-0.385,3.697,-1.039,3.578,-0.431,4.212,-0.964,4.048,-0.531,4.412
38,patch,20.0,1.0,2,2.757,5.002,1.888,4.382,2.557,5.085,1.474,4.205,1.801,4.215
38,patch,40.0,1.0,2,-0.261,3.590,-0.739,3.987,-0.302,3.662,0.084,3.319,0.526,3.793
38,patch,80.0,1.0,2,2.261,3.842,1.601,3.929,2.223,3.711,1.723,4.323,2.451,3.574
38,patch,160.0,1.0,2,6.090,5.732,5.596,4.685,6.074,5.763,5.433,4.874,6.661,5.654
38,patch,320.0,1.0,2,10.393,8.312,8.518,7.514,10.353,8.584,8.911,7.149,10.287,8.019
39,patch,10.0,1.0,2,1.296,3.545,1.152,4.005,1.156,3.714,0.815,4.163,1.596,3.993
39,patch,20.0,1.0,2,-0.316,3.939,-0.412,3.575,-0.324,4.272,-0.005,3.699,-0.681,4.136
39,patch,40.0,1.0,2,1.844,4.281,1.376,3.785,2.166,4.532,1.864,3.910,2.551,3.952
39,patch,80.0,1.0,2,1.526,4.148,1.787,3.789,1.468,3.939,2.216,4.539,2.574,4.107
39,patch,160.0,1.0,2,5.817,6.551,4.697,5.449,5.820,6.539,5.995,6.783,6.423,7.140
39,patch,320.0,1.0,2,9.772,9.593,8.561,8.409,9.831,9.681,10.664,10.627,10.239,10.140
40,patch,10.0,1.0,2,-1.564,3.788,-2.219,3.885,-1.443,4.220,-1.250,3.820,-1.060,3.736
40,patch,20.0,1.0,2,-1.193,3.914,-1.855,3.951,-1.252,3.746,-1.017,4.620,-0.996,3.603
40,patch,40.0,1.0,2,2.344,4.010,2.718,4.476,2.110,3.810,2.015,4.117,1.441,3.837
40,patch,80.0,1.0,2,4.696,5.008,3.387,4.301,4.784,5.147,5.050,4.912,6.076,5.170
40,patch,160.0,1.0,2,9.392,8.787,7.074,7.073,9.438,8.900,10.091,8.953,11.321,9.627
40,patch,320.0,1.0,2,15.605,14.683,12.245,11.700,15.608,14.625,15.417,13.105,19.417,17.057
41,patch,10.0,1.0,2,0.232,3.810,-0.068,4.164,0.108,3.626,-0.074,3.908,0.299,3.962
41,patch,20.0,1.0,2,1.966,4.535,1.948,4.461,1.827,4.544,2.150,4.041,1.479,4.073
41,patch,40.0,1.0,2,1.169,4.350,1.487,4.119,1.241,4.533,1.313,4.294,1.269,4.514
41,patch,80.0,1.0,2,1.752,3.641,1.492,3.526,1.527,3.669,1.124,3.512,1.702,4.293
41,patch,160.0,1.0,2,2.684,4.010,3.124,4.310,2.708,4.140,3.386,3.607,3.041,3.628
41,patch,320.0,1.0,2,7.516,7.419,7.726,7.539,7.189,7.208,7.662,7.738,8.338,8.342
42,patch,10.0,1.0,2,-0.446,3.762,-0.552,4.325,-0.440,4.057,-0.140,4.195,-0.309,4.029
42,patch,20.0,1.0,2,1.630,4.079,1.577,3.838,1.598,3.930,0.907,3.968,1.726,4.063
42,patch,40.0,1.0,2,1.950,3.725,1.965,3.868,1.963,3.676,1.825,4.327,2.082,4.191
42,patch,80.0,1.0,2,2.755,4.010,2.224,3.648,2.834,4.160,2.884,4.521,2.331,3.898
42,patch,160.0,1.0,2,4.475,4.355,4.898,4.195,4.579,4.368,5.044,5.092,5.015,4.222
42,patch,320.0,1.0,2,8.761,7.097,7.858,7.273,8.572,7.110,8.939,7.579,8.962,6.986
43,patch,10.0,1.0,2,0.839,4.273,0.834,4.256,0.655,4.184,0.269,4.026,0.993,3.708
43,patch,20.0,1.0,2,1.455,4.170,1.333,3.723,1.500,3.879,0.703,3.758,1.795,4.131
43,patch,40.0,1.0,2,1.899,4.464,1.821,4.530,1.924,4.356,1.397,4.066,1.762,3.824
43,patch,80.0,1.0,2,4.447,4.748,3.819,4.020,4.444,4.586,5.869,6.038,5.682,5.688
43,patch,160.0,1.0,2,10.412,9.991,9.136,8.633,10.463,9.939,10.369,9.780,10.475,9.951
43,patch,320.0,1.0,2,19.063,18.264,18.005,16.883,18.939,18.029,18.794,17.978,20.184,19.422
44,patch,10.0,1.0,2,-0.322,4.018,-0.358,3.753,-0.529,4.427,-0.825,4.002,-1.205,3.607
44,patch,20.0,1.0,2,1.389,4.110,1.442,3.742,1.509,4.026,1.500,4.096,1.302,4.121
44,patch,40.0,1.0,2,2.634,4.342,2.600,3.454,2.743,3.972,2.205,3.312,3.018,3.546
44,patch,80.0,1.0,2,3.768,4.101,3.861,3.930,3.416,4.300,3.325,4.025,3.637,5.036
44,patch,160.0,1.0,2,4.295,4.234,4.668,4.917,4.119,3.996,4.760,4.571,4.816,5.054
44,patch,320.0,1.0,2,8.869,7.250,6.600,5.287,8.904,7.469,9.856,8.407,10.402,8.972
45,patch,10.0,1.0,2,-0.072,4.019,0.051,4.410,-0.070,3.784,0.303,4.181,0.643,4.266
45,patch,20.0,1.0,2,2.119,3.980,1.721,3.734,2.127,3.925,2.876,3.721,2.633,4.108
45,patch,40.0,1.0,2,0.942,4.085,1.137,4.229,0.492,4.015,1.746,3.893,2.263,3.616
45,patch,80.0,1.0,2,1.622,4.317,1.375,3.788,1.714,4.463,1.614,3.983,2.045,4.387
45,patch,160.0,1.0,2,11.027,10.351,10.154,9.687,10.664,10.098,11.023,10.335,11.616,11.059
45,patch,320.0,1.0,2,18.293,17.293,17.068,16.607,17.755,16.959,18.699,17.562,19.943,19.118
46,patch,10.0,1.0,2,2.179,4.133,2.709,4.026,2.195,4.052,2.881,3.744,2.805,4.112
46,patch,20.0,1.0,2,3.651,4.657,3.425,4.081,3.662,4.927,3.016,4.198,3.326,4.039
46,patch,40.0,1.0,2,0.184,4.125,0.951,4.173,0.139,3.999,0.821,3.835,0.663,3.826
46,patch,80.0,1.0,2,0.904,4.414,1.147,4.481,1.034,4.008,1.611,4.341,1.745,4.237
46,patch,160.0,1.0,2,2.107,4.406,1.798,4.004,1.947,4.313,1.225,3.931,2.624,4.113
46,patch,320.0,1.0,2,8.168,6.950,8.171,7.151,7.838,6.926,7.922,7.110,8.540,7.221
47,patch,10.0,1.0,2,-0.467,4.027,0.164,3.599,-0.650,3.860,-0.264,4.259,0.047,4.217
47,patch,20.0,1.0,2,-1.009,4.518,-0.746,3.852,-0.913,4.194,-0.446,3.962,-0.644,3.842
47,patch,40.0,1.0,2,0.180,3.928,0.251,3.743,0.178,4.380,-0.468,4.085,0.517,4.684
47,patch,80.0,1.0,2,1.155,3.506,0.236,3.601,1.208,3.837,0.678,3.840,1.126,4.011
47,patch,160.0,1.0,2,3.400,4.056,3.568,4.005,3.328,4.224,6.116,5.875,6.265,6.737
47,patch,320.0,1.0,2,7.331,5.900,5.936,4.978,7.291,5.992,9.172,8.161,9.536,8.557
48,patch,10.0,1.0,2,0.593,4.591,0.299,3.966,0.870,4.701,1.190,3.895,1.000,4.363
48,patch,20.0,1.0,2,0.485,3.613,0.912,3.672,0.322,3.667,1.077,4.097,0.671,3.780
48,patch,40.0,1.0,2,3.436,4.039,2.611,4.047,3.416,4.034,2.680,4.239,2.670,4.403
48,patch,80.0,1.0,2,4.607,4.498,4.302,4.290,4.460,4.279,4.641,4.494,4.182,4.096
48,patch,160.0,1.0,2,9.607,9.061,9.152,8.745,9.614,8.978,10.405,9.745,9.827,8.583
48,patch,320.0,1.0,2,19.499,18.105,17.335,16.270,19.422,18.197,20.000,18.690,20.270,18.190
49,patch,10.0,1.0,2,2.436,3.864,2.297,4.368,2.071,4.230,1.597,3.598,1.717,3.788
49,patch,20.0,1.0,2,1.480,3.626,0.722,3.836,1.291,3.630,1.781,4.027,0.676,3.472
49,patch,40.0,1.0,2,0.771,4.451,-0.198,4.343,0.707,4.372,0.288,3.925,0.785,3.870
49,patch,80.0,1.0,2,2.205,4.372,1.836,4.327,2.026,4.042,0.442,4.054,2.806,4.443
49,patch,160.0,1.0,2,7.618,7.308,5.952,5.915,7.155,6.954,7.460,7.396,9.705,9.179
49,patch,320.0,1.0,2,11.844,11.191,8.859,8.238,11.946,11.384,12.524,11.657,16.265,15.463
50,patch,10.0,1.0,2,-2.795,4.111,-2.401,3.916,-2.609,4.058,-2.559,3.744,-2.322,3.763
50,patch,20.0,1.0,2,1.219,4.075,1.808,4.272,1.349,4.187,0.835,4.018,0.470,3.869
50,patch,40.0,1.0,2,3.003,4.286,2.843,3.958,2.947,4.234,2.739,4.457,2.543,3.960
50,patch,80.0,1.0,2,1.448,3.751,1.978,3.607,1.264,3.721,1.682,3.584,2.112,3.867
50,patch,160.0,1.0,2,5.899,5.502,5.338,5.118,5.919,5.568,6.189,5.512,6.868,6.457
50,patch,320.0,1.0,2,9.287,9.018,8.481,8.130,9.128,9.089,9.013,8.934,9.735,9.778
51,patch,10.0,1.0,2,-0.760,3.961,-0.997,3.719,-0.633,4.381,-0.337,3.978,-1.532,3.754
51,patch,20.0,1.0,2,0.480,4.159,0.703,4.078,0.469,3.751,0.589,3.814,0.387,4.589
51,patch,40.0,1.0,2,1.057,3.903,0.770,3.707,1.276,3.882,1.340,4.334,1.137,3.893
51,patch,80.0,1.0,2,0.431,3.512,0.458,4.105,0.428,3.647,0.588,3.857,1.369,4.450
51,patch,160.0,1.0,2,4.077,4.134,3.585,4.562,4.364,4.307,4.632,4.299,4.802,4.524
51,patch,320.0,1.0,2,8.685,7.757,7.871,7.396,8.619,7.730,8.857,7.906,8.927,7.771
52,patch,10.0,1.0,2,0.042,3.534,-1.270,3.738,0.487,3.860,-0.643,3.858,-0.538,4.010
52,patch,20.0,1.0,2,2.066,4.350,2.015,4.075,1.903,4.260,1.327,4.175,1.924,3.973
52,patch,40.0,1.0,2,0.568,3.804,0.811,3.912,0.570,3.779,0.588,3.741,0.182,3.860
52,patch,80.0,1.0,2,3.680,4.432,3.344,4.316,3.569,4.293,3.960,4.159,4.218,4.597
52,patch,160.0,1.0,2,9.096,9.180,8.638,8.878,9.227,9.265,10.054,9.627,9.952,9.230
52,patch,320.0,1.0,2,16.509,15.685,14.895,14.115,16.358,15.549,18.108,16.856,18.231,17.058
53,patch,10.0,1.0,2,2.572,3.956,2.486,4.167,2.676,3.952,2.255,4.495,2.367,4.738
53,patch,20.0,1.0,2,0.173,3.843,0.059,3.735,-0.088,4.062,0.471,3.935,0.309,4.086
53,patch,40.0,1.0,2,0.813,3.633,0.591,3.784,0.821,3.519,1.006,3.712,0.479,3.682
53,patch,80.0,1.0,2,3.418,4.163,3.084,4.503,3.299,4.030,3.555,3.943,3.866,4.008
53,patch,160.0,1.0,2,7.007,6.895,5.806,6.084,6.937,7.038,7.383,7.154,7.919,7.181
53,patch,320.0,1.0,2,18.215,18.038,16.011,16.305,18.211,18.027,19.297,19.397,20.387,19.852
54,patch,10.0,1.0,3,0.620,3.826,0.288,3.963,0.611,3.872,0.400,3.694,0.881,3.455
54,patch,20.0,1.0,3,1.285,4.092,1.319,3.486,1.040,4.110,0.709,3.544,1.084,3.688
54,patch,40.0,1.0,3,1.495,4.007,1.241,4.111,1.458,3.745,1.711,4.202,1.213,3.647
54,patch,80.0,1.0,3,2.741,4.531,2.142,4.326,3.005,4.353,2.470,3.852,2.506,3.853
54,patch,160.0,1.0,3,3.348,4.505,3.392,4.682,3.328,4.655,3.776,4.725,3.738,4.606
54,patch,320.0,1.0,3,8.040,7.498,7.215,6.875,8.208,7.566,8.549,8.043,8.280,8.070
55,patch,10.0,1.0,3,2.182,4.247,1.930,4.081,2.385,4.042,1.658,3.865,1.612,3.833
55,patch,20.0,1.0,3,0.734,3.456,0.129,3.594,0.628,3.397,-0.129,3.767,-0.286,4.238
55,patch,40.0,1.0,3,0.190,4.053,-0.213,4.313,0.395,3.852,0.658,3.775,0.543,4.017
55,patch,80.0,1.0,3,0.863,3.541,1.608,3.913,0.711,3.711,0.827,3.750,1.111,3.962
55,patch,160.0,1.0,3,1.566,4.545,1.352,4.361,1.538,4.417,1.412,4.546,1.699,4.423
55,patch,320.0,1.0,3,5.979,5.665,5.079,4.828,6.178,5.790,5.943,5.655,7.414,6.644
56,patch,10.0,1.0,3,-0.629,4.310,-0.373,4.139,-0.891,4.354,-0.852,3.847,0.033,3.881
56,patch,20.0,1.0,3,1.999,3.674,1.793,3.681,1.949,4.138,2.121,3.584,1.246,3.919
56,patch,40.0,1.0,3,1.182,3.698,1.134,3.432,1.251,3.985,1.105,3.470,1.165,3.773
56,patch,80.0,1.0,3,1.288,3.984,1.015,3.653,1.232,4.115,1.787,4.645,1.719,3.764
56,patch,160.0,1.0,3,3.350,4.177,2.460,3.602,3.624,4.133,3.233,4.047,4.033,4.284
56,patch,320.0,1.0,3,6.157,6.121,6.556,6.471,6.041,5.978,5.830,5.626,7.273,6.931
57,patch,10.0,1.0,3,-0.807,3.742,0.332,3.727,-0.956,4.022,-1.549,4.053,-0.382,4.174
57,patch,20.0,1.0,3,-0.432,3.711,-0.828,3.862,-0.428,3.945,0.132,3.647,-0.205,4.002
57,patch,40.0,1.0,3,-1.798,3.729,-0.903,3.870,-1.581,3.582,-1.608,3.486,-1.630,4.176
57,patch,80.0,1.0,3,1.043,4.126,1.397,4.015,0.974,4.386,0.860,3.826,1.324,4.126
57,patch,160.0,1.0,3,2.097,4.856,2.459,4.417,1.816,4.476,3.164,4.456,2.188,4.250
57,patch,320.0,1.0,3,1.869,3.757,2.370,3.892,1.789,3.608,1.633,3.929,3.388,4.827
58,patch,10.0,1.0,3,0.839,4.058,0.371,3.378,0.703,3.886,-0.063,3.915,-0.471,3.630
58,patch,20.0,1.0,3,0.593,3.624,-1.080,3.530,0.773,3.907,-0.138,3.920,-0.651,4.032
58,patch,40.0,1.0,3,1.778,3.753,0.801,3.873,1.798,3.695,1.829,3.918,2.372,4.072
58,patch,80.0,1.0,3,-0.738,3.812,-0.976,3.970,-0.778,4.004,-1.053,3.898,-0.549,4.138
58,patch,160.0,1.0,3,1.786,3.994,1.218,4.035,1.941,4.059,2.172,4.400,0.730,4.422
58,patch,320.0,1.0,3,3.456,4.354,2.035,3.845,3.186,4.387,3.534,3.718,2.591,3.946
59,patch,10.0,1.0,3,0.203,3.702,0.263,3.611,-0.117,4.139,0.628,3.748,0.487,3.871
59,patch,20.0,1.0,3,-1.136,4.392,-1.584,4.192,-1.189,4.886,-1.881,4.458,-1.038,4.267
59,patch,40.0,1.0,3,1.932,3.781,1.691,4.119,1.819,3.675,2.310,3.392,2.569,3.898
59,patch,80.0,1.0,3,0.651,4.300,1.279,4.147,1.114,4.111,1.185,4.077,0.663,3.875
59,patch,160.0,1.0,3,2.470,4.483,2.124,4.977,2.480,4.393,2.424,4.877,3.341,4.428
59,patch,320.0,1.0,3,2.933,4.125,2.274,4.116,3.422,4.249,3.136,4.142,4.387,5.446
60,patch,10.0,1.0,3,0.743,3.819,-0.566,4.024,0.625,3.447,0.701,3.984,0.879,3.807
60,patch,20.0,1.0,3,0.333,4.017,-0.156,4.304,0.513,3.770,-0.016,4.035,-0.077,3.971
60,patch,40.0,1.0,3,0.716,4.366,0.719,4.388,0.490,3.601,1.102,3.548,0.788,4.146
60,patch,80.0,1.0,3,3.420,4.301,2.298,3.912,3.659,4.414,3.095,3.792,3.045,4.269
60,patch,160.0,1.0,3,6.769,6.769,5.846,5.638,6.691,6.619,5.437,5.549,5.525,5.193
60,patch,320.0,1.0,3,10.850,10.722,9.435,9.273,10.824,10.713,9.617,9.593,10.427,9.993
61,patch,10.0,1.0,3,0.677,4.052,0.439,3.699,0.739,3.806,0.769,4.467,-0.293,3.880
61,patch,20.0,1.0,3,-0.785,3.707,-0.352,3.940,-0.462,3.716,0.584,3.448,0.999,3.955
61,patch,40.0,1.0,3,-0.115,4.647,-1.467,3.921,-0.144,4.803,-1.001,4.494,-0.176,4.154
61,patch,80.0,1.0,3,0.457,3.822,1.072,3.424,0.086,3.742,0.740,3.830,1.137,4.039
61,patch,160.0,1.0,3,1.702,4.352,1.116,4.145,1.748,4.218,1.442,4.293,1.236,4.261
61,patch,320.0,1.0,3,1.855,3.593,1.476,3.416,2.169,3.544,2.911,4.018,2.501,3.927
62,patch,10.0,1.0,3,-0.987,3.787,-0.818,3.791,-1.320,3.735,-2.266,3.487,-0.602,3.947
62,patch,20.0,1.0,3,0.004,3.786,0.123,4.032,0.069,3.903,-0.054,3.800,0.733,3.633
62,patch,40.0,1.0,3,0.727,3.749,0.534,4.304,0.644,3.764,0.433,3.788,1.299,3.951
62,patch,80.0,1.0,3,-0.620,4.142,-0.267,3.886,-0.499,4.390,0.456,4.650,-0.454,4.643
62,patch,160.0,1.0,3,1.298,3.804,0.808,4.201,1.340,3.866,1.551,4.480,0.470,3.762
62,patch,320.0,1.0,3,2.803,4.169,2.192,4.342,2.952,3.964,3.656,4.816,4.472,4.623
63,patch,10.0,1.0,3,0.598,4.153,0.328,3.431,0.737,3.784,1.386,3.817,1.858,3.851
63,patch,20.0,1.0,3,1.039,3.506,-0.059,3.562,1.629,3.475,-0.433,4.473,0.911,5.059
63,patch,40.0,1.0,3,-0.131,3.450,-0.798,3.754,-0.388,3.442,1.167,3.609,0.465,3.524
63,patch,80.0,1.0,3,0.381,3.693,1.217,3.875,0.221,3.812,0.265,4.332,0.792,3.838
63,patch,160.0,1.0,3,2.774,3.918,1.582,3.812,2.444,3.783,1.965,3.588,1.994,3.858
63,patch,320.0,1.0,3,3.869,4.017,4.289,4.654,4.000,4.288,5.340,5.527,4.253,4.404
64,patch,10.0,1.0,3,0.010,3.660,-0.614,3.210,0.180,3.842,-0.212,4.093,0.485,4.017
64,patch,20.0,1.0,3,1.588,3.812,1.904,4.054,1.482,3.753,1.068,3.901,1.370,3.950
64,patch,40.0,1.0,3,0.187,4.440,0.812,3.534,0.178,4.279,0.568,4.049,1.621,3.768
64,patch,80.0,1.0,3,1.979,4.165,2.456,3.925,1.900,4.104,2.312,4.477,2.878,4.117
64,patch,160.0,1.0,3,4.959,6.065,4.008,5.085,4.932,6.155,5.461,5.964,6.127,6.567
64,patch,320.0,1.0,3,8.119,7.351,6.045,5.346,8.005,7.245,7.572,6.896,9.927,9.526
65,patch,10.0,1.0,3,-0.610,4.248,-0.641,3.688,-0.513,4.563,-0.574,3.568,-0.882,4.386
65,patch,20.0,1.0,3,-0.298,3.718,-0.478,3.607,-0.201,3.936,-0.127,3.670,0.775,3.617
65,patch,40.0,1.0,3,1.088,3.314,0.155,4.005,1.134,3.313,0.899,3.466,1.098,3.545
65,patch,80.0,1.0,3,1.287,3.533,0.962,3.804,1.121,3.565,0.846,3.826,0.843,3.872
65,patch,160.0,1.0,3,4.488,4.278,3.962,4.114,4.538,4.490,3.949,4.232,4.104,4.334
65,patch,320.0,1.0,3,8.496,8.105,7.552,7.257,8.534,8.278,7.935,7.905,8.712,8.774
66,patch,10.0,1.0,3,-0.522,3.478,-0.536,3.911,-0.031,3.196,0.027,4.124,0.307,3.658
66,patch,20.0,1.0,3,-1.603,4.283,-1.912,4.232,-1.768,4.174,-1.327,3.971,-0.781,3.759
66,patch,40.0,1.0,3,0.238,3.730,0.435,3.194,0.200,3.729,-0.704,3.814,-1.146,3.572
66,patch,80.0,1.0,3,1.480,4.445,1.324,3.588,1.633,4.767,1.715,3.769,1.728,4.416
66,patch,160.0,1.0,3,2.519,4.041,2.653,4.064,2.271,4.166,2.359,3.499,2.547,3.679
66,patch,320.0,1.0,3,4.174,5.087,3.613,4.439,4.253,5.070,4.152,4.461,4.674,4.838
67,patch,10.0,1.0,3,-0.427,4.673,-0.896,4.108,-0.413,4.532,0.507,4.025,-0.259,4.155
67,patch,20.0,1.0,3,1.329,3.551,1.481,3.675,0.985,3.523,-0.276,3.838,0.271,3.884
67,patch,40.0,1.0,3,-0.930,3.852,-0.326,3.840,-0.891,3.946,0.221,4.122,-1.054,4.197
67,patch,80.0,1.0,3,1.112,4.075,0.653,4.156,1.297,4.061,1.139,3.860,2.669,4.067
67,patch,160.0,1.0,3,2.955,4.366,2.965,3.691,2.805,4.024,2.202,4.126,3.414,4.109
67,patch,320.0,1.0,3,4.676,5.292,4.479,5.200,4.615,5.143,4.393,5.168,4.714,4.916
68,patch,10.0,1.0,3,1.512,3.713,1.289,3.363,1.258,3.779,0.738,4.070,0.538,3.609
68,patch,20.0,1.0,3,-1.279,4.439,-0.952,3.983,-1.301,4.316,-1.486,3.967,-0.558,4.348
68,patch,40.0,1.0,3,1.504,4.214,1.347,3.804,1.438,4.346,1.740,4.351,1.603,4.109
68,patch,80.0,1.0,3,3.015,3.876,2.864,4.462,3.122,3.774,3.637,4.497,3.041,4.122
68,patch,160.0,1.0,3,2.878,4.311,2.585,4.338,2.814,4.190,3.207,4.261,3.544,4.540
68,patch,320.0,1.0,3,7.257,6.531,6.348,5.546,7.362,6.619,8.398,7.948,8.826,8.015
69,patch,10.0,1.0,3,-0.882,3.860,-0.923,3.600,-0.797,4.121,-0.551,3.803,-0.843,4.572
69,patch,20.0,1.0,3,0.923,3.621,0.181,3.492,0.779,3.455,0.370,3.476,-0.156,3.860
69,patch,40.0,1.0,3,1.104,3.822,1.068,3.522,1.206,3.616,0.774,3.597,1.076,3.467
69,patch,80.0,1.0,3,2.408,3.819,2.578,4.371,2.308,3.992,1.763,3.992,1.975,3.983
69,patch,160.0,1.0,3,1.550,3.782,1.334,4.024,1.514,3.779,1.803,3.871,2.823,4.250
69,patch,320.0,1.0,3,6.675,6.938,6.723,6.553,6.625,7.066,6.531,6.043,8.034,7.438
70,patch,10.0,1.0,3,1.403,3.693,1.650,3.910,1.353,4.190,1.241,3.719,1.370,3.593
70,patch,20.0,1.0,3,1.133,3.718,1.131,3.874,1.230,3.689,0.854,3.936,1.280,4.177
70,patch,40.0,1.0,3,-1.145,3.974,-0.531,3.932,-1.275,3.971,-1.356,4.224,-1.327,3.832
70,patch,80.0,1.0,3,2.270,4.693,1.829,4.583,2.403,4.887,2.896,5.389,2.180,4.666
70,patch,160.0,1.0,3,3.375,3.795,3.365,3.894,3.454,3.739,3.421,3.858,2.920,4.258
70,patch,320.0,1.0,3,6.514,6.606,6.006,6.130,6.434,5.994,6.269,5.916,6.132,5.835
71,patch,10.0,1.0,3,0.456,4.358,0.012,3.576,0.417,4.498,0.189,4.039,0.719,3.878
71,patch,20.0,1.0,3,0.896,3.983,1.105,4.116,0.856,4.382,0.921,3.599,1.301,3.920
71,patch,40.0,1.0,3,-0.665,4.181,-0.475,3.661,-0.862,4.129,-0.229,3.587,0.069,4.488
71,patch,80.0,1.0,3,2.855,3.856,3.017,4.419,2.694,4.054,2.571,3.873,2.382,4.340
71,patch,160.0,1.0,3,2.650,4.444,1.460,3.648,3.016,4.953,3.510,4.394,2.511,4.885
71,patch,320.0,1.0,3,6.635,6.414,5.011,4.987,6.400,6.142,6.438,6.150,7.081,6.817
