# NEW (G4 childA: bounded localization; 1-layer BEM and 2-mm/2-deg coregistration error in the inverse, 8 draws shared by all arrays) | commit 71de176
event,location,family,strength_nAm,array,coreg_draw,detected,dspm_error_mm,dspm_peak,support,dspm_mne_error_mm,dspm_mne_peak,ecd_error_mm,ecd_error_sensor_frame_mm,coreg_displacement_mm,ecd_gof,ecd_conf_vol_mm3,ecd_khi2_per_dof,depth_mm
0,0,focal,80.0,squid,0,False,86.99833732959168,3.1607819887997657,nan,86.99833732959168,3.0487385054611913,28.875817997562695,29.941838369046362,1.5949276703810824,5.303125529876683,12955.4671689473,0.9673784745776866,12.978283504182473
0,0,focal,80.0,opm_matched,0,False,29.06168730304711,3.6097309832791087,nan,29.06168730304711,3.5728951263070794,23.9091878284424,24.00096448376494,1.5949276703810824,12.36080143255955,67514.51202468421,0.880009897216539,12.978283504182473
0,0,focal,80.0,opm_dense,0,False,13.225109417478109,4.0350686272692355,nan,13.072236361703819,3.931160658709903,5.565180699765266,5.83292966040145,1.5949276703810824,15.630275941556102,8933.380926261236,0.8449194551530824,12.978283504182473
0,0,focal,80.0,squid_mag,0,False,3.9708569138824767,3.5964306445780734,nan,3.9708569138824767,3.627703559194465,29.132374125249836,30.186406587837702,1.5949276703810824,15.074711117045936,30303.829218594656,0.8877178388614102,12.978283504182473
0,0,focal,80.0,squid_grad,0,False,94.130226265303,3.583446235902172,nan,94.130226265303,3.527007405349881,88.7766478987758,87.5251325447783,1.5949276703810824,7.105343974274147,35071.440612663435,0.9218228301051902,12.978283504182473
1,0,focal,320.0,squid,0,True,11.01268136214239,8.629433736955468,nan,11.01268136214239,8.670799274906631,23.690154345361066,24.907643885424985,1.5949276703810824,10.173142450539133,1451.4520469656998,1.276055989489788,12.978283504182473
1,0,focal,320.0,opm_matched,0,True,13.225109417478109,9.656122762166289,nan,13.225109417478109,9.426374817257,6.215516307277503,5.54521216609897,1.5949276703810824,61.087446380019664,2472.329569652923,0.7656580360941297,12.978283504182473
1,0,focal,320.0,opm_dense,0,True,13.225109417478109,12.414798263317099,nan,1.4545832338816604,13.00799224331137,2.5478601850768063,3.174713374646319,1.5949276703810824,64.52637744985763,273.6771004781776,0.9868572337744046,12.978283504182473
1,0,focal,320.0,squid_mag,0,True,13.225109417478109,8.761982756447845,nan,13.225109417478109,8.500946757862062,3.683865265978139,3.4014620794767274,1.5949276703810824,51.29674370594669,2522.5900629977637,0.9926591299675558,12.978283504182473
1,0,focal,320.0,squid_grad,0,True,11.01268136214239,6.24319647876502,nan,11.01268136214239,6.013688944951246,3.436825537724567,3.250272462517881,1.5949276703810824,24.85455477884412,1176.5151530307764,0.9976688728229193,12.978283504182473
2,0,patch,80.0,squid,0,False,107.92522074168102,3.920142024371205,0.0,107.92522074168102,3.8821686459069475,79.08335664732867,78.62188331853105,1.5949276703810824,3.769178674945824,30598.900913380323,1.0269829632526108,12.978283504182473
2,0,patch,80.0,opm_matched,0,False,67.26096111726119,4.2844611830460915,0.0,67.26096111726119,4.11047440236424,75.20832352925653,75.143341915574,1.5949276703810824,13.564017066102254,12199.525819320706,1.2082539076002632,12.978283504182473
2,0,patch,80.0,opm_dense,0,False,114.11617831463569,3.8695102253596434,0.0,114.11617831463569,4.117541772570075,112.59811479423524,111.64463453230589,1.5949276703810824,13.95015244290552,7352.666823999546,0.8506269042942946,12.978283504182473
2,0,patch,80.0,squid_mag,0,False,62.59964799451807,3.577601410527725,0.0,62.59964799451807,3.5709622639602427,60.761735486484774,60.113346773358835,1.5949276703810824,12.778300676980978,47756.29436647398,0.8831127770953517,12.978283504182473
2,0,patch,80.0,squid_grad,0,False,112.9529118975202,3.5133453182086924,0.0,112.9529118975202,3.664174668884053,72.0801446433239,72.08017716022276,1.5949276703810824,4.20478977884623,71993.63330153906,1.111244596128955,12.978283504182473
3,0,patch,320.0,squid,0,True,17.26267902219667,11.03219893230567,0.0,10.711065096233968,11.22459948972398,3.9888565801196934,4.631261777209273,1.5949276703810824,40.45429897142977,155.08999058721184,1.0192569749283933,12.978283504182473
3,0,patch,320.0,opm_matched,0,True,10.711065096233968,13.014396155241936,0.0,12.614982193976072,12.818595464187512,1.4345381295733008,2.1801171030036537,1.5949276703810824,69.16992943929023,480.05190304013166,1.042986670028318,12.978283504182473
3,0,patch,320.0,opm_dense,0,True,10.711065096233968,14.056084017732523,0.0,12.614982193976072,14.104888471975105,24.94935678209646,25.058789619848408,1.5949276703810824,29.003932513902154,798.4572471490317,2.059551373308808,12.978283504182473
3,0,patch,320.0,squid_mag,0,True,10.711065096233968,12.06860977564925,0.0,10.711065096233968,11.903875344149398,2.3164483279944013,3.1985159770951963,1.5949276703810824,61.49545382034901,317.6290948383973,1.1886486603668225,12.978283504182473
3,0,patch,320.0,squid_grad,0,True,17.626714371322425,8.911529832599559,0.0,14.888279982050781,9.131801326893008,4.758429708011343,5.714738236310146,1.5949276703810824,46.5326258732663,254.40923654546222,0.8780390608259473,12.978283504182473
4,1,focal,80.0,squid,1,True,12.42638153747777,3.8906918058680633,nan,12.42638153747777,3.80833792594358,6.11081619083261,3.926023335362152,2.5980808801471653,11.575022124935382,2042.6670203087497,0.9317392596797912,16.266615118609327
4,1,focal,80.0,opm_matched,1,True,1.8217034544115829,6.15934385506389,nan,1.8217034544115829,6.460197929850423,5.07464674276093,2.565497942243821,2.5980808801471653,41.91356551636926,659.7971824663715,0.8519642567562923,16.266615118609327
4,1,focal,80.0,opm_dense,1,True,1.8217034544115829,4.651995076207664,nan,1.8217034544115829,4.962521876319461,3.7306884769379205,1.5901513166521042,2.5980808801471653,22.01902363572757,924.8008932095299,0.9303807053139125,16.266615118609327
4,1,focal,80.0,squid_mag,1,True,18.283333628291498,4.222146580028724,nan,11.549190503092998,4.2336795176508,5.35671727399891,2.9940501234169257,2.5980808801471653,27.07860189891047,2325.83641703271,1.0088421994545653,16.266615118609327
4,1,focal,80.0,squid_grad,1,True,19.093855578877687,3.744256008370371,nan,16.63946651194436,3.7112911355837492,8.059950894240215,6.282009922346939,2.5980808801471653,15.23780646472829,3761.411879305529,0.8743127482440666,16.266615118609327
5,1,focal,320.0,squid,1,True,14.574752734217883,13.113258544355876,nan,14.574752734217883,10.628714349692629,3.842279711921328,2.4936505541522394,2.5980808801471653,58.147022714709266,71.54838579726083,0.8815263998147772,16.266615118609327
5,1,focal,320.0,opm_matched,1,True,1.8217034544115829,20.731728544050085,nan,1.8217034544115829,21.375449310548618,3.9096991970078667,2.7895655688341283,2.5980808801471653,87.19391452330811,34.49746214857244,0.8746477161540593,16.266615118609327
5,1,focal,320.0,opm_dense,1,True,14.574752734217883,18.629536267069376,nan,1.8217034544115829,17.896981377401158,3.667169935597674,2.192332374950359,2.5980808801471653,78.53970144562226,25.18779259762523,0.9425965140575882,16.266615118609327
5,1,focal,320.0,squid_mag,1,True,14.574752734217883,16.01391592712868,nan,14.574752734217883,14.005608693420772,4.246906730683675,2.900765754024454,2.5980808801471653,78.56647642882739,96.94814992063215,0.9477439640604156,16.266615118609327
5,1,focal,320.0,squid_grad,1,True,14.574752734217883,11.89090370109937,nan,14.574752734217883,10.103027057595845,3.4050753373230123,2.127530615927631,2.5980808801471653,64.38567318510556,136.47896406037228,0.8290390627618358,16.266615118609327
6,1,patch,80.0,squid,1,False,141.78514557376727,3.5487585659465006,0.0,50.60916069923368,3.59607854114174,122.8647294453483,121.03418447165095,2.5980808801471653,4.081685063686935,22077.539988221924,1.0200027864657863,16.266615118609327
6,1,patch,80.0,opm_matched,1,False,93.8240320286345,3.012029358874851,0.0,93.8240320286345,3.006751463707054,118.09479463239163,116.16031175082053,2.5980808801471653,12.761136311950278,21411.703120772025,0.8434102054774146,16.266615118609327
6,1,patch,80.0,opm_dense,1,False,93.8240320286345,3.6582505263538936,0.0,93.8240320286345,3.8519646006101786,91.37709300722722,90.83900716486382,2.5980808801471653,12.1984234025819,2158.5745978020973,0.8232583276944323,16.266615118609327
6,1,patch,80.0,squid_mag,1,False,50.60916069923368,2.9526829379323383,0.0,50.60916069923368,2.9185810069013876,126.72254170307352,124.88730680297441,2.5980808801471653,12.317483763133206,31730.498424871963,0.9521054238411084,16.266615118609327
6,1,patch,80.0,squid_grad,1,False,27.349746969081643,3.137328605562659,0.0,141.78514557376727,3.0914051637206144,78.99765225924067,77.08467880347793,2.5980808801471653,6.25354185743939,261002.42587071948,1.0222324340429048,16.266615118609327
7,1,patch,320.0,squid,1,True,15.95380767750222,4.347520631884603,0.0,15.95380767750222,4.241523066846113,9.340263124154044,10.972045309074959,2.5980808801471653,8.481934692712196,3242.9326746808665,1.1849947740787596,16.266615118609327
7,1,patch,320.0,opm_matched,1,False,16.036832113666414,5.007430837556717,0.0,15.788849000844026,5.070813863148744,11.595523262537808,11.32420061243374,2.5980808801471653,22.611106348751083,2022.5925872641521,1.2567390750718355,16.266615118609327
7,1,patch,320.0,opm_dense,1,True,15.788849000844026,6.79508964247377,0.16666666666666666,15.788849000844026,6.944281766759665,13.447674633385274,14.935414596056793,2.5980808801471653,21.95368344121408,1472.4721777255188,1.0666129868429197,16.266615118609327
7,1,patch,320.0,squid_mag,1,False,134.9439033347224,4.430462896000357,0.0,134.9439033347224,4.442589117502473,12.7604371923158,13.076329652187665,2.5980808801471653,17.875714706488576,4947.550323256828,1.1838102052528148,16.266615118609327
7,1,patch,320.0,squid_grad,1,True,16.036832113666414,4.848016203885227,0.16666666666666666,1.8217034544115829,4.241268789175818,14.482848449281502,16.74895407491207,2.5980808801471653,14.91610661511742,2888.691709104868,1.155899289129682,16.266615118609327
8,2,focal,80.0,squid,2,True,9.99411407351196,8.999935259716825,nan,9.99411407351196,9.233819094191897,25.235683247685046,26.280605343352224,1.208447147393187,8.687245427160283,2151.4823294037747,1.5233883381214257,11.96932646774086
8,2,focal,80.0,opm_matched,2,True,4.669948891612632,10.037598168008339,nan,4.669948891612632,10.140563700515365,1.1904240667972696,2.0699147378368363,1.208447147393187,60.948408107936736,702.4609306444357,0.9505386619296158,11.96932646774086
8,2,focal,80.0,opm_dense,2,True,9.99411407351196,14.019778517681287,nan,9.99411407351196,13.753312294978869,23.73295205068341,23.69885839639017,1.208447147393187,11.5038976894024,1910.4554358319347,2.4311711302671157,11.96932646774086
8,2,focal,80.0,squid_mag,2,True,9.99411407351196,8.509905588467745,nan,9.99411407351196,8.646763073758114,35.206464452612856,36.2304467359056,1.208447147393187,27.15489016261988,7054.464474016559,1.5440187981749534,11.96932646774086
8,2,focal,80.0,squid_grad,2,True,9.99411407351196,10.374110063383085,nan,9.99411407351196,10.359853979271836,2.046390628768683,2.8577468743427685,1.208447147393187,36.72541975441075,263.48325271591864,1.1322634766554849,11.96932646774086
9,2,focal,320.0,squid,2,True,9.99411407351196,38.90144781711911,nan,9.99411407351196,40.02592838669517,0.9577438292195444,0.4639268169193358,1.208447147393187,89.75442284438594,1.6673962797955904,1.125005919888944,11.96932646774086
9,2,focal,320.0,opm_matched,2,True,4.669948891612632,39.459842068838704,nan,4.669948891612632,40.608613332496965,1.3175057727899926,1.1177234490073513,1.208447147393187,95.32035397802498,8.391774954366424,1.2366697366198043,11.96932646774086
9,2,focal,320.0,opm_dense,2,True,10.64247792651551,63.47758483993175,nan,10.64247792651551,61.770922684494124,1.1418646474226972,0.478615384625483,1.208447147393187,96.38411592222093,1.1468541195161328,1.2481639390698367,11.96932646774086
9,2,focal,320.0,squid_mag,2,True,9.99411407351196,36.311665951083874,nan,9.99411407351196,37.05630977096342,1.3449949138560557,1.154397835407131,1.208447147393187,94.55855286378325,7.238655176079815,1.2629284500086544,11.96932646774086
9,2,focal,320.0,squid_grad,2,True,9.99411407351196,38.806704337351384,nan,9.99411407351196,39.55967817566989,0.7087492944486428,0.5791468310400844,1.208447147393187,92.08683474454396,3.0990587569939407,1.070443325835485,11.96932646774086
10,2,patch,80.0,squid,2,True,35.06552836987362,4.315659599213725,0.0,35.06552836987362,4.320089080278554,3.4401932126144237,3.857421661807098,1.208447147393187,8.898732795393197,1912.3877640771307,0.9245431642879114,11.96932646774086
10,2,patch,80.0,opm_matched,2,True,55.1698145607044,4.048784167392048,0.3333333333333333,9.99411407351196,4.133617152770474,3.8715484654120713,4.3718840884438555,1.208447147393187,20.95310715505358,4744.339963367841,0.998763234237474,11.96932646774086
10,2,patch,80.0,opm_dense,2,True,10.574204884955872,4.358216986154998,0.0,10.574204884955872,4.6646086772740345,120.86619853453851,120.43630527467806,1.208447147393187,5.932317344723736,42270.11170160792,1.1872458808064112,11.96932646774086
10,2,patch,80.0,squid_mag,2,True,4.669948891612632,3.9338525000964166,0.3333333333333333,4.669948891612632,3.991734883870423,32.00647083426182,33.053794057895765,1.208447147393187,13.664531995415924,28625.28374709638,0.8949591235921409,11.96932646774086
10,2,patch,80.0,squid_grad,2,True,25.751616984964468,3.7703005360073494,0.0,25.751616984964468,3.684135222115824,3.910818390079505,5.1010432277254605,1.208447147393187,12.176949590965137,3841.0711517882173,0.8828114133083995,11.96932646774086
11,2,patch,320.0,squid,2,True,9.99411407351196,13.937077576065791,0.0,9.99411407351196,14.916855138096487,4.609974519457473,4.948750935478437,1.208447147393187,56.33356118318397,41.15254363665571,1.1351721603325262,11.96932646774086
11,2,patch,320.0,opm_matched,2,True,13.712228661047487,16.51111941852672,0.0,10.966964409941216,16.695804338221564,4.008523228025406,3.89516788787713,1.208447147393187,81.91402282619454,83.01765207675149,1.0332286044198367,11.96932646774086
11,2,patch,320.0,opm_dense,2,True,9.99411407351196,16.487227862600392,0.0,9.99411407351196,16.82259885057177,6.5305255929016965,6.8418974806943025,1.208447147393187,73.04776183999027,20.809036776436507,1.0522339365928581,11.96932646774086
11,2,patch,320.0,squid_mag,2,True,9.99411407351196,14.998805615663366,0.0,9.99411407351196,15.541648579505486,36.691066961667154,37.7500118184108,1.208447147393187,29.63087775686556,859.2831557462307,3.4090237141520747,11.96932646774086
11,2,patch,320.0,squid_grad,2,True,9.99411407351196,13.54328195003948,0.0,9.99411407351196,14.220076135597834,4.313731380332299,4.6864422775054875,1.208447147393187,61.95869962294333,76.89270961338335,1.1590772801782712,11.96932646774086
12,3,focal,80.0,squid,3,True,20.265896922036728,6.631000177513163,nan,17.399062391720356,6.528142598394316,8.362041149810985,5.315808897919963,4.2826668593832435,23.780568705226386,935.7058966456235,0.8912106010603137,12.11181014970514
12,3,focal,80.0,opm_matched,3,True,3.8781411438607543,12.916945483099111,nan,3.8781411438607543,12.929020059391489,4.612051700407631,2.644942733454001,4.2826668593832435,68.68209665159175,323.75584557561837,1.059918450606007,12.11181014970514
12,3,focal,80.0,opm_dense,3,True,3.8781411438607543,9.998669858182572,nan,9.831546075815854,10.13424537279504,4.485397169639961,1.1174694357173502,4.2826668593832435,43.83065867770298,222.01179569270718,1.2487044234062816,12.11181014970514
12,3,focal,80.0,squid_mag,3,True,22.118527848210192,7.267376726464284,nan,20.265896922036728,7.160409551038737,7.786283546790905,4.994776298891124,4.2826668593832435,41.95453866160108,1231.9879441826968,1.0676284591884844,12.11181014970514
12,3,focal,80.0,squid_grad,3,True,14.544377736663119,4.8201549045944,nan,14.544377736663119,4.671441005647435,7.801559323889673,4.509102288308827,4.2826668593832435,27.532262999035158,1604.897025450329,0.8334234357622542,12.11181014970514
13,3,focal,320.0,squid,3,True,14.544377736663119,22.00392036278791,nan,14.544377736663119,21.96393541020552,4.151111025048175,0.8381551919869787,4.2826668593832435,82.2988454274932,11.528797066550148,1.0476161072376682,12.11181014970514
13,3,focal,320.0,opm_matched,3,True,3.8781411438607543,49.38140243763624,nan,3.8781411438607543,50.01176667282801,4.067040519049331,0.21875562036230323,4.2826668593832435,96.58881847707296,5.622123961607713,1.1887290390152807,12.11181014970514
13,3,focal,320.0,opm_dense,3,True,9.831546075815854,41.48368276988367,nan,9.831546075815854,42.31637976892223,4.616778484876188,0.7878848153280963,4.2826668593832435,94.00477825507181,2.712345964086128,1.0298092626989344,12.11181014970514
13,3,focal,320.0,squid_mag,3,True,6.354366076051206,24.426704180272676,nan,14.544377736663119,26.035492822743823,4.343634341443665,1.3783130799844656,4.2826668593832435,92.46215376633887,16.915164796007925,1.021835104445701,12.11181014970514
13,3,focal,320.0,squid_grad,3,True,9.831546075815854,22.936119230298168,nan,9.831546075815854,23.189999953976386,4.562615635771319,1.2248496749958766,4.2826668593832435,84.43773239327128,21.702988928253117,1.0334196625823968,12.11181014970514
14,3,patch,80.0,squid,3,True,19.10715209053918,5.463084525899558,0.0,19.10715209053918,5.244968567007604,9.59595099024647,8.230891727176077,4.2826668593832435,11.013532294463289,7083.595767589296,0.9770610414132959,12.11181014970514
14,3,patch,80.0,opm_matched,3,True,3.618533696079971,5.803812877399248,0.2,10.893896221484269,5.908679245524128,5.048086731793479,4.650143564189021,4.2826668593832435,40.882565273951634,1539.8561419440323,0.925768426116287,12.11181014970514
14,3,patch,80.0,opm_dense,3,True,6.311227526153339,7.216179726419795,0.4,8.913560516766921,7.24951843935483,5.616077627043461,4.473080469802659,4.2826668593832435,33.35425899486354,1109.8055486375958,1.108917949886354,12.11181014970514
14,3,patch,80.0,squid_mag,3,True,19.10715209053918,5.286202411290178,0.0,19.10715209053918,5.079329305008018,9.391351082552589,8.02399387146217,4.2826668593832435,22.15734700707504,12306.132330743212,1.0909577385960256,12.11181014970514
14,3,patch,80.0,squid_grad,3,True,16.401830595962164,4.35776242729526,0.0,16.401830595962164,4.250011632014108,9.358746953509646,8.386927559304901,4.2826668593832435,12.030144706022803,11029.06028708186,0.9965163537440216,12.11181014970514
15,3,patch,320.0,squid,3,True,12.983968744134698,13.690932787253702,0.0,12.983968744134698,12.302801371991576,3.184854774406938,4.308072508448702,4.2826668593832435,59.59310067131811,89.41960510052232,0.981359268061657,12.11181014970514
15,3,patch,320.0,opm_matched,3,True,12.284630547330485,19.10934434102902,0.2,12.284630547330485,18.7936922474199,3.3228403620730513,4.539655312306705,4.2826668593832435,87.82441399863896,34.4692257588233,0.8708569022197188,12.11181014970514
15,3,patch,320.0,opm_dense,3,True,6.311227526153339,25.624184914474966,0.4,6.311227526153339,25.46042215613275,4.104807341640871,5.179777220409344,4.2826668593832435,87.8179548905888,14.454364791560623,0.8914675375337437,12.11181014970514
15,3,patch,320.0,squid_mag,3,True,12.983968744134698,16.079487393302838,0.0,12.284630547330485,15.450625763793266,3.9563351048973487,5.098454623054166,4.2826668593832435,81.69071139559291,127.46411486639958,0.859788051258192,12.11181014970514
15,3,patch,320.0,squid_grad,3,True,16.401830595962164,13.192490222914701,0.0,16.401830595962164,11.973370121922864,3.3183516523525554,4.844831691426717,4.2826668593832435,62.622386355354784,167.40394463765642,1.0363992320165254,12.11181014970514
16,4,focal,80.0,squid,4,True,11.815081025021893,8.776646996029177,nan,11.815081025021893,8.87311934471411,2.2315429658538815,2.3205717873696554,3.390885142293988,27.55908479814852,306.5805172441069,0.9562979563863573,15.510221831041237
16,4,focal,80.0,opm_matched,4,True,2.4743779193961126,8.926756309353854,nan,2.4743779193961126,9.047812061472372,5.72097769526133,3.3427167814728227,3.390885142293988,56.523705975391636,1068.5829100355236,0.7914711726339424,15.510221831041237
16,4,focal,80.0,opm_dense,4,True,2.4743779193961126,11.933934275090945,nan,2.4743779193961126,12.228355026240902,2.973088471009879,0.771615353913261,3.390885142293988,53.33628423674478,77.81457859347685,0.9363675127783622,15.510221831041237
16,4,focal,80.0,squid_mag,4,True,11.815081025021893,8.374044576939985,nan,11.815081025021893,8.194605997114767,4.003037570123781,1.3878983305311,3.390885142293988,55.443933203855124,581.9869115418735,0.7524837052895366,15.510221831041237
16,4,focal,80.0,squid_grad,4,True,11.815081025021893,8.944791853771724,nan,11.815081025021893,9.228032089358974,2.0586334843703584,3.553930254731127,3.390885142293988,33.24964529783192,474.01963175918803,0.9980955359350655,15.510221831041237
17,4,focal,320.0,squid,4,True,11.815081025021893,30.441860388792705,nan,11.815081025021893,31.349628753073745,3.9367435713569776,0.9783572309606458,3.390885142293988,83.34429512723757,5.712919348953323,1.0472764631422729,15.510221831041237
17,4,focal,320.0,opm_matched,4,True,2.4743779193961126,30.49483949154644,nan,2.4743779193961126,31.534571527925895,3.5698691239127207,0.5915871671004128,3.390885142293988,91.6039530269239,17.447297921484324,1.1580745974305113,15.510221831041237
17,4,focal,320.0,opm_dense,4,True,2.4743779193961126,42.45876862601629,nan,2.4743779193961126,43.749242118411594,3.713841528806007,0.8217689661955264,3.390885142293988,93.72126874348766,1.5951786048942789,0.9822965258801404,15.510221831041237
17,4,focal,320.0,squid_mag,4,True,11.815081025021893,31.531327005739524,nan,2.4743779193961126,31.451478034747737,3.7411057590063557,0.8444552197660534,3.390885142293988,92.76485786026008,11.824564441380396,0.9963247358762536,15.510221831041237
17,4,focal,320.0,squid_grad,4,True,11.815081025021893,29.43706708422588,nan,11.815081025021893,30.531165457760334,4.002993309292867,0.8787985236100916,3.390885142293988,85.62727926276094,10.775964932777306,1.0908127965448369,15.510221831041237
18,4,patch,80.0,squid,4,True,14.907036529291927,4.384078177710186,0.2,14.907036529291927,4.840068236434171,10.125459549853908,8.590400586968867,3.390885142293988,13.118893551076564,1673.01315129505,1.043766681499113,15.510221831041237
18,4,patch,80.0,opm_matched,4,True,14.907036529291927,6.455615576021707,0.2,6.256437812331996,6.31647618962145,7.459431079524975,5.46451678066249,3.390885142293988,35.487207783200326,2177.1841132181494,1.0566818032267118,15.510221831041237
18,4,patch,80.0,opm_dense,4,True,14.907036529291927,5.544835575996842,0.0,14.907036529291927,5.857584352214489,7.163789099432593,5.883993670216358,3.390885142293988,26.156119149805086,741.6608856675863,1.0298059943568174,15.510221831041237
18,4,patch,80.0,squid_mag,4,True,14.907036529291927,5.037375859028961,0.0,14.907036529291927,5.2735139864144935,10.095693186606036,8.688733215731421,3.390885142293988,29.87055510306665,2882.5087128442424,0.9937695174572587,15.510221831041237
18,4,patch,80.0,squid_grad,4,True,14.907036529291927,4.67227870785891,0.0,14.907036529291927,5.10700652498688,11.702593234618544,9.828928628710685,3.390885142293988,17.547461251130617,2349.467206505007,1.1316654732005038,15.510221831041237
19,4,patch,320.0,squid,4,True,11.815081025021893,18.970941917077734,0.2,11.815081025021893,19.93928197365085,7.2175900392417915,4.290800904089206,3.390885142293988,70.11168334059023,20.924272259771108,0.9969404985986294,15.510221831041237
19,4,patch,320.0,opm_matched,4,True,14.907036529291927,19.83757311050388,0.4,14.907036529291927,19.514642808356918,7.453695825724823,4.820036033736285,3.390885142293988,87.10268802430966,47.13804923212688,0.8995755956959112,15.510221831041237
19,4,patch,320.0,opm_dense,4,True,11.815081025021893,21.240842269875685,0.2,7.394797694718458,21.65182858339395,7.460913411260978,4.354894035993313,3.390885142293988,85.51732539692495,6.6749699492016195,0.9969252239446548,15.510221831041237
19,4,patch,320.0,squid_mag,4,True,14.907036529291927,19.182656835086767,0.4,14.907036529291927,19.223872996180983,6.521299311517823,4.065125597889193,3.390885142293988,86.50048804038619,47.86768815438849,0.8497917957587444,15.510221831041237
19,4,patch,320.0,squid_grad,4,True,11.815081025021893,18.774955894287032,0.2,11.815081025021893,19.76143862941453,6.373008777151203,3.1788125477885463,3.390885142293988,78.48256603972703,33.612066992428126,0.9133036769758685,15.510221831041237
20,5,focal,80.0,squid,5,True,16.273606958313206,9.044109033995586,nan,16.273606958313206,9.542255457436989,4.851210539958705,3.1086436152215415,4.582948705892648,26.095297082040535,508.02534713691057,1.2041452962188792,12.59487805131103
20,5,focal,80.0,opm_matched,5,True,8.21559033842935,12.27367750458734,nan,8.21559033842935,12.175730075881617,3.4328497717398916,2.868640508644801,4.582948705892648,67.47578146237127,708.3389235016427,0.9487444175204213,12.59487805131103
20,5,focal,80.0,opm_dense,5,True,3.526203214752198,15.741351338957303,nan,3.526203214752198,16.036060465560375,2.6803856518405462,2.809177478501862,4.582948705892648,68.66673985377601,119.07098301236485,0.9886315005284874,12.59487805131103
20,5,focal,80.0,squid_mag,5,True,16.273606958313206,9.002534958129852,nan,16.273606958313206,8.865228912347632,4.335790725308435,2.723938044920943,4.582948705892648,49.73980475802653,760.0645337440078,1.1390538747767243,12.59487805131103
20,5,focal,80.0,squid_grad,5,True,16.273606958313206,9.648059569861553,nan,16.273606958313206,9.711859124168178,5.676418592248926,4.226318360976573,4.582948705892648,32.88011679875386,1091.4458954298752,1.1637697862217964,12.59487805131103
21,5,focal,320.0,squid,5,True,16.273606958313206,36.38893452675448,nan,16.273606958313206,38.1118347582122,2.512159840029204,2.934929885712368,4.582948705892648,88.92135190193305,5.3419348314869,1.0594919336580215,12.59487805131103
21,5,focal,320.0,opm_matched,5,True,8.21559033842935,51.02460441308669,nan,8.21559033842935,50.74825054967055,1.9489795784036612,3.2387700797301844,4.582948705892648,96.45586951003317,10.081408898126364,1.1851040759045068,12.59487805131103
21,5,focal,320.0,opm_dense,5,True,8.21559033842935,67.83236084778787,nan,3.526203214752198,69.10611872533423,2.1346577436930967,3.0720645212646236,4.582948705892648,95.02694374967265,1.482863718050635,1.9841604049612223,12.59487805131103
21,5,focal,320.0,squid_mag,5,True,8.21559033842935,40.48904870542741,nan,8.21559033842935,40.69016132331177,2.237078251947522,3.0430591551766177,4.582948705892648,95.14707259442548,11.38471479756101,1.1470229375209693,12.59487805131103
21,5,focal,320.0,squid_grad,5,True,16.273606958313206,38.878966249017914,nan,16.273606958313206,38.614445539288155,3.020173642473593,2.6849715402558694,4.582948705892648,90.56725251950381,10.516586023321226,1.0851064684358385,12.59487805131103
22,5,patch,80.0,squid,5,False,82.4014980719084,3.918352597232058,0.0,82.4014980719084,3.961550127070024,82.57474267780773,81.6908179706474,4.582948705892648,6.452523139440649,9668.584914412959,0.9017572949840417,12.59487805131103
22,5,patch,80.0,opm_matched,5,False,81.30017092713294,4.117092947667001,0.0,81.30017092713294,3.871797981592709,86.62099843176232,88.35148217022129,4.582948705892648,15.448667737997104,12447.858109196148,1.0336271339331673,12.59487805131103
22,5,patch,80.0,opm_dense,5,False,82.31985931264593,2.959760282477642,0.0,78.40197524936127,2.9726200682747894,82.7115397947458,84.19346192144398,4.582948705892648,7.397964586620627,24026.800388778476,0.9279932716780954,12.59487805131103
22,5,patch,80.0,squid_mag,5,False,77.37185723246017,3.6873733212637383,0.0,56.211179393735286,3.5631631907526797,77.68961545872266,76.7303933866188,4.582948705892648,17.49806205696367,48338.58091311165,0.9439330125358485,12.59487805131103
22,5,patch,80.0,squid_grad,5,False,66.99915589384892,3.4452803880461698,0.0,66.99915589384892,3.476849734075308,76.53176693502415,75.65329217354844,4.582948705892648,5.503954439411897,40930.67238223986,0.8805346317731496,12.59487805131103
23,5,patch,320.0,squid,5,False,25.51153298557304,4.152477657106714,0.0,17.57104892790359,3.873859076965735,49.91336565219445,50.40512371558304,4.582948705892648,4.791532063619193,7308.95179795948,1.0290007728002235,12.59487805131103
23,5,patch,320.0,opm_matched,5,True,13.899355662007236,5.182297290568753,0.0,13.899355662007236,4.906827838317951,44.60707592758961,42.34910937336627,4.582948705892648,23.35193299770781,4989.587246722009,1.0800318617489975,12.59487805131103
23,5,patch,320.0,opm_dense,5,False,13.899355662007236,4.763779245548295,0.0,13.899355662007236,4.665606221901719,45.836842512669165,45.72173737649127,4.582948705892648,9.420523424365754,12086.976903284078,1.165672265787623,12.59487805131103
23,5,patch,320.0,squid_mag,5,True,17.57104892790359,4.873032808002123,0.0,17.57104892790359,4.911045963623458,18.559637707663406,17.080624161550123,4.582948705892648,18.21751018127258,11268.972282040299,0.9183225758715694,12.59487805131103
23,5,patch,320.0,squid_grad,5,False,106.24750474236707,4.34948540983233,0.0,106.24750474236707,4.2473678177472545,45.81166935230471,46.46187416952626,4.582948705892648,6.350576970916941,10611.38964299664,1.1093648408364083,12.59487805131103
24,6,focal,80.0,squid,6,False,56.97251752202887,3.387101259069624,nan,120.7439587808618,3.50540141863255,66.31315928182204,62.14286641613823,4.215546351665727,2.8715914590383074,38804.28999104262,0.9559025275117313,26.580295761281523
24,6,focal,80.0,opm_matched,6,False,82.80191643903981,2.8863737891796064,nan,82.80191643903981,3.1677661691891896,85.46982034899322,84.26991762759236,4.215546351665727,12.982347178244927,29059.451855012874,0.8301246849642605,26.580295761281523
24,6,focal,80.0,opm_dense,6,False,52.345486450457294,3.7532540961118563,nan,52.345486450457294,3.63802790687003,104.24704513636351,101.1266502699255,4.215546351665727,8.173920980339105,39630.806047765655,0.9357120012568302,26.580295761281523
24,6,focal,80.0,squid_mag,6,False,96.9186427814091,3.289312718148892,nan,103.34243782158326,3.337659850002388,88.85845429030033,87.55346855701849,4.215546351665727,9.64121649767026,32744.093848781187,0.9540724969931621,26.580295761281523
24,6,focal,80.0,squid_grad,6,False,64.20004939963323,3.3755463398100383,nan,64.20004939963323,3.2276161975739592,91.02282313498242,89.83895501660203,4.215546351665727,6.5197927148919606,7911.621482259179,0.8728173923450138,26.580295761281523
25,6,focal,320.0,squid,6,False,99.94391761602152,3.69534256202879,nan,137.78943487565127,3.8314890707968634,29.056499198498834,31.65438876646361,4.215546351665727,8.306973051324276,37030.89972428532,1.050049603709641,26.580295761281523
25,6,focal,320.0,opm_matched,6,True,11.59175044145554,7.086225296426727,nan,11.59175044145554,6.515017349040654,24.200601093477736,28.27088445236906,4.215546351665727,40.07340141563947,5156.181993590172,1.146777076431396,26.580295761281523
25,6,focal,320.0,opm_dense,6,True,13.523496901087793,6.431418216937171,nan,13.523496901087793,6.535661474299247,36.92523007164339,38.432102619985265,4.215546351665727,21.15410271243177,2513.7566158795908,1.2897102097549755,26.580295761281523
25,6,focal,320.0,squid_mag,6,False,74.38570513501784,4.121809710154149,nan,74.38570513501784,3.755159560916668,24.49351748186445,27.838260502729618,4.215546351665727,22.490643964860222,50199.14205378298,1.0818929650383942,26.580295761281523
25,6,focal,320.0,squid_grad,6,False,93.82941368358703,3.246648741396315,nan,123.6742328984811,3.3245849844003135,21.67785753640245,19.732755394791745,4.215546351665727,6.60913892447061,23990.17722445253,0.9176990968586228,26.580295761281523
26,6,patch,80.0,squid,6,False,48.29418633400151,3.514487530610788,0.2,48.29418633400151,3.4262470668973424,107.70419991935788,104.03083472624945,4.215546351665727,5.3244634104563655,14065.572121343925,0.8569222964444305,26.580295761281523
26,6,patch,80.0,opm_matched,6,False,26.029640306493818,3.498049641614324,0.0,54.432024098335965,3.446597262963661,14.279946619825232,11.78704604663403,4.215546351665727,17.52562233584151,6970.967480426746,1.0541127892780393,26.580295761281523
26,6,patch,80.0,opm_dense,6,False,48.29418633400151,3.555279906536266,0.0,48.29418633400151,3.661115049063043,9.73426666156993,11.245794965420433,4.215546351665727,8.699866573785389,3615.8167665455667,1.0534017111817007,26.580295761281523
26,6,patch,80.0,squid_mag,6,False,75.05259635006307,3.786012883874452,0.0,75.05259635006307,3.705755828916703,105.91908186196783,102.26812607386024,4.215546351665727,12.079837351633275,38385.440863737495,0.9000059346277398,26.580295761281523
26,6,patch,80.0,squid_grad,6,False,83.95182522006056,3.2066560210922797,0.0,39.51528319693042,3.1002626518540484,103.60086997663069,99.85769336065994,4.215546351665727,7.444030640948796,13609.68289765871,0.8567884928339972,26.580295761281523
27,6,patch,320.0,squid,6,True,16.06950521742928,5.043757560055147,0.4,12.204110753562578,4.610605506063211,3.184095603605795,4.637803040904751,4.215546351665727,22.328848847748436,1043.5494908875737,0.9635072849085351,26.580295761281523
27,6,patch,320.0,opm_matched,6,True,12.204110753562578,7.749152092533172,0.2,12.204110753562578,8.029633288846899,3.877196426397701,1.5496215902239825,4.215546351665727,44.875856322093874,538.9754841198071,1.3227164468837076,26.580295761281523
27,6,patch,320.0,opm_dense,6,True,4.5091160361674865,6.92225521942146,0.2,4.5091160361674865,7.999575574914478,3.534999731169189,1.3442888103049684,4.215546351665727,34.387197530010134,355.570680921964,1.2078661790460894,26.580295761281523
27,6,patch,320.0,squid_mag,6,True,13.203054901175738,6.26881661358579,0.4,4.88420680382171,5.923597983231744,2.2519915080203767,2.764691932949557,4.215546351665727,38.057136191765565,1226.9176646305525,1.2510684779225023,26.580295761281523
27,6,patch,320.0,squid_grad,6,True,16.06950521742928,5.725716510694017,0.2,12.204110753562578,5.5399930355971705,6.954227017372748,8.665915922764121,4.215546351665727,28.311512813983065,2217.558150771271,0.8954006752770285,26.580295761281523
28,7,focal,80.0,squid,7,False,54.20704806914322,3.407075109411606,nan,54.20704806914322,3.4621447001411614,9.044320523772686,8.267294383445163,1.8618643985755687,8.289984771899537,11842.295280703425,0.8917887292565977,22.99873162602068
28,7,focal,80.0,opm_matched,7,False,11.14176283204793,3.9848342713501728,nan,11.14176283204793,4.286269404884779,43.67182067582092,43.14807544913896,1.8618643985755687,18.34316863086806,19235.810926335733,1.0376999020281255,22.99873162602068
28,7,focal,80.0,opm_dense,7,False,20.204631611862343,3.5356949661519006,nan,20.204631611862343,3.9733908246619682,51.27479856825492,51.70650910013249,1.8618643985755687,13.047483088769482,13852.632237570453,0.9325665355638711,22.99873162602068
28,7,focal,80.0,squid_mag,7,False,11.14176283204793,4.056543390005438,nan,11.14176283204793,4.366205619514923,5.802045038768259,5.633596427944846,1.8618643985755687,23.712379324550856,16756.37279896844,0.8534839024733336,22.99873162602068
28,7,focal,80.0,squid_grad,7,False,20.204631611862343,3.405053409142305,nan,54.20704806914322,3.432249923923841,61.99459713425071,62.54331140533488,1.8618643985755687,11.629446635548678,11458.22445514914,0.824279462792067,22.99873162602068
29,7,focal,320.0,squid,7,True,21.59657655517348,5.450456496678087,nan,21.59657655517348,5.7141969337497605,5.9144277371080625,4.543141844553869,1.8618643985755687,29.28922122027312,1780.5951883779414,1.0072437601960802,22.99873162602068
29,7,focal,320.0,opm_matched,7,True,8.039715592741418,7.9723379320898395,nan,7.214507659160146,8.54017566883291,4.754795317027235,3.157599476193189,1.8618643985755687,49.8826681708546,5939.410962033836,0.9854364702403919,22.99873162602068
29,7,focal,320.0,opm_dense,7,True,8.039715592741418,8.543317722529476,nan,8.039715592741418,9.280603215236022,5.248140037658365,3.5781083774991544,1.8618643985755687,38.57962786527186,2603.0717728671334,1.1613800426963363,22.99873162602068
29,7,focal,320.0,squid_mag,7,True,15.132654222279792,8.547524925134132,nan,15.132654222279792,9.122689981751346,5.068923119326406,3.6929339591659813,1.8618643985755687,53.43733015038735,2145.878822985061,1.0344052557243895,22.99873162602068
29,7,focal,320.0,squid_grad,7,True,21.59657655517348,5.948394831841349,nan,21.59657655517348,5.913976565611835,11.281245045356208,10.170740284995205,1.8618643985755687,34.164346068371465,3121.887017868743,0.8954365873692229,22.99873162602068
30,7,patch,80.0,squid,7,False,26.921206465995564,3.1141309094890057,0.0,26.921206465995564,2.976802947234786,58.04734879807348,56.85740130378257,1.8618643985755687,3.9215689641050884,46991.70785629791,0.9571721265566628,22.99873162602068
30,7,patch,80.0,opm_matched,7,False,57.27539189593827,3.148780232241194,0.0,57.27539189593827,3.1536532508221686,54.29987531326203,53.38598469147968,1.8618643985755687,19.80840886943494,19196.385063739388,0.776185004636315,22.99873162602068
30,7,patch,80.0,opm_dense,7,False,32.94159783808262,3.5541751540056117,0.0,32.94159783808262,3.5946013526570875,53.50544405055308,52.25269697532362,1.8618643985755687,9.010542725317306,8438.746086831534,0.8196883286378388,22.99873162602068
30,7,patch,80.0,squid_mag,7,False,21.17219374900847,2.8463391835850755,0.0,16.42157339277756,2.98168620922787,60.51591554885343,59.27898297543452,1.8618643985755687,11.409915270205548,55316.416519011495,0.8054877034595738,22.99873162602068
30,7,patch,80.0,squid_grad,7,False,112.31596723486952,3.1603610692488817,0.0,104.17218296336584,3.072807991966923,55.11427073015896,54.18616200152979,1.8618643985755687,4.699020325858188,129562.66825040776,1.0199852957986912,22.99873162602068
31,7,patch,320.0,squid,7,False,125.82103125346723,3.8937701555326543,0.0,125.82103125346723,3.936395053447872,5.187260249514644,5.982616531114087,1.8618643985755687,3.766140167387023,51730.300338779976,1.1671532534420705,22.99873162602068
31,7,patch,320.0,opm_matched,7,False,122.59412709620298,3.2753477663610466,0.0,122.59412709620298,3.171649175238029,54.61124138083216,54.82343999994435,1.8618643985755687,15.686863833190392,39030.97703427344,0.8389850625226221,22.99873162602068
31,7,patch,320.0,opm_dense,7,False,8.039715592741418,3.224490308206205,0.14285714285714285,18.963331743209594,3.510808499124689,25.186270925268282,25.859690686136613,1.8618643985755687,7.985048458177178,100777.86165605098,0.9124013737437682,22.99873162602068
31,7,patch,320.0,squid_mag,7,False,21.60053777818883,4.936376126539924,0.0,21.59657655517348,4.970009202869229,25.61754164528447,26.318813131079764,1.8618643985755687,15.040547952705028,49485.01448929253,1.0080779550101868,22.99873162602068
31,7,patch,320.0,squid_grad,7,True,116.91592844290953,4.000080350086745,0.0,116.91592844290953,3.92761430496522,56.49981885005574,56.65685879558334,1.8618643985755687,7.2548629709417805,24226.024323805694,1.104805827697007,22.99873162602068
32,8,focal,80.0,squid,0,False,41.513004712023914,4.385623747335272,nan,41.513004712023914,4.338675357521215,34.501749479145175,32.57519020633167,2.296131466426134,5.339020235275491,24542.641086751686,1.0033791051019538,29.348587331109382
32,8,focal,80.0,opm_matched,0,False,34.06649546415664,3.621643885354779,nan,63.71074283137762,3.718019183590327,25.03420118762575,23.085863990807848,2.296131466426134,15.431671367633864,15968.632497614837,1.154755526969769,29.348587331109382
32,8,focal,80.0,opm_dense,0,False,41.513004712023914,4.469632988464319,nan,41.513004712023914,4.458809925996041,57.60536938868765,56.525834705772176,2.296131466426134,11.341067304711842,5002.680625879849,1.023454271620023,29.348587331109382
32,8,focal,80.0,squid_mag,0,False,83.90341982452486,3.9508820192991263,nan,83.90341982452486,3.8641950538540337,78.75993605155925,76.97732971145962,2.296131466426134,15.999846259811834,15521.395580829876,0.9172234667918198,29.348587331109382
32,8,focal,80.0,squid_grad,0,False,41.513004712023914,5.052720116203533,nan,41.513004712023914,5.0282479794773485,36.20094309737286,34.446866291088554,2.296131466426134,8.239782868989938,24356.881729710305,0.9734215218120504,29.348587331109382
33,8,focal,320.0,squid,0,True,7.036409159751444,6.08010886178468,nan,19.673504873056274,6.092663417653971,6.925831657935278,6.965782359923799,2.296131466426134,23.199108686053354,3150.4443063720314,0.9932007407320342,29.348587331109382
33,8,focal,320.0,opm_matched,0,True,3.333756160643768,8.266396998749556,nan,3.333756160643768,8.554878013100813,4.5467191734003825,3.973246835845173,2.296131466426134,48.40782974525526,1394.9426832657873,1.2891316169754254,29.348587331109382
33,8,focal,320.0,opm_dense,0,True,16.351516058165913,8.985441248843138,nan,9.14158068945937,8.690284665044173,3.36460208808846,2.482941191792607,2.296131466426134,36.57927290459905,1437.7435478703221,1.1421183636302623,29.348587331109382
33,8,focal,320.0,squid_mag,0,True,19.673504873056274,7.729439563832579,nan,19.673504873056274,7.891631122110161,7.528058545824113,7.382702787117049,2.296131466426134,45.35733141757973,3698.572465049551,1.0335483782188966,29.348587331109382
33,8,focal,320.0,squid_grad,0,True,19.673504873056274,6.549039443036566,nan,19.673504873056274,6.625952478078604,8.67833503698192,9.800043834381503,2.296131466426134,30.041320099208242,5123.06106147198,0.9902747857383257,29.348587331109382
34,8,patch,80.0,squid,0,False,56.371426618210336,3.251916854848209,0.0,56.371426618210336,3.4819206612799802,66.01154174027917,65.86109715673162,2.296131466426134,3.9141667286926007,37833.39005888973,0.96949769235012,29.348587331109382
34,8,patch,80.0,opm_matched,0,False,58.27037884483817,3.769123361960708,0.0,82.1657181439724,3.4391153827036423,55.20028968975943,54.77072015522352,2.296131466426134,9.596951947949306,514064.54989378614,0.9135673995911474,29.348587331109382
34,8,patch,80.0,opm_dense,0,False,66.9509610510967,4.03656064022176,0.0,66.9509610510967,3.937199019552254,68.72065022569305,67.4929662991909,2.296131466426134,9.201179741062207,3237.054926256831,0.9613874270480965,29.348587331109382
34,8,patch,80.0,squid_mag,0,False,64.15636762023978,4.05601775966038,0.0,67.53093448609764,3.8440188507765987,70.75538659229568,69.44749964668931,2.296131466426134,14.898459893821506,15376.74049540043,0.9779732072191948,29.348587331109382
34,8,patch,80.0,squid_grad,0,False,69.96527857564753,3.3463681840067205,0.0,69.96527857564753,3.3004954946186293,51.660967384214906,51.38983169185244,2.296131466426134,5.7151020175563065,10792.333765925272,0.9021430465886162,29.348587331109382
35,8,patch,320.0,squid,0,False,9.14158068945937,3.671852274012479,0.0,91.95972999556912,3.496994536236649,15.133555006858314,15.13388952620577,2.296131466426134,6.062751676663791,28191.161449490348,1.0811846218013148,29.348587331109382
35,8,patch,320.0,opm_matched,0,False,18.04489597823917,4.344202777248188,0.0,18.04489597823917,4.419971004738114,16.57872865717273,16.89121733254836,2.296131466426134,21.855553477909933,20365.509172192316,0.9906157265351514,29.348587331109382
35,8,patch,320.0,opm_dense,0,False,22.894935386953364,4.010095063323885,0.0,19.673504873056274,4.063526258184752,14.603080452443438,15.058325943506292,2.296131466426134,13.466096505828329,12092.407304784856,0.9082869343550427,29.348587331109382
35,8,patch,320.0,squid_mag,0,False,9.705564643324317,4.108180714513265,0.16666666666666666,22.894935386953364,4.130764884203055,22.115179706459056,22.497880538698514,2.296131466426134,15.724027538132205,37408.927885785655,1.1875330977383403,29.348587331109382
35,8,patch,320.0,squid_grad,0,False,108.86001657974701,3.99944012503776,0.0,108.86001657974701,4.087397522093858,15.53632083817109,15.003198227917405,2.296131466426134,8.260485175580525,35611.86770571336,1.076695304974309,29.348587331109382
36,9,focal,80.0,squid,1,False,14.481770539732814,3.514009541354896,nan,100.62129500208395,3.300490919642543,17.670055751313072,17.66776661535323,3.5603875303028603,4.57006007995346,51635.45603281955,0.9531870164668337,24.116834949297328
36,9,focal,80.0,opm_matched,1,False,14.785412064778397,4.192474666462463,nan,10.05472747520576,4.05366220006172,8.797492051735919,6.846752179735911,3.5603875303028603,16.448538452112672,89756.70957666877,0.9810030550259744,24.116834949297328
36,9,focal,80.0,opm_dense,1,False,14.785412064778397,4.600581500520904,nan,10.05472747520576,4.015400546097472,48.94418392317834,47.43489168736796,3.5603875303028603,11.655115006414164,3261.6582480349875,0.945398534589469,24.116834949297328
36,9,focal,80.0,squid_mag,1,False,107.7726967281971,3.788230994800986,nan,111.65497311336486,3.6218923514626824,17.860976201406956,18.171389696836933,3.5603875303028603,12.114160492951298,60043.84646182089,0.9349336916746926,24.116834949297328
36,9,focal,80.0,squid_grad,1,False,67.22305140977342,3.7168783745880294,nan,68.9061425964534,3.8391353833746513,31.600449450686444,32.58862307208021,3.5603875303028603,5.661250724829959,119019.03540941644,0.9673116269658993,24.116834949297328
37,9,focal,320.0,squid,1,True,14.785412064778397,9.166733748924974,nan,14.785412064778397,9.218224435790791,4.356348167626054,1.1741162974668178,3.5603875303028603,34.48124623967656,1063.1810773557172,1.1728212644181253,24.116834949297328
37,9,focal,320.0,opm_matched,1,True,22.551432601744217,15.07273766415545,nan,22.551432601744217,15.038265727304358,6.960301897039426,3.568777034223545,3.5603875303028603,71.73406018890874,2890.770073641797,1.1519119085472471,24.116834949297328
37,9,focal,320.0,opm_dense,1,True,10.05472747520576,16.901165674577154,nan,10.05472747520576,17.13539875428025,4.387698513080548,2.3224045585404363,3.5603875303028603,70.02128601477008,159.3704298961238,1.0810996922403047,24.116834949297328
37,9,focal,320.0,squid_mag,1,True,24.63866399658361,10.396382453477319,nan,10.05472747520576,10.451608738843849,6.411365426023121,4.965984614872522,3.5603875303028603,61.653739283868866,1628.2280174992372,1.0609329247541288,24.116834949297328
37,9,focal,320.0,squid_grad,1,True,14.785412064778397,8.635501285129273,nan,14.785412064778397,8.41379848532412,7.123840092808634,4.75362469124681,3.5603875303028603,33.19952356612927,3217.831729782055,1.1986674981751708,24.116834949297328
38,9,patch,80.0,squid,1,False,24.53282639208042,3.2249816448357556,0.0,105.78960772317402,3.1373521917209573,17.291923716992216,16.60432861680597,3.5603875303028603,5.092092585968065,66213.40933089254,0.9496373556695702,24.116834949297328
38,9,patch,80.0,opm_matched,1,False,18.744492275125936,4.74111508540201,0.0,18.744492275125936,4.991522692960113,19.97637382705732,21.985657850954443,3.5603875303028603,24.071589708915546,31313.477373044552,0.9340300702583694,24.116834949297328
38,9,patch,80.0,opm_dense,1,False,31.197764864426308,4.263501929490254,0.0,31.197764864426308,4.67403283754161,17.78811355904031,19.353183441756997,3.5603875303028603,15.436003843813841,14040.129581884474,0.990054738268475,24.116834949297328
38,9,patch,80.0,squid_mag,1,False,58.973985714330006,3.7136127458691988,0.0,31.197764864426308,3.6354121031846414,12.702229078288926,13.06261066585416,3.5603875303028603,18.018829404508402,90002.05962345218,0.8093092473114745,24.116834949297328
38,9,patch,80.0,squid_grad,1,False,97.79234140438139,3.5428358816883887,0.0,93.47310221445142,3.6725517031643804,60.94055380831658,58.423510311930734,3.5603875303028603,5.466002757998389,51048.154534951136,1.0067242575197328,24.116834949297328
39,9,patch,320.0,squid,1,True,19.44386106881348,8.981426416345487,0.0,14.785412064778397,7.951275403925085,1.9095191894604788,4.167786247112825,3.5603875303028603,33.31044372276853,1408.638299475429,1.0400649450074066,24.116834949297328
39,9,patch,320.0,opm_matched,1,True,22.551432601744217,13.941552345847649,0.0,22.551432601744217,13.943847044628994,2.6145428200262657,2.8202720322386194,3.5603875303028603,70.65366415722974,2327.7341379984273,1.0493856144180547,24.116834949297328
39,9,patch,320.0,opm_dense,1,True,10.05472747520576,14.99537756922628,0.0,10.05472747520576,14.76883061931931,1.1010061797344508,2.5017305343777183,3.5603875303028603,65.36814020167971,155.26277830825768,1.051824758106252,24.116834949297328
39,9,patch,320.0,squid_mag,1,True,24.63866399658361,11.103097605376497,0.0,24.63866399658361,10.575499693571611,2.7588340053189873,5.279555724210219,3.5603875303028603,56.67082924101076,1980.7741485502431,1.125148710653092,24.116834949297328
39,9,patch,320.0,squid_grad,1,True,19.44386106881348,7.845742235294336,0.0,14.785412064778397,7.632276994278029,4.403590776497722,4.141183110335091,3.5603875303028603,34.972492728242266,3202.8674926043886,1.0017161270309136,24.116834949297328
40,10,focal,80.0,squid,2,False,82.00129566699151,3.5671589491383973,nan,76.88323478584242,3.5951222159914145,16.24977269164395,15.121536532467609,1.6395355174237523,4.86331467955808,170718.09595525573,0.9740519198243913,22.684345071852842
40,10,focal,80.0,opm_matched,2,False,56.81571313178332,3.3082641295070854,nan,56.81571313178332,3.435207276533034,23.832325894807546,23.952107692029905,1.6395355174237523,14.067397017789474,80509.78355335815,0.9719592416708648,22.684345071852842
40,10,focal,80.0,opm_dense,2,False,87.45588939652248,3.1223019395855576,nan,28.780022118683,3.111520952547429,28.464874082372823,29.095488394210676,1.6395355174237523,8.815272930867458,51754.951660050094,0.8540506318463682,22.684345071852842
40,10,focal,80.0,squid_mag,2,False,70.23718700879022,2.7985413690346745,nan,19.93707486229446,2.7321559187417495,9.571758299001328,11.123254062482054,1.6395355174237523,16.431623678171462,93871.23753744253,0.7604930627097769,22.684345071852842
40,10,focal,80.0,squid_grad,2,False,49.40299591685562,3.6207160892816113,nan,49.40299591685562,3.59462774800594,39.55570996252054,40.782071322832365,1.6395355174237523,4.842663699132912,19008.581832920758,1.0346208971685342,22.684345071852842
41,10,focal,320.0,squid,2,True,25.517528862804802,6.692391130785805,nan,26.178626030858606,6.459080962896253,12.580185197584246,11.685202304567136,1.6395355174237523,28.630873962712243,8823.897745660865,0.980793730564764,22.684345071852842
41,10,focal,320.0,opm_matched,2,True,16.660355797259886,8.512014169338203,nan,16.660355797259886,8.6350115713273,13.183406038527732,12.158743743105338,1.6395355174237523,51.74053557188324,50123.55153589958,1.0156589619624121,22.684345071852842
41,10,focal,320.0,opm_dense,2,True,3.1968857645057147,8.055887318138574,nan,3.1968857645057147,8.546818291311796,11.388123422687771,9.823006815356997,1.6395355174237523,38.63030487980505,11634.730046382067,1.0403633142856652,22.684345071852842
41,10,focal,320.0,squid_mag,2,True,26.178626030858606,7.807366771781107,nan,25.517528862804802,8.074312538215246,12.200626115409916,11.344030565395833,1.6395355174237523,48.859514810888626,13580.46821807491,1.0774186746836352,22.684345071852842
41,10,focal,320.0,squid_grad,2,True,16.660355797259886,5.643810172757593,nan,16.9587667046147,5.5164045622564695,19.360267856925045,18.477304445318424,1.6395355174237523,17.694772833119988,20315.723458000095,0.9995485828975088,22.684345071852842
42,10,patch,80.0,squid,2,False,70.97993328075026,3.502365232655759,0.0,70.97993328075026,3.6015059912920324,77.57782286799166,77.09133953289701,1.6395355174237523,3.0959434748610284,47689.350642586316,1.0204854252827413,22.684345071852842
42,10,patch,80.0,opm_matched,2,False,16.572779074424183,3.3861958833502457,0.0,16.572779074424183,3.2859260668796626,46.857754555694534,45.68186132323189,1.6395355174237523,12.127872821060492,85098.65831979533,0.972830794982471,22.684345071852842
42,10,patch,80.0,opm_dense,2,False,8.227063179808916,3.553553037275563,0.16666666666666666,64.22492621693995,3.3344235973066234,52.962592229004684,52.52619149527078,1.6395355174237523,7.8201048291602255,15258.192232503121,1.0201557933028074,22.684345071852842
42,10,patch,80.0,squid_mag,2,False,87.83625068393688,3.03905051213904,0.0,101.38026812686412,3.0054947276620734,78.5674004443123,79.66220784824804,1.6395355174237523,11.34229436650555,68371.71418109394,0.7713751645301563,22.684345071852842
42,10,patch,80.0,squid_grad,2,False,50.835908264570044,3.300223164269779,0.0,71.42105862854464,3.57103332476269,76.54168599472331,75.78557340687014,1.6395355174237523,4.653894491434232,195634.9185897117,1.0939996797695781,22.684345071852842
43,10,patch,320.0,squid,2,False,58.63841800220812,4.032016488417752,0.0,62.22477737935602,3.657978804031232,82.03156981351357,82.60245635957027,1.6395355174237523,5.851351876957989,14122.842692835819,1.0604929341676996,22.684345071852842
43,10,patch,320.0,opm_matched,2,False,23.188204044655752,3.7778049498039974,0.0,23.188204044655752,3.8826877082315647,32.86100027301141,33.78019324024517,1.6395355174237523,18.99353662598574,80576.77259747041,1.0852002777441219,22.684345071852842
43,10,patch,320.0,opm_dense,2,False,48.62851479190118,3.427970591215784,0.0,48.62851479190118,3.365451365362171,81.90290212050515,83.0098652612217,1.6395355174237523,9.531292168089697,9142.628833355047,0.9767223939654294,22.684345071852842
43,10,patch,320.0,squid_mag,2,False,58.63841800220812,3.693109645929241,0.0,62.22477737935602,3.630607137371128,81.52192691008324,82.15408474445462,1.6395355174237523,15.704898974095824,38864.42072978927,0.9113048519402569,22.684345071852842
43,10,patch,320.0,squid_grad,2,False,60.27800694965756,3.615301936022407,0.0,60.27800694965756,3.639235822833695,29.732410098808412,30.644173315312376,1.6395355174237523,4.74398670028735,464656.10518560087,1.098995812096219,22.684345071852842
44,11,focal,80.0,squid,3,True,4.467682590745351,4.58718075796596,nan,4.467682590745351,4.599361703209093,1.7990345433872317,3.912322871686358,5.575065379851571,16.65126573649445,2401.768884329662,0.8586292698899815,24.112082479164634
44,11,focal,80.0,opm_matched,3,True,4.801333944276767,6.1899398375964525,nan,4.801333944276767,6.17806138611098,6.160629689576234,5.0456178368771765,5.575065379851571,42.32400467691635,9544.660214950476,0.8119101664403767,24.112082479164634
44,11,focal,80.0,opm_dense,3,True,9.905221355014529,6.06190426836986,nan,9.905221355014529,6.193938313825906,3.083897008221047,2.8020160911700347,5.575065379851571,32.229693386283294,1664.4905544620124,0.7675458457001475,24.112082479164634
44,11,focal,80.0,squid_mag,3,True,4.801333944276767,5.816704670535058,nan,4.801333944276767,5.818068373057454,2.744092781719008,4.005065750085061,5.575065379851571,34.478584930860336,7424.800131509481,0.9404578128372512,24.112082479164634
44,11,focal,80.0,squid_grad,3,True,4.801333944276767,4.487808024228041,nan,4.801333944276767,4.746404794055715,3.135888759268713,2.9036511915528678,5.575065379851571,18.964498906995097,4975.994021332267,0.8122900014233193,24.112082479164634
45,11,focal,320.0,squid,3,True,14.408072437023398,17.378601813880646,nan,9.905221355014529,19.340234384364784,5.863353807398066,1.290717681679105,5.575065379851571,66.34261559412931,62.6903743954213,1.1011471537095978,24.112082479164634
45,11,focal,320.0,opm_matched,3,True,14.408072437023398,21.2293221622607,nan,9.351677710190142,20.901838858388146,6.254968198037548,1.6729327776521763,5.575065379851571,89.33311660948776,144.2156730339613,0.7910626732586017,24.112082479164634
45,11,focal,320.0,opm_dense,3,True,14.408072437023398,22.204944301901868,nan,9.351677710190142,23.214214016345377,5.809351243390947,0.8282110675760583,5.575065379851571,82.8770602879039,32.23365875110986,1.0403389430233472,24.112082479164634
45,11,focal,320.0,squid_mag,3,True,14.408072437023398,21.466675744626947,nan,14.408072437023398,21.24358956246495,5.831258635751376,1.1846989136362163,5.575065379851571,84.22118332994512,135.86421924435467,1.1504734963771945,24.112082479164634
45,11,focal,320.0,squid_grad,3,True,9.351677710190142,17.297718562216655,nan,9.351677710190142,18.88348150648925,6.515330578575859,1.8023776207222897,5.575065379851571,73.38747594315174,115.88742357786731,1.0604274651021361,24.112082479164634
46,11,patch,80.0,squid,3,False,84.07766989019825,3.14876245410996,0.0,63.57567300528921,3.291990786983647,75.46026910579499,72.24056822529604,5.575065379851571,3.7522703308594827,15934.288567414877,0.9843038119569737,24.112082479164634
46,11,patch,80.0,opm_matched,3,False,54.493327876911856,3.7484307209554917,0.0,54.493327876911856,3.757550334828017,57.5399543538731,55.219281280757265,5.575065379851571,14.723891531291086,9479.49936896781,0.9950144969389924,24.112082479164634
46,11,patch,80.0,opm_dense,3,False,69.16871590549128,3.384751238843224,0.0,79.44532215758676,3.333756246528207,87.08758903164605,88.61174202340501,5.575065379851571,6.1460608362047875,217280.28790386175,1.1271861228547957,24.112082479164634
46,11,patch,80.0,squid_mag,3,False,51.529769520009346,3.519733028296659,0.0,51.529769520009346,3.2357433160767206,67.97222868698239,64.46425236146487,5.575065379851571,11.5251170192961,19735.576287199026,0.9592248600314196,24.112082479164634
46,11,patch,80.0,squid_grad,3,False,88.78446430263186,3.1033238697124674,0.0,64.47847943882215,3.029713540854811,94.35878157490758,92.28233108225098,5.575065379851571,5.32497187613505,24661.712235985233,0.9701034958517487,24.112082479164634
47,11,patch,320.0,squid,3,True,3.314115849727661,5.742227507836917,0.2,3.314115849727661,5.83340732005362,8.977681790211543,6.0307634886138395,5.575065379851571,12.722353955613253,978.6443183665959,1.057270589614522,24.112082479164634
47,11,patch,320.0,opm_matched,3,True,3.918865759054091,5.629728173521636,0.6,3.918865759054091,5.670506004143255,4.8654425218218,5.505106391011107,5.575065379851571,29.377821526934607,4667.418350686753,0.9870884554453127,24.112082479164634
47,11,patch,320.0,opm_dense,3,True,7.840047012031615,5.704976282053854,0.6,9.252274786892317,6.445120319585377,9.609822178550399,5.90394840575425,5.575065379851571,24.121893732801798,630.928785771338,1.0555785773101511,24.112082479164634
47,11,patch,320.0,squid_mag,3,True,3.918865759054091,5.214148861490256,0.4,3.918865759054091,5.298982145622006,6.934307589556802,7.153964238446132,5.575065379851571,25.620680185964684,3498.4956820378047,1.1015598243810552,24.112082479164634
47,11,patch,320.0,squid_grad,3,True,20.97418982788594,5.032256582264102,0.2,20.97418982788594,5.169954685458554,10.851731843355214,7.788999548410259,5.575065379851571,19.318966140895423,1736.3684723966799,1.0456785596024918,24.112082479164634
48,12,focal,80.0,squid,4,False,53.287166100438014,3.0705625733773285,nan,53.287166100438014,3.1784943173610696,54.49109468700196,52.162529436936296,2.9709884417190318,4.990121584545023,16856.76794174096,0.9952793440747972,39.003023465303926
48,12,focal,80.0,opm_matched,4,False,42.84546432239085,3.267758940520468,nan,47.0559178511251,3.1730944490082797,65.68136976812023,64.80580653530758,2.9709884417190318,15.576428705019001,20764.037120969875,0.7791831837532868,39.003023465303926
48,12,focal,80.0,opm_dense,4,False,42.84546432239085,2.9850456494599404,nan,47.0559178511251,3.0264887561007634,42.59734319161321,40.2746911346126,2.9709884417190318,9.397304605240594,14340.487353961145,0.8674432248036278,39.003023465303926
48,12,focal,80.0,squid_mag,4,False,47.0559178511251,3.6491128053296413,nan,50.262496461497165,3.650055181366503,72.44100452308699,71.86156259751253,2.9709884417190318,10.335935629827073,36260.28472501666,0.8617261306527914,39.003023465303926
48,12,focal,80.0,squid_grad,4,False,40.133853756316874,2.828499153859203,nan,32.122649303640316,2.8905853260829195,47.019339570490324,44.313661379860626,2.9709884417190318,6.843281941184924,13488.205000855893,0.9701985757692545,39.003023465303926
49,12,focal,320.0,squid,4,False,38.67659755569025,3.769294293826064,nan,38.67659755569025,3.777706294303868,50.51789976337606,53.217636592099126,2.9709884417190318,5.337515963843856,15744.067505200632,0.9095653485016385,39.003023465303926
49,12,focal,320.0,opm_matched,4,False,46.18402407093443,3.3728582016143043,nan,46.18402407093443,3.756937911556666,54.86178242430424,57.44918268140141,2.9709884417190318,16.205883506225913,4015.8879661060323,0.9099877278643921,39.003023465303926
49,12,focal,320.0,opm_dense,4,False,102.65635994489325,3.6859443813526864,nan,33.71045006749442,3.970380291084164,55.21651748327557,57.74321590203922,2.9709884417190318,7.8667341861037725,4765.296039058937,0.9241180178059676,39.003023465303926
49,12,focal,320.0,squid_mag,4,False,38.67659755569025,3.7875803938085832,nan,38.67659755569025,3.4909131605047734,51.499645372338286,54.186466486721876,2.9709884417190318,17.81524453925826,15153.092562999564,0.7946832374425675,39.003023465303926
49,12,focal,320.0,squid_grad,4,False,75.73658934799519,3.7559400786019865,nan,75.73658934799519,4.080171375150109,65.9323063257369,65.04736990623718,2.9709884417190318,5.783492434805557,41233.237540871756,0.9781092235582073,39.003023465303926
50,12,patch,80.0,squid,4,False,81.73910411912561,2.9359357504030164,0.0,81.73910411912561,2.8849735262883964,64.41906126645179,65.48345033883487,2.9709884417190318,2.7107203429217632,60310.217051477426,0.819377810211217,39.003023465303926
50,12,patch,80.0,opm_matched,4,False,43.14995658300586,3.4210281932812694,0.0,53.577576816521756,3.248767540805537,78.81537545616932,81.69934440847902,2.9709884417190318,13.33211734183799,17816.76160192589,0.6940369338272455,39.003023465303926
50,12,patch,80.0,opm_dense,4,False,65.52317905653037,3.401065672617544,0.0,89.97566784213511,3.517605413826829,44.764632913745466,46.80025058945651,2.9709884417190318,9.821579611833688,9891.071862977702,1.0264615669859694,39.003023465303926
50,12,patch,80.0,squid_mag,4,False,40.960455089666425,2.869662557108501,0.0,40.960455089666425,2.7953625617415345,30.806085455684958,29.20908521921136,2.9709884417190318,9.50857704891198,56289.18181978205,0.6947807046584826,39.003023465303926
50,12,patch,80.0,squid_grad,4,False,62.654061149653316,3.0048057393761405,0.0,62.654061149653316,2.975949469727951,70.35003781637332,71.32497154165254,2.9709884417190318,5.80945293594768,50289.43202553379,0.8165596647349501,39.003023465303926
51,12,patch,320.0,squid,4,False,67.48372017480409,3.837704792588196,0.0,67.48372017480409,3.9179387375540773,67.11411938196117,69.2644988906416,2.9709884417190318,3.593927014122473,88605.93452487589,0.9634613057697722,39.003023465303926
51,12,patch,320.0,opm_matched,4,False,54.36923837170183,4.275162473367399,0.0,37.383236393995816,4.287988831704336,82.38354905557829,85.05788530114526,2.9709884417190318,18.843152193609637,30360.92962756956,0.8391489329969514,39.003023465303926
51,12,patch,320.0,opm_dense,4,False,77.34255564908894,3.2467205089294056,0.0,77.34255564908894,3.3859085177975783,33.46727915239736,31.303883275748422,2.9709884417190318,5.5926632673055465,13189.142857867584,0.8862978286969639,39.003023465303926
51,12,patch,320.0,squid_mag,4,False,76.37052549003526,3.3825107734151763,0.0,40.47325405162523,3.341084832370133,66.99491204084617,69.18082134645833,2.9709884417190318,11.715484155123988,188083.4719956528,0.8778887182606784,39.003023465303926
51,12,patch,320.0,squid_grad,4,False,92.84642277265783,3.2068822221142814,0.0,92.84642277265783,3.19063004701879,74.62113130676343,75.72179302581394,2.9709884417190318,6.211196478596765,168730.83643402334,0.8842811784238395,39.003023465303926
52,13,focal,80.0,squid,5,False,85.72041583770965,3.4417068669102266,nan,68.84351749520478,3.513975643572989,31.03860278740776,28.5448778972344,4.742078255788002,5.782098633549885,10497.285540943174,1.0613082685111885,31.327955291230225
52,13,focal,80.0,opm_matched,5,False,28.94385557935323,4.3966726292904825,nan,28.94385557935323,4.334716712389248,32.54998378902353,30.34767269709523,4.742078255788002,16.86093347340817,11770.014654659883,1.097549511900319,31.327955291230225
52,13,focal,80.0,opm_dense,5,False,64.09737198320228,4.09323367962425,nan,52.06063912902758,4.231396897040042,30.613056043888136,28.98763857115218,4.742078255788002,9.476968061781802,15834.11733218267,1.1535857348098788,31.327955291230225
52,13,focal,80.0,squid_mag,5,False,27.411671913089577,3.9632598074186567,nan,27.411671913089577,3.9562133949398697,31.143569127319072,28.942921902387447,4.742078255788002,13.998735659884487,12774.939894071416,1.2053209296522878,31.327955291230225
52,13,focal,80.0,squid_grad,5,False,85.72041583770965,4.480404121092111,nan,85.72041583770965,4.5291370812298055,31.278409324917675,29.01286382881329,4.742078255788002,9.03048086494292,13720.222315802503,0.9799264040997537,31.327955291230225
53,13,focal,320.0,squid,5,False,71.56141090037099,3.7361276528534098,nan,74.68229946061453,3.944059928926904,90.06496739733153,88.62904140905789,4.742078255788002,4.803530489709807,36442.861543775914,1.082332257444014,31.327955291230225
53,13,focal,320.0,opm_matched,5,False,45.48896671178739,3.3585520996725435,nan,45.48896671178739,3.3810981882356175,63.99074319007723,66.73166189798116,4.742078255788002,10.777358646342424,20380.190616146512,0.918688617701259,31.327955291230225
53,13,focal,320.0,opm_dense,5,False,59.68085834078695,3.196086127257369,nan,55.80123939500095,2.9983819971658923,63.14646135600481,62.946746812790586,4.742078255788002,7.713404231834653,35682.8793244341,0.9397629752540531,31.327955291230225
53,13,focal,320.0,squid_mag,5,False,50.66202722303283,4.490086036580036,nan,50.66202722303283,4.367394411071795,88.6949055038566,87.55040478386816,4.742078255788002,11.923992493470353,93826.56103024933,1.2044168371215374,31.327955291230225
53,13,focal,320.0,squid_grad,5,False,86.81086303283493,3.571107731529308,nan,86.81086303283493,3.6271172647680268,59.67465780999252,63.57746639334816,4.742078255788002,6.282762728816637,38852.27239881945,1.0764263786490178,31.327955291230225
54,13,patch,80.0,squid,5,False,81.82847969570315,4.459159367672501,0.0,81.82847969570315,4.250922010157414,59.52227247335499,63.16980631467112,4.742078255788002,3.0761926946018354,10156.088350355423,0.9702315791076633,31.327955291230225
54,13,patch,80.0,opm_matched,5,False,79.78753125500195,3.1689972126626555,0.0,79.78753125500195,3.210916446006997,71.14916592670099,75.17807751834637,4.742078255788002,11.72127903223283,35808.63094611967,0.6921478842971059,31.327955291230225
54,13,patch,80.0,opm_dense,5,False,35.277575524053404,3.8632266407494833,0.0,35.277575524053404,3.851981241613698,108.87597260536857,109.2044517895151,4.742078255788002,11.480567583264408,40936.90001556202,0.8618785410246553,31.327955291230225
54,13,patch,80.0,squid_mag,5,False,81.82847969570315,3.158289427191931,0.0,87.26303840510715,3.1396945151926725,70.07738988171039,74.2680202034741,4.742078255788002,10.524069403151078,29017.533616190307,0.860805018420672,31.327955291230225
54,13,patch,80.0,squid_grad,5,False,67.54328327467503,3.748972316331709,0.0,75.12157883784212,3.684265625595937,82.35013492010971,86.41294701475745,4.742078255788002,5.163811637987183,35099.49811868345,0.9645439557135301,31.327955291230225
55,13,patch,320.0,squid,5,False,57.68363108670862,3.5279763485156583,0.0,57.68363108670862,3.535764599216325,13.477694815622321,16.150054555648904,4.742078255788002,3.5904571385993207,23224.755288144945,0.9444882771477566,31.327955291230225
55,13,patch,320.0,opm_matched,5,False,9.499808935691664,3.4486972908448434,0.16666666666666666,13.44025721373085,3.4174110065866725,19.218401151416135,20.669825585439305,4.742078255788002,18.060825033574222,16374.441559592136,0.6890120509643389,31.327955291230225
55,13,patch,320.0,opm_dense,5,False,50.90240651240489,4.558171247705623,0.0,50.90240651240489,4.571277696458635,55.95346234228373,57.14148671887886,4.742078255788002,10.00080611015173,3586.1575281314767,1.0304451931408567,31.327955291230225
55,13,patch,320.0,squid_mag,5,False,65.63808725872636,3.3114989440835236,0.0,65.63808725872636,3.2818510831363157,19.14843138847195,22.237651950037808,4.742078255788002,15.251242968884963,23054.791025141887,0.7123045395449529,31.327955291230225
55,13,patch,320.0,squid_grad,5,False,61.48850408047883,3.5428230039832367,0.0,61.48850408047883,3.4305381146144347,20.508763668187413,21.683208123156707,4.742078255788002,4.306179511766455,22745.592290106408,1.0501192556198948,31.327955291230225
56,14,focal,80.0,squid,6,False,61.08697443038698,3.035976054927817,nan,63.51798465604767,2.8920543177158016,95.87639223953487,98.10886347253371,4.09374517957474,4.470897900913832,22304.16160947844,0.8729055887161209,34.6735205919688
56,14,focal,80.0,opm_matched,6,False,57.22859857996631,2.987137543052953,nan,57.22859857996631,3.0175202734626088,18.10982736820086,14.472792382751434,4.09374517957474,13.87143078132102,48095.1824012844,0.6985934316547623,34.6735205919688
56,14,focal,80.0,opm_dense,6,False,72.56069116728706,3.3378962072294653,nan,72.56069116728706,3.2563630275856075,24.848720898758444,22.03069238713131,4.09374517957474,6.609575870332381,75981.35790255437,0.897970989364567,34.6735205919688
56,14,focal,80.0,squid_mag,6,False,58.24092162792385,3.012049563749893,nan,58.24092162792385,2.9414401152690686,11.87617770350615,7.785253191173349,4.09374517957474,9.209237323485105,41899.52192064746,0.8792537476445185,34.6735205919688
56,14,focal,80.0,squid_grad,6,False,58.37436370989192,3.1076211302926082,nan,28.909246968896706,3.0550890069792014,14.516221445272187,13.252450970100762,4.09374517957474,4.849327942628488,15394.023110782353,0.867015795067375,34.6735205919688
57,14,focal,320.0,squid,6,True,9.662755649032317,4.65085226814897,nan,9.662755649032317,5.547656280492862,7.6704807589626665,4.7527374712198895,4.09374517957474,16.232499826659478,2947.6933496170027,1.025427091367429,34.6735205919688
57,14,focal,320.0,opm_matched,6,True,9.662755649032317,6.413052129454563,nan,9.662755649032317,6.643559131032263,7.291498110523414,3.4038224787058615,4.09374517957474,40.40048911291551,2747.5428623248827,1.0165271749007043,34.6735205919688
57,14,focal,320.0,opm_dense,6,True,9.662755649032317,6.2532317886981845,nan,9.662755649032317,6.88219181910311,5.878083099918316,2.5280515314056538,4.09374517957474,28.08630474142936,2016.468603093317,1.0393287566984468,34.6735205919688
57,14,focal,320.0,squid_mag,6,True,13.255851846130227,6.488808202958491,nan,13.255851846130227,6.811261772876937,7.679963103035887,4.05031196838565,4.09374517957474,38.97851147936234,2994.1077656887123,0.9362828914649961,34.6735205919688
57,14,focal,320.0,squid_grad,6,True,9.662755649032317,5.57162223358289,nan,9.662755649032317,6.149901711847192,5.633475938016982,2.076656154552368,4.09374517957474,22.69717772951628,2984.837099049714,0.9976600068580446,34.6735205919688
58,14,patch,80.0,squid,6,False,70.5664921927117,3.804071933641257,0.0,70.5664921927117,3.86275433840307,74.61325492480309,77.94109408729166,4.09374517957474,3.417061128095469,22066.87691799672,0.9304618721670314,34.6735205919688
58,14,patch,80.0,opm_matched,6,False,99.194804063252,2.8198244699583013,0.0,99.194804063252,2.7451602253105873,49.06149748576283,52.752709393545274,4.09374517957474,12.393908779160915,30589.537805586442,0.6139500578430729,34.6735205919688
58,14,patch,80.0,opm_dense,6,False,53.26499148543536,3.4191638808832012,0.0,45.96376247427779,3.320615432735678,72.2402228308582,75.77077445661732,4.09374517957474,7.404665477659787,25160.693260632255,0.9053157185398493,34.6735205919688
58,14,patch,80.0,squid_mag,6,False,74.09472698758617,2.9275620155762816,0.0,74.09472698758617,2.9870602985019077,76.93686165148198,80.21615913450339,4.09374517957474,9.620861113521604,84339.06619437471,0.698528430904745,34.6735205919688
58,14,patch,80.0,squid_grad,6,False,40.688683197041264,3.479572580318733,0.0,45.027960118405986,3.583593059858693,100.03808142526319,102.79767646581868,4.09374517957474,6.319039807698064,86884.81984671377,0.9243410291441416,34.6735205919688
59,14,patch,320.0,squid,6,True,9.49882790427081,5.9195508644323525,0.0,9.49882790427081,6.276925840190735,7.074348528397953,2.996253420786138,4.09374517957474,13.344578783670308,2285.641143500619,1.1545783672918517,34.6735205919688
59,14,patch,320.0,opm_matched,6,True,9.49882790427081,6.862216021410825,0.0,9.49882790427081,6.652628346494,6.747629862078977,4.311859738590354,4.09374517957474,42.62448534141214,2201.2309498342725,0.8450279999140012,34.6735205919688
59,14,patch,320.0,opm_dense,6,True,9.49882790427081,6.6637592490748885,0.16666666666666666,9.49882790427081,6.544890653383934,5.024483922980835,1.6448333274899294,4.09374517957474,26.85620148419337,2027.900505255535,0.8656086870475527,34.6735205919688
59,14,patch,320.0,squid_mag,6,True,13.255851846130227,6.69543095036581,0.0,13.255851846130227,6.778869692112312,6.343842734327444,3.083682499697289,4.09374517957474,38.60484982317265,2403.2821317803673,0.835783602291605,34.6735205919688
59,14,patch,320.0,squid_grad,6,True,9.49882790427081,6.892432903590886,0.0,9.49882790427081,6.880374614729804,6.077429593743436,2.3134928181242724,4.09374517957474,16.775065120129145,3272.6950406350807,1.2420997490120067,34.6735205919688
60,15,focal,80.0,squid,7,False,98.86439435286161,3.770650526036585,nan,98.86439435286161,3.4641875568369227,47.80105086677603,46.633397123206244,1.4640956390479674,5.130142765328844,26765.712804185536,1.1048263646858023,32.996804196822865
60,15,focal,80.0,opm_matched,7,False,45.747438714008894,3.6390559120267745,nan,53.585294057921736,3.6756012103081,55.544780844852966,54.8967706475608,1.4640956390479674,17.157368816710527,11044.515071818956,0.8476880518761555,32.996804196822865
60,15,focal,80.0,opm_dense,7,False,45.747438714008894,4.430593262357417,nan,45.747438714008894,4.354444710791152,59.70348486966487,59.10602090140439,1.4640956390479674,9.48035248148409,5672.455845009626,1.0682320888026988,32.996804196822865
60,15,focal,80.0,squid_mag,7,False,45.747438714008894,3.6575956281327127,nan,47.195801510712144,3.2036524184453423,44.58248130096098,43.229133957217705,1.4640956390479674,13.09479801024419,63824.912377629924,1.0709237154009872,32.996804196822865
60,15,focal,80.0,squid_grad,7,False,52.44234219676402,4.208512469016162,nan,52.44234219676402,4.273707402705103,46.521232382324946,45.24093835132363,1.4640956390479674,6.383430446655723,68675.40014749764,1.0724438705557582,32.996804196822865
61,15,focal,320.0,squid,7,True,9.220918532918557,6.6427980333676055,nan,1.4803493248628665,6.331386725869543,4.130829315629686,3.8449369523742076,1.4640956390479674,33.30186932190596,1644.8560791924328,1.0046430297011968,32.996804196822865
61,15,focal,320.0,opm_matched,7,True,1.4803493248628665,9.68242971497362,nan,1.4803493248628665,9.64437451168648,5.3767044221659654,5.417832167508509,1.4640956390479674,65.9607251497129,2225.276476771502,0.9182614462003842,32.996804196822865
61,15,focal,320.0,opm_dense,7,True,1.4803493248628665,9.199763921446914,nan,1.4803493248628665,9.515802149787767,4.757931609278619,5.337203377958131,1.4640956390479674,54.496521194487315,767.9690821527087,0.8635712631185687,32.996804196822865
61,15,focal,320.0,squid_mag,7,True,9.220918532918557,8.232602642345972,nan,20.97051571481196,8.07311652238992,4.85239805936635,4.8743121480878395,1.4640956390479674,57.68186754279985,1864.4343468822192,1.0677297477436263,32.996804196822865
61,15,focal,320.0,squid_grad,7,True,9.220918532918557,7.551077580755183,nan,9.220918532918557,6.707965566589459,6.986787891788339,7.161891610677167,1.4640956390479674,37.32774490162391,2936.841575135248,1.0332997462752944,32.996804196822865
62,15,patch,80.0,squid,7,False,27.82620043531385,3.9731179838204427,0.0,27.82620043531385,3.9388389010604836,77.94604574348863,76.72871025798807,1.4640956390479674,6.738731625204079,23999.936817983616,0.923199239743249,32.996804196822865
62,15,patch,80.0,opm_matched,7,False,78.05923741884732,3.5047680032722526,0.0,43.016452254183534,3.3671473861975088,80.74362692570195,82.0258085363278,1.4640956390479674,9.68565739950872,97077.95040644941,0.9932102333653954,32.996804196822865
62,15,patch,80.0,opm_dense,7,False,107.64652975205954,3.2183881281851243,0.0,107.64652975205954,3.0679479134689376,38.52747472471884,37.79465688134226,1.4640956390479674,7.375282331391215,15383.755428985682,0.9101323958336254,32.996804196822865
62,15,patch,80.0,squid_mag,7,False,26.559081408312256,4.040455236878627,0.0,26.559081408312256,4.132814100122183,33.911718635819916,32.85295101970328,1.4640956390479674,16.324067345188457,54804.13543996275,0.985845574334939,32.996804196822865
62,15,patch,80.0,squid_grad,7,False,70.02616238354845,3.96565323287149,0.0,70.02616238354845,3.9114863080030693,78.97232031949213,77.79671166432871,1.4640956390479674,8.963000747229037,25894.298320107184,0.9079485095793488,32.996804196822865
63,15,patch,320.0,squid,7,True,25.65544288851305,3.574360369990407,0.0,69.31577429974686,3.4640532327223745,10.572477964639312,11.45092153517237,1.4640956390479674,7.933125327482843,11083.986155377355,1.020037978980897,32.996804196822865
63,15,patch,320.0,opm_matched,7,True,9.339055249744302,4.8121450440246845,0.2857142857142857,9.339055249744302,4.6135427211287,19.44756236665014,18.002036153643907,1.4640956390479674,21.91004187609852,39336.499065495314,1.1621401808101655,32.996804196822865
63,15,patch,320.0,opm_dense,7,True,4.38292691147353,4.7482799178995405,0.2857142857142857,1.4803493248628665,5.056475915235297,31.980561534278188,30.581336889699443,1.4640956390479674,15.675139377306186,20569.239641526212,1.069473798880322,32.996804196822865
63,15,patch,320.0,squid_mag,7,True,38.170065282307384,3.659265136415613,0.14285714285714285,38.170065282307384,3.485843019213282,25.774896651194876,24.38553891435257,1.4640956390479674,15.133909819976415,32987.69821856927,1.1687017500398469,32.996804196822865
63,15,patch,320.0,squid_grad,7,True,25.07377830412076,3.5414205128889176,0.0,25.07377830412076,3.5189669851346537,30.09370711413681,30.22593793415137,1.4640956390479674,15.201156015494647,10443.156148933118,0.9851215593303926,32.996804196822865
64,16,focal,80.0,squid,0,False,103.42246958335635,3.4622221285818267,nan,103.42246958335635,3.480555913987059,107.38746756797114,105.8664861952178,3.1439955369721115,4.032280778146295,16824.834614561765,0.9815915797247504,41.25286903889497
64,16,focal,80.0,opm_matched,0,False,92.3888611184351,3.207671582389888,nan,92.3888611184351,3.123151670064371,61.50665701865326,63.03466660654143,3.1439955369721115,12.385130622779258,35197.234892192544,1.009206276396522,41.25286903889497
64,16,focal,80.0,opm_dense,0,False,99.16342189521762,3.2999310112605285,nan,99.16342189521762,3.390113463277501,54.55324551484024,54.33187121334004,3.1439955369721115,7.357598366002295,34238.0279368688,0.9902524047422713,41.25286903889497
64,16,focal,80.0,squid_mag,0,False,111.60593080568,2.9806782312401277,nan,98.34600436119146,2.886996361705643,115.4315389848739,113.891979087525,3.1439955369721115,14.861647475538586,14246.735002813799,0.8415594200669197,41.25286903889497
64,16,focal,80.0,squid_grad,0,False,92.3888611184351,3.730136512384313,nan,100.46168705966394,3.9252583469591,59.99373056517062,59.16738767066402,3.1439955369721115,6.047973403859451,160019.40484410067,1.033358669271829,41.25286903889497
65,16,focal,320.0,squid,0,True,61.950987888770065,4.502264553996613,nan,11.784023947266848,4.541420767486783,5.832125811321882,3.9939917678329393,3.1439955369721115,20.566920960640143,1789.9023292752838,0.9834720602261257,41.25286903889497
65,16,focal,320.0,opm_matched,0,True,4.653267825326223,8.28939759277964,nan,4.653267825326223,8.859399412542228,3.490091140584287,3.0231584560620304,3.1439955369721115,53.72402311321337,1181.668905724299,0.8943272729327512,41.25286903889497
65,16,focal,320.0,opm_dense,0,True,5.68350471473173,7.122326856542439,nan,5.68350471473173,8.001281569088757,8.565975179247472,6.326002046972061,3.1439955369721115,42.09420694610852,1021.4901438930577,0.9392548769733949,41.25286903889497
65,16,focal,320.0,squid_mag,0,True,11.784023947266848,6.435221063949233,nan,5.68350471473173,6.455730777279375,5.863061447020646,4.014084060828832,3.1439955369721115,49.45162636049033,1747.529429546762,0.8249835565460769,41.25286903889497
65,16,focal,320.0,squid_grad,0,True,4.653267825326223,4.980804902205034,nan,4.653267825326223,5.111691563551088,7.163942203959797,5.591172251932269,3.1439955369721115,24.949804751699475,2502.2233958671563,1.0407312763811216,41.25286903889497
66,16,patch,80.0,squid,0,False,92.46280111315177,3.1374410723584765,0.0,91.34745431489331,3.2648078117630113,47.8417761853169,48.020372380969036,3.1439955369721115,3.742396174523118,91592.02511573794,0.9998731713485729,41.25286903889497
66,16,patch,80.0,opm_matched,0,False,13.233018913882677,3.0457156523432087,0.0,13.233018913882677,3.327742333557328,12.30743956554536,10.622331342810343,3.1439955369721115,18.603465598313885,17072.036784051652,0.5930629071906389,41.25286903889497
66,16,patch,80.0,opm_dense,0,True,59.83522473920944,2.987851705204354,0.0,110.97322938144953,2.9680177822935763,23.25042132360662,22.479751803792464,3.1439955369721115,8.163913248935122,61599.19488722343,0.7626675112273119,41.25286903889497
66,16,patch,80.0,squid_mag,0,False,19.6834923595763,3.8226060280643033,0.0,19.6834923595763,3.9866941933636957,36.88101738832022,37.13478097504342,3.1439955369721115,14.704506333726256,19179.261208455635,0.8293798373694355,41.25286903889497
66,16,patch,80.0,squid_grad,0,False,92.39150849431516,3.3690176750270218,0.0,107.8259468097415,3.411933440051262,74.27056104372556,74.94483199119999,3.1439955369721115,4.335144863831473,18974.938644124795,0.9370717293335766,41.25286903889497
67,16,patch,320.0,squid,0,True,20.817847707903333,4.834548111433814,0.3333333333333333,20.817847707903333,4.756735853413696,20.45961118471365,18.41427820719289,3.1439955369721115,11.90002082573475,5816.7039297831625,1.0651679349580283,41.25286903889497
67,16,patch,320.0,opm_matched,0,True,1.7655508250605154,6.786145096195575,0.3333333333333333,1.7655508250605154,7.39944496626411,24.637890903227373,22.363284044566072,3.1439955369721115,42.12798033707611,2296.88155789842,1.090439927786674,41.25286903889497
67,16,patch,320.0,opm_dense,0,True,5.68350471473173,5.087477587053125,0.3333333333333333,5.68350471473173,5.401616019139124,10.831773863154947,8.039799045033302,3.1439955369721115,37.5258519827464,2062.137810022262,0.8270590034523939,41.25286903889497
67,16,patch,320.0,squid_mag,0,True,67.85190477149354,4.44238018696815,0.16666666666666666,5.68350471473173,4.83482477382503,14.081091598444894,11.954177397478443,3.1439955369721115,28.874662158906695,7521.931829915744,1.0235920347066165,41.25286903889497
67,16,patch,320.0,squid_grad,0,True,1.7655508250605154,4.692700555709025,0.16666666666666666,4.653267825326223,4.810349475372911,17.12138145971776,14.990494863071975,3.1439955369721115,15.077970824449835,10058.88156367451,1.089656845161912,41.25286903889497
68,17,focal,80.0,squid,1,False,31.63963108939197,3.368390165504991,nan,31.63963108939197,3.359526603305486,89.43898505413222,86.06765972035554,3.476860503086782,4.61521798208304,23937.809042462242,1.1078988188773875,33.73262493296156
68,17,focal,80.0,opm_matched,1,False,88.45531110494389,3.2390043706983462,nan,88.45531110494389,3.3632846702647043,77.92479239791487,74.4644076991064,3.476860503086782,12.726045715917103,44108.214039476334,1.198807163048251,33.73262493296156
68,17,focal,80.0,opm_dense,1,False,84.86455555871409,3.8748402548923337,nan,84.86455555871409,3.780491167803642,89.46724533674454,87.4468848269105,3.476860503086782,8.878195511502662,9795.81015876301,1.1636912452551191,33.73262493296156
68,17,focal,80.0,squid_mag,1,False,91.44449043743693,3.5991693614676294,nan,91.44449043743693,3.8000579384849256,90.82611053059574,87.49444801856046,3.476860503086782,12.319951895095528,42903.09271112425,0.9582860319253446,33.73262493296156
68,17,focal,80.0,squid_grad,1,False,90.16274283439364,3.9910867949134596,nan,90.16274283439364,3.975195782295092,91.83304692175052,88.41345413814174,3.476860503086782,5.3638733126050635,44284.698840430145,1.1729483608881253,33.73262493296156
69,17,focal,320.0,squid,1,True,6.226470672959156,6.543290940043282,nan,6.226470672959156,6.182206517994547,3.7575926089031806,1.3788226853030956,3.476860503086782,16.00459492677664,2778.9199749650993,0.9381795168461758,33.73262493296156
69,17,focal,320.0,opm_matched,1,True,1.545999933861731,6.593921479693839,nan,1.545999933861731,6.964154386685978,7.095253808363134,4.981652836303702,3.476860503086782,41.63012711161734,2275.7463921836115,0.9880268314028618,33.73262493296156
69,17,focal,320.0,opm_dense,1,True,1.545999933861731,6.760035006160487,nan,1.545999933861731,7.249729696135883,4.23240556302001,3.42926678281402,3.476860503086782,28.278344930274347,1284.0875639373012,0.9950062603487758,33.73262493296156
69,17,focal,320.0,squid_mag,1,True,6.226470672959156,6.436533419127307,nan,6.226470672959156,6.149337334672572,5.432445522488212,2.8687584841741383,3.476860503086782,34.813894515234196,3562.4894582747083,0.9362430115108802,33.73262493296156
69,17,focal,320.0,squid_grad,1,True,6.226470672959156,6.459961515348529,nan,6.226470672959156,6.609069029692158,3.603317796249992,3.6940316367602395,3.476860503086782,21.564424823095184,3575.0812140649423,0.8997016891864512,33.73262493296156
70,17,patch,80.0,squid,1,False,83.20103946518611,3.8206202012920274,0.0,83.20103946518611,3.46949294883735,84.19265664511077,83.74094452564088,3.476860503086782,3.6579665257229976,52626.31954881437,0.9599172149989051,33.73262493296156
70,17,patch,80.0,opm_matched,1,False,95.18966438949003,4.045850556927835,0.0,95.18966438949003,3.9838618519765503,60.8967235959977,61.252032154847626,3.476860503086782,11.589806288852511,29990.13852171558,0.855415370819274,33.73262493296156
70,17,patch,80.0,opm_dense,1,False,76.89028094636903,2.9878278470642092,0.0,94.131979555488,3.152909005541986,84.70607495250556,84.99094441212817,3.476860503086782,7.439708200980066,18296.453203357796,0.975697542837806,33.73262493296156
70,17,patch,80.0,squid_mag,1,False,92.79113706443522,2.7813935387142084,0.0,96.59949717551348,2.6619216162008197,72.02877837685084,68.93357526188971,3.476860503086782,10.117115850560735,45447.403091462395,0.746506256575423,33.73262493296156
70,17,patch,80.0,squid_grad,1,False,83.20103946518611,4.001445000475105,0.0,83.20103946518611,3.8299972652623944,71.14377090033155,73.22081025361403,3.476860503086782,3.874111686011534,78660.10741139998,1.023353139318235,33.73262493296156
71,17,patch,320.0,squid,1,True,6.758028910611778,5.5788892092318365,0.5714285714285714,6.758028910611778,5.86003962110703,9.571553727473361,7.8615769655981484,3.476860503086782,17.41049203068221,3332.8116099967388,0.8644839741758766,33.73262493296156
71,17,patch,320.0,opm_matched,1,True,6.758028910611778,5.452153262645917,0.5714285714285714,6.226470672959156,6.165671607465101,12.813853333090952,11.100245667967636,3.476860503086782,36.0744984771405,6518.8418931723345,0.91381984276172,33.73262493296156
71,17,patch,320.0,opm_dense,1,True,6.758028910611778,6.138676215729367,0.42857142857142855,1.545999933861731,6.5878625318692166,9.769440836259125,7.791033934871869,3.476860503086782,28.306009714589724,2230.9838130719363,0.9742286074918574,33.73262493296156
71,17,patch,320.0,squid_mag,1,True,6.758028910611778,6.399836107933925,0.7142857142857143,1.545999933861731,6.927877261584176,9.773218388443325,8.100586361810064,3.476860503086782,34.594930032200985,4316.7257789827645,0.957019576059766,33.73262493296156
71,17,patch,320.0,squid_grad,1,True,6.758028910611778,6.047958579039365,0.5714285714285714,1.545999933861731,6.16915472384765,13.372538894657296,11.672915329596242,3.476860503086782,23.48963788071406,4977.390404484373,0.844582689228652,33.73262493296156
72,18,focal,80.0,squid,2,False,73.95873671772561,4.081734256523625,nan,73.95873671772561,4.102144372438168,65.85337220479202,66.05896919692697,0.8345865989425523,3.7232747934457437,23171.91831513575,1.0482599974349167,47.374725910024225
72,18,focal,80.0,opm_matched,2,False,55.44148416052546,3.1751957415831003,nan,55.44148416052546,3.1068449297596423,96.21206615750205,96.34848024765243,0.8345865989425523,12.320009132969876,18866.97424912047,0.8395564917377573,47.374725910024225
72,18,focal,80.0,opm_dense,2,False,69.40485262768648,4.017794656254119,nan,69.40485262768648,3.7263434280481706,74.94322135854104,74.75035312257741,0.8345865989425523,8.358545393259192,64184.95282003861,1.056653878050111,47.374725910024225
72,18,focal,80.0,squid_mag,2,False,47.23551881271444,3.444789878585903,nan,66.78185359192105,3.526826794000727,65.52180484921476,65.70386603474363,0.8345865989425523,11.329606239038261,26367.646277897238,1.0276907954050243,47.374725910024225
72,18,focal,80.0,squid_grad,2,False,67.06889106597083,3.657401378838872,nan,83.7202406113621,3.6485490957131237,69.80122379859074,70.02635238783849,0.8345865989425523,4.777754691521988,48356.65637222409,0.9867831743440625,47.374725910024225
73,18,focal,320.0,squid,2,False,60.802230784866474,3.7913811622530362,nan,83.50861065562314,4.000216884841592,26.604483250918562,26.99791892713089,0.8345865989425523,4.050045192832778,51659.977875721685,1.0666346732109664,47.374725910024225
73,18,focal,320.0,opm_matched,2,False,63.04131266280152,3.711102141738354,nan,63.04131266280152,3.851594155652651,59.43989664899703,60.11843634689231,0.8345865989425523,16.746752763263732,184601.46320079235,0.8419792965838178,47.374725910024225
73,18,focal,320.0,opm_dense,2,False,40.679298373562524,3.2624422678569016,nan,14.692553308025799,3.5461846023792085,21.866385126182482,22.38046731773204,0.8345865989425523,11.98764663739764,15288.280769335837,0.8311193691107622,47.374725910024225
73,18,focal,320.0,squid_mag,2,False,59.2559166439374,3.0376977876257536,nan,68.79594316331989,2.9810259276599984,24.566421583089454,24.8707369900082,0.8345865989425523,11.48368539790417,23439.97273364559,1.07449913382492,47.374725910024225
73,18,focal,320.0,squid_grad,2,False,100.88050572712478,3.838350327854373,nan,100.88050572712478,3.900846592898741,26.978264769181706,27.352241800304395,0.8345865989425523,7.086000879940915,41689.204719241556,1.0183469497546105,47.374725910024225
74,18,patch,80.0,squid,2,False,84.58863133366705,3.1146407151508577,0.0,84.58863133366705,2.99583053316492,53.611738382943514,54.02278718367176,0.8345865989425523,2.138538365981645,370486.71060079325,0.9790112920258314,47.374725910024225
74,18,patch,80.0,opm_matched,2,False,22.191505517949352,3.6704709614395674,0.25,22.191505517949352,3.3996107373349584,39.27832202042672,38.79815168424658,0.8345865989425523,12.550516744595273,32847.27142944395,0.9157093632443289,47.374725910024225
74,18,patch,80.0,opm_dense,2,False,44.655534302033296,3.669302435709397,0.0,53.207370586201336,3.9460660829698724,45.349966699479026,45.726469306278155,0.8345865989425523,11.755827067974959,34747.49047136211,0.9639765668284631,47.374725910024225
74,18,patch,80.0,squid_mag,2,False,105.10234747082956,3.223368387426896,0.0,105.10234747082956,3.2751598134261233,54.28010737453611,54.681280939413305,0.8345865989425523,8.893176226887697,179736.20977597183,0.7812204853973886,47.374725910024225
74,18,patch,80.0,squid_grad,2,False,82.40702800536651,3.2452150218766223,0.0,90.42366017915394,3.148785534079351,73.5999372107505,74.18519504015464,0.8345865989425523,6.9386578097066,87970.84743895779,0.9215210516903081,47.374725910024225
75,18,patch,320.0,squid,2,True,38.03996853664997,3.6971517940517087,0.0,13.07046640378656,3.78498817946972,10.889894088418512,10.695979953149253,0.8345865989425523,13.379474435960148,4021.709599068174,1.0218436520626686,47.374725910024225
75,18,patch,320.0,opm_matched,2,True,29.943667285398444,4.788196812814405,0.0,29.943667285398444,5.1426763143824115,11.578819962789353,11.320320231034527,0.8345865989425523,35.24647429161203,4199.565251895384,0.9761607222603602,47.374725910024225
75,18,patch,320.0,opm_dense,2,True,29.943667285398444,4.5092140701423835,0.0,29.943667285398444,5.123736277267656,21.27342179013445,21.711774062471495,0.8345865989425523,26.877381852202518,6756.750455951263,0.9117105258612391,47.374725910024225
75,18,patch,320.0,squid_mag,2,True,29.943667285398444,4.0063834528427895,0.0,11.322904618656356,4.633012559704222,11.275907374072224,11.105547988638033,0.8345865989425523,34.950051563729176,3651.668361854735,0.9525798869209928,47.374725910024225
75,18,patch,320.0,squid_grad,2,True,26.768642068128255,3.7604596382257234,0.0,26.768642068128255,3.8564228958038953,16.781794887765045,16.971559704746408,0.8345865989425523,16.2137198072704,6204.80892379796,1.0529972247389163,47.374725910024225
76,19,focal,80.0,squid,3,False,55.71811831685584,4.18658836147577,nan,55.71811831685584,3.992554121355894,47.66207374367023,51.0234578849459,4.134493819953916,5.451790260975708,19653.058516334964,0.8075455624643355,57.23847907648315
76,19,focal,80.0,opm_matched,3,False,50.90093363826711,3.7103919058282093,nan,38.94428583683373,3.56088538544216,62.33030189232607,65.85567127654129,4.134493819953916,18.093654125779388,5846.595374808373,0.9310462504799559,57.23847907648315
76,19,focal,80.0,opm_dense,3,False,54.400364006053906,3.909616857715747,nan,63.559338721175486,3.7145039980548504,49.78481446157354,52.984235999085044,4.134493819953916,8.222799202950311,9975.575673242442,1.0592396512452598,57.23847907648315
76,19,focal,80.0,squid_mag,3,False,45.46203478413961,3.0904277393486983,nan,45.46203478413961,3.0936961261332603,44.762325039870554,48.24218608231711,4.134493819953916,14.888406579511965,23716.573296789276,0.770578749116708,57.23847907648315
76,19,focal,80.0,squid_grad,3,False,32.979022271849885,3.5767271826647167,nan,18.15283400098324,3.353615509298118,63.08045349381025,66.596928682367,4.134493819953916,9.060942082730834,24593.947592641907,0.7600924032847103,57.23847907648315
77,19,focal,320.0,squid,3,False,44.322803289947295,2.7130197325532492,nan,44.322803289947295,2.923799034096745,93.2393234099171,93.21093199186534,4.134493819953916,2.5856297918793945,80055.41339406044,0.9601588656826417,57.23847907648315
77,19,focal,320.0,opm_matched,3,False,68.6672479025246,3.562015135320529,nan,68.6672479025246,3.4043370032079787,84.70781651694242,84.65381894718824,4.134493819953916,14.052737117553374,25742.939837087044,0.9328701954032276,57.23847907648315
77,19,focal,320.0,opm_dense,3,False,66.2347648473018,3.282115237400881,nan,80.81374517848896,3.1575500313047624,82.78005042485294,82.90087436675468,4.134493819953916,10.436223476354488,20637.83254296708,0.7797830893753998,57.23847907648315
77,19,focal,320.0,squid_mag,3,False,63.30755469300013,3.1020262175984725,nan,75.5539575972776,2.981554375846748,73.8211372573752,72.20220247526636,4.134493819953916,9.223287431060578,43392.53570031592,0.8602463610007359,57.23847907648315
77,19,focal,320.0,squid_grad,3,False,63.3554762662811,3.1290342326120526,nan,90.13806220525194,3.080385028350605,57.52616420267832,61.49600566241634,4.134493819953916,3.6111800632285447,38068.88564819945,0.9432015647268969,57.23847907648315
78,19,patch,80.0,squid,3,False,56.909088745514865,3.4546788972773226,0.0,56.909088745514865,3.5178616443082436,62.1150085784187,61.54157442114739,4.134493819953916,4.420586075601177,43586.854931379195,1.084363048757737,57.23847907648315
78,19,patch,80.0,opm_matched,3,False,82.99197417425951,3.4058747376732077,0.0,82.99197417425951,3.7839688006390535,74.28283515563982,75.92815951645633,4.134493819953916,23.98565163383249,34744.25330437628,0.6803126055639117,57.23847907648315
78,19,patch,80.0,opm_dense,3,False,55.32827015122564,4.412530452815018,0.0,55.32827015122564,4.122428588410258,68.04177059312516,69.886179636943,4.134493819953916,14.610387025351947,8388.771296532013,0.8823979095554839,57.23847907648315
78,19,patch,80.0,squid_mag,3,False,58.9466769680808,3.48591998089645,0.0,58.9466769680808,3.506852369575726,62.455290425634466,64.52412448043492,4.134493819953916,14.6911064909512,20355.155263717304,1.0279707697013962,57.23847907648315
78,19,patch,80.0,squid_grad,3,False,62.442226578463405,3.210529542916145,0.0,46.005441083850364,3.3147266337553254,72.92437650755053,74.75298249892273,4.134493819953916,6.911574882743284,20255.770398670415,1.040246269904566,57.23847907648315
79,19,patch,320.0,squid,3,False,88.48035570290767,3.2833050260021954,0.0,88.48035570290767,3.1854249235647196,56.82961878767223,60.698663139425825,4.134493819953916,3.2843278822092,24575.276012124206,0.9548309419682335,57.23847907648315
79,19,patch,320.0,opm_matched,3,False,53.6310203536643,3.1668840947862784,0.0,59.40720214047003,3.0666180335964524,67.14604482760177,63.58488911742695,4.134493819953916,12.1993219097262,15273.567235515504,0.8546104989485883,57.23847907648315
79,19,patch,320.0,opm_dense,3,False,49.294227293736995,3.298060454446575,0.0,49.294227293736995,3.360065382589757,61.646556105444894,57.922817044245356,4.134493819953916,9.845199767549612,8634.696882470556,0.7106398028590301,57.23847907648315
79,19,patch,320.0,squid_mag,3,False,33.53695657755451,3.839501925581949,0.0,44.42080331605338,3.8390337688573313,57.13722736371097,60.91235621661473,4.134493819953916,7.116334052294615,69186.16376975177,0.9852621923641639,57.23847907648315
79,19,patch,320.0,squid_grad,3,False,65.35175193497145,3.0797484074234505,0.0,65.35175193497145,3.155886941705787,36.43655011642899,35.769770115090594,4.134493819953916,6.844023862773025,115700.84548929462,0.9014621544072979,57.23847907648315
80,20,focal,80.0,squid,4,False,50.96151840137965,3.4212830890423334,nan,50.96151840137965,3.293271287944995,79.48550919012654,81.31840158854703,1.9545361772718128,3.198915801903277,120148.95897008215,0.9475667639145617,57.9686460650457
80,20,focal,80.0,opm_matched,4,False,32.210955009603204,3.221014579115989,nan,64.28697334124996,3.1069522321413197,54.979097416856604,53.30960373960691,1.9545361772718128,12.049195083935308,30298.45248478165,1.056229851477423,57.9686460650457
80,20,focal,80.0,opm_dense,4,False,49.912243413159025,3.767835336802646,nan,59.091706612228556,3.82512808127875,58.98814179894354,57.76850635370174,1.9545361772718128,9.298652704637036,19837.006840797396,0.9065614960284096,57.9686460650457
80,20,focal,80.0,squid_mag,4,False,59.14944271909539,3.5071128481132714,nan,59.14944271909539,3.5742579366084666,80.71095291878218,82.55758489103687,1.9545361772718128,9.36493210122111,147963.75214051083,0.8002409730126574,57.9686460650457
80,20,focal,80.0,squid_grad,4,False,39.72647351844344,3.6425988971808962,nan,39.72647351844344,3.4537831123299703,37.133380143626155,37.00443291007839,1.9545361772718128,3.54923456450927,44991.9072006604,0.9950708991758537,57.9686460650457
81,20,focal,320.0,squid,4,False,51.729032613814525,4.5656077719159285,nan,51.729032613814525,4.803102068310847,56.15772106171326,55.69399873995291,1.9545361772718128,6.851889134517962,2569.751414763084,1.1307704394655371,57.9686460650457
81,20,focal,320.0,opm_matched,4,False,51.729032613814525,3.7841435264135788,nan,59.21126602262157,4.0183471349388755,57.35745845642416,57.1238161887922,1.9545361772718128,19.113539012043827,4704.269794170732,1.1436455371751018,57.9686460650457
81,20,focal,320.0,opm_dense,4,False,45.9889243017741,3.8175139957118414,nan,50.50443228670128,3.96114532655614,53.38640988267728,52.62042956262392,1.9545361772718128,11.622032011222117,1901.9589601182645,1.1194658329733684,57.9686460650457
81,20,focal,320.0,squid_mag,4,False,51.729032613814525,4.417695759663158,nan,85.726395488966,4.39462800803703,54.34444736566922,53.78305374984909,1.9545361772718128,13.468724882451658,6504.661240080567,1.3448974086604641,57.9686460650457
81,20,focal,320.0,squid_grad,4,False,44.487723099882956,3.74157308655922,nan,44.487723099882956,3.73229192321899,47.117910544385566,46.56012645085027,1.9545361772718128,7.661510546357136,5757.967685458609,1.1589601902020894,57.9686460650457
82,20,patch,80.0,squid,4,False,25.183203527233267,3.500154927708853,0.0,24.943750140539656,3.405534201852765,46.139226847625594,45.067342538793284,1.9545361772718128,5.268224202092676,21633.431102038387,0.8813061270407454,57.9686460650457
82,20,patch,80.0,opm_matched,4,False,21.123457675908654,3.144120743436742,0.0,31.11868851389568,3.2155116262643784,84.06202342965776,85.85403452796167,1.9545361772718128,18.392990647679486,73974.2302189111,0.7036994501070036,57.9686460650457
82,20,patch,80.0,opm_dense,4,False,36.89245885049231,3.7273699751212237,0.0,36.89245885049231,3.4956150062839373,58.58314498714932,60.50079098214714,1.9545361772718128,9.520954411653296,17724.392897054822,0.8465914320125685,57.9686460650457
82,20,patch,80.0,squid_mag,4,False,31.11868851389568,3.4767931667007206,0.0,67.95300097684283,3.2741988856233304,42.253840117743614,41.09202864031471,1.9545361772718128,15.013065582745458,48870.83397490175,0.7865745698622508,57.9686460650457
82,20,patch,80.0,squid_grad,4,False,17.39025061582537,3.380539866174944,0.0,17.39025061582537,3.3118451129428332,49.69737032568563,48.66322460640035,1.9545361772718128,6.685138823827453,29361.615619790555,0.8103556115978543,57.9686460650457
83,20,patch,320.0,squid,4,False,27.39775917998805,3.9664526005702516,0.0,27.39775917998805,4.109163062246016,29.44087497595198,29.862516381696963,1.9545361772718128,5.900320204336791,21110.693514379713,1.022687044223076,57.9686460650457
83,20,patch,320.0,opm_matched,4,False,51.80800368849814,3.9237985020657984,0.0,70.48190538294088,3.7352056821593935,56.13852926010641,56.935888277848825,1.9545361772718128,15.183850183719777,8484.27656656867,1.2038490516428502,57.9686460650457
83,20,patch,320.0,opm_dense,4,False,47.86699146505619,3.444712058114866,0.0,58.486219542924815,3.40008800732516,29.718208494704683,30.052724889843205,1.9545361772718128,12.956927594608935,11439.611201872478,0.9736219702188961,57.9686460650457
83,20,patch,320.0,squid_mag,4,False,16.54616689356664,4.047862624503311,0.0,16.54616689356664,3.787924038699708,40.262636624188644,40.567537147663856,1.9545361772718128,13.434430657354056,20564.017170557756,1.066709416289005,57.9686460650457
83,20,patch,320.0,squid_grad,4,False,68.23866453144696,3.879737137773658,0.0,68.23866453144696,4.140966565758315,56.987348997198595,57.940463253633,1.9545361772718128,7.635198686954543,11779.144755697114,1.040059839774773,57.9686460650457
84,21,focal,80.0,squid,5,False,40.358478787151185,3.008928573797039,nan,44.53810850900407,2.9288925748708654,39.068548125492846,41.449773665563725,4.361253715185654,3.2326571035271936,27500.26207179,1.046683983062576,45.55989619467321
84,21,focal,80.0,opm_matched,5,False,40.93184535085445,3.575316151027776,nan,40.93184535085445,3.528512030461327,29.92123158207077,33.5177837053711,4.361253715185654,12.599729653360804,27659.0077752166,1.0642510565335015,45.55989619467321
84,21,focal,80.0,opm_dense,5,False,48.902229984761725,3.2308627617650534,nan,48.902229984761725,3.2098246948455023,46.12262223674016,48.48091750758557,4.361253715185654,10.215861789774246,7607.767761530225,0.9443173483898982,45.55989619467321
84,21,focal,80.0,squid_mag,5,False,79.97703388375405,3.4771352616949223,nan,79.97703388375405,3.5063816360961053,38.45596042748452,40.914386976442266,4.361253715185654,7.846440566487575,35079.30699915937,1.1518631036227813,45.55989619467321
84,21,focal,80.0,squid_grad,5,False,58.584071729088464,3.191823020044077,nan,66.69829969686185,3.362830600961322,31.322754921652713,34.71324404951753,4.361253715185654,7.010961781441528,39520.01455785075,0.9612707778151734,45.55989619467321
85,21,focal,320.0,squid,5,False,23.94057084877077,3.0588604336081895,nan,51.34417131075547,3.0464265711638356,25.62719131229265,29.972649544029874,4.361253715185654,6.091521926901775,18749.04770369472,1.0150554563356882,45.55989619467321
85,21,focal,320.0,opm_matched,5,False,10.864685102593917,4.166223210763885,nan,41.73258742438905,4.458694458722278,33.11590091757542,36.73433113395694,4.361253715185654,22.337309215869794,17623.608857902578,0.9173764534866774,45.55989619467321
85,21,focal,320.0,opm_dense,5,True,15.653783475700026,4.189304065484928,nan,5.183143306752941,4.661161960265159,35.29716492115216,37.384930297407266,4.361253715185654,15.817280030658164,18311.046584949643,0.8959942669242783,45.55989619467321
85,21,focal,320.0,squid_mag,5,False,23.94057084877077,3.974238350143822,nan,10.864685102593917,4.23739070092373,34.505002522858646,38.06529828011729,4.361253715185654,15.569892685859138,25019.18220773196,1.0255323002813421,45.55989619467321
85,21,focal,320.0,squid_grad,5,False,10.864685102593917,3.798643832085628,nan,10.864685102593917,3.319812200284941,25.763761353836145,30.107206271081182,4.361253715185654,11.062955649394372,18407.17424384415,0.9577178883240571,45.55989619467321
86,21,patch,80.0,squid,5,False,30.422259609958598,3.4836631271978455,0.0,30.422259609958598,3.399711064332772,76.81377445524333,73.4040564770018,4.361253715185654,3.5314873474518165,12300.116346986837,0.9472267685976369,45.55989619467321
86,21,patch,80.0,opm_matched,5,False,71.89403913521716,3.1581337309834754,0.0,71.89403913521716,3.1171066259765614,66.86004472302618,63.18308869969394,4.361253715185654,12.604390362335025,33952.05156105558,0.891515621188998,45.55989619467321
86,21,patch,80.0,opm_dense,5,False,71.34388262926683,3.6747399874879183,0.0,67.13162510879152,3.6766722978574675,59.40308553605171,62.67311956520859,4.361253715185654,5.735980542099712,19109.3476378371,0.9747877971634946,45.55989619467321
86,21,patch,80.0,squid_mag,5,False,79.15854404557689,2.957134729012686,0.0,79.2444386557138,3.0146991797639235,75.1950709161699,71.65159180159598,4.361253715185654,9.742219410411005,25070.799892087056,0.7955356218457597,45.55989619467321
86,21,patch,80.0,squid_grad,5,False,61.06605370365847,3.4073947686544095,0.0,61.06605370365847,3.4242292394076883,40.512374974856606,43.040223683850094,4.361253715185654,6.670013983851995,61274.292134790165,0.9498629684414462,45.55989619467321
87,21,patch,320.0,squid,5,False,14.521880767040027,3.9487438632750638,0.0,14.521880767040027,3.8159764378066074,7.947723152279975,9.438637565346166,4.361253715185654,5.674952553573364,19127.24560812305,1.032990935532642,45.55989619467321
87,21,patch,320.0,opm_matched,5,False,64.57017379285415,3.8994705561367513,0.0,56.82554997229871,3.834678660840256,6.086478145537903,6.370223931463802,4.361253715185654,13.451803568564854,29924.958444975247,1.0972279278706811,45.55989619467321
87,21,patch,320.0,opm_dense,5,False,71.63820378730131,3.6907415257488325,0.0,26.9247657429144,3.945612902577507,17.184907596616508,17.68371415895569,4.361253715185654,9.408457480234809,19501.273500592582,1.0680711909671594,45.55989619467321
87,21,patch,320.0,squid_mag,5,False,22.541232106513025,3.9005574943720336,0.0,48.902229984761725,3.6825093943954794,7.706807860120682,8.51731504923486,4.361253715185654,14.765063325442654,24278.009436480308,1.0232973326175383,45.55989619467321
87,21,patch,320.0,squid_grad,5,False,13.483622293170944,3.833359891026317,0.0,69.47975132212322,3.8435460728628703,9.19212032887964,11.2681012073655,4.361253715185654,8.740725055716275,23209.455975022185,1.0003347559703284,45.55989619467321
88,22,focal,80.0,squid,6,False,79.20491900487714,3.4612045540910352,nan,58.862235797051525,3.522894823515161,80.79476834062656,78.66327269719972,3.28693596898617,3.0372449702921465,45201.0280827512,0.991093524054575,54.451939804940324
88,22,focal,80.0,opm_matched,6,False,69.0696930207679,3.397874323025449,nan,75.19979088177588,3.5107890130088886,78.52087319937247,76.45660521626233,3.28693596898617,16.06563519994821,12944.252053057518,0.816963825858627,54.451939804940324
88,22,focal,80.0,opm_dense,6,False,69.0696930207679,3.5474588744738154,nan,69.0696930207679,3.8202837500091533,81.91102647161297,79.7361035246582,3.28693596898617,10.539583780680942,4629.05209349806,0.8903689995220833,54.451939804940324
88,22,focal,80.0,squid_mag,6,False,80.0921279438317,3.5937570756421087,nan,80.49727517434175,3.5733278271169717,41.964872769991615,43.985655904779954,3.28693596898617,7.359868646275998,27023.90632508846,1.0268857725165035,54.451939804940324
88,22,focal,80.0,squid_grad,6,False,60.182776413701674,3.660311128808536,nan,65.96039947006669,3.6594248968814242,82.51388098800813,80.44392514544197,3.28693596898617,6.078067488725756,31970.895812948533,0.9478992785225853,54.451939804940324
89,22,focal,320.0,squid,6,False,65.23784221427552,3.7425113564828716,nan,65.23784221427552,3.5495589304664596,26.33615418185874,28.897652678954625,3.28693596898617,4.07599203717568,22414.94124546279,1.0103474567202582,54.451939804940324
89,22,focal,320.0,opm_matched,6,False,49.47952750996688,3.0158075962258204,nan,28.532398308765224,3.1228202299494567,63.96531043400548,63.88621836174002,3.28693596898617,11.000352905247157,26542.537106507047,0.8871251248750815,54.451939804940324
89,22,focal,320.0,opm_dense,6,False,85.68584296245837,3.5332107524394742,nan,85.68584296245837,3.5281089195841457,29.22075946884932,28.63704492995611,3.28693596898617,9.155840602276944,27332.8263377508,0.9025745054013757,54.451939804940324
89,22,focal,320.0,squid_mag,6,False,43.68457235228346,3.091465150936828,nan,71.29559278583122,3.25694801878619,70.6981640255841,67.83380431215232,3.28693596898617,16.135272783467084,29343.40930408639,0.722448326157219,54.451939804940324
89,22,focal,320.0,squid_grad,6,False,75.48480633667845,3.4582144723818433,nan,75.33879778305302,3.5221911919252573,23.322243560088193,26.136882946055398,3.28693596898617,6.433794256114865,17178.407013404507,1.05328135810272,54.451939804940324
90,22,patch,80.0,squid,6,False,79.84558457326966,4.067434132174019,0.0,79.84558457326966,4.243760637570323,65.1125304635719,62.2196117932049,3.28693596898617,4.606272539522405,13071.382967155587,1.0427726080777246,54.451939804940324
90,22,patch,80.0,opm_matched,6,False,65.54684822697753,3.6090762104668785,0.0,65.54684822697753,3.582138246109154,62.93064166756579,60.12829031959621,3.28693596898617,15.208234525023096,34593.646472179746,0.8945617008404483,54.451939804940324
90,22,patch,80.0,opm_dense,6,False,14.139750083812398,3.4300834117807883,0.0,12.483344514991668,3.3516182132477104,63.73385312055732,60.77780113016033,3.28693596898617,7.264740587822827,21344.194654735315,0.9289209964085069,54.451939804940324
90,22,patch,80.0,squid_mag,6,False,63.78625178608394,3.5189410625188984,0.0,63.78625178608394,3.4497552641480693,58.281763170982494,57.012600990772036,3.28693596898617,11.453756185484114,121391.38026325652,1.1095138832439668,54.451939804940324
90,22,patch,80.0,squid_grad,6,False,35.28367202671705,3.6685643859981623,0.0,35.28367202671705,3.9123672694007228,53.358494707419126,54.841025072972,3.28693596898617,5.5026146968685765,69241.48099044204,0.9221132223184603,54.451939804940324
91,22,patch,320.0,squid,6,False,21.922097509103903,3.6417540288569605,0.0,21.922097509103903,3.9649034715410805,94.70295698609206,91.79068944705615,3.28693596898617,3.330741414185829,11191.962777832632,1.1891932664191252,54.451939804940324
91,22,patch,320.0,opm_matched,6,False,60.488018422440085,3.4557753859239355,0.0,61.10531893138441,3.4546316197710976,68.19411502613133,71.1564581344349,3.28693596898617,15.72654162862062,6596.240423575045,1.0300247947523908,54.451939804940324
91,22,patch,320.0,opm_dense,6,False,59.222471494195084,4.5919291303141065,0.0,59.222471494195084,4.417032218164405,63.63342127466817,66.50946107630854,3.28693596898617,9.522249913039795,9947.554870898537,1.096829842587438,54.451939804940324
91,22,patch,320.0,squid_mag,6,False,58.627138328037546,3.6149516796254613,0.0,58.627138328037546,3.563947636694517,50.65890333396528,53.19942973682664,3.28693596898617,11.11431009322668,149105.40397994945,1.1643581277841433,54.451939804940324
91,22,patch,320.0,squid_grad,6,False,55.060789954878544,3.4502803462766396,0.0,55.060789954878544,3.426908379597126,79.73978808321081,78.63273508597436,3.28693596898617,5.15825736119533,58128.23070066459,1.2351335991384667,54.451939804940324
92,23,focal,80.0,squid,7,False,48.912641720619945,3.2417024190051684,nan,55.41971093540181,3.456593728889933,17.855115859290873,17.255347496866975,1.4868717159920208,4.081357057103872,30922.435009450404,1.0629779406954925,48.612826642182334
92,23,focal,80.0,opm_matched,7,False,24.171962993507435,3.4341829617708983,nan,28.093326237048203,3.3805623910630267,23.282842561340544,22.805457304250744,1.4868717159920208,16.8109230844697,32600.723249812214,0.6924196584917678,48.612826642182334
92,23,focal,80.0,opm_dense,7,False,58.40657596555256,3.413561246869221,nan,73.38293665400322,3.2960486560991984,21.73031288586533,21.011725702787825,1.4868717159920208,8.74217178193253,35894.739533447944,0.8873717268811336,48.612826642182334
92,23,focal,80.0,squid_mag,7,False,39.22812529787877,4.114064093093123,nan,34.87325169697906,4.057805626528039,44.94803180680402,44.47817897158329,1.4868717159920208,14.582760767715946,37002.18892222114,0.8503029389876434,48.612826642182334
92,23,focal,80.0,squid_grad,7,False,40.841582884605664,3.7867760561050203,nan,40.841582884605664,3.772295960239839,15.779307836881715,15.180591355412048,1.4868717159920208,5.658460662774611,47878.231608738446,1.0799306474977461,48.612826642182334
93,23,focal,320.0,squid,7,False,61.70611097399856,3.58913730980602,nan,42.2147525685258,3.4945360051759775,55.48744277369036,54.876685895913425,1.4868717159920208,4.9275036219534645,29302.095773318637,1.1202353383507058,48.612826642182334
93,23,focal,320.0,opm_matched,7,False,24.163513251549144,4.067365597367669,nan,24.163513251549144,4.033160597253986,47.52671710873667,48.24037354081312,1.4868717159920208,15.307842314985967,12937.595149821469,1.0589853478740827,48.612826642182334
93,23,focal,320.0,opm_dense,7,False,70.36698777747085,3.597750382064855,nan,70.36698777747085,3.635621101451924,54.82865189828835,54.96400596209562,1.4868717159920208,12.117427633309642,11489.544489395535,1.030073412708468,48.612826642182334
93,23,focal,320.0,squid_mag,7,False,38.94124320099819,3.3961554441592874,nan,38.94124320099819,3.5559406606142803,55.601297694978534,54.85955351643302,1.4868717159920208,12.89605227865863,31597.219868159504,1.180314314427314,48.612826642182334
93,23,focal,320.0,squid_grad,7,False,45.78943954839214,3.686629439898708,nan,45.58205780411024,3.678589938367345,37.73878749609784,36.353605195561045,1.4868717159920208,5.17205725877919,26186.157199985064,1.1507736074546846,48.612826642182334
94,23,patch,80.0,squid,7,False,58.13994773579326,3.6783824585764857,0.0,90.14602682132887,3.444888142419104,50.84755520119392,50.657568412742556,1.4868717159920208,3.9637230711326166,34012.86573797536,1.000463208605976,48.612826642182334
94,23,patch,80.0,opm_matched,7,False,55.69233344738637,3.3382670014437985,0.0,71.96892022443883,3.0894285897792635,73.68619846044696,74.29079405065006,1.4868717159920208,9.78653730446748,51243.34621849495,0.9008786326212489,48.612826642182334
94,23,patch,80.0,opm_dense,7,False,70.04881176606247,3.346442396334759,0.0,70.04881176606247,3.486231695653965,86.30667495504666,86.80333294053261,1.4868717159920208,8.724891560607347,53256.36474629573,0.8872462327566448,48.612826642182334
94,23,patch,80.0,squid_mag,7,False,57.08900171667203,4.569462048453572,0.0,57.08900171667203,4.571247680437385,66.2388808717064,66.65096674243847,1.4868717159920208,19.31577309521022,7119.423121462363,1.0251001746275497,48.612826642182334
94,23,patch,80.0,squid_grad,7,False,39.83969590281256,3.395355830300878,0.0,39.83969590281256,3.5459363675130433,53.307218238454446,53.20253401194084,1.4868717159920208,7.1482109056440475,35138.885397426944,0.8646987082855032,48.612826642182334
95,23,patch,320.0,squid,7,False,56.706022394705066,3.5066456583900485,0.0,38.52250226981661,3.580118097490241,49.24830436617252,49.03613939343738,1.4868717159920208,7.723794447872902,7742.733696205603,0.9562227668410356,48.612826642182334
95,23,patch,320.0,opm_matched,7,False,33.1303484301306,4.046373000739203,0.0,33.1303484301306,3.8067816186100067,51.21340024007326,51.08092746873622,1.4868717159920208,19.06071055707585,5365.605121202041,1.0004515224553094,48.612826642182334
95,23,patch,320.0,opm_dense,7,False,33.1303484301306,3.7172524369025246,0.0,38.802075602427855,3.7571004239845753,45.24643659966025,45.09316606037758,1.4868717159920208,11.37036040292065,6964.8230662337055,0.970570862164016,48.612826642182334
95,23,patch,320.0,squid_mag,7,False,50.807471167228,3.7360178768228085,0.0,50.807471167228,3.9201447327110968,51.88426478937839,51.77553976771511,1.4868717159920208,17.76478447139863,13702.392036613892,0.8546147483040586,48.612826642182334
95,23,patch,320.0,squid_grad,7,False,34.47711834620835,3.563004383629665,0.0,38.18005380882876,3.5087956034699745,49.13941352151802,48.77188988070508,1.4868717159920208,13.490963850606388,5546.23697946087,0.8636106382715363,48.612826642182334
