# NEW (G4 confirmatory: the declared spike endpoint re-tested with new seeds, newly drawn locations, independent null data, noise replicates and a detector-mismatch variant); childC | commit ae458a9
replicate,event,location,strength_nAm,stretch,squid/combined_oracle_z,opm_matched/opm_oracle_z,opm_dense/opm_oracle_z,squid/combined_height_primary,squid/combined_height_mismatch,opm_matched/opm_height_primary,opm_matched/opm_height_mismatch,opm_dense/opm_height_primary,opm_dense/opm_height_mismatch
0,0,0,10,0.75,1.5070,0.0657,1.2720,0.0000,0.0000,4.5675,4.4854,4.6424,0.0000
0,1,0,10,1,1.1622,0.2272,1.8301,0.0000,0.0000,0.0000,0.0000,0.0000,4.7978
0,2,0,10,1.5,2.0182,-0.3772,0.0007,0.0000,0.0000,4.3370,4.2132,4.0980,4.1951
0,3,0,20,0.75,-0.1101,0.8893,0.7818,4.0691,0.0000,4.1212,0.0000,4.6323,0.0000
0,4,0,20,1,0.1749,1.6732,0.6541,0.0000,0.0000,0.0000,0.0000,0.0000,0.0000
0,5,0,20,1.5,2.1943,2.1417,2.3330,0.0000,0.0000,0.0000,0.0000,3.8576,4.1778
0,6,0,40,0.75,0.6807,-0.3042,0.8492,3.9390,0.0000,0.0000,0.0000,0.0000,0.0000
0,7,0,40,1,2.7646,3.9731,2.4826,5.0560,4.8186,0.0000,4.1468,4.5846,4.2450
0,8,0,40,1.5,1.5304,1.8734,2.2457,0.0000,4.2272,0.0000,4.4322,0.0000,0.0000
0,9,0,80,0.75,5.3763,6.3983,6.6547,5.1619,5.1783,6.4302,6.0001,5.8276,5.6771
0,10,0,80,1,4.0893,3.4661,5.0213,4.2740,3.8677,4.6073,4.8373,5.2483,5.0136
0,11,0,80,1.5,4.9215,4.6312,5.3466,5.1524,4.9433,0.0000,0.0000,5.4839,5.2426
0,12,0,160,0.75,6.2428,8.2114,8.2527,5.7663,5.2129,8.0745,7.4599,7.6648,7.2601
0,13,0,160,1,6.9005,7.7097,8.5598,6.6078,6.5186,8.0081,7.9704,8.6442,8.1642
0,14,0,160,1.5,9.3355,9.7083,12.0962,8.4530,8.4429,9.7722,9.0608,11.5744,9.7183
0,15,0,320,0.75,14.7555,16.0059,17.6189,14.0085,11.9712,15.0909,12.9521,16.2462,12.6625
0,16,0,320,1,17.7104,20.0555,22.1303,15.6965,15.8742,19.1845,18.9135,20.2086,18.5571
0,17,0,320,1.5,17.8826,18.7715,21.6605,15.8366,15.4920,17.9530,17.1990,20.2796,19.3739
0,18,1,10,0.75,-0.1347,0.6781,1.4079,0.0000,0.0000,0.0000,0.0000,0.0000,0.0000
0,19,1,10,1,2.2629,1.5743,1.7680,4.1331,0.0000,3.8540,0.0000,0.0000,0.0000
0,20,1,10,1.5,0.8096,0.6993,1.3029,0.0000,0.0000,0.0000,0.0000,4.1786,0.0000
0,21,1,20,0.75,1.5987,1.1572,1.2777,0.0000,0.0000,0.0000,3.8061,0.0000,0.0000
0,22,1,20,1,-0.1773,1.4025,1.5619,0.0000,0.0000,0.0000,0.0000,4.5121,4.3581
0,23,1,20,1.5,1.9854,3.6632,2.9575,3.1021,0.0000,0.0000,0.0000,4.4752,4.0246
0,24,1,40,0.75,3.4755,4.4908,4.4178,4.1982,4.3703,4.5975,4.2444,4.2850,4.0071
0,25,1,40,1,2.7655,4.7268,4.9658,0.0000,0.0000,0.0000,0.0000,3.7184,0.0000
0,26,1,40,1.5,4.3252,4.0319,4.7723,0.0000,0.0000,0.0000,0.0000,0.0000,4.8603
0,27,1,80,0.75,8.0029,8.3210,10.4344,7.2679,6.3775,8.3956,7.6023,8.9245,8.2756
0,28,1,80,1,7.9550,8.2377,9.7629,6.3682,5.7612,6.8182,6.7199,6.4084,6.3297
0,29,1,80,1.5,9.3443,10.5876,12.2972,7.0282,7.0255,8.9759,8.7756,8.5609,8.8358
0,30,1,160,0.75,12.6849,14.8581,17.3692,9.6314,8.2868,12.8723,11.0012,12.5506,10.5989
0,31,1,160,1,16.8682,17.3066,19.8731,13.0646,11.6961,14.1048,14.2916,13.3746,13.6686
0,32,1,160,1.5,18.6899,18.7681,22.7122,13.9883,13.6477,16.2156,16.6056,15.9354,16.1233
0,33,1,320,0.75,29.2665,32.8839,35.6518,23.1525,20.4399,28.6088,25.3741,25.2652,22.7215
0,34,1,320,1,32.0232,34.1058,40.6213,22.6897,22.3416,27.4106,27.6123,28.4595,28.2818
0,35,1,320,1.5,35.8333,39.0260,42.9286,26.2580,25.2324,33.0477,32.1004,29.1595,28.5606
0,36,2,10,0.75,0.3112,0.7784,2.4241,4.0163,4.8917,0.0000,4.6782,4.3495,4.8120
0,37,2,10,1,1.8870,1.7462,3.1749,0.0000,0.0000,3.5876,0.0000,4.5061,0.0000
0,38,2,10,1.5,3.5217,2.9648,3.5624,4.4208,4.5086,0.0000,4.0492,4.1295,0.0000
0,39,2,20,0.75,4.5090,3.4065,5.5965,0.0000,0.0000,0.0000,3.7216,0.0000,0.0000
0,40,2,20,1,2.4393,1.8380,2.7900,4.5846,4.6939,0.0000,0.0000,4.5517,0.0000
0,41,2,20,1.5,1.5837,1.8256,2.7231,0.0000,0.0000,0.0000,0.0000,0.0000,0.0000
0,42,2,40,0.75,4.3272,6.0393,7.0910,0.0000,0.0000,5.2693,5.0968,4.8877,4.8372
0,43,2,40,1,5.6598,5.5976,6.9112,5.1729,5.6609,5.1698,5.2073,6.2023,6.1475
0,44,2,40,1.5,6.9522,6.8161,9.5057,6.2751,5.0946,6.4056,5.5424,8.4714,8.3873
0,45,2,80,0.75,7.9675,9.7615,12.3714,6.7835,6.3574,9.0666,7.9804,9.7960,8.3678
0,46,2,80,1,9.5298,11.8459,15.0667,7.6841,7.1995,10.7114,9.6702,11.2906,9.9573
0,47,2,80,1.5,7.9621,10.1953,14.5372,5.9873,5.7710,8.5837,8.4162,11.6188,11.2801
0,48,2,160,0.75,15.0339,18.7887,25.4149,11.8836,10.3514,16.9358,14.5992,18.8277,16.2123
0,49,2,160,1,18.6342,22.8180,29.8909,15.3007,14.5560,20.2045,19.4523,23.2494,22.5954
0,50,2,160,1.5,20.5766,23.4265,30.6532,16.3113,15.0153,20.1887,19.0384,23.2186,21.7389
0,51,2,320,0.75,31.4035,40.2021,52.5369,26.0003,22.8173,34.8743,30.7339,39.7221,35.4222
0,52,2,320,1,36.1658,43.1162,55.8814,29.5576,28.7813,38.9254,37.9051,42.9433,42.1391
0,53,2,320,1.5,39.0853,47.5671,60.4963,30.3423,29.4978,41.0079,41.0111,46.1820,43.9722
0,54,3,10,0.75,1.4321,0.1140,0.0214,0.0000,0.0000,4.5809,0.0000,0.0000,0.0000
0,55,3,10,1,1.5296,0.6592,0.6799,0.0000,0.0000,4.1624,4.5513,4.3822,3.9750
0,56,3,10,1.5,-0.4318,0.7458,1.0724,0.0000,0.0000,0.0000,0.0000,0.0000,0.0000
0,57,3,20,0.75,1.0108,2.6557,1.8373,0.0000,4.0389,0.0000,0.0000,0.0000,0.0000
0,58,3,20,1,1.2234,1.8164,1.7273,0.0000,0.0000,3.8262,0.0000,0.0000,0.0000
0,59,3,20,1.5,0.5846,1.1714,1.0506,0.0000,0.0000,4.5969,0.0000,4.3168,0.0000
0,60,3,40,0.75,2.3014,2.4143,2.1097,0.0000,0.0000,0.0000,0.0000,0.0000,0.0000
0,61,3,40,1,1.8471,3.1970,3.7300,3.7273,3.9831,5.2274,5.2620,5.0078,5.2751
0,62,3,40,1.5,1.0705,3.3391,2.8552,4.6169,4.2720,0.0000,0.0000,0.0000,4.2537
0,63,3,80,0.75,3.7454,5.5926,5.7222,0.0000,0.0000,4.9798,4.4256,4.2164,3.9802
0,64,3,80,1,3.5110,6.4550,6.2194,5.3657,5.0119,4.7962,5.2652,0.0000,4.8009
0,65,3,80,1.5,4.4002,8.3124,6.9656,0.0000,4.4474,6.9540,6.6536,5.7505,5.4020
0,66,3,160,0.75,6.3953,10.9284,9.5453,5.2044,4.9386,8.0062,7.3233,6.6014,5.9077
0,67,3,160,1,7.5259,13.4249,11.7652,6.8571,6.4484,11.0814,10.2789,8.2063,7.3860
0,68,3,160,1.5,8.5521,14.7265,13.6872,7.5897,7.4143,11.9327,11.6491,9.5970,9.2690
0,69,3,320,0.75,12.7603,24.3577,22.2581,10.7539,8.7770,17.2361,15.4929,14.0611,13.9808
0,70,3,320,1,14.3220,25.9930,23.7526,12.6898,12.3945,19.7148,20.2441,17.2900,17.2283
0,71,3,320,1.5,15.5660,28.8476,26.3659,13.1636,11.8931,21.8640,21.1508,17.7110,17.7317
0,72,4,10,0.75,-0.8724,0.1413,1.5467,5.1407,4.5852,0.0000,0.0000,0.0000,4.0695
0,73,4,10,1,0.7660,1.7361,2.4973,4.5931,4.1017,0.0000,4.6126,0.0000,4.6753
0,74,4,10,1.5,1.6471,2.6717,2.8623,3.4396,0.0000,0.0000,0.0000,0.0000,0.0000
0,75,4,20,0.75,2.1369,2.2565,3.0714,4.7896,4.6234,4.4739,4.7368,4.2602,4.4021
0,76,4,20,1,0.8595,1.0952,1.6432,0.0000,0.0000,4.3661,4.4335,0.0000,0.0000
0,77,4,20,1.5,1.7044,2.1616,1.6297,4.0765,4.0558,4.6584,0.0000,4.5017,3.8008
0,78,4,40,0.75,3.6625,3.8366,4.1473,0.0000,0.0000,0.0000,0.0000,0.0000,4.9397
0,79,4,40,1,5.1531,4.1511,6.3342,0.0000,0.0000,4.7926,4.4639,6.0853,5.7625
0,80,4,40,1.5,2.0442,2.5066,5.1736,0.0000,0.0000,4.0874,0.0000,0.0000,0.0000
0,81,4,80,0.75,4.6510,4.5053,8.9729,0.0000,0.0000,0.0000,0.0000,5.7415,4.8666
0,82,4,80,1,6.1761,7.0561,9.1911,6.3916,5.1277,6.9004,6.3108,6.6614,6.6024
0,83,4,80,1.5,8.0723,8.1257,12.2730,6.2221,6.1009,6.4304,5.8771,9.2840,9.3019
0,84,4,160,0.75,12.0445,11.7366,18.7781,9.3536,8.3563,9.4859,7.9262,12.2737,10.6602
0,85,4,160,1,13.9572,14.0270,23.5769,10.8765,10.0832,10.4882,10.0083,16.6073,15.5508
0,86,4,160,1.5,14.0647,14.2251,23.7426,10.9123,10.5553,11.5388,10.5907,16.8588,16.9577
0,87,4,320,0.75,23.7501,24.7483,41.5201,18.1000,15.9180,19.0183,16.7797,29.4774,26.6372
0,88,4,320,1,26.4416,27.6997,46.4008,19.7956,19.2816,20.5366,19.8799,31.5196,31.6149
0,89,4,320,1.5,28.3733,29.3798,48.0059,20.9344,20.9019,22.5771,22.1337,34.3547,33.7041
0,90,5,10,0.75,0.7380,0.1716,2.1076,5.7012,5.0779,4.4061,3.9488,0.0000,0.0000
0,91,5,10,1,-0.3717,0.4755,0.7359,4.3856,0.0000,0.0000,0.0000,0.0000,4.6054
0,92,5,10,1.5,1.5221,2.5173,1.9627,4.3416,0.0000,4.5781,0.0000,4.4781,4.4273
0,93,5,20,0.75,2.8287,4.4620,5.5648,0.0000,0.0000,0.0000,0.0000,0.0000,0.0000
0,94,5,20,1,2.5901,3.3704,2.7197,0.0000,0.0000,3.8319,4.0493,0.0000,3.7686
0,95,5,20,1.5,2.6764,2.8131,4.1828,5.1228,0.0000,4.4509,4.3254,4.6645,4.4653
0,96,5,40,0.75,3.5711,6.7832,7.6228,4.5612,4.0042,4.9622,4.6675,4.7459,5.0647
0,97,5,40,1,4.7448,6.0860,7.1952,3.3651,0.0000,0.0000,5.0953,5.6922,6.0792
0,98,5,40,1.5,3.9917,5.7119,6.9823,3.7839,3.8445,4.7747,4.4681,4.8333,5.3192
0,99,5,80,0.75,6.5894,10.3690,11.4855,0.0000,4.5197,7.0575,6.4810,7.2331,7.2894
0,100,5,80,1,7.3759,13.0586,11.7475,5.4891,5.1400,10.0652,8.6226,8.6036,8.2382
0,101,5,80,1.5,8.4348,14.6985,14.8407,6.6486,6.6329,11.9213,9.9952,10.4548,9.6675
0,102,5,160,0.75,14.6414,22.6020,23.0474,10.6984,9.9255,17.5704,15.1700,16.0533,15.8052
0,103,5,160,1,16.4360,24.1269,25.9704,12.8707,12.3496,18.2514,15.7743,18.8459,17.2252
0,104,5,160,1.5,16.6343,27.6815,27.8843,12.1370,11.8130,20.6690,17.2098,17.6806,17.5698
0,105,5,320,0.75,26.7251,42.9588,44.8511,20.3110,17.3877,33.4741,26.1940,31.2391,27.7096
0,106,5,320,1,31.4256,50.5860,50.5866,24.5386,22.3980,38.5508,32.1101,35.8831,33.2985
0,107,5,320,1.5,33.9709,55.3605,54.7272,25.5260,24.3817,42.6557,35.6499,36.7710,36.7609
0,108,6,10,0.75,-0.2684,-0.7367,-1.0796,0.0000,0.0000,0.0000,0.0000,4.7767,0.0000
0,109,6,10,1,1.7618,1.3019,0.2689,0.0000,0.0000,0.0000,0.0000,0.0000,0.0000
0,110,6,10,1.5,0.9513,-0.2165,1.0171,0.0000,0.0000,4.1933,0.0000,0.0000,0.0000
0,111,6,20,0.75,1.7667,2.0976,3.2547,0.0000,4.1652,0.0000,0.0000,0.0000,4.2484
0,112,6,20,1,1.9517,2.0533,2.2155,0.0000,0.0000,0.0000,0.0000,0.0000,0.0000
0,113,6,20,1.5,1.8914,1.6529,2.7804,5.4101,4.9330,0.0000,0.0000,0.0000,0.0000
0,114,6,40,0.75,4.1711,4.4985,5.8025,3.6807,0.0000,4.5167,0.0000,5.8488,5.0848
0,115,6,40,1,3.2777,3.2753,4.5816,4.5251,4.7458,4.5649,4.6607,4.8516,4.8569
0,116,6,40,1.5,4.2004,3.5468,6.0183,4.8065,4.7498,4.4243,4.5110,6.1337,5.9608
0,117,6,80,0.75,6.8522,7.7876,9.6838,6.8240,5.8790,7.7899,7.3325,9.7635,9.2761
0,118,6,80,1,6.4760,8.0194,10.2148,6.6866,6.7794,8.0777,7.7395,10.2729,9.9725
0,119,6,80,1.5,6.4761,5.9097,8.9591,6.6893,6.2492,6.1602,5.7446,9.1915,8.6158
0,120,6,160,0.75,12.1203,13.1243,18.1824,12.2941,10.9659,13.1515,11.8038,18.2948,16.3019
0,121,6,160,1,12.0428,12.5808,18.3327,12.1817,11.7477,12.7105,12.4212,18.3856,17.6803
0,122,6,160,1.5,13.6418,13.7138,20.2233,13.4458,13.6918,13.7647,13.8024,20.0742,19.2556
0,123,6,320,0.75,24.1481,25.7647,35.1630,24.1490,20.7408,25.4067,21.8758,34.9463,30.2359
0,124,6,320,1,26.1287,26.7772,40.4406,25.8744,25.7755,26.6357,26.5019,40.0267,39.0282
0,125,6,320,1.5,28.1694,28.1669,43.1525,27.9349,27.3689,28.1038,27.5650,43.0329,41.2958
0,126,7,10,0.75,0.0924,0.2650,-1.1892,0.0000,4.2971,0.0000,3.8616,4.6659,4.4322
0,127,7,10,1,-0.2905,0.8336,1.6108,0.0000,4.3064,4.2261,0.0000,4.7140,4.3217
0,128,7,10,1.5,2.0735,2.2487,2.5488,4.1699,4.2110,4.7256,4.7318,4.5247,4.0948
0,129,7,20,0.75,-0.3051,-1.3453,0.6922,0.0000,3.8934,0.0000,0.0000,0.0000,0.0000
0,130,7,20,1,1.3470,0.3262,1.6964,0.0000,0.0000,0.0000,0.0000,0.0000,0.0000
0,131,7,20,1.5,0.1533,0.3377,2.2161,0.0000,0.0000,0.0000,4.1842,0.0000,0.0000
0,132,7,40,0.75,1.9382,2.4812,2.7697,4.2060,0.0000,0.0000,0.0000,4.0768,0.0000
0,133,7,40,1,1.1478,0.8716,2.7059,0.0000,0.0000,0.0000,0.0000,0.0000,0.0000
0,134,7,40,1.5,1.3532,1.6899,3.7628,4.7325,0.0000,3.5547,0.0000,0.0000,0.0000
0,135,7,80,0.75,2.1406,2.4774,4.9271,0.0000,0.0000,4.8795,4.6860,0.0000,4.1713
0,136,7,80,1,2.9558,5.3382,7.0900,4.4155,4.4720,5.8003,5.8380,5.2977,5.4128
0,137,7,80,1.5,4.3805,5.8557,7.9302,5.0129,4.8966,5.9019,6.4264,6.3315,5.7490
0,138,7,160,0.75,7.2332,10.1950,12.2191,6.4860,5.8213,9.1860,8.0033,9.2552,8.5401
0,139,7,160,1,7.5064,8.2116,13.0249,6.8487,6.4843,7.8385,7.6683,9.1258,9.5098
0,140,7,160,1.5,6.9356,9.1999,15.8933,6.3115,5.5012,7.9681,7.7190,10.3269,10.3913
0,141,7,320,0.75,13.8539,18.7541,23.9713,12.5315,11.3182,16.8724,14.8202,18.5647,15.8960
0,142,7,320,1,14.6303,20.2072,28.7762,12.4230,12.2286,17.7062,17.5159,18.9612,19.9195
0,143,7,320,1.5,15.9907,19.8358,30.3567,12.4935,12.4539,16.7239,16.3245,19.6236,19.1661
0,144,8,10,0.75,0.3896,0.9724,3.2903,0.0000,0.0000,0.0000,0.0000,0.0000,4.0561
0,145,8,10,1,0.3561,0.9086,-0.3547,4.3402,4.1739,4.0545,4.0463,0.0000,4.4065
0,146,8,10,1.5,0.0025,1.4552,0.1720,0.0000,0.0000,4.1554,0.0000,0.0000,4.3599
0,147,8,20,0.75,0.1006,0.3692,2.8719,0.0000,0.0000,4.1737,0.0000,0.0000,4.2899
0,148,8,20,1,0.6706,0.9693,1.9775,4.5014,4.3379,0.0000,0.0000,0.0000,0.0000
0,149,8,20,1.5,0.5062,-0.0357,2.6856,4.0970,3.9124,0.0000,3.9748,3.9771,0.0000
0,150,8,40,0.75,1.0326,0.6059,2.6304,0.0000,0.0000,0.0000,0.0000,0.0000,0.0000
0,151,8,40,1,3.3456,3.1280,5.2885,4.1208,0.0000,0.0000,0.0000,4.9306,5.5280
0,152,8,40,1.5,2.2853,2.2426,6.2045,0.0000,0.0000,4.0872,3.9325,4.8146,0.0000
0,153,8,80,0.75,3.6687,3.6164,9.5507,0.0000,0.0000,0.0000,0.0000,7.6471,6.3821
0,154,8,80,1,6.0223,5.2684,11.0314,5.4663,4.7513,5.7960,4.5548,8.5983,8.4845
0,155,8,80,1.5,6.8490,4.9567,10.5094,6.0379,5.2070,0.0000,4.0908,8.0546,7.7720
0,156,8,160,0.75,9.1892,7.2835,17.1137,7.8594,6.2446,5.4517,5.5100,14.4426,11.6736
0,157,8,160,1,11.9399,8.2707,19.3729,10.4265,9.1744,6.5656,7.1682,16.3949,16.3404
0,158,8,160,1.5,10.7790,9.8299,22.3702,9.1536,7.8572,8.3343,7.1987,16.7808,17.5313
0,159,8,320,0.75,17.6606,16.3106,34.5713,15.4071,12.7779,13.3288,10.8532,27.4255,26.2107
0,160,8,320,1,24.3925,19.7505,38.5738,20.8332,18.5235,15.8795,14.8540,31.8415,31.4887
0,161,8,320,1.5,23.3908,19.1668,45.4051,20.1658,17.2026,14.8320,14.2349,35.3646,35.0061
0,162,9,10,0.75,0.0130,0.9056,1.1042,0.0000,0.0000,0.0000,0.0000,3.9977,3.8534
0,163,9,10,1,0.5291,0.6550,-1.1588,0.0000,0.0000,0.0000,0.0000,0.0000,0.0000
0,164,9,10,1.5,0.5197,1.0318,0.6872,0.0000,3.9670,4.3993,4.5667,4.5798,4.6179
0,165,9,20,0.75,-1.0369,0.5749,1.0916,0.0000,0.0000,4.5380,4.5582,0.0000,0.0000
0,166,9,20,1,-0.4670,-0.1671,1.0723,0.0000,4.2972,0.0000,4.3176,4.8577,4.3803
0,167,9,20,1.5,-0.9187,-0.3703,0.0336,4.1992,4.5789,0.0000,4.2507,0.0000,0.0000
0,168,9,40,0.75,0.9818,1.8986,4.4728,3.9210,0.0000,0.0000,0.0000,0.0000,0.0000
0,169,9,40,1,2.9085,1.8808,4.3022,0.0000,0.0000,3.8175,3.9081,0.0000,4.1612
0,170,9,40,1.5,2.2039,1.4211,3.5242,4.2091,3.9643,0.0000,0.0000,4.6590,0.0000
0,171,9,80,0.75,3.8467,4.6711,6.3534,0.0000,0.0000,4.5243,0.0000,6.2477,4.9201
0,172,9,80,1,3.9277,5.2422,6.9327,0.0000,0.0000,5.9797,5.6111,6.6789,5.6553
0,173,9,80,1.5,3.1714,3.2727,8.1782,0.0000,0.0000,0.0000,0.0000,7.1766,5.3126
0,174,9,160,0.75,5.4622,6.5685,12.2318,5.4435,4.7819,6.5462,5.3104,11.2678,8.2763
0,175,9,160,1,5.3481,6.7843,14.0346,5.0342,4.9360,6.5549,6.3339,12.4509,10.3291
0,176,9,160,1.5,8.3415,8.2129,15.9528,8.0398,7.4852,8.1588,7.1247,14.4043,11.4497
0,177,9,320,0.75,10.3515,12.2645,23.5579,9.9627,8.2540,12.0588,10.0253,21.9268,17.0621
0,178,9,320,1,13.1170,14.0608,26.2494,11.6110,9.9796,13.4246,12.1129,23.5226,19.5873
0,179,9,320,1.5,14.8261,15.6296,29.6152,13.7734,12.8309,15.1455,14.9777,27.1089,23.5563
0,180,10,10,0.75,0.4639,-0.4543,-0.3615,4.7419,4.8551,3.6782,3.8568,3.8979,3.9481
0,181,10,10,1,0.0618,-0.1053,0.2277,0.0000,0.0000,0.0000,0.0000,0.0000,0.0000
0,182,10,10,1.5,-0.8548,-0.8773,-1.0273,0.0000,0.0000,0.0000,0.0000,0.0000,0.0000
0,183,10,20,0.75,0.1402,0.3779,-0.9185,0.0000,0.0000,3.9960,0.0000,4.0263,0.0000
0,184,10,20,1,-0.2518,-0.3585,-0.3176,4.2022,0.0000,0.0000,0.0000,0.0000,0.0000
0,185,10,20,1.5,-0.8367,-0.1520,0.3981,0.0000,4.3009,4.2835,4.5405,0.0000,0.0000
0,186,10,40,0.75,1.7336,0.6790,1.6906,0.0000,0.0000,0.0000,0.0000,0.0000,4.0545
0,187,10,40,1,-0.2467,1.2562,0.2594,0.0000,0.0000,0.0000,0.0000,0.0000,0.0000
0,188,10,40,1.5,1.0572,2.3734,1.4194,0.0000,0.0000,0.0000,0.0000,0.0000,0.0000
0,189,10,80,0.75,1.3745,0.8675,2.5006,0.0000,0.0000,4.1146,4.0692,0.0000,0.0000
0,190,10,80,1,0.4402,0.1651,-0.6177,0.0000,0.0000,0.0000,0.0000,0.0000,4.1233
0,191,10,80,1.5,1.6456,0.7600,2.0688,0.0000,0.0000,4.2674,4.1063,4.2768,0.0000
0,192,10,160,0.75,1.3420,1.4877,1.5171,3.9743,3.9574,0.0000,0.0000,0.0000,0.0000
0,193,10,160,1,1.3137,1.3431,2.5685,4.5846,0.0000,4.6546,0.0000,4.3522,0.0000
0,194,10,160,1.5,1.2525,0.3675,2.1042,0.0000,0.0000,4.2771,4.1084,0.0000,0.0000
0,195,10,320,0.75,2.2462,4.3233,5.5321,0.0000,0.0000,4.2621,0.0000,4.4681,0.0000
0,196,10,320,1,3.5601,2.5089,4.8412,0.0000,0.0000,0.0000,0.0000,0.0000,0.0000
0,197,10,320,1.5,2.9933,2.9135,4.5815,4.8403,5.2925,4.8615,5.1299,4.6500,5.0134
0,198,11,10,0.75,1.4216,2.7599,2.6540,0.0000,0.0000,0.0000,0.0000,0.0000,0.0000
0,199,11,10,1,2.2293,2.8426,3.5033,4.1302,3.5448,0.0000,0.0000,4.0033,3.7975
0,200,11,10,1.5,1.9971,1.5870,2.7997,0.0000,0.0000,0.0000,0.0000,4.5915,0.0000
0,201,11,20,0.75,2.9714,3.8222,4.0154,3.8795,4.1840,0.0000,4.4097,0.0000,0.0000
0,202,11,20,1,1.7956,3.1140,3.6373,0.0000,0.0000,3.8420,0.0000,4.1996,4.1882
0,203,11,20,1.5,3.0607,3.3790,5.9314,3.9758,4.0556,4.3346,4.4371,0.0000,4.7463
0,204,11,40,0.75,4.6403,6.7872,7.2706,4.2505,3.8568,6.0899,0.0000,5.6992,0.0000
0,205,11,40,1,3.7608,6.2824,6.6215,0.0000,3.8922,5.4274,4.8986,4.4262,0.0000
0,206,11,40,1.5,6.1068,7.5552,8.3857,4.9978,4.9538,5.9029,6.0183,6.5268,5.9082
0,207,11,80,0.75,8.4311,12.7987,13.7125,5.9122,5.0259,9.3299,8.1225,8.2461,7.1318
0,208,11,80,1,10.1727,14.3997,15.9490,8.4292,8.3101,10.6522,10.7397,11.1812,11.1574
0,209,11,80,1.5,9.7652,13.8390,16.2015,7.2432,6.6074,10.4774,10.8683,11.2080,11.1581
0,210,11,160,0.75,20.7073,26.8152,27.8749,14.6583,12.0706,19.5868,17.6361,19.0684,15.8187
0,211,11,160,1,20.8794,26.9716,30.2039,14.4813,13.5590,19.5819,19.7252,19.6630,19.5967
0,212,11,160,1.5,23.0342,29.3269,33.6298,17.0451,14.8250,21.3820,21.4999,22.9347,22.5863
0,213,11,320,0.75,35.5751,50.8754,56.3546,25.9810,21.1042,37.8064,33.2396,37.6561,33.2853
0,214,11,320,1,42.4079,56.2350,62.5153,30.2218,27.2599,41.2620,40.9351,40.5001,39.4349
0,215,11,320,1.5,44.7726,59.7806,68.2178,31.3956,29.4956,45.0093,44.3747,47.2354,46.8608
0,216,12,10,0.75,0.1541,0.1696,0.4431,0.0000,0.0000,0.0000,0.0000,0.0000,0.0000
0,217,12,10,1,0.3583,-0.4214,0.4907,0.0000,3.5796,4.2286,3.9834,3.7670,3.7875
0,218,12,10,1.5,0.3795,0.2919,0.5131,4.3213,3.9181,4.6503,4.4545,4.2303,0.0000
0,219,12,20,0.75,2.4035,2.1353,3.0853,0.0000,0.0000,0.0000,0.0000,4.3684,0.0000
0,220,12,20,1,0.4632,0.8541,2.1286,0.0000,0.0000,0.0000,0.0000,0.0000,0.0000
0,221,12,20,1.5,1.6861,1.3175,2.2509,3.7816,3.4809,0.0000,3.9359,0.0000,0.0000
0,222,12,40,0.75,3.3807,3.9892,4.3782,4.2333,4.0207,4.2409,4.1957,4.4283,0.0000
0,223,12,40,1,4.5880,3.8646,5.1623,4.7290,4.8824,0.0000,0.0000,4.7782,5.0362
0,224,12,40,1.5,3.5045,3.0981,3.6877,0.0000,0.0000,0.0000,4.0484,0.0000,0.0000
0,225,12,80,0.75,7.6131,6.8550,9.3263,7.1806,5.3866,6.2987,4.5731,8.6625,7.0124
0,226,12,80,1,7.1971,6.8413,8.4480,6.8960,6.4749,6.2041,6.0585,7.6355,7.3376
0,227,12,80,1.5,9.5879,8.6541,10.2614,9.0059,7.0414,7.8568,6.5691,9.3003,7.7822
0,228,12,160,0.75,15.6800,15.6444,19.1040,14.8072,12.6986,14.2202,12.4288,18.0332,15.1246
0,229,12,160,1,15.3967,14.9069,18.0526,14.2799,13.4830,12.8380,12.4776,16.5879,16.2051
0,230,12,160,1.5,17.5406,16.4949,20.7231,17.0999,15.9656,15.0706,14.0931,19.6995,19.0302
0,231,12,320,0.75,28.6961,27.1164,32.6700,27.5963,23.2029,24.9746,20.9415,31.1667,26.0479
0,232,12,320,1,31.6502,29.3658,36.3529,29.8511,28.8892,26.2526,25.2393,33.9121,32.7851
0,233,12,320,1.5,32.8878,31.2688,37.7222,31.5723,29.7216,28.8609,27.3295,35.5283,33.5625
0,234,13,10,0.75,1.7471,1.9669,2.1134,4.7817,0.0000,0.0000,4.3752,4.3898,0.0000
0,235,13,10,1,1.2973,0.8402,1.6714,4.4884,4.4536,4.7584,4.4893,0.0000,0.0000
0,236,13,10,1.5,2.1739,1.6043,2.3940,0.0000,0.0000,0.0000,0.0000,0.0000,4.2694
0,237,13,20,0.75,3.6801,3.5340,6.2258,0.0000,0.0000,4.2271,3.9898,5.9183,0.0000
0,238,13,20,1,2.2697,1.2804,3.2872,0.0000,0.0000,0.0000,0.0000,0.0000,0.0000
0,239,13,20,1.5,3.9776,3.8686,5.0295,0.0000,0.0000,0.0000,0.0000,0.0000,0.0000
0,240,13,40,0.75,4.6178,4.4585,7.2926,0.0000,0.0000,4.4335,0.0000,7.2533,5.9552
0,241,13,40,1,6.6654,4.9141,8.0148,6.3740,6.2086,0.0000,0.0000,7.4455,6.3746
0,242,13,40,1.5,5.9374,4.1473,9.0894,5.7259,6.1506,0.0000,4.2664,8.5021,7.9286
0,243,13,80,0.75,11.2325,10.0607,14.6770,9.5269,7.9217,9.0374,7.1870,13.6095,10.0643
0,244,13,80,1,11.8458,9.5097,16.4413,11.8827,10.4212,9.4150,8.0898,16.2300,14.2572
0,245,13,80,1.5,13.6526,11.9430,19.8168,12.7828,11.1028,11.7095,9.6789,19.2916,16.2766
0,246,13,160,0.75,21.0188,17.8184,28.8206,19.4931,15.1226,16.8628,13.8445,27.1514,20.7069
0,247,13,160,1,23.6769,19.5977,33.4837,21.9904,19.0969,18.7631,15.6114,31.7022,26.3398
0,248,13,160,1.5,26.3979,20.9135,37.0608,25.4693,22.6427,20.2764,17.8222,35.5289,29.9524
0,249,13,320,0.75,43.6255,35.9384,59.9167,41.1870,33.9220,34.7783,26.9694,57.4572,43.8151
0,250,13,320,1,48.6899,40.8629,66.3510,45.9823,41.8914,38.9539,34.9039,63.3018,54.6271
0,251,13,320,1.5,53.8388,43.7818,72.4754,50.8294,45.6131,41.5317,37.2322,68.8265,57.6972
0,252,14,10,0.75,2.3371,1.8557,2.7182,0.0000,0.0000,0.0000,0.0000,0.0000,0.0000
0,253,14,10,1,1.5003,2.6647,2.3739,4.2065,4.3607,4.6412,4.6069,0.0000,0.0000
0,254,14,10,1.5,3.1194,4.1979,3.9969,4.7883,4.5331,0.0000,0.0000,0.0000,0.0000
0,255,14,20,0.75,2.9319,4.9523,5.3504,3.7138,3.9281,0.0000,0.0000,4.6674,4.0821
0,256,14,20,1,2.9328,4.5811,5.4808,3.9724,4.1418,4.3610,4.1021,4.9255,5.0139
0,257,14,20,1.5,4.1031,5.7089,5.9403,4.0146,3.9371,4.7646,4.7188,5.4454,5.6503
0,258,14,40,0.75,6.6151,8.8235,8.8682,5.1942,0.0000,7.0332,5.7628,7.9618,7.4583
0,259,14,40,1,7.1449,9.9209,11.3577,6.2774,5.7205,8.1645,8.1416,9.5126,9.8961
0,260,14,40,1.5,6.2204,10.3295,11.3996,6.7527,6.6755,8.4532,8.7907,10.2543,10.9017
0,261,14,80,0.75,13.4900,17.9853,18.6479,9.9445,8.7648,14.5245,12.7612,14.9960,14.0265
0,262,14,80,1,13.0212,20.0831,22.3459,9.6760,9.5960,16.2330,15.6723,17.8240,19.1052
0,263,14,80,1.5,15.2216,21.5573,23.7059,12.7176,10.9814,18.0563,16.3191,18.1619,18.1364
0,264,14,160,0.75,23.8675,33.4469,36.4830,18.6353,16.4785,27.4380,23.7399,30.0601,27.9697
0,265,14,160,1,25.1548,37.6695,39.5419,19.7393,18.2837,30.7401,29.1199,31.7364,33.2188
0,266,14,160,1.5,28.7279,41.5913,45.1151,23.1859,21.9535,34.3656,32.7252,35.7135,37.2287
0,267,14,320,0.75,47.2090,70.7592,73.6724,37.1992,32.5066,58.0983,48.9192,59.4913,56.7016
0,268,14,320,1,49.7857,75.7967,81.8673,39.4956,36.9387,61.4932,58.5756,65.1639,68.0759
0,269,14,320,1.5,57.2874,83.0059,89.6480,45.1493,42.3584,66.9343,63.9973,71.6351,75.3342
0,270,15,10,0.75,0.3524,0.2185,1.0417,0.0000,0.0000,0.0000,0.0000,4.5307,4.5235
0,271,15,10,1,1.2235,1.3999,1.7413,4.2496,0.0000,3.8917,4.0051,0.0000,0.0000
0,272,15,10,1.5,0.7145,2.3987,1.9307,0.0000,0.0000,0.0000,0.0000,4.3156,0.0000
0,273,15,20,0.75,4.1372,4.4500,4.2964,4.2926,4.6292,4.6077,4.3674,0.0000,4.0577
0,274,15,20,1,2.1970,2.4478,1.4788,0.0000,0.0000,0.0000,0.0000,0.0000,0.0000
0,275,15,20,1.5,2.8360,4.1380,3.8258,0.0000,0.0000,5.0463,4.7155,5.0460,4.8241
0,276,15,40,0.75,5.1200,5.7890,6.6087,4.9180,4.2394,5.4224,4.3739,6.2046,5.2202
0,277,15,40,1,6.8561,9.9326,8.9461,6.8569,6.9485,10.0865,10.0956,8.9483,8.9023
0,278,15,40,1.5,6.8950,9.4325,8.8491,6.9591,6.4920,9.0536,7.7319,8.4256,7.6891
0,279,15,80,0.75,9.2516,14.0404,14.2094,9.2454,8.0137,13.6994,11.9191,13.7754,12.3363
0,280,15,80,1,10.9394,14.7438,15.2850,10.9566,10.1852,14.5585,13.9823,14.6607,13.9685
0,281,15,80,1.5,12.2592,16.5412,16.8662,12.3601,11.4694,16.5130,15.7541,16.8239,15.8174
0,282,15,160,0.75,21.2645,30.3054,30.3785,20.9144,17.9674,29.7957,25.6552,29.3706,25.2599
0,283,15,160,1,23.6123,32.6604,32.8349,23.5897,23.3657,32.1383,31.6937,31.8760,31.1170
0,284,15,160,1.5,28.4533,36.8079,36.7576,28.4736,27.2446,36.0645,34.1194,35.4526,33.3077
0,285,15,320,0.75,42.5923,57.8465,58.0767,42.0140,36.5485,56.5828,49.0596,55.6060,47.8374
0,286,15,320,1,49.3390,65.1996,66.1568,48.7660,46.9913,63.3633,61.8145,63.4220,61.7032
0,287,15,320,1.5,51.8694,67.3893,69.7847,51.7565,50.1714,65.8730,64.0498,67.4267,65.1116
0,288,16,10,0.75,0.2609,0.7150,0.7567,0.0000,4.4501,0.0000,0.0000,0.0000,0.0000
0,289,16,10,1,0.9784,-0.9293,1.1213,5.1049,5.1771,5.1102,5.2321,5.2369,5.4623
0,290,16,10,1.5,1.4986,1.1520,1.2987,4.1302,0.0000,0.0000,0.0000,0.0000,0.0000
0,291,16,20,0.75,1.3784,2.8987,1.7969,0.0000,0.0000,0.0000,0.0000,0.0000,0.0000
0,292,16,20,1,0.1672,2.3191,3.0374,0.0000,0.0000,0.0000,0.0000,0.0000,0.0000
0,293,16,20,1.5,-0.0933,1.2393,2.0961,0.0000,0.0000,0.0000,0.0000,4.3961,0.0000
0,294,16,40,0.75,2.4979,4.5781,4.9450,4.1982,0.0000,5.2345,4.7558,5.4851,5.3263
0,295,16,40,1,5.5810,6.0755,6.5331,5.7781,5.1139,5.8275,5.5362,6.3624,4.9303
0,296,16,40,1.5,4.0000,6.4428,7.6748,0.0000,0.0000,5.5825,5.6033,7.0677,6.2612
0,297,16,80,0.75,7.0857,10.5485,11.1677,6.2688,5.1692,8.0028,7.9674,9.8899,9.0296
0,298,16,80,1,8.1277,11.4166,12.1062,7.2637,7.5230,9.5106,10.1939,10.1768,10.3607
0,299,16,80,1.5,8.9745,12.9107,12.9469,8.0977,9.2779,10.4115,11.8566,10.6051,12.1288
0,300,16,160,0.75,13.1756,21.6122,22.5880,11.6075,11.2168,17.1150,16.6273,19.1107,17.0170
0,301,16,160,1,17.3054,25.7211,26.9893,15.6367,14.9648,20.3434,20.9682,22.8909,21.2496
0,302,16,160,1.5,17.2419,25.5970,27.0144,15.1573,16.0275,20.6887,21.9484,23.6114,22.2863
0,303,16,320,0.75,25.4840,41.8854,43.5943,22.2825,20.8753,34.5296,32.2115,36.4583,32.9173
0,304,16,320,1,31.2089,46.8234,48.0370,26.9056,28.0866,38.1269,40.0760,40.2274,40.6801
0,305,16,320,1.5,34.8861,53.4689,55.2639,29.8160,30.4009,43.6158,44.5778,46.0695,45.2060
0,306,17,10,0.75,1.6184,2.9075,3.9957,0.0000,0.0000,0.0000,0.0000,0.0000,0.0000
0,307,17,10,1,2.4927,2.2995,2.0872,0.0000,0.0000,0.0000,0.0000,0.0000,0.0000
0,308,17,10,1.5,2.4878,2.9017,2.6853,4.1878,3.9588,0.0000,0.0000,3.6347,0.0000
0,309,17,20,0.75,3.1244,4.3635,4.1322,0.0000,4.1583,3.8286,0.0000,4.1171,0.0000
0,310,17,20,1,3.9004,4.2316,4.8093,4.6823,0.0000,4.7791,4.4653,4.6511,4.7014
0,311,17,20,1.5,4.1423,4.0593,4.2716,4.8105,4.5600,4.8626,4.6254,0.0000,4.2379
0,312,17,40,0.75,4.5400,7.3305,7.7344,4.5807,0.0000,6.7928,6.0952,6.4157,5.3373
0,313,17,40,1,6.2575,8.6066,7.5051,5.6022,5.2751,8.3384,8.2044,6.5462,5.8976
0,314,17,40,1.5,6.5656,8.0598,9.4208,5.9950,5.3864,7.6166,7.2559,8.1035,7.4700
0,315,17,80,0.75,11.4478,14.8178,17.0458,10.0300,8.2758,13.8771,11.8427,15.2483,12.3612
0,316,17,80,1,12.7159,17.6371,17.1495,11.6200,10.6667,17.0512,16.4612,15.1691,13.7421
0,317,17,80,1.5,15.5452,19.0728,20.0853,14.4579,13.0998,18.3677,17.3410,18.2050,16.5314
0,318,17,160,0.75,23.7344,32.4483,35.1520,22.9154,19.8362,31.6967,27.6150,32.0331,26.7117
0,319,17,160,1,27.2145,34.9034,37.6583,25.6160,24.7712,33.4544,32.9603,33.6926,31.2680
0,320,17,160,1.5,28.5520,37.2598,40.3765,27.2876,24.7779,36.4457,34.7326,37.7788,34.4552
0,321,17,320,0.75,46.1044,61.7780,64.7979,43.3125,36.7602,60.2391,51.4645,59.0661,47.9911
0,322,17,320,1,53.1666,69.7744,73.1476,49.5861,46.4700,67.2322,65.5729,66.6385,61.3307
0,323,17,320,1.5,58.4430,73.3242,78.1483,54.3388,51.2855,70.1371,68.0373,70.4823,65.5006
0,324,18,10,0.75,-0.3542,0.7195,-0.2567,0.0000,0.0000,0.0000,0.0000,0.0000,4.4542
0,325,18,10,1,-1.1546,-0.2498,-0.9899,3.9088,0.0000,0.0000,4.3881,0.0000,3.8547
0,326,18,10,1.5,0.8349,0.0068,-0.0163,4.8182,5.0446,0.0000,0.0000,0.0000,0.0000
0,327,18,20,0.75,0.4675,0.4232,1.4292,0.0000,0.0000,0.0000,0.0000,0.0000,0.0000
0,328,18,20,1,1.0706,1.0057,0.3479,0.0000,4.0424,3.9312,0.0000,4.2457,3.6398
0,329,18,20,1.5,2.0328,1.5336,1.0183,4.1464,3.5990,0.0000,3.7295,4.4550,4.1537
0,330,18,40,0.75,2.1005,0.4241,2.5024,0.0000,0.0000,4.3642,4.3509,0.0000,0.0000
0,331,18,40,1,4.1273,1.3233,2.2156,0.0000,0.0000,0.0000,0.0000,0.0000,0.0000
0,332,18,40,1.5,3.6944,1.5836,3.3131,4.6840,5.2280,4.7248,4.8595,3.9559,4.0354
0,333,18,80,0.75,5.1769,2.6000,4.7635,5.0596,4.7456,0.0000,0.0000,4.7058,4.6495
0,334,18,80,1,6.5794,4.2350,5.4570,5.4950,5.5242,0.0000,0.0000,5.3379,5.4096
0,335,18,80,1.5,6.0472,4.1624,5.2336,5.6362,5.5505,3.9526,0.0000,5.3404,5.1306
0,336,18,160,0.75,10.5413,7.0063,9.2770,10.1244,8.9932,7.3171,6.4295,9.2487,8.0310
0,337,18,160,1,13.3906,8.3055,11.5573,12.2019,11.1463,7.9768,8.0397,11.1111,10.2564
0,338,18,160,1.5,15.8316,8.1772,12.8874,14.1756,13.9421,7.4011,6.9865,11.7332,11.3589
0,339,18,320,0.75,24.7760,14.7347,22.9874,23.7392,20.7343,14.4378,12.3249,21.0094,19.4135
0,340,18,320,1,25.5212,14.8522,22.5750,23.3781,22.5439,14.2151,13.3003,20.9136,20.0238
0,341,18,320,1.5,32.4842,18.7498,27.6904,29.4996,28.1057,17.8710,16.4278,25.3987,25.1913
0,342,19,10,0.75,2.9945,2.8788,5.3030,0.0000,3.5390,3.9757,0.0000,4.3300,0.0000
0,343,19,10,1,2.0060,1.7747,4.0099,0.0000,0.0000,0.0000,0.0000,4.6826,0.0000
0,344,19,10,1.5,1.9311,1.8849,4.7969,0.0000,4.3314,0.0000,4.0337,4.2285,3.8602
0,345,19,20,0.75,2.3763,3.1501,4.5930,4.2120,0.0000,0.0000,4.1120,4.1756,4.0914
0,346,19,20,1,3.7981,3.7093,5.6520,4.6598,4.1088,4.2074,0.0000,0.0000,4.8365
0,347,19,20,1.5,2.9576,2.6950,6.4869,0.0000,0.0000,0.0000,4.5901,5.3908,4.8058
0,348,19,40,0.75,5.6090,6.1521,9.6808,4.9820,4.6659,5.0621,4.3935,7.5550,7.2002
0,349,19,40,1,8.8886,7.5782,12.6052,7.5092,6.8392,7.3914,5.8113,10.0291,10.2251
0,350,19,40,1.5,7.8982,6.8998,12.2686,7.2557,5.8188,6.7089,5.0173,10.4089,8.6005
0,351,19,80,0.75,11.9794,12.2444,19.9338,9.0159,8.9661,10.0909,9.4025,15.9765,15.6450
0,352,19,80,1,14.2889,14.0539,22.8318,11.3664,12.4891,12.9606,11.8635,18.6512,19.0062
0,353,19,80,1.5,15.5508,15.8044,25.4653,12.5386,13.0960,13.5790,12.8944,18.9407,20.2487
0,354,19,160,0.75,26.6756,25.7338,41.0704,20.3471,21.1190,23.0079,19.0652,32.8359,31.4924
0,355,19,160,1,29.8674,27.5422,45.3934,23.0157,25.5704,24.5616,23.3686,35.6781,38.3229
0,356,19,160,1.5,31.6911,29.1939,50.2612,24.7274,26.4917,25.5599,24.6447,38.9609,41.6075
0,357,19,320,0.75,52.6006,51.1832,82.9805,41.2227,39.4086,45.3763,38.4851,66.0313,63.4759
0,358,19,320,1,57.8169,56.8427,91.5240,44.4285,49.1090,50.0807,47.6489,72.3135,76.4317
0,359,19,320,1.5,64.7331,60.4448,102.3440,51.7677,53.2186,53.8186,50.0422,80.8565,82.4427
0,360,20,10,0.75,1.5354,1.2597,2.4187,0.0000,0.0000,0.0000,0.0000,0.0000,0.0000
0,361,20,10,1,3.5168,3.1255,3.9394,0.0000,0.0000,0.0000,0.0000,0.0000,4.4089
0,362,20,10,1.5,0.6176,0.5752,1.5331,4.0675,3.3241,3.7850,3.8358,0.0000,0.0000
0,363,20,20,0.75,3.0430,2.9131,1.9346,4.5895,4.2824,0.0000,0.0000,0.0000,4.2458
0,364,20,20,1,2.0511,2.0191,1.5175,3.8035,0.0000,0.0000,0.0000,0.0000,4.5992
0,365,20,20,1.5,1.6772,2.1546,2.6134,4.0322,3.7387,3.8417,3.9484,4.7843,4.4717
0,366,20,40,0.75,2.9959,3.8619,5.1326,0.0000,0.0000,4.2506,4.4198,4.2440,3.7933
0,367,20,40,1,4.4653,5.7969,5.6096,5.1165,5.1173,6.2942,5.9634,5.4138,4.7653
0,368,20,40,1.5,6.1397,5.6992,6.8990,5.5075,5.4412,5.2164,5.2580,5.4297,5.6990
0,369,20,80,0.75,6.7870,8.8727,10.3980,6.5779,5.7643,8.6383,6.9787,8.9776,7.2985
0,370,20,80,1,8.7394,9.2442,11.2611,8.5647,8.2364,9.0843,8.2994,9.2792,8.5712
0,371,20,80,1.5,9.0374,10.2460,12.2463,8.3883,7.8161,9.6244,9.0000,10.2283,9.1870
0,372,20,160,0.75,15.9571,18.3590,20.5931,14.9185,13.3619,17.3149,14.9812,17.4726,15.0847
0,373,20,160,1,17.8558,20.1970,24.2387,16.7134,16.0109,18.9802,18.2580,19.8276,18.9927
0,374,20,160,1.5,19.6565,22.0911,25.6887,18.3499,17.2487,20.6710,19.2477,21.9156,20.2092
0,375,20,320,0.75,28.7647,36.1016,41.3646,25.1691,20.8158,32.5582,26.6501,33.5583,27.3405
0,376,20,320,1,34.8604,40.9502,47.8396,31.6108,30.2313,38.2614,35.7345,40.7756,37.6984
0,377,20,320,1.5,38.0389,42.9954,50.4615,34.3185,33.1179,39.4181,36.9170,41.4400,39.9011
0,378,21,10,0.75,0.6826,0.6660,1.0309,0.0000,0.0000,4.5931,0.0000,4.5690,4.2464
0,379,21,10,1,1.4170,0.7663,1.5271,3.8346,3.7589,0.0000,0.0000,0.0000,0.0000
0,380,21,10,1.5,2.3612,2.9703,2.3671,0.0000,0.0000,0.0000,0.0000,0.0000,0.0000
0,381,21,20,0.75,4.1216,2.1365,3.5711,0.0000,3.7815,0.0000,0.0000,0.0000,0.0000
0,382,21,20,1,2.8278,3.1675,3.2681,0.0000,0.0000,4.3858,0.0000,4.0708,0.0000
0,383,21,20,1.5,3.7764,2.6409,3.8803,4.7175,4.1317,0.0000,0.0000,4.7049,0.0000
0,384,21,40,0.75,3.8594,2.6876,4.0677,4.4440,3.6131,0.0000,0.0000,4.4372,3.7684
0,385,21,40,1,6.2531,5.8339,6.7298,5.7568,5.0822,5.0310,4.7722,6.5785,6.2047
0,386,21,40,1.5,5.1078,4.1715,5.3333,4.7656,4.3786,4.3726,4.4522,4.4516,4.6112
0,387,21,80,0.75,8.7888,9.3450,10.6063,7.3910,6.2275,8.1778,7.7620,9.3248,8.3292
0,388,21,80,1,10.1283,9.3661,11.8278,8.4907,7.1603,8.1784,7.5825,10.2191,10.1741
0,389,21,80,1.5,11.2687,9.6671,12.0245,9.0628,8.8663,7.9717,7.9332,9.8989,10.6116
0,390,21,160,0.75,17.4223,16.7708,19.4701,14.8697,12.4273,14.8427,12.7516,17.2865,15.3642
0,391,21,160,1,18.9813,19.1649,22.9561,16.3872,15.2612,16.4423,15.8373,19.6505,20.7256
0,392,21,160,1.5,19.9361,18.1530,21.5888,15.5402,13.9292,15.8540,14.6854,18.8127,18.3020
0,393,21,320,0.75,34.7168,32.4749,40.8957,28.9807,23.4438,27.9719,24.2679,35.0171,31.8895
0,394,21,320,1,38.0504,36.1009,43.4760,32.1905,29.9385,32.6016,31.5108,38.6927,39.1062
0,395,21,320,1.5,42.2171,39.4536,48.3219,35.3731,31.8096,34.9834,33.3867,41.6958,41.9210
0,396,22,10,0.75,1.1500,2.0232,1.8819,0.0000,0.0000,0.0000,0.0000,0.0000,0.0000
0,397,22,10,1,0.8003,0.1984,0.5664,4.3840,4.4894,0.0000,0.0000,0.0000,0.0000
0,398,22,10,1.5,2.3377,2.4068,2.0298,4.5841,4.5146,0.0000,0.0000,0.0000,0.0000
0,399,22,20,0.75,2.6784,3.7895,4.1758,0.0000,0.0000,0.0000,0.0000,4.5542,4.0258
0,400,22,20,1,3.4491,4.4181,4.2550,0.0000,0.0000,4.4641,4.9109,0.0000,4.1073
0,401,22,20,1.5,4.7083,5.2853,5.8239,4.8118,4.2744,0.0000,4.6970,4.4754,0.0000
0,402,22,40,0.75,6.1953,8.1000,9.6814,5.2549,5.3043,6.7597,6.8821,6.2859,6.0206
0,403,22,40,1,7.3859,9.7132,9.9240,5.4944,6.2817,7.3663,8.1038,4.9107,5.6888
0,404,22,40,1.5,7.1034,9.6437,9.5578,5.3722,0.0000,7.8060,6.9859,5.6157,5.4834
0,405,22,80,0.75,13.4114,17.8531,19.0080,9.9934,9.3389,14.0762,13.5443,10.4931,9.5910
0,406,22,80,1,13.0549,18.3539,19.7534,10.7131,11.4369,14.6634,15.5651,10.7102,11.0461
0,407,22,80,1.5,14.7469,19.5496,22.0770,11.6712,12.1009,16.2178,16.6643,11.2379,12.6925
0,408,22,160,0.75,22.7158,32.4203,33.6017,16.0497,16.9621,24.8284,24.6009,16.1424,16.2461
0,409,22,160,1,26.5620,36.7781,39.5354,19.7961,22.0905,28.5794,31.6619,18.9012,21.5650
0,410,22,160,1.5,26.9058,36.5546,40.1776,18.6451,20.7439,28.0562,30.5706,19.9084,21.2913
0,411,22,320,0.75,46.2304,67.6336,71.0553,33.8523,34.0770,51.6601,50.8086,35.3361,34.9348
0,412,22,320,1,51.0821,72.8802,79.3694,38.4004,41.9698,56.5604,61.9162,36.9447,41.4894
0,413,22,320,1.5,53.1421,75.1758,83.6762,38.7919,43.1389,58.2463,63.9398,37.9518,43.7584
0,414,23,10,0.75,2.6045,2.4116,2.9796,0.0000,3.7261,4.7200,4.3921,0.0000,0.0000
0,415,23,10,1,2.9694,2.2650,3.2717,0.0000,0.0000,0.0000,0.0000,0.0000,0.0000
0,416,23,10,1.5,1.1734,1.2507,1.6840,0.0000,0.0000,0.0000,3.8665,0.0000,0.0000
0,417,23,20,0.75,4.1253,3.8710,4.6452,5.0426,0.0000,0.0000,0.0000,0.0000,0.0000
0,418,23,20,1,0.3949,1.6139,2.8913,0.0000,0.0000,0.0000,0.0000,0.0000,4.1719
0,419,23,20,1.5,3.0265,1.9680,2.5857,0.0000,0.0000,0.0000,0.0000,0.0000,3.7839
0,420,23,40,0.75,5.5776,6.0911,7.2341,4.8265,5.1970,5.3682,5.1168,6.1911,5.9396
0,421,23,40,1,6.9592,8.6944,8.3245,6.8791,6.8313,8.3706,7.9406,8.2323,8.5762
0,422,23,40,1.5,4.8701,6.1709,7.8592,5.2136,5.0494,6.1818,5.3907,7.0430,6.4035
0,423,23,80,0.75,8.2241,11.5911,13.2786,7.6008,6.5946,10.3290,8.6839,11.3267,9.7255
0,424,23,80,1,10.6691,11.8055,14.6286,9.7789,9.6541,10.7116,10.3572,13.4967,13.5403
0,425,23,80,1.5,12.3887,14.1174,17.2250,11.8869,10.9787,13.4089,12.4997,15.8109,14.4168
0,426,23,160,0.75,19.8222,24.0580,28.5945,18.4078,16.0222,22.1566,19.0032,25.9060,22.1817
0,427,23,160,1,22.7973,26.6579,30.3783,21.4464,20.8597,24.6532,23.5647,27.6819,26.9748
0,428,23,160,1.5,24.7569,26.8832,32.0113,21.9700,21.2377,24.6319,23.6668,28.8809,27.8566
0,429,23,320,0.75,40.9221,48.0224,56.1506,37.9306,32.5244,44.4009,37.3130,49.8936,42.5619
0,430,23,320,1,45.5108,51.8659,62.8946,41.8587,41.2159,48.3329,46.8490,56.5596,55.2717
0,431,23,320,1.5,46.3584,52.1596,63.1918,41.9896,40.3569,48.3956,46.2220,56.2767,54.3891
0,432,24,10,0.75,2.7970,2.8648,3.1543,4.3957,4.2187,0.0000,0.0000,0.0000,0.0000
0,433,24,10,1,1.4037,2.4389,1.9433,4.5509,0.0000,0.0000,3.9003,4.2587,0.0000
0,434,24,10,1.5,1.9660,2.0249,2.9513,3.7406,0.0000,0.0000,4.0419,0.0000,0.0000
0,435,24,20,0.75,2.9162,3.5166,4.5162,0.0000,0.0000,4.1649,4.5612,5.6147,5.1707
0,436,24,20,1,2.5506,3.0961,4.0862,0.0000,4.6881,4.4197,0.0000,0.0000,0.0000
0,437,24,20,1.5,3.0886,4.4296,4.8061,0.0000,0.0000,4.5564,4.5560,4.4623,4.4046
0,438,24,40,0.75,6.9340,8.3446,8.2683,5.4200,5.1218,5.8652,5.6485,5.8669,5.3904
0,439,24,40,1,7.1732,8.5286,9.5300,5.7312,5.8034,6.1459,5.5040,6.0306,6.3993
0,440,24,40,1.5,6.2015,7.4940,7.7811,5.1946,5.0880,0.0000,0.0000,0.0000,0.0000
0,441,24,80,0.75,13.2468,15.6992,16.3877,9.4601,8.6492,12.3041,9.2341,9.4505,8.8733
0,442,24,80,1,15.1819,17.4236,18.8039,11.9883,11.4593,13.2072,11.7639,11.5746,12.1686
0,443,24,80,1.5,14.1041,17.1687,18.4894,10.2962,10.7950,12.3461,10.2566,9.3547,10.2586
0,444,24,160,0.75,25.4502,31.8224,33.6966,18.5862,18.1656,22.2275,17.3544,18.7478,18.4386
0,445,24,160,1,28.9646,34.5464,36.6333,20.7066,22.0044,23.8186,23.5642,21.2998,23.3582
0,446,24,160,1.5,30.4684,36.2046,39.2035,21.7203,22.6250,26.0175,23.5290,22.8079,24.7842
0,447,24,320,0.75,53.0122,64.3206,68.1593,37.4650,36.4241,47.3324,37.0881,40.6114,38.3889
0,448,24,320,1,58.5079,70.2615,74.1069,40.6109,44.8762,51.3522,45.0511,43.4769,47.1739
0,449,24,320,1.5,62.8336,74.6663,79.8297,44.1106,47.0370,53.3565,47.5989,45.5834,49.3675
0,450,25,10,0.75,0.4301,-0.0408,0.4716,0.0000,0.0000,0.0000,0.0000,0.0000,0.0000
0,451,25,10,1,1.8786,1.8391,1.8938,3.9273,4.3707,3.5979,0.0000,0.0000,0.0000
0,452,25,10,1.5,1.6735,1.1159,1.6653,0.0000,0.0000,0.0000,0.0000,4.6611,0.0000
0,453,25,20,0.75,1.6329,2.4329,1.6061,0.0000,0.0000,0.0000,0.0000,0.0000,0.0000
0,454,25,20,1,4.1715,3.9589,4.4376,4.6915,4.4562,0.0000,0.0000,4.5031,0.0000
0,455,25,20,1.5,3.0984,2.4292,2.7133,4.2188,0.0000,0.0000,0.0000,4.4498,0.0000
0,456,25,40,0.75,4.8041,5.0225,5.1370,5.4658,0.0000,5.5078,4.8434,5.0314,0.0000
0,457,25,40,1,3.9581,3.3811,4.2032,0.0000,0.0000,0.0000,0.0000,0.0000,4.3023
0,458,25,40,1.5,3.9609,3.6828,4.8497,3.5672,0.0000,3.8468,3.7202,4.7361,0.0000
0,459,25,80,0.75,8.4407,9.1571,8.7897,7.8422,6.9819,9.2700,7.9233,8.1903,7.1294
0,460,25,80,1,9.4668,8.6363,10.4046,9.0725,8.8626,8.0059,7.9487,9.2388,9.0865
0,461,25,80,1.5,10.4516,10.3472,11.8675,9.6681,9.2290,9.1146,8.7071,9.6880,10.1757
0,462,25,160,0.75,17.1805,16.5821,19.0098,15.1065,13.9835,14.9632,12.8083,15.8065,14.9418
0,463,25,160,1,19.2949,19.3745,22.1087,16.7773,18.1440,17.0276,17.5144,18.9276,19.7343
0,464,25,160,1.5,18.3959,17.6740,20.5568,16.5385,16.4090,16.3319,15.3606,17.1151,17.8718
0,465,25,320,0.75,32.4611,32.5505,36.8079,28.2886,27.2037,29.1608,25.9478,30.6696,29.6220
0,466,25,320,1,35.1270,34.1739,39.2966,30.9421,32.5422,30.9618,30.4628,33.4584,35.2365
0,467,25,320,1.5,38.9445,36.9822,43.4946,33.5227,35.0355,32.8335,31.8735,36.1708,37.8695
0,468,26,10,0.75,1.0188,1.9207,1.3753,0.0000,4.1953,0.0000,3.0106,0.0000,0.0000
0,469,26,10,1,1.0023,1.2706,2.1404,0.0000,0.0000,0.0000,0.0000,0.0000,0.0000
0,470,26,10,1.5,1.5771,1.5890,1.7869,0.0000,4.2442,0.0000,0.0000,0.0000,0.0000
0,471,26,20,0.75,2.1489,2.9334,4.2664,0.0000,4.3558,0.0000,0.0000,0.0000,0.0000
0,472,26,20,1,3.8275,2.9743,3.7327,4.5565,4.1191,4.3044,0.0000,0.0000,0.0000
0,473,26,20,1.5,2.5404,3.7242,3.5082,4.5331,3.5594,0.0000,0.0000,0.0000,4.5776
0,474,26,40,0.75,4.7984,5.5598,5.7468,5.9458,5.5084,6.1658,5.4712,4.4301,0.0000
0,475,26,40,1,6.1011,5.9935,6.5903,5.1750,4.8447,4.9308,5.1827,6.0991,5.6101
0,476,26,40,1.5,6.8260,7.1664,7.8573,5.5257,5.2127,5.5417,0.0000,6.7274,5.9326
0,477,26,80,0.75,8.4943,10.9122,12.6011,6.8881,6.0521,8.0556,6.5396,11.8420,10.5954
0,478,26,80,1,11.2315,12.7249,13.3821,8.5069,7.1329,9.3038,9.7094,12.0260,11.0319
0,479,26,80,1.5,12.2492,14.5430,15.0305,9.5948,8.8777,9.8575,9.9089,12.8974,11.4870
0,480,26,160,0.75,20.2514,22.4706,25.9055,15.5620,13.0960,17.0892,14.9252,23.4416,20.6890
0,481,26,160,1,23.3487,25.6642,26.6229,18.3784,17.1171,19.1416,18.8186,23.2140,22.0402
0,482,26,160,1.5,24.5494,28.4115,29.8492,21.2019,20.1894,22.2436,20.5880,27.2178,26.0177
0,483,26,320,0.75,42.9744,48.4427,50.8242,33.2024,27.6147,35.6384,31.1388,44.0248,37.7367
0,484,26,320,1,43.9694,51.7255,54.0338,35.9752,32.5428,39.3001,38.0096,47.8840,44.8749
0,485,26,320,1.5,47.5764,55.7935,57.6838,38.7012,34.5830,41.7706,39.2214,51.2477,48.1730
0,486,27,10,0.75,0.7646,1.7195,1.8191,0.0000,0.0000,0.0000,0.0000,4.2752,4.1589
0,487,27,10,1,1.9461,3.1104,3.5628,4.1245,4.8830,0.0000,4.3382,0.0000,0.0000
0,488,27,10,1.5,0.6795,1.2216,1.2675,0.0000,3.7968,4.2918,3.9683,4.0050,0.0000
0,489,27,20,0.75,3.3333,2.5380,3.1856,0.0000,0.0000,0.0000,4.4873,0.0000,0.0000
0,490,27,20,1,1.8630,2.2472,3.2646,4.3659,4.4571,0.0000,0.0000,0.0000,0.0000
0,491,27,20,1.5,2.5088,3.2158,3.4327,4.4202,4.2497,0.0000,0.0000,4.5168,4.3984
0,492,27,40,0.75,4.3379,6.4822,6.8757,0.0000,4.0029,5.9779,4.9483,4.5249,4.2819
0,493,27,40,1,5.7091,5.6581,5.8896,5.9495,5.5838,4.7127,4.8604,4.7567,4.5298
0,494,27,40,1.5,3.8022,5.8219,6.1937,4.4041,4.6158,4.2860,0.0000,4.4825,0.0000
0,495,27,80,0.75,8.9926,10.4699,11.1339,7.7160,6.1965,7.7065,6.6939,6.7283,5.8694
0,496,27,80,1,9.4970,13.0447,14.1223,6.5835,6.1998,9.3207,9.2178,8.2188,8.1737
0,497,27,80,1.5,11.0391,13.9324,14.9338,8.5711,7.7150,9.9820,10.3707,8.9588,8.4647
0,498,27,160,0.75,19.1411,24.3646,25.4364,14.6563,12.6139,18.2759,16.4306,15.2697,14.0967
0,499,27,160,1,19.2494,24.8484,26.4624,13.9159,13.3164,17.2079,16.8971,14.1581,14.4211
0,500,27,160,1.5,22.3644,28.1997,29.8218,17.5238,16.4753,19.9995,19.2998,16.9288,16.5382
0,501,27,320,0.75,36.0021,46.0925,50.3184,26.1181,22.5922,31.4680,27.6938,27.3776,23.8983
0,502,27,320,1,37.5010,48.3962,52.3823,26.8260,26.5848,33.3260,33.8474,27.8308,28.0997
0,503,27,320,1.5,41.7712,51.1723,56.5919,30.2719,29.2253,35.2460,35.6472,30.2451,30.8496
0,504,28,10,0.75,2.0708,2.9335,2.6393,0.0000,0.0000,0.0000,0.0000,0.0000,0.0000
0,505,28,10,1,2.1107,1.6507,1.4454,0.0000,0.0000,4.4414,4.4890,4.5774,0.0000
0,506,28,10,1.5,-0.3265,-1.1573,0.5390,0.0000,0.0000,4.2201,4.2541,0.0000,0.0000
0,507,28,20,0.75,3.9822,3.4220,4.8835,0.0000,0.0000,0.0000,0.0000,4.3845,0.0000
0,508,28,20,1,2.5649,1.6191,2.9335,4.0071,0.0000,0.0000,0.0000,0.0000,0.0000
0,509,28,20,1.5,2.8282,2.9467,3.3553,0.0000,0.0000,0.0000,0.0000,4.5767,0.0000
0,510,28,40,0.75,3.5806,3.7560,5.8630,4.8047,4.8825,4.6366,4.0836,5.2613,0.0000
0,511,28,40,1,5.2503,4.6205,5.5083,5.2696,5.1571,4.9238,4.8284,5.6169,5.3422
0,512,28,40,1.5,6.1702,5.0964,7.2066,5.4301,4.6050,5.3021,5.1858,6.1303,4.9348
0,513,28,80,0.75,10.3042,9.2563,12.5052,9.6611,8.6664,8.5657,7.7332,9.9796,8.9874
0,514,28,80,1,10.3907,9.4934,12.1595,9.3468,9.5767,9.1164,9.3195,10.4092,10.3128
0,515,28,80,1.5,12.3903,11.1585,14.8428,11.3849,11.1724,10.8097,10.5661,12.4176,11.6859
0,516,28,160,0.75,20.0339,18.2813,23.9926,18.7743,15.1861,16.6915,14.3327,21.2917,17.5835
0,517,28,160,1,21.4980,20.0122,26.9687,20.4229,18.8737,18.6079,17.8255,23.9398,22.2474
0,518,28,160,1.5,23.1826,20.4342,27.9646,21.0544,19.5041,18.1167,17.6450,23.8736,22.4987
0,519,28,320,0.75,41.0201,37.6544,50.0253,37.5295,31.1533,34.8841,29.0394,42.8646,35.5869
0,520,28,320,1,44.0426,40.6593,53.7560,40.8148,37.4354,37.4149,35.0085,46.7434,43.8650
0,521,28,320,1.5,46.5869,42.6995,55.7357,43.2686,39.2484,38.7862,35.4618,47.7899,43.9649
0,522,29,10,0.75,0.7631,1.6404,-0.0623,0.0000,0.0000,0.0000,4.2794,4.2784,0.0000
0,523,29,10,1,2.6164,3.4747,3.2552,0.0000,0.0000,0.0000,0.0000,0.0000,0.0000
0,524,29,10,1.5,1.0174,2.5035,2.8954,0.0000,0.0000,0.0000,4.6948,4.1865,0.0000
0,525,29,20,0.75,1.7431,3.7107,3.6644,0.0000,0.0000,3.5544,3.7201,0.0000,0.0000
0,526,29,20,1,3.9326,5.4377,4.5505,4.3379,4.0590,4.8984,4.7084,0.0000,0.0000
0,527,29,20,1.5,3.1968,5.2178,6.6625,0.0000,0.0000,5.4008,5.1560,5.0891,6.0833
0,528,29,40,0.75,4.7638,7.3491,10.5155,4.7316,4.8221,6.3554,6.2515,4.7575,7.2868
0,529,29,40,1,6.6921,8.7727,9.9923,5.0258,5.3468,7.2427,8.0385,4.7749,8.0508
0,530,29,40,1.5,8.3158,10.3505,12.2739,6.1665,6.8298,8.8397,9.0263,6.7109,10.5441
0,531,29,80,0.75,15.0319,18.5247,21.3685,11.4565,11.6541,16.0039,14.4785,10.4144,13.8390
0,532,29,80,1,13.3535,18.3136,22.3379,10.3586,11.1314,14.9623,15.9187,10.1179,16.0332
0,533,29,80,1.5,15.8812,20.2925,23.9684,11.3738,12.0907,18.1752,17.5819,10.8681,17.0530
0,534,29,160,0.75,26.2414,35.3851,40.9648,20.3690,19.0937,30.2070,26.8697,20.3734,27.0902
0,535,29,160,1,27.8427,39.2372,44.4216,20.1406,22.5317,33.4099,33.6461,21.3921,32.3993
0,536,29,160,1.5,31.6244,41.8489,49.5725,23.4426,25.2326,35.9472,35.0860,24.6519,35.4771
0,537,29,320,0.75,53.3333,72.7133,85.2214,39.8570,38.8594,61.1693,54.5650,40.4027,55.8350
0,538,29,320,1,58.4491,78.9014,92.6188,42.5093,47.2765,66.8087,67.5839,43.8993,68.5825
0,539,29,320,1.5,62.0227,80.8400,97.5359,43.8097,48.5054,68.5828,68.3002,47.9146,70.2962
0,540,30,10,0.75,1.4648,1.1434,1.5104,0.0000,0.0000,0.0000,0.0000,3.9711,0.0000
0,541,30,10,1,1.7045,3.0096,2.5242,0.0000,0.0000,0.0000,0.0000,3.9250,0.0000
0,542,30,10,1.5,1.1742,1.1483,1.7996,4.2917,4.4357,4.2239,3.5310,0.0000,4.1810
0,543,30,20,0.75,1.6034,2.0220,2.6338,0.0000,3.7946,0.0000,4.2506,0.0000,0.0000
0,544,30,20,1,2.2100,2.9173,2.8731,0.0000,0.0000,4.4627,0.0000,4.8775,4.5381
0,545,30,20,1.5,2.4412,3.4065,2.9483,4.8283,4.5705,0.0000,0.0000,0.0000,0.0000
0,546,30,40,0.75,5.6962,6.4069,6.8453,5.1685,4.6837,5.5259,5.1176,5.7210,5.3298
0,547,30,40,1,4.6636,6.4966,7.6379,4.6063,0.0000,4.8745,4.8071,6.2412,5.0498
0,548,30,40,1.5,3.4649,5.1584,3.8509,0.0000,0.0000,5.1089,0.0000,4.3864,4.1856
0,549,30,80,0.75,9.2231,9.8250,10.3950,7.7267,6.3429,7.4470,5.6697,8.0562,6.4936
0,550,30,80,1,7.8320,8.9292,9.5151,6.5818,5.4867,8.1778,6.9561,7.7762,6.7344
0,551,30,80,1.5,9.2817,10.9982,11.2508,8.2995,7.6918,9.1005,7.6244,8.7404,8.0323
0,552,30,160,0.75,17.8558,22.3755,22.7388,15.4930,12.0137,17.9438,12.1333,17.9309,12.6958
0,553,30,160,1,18.2772,22.9108,23.6816,15.2777,13.6328,18.6654,14.4627,19.0412,15.5307
0,554,30,160,1.5,19.5345,23.3644,23.8326,17.1474,15.2800,19.5221,15.2805,20.1575,15.8808
0,555,30,320,0.75,34.2735,42.2586,43.4829,29.9112,24.1309,33.7416,22.7467,34.4885,24.5452
0,556,30,320,1,38.8687,46.6672,48.8090,34.1275,29.7138,39.2590,30.4278,39.9921,32.6171
0,557,30,320,1.5,39.2823,48.2129,51.2950,32.8610,27.5360,38.4862,28.3053,41.7205,32.4758
0,558,31,10,0.75,3.7545,2.9576,5.1060,0.0000,0.0000,0.0000,0.0000,0.0000,0.0000
0,559,31,10,1,2.4053,2.2259,5.2179,4.5088,4.6500,4.6180,4.5364,0.0000,4.5066
0,560,31,10,1.5,2.4178,2.5461,4.8033,0.0000,0.0000,0.0000,0.0000,0.0000,5.3674
0,561,31,20,0.75,3.9699,6.8182,9.3520,0.0000,0.0000,5.6614,5.1455,5.8030,6.9885
0,562,31,20,1,4.5671,7.0791,9.5885,0.0000,4.6049,5.8276,5.9394,6.4197,7.8269
0,563,31,20,1.5,5.5559,7.4157,9.3400,4.9729,0.0000,6.1174,5.9205,6.8240,7.3955
0,564,31,40,0.75,7.5325,9.8712,15.1170,5.9353,5.2363,7.7635,6.6035,9.1278,10.7348
0,565,31,40,1,8.3309,11.8603,17.8463,6.2115,6.5511,8.7846,8.7235,11.5565,14.5442
0,566,31,40,1.5,10.4301,13.8709,18.6057,8.0300,8.0504,10.9770,10.5634,11.9605,15.3932
0,567,31,80,0.75,15.5030,23.0661,31.1250,11.9820,10.4904,17.7550,15.0858,20.5543,23.7516
0,568,31,80,1,18.4108,25.0104,35.2064,13.6007,13.6015,19.6505,18.8553,22.6112,29.0443
0,569,31,80,1.5,18.3324,26.5244,38.3299,12.2522,12.7060,20.0433,18.7340,23.6409,29.8266
0,570,31,160,0.75,29.7709,43.7128,61.2423,22.1353,20.0406,34.4824,29.3843,39.2881,45.6254
0,571,31,160,1,33.4327,50.1234,70.8417,24.3084,25.0641,38.2038,36.5044,43.7712,56.6035
0,572,31,160,1.5,37.0339,52.6278,75.8707,26.3518,25.7805,40.0670,38.3819,46.2729,59.7046
0,573,31,320,0.75,58.7524,85.1469,121.4527,42.3229,37.5398,65.7647,55.9913,76.7908,89.1306
0,574,31,320,1,64.1016,96.2923,138.4028,46.0204,48.0512,73.3040,71.2115,87.7394,113.0226
0,575,31,320,1.5,73.0004,105.2732,150.5436,50.2712,51.8106,80.0468,76.3903,95.0320,120.6313
0,576,32,10,0.75,0.8528,1.1635,1.0568,0.0000,0.0000,4.3052,0.0000,0.0000,0.0000
0,577,32,10,1,1.8859,1.2090,1.9520,4.0635,0.0000,4.3482,4.3796,4.5773,4.0434
0,578,32,10,1.5,3.1863,2.9450,2.7584,4.5875,4.7679,4.8686,4.8026,4.5468,4.4833
0,579,32,20,0.75,3.2845,2.9615,3.1220,0.0000,0.0000,0.0000,0.0000,0.0000,0.0000
0,580,32,20,1,2.0879,2.8176,2.6084,0.0000,3.7983,0.0000,3.6606,0.0000,0.0000
0,581,32,20,1.5,3.0798,2.7455,2.9484,0.0000,0.0000,0.0000,0.0000,0.0000,0.0000
0,582,32,40,0.75,5.1446,4.6776,4.6567,5.0849,4.4651,4.4387,4.3753,0.0000,3.9527
0,583,32,40,1,4.8714,4.4681,5.9814,4.5699,4.5921,5.1046,4.5944,5.6700,5.7276
0,584,32,40,1.5,6.6613,6.0674,6.9405,6.2832,6.3023,6.0976,5.9382,5.8296,6.0479
0,585,32,80,0.75,9.8401,9.0031,10.3150,8.7510,7.0864,8.0645,6.3298,8.2452,6.8675
0,586,32,80,1,11.6935,10.6230,12.3722,10.4372,9.6970,8.7009,9.0092,10.0897,9.4170
0,587,32,80,1.5,9.7714,8.4794,10.6330,8.3920,9.1131,7.5699,7.6122,9.0847,9.7161
0,588,32,160,0.75,17.9226,16.3586,19.8839,16.1065,14.7216,14.0415,13.3672,17.5178,15.4240
0,589,32,160,1,21.7304,20.5446,23.2295,19.3969,18.8569,18.9120,17.8752,19.1198,18.8883
0,590,32,160,1.5,22.9960,20.5293,24.3421,20.6347,20.9040,17.9247,17.9074,21.2497,20.1818
0,591,32,320,0.75,37.7026,35.2818,41.1467,31.5156,29.0300,30.3334,27.6291,34.2570,29.7570
0,592,32,320,1,42.4667,39.4817,44.9448,35.6004,37.6089,33.5671,35.0225,37.7679,37.4056
0,593,32,320,1.5,43.5054,40.4073,47.7206,38.0843,38.3890,35.4450,35.0494,40.4596,39.4935
0,594,33,10,0.75,1.8609,2.6318,3.1738,0.0000,0.0000,0.0000,4.4897,0.0000,3.5991
0,595,33,10,1,1.6960,1.6480,2.1574,0.0000,0.0000,0.0000,0.0000,0.0000,0.0000
0,596,33,10,1.5,2.4699,3.8788,3.3587,0.0000,0.0000,0.0000,0.0000,4.3000,0.0000
0,597,33,20,0.75,4.6102,4.1261,3.9587,0.0000,4.9229,0.0000,0.0000,0.0000,0.0000
0,598,33,20,1,2.7024,2.7459,3.1854,3.9097,3.5783,0.0000,0.0000,0.0000,0.0000
0,599,33,20,1.5,3.3658,3.3838,3.6027,4.4481,0.0000,4.5244,4.0875,0.0000,4.0349
0,600,33,40,0.75,5.6521,6.6230,6.5473,5.1212,5.3540,5.4709,4.8935,5.1972,5.0119
0,601,33,40,1,7.2852,7.6371,8.1489,6.3469,5.6434,0.0000,4.9302,5.8252,5.6829
0,602,33,40,1.5,7.6105,8.9937,9.3538,5.8968,5.0320,5.6320,5.1689,5.8551,5.1585
0,603,33,80,0.75,13.3993,14.7125,15.0081,10.2552,8.6839,9.1733,6.8014,9.4828,8.0217
0,604,33,80,1,13.9132,15.9229,16.1045,11.4990,11.0092,10.0874,8.2581,9.7779,9.2273
0,605,33,80,1.5,14.9098,16.8461,17.8744,12.8723,10.9625,11.1424,8.7351,12.1521,11.2701
0,606,33,160,0.75,25.4828,28.8396,29.0939,20.6017,16.7450,16.6847,13.1504,18.5303,16.6281
0,607,33,160,1,28.0784,32.5700,32.8872,24.1199,22.4776,20.8314,15.7668,22.0465,20.4170
0,608,33,160,1.5,30.5289,32.6329,35.2472,26.1222,23.7043,20.4685,17.6890,23.2239,23.3652
0,609,33,320,0.75,52.4660,58.5795,60.4254,43.1900,36.2000,35.4698,25.4827,37.4041,33.2299
0,610,33,320,1,56.0166,62.2880,64.2943,47.2520,43.6123,39.8759,32.1449,41.1932,40.0406
0,611,33,320,1.5,59.6500,65.9332,68.0233,50.1919,45.7044,41.3629,35.4331,44.7887,43.2006
0,612,34,10,0.75,2.3641,1.6350,2.7304,4.2183,3.9178,4.1707,0.0000,0.0000,0.0000
0,613,34,10,1,2.5109,2.2727,2.9153,4.4469,0.0000,0.0000,3.4620,3.8125,0.0000
0,614,34,10,1.5,3.2262,1.5225,2.2064,0.0000,0.0000,4.2753,4.1985,0.0000,4.1303
0,615,34,20,0.75,3.5578,3.2475,5.7209,0.0000,0.0000,0.0000,0.0000,4.4290,5.2225
0,616,34,20,1,4.0990,4.4085,5.9139,0.0000,0.0000,0.0000,0.0000,4.7351,5.5766
0,617,34,20,1.5,3.1238,2.4606,3.6584,5.1817,4.8140,0.0000,4.5942,4.8823,5.0690
0,618,34,40,0.75,7.7352,6.9595,9.4480,6.9735,6.4941,6.5690,6.1948,8.1396,7.6919
0,619,34,40,1,5.7204,5.2788,7.7815,5.2331,5.2739,5.1000,4.9141,6.7371,6.6919
0,620,34,40,1.5,7.2602,7.7149,10.6381,6.4844,7.1010,7.0270,7.7387,8.4208,9.2561
0,621,34,80,0.75,13.4187,13.7835,18.0447,11.7286,11.2714,12.0187,11.3432,15.7647,14.5657
0,622,34,80,1,13.5125,14.8262,21.1951,11.6276,12.2341,12.7136,13.4412,16.7010,18.9270
0,623,34,80,1.5,14.2538,14.3025,21.9588,11.5628,12.3248,12.5936,13.1336,16.6549,19.0676
0,624,34,160,0.75,22.6973,26.7140,36.9004,20.0387,18.7403,24.9959,22.6883,29.9025,30.2601
0,625,34,160,1,25.6987,28.1182,39.1234,21.8844,23.7339,25.4084,26.8884,31.6851,36.0092
0,626,34,160,1.5,28.5249,29.7971,43.9172,25.2882,24.8917,27.4018,27.0534,35.0999,38.4598
0,627,34,320,0.75,46.7412,50.3236,72.4243,41.6547,39.0915,47.1181,43.2477,59.2994,59.4960
0,628,34,320,1,52.3652,55.2786,81.7855,45.5246,48.0656,51.1294,52.4059,65.7005,73.8377
0,629,34,320,1.5,55.2267,58.0283,86.3478,48.1062,48.4893,53.5937,53.4230,68.8620,75.8175
0,630,35,10,0.75,1.8749,2.2329,2.7392,4.0914,4.0736,4.2103,3.7311,0.0000,4.1954
0,631,35,10,1,1.8467,2.1801,1.9817,0.0000,3.8215,0.0000,0.0000,0.0000,4.3645
0,632,35,10,1.5,0.9338,2.1450,2.0098,4.3782,4.0569,4.3360,4.3177,0.0000,4.2389
0,633,35,20,0.75,0.5282,2.1115,1.6661,4.7145,4.5771,0.0000,0.0000,0.0000,0.0000
0,634,35,20,1,3.2360,2.7397,2.4715,4.0016,4.1175,0.0000,0.0000,0.0000,0.0000
0,635,35,20,1.5,4.7270,6.5919,5.7618,4.9255,4.8895,6.0602,5.8366,5.4023,4.9998
0,636,35,40,0.75,7.0841,8.4443,8.3849,6.5835,6.2052,7.6280,6.6842,6.7965,6.1856
0,637,35,40,1,8.3171,10.5387,9.8044,7.8952,7.5812,10.1802,9.7624,8.8954,8.6793
0,638,35,40,1.5,5.9208,7.8370,8.0542,5.3894,5.4230,6.8180,6.5861,6.5515,6.5475
0,639,35,80,0.75,13.1093,17.0585,15.1963,12.8910,11.6088,15.4258,14.1496,14.4551,12.4487
0,640,35,80,1,12.7977,17.1821,16.7296,12.3075,11.9157,15.5936,15.0782,14.4831,14.6578
0,641,35,80,1.5,13.0238,18.2706,17.6102,11.8686,11.4896,16.3785,15.6274,15.2052,14.6229
0,642,35,160,0.75,22.7116,32.5248,30.2175,21.9409,18.7819,28.8933,25.4792,26.5588,23.5055
0,643,35,160,1,25.3656,35.0655,33.1614,24.3621,23.2733,31.2011,30.1933,29.5598,27.7726
0,644,35,160,1.5,26.9039,36.4980,35.0209,25.9874,24.7781,32.8781,31.6739,30.6986,29.3903
0,645,35,320,0.75,44.7918,62.4008,58.9710,43.1068,37.0121,57.4433,48.7472,52.8400,43.6281
0,646,35,320,1,51.1344,70.4654,67.9353,49.0825,46.2720,64.2122,60.8611,61.0280,56.6304
0,647,35,320,1.5,53.9459,74.7379,71.4855,51.2791,47.5224,66.7570,62.6292,62.3282,57.2604
1,0,0,10,0.75,1.0149,-0.1781,-0.1061,0.0000,3.7761,0.0000,3.8932,4.2895,0.0000
1,1,0,10,1,0.5443,0.5250,0.8367,0.0000,0.0000,3.3521,3.3674,3.7968,3.7056
1,2,0,10,1.5,-0.5909,-1.1452,-0.9650,0.0000,0.0000,0.0000,0.0000,0.0000,0.0000
1,3,0,20,0.75,3.1438,4.6179,3.8150,0.0000,0.0000,0.0000,0.0000,0.0000,0.0000
1,4,0,20,1,-0.5574,-0.0016,-1.3189,4.6389,4.4929,4.4212,4.4127,0.0000,4.4541
1,5,0,20,1.5,1.8345,0.8126,1.4219,4.1742,3.9269,0.0000,0.0000,4.5459,0.0000
1,6,0,40,0.75,0.5593,2.2503,0.1108,0.0000,4.1085,0.0000,0.0000,4.3688,4.1405
1,7,0,40,1,1.8716,2.0623,3.1275,4.3966,0.0000,4.3811,0.0000,0.0000,4.6650
1,8,0,40,1.5,1.5344,2.5747,2.0444,4.7834,0.0000,4.3822,0.0000,0.0000,0.0000
1,9,0,80,0.75,2.7880,3.4828,4.3446,4.3963,0.0000,4.0814,4.1363,0.0000,0.0000
1,10,0,80,1,2.7244,2.8471,3.6885,0.0000,0.0000,0.0000,4.1047,0.0000,0.0000
1,11,0,80,1.5,4.9045,5.0955,5.6964,0.0000,0.0000,5.5107,5.2886,5.3060,4.8020
1,12,0,160,0.75,7.1494,8.6242,8.7406,6.8459,5.7348,8.5037,7.3518,8.5716,7.2268
1,13,0,160,1,7.1455,8.7319,9.4187,6.7583,6.8762,8.6750,8.2055,9.1063,8.1809
1,14,0,160,1.5,7.3442,9.3211,10.5608,6.9933,7.4185,9.8326,9.5946,10.6817,9.7380
1,15,0,320,0.75,14.9003,15.8721,18.4496,13.3291,12.0122,15.2896,13.8830,17.5593,15.0216
1,16,0,320,1,17.3590,17.5676,20.0165,16.2979,15.2307,16.6936,16.5647,18.5249,17.9979
1,17,0,320,1.5,19.7860,21.1353,23.1600,17.2450,16.3819,20.1021,19.1881,21.4591,18.6878
1,18,1,10,0.75,0.1242,-0.2854,0.0804,0.0000,0.0000,0.0000,0.0000,4.1424,0.0000
1,19,1,10,1,1.6451,1.0864,0.8525,4.0829,4.1495,4.2601,3.1704,4.1972,4.0341
1,20,1,10,1.5,-0.4452,-0.1762,-0.1186,0.0000,0.0000,0.0000,0.0000,0.0000,0.0000
1,21,1,20,0.75,2.9221,3.7955,4.2696,0.0000,0.0000,0.0000,0.0000,0.0000,0.0000
1,22,1,20,1,2.8312,2.6115,2.8857,4.8099,4.7299,4.7435,4.8291,4.9477,4.8419
1,23,1,20,1.5,2.7711,2.0151,2.4532,4.2581,4.3313,4.7306,4.2790,0.0000,4.1469
1,24,1,40,0.75,4.4575,5.0215,4.6743,0.0000,0.0000,0.0000,0.0000,0.0000,4.5500
1,25,1,40,1,4.3443,4.2803,4.1062,0.0000,0.0000,0.0000,0.0000,0.0000,0.0000
1,26,1,40,1.5,4.3786,4.8880,5.3735,0.0000,0.0000,4.8897,5.0341,0.0000,4.1797
1,27,1,80,0.75,8.5036,8.7674,10.4572,7.0098,6.4781,8.0374,7.5471,7.0013,6.8027
1,28,1,80,1,8.2953,9.3742,9.8640,6.2501,6.7502,8.0620,8.3748,6.5559,6.7073
1,29,1,80,1.5,8.1365,8.5968,9.7747,6.7082,6.2139,7.8713,7.5813,7.6522,7.2519
1,30,1,160,0.75,14.7446,16.9759,19.4709,11.8325,10.8499,14.2153,12.7579,13.2686,12.1874
1,31,1,160,1,16.9818,18.2191,20.4417,12.2700,12.2918,14.7194,14.4979,13.6799,13.6067
1,32,1,160,1.5,16.6570,17.6771,20.1741,11.9068,11.2803,14.7031,13.9331,14.1021,13.9167
1,33,1,320,0.75,28.9250,31.9982,37.2424,22.2027,19.0940,26.8382,23.5537,24.8638,22.4470
1,34,1,320,1,32.4129,34.9029,39.4101,25.2947,24.9044,30.5306,29.6025,28.0124,27.7364
1,35,1,320,1.5,35.8829,36.6350,42.5830,25.5971,25.2969,30.7802,30.6484,28.8993,28.4639
1,36,2,10,0.75,-0.0209,0.6644,1.0349,3.9719,0.0000,0.0000,0.0000,0.0000,0.0000
1,37,2,10,1,1.9103,2.8898,2.1976,4.3457,3.9892,0.0000,4.5022,4.5898,0.0000
1,38,2,10,1.5,0.0424,0.6903,1.0954,0.0000,0.0000,4.3287,0.0000,0.0000,4.2929
1,39,2,20,0.75,1.8740,3.1427,4.0764,0.0000,0.0000,4.8174,0.0000,0.0000,0.0000
1,40,2,20,1,2.9281,2.4899,4.1764,0.0000,4.4390,0.0000,0.0000,0.0000,0.0000
1,41,2,20,1.5,3.0896,3.6836,5.9343,0.0000,4.1345,0.0000,0.0000,4.4934,4.1528
1,42,2,40,0.75,4.6872,4.7031,5.6576,0.0000,0.0000,4.7663,4.2874,4.9870,4.9234
1,43,2,40,1,6.0091,7.1191,7.4340,5.7130,5.0963,6.8108,6.3317,5.7616,5.7233
1,44,2,40,1.5,6.0084,7.3104,7.7658,4.6515,4.6939,6.6703,6.4802,6.1703,6.7885
1,45,2,80,0.75,7.8798,10.8399,13.1497,6.8598,5.4798,9.2428,8.0557,10.2232,8.3843
1,46,2,80,1,9.3807,11.4354,12.1694,8.3508,7.5345,11.1020,10.3613,10.1334,9.4812
1,47,2,80,1.5,9.2357,12.7366,15.7876,6.8933,6.8450,11.0517,10.3602,11.9084,10.7518
1,48,2,160,0.75,15.1238,19.1626,24.2043,12.0511,9.9688,16.5517,14.5280,18.5885,15.5626
1,49,2,160,1,18.4749,22.7417,29.7483,15.2812,14.5049,20.3356,19.3250,22.9818,21.7724
1,50,2,160,1.5,20.7075,23.4162,30.2099,16.2908,15.7374,20.4429,19.5390,22.7307,22.0937
1,51,2,320,0.75,29.7945,39.3162,50.3824,24.5803,21.6512,35.1927,30.6363,38.8093,34.0438
1,52,2,320,1,37.2131,45.3255,58.1562,30.2834,28.9106,38.9234,38.7366,44.6958,42.3611
1,53,2,320,1.5,40.0077,48.2243,61.6075,30.1232,28.6973,42.2092,39.9295,46.8461,44.2721
1,54,3,10,0.75,0.0028,-0.0116,0.1139,0.0000,0.0000,0.0000,0.0000,0.0000,0.0000
1,55,3,10,1,2.2130,2.3661,2.3496,0.0000,0.0000,0.0000,0.0000,0.0000,4.5082
1,56,3,10,1.5,0.9345,1.4915,1.6751,0.0000,0.0000,0.0000,4.2086,0.0000,0.0000
1,57,3,20,0.75,1.3209,1.5726,1.3944,4.2267,0.0000,3.5988,0.0000,4.5409,0.0000
1,58,3,20,1,2.1779,2.8589,2.7753,4.4997,4.5508,4.5309,4.4427,0.0000,0.0000
1,59,3,20,1.5,2.2960,3.1281,1.4977,4.0821,0.0000,4.3003,4.2398,4.0873,0.0000
1,60,3,40,0.75,2.0387,2.3512,2.4482,4.2947,0.0000,4.1163,0.0000,0.0000,0.0000
1,61,3,40,1,2.1761,3.7716,4.1875,4.5324,0.0000,4.3080,4.1901,0.0000,0.0000
1,62,3,40,1.5,2.3373,4.2726,3.6983,0.0000,0.0000,0.0000,0.0000,0.0000,0.0000
1,63,3,80,0.75,3.0810,5.0582,4.9399,0.0000,0.0000,0.0000,3.4482,0.0000,4.7667
1,64,3,80,1,4.1031,6.1868,5.5150,0.0000,0.0000,0.0000,5.2709,0.0000,0.0000
1,65,3,80,1.5,4.0665,5.8380,5.8133,0.0000,0.0000,5.6417,5.7699,4.9570,5.6025
1,66,3,160,0.75,5.9138,11.6618,10.4821,5.7614,0.0000,9.1421,7.8382,8.0327,6.9218
1,67,3,160,1,7.5096,13.2256,12.4778,6.2679,6.0169,10.1486,10.0765,8.2369,7.5591
1,68,3,160,1.5,8.8406,14.7246,14.4518,7.5137,6.8991,10.9967,11.2351,9.9098,9.1163
1,69,3,320,0.75,10.9092,22.3337,21.5754,9.8469,8.1539,16.3158,13.8067,13.9110,12.7048
1,70,3,320,1,15.5574,26.5807,25.3941,13.6542,12.5743,21.1121,20.5038,18.2059,18.5582
1,71,3,320,1.5,14.9697,27.3391,25.7043,12.8654,12.5207,20.7003,20.7472,17.1919,18.1261
1,72,4,10,0.75,0.6920,0.7594,1.5430,0.0000,4.3838,0.0000,0.0000,0.0000,4.2434
1,73,4,10,1,2.6690,2.6037,1.5946,0.0000,0.0000,0.0000,0.0000,0.0000,3.9265
1,74,4,10,1.5,1.6250,1.8613,3.2821,0.0000,0.0000,4.8897,5.0760,4.4460,0.0000
1,75,4,20,0.75,1.5827,2.7816,2.5142,0.0000,0.0000,0.0000,0.0000,0.0000,0.0000
1,76,4,20,1,2.0597,1.8111,2.5594,0.0000,0.0000,4.7359,0.0000,0.0000,0.0000
1,77,4,20,1.5,1.6703,2.5667,2.9518,0.0000,0.0000,0.0000,0.0000,4.4475,4.0794
1,78,4,40,0.75,3.1734,2.3723,4.9419,4.8782,4.5391,4.5741,5.1318,4.8405,5.1750
1,79,4,40,1,3.8417,4.3562,7.7794,0.0000,0.0000,0.0000,0.0000,5.1916,4.9386
1,80,4,40,1.5,4.4578,3.5222,6.2175,4.7327,4.8528,0.0000,4.3707,4.5232,4.2155
1,81,4,80,0.75,6.2448,6.5165,11.9972,4.6036,0.0000,5.3691,4.3334,8.2682,6.7058
1,82,4,80,1,7.0309,7.3150,10.6934,5.4956,6.0332,5.7108,6.0729,7.2293,7.3548
1,83,4,80,1.5,8.8348,8.1578,12.9957,7.1631,6.2513,6.0663,5.5269,9.4959,9.4206
1,84,4,160,0.75,13.0093,13.1871,20.4874,9.7369,8.9597,9.5082,7.8432,14.4616,12.9175
1,85,4,160,1,15.5727,16.0746,23.8165,11.7424,11.9315,11.7807,11.7011,17.5256,17.7456
1,86,4,160,1.5,14.3843,13.7603,22.3108,10.5433,10.0339,11.0399,10.8721,15.5826,16.1359
1,87,4,320,0.75,24.5009,26.6537,41.4606,18.5710,15.5197,20.1528,17.1002,29.2464,25.8836
1,88,4,320,1,25.3818,26.6676,44.9906,18.6992,18.1864,21.2331,19.6250,32.1107,32.0615
1,89,4,320,1.5,29.9706,30.2434,48.5045,22.6669,21.3898,23.2988,22.0242,33.2259,32.5051
1,90,5,10,0.75,0.4990,0.9848,0.8916,0.0000,4.4551,0.0000,0.0000,0.0000,0.0000
1,91,5,10,1,1.5360,1.4858,1.9925,0.0000,0.0000,0.0000,0.0000,4.3103,3.4236
1,92,5,10,1.5,1.0877,1.4072,-0.2956,0.0000,0.0000,0.0000,4.2870,0.0000,0.0000
1,93,5,20,0.75,2.6737,3.2700,3.2697,0.0000,0.0000,0.0000,0.0000,4.2176,0.0000
1,94,5,20,1,1.4566,5.3811,3.3745,4.2638,4.2872,4.1596,0.0000,3.7122,0.0000
1,95,5,20,1.5,0.8748,3.7159,3.1927,0.0000,0.0000,0.0000,0.0000,4.2082,0.0000
1,96,5,40,0.75,2.0332,3.4545,4.1845,0.0000,0.0000,0.0000,0.0000,4.2915,0.0000
1,97,5,40,1,3.4402,4.8633,5.7637,4.5566,4.4319,0.0000,0.0000,5.3907,4.9274
1,98,5,40,1.5,2.7857,6.0906,7.5929,4.5288,4.7306,4.8711,4.4207,5.0967,4.9245
1,99,5,80,0.75,7.6005,9.7969,10.0771,6.5345,4.9174,8.1051,6.5511,6.6429,6.2435
1,100,5,80,1,7.4827,11.4055,11.2538,6.2740,6.6907,9.0184,8.7129,8.4919,9.2541
1,101,5,80,1.5,7.8299,13.7269,14.3193,6.4435,6.2891,10.8379,9.3365,10.5085,9.4069
1,102,5,160,0.75,12.5333,22.9367,22.2727,9.8761,9.1825,17.9814,14.3513,15.7478,14.2074
1,103,5,160,1,13.8668,24.4948,25.3968,10.2146,9.5160,19.3341,15.6175,17.1966,16.5008
1,104,5,160,1.5,16.0833,26.3598,27.1556,12.6628,11.0131,20.0987,16.6920,18.0462,17.8841
1,105,5,320,0.75,28.3983,44.6010,44.7195,23.4283,19.4622,34.7764,25.5129,32.8471,27.5705
1,106,5,320,1,30.3065,48.8773,48.9181,22.7649,21.4693,36.6857,31.7971,32.9771,33.5862
1,107,5,320,1.5,33.6443,55.2643,55.2428,25.2736,24.7714,42.2327,35.3699,37.0677,36.4603
1,108,6,10,0.75,2.5334,2.1533,1.9184,4.5729,0.0000,4.5667,3.7090,4.0030,3.5607
1,109,6,10,1,2.1794,1.9213,2.8201,0.0000,0.0000,0.0000,0.0000,0.0000,0.0000
1,110,6,10,1.5,3.3623,1.5937,2.2610,5.3328,5.1676,0.0000,4.7398,0.0000,4.5854
1,111,6,20,0.75,0.9840,1.1204,1.0719,0.0000,0.0000,0.0000,0.0000,0.0000,0.0000
1,112,6,20,1,1.6000,2.5745,2.8550,0.0000,0.0000,0.0000,0.0000,0.0000,0.0000
1,113,6,20,1.5,2.0601,1.3475,2.5146,4.9979,0.0000,0.0000,0.0000,4.4057,0.0000
1,114,6,40,0.75,3.5575,3.2004,4.3742,0.0000,0.0000,4.9051,4.4791,0.0000,0.0000
1,115,6,40,1,2.7685,3.5364,5.0105,4.2318,0.0000,5.0313,4.6049,5.1591,5.4776
1,116,6,40,1.5,4.6814,4.5536,6.0732,4.6785,4.9800,4.3025,4.7612,6.0052,5.9768
1,117,6,80,0.75,4.3062,4.6409,6.8958,4.2269,4.2546,4.4540,4.5014,6.7823,6.0438
1,118,6,80,1,5.4762,6.3017,9.2184,5.3648,5.4370,6.3806,6.0451,9.3608,9.0897
1,119,6,80,1.5,6.7525,6.2526,10.7669,6.7729,7.1589,6.3633,6.7018,10.7343,11.1241
1,120,6,160,0.75,12.9571,14.6360,19.7846,12.8858,11.2015,14.3247,12.3872,19.4620,16.7276
1,121,6,160,1,11.0044,11.4324,18.5967,10.7512,10.3475,11.4763,11.3538,18.3920,18.3048
1,122,6,160,1.5,13.4298,14.6872,21.4983,13.3562,12.5738,14.6638,14.3370,21.5497,20.4165
1,123,6,320,0.75,22.0572,23.9226,34.3350,21.4674,19.0725,23.4186,20.5033,33.7282,30.1898
1,124,6,320,1,25.4838,27.7628,39.0965,25.2744,24.5697,27.4870,26.8957,38.8665,38.0758
1,125,6,320,1.5,26.8168,26.4406,42.0475,26.8013,26.6158,26.6103,26.6743,42.0081,40.6950
1,126,7,10,0.75,-1.4122,-0.0254,0.0414,4.7844,4.3272,4.8606,4.7281,0.0000,0.0000
1,127,7,10,1,0.6872,-1.1486,1.0833,4.2625,0.0000,0.0000,0.0000,0.0000,0.0000
1,128,7,10,1.5,2.0826,1.4348,1.6277,0.0000,0.0000,3.9411,4.2162,4.2129,0.0000
1,129,7,20,0.75,0.5800,1.3189,-0.2098,0.0000,0.0000,0.0000,0.0000,0.0000,0.0000
1,130,7,20,1,1.0039,2.0371,3.4437,0.0000,0.0000,4.0908,0.0000,0.0000,0.0000
1,131,7,20,1.5,3.1823,2.4409,4.0904,0.0000,0.0000,0.0000,0.0000,0.0000,0.0000
1,132,7,40,0.75,3.6263,3.2646,3.2861,0.0000,3.7392,4.2895,0.0000,4.3498,4.1267
1,133,7,40,1,1.1405,1.4049,3.2758,0.0000,4.3452,0.0000,0.0000,0.0000,0.0000
1,134,7,40,1.5,2.5536,2.2922,3.3693,4.2307,0.0000,3.9598,0.0000,0.0000,0.0000
1,135,7,80,0.75,2.1661,5.0451,5.9544,4.4840,4.2295,4.9042,0.0000,0.0000,4.7190
1,136,7,80,1,3.8881,4.7038,6.5991,4.8421,4.2807,4.7084,4.5078,4.7982,4.4323
1,137,7,80,1.5,3.2459,4.3261,8.1614,4.5337,4.2501,5.2394,4.9691,5.1818,5.0387
1,138,7,160,0.75,7.7875,9.2001,12.7749,6.8535,5.9357,7.6821,6.9807,8.7280,7.8770
1,139,7,160,1,6.8813,9.6852,13.5780,5.4872,5.8072,8.7294,8.1994,8.7492,8.7607
1,140,7,160,1.5,8.7015,11.1479,15.1808,7.6359,6.7788,9.2484,8.6997,10.9176,8.6759
1,141,7,320,0.75,14.0285,18.7099,24.4977,13.1988,11.8704,17.0503,15.9102,17.5645,15.9166
1,142,7,320,1,16.3230,21.8995,29.4055,13.3984,13.3929,19.5444,18.1301,19.1893,19.0161
1,143,7,320,1.5,17.8711,21.4832,31.3349,14.8107,14.1014,18.7699,18.6308,21.7335,21.2005
1,144,8,10,0.75,-1.0761,-1.0577,-0.2175,0.0000,3.7837,0.0000,0.0000,0.0000,0.0000
1,145,8,10,1,0.0268,-1.0501,2.5133,0.0000,0.0000,0.0000,4.2582,4.1682,4.1208
1,146,8,10,1.5,1.3592,1.9321,1.9254,0.0000,0.0000,0.0000,0.0000,0.0000,0.0000
1,147,8,20,0.75,0.4431,-0.3175,2.9671,0.0000,4.0335,0.0000,0.0000,0.0000,0.0000
1,148,8,20,1,1.3768,1.2820,2.0797,0.0000,0.0000,0.0000,0.0000,0.0000,0.0000
1,149,8,20,1.5,0.4540,1.0265,2.6496,4.1524,0.0000,0.0000,3.7784,5.0727,5.0573
1,150,8,40,0.75,4.1062,4.2193,5.1397,0.0000,0.0000,0.0000,3.7682,4.3414,4.6284
1,151,8,40,1,2.7520,1.6449,3.9444,0.0000,0.0000,0.0000,0.0000,0.0000,0.0000
1,152,8,40,1.5,3.3097,2.2736,6.1303,4.0207,0.0000,0.0000,0.0000,5.5004,4.0155
1,153,8,80,0.75,5.8077,4.0824,7.8175,5.2058,5.0280,4.5541,0.0000,6.8205,6.8682
1,154,8,80,1,4.2888,1.4051,7.2615,0.0000,0.0000,0.0000,0.0000,5.5776,4.8369
1,155,8,80,1.5,8.1718,6.4868,12.0226,6.7020,6.5714,6.0786,5.4861,9.5555,10.1539
1,156,8,160,0.75,7.9942,7.9630,14.7054,7.1839,6.0044,6.4194,5.4473,11.8060,11.8761
1,157,8,160,1,12.2577,8.8981,21.3425,10.3857,10.1056,7.9568,8.2049,17.3254,17.8690
1,158,8,160,1.5,11.2851,8.8424,20.5138,10.0989,9.2526,7.7424,6.7393,15.8561,15.5687
1,159,8,320,0.75,21.4901,17.6359,34.2226,18.9475,15.5803,14.5810,12.9298,28.2275,26.6423
1,160,8,320,1,22.7038,17.3813,38.0737,18.7489,17.7979,14.9050,13.6441,30.3869,31.1354
1,161,8,320,1.5,24.0161,19.0672,43.2526,21.2596,17.4776,14.9268,13.6184,33.5343,34.3616
1,162,9,10,0.75,-0.2849,0.1809,1.0050,0.0000,0.0000,0.0000,0.0000,0.0000,4.0000
1,163,9,10,1,-0.4796,-1.1701,0.4258,0.0000,0.0000,0.0000,0.0000,0.0000,0.0000
1,164,9,10,1.5,0.3247,1.2650,2.4895,0.0000,0.0000,0.0000,0.0000,0.0000,0.0000
1,165,9,20,0.75,0.5050,0.7452,0.3200,0.0000,0.0000,0.0000,0.0000,4.3537,0.0000
1,166,9,20,1,1.0361,1.3336,2.3355,0.0000,0.0000,0.0000,4.5785,4.3875,0.0000
1,167,9,20,1.5,2.4306,1.6634,2.5553,0.0000,4.2982,4.0316,4.1805,0.0000,4.2960
1,168,9,40,0.75,1.3889,1.8639,3.7071,4.2799,3.5291,0.0000,3.8009,4.4141,4.0948
1,169,9,40,1,1.1452,1.8869,0.8896,4.2559,0.0000,3.9436,0.0000,0.0000,4.0029
1,170,9,40,1.5,0.3211,1.9640,4.3251,0.0000,0.0000,4.0559,4.2438,0.0000,0.0000
1,171,9,80,0.75,2.8653,3.2146,6.1766,3.9117,0.0000,0.0000,0.0000,5.6447,4.6641
1,172,9,80,1,4.0799,2.9786,6.1013,0.0000,0.0000,0.0000,0.0000,5.8758,4.8578
1,173,9,80,1.5,3.6853,3.4710,7.3981,0.0000,0.0000,4.3601,4.2705,6.6277,6.0020
1,174,9,160,0.75,4.6979,5.0750,10.8481,0.0000,4.3192,5.0689,4.6492,9.5820,7.2882
1,175,9,160,1,6.9489,8.9363,14.9356,6.5394,6.2265,8.9655,8.5955,13.5092,11.5741
1,176,9,160,1.5,8.3054,8.2616,15.7355,7.6994,6.5956,8.2809,7.2496,14.5716,11.9762
1,177,9,320,0.75,12.0097,13.3438,25.1438,11.2358,9.8972,12.8579,11.4938,23.1641,18.0196
1,178,9,320,1,13.9666,14.2197,26.0048,12.9412,12.1463,13.9874,13.7714,24.1312,21.3231
1,179,9,320,1.5,13.4602,13.1367,26.1703,12.4888,12.7256,12.4883,13.1386,23.6341,21.7511
1,180,10,10,0.75,-1.7343,-0.0191,0.6228,3.9016,3.9618,0.0000,4.1376,0.0000,0.0000
1,181,10,10,1,0.6690,0.8246,0.3926,0.0000,0.0000,4.6457,0.0000,0.0000,0.0000
1,182,10,10,1.5,0.4554,0.3715,0.3467,4.1933,0.0000,4.0898,4.0615,4.0150,4.0836
1,183,10,20,0.75,-2.0867,-1.4066,-0.6202,4.2428,4.0709,0.0000,3.1288,0.0000,0.0000
1,184,10,20,1,0.4812,-1.0972,-0.3500,0.0000,4.1723,0.0000,0.0000,4.1925,0.0000
1,185,10,20,1.5,-0.5157,0.4795,0.3083,0.0000,4.9567,4.5238,4.6789,4.2896,4.1497
1,186,10,40,0.75,-0.4242,1.3656,1.3217,0.0000,0.0000,4.0115,3.2480,4.1337,0.0000
1,187,10,40,1,1.1168,1.6655,0.8519,4.5865,0.0000,0.0000,3.9676,0.0000,0.0000
1,188,10,40,1.5,2.1318,2.6905,2.6160,0.0000,0.0000,0.0000,0.0000,4.2868,5.2983
1,189,10,80,0.75,0.6908,2.3902,1.9885,4.5383,0.0000,4.8390,4.9662,4.4670,4.6440
1,190,10,80,1,0.5840,0.4824,0.4554,0.0000,0.0000,0.0000,0.0000,0.0000,0.0000
1,191,10,80,1.5,1.5216,0.4875,0.9486,0.0000,5.3411,0.0000,4.0217,4.2316,4.7539
1,192,10,160,0.75,0.5052,0.7848,1.7910,0.0000,3.9031,0.0000,0.0000,0.0000,0.0000
1,193,10,160,1,0.5692,2.4196,2.8934,3.8162,0.0000,0.0000,0.0000,0.0000,0.0000
1,194,10,160,1.5,3.7932,1.5892,3.3541,0.0000,4.3582,0.0000,0.0000,0.0000,0.0000
1,195,10,320,0.75,2.9952,3.4840,4.3224,4.1020,4.0180,4.3615,4.3825,4.5059,4.3349
1,196,10,320,1,3.7071,2.1168,4.9769,4.2925,4.3211,4.7027,4.6418,4.7364,4.5878
1,197,10,320,1.5,4.8986,5.5830,5.2659,0.0000,0.0000,4.5667,0.0000,0.0000,0.0000
1,198,11,10,0.75,1.2466,1.0740,1.8378,4.2424,4.2302,0.0000,0.0000,0.0000,0.0000
1,199,11,10,1,2.0361,3.2040,2.7545,4.3868,4.6606,4.0341,4.2105,0.0000,0.0000
1,200,11,10,1.5,0.6595,0.2187,2.1225,3.2173,0.0000,0.0000,3.4746,4.4613,3.4114
1,201,11,20,0.75,1.8315,1.8871,3.9520,0.0000,0.0000,0.0000,0.0000,0.0000,0.0000
1,202,11,20,1,2.4724,4.5600,5.0240,5.1557,6.0656,0.0000,4.7576,4.4471,0.0000
1,203,11,20,1.5,2.4613,3.5364,5.5675,0.0000,4.1470,0.0000,3.9796,4.5888,0.0000
1,204,11,40,0.75,6.6555,7.0909,8.6389,5.0716,4.7651,5.9938,5.0378,5.6619,0.0000
1,205,11,40,1,4.5076,6.7963,7.5052,4.7630,0.0000,5.7862,5.7148,4.8622,0.0000
1,206,11,40,1.5,6.4562,9.5138,9.6140,4.8647,4.8377,7.7233,7.9502,7.5842,7.2754
1,207,11,80,0.75,9.1138,13.4909,15.0924,6.7069,5.3517,9.4534,8.4635,10.3160,8.8432
1,208,11,80,1,10.2537,13.8818,16.7048,6.2882,5.4698,10.4431,10.4407,10.0947,9.8058
1,209,11,80,1.5,13.0062,15.1846,17.4283,8.6497,7.6691,11.3245,11.0253,11.3646,10.4164
1,210,11,160,0.75,17.5638,24.3860,27.3761,12.7164,11.3759,18.2899,16.1188,19.1780,16.3400
1,211,11,160,1,20.7467,27.3410,32.0124,15.0667,13.5739,20.7596,20.7688,21.6773,20.3558
1,212,11,160,1.5,22.8907,29.3608,33.9867,15.0420,13.1770,22.0830,21.7537,21.9611,20.9796
1,213,11,320,0.75,36.6304,50.5092,56.2357,26.0982,21.8274,37.6559,33.1868,38.1533,33.6947
1,214,11,320,1,41.7260,56.2992,64.6370,30.0134,27.9524,42.1074,41.8345,43.2893,42.6888
1,215,11,320,1.5,45.1989,60.4671,68.9421,32.1647,28.8821,44.8608,44.3012,47.3863,45.4288
1,216,12,10,0.75,1.5842,1.1430,1.3699,0.0000,0.0000,0.0000,4.0326,0.0000,4.1554
1,217,12,10,1,0.6948,1.3090,0.3917,0.0000,0.0000,3.8313,0.0000,0.0000,0.0000
1,218,12,10,1.5,3.2332,2.0832,2.8337,0.0000,0.0000,0.0000,3.8468,4.8415,4.8284
1,219,12,20,0.75,2.9511,2.3005,2.9907,0.0000,0.0000,3.6997,3.8061,0.0000,4.2531
1,220,12,20,1,1.8677,1.8146,2.2062,0.0000,0.0000,0.0000,0.0000,0.0000,0.0000
1,221,12,20,1.5,2.0822,2.3209,2.2413,0.0000,0.0000,0.0000,0.0000,0.0000,0.0000
1,222,12,40,0.75,3.0930,3.6774,3.7137,4.2820,0.0000,0.0000,4.3279,3.9243,0.0000
1,223,12,40,1,3.1778,3.5409,3.9232,0.0000,0.0000,0.0000,0.0000,4.3009,0.0000
1,224,12,40,1.5,3.8830,3.3009,4.4048,3.6701,0.0000,3.5256,0.0000,0.0000,3.9689
1,225,12,80,0.75,6.3697,6.4851,7.6028,6.2062,5.6249,5.7757,5.0500,7.0759,6.4881
1,226,12,80,1,8.9541,8.1655,10.4955,8.5887,8.2021,7.6998,7.0943,10.2188,9.1665
1,227,12,80,1.5,8.4985,8.0774,9.9267,7.8864,7.7691,7.0831,6.8176,9.0301,8.9859
1,228,12,160,0.75,15.5587,15.4151,17.7967,14.9975,12.8045,14.1935,12.2908,16.6155,14.2875
1,229,12,160,1,14.2258,13.4690,16.2855,13.2820,12.7771,11.6864,11.5698,14.9459,14.0350
1,230,12,160,1.5,16.9170,16.1258,19.5009,16.0595,15.5157,14.5571,13.3888,18.4386,17.3008
1,231,12,320,0.75,27.7838,26.5320,33.7101,26.4647,22.6041,24.0750,20.6082,31.5948,27.3626
1,232,12,320,1,29.3636,26.7532,34.3383,28.2934,27.2939,24.9009,24.4936,32.6795,31.9071
1,233,12,320,1.5,33.1112,30.7992,37.0939,31.8832,30.7056,28.7808,28.6623,34.9901,34.0698
1,234,13,10,0.75,0.4728,1.5801,2.4310,3.9497,3.9255,0.0000,3.7666,0.0000,4.3574
1,235,13,10,1,2.4954,2.1169,1.6736,0.0000,0.0000,4.5417,4.4792,4.1432,4.3781
1,236,13,10,1.5,2.1005,2.1199,1.7139,4.4559,4.4580,4.3032,0.0000,0.0000,0.0000
1,237,13,20,0.75,2.7926,1.5441,5.1271,0.0000,0.0000,0.0000,0.0000,5.4352,0.0000
1,238,13,20,1,4.0263,3.0337,5.6240,3.9771,3.9972,0.0000,0.0000,5.3340,4.6374
1,239,13,20,1.5,3.4707,2.7669,3.9008,4.8402,4.9726,4.6082,4.7561,4.2313,4.2511
1,240,13,40,0.75,5.7417,4.6922,8.1407,5.2657,4.1079,2.8159,0.0000,7.9389,5.9480
1,241,13,40,1,5.7411,5.0017,8.8200,5.3837,5.0787,5.3147,4.8933,8.2765,6.8386
1,242,13,40,1.5,8.1580,6.0296,9.8488,8.0215,7.6685,5.6259,6.1029,9.5915,8.5728
1,243,13,80,0.75,10.5511,9.2237,14.6685,9.7443,8.5153,8.6931,7.7460,13.6221,11.2907
1,244,13,80,1,10.3572,7.9174,15.2160,9.9904,8.7943,7.7586,6.8068,15.0194,11.9859
1,245,13,80,1.5,12.2515,11.7837,16.7763,11.7367,10.0553,11.8095,10.3215,16.0468,13.8907
1,246,13,160,0.75,21.1232,18.2605,29.9702,19.5397,16.5662,17.4404,14.5979,28.6712,22.8066
1,247,13,160,1,22.0621,17.1977,31.7626,21.4624,19.5812,16.1932,14.2636,30.6014,26.0045
1,248,13,160,1.5,26.5217,21.9149,35.7936,24.7459,22.5019,20.4112,18.6156,34.0315,28.2962
1,249,13,320,0.75,43.6010,36.4697,59.7363,40.9366,33.6635,34.4669,27.3342,56.6157,43.4118
1,250,13,320,1,49.0415,41.0179,67.2925,45.7484,41.2492,38.6575,33.8205,64.0460,54.3579
1,251,13,320,1.5,53.8810,42.2595,72.4072,51.2979,45.4789,39.9163,34.8788,69.3591,57.8355
1,252,14,10,0.75,1.3928,2.5112,1.5309,0.0000,0.0000,0.0000,0.0000,4.1005,4.6390
1,253,14,10,1,1.3773,3.0696,2.8551,0.0000,0.0000,0.0000,3.9120,0.0000,0.0000
1,254,14,10,1.5,1.6269,1.4464,1.1928,0.0000,0.0000,0.0000,0.0000,0.0000,0.0000
1,255,14,20,0.75,2.9549,5.1274,5.2712,0.0000,0.0000,4.6289,0.0000,5.4293,4.9568
1,256,14,20,1,3.3764,6.0701,5.0926,0.0000,0.0000,5.4087,4.5328,0.0000,0.0000
1,257,14,20,1.5,4.3832,6.1047,6.2415,0.0000,0.0000,5.1791,0.0000,5.3848,0.0000
1,258,14,40,0.75,3.7470,7.2459,8.1071,0.0000,3.6766,5.6025,5.2277,7.2138,6.2334
1,259,14,40,1,8.7076,10.5026,11.3391,7.0302,7.0071,8.3586,8.6594,10.1306,9.9311
1,260,14,40,1.5,7.9076,11.1412,10.5754,6.5373,7.1247,9.3164,9.2006,8.7917,9.1086
1,261,14,80,0.75,10.3174,15.9830,17.1226,8.2099,7.4548,12.9021,11.8073,13.7916,13.8965
1,262,14,80,1,12.3867,17.8082,18.4950,10.0557,10.1134,14.3191,14.3633,15.3971,16.1819
1,263,14,80,1.5,15.3317,21.9786,23.9034,12.2367,10.3371,17.6049,16.5010,19.9197,20.1046
1,264,14,160,0.75,22.0026,34.2812,35.9123,17.3591,15.1933,27.6775,23.6467,29.6902,27.7997
1,265,14,160,1,25.9741,39.4835,41.7646,20.9576,19.3479,32.2737,30.3074,33.7379,35.0644
1,266,14,160,1.5,26.4395,40.4244,43.2828,20.5671,20.3206,31.7013,30.5948,34.5895,36.6387
1,267,14,320,0.75,45.9799,69.3536,73.8679,37.0049,32.1348,57.3475,48.7861,60.7833,57.3578
1,268,14,320,1,50.7180,77.6117,82.3057,41.3018,39.3930,63.9794,61.3925,65.8694,69.1225
1,269,14,320,1.5,57.0532,82.3850,88.4796,45.9173,44.2458,67.0417,64.8382,71.5917,74.6569
1,270,15,10,0.75,1.2322,0.0040,0.7062,0.0000,0.0000,0.0000,0.0000,4.5261,3.2162
1,271,15,10,1,2.4746,2.8636,3.3833,0.0000,0.0000,0.0000,0.0000,0.0000,4.4523
1,272,15,10,1.5,0.9996,3.2201,2.4723,0.0000,0.0000,0.0000,0.0000,0.0000,0.0000
1,273,15,20,0.75,4.7782,5.1045,4.3254,4.7097,4.3799,4.9801,0.0000,0.0000,0.0000
1,274,15,20,1,3.8422,4.1547,4.6791,4.3125,4.4814,4.4433,0.0000,4.6900,4.5863
1,275,15,20,1.5,4.8658,4.9510,6.4290,4.9799,4.8826,0.0000,4.5969,6.1296,5.1328
1,276,15,40,0.75,5.3643,7.3181,7.1015,5.0712,4.6800,7.1506,6.2047,6.6518,5.6917
1,277,15,40,1,7.8783,8.2961,8.9964,8.1346,7.7543,8.0494,7.7953,8.6901,8.4716
1,278,15,40,1.5,7.3191,8.8915,8.7551,7.1896,7.0475,8.2830,8.2570,7.7888,7.7522
1,279,15,80,0.75,11.0999,14.7214,14.8398,10.9618,9.8695,14.1417,12.3887,13.8093,11.8527
1,280,15,80,1,12.8210,16.2098,17.2873,12.6983,12.6083,15.4567,15.4545,16.6458,16.3328
1,281,15,80,1.5,13.4335,18.1657,18.0158,13.7145,12.7058,18.3286,17.6220,17.6815,16.5319
1,282,15,160,0.75,21.0642,28.8178,28.3977,20.8323,18.2186,28.3038,24.4679,27.5685,24.0664
1,283,15,160,1,22.6877,30.7177,32.2441,22.6753,22.3219,30.0207,29.6374,31.3094,30.8443
1,284,15,160,1.5,23.3801,32.2931,32.2983,23.3007,22.6309,31.7242,30.8745,30.9782,30.3040
1,285,15,320,0.75,42.6969,57.2171,58.9435,41.9840,36.3355,55.4993,48.1415,56.4990,49.0334
1,286,15,320,1,47.5427,62.6383,63.1283,46.8469,45.3453,60.5742,59.5908,60.0603,58.7045
1,287,15,320,1.5,50.8791,67.7102,67.5236,50.6366,49.2064,66.0687,64.1206,64.7119,62.8098
1,288,16,10,0.75,-0.1906,-0.0331,-0.1263,0.0000,0.0000,0.0000,3.2485,0.0000,3.9954
1,289,16,10,1,2.7487,3.6642,2.6223,0.0000,4.4771,0.0000,0.0000,0.0000,3.9363
1,290,16,10,1.5,1.8286,2.9855,2.5220,0.0000,0.0000,0.0000,0.0000,0.0000,0.0000
1,291,16,20,0.75,1.6311,2.2478,4.8762,0.0000,0.0000,0.0000,4.0260,3.9836,4.1102
1,292,16,20,1,2.0196,2.1121,1.4602,0.0000,0.0000,4.3159,4.1022,4.1443,0.0000
1,293,16,20,1.5,3.3075,4.0198,4.2525,0.0000,0.0000,0.0000,0.0000,0.0000,0.0000
1,294,16,40,0.75,3.5037,4.9200,6.1996,0.0000,0.0000,0.0000,0.0000,4.9563,4.3039
1,295,16,40,1,3.6728,5.9389,5.8656,0.0000,0.0000,4.8605,5.0468,4.9218,4.5157
1,296,16,40,1.5,3.7931,7.0609,6.4966,0.0000,0.0000,5.2914,5.9773,0.0000,5.7830
1,297,16,80,0.75,7.7587,12.1424,11.5089,7.2695,7.2277,10.2213,9.7522,9.9315,9.7698
1,298,16,80,1,8.1102,13.0743,12.8086,7.1372,7.3949,10.6876,10.9977,10.1384,11.0540
1,299,16,80,1.5,9.1072,12.6212,14.2856,8.4794,7.8373,10.8290,11.1066,12.3335,11.5619
1,300,16,160,0.75,12.2115,18.3797,19.5753,10.9669,9.6415,14.4831,13.3878,16.8157,14.2946
1,301,16,160,1,16.3053,24.9883,26.5748,14.5019,15.4177,21.3155,22.0316,22.1794,22.9571
1,302,16,160,1.5,17.4332,25.7432,27.0351,14.5593,15.3664,20.9531,21.7973,22.6669,22.0761
1,303,16,320,0.75,27.8894,42.6363,44.7572,24.6607,22.1818,34.3725,31.7072,38.9126,32.6114
1,304,16,320,1,32.2081,49.3387,51.3264,28.1551,28.9961,40.1901,41.6407,43.1499,42.3266
1,305,16,320,1.5,35.8871,52.2039,53.4107,31.5275,31.4220,41.3564,42.9527,44.7456,43.5783
1,306,17,10,0.75,1.6309,1.8489,1.5671,0.0000,0.0000,0.0000,4.0537,0.0000,0.0000
1,307,17,10,1,2.1419,1.5583,2.0917,0.0000,0.0000,4.7841,0.0000,0.0000,0.0000
1,308,17,10,1.5,1.7265,3.5236,3.7149,0.0000,4.4305,0.0000,0.0000,0.0000,0.0000
1,309,17,20,0.75,2.3990,3.6392,4.3906,0.0000,4.7034,4.8731,5.1376,4.8145,4.4286
1,310,17,20,1,3.9059,4.2770,5.1913,4.3184,0.0000,0.0000,0.0000,4.6654,0.0000
1,311,17,20,1.5,3.4835,5.9551,6.5372,4.3071,3.5134,5.9576,4.9862,6.6850,6.3893
1,312,17,40,0.75,5.0001,6.9859,6.5997,0.0000,4.8652,6.6019,5.7099,5.7087,4.7096
1,313,17,40,1,8.5361,9.9307,11.3452,7.7098,7.3295,9.2943,8.7351,10.2690,9.0285
1,314,17,40,1.5,8.0671,10.5130,11.6386,7.3523,7.1552,9.7831,9.7816,10.1574,8.9446
1,315,17,80,0.75,11.1591,15.8503,15.6261,10.7206,9.5149,15.0118,13.1407,13.8434,11.6048
1,316,17,80,1,12.6268,18.5090,19.4172,12.5393,12.1183,17.8821,17.0548,17.9930,16.4922
1,317,17,80,1.5,13.0890,16.6620,17.5176,11.9276,11.2729,16.1681,15.6852,16.1208,13.7452
1,318,17,160,0.75,21.9896,31.2774,32.8871,20.2370,17.2478,30.1434,25.8576,29.4864,23.6190
1,319,17,160,1,26.3421,34.7695,36.2391,24.7664,22.7238,33.7445,31.9217,33.3240,29.9418
1,320,17,160,1.5,30.2553,37.4538,39.8504,27.6517,25.7055,35.7416,34.6272,35.9031,32.4807
1,321,17,320,0.75,46.2435,63.2713,66.0552,43.3829,36.9626,61.9884,52.8610,59.6380,48.8066
1,322,17,320,1,52.6134,71.2639,74.7898,49.2527,46.4856,68.6748,66.8224,68.3053,62.2770
1,323,17,320,1.5,57.2672,74.2657,78.2888,53.0126,50.1514,71.3893,69.4290,71.6198,65.4859
1,324,18,10,0.75,-1.2450,0.0703,0.1207,0.0000,0.0000,0.0000,0.0000,0.0000,0.0000
1,325,18,10,1,1.2456,1.1152,0.9504,0.0000,0.0000,0.0000,0.0000,0.0000,0.0000
1,326,18,10,1.5,1.1336,-0.3268,1.8505,0.0000,4.6521,0.0000,0.0000,3.8081,3.8385
1,327,18,20,0.75,1.1447,-0.2158,2.1893,4.8590,4.8313,0.0000,0.0000,4.6629,0.0000
1,328,18,20,1,-0.0925,-0.0720,0.8724,0.0000,0.0000,0.0000,0.0000,4.2576,0.0000
1,329,18,20,1.5,1.0938,0.8261,-0.1810,4.0019,0.0000,0.0000,0.0000,4.0836,0.0000
1,330,18,40,0.75,2.5598,0.8767,3.1328,0.0000,0.0000,0.0000,3.8435,0.0000,0.0000
1,331,18,40,1,4.7271,1.6812,2.8757,5.0185,5.1473,4.0776,4.3083,4.6282,0.0000
1,332,18,40,1.5,4.0077,2.4141,4.1639,0.0000,0.0000,3.9232,0.0000,4.3841,4.2854
1,333,18,80,0.75,5.0191,4.1183,5.1981,4.9125,4.7341,4.7340,4.4441,4.9519,4.7042
1,334,18,80,1,7.2361,2.8179,5.8161,6.5852,6.7963,4.2314,0.0000,6.1268,6.0044
1,335,18,80,1.5,7.7403,5.5198,7.3190,6.7768,6.2045,5.2070,0.0000,6.3892,5.9437
1,336,18,160,0.75,9.6150,5.4222,9.5656,9.2706,7.7905,5.6542,4.9261,9.0328,7.9027
1,337,18,160,1,14.0195,6.4458,11.4813,12.8829,13.0289,6.3313,6.3558,9.9883,11.1082
1,338,18,160,1.5,16.0593,8.5825,13.7913,14.4277,13.7035,8.2150,8.1654,12.3393,12.4810
1,339,18,320,0.75,25.3144,13.7669,22.8733,23.6940,20.1294,13.6007,11.7905,21.0158,17.7497
1,340,18,320,1,27.4031,14.0998,22.7167,25.1223,24.5321,13.5384,12.7320,20.6289,20.9593
1,341,18,320,1.5,30.9132,16.4647,26.5433,27.4114,26.0250,15.5539,14.8699,23.4162,22.5732
1,342,19,10,0.75,1.6079,0.8354,2.5453,4.5446,4.5556,0.0000,4.6138,0.0000,3.9588
1,343,19,10,1,0.5947,2.3784,0.4310,0.0000,0.0000,0.0000,0.0000,4.6721,4.4542
1,344,19,10,1.5,1.6504,-0.0142,2.1133,4.7692,0.0000,0.0000,0.0000,4.9679,0.0000
1,345,19,20,0.75,2.9599,4.1891,6.2028,4.8384,0.0000,0.0000,0.0000,4.9376,0.0000
1,346,19,20,1,3.3890,4.6039,5.9577,0.0000,0.0000,4.9727,4.4039,4.8527,6.2997
1,347,19,20,1.5,5.5597,4.3564,7.7220,4.3832,4.5889,4.2499,4.3123,6.1920,7.0404
1,348,19,40,0.75,5.9367,6.3814,10.4694,4.7551,4.7425,5.7782,4.7196,8.1124,7.8054
1,349,19,40,1,6.1151,5.9004,11.2344,6.0418,6.1568,6.0257,5.5284,8.9940,9.4676
1,350,19,40,1.5,7.6651,7.6044,12.8171,7.2886,5.9207,7.4786,6.1065,11.2211,10.0152
1,351,19,80,0.75,13.1999,12.5299,20.2280,11.1316,10.0765,11.5557,9.7990,16.5370,15.9910
1,352,19,80,1,14.0140,12.4575,21.8953,10.9330,12.1641,10.8162,11.1782,16.8378,18.6994
1,353,19,80,1.5,15.4960,15.3206,25.7404,12.5098,13.7939,12.7901,13.2543,19.6295,22.0312
1,354,19,160,0.75,26.7360,24.5314,40.9794,21.4722,19.1583,22.0564,18.0705,32.8491,30.7016
1,355,19,160,1,29.0823,29.0987,47.0199,22.1333,24.6658,25.5918,23.5670,36.9910,39.3455
1,356,19,160,1.5,31.3977,30.0813,50.6173,24.3360,26.6085,26.0905,25.0723,39.1351,41.0626
1,357,19,320,0.75,50.9813,50.4015,80.8035,38.9226,39.3270,43.6242,38.1029,64.4004,61.7129
1,358,19,320,1,58.5046,54.9646,92.2394,45.7481,49.2246,48.5414,45.6788,73.7250,76.9201
1,359,19,320,1.5,63.9176,58.1782,100.8475,50.9556,53.3053,52.1923,49.1005,78.6657,82.7283
1,360,20,10,0.75,2.9971,2.1397,2.5551,0.0000,0.0000,0.0000,4.2243,3.6657,0.0000
1,361,20,10,1,1.5502,0.1504,0.5248,0.0000,0.0000,0.0000,0.0000,0.0000,0.0000
1,362,20,10,1.5,1.5713,2.4199,3.2529,4.3363,4.4757,4.5324,4.3324,4.1922,0.0000
1,363,20,20,0.75,1.8079,2.0786,2.5394,0.0000,0.0000,3.8796,3.8870,4.3259,0.0000
1,364,20,20,1,2.4535,2.2341,2.0161,0.0000,0.0000,0.0000,0.0000,0.0000,3.2679
1,365,20,20,1.5,2.5558,3.6870,3.9393,0.0000,4.3821,5.2574,4.5462,0.0000,4.2269
1,366,20,40,0.75,5.4090,3.5107,5.7068,5.4891,5.0333,4.0845,0.0000,5.2473,0.0000
1,367,20,40,1,5.7187,6.0878,6.7071,5.9128,5.6904,5.8761,5.1256,5.4754,5.3862
1,368,20,40,1.5,7.3790,7.0763,8.0761,6.4766,6.8366,7.1141,7.5943,7.1490,7.2661
1,369,20,80,0.75,8.5108,9.5448,10.8919,8.2853,6.9245,9.2307,8.1109,9.4060,8.0014
1,370,20,80,1,9.1881,10.0725,11.6941,8.2252,8.3051,9.1132,8.6940,9.8011,8.9780
1,371,20,80,1.5,9.9929,10.6855,12.6993,9.1987,8.8742,9.7458,9.9586,10.0713,10.0597
1,372,20,160,0.75,14.3628,16.4131,22.1027,13.1718,11.3984,15.0657,12.4281,17.2553,13.9914
1,373,20,160,1,17.4235,19.7543,22.0482,15.9102,15.6160,18.6978,18.0868,18.4551,17.6418
1,374,20,160,1.5,17.6372,20.4577,23.3885,15.7082,14.4301,18.6262,16.3738,19.3824,16.8764
1,375,20,320,0.75,29.2781,34.6326,41.4111,27.5578,24.2292,32.1896,27.0577,34.1118,29.0638
1,376,20,320,1,34.1501,40.6850,45.8325,31.2782,30.5440,37.9245,35.6464,38.3558,36.9350
1,377,20,320,1.5,35.3751,40.5666,47.7250,32.6064,30.9747,37.5447,34.3560,39.6357,36.6747
1,378,21,10,0.75,1.8837,3.3638,2.5914,4.1287,4.2514,0.0000,0.0000,0.0000,0.0000
1,379,21,10,1,-0.1766,0.1713,-0.1341,4.4562,0.0000,4.4060,3.8484,0.0000,3.7529
1,380,21,10,1.5,3.6129,3.1944,3.1969,5.3947,5.0492,4.5149,4.1995,0.0000,0.0000
1,381,21,20,0.75,3.0781,3.6611,3.6824,4.2426,0.0000,4.1780,4.5855,4.8306,4.9356
1,382,21,20,1,0.5870,2.0951,1.4938,0.0000,0.0000,0.0000,0.0000,4.7101,4.4294
1,383,21,20,1.5,1.2412,1.2842,1.5922,4.4960,0.0000,3.7810,4.1708,0.0000,0.0000
1,384,21,40,0.75,4.4788,5.6383,6.8369,3.9147,0.0000,4.9894,4.8400,5.8403,5.6713
1,385,21,40,1,4.5272,4.6915,5.6308,5.0275,4.7758,4.6524,5.0492,4.9265,5.6247
1,386,21,40,1.5,4.4382,4.4857,5.5952,4.5098,4.3767,4.5180,0.0000,5.8091,5.5238
1,387,21,80,0.75,8.2899,8.1135,9.8484,7.0664,6.0842,7.4717,6.1356,8.6631,8.1890
1,388,21,80,1,10.1160,8.5017,10.0545,8.4450,7.1175,7.7379,7.0377,8.8741,8.1635
1,389,21,80,1.5,9.7456,7.9191,10.8898,8.1618,7.9737,6.7819,6.9617,8.6561,9.6492
1,390,21,160,0.75,18.5797,15.9928,20.2747,17.1004,13.5750,14.8784,12.5864,17.3544,16.2774
1,391,21,160,1,17.5737,17.0476,20.9299,14.6573,13.3319,14.5614,14.0413,17.5827,18.2005
1,392,21,160,1.5,19.5697,18.7323,21.9389,16.2830,15.7615,16.9185,16.8871,19.7945,20.4872
1,393,21,320,0.75,35.6388,33.6007,40.3135,29.8520,24.8933,29.3870,24.7282,35.3160,31.2802
1,394,21,320,1,35.0167,34.3014,42.0740,28.8316,26.8618,29.6090,28.6716,36.0055,36.4952
1,395,21,320,1.5,41.5942,38.5215,46.5625,35.0232,31.0935,33.8634,31.4571,39.8200,40.0198
1,396,22,10,0.75,2.4669,3.6630,2.9028,0.0000,3.6864,0.0000,0.0000,4.1017,3.8354
1,397,22,10,1,0.9793,1.7487,2.7657,4.6162,4.2605,3.6571,3.9552,4.0559,4.0744
1,398,22,10,1.5,0.3662,2.1331,3.3705,4.3563,0.0000,3.9802,4.2936,4.3361,0.0000
1,399,22,20,0.75,2.3358,4.7699,4.8920,0.0000,3.7576,0.0000,0.0000,0.0000,0.0000
1,400,22,20,1,2.1482,4.2856,4.0410,4.3920,4.3755,0.0000,0.0000,4.4059,0.0000
1,401,22,20,1.5,4.7087,6.2539,6.5122,4.5864,0.0000,4.7847,5.3807,0.0000,0.0000
1,402,22,40,0.75,5.1110,8.4701,8.3966,4.3297,4.0766,6.7704,5.9824,5.0079,4.5989
1,403,22,40,1,6.1509,6.3619,8.6120,5.0568,5.4216,5.9450,5.9483,6.1395,4.5957
1,404,22,40,1.5,6.5701,8.6677,9.8232,6.5332,7.3339,8.8120,9.8571,6.7244,7.8606
1,405,22,80,0.75,10.6571,16.3060,17.3466,9.1302,8.6980,13.4125,12.6920,8.6892,8.9958
1,406,22,80,1,13.1201,17.9988,19.1936,8.7453,9.2927,13.3824,14.5402,9.0498,9.6569
1,407,22,80,1.5,11.4689,17.3557,19.5146,8.1142,9.9829,13.1654,15.9910,8.0853,9.6362
1,408,22,160,0.75,21.3837,32.8251,35.2335,15.0231,15.3700,24.7068,24.5533,15.1298,16.4841
1,409,22,160,1,24.2683,34.8812,38.8468,16.7056,18.8988,25.6655,28.4810,17.0441,19.1675
1,410,22,160,1.5,27.2883,38.1725,41.8576,19.1636,21.3131,28.5225,31.5851,19.8436,21.8681
1,411,22,320,0.75,44.6766,66.1760,71.2563,32.1208,32.1103,49.8710,49.0966,32.8103,33.4100
1,412,22,320,1,49.4012,71.1444,79.0438,35.5866,39.9534,53.9245,60.1795,36.3941,40.1430
1,413,22,320,1.5,54.7327,75.6161,83.3938,38.7699,42.9289,57.8849,63.8594,39.6432,43.6919
1,414,23,10,0.75,0.5750,0.5401,0.9475,0.0000,0.0000,0.0000,0.0000,0.0000,0.0000
1,415,23,10,1,2.1361,2.4074,2.7937,0.0000,0.0000,4.5030,4.2539,4.5452,4.2273
1,416,23,10,1.5,1.2675,2.0900,2.1448,0.0000,0.0000,0.0000,0.0000,0.0000,0.0000
1,417,23,20,0.75,3.1397,3.8036,4.5131,0.0000,4.1745,0.0000,0.0000,0.0000,0.0000
1,418,23,20,1,1.9669,2.5679,3.2170,0.0000,0.0000,0.0000,0.0000,0.0000,0.0000
1,419,23,20,1.5,1.7342,1.6769,2.3791,0.0000,0.0000,0.0000,0.0000,0.0000,0.0000
1,420,23,40,0.75,5.8192,4.9546,7.7120,5.4757,4.9679,4.5093,0.0000,6.3989,5.5249
1,421,23,40,1,5.8396,6.3448,7.6171,5.8140,5.4566,6.6040,6.3572,7.2124,7.0606
1,422,23,40,1.5,6.0899,6.9303,8.0102,5.6004,5.2911,6.4308,5.9480,7.1098,7.1470
1,423,23,80,0.75,9.9795,10.2909,12.7043,9.7850,8.8432,10.4808,9.3315,11.9071,10.5626
1,424,23,80,1,9.7123,12.7543,13.3413,8.8556,8.5175,11.3927,10.8587,12.1702,11.6576
1,425,23,80,1.5,9.4228,12.0419,15.5881,8.5239,7.9805,10.8611,10.3699,13.3304,12.9556
1,426,23,160,0.75,22.7239,25.2452,30.4170,21.3337,18.7093,23.8707,20.5204,27.6786,23.9744
1,427,23,160,1,21.9464,23.9791,30.2800,20.1664,19.8810,22.6842,21.7284,27.3058,26.6465
1,428,23,160,1.5,23.0696,24.6839,30.4064,21.0915,20.3481,22.7597,21.8424,26.8913,25.9524
1,429,23,320,0.75,39.7631,46.3656,55.9214,37.1562,32.9381,43.7020,37.5648,50.7077,43.9584
1,430,23,320,1,43.4464,51.5590,61.5627,40.3106,39.7553,47.9875,46.3951,55.0426,53.2563
1,431,23,320,1.5,48.9496,55.8431,67.0963,45.2653,43.1258,52.2336,49.1509,60.5548,57.7593
1,432,24,10,0.75,3.0019,3.2179,2.8603,0.0000,0.0000,0.0000,0.0000,0.0000,0.0000
1,433,24,10,1,1.4405,1.6633,2.1819,0.0000,4.1793,4.1340,4.0207,0.0000,4.2985
1,434,24,10,1.5,2.1835,2.8118,2.2936,4.1645,0.0000,4.2040,4.0899,0.0000,0.0000
1,435,24,20,0.75,3.0532,4.1082,4.5734,0.0000,0.0000,4.3205,4.2835,4.0616,0.0000
1,436,24,20,1,5.4019,5.5684,4.7307,0.0000,4.6635,4.1001,4.0539,4.2016,4.2463
1,437,24,20,1.5,5.0557,6.0372,6.3281,4.7993,4.4506,5.5271,5.0455,4.8419,4.9290
1,438,24,40,0.75,6.6212,7.4616,8.2087,5.2508,4.5452,5.5905,0.0000,4.9269,4.8492
1,439,24,40,1,6.1662,7.8199,7.9094,4.7768,4.7565,5.0996,5.4759,4.4359,4.7336
1,440,24,40,1.5,7.1485,8.7195,9.5930,4.8756,4.9270,6.5364,6.1210,5.0046,5.5647
1,441,24,80,0.75,13.6693,16.3961,16.5705,9.8102,8.9849,12.4175,9.9964,9.9812,9.6374
1,442,24,80,1,13.8263,16.8557,18.4294,10.2340,10.5170,11.8719,9.9651,9.2795,9.9750
1,443,24,80,1.5,17.7204,20.2197,21.6351,13.0176,13.8643,13.3408,13.0352,13.7712,14.2547
1,444,24,160,0.75,25.3986,30.5672,32.9880,19.1578,18.1012,21.4574,19.0360,20.5002,19.7199
1,445,24,160,1,30.3741,35.8643,37.8717,22.7252,23.0894,26.7412,24.4082,23.4553,24.9964
1,446,24,160,1.5,32.7922,37.8505,40.6600,23.6777,24.8218,26.5144,25.5901,24.4281,26.3790
1,447,24,320,0.75,54.1398,64.7660,68.7941,38.3702,36.1957,47.3837,37.0217,41.4945,39.0241
1,448,24,320,1,58.0620,68.9992,72.5176,41.1046,42.3504,49.7174,45.5429,43.4335,46.7680
1,449,24,320,1.5,62.8475,74.6819,79.7234,43.4392,46.6389,52.8708,47.3933,45.8945,49.1189
1,450,25,10,0.75,1.9220,2.4734,2.1106,3.9063,0.0000,3.9323,3.9306,0.0000,3.8226
1,451,25,10,1,0.2175,1.3798,1.2377,4.4694,4.3534,4.2914,3.9740,0.0000,3.8689
1,452,25,10,1.5,0.3965,-0.2139,0.3655,3.6430,0.0000,3.3252,0.0000,3.4573,0.0000
1,453,25,20,0.75,-0.0477,1.0867,0.5238,0.0000,3.0702,3.8355,0.0000,4.5808,4.7821
1,454,25,20,1,1.9654,2.4017,2.8050,0.0000,4.1722,0.0000,0.0000,0.0000,0.0000
1,455,25,20,1.5,2.5160,2.4854,1.9557,4.6516,4.1809,0.0000,0.0000,4.4917,4.5969
1,456,25,40,0.75,3.5036,3.6978,3.8338,0.0000,0.0000,0.0000,0.0000,0.0000,0.0000
1,457,25,40,1,2.3278,2.5620,2.9334,4.7146,4.2698,0.0000,4.6626,4.3702,4.3483
1,458,25,40,1.5,3.9804,3.2198,4.5092,4.3275,4.3692,3.3007,0.0000,0.0000,4.4617
1,459,25,80,0.75,9.5799,9.8365,10.6001,8.4929,8.2863,8.8807,8.0486,8.6361,8.6602
1,460,25,80,1,5.6725,6.4647,8.3240,0.0000,5.5799,5.9298,5.9290,7.1344,7.9575
1,461,25,80,1.5,10.8086,10.0423,12.2064,9.3296,10.0787,8.5766,8.3623,10.1121,10.6237
1,462,25,160,0.75,15.8816,16.0824,18.4591,13.7203,13.0217,14.5347,11.7277,15.4393,14.4765
1,463,25,160,1,17.1566,17.5896,19.3369,15.4891,16.0376,16.5012,15.5990,17.1025,17.5244
1,464,25,160,1.5,19.9093,19.4866,22.0934,17.5626,18.3843,17.1709,17.8423,18.2781,19.9918
1,465,25,320,0.75,33.0973,32.3199,36.3591,28.6511,26.5207,29.1149,24.7072,29.7327,28.7166
1,466,25,320,1,36.8909,35.9686,40.2746,32.1337,33.5617,32.8129,30.8084,34.2048,35.2921
1,467,25,320,1.5,37.2500,35.1830,41.1869,32.1657,33.4228,31.5500,30.5903,33.6265,35.3735
1,468,26,10,0.75,2.9705,3.3271,2.5667,0.0000,0.0000,5.0578,0.0000,0.0000,0.0000
1,469,26,10,1,2.4603,2.8766,1.7995,4.8661,4.7431,4.2867,4.0807,0.0000,4.4367
1,470,26,10,1.5,1.1630,1.7718,1.5409,4.2548,4.5508,0.0000,0.0000,4.6470,4.1697
1,471,26,20,0.75,0.8893,1.5926,2.7759,0.0000,0.0000,0.0000,4.4580,0.0000,0.0000
1,472,26,20,1,2.8397,2.9172,3.2424,0.0000,3.2975,0.0000,0.0000,4.4216,4.4538
1,473,26,20,1.5,0.8718,2.5631,2.0865,0.0000,0.0000,0.0000,0.0000,0.0000,3.9224
1,474,26,40,0.75,4.3198,4.3070,5.0537,0.0000,0.0000,0.0000,4.1705,4.9565,0.0000
1,475,26,40,1,5.8579,6.3956,5.8803,5.6951,5.2101,5.3389,5.6409,5.5952,5.1208
1,476,26,40,1.5,4.9104,5.7722,7.3994,3.7941,0.0000,0.0000,0.0000,6.9517,6.3637
1,477,26,80,0.75,9.0772,10.2381,10.0277,6.9414,5.9192,7.6281,6.2899,9.1156,7.4591
1,478,26,80,1,11.3144,11.3545,12.4266,9.2861,7.7914,8.9418,9.0733,10.8759,10.3876
1,479,26,80,1.5,11.9263,15.1211,15.1323,10.0897,9.0580,11.3933,10.3557,13.7990,12.1976
1,480,26,160,0.75,21.4044,23.7037,25.4543,15.9536,12.9224,16.6958,14.8185,22.5308,19.1493
1,481,26,160,1,20.9745,25.8944,26.8452,17.3888,15.0196,20.1286,17.8221,24.4504,22.5050
1,482,26,160,1.5,25.1377,27.9704,29.4058,20.6315,17.9706,21.0626,19.3843,26.7142,25.0487
1,483,26,320,0.75,41.2136,47.6675,49.3956,31.2069,25.0412,35.0342,31.2884,41.8345,35.0934
1,484,26,320,1,45.8889,52.9698,53.2476,37.1165,33.5798,39.8488,37.0157,47.3405,44.6430
1,485,26,320,1.5,48.8648,55.8949,59.4414,40.8848,36.2967,43.3094,38.5495,53.5554,49.7855
1,486,27,10,0.75,1.8884,0.9690,0.7175,0.0000,0.0000,0.0000,0.0000,0.0000,0.0000
1,487,27,10,1,0.2831,0.4516,1.4173,0.0000,0.0000,0.0000,0.0000,0.0000,0.0000
1,488,27,10,1.5,1.5617,1.9829,3.1594,0.0000,4.2963,0.0000,0.0000,0.0000,0.0000
1,489,27,20,0.75,5.3170,4.3853,4.2127,5.0307,5.1926,5.0663,5.1725,0.0000,0.0000
1,490,27,20,1,2.1930,3.6780,4.1738,4.2895,4.0395,0.0000,0.0000,0.0000,0.0000
1,491,27,20,1.5,2.4231,2.8802,3.2229,4.2024,0.0000,0.0000,0.0000,0.0000,0.0000
1,492,27,40,0.75,3.4307,5.1763,5.1548,0.0000,0.0000,4.3501,4.2194,4.1387,0.0000
1,493,27,40,1,5.2601,6.2684,6.8479,0.0000,0.0000,3.7763,4.2124,0.0000,4.0066
1,494,27,40,1.5,6.5119,7.7114,7.5111,5.5281,5.2206,6.0232,6.3847,6.2745,6.4944
1,495,27,80,0.75,7.4254,9.9288,10.1568,5.5555,5.7594,7.1085,7.0489,6.0217,6.4771
1,496,27,80,1,7.6046,10.2303,11.8379,6.1892,5.6786,7.8201,8.0538,7.1098,7.1907
1,497,27,80,1.5,10.4601,12.5371,14.3427,8.0619,7.6119,9.4267,9.2827,8.0621,8.0178
1,498,27,160,0.75,18.2950,22.6341,24.7002,13.3407,11.5642,15.0141,13.6616,13.8344,12.0779
1,499,27,160,1,20.9517,25.5421,28.7215,15.0919,14.2197,17.6035,17.6219,16.7768,15.5734
1,500,27,160,1.5,19.4557,25.2275,27.2603,14.8525,13.5851,17.6665,17.0264,14.6481,14.3598
1,501,27,320,0.75,36.6520,46.5916,50.2600,26.9424,23.2022,33.3704,29.5299,28.0385,25.4874
1,502,27,320,1,39.8183,49.9860,54.9158,28.8792,27.8673,34.6304,34.9812,28.4981,29.4820
1,503,27,320,1.5,41.3400,51.9724,56.8853,30.8359,29.7386,35.9072,35.5212,30.9890,31.0610
1,504,28,10,0.75,1.1543,1.9069,1.6091,4.2806,0.0000,0.0000,0.0000,0.0000,0.0000
1,505,28,10,1,1.3410,0.6848,0.6907,0.0000,0.0000,0.0000,0.0000,3.9644,0.0000
1,506,28,10,1.5,1.7157,1.5191,2.0444,0.0000,3.9411,0.0000,4.8838,0.0000,0.0000
1,507,28,20,0.75,3.0082,2.5757,2.1793,4.2151,4.5966,3.5800,0.0000,0.0000,0.0000
1,508,28,20,1,3.6480,3.3509,4.4405,4.4645,4.2289,4.0683,0.0000,4.3013,0.0000
1,509,28,20,1.5,4.8275,3.7215,4.1799,4.5248,4.6689,0.0000,0.0000,0.0000,4.4712
1,510,28,40,0.75,5.6101,5.4617,6.6071,5.2499,4.5734,5.2267,4.4834,5.6003,4.9481
1,511,28,40,1,6.6893,5.8933,8.3691,6.8223,6.2471,5.8342,6.0634,7.6493,7.2504
1,512,28,40,1.5,4.7935,3.9996,5.6135,4.4973,0.0000,0.0000,0.0000,4.6515,0.0000
1,513,28,80,0.75,9.9376,8.8908,11.5281,9.7749,7.8850,8.7921,7.0197,10.3625,8.8665
1,514,28,80,1,10.6265,10.3689,12.5879,9.5606,8.9354,10.1121,8.9550,10.9279,10.0362
1,515,28,80,1.5,11.3485,11.1073,12.7606,10.7329,9.8863,10.3457,9.7961,10.8150,10.4838
1,516,28,160,0.75,20.5156,19.4623,24.4550,18.4136,14.5351,17.0320,14.1503,20.0807,16.3137
1,517,28,160,1,22.4089,19.9923,26.9022,20.4989,18.0816,17.8553,17.0829,22.5971,20.9214
1,518,28,160,1.5,23.0752,21.0064,26.9635,20.9898,19.0446,18.9819,17.9002,23.9098,22.1835
1,519,28,320,0.75,41.7120,39.4061,49.6314,38.6821,32.7773,36.7702,30.9274,42.0789,35.7250
1,520,28,320,1,45.6599,41.5651,54.8018,42.2310,39.4962,38.2418,36.0761,47.3983,44.9106
1,521,28,320,1.5,45.0317,41.6495,54.5488,41.3431,37.8214,38.1150,35.2935,47.1270,43.1705
1,522,29,10,0.75,2.6990,1.6588,2.6952,3.9196,0.0000,4.2250,3.9256,4.4246,0.0000
1,523,29,10,1,2.4691,2.9769,4.7763,4.8085,5.0580,5.5584,5.7181,5.2469,5.6182
1,524,29,10,1.5,1.0625,0.7335,2.1871,3.3798,4.0098,3.7008,4.2969,0.0000,0.0000
1,525,29,20,0.75,4.1776,5.8578,6.0544,0.0000,4.3494,5.1590,0.0000,0.0000,0.0000
1,526,29,20,1,3.4282,4.2907,5.7687,0.0000,4.5606,4.5096,4.4274,5.0224,4.8483
1,527,29,20,1.5,3.2106,3.6373,5.4476,0.0000,0.0000,4.7908,0.0000,4.1299,0.0000
1,528,29,40,0.75,7.4159,9.7627,11.2388,5.5684,6.0239,8.2928,8.5426,6.4340,8.7363
1,529,29,40,1,8.8031,10.4315,11.9618,6.8141,6.6138,9.1907,9.5298,6.8156,8.1670
1,530,29,40,1.5,8.3669,11.2730,12.6221,5.9202,5.1446,8.8882,9.2455,7.1540,8.1063
1,531,29,80,0.75,12.9211,18.1865,21.7441,10.1831,10.0006,15.5311,13.9431,10.8298,15.2891
1,532,29,80,1,16.0364,19.7619,23.6160,11.8221,12.7386,16.6156,16.4489,11.5729,17.4372
1,533,29,80,1.5,14.9300,18.9950,24.5925,10.6885,11.2344,15.7378,16.3243,11.8630,17.4973
1,534,29,160,0.75,25.5391,35.1104,42.7998,18.9074,17.8255,29.7653,26.4459,19.9544,27.9513
1,535,29,160,1,28.8647,40.1592,47.0067,21.9207,24.3388,34.3540,34.4641,23.6720,33.9279
1,536,29,160,1.5,30.5463,41.3839,49.8713,21.5144,24.8355,34.9704,35.9952,23.7108,37.5548
1,537,29,320,0.75,54.0422,73.0271,86.3244,38.9001,38.4074,61.6779,55.3810,41.4616,56.4785
1,538,29,320,1,57.6835,78.3175,92.4434,42.4006,47.9478,66.6864,67.9531,43.6600,69.9090
1,539,29,320,1.5,64.4941,83.4309,101.6348,45.0625,49.1659,71.6276,72.2228,50.0543,73.6977
1,540,30,10,0.75,0.6621,0.2988,0.9589,3.6524,4.3038,0.0000,0.0000,0.0000,4.0600
1,541,30,10,1,1.2137,1.4167,2.5427,4.5743,4.7698,4.3978,4.4358,4.1431,4.8441
1,542,30,10,1.5,1.3797,1.3740,0.9839,0.0000,0.0000,0.0000,0.0000,0.0000,4.4295
1,543,30,20,0.75,1.6429,2.8852,3.2822,0.0000,0.0000,4.8291,4.5180,3.7365,4.1057
1,544,30,20,1,2.8790,3.0697,2.6284,0.0000,0.0000,0.0000,4.3031,0.0000,4.1301
1,545,30,20,1.5,1.9515,3.2411,3.5085,3.9753,0.0000,0.0000,4.2143,0.0000,4.3228
1,546,30,40,0.75,3.0162,4.7233,4.1955,4.8663,4.9299,0.0000,0.0000,4.4840,4.7553
1,547,30,40,1,4.5798,4.7821,4.9094,4.9436,4.2891,5.0725,4.8354,4.4552,0.0000
1,548,30,40,1.5,4.8021,5.5489,5.7121,5.2680,5.3216,5.3953,5.0654,5.1180,4.9245
1,549,30,80,0.75,8.7688,10.9409,10.6541,7.7561,6.5298,9.0532,6.3932,8.2044,6.5571
1,550,30,80,1,7.9481,10.3597,10.6035,6.7495,6.2964,8.0756,6.5574,8.8802,7.3700
1,551,30,80,1.5,10.9899,12.2083,13.4490,9.7284,7.7180,10.3459,7.6406,10.7989,8.3572
1,552,30,160,0.75,15.0409,18.3564,19.2186,12.2108,9.3135,14.0542,9.8896,14.9282,10.6088
1,553,30,160,1,19.6845,23.9464,24.7150,16.0613,14.0588,18.5036,14.6014,19.7471,16.3955
1,554,30,160,1.5,19.7954,23.5662,24.8716,17.6686,15.2760,19.7874,15.5033,20.4501,16.4348
1,555,30,320,0.75,33.6488,41.3246,42.6492,29.3589,23.7490,33.9325,23.7892,34.4663,24.6284
1,556,30,320,1,36.4091,46.2563,47.7462,30.8403,26.9715,36.7294,27.8685,37.9662,30.1369
1,557,30,320,1.5,38.9199,47.7481,50.4931,33.2445,28.1474,38.7315,29.3681,41.3482,31.9415
1,558,31,10,0.75,0.8123,1.1817,1.9491,0.0000,0.0000,0.0000,4.4410,0.0000,0.0000
1,559,31,10,1,2.2919,2.5921,2.4770,0.0000,4.3462,4.5594,4.6033,0.0000,0.0000
1,560,31,10,1.5,1.8832,2.1578,3.7757,0.0000,0.0000,0.0000,0.0000,0.0000,0.0000
1,561,31,20,0.75,4.6890,6.7705,8.2256,4.9216,4.7920,5.3622,5.1424,5.4804,6.2577
1,562,31,20,1,4.4628,6.2890,10.1533,0.0000,4.2857,5.3749,5.1081,6.8106,8.3182
1,563,31,20,1.5,4.3155,6.0183,9.5664,0.0000,0.0000,4.6776,4.2602,6.6832,8.4353
1,564,31,40,0.75,6.3893,10.0822,14.2763,5.0829,4.2337,8.5830,7.1769,8.4422,10.2812
1,565,31,40,1,8.8659,11.8138,17.4901,6.5247,5.6303,9.0231,8.5727,11.0183,13.9614
1,566,31,40,1.5,9.3021,12.9083,18.5178,6.6071,7.5062,10.5784,9.7957,12.1103,14.9220
1,567,31,80,0.75,14.4727,21.8038,31.1772,10.8846,9.4288,16.4783,14.6927,19.7020,22.9754
1,568,31,80,1,15.6130,24.2514,36.3786,11.9196,12.5128,18.9703,19.2485,23.7494,30.4591
1,569,31,80,1.5,19.1488,26.8236,38.3153,14.1205,12.9895,20.3972,18.5905,24.3514,30.3812
1,570,31,160,0.75,27.6278,42.2521,59.6357,21.6169,19.7828,33.2951,28.6747,38.2820,44.3276
1,571,31,160,1,32.2860,49.2298,69.8470,22.8336,23.4901,37.8851,36.1442,43.4672,56.2596
1,572,31,160,1.5,34.8586,51.1756,74.1002,24.8256,24.5967,39.5663,37.6197,46.9026,58.8986
1,573,31,320,0.75,59.2548,88.2659,123.8141,42.5735,38.8315,67.8934,58.7445,77.9959,91.4639
1,574,31,320,1,67.0126,96.5949,138.1843,47.8515,48.8196,75.0837,72.8741,88.3268,112.6420
1,575,31,320,1.5,73.1946,104.1679,150.1892,51.7222,51.9396,80.0689,76.6008,93.9410,119.7104
1,576,32,10,0.75,-0.6258,-0.3792,0.5375,5.4312,4.7511,0.0000,5.0083,4.6988,4.8331
1,577,32,10,1,2.3273,1.9171,2.4660,0.0000,0.0000,3.9092,0.0000,0.0000,0.0000
1,578,32,10,1.5,0.5337,1.1821,0.3096,0.0000,0.0000,0.0000,0.0000,3.7526,0.0000
1,579,32,20,0.75,2.8612,2.0425,2.8701,4.3188,4.3852,4.3070,4.3578,0.0000,4.4778
1,580,32,20,1,2.8997,1.9541,2.6533,3.9084,3.9858,0.0000,0.0000,4.6197,3.5826
1,581,32,20,1.5,2.5404,2.4916,3.7724,0.0000,0.0000,0.0000,0.0000,0.0000,0.0000
1,582,32,40,0.75,5.0582,4.5782,4.1937,4.9447,4.8664,4.4607,4.6024,0.0000,0.0000
1,583,32,40,1,6.6629,5.9895,7.2034,6.2789,6.3901,5.9770,5.6284,6.2536,5.5552
1,584,32,40,1.5,4.4785,4.0496,4.7726,4.7104,4.7007,4.9736,4.7712,5.2296,5.1229
1,585,32,80,0.75,8.0388,7.6535,8.7966,7.7988,7.4146,7.3704,7.0999,8.1413,7.1951
1,586,32,80,1,11.9165,9.8015,12.0974,10.9709,11.6531,9.3154,9.6376,10.3836,10.1369
1,587,32,80,1.5,11.3256,10.7520,12.0548,10.0465,10.1456,9.4748,9.7418,10.0606,9.9404
1,588,32,160,0.75,18.7115,17.4372,21.1167,16.1101,15.2590,15.3679,14.5114,17.7902,15.8909
1,589,32,160,1,22.6998,20.6163,25.3843,20.3208,20.5556,18.5742,18.1962,21.1815,21.5637
1,590,32,160,1.5,22.0126,19.9956,23.3550,18.7276,19.4072,17.5350,17.6078,19.2074,19.4374
1,591,32,320,0.75,39.6082,37.9818,43.1658,33.8223,31.1595,33.0599,30.0036,35.6259,31.7399
1,592,32,320,1,41.6444,38.0498,45.2616,36.0636,36.9358,33.3291,33.8176,37.6099,37.4923
1,593,32,320,1.5,44.4834,41.2728,48.5974,39.1334,40.0463,36.5331,37.1364,41.5181,40.9724
1,594,33,10,0.75,1.2466,1.9397,1.1586,0.0000,0.0000,0.0000,0.0000,4.2575,0.0000
1,595,33,10,1,1.1520,2.0707,1.2676,0.0000,3.8873,3.8734,0.0000,3.7127,0.0000
1,596,33,10,1.5,3.5923,3.3865,3.0957,0.0000,0.0000,3.8539,0.0000,0.0000,0.0000
1,597,33,20,0.75,3.6344,4.3198,4.2974,0.0000,0.0000,0.0000,0.0000,4.1696,4.3683
1,598,33,20,1,2.5701,3.6049,4.1376,4.2225,0.0000,0.0000,0.0000,0.0000,0.0000
1,599,33,20,1.5,2.8798,3.9250,4.1077,4.5014,0.0000,4.2302,0.0000,0.0000,0.0000
1,600,33,40,0.75,7.0789,7.2757,6.6701,6.0305,4.9120,0.0000,0.0000,4.5314,0.0000
1,601,33,40,1,7.7916,7.6068,9.0854,7.3834,7.2018,6.0451,5.0107,7.2347,7.0051
1,602,33,40,1.5,7.5775,7.5948,7.8626,5.7800,4.9452,5.1392,5.0144,5.3929,5.1834
1,603,33,80,0.75,12.2572,15.3617,15.3032,9.6898,8.4054,8.9031,6.6389,8.9802,7.7578
1,604,33,80,1,14.3322,15.9030,15.4835,12.6929,11.8408,10.4420,8.7342,9.8981,8.9646
1,605,33,80,1.5,15.1132,16.6196,17.0984,12.9637,11.3944,9.7540,8.1368,11.1681,10.0898
1,606,33,160,0.75,24.7048,28.1419,29.4561,20.8087,18.1373,17.6892,12.7770,19.4913,17.8739
1,607,33,160,1,27.0205,30.9412,30.8661,21.5288,19.6111,18.3605,15.4867,19.1204,18.4144
1,608,33,160,1.5,28.3095,32.7381,33.8325,23.8970,22.0654,21.0463,16.6320,22.3662,21.0330
1,609,33,320,0.75,49.6786,57.1193,59.0639,40.0540,33.5486,34.0281,25.5114,36.7934,32.6148
1,610,33,320,1,55.1794,62.3120,64.5909,45.1296,41.2772,37.9412,31.5532,41.8222,40.1605
1,611,33,320,1.5,60.4083,66.2247,68.3276,49.7563,45.1653,40.1618,34.1001,44.2999,42.0595
1,612,34,10,0.75,0.0653,0.8139,2.5066,0.0000,0.0000,4.0042,0.0000,4.0114,3.8188
1,613,34,10,1,1.0085,1.2314,2.0468,0.0000,0.0000,4.6807,4.5013,4.4178,0.0000
1,614,34,10,1.5,2.2760,1.8045,3.6134,0.0000,4.3321,0.0000,0.0000,5.5688,5.2494
1,615,34,20,0.75,3.2761,2.7295,5.6075,0.0000,0.0000,0.0000,0.0000,4.5470,4.8905
1,616,34,20,1,3.4211,2.5113,4.5204,0.0000,4.1899,0.0000,3.9863,4.0405,4.4790
1,617,34,20,1.5,3.3222,3.8495,4.0554,0.0000,4.2509,0.0000,4.1604,0.0000,4.5741
1,618,34,40,0.75,6.8175,8.2897,9.9456,6.4953,6.4570,7.6941,7.4157,8.1505,8.5956
1,619,34,40,1,6.3703,7.4198,9.5199,5.8344,6.2488,7.1043,7.1715,8.8596,9.1972
1,620,34,40,1.5,7.7121,7.4964,10.8697,5.9982,5.7781,6.4688,6.4228,8.0928,9.2760
1,621,34,80,0.75,12.3423,13.5877,18.2978,10.6707,10.3840,12.7154,11.7664,15.6163,15.5974
1,622,34,80,1,14.3062,14.5350,20.7836,12.1812,13.0215,13.3467,13.2487,16.2933,18.0466
1,623,34,80,1.5,14.0074,13.5218,21.8875,11.3355,12.3610,12.4647,12.8475,16.8189,19.3716
1,624,34,160,0.75,24.9072,26.2029,37.5934,21.1958,20.2934,23.8674,22.1596,30.4373,30.5568
1,625,34,160,1,26.7986,28.5995,41.8702,23.6636,25.0475,26.7806,27.9339,34.2562,38.3602
1,626,34,160,1.5,27.5118,28.0832,41.5938,23.1301,23.7534,24.8798,25.2886,32.2994,35.9264
1,627,34,320,0.75,48.5436,52.3595,72.6877,42.7350,40.2764,47.8834,43.8061,59.2420,59.0678
1,628,34,320,1,52.3059,55.4649,78.8670,44.9435,47.7384,50.5908,52.5262,63.7896,71.3142
1,629,34,320,1.5,55.1105,57.7662,85.5871,48.2019,49.2524,52.9709,53.6485,68.2150,75.8832
1,630,35,10,0.75,2.5992,1.8616,2.2585,0.0000,0.0000,0.0000,0.0000,0.0000,0.0000
1,631,35,10,1,2.1228,2.4952,1.7415,0.0000,3.8141,4.5352,4.2792,4.7843,4.5044
1,632,35,10,1.5,2.0150,2.6923,2.6078,0.0000,0.0000,4.2492,0.0000,0.0000,0.0000
1,633,35,20,0.75,3.4178,4.2884,4.6156,0.0000,0.0000,0.0000,4.2612,4.9198,5.2865
1,634,35,20,1,2.2979,3.7426,4.2183,0.0000,0.0000,0.0000,0.0000,4.4600,0.0000
1,635,35,20,1.5,3.2523,3.1918,3.1196,3.5904,4.7325,4.8033,4.6733,0.0000,0.0000
1,636,35,40,0.75,7.2900,10.2513,10.0112,7.5563,6.6936,10.0351,8.4938,9.7288,8.1969
1,637,35,40,1,5.5714,6.4187,6.2669,5.3026,5.5194,5.6322,5.2031,5.4730,4.9581
1,638,35,40,1.5,5.2375,9.2812,8.7389,5.2981,0.0000,8.3969,7.8703,7.9799,7.4898
1,639,35,80,0.75,11.8228,17.1497,16.8741,11.0625,9.8003,15.2889,13.3019,15.0504,13.0986
1,640,35,80,1,11.2104,15.8679,14.7906,10.0710,9.1450,14.4726,14.1368,12.4778,11.9265
1,641,35,80,1.5,13.9022,18.5022,18.2010,13.4718,13.1191,17.1141,15.9587,17.1310,16.3291
1,642,35,160,0.75,22.1950,30.4867,30.0426,20.8022,17.6153,26.8195,23.1971,25.7985,21.9105
1,643,35,160,1,24.6718,34.0549,31.7271,23.5655,22.5620,30.7097,29.4979,28.1140,26.9045
1,644,35,160,1.5,25.4370,37.1622,34.1160,24.6105,22.5316,33.2092,31.6794,30.1622,27.8517
1,645,35,320,0.75,43.7642,64.3050,60.8173,41.8106,35.7267,58.4578,49.3826,54.8935,45.5659
1,646,35,320,1,50.2130,69.7820,67.1612,47.1568,44.4627,62.9236,59.3489,58.8589,54.6814
1,647,35,320,1.5,54.9581,74.4133,72.4160,52.8216,49.0604,67.2948,64.3631,64.0571,59.2436
2,0,0,10,0.75,-1.1322,-0.9338,-0.5972,0.0000,0.0000,0.0000,0.0000,0.0000,4.7730
2,1,0,10,1,1.6234,0.8587,1.9104,0.0000,0.0000,0.0000,0.0000,3.4426,3.3400
2,2,0,10,1.5,0.8345,-1.1470,-0.9620,4.3908,4.1312,4.3860,4.2054,0.0000,0.0000
2,3,0,20,0.75,0.6260,0.7532,-0.1821,0.0000,0.0000,0.0000,0.0000,4.8328,4.6346
2,4,0,20,1,0.6569,1.7092,0.7526,0.0000,3.7360,4.5887,0.0000,4.3722,4.2346
2,5,0,20,1.5,1.4508,3.4752,2.8978,0.0000,0.0000,0.0000,0.0000,0.0000,0.0000
2,6,0,40,0.75,0.4218,0.8460,1.8328,4.4399,0.0000,0.0000,0.0000,5.1104,4.4679
2,7,0,40,1,0.2468,1.0187,1.9199,4.2797,4.8570,0.0000,0.0000,0.0000,3.9706
2,8,0,40,1.5,2.7780,2.1242,3.4121,4.6614,4.1945,0.0000,4.2756,4.3241,3.6985
2,9,0,80,0.75,5.1272,4.3559,4.8439,5.0074,0.0000,4.7000,4.2050,5.1238,0.0000
2,10,0,80,1,5.1931,5.7936,6.2894,4.8600,4.7560,5.7066,5.6594,6.2043,5.4580
2,11,0,80,1.5,3.8727,4.6891,5.6012,4.1613,0.0000,4.6674,5.1058,5.2859,5.0389
2,12,0,160,0.75,5.3381,8.1247,8.4139,5.8504,5.3184,7.7381,6.5056,7.8123,6.5196
2,13,0,160,1,7.9703,10.1717,10.3004,7.3144,7.6986,9.8124,9.9348,9.9719,9.0716
2,14,0,160,1.5,12.4011,11.0448,13.4723,10.9828,11.0735,10.2099,10.2663,12.2623,12.2552
2,15,0,320,0.75,14.5233,18.1551,19.4591,13.2235,12.0370,17.6318,15.9257,18.1233,15.5551
2,16,0,320,1,16.2998,17.7137,20.9381,15.1717,14.4478,17.7075,17.5905,19.5677,17.8816
2,17,0,320,1.5,18.9945,19.6399,23.2795,17.0671,16.7755,19.0703,18.6796,21.9498,20.5495
2,18,1,10,0.75,1.5883,2.2651,1.3952,3.9213,4.2364,3.3456,0.0000,4.3909,0.0000
2,19,1,10,1,1.9604,1.6814,1.4665,4.4392,4.3103,0.0000,0.0000,0.0000,0.0000
2,20,1,10,1.5,1.5977,0.8131,1.0934,0.0000,0.0000,4.3639,0.0000,0.0000,3.9699
2,21,1,20,0.75,1.9848,2.0643,2.8013,3.2232,0.0000,0.0000,0.0000,4.8469,4.6235
2,22,1,20,1,2.3630,2.9685,3.2213,0.0000,0.0000,0.0000,3.9558,4.7688,5.0773
2,23,1,20,1.5,4.6038,3.3185,4.6858,4.8358,4.5001,0.0000,0.0000,4.3330,4.5758
2,24,1,40,0.75,2.8414,3.1065,2.7089,0.0000,4.2605,0.0000,4.1980,4.5670,4.8640
2,25,1,40,1,5.2202,3.7467,5.3371,0.0000,0.0000,0.0000,0.0000,4.5074,0.0000
2,26,1,40,1.5,4.6663,4.8924,4.7559,0.0000,0.0000,0.0000,0.0000,0.0000,0.0000
2,27,1,80,0.75,7.6314,8.9860,9.7180,5.7579,4.8621,7.2738,6.0110,7.0417,5.6819
2,28,1,80,1,9.4778,9.2472,11.2651,7.5979,7.7479,7.5508,7.2475,8.4813,8.1988
2,29,1,80,1.5,8.3310,9.0097,10.4852,7.1255,7.3892,8.1097,8.0705,7.4872,7.4000
2,30,1,160,0.75,14.3134,16.2206,19.6580,12.3023,10.6031,15.0334,13.1166,13.3894,12.0453
2,31,1,160,1,16.7020,18.1776,22.4624,12.7504,12.7145,15.8255,15.6584,15.8534,15.1419
2,32,1,160,1.5,19.6147,19.9500,23.4502,15.0059,14.9616,17.3431,17.9530,16.1342,16.7283
2,33,1,320,0.75,29.4083,32.7694,36.2202,23.2044,20.1059,28.5815,25.2069,25.1971,22.2479
2,34,1,320,1,34.4607,37.7760,42.2501,25.7193,25.3186,31.8911,31.5115,29.0120,28.9437
2,35,1,320,1.5,35.1374,37.5106,43.7375,25.4029,25.2971,31.9566,32.0552,29.7907,30.0453
2,36,2,10,0.75,0.8365,1.4698,1.2906,0.0000,0.0000,4.0784,3.9455,4.0067,0.0000
2,37,2,10,1,1.8904,1.3377,1.9304,0.0000,0.0000,0.0000,0.0000,0.0000,0.0000
2,38,2,10,1.5,0.9292,1.8460,1.4013,0.0000,0.0000,0.0000,0.0000,0.0000,0.0000
2,39,2,20,0.75,2.2874,2.7338,5.0266,5.3519,5.1708,4.2895,4.9820,4.3034,4.7316
2,40,2,20,1,2.4118,3.7028,4.5627,0.0000,0.0000,0.0000,0.0000,0.0000,3.8975
2,41,2,20,1.5,2.4464,3.3214,3.9473,0.0000,4.1547,0.0000,0.0000,0.0000,0.0000
2,42,2,40,0.75,4.0721,4.6872,6.0621,4.4704,4.2838,4.6595,4.2516,4.7568,4.5104
2,43,2,40,1,4.3092,5.1425,7.4868,4.4277,4.2612,0.0000,0.0000,5.8349,5.4117
2,44,2,40,1.5,6.1781,7.3165,8.7756,5.6214,4.9688,6.5225,5.9028,7.2310,6.7024
2,45,2,80,0.75,8.4186,10.2105,13.3271,6.8195,6.1623,9.0134,7.3406,10.2036,9.0072
2,46,2,80,1,9.8945,11.9498,14.3118,8.0114,7.6996,10.9861,10.2765,10.7791,10.2414
2,47,2,80,1.5,11.4689,13.0031,15.8542,9.2517,9.6264,11.2509,10.4626,11.7795,11.3953
2,48,2,160,0.75,16.2593,20.6142,26.2061,12.8380,11.0671,18.1289,15.9432,19.8164,17.6147
2,49,2,160,1,17.6741,22.1943,28.4376,14.6559,14.7152,19.1538,18.4839,21.4341,20.5534
2,50,2,160,1.5,19.1764,24.2061,30.5003,15.2548,14.3908,21.5410,20.9421,23.2211,22.2571
2,51,2,320,0.75,32.6238,41.5254,51.3115,27.9302,24.6754,37.5874,33.3158,40.3833,35.9687
2,52,2,320,1,36.2705,44.3278,56.9463,29.1108,28.3915,38.4914,38.0407,43.2886,41.3529
2,53,2,320,1.5,38.9108,45.8047,59.3394,29.0438,28.5363,41.5940,40.0676,45.7140,43.9917
2,54,3,10,0.75,0.0094,1.3344,0.9474,0.0000,0.0000,0.0000,0.0000,0.0000,4.3954
2,55,3,10,1,0.5798,1.4024,1.7887,4.7086,3.9611,4.1459,0.0000,4.9292,5.0335
2,56,3,10,1.5,-0.3777,0.0434,0.0600,0.0000,0.0000,5.3180,4.9854,4.5302,0.0000
2,57,3,20,0.75,2.2665,2.3511,3.1180,0.0000,4.6995,0.0000,0.0000,4.5844,0.0000
2,58,3,20,1,-1.1262,1.0538,0.2162,0.0000,0.0000,0.0000,0.0000,0.0000,0.0000
2,59,3,20,1.5,3.2656,4.1699,3.4697,0.0000,0.0000,4.1913,4.0464,0.0000,0.0000
2,60,3,40,0.75,0.6133,1.4005,1.4592,4.0326,0.0000,0.0000,0.0000,0.0000,0.0000
2,61,3,40,1,1.2123,2.7978,2.9116,0.0000,0.0000,0.0000,3.5158,0.0000,0.0000
2,62,3,40,1.5,1.9883,2.6327,2.9846,0.0000,0.0000,0.0000,0.0000,0.0000,0.0000
2,63,3,80,0.75,2.5324,5.2706,5.3629,4.0972,4.0145,4.6104,5.1964,0.0000,0.0000
2,64,3,80,1,3.9719,5.9818,5.5752,0.0000,0.0000,5.1114,5.1304,0.0000,4.3308
2,65,3,80,1.5,3.0473,7.3290,6.3934,0.0000,0.0000,5.0867,5.5036,0.0000,5.0675
2,66,3,160,0.75,5.9655,11.4694,9.9001,5.6297,0.0000,9.7923,8.2427,8.2838,7.3322
2,67,3,160,1,6.9610,12.7615,10.1748,5.3129,5.3021,9.1571,9.5092,7.7576,7.8633
2,68,3,160,1.5,6.5961,14.4835,11.4620,6.2900,5.6587,10.4175,9.7157,7.9957,6.8776
2,69,3,320,0.75,12.3158,22.9747,21.2518,11.0814,8.9956,17.4030,14.9311,14.2025,12.6840
2,70,3,320,1,13.6749,25.3620,23.3131,12.2522,11.1049,19.7979,18.7907,16.8145,16.2167
2,71,3,320,1.5,13.3951,26.8316,23.9282,11.8295,11.2823,19.8122,19.4243,16.2692,15.5624
2,72,4,10,0.75,0.9214,1.2844,2.0204,0.0000,0.0000,0.0000,3.9241,0.0000,4.2685
2,73,4,10,1,0.2709,0.7587,1.0304,0.0000,0.0000,0.0000,0.0000,0.0000,0.0000
2,74,4,10,1.5,-0.8832,0.5638,1.5852,0.0000,0.0000,0.0000,0.0000,0.0000,4.5595
2,75,4,20,0.75,0.5053,-0.2044,1.9779,3.9587,3.6817,0.0000,4.2121,0.0000,3.9450
2,76,4,20,1,-0.6625,-0.1773,1.8589,4.0503,0.0000,4.2824,3.9239,0.0000,0.0000
2,77,4,20,1.5,2.5683,2.3048,4.7762,4.2843,3.8278,4.1046,0.0000,0.0000,0.0000
2,78,4,40,0.75,3.4815,3.6267,4.9478,4.4972,4.1392,3.5557,0.0000,3.6250,0.0000
2,79,4,40,1,3.6711,3.3621,4.5352,4.2502,0.0000,5.1409,5.1760,0.0000,0.0000
2,80,4,40,1.5,3.7325,5.4820,6.6974,4.6508,0.0000,5.1951,5.4952,5.9344,5.1936
2,81,4,80,0.75,7.1595,6.2746,10.5984,5.0330,4.6251,4.9986,0.0000,8.3414,7.0368
2,82,4,80,1,7.7306,7.6740,13.1510,6.1991,6.4402,6.5918,6.6677,8.3826,8.2263
2,83,4,80,1.5,7.0034,6.8442,11.8963,6.2086,5.5398,6.1970,5.4797,8.7372,8.2053
2,84,4,160,0.75,12.0649,13.3646,20.4432,9.5821,9.1484,11.0373,9.5685,13.8799,12.4372
2,85,4,160,1,13.1948,14.1360,21.7878,9.4057,9.3268,10.8403,10.5086,15.2806,15.1279
2,86,4,160,1.5,15.5023,15.3005,24.7128,11.3638,11.7808,11.9687,11.9301,16.9998,16.8764
2,87,4,320,0.75,23.1528,25.9543,39.7345,18.5385,15.5334,19.9353,16.5667,28.6402,24.5961
2,88,4,320,1,27.0339,28.3620,47.1337,19.8524,19.2425,21.9695,21.2989,33.6656,33.3417
2,89,4,320,1.5,29.5240,29.0778,48.6956,20.9177,19.7151,21.2951,20.0266,33.7144,32.0881
2,90,5,10,0.75,2.3862,3.0752,2.9811,4.3019,0.0000,0.0000,0.0000,0.0000,0.0000
2,91,5,10,1,0.2136,1.6771,1.1620,0.0000,0.0000,0.0000,0.0000,0.0000,0.0000
2,92,5,10,1.5,-0.2105,0.3946,1.1858,0.0000,0.0000,0.0000,0.0000,0.0000,4.5625
2,93,5,20,0.75,1.0058,1.9522,3.9410,0.0000,0.0000,3.6178,0.0000,0.0000,0.0000
2,94,5,20,1,2.1008,5.6339,3.8638,0.0000,0.0000,0.0000,0.0000,0.0000,0.0000
2,95,5,20,1.5,2.4073,3.6957,3.8564,0.0000,3.5110,0.0000,3.4899,0.0000,0.0000
2,96,5,40,0.75,3.4827,5.3976,6.5261,3.6333,0.0000,4.2187,3.9840,5.3641,4.6544
2,97,5,40,1,3.3681,5.8980,5.2562,5.3819,5.1081,5.1649,4.8678,4.6308,4.6642
2,98,5,40,1.5,3.0892,5.9487,6.9622,0.0000,0.0000,0.0000,0.0000,5.2553,4.5011
2,99,5,80,0.75,6.8357,11.2273,11.5275,5.1870,5.0967,8.8210,7.0355,8.5700,7.6973
2,100,5,80,1,8.8550,11.3586,12.8154,6.8687,7.1031,8.2918,7.5422,8.8869,8.2475
2,101,5,80,1.5,7.4826,13.6064,13.7289,5.6458,5.7447,10.5999,8.8046,8.2810,9.0671
2,102,5,160,0.75,12.9368,21.0615,22.6231,9.5883,8.0080,15.6947,11.7661,14.7828,13.9456
2,103,5,160,1,16.2408,25.6717,25.6624,12.7803,11.2511,18.8539,15.0433,17.7408,16.6847
2,104,5,160,1.5,16.7067,28.6739,27.5752,11.7953,11.7318,21.0408,17.0535,18.0363,17.7509
2,105,5,320,0.75,26.6670,44.1681,44.6401,20.7022,17.7245,34.5457,26.1248,31.7958,25.8990
2,106,5,320,1,30.3112,49.6500,50.5874,22.2939,21.9765,37.9773,32.5105,34.6411,34.0190
2,107,5,320,1.5,33.1522,54.4580,55.5793,25.0721,23.3801,40.8143,33.5952,37.4475,37.0406
2,108,6,10,0.75,-0.2782,-0.4701,-0.6237,0.0000,0.0000,0.0000,0.0000,0.0000,0.0000
2,109,6,10,1,-0.0191,0.3049,0.2160,0.0000,4.1443,0.0000,0.0000,0.0000,0.0000
2,110,6,10,1.5,1.7216,0.8041,1.9460,0.0000,0.0000,4.3059,4.5573,4.4700,4.2157
2,111,6,20,0.75,1.9342,2.1045,1.6349,4.6072,0.0000,0.0000,0.0000,0.0000,0.0000
2,112,6,20,1,1.8166,2.3065,1.8205,0.0000,0.0000,0.0000,3.9279,0.0000,0.0000
2,113,6,20,1.5,3.7064,4.3192,3.1806,0.0000,0.0000,4.4179,4.8300,0.0000,4.3413
2,114,6,40,0.75,4.9684,4.1068,6.1768,0.0000,4.2090,4.4640,4.4579,5.9027,5.2986
2,115,6,40,1,3.1283,3.6585,3.8719,3.8683,0.0000,0.0000,0.0000,0.0000,0.0000
2,116,6,40,1.5,3.7416,4.2293,5.8659,3.8256,4.2694,4.3384,3.9828,6.0046,5.2192
2,117,6,80,0.75,5.8339,5.4430,8.9816,5.8236,5.0785,5.3984,5.2105,9.1625,8.3566
2,118,6,80,1,8.4480,9.1640,12.4293,8.3579,8.2390,9.2326,8.9050,12.3870,12.0952
2,119,6,80,1.5,7.2308,6.1367,10.2209,7.0806,6.5903,6.2256,6.1216,10.0023,9.6113
2,120,6,160,0.75,11.3899,12.1208,16.1667,11.2732,9.6096,12.1033,10.5139,16.3535,14.2569
2,121,6,160,1,14.4059,13.7450,21.6910,14.2731,13.9265,13.7338,13.7482,21.4008,21.0748
2,122,6,160,1.5,15.4983,15.5114,22.7598,15.5142,15.4360,15.5467,15.7860,22.9600,22.5001
2,123,6,320,0.75,23.2198,25.6734,36.3898,22.8702,19.9042,25.1760,21.6325,35.6791,31.3674
2,124,6,320,1,25.4373,26.1314,38.6803,25.0904,24.4010,25.7140,25.2353,38.2501,36.8913
2,125,6,320,1.5,26.7040,27.7709,42.4220,26.6493,25.4345,27.8631,27.0523,42.3179,40.7314
2,126,7,10,0.75,-0.3586,1.0384,0.7952,4.5362,4.7346,4.2830,0.0000,0.0000,0.0000
2,127,7,10,1,-0.3336,1.0090,-0.6671,3.9884,4.4870,4.4563,4.3028,0.0000,4.4052
2,128,7,10,1.5,0.2055,1.3042,2.0064,3.9434,4.0569,4.2310,3.6421,4.3812,4.2015
2,129,7,20,0.75,-0.1853,0.5870,1.1797,0.0000,0.0000,0.0000,0.0000,0.0000,0.0000
2,130,7,20,1,2.0482,1.6132,3.0835,4.2716,0.0000,0.0000,0.0000,3.9528,4.1051
2,131,7,20,1.5,1.2103,1.3754,1.9840,0.0000,0.0000,0.0000,0.0000,0.0000,0.0000
2,132,7,40,0.75,1.6796,3.4225,4.0781,0.0000,4.2364,0.0000,0.0000,4.7476,0.0000
2,133,7,40,1,1.6669,2.9966,4.1048,0.0000,0.0000,0.0000,4.6954,4.5908,0.0000
2,134,7,40,1.5,3.2879,3.8927,4.1014,0.0000,0.0000,0.0000,4.2480,4.2252,0.0000
2,135,7,80,0.75,3.1573,4.3474,5.0168,0.0000,0.0000,0.0000,0.0000,0.0000,0.0000
2,136,7,80,1,3.6469,4.6100,8.0379,4.2828,4.3332,5.2081,4.5874,5.4532,5.9083
2,137,7,80,1.5,2.8969,5.0631,6.7909,4.4144,0.0000,5.1867,4.5822,4.8184,0.0000
2,138,7,160,0.75,9.3768,11.3566,15.0504,7.9077,7.5252,9.9027,8.8190,10.4097,10.1626
2,139,7,160,1,6.6344,8.7068,13.2513,5.8663,5.0279,7.6544,6.9317,9.1781,8.6601
2,140,7,160,1.5,9.8469,10.7795,16.5542,8.8786,9.2049,9.7344,10.0382,11.9206,11.0831
2,141,7,320,0.75,12.3743,17.6084,24.2913,10.6458,10.0855,15.2736,13.5636,16.9744,13.9816
2,142,7,320,1,16.2371,20.1496,29.4190,14.2194,13.6783,19.0318,17.4197,20.9066,19.7170
2,143,7,320,1.5,17.6757,22.5077,30.3209,15.1197,15.4071,19.6329,19.7983,21.5635,21.3244
2,144,8,10,0.75,0.0616,-0.8220,0.9599,4.4914,4.5091,0.0000,3.6815,0.0000,0.0000
2,145,8,10,1,-0.4427,0.3290,0.9617,4.2090,3.7362,3.7472,0.0000,0.0000,0.0000
2,146,8,10,1.5,3.6105,2.8569,1.2482,4.3807,0.0000,0.0000,0.0000,0.0000,0.0000
2,147,8,20,0.75,3.0487,2.5189,2.1273,3.9712,4.4982,4.3241,4.3818,0.0000,0.0000
2,148,8,20,1,2.1735,2.2376,3.3036,0.0000,0.0000,3.4462,0.0000,0.0000,0.0000
2,149,8,20,1.5,1.1963,1.2500,2.3557,0.0000,0.0000,3.5888,0.0000,0.0000,0.0000
2,150,8,40,0.75,2.9174,2.2368,4.0411,0.0000,4.5066,4.6130,0.0000,4.6313,4.2899
2,151,8,40,1,3.5666,3.0194,5.6663,4.7166,4.5600,0.0000,0.0000,5.1991,5.0908
2,152,8,40,1.5,2.9522,2.5932,5.7643,0.0000,0.0000,0.0000,0.0000,4.7426,4.9386
2,153,8,80,0.75,5.5504,5.2099,8.9922,5.7158,4.7691,5.1958,4.3585,8.2344,6.6876
2,154,8,80,1,4.0276,3.9643,8.6814,4.4503,4.4015,4.3128,4.3170,6.8479,6.1469
2,155,8,80,1.5,6.7781,4.5423,12.3460,5.6886,5.3416,0.0000,3.9950,8.9207,9.5684
2,156,8,160,0.75,9.6294,7.7167,16.8193,8.4117,7.9304,7.0408,5.8369,13.0767,13.6287
2,157,8,160,1,11.2862,8.1606,18.0969,9.7306,8.8092,6.6087,6.1215,14.5539,14.8410
2,158,8,160,1.5,13.5068,10.1525,22.4832,11.0805,10.2562,8.0560,8.6105,17.5868,17.7951
2,159,8,320,0.75,16.4106,15.1600,33.1183,13.9584,10.5202,11.8561,10.0306,25.9594,23.8930
2,160,8,320,1,21.5693,17.2676,37.4784,18.6604,15.9508,13.8901,13.1721,30.1116,30.1162
2,161,8,320,1.5,22.4042,17.4689,42.4800,19.5040,17.0045,13.4208,13.7138,32.6700,32.5349
2,162,9,10,0.75,1.2625,0.0207,0.3097,0.0000,0.0000,0.0000,0.0000,0.0000,3.6166
2,163,9,10,1,0.1718,-0.6436,1.0815,0.0000,0.0000,0.0000,0.0000,0.0000,0.0000
2,164,9,10,1.5,0.5234,0.0658,1.1772,0.0000,4.4164,0.0000,0.0000,4.0185,0.0000
2,165,9,20,0.75,-0.3292,-0.4305,0.0226,0.0000,0.0000,4.3941,0.0000,0.0000,4.3675
2,166,9,20,1,-0.1751,-0.2590,0.1139,0.0000,0.0000,4.5953,4.3244,0.0000,4.1120
2,167,9,20,1.5,1.4015,3.4416,2.6411,0.0000,0.0000,0.0000,0.0000,0.0000,0.0000
2,168,9,40,0.75,2.8371,2.7743,2.1736,0.0000,3.1916,3.5172,3.5062,3.9951,4.0219
2,169,9,40,1,1.6706,1.8777,0.4077,0.0000,4.3310,0.0000,0.0000,0.0000,4.8877
2,170,9,40,1.5,2.0309,2.2839,2.1635,4.1257,0.0000,0.0000,0.0000,0.0000,0.0000
2,171,9,80,0.75,3.1285,4.1067,6.4889,0.0000,0.0000,0.0000,4.2515,5.8786,0.0000
2,172,9,80,1,2.4550,3.2139,5.8048,0.0000,0.0000,0.0000,0.0000,5.6565,4.7918
2,173,9,80,1.5,4.7905,3.9715,8.2333,4.8513,4.2562,0.0000,0.0000,7.2850,5.8637
2,174,9,160,0.75,5.4451,6.4430,12.1032,5.0611,0.0000,6.4320,5.1139,10.9302,8.2300
2,175,9,160,1,8.2652,7.5232,14.0168,7.5314,6.7007,7.5873,6.6383,13.0213,11.4201
2,176,9,160,1.5,5.6958,6.4906,12.1768,5.6138,5.9613,6.2530,6.4043,11.3635,10.2530
2,177,9,320,0.75,11.2075,13.7233,24.8089,11.1278,9.3370,13.4295,11.5288,22.2890,16.7517
2,178,9,320,1,11.2901,13.5850,26.9686,11.4471,11.2337,13.0655,13.0375,24.9514,22.2915
2,179,9,320,1.5,14.5040,14.4002,28.8948,13.2051,11.1086,14.3577,13.1796,26.1168,22.0060
2,180,10,10,0.75,0.6536,0.6415,1.5791,0.0000,4.2706,4.3922,0.0000,4.7753,5.0820
2,181,10,10,1,-1.3056,-0.7739,-0.2070,0.0000,0.0000,0.0000,0.0000,4.9093,0.0000
2,182,10,10,1.5,-0.1252,0.1976,-0.0033,4.0781,0.0000,0.0000,0.0000,4.0714,0.0000
2,183,10,20,0.75,1.0903,0.3681,0.0581,3.5603,0.0000,4.0343,4.2690,0.0000,0.0000
2,184,10,20,1,1.2106,0.4755,1.6064,0.0000,0.0000,0.0000,0.0000,0.0000,0.0000
2,185,10,20,1.5,-0.1105,0.0032,-0.8532,0.0000,0.0000,0.0000,0.0000,0.0000,0.0000
2,186,10,40,0.75,-1.1599,-0.6743,-0.6074,0.0000,0.0000,0.0000,0.0000,4.4679,4.2456
2,187,10,40,1,0.8927,0.7622,1.5556,0.0000,0.0000,4.1064,4.0222,0.0000,0.0000
2,188,10,40,1.5,2.0488,0.1575,1.5440,0.0000,0.0000,0.0000,0.0000,0.0000,4.5653
2,189,10,80,0.75,-0.6847,0.7223,0.5541,0.0000,0.0000,0.0000,0.0000,0.0000,0.0000
2,190,10,80,1,0.6640,0.0079,0.6822,0.0000,0.0000,3.9794,3.8697,0.0000,0.0000
2,191,10,80,1.5,0.6764,0.6522,1.2154,0.0000,0.0000,4.2298,0.0000,0.0000,0.0000
2,192,10,160,0.75,1.7080,2.2483,1.6435,3.8126,3.8797,0.0000,0.0000,0.0000,3.2025
2,193,10,160,1,2.4294,2.3996,3.5001,0.0000,0.0000,0.0000,4.5145,4.0251,0.0000
2,194,10,160,1.5,2.4275,0.9476,2.5684,0.0000,0.0000,0.0000,4.0936,0.0000,0.0000
2,195,10,320,0.75,3.4532,3.9029,3.9069,0.0000,0.0000,0.0000,0.0000,0.0000,0.0000
2,196,10,320,1,1.7610,3.0389,4.2056,0.0000,0.0000,4.4739,4.3453,4.4332,0.0000
2,197,10,320,1.5,2.1959,1.9898,3.7621,0.0000,4.0056,4.9365,4.8846,0.0000,0.0000
2,198,11,10,0.75,2.1807,2.4332,2.0953,4.9023,0.0000,4.8395,0.0000,0.0000,0.0000
2,199,11,10,1,2.4797,3.1169,3.2470,0.0000,0.0000,0.0000,0.0000,0.0000,0.0000
2,200,11,10,1.5,1.7533,2.3936,2.6512,0.0000,0.0000,0.0000,0.0000,0.0000,4.3516
2,201,11,20,0.75,3.0987,3.7290,4.5615,4.2995,4.4151,0.0000,0.0000,4.2476,4.3742
2,202,11,20,1,0.9729,2.2583,4.0454,0.0000,0.0000,0.0000,0.0000,0.0000,4.1356
2,203,11,20,1.5,4.3157,3.8895,4.7384,4.2404,0.0000,4.3045,4.3246,5.1194,4.8584
2,204,11,40,0.75,5.1612,8.1340,6.9386,0.0000,0.0000,6.1801,6.1906,5.5486,0.0000
2,205,11,40,1,4.6293,6.2290,6.5442,3.9254,4.4454,4.9896,4.8892,0.0000,0.0000
2,206,11,40,1.5,5.0620,6.9996,7.9022,4.6842,4.3214,5.7321,6.1980,5.6737,5.9073
2,207,11,80,0.75,10.1394,12.6977,14.7218,7.8752,6.5309,9.6279,8.8424,9.8496,8.2521
2,208,11,80,1,10.4680,14.2540,15.8460,8.6958,7.8229,10.9248,10.8771,11.5808,10.9801
2,209,11,80,1.5,10.2273,14.1252,15.4922,7.7677,6.7105,10.8962,10.9007,11.0347,10.2142
2,210,11,160,0.75,17.0126,24.1986,27.4015,12.4558,10.2676,17.3295,15.3662,18.4214,16.4752
2,211,11,160,1,20.2846,27.6651,31.1525,15.7129,13.9230,20.2798,20.4933,21.5515,20.8520
2,212,11,160,1.5,24.8883,31.6674,36.0610,17.4452,16.7619,22.7148,23.3499,24.5162,24.1531
2,213,11,320,0.75,37.6518,50.9946,57.1474,27.0970,22.7150,38.8029,35.1662,38.2000,34.6510
2,214,11,320,1,42.2638,56.6620,63.1329,30.2743,28.1951,42.4605,42.3593,44.3141,41.3578
2,215,11,320,1.5,46.2408,61.6240,69.5576,31.5571,29.3966,44.7203,44.1526,47.7347,46.2512
2,216,12,10,0.75,0.9063,0.3135,0.5219,0.0000,0.0000,4.9593,4.8574,0.0000,0.0000
2,217,12,10,1,0.9907,0.9867,1.3367,4.1391,3.9091,0.0000,0.0000,0.0000,0.0000
2,218,12,10,1.5,0.2439,0.0171,0.0048,0.0000,0.0000,0.0000,0.0000,4.2575,0.0000
2,219,12,20,0.75,2.3609,2.7621,2.8470,3.9882,4.2158,0.0000,3.6110,0.0000,0.0000
2,220,12,20,1,1.8352,2.1068,1.8261,0.0000,0.0000,0.0000,0.0000,0.0000,0.0000
2,221,12,20,1.5,1.3774,1.5070,1.7848,4.0907,0.0000,4.3245,0.0000,0.0000,0.0000
2,222,12,40,0.75,3.7063,3.2389,4.1980,4.7041,4.3570,4.3526,0.0000,4.4369,4.3673
2,223,12,40,1,4.3967,2.8904,4.3653,0.0000,4.4452,0.0000,0.0000,4.7131,4.3193
2,224,12,40,1.5,4.5770,3.2397,4.5479,5.1229,4.6856,0.0000,0.0000,4.4925,4.0109
2,225,12,80,0.75,7.2359,6.6715,7.9814,7.6726,6.8584,7.3921,6.7155,8.0203,6.9089
2,226,12,80,1,8.0901,7.4467,9.7107,7.3031,6.9809,6.4828,6.6349,8.7500,8.4837
2,227,12,80,1.5,8.0932,7.6108,9.1355,7.8032,7.5373,7.0909,6.3548,8.6960,7.8266
2,228,12,160,0.75,11.1195,10.4816,13.9047,11.2608,9.5375,10.2324,8.9623,13.8209,12.0040
2,229,12,160,1,16.0888,15.7935,18.7590,14.8455,14.5739,14.3854,14.1641,17.6465,17.0385
2,230,12,160,1.5,16.2705,15.4366,18.5910,15.5560,14.6109,14.6544,13.6686,17.9454,16.9056
2,231,12,320,0.75,28.7717,27.1859,32.9765,26.7292,23.0348,24.5551,21.1662,30.5840,26.0392
2,232,12,320,1,31.7532,29.6602,36.9249,30.2532,29.0918,26.9694,26.4379,35.1207,33.8665
2,233,12,320,1.5,33.3390,31.6172,38.4250,31.7861,30.8644,28.9377,28.7471,35.9426,34.7762
2,234,13,10,0.75,0.5505,0.3823,0.5455,4.0589,0.0000,0.0000,0.0000,0.0000,4.0603
2,235,13,10,1,1.3484,1.5212,2.2528,0.0000,0.0000,0.0000,0.0000,0.0000,0.0000
2,236,13,10,1.5,2.1061,0.6846,3.1343,0.0000,0.0000,0.0000,0.0000,0.0000,4.1943
2,237,13,20,0.75,2.5709,2.1646,2.9544,0.0000,0.0000,0.0000,0.0000,0.0000,0.0000
2,238,13,20,1,3.6210,2.3714,4.4026,3.8666,0.0000,0.0000,0.0000,4.3667,0.0000
2,239,13,20,1.5,2.8605,1.6166,4.5688,4.2945,0.0000,0.0000,0.0000,4.6008,0.0000
2,240,13,40,0.75,5.7997,4.8428,6.7918,5.4506,0.0000,4.4683,0.0000,6.0665,5.2166
2,241,13,40,1,7.0252,6.0370,8.4783,6.5077,6.2243,6.1126,5.6378,8.0030,6.9787
2,242,13,40,1.5,6.4938,5.5473,9.6833,6.1208,5.8490,4.9078,4.7568,8.9879,8.1007
2,243,13,80,0.75,9.9256,6.0979,13.6035,9.4872,8.2251,5.4321,5.1941,12.8612,10.6448
2,244,13,80,1,10.9189,9.3767,16.1222,10.1896,9.5811,8.6663,7.8540,15.4640,12.0347
2,245,13,80,1.5,12.8909,10.2751,18.1200,12.1148,10.6816,9.4840,9.0041,17.4543,14.7164
2,246,13,160,0.75,20.8248,17.1085,28.8531,19.7495,16.0092,16.3735,12.0267,27.7078,21.1822
2,247,13,160,1,24.2282,20.8242,33.6312,22.8238,20.5302,19.8247,17.9547,32.0049,27.1626
2,248,13,160,1.5,27.0995,21.3133,37.3389,25.6070,22.5815,19.9814,18.2414,35.6509,29.2980
2,249,13,320,0.75,46.2491,39.0504,62.8743,43.7336,35.9098,37.7526,30.0729,60.4299,46.8547
2,250,13,320,1,49.5995,41.7296,67.5098,46.8292,42.8010,39.6932,35.7217,64.4131,54.9236
2,251,13,320,1.5,51.7726,42.5031,71.5708,49.4119,44.2392,40.5100,35.3763,68.9082,57.8497
2,252,14,10,0.75,1.7548,2.8154,4.0268,0.0000,0.0000,4.7690,0.0000,0.0000,0.0000
2,253,14,10,1,2.0690,3.5199,2.8510,0.0000,4.1369,4.4231,4.3147,0.0000,0.0000
2,254,14,10,1.5,0.7425,2.5447,3.1320,0.0000,0.0000,0.0000,0.0000,0.0000,0.0000
2,255,14,20,0.75,2.7234,2.8883,4.2281,0.0000,3.0607,0.0000,0.0000,0.0000,4.2694
2,256,14,20,1,2.2388,3.2258,5.0709,0.0000,3.7651,5.6940,4.9325,4.3102,4.3126
2,257,14,20,1.5,3.5960,5.5421,7.3307,3.9007,4.1480,5.3388,4.9929,6.9629,6.8102
2,258,14,40,0.75,5.2653,10.3479,10.8121,0.0000,0.0000,7.9784,6.7767,7.7938,8.2356
2,259,14,40,1,5.5494,10.3266,10.5061,5.0021,0.0000,8.8071,7.2427,8.7508,8.3194
2,260,14,40,1.5,5.8668,10.1260,11.5216,4.9549,4.8148,7.7499,7.4180,9.2119,9.9138
2,261,14,80,0.75,11.5234,17.4938,17.8835,9.7311,8.2039,14.2843,12.3890,14.9430,13.1685
2,262,14,80,1,15.4960,19.2804,20.3009,12.0976,11.7460,15.9318,15.2236,16.9802,17.9759
2,263,14,80,1.5,15.5378,21.0147,22.2844,12.2569,12.2531,16.2692,17.0310,18.9633,20.0367
2,264,14,160,0.75,23.3290,34.4698,35.7177,18.8627,16.4498,28.3369,24.3831,29.8882,28.0911
2,265,14,160,1,26.8394,39.7369,42.9587,22.2866,21.6576,32.9166,31.7255,34.7389,35.9745
2,266,14,160,1.5,28.3190,41.2894,43.6472,21.8629,20.7275,33.2449,30.9873,34.6078,36.3005
2,267,14,320,0.75,46.0009,69.8749,74.4175,37.3105,33.2795,57.8328,50.3048,61.0830,58.4580
2,268,14,320,1,50.7129,75.8654,82.1731,39.9155,39.9433,61.5290,59.7690,65.6160,69.6893
2,269,14,320,1.5,56.5505,83.2607,90.2439,45.1337,41.2956,67.0571,62.8555,71.4181,73.5395
2,270,15,10,0.75,0.3294,1.5815,1.2594,0.0000,3.7030,4.0929,4.3572,4.1203,0.0000
2,271,15,10,1,1.4355,1.9051,3.4902,4.5090,0.0000,0.0000,0.0000,4.6486,4.2840
2,272,15,10,1.5,0.7900,1.6436,1.6431,0.0000,0.0000,0.0000,3.6490,4.0425,0.0000
2,273,15,20,0.75,2.6403,3.6781,4.6206,0.0000,0.0000,0.0000,0.0000,5.1090,4.2194
2,274,15,20,1,3.5312,3.5232,3.8928,4.6263,0.0000,5.0502,0.0000,4.6939,0.0000
2,275,15,20,1.5,1.5748,3.0107,3.5987,4.2244,4.0924,4.0834,0.0000,0.0000,0.0000
2,276,15,40,0.75,4.9290,7.2198,8.6614,5.0327,4.5295,7.2701,6.4169,8.5914,7.4411
2,277,15,40,1,6.8315,8.4995,8.1627,6.5409,6.5624,8.0263,7.8015,7.9489,7.8363
2,278,15,40,1.5,6.3300,8.2138,7.7001,6.4199,6.5131,8.6215,8.6871,7.7050,7.7479
2,279,15,80,0.75,9.2339,13.0245,12.8333,9.3442,7.3182,12.9566,10.6903,12.7022,10.8761
2,280,15,80,1,10.9589,15.2656,16.3933,10.8343,10.9775,14.9031,14.5626,15.7399,15.2325
2,281,15,80,1.5,12.7753,16.6521,16.5196,12.4179,12.0447,16.0937,15.7368,15.7111,15.3561
2,282,15,160,0.75,23.0714,29.2377,30.5710,22.8492,19.5421,28.2764,24.6706,29.2399,25.4043
2,283,15,160,1,24.2025,32.1939,33.1410,24.0452,23.3954,31.5434,30.5512,31.9981,30.7498
2,284,15,160,1.5,24.7389,32.6504,33.2547,24.6946,24.9429,32.0098,32.1000,32.2847,32.2930
2,285,15,320,0.75,42.9206,58.4981,58.9099,42.3304,37.0656,56.8447,49.6519,56.1096,49.0342
2,286,15,320,1,46.9460,62.8223,63.9222,46.5320,44.9229,61.4624,59.7749,61.7742,59.3705
2,287,15,320,1.5,49.5012,65.7194,67.2542,49.3986,46.6960,64.5007,61.5764,65.3799,62.3221
2,288,16,10,0.75,0.2512,0.9477,2.1704,4.3736,4.4297,4.2638,4.3836,0.0000,3.9386
2,289,16,10,1,0.6795,0.9821,0.8544,0.0000,3.9997,0.0000,0.0000,0.0000,4.0774
2,290,16,10,1.5,1.7286,1.3916,0.8543,0.0000,0.0000,4.1741,0.0000,0.0000,0.0000
2,291,16,20,0.75,3.2649,3.0410,4.0828,0.0000,0.0000,0.0000,0.0000,0.0000,0.0000
2,292,16,20,1,2.7355,2.2192,1.5895,0.0000,0.0000,0.0000,0.0000,0.0000,0.0000
2,293,16,20,1.5,3.5401,3.0088,4.1117,0.0000,0.0000,0.0000,4.2464,4.3424,0.0000
2,294,16,40,0.75,4.0965,5.9442,6.5786,0.0000,0.0000,5.3113,4.9679,5.8991,5.3833
2,295,16,40,1,4.0200,6.9452,7.0098,0.0000,0.0000,5.4393,5.3039,5.0233,4.8093
2,296,16,40,1.5,2.5417,5.2110,5.5192,0.0000,0.0000,0.0000,0.0000,5.2336,0.0000
2,297,16,80,0.75,6.8791,10.2309,11.9095,6.0872,6.1748,8.4707,8.3588,9.2958,9.2883
2,298,16,80,1,7.3690,11.1077,11.7578,6.6697,6.6378,9.1842,9.4953,9.7397,9.3629
2,299,16,80,1.5,9.1652,14.1649,14.7367,8.1407,8.0153,11.9827,12.0898,11.7079,11.8025
2,300,16,160,0.75,13.3850,20.5127,21.8646,12.1592,11.0322,17.2575,16.0458,17.7066,16.2437
2,301,16,160,1,14.5748,24.2407,25.8813,12.3510,12.6747,19.5767,20.2292,20.6003,20.5944
2,302,16,160,1.5,17.5653,25.2432,25.4145,15.6040,15.2557,20.0440,21.6938,22.6081,21.2702
2,303,16,320,0.75,29.1336,43.7107,44.2698,25.2216,22.9231,36.5010,33.2080,36.7367,32.5094
2,304,16,320,1,30.6889,49.1145,48.4671,27.3194,27.0789,38.3376,40.2139,41.6070,39.3931
2,305,16,320,1.5,34.5347,51.7387,52.9624,29.7819,30.0141,41.1365,42.6588,43.6932,43.2155
2,306,17,10,0.75,1.4169,1.2579,0.1686,0.0000,4.5419,4.7383,4.6589,5.2311,4.8312
2,307,17,10,1,1.7169,1.4981,2.4706,0.0000,0.0000,0.0000,4.4203,0.0000,0.0000
2,308,17,10,1.5,2.2729,2.4836,2.4487,4.3997,0.0000,0.0000,0.0000,3.7492,4.1229
2,309,17,20,0.75,2.6972,3.2427,4.6766,0.0000,4.2507,0.0000,0.0000,4.6077,0.0000
2,310,17,20,1,4.6809,6.2014,6.1075,4.8612,4.8769,5.9508,6.1896,5.6649,5.7999
2,311,17,20,1.5,2.2121,4.1386,3.5167,4.2804,4.2068,0.0000,0.0000,0.0000,4.4849
2,312,17,40,0.75,6.1625,8.1507,6.8366,6.1974,5.9765,7.9522,6.6138,6.3986,5.0766
2,313,17,40,1,6.9572,10.1687,10.2344,5.9739,5.5250,9.3811,9.0491,9.0372,8.7129
2,314,17,40,1.5,8.2337,10.7659,12.5337,7.5953,6.4854,10.0748,9.7175,11.4699,10.3058
2,315,17,80,0.75,10.3323,14.1354,14.7156,10.2547,7.7524,14.1748,11.1673,13.7809,11.3754
2,316,17,80,1,11.4662,17.2074,17.3986,11.6446,11.7932,17.0635,16.8121,16.6717,15.9030
2,317,17,80,1.5,13.6934,19.3327,19.8749,12.8801,12.3977,18.1519,17.3437,18.7053,17.5523
2,318,17,160,0.75,23.0291,30.3980,32.6332,21.9704,19.2647,30.0016,25.6500,29.3111,23.8362
2,319,17,160,1,26.7574,35.6727,35.9037,24.4112,22.8986,34.2828,33.3696,32.0378,29.0225
2,320,17,160,1.5,29.3500,38.4191,41.0479,26.9238,25.2024,36.6772,35.2597,36.4839,33.2820
2,321,17,320,0.75,45.2677,63.5491,65.5289,42.5663,36.1245,62.0327,53.2264,59.9289,49.0197
2,322,17,320,1,52.4882,69.2790,73.8177,48.1328,45.0222,66.2215,64.0915,67.0166,61.7436
2,323,17,320,1.5,58.6879,76.5271,81.1000,54.7569,50.8461,73.7833,70.8448,73.9847,66.6067
2,324,18,10,0.75,-0.4104,-0.2311,0.0021,4.9353,5.1045,0.0000,3.8129,4.3733,4.4320
2,325,18,10,1,1.4375,1.1289,1.7667,0.0000,4.0456,0.0000,0.0000,0.0000,3.6352
2,326,18,10,1.5,-1.7453,-2.4654,-0.8128,4.3317,4.0756,4.2364,4.2554,0.0000,4.0556
2,327,18,20,0.75,2.3308,1.2651,2.4747,0.0000,4.4059,0.0000,0.0000,4.2199,4.1680
2,328,18,20,1,2.1905,0.3256,1.9233,0.0000,0.0000,0.0000,0.0000,0.0000,0.0000
2,329,18,20,1.5,2.7846,1.3765,1.6291,4.4611,4.6067,0.0000,4.1318,0.0000,0.0000
2,330,18,40,0.75,3.0576,-0.1949,2.3647,0.0000,0.0000,0.0000,0.0000,0.0000,0.0000
2,331,18,40,1,4.1987,3.1036,4.1296,0.0000,0.0000,0.0000,0.0000,4.3509,4.2442
2,332,18,40,1.5,3.6769,1.3991,3.4940,5.2768,5.3293,4.7031,4.4896,5.0837,4.8417
2,333,18,80,0.75,5.8896,3.1332,5.9614,4.8882,3.2051,0.0000,0.0000,4.8004,4.7259
2,334,18,80,1,6.6756,5.2744,6.2502,6.5276,5.9845,0.0000,0.0000,5.6962,5.6210
2,335,18,80,1.5,8.2323,3.3815,7.6592,7.6917,7.3093,4.7446,4.6381,7.2598,7.1166
2,336,18,160,0.75,13.1572,7.3541,10.1202,12.1739,10.5459,7.6164,6.6724,9.6244,8.0941
2,337,18,160,1,12.7931,7.9632,10.3382,11.2501,11.2580,7.5213,7.2979,9.3027,9.0596
2,338,18,160,1.5,14.8745,8.0752,11.5431,13.2804,12.4070,7.9604,7.1118,10.7303,9.9124
2,339,18,320,0.75,24.8434,13.4727,20.7446,22.6236,20.0317,12.7606,11.6607,18.7287,16.9063
2,340,18,320,1,26.1595,15.6050,21.7445,23.4433,23.0074,14.4885,13.7690,19.6950,19.3862
2,341,18,320,1.5,30.5398,15.5731,26.4834,27.7072,26.1536,14.5989,14.2590,24.1671,23.0435
2,342,19,10,0.75,2.9333,4.3570,3.2115,0.0000,3.7293,4.2726,0.0000,0.0000,0.0000
2,343,19,10,1,2.1706,1.1511,1.2146,0.0000,0.0000,0.0000,0.0000,0.0000,0.0000
2,344,19,10,1.5,1.7061,1.8872,3.8288,0.0000,0.0000,0.0000,0.0000,0.0000,0.0000
2,345,19,20,0.75,3.1457,2.0817,5.1977,0.0000,0.0000,0.0000,0.0000,4.9514,0.0000
2,346,19,20,1,2.4257,2.1223,4.8597,3.7605,0.0000,4.0279,3.7940,4.5343,4.3089
2,347,19,20,1.5,2.9823,2.8369,5.6267,0.0000,3.1402,0.0000,0.0000,4.7954,4.9718
2,348,19,40,0.75,4.7546,4.4758,8.9341,5.0130,4.6944,4.5449,4.3812,6.5600,6.8876
2,349,19,40,1,5.9464,6.5941,12.1672,4.8454,4.8217,7.1201,5.4550,10.0803,9.1370
2,350,19,40,1.5,9.5372,8.6464,13.2016,7.8002,7.8598,7.9503,7.0910,10.6711,10.1201
2,351,19,80,0.75,12.9930,12.4749,20.4743,9.9751,9.9806,10.5482,10.2781,16.1947,15.7584
2,352,19,80,1,13.6567,12.8347,20.9405,9.9131,11.5166,11.3165,9.7747,15.8780,18.1943
2,353,19,80,1.5,15.6649,15.2162,24.8980,12.3446,12.5373,13.6348,12.4447,19.2263,20.0420
2,354,19,160,0.75,25.6475,24.4882,39.8066,19.8995,18.5577,21.7958,17.7431,31.5850,30.4673
2,355,19,160,1,28.8071,28.8107,46.4654,22.1767,24.9829,25.6166,24.0042,36.5871,38.6364
2,356,19,160,1.5,31.6527,30.5121,49.9197,24.1704,27.3275,26.5025,26.3156,38.5577,41.3035
2,357,19,320,0.75,52.4362,50.5142,82.2537,40.5953,39.2269,44.7464,37.6628,65.8374,62.2806
2,358,19,320,1,58.8183,55.1490,90.6774,46.2829,49.4251,48.7328,46.9455,72.0941,76.0949
2,359,19,320,1.5,62.6605,58.7683,101.3195,48.8003,53.0677,51.4765,49.2153,78.7814,83.1663
2,360,20,10,0.75,1.5113,1.7535,1.6490,0.0000,3.8639,0.0000,0.0000,4.0565,0.0000
2,361,20,10,1,1.3615,1.7289,1.6713,0.0000,4.6841,0.0000,3.7772,0.0000,3.6942
2,362,20,10,1.5,3.9592,3.6844,3.5834,0.0000,0.0000,0.0000,0.0000,4.1470,0.0000
2,363,20,20,0.75,1.7634,1.1631,2.4294,0.0000,0.0000,0.0000,4.3057,4.4795,4.3127
2,364,20,20,1,0.8186,0.3471,0.1618,0.0000,0.0000,0.0000,0.0000,3.9403,0.0000
2,365,20,20,1.5,3.0422,3.1018,4.1390,0.0000,0.0000,0.0000,0.0000,0.0000,0.0000
2,366,20,40,0.75,4.6157,5.7704,6.2833,4.9264,0.0000,5.0104,4.9180,5.3163,4.9378
2,367,20,40,1,4.5910,5.6085,5.5419,4.6875,4.5230,5.5662,5.2261,4.9945,5.1453
2,368,20,40,1.5,5.7159,5.2562,6.5190,4.9057,5.0818,0.0000,0.0000,6.0185,5.2081
2,369,20,80,0.75,7.3908,8.1642,9.5149,6.4358,5.3954,7.5231,5.7827,7.1441,5.6999
2,370,20,80,1,8.1269,9.0091,11.5380,8.2410,7.9329,8.7113,8.5004,10.0712,9.3519
2,371,20,80,1.5,9.7906,11.0062,12.3004,8.6588,7.9927,9.6993,9.0295,10.4555,9.8908
2,372,20,160,0.75,16.4778,18.3729,21.6823,14.3967,12.8220,16.6644,14.4627,16.5978,14.3280
2,373,20,160,1,17.9206,20.1602,23.7969,16.2077,15.8921,18.5675,18.0479,19.4709,18.5789
2,374,20,160,1.5,16.2171,19.9998,24.0059,15.7658,15.0245,18.8552,17.2818,20.9638,20.3696
2,375,20,320,0.75,29.8684,35.2140,41.9803,26.8896,22.6497,33.1833,27.9236,34.7351,29.0031
2,376,20,320,1,33.1019,38.5793,45.0857,30.2852,28.7164,35.8561,33.3100,38.3768,36.0441
2,377,20,320,1.5,34.2332,40.4696,48.3091,30.8812,28.5878,37.1725,34.2425,40.6010,37.7159
2,378,21,10,0.75,0.1041,0.9795,0.5687,0.0000,4.2323,0.0000,0.0000,3.6732,0.0000
2,379,21,10,1,0.4564,0.5606,1.1645,0.0000,0.0000,4.3381,4.4368,0.0000,0.0000
2,380,21,10,1.5,0.5055,0.8641,0.1817,4.3258,4.1426,0.0000,0.0000,3.8721,0.0000
2,381,21,20,0.75,4.4626,3.5370,4.0253,0.0000,4.7188,4.4412,0.0000,5.0893,4.5782
2,382,21,20,1,1.9085,2.3253,2.1858,0.0000,0.0000,0.0000,0.0000,4.3099,0.0000
2,383,21,20,1.5,4.0971,3.6636,4.4099,0.0000,0.0000,0.0000,0.0000,4.0522,0.0000
2,384,21,40,0.75,4.4910,4.2763,5.8748,0.0000,0.0000,0.0000,0.0000,5.1838,4.5128
2,385,21,40,1,4.6373,4.3926,5.5218,0.0000,0.0000,0.0000,0.0000,0.0000,0.0000
2,386,21,40,1.5,4.0882,4.6443,5.1968,4.1975,4.0082,0.0000,4.0707,0.0000,4.5820
2,387,21,80,0.75,7.9113,6.9627,8.3851,6.4454,5.2837,6.5832,5.3858,8.4846,7.1569
2,388,21,80,1,10.0519,9.8083,11.3854,8.5667,7.6523,8.8392,8.5331,9.8436,10.0453
2,389,21,80,1.5,11.3833,9.0296,10.9997,8.9430,7.6389,7.9749,7.2256,9.8381,9.4124
2,390,21,160,0.75,18.8172,17.6549,20.5859,16.6461,13.7286,16.2024,14.0334,18.6867,16.4241
2,391,21,160,1,19.3935,18.6801,22.8658,16.7286,15.5229,16.4685,15.6033,20.1023,20.4198
2,392,21,160,1.5,19.4974,18.9576,23.0605,16.5644,15.5463,16.7072,16.4144,20.0603,20.5928
2,393,21,320,0.75,33.5107,31.0714,39.0863,28.8755,23.4263,27.4147,23.0058,33.8978,30.8937
2,394,21,320,1,37.8740,35.2320,43.4307,32.8603,29.4423,31.3012,29.8175,38.2356,38.5766
2,395,21,320,1.5,41.0438,37.3478,46.7758,33.0708,29.5644,31.5729,30.1986,39.7855,40.1704
2,396,22,10,0.75,-0.3847,2.2646,0.2315,4.1791,4.1315,0.0000,0.0000,0.0000,0.0000
2,397,22,10,1,2.3215,2.6840,1.9206,3.7831,0.0000,0.0000,0.0000,4.1762,4.3753
2,398,22,10,1.5,1.3562,2.4278,3.2152,4.2922,0.0000,0.0000,0.0000,0.0000,0.0000
2,399,22,20,0.75,1.7970,2.5235,1.9346,0.0000,0.0000,0.0000,0.0000,4.2088,3.5785
2,400,22,20,1,3.3620,4.5791,4.7117,0.0000,3.6583,0.0000,3.7832,0.0000,0.0000
2,401,22,20,1.5,2.5909,4.0126,4.7018,0.0000,0.0000,0.0000,0.0000,0.0000,0.0000
2,402,22,40,0.75,6.5963,8.2386,8.4907,5.2049,5.0669,6.5138,6.7737,5.2207,5.1445
2,403,22,40,1,5.1623,7.0591,8.1974,4.2141,4.6214,5.5949,6.4237,4.9388,4.9501
2,404,22,40,1.5,7.7033,10.9320,10.9322,6.2967,6.4698,8.4809,8.9708,5.2611,5.7556
2,405,22,80,0.75,11.1751,15.4477,16.5414,7.9123,7.9499,12.0754,12.2009,8.0848,8.3533
2,406,22,80,1,12.6783,18.9126,19.6445,9.9053,11.0047,15.1848,16.5044,9.3036,10.5887
2,407,22,80,1.5,15.3294,19.7627,21.4975,10.2730,10.6349,14.9131,15.7220,9.6271,9.9168
2,408,22,160,0.75,20.8970,31.7230,35.3372,15.7892,15.7468,24.5818,23.9353,16.1577,16.8011
2,409,22,160,1,26.2951,35.8954,39.9778,18.6829,21.0318,27.2794,30.5125,20.0436,22.5035
2,410,22,160,1.5,27.5067,38.0245,41.9625,19.5331,21.1776,29.3342,31.6115,19.5245,21.2382
2,411,22,320,0.75,43.9951,65.9025,70.5712,32.7544,32.1553,50.1136,49.5178,33.5293,32.3422
2,412,22,320,1,49.9237,70.5336,77.7241,34.9410,38.4912,53.1172,58.5197,37.1692,39.5036
2,413,22,320,1.5,55.6511,77.0052,85.3067,40.2286,43.9784,59.0861,64.5874,40.4970,43.7779
2,414,23,10,0.75,1.9828,2.5417,1.8895,0.0000,4.4828,0.0000,0.0000,0.0000,0.0000
2,415,23,10,1,2.1357,1.6643,1.8092,0.0000,0.0000,4.8829,5.0200,4.6562,0.0000
2,416,23,10,1.5,3.0953,2.4377,3.3476,4.0291,3.3318,0.0000,0.0000,4.7652,0.0000
2,417,23,20,0.75,2.8835,3.0267,3.4123,4.2550,4.3359,4.5851,4.5081,4.2665,0.0000
2,418,23,20,1,1.8736,2.4197,2.6084,4.3815,4.3119,0.0000,0.0000,0.0000,0.0000
2,419,23,20,1.5,2.9136,2.5075,4.9748,0.0000,3.3641,0.0000,0.0000,0.0000,3.6789
2,420,23,40,0.75,3.8574,5.0219,6.0695,0.0000,0.0000,4.9715,4.2398,4.9739,3.8658
2,421,23,40,1,5.4913,6.6366,7.3557,5.5025,5.3669,5.9502,5.6830,6.0551,5.8510
2,422,23,40,1.5,6.2976,7.9868,9.1258,5.9775,5.4071,7.5937,6.7294,8.6691,8.1708
2,423,23,80,0.75,9.9310,11.1116,14.4582,9.6121,8.3404,10.9151,9.1522,13.1351,11.4494
2,424,23,80,1,8.9764,11.8608,15.1251,8.6034,8.2591,11.1967,10.6326,13.5398,13.0511
2,425,23,80,1.5,11.8464,12.8079,15.5887,10.2639,9.9018,11.1431,10.6516,13.2946,12.8887
2,426,23,160,0.75,20.9836,24.8231,29.5681,20.0640,17.8411,23.6687,20.5167,27.2431,23.9437
2,427,23,160,1,21.9580,25.6097,31.0172,20.6165,20.6262,24.2846,23.1166,28.3189,27.4399
2,428,23,160,1.5,23.9525,27.1495,33.3385,21.6119,20.8733,24.9080,24.2497,29.5026,28.5452
2,429,23,320,0.75,40.2498,46.9296,56.2098,37.3187,31.9547,43.7473,36.6474,50.9720,43.4937
2,430,23,320,1,44.0246,51.4435,60.7095,40.4297,39.2854,47.9667,45.8559,54.5604,53.0793
2,431,23,320,1.5,46.3935,53.1948,64.2881,42.3361,40.3170,49.2469,46.3820,57.4433,54.9720
2,432,24,10,0.75,2.1241,2.7426,2.7930,4.3022,0.0000,0.0000,0.0000,4.3184,0.0000
2,433,24,10,1,1.5154,2.4743,2.0098,0.0000,3.8360,0.0000,0.0000,0.0000,4.2256
2,434,24,10,1.5,2.1801,2.4936,2.8039,4.0299,4.0751,4.3227,0.0000,5.5184,5.0523
2,435,24,20,0.75,3.2675,4.1066,4.0436,0.0000,3.6983,4.1951,0.0000,4.3245,4.7431
2,436,24,20,1,4.8501,5.3552,5.7977,4.0687,4.4103,4.3995,4.3315,0.0000,0.0000
2,437,24,20,1.5,3.8071,5.1861,5.4184,0.0000,3.9139,5.0985,5.2813,5.0244,5.0058
2,438,24,40,0.75,6.5446,8.9027,8.9857,5.2129,5.1244,6.4613,5.8876,5.2215,5.9425
2,439,24,40,1,7.0999,8.4534,8.9366,5.6288,6.3442,7.2917,6.4097,5.5075,5.8448
2,440,24,40,1.5,7.2031,8.0830,9.5862,5.6391,0.0000,7.2623,5.8190,6.1089,5.2972
2,441,24,80,0.75,12.9843,17.1657,17.9560,10.5603,10.0669,12.3384,11.5236,11.4383,11.2538
2,442,24,80,1,14.9828,18.0097,19.4117,9.8971,11.3180,13.0259,11.7863,10.0098,11.2134
2,443,24,80,1.5,15.8474,19.8802,21.0745,11.8930,12.3050,13.7088,11.9653,9.8661,11.1998
2,444,24,160,0.75,27.1474,31.6907,33.4673,19.4129,18.9286,22.8019,18.9624,20.9899,19.8673
2,445,24,160,1,28.5380,34.1640,36.7288,19.3846,22.0039,24.9385,22.4034,20.3975,22.6183
2,446,24,160,1.5,30.6204,36.7499,39.3192,21.5209,22.4461,26.8357,23.1481,21.7834,23.0420
2,447,24,320,0.75,53.4379,63.0484,67.0355,37.3706,35.6417,46.6299,36.0122,39.6299,36.9185
2,448,24,320,1,57.6937,69.4726,73.8856,40.7897,42.2494,50.3444,45.5101,44.2178,47.2623
2,449,24,320,1.5,61.9132,74.2891,78.5393,43.2518,46.3699,54.1504,46.3161,44.1379,47.2265
2,450,25,10,0.75,1.4151,1.9835,1.8908,0.0000,4.8966,4.6571,4.2874,0.0000,0.0000
2,451,25,10,1,-0.9898,0.3633,0.4278,0.0000,0.0000,0.0000,4.6915,4.3790,0.0000
2,452,25,10,1.5,1.1758,1.3460,1.6816,4.0182,3.9591,0.0000,3.6997,0.0000,0.0000
2,453,25,20,0.75,2.3029,1.9563,2.8580,0.0000,0.0000,0.0000,0.0000,0.0000,0.0000
2,454,25,20,1,3.6487,2.5292,2.8843,4.9638,5.1450,0.0000,0.0000,0.0000,5.3071
2,455,25,20,1.5,3.2193,2.8195,3.3678,0.0000,0.0000,4.2318,4.2981,4.3369,4.1295
2,456,25,40,0.75,4.3199,3.8230,5.2647,4.5355,4.6212,0.0000,4.4485,4.9730,5.2684
2,457,25,40,1,6.3083,6.1847,7.1826,6.3928,6.5666,5.9106,6.3429,6.5855,7.0597
2,458,25,40,1.5,4.8243,4.7843,5.6873,4.8446,4.6549,4.9453,4.8520,4.6336,4.7734
2,459,25,80,0.75,9.0305,8.4061,10.0489,7.7192,6.9124,7.5908,5.9106,8.5539,8.1231
2,460,25,80,1,10.4358,10.2597,10.6539,9.1838,8.8059,9.7497,8.8363,9.2643,8.7311
2,461,25,80,1.5,9.2413,9.2047,10.3353,7.6338,7.8070,8.2262,7.0428,8.1830,8.7961
2,462,25,160,0.75,15.7927,16.2886,17.9765,13.7380,12.8992,14.5296,12.0921,14.5749,13.2730
2,463,25,160,1,18.8591,18.2301,20.0584,16.3711,16.9998,16.1300,16.2899,16.4378,18.1467
2,464,25,160,1.5,20.0714,19.6497,21.9581,17.9637,17.6743,18.0702,17.0784,19.2622,18.7038
2,465,25,320,0.75,30.9060,30.9292,35.3035,26.1015,25.1186,27.0903,23.8567,28.2057,27.5889
2,466,25,320,1,37.7151,36.0974,40.8068,33.1542,34.2059,32.8276,31.6640,34.8272,36.1119
2,467,25,320,1.5,40.1640,38.7677,44.8222,34.2878,36.2143,34.5539,33.6558,36.9851,39.0634
2,468,26,10,0.75,1.8512,1.1569,2.0359,0.0000,0.0000,4.4140,4.0117,0.0000,4.4945
2,469,26,10,1,2.6475,2.1224,2.6797,0.0000,0.0000,0.0000,0.0000,0.0000,0.0000
2,470,26,10,1.5,-1.1441,0.1335,-0.1647,0.0000,0.0000,0.0000,3.6868,0.0000,0.0000
2,471,26,20,0.75,1.2000,0.7867,0.8269,0.0000,0.0000,0.0000,0.0000,4.6933,0.0000
2,472,26,20,1,4.0248,3.6247,4.3493,4.5711,4.6924,4.3325,3.8900,0.0000,0.0000
2,473,26,20,1.5,1.6698,2.2570,2.7885,4.8856,0.0000,4.4772,0.0000,4.6105,0.0000
2,474,26,40,0.75,6.8609,7.8553,5.4563,4.8585,4.8400,5.4730,5.4496,4.2701,4.4487
2,475,26,40,1,5.4665,6.7627,6.9065,4.8223,4.6963,5.7118,5.7566,5.5306,5.1458
2,476,26,40,1.5,4.7420,6.2280,6.4280,0.0000,4.2469,4.8736,5.9201,5.4370,5.4852
2,477,26,80,0.75,10.1858,10.0428,11.1569,7.8183,6.4255,8.5879,6.6101,9.3806,7.5300
2,478,26,80,1,9.8600,11.0906,12.6037,8.4806,7.7763,9.1948,8.6579,11.3860,10.7752
2,479,26,80,1.5,12.7417,14.9322,14.1071,9.8656,9.1028,10.5997,11.4644,11.9220,11.7664
2,480,26,160,0.75,21.2208,24.6429,24.8738,16.3355,13.6216,18.2367,16.9980,21.1691,17.8740
2,481,26,160,1,22.3968,25.9087,26.5273,17.6495,15.9086,19.0992,18.0062,23.1405,21.4890
2,482,26,160,1.5,23.1786,26.7710,27.9443,18.9848,17.6228,20.0405,20.7720,25.0968,23.7327
2,483,26,320,0.75,40.0908,46.5856,48.4056,31.3498,26.0069,34.5415,29.4130,42.3850,35.9207
2,484,26,320,1,45.8552,53.5932,55.5162,37.1092,33.9892,40.7358,38.0961,48.4933,45.5317
2,485,26,320,1.5,48.9168,55.5619,57.8117,38.2613,34.9309,40.4629,40.4182,50.5855,48.3775
2,486,27,10,0.75,2.4716,2.6625,1.9566,0.0000,0.0000,4.7282,4.8722,0.0000,5.8088
2,487,27,10,1,2.4597,1.8903,0.7896,4.4853,5.0104,4.3190,0.0000,0.0000,0.0000
2,488,27,10,1.5,1.3441,1.2919,0.3083,4.5463,4.3022,3.9980,4.3764,4.1586,4.4100
2,489,27,20,0.75,1.5170,2.3898,2.0915,0.0000,4.2599,3.8404,3.9446,0.0000,0.0000
2,490,27,20,1,2.8987,3.9420,4.3868,0.0000,0.0000,4.2760,4.5594,0.0000,0.0000
2,491,27,20,1.5,3.6895,4.3192,4.9331,0.0000,0.0000,0.0000,0.0000,4.1255,0.0000
2,492,27,40,0.75,3.8412,5.1419,5.4694,4.3226,4.4121,4.5876,0.0000,4.4437,0.0000
2,493,27,40,1,4.9089,5.8648,6.5465,0.0000,0.0000,4.3513,5.1489,0.0000,0.0000
2,494,27,40,1.5,5.9483,6.5473,7.0758,5.9546,5.4634,6.0023,6.0190,4.0522,4.7961
2,495,27,80,0.75,9.5862,11.7978,13.2484,7.6958,6.6140,8.5802,7.2680,7.4643,6.2720
2,496,27,80,1,10.9468,13.0844,13.5278,8.6966,7.8189,9.1957,9.7688,7.7532,7.5137
2,497,27,80,1.5,9.8552,12.2167,13.5516,7.6747,7.4844,8.5688,9.5877,7.7758,8.5784
2,498,27,160,0.75,18.2412,23.4268,23.7538,13.4633,12.2848,16.8172,15.4554,13.5992,12.6531
2,499,27,160,1,20.0981,25.5192,27.6575,15.5106,14.9110,18.5781,18.1880,16.0360,15.5607
2,500,27,160,1.5,22.0731,26.8787,29.4351,17.3506,15.7803,18.9884,18.8434,16.3943,16.0141
2,501,27,320,0.75,36.3237,45.6677,50.1031,27.0230,23.8395,33.0505,29.4678,28.7553,25.7645
2,502,27,320,1,38.5839,49.3078,53.2739,27.5758,26.3754,33.2867,33.4937,28.5816,28.6443
2,503,27,320,1.5,42.5593,50.7041,56.1946,30.6621,29.3700,35.5432,35.0615,30.3897,30.0637
2,504,28,10,0.75,1.9324,2.2552,1.6257,0.0000,0.0000,4.3839,0.0000,0.0000,0.0000
2,505,28,10,1,0.8879,0.7730,1.1261,0.0000,0.0000,3.9829,0.0000,0.0000,0.0000
2,506,28,10,1.5,0.5920,-0.1990,0.9299,0.0000,0.0000,0.0000,0.0000,0.0000,0.0000
2,507,28,20,0.75,3.7851,4.5403,3.8320,0.0000,0.0000,0.0000,4.5588,0.0000,0.0000
2,508,28,20,1,1.5504,1.2248,2.2782,0.0000,0.0000,0.0000,0.0000,0.0000,0.0000
2,509,28,20,1.5,3.5924,3.9113,3.8380,0.0000,4.4667,0.0000,0.0000,0.0000,0.0000
2,510,28,40,0.75,5.2290,4.4942,5.7258,4.8983,4.2615,4.8328,4.7461,5.6976,5.0621
2,511,28,40,1,7.1452,6.8318,8.3904,6.9175,6.3503,6.8613,6.4932,7.7322,7.2827
2,512,28,40,1.5,5.6286,6.1299,7.3659,5.3310,5.6366,5.4181,5.3374,6.2166,6.4180
2,513,28,80,0.75,10.5957,10.4961,13.9533,9.5050,8.1755,9.3208,7.8376,10.8590,9.6141
2,514,28,80,1,10.3780,10.3741,14.2877,10.1594,9.6226,9.6480,9.2557,12.2583,11.9984
2,515,28,80,1.5,13.1456,11.9206,15.1386,12.2932,10.5109,10.8851,9.3442,13.3948,11.5049
2,516,28,160,0.75,19.6645,18.1115,23.1038,17.9751,14.3244,17.2072,13.8807,19.9748,16.6525
2,517,28,160,1,22.3185,20.5430,27.1548,20.6232,19.4092,18.8884,17.8026,23.0899,22.5874
2,518,28,160,1.5,22.8527,21.1726,28.1641,20.6447,18.1239,18.8813,17.9330,23.4341,21.7694
2,519,28,320,0.75,41.0716,37.8869,49.3056,38.2435,31.4824,34.9985,29.0668,41.7129,35.4352
2,520,28,320,1,43.0864,39.0780,51.6143,39.8305,37.2534,35.9083,33.8770,44.7281,42.6591
2,521,28,320,1.5,46.1746,42.0589,55.5561,42.6083,39.7174,38.3219,36.4888,48.4777,45.5188
2,522,29,10,0.75,1.4880,2.0717,3.5674,4.0161,0.0000,0.0000,0.0000,0.0000,0.0000
2,523,29,10,1,0.9572,2.8315,2.3523,0.0000,0.0000,0.0000,0.0000,0.0000,0.0000
2,524,29,10,1.5,2.4434,2.6583,2.9083,4.7862,4.6827,4.4089,0.0000,0.0000,0.0000
2,525,29,20,0.75,4.8904,4.9724,5.8477,0.0000,0.0000,0.0000,4.2940,4.3554,0.0000
2,526,29,20,1,5.7643,6.5123,8.0229,5.6462,5.5594,5.8479,5.8747,5.3930,5.7709
2,527,29,20,1.5,4.2243,4.9369,6.3815,4.7319,4.9372,5.0718,5.1839,4.8352,5.2969
2,528,29,40,0.75,7.8195,10.3378,10.9186,6.5881,5.9303,8.4047,7.7926,6.6694,7.0624
2,529,29,40,1,6.7742,9.5238,12.0104,5.7782,5.6267,7.9074,7.6534,6.1136,8.0581
2,530,29,40,1.5,8.2860,11.6333,13.1260,6.7373,6.6598,9.5133,9.4399,6.8632,8.6853
2,531,29,80,0.75,13.2666,18.1158,22.2022,9.6126,9.1373,15.2097,13.3653,10.8597,13.9071
2,532,29,80,1,15.0520,19.6243,23.3144,12.3447,13.2049,16.5278,16.2013,12.2410,16.6578
2,533,29,80,1.5,16.7624,21.4721,24.8144,12.0017,13.5400,18.7367,19.1020,11.6980,18.0029
2,534,29,160,0.75,28.8038,37.2223,44.9479,20.3880,20.0693,31.6974,27.8865,20.9303,29.5355
2,535,29,160,1,28.4273,38.8102,45.5464,21.7811,23.8664,33.4514,34.1411,21.7802,35.0380
2,536,29,160,1.5,31.8780,42.5548,50.7702,23.1415,24.8587,36.9832,37.1019,24.8393,37.1140
2,537,29,320,0.75,52.6044,71.3161,84.6176,39.7465,37.1310,59.8042,53.8209,40.2709,54.5117
2,538,29,320,1,59.6391,79.4317,93.7882,43.2904,46.9632,68.0342,68.1928,45.7157,67.3886
2,539,29,320,1.5,63.1111,83.1382,99.1824,44.8141,49.5119,71.0408,71.2410,48.2703,72.0220
2,540,30,10,0.75,0.3212,0.2204,0.8564,3.8237,0.0000,0.0000,3.9607,4.0084,4.3461
2,541,30,10,1,1.3292,2.3963,2.1197,0.0000,0.0000,4.4128,0.0000,4.7801,4.6575
2,542,30,10,1.5,2.5483,2.7960,2.8557,0.0000,3.6840,0.0000,0.0000,0.0000,0.0000
2,543,30,20,0.75,1.8054,1.8075,1.6945,0.0000,0.0000,0.0000,0.0000,0.0000,0.0000
2,544,30,20,1,2.1439,2.5693,2.4969,0.0000,0.0000,4.5824,4.8199,0.0000,0.0000
2,545,30,20,1.5,1.4431,1.9386,2.8342,0.0000,0.0000,0.0000,4.0141,0.0000,4.2834
2,546,30,40,0.75,3.7439,3.8072,3.3477,0.0000,4.3793,4.6013,4.3756,0.0000,4.3974
2,547,30,40,1,2.8928,5.7010,5.2937,0.0000,4.0188,4.7405,0.0000,0.0000,4.4950
2,548,30,40,1.5,6.1951,6.5663,7.1446,6.2141,5.6065,6.4725,5.7952,6.9249,5.6136
2,549,30,80,0.75,9.1757,10.3510,10.7291,7.5751,6.0919,8.9342,6.2405,8.7048,6.6156
2,550,30,80,1,9.4595,11.8167,12.1952,9.0771,8.5271,11.1772,9.4882,10.3753,8.6456
2,551,30,80,1.5,12.3608,12.5590,13.1776,10.3532,8.3623,10.2366,8.2479,10.2219,7.9887
2,552,30,160,0.75,16.2887,21.3953,21.4759,13.7423,10.9250,17.3950,11.8749,17.3809,12.8349
2,553,30,160,1,17.5257,21.4437,22.4093,15.0768,13.0700,17.2048,13.2085,17.9171,15.2131
2,554,30,160,1.5,20.3469,23.7606,24.5605,17.2634,14.6981,18.7624,15.1063,19.3925,14.9676
2,555,30,320,0.75,32.6321,42.7672,44.5437,27.8224,21.5976,35.3286,23.8269,36.5845,25.9501
2,556,30,320,1,38.4245,45.2591,47.4133,32.5950,28.4026,36.5924,28.6388,37.5511,30.5507
2,557,30,320,1.5,38.9178,47.3100,50.0467,33.7436,29.4550,38.4748,29.6831,41.1129,33.2369
2,558,31,10,0.75,3.4842,3.6700,4.7192,4.0127,0.0000,4.1387,4.0483,4.5839,4.6692
2,559,31,10,1,2.3915,3.3177,5.2240,0.0000,4.3509,0.0000,0.0000,4.1876,4.7503
2,560,31,10,1.5,4.3462,4.3345,6.4755,3.8779,0.0000,4.2363,0.0000,5.1515,4.8727
2,561,31,20,0.75,3.5590,4.5759,7.6735,4.4896,4.3157,4.6598,0.0000,6.2283,6.4912
2,562,31,20,1,4.5175,5.4103,8.2780,5.0728,4.7262,5.4583,5.9660,5.9929,6.4369
2,563,31,20,1.5,4.8718,7.7770,10.4685,0.0000,4.1274,6.7121,6.2672,6.5515,7.8605
2,564,31,40,0.75,7.0648,9.2930,14.3404,4.7219,4.4285,7.7357,6.4123,10.2999,11.5680
2,565,31,40,1,6.8355,11.7954,15.6038,5.4402,5.3352,9.4659,8.7192,10.3954,12.0819
2,566,31,40,1.5,11.1294,13.7625,18.9244,8.5024,7.2330,11.1791,10.0626,12.5879,14.8845
2,567,31,80,0.75,15.0677,21.3485,30.4321,12.1737,10.6727,16.6945,14.1700,19.6015,22.5885
2,568,31,80,1,16.5299,23.8783,34.0831,13.3443,12.8800,18.8492,17.7972,21.8210,27.1956
2,569,31,80,1.5,19.5664,26.5256,39.4101,12.8048,14.2335,20.5833,19.1196,24.2032,31.6372
2,570,31,160,0.75,27.8451,44.7062,60.0407,21.3348,19.1079,34.4817,29.3131,38.2667,44.2343
2,571,31,160,1,32.6428,49.1538,68.6698,23.6378,24.3637,37.8352,36.9091,43.2972,55.5829
2,572,31,160,1.5,34.9511,50.9053,76.5719,24.6608,24.7580,39.7437,37.9268,49.4247,61.8132
2,573,31,320,0.75,60.0077,89.1293,123.9752,43.8123,39.9730,69.3079,59.7949,77.9999,91.4448
2,574,31,320,1,65.7724,97.9412,138.1978,46.5257,48.7835,75.4570,72.9020,86.3978,111.1037
2,575,31,320,1.5,73.2421,103.9975,150.1463,50.6962,50.9310,79.4133,76.3567,93.8178,120.0567
2,576,32,10,0.75,0.5861,0.6948,1.2549,0.0000,4.3409,0.0000,0.0000,0.0000,0.0000
2,577,32,10,1,1.1142,-0.2486,1.1716,3.7577,0.0000,0.0000,0.0000,0.0000,0.0000
2,578,32,10,1.5,1.3851,2.3521,1.6798,4.5993,0.0000,0.0000,4.5502,0.0000,4.9375
2,579,32,20,0.75,1.3625,1.8378,2.8040,0.0000,0.0000,0.0000,4.8783,4.5792,4.3821
2,580,32,20,1,3.0358,2.0268,2.7579,0.0000,0.0000,0.0000,4.5082,0.0000,0.0000
2,581,32,20,1.5,3.7449,3.9332,3.2952,0.0000,0.0000,0.0000,4.0664,0.0000,0.0000
2,582,32,40,0.75,5.4002,5.1478,5.9564,4.8049,0.0000,4.6746,3.9729,5.4337,0.0000
2,583,32,40,1,5.5255,5.2520,6.2279,5.4710,5.4629,5.0985,5.7009,5.4312,4.9701
2,584,32,40,1.5,4.2362,3.8854,4.2859,5.4618,5.6753,4.9029,4.6485,6.6656,6.2711
2,585,32,80,0.75,10.2025,9.6791,10.9397,9.3816,8.0505,8.3765,7.7223,9.9479,8.5745
2,586,32,80,1,10.1297,9.5005,10.4860,9.3873,9.1439,8.6553,9.0330,9.4390,8.9748
2,587,32,80,1.5,11.9800,10.6419,12.1512,10.5960,10.4602,9.1818,9.4876,10.2793,9.9141
2,588,32,160,0.75,18.5395,17.6980,20.2549,16.4485,15.2721,15.2940,14.6992,18.1023,16.1051
2,589,32,160,1,19.9306,18.8798,21.5799,16.9193,17.4870,16.1818,16.7675,18.0043,17.6672
2,590,32,160,1.5,22.4814,20.3935,23.9788,20.3260,19.7364,18.8431,18.0394,20.0211,19.6941
2,591,32,320,0.75,37.3756,34.5951,40.4499,32.8911,30.9519,30.2211,27.9395,33.9996,30.6570
2,592,32,320,1,42.8845,41.0140,46.4393,36.4451,37.1377,35.9209,35.8273,37.6238,36.7908
2,593,32,320,1.5,43.4053,39.1922,46.9571,38.5116,39.0431,34.6207,35.0684,40.4618,40.4174
2,594,33,10,0.75,2.9689,2.4591,2.3101,4.1198,3.8208,0.0000,3.4634,0.0000,0.0000
2,595,33,10,1,0.6068,1.2389,0.7176,0.0000,0.0000,0.0000,0.0000,0.0000,0.0000
2,596,33,10,1.5,2.0427,1.0630,1.9179,0.0000,0.0000,0.0000,0.0000,0.0000,0.0000
2,597,33,20,0.75,4.6482,5.5907,5.2960,0.0000,4.1887,4.2348,0.0000,0.0000,4.3787
2,598,33,20,1,3.0558,3.8542,4.0869,0.0000,0.0000,0.0000,0.0000,0.0000,0.0000
2,599,33,20,1.5,2.4477,3.3103,2.3404,4.4473,4.1613,3.8900,3.2700,5.2705,0.0000
2,600,33,40,0.75,7.5971,9.1375,8.1692,6.7798,5.8617,6.3333,4.6507,5.5692,4.8286
2,601,33,40,1,5.3099,6.7899,6.7048,4.5817,4.7363,4.2295,4.1912,5.0616,4.7505
2,602,33,40,1.5,7.7035,10.0690,9.4286,6.7798,6.0237,6.0313,6.2620,5.6482,4.6882
2,603,33,80,0.75,10.2330,13.2877,13.7623,8.2475,6.5735,7.0126,4.4694,8.8289,6.9914
2,604,33,80,1,16.3830,17.0017,17.5905,13.1998,12.3107,10.7176,9.2814,10.5485,9.7594
2,605,33,80,1.5,12.9620,15.3820,16.3111,11.0953,9.8028,10.1311,8.4263,11.5282,11.2467
2,606,33,160,0.75,26.0435,30.2398,30.1268,22.4770,19.2544,19.2255,14.0163,18.7088,17.0299
2,607,33,160,1,29.4848,33.1282,33.4196,25.0222,22.8826,21.3052,18.3173,20.7329,20.5607
2,608,33,160,1.5,29.0715,32.6586,32.3075,24.5766,23.2962,19.3582,16.2868,20.6206,20.8185
2,609,33,320,0.75,51.1306,57.7798,58.8455,41.7988,34.5463,35.7822,26.8438,36.9955,32.7627
2,610,33,320,1,55.0169,62.4146,64.5802,44.6472,40.6733,37.4537,30.6163,40.9631,40.3220
2,611,33,320,1.5,58.5124,64.3739,66.9164,48.7210,44.0452,39.5450,31.1894,42.5992,40.5626
2,612,34,10,0.75,-0.7451,0.1091,1.6856,0.0000,0.0000,0.0000,0.0000,0.0000,0.0000
2,613,34,10,1,1.3392,2.3398,2.5649,3.7134,4.0237,0.0000,0.0000,3.3625,3.2646
2,614,34,10,1.5,0.1280,0.2258,0.3292,4.1002,3.9839,4.3866,4.2453,0.0000,4.0992
2,615,34,20,0.75,4.4431,4.1540,6.2932,0.0000,0.0000,0.0000,0.0000,6.3220,5.5616
2,616,34,20,1,2.8918,3.1613,4.6610,0.0000,0.0000,0.0000,0.0000,5.3094,4.2966
2,617,34,20,1.5,2.4763,2.2807,5.2064,4.5494,4.5358,4.7039,0.0000,5.0901,0.0000
2,618,34,40,0.75,5.3235,5.7635,8.1472,4.9604,4.8905,5.5395,5.0259,6.8842,6.6670
2,619,34,40,1,7.6277,8.1769,10.1254,6.7847,6.7259,7.4937,7.5602,8.8197,9.6601
2,620,34,40,1.5,6.6877,6.9819,10.7091,5.3192,5.5264,5.7823,5.9493,7.6342,8.7218
2,621,34,80,0.75,11.4566,12.7264,17.8022,10.2203,9.6800,12.3568,11.3486,15.1871,15.1401
2,622,34,80,1,14.3002,14.3996,20.0663,13.1336,13.2259,13.9061,14.2167,17.0877,19.0393
2,623,34,80,1.5,13.3147,13.9434,21.9655,10.8427,12.2536,12.3786,13.1805,17.1875,20.2118
2,624,34,160,0.75,23.2965,24.0189,34.7510,19.6252,18.0788,21.9079,19.7475,27.2467,27.4733
2,625,34,160,1,25.7828,27.1521,39.4937,22.7968,24.1719,24.9373,26.5238,32.3044,36.3955
2,626,34,160,1.5,27.5686,29.1551,43.3358,23.9334,24.3327,26.7929,26.9299,34.5474,38.4993
2,627,34,320,0.75,47.7061,51.0142,72.8767,41.7033,39.6829,46.8653,43.1633,58.9612,59.5781
2,628,34,320,1,52.5498,55.6501,79.8731,45.8250,48.5668,51.0232,52.9937,64.3065,72.5669
2,629,34,320,1.5,55.2827,58.3225,87.0116,48.2043,49.7130,53.9051,54.4658,69.9221,77.3179
2,630,35,10,0.75,2.0480,3.8026,3.0542,0.0000,0.0000,0.0000,0.0000,0.0000,0.0000
2,631,35,10,1,4.0717,5.1694,4.4029,4.4850,0.0000,5.4332,5.5435,4.1468,4.3756
2,632,35,10,1.5,2.5301,2.5200,2.4299,0.0000,0.0000,0.0000,0.0000,0.0000,0.0000
2,633,35,20,0.75,2.8240,2.7599,3.6168,0.0000,4.4674,0.0000,4.3525,0.0000,0.0000
2,634,35,20,1,2.7827,2.7040,3.9364,4.8276,4.9139,4.1931,4.2747,4.7717,0.0000
2,635,35,20,1.5,4.9746,4.6406,5.1826,4.6599,4.8008,0.0000,0.0000,0.0000,4.9791
2,636,35,40,0.75,6.6764,9.8128,8.1072,6.7263,5.9112,9.2350,7.4487,7.4714,6.0569
2,637,35,40,1,7.2994,7.7489,8.3447,6.7739,6.3204,7.4660,7.2279,7.7839,7.1860
2,638,35,40,1.5,8.6674,10.5305,9.8645,8.3702,8.4948,9.6633,9.5736,9.7245,9.1334
2,639,35,80,0.75,9.7355,13.9422,13.4320,9.4523,8.0884,12.1679,10.8715,11.3191,10.0809
2,640,35,80,1,10.7400,16.4523,15.6458,9.9185,9.7171,14.8246,14.4652,13.3824,12.5464
2,641,35,80,1.5,13.6556,18.4552,17.9877,13.3682,12.2068,16.9698,15.5661,16.6027,15.2976
2,642,35,160,0.75,21.7497,31.1628,29.8927,20.8612,17.6650,27.9559,23.9449,26.1585,23.2943
2,643,35,160,1,25.6948,35.7527,33.9420,25.0318,23.3425,32.3081,30.9651,30.2596,28.6643
2,644,35,160,1.5,27.9230,38.3535,36.6179,26.7151,24.7596,34.6110,32.4070,32.4541,30.1129
2,645,35,320,0.75,44.1921,63.6268,59.7858,42.7371,36.9719,57.9580,49.3196,53.5878,44.9762
2,646,35,320,1,51.5716,70.3237,67.8068,48.5719,46.0010,63.5521,60.7184,59.8129,56.0107
2,647,35,320,1.5,54.0072,74.4376,71.1003,51.4574,48.6456,67.1307,63.6659,62.8790,58.5649
3,0,0,10,0.75,-0.0575,-0.5758,0.8079,0.0000,4.0650,0.0000,0.0000,3.7422,0.0000
3,1,0,10,1,-0.2374,-1.6483,-0.5918,0.0000,0.0000,0.0000,0.0000,0.0000,0.0000
3,2,0,10,1.5,1.0048,0.5578,0.8293,0.0000,0.0000,4.2123,0.0000,0.0000,0.0000
3,3,0,20,0.75,0.7336,0.7102,0.6276,4.4591,4.2902,4.5846,4.3706,3.7072,0.0000
3,4,0,20,1,1.4414,1.5076,2.2997,0.0000,4.3551,0.0000,0.0000,0.0000,0.0000
3,5,0,20,1.5,0.9309,0.7769,1.3459,3.8178,0.0000,4.4208,4.5168,0.0000,0.0000
3,6,0,40,0.75,0.6207,0.5267,-0.0567,3.9760,3.7208,0.0000,0.0000,0.0000,0.0000
3,7,0,40,1,0.5126,3.3107,2.3652,0.0000,0.0000,4.0652,4.0700,0.0000,4.4984
3,8,0,40,1.5,1.9381,1.7371,2.6273,4.4957,4.3917,4.5279,4.5179,4.4558,4.4898
3,9,0,80,0.75,2.1256,3.5317,3.1815,0.0000,3.8839,4.5620,0.0000,5.0849,0.0000
3,10,0,80,1,3.7001,3.8639,5.2475,0.0000,0.0000,4.4378,4.3585,6.0669,5.9266
3,11,0,80,1.5,5.0235,4.1469,5.4104,4.8247,0.0000,5.2797,5.7093,5.1897,5.1841
3,12,0,160,0.75,5.6404,7.9426,8.8211,5.3327,0.0000,8.0084,7.3389,8.3328,7.0288
3,13,0,160,1,9.0065,11.0624,11.6004,7.6945,8.0598,10.6820,10.8735,10.5821,10.2117
3,14,0,160,1.5,9.0500,8.1931,9.5803,8.8531,7.7887,7.6712,7.4673,9.0118,7.7803
3,15,0,320,0.75,16.2066,19.2361,21.1514,14.6004,12.8691,18.0270,16.1332,19.3494,16.7067
3,16,0,320,1,16.0199,18.6349,19.4270,14.7658,14.0155,18.1249,17.5147,18.2850,16.3231
3,17,0,320,1.5,16.6722,19.5651,20.9833,15.2784,14.1905,18.9335,18.0262,19.8356,17.5375
3,18,1,10,0.75,0.9802,1.9129,1.5519,5.1067,0.0000,4.9310,0.0000,0.0000,0.0000
3,19,1,10,1,1.7394,2.0505,2.0884,0.0000,0.0000,0.0000,0.0000,4.3353,0.0000
3,20,1,10,1.5,0.3617,0.5833,1.4338,0.0000,4.3692,0.0000,0.0000,0.0000,3.7872
3,21,1,20,0.75,0.9069,1.7901,1.3117,0.0000,0.0000,4.3475,4.1052,4.1574,4.3359
3,22,1,20,1,3.1080,3.3097,2.2269,0.0000,0.0000,0.0000,0.0000,0.0000,0.0000
3,23,1,20,1.5,2.2464,1.9444,2.3285,0.0000,0.0000,5.2438,4.9531,0.0000,0.0000
3,24,1,40,0.75,5.0685,5.5092,6.6874,4.2365,0.0000,4.5888,4.7763,5.9717,5.6095
3,25,1,40,1,2.0669,2.6121,3.9144,0.0000,0.0000,0.0000,0.0000,0.0000,0.0000
3,26,1,40,1.5,5.5194,5.3269,7.0034,5.0333,4.1309,5.1698,4.7055,4.7488,4.6986
3,27,1,80,0.75,6.7216,7.6915,7.9718,5.2701,4.7775,6.3640,5.6758,5.2061,4.6610
3,28,1,80,1,7.1449,8.1258,8.2267,7.0410,7.6134,8.2070,8.3343,7.1588,7.3710
3,29,1,80,1.5,7.5495,7.6613,9.3712,5.5010,5.4719,6.4218,6.5347,6.9103,6.7227
3,30,1,160,0.75,13.8823,15.0431,17.6386,11.4875,10.4851,13.5395,12.3635,12.9014,11.7424
3,31,1,160,1,17.3523,18.9630,22.4623,14.2779,13.8418,17.4600,16.8087,16.3280,15.9307
3,32,1,160,1.5,17.2967,18.7747,22.5843,12.7921,12.6167,15.7937,15.9313,14.5058,15.1518
3,33,1,320,0.75,31.8163,35.3509,39.7507,24.4108,21.7269,30.0735,26.9080,27.9475,25.4199
3,34,1,320,1,33.3543,35.5520,40.2145,24.3340,24.2742,30.2986,30.0119,27.6197,28.5169
3,35,1,320,1.5,34.7726,36.4052,42.8969,24.4418,23.4965,30.1478,29.4082,27.9448,28.0395
3,36,2,10,0.75,-0.0488,0.9284,1.5921,4.1133,3.8289,0.0000,4.1428,0.0000,4.2900
3,37,2,10,1,2.6608,3.4713,2.6706,0.0000,0.0000,0.0000,4.4012,0.0000,0.0000
3,38,2,10,1.5,1.8117,1.5082,2.6952,0.0000,0.0000,0.0000,0.0000,0.0000,4.4874
3,39,2,20,0.75,1.3398,2.2297,3.0995,4.5113,0.0000,0.0000,0.0000,4.3849,4.3291
3,40,2,20,1,1.9382,2.1157,4.3200,3.7584,0.0000,0.0000,0.0000,0.0000,0.0000
3,41,2,20,1.5,-0.1493,1.8361,2.4879,0.0000,4.3607,0.0000,4.2360,0.0000,0.0000
3,42,2,40,0.75,5.9048,5.7281,8.6461,0.0000,4.3623,4.5542,0.0000,6.5946,6.2935
3,43,2,40,1,5.2435,6.7532,6.9012,4.6974,4.6232,6.2834,6.2287,6.2402,5.9496
3,44,2,40,1.5,6.4712,6.7332,8.2965,6.6650,6.3196,6.7051,6.5113,7.2587,7.2433
3,45,2,80,0.75,8.2937,10.6986,12.5248,6.8464,6.0776,9.7090,8.3284,10.5402,9.2437
3,46,2,80,1,10.5621,11.0653,14.6505,9.1746,8.5530,9.9647,9.4420,11.7921,10.7899
3,47,2,80,1.5,9.6610,12.4636,16.0471,7.3025,7.1001,11.0461,10.5934,12.1891,11.6183
3,48,2,160,0.75,15.8997,18.7048,25.3275,13.1758,11.6040,16.6702,14.7213,18.9180,16.3858
3,49,2,160,1,16.5600,21.3450,26.7743,13.8155,13.4037,18.6831,18.3644,20.0393,19.1219
3,50,2,160,1.5,22.3457,25.3263,31.1087,18.4514,17.4473,22.3603,21.7110,24.0569,23.1979
3,51,2,320,0.75,32.1571,40.4482,50.7628,26.8026,22.6878,35.7949,31.0179,38.4649,32.6262
3,52,2,320,1,36.3836,44.0691,57.0954,29.5263,28.2763,38.3806,37.8717,43.7803,42.4086
3,53,2,320,1.5,41.3786,48.6319,60.8027,32.9335,31.5573,43.3479,41.4830,46.7823,44.5114
3,54,3,10,0.75,-1.4152,-1.0386,-0.7425,5.0678,4.8544,0.0000,0.0000,4.6520,4.4892
3,55,3,10,1,1.8058,2.3989,1.4463,0.0000,0.0000,0.0000,4.0856,3.7455,0.0000
3,56,3,10,1.5,-2.2844,0.0959,0.6313,0.0000,0.0000,0.0000,0.0000,4.4131,0.0000
3,57,3,20,0.75,1.3133,1.2285,0.6279,0.0000,4.3351,0.0000,4.1518,0.0000,0.0000
3,58,3,20,1,2.6927,2.1887,3.7640,0.0000,0.0000,3.9184,0.0000,0.0000,3.4850
3,59,3,20,1.5,0.1863,0.2762,0.6335,0.0000,4.1161,0.0000,4.2773,3.7692,0.0000
3,60,3,40,0.75,2.1676,3.5529,3.9327,3.5133,3.9980,0.0000,0.0000,0.0000,3.8451
3,61,3,40,1,1.6256,3.9449,3.6865,0.0000,0.0000,0.0000,0.0000,0.0000,0.0000
3,62,3,40,1.5,1.6347,3.4867,2.9405,3.2389,0.0000,0.0000,5.0845,0.0000,4.1463
3,63,3,80,0.75,3.7040,7.1922,7.4758,0.0000,0.0000,5.3519,5.1183,5.0170,4.7981
3,64,3,80,1,3.9202,7.2883,7.9951,0.0000,3.4127,5.4821,5.9853,5.0503,5.5855
3,65,3,80,1.5,4.4013,8.1079,7.1432,0.0000,4.1943,6.6671,6.3384,5.0337,4.7725
3,66,3,160,0.75,7.2783,10.5561,11.1415,6.4739,5.3368,8.6939,7.6510,7.1682,6.0977
3,67,3,160,1,7.6981,13.8250,12.4694,7.0068,6.4450,10.9404,10.9467,9.4976,9.5399
3,68,3,160,1.5,8.0956,14.0839,13.6829,6.7804,6.9422,10.8273,10.8508,9.8829,9.4686
3,69,3,320,0.75,11.7607,25.1042,21.9171,10.4768,8.7804,19.8045,17.6481,14.7613,13.1047
3,70,3,320,1,13.3598,26.0010,22.8167,12.5393,11.5760,19.0278,18.1647,16.1417,16.0458
3,71,3,320,1.5,16.3479,29.9516,25.8660,13.4761,12.8335,21.9159,21.5053,17.5427,17.2505
3,72,4,10,0.75,2.4132,1.2268,0.6623,4.1346,0.0000,0.0000,3.7073,0.0000,3.2619
3,73,4,10,1,-0.4335,0.0551,-0.0296,4.5166,0.0000,0.0000,0.0000,0.0000,0.0000
3,74,4,10,1.5,0.1724,0.8458,1.8434,0.0000,0.0000,0.0000,4.4893,0.0000,0.0000
3,75,4,20,0.75,-0.1084,0.8320,2.4152,4.3020,0.0000,0.0000,0.0000,4.4612,4.2867
3,76,4,20,1,1.7342,2.1503,3.6046,0.0000,0.0000,4.0091,0.0000,4.2633,0.0000
3,77,4,20,1.5,1.0833,2.2579,2.9470,4.4861,4.1022,4.4059,4.3601,0.0000,4.4133
3,78,4,40,0.75,2.3079,2.1665,4.2878,0.0000,0.0000,0.0000,0.0000,4.0926,0.0000
3,79,4,40,1,3.3296,3.3917,7.0037,0.0000,4.1120,4.1450,0.0000,5.5411,4.8088
3,80,4,40,1.5,4.6407,4.7941,7.0385,4.2222,4.4306,0.0000,0.0000,5.2825,4.5899
3,81,4,80,0.75,6.1310,6.5908,11.3193,5.2021,4.8598,5.8309,5.3457,8.2104,7.0813
3,82,4,80,1,5.7952,7.0284,10.9209,5.1142,5.1215,5.8467,5.3856,8.5411,8.7980
3,83,4,80,1.5,8.1394,8.1086,11.5974,6.1220,6.3080,6.6730,6.4626,7.4399,7.6222
3,84,4,160,0.75,12.5610,13.5362,21.4707,10.0691,8.9959,10.7978,9.2557,15.0201,12.6872
3,85,4,160,1,13.1496,13.1918,22.5258,8.2822,8.5558,10.2897,10.8283,14.6786,14.8475
3,86,4,160,1.5,15.7936,16.0391,25.2913,11.0056,11.0548,12.2043,11.2382,17.4764,16.6620
3,87,4,320,0.75,25.8124,27.6354,42.8323,19.3397,17.0396,21.4930,18.6076,28.7943,25.3926
3,88,4,320,1,25.1690,26.5338,44.1140,18.6176,18.2082,20.5031,20.0381,32.1969,31.6188
3,89,4,320,1.5,30.1897,31.5143,49.1193,20.0982,20.1834,23.3153,22.2358,34.4638,33.2908
3,90,5,10,0.75,2.2017,1.5942,2.8470,0.0000,0.0000,0.0000,0.0000,4.9888,4.8775
3,91,5,10,1,1.2032,1.9161,1.9415,0.0000,0.0000,4.3936,3.9652,0.0000,0.0000
3,92,5,10,1.5,1.9236,2.3904,1.7242,0.0000,3.9025,0.0000,0.0000,0.0000,4.5355
3,93,5,20,0.75,1.5328,1.7880,1.7809,0.0000,0.0000,0.0000,0.0000,0.0000,4.6491
3,94,5,20,1,2.8068,3.2078,3.3438,0.0000,0.0000,0.0000,4.4684,0.0000,3.4741
3,95,5,20,1.5,2.5293,2.8906,3.9634,0.0000,4.6633,4.7212,4.9710,4.4128,4.0631
3,96,5,40,0.75,1.9469,4.1118,4.6233,0.0000,0.0000,0.0000,0.0000,0.0000,0.0000
3,97,5,40,1,4.7444,5.2790,6.3777,5.0810,5.2889,5.4661,5.1961,5.2021,4.9808
3,98,5,40,1.5,6.2718,7.4933,7.3134,6.0820,5.1660,6.6342,5.8786,6.3648,5.6343
3,99,5,80,0.75,6.5398,9.1694,10.6340,5.3167,5.4095,7.1205,6.5412,7.3377,6.9467
3,100,5,80,1,7.8710,13.0174,12.1469,5.7665,6.1624,8.6656,8.7112,7.4115,8.6554
3,101,5,80,1.5,8.0922,14.1893,13.6032,5.8119,4.8486,10.5604,7.6228,8.2531,8.8127
3,102,5,160,0.75,14.1809,21.8556,21.7611,11.7885,9.3522,18.2598,13.1208,16.4357,12.4353
3,103,5,160,1,14.8598,25.6433,25.8542,10.0481,10.5103,19.0442,16.1604,16.7246,16.9514
3,104,5,160,1.5,17.5526,27.7616,27.6707,12.7920,13.0800,21.4970,18.2193,17.9075,18.6975
3,105,5,320,0.75,26.9795,42.9671,44.1877,20.2146,16.9376,33.2552,25.4594,29.4730,26.9182
3,106,5,320,1,30.1147,51.8697,50.1468,23.3063,22.3059,39.0843,32.3443,34.5611,33.0266
3,107,5,320,1.5,34.1570,55.9326,55.2630,25.0621,25.1562,41.4655,36.5378,36.6394,38.1549
3,108,6,10,0.75,1.0530,1.5854,0.7858,0.0000,4.1767,0.0000,4.0382,0.0000,4.5899
3,109,6,10,1,0.4737,-0.4106,0.9048,0.0000,0.0000,3.9832,0.0000,0.0000,0.0000
3,110,6,10,1.5,-0.2007,-0.3102,1.4859,0.0000,0.0000,0.0000,0.0000,0.0000,4.5312
3,111,6,20,0.75,1.6023,1.5772,2.3282,0.0000,0.0000,0.0000,4.1219,0.0000,0.0000
3,112,6,20,1,1.1640,1.1396,2.1292,4.9084,0.0000,0.0000,4.5124,0.0000,0.0000
3,113,6,20,1.5,-0.1672,0.9104,2.5936,4.5916,0.0000,4.5278,4.3891,4.9354,4.2624
3,114,6,40,0.75,2.7646,3.8097,4.4987,4.4536,0.0000,4.3838,4.6542,5.1292,5.5689
3,115,6,40,1,4.2063,3.7633,5.9056,4.3546,4.2283,0.0000,0.0000,5.8864,5.6286
3,116,6,40,1.5,2.6827,3.2875,5.6241,4.3301,0.0000,0.0000,0.0000,5.6446,6.0139
3,117,6,80,0.75,5.7948,6.4874,7.8835,5.7515,5.3577,6.4842,5.6452,7.8166,6.8996
3,118,6,80,1,7.0675,6.4058,10.1582,6.8385,6.3045,6.2933,5.6873,9.8002,8.7321
3,119,6,80,1.5,6.0005,6.7866,11.1409,6.0899,6.0027,6.8850,7.0829,11.0498,10.5526
3,120,6,160,0.75,12.2827,11.8225,16.8658,11.7255,10.8550,11.5358,10.4075,16.3885,14.7737
3,121,6,160,1,11.1319,12.3666,18.6588,11.0347,10.2935,12.2702,11.8727,18.4771,18.0204
3,122,6,160,1.5,14.1676,14.1173,21.5202,14.0786,13.7099,14.0306,14.1170,21.4510,21.2460
3,123,6,320,0.75,21.8611,22.2708,34.1349,21.6218,19.0705,21.9281,18.5183,33.5967,29.6501
3,124,6,320,1,26.7940,27.6326,39.8995,26.5947,25.4935,27.6245,26.8414,39.6392,37.9432
3,125,6,320,1.5,25.8028,26.0723,40.2526,25.4225,24.4218,25.8980,24.8577,39.6608,37.8720
3,126,7,10,0.75,-0.3834,-0.3825,-0.0265,0.0000,0.0000,0.0000,0.0000,0.0000,0.0000
3,127,7,10,1,1.0456,1.8590,2.2866,4.2084,0.0000,3.4382,0.0000,0.0000,4.8240
3,128,7,10,1.5,1.2364,2.2523,2.7912,0.0000,0.0000,0.0000,0.0000,5.2263,0.0000
3,129,7,20,0.75,0.0005,1.5876,2.1646,0.0000,4.1901,0.0000,4.4238,0.0000,0.0000
3,130,7,20,1,0.9273,0.7344,3.1242,4.0928,4.2258,4.0524,0.0000,4.3131,4.5016
3,131,7,20,1.5,1.8210,1.8311,2.5944,0.0000,0.0000,4.9004,4.9841,0.0000,4.7582
3,132,7,40,0.75,0.2846,0.6357,3.1220,4.3494,0.0000,0.0000,0.0000,0.0000,0.0000
3,133,7,40,1,3.7210,3.3301,3.4260,4.9171,4.8037,4.3287,3.9796,4.5666,4.8093
3,134,7,40,1.5,3.5353,4.3494,5.5291,4.3336,4.2890,0.0000,3.6855,4.7630,4.9013
3,135,7,80,0.75,3.7613,5.2533,6.8772,0.0000,4.2454,4.8935,5.0021,5.2408,4.9356
3,136,7,80,1,4.4305,5.1516,5.0208,4.7232,4.8715,5.2830,5.4082,4.6360,4.5245
3,137,7,80,1.5,2.7659,5.2888,8.8024,4.2192,0.0000,5.3462,4.9912,6.7803,6.2866
3,138,7,160,0.75,7.9977,9.7882,14.4564,7.2407,6.3358,8.7160,7.4781,10.3533,8.1466
3,139,7,160,1,6.9627,11.1705,15.4023,6.6074,6.3538,10.7200,9.5465,10.3710,10.7284
3,140,7,160,1.5,7.8864,9.4579,15.1311,7.2182,6.3663,8.4456,8.5362,11.0791,9.5725
3,141,7,320,0.75,12.7564,18.2882,24.5216,11.4848,9.3376,15.1542,13.7700,18.3548,14.4277
3,142,7,320,1,14.2991,20.1798,27.2667,12.6696,12.6283,17.0529,17.4957,19.2756,19.3010
3,143,7,320,1.5,18.4899,22.5836,31.0239,15.1978,15.2001,19.1905,19.5102,21.3191,22.7033
3,144,8,10,0.75,0.1855,-0.9500,-0.0993,0.0000,0.0000,0.0000,0.0000,0.0000,0.0000
3,145,8,10,1,0.5411,0.8908,1.6337,0.0000,0.0000,0.0000,0.0000,0.0000,0.0000
3,146,8,10,1.5,-0.0949,0.8999,1.0045,4.3889,0.0000,0.0000,0.0000,0.0000,4.0630
3,147,8,20,0.75,2.8199,3.0079,3.8342,0.0000,0.0000,0.0000,0.0000,0.0000,0.0000
3,148,8,20,1,2.2281,2.4421,3.0052,0.0000,3.8695,4.5896,4.2638,4.4784,4.0626
3,149,8,20,1.5,-0.4565,1.1018,0.9770,0.0000,0.0000,0.0000,0.0000,0.0000,3.9333
3,150,8,40,0.75,3.4242,3.7153,3.3342,0.0000,0.0000,3.8903,4.0230,4.2319,0.0000
3,151,8,40,1,2.5529,0.9265,5.2546,0.0000,0.0000,4.3450,4.1149,0.0000,4.3576
3,152,8,40,1.5,3.6837,3.7045,4.4475,0.0000,0.0000,0.0000,0.0000,0.0000,0.0000
3,153,8,80,0.75,4.2864,3.2180,7.7721,0.0000,0.0000,4.0146,3.9392,5.8196,5.6504
3,154,8,80,1,3.0420,3.4991,7.8082,4.2973,4.2417,4.3617,4.0075,6.0347,6.7293
3,155,8,80,1.5,6.9558,5.1658,11.7489,5.8436,6.0406,0.0000,4.3433,9.3871,9.3026
3,156,8,160,0.75,8.6920,8.4074,17.9665,7.4326,5.8040,6.4318,6.0092,14.4864,13.2912
3,157,8,160,1,10.6951,9.3665,19.5176,9.4070,8.2582,7.9437,7.3934,15.0883,15.8522
3,158,8,160,1.5,13.0994,10.8885,23.6795,11.3035,9.8471,8.6439,8.4073,18.6250,18.3190
3,159,8,320,0.75,20.5991,17.1206,32.7647,17.5308,14.2664,14.3819,10.5943,27.4615,24.7751
3,160,8,320,1,20.3983,16.4423,37.7011,17.2297,15.0332,12.5830,13.1919,30.4345,29.4871
3,161,8,320,1.5,24.3826,20.3041,44.0377,21.2700,17.3451,15.4948,14.8387,34.4928,32.8990
3,162,9,10,0.75,1.6156,-1.0632,1.0585,0.0000,4.1655,3.9237,3.8807,4.2409,4.1285
3,163,9,10,1,1.5038,0.4057,-1.2341,0.0000,0.0000,0.0000,0.0000,4.1729,4.2378
3,164,9,10,1.5,1.0312,0.0678,-0.3147,0.0000,4.2905,4.5258,4.3556,0.0000,4.4817
3,165,9,20,0.75,-0.0154,0.4761,1.4585,0.0000,0.0000,0.0000,4.3282,0.0000,4.4184
3,166,9,20,1,1.3312,1.3330,2.3694,0.0000,4.1080,0.0000,0.0000,0.0000,0.0000
3,167,9,20,1.5,0.6142,0.4834,0.5579,4.4942,4.2929,0.0000,0.0000,4.7032,4.5618
3,168,9,40,0.75,2.4983,4.2051,3.9264,0.0000,0.0000,0.0000,0.0000,0.0000,0.0000
3,169,9,40,1,1.8050,1.8688,2.4895,0.0000,0.0000,4.2228,0.0000,4.0739,0.0000
3,170,9,40,1.5,0.7751,0.2816,2.7329,0.0000,0.0000,4.4129,0.0000,4.4891,0.0000
3,171,9,80,0.75,3.0939,2.7638,6.7162,0.0000,0.0000,0.0000,0.0000,5.9961,0.0000
3,172,9,80,1,3.8009,3.6359,6.1975,0.0000,0.0000,0.0000,0.0000,5.5357,4.8784
3,173,9,80,1.5,3.1729,3.9009,6.7789,0.0000,0.0000,4.0850,4.2382,6.2058,5.2253
3,174,9,160,0.75,5.1818,6.3425,10.4858,5.7610,4.9584,6.2391,5.3388,10.0223,7.6478
3,175,9,160,1,5.5902,5.4686,12.1526,4.9230,0.0000,5.4938,4.6984,10.5904,8.2767
3,176,9,160,1.5,8.5753,8.2812,14.5940,8.0919,7.3838,8.3306,7.7359,13.6219,11.5271
3,177,9,320,0.75,10.7695,12.7787,24.7499,9.5806,7.0142,12.1567,9.6780,22.3703,16.8575
3,178,9,320,1,11.6132,14.6611,26.7373,10.8283,10.1968,13.6648,12.3552,24.2471,21.1846
3,179,9,320,1.5,14.5795,16.1483,29.7342,13.5663,12.7278,15.5911,14.6187,26.8966,22.5695
3,180,10,10,0.75,0.4938,-0.4132,-1.1405,0.0000,0.0000,3.6951,4.4485,0.0000,3.6470
3,181,10,10,1,-1.0532,-2.5685,-2.3845,0.0000,0.0000,0.0000,0.0000,0.0000,0.0000
3,182,10,10,1.5,0.8135,0.0257,1.3800,4.5750,4.3031,0.0000,0.0000,4.0138,3.5700
3,183,10,20,0.75,0.1989,0.2729,0.3659,0.0000,0.0000,0.0000,0.0000,0.0000,0.0000
3,184,10,20,1,0.9238,0.0220,0.8606,0.0000,0.0000,0.0000,4.3087,0.0000,4.4758
3,185,10,20,1.5,-1.8854,-1.9052,-1.1418,3.7600,0.0000,0.0000,0.0000,0.0000,0.0000
3,186,10,40,0.75,0.7941,0.8497,2.0161,0.0000,0.0000,0.0000,0.0000,0.0000,0.0000
3,187,10,40,1,0.7113,1.5530,0.2774,0.0000,0.0000,3.8498,0.0000,3.2863,0.0000
3,188,10,40,1.5,1.5532,0.9995,0.8760,0.0000,4.0906,4.3096,0.0000,4.2324,4.1608
3,189,10,80,0.75,2.6787,2.8935,1.4455,3.8130,0.0000,3.9621,4.2620,0.0000,4.2112
3,190,10,80,1,0.6793,1.5719,3.1427,3.7859,3.7886,0.0000,3.8990,0.0000,0.0000
3,191,10,80,1.5,1.4788,0.8601,3.5491,4.2935,0.0000,0.0000,0.0000,0.0000,0.0000
3,192,10,160,0.75,3.3379,2.3357,2.9457,0.0000,4.4790,0.0000,0.0000,0.0000,0.0000
3,193,10,160,1,1.6387,1.2769,2.1814,0.0000,0.0000,4.2507,0.0000,0.0000,0.0000
3,194,10,160,1.5,1.9610,0.9750,1.5381,4.1789,0.0000,4.2239,4.5050,0.0000,0.0000
3,195,10,320,0.75,2.5787,2.3752,4.5195,0.0000,4.3046,0.0000,0.0000,4.1146,0.0000
3,196,10,320,1,3.7611,3.4226,5.5132,4.4168,0.0000,0.0000,0.0000,0.0000,0.0000
3,197,10,320,1.5,3.5137,5.5063,6.2113,0.0000,0.0000,0.0000,4.3004,0.0000,0.0000
3,198,11,10,0.75,3.6813,3.3882,4.6144,3.8485,3.3319,4.4700,4.3344,4.6910,4.5244
3,199,11,10,1,0.7727,2.6495,2.6030,3.9936,4.2653,4.1378,4.0710,0.0000,0.0000
3,200,11,10,1.5,2.2562,1.4444,1.1875,0.0000,4.1857,0.0000,0.0000,4.6186,0.0000
3,201,11,20,0.75,1.9989,3.3123,2.9294,0.0000,0.0000,0.0000,0.0000,3.9581,0.0000
3,202,11,20,1,3.6004,4.0495,3.9013,0.0000,4.4044,0.0000,4.4185,0.0000,3.8987
3,203,11,20,1.5,2.4389,4.4950,4.5433,0.0000,0.0000,4.5238,4.3057,4.8878,0.0000
3,204,11,40,0.75,3.9418,6.6898,6.7429,4.5458,0.0000,4.7495,3.9107,4.6990,4.0221
3,205,11,40,1,4.5214,5.6219,7.3914,0.0000,4.3259,5.3426,5.4828,5.7551,4.4902
3,206,11,40,1.5,6.0345,8.5626,9.6516,4.9260,0.0000,6.4447,6.1218,6.3412,6.0669
3,207,11,80,0.75,10.7890,13.3339,13.8506,8.8246,6.9179,10.3406,8.8720,9.9687,8.7470
3,208,11,80,1,10.2960,14.5537,16.5085,6.7518,6.2286,11.3318,11.1108,10.6489,10.2371
3,209,11,80,1.5,11.7137,15.2918,17.6389,8.7646,8.5980,11.0934,11.4664,12.0986,11.1839
3,210,11,160,0.75,17.3994,23.5254,28.0896,11.9382,10.0057,16.7283,14.5009,18.4530,16.1428
3,211,11,160,1,22.3241,28.5685,31.9689,15.3711,14.4306,21.3730,21.3312,20.8788,19.3447
3,212,11,160,1.5,22.4912,30.2318,33.8286,15.4701,14.1347,22.2109,21.9919,23.4351,23.3038
3,213,11,320,0.75,38.5722,52.0729,57.8897,26.8781,22.2156,38.5756,34.0763,39.2650,33.6252
3,214,11,320,1,40.1991,55.7027,63.1547,28.9863,26.2908,41.1887,40.9361,41.5307,40.7988
3,215,11,320,1.5,44.3802,58.7119,67.4326,30.9141,28.2652,42.8542,41.1709,46.0068,44.2569
3,216,12,10,0.75,0.4624,2.0692,0.7939,4.1550,0.0000,4.2527,4.1861,0.0000,0.0000
3,217,12,10,1,0.8835,1.1329,1.3747,4.1023,4.0769,0.0000,0.0000,0.0000,0.0000
3,218,12,10,1.5,0.7290,0.7033,0.5927,3.7476,3.5142,0.0000,3.8591,4.0495,4.1545
3,219,12,20,0.75,-0.1131,0.3031,0.8236,0.0000,0.0000,0.0000,0.0000,0.0000,0.0000
3,220,12,20,1,0.9934,1.6766,2.0146,4.0457,0.0000,4.5316,4.7615,4.0286,4.1021
3,221,12,20,1.5,2.1055,2.4477,1.8370,4.3143,0.0000,0.0000,0.0000,0.0000,0.0000
3,222,12,40,0.75,2.8207,2.0049,3.2522,0.0000,0.0000,0.0000,0.0000,0.0000,4.0159
3,223,12,40,1,2.4684,2.1461,2.3555,0.0000,0.0000,3.8742,0.0000,0.0000,3.1124
3,224,12,40,1.5,3.8336,3.2160,4.1141,0.0000,0.0000,4.4771,4.2811,5.0946,4.6054
3,225,12,80,0.75,7.5171,7.0730,8.8035,7.4193,6.9470,6.8505,6.2985,8.3681,7.5638
3,226,12,80,1,7.3125,6.4696,8.0968,6.6626,6.8313,5.9141,5.7711,7.6448,7.1407
3,227,12,80,1.5,7.8885,7.7763,9.4117,7.2429,8.1507,7.0605,7.4292,9.0016,8.3276
3,228,12,160,0.75,14.8564,14.1748,17.3049,13.7842,11.9525,12.7910,10.8407,15.9005,13.6186
3,229,12,160,1,16.0935,15.0245,18.2892,15.1542,14.8372,13.4924,13.1032,17.5346,16.9667
3,230,12,160,1.5,15.7346,14.8437,18.2374,15.4338,14.0898,14.1281,13.0504,17.4639,16.7900
3,231,12,320,0.75,27.9204,27.1897,33.1043,26.9605,23.2181,25.2929,21.8477,31.1710,26.7840
3,232,12,320,1,31.3792,29.9025,36.6305,30.1716,28.0931,27.3633,26.2012,34.4745,32.5801
3,233,12,320,1.5,33.7866,30.9640,38.1136,32.3075,30.8700,27.8726,26.6612,35.9092,34.2043
3,234,13,10,0.75,0.5949,0.3995,1.8122,0.0000,0.0000,0.0000,0.0000,0.0000,3.9043
3,235,13,10,1,1.3570,0.9612,2.7313,0.0000,3.9788,4.2966,0.0000,0.0000,0.0000
3,236,13,10,1.5,2.0716,0.8932,1.1367,0.0000,0.0000,4.0038,4.2592,0.0000,0.0000
3,237,13,20,0.75,1.2968,1.2120,3.1539,0.0000,0.0000,0.0000,0.0000,0.0000,0.0000
3,238,13,20,1,3.3765,2.9746,4.5875,0.0000,0.0000,3.9352,0.0000,4.6813,0.0000
3,239,13,20,1.5,4.6641,4.2262,5.3566,4.6467,4.7123,4.0591,0.0000,5.1342,5.0125
3,240,13,40,0.75,6.8770,5.6844,9.0934,6.1498,0.0000,0.0000,0.0000,8.6446,5.8304
3,241,13,40,1,6.1955,5.7770,9.0750,5.6154,5.0398,5.5208,4.6785,8.7549,7.7317
3,242,13,40,1.5,4.4162,3.7941,6.7865,4.9447,4.8630,4.6498,4.3114,6.7166,6.2405
3,243,13,80,0.75,9.5904,7.4172,14.5337,9.1997,8.5537,6.9596,7.0103,13.9050,11.3899
3,244,13,80,1,10.9388,9.3563,16.6379,10.1232,8.9763,9.1187,7.8839,16.1036,13.7431
3,245,13,80,1.5,11.7719,9.9248,16.3331,10.8584,10.1699,9.4670,8.7219,15.2316,12.9279
3,246,13,160,0.75,19.4147,15.9551,27.9839,18.4380,15.5451,15.3634,12.3034,26.6269,20.2548
3,247,13,160,1,26.4128,21.3391,32.7950,24.9262,22.4241,20.1757,18.6818,30.9982,27.5329
3,248,13,160,1.5,25.3630,19.6886,34.4191,24.0296,21.0516,18.6554,16.5125,33.0416,27.3910
3,249,13,320,0.75,42.5131,35.7028,57.5765,40.4011,34.3110,34.5776,27.8833,54.9689,44.1494
3,250,13,320,1,48.7090,38.7423,64.7895,45.7184,40.7579,36.1769,31.7465,61.2867,52.3663
3,251,13,320,1.5,51.6194,42.2386,71.2150,49.8070,45.3295,40.8824,36.4769,68.6588,58.4867
3,252,14,10,0.75,1.3486,2.6873,3.5305,4.8063,4.8387,4.4503,4.2985,4.2173,0.0000
3,253,14,10,1,1.3375,2.5834,4.0300,0.0000,3.1687,0.0000,0.0000,0.0000,0.0000
3,254,14,10,1.5,2.3068,2.5112,3.2435,0.0000,0.0000,0.0000,0.0000,4.4781,0.0000
3,255,14,20,0.75,3.1151,4.6581,5.5613,0.0000,0.0000,0.0000,0.0000,0.0000,0.0000
3,256,14,20,1,4.7867,7.0581,7.0161,4.3413,0.0000,5.2479,5.1562,5.0337,5.5473
3,257,14,20,1.5,3.3615,5.2325,5.9599,0.0000,0.0000,0.0000,4.0307,5.1525,5.0079
3,258,14,40,0.75,7.2615,9.1652,10.9501,5.3156,4.8985,7.7991,6.3918,8.6887,8.7541
3,259,14,40,1,4.7775,9.0819,8.9656,5.4469,5.1535,8.3020,7.7369,8.6483,8.1251
3,260,14,40,1.5,7.3970,9.7171,11.3990,6.2892,5.2023,7.9160,7.3977,9.0633,9.0645
3,261,14,80,0.75,11.2166,16.3630,17.8267,8.7751,7.4511,13.2993,11.6408,14.9915,13.6600
3,262,14,80,1,12.2520,17.2248,19.4142,9.6327,8.6814,13.2471,12.9300,15.3641,15.6198
3,263,14,80,1.5,15.8753,22.1712,25.7353,13.0924,11.1564,18.8796,16.7815,20.2722,20.6522
3,264,14,160,0.75,24.5122,35.1721,35.8424,20.0566,16.7997,29.6002,25.0893,29.3424,27.3049
3,265,14,160,1,25.9240,37.7562,41.2479,20.3977,19.7303,30.5465,29.3600,32.7103,34.3379
3,266,14,160,1.5,30.0646,42.2411,45.4257,24.0121,22.0784,34.7315,33.0946,36.5385,38.5196
3,267,14,320,0.75,45.6593,68.0399,72.5669,35.7285,31.0485,55.9475,47.9176,58.6994,55.5223
3,268,14,320,1,50.2835,76.2925,80.6617,41.4600,40.0156,63.0294,60.4995,65.8802,69.2053
3,269,14,320,1.5,55.8743,83.0260,89.5654,44.2724,41.7460,67.1979,63.6077,71.5715,74.9160
3,270,15,10,0.75,3.4210,4.1799,4.1007,4.6105,0.0000,4.2241,0.0000,0.0000,4.1617
3,271,15,10,1,2.4113,2.2384,2.1067,0.0000,0.0000,0.0000,4.1118,0.0000,4.0783
3,272,15,10,1.5,2.9211,3.5208,3.2777,4.5760,0.0000,0.0000,0.0000,0.0000,0.0000
3,273,15,20,0.75,2.8417,3.5371,3.5881,0.0000,0.0000,0.0000,0.0000,4.1248,0.0000
3,274,15,20,1,2.7101,3.8740,3.4068,0.0000,0.0000,3.6139,0.0000,3.8901,0.0000
3,275,15,20,1.5,2.7049,3.1803,3.8348,0.0000,0.0000,0.0000,3.9430,4.7948,0.0000
3,276,15,40,0.75,4.5452,7.5904,6.4148,4.5881,0.0000,7.8746,6.7771,6.4356,5.4668
3,277,15,40,1,7.2787,9.0281,10.0852,7.3888,6.9324,8.9466,8.7175,9.9718,9.5128
3,278,15,40,1.5,6.0665,8.1548,8.0647,6.3053,5.3932,8.0938,7.4931,7.9263,7.2352
3,279,15,80,0.75,11.0208,14.9066,15.7287,11.0464,10.3100,14.7656,13.6362,15.3833,14.2598
3,280,15,80,1,12.7032,16.7183,16.9536,12.4815,11.7701,16.1192,15.2477,16.1828,15.4560
3,281,15,80,1.5,12.8573,16.5009,16.5515,13.0567,12.6627,16.6918,15.8134,16.5387,15.4955
3,282,15,160,0.75,23.5019,29.8560,30.0336,23.1107,20.2405,28.8957,25.0910,28.6637,24.6612
3,283,15,160,1,24.3774,31.4032,32.0639,24.2074,23.6955,30.2569,29.9551,30.8080,30.0741
3,284,15,160,1.5,25.9899,33.8567,34.6227,26.1110,24.8315,33.2956,32.2746,33.9487,32.7077
3,285,15,320,0.75,42.3887,57.5430,57.9750,41.6630,36.4013,55.8104,49.0490,55.1196,48.3006
3,286,15,320,1,47.5968,63.0026,64.0029,47.1232,45.8847,61.1931,60.1047,61.4488,59.8756
3,287,15,320,1.5,53.2067,68.0659,70.1655,53.2251,51.0235,66.6832,64.1058,67.7498,64.9628
3,288,16,10,0.75,0.4829,1.6237,1.3527,4.5779,3.8470,0.0000,4.4134,4.7108,4.6188
3,289,16,10,1,1.2622,2.1773,1.7168,4.3098,0.0000,0.0000,0.0000,0.0000,0.0000
3,290,16,10,1.5,3.0721,3.5827,2.8319,4.1709,0.0000,0.0000,0.0000,0.0000,0.0000
3,291,16,20,0.75,1.4530,0.9101,1.8449,0.0000,0.0000,4.1688,0.0000,4.0321,0.0000
3,292,16,20,1,1.5925,2.4738,3.1224,0.0000,0.0000,0.0000,4.2521,0.0000,0.0000
3,293,16,20,1.5,2.9129,3.7991,3.8741,0.0000,4.2806,0.0000,4.0644,0.0000,4.8469
3,294,16,40,0.75,2.9735,4.4061,5.1264,0.0000,0.0000,0.0000,0.0000,4.3034,4.6995
3,295,16,40,1,3.2521,5.6063,7.4428,5.1391,4.5420,5.4607,5.1583,7.5810,5.4790
3,296,16,40,1.5,3.7936,6.0901,5.2307,0.0000,4.1130,4.8259,5.1444,0.0000,4.6376
3,297,16,80,0.75,9.3572,12.3868,11.7071,8.1789,7.3324,10.7909,10.2721,10.0244,9.7166
3,298,16,80,1,7.7812,11.3721,11.3112,7.0832,7.2967,10.1127,10.5272,9.8235,10.2527
3,299,16,80,1.5,9.4086,13.1053,13.6026,8.6678,9.0093,10.6863,11.7472,11.1991,11.4640
3,300,16,160,0.75,13.1948,20.9091,23.0059,11.7859,10.4745,17.6794,16.1771,18.3441,16.4894
3,301,16,160,1,16.0153,24.5796,24.7530,14.5774,13.0610,18.7404,19.6351,21.5310,19.7643
3,302,16,160,1.5,17.8178,26.3250,27.9274,16.1696,15.7131,21.4399,22.1766,23.7438,23.3169
3,303,16,320,0.75,25.6610,42.0746,44.4842,22.8330,20.6708,34.5183,31.4785,36.3961,32.4129
3,304,16,320,1,30.7292,46.6049,47.8412,26.3664,28.1171,37.9321,39.5556,39.1379,40.2831
3,305,16,320,1.5,32.9494,50.6186,52.0374,29.6519,28.6184,38.9580,41.0852,44.4556,41.4406
3,306,17,10,0.75,1.9072,1.8918,2.7145,0.0000,0.0000,4.2369,0.0000,4.4187,0.0000
3,307,17,10,1,0.6934,2.1071,2.5140,0.0000,3.8955,0.0000,0.0000,0.0000,0.0000
3,308,17,10,1.5,2.0892,3.4191,2.8156,0.0000,0.0000,0.0000,0.0000,0.0000,0.0000
3,309,17,20,0.75,4.4295,5.3266,6.1318,0.0000,0.0000,5.2310,5.1986,5.5353,5.0933
3,310,17,20,1,5.0320,4.9981,5.3821,4.9837,5.0784,5.0010,5.2945,4.8772,5.2110
3,311,17,20,1.5,4.0491,4.9860,5.1803,0.0000,0.0000,4.8805,4.3448,4.7495,0.0000
3,312,17,40,0.75,6.3896,8.5656,9.0497,5.4112,4.3956,8.5323,7.2418,7.9479,6.4848
3,313,17,40,1,7.0779,9.8140,10.0055,6.6721,6.7196,9.2093,8.9401,8.4997,7.9674
3,314,17,40,1.5,7.5880,10.2011,10.0979,6.9116,7.2512,9.5303,9.7873,8.8706,8.5638
3,315,17,80,0.75,11.5879,16.2180,16.0528,10.9431,9.3752,15.7148,13.0272,14.1528,11.3158
3,316,17,80,1,12.6116,15.9193,17.6313,11.9599,11.3881,14.8830,14.5441,16.2413,15.3217
3,317,17,80,1.5,14.6471,18.7499,19.3939,13.8542,13.0166,17.7389,17.0211,17.6287,15.7834
3,318,17,160,0.75,21.3385,30.8228,34.5550,20.1056,16.7950,30.2059,25.8727,31.3977,26.0847
3,319,17,160,1,25.4324,34.0760,36.9638,23.8580,22.5054,32.8510,31.8717,34.3208,31.1711
3,320,17,160,1.5,27.6388,36.3055,39.6543,25.6894,23.2788,34.8304,32.9247,36.0721,32.1852
3,321,17,320,0.75,46.0138,62.6566,66.1564,42.6224,36.3327,60.5436,51.8601,59.5199,49.4211
3,322,17,320,1,55.2287,71.1480,75.2634,51.9628,48.6640,68.5149,66.4723,68.7583,63.1515
3,323,17,320,1.5,58.0800,74.8395,79.8319,54.2081,50.4886,71.9235,69.4079,72.7392,66.3498
3,324,18,10,0.75,-0.0641,0.4720,0.6575,0.0000,0.0000,0.0000,0.0000,4.2263,0.0000
3,325,18,10,1,0.5723,0.6920,1.0406,0.0000,4.4677,0.0000,0.0000,0.0000,0.0000
3,326,18,10,1.5,0.5547,-1.4265,1.1630,0.0000,0.0000,0.0000,0.0000,0.0000,0.0000
3,327,18,20,0.75,2.0932,-0.2379,2.0421,0.0000,0.0000,4.3726,4.4714,0.0000,0.0000
3,328,18,20,1,1.9329,1.2748,0.6287,4.3314,4.3785,4.0924,3.7933,4.3256,4.2795
3,329,18,20,1.5,1.8356,1.4293,0.6307,0.0000,0.0000,0.0000,0.0000,0.0000,0.0000
3,330,18,40,0.75,2.4675,1.7572,2.4311,3.8578,3.8221,0.0000,0.0000,0.0000,0.0000
3,331,18,40,1,3.3278,1.5512,3.2079,0.0000,0.0000,0.0000,0.0000,0.0000,4.1236
3,332,18,40,1.5,4.2002,3.0780,3.3089,0.0000,5.3563,4.5914,4.3157,0.0000,0.0000
3,333,18,80,0.75,6.9902,2.7698,6.9648,6.5434,6.1503,0.0000,0.0000,6.1149,5.6547
3,334,18,80,1,6.6930,3.5012,6.4929,6.3828,6.0889,4.6444,4.3784,6.3764,6.1894
3,335,18,80,1.5,7.1466,4.6961,7.2635,6.4868,7.3181,4.4750,4.6856,6.9200,6.7180
3,336,18,160,0.75,12.7017,7.1452,10.2280,12.0325,10.2868,6.9131,6.2646,9.1946,8.1499
3,337,18,160,1,13.3247,7.3024,12.1521,12.0573,11.8027,6.8095,6.7693,10.7457,10.6453
3,338,18,160,1.5,16.5500,8.3536,13.1510,14.5113,13.9594,7.7007,7.0787,11.3474,11.1381
3,339,18,320,0.75,23.3329,13.6501,20.4648,21.3738,18.9813,12.6788,11.1410,19.0879,16.4515
3,340,18,320,1,28.4170,15.4529,23.6440,25.9743,25.4248,14.5948,14.1335,21.6598,21.2826
3,341,18,320,1.5,30.2381,15.5547,25.5915,27.3692,26.1199,14.9681,14.5545,23.2564,23.0900
3,342,19,10,0.75,3.0077,3.1213,1.9068,0.0000,0.0000,0.0000,4.4230,4.3152,0.0000
3,343,19,10,1,3.6689,2.2258,2.9713,0.0000,3.6190,0.0000,4.3341,0.0000,0.0000
3,344,19,10,1.5,1.4811,2.0434,3.4878,0.0000,0.0000,4.4402,0.0000,4.2290,0.0000
3,345,19,20,0.75,2.6524,2.9148,5.4075,0.0000,4.6785,0.0000,4.4550,0.0000,0.0000
3,346,19,20,1,6.0581,5.0964,7.6575,0.0000,4.8019,4.8818,4.0891,5.9670,6.2874
3,347,19,20,1.5,2.6934,4.2683,5.6708,0.0000,0.0000,4.1880,3.7784,0.0000,5.0213
3,348,19,40,0.75,7.1293,6.4454,10.6601,5.7807,6.5316,5.4446,6.4473,7.6389,8.8434
3,349,19,40,1,7.7962,7.3125,10.9911,6.0940,6.1046,6.6269,5.6710,8.7846,9.5783
3,350,19,40,1.5,9.0439,8.1586,13.5763,7.8999,7.4409,7.3285,6.9445,11.1861,11.5610
3,351,19,80,0.75,12.8981,11.2391,20.8639,10.6170,8.5370,10.3544,8.0393,16.8480,15.4253
3,352,19,80,1,15.8629,14.8637,23.3104,12.8224,13.9038,12.7348,13.4031,17.7299,19.9467
3,353,19,80,1.5,16.5079,14.7640,25.8146,12.6709,14.2136,12.8858,12.6935,20.1569,21.4893
3,354,19,160,0.75,25.1939,23.7093,40.6509,19.4999,20.0486,20.8640,18.0100,32.0772,31.6003
3,355,19,160,1,29.3729,27.7206,44.8713,21.7919,25.3657,24.2918,23.1279,35.1354,38.4587
3,356,19,160,1.5,34.4250,31.6104,53.4588,27.5372,28.5367,28.1791,26.6607,42.5070,43.1699
3,357,19,320,0.75,52.3711,51.1728,82.2008,41.1691,39.2992,45.3075,37.5939,67.2068,62.0951
3,358,19,320,1,58.0921,55.4874,91.3746,44.8904,48.4144,48.9252,46.7595,72.8939,75.8778
3,359,19,320,1.5,63.5403,58.1584,100.4228,49.0125,54.0613,50.7339,49.6034,79.6740,82.4197
3,360,20,10,0.75,0.9121,2.0919,2.2835,0.0000,0.0000,0.0000,0.0000,4.1363,3.8655
3,361,20,10,1,1.6005,1.3305,1.0850,0.0000,0.0000,0.0000,0.0000,0.0000,0.0000
3,362,20,10,1.5,1.4165,1.1248,1.3800,0.0000,0.0000,4.5958,3.9638,0.0000,0.0000
3,363,20,20,0.75,1.9712,2.6541,3.2349,0.0000,0.0000,0.0000,3.3271,0.0000,4.4894
3,364,20,20,1,1.4911,2.3828,3.7466,0.0000,0.0000,0.0000,0.0000,0.0000,0.0000
3,365,20,20,1.5,3.6317,3.7022,3.6329,0.0000,3.7070,0.0000,0.0000,4.0174,4.2299
3,366,20,40,0.75,4.2284,4.1998,5.6642,0.0000,3.9023,0.0000,0.0000,0.0000,4.1425
3,367,20,40,1,4.3241,5.3023,6.8010,5.2056,5.0242,5.5221,5.3898,6.8069,6.2192
3,368,20,40,1.5,5.9345,5.0888,6.0739,5.8381,5.8950,5.1795,5.2997,5.6036,5.6355
3,369,20,80,0.75,5.9955,8.6806,9.5439,4.9704,4.5240,8.0045,7.1664,8.9920,7.5009
3,370,20,80,1,8.6430,9.8110,10.9004,8.0032,7.2619,9.0107,8.0729,8.6823,8.2242
3,371,20,80,1.5,8.2943,10.3866,12.0684,7.6823,7.5170,9.6820,8.8057,10.9239,9.6049
3,372,20,160,0.75,14.8386,17.0863,21.3216,12.9905,11.0181,15.4108,12.3911,16.8815,13.7367
3,373,20,160,1,16.7308,19.3728,21.6015,15.4987,14.5567,18.4717,17.3366,19.2312,18.3694
3,374,20,160,1.5,18.2102,20.7466,24.0799,16.1435,14.9048,18.8350,17.0483,20.1430,18.2548
3,375,20,320,0.75,28.1791,33.3036,40.6562,25.8130,22.3707,31.3993,26.4655,33.2233,27.9296
3,376,20,320,1,32.6946,39.2711,45.4799,29.8961,28.7471,36.6819,34.5756,38.7783,36.8030
3,377,20,320,1.5,34.8885,40.7296,47.9843,31.9562,29.9179,37.5092,34.5757,40.0099,37.3659
3,378,21,10,0.75,0.7872,1.1775,1.4555,0.0000,0.0000,0.0000,0.0000,4.3100,4.4587
3,379,21,10,1,1.8454,2.9092,2.9314,0.0000,0.0000,0.0000,0.0000,0.0000,0.0000
3,380,21,10,1.5,1.7033,1.6029,1.6605,0.0000,0.0000,0.0000,0.0000,0.0000,0.0000
3,381,21,20,0.75,2.4965,1.7555,1.7334,4.4847,4.5269,4.3424,4.6225,0.0000,4.6486
3,382,21,20,1,2.5313,2.1983,2.9666,0.0000,4.2715,4.0931,3.8823,4.0578,4.1003
3,383,21,20,1.5,2.5419,2.9475,3.0018,0.0000,4.0331,0.0000,0.0000,4.4340,4.2491
3,384,21,40,0.75,2.8597,2.9465,4.3831,0.0000,0.0000,0.0000,0.0000,0.0000,0.0000
3,385,21,40,1,5.1321,3.8202,4.5436,5.1424,4.7022,4.4787,4.5118,4.8451,4.8997
3,386,21,40,1.5,4.1744,4.2206,4.7435,4.6897,4.7467,4.7462,4.6436,5.2223,5.3826
3,387,21,80,0.75,7.8705,8.9507,10.3024,7.3438,7.2013,8.0182,7.6659,8.7226,8.9612
3,388,21,80,1,10.5788,10.2088,13.9842,9.3932,8.2630,9.3474,8.8709,12.5920,12.8578
3,389,21,80,1.5,10.0711,10.1599,11.9435,8.8295,8.8225,9.1135,8.2133,10.7095,10.4369
3,390,21,160,0.75,19.2847,18.9434,22.2938,16.3295,13.3655,16.5091,14.2543,18.9736,17.3393
3,391,21,160,1,20.6783,19.0993,23.0120,17.4919,16.4336,16.9023,16.0099,20.1963,20.1589
3,392,21,160,1.5,21.0080,18.9598,23.3916,17.9830,15.7537,17.5695,15.6007,20.8502,20.5718
3,393,21,320,0.75,34.8696,33.4690,40.5164,29.5492,24.9662,29.7712,25.3794,34.7124,31.6112
3,394,21,320,1,38.2223,36.7368,43.6979,32.8724,30.3642,33.2895,32.1622,39.1579,39.5219
3,395,21,320,1.5,44.3197,40.6532,48.8670,36.2459,33.4002,35.2090,33.8403,42.1051,42.9310
3,396,22,10,0.75,2.1148,1.5961,2.9325,3.8618,3.8678,0.0000,0.0000,0.0000,0.0000
3,397,22,10,1,0.5462,2.1229,1.3411,0.0000,0.0000,4.9746,4.5416,4.1790,3.7102
3,398,22,10,1.5,1.2254,1.9836,2.1997,0.0000,0.0000,0.0000,0.0000,0.0000,0.0000
3,399,22,20,0.75,2.6228,3.8929,3.8298,0.0000,0.0000,0.0000,0.0000,0.0000,0.0000
3,400,22,20,1,4.7859,5.0210,7.2277,4.0136,0.0000,4.4877,4.6847,0.0000,0.0000
3,401,22,20,1.5,3.6575,3.9243,3.6733,0.0000,0.0000,4.3528,3.9503,0.0000,0.0000
3,402,22,40,0.75,5.4789,6.9593,8.6168,0.0000,4.6415,4.9083,5.2917,0.0000,0.0000
3,403,22,40,1,5.9869,8.9319,9.8765,0.0000,4.8497,6.4033,7.3930,5.4411,5.4642
3,404,22,40,1.5,5.9623,8.6079,9.1554,0.0000,0.0000,6.0766,7.0023,4.7037,5.2830
3,405,22,80,0.75,11.0177,16.7498,18.1121,7.6270,7.9889,12.6065,13.0207,9.1371,9.2923
3,406,22,80,1,11.7802,18.0581,17.8736,7.6511,8.6679,12.4730,14.3501,8.8542,8.3313
3,407,22,80,1.5,13.6837,19.0892,21.7982,9.9329,10.8154,15.2120,16.4303,10.0620,10.4614
3,408,22,160,0.75,23.1764,33.3990,36.1850,16.6355,17.1016,26.0293,26.0109,17.5160,17.4750
3,409,22,160,1,24.4796,35.7324,39.6659,16.9991,18.4255,27.1475,29.6006,17.4507,19.7240
3,410,22,160,1.5,26.8124,38.7840,42.1609,19.2625,20.7050,29.8780,32.1797,19.3446,22.2054
3,411,22,320,0.75,45.4230,65.6107,70.6831,33.4690,32.9796,49.6779,48.3295,32.8876,32.7145
3,412,22,320,1,49.6908,71.1088,77.5272,36.3552,40.1251,54.6188,60.3362,35.9777,41.4011
3,413,22,320,1.5,56.0324,76.2159,85.0630,40.1784,42.7667,58.9843,62.9093,40.3278,43.7311
3,414,23,10,0.75,-0.3057,0.2303,0.3940,0.0000,3.9249,4.0316,0.0000,0.0000,0.0000
3,415,23,10,1,1.6927,0.8104,2.3386,4.4005,4.5623,4.4426,4.5881,4.1867,4.3517
3,416,23,10,1.5,0.5297,2.0187,1.9976,0.0000,0.0000,0.0000,0.0000,0.0000,0.0000
3,417,23,20,0.75,4.6467,4.0074,5.6672,0.0000,0.0000,0.0000,0.0000,4.8834,4.6809
3,418,23,20,1,2.8848,2.7884,4.6884,0.0000,0.0000,0.0000,0.0000,0.0000,0.0000
3,419,23,20,1.5,1.3770,1.9994,2.3873,0.0000,0.0000,4.3791,0.0000,3.6819,0.0000
3,420,23,40,0.75,5.0413,5.9340,6.5787,4.4151,4.1189,5.4985,5.0977,5.7139,4.8644
3,421,23,40,1,5.7488,6.7998,8.5809,5.6160,6.0707,6.8315,6.8378,7.7431,7.6554
3,422,23,40,1.5,5.9890,6.2713,8.2813,6.0569,5.5903,5.8093,5.3915,6.6672,6.5990
3,423,23,80,0.75,7.0308,8.9603,13.2881,6.9472,6.0672,8.7592,7.5251,12.0178,10.2328
3,424,23,80,1,11.3031,11.7935,14.1907,10.3104,9.6657,11.2780,10.5999,12.8064,12.2997
3,425,23,80,1.5,12.1319,13.6857,16.6466,10.6960,10.5700,12.5664,12.4535,15.0475,14.6979
3,426,23,160,0.75,18.2063,22.5300,25.3370,17.3882,14.5215,20.8367,17.2889,22.9022,19.1173
3,427,23,160,1,22.9357,26.3400,31.9481,21.6226,21.1083,24.9394,24.0245,29.3150,28.3478
3,428,23,160,1.5,22.9604,27.3680,32.3856,20.8500,20.0447,24.6196,23.3875,28.2664,27.0340
3,429,23,320,0.75,39.4197,45.6240,55.4552,36.8911,32.0750,43.1367,36.5816,49.8504,42.7783
3,430,23,320,1,41.5598,50.1590,59.4545,38.7682,37.7379,46.8604,44.8708,53.7200,51.8720
3,431,23,320,1.5,47.5843,54.1682,65.8458,44.1541,42.6369,50.5392,48.4280,59.1844,57.5733
3,432,24,10,0.75,1.8577,1.4856,1.7405,0.0000,4.4534,0.0000,0.0000,0.0000,0.0000
3,433,24,10,1,1.9904,2.7580,3.3226,0.0000,0.0000,0.0000,0.0000,4.2820,4.6018
3,434,24,10,1.5,1.4960,2.1938,1.8195,0.0000,3.5101,4.1543,0.0000,0.0000,0.0000
3,435,24,20,0.75,5.2795,6.0921,5.6488,4.8085,4.5085,4.8393,4.1428,3.7928,0.0000
3,436,24,20,1,2.7036,3.6070,3.8995,0.0000,4.0850,0.0000,0.0000,4.0844,4.2991
3,437,24,20,1.5,3.9060,4.6153,4.9100,4.7309,0.0000,4.4996,0.0000,0.0000,0.0000
3,438,24,40,0.75,8.3972,9.2938,9.0963,5.8663,5.7961,6.6599,6.2722,6.8246,6.1097
3,439,24,40,1,8.7439,10.0458,10.8806,7.8646,7.6879,8.4958,7.6553,7.5376,7.5106
3,440,24,40,1.5,6.2004,8.2490,9.4899,5.1996,4.9310,6.8764,5.9173,5.6877,5.0265
3,441,24,80,0.75,13.9696,16.1624,17.1756,9.8482,9.6724,11.3648,10.0426,10.8018,10.2310
3,442,24,80,1,13.0143,15.9198,16.5554,9.1469,9.7280,12.5892,11.1670,9.5747,10.1115
3,443,24,80,1.5,16.1686,19.0284,19.9819,11.9090,12.0537,14.0220,11.5555,11.5081,11.5785
3,444,24,160,0.75,25.9188,31.9545,34.1457,18.4498,17.8619,23.1911,18.2716,20.7077,19.7270
3,445,24,160,1,28.5280,35.1386,37.0542,20.5433,21.2407,24.8796,23.4238,23.6158,24.7373
3,446,24,160,1.5,32.3736,37.2816,40.0966,23.0566,24.5518,26.4020,25.2118,24.1675,26.1523
3,447,24,320,0.75,53.8762,65.5311,69.1043,38.0837,35.3610,47.0990,37.1132,40.7299,38.5250
3,448,24,320,1,56.4583,68.1484,72.5726,40.7606,42.9679,50.4530,45.1369,43.6253,46.6692
3,449,24,320,1.5,60.7437,71.9719,76.8983,43.0195,44.5606,52.1263,46.9401,44.7027,47.7896
3,450,25,10,0.75,2.3716,1.8616,2.0837,0.0000,0.0000,0.0000,0.0000,3.9451,0.0000
3,451,25,10,1,2.3552,1.6416,2.5360,0.0000,0.0000,0.0000,0.0000,0.0000,0.0000
3,452,25,10,1.5,1.4481,0.7036,1.3044,0.0000,0.0000,0.0000,0.0000,0.0000,0.0000
3,453,25,20,0.75,2.4936,3.0302,2.7839,0.0000,0.0000,0.0000,0.0000,0.0000,4.1324
3,454,25,20,1,2.1875,2.4788,2.6417,0.0000,0.0000,0.0000,4.4400,0.0000,0.0000
3,455,25,20,1.5,2.6674,2.6906,3.0631,4.3534,4.1521,4.2428,0.0000,0.0000,0.0000
3,456,25,40,0.75,6.5312,6.2916,5.7554,6.0213,5.2683,5.6353,4.6941,5.2405,4.4949
3,457,25,40,1,4.7600,5.0362,5.6616,4.8384,4.7547,5.0467,4.7288,4.9936,0.0000
3,458,25,40,1.5,4.2607,3.6735,4.5249,4.2467,3.9711,0.0000,0.0000,0.0000,0.0000
3,459,25,80,0.75,8.0585,9.2597,9.3617,6.7075,6.0880,8.3942,7.0375,7.6845,7.2075
3,460,25,80,1,8.5969,8.5485,10.7102,8.0076,8.0693,8.2051,7.8902,9.5967,9.6329
3,461,25,80,1.5,9.8120,8.9987,10.0157,8.3620,8.7573,8.0221,7.5524,8.1032,8.0891
3,462,25,160,0.75,14.8911,14.8312,16.8772,13.5975,11.3738,13.7019,10.6388,14.3225,12.6965
3,463,25,160,1,17.5374,17.3888,19.3762,15.2238,16.0634,15.5267,15.4060,16.6746,16.6769
3,464,25,160,1.5,19.3088,17.9922,21.2936,16.8081,18.5526,16.1934,16.5758,17.4046,19.1655
3,465,25,320,0.75,31.6607,30.3319,35.7744,27.5655,25.9836,27.1586,24.0170,30.2432,28.0842
3,466,25,320,1,35.9864,34.0499,39.0392,30.6642,32.7276,30.1237,30.0974,32.4613,35.1093
3,467,25,320,1.5,39.5322,37.2344,43.1130,34.2599,37.0589,32.7170,33.9055,35.0606,39.0015
3,468,26,10,0.75,-0.9562,-0.0077,-0.9704,3.7093,0.0000,0.0000,0.0000,0.0000,0.0000
3,469,26,10,1,1.4622,1.9254,2.2926,4.2773,4.2527,0.0000,0.0000,3.8662,0.0000
3,470,26,10,1.5,3.3503,2.4821,2.4416,4.5889,4.7577,4.1401,3.9356,4.5542,4.1296
3,471,26,20,0.75,3.3088,5.2575,3.9018,0.0000,0.0000,5.2558,4.9103,4.8891,4.5190
3,472,26,20,1,3.4785,2.9270,4.7450,4.0810,4.5599,4.6048,0.0000,4.6744,4.5944
3,473,26,20,1.5,2.7592,2.4784,2.6851,4.6942,4.3432,0.0000,4.3276,0.0000,0.0000
3,474,26,40,0.75,4.7645,4.9826,5.4590,4.6287,4.7304,5.1749,4.4944,4.7211,4.3619
3,475,26,40,1,5.8285,6.9704,7.2633,5.7902,5.2059,5.6785,4.9650,6.2047,6.2919
3,476,26,40,1.5,7.3528,7.7889,7.5803,7.4097,6.8353,5.9809,5.0801,5.9393,6.1477
3,477,26,80,0.75,10.4083,12.2883,12.7658,8.7714,7.5843,11.0029,9.5676,12.1005,10.3072
3,478,26,80,1,13.1042,14.0550,14.3799,10.6259,9.3093,10.3976,10.2805,12.0546,11.6008
3,479,26,80,1.5,11.5063,13.7539,13.7883,8.5975,8.0244,8.9820,9.4961,12.1064,11.6545
3,480,26,160,0.75,19.7109,23.0623,24.5624,15.0664,11.7088,16.8380,14.4501,20.9819,17.0511
3,481,26,160,1,22.1563,26.0753,27.5930,17.8203,15.8845,18.6216,19.4983,24.7153,23.5669
3,482,26,160,1.5,24.4276,28.6176,28.6520,18.8277,15.7924,21.0091,20.7925,24.0000,22.6375
3,483,26,320,0.75,43.8222,49.4955,51.0357,34.4975,27.9826,37.3255,31.4971,44.1062,37.0030
3,484,26,320,1,45.4915,52.4024,54.7342,36.3120,32.8084,38.9934,37.5216,48.0098,45.4443
3,485,26,320,1.5,48.4244,56.2668,57.6590,39.7130,36.3562,42.0792,40.0551,51.5302,49.0741
3,486,27,10,0.75,2.4292,2.2865,1.4287,4.3127,4.1745,0.0000,4.6072,4.4998,4.7525
3,487,27,10,1,3.2718,2.8772,3.4659,0.0000,0.0000,0.0000,0.0000,0.0000,0.0000
3,488,27,10,1.5,2.8486,2.4545,1.9198,0.0000,4.1355,4.3989,4.1121,0.0000,4.2555
3,489,27,20,0.75,2.1795,3.0418,3.2327,0.0000,0.0000,4.6652,4.7161,0.0000,4.1741
3,490,27,20,1,3.4665,4.0492,4.3794,4.8458,4.3303,0.0000,0.0000,0.0000,4.7048
3,491,27,20,1.5,1.6095,3.3178,3.5206,0.0000,4.0919,0.0000,0.0000,0.0000,0.0000
3,492,27,40,0.75,5.5987,6.8840,6.0799,0.0000,0.0000,5.1428,5.0324,0.0000,0.0000
3,493,27,40,1,2.8855,5.4597,4.9977,0.0000,0.0000,4.8520,4.7975,0.0000,0.0000
3,494,27,40,1.5,5.9711,6.6221,7.1206,4.8402,4.8486,5.1932,5.5166,4.8527,4.9329
3,495,27,80,0.75,9.5474,12.5728,13.3748,6.4989,5.5939,9.3279,7.3965,7.0890,6.3855
3,496,27,80,1,7.5188,10.7909,11.7147,5.6049,5.1679,7.7293,6.8898,6.8438,6.6336
3,497,27,80,1.5,10.5141,12.8057,14.4705,7.3135,6.7160,9.0814,9.2030,8.6553,8.3032
3,498,27,160,0.75,17.9562,22.3506,25.4514,14.1901,12.2392,16.0690,14.7005,13.9115,12.6799
3,499,27,160,1,20.8315,24.5731,27.5793,14.8109,14.2666,17.2895,17.3089,16.3211,14.7587
3,500,27,160,1.5,20.0015,25.0406,27.4480,14.7483,13.8202,17.6650,17.2144,15.0611,14.3324
3,501,27,320,0.75,37.2933,45.6132,50.3943,26.9699,23.8446,31.7028,28.5415,26.7946,24.8200
3,502,27,320,1,39.4811,48.9818,53.1146,27.8607,27.4910,33.8014,34.1154,28.7882,29.3691
3,503,27,320,1.5,39.4374,50.5155,53.9379,29.1309,27.8441,35.0657,34.1002,30.4281,29.9594
3,504,28,10,0.75,1.7184,0.6153,1.7349,0.0000,0.0000,3.9249,0.0000,0.0000,0.0000
3,505,28,10,1,1.3459,0.6605,1.4824,0.0000,4.1868,4.2647,3.9586,0.0000,4.4943
3,506,28,10,1.5,1.2201,0.9101,0.8532,5.0449,3.3412,0.0000,0.0000,0.0000,0.0000
3,507,28,20,0.75,2.7621,2.5788,2.6879,3.8654,3.8379,0.0000,4.2263,4.3120,3.8720
3,508,28,20,1,2.6507,2.9305,2.5586,3.7202,0.0000,3.9868,3.9137,4.4156,4.3763
3,509,28,20,1.5,3.0654,3.0041,3.6064,4.8634,4.6185,4.4876,0.0000,4.1734,4.5230
3,510,28,40,0.75,3.6466,3.7521,5.1980,0.0000,4.2245,5.1016,4.8496,3.8185,0.0000
3,511,28,40,1,5.3477,5.2662,5.8574,5.0950,5.5243,5.1809,5.3747,5.6529,5.8427
3,512,28,40,1.5,5.0846,4.0370,6.3830,5.1665,4.6913,0.0000,4.8655,5.9736,6.0977
3,513,28,80,0.75,9.9709,9.1550,12.5946,9.7054,8.1807,8.4177,6.9277,10.1792,8.0994
3,514,28,80,1,12.9635,12.2520,14.5558,11.9117,10.9375,11.2403,10.5318,12.1206,10.8567
3,515,28,80,1.5,12.1437,11.3350,15.0783,11.4485,10.5698,10.5307,9.6377,12.3320,11.5577
3,516,28,160,0.75,21.0888,20.4171,25.6073,18.7046,15.7462,18.3233,15.6028,20.9731,17.9242
3,517,28,160,1,22.1813,19.6019,25.6320,20.4011,18.7518,17.6917,16.4577,21.7281,20.7810
3,518,28,160,1.5,24.0378,21.8341,29.1215,22.5637,20.5133,19.5885,18.8352,25.6901,24.1352
3,519,28,320,0.75,40.5938,38.3590,48.5041,37.7753,30.8854,35.5798,29.0372,41.4799,34.6092
3,520,28,320,1,42.6550,39.0571,52.2861,39.0538,35.6854,36.3484,33.7508,45.0022,41.9951
3,521,28,320,1.5,46.4751,43.5450,57.3970,43.7532,39.8939,40.2339,37.1221,49.8962,46.7111
3,522,29,10,0.75,2.9310,2.9789,3.5061,4.2574,3.4047,0.0000,0.0000,0.0000,4.2038
3,523,29,10,1,1.6426,1.5452,2.6683,0.0000,0.0000,0.0000,0.0000,0.0000,0.0000
3,524,29,10,1.5,2.5149,3.0254,4.3812,4.2574,0.0000,0.0000,0.0000,4.6660,0.0000
3,525,29,20,0.75,3.9219,4.0824,6.4939,0.0000,0.0000,0.0000,0.0000,5.1192,4.6864
3,526,29,20,1,5.2494,5.9019,7.1472,4.4261,4.8413,5.8970,6.2401,0.0000,5.7049
3,527,29,20,1.5,5.8289,5.5422,7.3271,5.0685,4.6710,5.5497,5.0799,4.4621,4.8800
3,528,29,40,0.75,7.5996,9.1800,9.8316,6.2712,6.5736,7.7216,7.1442,6.9131,7.5790
3,529,29,40,1,9.2222,10.4621,12.7880,6.8561,7.9188,7.9445,8.8768,8.0812,9.2412
3,530,29,40,1.5,9.2051,11.0122,12.4272,7.4057,8.2709,8.6806,9.2699,7.8140,9.2680
3,531,29,80,0.75,13.3997,17.9743,21.2497,9.3442,9.1078,14.7213,13.0555,11.5056,13.3819
3,532,29,80,1,14.9613,20.3818,24.8709,10.2207,11.0732,18.3375,18.2723,11.2272,18.6340
3,533,29,80,1.5,16.6899,20.5643,25.1816,11.9609,12.6344,17.6196,16.9333,11.9476,17.3650
3,534,29,160,0.75,27.4519,37.7672,45.1847,19.8121,18.8408,32.2993,28.5849,21.1291,29.9210
3,535,29,160,1,30.0350,39.0500,46.6000,22.8188,23.8883,32.4134,32.5323,23.8377,32.4978
3,536,29,160,1.5,30.9938,40.4677,50.2317,22.5293,25.2144,34.3134,35.0744,23.9157,37.4278
3,537,29,320,0.75,53.4800,72.3046,83.6108,40.0045,38.6817,59.7184,53.9145,40.8494,54.5442
3,538,29,320,1,58.2465,78.2123,93.4020,42.2657,46.3588,66.1729,66.2302,45.1446,68.0271
3,539,29,320,1.5,63.5086,83.2386,100.6397,44.2797,49.6811,70.6820,71.6676,47.4644,73.5996
3,540,30,10,0.75,0.9002,1.4790,2.0240,0.0000,0.0000,4.3637,4.4846,4.7371,4.9594
3,541,30,10,1,0.5248,1.1367,1.0154,3.2924,0.0000,0.0000,4.0730,4.1234,0.0000
3,542,30,10,1.5,1.4465,0.4578,1.4774,0.0000,0.0000,4.4281,0.0000,0.0000,4.0263
3,543,30,20,0.75,3.1787,3.1337,3.6167,3.9247,3.8729,3.6542,0.0000,4.0272,3.3904
3,544,30,20,1,3.8074,4.3852,5.2179,0.0000,0.0000,4.9258,0.0000,4.4202,0.0000
3,545,30,20,1.5,1.6986,1.4207,2.3647,0.0000,0.0000,4.2034,0.0000,4.4343,0.0000
3,546,30,40,0.75,4.3504,3.7969,4.1903,4.2460,4.0452,0.0000,0.0000,4.4399,0.0000
3,547,30,40,1,4.8327,4.8722,6.0606,0.0000,4.8311,4.3891,0.0000,5.5058,4.4426
3,548,30,40,1.5,5.8246,6.4384,7.2200,5.2412,4.5423,5.5650,4.7592,5.7651,4.5922
3,549,30,80,0.75,10.1002,11.3236,11.5160,8.2854,6.5197,8.6320,6.1916,8.1021,5.9368
3,550,30,80,1,9.4485,11.5615,12.9836,7.8924,7.0276,9.5842,7.4025,10.6212,7.9734
3,551,30,80,1.5,8.5512,10.4215,10.2103,6.9241,6.6187,7.5351,6.8654,7.3611,7.0030
3,552,30,160,0.75,17.8299,22.0007,22.4910,14.6493,11.5260,16.7822,11.5588,16.7867,11.9214
3,553,30,160,1,19.1161,21.8983,22.3690,16.4141,14.8447,17.8948,14.0558,17.6845,14.7109
3,554,30,160,1.5,19.3482,23.6399,25.1519,16.7552,15.5083,18.7082,14.8402,19.9939,16.3228
3,555,30,320,0.75,35.2818,43.7195,44.8186,30.3562,24.5442,36.2397,25.4481,36.4710,27.1874
3,556,30,320,1,36.6216,45.4218,48.5230,32.3708,28.9159,37.3454,28.8468,39.6514,31.9133
3,557,30,320,1.5,40.8523,47.1742,49.1858,35.7774,30.2957,39.3144,30.1708,40.1548,32.1434
3,558,31,10,0.75,0.4891,2.5746,3.3207,0.0000,0.0000,0.0000,3.8743,0.0000,0.0000
3,559,31,10,1,2.6654,2.8273,4.1308,0.0000,4.1588,0.0000,0.0000,4.5069,0.0000
3,560,31,10,1.5,1.3685,1.4428,3.0342,0.0000,0.0000,0.0000,0.0000,3.8829,0.0000
3,561,31,20,0.75,1.9492,5.1225,7.5717,0.0000,0.0000,4.7356,4.3397,5.5794,5.6117
3,562,31,20,1,4.0650,5.6849,7.9638,4.6398,0.0000,5.0692,4.5750,6.3808,7.1009
3,563,31,20,1.5,5.4976,6.7885,9.5481,0.0000,5.0248,6.2273,6.6375,6.7792,8.8031
3,564,31,40,0.75,9.0968,12.2129,16.6021,7.6270,7.5674,10.2928,8.4855,12.0331,12.8282
3,565,31,40,1,6.6089,11.6518,16.2741,5.1508,4.4379,8.7344,8.2268,9.9046,12.4493
3,566,31,40,1.5,9.3990,12.9131,18.0509,6.5960,6.3440,10.1438,9.5829,11.8940,14.1434
3,567,31,80,0.75,15.5830,21.5396,32.7874,10.4693,9.4641,16.1900,13.7021,20.5717,24.3208
3,568,31,80,1,15.1323,23.5066,34.2156,11.0698,11.4360,18.6642,18.5298,21.5599,27.4282
3,569,31,80,1.5,18.5252,26.5801,36.2994,14.1382,13.9463,21.0885,19.7252,22.5851,27.5488
3,570,31,160,0.75,30.0786,43.2757,61.4803,22.5252,20.2529,34.2674,29.4428,39.3123,45.4348
3,571,31,160,1,34.3540,50.8952,69.8243,24.7341,25.3979,38.8067,37.0973,44.4813,57.1682
3,572,31,160,1.5,35.4681,51.2740,74.0599,24.2786,24.1146,39.9530,37.7881,47.6147,60.4165
3,573,31,320,0.75,59.8057,87.2230,123.0183,42.4553,37.9604,67.4245,58.3368,77.6836,90.5604
3,574,31,320,1,66.2203,96.5963,138.8563,47.5444,48.6910,75.0939,72.0870,87.5463,112.1259
3,575,31,320,1.5,71.4216,102.8032,149.0703,49.7395,51.2913,79.0340,75.0900,93.5683,119.1693
3,576,32,10,0.75,0.6024,-0.1011,0.1945,4.1638,0.0000,0.0000,4.4302,4.7311,0.0000
3,577,32,10,1,0.7816,1.0153,1.4265,0.0000,0.0000,0.0000,0.0000,0.0000,0.0000
3,578,32,10,1.5,2.3422,2.5703,2.4278,4.3975,4.2492,0.0000,0.0000,0.0000,4.1168
3,579,32,20,0.75,2.0498,2.0827,1.8267,0.0000,0.0000,4.2652,4.0938,0.0000,3.9953
3,580,32,20,1,0.9997,1.0347,1.5516,0.0000,0.0000,0.0000,0.0000,0.0000,0.0000
3,581,32,20,1.5,3.0011,3.0776,3.3485,4.2585,0.0000,0.0000,0.0000,0.0000,0.0000
3,582,32,40,0.75,5.1158,4.2693,3.6968,5.1434,4.9462,4.5637,0.0000,4.2011,4.0564
3,583,32,40,1,6.3537,4.6869,6.9430,5.9114,6.0093,4.6849,4.7880,5.7286,6.5134
3,584,32,40,1.5,4.6134,3.2492,4.9533,0.0000,4.3711,3.6282,0.0000,5.0261,4.5683
3,585,32,80,0.75,8.3262,8.8444,10.5586,6.9217,5.8696,7.8337,6.9164,9.1976,8.1823
3,586,32,80,1,8.3356,7.0264,8.8706,7.3994,7.1149,6.3248,6.0702,7.8519,7.0221
3,587,32,80,1.5,11.3110,10.7895,12.1931,10.1635,9.4522,9.1680,9.3050,10.6908,10.1961
3,588,32,160,0.75,18.0921,17.7563,21.0201,15.4941,13.4759,16.3602,13.8213,17.5490,15.8708
3,589,32,160,1,19.4007,18.9155,21.5787,17.3055,16.6737,16.2719,16.5338,18.2926,17.3639
3,590,32,160,1.5,22.1367,21.0908,23.4194,19.6802,19.4173,18.3647,19.0594,19.7339,18.8019
3,591,32,320,0.75,39.2997,37.1524,42.2631,34.0671,31.6304,32.1429,29.8549,35.6747,31.4898
3,592,32,320,1,41.8831,39.0980,45.0680,36.5905,37.3382,34.7197,35.3905,37.8276,37.8458
3,593,32,320,1.5,46.3790,42.1302,49.2759,40.2936,41.6163,37.0625,37.7580,41.4982,41.9416
3,594,33,10,0.75,4.0156,3.2166,3.9600,4.6493,4.1373,4.5887,0.0000,4.5495,0.0000
3,595,33,10,1,0.6150,0.2666,0.8669,0.0000,0.0000,0.0000,0.0000,4.0175,0.0000
3,596,33,10,1.5,2.3698,2.4546,3.4185,4.2202,0.0000,0.0000,3.2151,0.0000,0.0000
3,597,33,20,0.75,5.3222,5.5373,5.7073,4.6391,4.5055,4.3774,0.0000,4.4513,3.9920
3,598,33,20,1,3.1172,3.4393,2.9603,4.1108,4.2761,0.0000,0.0000,0.0000,0.0000
3,599,33,20,1.5,4.2804,4.8508,4.1202,5.3971,5.6307,4.9174,5.2770,5.0390,0.0000
3,600,33,40,0.75,6.2268,7.0165,7.7329,6.0940,5.1771,5.1615,4.5050,5.5894,5.0076
3,601,33,40,1,7.8212,9.7259,8.8984,6.4305,5.6980,5.1004,0.0000,5.5376,5.2350
3,602,33,40,1.5,7.1903,8.4843,9.3498,7.4295,7.3462,6.3003,5.1927,7.5245,7.5276
3,603,33,80,0.75,12.2807,12.2889,14.0139,9.9966,8.5431,7.6915,6.6352,8.5881,7.3400
3,604,33,80,1,13.5061,15.8103,15.1285,11.1215,10.1966,10.1802,7.8603,8.7781,8.6807
3,605,33,80,1.5,14.6318,16.6722,17.9412,12.0562,11.1144,10.4100,8.4168,11.7226,11.1233
3,606,33,160,0.75,25.0500,28.6757,28.8169,19.8715,16.4304,17.7173,13.2200,18.5652,16.8594
3,607,33,160,1,27.3770,30.0880,31.8958,22.3467,20.5694,18.6184,15.8218,21.2961,20.5924
3,608,33,160,1.5,28.3225,31.2732,32.6532,24.7026,21.9669,20.4743,15.0855,21.3818,20.3444
3,609,33,320,0.75,50.4281,56.9047,58.2002,41.7007,33.9334,35.2435,25.3488,37.3697,32.3719
3,610,33,320,1,56.0051,62.7857,64.6629,45.6770,42.0392,37.1678,32.0728,40.6869,39.8774
3,611,33,320,1.5,59.9956,65.1672,68.1085,51.0359,46.8143,41.1293,33.2023,45.3179,42.5807
3,612,34,10,0.75,0.7052,-0.2688,0.8450,0.0000,4.0181,3.6756,3.6606,0.0000,0.0000
3,613,34,10,1,1.2247,1.9279,2.7558,0.0000,0.0000,0.0000,0.0000,0.0000,0.0000
3,614,34,10,1.5,1.1853,2.3297,2.5606,0.0000,0.0000,0.0000,0.0000,0.0000,0.0000
3,615,34,20,0.75,2.0981,2.8203,4.6346,0.0000,0.0000,0.0000,0.0000,0.0000,4.2829
3,616,34,20,1,3.4370,2.8345,4.8304,4.2993,0.0000,0.0000,0.0000,4.1911,4.0703
3,617,34,20,1.5,4.1610,3.8109,5.2255,4.4454,0.0000,0.0000,0.0000,4.6925,4.4611
3,618,34,40,0.75,6.4824,7.0486,10.7924,5.3238,0.0000,6.8269,5.5862,8.6315,7.9014
3,619,34,40,1,6.0433,6.7057,10.0366,5.4103,5.8627,6.2607,6.4815,8.6822,8.9539
3,620,34,40,1.5,8.7920,9.2859,12.9140,8.0026,7.8742,8.2496,8.2159,10.1539,11.3782
3,621,34,80,0.75,10.8702,13.1423,17.9580,10.0675,9.1935,12.3139,10.5283,15.5781,14.3943
3,622,34,80,1,12.5442,13.2422,19.6188,10.2082,10.7176,11.6074,12.0376,15.0488,16.8506
3,623,34,80,1.5,13.3425,13.1899,21.8315,11.2756,11.4653,12.3603,12.2226,16.8248,18.7425
3,624,34,160,0.75,22.3361,23.9192,35.0415,19.0151,18.3162,21.9109,20.3220,27.9611,28.5744
3,625,34,160,1,24.4268,26.8191,41.5585,20.7283,22.0550,24.3541,25.2016,32.8194,37.0175
3,626,34,160,1.5,28.8558,30.2525,44.8098,24.5177,25.2128,27.6392,27.5905,35.3330,39.3709
3,627,34,320,0.75,47.9360,52.4013,74.1275,41.7225,39.5000,47.8193,44.2374,60.1662,60.4942
3,628,34,320,1,52.1850,55.8440,81.4156,45.4383,47.5807,50.6518,51.9696,64.6016,72.7022
3,629,34,320,1.5,55.1753,57.4761,85.6041,47.1254,49.1876,52.1151,53.5926,67.3689,75.8029
3,630,35,10,0.75,1.5454,1.7783,1.8258,0.0000,0.0000,4.5325,4.3407,0.0000,4.4457
3,631,35,10,1,1.7084,1.7183,2.3304,0.0000,0.0000,0.0000,0.0000,0.0000,3.6474
3,632,35,10,1.5,1.4829,3.2767,3.0200,0.0000,0.0000,0.0000,0.0000,4.2213,3.8387
3,633,35,20,0.75,5.0473,5.2557,5.0973,4.9053,5.0673,4.9917,5.1552,4.5309,4.6470
3,634,35,20,1,2.9096,4.8661,4.0525,4.2812,0.0000,4.7418,4.9635,0.0000,0.0000
3,635,35,20,1.5,1.8186,3.6133,3.9697,0.0000,0.0000,4.8077,4.6816,5.3246,5.0824
3,636,35,40,0.75,5.4835,8.0754,7.5123,5.2163,4.2184,7.5134,6.4111,7.2474,5.6626
3,637,35,40,1,6.2728,8.5443,7.7694,6.3944,6.0672,8.2596,8.1081,7.2210,6.9325
3,638,35,40,1.5,8.0717,9.0375,9.4469,7.9465,7.1222,8.7310,8.2295,8.3629,7.6013
3,639,35,80,0.75,13.6295,17.5390,16.7851,13.2388,11.3545,15.7670,13.8453,15.9504,13.4978
3,640,35,80,1,11.8337,16.6021,15.8529,11.1850,10.4234,15.2442,14.4016,13.8892,12.8644
3,641,35,80,1.5,14.7543,20.0157,19.1144,13.8887,13.2654,17.8050,16.8151,16.6964,15.2560
3,642,35,160,0.75,22.8792,31.4153,30.1123,22.0013,18.7292,28.0871,24.0665,27.0993,22.9400
3,643,35,160,1,26.1700,36.3371,34.8856,25.1473,24.2748,32.6945,31.3709,31.5726,29.6439
3,644,35,160,1.5,30.3324,38.7908,39.0236,29.3729,26.7691,35.5035,32.9618,34.6635,31.2993
3,645,35,320,0.75,46.9366,65.4787,62.4732,45.2375,39.1176,60.3481,51.1864,56.4038,47.2479
3,646,35,320,1,48.7258,69.3995,65.9452,45.7091,43.5580,61.9922,59.4700,57.5374,54.2397
3,647,35,320,1.5,54.9862,73.1897,70.6767,52.4861,49.1080,65.8504,62.2800,62.4284,57.7280
4,0,0,10,0.75,0.9894,2.2156,2.1929,0.0000,0.0000,0.0000,0.0000,4.9225,5.1345
4,1,0,10,1,-0.3402,0.3749,-0.7012,0.0000,0.0000,0.0000,0.0000,0.0000,0.0000
4,2,0,10,1.5,1.1016,1.2315,0.6635,0.0000,0.0000,0.0000,0.0000,0.0000,0.0000
4,3,0,20,0.75,0.4757,0.7871,-0.1591,0.0000,0.0000,4.7273,0.0000,0.0000,0.0000
4,4,0,20,1,0.3758,0.6042,0.1624,4.3761,4.3455,4.4591,4.5193,0.0000,0.0000
4,5,0,20,1.5,2.3541,1.3936,1.9711,0.0000,0.0000,0.0000,0.0000,0.0000,0.0000
4,6,0,40,0.75,1.7647,2.3182,1.8858,0.0000,0.0000,0.0000,0.0000,0.0000,0.0000
4,7,0,40,1,2.4556,3.1347,3.1038,3.9519,4.0733,0.0000,0.0000,4.5923,0.0000
4,8,0,40,1.5,1.0232,2.0440,2.4600,4.1650,4.1457,4.4569,4.3413,4.1468,4.2340
4,9,0,80,0.75,4.1324,4.8874,5.0990,4.2795,4.1909,4.7970,4.5969,4.7448,4.2648
4,10,0,80,1,3.1437,3.8649,4.0511,4.3571,0.0000,4.6240,4.2802,0.0000,4.0778
4,11,0,80,1.5,5.0723,5.3675,5.7964,5.0668,4.9050,5.6007,5.6739,5.3252,5.5043
4,12,0,160,0.75,8.2480,9.5071,10.0418,8.1244,7.1481,9.2700,8.8618,9.9810,8.5866
4,13,0,160,1,9.3602,8.3772,10.0510,8.5141,7.8409,8.3300,8.2291,9.0995,8.2404
4,14,0,160,1.5,11.1599,10.5936,12.4093,9.6260,9.5716,10.2934,9.7990,10.9423,11.0601
4,15,0,320,0.75,16.1048,17.0617,18.1397,14.4207,12.1534,16.4682,14.3471,16.6568,13.6003
4,16,0,320,1,18.1707,19.0886,22.1282,16.2036,15.6697,18.3038,18.2602,20.5636,19.1244
4,17,0,320,1.5,19.6699,20.0360,23.4729,18.0199,17.3378,19.0467,19.2129,22.0414,19.6642
4,18,1,10,0.75,-0.4008,-1.1382,-0.0937,0.0000,0.0000,0.0000,0.0000,0.0000,0.0000
4,19,1,10,1,0.3487,0.5214,-0.0160,0.0000,0.0000,0.0000,0.0000,0.0000,0.0000
4,20,1,10,1.5,1.0767,2.1897,1.5179,0.0000,0.0000,4.5396,4.4629,0.0000,0.0000
4,21,1,20,0.75,1.8165,1.9656,2.2359,0.0000,0.0000,4.7256,4.4154,4.3123,4.3211
4,22,1,20,1,2.7693,2.1123,1.1980,4.0578,0.0000,0.0000,0.0000,4.1421,4.2044
4,23,1,20,1.5,2.1082,2.8874,2.6179,0.0000,0.0000,0.0000,0.0000,0.0000,0.0000
4,24,1,40,0.75,3.8998,2.9402,3.4169,5.4336,5.5945,0.0000,0.0000,0.0000,0.0000
4,25,1,40,1,4.3963,4.0540,5.6396,0.0000,4.3793,4.3400,0.0000,0.0000,0.0000
4,26,1,40,1.5,5.4019,5.9665,7.3895,5.0334,4.3907,5.7774,5.4505,5.4545,4.9329
4,27,1,80,0.75,6.0235,8.7455,8.7335,5.1373,4.6211,7.4212,6.8609,7.1947,6.6084
4,28,1,80,1,8.2651,7.3734,10.0760,6.6006,6.6158,6.2274,6.5499,6.5226,7.0451
4,29,1,80,1.5,10.2412,9.8392,11.5113,7.4803,7.0475,8.8179,8.5298,8.5734,8.5992
4,30,1,160,0.75,15.0885,17.4742,18.7038,12.9436,11.6958,15.8694,14.3376,14.1164,12.9090
4,31,1,160,1,14.9182,17.2125,19.9747,11.6109,10.6733,14.3930,14.1070,14.4118,14.0809
4,32,1,160,1.5,19.5661,20.8166,22.3787,15.4013,15.2558,18.1670,18.0314,17.0211,16.9762
4,33,1,320,0.75,30.6336,33.7143,39.1329,24.0567,21.8488,28.5190,25.4935,26.6684,24.5907
4,34,1,320,1,31.1753,33.7930,38.8634,22.9225,22.6161,28.6648,28.6352,26.6740,27.3019
4,35,1,320,1.5,35.0898,37.8567,44.2247,24.9378,24.5325,31.6655,30.9487,30.3106,30.0194
4,36,2,10,0.75,0.1010,2.3359,0.5176,0.0000,0.0000,0.0000,0.0000,0.0000,0.0000
4,37,2,10,1,0.8980,0.9094,1.5716,4.9131,4.9264,0.0000,0.0000,0.0000,0.0000
4,38,2,10,1.5,1.0052,0.4229,2.7090,4.4296,4.5919,3.9074,3.9268,0.0000,0.0000
4,39,2,20,0.75,2.6224,2.9692,3.4756,0.0000,0.0000,0.0000,0.0000,0.0000,0.0000
4,40,2,20,1,1.9767,1.5706,3.3498,0.0000,0.0000,0.0000,0.0000,4.3470,3.9297
4,41,2,20,1.5,2.3887,2.5087,3.9091,0.0000,0.0000,0.0000,0.0000,4.1228,4.0897
4,42,2,40,0.75,4.9884,4.5823,7.8236,4.3115,0.0000,4.7357,4.2678,6.3049,5.0861
4,43,2,40,1,5.7272,6.0167,8.7279,5.3658,5.2828,4.7395,4.9000,6.4602,6.6172
4,44,2,40,1.5,6.9075,6.4272,8.0064,5.8168,6.0526,6.5778,5.8274,7.5751,7.0678
4,45,2,80,0.75,8.5756,10.1941,13.8719,6.7161,5.8498,8.7211,7.6075,11.2780,9.8994
4,46,2,80,1,9.3830,11.6561,15.4932,7.9951,7.5797,9.9751,9.6001,11.8408,11.2255
4,47,2,80,1.5,9.0627,11.2908,14.5433,6.8918,6.5594,10.5140,9.0931,10.9646,10.6435
4,48,2,160,0.75,17.0911,19.5604,25.8295,13.1201,11.4336,17.7862,15.7317,19.6388,17.0851
4,49,2,160,1,19.1702,22.7882,30.0489,15.1914,15.5170,20.1979,19.6522,22.8985,22.8318
4,50,2,160,1.5,19.5382,24.0393,31.5281,16.1310,14.9311,21.2690,19.9896,24.7855,23.4546
4,51,2,320,0.75,31.4781,39.0384,49.4461,25.7817,22.0573,35.5422,29.4405,37.6883,32.9206
4,52,2,320,1,35.8655,43.2986,56.7777,29.8527,29.5096,38.7289,38.4226,44.1640,42.9231
4,53,2,320,1.5,39.6218,45.6423,60.1106,31.1655,30.7885,40.7252,38.8237,45.3790,43.3518
4,54,3,10,0.75,0.1698,0.9808,0.1673,3.9843,0.0000,4.5632,0.0000,4.2485,4.3110
4,55,3,10,1,0.0376,1.1819,0.4913,0.0000,0.0000,0.0000,0.0000,0.0000,0.0000
4,56,3,10,1.5,-1.5967,-0.1427,0.0636,0.0000,0.0000,0.0000,0.0000,4.3100,0.0000
4,57,3,20,0.75,1.2992,2.3881,1.4026,0.0000,0.0000,0.0000,0.0000,0.0000,0.0000
4,58,3,20,1,0.9632,1.2701,0.9500,3.8492,4.1967,0.0000,0.0000,4.3182,4.4000
4,59,3,20,1.5,1.2030,2.6050,2.4531,0.0000,4.3477,0.0000,0.0000,4.2435,4.4415
4,60,3,40,0.75,0.8575,2.7508,1.1203,4.5882,0.0000,4.6485,4.0496,4.6602,3.9977
4,61,3,40,1,0.9947,3.3146,3.9292,3.8576,0.0000,0.0000,0.0000,0.0000,4.5098
4,62,3,40,1.5,-0.0114,1.7902,2.2008,0.0000,3.8756,0.0000,0.0000,0.0000,0.0000
4,63,3,80,0.75,2.0863,5.3241,4.7465,0.0000,0.0000,4.8816,0.0000,0.0000,0.0000
4,64,3,80,1,4.2323,6.3651,5.8833,4.8520,4.3814,5.5294,5.4399,4.7020,4.5760
4,65,3,80,1.5,1.8935,6.4831,6.1020,0.0000,0.0000,4.6149,4.6947,4.6150,4.3671
4,66,3,160,0.75,5.1775,10.0629,8.5221,4.7346,4.8703,8.0741,7.2136,6.4983,6.0386
4,67,3,160,1,7.9110,12.7248,12.2083,7.1311,6.4565,10.8136,10.4163,8.7483,9.0112
4,68,3,160,1.5,7.5099,14.4409,12.7634,6.3869,6.1379,10.7560,10.8542,8.1609,8.4641
4,69,3,320,0.75,11.4129,23.7375,20.7645,10.3087,8.4860,18.1573,15.8446,14.0120,11.5561
4,70,3,320,1,14.5384,25.6842,24.3198,12.0455,11.0335,18.8406,18.6111,16.2447,17.2508
4,71,3,320,1.5,14.7735,27.3441,24.7431,12.9117,12.1284,20.7334,20.6981,16.4044,15.7306
4,72,4,10,0.75,-0.4513,0.1507,0.7140,4.4280,0.0000,0.0000,0.0000,0.0000,0.0000
4,73,4,10,1,-0.0691,-0.3264,1.0945,5.1848,4.7539,4.8045,4.8448,4.8884,4.2011
4,74,4,10,1.5,1.4446,1.3763,1.5127,0.0000,0.0000,4.3759,4.2393,0.0000,0.0000
4,75,4,20,0.75,1.1958,2.5822,3.3724,0.0000,3.6184,0.0000,0.0000,0.0000,0.0000
4,76,4,20,1,2.6772,2.1568,3.2847,0.0000,0.0000,0.0000,0.0000,0.0000,3.9526
4,77,4,20,1.5,0.9491,0.6868,1.0119,0.0000,4.3452,0.0000,0.0000,0.0000,0.0000
4,78,4,40,0.75,1.5029,1.6010,3.8551,4.0380,0.0000,0.0000,0.0000,0.0000,0.0000
4,79,4,40,1,2.6548,2.2563,4.3950,0.0000,0.0000,0.0000,0.0000,0.0000,0.0000
4,80,4,40,1.5,4.5958,3.7130,5.9155,5.4100,5.1776,0.0000,0.0000,4.7585,5.0654
4,81,4,80,0.75,4.7594,5.6168,8.9318,4.2236,4.7136,4.5540,4.8958,6.7073,7.0364
4,82,4,80,1,8.3992,8.7012,13.1549,6.4182,6.3415,6.5582,6.5461,9.1984,9.8262
4,83,4,80,1.5,7.5341,8.6894,11.6408,7.0160,5.8998,7.6988,6.7246,8.3030,6.9951
4,84,4,160,0.75,10.3836,12.9363,20.7727,6.8391,5.8399,9.8027,7.6560,14.0268,11.7464
4,85,4,160,1,13.0907,13.4000,22.0577,10.4749,10.0231,10.5539,10.4150,15.7272,15.1850
4,86,4,160,1.5,14.9902,15.9266,24.6607,10.6408,10.1009,12.2826,11.3102,16.9755,16.1197
4,87,4,320,0.75,23.7782,25.6933,40.2746,17.5907,15.9510,19.0105,16.8261,27.9561,23.8844
4,88,4,320,1,27.8306,30.1329,47.1464,20.7874,20.8948,22.2518,22.2979,33.4214,33.1560
4,89,4,320,1.5,29.1152,30.9597,48.5363,20.8921,20.8215,23.0355,22.4853,34.5212,34.1154
4,90,5,10,0.75,1.2905,1.8766,2.2698,3.6816,3.6046,4.5481,4.2515,0.0000,0.0000
4,91,5,10,1,1.9016,1.3258,2.2732,0.0000,0.0000,3.6328,0.0000,0.0000,0.0000
4,92,5,10,1.5,0.1660,2.0457,2.5667,0.0000,0.0000,0.0000,0.0000,0.0000,3.6855
4,93,5,20,0.75,1.6756,3.1676,3.1687,0.0000,0.0000,4.5468,4.5849,4.1708,4.2274
4,94,5,20,1,2.3506,3.6903,3.5048,0.0000,0.0000,0.0000,0.0000,0.0000,0.0000
4,95,5,20,1.5,2.7246,1.4829,2.5859,0.0000,4.1440,4.4082,4.5262,0.0000,0.0000
4,96,5,40,0.75,2.9341,6.5986,6.1357,0.0000,0.0000,5.2959,0.0000,4.4843,0.0000
4,97,5,40,1,3.1701,4.3861,5.2101,0.0000,0.0000,4.5178,4.7400,0.0000,4.6702
4,98,5,40,1.5,4.7588,7.4969,7.7620,0.0000,0.0000,6.0627,0.0000,4.8528,4.3651
4,99,5,80,0.75,6.6725,10.0663,9.2358,6.2219,6.2378,9.5264,7.9248,7.7823,6.3915
4,100,5,80,1,8.4036,14.4413,14.7908,6.0656,6.1516,10.8567,9.8181,10.0572,11.1609
4,101,5,80,1.5,8.7173,13.0337,13.9333,7.0101,7.0523,10.0946,9.3814,9.4031,10.8616
4,102,5,160,0.75,13.2696,22.0300,22.4852,10.2365,8.3234,17.5375,13.1831,16.3941,14.2225
4,103,5,160,1,14.4698,23.6408,24.1841,11.5441,10.1295,17.9674,14.7865,15.9044,16.2271
4,104,5,160,1.5,16.4290,26.0795,26.6439,12.4916,11.5590,20.2616,16.7101,17.8353,18.3713
4,105,5,320,0.75,27.3200,45.1047,46.9182,20.5804,18.0638,34.7840,26.9186,31.3707,29.0604
4,106,5,320,1,30.8137,48.9666,48.6385,22.7178,22.5169,37.9247,32.7089,33.9395,34.7786
4,107,5,320,1.5,32.9327,54.1811,54.6758,24.7786,23.1381,41.5572,35.1660,37.3091,36.3945
4,108,6,10,0.75,2.4272,1.4531,2.3180,0.0000,0.0000,4.4417,0.0000,0.0000,0.0000
4,109,6,10,1,1.9209,1.5765,0.8650,0.0000,0.0000,0.0000,0.0000,4.7287,4.2575
4,110,6,10,1.5,0.8860,-0.0673,0.0699,3.8851,4.1048,4.2546,0.0000,4.7186,4.6422
4,111,6,20,0.75,1.5559,1.7202,0.0735,0.0000,0.0000,4.4734,4.2696,4.4113,4.1144
4,112,6,20,1,0.9934,1.0511,2.7767,0.0000,0.0000,0.0000,4.0249,0.0000,0.0000
4,113,6,20,1.5,2.2524,1.6607,2.9096,0.0000,0.0000,0.0000,4.2213,0.0000,4.1864
4,114,6,40,0.75,2.5282,3.0105,4.4090,0.0000,4.1427,0.0000,0.0000,4.4530,4.5907
4,115,6,40,1,3.0781,2.6956,4.2501,0.0000,0.0000,0.0000,0.0000,4.3850,4.1699
4,116,6,40,1.5,3.2918,2.6640,5.4338,4.2889,4.6847,4.8635,4.6542,5.6091,5.5228
4,117,6,80,0.75,5.6881,6.0096,9.6609,5.5881,4.3858,6.1324,5.0014,9.4216,8.2329
4,118,6,80,1,6.6906,6.5837,10.8914,7.0066,6.7266,6.8095,6.7116,10.8436,10.3430
4,119,6,80,1.5,6.4967,7.0148,10.2333,6.7591,6.7591,7.1753,6.7912,10.5648,9.9638
4,120,6,160,0.75,11.6899,12.9313,17.6789,11.4106,10.2254,12.8083,11.1536,17.7214,15.3051
4,121,6,160,1,13.7210,14.1324,18.2457,13.5991,13.2689,14.1994,14.0793,18.2997,17.7165
4,122,6,160,1.5,12.7898,12.7244,20.4310,12.8142,11.9456,12.7466,11.7880,20.1890,19.2653
4,123,6,320,0.75,20.6874,22.6628,34.8259,20.7123,18.0350,22.1041,18.8517,34.1929,29.9373
4,124,6,320,1,24.7399,26.2920,39.2306,24.6375,23.7608,26.1930,25.3482,38.8384,37.6223
4,125,6,320,1.5,27.0229,27.3651,40.8870,26.8396,25.8937,27.4326,26.7942,40.7884,39.2842
4,126,7,10,0.75,1.2099,-0.2450,-1.2015,0.0000,0.0000,4.5642,0.0000,0.0000,0.0000
4,127,7,10,1,-0.3658,-0.6518,-0.1463,0.0000,0.0000,0.0000,0.0000,3.9382,4.2451
4,128,7,10,1.5,1.6404,1.3407,3.1499,0.0000,0.0000,0.0000,0.0000,0.0000,0.0000
4,129,7,20,0.75,1.0714,1.4224,2.8090,0.0000,4.7951,0.0000,0.0000,3.6155,0.0000
4,130,7,20,1,0.7339,-0.3222,0.2040,0.0000,0.0000,0.0000,0.0000,0.0000,0.0000
4,131,7,20,1.5,1.4832,1.0268,1.0337,3.8230,0.0000,0.0000,0.0000,0.0000,4.2991
4,132,7,40,0.75,1.4853,1.4881,2.2605,0.0000,0.0000,0.0000,0.0000,3.5256,0.0000
4,133,7,40,1,3.4151,3.0540,4.1949,0.0000,0.0000,0.0000,0.0000,0.0000,0.0000
4,134,7,40,1.5,3.1042,3.7977,4.8453,0.0000,3.9490,4.2476,4.2229,0.0000,4.0955
4,135,7,80,0.75,3.6703,5.7200,6.5398,0.0000,0.0000,5.7588,4.7118,5.0889,0.0000
4,136,7,80,1,4.5690,5.0017,8.0941,3.6717,3.8484,4.6594,4.7347,5.4188,5.0381
4,137,7,80,1.5,4.6598,6.1259,8.6048,4.6393,4.1808,5.2734,5.7261,6.3094,5.6142
4,138,7,160,0.75,8.7356,10.0985,12.1122,7.9322,6.9111,9.4514,8.5709,9.1887,8.4328
4,139,7,160,1,6.1952,9.6903,13.3736,6.1985,5.4853,8.2402,7.8170,10.4445,9.3264
4,140,7,160,1.5,9.6395,12.2126,16.8022,8.2367,9.0000,10.8384,11.6585,12.3822,13.5631
4,141,7,320,0.75,13.8618,18.9749,23.4000,12.8369,11.2716,16.6337,15.2076,17.6968,16.6087
4,142,7,320,1,15.8815,20.6235,27.3826,13.9958,13.8263,18.0790,17.9123,19.4734,19.8674
4,143,7,320,1.5,17.4950,21.9717,31.3140,14.9235,14.5190,18.1075,19.1137,21.7051,22.3243
4,144,8,10,0.75,1.5461,2.9660,2.7561,0.0000,0.0000,0.0000,0.0000,0.0000,0.0000
4,145,8,10,1,1.3405,-0.5183,1.6201,0.0000,0.0000,4.6345,4.5059,0.0000,4.4908
4,146,8,10,1.5,-2.0808,-0.7169,-0.7266,4.2909,4.0462,0.0000,0.0000,0.0000,0.0000
4,147,8,20,0.75,-0.4522,-0.0647,2.5709,4.3608,0.0000,0.0000,4.0878,0.0000,0.0000
4,148,8,20,1,0.4109,0.9272,0.5866,0.0000,0.0000,4.6528,0.0000,0.0000,0.0000
4,149,8,20,1.5,1.4374,0.2619,2.6171,5.4688,5.4305,0.0000,0.0000,0.0000,4.0631
4,150,8,40,0.75,2.6398,3.7112,3.9089,4.7916,4.6914,0.0000,5.2527,4.7235,4.7188
4,151,8,40,1,2.8985,2.6706,4.3593,4.8170,4.6047,4.8964,4.8210,5.2028,4.4858
4,152,8,40,1.5,1.7081,0.8914,4.9628,4.1856,0.0000,4.3791,0.0000,4.7541,0.0000
4,153,8,80,0.75,3.9289,3.6522,7.3365,0.0000,4.3111,4.4515,4.2885,6.8845,5.4228
4,154,8,80,1,5.8898,5.3161,10.1916,5.2777,5.1693,5.6943,5.6479,8.1084,8.3134
4,155,8,80,1.5,5.7555,5.2820,10.8285,5.1290,0.0000,0.0000,3.9208,8.4097,7.5958
4,156,8,160,0.75,8.8682,6.6063,17.5938,8.0573,6.2662,5.5092,4.7245,14.5016,12.5443
4,157,8,160,1,10.5310,8.1995,19.4117,9.2972,8.6933,6.7874,6.9455,16.5685,16.0156
4,158,8,160,1.5,11.6926,9.8697,20.7774,9.7761,9.0644,7.9553,7.8979,15.5897,15.6186
4,159,8,320,0.75,19.4862,15.1768,32.3922,16.3310,13.7595,12.7558,10.2358,27.4742,24.6909
4,160,8,320,1,21.0946,17.2352,38.3991,17.7603,15.2283,13.1843,14.1276,30.3594,30.1733
4,161,8,320,1.5,22.2845,19.2032,41.5074,18.6034,16.1261,14.7298,13.9635,31.8666,32.2038
4,162,9,10,0.75,0.1292,0.1698,-0.6416,4.1040,4.3397,4.1918,3.9776,4.2568,4.3257
4,163,9,10,1,-0.1884,-0.1415,0.9317,4.5056,4.5889,0.0000,0.0000,3.9244,4.3237
4,164,9,10,1.5,0.9142,1.0055,1.2458,0.0000,0.0000,4.3379,0.0000,0.0000,3.9299
4,165,9,20,0.75,1.2452,-0.5604,1.0935,0.0000,0.0000,0.0000,4.0074,0.0000,0.0000
4,166,9,20,1,1.7201,1.6656,1.5700,0.0000,4.0698,0.0000,0.0000,4.7194,4.5105
4,167,9,20,1.5,0.3491,0.6864,1.8474,4.4830,4.1951,0.0000,0.0000,0.0000,0.0000
4,168,9,40,0.75,1.3797,2.2614,2.6353,4.1474,0.0000,0.0000,0.0000,0.0000,4.2751
4,169,9,40,1,1.8168,1.2757,3.5492,4.8596,4.6162,4.3943,4.5754,0.0000,3.8506
4,170,9,40,1.5,2.2067,2.5337,3.7364,4.6720,4.7554,0.0000,0.0000,0.0000,4.3710
4,171,9,80,0.75,2.5927,3.5606,6.9225,4.6052,4.3899,4.6617,4.4394,6.3199,5.1715
4,172,9,80,1,2.8600,5.6036,6.6188,0.0000,4.5261,5.2993,5.2578,6.6837,6.0528
4,173,9,80,1.5,2.2513,2.1637,7.3852,0.0000,0.0000,0.0000,0.0000,6.8304,6.0532
4,174,9,160,0.75,3.8314,4.5420,11.5695,3.4818,3.1190,4.4503,0.0000,10.5672,7.5886
4,175,9,160,1,6.3716,7.0563,12.2841,6.1973,5.6610,6.9550,6.5694,11.2005,9.6689
4,176,9,160,1.5,7.6354,6.9973,14.1764,7.3739,6.7343,7.3432,7.1551,12.7130,10.5970
4,177,9,320,0.75,12.9026,12.6931,23.6131,12.1493,10.1039,12.5678,10.2767,21.4814,16.2212
4,178,9,320,1,12.7729,13.7379,28.0316,11.7294,11.4607,13.2794,12.9462,24.9450,21.6610
4,179,9,320,1.5,15.8957,15.2908,28.3566,14.4450,12.6951,15.0657,14.1984,26.1558,22.3241
4,180,10,10,0.75,1.8228,0.9356,0.9652,0.0000,3.8716,0.0000,3.9921,4.3489,4.3732
4,181,10,10,1,-0.2070,-0.2541,0.0768,4.1308,4.2482,0.0000,0.0000,0.0000,0.0000
4,182,10,10,1.5,-0.8660,0.0004,0.8703,0.0000,0.0000,0.0000,0.0000,0.0000,0.0000
4,183,10,20,0.75,-1.2310,-1.8700,-0.4889,0.0000,4.0937,0.0000,0.0000,5.1495,5.1840
4,184,10,20,1,0.8518,0.8614,1.9491,0.0000,0.0000,0.0000,0.0000,4.1514,0.0000
4,185,10,20,1.5,-1.0948,-1.3344,-1.3118,0.0000,0.0000,0.0000,0.0000,0.0000,4.1877
4,186,10,40,0.75,0.4848,0.6070,1.2135,0.0000,0.0000,0.0000,0.0000,4.4688,4.4333
4,187,10,40,1,1.6187,1.1379,0.1599,0.0000,0.0000,3.3451,3.4775,0.0000,0.0000
4,188,10,40,1.5,0.1688,0.8601,-0.0396,0.0000,0.0000,0.0000,0.0000,3.9079,3.9313
4,189,10,80,0.75,-0.0713,0.5436,1.7198,4.2475,4.0857,4.4376,0.0000,4.1192,4.1814
4,190,10,80,1,0.2289,-0.1199,0.5490,4.3493,0.0000,5.7734,4.6986,0.0000,0.0000
4,191,10,80,1.5,-1.0152,-0.0350,1.3290,0.0000,0.0000,0.0000,0.0000,0.0000,0.0000
4,192,10,160,0.75,0.2804,0.9034,2.5371,0.0000,0.0000,0.0000,0.0000,3.8472,4.0910
4,193,10,160,1,0.4623,2.1133,1.1678,4.5025,4.6294,4.1453,4.2188,4.5314,4.5755
4,194,10,160,1.5,1.0373,1.5028,3.0231,0.0000,0.0000,0.0000,0.0000,0.0000,0.0000
4,195,10,320,0.75,3.6796,2.4425,4.9845,0.0000,0.0000,0.0000,0.0000,0.0000,0.0000
4,196,10,320,1,1.9316,3.2326,4.9209,0.0000,0.0000,0.0000,0.0000,0.0000,0.0000
4,197,10,320,1.5,2.4624,2.1351,3.7285,0.0000,0.0000,4.2117,0.0000,0.0000,4.2381
4,198,11,10,0.75,1.4289,1.0048,1.7468,0.0000,0.0000,0.0000,0.0000,4.2061,3.9874
4,199,11,10,1,2.6479,2.7703,2.3543,4.8270,0.0000,0.0000,0.0000,4.5036,0.0000
4,200,11,10,1.5,0.1579,1.4610,1.8262,0.0000,0.0000,0.0000,0.0000,0.0000,0.0000
4,201,11,20,0.75,2.2549,1.7327,4.1707,0.0000,0.0000,3.8188,0.0000,0.0000,0.0000
4,202,11,20,1,2.7248,4.1251,5.4951,4.5082,4.1476,0.0000,4.8042,0.0000,0.0000
4,203,11,20,1.5,2.4559,3.2049,3.6480,0.0000,3.9625,0.0000,0.0000,4.1749,4.1777
4,204,11,40,0.75,5.5317,7.2544,8.4041,4.8689,4.8226,6.8811,6.3481,6.3769,6.3462
4,205,11,40,1,5.6106,7.0887,5.8474,5.5334,5.4115,6.3744,6.4146,5.3413,5.2673
4,206,11,40,1.5,6.3608,7.5578,9.7048,5.8335,5.6979,6.7988,7.4556,5.5520,5.6770
4,207,11,80,0.75,9.9201,14.1390,14.9400,7.5482,6.2938,9.9881,8.8840,10.9342,9.0255
4,208,11,80,1,11.2733,15.1911,16.2357,8.6649,7.2276,11.2613,10.8719,10.8798,10.1249
4,209,11,80,1.5,11.5660,15.4164,16.9786,8.4837,7.7466,11.7394,11.8038,11.7579,12.5144
4,210,11,160,0.75,18.7227,26.9168,29.3944,14.3018,12.4606,20.9494,18.8485,20.9655,18.2074
4,211,11,160,1,19.1966,27.4999,31.4124,15.0401,14.3010,21.3575,21.7569,21.9311,21.0341
4,212,11,160,1.5,22.0049,29.2740,34.2120,16.1447,15.2664,22.9424,22.3957,24.6801,24.9460
4,213,11,320,0.75,37.4680,51.5251,56.8037,27.3440,22.1376,37.8850,33.6111,39.1772,34.0504
4,214,11,320,1,42.0194,54.7225,62.4859,29.3999,26.8577,40.5389,39.8215,42.5187,39.5298
4,215,11,320,1.5,45.5266,59.7850,69.2993,31.8993,29.8900,43.3017,43.4929,46.9050,45.6910
4,216,12,10,0.75,2.0730,2.0174,1.0078,0.0000,0.0000,0.0000,0.0000,0.0000,0.0000
4,217,12,10,1,-0.5791,-0.6568,-0.0901,4.3363,4.0392,4.3768,0.0000,4.3543,0.0000
4,218,12,10,1.5,1.7280,1.9810,2.4737,0.0000,0.0000,0.0000,0.0000,0.0000,0.0000
4,219,12,20,0.75,-0.1288,-0.1047,-0.1429,3.9644,3.7190,4.6623,4.2048,0.0000,3.8878
4,220,12,20,1,1.8990,1.5241,1.9402,0.0000,0.0000,0.0000,3.9803,4.3682,4.5496
4,221,12,20,1.5,2.5919,3.2126,3.2444,0.0000,4.2955,0.0000,0.0000,0.0000,0.0000
4,222,12,40,0.75,2.9086,3.0745,3.6530,4.1516,0.0000,0.0000,0.0000,0.0000,4.5318
4,223,12,40,1,5.1028,4.4992,5.4863,5.1043,5.0305,0.0000,4.8678,4.9842,5.2239
4,224,12,40,1.5,3.5220,2.3215,4.3390,3.8787,0.0000,0.0000,0.0000,0.0000,0.0000
4,225,12,80,0.75,8.5337,8.2358,10.1800,7.8388,6.7792,7.9299,6.6294,9.9404,8.5067
4,226,12,80,1,7.4393,6.5472,9.0788,6.8618,6.3922,5.7043,5.5292,8.3488,8.1624
4,227,12,80,1.5,6.6152,6.3745,7.8313,6.7535,7.3063,6.3674,6.7084,7.8619,8.4517
4,228,12,160,0.75,16.0468,14.4642,17.6507,15.1669,13.6604,13.1324,11.9235,16.7420,14.8416
4,229,12,160,1,16.2179,15.2448,18.5075,15.5873,15.0099,14.5456,14.2735,17.8636,17.6045
4,230,12,160,1.5,16.6306,15.6414,18.6801,15.8174,15.2180,14.2026,13.5721,17.3791,16.9663
4,231,12,320,0.75,27.3908,26.0229,32.9545,25.9911,22.0779,23.5458,20.2831,30.6190,26.3690
4,232,12,320,1,31.6547,30.4071,36.2940,30.1917,29.5562,27.2862,27.4647,33.6377,33.2421
4,233,12,320,1.5,34.1831,31.9538,38.5650,32.9672,31.2222,29.7831,28.9020,36.9127,35.0923
4,234,13,10,0.75,-0.3384,-0.6528,0.9753,0.0000,0.0000,0.0000,0.0000,0.0000,0.0000
4,235,13,10,1,3.4096,3.1044,4.2483,4.0431,0.0000,4.7644,4.2422,0.0000,4.6303
4,236,13,10,1.5,0.4046,1.8447,0.9440,0.0000,0.0000,0.0000,0.0000,0.0000,4.4021
4,237,13,20,0.75,0.9093,2.0038,2.4114,0.0000,0.0000,0.0000,0.0000,4.5966,0.0000
4,238,13,20,1,4.9738,4.5922,5.2322,4.6848,4.8308,0.0000,0.0000,0.0000,0.0000
4,239,13,20,1.5,4.0662,2.4956,5.2063,5.5076,5.3741,5.3024,4.7198,4.7902,5.2545
4,240,13,40,0.75,6.4948,5.1119,8.2364,6.2628,5.4292,5.1160,4.7835,7.6105,5.3759
4,241,13,40,1,4.8795,3.2682,6.7889,4.8326,4.5703,4.3067,4.2855,6.7838,5.9697
4,242,13,40,1.5,6.0475,4.6481,7.8442,5.7681,6.1681,3.8973,4.4537,7.0981,6.5060
4,243,13,80,0.75,9.2257,8.1405,14.3468,8.6116,6.3770,7.7831,5.0307,14.0297,10.0996
4,244,13,80,1,13.0679,10.5933,17.8411,12.6989,11.1423,10.3380,9.4450,17.0760,14.2791
4,245,13,80,1.5,12.6786,9.2212,17.0669,12.3157,10.6168,8.8245,7.6176,16.6033,12.8486
4,246,13,160,0.75,22.9747,19.7290,30.6602,21.5027,17.8105,18.7406,15.5527,29.0592,23.4558
4,247,13,160,1,25.2572,20.6547,34.0970,23.8056,22.0278,19.4309,17.1091,32.1976,27.2097
4,248,13,160,1.5,29.4040,23.3200,38.5476,28.5074,25.8928,21.9417,19.7113,37.0851,30.6802
4,249,13,320,0.75,42.8739,35.8014,58.6333,40.8865,33.9489,34.7421,27.2551,56.3054,43.5706
4,250,13,320,1,49.1953,40.3182,67.8556,46.6680,42.6291,38.0795,34.1063,64.5719,55.8525
4,251,13,320,1.5,51.7560,41.2052,69.2385,49.7002,45.0838,39.4817,34.4405,66.3398,55.6883
4,252,14,10,0.75,3.1003,3.4884,3.4100,0.0000,4.9612,4.0860,4.0894,4.8796,4.8883
4,253,14,10,1,0.5329,0.6031,0.9635,0.0000,0.0000,0.0000,0.0000,0.0000,0.0000
4,254,14,10,1.5,0.6380,3.8125,2.9557,4.3525,4.4057,4.5264,4.6025,0.0000,0.0000
4,255,14,20,0.75,1.9094,4.4396,4.6022,4.4702,5.0019,4.5907,4.3120,4.2691,4.0738
4,256,14,20,1,3.2925,4.9926,3.7524,4.6820,4.5529,5.0445,4.4245,4.0795,4.4540
4,257,14,20,1.5,3.2780,5.2665,5.5103,0.0000,0.0000,4.3983,4.3337,4.0694,4.2807
4,258,14,40,0.75,6.2158,9.0559,9.6827,5.9968,5.6942,8.3415,7.4240,8.8001,7.6232
4,259,14,40,1,5.0769,7.7156,8.4039,4.5948,4.5198,6.7179,6.2857,7.7601,7.1214
4,260,14,40,1.5,6.3859,9.4810,8.8796,5.5242,5.6126,7.9173,7.9123,7.0363,7.4298
4,261,14,80,0.75,10.0669,16.4855,17.5845,8.7197,7.5040,14.0111,12.2471,14.6034,13.5660
4,262,14,80,1,12.9338,19.7585,20.7528,10.3933,10.0565,15.3950,15.3057,17.2101,17.2617
4,263,14,80,1.5,15.2534,20.9391,21.6383,12.3288,11.3575,17.0880,17.1601,17.4130,18.2192
4,264,14,160,0.75,22.9841,34.1262,37.3577,19.3417,16.5478,29.3072,25.0321,31.1220,28.9231
4,265,14,160,1,24.7254,36.9766,40.4165,20.1428,19.7220,29.9623,28.9432,32.8658,35.5631
4,266,14,160,1.5,28.1421,41.4874,45.0639,21.9502,20.8040,33.5287,32.0896,35.9787,37.0817
4,267,14,320,0.75,45.3883,69.6170,73.1614,37.3296,32.4768,58.3509,50.3208,60.0228,56.3771
4,268,14,320,1,53.6522,77.3328,83.0763,43.6431,41.8470,64.2293,62.2034,67.3884,71.1284
4,269,14,320,1.5,55.1391,81.8036,89.0594,43.2733,40.4017,65.0774,61.5477,70.8851,74.0741
4,270,15,10,0.75,2.3180,1.9570,2.5293,0.0000,0.0000,4.4360,0.0000,0.0000,4.6401
4,271,15,10,1,2.9938,3.0749,3.1309,3.9901,4.2601,0.0000,4.4887,4.4948,4.3503
4,272,15,10,1.5,1.9081,2.1720,2.4246,0.0000,0.0000,0.0000,0.0000,0.0000,0.0000
4,273,15,20,0.75,2.6083,2.9041,2.9267,4.3676,4.8889,0.0000,4.8453,0.0000,4.6436
4,274,15,20,1,3.1954,2.9726,2.2501,4.5783,4.8368,0.0000,4.5190,5.0366,5.1197
4,275,15,20,1.5,2.9143,3.0215,3.6980,3.2934,0.0000,0.0000,3.7913,5.4644,4.9858
4,276,15,40,0.75,6.5371,7.3664,7.2447,6.6121,5.8806,7.1368,7.0412,6.7351,6.6225
4,277,15,40,1,4.3819,7.4857,7.4301,5.3349,4.4380,7.7009,7.6875,7.3849,7.4287
4,278,15,40,1.5,6.5365,7.9088,8.1255,6.5647,6.3499,7.8852,7.7178,7.9090,7.6721
4,279,15,80,0.75,11.1838,14.8937,14.0345,10.9199,10.5142,14.1218,13.3177,13.1278,12.0884
4,280,15,80,1,11.0905,15.5872,15.9170,11.1069,11.0137,15.5533,15.0298,15.6669,15.2069
4,281,15,80,1.5,15.1017,18.4599,17.7789,14.8413,14.0356,17.7470,17.4680,16.7665,15.8896
4,282,15,160,0.75,20.5935,28.0203,28.8903,20.2555,18.0377,27.5996,24.4324,28.0323,24.6028
4,283,15,160,1,21.7705,30.2650,30.4415,21.6442,20.9900,29.5943,28.6986,29.8283,28.7421
4,284,15,160,1.5,25.4495,33.5897,34.3435,25.0519,23.9080,32.7338,30.9603,33.1878,31.4993
4,285,15,320,0.75,44.2315,58.4463,58.3529,43.5456,38.3180,57.0112,50.1845,55.7915,49.0990
4,286,15,320,1,46.2535,61.0315,61.9767,45.9081,44.6622,59.5368,58.2515,59.5348,57.7666
4,287,15,320,1.5,50.5939,67.6710,69.6002,50.2519,49.5356,66.2162,64.7644,67.3416,65.3004
4,288,16,10,0.75,1.0307,1.6405,1.9541,0.0000,4.4106,4.4381,4.2875,4.1935,3.9345
4,289,16,10,1,2.0742,2.9817,2.4711,0.0000,4.0410,0.0000,0.0000,0.0000,0.0000
4,290,16,10,1.5,0.6364,1.6417,1.7404,0.0000,0.0000,0.0000,3.7264,0.0000,0.0000
4,291,16,20,0.75,1.4458,1.5444,2.1165,4.8584,0.0000,4.4045,0.0000,0.0000,0.0000
4,292,16,20,1,1.3934,3.3679,3.4770,0.0000,3.7894,0.0000,0.0000,0.0000,4.6123
4,293,16,20,1.5,4.0037,5.0614,4.0629,0.0000,0.0000,4.4691,4.4694,3.8547,4.2053
4,294,16,40,0.75,3.7976,4.4927,3.5881,0.0000,0.0000,4.2638,0.0000,0.0000,0.0000
4,295,16,40,1,2.8680,6.3023,5.3801,0.0000,0.0000,6.0695,5.8760,4.9189,4.6523
4,296,16,40,1.5,3.4150,5.1456,5.1969,0.0000,4.4475,4.2838,4.7471,4.3288,4.7971
4,297,16,80,0.75,7.9689,10.4541,11.2707,7.2106,7.4853,8.9122,8.7695,8.9821,9.1899
4,298,16,80,1,7.3819,12.0566,12.2620,6.1675,6.3161,9.8829,9.2192,10.6052,9.5835
4,299,16,80,1.5,8.2167,13.2178,13.9208,7.4780,7.1167,10.2068,11.6117,12.1952,11.7252
4,300,16,160,0.75,15.3197,21.4601,22.6009,14.1540,13.1148,18.3832,17.0078,19.2466,16.9549
4,301,16,160,1,15.5684,24.1892,24.4571,13.8693,13.7397,18.8075,20.1301,20.0727,20.4978
4,302,16,160,1.5,17.8998,26.8287,27.5844,15.3369,15.6502,21.2400,21.6746,22.7511,22.7169
4,303,16,320,0.75,27.2265,41.9146,44.1202,23.6161,21.5704,33.0171,31.4763,36.9996,32.3227
4,304,16,320,1,31.5839,50.2986,50.5446,27.7006,29.7243,40.9221,42.9065,41.6682,43.2020
4,305,16,320,1.5,36.0781,52.7513,54.3033,30.6725,31.5986,42.6734,44.9408,45.5318,45.0483
4,306,17,10,0.75,1.2186,3.6794,2.7565,0.0000,0.0000,0.0000,0.0000,0.0000,0.0000
4,307,17,10,1,1.8880,1.4791,2.3939,0.0000,4.1172,0.0000,0.0000,0.0000,0.0000
4,308,17,10,1.5,0.7678,2.0814,2.3627,0.0000,4.2376,4.8200,4.2687,0.0000,0.0000
4,309,17,20,0.75,1.4335,1.5764,2.0126,4.0031,0.0000,4.0232,0.0000,0.0000,4.4646
4,310,17,20,1,4.5151,4.5140,4.7216,0.0000,0.0000,0.0000,5.2234,0.0000,0.0000
4,311,17,20,1.5,4.3846,4.8984,5.1290,0.0000,0.0000,5.1454,0.0000,5.4269,4.7924
4,312,17,40,0.75,4.6156,7.0429,6.8092,3.7288,4.2769,6.7361,6.0407,5.7083,4.7081
4,313,17,40,1,4.9486,7.6766,8.3215,4.3283,4.3767,7.3286,7.5122,7.1777,6.7283
4,314,17,40,1.5,8.1509,9.9521,10.8830,7.0863,6.5784,9.2620,8.8288,9.8163,9.0775
4,315,17,80,0.75,11.7216,15.2910,16.0841,11.1626,9.7238,14.7748,12.6511,14.4453,11.6488
4,316,17,80,1,12.1208,17.8284,18.9574,11.5580,11.0225,17.4597,16.5755,16.7303,14.1886
4,317,17,80,1.5,14.7214,18.5967,19.7647,13.2468,12.2455,17.7565,17.0882,18.3244,17.1252
4,318,17,160,0.75,22.9658,32.3730,34.6310,21.7178,18.1729,31.6091,27.0581,31.5137,26.0806
4,319,17,160,1,24.3721,34.3243,35.4372,22.2052,20.0254,32.9174,31.5757,32.3073,28.9924
4,320,17,160,1.5,29.2677,37.8102,39.5530,27.2702,26.3236,36.1146,35.9955,35.5777,33.1398
4,321,17,320,0.75,46.7189,61.4647,65.2245,43.7101,37.7940,59.8997,51.6513,58.4548,48.0240
4,322,17,320,1,52.6316,69.4170,73.3189,48.5697,45.3656,66.5190,64.1493,65.9833,60.2848
4,323,17,320,1.5,57.0164,74.1992,77.8500,53.1912,48.9155,71.5771,68.4656,70.8884,64.3271
4,324,18,10,0.75,0.9484,1.1075,2.2942,0.0000,0.0000,4.0945,0.0000,0.0000,0.0000
4,325,18,10,1,-0.2632,0.3507,0.0423,0.0000,0.0000,3.6601,4.0842,4.0183,0.0000
4,326,18,10,1.5,1.6240,-0.8858,1.1792,0.0000,0.0000,0.0000,0.0000,0.0000,0.0000
4,327,18,20,0.75,0.8538,0.7707,0.2073,0.0000,0.0000,4.2636,4.1505,4.0211,4.1321
4,328,18,20,1,1.7991,1.8371,1.5928,0.0000,0.0000,0.0000,0.0000,0.0000,0.0000
4,329,18,20,1.5,3.4182,2.2467,2.1002,0.0000,0.0000,0.0000,0.0000,0.0000,0.0000
4,330,18,40,0.75,2.5039,0.5637,2.5457,0.0000,0.0000,4.4769,0.0000,4.8151,0.0000
4,331,18,40,1,3.9592,1.9381,1.1726,0.0000,4.2177,0.0000,3.8046,0.0000,0.0000
4,332,18,40,1.5,2.3097,2.1523,2.4689,4.5326,0.0000,0.0000,0.0000,0.0000,4.1391
4,333,18,80,0.75,5.8048,2.5895,5.7758,0.0000,0.0000,0.0000,0.0000,5.0921,4.6651
4,334,18,80,1,7.3972,5.4281,6.7356,6.3908,6.6701,5.2063,5.2095,5.7636,6.4511
4,335,18,80,1.5,6.6173,2.9208,5.4793,6.3130,6.1570,0.0000,0.0000,5.4151,5.3320
4,336,18,160,0.75,12.3197,8.0643,12.2053,11.8532,10.4325,7.9880,7.3054,11.6095,10.2866
4,337,18,160,1,14.4463,7.2519,12.7383,13.6926,13.1322,6.5914,6.3085,11.4389,10.9241
4,338,18,160,1.5,16.0331,9.2968,13.2214,15.3710,14.8704,9.6347,9.2812,12.4034,12.1249
4,339,18,320,0.75,24.8854,13.9461,21.8593,23.0584,20.1934,12.9156,11.5984,20.0588,17.3458
4,340,18,320,1,28.2430,14.8724,25.1935,25.8213,25.2029,14.1529,14.0023,22.6616,22.9444
4,341,18,320,1.5,32.0199,18.1428,28.2438,29.3997,28.5248,17.6257,16.7516,25.4205,25.6049
4,342,19,10,0.75,0.8485,0.2356,2.4348,0.0000,0.0000,0.0000,0.0000,0.0000,0.0000
4,343,19,10,1,1.6736,2.2055,2.1816,4.2415,3.9722,4.4396,4.3496,0.0000,0.0000
4,344,19,10,1.5,2.6188,2.9006,4.0017,3.9678,3.6370,4.2743,3.4095,4.4282,0.0000
4,345,19,20,0.75,3.0253,2.9278,4.3613,0.0000,4.2007,0.0000,3.4056,4.8777,0.0000
4,346,19,20,1,2.8821,3.2376,4.9594,0.0000,4.1042,0.0000,0.0000,4.1122,3.8819
4,347,19,20,1.5,4.4291,4.7071,7.0952,4.2817,4.2943,0.0000,0.0000,5.2205,6.8113
4,348,19,40,0.75,5.2278,7.0216,8.3434,5.0819,4.7340,6.1612,4.5348,6.4958,6.4230
4,349,19,40,1,6.5098,5.9720,10.4199,5.7023,5.8093,5.1808,4.8141,8.2652,8.3527
4,350,19,40,1.5,6.9625,6.5191,12.6553,5.4517,6.9812,5.6049,6.7066,9.7018,11.2755
4,351,19,80,0.75,14.3584,14.8014,21.9994,10.5969,10.3746,12.4457,10.9491,17.4228,16.7769
4,352,19,80,1,13.8146,14.1396,23.7004,10.7209,12.3023,11.9551,12.3887,18.5083,20.4655
4,353,19,80,1.5,15.1956,14.6801,24.4570,12.2369,12.5288,12.8206,12.7543,18.3110,19.9752
4,354,19,160,0.75,26.4026,25.8235,40.4248,20.9058,19.6002,23.2167,19.6016,33.1157,30.1543
4,355,19,160,1,30.0882,28.2522,45.2648,22.7944,24.9788,24.8197,23.6319,35.3612,37.7281
4,356,19,160,1.5,32.7483,30.4258,52.0754,26.4110,26.0925,27.5470,24.0423,40.9524,41.3157
4,357,19,320,0.75,52.3058,50.1369,81.5122,39.8800,39.4757,44.9095,37.1234,65.3588,62.4067
4,358,19,320,1,58.5084,55.0026,91.9166,45.9805,49.0325,49.4807,45.1012,72.9097,77.1074
4,359,19,320,1.5,63.5150,59.0658,100.7584,49.2340,53.0012,51.1667,50.1496,77.4411,82.4372
4,360,20,10,0.75,2.3246,0.9824,0.9828,0.0000,0.0000,4.5143,0.0000,0.0000,0.0000
4,361,20,10,1,1.7248,1.4060,2.2311,0.0000,0.0000,0.0000,0.0000,0.0000,0.0000
4,362,20,10,1.5,2.7991,1.8851,1.8728,4.4378,4.3568,0.0000,0.0000,0.0000,4.1266
4,363,20,20,0.75,0.3014,0.4845,1.3841,0.0000,0.0000,0.0000,0.0000,0.0000,0.0000
4,364,20,20,1,3.9232,4.0332,4.4350,4.7217,4.6155,0.0000,0.0000,4.4697,4.3037
4,365,20,20,1.5,2.7262,3.3575,4.2135,4.9159,4.4982,4.7113,0.0000,4.8529,4.5015
4,366,20,40,0.75,2.4618,2.0571,3.1426,0.0000,0.0000,0.0000,0.0000,4.7517,4.7422
4,367,20,40,1,4.0496,5.0024,5.9763,5.0957,4.8820,4.6524,4.4425,5.8995,5.0144
4,368,20,40,1.5,4.4292,5.1161,5.8720,0.0000,0.0000,4.7425,4.8452,5.4422,5.6149
4,369,20,80,0.75,6.9729,7.2424,9.0084,6.0120,5.3584,6.9678,6.0495,7.4180,6.8641
4,370,20,80,1,9.6941,11.0259,13.1215,8.4693,8.0575,9.5637,8.7746,10.4681,9.6405
4,371,20,80,1.5,10.6304,12.4538,13.0813,9.7534,9.8460,11.2857,10.7802,11.4089,10.9997
4,372,20,160,0.75,16.0860,19.5491,21.0250,14.5157,12.2066,18.1947,15.0594,17.5374,14.3125
4,373,20,160,1,15.0572,17.0825,20.2172,13.7401,13.4906,15.9926,15.5108,16.8338,15.6995
4,374,20,160,1.5,19.1681,22.3506,25.6810,18.1388,16.3065,20.6011,18.6805,21.0979,19.3846
4,375,20,320,0.75,32.1088,37.3838,44.1729,29.9337,26.3907,34.9677,29.6316,37.0463,31.6793
4,376,20,320,1,32.7398,39.3355,44.8258,29.7279,28.3730,36.4173,33.5427,37.4750,34.9315
4,377,20,320,1.5,38.2916,42.8395,49.8962,35.1462,32.9643,39.8634,36.7533,41.4102,38.3836
4,378,21,10,0.75,1.9872,1.1134,1.5934,4.6303,4.3276,0.0000,0.0000,0.0000,4.0826
4,379,21,10,1,-1.0532,-0.9560,-0.1855,0.0000,0.0000,0.0000,4.0220,4.3738,4.1363
4,380,21,10,1.5,1.9797,2.5331,2.3401,0.0000,3.2490,3.6520,0.0000,0.0000,0.0000
4,381,21,20,0.75,3.0382,2.7134,2.5550,4.1357,0.0000,4.2096,0.0000,0.0000,0.0000
4,382,21,20,1,1.6925,2.1606,2.2618,4.0368,3.9029,0.0000,0.0000,0.0000,0.0000
4,383,21,20,1.5,4.3005,4.1736,3.8852,0.0000,0.0000,0.0000,0.0000,0.0000,0.0000
4,384,21,40,0.75,4.7521,2.7872,3.9055,0.0000,0.0000,0.0000,0.0000,0.0000,3.8993
4,385,21,40,1,4.6982,3.6958,4.4931,0.0000,0.0000,4.1645,4.5291,0.0000,4.5568
4,386,21,40,1.5,6.8438,6.0506,6.8698,5.7739,5.9783,5.6657,5.6314,6.0567,6.5114
4,387,21,80,0.75,8.0648,8.3398,10.7530,7.4995,6.0851,7.9756,6.7226,10.1243,8.9709
4,388,21,80,1,10.4269,9.3656,11.3170,8.4662,7.4701,8.2817,7.8659,9.5384,9.6029
4,389,21,80,1.5,9.7856,8.0303,10.2358,7.7678,7.0676,6.6952,6.2200,8.2991,8.1836
4,390,21,160,0.75,18.0176,15.9468,19.0713,14.4306,11.7626,12.9715,11.7770,15.7190,14.4561
4,391,21,160,1,18.4022,17.2641,22.3748,15.8181,14.8583,15.5304,15.0086,19.4933,19.8261
4,392,21,160,1.5,20.1755,18.9205,23.3281,15.9599,14.8110,16.1956,15.2948,19.6399,19.7093
4,393,21,320,0.75,34.5406,32.8633,40.5264,28.8372,23.7879,28.5202,24.6219,35.1549,32.0792
4,394,21,320,1,39.3842,36.7296,45.3036,33.4663,31.1389,32.3998,31.5677,39.2543,40.8504
4,395,21,320,1.5,41.2023,38.2910,47.3652,34.8678,32.1774,33.8940,32.2957,41.2662,41.9335
4,396,22,10,0.75,0.7767,1.6820,2.1265,0.0000,0.0000,0.0000,4.3079,0.0000,4.3313
4,397,22,10,1,1.3097,3.3573,3.1502,0.0000,0.0000,3.8000,0.0000,4.5769,0.0000
4,398,22,10,1.5,1.3619,1.9081,2.8035,0.0000,0.0000,4.0543,0.0000,0.0000,4.1330
4,399,22,20,0.75,2.4632,4.2179,5.1570,0.0000,0.0000,0.0000,0.0000,0.0000,0.0000
4,400,22,20,1,2.5722,4.4241,5.7469,0.0000,4.2042,0.0000,0.0000,4.2488,4.3683
4,401,22,20,1.5,4.1238,4.1246,6.0233,0.0000,0.0000,0.0000,0.0000,0.0000,0.0000
4,402,22,40,0.75,6.8233,9.9355,9.3028,5.8613,5.5442,8.2579,8.0307,4.7424,4.9602
4,403,22,40,1,6.6457,10.3886,10.4046,5.1569,5.3790,7.3828,7.7390,5.2718,6.0921
4,404,22,40,1.5,5.9772,7.6013,8.8238,4.4998,5.2538,6.1580,6.9245,5.5007,6.4958
4,405,22,80,0.75,11.8806,16.4067,16.6008,8.2866,8.2159,12.7049,12.4124,9.0381,7.4910
4,406,22,80,1,10.8884,17.5585,19.0770,9.1155,9.5428,13.3433,14.4438,8.6041,10.3039
4,407,22,80,1.5,13.5544,19.6970,21.5599,9.4188,10.3307,14.6244,15.8135,9.3735,10.5967
4,408,22,160,0.75,22.4605,32.9221,36.3116,18.2614,17.7935,26.8128,25.7651,17.5263,18.1033
4,409,22,160,1,25.4675,34.9651,38.4916,18.6691,20.3133,26.9411,29.7103,18.5288,20.7797
4,410,22,160,1.5,26.5501,38.3113,42.6024,19.4430,21.6292,29.5070,32.9451,18.8614,23.0216
4,411,22,320,0.75,44.0759,64.8253,68.7733,33.3010,32.2886,50.1369,49.4383,35.0317,33.3706
4,412,22,320,1,51.0008,72.6509,78.5708,36.6285,41.1060,56.1738,62.0397,37.4804,41.9144
4,413,22,320,1.5,54.8402,75.0721,84.0838,38.5540,42.5696,57.2850,62.8549,36.7951,41.9372
4,414,23,10,0.75,1.8880,1.7240,1.9656,0.0000,0.0000,4.4045,0.0000,4.0765,0.0000
4,415,23,10,1,0.4439,0.0671,0.9248,3.9233,0.0000,3.5706,0.0000,0.0000,0.0000
4,416,23,10,1.5,1.1125,0.4945,0.4176,0.0000,0.0000,4.6454,4.5051,4.4222,0.0000
4,417,23,20,0.75,2.8419,2.8571,3.6635,0.0000,3.8724,4.0294,4.2952,4.0737,3.9723
4,418,23,20,1,3.9139,4.2279,4.6560,0.0000,0.0000,4.1683,3.9910,0.0000,0.0000
4,419,23,20,1.5,2.7993,4.5225,4.6952,0.0000,0.0000,4.1882,4.0667,0.0000,0.0000
4,420,23,40,0.75,5.1875,6.3948,7.3529,4.6329,0.0000,6.1302,4.7423,6.0534,4.7396
4,421,23,40,1,4.3364,6.0409,6.6512,5.2137,4.9239,6.4172,6.0268,7.0433,6.5139
4,422,23,40,1.5,6.0715,8.3343,9.1074,5.8272,5.6729,7.5640,7.2715,8.4715,8.0131
4,423,23,80,0.75,9.9542,11.0119,13.6095,9.5665,8.3623,10.6082,8.8171,12.5755,10.9496
4,424,23,80,1,11.3431,13.7338,15.9790,10.4727,9.9021,12.8055,11.7582,14.4994,13.5742
4,425,23,80,1.5,11.4041,11.8562,16.2484,10.5835,10.4668,11.3707,11.3241,14.6813,14.3856
4,426,23,160,0.75,21.5957,25.1198,29.1693,20.1003,17.8852,23.2803,20.2310,26.5290,23.1369
4,427,23,160,1,21.2202,25.4641,30.4029,19.4822,18.6898,23.4354,22.2292,26.8550,25.8101
4,428,23,160,1.5,23.3255,25.8604,32.4010,20.5938,20.2372,23.1911,22.0872,28.1562,27.2558
4,429,23,320,0.75,37.3452,44.8674,55.4933,35.2040,29.9615,42.1932,35.4211,49.3872,42.2455
4,430,23,320,1,45.7416,51.9706,61.9501,42.2914,42.0609,48.7062,47.7017,55.9611,54.9216
4,431,23,320,1.5,47.9664,54.8594,65.7717,43.8520,42.4234,50.6884,48.5278,58.3050,56.7834
4,432,24,10,0.75,1.6524,2.9881,3.2519,0.0000,0.0000,0.0000,0.0000,0.0000,0.0000
4,433,24,10,1,1.8936,2.7495,2.8929,0.0000,0.0000,0.0000,0.0000,0.0000,0.0000
4,434,24,10,1.5,3.3352,3.5652,4.2625,0.0000,4.4058,5.8737,4.5825,0.0000,0.0000
4,435,24,20,0.75,2.9711,2.8369,3.2358,4.3163,4.5784,0.0000,4.3893,0.0000,4.0491
4,436,24,20,1,4.0936,6.4496,6.0658,0.0000,0.0000,5.5524,4.8652,4.3245,4.5559
4,437,24,20,1.5,3.1838,4.6289,5.7297,0.0000,0.0000,0.0000,0.0000,0.0000,4.3547
4,438,24,40,0.75,7.1227,8.4525,8.7111,4.8332,4.8863,6.6013,5.4049,5.3838,5.4521
4,439,24,40,1,8.3535,10.1470,10.0891,5.3394,6.8522,6.5945,6.8060,5.8928,6.9168
4,440,24,40,1.5,7.5499,9.0897,9.5434,6.0872,6.8695,6.2391,6.8023,6.7620,7.4649
4,441,24,80,0.75,11.4283,13.9469,16.5627,8.9417,8.3075,10.1529,8.4159,10.6066,9.6991
4,442,24,80,1,14.3789,17.5678,18.0081,10.2074,10.8518,12.3026,11.3981,10.6768,12.0538
4,443,24,80,1.5,15.0959,17.0494,19.0037,11.1001,11.5271,12.2792,11.7400,10.9273,11.8764
4,444,24,160,0.75,26.4206,31.7466,34.2982,18.6070,18.3245,23.6392,19.6367,20.9468,20.9055
4,445,24,160,1,28.0278,34.0546,36.7795,19.4419,20.1390,24.5806,21.6861,20.9110,22.9843
4,446,24,160,1.5,30.7765,36.3123,38.8803,22.7839,23.3469,26.0821,23.1939,23.3497,23.7942
4,447,24,320,0.75,52.1879,63.9809,66.7714,37.1790,34.1266,46.5465,36.7574,39.9316,37.7933
4,448,24,320,1,57.0087,68.2727,71.7200,39.5992,42.5875,49.4607,43.6727,41.6966,44.9284
4,449,24,320,1.5,61.3773,72.6739,78.0109,43.3224,44.6090,52.3728,46.8967,45.8050,48.8494
4,450,25,10,0.75,0.1702,-0.4307,-0.5469,4.5070,0.0000,4.3987,0.0000,4.6423,4.5858
4,451,25,10,1,1.2623,1.5346,2.2237,0.0000,0.0000,0.0000,0.0000,0.0000,4.2585
4,452,25,10,1.5,2.1537,2.7098,2.9406,0.0000,0.0000,0.0000,0.0000,0.0000,0.0000
4,453,25,20,0.75,1.0486,0.3493,0.9923,0.0000,4.0397,4.5982,4.6869,4.1001,0.0000
4,454,25,20,1,1.1273,0.3934,1.9531,0.0000,0.0000,3.5476,3.6335,0.0000,0.0000
4,455,25,20,1.5,2.9225,2.5510,2.9257,0.0000,4.7620,0.0000,0.0000,4.4333,4.7111
4,456,25,40,0.75,5.3315,5.1715,6.3881,4.8942,5.0835,5.1333,4.8671,6.0473,4.7103
4,457,25,40,1,3.9559,3.6069,3.4356,4.5439,4.0445,0.0000,0.0000,0.0000,3.8640
4,458,25,40,1.5,5.8765,5.8056,5.8359,5.6548,5.7398,5.5142,5.3391,5.3856,5.3301
4,459,25,80,0.75,7.5544,7.6699,8.8267,7.0446,7.1195,7.0551,6.6110,7.6450,7.8279
4,460,25,80,1,10.3842,9.6544,11.6488,9.1165,9.2816,8.9708,8.7051,10.2421,10.4617
4,461,25,80,1.5,9.8762,8.6513,10.2019,9.5858,10.1096,7.6840,8.2593,9.0692,9.4795
4,462,25,160,0.75,16.3932,16.1377,17.8233,14.0882,13.4560,14.5257,12.4742,15.5270,13.8666
4,463,25,160,1,17.8912,17.7717,19.7460,15.3140,16.3013,15.8777,15.4445,16.3545,17.9182
4,464,25,160,1.5,18.7233,17.7605,21.3254,16.6124,16.2498,16.0492,14.5086,17.8390,17.7038
4,465,25,320,0.75,33.5655,33.4200,37.3505,30.1956,27.5499,31.2784,25.9522,32.2654,29.1716
4,466,25,320,1,35.8259,34.6657,39.2671,31.4714,32.1010,31.4901,29.9290,33.1062,34.6353
4,467,25,320,1.5,38.8973,37.5929,42.0662,33.8959,34.8222,33.9327,32.3419,35.6885,36.6674
4,468,26,10,0.75,1.8963,0.8109,1.5365,3.7981,0.0000,0.0000,0.0000,0.0000,0.0000
4,469,26,10,1,2.4521,2.4979,2.5294,4.0019,0.0000,0.0000,0.0000,3.4532,0.0000
4,470,26,10,1.5,2.9448,1.7120,2.6465,4.6285,0.0000,4.0904,0.0000,0.0000,0.0000
4,471,26,20,0.75,2.1198,3.7552,3.0710,4.1826,4.2906,0.0000,0.0000,3.9820,3.7532
4,472,26,20,1,4.2546,4.5116,5.4898,4.3029,4.3944,3.9249,0.0000,5.1888,4.7509
4,473,26,20,1.5,2.4086,3.8716,2.4354,4.4098,4.3312,5.3731,5.5764,0.0000,4.4114
4,474,26,40,0.75,4.3470,6.7629,4.5618,0.0000,4.5599,4.7410,4.7791,3.6245,3.8300
4,475,26,40,1,5.0860,7.1077,7.4115,4.4702,4.2847,5.7320,5.6075,6.1008,5.9441
4,476,26,40,1.5,6.9661,8.5458,8.9739,5.6330,5.4152,6.8802,5.7631,7.0986,6.4531
4,477,26,80,0.75,9.7539,10.2383,11.9957,6.9409,5.5174,7.8356,6.3962,10.2465,8.5820
4,478,26,80,1,11.0300,13.7165,12.8920,7.9245,7.6923,10.8137,9.9107,10.4981,9.8474
4,479,26,80,1.5,13.3203,13.6807,14.3055,11.0514,10.7167,10.2206,9.5612,12.4939,11.9194
4,480,26,160,0.75,20.8264,24.6486,25.3709,16.0757,13.9049,17.3477,16.2149,22.6839,20.1886
4,481,26,160,1,23.6616,27.0346,26.8573,18.8646,16.8140,20.0323,19.1706,22.9728,21.2277
4,482,26,160,1.5,26.0209,30.4405,30.7283,21.4002,18.7356,22.8403,21.2966,27.5877,25.7932
4,483,26,320,0.75,40.9120,47.9840,49.8723,31.8394,25.3528,35.4315,29.4694,42.7061,35.7598
4,484,26,320,1,44.2516,51.0478,53.2105,36.1184,33.3915,38.6909,36.5190,47.3078,44.4204
4,485,26,320,1.5,48.2779,54.4142,57.6805,38.2183,34.2900,40.3969,38.3556,50.8719,47.7939
4,486,27,10,0.75,2.8067,3.0821,3.0800,4.5018,4.1659,3.9606,3.8717,4.0957,0.0000
4,487,27,10,1,0.2247,0.1416,0.6709,3.9537,0.0000,0.0000,0.0000,0.0000,0.0000
4,488,27,10,1.5,1.3034,1.2507,1.3618,0.0000,0.0000,0.0000,0.0000,0.0000,0.0000
4,489,27,20,0.75,4.3910,3.9336,3.3831,0.0000,4.1081,4.2894,0.0000,4.5139,4.4219
4,490,27,20,1,2.6999,3.8549,3.5478,4.0825,4.2110,4.4800,4.0161,4.2466,4.3734
4,491,27,20,1.5,2.2625,3.9975,4.4563,0.0000,0.0000,0.0000,4.6670,0.0000,0.0000
4,492,27,40,0.75,3.4535,4.1298,5.2269,4.9141,4.7712,5.5451,5.4658,5.2913,5.5280
4,493,27,40,1,4.6677,6.3206,6.1406,0.0000,0.0000,5.1152,5.1472,0.0000,0.0000
4,494,27,40,1.5,2.3785,3.5606,4.0395,0.0000,4.2540,0.0000,0.0000,4.1278,4.0646
4,495,27,80,0.75,8.7089,11.3719,12.4374,5.9429,5.6564,8.0339,6.5143,6.6130,5.5375
4,496,27,80,1,8.5034,12.4574,13.7908,6.9017,6.7987,8.7222,8.4072,7.9330,7.5208
4,497,27,80,1.5,11.4898,12.5791,14.0882,8.7287,9.0557,9.0986,9.6116,7.3883,7.6421
4,498,27,160,0.75,19.2488,24.4277,26.0426,13.8218,11.4210,17.3482,15.4149,15.1636,13.0868
4,499,27,160,1,21.1661,25.4773,27.3588,15.1472,15.0957,18.2305,18.3886,15.7445,16.3443
4,500,27,160,1.5,22.4095,26.6736,28.6810,16.6226,16.0427,18.9541,18.7895,16.3254,16.2896
4,501,27,320,0.75,35.8967,45.3986,49.6600,27.1707,23.0477,32.6243,28.6048,28.5512,25.2016
4,502,27,320,1,41.2009,48.9517,53.1291,30.0574,28.3830,35.1063,34.4171,30.0833,28.8107
4,503,27,320,1.5,41.4949,52.7636,57.2724,30.7298,29.8586,36.9636,37.3247,31.0996,31.9740
4,504,28,10,0.75,0.2563,0.4831,1.6694,0.0000,0.0000,0.0000,0.0000,0.0000,3.5788
4,505,28,10,1,0.6121,-0.2517,1.4574,0.0000,4.5198,0.0000,0.0000,0.0000,0.0000
4,506,28,10,1.5,0.4405,0.6105,1.6807,0.0000,0.0000,3.4307,0.0000,3.7579,0.0000
4,507,28,20,0.75,1.0268,1.6311,2.2387,4.2061,4.0871,0.0000,0.0000,0.0000,0.0000
4,508,28,20,1,3.1002,2.9245,4.2069,0.0000,0.0000,4.3419,0.0000,4.3509,4.6612
4,509,28,20,1.5,2.8817,2.5786,3.4677,0.0000,0.0000,4.3999,4.1422,0.0000,0.0000
4,510,28,40,0.75,4.7778,4.8379,6.3141,4.6352,0.0000,0.0000,3.5933,5.6799,0.0000
4,511,28,40,1,6.2281,4.5958,6.3582,6.5898,6.1790,5.1774,5.0708,5.9055,5.6563
4,512,28,40,1.5,4.4992,4.1043,6.2012,4.5999,5.0903,4.3845,0.0000,5.5712,5.2514
4,513,28,80,0.75,11.6948,9.6725,13.2665,12.3509,10.0619,9.5143,8.2768,11.5903,10.0175
4,514,28,80,1,10.4846,9.7466,13.5234,9.5735,9.3543,9.4788,9.7179,11.5780,11.0452
4,515,28,80,1.5,11.7762,11.1357,13.6663,10.4841,9.9763,10.0073,9.6105,11.0479,10.4014
4,516,28,160,0.75,19.3975,18.2005,24.2144,18.0172,15.4335,17.4614,14.8781,21.2219,17.7807
4,517,28,160,1,20.9992,19.1270,24.7165,19.1955,17.3934,17.6055,16.4229,21.5348,20.6515
4,518,28,160,1.5,23.3380,21.6918,28.0351,22.0875,19.0620,20.5449,18.4111,25.1030,22.1650
4,519,28,320,0.75,40.4475,37.4999,50.2026,37.4344,31.3167,34.1292,28.8615,43.1298,36.5860
4,520,28,320,1,42.4785,39.2327,51.9703,39.8535,36.5460,36.6754,34.2629,45.0266,42.4246
4,521,28,320,1.5,44.0180,40.5849,53.8551,40.4833,37.6268,36.9624,35.4450,47.2450,44.0968
4,522,29,10,0.75,2.2582,1.6193,2.4200,0.0000,0.0000,4.3926,0.0000,0.0000,0.0000
4,523,29,10,1,1.5339,1.5713,2.5500,0.0000,0.0000,0.0000,4.2048,0.0000,0.0000
4,524,29,10,1.5,1.7464,2.6223,2.6230,0.0000,0.0000,4.6523,4.1526,0.0000,0.0000
4,525,29,20,0.75,2.8135,3.9619,5.0687,0.0000,0.0000,3.8884,0.0000,4.0706,4.6060
4,526,29,20,1,3.5041,4.4227,5.6027,0.0000,0.0000,4.8297,5.0847,0.0000,0.0000
4,527,29,20,1.5,5.1446,6.0573,6.1034,4.2116,4.8644,5.8591,6.6284,4.6118,5.2825
4,528,29,40,0.75,6.2684,8.2028,10.6957,5.0081,0.0000,7.1970,6.3650,5.9507,8.2113
4,529,29,40,1,8.1727,10.6397,12.5748,7.0598,6.5209,9.0841,9.4119,6.6515,9.1255
4,530,29,40,1.5,8.9418,11.4560,13.1482,7.2611,7.1946,9.5376,9.5976,6.9301,9.4612
4,531,29,80,0.75,12.5669,16.2472,20.2085,9.0523,8.9950,13.3405,12.3882,10.6698,12.2089
4,532,29,80,1,14.5229,18.7297,23.1318,11.2458,11.9949,15.9567,15.4822,11.0468,15.7303
4,533,29,80,1.5,17.2346,21.6465,26.1593,13.3978,14.3264,17.4702,18.0384,14.2658,18.2642
4,534,29,160,0.75,26.4440,35.8156,41.4908,20.0368,18.9187,29.9409,26.4938,19.7860,26.7593
4,535,29,160,1,29.4230,39.2610,46.8900,22.2330,24.5651,33.2337,33.5253,22.3495,34.8420
4,536,29,160,1.5,30.6202,39.7460,49.2039,20.8532,22.7732,33.7745,33.5751,24.7109,34.7202
4,537,29,320,0.75,52.3249,72.4780,82.8564,38.3611,36.8347,61.0171,54.4884,38.8783,55.2639
4,538,29,320,1,60.2209,79.1459,94.2191,43.8483,47.6568,65.9025,66.7817,44.2737,69.9489
4,539,29,320,1.5,63.6311,81.6771,99.8010,45.1739,49.6957,69.8711,69.7266,46.5513,72.5763
4,540,30,10,0.75,0.6219,1.9121,2.0938,0.0000,0.0000,4.5695,4.5853,0.0000,0.0000
4,541,30,10,1,0.2442,0.7930,0.4545,0.0000,3.7037,4.4234,4.6486,0.0000,3.9959
4,542,30,10,1.5,2.3743,2.3529,2.1365,4.3488,4.1030,4.7947,4.5762,0.0000,0.0000
4,543,30,20,0.75,2.7992,2.2452,2.9063,0.0000,0.0000,0.0000,0.0000,0.0000,0.0000
4,544,30,20,1,4.4243,5.3395,5.8510,4.5864,0.0000,5.0020,4.8589,5.2844,4.7639
4,545,30,20,1.5,2.4648,2.6964,3.6565,0.0000,0.0000,4.6276,4.8346,5.1279,4.6632
4,546,30,40,0.75,4.6102,6.2860,5.1347,0.0000,0.0000,5.2067,0.0000,4.6555,0.0000
4,547,30,40,1,5.0416,5.8350,5.3163,4.8928,4.6398,5.4771,4.5984,4.7475,4.4289
4,548,30,40,1.5,4.7660,6.2830,6.1280,0.0000,0.0000,5.0879,4.4671,0.0000,0.0000
4,549,30,80,0.75,9.0707,11.5908,11.2698,6.8156,6.0040,8.5366,6.8921,8.5508,5.9859
4,550,30,80,1,10.0733,11.4495,12.1543,9.7046,9.3561,11.4394,10.3501,11.4812,11.0668
4,551,30,80,1.5,10.0124,12.2824,12.4618,8.0605,7.1975,9.4345,7.1828,9.4243,7.6077
4,552,30,160,0.75,17.1314,20.7572,21.8418,15.2184,12.1779,17.4790,12.6756,18.2813,13.3558
4,553,30,160,1,18.7591,23.0551,24.7032,16.9889,15.1628,19.3086,15.2195,20.4174,16.8049
4,554,30,160,1.5,18.8503,23.1106,24.1542,16.9879,15.5650,18.8670,15.6628,19.9610,17.0910
4,555,30,320,0.75,33.6039,41.4206,42.5040,28.1625,22.0852,33.5356,23.0524,34.1533,23.4127
4,556,30,320,1,36.2043,45.5371,47.9676,31.2402,27.3428,37.5049,28.8589,38.8902,31.4032
4,557,30,320,1.5,38.3625,47.4172,49.3644,33.4539,29.6293,38.8189,30.4953,40.6357,32.8797
4,558,31,10,0.75,2.2246,2.5731,3.5697,0.0000,0.0000,0.0000,4.0715,0.0000,0.0000
4,559,31,10,1,1.8004,3.7495,5.1685,5.1078,4.7975,0.0000,0.0000,4.9249,5.1184
4,560,31,10,1.5,0.9119,1.3572,3.8769,0.0000,0.0000,4.4188,0.0000,0.0000,4.3501
4,561,31,20,0.75,4.1186,5.9627,8.8376,5.4457,5.7358,6.1006,5.4244,7.0346,8.4845
4,562,31,20,1,5.6874,7.6117,10.9461,5.3509,5.2371,7.1077,7.0174,7.8704,7.8979
4,563,31,20,1.5,5.5889,8.2264,7.5809,5.2690,5.2618,6.6456,5.7702,5.7730,6.3437
4,564,31,40,0.75,8.1338,10.5702,15.5045,6.5337,6.0481,8.5510,7.3769,9.8278,10.7502
4,565,31,40,1,7.8683,12.4167,17.0037,6.5539,6.8748,10.0378,10.1174,11.3456,14.7209
4,566,31,40,1.5,8.9395,12.9379,18.1790,6.8437,7.3548,9.6354,9.4822,10.7638,14.4428
4,567,31,80,0.75,16.3242,23.1225,30.1698,12.3077,11.8870,19.3582,16.6425,18.9827,22.5147
4,568,31,80,1,15.0249,21.8322,34.4938,10.7650,11.0051,17.6136,17.0555,23.2803,28.6716
4,569,31,80,1.5,17.6745,26.1223,36.4155,12.8011,12.6021,20.9545,20.3236,22.3072,28.8932
4,570,31,160,0.75,29.8189,42.0864,60.6495,22.1978,20.4148,32.5969,28.1373,38.2410,44.2507
4,571,31,160,1,32.4655,46.3188,68.3710,23.2063,23.1970,35.7552,34.5579,42.2943,54.4841
4,572,31,160,1.5,37.3378,53.0777,75.1049,27.2195,27.7838,40.6610,39.3730,46.8831,60.7449
4,573,31,320,0.75,61.4305,88.4630,122.8004,45.2750,41.9361,68.9090,59.3705,78.3021,91.2670
4,574,31,320,1,65.6310,96.4639,137.5141,45.9663,47.4872,74.6311,72.3755,87.3689,112.5287
4,575,31,320,1.5,72.9317,105.4239,150.3841,51.3118,52.0030,81.3885,78.5561,94.2706,120.6114
4,576,32,10,0.75,0.3906,-0.2866,-0.4710,0.0000,0.0000,0.0000,0.0000,0.0000,0.0000
4,577,32,10,1,2.4151,1.9154,1.7510,0.0000,4.1220,3.9402,4.0161,4.4145,0.0000
4,578,32,10,1.5,0.7560,0.2603,0.7940,0.0000,0.0000,0.0000,4.6546,4.5351,4.5918
4,579,32,20,0.75,2.1725,2.5654,3.0304,4.1176,0.0000,4.5995,4.5890,4.1856,4.3169
4,580,32,20,1,2.9246,2.9567,3.1653,0.0000,0.0000,4.0572,3.8724,0.0000,0.0000
4,581,32,20,1.5,3.2209,3.1605,2.8610,0.0000,0.0000,3.5897,0.0000,0.0000,0.0000
4,582,32,40,0.75,4.8547,4.6307,5.4996,0.0000,0.0000,0.0000,4.1560,4.7759,4.7358
4,583,32,40,1,6.2946,5.7954,7.2194,5.7026,5.5892,5.3400,5.2666,5.8742,5.4959
4,584,32,40,1.5,4.1491,3.6520,4.7032,0.0000,0.0000,0.0000,0.0000,4.6894,4.4798
4,585,32,80,0.75,9.7732,8.8344,11.1928,8.4933,7.7298,7.7937,6.8436,9.6453,8.0413
4,586,32,80,1,11.9667,11.2811,12.9835,10.4979,10.9772,10.0318,10.2042,10.4909,10.8793
4,587,32,80,1.5,11.7563,10.9240,12.9833,10.5680,10.4264,9.8655,9.5773,11.3912,10.1996
4,588,32,160,0.75,20.5576,19.0875,22.5177,17.8146,16.8427,16.8982,15.9069,18.6958,16.9152
4,589,32,160,1,19.7600,18.2567,21.0701,17.2560,17.7741,16.1137,16.4807,18.0766,17.4539
4,590,32,160,1.5,20.3137,20.0214,23.4630,18.1967,18.4495,18.0385,18.2004,20.4775,20.1282
4,591,32,320,0.75,39.0282,36.3251,42.9261,34.4247,31.4568,32.1443,29.6761,36.7838,32.5199
4,592,32,320,1,40.3155,38.0136,44.0126,35.5509,35.6148,33.1435,33.4297,36.6428,35.9542
4,593,32,320,1.5,42.8295,39.7670,46.7836,37.8737,37.7808,35.0949,34.8306,40.0392,38.6652
4,594,33,10,0.75,2.1868,2.6486,2.3646,0.0000,0.0000,0.0000,0.0000,0.0000,0.0000
4,595,33,10,1,2.7335,2.4300,3.0582,0.0000,4.1312,0.0000,0.0000,3.9985,3.7848
4,596,33,10,1.5,1.7916,2.4853,3.5205,4.1181,3.9104,0.0000,0.0000,0.0000,0.0000
4,597,33,20,0.75,2.8028,4.1646,3.2867,0.0000,0.0000,0.0000,0.0000,0.0000,0.0000
4,598,33,20,1,2.3602,2.7271,3.2267,4.6870,4.4533,4.1828,4.2294,4.7218,4.4662
4,599,33,20,1.5,3.6751,4.1428,4.6815,3.9836,3.9257,4.3793,3.7898,0.0000,4.2753
4,600,33,40,0.75,5.0598,6.2211,5.8411,5.0304,0.0000,0.0000,0.0000,0.0000,0.0000
4,601,33,40,1,7.6952,8.2337,7.5499,7.1026,7.0618,5.7667,6.0011,5.2868,5.6071
4,602,33,40,1.5,6.9056,7.7010,9.0738,5.8350,5.3876,5.5307,5.0742,6.7959,6.4645
4,603,33,80,0.75,12.6403,14.6147,15.4151,11.0265,9.4686,10.7346,8.3597,10.5113,9.3369
4,604,33,80,1,13.7142,14.4630,15.9759,12.9687,11.6488,10.1375,7.3129,10.6276,10.2453
4,605,33,80,1.5,16.6338,17.8367,18.5101,14.5434,13.1706,11.8162,10.1686,13.0269,11.7604
4,606,33,160,0.75,26.7502,30.5051,31.3730,22.3200,18.3602,20.2789,14.7640,19.6507,17.2033
4,607,33,160,1,27.6281,32.3525,31.9280,23.3154,21.0702,20.1042,17.0098,20.5287,20.1038
4,608,33,160,1.5,29.8598,33.9679,35.9607,24.1865,22.0181,22.2988,17.6549,23.4796,22.0856
4,609,33,320,0.75,50.9818,58.7031,59.7489,42.3424,35.4335,36.3802,26.5988,37.0101,32.2970
4,610,33,320,1,55.0673,62.8091,64.0103,44.9940,41.3486,37.5697,31.1954,39.9688,39.3006
4,611,33,320,1.5,58.6338,64.6744,66.1207,47.7328,43.2601,39.1124,33.6604,44.3632,42.9921
4,612,34,10,0.75,0.8074,0.9837,3.2918,4.4337,4.0659,0.0000,0.0000,4.7403,5.2631
4,613,34,10,1,0.5371,1.4223,3.5439,3.3731,0.0000,0.0000,0.0000,0.0000,4.1206
4,614,34,10,1.5,1.9775,1.7104,2.7194,0.0000,3.6198,4.2289,3.6294,4.4921,4.0359
4,615,34,20,0.75,3.4827,4.7932,6.4306,0.0000,0.0000,5.1363,4.9695,6.2071,6.0650
4,616,34,20,1,2.3820,3.2413,4.3454,0.0000,0.0000,4.4530,4.3596,0.0000,4.2318
4,617,34,20,1.5,5.5764,5.2793,6.4280,4.4634,5.1331,5.1244,5.1244,6.7200,6.4032
4,618,34,40,0.75,5.8102,6.3173,9.2872,5.6127,4.6820,5.9641,5.3639,8.2496,7.6432
4,619,34,40,1,5.4380,5.9021,10.2914,5.3308,5.1849,6.1521,5.8905,8.8245,9.3323
4,620,34,40,1.5,6.9686,8.1432,10.4488,6.4700,6.0901,7.2779,7.1592,8.8213,9.4151
4,621,34,80,0.75,11.7735,14.0937,18.3136,10.4021,10.0774,12.9133,12.1529,15.6185,15.8264
4,622,34,80,1,13.3681,15.0035,20.6393,12.2589,12.7049,14.1172,14.5642,18.2377,19.4432
4,623,34,80,1.5,14.1265,14.6285,22.9511,12.3315,12.4773,12.8451,13.6824,17.3558,20.1939
4,624,34,160,0.75,23.9093,25.4845,36.4467,20.5676,19.1849,23.5175,21.1975,29.9113,29.8022
4,625,34,160,1,25.3057,25.8688,39.0716,21.5459,22.9817,23.5516,24.1508,30.7537,34.9971
4,626,34,160,1.5,29.3997,30.4126,44.8544,24.7202,26.5115,27.5755,28.9030,35.7562,40.6012
4,627,34,320,0.75,47.1814,50.1984,72.7566,41.1402,39.8595,46.5475,43.5027,59.5717,60.0065
4,628,34,320,1,53.8445,56.7483,81.5757,46.3210,48.9929,52.0797,54.0074,65.8480,73.8028
4,629,34,320,1.5,56.9887,59.6479,86.5696,49.5873,51.3582,54.3806,55.5292,69.1452,77.1584
4,630,35,10,0.75,-0.7288,1.2170,0.3799,0.0000,0.0000,0.0000,4.2462,5.1116,4.5880
4,631,35,10,1,0.4930,1.6789,1.8334,0.0000,0.0000,4.0683,0.0000,4.2028,3.9537
4,632,35,10,1.5,1.4159,3.2142,2.9860,0.0000,0.0000,4.0377,0.0000,4.4837,0.0000
4,633,35,20,0.75,3.5416,5.8973,6.2288,0.0000,0.0000,6.2995,5.5599,6.5852,5.4613
4,634,35,20,1,4.5010,5.9544,4.7191,0.0000,0.0000,5.8216,5.2115,5.0511,4.7084
4,635,35,20,1.5,4.1465,4.2416,4.3262,4.3822,0.0000,0.0000,0.0000,0.0000,4.6072
4,636,35,40,0.75,2.1953,5.6530,3.5127,0.0000,0.0000,5.1168,0.0000,0.0000,3.7467
4,637,35,40,1,7.9484,10.2312,9.0002,7.6108,7.2453,9.8054,9.4964,8.3086,7.9893
4,638,35,40,1.5,6.4532,9.1190,8.7783,6.1751,5.9453,8.1265,8.0989,7.8160,7.7263
4,639,35,80,0.75,12.9282,18.8578,18.5163,12.2110,11.1589,16.9127,14.9353,16.3644,14.3733
4,640,35,80,1,13.5015,17.6527,16.3755,12.6488,11.7810,15.9505,14.9993,13.9714,13.8084
4,641,35,80,1.5,12.3698,17.3269,17.3760,12.3214,11.7017,15.2042,14.2477,15.2699,14.2371
4,642,35,160,0.75,22.7515,31.8046,30.3962,21.5301,18.5489,28.1745,24.5943,26.5438,22.0535
4,643,35,160,1,24.9081,34.9512,32.8802,23.3385,21.5483,31.6602,29.6760,28.9907,26.5937
4,644,35,160,1.5,27.0965,37.5475,35.3327,25.4924,23.1752,33.3424,31.4368,30.9387,28.3503
4,645,35,320,0.75,45.5307,64.6363,61.2354,43.1666,36.6730,58.3419,49.2549,54.5858,45.1787
4,646,35,320,1,50.5420,69.8352,66.9691,48.3466,46.1161,63.8152,60.7320,60.0058,56.3289
4,647,35,320,1.5,55.1055,75.3500,72.3972,52.3259,48.6344,68.0421,64.1458,64.0472,59.0783
