# NEW (G4 confirmatory: the declared spike endpoint re-tested with new seeds, newly drawn locations, independent null data, noise replicates and a detector-mismatch variant); childA | commit ae458a9
replicate,event,location,strength_nAm,stretch,squid/combined_oracle_z,opm_matched/opm_oracle_z,opm_dense/opm_oracle_z,squid/combined_height_primary,squid/combined_height_mismatch,opm_matched/opm_height_primary,opm_matched/opm_height_mismatch,opm_dense/opm_height_primary,opm_dense/opm_height_mismatch
0,0,0,10,0.75,2.6483,1.5850,2.0053,0.0000,0.0000,3.4293,0.0000,4.6644,4.2845
0,1,0,10,1,3.3043,3.1790,4.3417,4.8631,4.8297,0.0000,0.0000,5.0213,4.2564
0,2,0,10,1.5,2.6723,1.6465,2.9794,0.0000,0.0000,4.1129,0.0000,0.0000,0.0000
0,3,0,20,0.75,2.9805,3.5133,3.9035,4.8053,5.1074,0.0000,0.0000,0.0000,4.6670
0,4,0,20,1,3.0301,2.5034,4.0306,0.0000,0.0000,0.0000,0.0000,0.0000,0.0000
0,5,0,20,1.5,4.0868,2.0279,5.1693,4.6372,0.0000,0.0000,0.0000,4.6624,4.8534
0,6,0,40,0.75,8.7239,7.1560,10.0747,6.4257,5.4845,6.5343,5.5206,6.9489,5.9198
0,7,0,40,1,6.1076,4.5050,9.3247,5.8487,5.3234,4.6983,4.5029,7.2847,6.9922
0,8,0,40,1.5,6.4771,4.3854,9.1692,5.4757,6.1669,4.6657,4.5689,7.0159,7.5696
0,9,0,80,0.75,12.9184,10.8625,17.3317,11.3328,9.2692,9.9216,8.7466,12.9496,11.8320
0,10,0,80,1,14.2959,11.1198,19.7495,11.6691,11.3474,10.6980,10.5815,13.5621,13.9981
0,11,0,80,1.5,16.2107,11.8095,21.1964,13.4398,12.3703,10.7214,10.1791,16.1897,15.9843
0,12,0,160,0.75,24.5558,21.1992,35.0909,20.6139,17.1348,18.7495,15.5448,25.6369,23.9441
0,13,0,160,1,28.7861,23.3633,38.8387,25.3851,23.9754,21.6964,21.0443,29.2348,30.2907
0,14,0,160,1.5,31.1538,24.2737,41.8540,24.9717,23.5676,21.2719,20.5468,29.9092,31.2023
0,15,0,320,0.75,49.8203,41.1357,70.7956,41.8564,35.7709,37.0117,31.8473,52.0191,47.6119
0,16,0,320,1,56.2403,45.6728,78.9657,46.7226,43.4663,40.9626,39.2943,56.7423,57.8206
0,17,0,320,1.5,62.8772,47.8153,84.0357,53.4856,50.3846,42.6390,41.0186,61.7649,61.6485
0,18,1,10,0.75,-1.6752,0.0842,-0.6896,3.8972,3.9599,0.0000,0.0000,0.0000,4.5416
0,19,1,10,1,-1.7826,-0.8189,-1.3195,0.0000,0.0000,0.0000,0.0000,0.0000,0.0000
0,20,1,10,1.5,0.5082,0.3359,-0.3520,0.0000,0.0000,0.0000,0.0000,0.0000,0.0000
0,21,1,20,0.75,1.5099,1.6707,1.3162,4.7233,4.8291,4.1314,4.2593,0.0000,4.5918
0,22,1,20,1,0.6966,1.8242,1.3124,0.0000,0.0000,0.0000,0.0000,0.0000,0.0000
0,23,1,20,1.5,0.8264,-0.1940,0.2913,4.1368,0.0000,0.0000,0.0000,0.0000,0.0000
0,24,1,40,0.75,1.4735,0.4059,0.4020,3.8271,0.0000,4.2027,0.0000,4.6632,0.0000
0,25,1,40,1,1.0051,2.0794,1.8172,4.6828,4.1706,5.0905,5.0625,4.3659,0.0000
0,26,1,40,1.5,0.8903,1.0609,0.9405,0.0000,0.0000,0.0000,0.0000,3.8837,3.8701
0,27,1,80,0.75,1.8154,2.4981,3.9412,0.0000,0.0000,0.0000,0.0000,0.0000,0.0000
0,28,1,80,1,0.3671,2.5219,2.3683,0.0000,0.0000,4.2199,3.9325,4.1458,4.1306
0,29,1,80,1.5,2.0584,3.4203,4.2298,4.2028,4.4045,4.9900,5.0911,4.5748,4.3804
0,30,1,160,0.75,4.2160,5.7669,5.9158,4.5036,4.0402,5.3862,0.0000,5.2266,4.2836
0,31,1,160,1,3.0934,5.3622,5.1700,0.0000,3.4567,6.0762,5.7727,4.9214,4.6165
0,32,1,160,1.5,3.9121,6.4339,6.0008,0.0000,3.8776,6.5264,5.6249,5.3542,5.3587
0,33,1,320,0.75,5.0081,8.7383,8.4000,0.0000,3.9183,7.8767,6.0287,6.5227,4.8632
0,34,1,320,1,5.9570,11.8039,10.1036,5.2603,5.9270,10.4341,9.1474,8.7417,7.8704
0,35,1,320,1.5,7.6895,12.5640,10.1661,6.8094,6.5932,11.1062,9.9568,9.2095,8.8382
0,36,2,10,0.75,0.9128,0.9297,2.0488,0.0000,3.8830,3.7399,4.1619,0.0000,0.0000
0,37,2,10,1,0.3997,0.5386,-0.0994,0.0000,0.0000,0.0000,0.0000,0.0000,0.0000
0,38,2,10,1.5,0.0735,0.2121,-0.0069,0.0000,4.1420,4.5459,4.1892,0.0000,4.3395
0,39,2,20,0.75,0.7394,0.7681,0.6956,0.0000,0.0000,0.0000,0.0000,0.0000,0.0000
0,40,2,20,1,2.1070,2.5645,2.3733,3.9695,0.0000,0.0000,0.0000,0.0000,0.0000
0,41,2,20,1.5,-0.6370,0.4926,0.0070,3.5865,0.0000,0.0000,0.0000,4.2291,0.0000
0,42,2,40,0.75,3.3086,2.4950,2.4556,0.0000,0.0000,0.0000,4.8951,4.7676,4.6204
0,43,2,40,1,-0.3412,1.2042,0.1642,3.9492,3.8336,0.0000,0.0000,4.0829,0.0000
0,44,2,40,1.5,1.5458,1.3626,0.7469,4.6031,0.0000,4.2483,4.0547,0.0000,0.0000
0,45,2,80,0.75,4.0120,4.2978,4.1841,0.0000,0.0000,0.0000,3.4284,3.4987,0.0000
0,46,2,80,1,4.4623,3.8935,4.3657,0.0000,0.0000,0.0000,4.4262,4.1724,4.7866
0,47,2,80,1.5,4.5008,3.7758,5.0983,0.0000,0.0000,4.0867,0.0000,0.0000,4.7849
0,48,2,160,0.75,7.8742,8.5761,9.6143,7.2911,5.9249,7.6391,6.3104,8.4576,7.4734
0,49,2,160,1,9.6547,10.0196,10.7613,9.0003,8.3862,9.3280,8.7948,10.1272,9.8622
0,50,2,160,1.5,9.4967,10.6868,11.3237,8.9002,8.6287,9.9885,9.8954,10.3375,10.2871
0,51,2,320,0.75,17.2476,19.0908,19.0142,15.1331,12.7225,16.9886,14.5355,16.7620,14.2357
0,52,2,320,1,17.7475,19.9968,21.3074,15.2606,14.5567,17.4656,16.7400,18.2818,17.7739
0,53,2,320,1.5,19.4322,21.4075,21.7707,17.6536,17.4110,19.4637,19.3305,18.6474,18.4373
0,54,3,10,0.75,-0.4089,-0.2526,-0.0333,0.0000,0.0000,0.0000,0.0000,0.0000,0.0000
0,55,3,10,1,1.4497,1.3772,2.2420,0.0000,0.0000,0.0000,3.4900,0.0000,0.0000
0,56,3,10,1.5,0.1721,0.2174,-0.4353,0.0000,0.0000,3.8755,0.0000,0.0000,4.0154
0,57,3,20,0.75,0.5451,0.5948,0.5637,0.0000,0.0000,0.0000,3.6548,0.0000,4.0989
0,58,3,20,1,-0.8833,-1.4131,-0.5513,0.0000,0.0000,0.0000,4.0164,4.8444,4.5544
0,59,3,20,1.5,1.1003,1.7846,1.6593,0.0000,0.0000,4.2813,0.0000,0.0000,4.4080
0,60,3,40,0.75,1.9188,1.4566,1.6022,4.0457,0.0000,4.0857,3.2482,0.0000,0.0000
0,61,3,40,1,0.8243,0.5807,1.6282,0.0000,0.0000,0.0000,0.0000,4.0958,0.0000
0,62,3,40,1.5,0.3840,1.0049,0.1410,0.0000,0.0000,3.9236,4.4831,4.2482,3.7351
0,63,3,80,0.75,2.9828,1.9121,2.8880,0.0000,4.4306,0.0000,0.0000,0.0000,4.3008
0,64,3,80,1,2.9725,2.1597,3.8326,4.4188,0.0000,0.0000,0.0000,0.0000,0.0000
0,65,3,80,1.5,5.0582,1.9294,4.6324,0.0000,0.0000,4.7857,4.7219,5.0499,4.9497
0,66,3,160,0.75,6.0474,4.2686,6.1399,6.2062,5.5256,0.0000,4.0619,5.5991,4.5918
0,67,3,160,1,6.0862,4.1261,4.5457,5.5286,5.2408,0.0000,0.0000,0.0000,4.8786
0,68,3,160,1.5,6.4312,2.4872,5.4662,5.8442,5.3248,0.0000,0.0000,5.3194,0.0000
0,69,3,320,0.75,12.6557,7.3058,11.1485,10.4471,8.4838,6.7594,6.1730,9.1231,6.8948
0,70,3,320,1,13.8271,9.5114,12.3110,12.6340,10.8921,9.3087,9.0494,11.2332,9.8563
0,71,3,320,1.5,14.7255,8.9193,12.7841,11.7450,10.2826,7.3837,7.1071,10.7945,9.9506
0,72,4,10,0.75,0.9288,0.6447,0.5343,4.5580,4.6078,4.2910,4.4644,0.0000,0.0000
0,73,4,10,1,1.5739,1.7453,0.9771,0.0000,0.0000,0.0000,4.3746,0.0000,0.0000
0,74,4,10,1.5,0.0187,0.5952,0.5021,0.0000,0.0000,4.5025,4.4266,4.7573,4.9286
0,75,4,20,0.75,2.1553,1.7791,0.8011,4.2089,4.1856,0.0000,4.0316,0.0000,0.0000
0,76,4,20,1,2.2413,0.1090,1.4846,0.0000,0.0000,3.9526,4.1221,0.0000,0.0000
0,77,4,20,1.5,3.4228,3.4113,2.8960,0.0000,0.0000,0.0000,0.0000,4.4167,0.0000
0,78,4,40,0.75,3.3254,3.9174,3.5597,0.0000,0.0000,0.0000,4.3118,0.0000,4.2334
0,79,4,40,1,2.0073,1.3505,2.5831,4.2829,4.3624,0.0000,4.5511,4.6867,0.0000
0,80,4,40,1.5,2.3664,2.9235,4.6114,0.0000,0.0000,0.0000,0.0000,0.0000,0.0000
0,81,4,80,0.75,7.4364,6.9956,7.8663,5.8634,4.9304,6.2011,5.5777,5.7876,5.2510
0,82,4,80,1,7.3837,7.0026,8.4519,5.8639,5.6650,6.1814,6.1578,6.0461,6.1860
0,83,4,80,1.5,6.9831,8.3993,7.5869,6.0093,5.6538,7.0074,6.5400,5.7980,5.8424
0,84,4,160,0.75,14.1806,14.8291,14.8361,11.5681,9.3357,12.6728,10.5312,11.6356,8.7463
0,85,4,160,1,13.8644,15.0557,15.4335,10.8701,11.0262,12.2335,13.1940,10.6088,12.6079
0,86,4,160,1.5,15.2836,13.1661,15.9114,10.8658,11.4019,11.3845,11.4428,10.2198,10.9905
0,87,4,320,0.75,25.0170,26.2776,28.3179,21.4758,18.3206,23.1651,19.4726,20.2576,19.5983
0,88,4,320,1,26.9830,28.8358,28.8485,22.3702,20.4926,24.8610,24.0056,21.0762,21.2997
0,89,4,320,1.5,30.8178,29.8841,30.6828,24.2553,22.5063,26.0984,25.4728,22.2974,21.5315
0,90,5,10,0.75,-0.3149,-0.0117,-0.4387,3.9392,0.0000,0.0000,0.0000,4.5418,4.1136
0,91,5,10,1,-0.6242,-0.6057,-0.7971,0.0000,0.0000,0.0000,0.0000,0.0000,0.0000
0,92,5,10,1.5,-1.6728,-2.1167,-1.8856,3.9828,0.0000,0.0000,0.0000,0.0000,0.0000
0,93,5,20,0.75,0.3724,-0.5585,0.2384,0.0000,0.0000,0.0000,0.0000,0.0000,0.0000
0,94,5,20,1,-0.0977,-0.3235,-0.3837,3.8617,0.0000,0.0000,0.0000,4.0242,0.0000
0,95,5,20,1.5,1.6541,1.2854,1.3910,0.0000,0.0000,0.0000,0.0000,0.0000,0.0000
0,96,5,40,0.75,2.7700,3.1735,3.1207,0.0000,0.0000,0.0000,0.0000,3.8184,0.0000
0,97,5,40,1,2.1245,1.2231,2.2358,4.4966,4.1952,4.1393,4.1968,4.6625,0.0000
0,98,5,40,1.5,1.1353,0.7743,1.3849,0.0000,0.0000,0.0000,0.0000,0.0000,3.8193
0,99,5,80,0.75,2.7381,2.6832,3.7424,4.5084,4.0449,4.1966,0.0000,0.0000,4.2624
0,100,5,80,1,3.4969,3.8766,5.4158,0.0000,0.0000,4.7700,0.0000,5.2941,5.2625
0,101,5,80,1.5,4.0271,3.9347,6.0367,4.4441,4.5824,0.0000,0.0000,5.5423,5.5090
0,102,5,160,0.75,6.1860,6.2865,8.8073,5.7227,4.9382,6.0651,5.2616,7.9711,6.6138
0,103,5,160,1,8.8251,8.2821,10.7522,7.8260,6.9161,7.2675,7.1532,9.9907,9.5238
0,104,5,160,1.5,10.9346,9.0729,13.2553,9.4495,8.4753,8.1680,7.5450,11.4265,10.2283
0,105,5,320,0.75,13.2384,13.2349,18.1732,11.8641,10.5916,12.5435,10.3361,15.4134,13.3205
0,106,5,320,1,15.1800,13.8143,21.0804,13.6674,12.8792,12.5557,11.9673,19.0725,17.5729
0,107,5,320,1.5,18.4313,16.4746,22.9975,16.0136,14.3894,14.6926,14.5781,20.4444,18.5896
0,108,6,10,0.75,-0.2740,0.8684,1.1801,0.0000,0.0000,0.0000,0.0000,4.8496,5.0796
0,109,6,10,1,2.7682,1.9780,2.2972,0.0000,3.9891,3.6879,3.7100,0.0000,0.0000
0,110,6,10,1.5,1.2969,0.4406,1.9215,0.0000,0.0000,0.0000,0.0000,0.0000,0.0000
0,111,6,20,0.75,1.8198,1.4694,2.7866,0.0000,0.0000,4.5366,4.5476,0.0000,0.0000
0,112,6,20,1,2.8505,2.4771,2.6439,3.8888,0.0000,0.0000,0.0000,4.4165,4.4129
0,113,6,20,1.5,2.2195,2.0762,3.0221,0.0000,0.0000,0.0000,0.0000,4.4695,0.0000
0,114,6,40,0.75,3.5882,1.8607,4.3623,3.9428,0.0000,0.0000,0.0000,4.2190,3.9104
0,115,6,40,1,3.0002,2.2998,4.2745,0.0000,0.0000,0.0000,0.0000,0.0000,0.0000
0,116,6,40,1.5,5.6020,4.9397,6.1041,5.6327,0.0000,0.0000,0.0000,5.9278,5.5383
0,117,6,80,0.75,6.4160,4.1749,7.5642,6.9047,6.0918,4.9022,4.6057,8.1324,7.1943
0,118,6,80,1,8.1518,6.2368,9.7266,7.4694,7.1767,6.0970,5.8449,8.8800,9.0769
0,119,6,80,1.5,7.5220,4.9505,9.9403,7.2597,7.1072,5.0256,4.8958,9.4837,9.0301
0,120,6,160,0.75,15.2497,9.8979,17.6861,14.6093,13.0044,9.3248,8.3659,16.5478,15.2206
0,121,6,160,1,17.1046,12.1598,19.5222,16.2916,16.2850,11.6887,11.2611,18.4017,18.1242
0,122,6,160,1.5,19.0032,14.5331,21.3794,17.9615,17.3129,13.9783,13.5838,20.4521,19.8090
0,123,6,320,0.75,28.8661,21.3609,34.3736,27.7661,24.1732,20.4281,17.8634,32.3764,28.1072
0,124,6,320,1,32.5293,23.4366,38.9075,30.5837,29.7342,22.0169,21.4806,36.4770,36.1218
0,125,6,320,1.5,35.2666,24.4848,42.9383,33.4331,32.3824,23.3228,23.0588,40.3711,39.0516
0,126,7,10,0.75,-0.9580,-0.7616,-0.1431,0.0000,0.0000,0.0000,0.0000,0.0000,3.8293
0,127,7,10,1,-0.6387,-0.2550,-1.3564,0.0000,4.4261,0.0000,4.0619,0.0000,0.0000
0,128,7,10,1.5,0.1157,-0.5116,-0.3277,3.8077,0.0000,4.7950,4.7673,0.0000,0.0000
0,129,7,20,0.75,0.0599,-0.2366,-1.0700,0.0000,0.0000,0.0000,3.9724,0.0000,4.2472
0,130,7,20,1,2.2376,0.7422,1.6324,0.0000,0.0000,0.0000,0.0000,0.0000,0.0000
0,131,7,20,1.5,-1.4963,-2.0301,-1.4545,0.0000,0.0000,4.4966,0.0000,0.0000,0.0000
0,132,7,40,0.75,3.0669,2.8205,2.7405,0.0000,3.6298,0.0000,0.0000,0.0000,0.0000
0,133,7,40,1,0.9045,1.2941,0.3530,0.0000,0.0000,0.0000,0.0000,0.0000,0.0000
0,134,7,40,1.5,4.0283,2.4025,2.4314,4.8795,0.0000,0.0000,0.0000,0.0000,0.0000
0,135,7,80,0.75,2.7558,0.6593,0.9567,0.0000,4.2451,4.1911,4.1124,0.0000,0.0000
0,136,7,80,1,1.5357,0.3990,1.6029,0.0000,0.0000,4.1092,4.3568,4.5729,0.0000
0,137,7,80,1.5,3.2191,3.1697,3.5765,4.0555,0.0000,4.9542,4.7877,4.1569,0.0000
0,138,7,160,0.75,4.0075,2.3330,3.5819,5.4466,0.0000,0.0000,3.4963,0.0000,0.0000
0,139,7,160,1,5.4072,3.9565,4.0919,5.2975,5.1058,0.0000,0.0000,0.0000,0.0000
0,140,7,160,1.5,5.4473,4.9106,4.2058,5.3029,5.5586,5.1421,5.3295,0.0000,0.0000
0,141,7,320,0.75,12.7049,10.2622,10.7204,12.5411,10.7439,10.1446,8.5997,10.6602,8.7065
0,142,7,320,1,11.6376,9.0183,10.3282,11.5679,10.6028,9.0489,8.6544,9.8788,9.0785
0,143,7,320,1.5,14.7698,10.7767,12.5544,14.5169,14.7467,10.5667,10.3933,12.1629,11.9498
0,144,8,10,0.75,-0.5339,-0.4209,-0.1981,0.0000,0.0000,0.0000,0.0000,0.0000,0.0000
0,145,8,10,1,-0.1124,-0.4628,1.1347,0.0000,0.0000,0.0000,0.0000,0.0000,0.0000
0,146,8,10,1.5,0.4630,0.0860,-0.4147,0.0000,0.0000,0.0000,4.0130,0.0000,3.6305
0,147,8,20,0.75,0.1841,0.0506,0.9637,0.0000,0.0000,0.0000,0.0000,0.0000,3.8350
0,148,8,20,1,2.7862,1.7637,1.9289,0.0000,0.0000,0.0000,0.0000,0.0000,0.0000
0,149,8,20,1.5,2.4909,1.4208,2.0257,0.0000,3.9487,4.4625,4.2128,4.6759,4.2799
0,150,8,40,0.75,0.5643,-0.0083,0.5832,0.0000,0.0000,0.0000,3.5170,4.5001,4.1479
0,151,8,40,1,3.4335,3.1770,3.8146,0.0000,0.0000,4.0771,4.2872,0.0000,0.0000
0,152,8,40,1.5,3.0321,2.6970,3.1198,4.4680,4.6109,4.9071,5.0651,4.8699,4.7796
0,153,8,80,0.75,2.7120,3.0032,4.8579,4.2966,4.4711,4.2383,4.3906,5.1450,5.0008
0,154,8,80,1,3.8687,3.8208,5.3147,0.0000,0.0000,4.1826,4.0991,0.0000,4.2747
0,155,8,80,1.5,5.3841,4.2247,5.9444,0.0000,4.7683,0.0000,0.0000,5.2677,5.1314
0,156,8,160,0.75,8.8258,8.6366,9.4178,7.5281,5.9920,7.6990,6.2793,8.0417,6.3729
0,157,8,160,1,9.0857,8.1839,10.4361,7.5764,6.7303,6.6208,6.4140,9.0437,8.1476
0,158,8,160,1.5,12.6573,11.0394,13.8585,11.3547,9.8419,9.9150,8.5504,12.0565,10.7965
0,159,8,320,0.75,17.5261,16.6715,19.1410,14.2404,11.7004,14.0918,12.1513,16.3969,13.9083
0,160,8,320,1,20.1162,17.9514,22.3539,17.0910,15.5044,14.9628,15.1106,19.2140,17.6068
0,161,8,320,1.5,23.1744,20.8866,25.0417,18.4032,16.1501,17.1009,16.4188,20.6414,18.6494
0,162,9,10,0.75,1.3143,1.3949,0.6774,0.0000,0.0000,0.0000,0.0000,0.0000,0.0000
0,163,9,10,1,0.3251,0.0899,0.4815,0.0000,0.0000,0.0000,0.0000,0.0000,0.0000
0,164,9,10,1.5,0.5482,0.9903,1.3550,0.0000,0.0000,0.0000,0.0000,0.0000,3.6926
0,165,9,20,0.75,1.1630,0.8232,1.3095,0.0000,0.0000,4.4834,4.3137,4.6947,0.0000
0,166,9,20,1,0.0167,0.0369,0.3989,0.0000,0.0000,0.0000,0.0000,4.3892,0.0000
0,167,9,20,1.5,2.2821,2.4746,2.4251,0.0000,0.0000,0.0000,0.0000,0.0000,0.0000
0,168,9,40,0.75,3.5718,4.3660,4.3043,4.2098,3.9709,4.7189,0.0000,4.6909,4.4054
0,169,9,40,1,3.3332,3.0135,3.7273,3.6904,0.0000,0.0000,0.0000,3.7819,3.8534
0,170,9,40,1.5,1.2725,1.7173,2.0495,0.0000,4.4070,5.0503,0.0000,0.0000,0.0000
0,171,9,80,0.75,5.7203,6.0096,5.4263,6.6137,6.6232,6.0113,5.9649,5.7711,5.6581
0,172,9,80,1,6.2859,6.9811,7.2142,5.9581,5.8222,6.0695,5.8223,6.0405,5.8857
0,173,9,80,1.5,6.7860,7.5598,7.0556,6.5088,6.5210,6.4333,6.2225,6.7782,6.5867
0,174,9,160,0.75,12.8365,11.7234,12.2147,11.6874,10.1046,9.2238,8.2476,10.6543,8.6167
0,175,9,160,1,12.8365,13.2524,11.6202,12.4066,11.7118,11.4566,10.7691,11.5868,10.8398
0,176,9,160,1.5,13.0392,14.0337,13.4896,12.4420,11.4504,12.5849,11.7665,12.5821,11.5711
0,177,9,320,0.75,22.9573,23.2321,24.2539,21.0044,18.4863,19.9343,17.2244,22.0843,19.4010
0,178,9,320,1,23.6589,22.7702,24.6334,22.2609,21.1106,19.2736,18.5057,22.0918,21.2105
0,179,9,320,1.5,25.7957,25.6938,27.5536,23.3396,22.0360,20.5421,19.5184,24.6137,23.7227
0,180,10,10,0.75,1.2394,1.5472,2.4232,4.4484,4.0943,4.6033,4.4270,4.4579,4.2911
0,181,10,10,1,-0.7682,1.2092,-0.9384,4.5960,4.3374,3.7222,0.0000,0.0000,3.7448
0,182,10,10,1.5,1.2871,1.8727,0.8169,4.2639,0.0000,0.0000,4.2109,4.2241,0.0000
0,183,10,20,0.75,1.1406,2.6533,1.7082,0.0000,0.0000,0.0000,0.0000,0.0000,0.0000
0,184,10,20,1,2.5471,5.0514,2.6199,0.0000,0.0000,5.0390,5.1464,0.0000,0.0000
0,185,10,20,1.5,1.2579,3.2104,3.0289,0.0000,0.0000,4.5300,4.4921,4.2519,0.0000
0,186,10,40,0.75,3.7308,7.6652,7.2156,0.0000,0.0000,5.7768,5.6996,4.7763,0.0000
0,187,10,40,1,4.7259,6.8681,6.3661,0.0000,0.0000,5.2799,5.0409,4.6968,0.0000
0,188,10,40,1.5,4.5308,6.5828,5.1949,0.0000,0.0000,4.9949,4.9800,0.0000,0.0000
0,189,10,80,0.75,6.5420,11.1229,8.8474,0.0000,5.0760,8.2496,6.8735,5.9929,4.9275
0,190,10,80,1,7.7194,13.3332,10.4391,7.0503,6.7548,11.3551,11.4379,8.6196,7.9553
0,191,10,80,1.5,5.4469,13.1089,11.0106,4.7458,0.0000,9.6729,9.0997,7.4955,7.3879
0,192,10,160,0.75,10.8112,22.7733,19.5079,10.6371,9.4961,17.5989,15.0944,15.2194,12.9041
0,193,10,160,1,13.9498,22.3449,19.8818,11.4886,10.2321,17.2795,16.8236,15.5200,14.1266
0,194,10,160,1.5,15.6990,27.9195,24.6624,12.4091,11.6131,20.9167,20.2493,18.1315,17.0521
0,195,10,320,0.75,23.6874,43.0871,38.8540,21.2301,17.5264,34.5333,30.2620,29.4865,24.3488
0,196,10,320,1,27.2360,48.4936,42.6504,23.2057,21.3552,37.8284,36.9534,31.7266,29.4864
0,197,10,320,1.5,28.9749,51.5288,46.3383,24.2994,21.6824,39.4187,38.4847,33.7141,30.6014
0,198,11,10,0.75,0.8827,1.0224,0.8212,0.0000,3.3668,0.0000,0.0000,0.0000,0.0000
0,199,11,10,1,2.9093,1.2856,3.0146,4.2772,3.9733,3.9980,3.4868,4.4666,3.8760
0,200,11,10,1.5,-2.0402,-0.3229,-0.6731,0.0000,0.0000,0.0000,3.8645,0.0000,0.0000
0,201,11,20,0.75,0.3889,1.1590,1.2127,4.4334,0.0000,0.0000,0.0000,0.0000,0.0000
0,202,11,20,1,1.4881,1.9786,2.3327,0.0000,0.0000,0.0000,0.0000,0.0000,0.0000
0,203,11,20,1.5,1.7459,1.6520,2.9346,0.0000,0.0000,0.0000,0.0000,0.0000,0.0000
0,204,11,40,0.75,2.6965,2.9326,3.0487,4.1799,0.0000,3.8486,3.6747,4.1196,0.0000
0,205,11,40,1,4.7757,2.8603,4.6673,4.4223,0.0000,0.0000,0.0000,0.0000,0.0000
0,206,11,40,1.5,1.6977,1.0515,2.1245,0.0000,0.0000,0.0000,0.0000,0.0000,0.0000
0,207,11,80,0.75,5.1533,5.4034,6.1645,5.1665,4.5868,4.8476,0.0000,5.4261,4.9623
0,208,11,80,1,4.2536,2.0851,3.6887,0.0000,0.0000,0.0000,0.0000,0.0000,4.3303
0,209,11,80,1.5,4.9946,3.8106,5.1221,0.0000,0.0000,0.0000,0.0000,4.5724,4.8873
0,210,11,160,0.75,9.4010,7.8410,10.2527,7.6545,7.0340,6.6230,6.0802,7.5846,6.6393
0,211,11,160,1,8.3764,6.1946,10.1504,6.2235,6.8297,6.2657,6.4242,6.8216,7.0373
0,212,11,160,1.5,11.4346,9.1086,11.6948,9.3215,9.7664,7.8558,8.2787,9.0242,9.2840
0,213,11,320,0.75,17.6945,14.3352,20.0142,14.1257,12.3770,12.2363,10.5793,13.9252,12.2992
0,214,11,320,1,20.6292,14.8375,21.8221,15.6339,15.6322,13.3298,13.1089,16.3232,16.5556
0,215,11,320,1.5,21.9314,15.9334,23.5656,16.8628,17.3590,14.1998,14.1859,17.0548,17.1947
0,216,12,10,0.75,2.0256,1.5483,2.4376,0.0000,0.0000,0.0000,0.0000,0.0000,0.0000
0,217,12,10,1,1.6941,1.6903,2.0454,0.0000,0.0000,0.0000,0.0000,0.0000,0.0000
0,218,12,10,1.5,2.5172,1.4803,2.7560,4.3161,0.0000,0.0000,0.0000,3.9819,3.7587
0,219,12,20,0.75,3.9032,2.9862,4.4603,4.1716,4.0671,0.0000,0.0000,4.9793,4.7005
0,220,12,20,1,1.8868,0.6281,2.5173,0.0000,0.0000,0.0000,0.0000,0.0000,0.0000
0,221,12,20,1.5,4.7358,4.3030,5.3700,5.1533,0.0000,5.1173,4.9521,4.8769,4.7050
0,222,12,40,0.75,4.7936,4.2968,6.8215,0.0000,0.0000,0.0000,0.0000,4.5751,4.1846
0,223,12,40,1,5.0140,4.4762,7.3455,4.6210,4.4665,4.6761,4.8126,4.7537,4.3945
0,224,12,40,1.5,8.0335,7.0484,8.2559,7.2040,7.0982,6.6282,6.2089,6.6562,5.7694
0,225,12,80,0.75,10.6331,8.7210,14.1310,8.9231,7.8062,8.0028,6.6220,8.7086,7.9979
0,226,12,80,1,13.0614,10.8015,16.8515,10.9674,11.2367,9.8296,9.4353,11.9167,11.9700
0,227,12,80,1.5,12.6809,10.7545,16.1758,10.2155,9.8187,10.2499,10.3120,10.6221,10.0632
0,228,12,160,0.75,23.0449,21.7444,29.6238,20.3933,18.1094,19.2171,15.8126,19.3624,17.9465
0,229,12,160,1,23.4144,19.2871,31.7506,19.9697,20.1763,17.2611,16.5653,20.8327,21.5716
0,230,12,160,1.5,27.9632,23.4334,34.7951,23.0417,22.0980,20.2717,19.1429,23.1870,22.9152
0,231,12,320,0.75,44.8281,38.8189,57.3775,38.2382,33.9090,34.5334,29.1930,37.6162,32.9819
0,232,12,320,1,49.6514,41.3470,62.6938,41.6589,41.7247,36.8998,35.8804,41.2488,41.9448
0,233,12,320,1.5,55.9509,46.4993,67.8659,46.7424,45.7666,41.1543,39.1694,47.0951,46.9776
0,234,13,10,0.75,1.4477,0.3759,1.0020,4.1797,4.0361,4.0457,3.7344,0.0000,0.0000
0,235,13,10,1,0.3730,-0.9665,-0.3017,0.0000,0.0000,0.0000,0.0000,0.0000,0.0000
0,236,13,10,1.5,0.3595,0.9531,1.0309,0.0000,4.6005,4.1926,0.0000,4.1735,4.4377
0,237,13,20,0.75,2.1716,0.5812,3.1646,0.0000,0.0000,0.0000,0.0000,4.1576,0.0000
0,238,13,20,1,2.1353,0.7564,1.2741,0.0000,0.0000,0.0000,0.0000,0.0000,0.0000
0,239,13,20,1.5,0.7913,0.0459,0.5491,0.0000,0.0000,0.0000,0.0000,0.0000,0.0000
0,240,13,40,0.75,2.0337,1.2047,2.4350,0.0000,0.0000,0.0000,0.0000,3.9001,0.0000
0,241,13,40,1,2.6948,2.1607,2.3885,0.0000,0.0000,0.0000,4.4250,0.0000,4.2365
0,242,13,40,1.5,3.9355,1.9373,4.9062,4.9488,4.6383,0.0000,0.0000,0.0000,4.7841
0,243,13,80,0.75,6.9364,4.1654,8.1402,6.1410,6.0236,0.0000,0.0000,6.9531,7.6383
0,244,13,80,1,7.7389,2.6910,6.8613,6.7937,6.0010,0.0000,4.4496,6.0838,6.2363
0,245,13,80,1.5,9.2332,5.1876,7.9266,7.9978,7.7493,5.0954,5.5538,6.8613,6.9654
0,246,13,160,0.75,12.9820,5.9630,14.1092,11.6181,10.2975,6.4562,6.1184,12.1279,10.9199
0,247,13,160,1,15.8306,7.1689,15.2572,13.8412,12.8019,6.7531,6.8549,13.5412,13.6619
0,248,13,160,1.5,15.6217,8.8482,14.9556,13.7512,13.3181,8.0556,8.4960,13.4807,12.3984
0,249,13,320,0.75,27.2734,15.0796,27.9501,23.0278,19.7622,13.6030,13.0000,22.6036,21.2366
0,250,13,320,1,27.7190,14.0433,27.8943,24.1176,22.5218,12.6552,12.8287,22.9805,23.9191
0,251,13,320,1.5,30.9631,17.4523,31.2101,26.7990,24.7488,16.0633,15.1852,26.5642,27.3043
0,252,14,10,0.75,1.7920,3.4262,2.4881,4.4239,0.0000,0.0000,3.8781,0.0000,0.0000
0,253,14,10,1,2.3096,2.2393,2.7184,0.0000,0.0000,4.1239,3.9630,4.9413,5.3513
0,254,14,10,1.5,1.8280,2.6458,1.3733,0.0000,0.0000,0.0000,0.0000,0.0000,0.0000
0,255,14,20,0.75,0.9783,2.1877,3.5471,3.9931,0.0000,0.0000,0.0000,3.9279,0.0000
0,256,14,20,1,2.9344,3.3674,3.1945,4.3716,0.0000,0.0000,0.0000,0.0000,0.0000
0,257,14,20,1.5,2.4196,4.3688,4.0496,0.0000,0.0000,4.4150,0.0000,4.2431,4.2551
0,258,14,40,0.75,6.5315,8.5799,7.4394,5.9539,6.2145,8.3238,7.7748,6.8417,6.6955
0,259,14,40,1,7.8477,8.6131,8.6245,7.7782,7.2580,8.5745,8.0653,8.3248,8.0631
0,260,14,40,1.5,8.0169,9.1648,8.5606,7.6188,7.4062,9.0489,8.8216,7.7584,8.7573
0,261,14,80,0.75,11.4359,15.0214,12.8532,11.0319,10.4064,14.4520,13.0724,12.0455,10.4487
0,262,14,80,1,11.8837,16.5626,13.9298,11.9411,11.3041,16.5116,16.1986,13.7225,13.8417
0,263,14,80,1.5,13.8635,16.8465,14.6513,13.8333,13.1485,16.6965,16.5429,14.3350,14.6967
0,264,14,160,0.75,23.2646,29.7306,26.2274,22.3010,20.4216,28.8993,25.7490,23.8336,22.9347
0,265,14,160,1,26.3722,33.0879,27.7378,25.4155,25.6333,32.1755,32.7577,26.1776,26.8836
0,266,14,160,1.5,28.0339,32.5258,28.5166,27.4318,26.6764,32.0064,31.4983,26.8791,27.5862
0,267,14,320,0.75,45.7092,59.7161,49.5270,44.7812,39.8089,58.6894,51.2555,46.8869,43.2296
0,268,14,320,1,51.2004,64.9172,54.7083,50.3966,48.9043,63.9064,63.5157,51.9337,53.3999
0,269,14,320,1.5,55.9607,66.8959,58.0002,54.6675,53.0084,65.5716,64.7137,54.1511,56.2378
0,270,15,10,0.75,3.4672,1.6422,3.0109,0.0000,0.0000,0.0000,0.0000,0.0000,0.0000
0,271,15,10,1,0.3071,0.8819,1.5832,0.0000,0.0000,0.0000,0.0000,0.0000,0.0000
0,272,15,10,1.5,1.5060,1.9643,4.0208,4.6037,0.0000,3.8463,0.0000,4.3094,3.7564
0,273,15,20,0.75,0.4564,1.1046,1.9795,4.7066,4.3427,0.0000,4.1141,0.0000,0.0000
0,274,15,20,1,3.0491,2.1122,3.8157,0.0000,0.0000,0.0000,0.0000,0.0000,0.0000
0,275,15,20,1.5,1.7110,2.1720,2.4939,0.0000,4.8364,0.0000,0.0000,0.0000,0.0000
0,276,15,40,0.75,5.9843,5.2801,9.1395,5.2947,4.7787,0.0000,4.0184,8.2836,6.4117
0,277,15,40,1,4.7456,4.9639,7.1791,5.6787,5.7452,5.6421,5.3921,6.7830,6.2700
0,278,15,40,1.5,5.6165,4.7143,8.7151,5.0610,0.0000,0.0000,0.0000,8.4803,7.5760
0,279,15,80,0.75,8.7151,7.7425,14.6706,8.2057,6.9483,6.8987,5.9138,13.9825,11.0536
0,280,15,80,1,10.1742,8.9691,14.6638,9.4576,8.8118,7.9590,7.2250,13.8722,12.3790
0,281,15,80,1.5,11.5084,10.5306,16.4095,10.5176,10.2860,9.0561,8.8830,15.6594,14.9499
0,282,15,160,0.75,20.3042,19.5281,29.8139,18.3523,15.6277,17.5362,14.6940,27.9834,23.3431
0,283,15,160,1,21.1960,19.1737,32.0030,19.5459,18.0164,17.0707,15.8523,30.7081,28.0487
0,284,15,160,1.5,24.1197,21.4147,33.1534,22.6640,21.2905,19.5253,18.2769,31.8107,29.7361
0,285,15,320,0.75,39.6614,38.2200,60.2996,36.0231,30.1655,34.5577,28.7652,57.2121,47.2377
0,286,15,320,1,42.1860,40.2102,63.1670,38.2369,35.2861,35.5414,33.3253,59.7954,55.1181
0,287,15,320,1.5,48.0949,43.6642,68.2964,43.8627,40.1891,39.0081,36.2152,64.8981,59.8856
0,288,16,10,0.75,0.5542,0.0686,2.2869,0.0000,0.0000,0.0000,0.0000,0.0000,0.0000
0,289,16,10,1,1.8338,2.5214,1.9122,4.7938,4.5783,4.8117,4.6790,4.6522,4.4711
0,290,16,10,1.5,0.9653,1.0860,0.9215,4.0291,0.0000,4.8788,4.5973,0.0000,4.2213
0,291,16,20,0.75,0.3460,-0.1028,2.0585,0.0000,0.0000,0.0000,0.0000,3.8832,0.0000
0,292,16,20,1,2.8854,1.9780,3.9189,4.6382,4.5624,0.0000,4.2311,4.1661,4.1630
0,293,16,20,1.5,0.9344,0.7366,1.9964,0.0000,3.9751,0.0000,0.0000,0.0000,0.0000
0,294,16,40,0.75,1.4691,2.5051,4.9806,0.0000,0.0000,0.0000,0.0000,0.0000,0.0000
0,295,16,40,1,3.9097,4.2933,7.6689,0.0000,0.0000,0.0000,4.5981,5.9226,5.9797
0,296,16,40,1.5,5.3662,4.9365,7.9672,5.1379,0.0000,4.8985,0.0000,7.3755,7.2819
0,297,16,80,0.75,7.3148,7.6978,12.1325,6.9695,6.3429,6.9879,6.2879,10.1996,9.4249
0,298,16,80,1,8.1224,8.1990,13.9703,7.9203,7.5674,7.3003,7.0763,11.8862,11.5338
0,299,16,80,1.5,10.0249,9.4051,13.7396,9.1661,8.5116,8.7033,8.1546,11.7047,11.6729
0,300,16,160,0.75,16.2487,16.7845,27.1114,14.4852,12.9952,15.1068,13.7972,21.6913,20.3171
0,301,16,160,1,16.5293,17.1153,27.9776,15.0242,15.2239,16.0136,15.7531,23.3213,23.9191
0,302,16,160,1.5,16.2795,16.5885,29.7043,15.0412,14.2139,15.4353,14.5862,23.3348,23.8292
0,303,16,320,0.75,29.5868,31.1814,52.3236,26.9465,24.0467,28.9480,25.9806,42.7833,39.4559
0,304,16,320,1,32.5012,33.1106,54.8265,29.1922,29.3052,30.4195,30.6483,44.3660,45.9983
0,305,16,320,1.5,34.4462,36.1404,60.6296,30.8081,29.4719,33.3049,32.3570,48.1497,48.6505
0,306,17,10,0.75,1.6409,2.6760,1.5775,0.0000,0.0000,4.0657,0.0000,4.2495,0.0000
0,307,17,10,1,0.5174,0.3496,0.5054,0.0000,0.0000,0.0000,0.0000,0.0000,4.2624
0,308,17,10,1.5,1.9604,1.6439,1.6812,0.0000,0.0000,0.0000,0.0000,0.0000,0.0000
0,309,17,20,0.75,1.8183,2.4366,2.1213,0.0000,0.0000,3.7571,0.0000,4.5425,4.1736
0,310,17,20,1,1.3519,1.2501,1.8475,0.0000,0.0000,4.3640,0.0000,3.9573,4.2613
0,311,17,20,1.5,1.1565,1.0827,1.3461,0.0000,0.0000,0.0000,0.0000,4.7286,4.6050
0,312,17,40,0.75,1.9059,2.4660,3.0343,4.3420,0.0000,0.0000,0.0000,0.0000,0.0000
0,313,17,40,1,2.1069,2.4199,3.1952,0.0000,4.8421,0.0000,4.8196,0.0000,0.0000
0,314,17,40,1.5,4.9841,5.7306,5.7198,4.6247,4.5540,5.7151,5.4036,5.2138,4.9721
0,315,17,80,0.75,6.9973,6.7288,8.5920,5.8339,5.1548,6.4023,5.4209,6.9695,5.0813
0,316,17,80,1,6.5155,6.9996,7.1776,5.6120,5.2865,6.2521,6.0839,6.2319,5.4014
0,317,17,80,1.5,8.2495,8.9030,9.4576,6.9461,7.3398,6.9368,7.6868,7.4670,7.4047
0,318,17,160,0.75,13.2813,14.6218,14.2470,11.4601,10.7693,12.0286,10.9323,11.3421,10.6304
0,319,17,160,1,15.0679,16.6664,17.8115,13.4067,12.5153,13.4135,13.1032,15.0686,14.1702
0,320,17,160,1.5,16.2807,18.3365,18.0796,13.7566,13.2984,16.2963,15.6186,14.8697,13.5661
0,321,17,320,0.75,25.5347,28.3931,29.1329,20.9120,18.3984,23.3397,19.0212,23.1665,20.0133
0,322,17,320,1,29.3443,31.9448,32.8040,24.4870,23.9376,25.6466,24.8410,26.3870,25.3488
0,323,17,320,1.5,31.9009,34.5624,35.4189,25.6539,24.4661,28.6366,26.5553,28.3398,26.7979
0,324,18,10,0.75,2.3271,3.1135,3.0859,0.0000,0.0000,3.9109,0.0000,0.0000,0.0000
0,325,18,10,1,-0.2949,-0.2989,0.7410,5.3320,5.5759,0.0000,4.4808,0.0000,4.6046
0,326,18,10,1.5,1.1045,-0.3515,0.7641,4.5575,4.2843,4.1251,0.0000,0.0000,0.0000
0,327,18,20,0.75,2.7343,2.2925,2.9820,0.0000,4.3450,4.4440,0.0000,0.0000,0.0000
0,328,18,20,1,3.0340,2.3197,2.3538,0.0000,4.1826,4.5756,4.3955,0.0000,0.0000
0,329,18,20,1.5,2.6983,2.6658,2.3423,4.6558,0.0000,0.0000,0.0000,0.0000,0.0000
0,330,18,40,0.75,4.3739,5.4130,5.5802,4.7671,0.0000,4.9373,4.2167,5.2900,4.3869
0,331,18,40,1,6.2832,5.6599,6.3721,5.7708,5.8396,5.8046,5.8736,5.5546,0.0000
0,332,18,40,1.5,6.4566,6.6607,7.8620,5.8020,5.7663,6.1494,6.1816,7.1011,6.8770
0,333,18,80,0.75,11.0822,12.3799,13.6130,10.6144,9.1750,11.6536,9.8824,12.1702,8.9163
0,334,18,80,1,12.9281,12.8455,14.8161,11.8872,11.9420,12.2224,12.1297,13.5856,12.7547
0,335,18,80,1.5,15.1656,15.3703,16.9503,14.2034,13.0876,14.5078,14.4342,15.0799,12.4907
0,336,18,160,0.75,22.4928,23.4663,26.7417,20.8707,17.6128,22.2361,18.8312,24.2550,18.8309
0,337,18,160,1,24.6869,25.1597,28.7702,22.5899,21.2736,23.3656,22.3521,25.7130,22.6014
0,338,18,160,1.5,28.4134,28.3948,33.0856,25.8676,23.3323,26.6256,24.6526,30.2185,25.6734
0,339,18,320,0.75,45.1204,45.9015,53.8831,40.0924,34.1744,42.5165,36.0928,46.9561,36.6965
0,340,18,320,1,48.9135,50.7027,58.4480,44.4712,41.5820,47.0608,44.8873,52.2168,45.2322
0,341,18,320,1.5,55.6784,54.1761,63.3446,50.7170,46.7401,50.4321,47.4871,56.4877,48.5686
0,342,19,10,0.75,1.9983,1.4476,0.9449,0.0000,0.0000,0.0000,0.0000,0.0000,0.0000
0,343,19,10,1,0.9930,0.4238,3.6868,0.0000,0.0000,0.0000,4.3997,4.1660,0.0000
0,344,19,10,1.5,3.2168,2.2557,4.3204,4.3030,0.0000,4.6737,0.0000,0.0000,0.0000
0,345,19,20,0.75,2.8966,2.9812,3.1305,4.3155,4.2587,0.0000,0.0000,0.0000,0.0000
0,346,19,20,1,3.4633,2.9456,3.2668,0.0000,0.0000,0.0000,0.0000,0.0000,0.0000
0,347,19,20,1.5,0.9595,0.9688,2.3319,0.0000,0.0000,0.0000,0.0000,0.0000,3.8164
0,348,19,40,0.75,3.7412,2.4687,7.2175,0.0000,0.0000,4.1597,4.4817,5.7088,4.6739
0,349,19,40,1,5.2194,4.7731,7.0168,5.1919,5.3797,4.9120,4.8532,6.8790,6.1987
0,350,19,40,1.5,6.7855,4.9114,8.6195,6.6148,6.2533,4.6605,4.5977,7.6523,6.9136
0,351,19,80,0.75,10.9942,8.0528,14.3665,10.3949,9.5053,7.3279,6.2011,13.2766,11.1011
0,352,19,80,1,10.3025,9.9633,14.8920,10.2640,9.6305,9.1700,8.3174,13.2550,12.4647
0,353,19,80,1.5,11.4823,10.1645,16.9932,11.3029,11.0217,9.4896,9.3443,16.0052,13.6637
0,354,19,160,0.75,19.2630,17.9071,26.6184,18.5550,16.1998,16.7770,14.4136,24.8150,20.0445
0,355,19,160,1,21.0272,19.3612,30.8701,19.5148,18.2901,17.7392,17.0208,27.5497,24.0830
0,356,19,160,1.5,21.9839,19.4401,30.9551,21.0101,20.1816,18.2383,17.9472,27.9901,25.2845
0,357,19,320,0.75,37.4090,33.6569,51.6208,35.6254,30.0693,30.2200,25.0743,46.4027,37.1832
0,358,19,320,1,43.7926,37.4262,58.3193,41.3678,39.7906,33.9524,32.3136,53.0098,46.9290
0,359,19,320,1.5,45.4139,38.9240,62.3364,42.5081,40.1693,34.8284,33.0084,55.8145,49.9300
0,360,20,10,0.75,-0.4265,0.0950,1.4826,3.8355,3.8948,4.0010,4.1688,4.7447,3.8329
0,361,20,10,1,1.9673,1.3489,2.4551,0.0000,0.0000,0.0000,0.0000,0.0000,0.0000
0,362,20,10,1.5,4.0482,4.3890,4.0259,4.1316,4.6691,4.8976,4.8499,4.3165,4.3240
0,363,20,20,0.75,4.1847,5.1359,5.3643,0.0000,0.0000,5.0579,4.5417,4.1197,0.0000
0,364,20,20,1,2.6373,4.2160,4.8448,0.0000,0.0000,0.0000,0.0000,0.0000,4.4618
0,365,20,20,1.5,2.6418,3.5431,3.7378,0.0000,0.0000,4.8569,4.7204,4.4348,0.0000
0,366,20,40,0.75,5.5509,7.2157,7.7758,5.2726,4.7407,6.4246,5.2293,6.2647,5.6637
0,367,20,40,1,5.6987,6.8673,8.0351,5.6579,5.7120,6.8495,6.4839,7.7476,7.8657
0,368,20,40,1.5,6.7010,7.6393,9.9584,5.4947,4.8731,6.8630,6.0693,9.0873,8.2767
0,369,20,80,0.75,10.8442,13.5809,16.2843,9.9402,8.3304,13.1636,10.5498,14.5317,12.3252
0,370,20,80,1,13.3268,16.4260,18.1375,12.6375,11.4617,15.9627,14.4431,15.8721,14.6035
0,371,20,80,1.5,14.4670,15.9419,19.6291,12.7590,11.3886,15.1179,13.3404,17.6163,15.9152
0,372,20,160,0.75,23.3640,30.2843,33.6896,21.4352,17.3001,28.5659,23.6147,29.5527,25.0816
0,373,20,160,1,26.6937,32.8731,37.3492,24.1960,22.7059,31.1513,29.1581,32.5231,31.0374
0,374,20,160,1.5,28.3662,32.3030,37.1315,25.0691,22.9459,30.6176,28.5505,32.7543,30.3448
0,375,20,320,0.75,48.5369,59.6051,65.6688,43.2733,36.5261,55.3640,46.4245,56.4907,47.9342
0,376,20,320,1,52.4250,64.2912,70.9015,46.2092,42.5266,59.2838,55.3066,61.5164,58.0704
0,377,20,320,1.5,57.2783,68.9490,77.9850,49.8416,45.8193,64.0143,59.4619,67.5959,62.9806
0,378,21,10,0.75,0.9078,0.9226,1.3246,3.9262,0.0000,4.1538,3.8353,0.0000,0.0000
0,379,21,10,1,-0.6445,-1.4865,0.5503,0.0000,0.0000,0.0000,0.0000,4.7399,4.8368
0,380,21,10,1.5,1.0440,1.5141,2.1155,0.0000,0.0000,0.0000,3.9250,4.2691,4.0299
0,381,21,20,0.75,2.3967,2.9926,3.1114,0.0000,0.0000,0.0000,0.0000,0.0000,0.0000
0,382,21,20,1,1.4145,2.5015,3.1285,0.0000,0.0000,0.0000,0.0000,0.0000,3.6727
0,383,21,20,1.5,3.9551,3.5813,3.4506,0.0000,0.0000,0.0000,4.4053,0.0000,0.0000
0,384,21,40,0.75,4.8656,5.2415,7.2057,0.0000,4.6452,0.0000,4.6462,6.5723,6.0621
0,385,21,40,1,4.0416,3.9000,4.8895,0.0000,0.0000,0.0000,0.0000,4.4925,4.3262
0,386,21,40,1.5,5.7196,6.7303,7.7778,5.1798,4.8830,6.4985,5.7603,6.8296,6.5562
0,387,21,80,0.75,5.7119,6.7359,9.0836,5.6032,4.8788,6.5140,6.0463,7.1319,6.6315
0,388,21,80,1,6.2569,8.2147,10.6855,6.0476,6.5217,7.7813,8.1379,9.0935,9.4861
0,389,21,80,1.5,8.0323,9.6617,11.4829,6.9270,7.0976,9.2077,9.2038,10.0995,9.8768
0,390,21,160,0.75,14.0415,15.9361,19.5602,13.1971,11.9177,15.3631,13.5530,16.9256,15.1630
0,391,21,160,1,16.3584,17.9750,22.3072,15.4728,14.7709,16.6588,16.1619,19.2124,18.6519
0,392,21,160,1.5,15.4776,17.5470,23.1037,13.9772,13.4261,15.8990,14.9153,18.2393,17.7467
0,393,21,320,0.75,27.9038,33.7134,39.5618,25.7549,22.9152,31.1165,27.1565,33.1898,29.5267
0,394,21,320,1,30.5535,36.4202,43.0024,28.6471,27.9892,33.7806,32.9692,36.2020,35.8029
0,395,21,320,1.5,33.7189,38.7322,46.6433,31.2167,30.4685,35.8342,34.9263,39.2833,38.3236
0,396,22,10,0.75,1.3319,1.2238,1.4341,0.0000,0.0000,4.5666,4.5212,4.2861,0.0000
0,397,22,10,1,-1.5736,-1.4382,-1.4564,4.6322,4.6397,4.5537,4.4026,0.0000,0.0000
0,398,22,10,1.5,2.1096,2.7299,1.5338,0.0000,4.4129,4.3575,4.6088,4.8307,5.4321
0,399,22,20,0.75,0.6083,1.0329,-0.7571,0.0000,0.0000,0.0000,0.0000,4.0468,0.0000
0,400,22,20,1,-0.1346,-0.1981,0.4894,0.0000,0.0000,0.0000,0.0000,0.0000,0.0000
0,401,22,20,1.5,3.0963,1.3095,2.0995,4.3159,4.2142,0.0000,3.9804,4.3596,3.8273
0,402,22,40,0.75,1.5938,1.5963,0.3619,0.0000,0.0000,4.1532,0.0000,0.0000,0.0000
0,403,22,40,1,2.3785,0.7055,2.1515,4.7224,0.0000,0.0000,0.0000,0.0000,0.0000
0,404,22,40,1.5,2.6983,0.8840,0.5878,3.9282,0.0000,3.6381,0.0000,0.0000,0.0000
0,405,22,80,0.75,3.6605,1.8955,1.9503,0.0000,0.0000,0.0000,0.0000,0.0000,4.6409
0,406,22,80,1,4.5785,3.7809,4.0827,4.7744,5.1080,0.0000,3.9410,0.0000,0.0000
0,407,22,80,1.5,4.9066,4.2259,3.9939,5.3028,0.0000,4.4877,0.0000,3.6022,0.0000
0,408,22,160,0.75,6.0320,5.1145,5.9204,6.1654,5.4793,5.2332,0.0000,5.8508,4.9080
0,409,22,160,1,8.7873,6.6400,6.6708,8.4677,7.9765,6.4947,6.4087,6.3804,6.6291
0,410,22,160,1.5,7.7610,6.6424,5.7719,7.5653,7.2326,6.8158,6.9082,5.6063,5.3218
0,411,22,320,0.75,13.0377,10.6434,10.9213,12.8569,11.2648,10.3766,9.0303,10.6744,9.5083
0,412,22,320,1,15.5484,11.7437,12.3069,15.0336,14.3150,11.7478,11.3232,12.3537,11.9450
0,413,22,320,1.5,15.2923,11.9763,12.3980,14.2152,12.5470,11.7507,9.9563,11.7952,10.5666
0,414,23,10,0.75,1.0907,0.7281,1.3668,4.5499,4.4021,0.0000,0.0000,4.1751,4.2287
0,415,23,10,1,1.3518,0.3050,0.4320,0.0000,0.0000,4.0312,0.0000,0.0000,0.0000
0,416,23,10,1.5,-0.0942,0.7895,1.3189,0.0000,0.0000,0.0000,0.0000,0.0000,0.0000
0,417,23,20,0.75,1.7978,2.3963,2.6890,4.2650,4.6301,4.8037,4.9479,4.6534,4.6056
0,418,23,20,1,2.2160,3.0296,3.5289,4.1351,0.0000,4.2325,0.0000,0.0000,4.2349
0,419,23,20,1.5,2.6834,2.2648,2.0600,0.0000,0.0000,0.0000,0.0000,3.6717,0.0000
0,420,23,40,0.75,2.1795,3.7917,4.1253,0.0000,0.0000,0.0000,0.0000,4.6541,4.6444
0,421,23,40,1,3.0568,4.5047,4.4774,0.0000,0.0000,4.4368,0.0000,0.0000,0.0000
0,422,23,40,1.5,2.6869,3.3482,3.9015,0.0000,4.4791,0.0000,0.0000,0.0000,0.0000
0,423,23,80,0.75,5.9480,5.1353,6.3429,5.5528,5.3006,4.5083,4.4729,5.1029,4.7494
0,424,23,80,1,5.7207,6.9048,7.9540,5.8732,5.2205,5.3990,5.0225,5.9990,5.1459
0,425,23,80,1.5,4.9786,6.4315,7.4252,5.2519,0.0000,6.0282,5.7432,7.4501,6.6221
0,426,23,160,0.75,12.4453,15.1068,15.9171,11.4927,9.7541,11.9555,10.6179,12.9304,10.9104
0,427,23,160,1,14.7438,16.6620,18.3657,14.1563,13.3170,13.8298,13.3436,15.1982,14.4761
0,428,23,160,1.5,13.3729,16.2186,18.2159,11.3502,10.6587,13.2434,12.2873,14.8353,13.0662
0,429,23,320,0.75,27.0772,31.2471,34.8607,25.0145,20.0297,25.2836,21.2132,28.5140,22.5068
0,430,23,320,1,27.7855,32.4645,35.9270,24.9548,23.0079,25.9079,24.8505,29.1533,26.5288
0,431,23,320,1.5,31.1827,35.1752,40.0766,27.5986,25.8720,29.1415,28.2305,32.8617,30.4446
0,432,24,10,0.75,2.2370,2.3733,1.6551,4.7039,4.2844,0.0000,0.0000,4.6425,4.3584
0,433,24,10,1,1.4563,1.0739,0.6502,0.0000,0.0000,0.0000,0.0000,0.0000,0.0000
0,434,24,10,1.5,-0.0208,0.3435,0.5115,4.6621,0.0000,0.0000,3.6265,0.0000,0.0000
0,435,24,20,0.75,0.4063,-0.4371,0.3733,0.0000,0.0000,0.0000,0.0000,0.0000,0.0000
0,436,24,20,1,0.4190,1.4053,0.5180,3.9111,0.0000,4.2963,0.0000,0.0000,4.6119
0,437,24,20,1.5,2.4564,3.1969,1.0062,0.0000,0.0000,4.9705,4.6205,4.2607,0.0000
0,438,24,40,0.75,2.9845,2.4521,1.8681,4.5934,0.0000,4.4327,4.3350,4.7595,0.0000
0,439,24,40,1,1.5002,1.8874,2.0863,4.4803,4.1437,4.0156,3.9498,4.2296,4.2871
0,440,24,40,1.5,3.5912,2.9123,3.0323,0.0000,0.0000,0.0000,0.0000,0.0000,0.0000
0,441,24,80,0.75,4.0459,3.4637,3.8985,0.0000,0.0000,4.4012,0.0000,4.1578,4.0216
0,442,24,80,1,5.7228,3.1494,3.4477,5.5982,5.6360,4.0400,0.0000,3.8888,3.6460
0,443,24,80,1.5,6.7143,4.6176,5.6366,6.6244,6.4517,4.6846,4.8845,5.2051,5.6447
0,444,24,160,0.75,8.4634,7.7409,8.7494,7.8523,6.7221,7.3099,6.2619,7.6527,6.8242
0,445,24,160,1,10.6576,9.1490,10.2398,10.0613,9.1926,9.0157,8.6588,10.5699,9.9817
0,446,24,160,1.5,10.8069,10.9520,9.4492,10.1164,9.5439,10.5362,9.7390,8.7904,8.5637
0,447,24,320,0.75,16.3428,15.6783,16.8410,15.0346,13.0362,14.5602,12.0931,15.3547,12.8307
0,448,24,320,1,19.3112,17.6114,19.8922,17.8396,16.3521,16.5323,15.5048,18.5465,16.9451
0,449,24,320,1.5,22.8026,19.6859,21.7285,21.2115,18.9529,18.5455,16.5187,19.7511,17.4196
0,450,25,10,0.75,1.2532,3.2975,3.3130,0.0000,3.6665,0.0000,0.0000,0.0000,0.0000
0,451,25,10,1,2.6867,2.2230,3.1066,0.0000,0.0000,0.0000,0.0000,0.0000,0.0000
0,452,25,10,1.5,2.5441,4.4079,3.7985,3.5740,4.5299,0.0000,4.9733,4.7029,4.3291
0,453,25,20,0.75,3.0825,3.7503,5.8611,4.6573,0.0000,4.6061,4.4908,4.8723,4.7343
0,454,25,20,1,5.5550,5.5277,6.4652,4.7467,4.5597,5.1101,4.9107,5.5215,5.6199
0,455,25,20,1.5,3.8221,5.6148,7.0499,4.1473,3.9180,0.0000,0.0000,5.8584,5.0189
0,456,25,40,0.75,9.5713,11.9744,13.9740,8.2110,7.5983,9.4426,6.7382,11.4431,9.7570
0,457,25,40,1,9.6353,11.5183,15.2194,7.4138,6.8378,9.1631,7.3274,12.1344,11.1456
0,458,25,40,1.5,11.5260,13.2333,16.4121,8.7069,7.1384,10.6999,7.5356,14.0590,12.8072
0,459,25,80,0.75,14.4653,19.2903,25.8033,11.5673,9.5284,14.6644,10.5877,21.5305,17.3118
0,460,25,80,1,17.2441,22.3955,27.6114,13.5981,13.2704,16.3872,12.0028,23.0232,20.4959
0,461,25,80,1.5,20.2404,23.1999,29.6954,13.1484,13.0534,16.0120,12.1292,22.0464,19.6501
0,462,25,160,0.75,32.1173,41.1698,51.2794,23.9583,20.9464,30.0059,19.9736,40.5464,34.0938
0,463,25,160,1,33.4840,41.5018,54.6909,25.0435,24.7137,29.5585,22.6647,44.6503,41.2136
0,464,25,160,1.5,37.5748,45.0964,58.4776,28.8771,27.9363,32.5545,23.4697,48.1552,44.8698
0,465,25,320,0.75,62.6454,78.5712,101.2862,46.7606,41.3138,56.5978,35.6981,81.3991,68.2406
0,466,25,320,1,70.8843,86.2012,111.2138,52.7583,52.7674,62.5926,45.4966,90.2605,84.9685
0,467,25,320,1.5,78.4893,92.3244,118.3375,59.7901,57.8238,66.6891,49.9744,97.1469,90.4503
0,468,26,10,0.75,2.0892,1.9563,2.1652,0.0000,4.5651,0.0000,0.0000,0.0000,0.0000
0,469,26,10,1,1.3365,2.7527,2.6173,4.9647,4.6590,5.3259,4.7751,5.0399,4.6156
0,470,26,10,1.5,1.6129,1.9917,3.1919,4.4601,4.1341,0.0000,0.0000,4.3984,0.0000
0,471,26,20,0.75,4.4749,3.6204,5.3101,0.0000,4.0621,0.0000,0.0000,4.6632,0.0000
0,472,26,20,1,6.4672,5.2445,4.9920,5.0502,4.8546,4.5100,4.5231,4.1030,0.0000
0,473,26,20,1.5,3.5915,3.7386,5.5331,5.1302,4.8648,0.0000,4.4169,5.2171,4.9792
0,474,26,40,0.75,7.6936,7.5017,9.1555,6.9713,6.4657,6.8458,6.5144,8.0649,7.4441
0,475,26,40,1,8.8636,7.8549,12.0807,8.0878,7.9051,7.5508,7.3739,10.4148,10.3262
0,476,26,40,1.5,10.4652,10.2491,13.6848,10.1674,9.9239,9.7636,9.5182,11.2606,10.7809
0,477,26,80,0.75,17.4121,16.9901,21.9887,15.4036,13.0439,15.2034,13.4469,18.7515,15.7250
0,478,26,80,1,20.7488,19.3674,24.9063,18.7696,18.4469,17.9271,18.2776,21.8501,21.5780
0,479,26,80,1.5,22.0708,20.1096,27.7221,18.6537,18.2826,17.6339,18.0515,22.5472,21.7753
0,480,26,160,0.75,35.9624,33.6874,45.6397,30.2786,26.5554,29.3836,26.3416,37.0941,32.6179
0,481,26,160,1,40.2647,37.2640,50.6244,34.8261,34.0365,33.1498,32.9967,41.5453,40.4561
0,482,26,160,1.5,41.9915,39.1704,53.3283,34.9504,34.3333,33.7466,33.9942,42.8400,41.5664
0,483,26,320,0.75,70.1633,64.9937,91.4449,61.6992,53.9260,58.3619,51.4946,75.8840,66.4141
0,484,26,320,1,78.0230,72.1324,100.2820,65.7216,64.8367,62.4666,62.9934,80.9159,79.3158
0,485,26,320,1.5,84.4108,75.5863,106.7443,71.2323,69.1271,66.0728,65.2034,87.1174,84.3211
0,486,27,10,0.75,1.4808,1.4008,2.8530,0.0000,0.0000,0.0000,0.0000,0.0000,0.0000
0,487,27,10,1,2.3592,3.4086,4.5760,0.0000,4.2277,0.0000,0.0000,0.0000,4.3003
0,488,27,10,1.5,2.3561,3.2075,4.1124,4.1324,0.0000,0.0000,0.0000,0.0000,3.7536
0,489,27,20,0.75,4.5145,5.3839,6.9557,3.7061,0.0000,0.0000,5.0691,5.2987,6.4015
0,490,27,20,1,3.2063,3.5229,5.5118,0.0000,3.9503,4.4663,4.5684,0.0000,4.8623
0,491,27,20,1.5,4.7392,5.6153,7.8138,0.0000,0.0000,4.7914,4.5603,5.1643,5.7152
0,492,27,40,0.75,7.8988,9.3115,13.3637,6.4447,5.4557,7.5865,5.8885,8.0789,7.7105
0,493,27,40,1,7.9073,9.1854,13.2192,5.6153,5.7711,7.6213,6.8929,7.3328,9.0363
0,494,27,40,1.5,9.6414,10.3314,14.3238,7.7109,7.6001,9.3656,8.2835,9.6958,10.9952
0,495,27,80,0.75,13.1943,15.8713,24.7026,11.3316,10.9436,13.0697,11.0621,13.6115,16.1650
0,496,27,80,1,17.6204,18.5099,28.3928,12.9921,14.1070,15.5109,13.0308,16.1091,19.8658
0,497,27,80,1.5,19.4453,22.0602,30.6287,15.0054,14.7744,18.6867,16.6462,18.1772,21.9318
0,498,27,160,0.75,29.9221,34.5669,49.0315,23.1044,21.5488,28.9160,23.4508,28.6665,31.4246
0,499,27,160,1,30.1488,35.2619,52.8227,22.8413,24.3463,28.8625,25.1293,28.7837,37.3011
0,500,27,160,1.5,34.5211,37.9496,57.9322,26.2379,27.6385,32.1213,28.7676,31.8700,41.0723
0,501,27,320,0.75,56.2342,66.2248,99.4902,43.2192,40.2172,56.4410,43.9450,55.8256,60.8817
0,502,27,320,1,63.7135,73.2390,108.6464,47.6128,49.8811,61.7464,54.9233,60.6330,74.9243
0,503,27,320,1.5,70.7687,76.6969,116.9286,53.5703,56.1034,65.0225,58.1938,66.2704,81.4043
0,504,28,10,0.75,1.0432,1.4215,1.7203,0.0000,0.0000,0.0000,4.3408,4.3876,0.0000
0,505,28,10,1,1.3651,1.3800,1.5409,0.0000,0.0000,0.0000,0.0000,0.0000,0.0000
0,506,28,10,1.5,1.9106,1.1845,1.6536,0.0000,3.7877,0.0000,0.0000,4.5301,4.4922
0,507,28,20,0.75,3.5316,2.8976,3.8010,0.0000,0.0000,3.9817,0.0000,0.0000,0.0000
0,508,28,20,1,3.0521,2.7166,3.1977,0.0000,4.3881,0.0000,0.0000,4.6997,4.3274
0,509,28,20,1.5,3.9031,2.1384,3.3351,4.3684,0.0000,3.9948,3.9620,0.0000,0.0000
0,510,28,40,0.75,5.5633,6.0974,6.7950,6.2044,5.7204,6.2477,5.6086,6.6206,6.0412
0,511,28,40,1,6.7184,6.2355,6.8602,6.7188,6.1725,6.7568,6.2403,6.4062,6.1939
0,512,28,40,1.5,7.9759,7.1187,8.4438,6.6664,6.6295,6.3654,6.1040,7.3317,7.0514
0,513,28,80,0.75,11.2616,11.3443,12.7963,10.1530,9.3420,10.2254,9.5643,11.4544,10.7519
0,514,28,80,1,12.2282,10.6499,13.5398,10.7248,10.7665,9.4953,9.4094,12.0251,12.0218
0,515,28,80,1.5,14.1506,12.4605,14.0977,12.1172,11.4899,10.8839,10.1143,12.1317,11.6361
0,516,28,160,0.75,24.0601,23.1629,25.9858,21.7786,19.8396,20.5604,18.4194,22.8691,20.1481
0,517,28,160,1,25.6734,23.3407,27.9521,23.0537,22.5029,20.8979,20.6600,24.7410,24.3731
0,518,28,160,1.5,28.4577,26.6176,30.1244,24.8882,25.2486,23.2843,23.4442,26.7567,26.9051
0,519,28,320,0.75,46.3157,43.6448,50.8291,41.8829,37.1909,39.2162,34.3327,45.2166,40.1451
0,520,28,320,1,52.2015,48.4979,56.5284,46.2826,46.1725,42.8128,42.6555,49.6680,49.1407
0,521,28,320,1.5,57.4410,53.3437,61.7521,50.6984,49.7635,47.1389,46.2160,55.2480,54.3322
0,522,29,10,0.75,1.5915,2.7781,2.6535,0.0000,0.0000,3.9444,0.0000,0.0000,0.0000
0,523,29,10,1,1.1851,1.7525,1.0512,0.0000,0.0000,0.0000,0.0000,0.0000,4.3054
0,524,29,10,1.5,-0.0943,1.7227,0.8479,0.0000,0.0000,5.1837,0.0000,0.0000,0.0000
0,525,29,20,0.75,3.8361,6.5181,4.6844,0.0000,4.4088,4.5188,0.0000,4.5903,4.4024
0,526,29,20,1,5.1198,7.2824,5.6921,3.8982,0.0000,5.1652,4.8873,0.0000,0.0000
0,527,29,20,1.5,4.5319,6.9968,5.4713,0.0000,0.0000,5.2740,0.0000,0.0000,0.0000
0,528,29,40,0.75,7.4717,11.0531,9.6525,5.9134,5.0454,8.2485,7.1709,6.1525,5.6080
0,529,29,40,1,10.7004,13.6234,11.6405,7.1674,6.9103,10.0304,9.5799,7.1002,7.0836
0,530,29,40,1.5,9.1259,13.6459,11.9181,6.0838,5.4729,8.9803,7.7195,7.8710,6.0863
0,531,29,80,0.75,16.1931,22.1198,20.4579,10.9992,11.2234,16.2588,13.5751,13.3975,10.8793
0,532,29,80,1,16.9225,24.7616,23.1157,12.4718,11.9187,18.0265,17.7268,15.1583,12.7209
0,533,29,80,1.5,17.9646,25.9618,22.1256,13.1398,12.7066,18.3663,17.7740,14.6922,13.7325
0,534,29,160,0.75,30.6122,45.5940,40.5976,23.4818,20.2822,32.5923,28.6530,24.7635,20.6185
0,535,29,160,1,35.3822,49.5990,44.8490,24.2673,23.4334,34.9878,34.6329,27.6929,24.5264
0,536,29,160,1.5,38.0900,52.3783,47.4692,27.6284,27.5439,37.7691,38.0489,29.8520,26.5751
0,537,29,320,0.75,62.6470,90.3615,81.6029,47.7126,41.4443,66.6787,59.0490,51.7945,41.9637
0,538,29,320,1,66.9787,97.0972,86.3365,49.2073,47.9924,69.3042,69.2628,54.1680,48.7596
0,539,29,320,1.5,73.8022,105.3676,93.6724,51.5797,50.6364,73.7656,73.6447,59.1259,52.9613
0,540,30,10,0.75,0.6679,0.2869,1.1820,3.8771,0.0000,3.2826,3.2836,3.5739,0.0000
0,541,30,10,1,0.3770,1.1870,2.3907,4.2396,0.0000,4.2381,0.0000,0.0000,4.2058
0,542,30,10,1.5,2.2240,1.8533,2.7537,4.4215,4.5210,0.0000,4.4537,4.2987,0.0000
0,543,30,20,0.75,4.3649,3.7686,4.6272,0.0000,0.0000,4.1547,4.2135,0.0000,0.0000
0,544,30,20,1,2.1798,3.9608,3.9473,0.0000,3.5010,4.0274,4.2143,3.9952,0.0000
0,545,30,20,1.5,4.8789,5.0629,5.0844,0.0000,0.0000,4.2783,0.0000,4.2620,4.4237
0,546,30,40,0.75,6.2271,7.3918,8.0435,6.3084,5.2986,6.6614,6.0432,5.5851,5.6767
0,547,30,40,1,6.1315,8.0389,8.5152,6.1799,6.2850,7.1811,7.3237,7.3545,7.7195
0,548,30,40,1.5,9.0525,9.3233,10.2943,7.5073,7.7250,8.5834,8.9667,7.0746,8.2267
0,549,30,80,0.75,12.9976,16.2500,17.2375,11.0177,10.8887,12.7035,12.2222,12.2696,11.7358
0,550,30,80,1,14.2845,17.0303,18.1259,12.2911,12.5266,15.2662,15.8390,11.7652,15.1891
0,551,30,80,1.5,16.7461,19.0936,19.6439,14.2974,14.7947,16.1666,17.2883,11.5197,14.8989
0,552,30,160,0.75,27.7347,32.5838,34.3676,22.9727,21.4275,26.7616,25.1830,20.4912,23.1354
0,553,30,160,1,29.5109,35.4167,37.5100,24.6615,26.3758,29.8486,32.2482,21.6563,29.3727
0,554,30,160,1.5,33.3029,38.3421,40.8294,28.3548,28.4700,32.1475,34.1902,24.4126,32.1630
0,555,30,320,0.75,55.8033,66.4697,72.1626,46.4322,44.3346,56.2177,53.5802,43.6659,51.0800
0,556,30,320,1,60.1012,70.8009,74.9811,51.2473,53.5111,60.0176,64.1865,45.1797,59.1167
0,557,30,320,1.5,65.3601,74.6797,79.6657,55.3130,57.7469,62.7493,67.3526,46.6292,62.5138
0,558,31,10,0.75,1.0504,0.0861,2.1248,0.0000,0.0000,0.0000,0.0000,0.0000,0.0000
0,559,31,10,1,-0.0826,-0.0273,1.1000,4.1759,3.8311,0.0000,0.0000,0.0000,4.3721
0,560,31,10,1.5,3.2701,1.6629,3.5695,4.9670,4.2968,0.0000,0.0000,0.0000,4.5654
0,561,31,20,0.75,1.8949,1.2443,1.8688,0.0000,0.0000,4.8761,0.0000,0.0000,0.0000
0,562,31,20,1,3.1975,2.3421,4.6176,0.0000,0.0000,0.0000,0.0000,4.2939,4.4427
0,563,31,20,1.5,4.7520,5.8441,7.0692,4.8596,4.2615,5.7363,4.8960,7.1717,5.5744
0,564,31,40,0.75,4.4875,4.4512,7.7036,4.6212,4.1212,0.0000,0.0000,7.6144,5.9711
0,565,31,40,1,6.7041,5.0012,10.5063,6.7868,7.0048,4.9086,4.7812,10.4770,10.1983
0,566,31,40,1.5,6.2089,5.0347,10.3762,5.9849,5.7117,5.4997,5.7068,10.2619,10.1678
0,567,31,80,0.75,10.3939,11.3218,15.0592,10.0933,8.8662,11.1770,9.8350,15.3037,12.9017
0,568,31,80,1,10.5329,10.5980,16.7024,10.3856,10.1521,10.3807,10.2817,16.4571,15.9346
0,569,31,80,1.5,11.9783,12.3461,21.0702,11.4200,10.3440,11.9781,12.0445,19.9769,17.5493
0,570,31,160,0.75,16.7636,17.1848,29.4554,16.5467,14.6515,16.7796,14.1555,29.2702,25.2130
0,571,31,160,1,20.5286,21.5644,34.2724,20.0023,19.2996,21.2207,20.5327,34.0387,31.6484
0,572,31,160,1.5,22.5028,23.0107,38.4804,21.5033,21.3703,22.6682,22.1625,37.4765,34.7865
0,573,31,320,0.75,37.3828,37.9867,61.9805,36.2831,32.0579,37.4019,31.7124,62.0713,53.4016
0,574,31,320,1,42.4581,42.5318,69.1415,41.1111,39.9341,41.6954,40.8312,68.3853,63.1494
0,575,31,320,1.5,47.3567,45.4559,78.3431,45.6975,44.0925,44.7742,43.2179,76.3108,70.1645
0,576,32,10,0.75,1.4477,1.7666,2.0208,0.0000,3.8770,3.7835,3.9777,0.0000,4.0166
0,577,32,10,1,0.0201,-0.6103,0.0104,0.0000,0.0000,0.0000,0.0000,0.0000,0.0000
0,578,32,10,1.5,-0.2983,0.9821,0.7268,0.0000,4.0777,0.0000,0.0000,0.0000,0.0000
0,579,32,20,0.75,1.9606,1.7587,1.3700,4.7021,4.9737,0.0000,4.1432,0.0000,0.0000
0,580,32,20,1,2.0529,2.1853,2.2296,0.0000,0.0000,0.0000,4.1074,4.2394,0.0000
0,581,32,20,1.5,3.9652,3.2585,2.9160,0.0000,4.5094,4.6352,4.6122,5.0432,5.1515
0,582,32,40,0.75,3.8413,4.6154,4.3621,0.0000,0.0000,0.0000,0.0000,0.0000,0.0000
0,583,32,40,1,4.6415,5.0852,5.3108,4.7744,4.5375,4.9920,0.0000,4.9338,4.5860
0,584,32,40,1.5,6.5882,6.1768,6.4983,5.4622,4.9495,5.2612,4.7211,5.8389,5.1393
0,585,32,80,0.75,5.2691,6.3139,5.2131,5.3428,4.3585,6.0652,4.9397,5.3018,0.0000
0,586,32,80,1,8.0240,10.2319,8.2593,7.7722,6.6488,9.9002,8.9394,6.8686,6.6942
0,587,32,80,1.5,8.6539,9.8370,8.6271,7.7946,6.7694,8.5285,7.0758,6.6922,6.2262
0,588,32,160,0.75,17.0320,18.9615,16.7361,14.9279,12.7846,16.6325,13.5401,13.8247,12.1968
0,589,32,160,1,18.8980,19.6679,18.1031,16.4843,15.6315,16.8760,15.4702,14.9626,14.8108
0,590,32,160,1.5,21.9188,22.7155,21.1637,19.0121,18.1247,19.2896,18.2054,18.3245,16.9855
0,591,32,320,0.75,33.4922,37.0096,32.8381,28.9763,23.3261,32.1652,25.1263,25.8069,22.3984
0,592,32,320,1,37.8168,40.6346,36.5972,32.7547,30.1579,35.6601,32.0692,30.0787,28.4140
0,593,32,320,1.5,40.5187,42.1832,39.1731,35.1478,31.8509,36.6876,32.8923,31.5905,29.7807
0,594,33,10,0.75,1.3310,2.7481,1.7454,0.0000,4.1920,0.0000,4.4041,0.0000,0.0000
0,595,33,10,1,1.2322,3.2586,2.0988,0.0000,4.1216,0.0000,4.2199,5.1544,5.1115
0,596,33,10,1.5,1.4237,2.2164,2.9595,0.0000,0.0000,4.6116,4.2259,4.5313,4.4402
0,597,33,20,0.75,2.7502,5.1424,3.4373,0.0000,0.0000,5.2047,0.0000,0.0000,0.0000
0,598,33,20,1,4.3214,5.2594,4.9717,0.0000,0.0000,5.3294,5.2280,4.8407,4.0937
0,599,33,20,1.5,1.5573,4.2970,3.8577,0.0000,0.0000,0.0000,0.0000,0.0000,0.0000
0,600,33,40,0.75,4.7163,10.1684,8.8008,4.7842,0.0000,9.7636,6.4971,8.3025,5.1728
0,601,33,40,1,6.8419,10.8004,9.1116,6.7424,5.8842,10.6570,7.7892,8.8419,6.8007
0,602,33,40,1.5,8.0898,12.5357,9.6873,8.0259,7.2542,12.3335,8.8111,9.5273,7.3218
0,603,33,80,0.75,12.5435,19.7842,17.9246,12.1028,9.6592,19.2820,13.8368,17.0421,12.2097
0,604,33,80,1,12.2031,20.9456,19.0733,11.8014,11.0481,20.2199,15.4700,18.2579,14.0451
0,605,33,80,1.5,15.9498,23.8272,20.7868,15.3780,12.9830,23.0429,18.3190,19.2477,14.6866
0,606,33,160,0.75,23.0812,38.4687,33.9203,22.8427,18.4818,37.6438,25.4840,32.3504,22.4834
0,607,33,160,1,24.8612,42.6992,37.0080,24.5507,21.8165,41.8271,30.5433,35.5444,27.8091
0,608,33,160,1.5,27.0586,45.6597,39.2028,26.7150,23.7381,44.2602,32.0470,37.1741,28.6715
0,609,33,320,0.75,46.3214,77.4336,68.5667,45.7253,36.9467,76.1878,50.6962,65.9001,46.7798
0,610,33,320,1,50.6556,84.5701,73.3209,50.1378,45.7976,82.7372,61.9470,70.3722,54.5434
0,611,33,320,1.5,56.2034,93.2363,80.3180,55.2602,49.1670,90.5221,66.3026,76.7085,58.9300
0,612,34,10,0.75,1.7763,2.8187,3.6082,0.0000,0.0000,0.0000,0.0000,0.0000,0.0000
0,613,34,10,1,2.2772,2.1092,2.4753,0.0000,0.0000,0.0000,0.0000,0.0000,3.9572
0,614,34,10,1.5,2.8890,4.5609,5.7505,0.0000,0.0000,4.4776,4.4747,0.0000,0.0000
0,615,34,20,0.75,3.7078,4.6768,5.2528,3.2232,0.0000,4.9949,4.4263,0.0000,0.0000
0,616,34,20,1,4.0575,5.5808,7.2944,0.0000,0.0000,4.8589,4.7552,4.8687,5.3397
0,617,34,20,1.5,4.2409,6.4403,8.3571,0.0000,0.0000,5.2101,4.9994,5.9725,5.4902
0,618,34,40,0.75,6.7110,9.6991,11.5965,4.7786,4.6052,9.2480,7.8189,6.4155,6.2172
0,619,34,40,1,7.2542,9.7191,12.8432,5.7022,5.7320,8.9473,9.1091,7.6161,8.3512
0,620,34,40,1.5,6.6540,10.0400,14.4909,5.0266,5.2197,8.2623,8.5026,8.9496,8.1057
0,621,34,80,0.75,13.3772,20.1825,25.6918,10.6331,9.8730,17.8713,15.8952,14.6268,14.0616
0,622,34,80,1,14.8208,21.4343,26.9834,12.6765,12.5866,19.8677,18.8060,16.0910,17.6000
0,623,34,80,1.5,14.4270,22.4297,28.8872,11.8899,11.9545,20.6453,19.4646,17.1463,17.1880
0,624,34,160,0.75,27.9357,39.3667,51.0910,22.0085,20.3845,35.1611,31.1647,27.6841,26.8054
0,625,34,160,1,28.7012,41.2199,56.1411,22.7368,24.1911,37.4071,37.3264,30.1506,32.4919
0,626,34,160,1.5,31.2415,44.8650,59.0359,23.1541,23.7613,40.0844,38.9418,31.2239,33.2600
0,627,34,320,0.75,53.9016,78.5387,101.2758,41.7687,39.4869,70.4617,62.4972,53.7496,54.6374
0,628,34,320,1,59.6165,85.0999,113.4629,45.6694,47.6742,76.0033,75.0231,59.6310,66.3445
0,629,34,320,1.5,62.2011,88.7330,118.3829,46.7937,49.3527,78.9720,78.4626,62.7349,69.1698
0,630,35,10,0.75,0.8616,1.7647,3.3050,0.0000,4.5003,4.6437,4.5149,4.5913,4.3121
0,631,35,10,1,1.7180,1.1863,3.6342,4.2885,0.0000,0.0000,0.0000,0.0000,4.2349
0,632,35,10,1.5,0.3651,2.0108,2.3076,0.0000,0.0000,0.0000,0.0000,4.5220,0.0000
0,633,35,20,0.75,4.3314,6.0576,5.6953,4.9197,0.0000,6.2333,5.1946,5.7355,5.1081
0,634,35,20,1,2.5239,2.8903,3.9760,4.1804,0.0000,4.1338,4.2874,4.4300,4.6081
0,635,35,20,1.5,3.9468,4.3024,5.3411,3.8740,0.0000,4.2593,0.0000,5.4502,4.4442
0,636,35,40,0.75,7.9125,11.3020,11.0276,7.6887,6.9817,11.2343,9.9399,10.6433,9.8160
0,637,35,40,1,6.7883,8.7767,11.1436,7.0126,7.0234,8.6797,9.2422,11.4607,11.2479
0,638,35,40,1.5,8.7883,12.4072,14.7371,8.6855,7.7091,12.3477,10.8225,14.4485,13.9596
0,639,35,80,0.75,12.4367,18.3407,21.2533,12.4353,10.7706,18.2385,15.7467,21.1114,18.4736
0,640,35,80,1,13.5792,18.8719,22.0097,13.5294,13.3650,18.8307,18.4076,21.8397,21.3793
0,641,35,80,1.5,15.6134,21.1600,24.6596,15.4788,15.4765,20.9346,20.4046,24.5225,23.8578
0,642,35,160,0.75,26.5230,36.2482,41.4457,26.1450,23.1994,35.9276,30.6645,40.7485,35.2993
0,643,35,160,1,28.1625,39.4607,45.5579,28.1963,27.6696,39.2838,38.0516,45.1444,44.3587
0,644,35,160,1.5,31.3109,42.6248,50.1796,30.7622,29.5768,42.3878,39.8527,49.7126,47.1670
0,645,35,320,0.75,52.6137,71.7362,82.9680,51.3140,45.8242,71.0409,60.6074,81.2459,70.9861
0,646,35,320,1,57.9613,78.7424,90.0766,57.1156,55.8638,78.2976,75.0787,88.8451,86.4890
0,647,35,320,1.5,61.8859,81.8657,95.9379,60.9161,58.3281,81.0541,77.0832,94.8452,91.0381
1,0,0,10,0.75,0.7011,0.2019,1.8502,4.0813,0.0000,0.0000,0.0000,0.0000,0.0000
1,1,0,10,1,4.5433,4.4205,4.5894,0.0000,4.8314,4.9007,4.5814,0.0000,4.8607
1,2,0,10,1.5,2.3305,1.1758,2.9327,0.0000,0.0000,0.0000,3.7118,0.0000,0.0000
1,3,0,20,0.75,3.5687,2.4212,3.9550,0.0000,0.0000,4.5482,0.0000,0.0000,0.0000
1,4,0,20,1,4.9232,2.9405,6.5113,0.0000,4.7276,0.0000,0.0000,5.5661,5.7720
1,5,0,20,1.5,4.3856,1.7732,4.7704,4.5596,4.3424,4.7826,4.4742,3.7901,4.3377
1,6,0,40,0.75,5.8956,4.4979,8.9782,4.5920,4.3120,4.2080,4.0865,6.1976,5.2861
1,7,0,40,1,5.2811,3.5615,10.3822,5.4349,5.4704,4.8693,0.0000,7.4684,7.8368
1,8,0,40,1.5,7.6132,5.8920,9.7900,6.3471,6.1212,5.6573,5.3998,6.8641,6.8120
1,9,0,80,0.75,11.5429,9.6900,18.9223,10.5221,9.5018,8.8539,7.6859,12.8287,12.1479
1,10,0,80,1,14.7073,11.6166,19.6426,12.6190,11.9349,10.1784,10.2587,15.5532,15.1239
1,11,0,80,1.5,15.7046,12.2383,19.7631,13.3588,12.4166,11.1618,10.1083,15.3808,13.9482
1,12,0,160,0.75,24.4461,21.2264,35.1971,19.5258,16.7915,19.3998,16.8942,25.5936,23.4118
1,13,0,160,1,26.9774,22.1276,38.3812,22.5511,21.5305,19.9207,19.1372,28.0256,28.8299
1,14,0,160,1.5,32.5512,25.1663,43.7080,27.6116,25.1830,22.8090,21.6364,31.9231,31.0605
1,15,0,320,0.75,48.0632,39.2467,68.2123,39.5182,33.9898,35.0714,30.3471,49.3312,44.6720
1,16,0,320,1,56.7519,45.1297,78.3600,47.0321,44.1804,40.6798,40.0364,56.8821,57.2459
1,17,0,320,1.5,62.7666,49.5281,86.0536,52.2999,48.1743,43.9883,42.1092,62.0992,62.7135
1,18,1,10,0.75,-1.3668,-1.2482,0.0173,0.0000,0.0000,4.7387,0.0000,0.0000,0.0000
1,19,1,10,1,-1.2930,-0.1945,0.0782,0.0000,0.0000,0.0000,0.0000,0.0000,0.0000
1,20,1,10,1.5,1.8313,1.9228,1.4530,0.0000,0.0000,4.2506,0.0000,0.0000,0.0000
1,21,1,20,0.75,-0.3026,0.2366,0.0500,0.0000,4.2418,0.0000,3.9734,0.0000,0.0000
1,22,1,20,1,-2.2669,-1.5033,0.2043,4.0114,4.3192,4.1809,4.2018,4.6287,0.0000
1,23,1,20,1.5,-0.0943,0.8142,1.4733,4.0511,0.0000,0.0000,4.4141,4.2676,0.0000
1,24,1,40,0.75,-0.1721,0.9582,1.0557,4.5511,4.8326,0.0000,0.0000,0.0000,0.0000
1,25,1,40,1,1.7421,0.9558,0.4519,0.0000,0.0000,0.0000,0.0000,0.0000,0.0000
1,26,1,40,1.5,1.6439,1.1943,1.3660,0.0000,4.2291,4.3809,0.0000,0.0000,0.0000
1,27,1,80,0.75,2.3323,4.6385,3.8089,0.0000,0.0000,0.0000,0.0000,0.0000,0.0000
1,28,1,80,1,1.0637,2.0541,1.4803,3.4300,0.0000,0.0000,0.0000,0.0000,0.0000
1,29,1,80,1.5,3.1350,3.1597,3.5075,0.0000,0.0000,0.0000,0.0000,3.9973,0.0000
1,30,1,160,0.75,3.4921,5.8408,5.4499,0.0000,0.0000,5.6539,4.9242,0.0000,4.4748
1,31,1,160,1,2.3357,3.2565,2.9688,4.8139,4.6033,0.0000,0.0000,0.0000,4.5414
1,32,1,160,1.5,2.3121,5.3859,5.0114,4.3210,4.3265,5.5911,4.9552,4.8224,4.5846
1,33,1,320,0.75,5.8757,10.7927,9.7368,6.1040,5.0721,10.6144,9.1486,9.5396,7.9895
1,34,1,320,1,8.3960,11.7077,10.9371,7.7342,7.6053,11.4663,10.7774,10.4373,9.5386
1,35,1,320,1.5,7.1456,11.4957,9.8119,5.8870,5.8335,10.0968,9.9546,8.2831,8.0232
1,36,2,10,0.75,-1.0442,-0.4744,-0.6335,0.0000,0.0000,4.3868,4.4481,0.0000,0.0000
1,37,2,10,1,0.9614,0.8134,1.0089,3.8685,0.0000,0.0000,0.0000,0.0000,0.0000
1,38,2,10,1.5,0.6028,0.3243,0.0156,0.0000,0.0000,0.0000,0.0000,3.9210,3.7537
1,39,2,20,0.75,-0.1120,0.5866,0.3284,4.2577,4.1243,0.0000,0.0000,0.0000,0.0000
1,40,2,20,1,1.0431,1.0648,1.1625,4.4356,0.0000,4.4387,4.0895,4.1688,4.4736
1,41,2,20,1.5,-0.2716,0.3651,0.0436,0.0000,0.0000,0.0000,0.0000,4.3438,0.0000
1,42,2,40,0.75,2.7965,2.4337,4.1548,0.0000,3.6955,0.0000,0.0000,0.0000,0.0000
1,43,2,40,1,2.5240,2.3472,1.3979,0.0000,0.0000,0.0000,0.0000,0.0000,0.0000
1,44,2,40,1.5,3.5854,3.2124,4.1741,0.0000,0.0000,0.0000,0.0000,4.5603,4.6246
1,45,2,80,0.75,4.2891,5.2859,5.2284,0.0000,0.0000,4.8111,0.0000,0.0000,4.5038
1,46,2,80,1,5.2670,5.4922,6.0405,5.0177,4.6835,5.0874,0.0000,5.2931,4.9892
1,47,2,80,1.5,5.8591,6.5930,6.9877,5.6753,5.0756,6.2532,5.9443,6.4860,5.8538
1,48,2,160,0.75,7.3746,9.5415,9.8853,7.3733,7.1592,9.0534,8.5433,8.7294,7.9094
1,49,2,160,1,8.6441,10.0598,9.8918,7.8562,7.8257,9.4797,9.5720,8.7872,8.5432
1,50,2,160,1.5,8.4856,9.1676,9.8989,8.4214,8.7493,8.7898,8.9501,9.0626,9.2044
1,51,2,320,0.75,17.6751,20.2545,19.6692,15.5993,13.1209,18.0689,15.5215,16.9519,14.3736
1,52,2,320,1,17.1505,18.7178,20.3248,15.4171,14.8793,16.6383,16.6921,17.2386,17.2021
1,53,2,320,1.5,19.4993,19.8457,21.9005,16.8855,16.6042,17.6147,17.7635,18.2526,18.3899
1,54,3,10,0.75,-0.4875,-0.3792,-0.5735,0.0000,0.0000,0.0000,0.0000,0.0000,0.0000
1,55,3,10,1,1.6941,0.8510,0.8983,4.0927,4.3061,0.0000,4.4214,4.4332,4.4775
1,56,3,10,1.5,0.0274,-0.3288,-0.3509,4.9058,0.0000,4.5840,0.0000,0.0000,0.0000
1,57,3,20,0.75,1.1524,1.3761,1.4897,0.0000,4.3057,0.0000,0.0000,0.0000,0.0000
1,58,3,20,1,1.7757,0.8514,1.4317,0.0000,0.0000,0.0000,4.4407,3.9606,4.3607
1,59,3,20,1.5,1.1406,1.0206,0.9841,0.0000,0.0000,4.2846,4.1082,4.1701,0.0000
1,60,3,40,0.75,2.5310,2.2412,1.2828,0.0000,0.0000,4.7212,3.6974,4.2241,0.0000
1,61,3,40,1,2.1998,1.7456,1.2600,4.2378,4.2764,3.8910,4.3789,4.6689,4.8780
1,62,3,40,1.5,1.9363,2.3987,2.2425,0.0000,0.0000,0.0000,0.0000,0.0000,0.0000
1,63,3,80,0.75,2.6785,2.2277,2.9523,0.0000,0.0000,0.0000,3.8475,0.0000,0.0000
1,64,3,80,1,2.5615,0.8905,1.9341,0.0000,4.3834,0.0000,0.0000,4.4775,4.3243
1,65,3,80,1.5,5.6423,4.3511,4.4677,5.6376,4.4733,0.0000,4.4018,0.0000,4.4711
1,66,3,160,0.75,6.1759,2.2791,4.3922,5.3301,5.0595,0.0000,0.0000,4.4661,4.7039
1,67,3,160,1,7.6335,5.1292,6.8329,7.2276,6.4890,5.3576,4.3553,6.3001,5.5837
1,68,3,160,1.5,6.5154,3.6621,6.0244,5.4701,5.2373,4.1534,0.0000,5.5138,4.9937
1,69,3,320,0.75,11.6319,5.9383,8.9029,9.5607,8.5550,5.4722,4.8811,7.9765,6.5253
1,70,3,320,1,12.9866,8.6784,10.9360,10.8812,9.7562,7.3462,7.0843,9.3563,8.5706
1,71,3,320,1.5,15.6148,8.7577,13.0435,12.8631,11.2711,7.8076,7.4169,11.5844,10.2852
1,72,4,10,0.75,1.9957,1.0847,2.3558,0.0000,4.3165,4.0567,3.7583,3.8745,3.8287
1,73,4,10,1,1.0069,1.6975,1.5942,0.0000,0.0000,4.0988,4.2895,0.0000,0.0000
1,74,4,10,1.5,1.0441,-1.4352,1.3681,0.0000,0.0000,0.0000,0.0000,0.0000,0.0000
1,75,4,20,0.75,1.9293,1.4974,2.4983,4.8240,4.5353,4.7559,0.0000,4.9029,0.0000
1,76,4,20,1,2.2056,3.3106,2.7521,0.0000,0.0000,0.0000,0.0000,0.0000,0.0000
1,77,4,20,1.5,1.3150,2.4203,1.8762,5.1486,5.5250,4.4587,4.7797,4.6008,4.8112
1,78,4,40,0.75,4.4537,4.0516,2.6391,3.8871,3.5945,4.1123,0.0000,0.0000,0.0000
1,79,4,40,1,2.5767,2.1945,4.1011,0.0000,0.0000,0.0000,0.0000,0.0000,0.0000
1,80,4,40,1.5,3.6565,4.4204,3.8400,4.3443,4.1291,4.9999,4.6488,0.0000,4.5759
1,81,4,80,0.75,5.0572,5.8681,6.0377,4.5513,3.6280,5.7438,4.6745,5.1083,4.8285
1,82,4,80,1,6.6333,7.5827,6.3072,6.3982,5.7858,7.0069,6.4283,5.1778,5.1977
1,83,4,80,1.5,7.7416,7.1701,7.0257,6.2349,6.3715,6.6460,7.2511,5.7326,6.8086
1,84,4,160,0.75,11.5145,12.2529,13.1113,9.6411,8.2735,10.6005,9.1861,9.5267,7.6979
1,85,4,160,1,14.6404,14.7160,15.2817,11.7244,10.8182,12.4089,11.8325,11.0728,10.3455
1,86,4,160,1.5,14.7897,14.2964,15.3933,11.6152,10.6815,12.2628,11.6213,10.8874,11.0074
1,87,4,320,0.75,25.1285,28.4652,26.1863,20.3390,17.3013,24.4495,21.9225,19.0119,17.2684
1,88,4,320,1,27.8711,27.4157,29.6305,21.9168,20.2772,23.2292,22.3838,20.6282,20.7049
1,89,4,320,1.5,29.4957,29.8854,31.8313,23.2176,21.5752,25.3604,24.7845,22.8841,22.5058
1,90,5,10,0.75,1.6356,0.9255,1.9567,4.6309,0.0000,0.0000,0.0000,4.3578,0.0000
1,91,5,10,1,0.8669,1.0330,1.2604,2.9669,0.0000,0.0000,0.0000,0.0000,0.0000
1,92,5,10,1.5,0.0386,0.2112,0.5242,0.0000,3.7362,0.0000,0.0000,0.0000,3.9013
1,93,5,20,0.75,1.2958,1.1939,2.4963,0.0000,0.0000,0.0000,0.0000,0.0000,0.0000
1,94,5,20,1,-0.3085,-0.5552,-0.5873,4.4506,4.2254,3.9565,0.0000,4.3560,4.3113
1,95,5,20,1.5,2.8549,2.2873,1.8688,0.0000,0.0000,3.9193,3.4023,3.8097,3.6677
1,96,5,40,0.75,2.3288,2.2554,2.9898,0.0000,0.0000,3.4792,0.0000,0.0000,0.0000
1,97,5,40,1,1.5955,0.9130,3.1517,0.0000,4.0074,0.0000,0.0000,4.3284,4.2986
1,98,5,40,1.5,1.5180,1.7763,2.2164,0.0000,0.0000,0.0000,0.0000,3.8558,0.0000
1,99,5,80,0.75,3.6471,2.6964,4.2471,0.0000,4.1683,4.2698,0.0000,0.0000,0.0000
1,100,5,80,1,4.4381,4.2336,4.4457,0.0000,0.0000,4.4681,4.3999,0.0000,0.0000
1,101,5,80,1.5,3.9451,4.0435,5.1662,4.0436,0.0000,4.3430,0.0000,0.0000,0.0000
1,102,5,160,0.75,7.4516,7.1861,10.5107,6.5804,6.0707,6.4825,5.9338,9.7329,8.1401
1,103,5,160,1,8.4079,7.9595,11.0612,7.7415,7.1654,7.8894,7.3417,10.3352,9.7133
1,104,5,160,1.5,9.2623,7.9047,10.6835,8.4640,7.3736,8.3507,7.4103,10.0349,8.8955
1,105,5,320,0.75,12.4296,12.0967,15.8951,11.3207,9.9747,11.2423,9.7420,14.3118,12.1773
1,106,5,320,1,15.8648,14.5046,19.9615,14.3893,14.0109,12.8933,13.3905,17.7146,16.4677
1,107,5,320,1.5,18.4762,16.8766,22.9994,15.5944,13.9677,15.3598,13.8859,19.9319,18.0285
1,108,6,10,0.75,0.7361,1.4292,1.0819,4.2729,4.2744,0.0000,0.0000,4.0680,4.6388
1,109,6,10,1,0.6351,0.9170,-0.3353,4.5150,4.6044,3.7471,0.0000,0.0000,4.4145
1,110,6,10,1.5,1.4213,1.6389,-0.0386,0.0000,4.2798,4.4698,0.0000,0.0000,0.0000
1,111,6,20,0.75,1.3490,2.0255,2.7373,0.0000,3.8991,4.6298,0.0000,0.0000,4.0996
1,112,6,20,1,2.2967,1.7773,4.8556,0.0000,0.0000,4.1027,3.4927,0.0000,0.0000
1,113,6,20,1.5,2.0967,1.5308,3.0280,0.0000,0.0000,4.3319,0.0000,0.0000,0.0000
1,114,6,40,0.75,2.9418,2.7171,4.5377,0.0000,0.0000,0.0000,3.8528,4.1998,0.0000
1,115,6,40,1,4.0812,5.9227,4.9162,4.5941,4.7267,6.0017,5.7085,5.0797,5.0206
1,116,6,40,1.5,5.1180,3.4982,5.6106,5.7113,5.8834,0.0000,5.1435,5.6417,5.5787
1,117,6,80,0.75,6.2840,5.2271,8.8799,6.0469,5.2804,4.8709,4.3961,8.4716,7.8201
1,118,6,80,1,8.4512,6.5155,8.5426,7.8494,7.6163,6.3065,5.9060,7.6128,7.4148
1,119,6,80,1.5,10.3862,6.0463,11.7744,10.0125,9.2350,5.8106,5.0378,11.1699,10.2040
1,120,6,160,0.75,14.6379,11.3194,15.9944,14.2573,12.6194,10.6470,9.2306,15.4877,13.8221
1,121,6,160,1,15.5369,11.7988,20.3555,15.1963,14.1904,11.2561,10.6388,19.0725,18.8186
1,122,6,160,1.5,17.6190,13.0458,20.7905,16.7823,16.4775,12.3833,12.1621,19.2514,18.5323
1,123,6,320,0.75,28.2746,21.8904,34.9210,26.7685,22.7317,20.5115,17.5395,32.9302,28.6489
1,124,6,320,1,33.6220,24.0846,40.5507,32.1576,31.3093,22.8372,22.2184,38.0530,37.4548
1,125,6,320,1.5,34.6185,25.8111,42.6905,32.9637,30.9639,24.7949,23.0307,39.8922,38.0581
1,126,7,10,0.75,0.6372,-0.2163,-0.6222,0.0000,0.0000,0.0000,0.0000,0.0000,0.0000
1,127,7,10,1,1.2577,-0.3484,0.1338,4.3842,0.0000,0.0000,0.0000,3.5911,0.0000
1,128,7,10,1.5,-0.5224,-1.2352,-0.3208,4.3170,4.1652,0.0000,0.0000,3.8781,4.3437
1,129,7,20,0.75,0.9985,0.9241,1.5778,3.7153,0.0000,0.0000,0.0000,0.0000,0.0000
1,130,7,20,1,-1.1984,-0.0813,-0.4651,0.0000,4.4213,4.5438,0.0000,0.0000,0.0000
1,131,7,20,1.5,-0.1082,-1.2730,-0.5864,0.0000,0.0000,0.0000,0.0000,0.0000,0.0000
1,132,7,40,0.75,1.5880,-0.3858,0.9439,0.0000,0.0000,0.0000,0.0000,0.0000,0.0000
1,133,7,40,1,1.6960,2.0718,1.2250,4.1426,3.9800,0.0000,0.0000,0.0000,0.0000
1,134,7,40,1.5,1.2843,1.4896,0.8979,0.0000,4.3750,0.0000,4.0929,0.0000,4.5661
1,135,7,80,0.75,3.1578,2.5138,2.7142,4.8158,4.7351,0.0000,0.0000,0.0000,0.0000
1,136,7,80,1,1.6852,0.7663,1.5241,0.0000,0.0000,0.0000,0.0000,0.0000,4.3549
1,137,7,80,1.5,4.0698,2.5258,2.3030,4.6804,4.4888,4.1186,0.0000,0.0000,0.0000
1,138,7,160,0.75,6.3706,5.3667,5.1456,6.2265,5.4889,5.3623,4.7194,5.1798,4.5557
1,139,7,160,1,5.3609,4.0625,4.8999,5.1260,5.2003,5.0635,4.7669,4.6895,4.6209
1,140,7,160,1.5,7.0640,4.7550,6.0860,7.0813,5.7362,5.3144,4.4847,6.1331,4.9271
1,141,7,320,0.75,12.6516,10.3117,10.0746,12.2646,9.9738,9.9939,8.0737,9.6123,8.0662
1,142,7,320,1,11.4988,7.8202,7.6843,11.5721,11.5257,8.0366,8.1190,7.9449,8.4171
1,143,7,320,1.5,13.5245,9.9617,11.3554,13.0472,12.2541,10.1403,9.3809,11.6539,11.4104
1,144,8,10,0.75,1.6236,0.5470,1.5364,0.0000,4.4904,0.0000,0.0000,4.4858,4.5078
1,145,8,10,1,1.0621,0.7651,0.6372,3.4016,4.1127,0.0000,3.8954,0.0000,0.0000
1,146,8,10,1.5,1.6589,1.7515,1.6778,0.0000,4.1200,0.0000,0.0000,4.0424,0.0000
1,147,8,20,0.75,-0.5774,0.8117,-1.1161,3.9088,0.0000,0.0000,0.0000,0.0000,0.0000
1,148,8,20,1,2.0714,1.7695,2.6208,0.0000,0.0000,0.0000,0.0000,0.0000,0.0000
1,149,8,20,1.5,1.6282,1.7301,2.7784,0.0000,0.0000,4.7432,4.7774,0.0000,0.0000
1,150,8,40,0.75,0.1867,-0.4827,0.4055,0.0000,0.0000,3.9650,0.0000,0.0000,3.2751
1,151,8,40,1,4.7889,3.2649,5.0352,0.0000,0.0000,0.0000,0.0000,0.0000,0.0000
1,152,8,40,1.5,2.7074,1.3044,2.7282,0.0000,0.0000,4.2836,4.0135,4.6818,0.0000
1,153,8,80,0.75,5.5467,4.9284,6.1995,5.2045,5.0106,5.0673,4.8391,5.4552,5.4500
1,154,8,80,1,4.1217,4.3957,5.2411,4.1082,4.2014,4.5998,4.8628,4.7163,4.8512
1,155,8,80,1.5,4.8348,3.8246,6.5506,0.0000,0.0000,0.0000,0.0000,5.8955,5.5820
1,156,8,160,0.75,8.0669,6.8406,8.4990,7.3080,6.4948,6.3839,5.7740,7.7820,6.4422
1,157,8,160,1,10.8106,10.6812,11.6349,9.0275,8.6982,8.4636,8.3847,10.2110,9.5516
1,158,8,160,1.5,11.2738,8.9327,11.9385,9.7452,9.0682,8.4848,7.9474,10.8973,9.8710
1,159,8,320,0.75,19.0231,17.0334,21.1340,16.5479,13.6610,13.9793,12.1342,18.5390,15.2811
1,160,8,320,1,20.0784,18.3433,22.3509,17.1327,15.2674,15.1097,14.3339,19.4901,18.2215
1,161,8,320,1.5,20.8598,17.9070,23.3525,17.6164,16.6323,14.5025,15.2163,21.1133,20.1410
1,162,9,10,0.75,0.3775,0.3208,0.9081,0.0000,3.9850,0.0000,0.0000,3.9182,4.0637
1,163,9,10,1,0.7886,0.3079,0.5941,4.3732,4.7424,0.0000,4.5288,0.0000,4.7171
1,164,9,10,1.5,3.0571,3.6072,3.3969,0.0000,0.0000,0.0000,0.0000,4.4990,0.0000
1,165,9,20,0.75,0.6554,1.7719,0.6876,0.0000,0.0000,3.7246,0.0000,0.0000,0.0000
1,166,9,20,1,1.1448,0.6496,1.9256,4.9560,4.8162,4.3460,4.0633,4.1185,0.0000
1,167,9,20,1.5,0.8397,0.7463,0.7300,0.0000,0.0000,0.0000,0.0000,0.0000,0.0000
1,168,9,40,0.75,2.2569,2.3070,2.4202,0.0000,0.0000,0.0000,0.0000,0.0000,0.0000
1,169,9,40,1,1.9258,2.0311,2.3488,0.0000,0.0000,0.0000,0.0000,0.0000,0.0000
1,170,9,40,1.5,3.4827,3.0916,3.0805,4.9099,4.9303,4.7841,4.6606,4.2532,4.5717
1,171,9,80,0.75,6.8993,6.9383,7.0689,5.9921,5.6477,5.8648,5.3841,6.3519,5.4787
1,172,9,80,1,5.7402,6.2065,6.2907,5.2303,5.6290,5.6008,5.7832,5.6055,5.6156
1,173,9,80,1.5,7.0851,7.1914,6.8311,6.1250,5.0304,6.3119,5.5856,6.2952,5.0309
1,174,9,160,0.75,10.4791,10.1628,10.5999,9.9591,8.5934,8.8023,7.7028,10.2062,9.0798
1,175,9,160,1,11.2173,11.9845,12.4947,10.6362,10.1435,11.0913,10.7307,11.5287,10.7753
1,176,9,160,1.5,13.1860,13.3476,13.6066,11.4345,11.2238,11.0855,11.3806,12.0033,11.7040
1,177,9,320,0.75,22.5940,23.1990,24.0644,20.2869,17.5171,19.3954,16.7988,22.0289,19.2558
1,178,9,320,1,23.2578,23.1591,24.8470,20.7493,19.9090,18.5551,18.4969,21.2801,20.9990
1,179,9,320,1.5,25.6847,25.6704,26.6084,23.4012,22.4208,21.4532,20.6192,24.0138,23.2556
1,180,10,10,0.75,0.6606,2.9494,2.5051,3.9000,3.8457,0.0000,0.0000,0.0000,4.0147
1,181,10,10,1,1.7821,1.7691,0.3103,0.0000,0.0000,0.0000,0.0000,0.0000,0.0000
1,182,10,10,1.5,0.2893,0.7385,1.1235,0.0000,0.0000,4.4174,0.0000,0.0000,0.0000
1,183,10,20,0.75,1.7974,3.0582,2.5935,0.0000,0.0000,0.0000,4.1697,0.0000,0.0000
1,184,10,20,1,0.1860,2.0318,1.4732,4.0769,3.9883,4.4492,4.1596,4.1305,4.0758
1,185,10,20,1.5,1.4470,1.7836,2.5854,4.1911,4.1793,4.4410,0.0000,4.3284,4.1556
1,186,10,40,0.75,4.1476,7.0684,5.5042,0.0000,0.0000,5.8774,5.8245,0.0000,0.0000
1,187,10,40,1,2.4968,6.6848,5.6189,0.0000,0.0000,5.0585,5.0823,0.0000,0.0000
1,188,10,40,1.5,4.3597,7.1735,6.4361,0.0000,0.0000,5.9872,5.2350,0.0000,0.0000
1,189,10,80,0.75,6.7407,11.5286,9.1372,6.1887,5.5189,9.2121,8.0869,7.3097,6.3862
1,190,10,80,1,7.2212,13.6529,11.0085,7.0686,7.4278,10.9752,11.2637,9.1109,9.2332
1,191,10,80,1.5,8.4260,16.2447,13.0854,6.8382,6.4742,13.1005,12.4890,9.5715,8.9612
1,192,10,160,0.75,12.8787,21.8927,19.3378,11.0184,9.3152,17.3925,14.8922,15.1141,12.7681
1,193,10,160,1,14.2396,24.4624,20.1696,11.5023,10.8146,18.1655,17.4759,15.3621,14.2756
1,194,10,160,1.5,15.4742,26.6595,25.0850,12.7155,11.0472,20.1342,19.7542,17.8134,15.7560
1,195,10,320,0.75,23.7777,45.0837,36.5169,19.0754,15.1488,34.4407,29.7568,27.1958,22.0124
1,196,10,320,1,25.8385,47.0071,40.3125,22.5972,20.6481,35.6557,34.9489,30.8243,28.6646
1,197,10,320,1.5,27.7374,50.8949,44.5911,22.0872,20.1142,37.7801,36.5107,31.2278,28.8372
1,198,11,10,0.75,0.6826,1.2857,-0.3633,0.0000,0.0000,0.0000,0.0000,4.5503,3.5075
1,199,11,10,1,-0.5313,-0.6702,0.2231,0.0000,4.5797,0.0000,0.0000,4.1999,4.6404
1,200,11,10,1.5,0.7536,-0.7780,0.7893,0.0000,0.0000,0.0000,0.0000,4.7051,4.3549
1,201,11,20,0.75,1.3373,0.8029,2.4114,0.0000,0.0000,0.0000,0.0000,0.0000,4.0092
1,202,11,20,1,1.3339,2.3386,2.8452,0.0000,0.0000,0.0000,0.0000,4.2887,0.0000
1,203,11,20,1.5,2.4337,1.9077,1.7022,4.0756,0.0000,4.0140,3.7563,0.0000,4.1659
1,204,11,40,0.75,0.3262,0.1135,0.5165,4.7974,4.8225,0.0000,4.2244,4.6119,4.4636
1,205,11,40,1,3.2024,3.2698,4.1172,0.0000,0.0000,0.0000,0.0000,0.0000,0.0000
1,206,11,40,1.5,1.9559,0.7965,1.6764,0.0000,0.0000,0.0000,0.0000,0.0000,0.0000
1,207,11,80,0.75,4.3435,2.7842,3.7057,0.0000,0.0000,0.0000,0.0000,0.0000,0.0000
1,208,11,80,1,1.9229,1.8788,3.6497,0.0000,0.0000,0.0000,0.0000,0.0000,0.0000
1,209,11,80,1.5,5.9035,3.8001,5.5958,4.4752,0.0000,0.0000,4.5863,4.2746,4.3225
1,210,11,160,0.75,7.5419,5.8670,9.2859,5.8331,5.1558,4.9452,0.0000,6.9222,5.9502
1,211,11,160,1,11.3006,8.5906,12.4155,8.5003,9.2499,6.7630,7.3273,8.4276,9.1709
1,212,11,160,1.5,9.2269,7.0043,10.0836,6.0505,6.2224,5.5168,5.5472,6.3928,6.5467
1,213,11,320,0.75,17.4288,12.8914,18.9506,12.8013,11.4888,10.8123,9.4391,13.0424,11.4375
1,214,11,320,1,20.9285,15.3297,21.2278,15.2927,15.5815,12.3436,12.4679,15.3579,15.1943
1,215,11,320,1.5,21.9352,16.5729,22.4881,16.9201,16.9339,14.6057,14.1282,16.6237,16.5029
1,216,12,10,0.75,0.8011,0.2891,1.0947,3.6455,3.7703,0.0000,0.0000,0.0000,0.0000
1,217,12,10,1,2.3921,2.4970,2.1400,0.0000,0.0000,0.0000,0.0000,0.0000,0.0000
1,218,12,10,1.5,2.2594,2.3002,1.5524,0.0000,3.9248,0.0000,0.0000,4.5099,4.0377
1,219,12,20,0.75,3.2548,2.7046,4.9772,0.0000,0.0000,0.0000,0.0000,0.0000,0.0000
1,220,12,20,1,4.0293,2.8698,3.8429,3.6286,0.0000,0.0000,4.0816,4.3280,0.0000
1,221,12,20,1.5,4.4719,2.5921,3.6548,3.9783,4.1528,0.0000,0.0000,0.0000,0.0000
1,222,12,40,0.75,5.8614,5.2114,6.7710,4.9867,0.0000,5.2484,4.7409,5.2582,4.3982
1,223,12,40,1,5.7980,5.1118,7.6788,5.6991,5.4083,4.8151,4.8398,5.0270,4.8021
1,224,12,40,1.5,6.7350,5.6187,7.3022,5.6337,5.3844,5.0777,5.1166,5.3189,5.1511
1,225,12,80,0.75,9.5127,9.3220,13.1639,7.9382,7.1239,8.9829,7.4189,8.7766,7.6086
1,226,12,80,1,11.0075,9.9726,15.7112,9.3837,9.1005,9.1483,8.7919,10.0253,9.7466
1,227,12,80,1.5,14.8557,12.9945,18.2373,12.6900,11.7164,12.1430,11.8799,13.1135,12.2935
1,228,12,160,0.75,22.2244,19.7618,29.2840,19.8840,17.5101,17.5284,14.1768,19.9903,17.6576
1,229,12,160,1,24.1478,21.0263,30.0566,20.4155,19.9934,19.1794,19.0044,20.0531,19.5043
1,230,12,160,1.5,26.9952,21.6298,33.1143,22.8959,22.3723,18.5793,18.0857,23.0541,23.1055
1,231,12,320,0.75,44.4477,37.9970,57.5432,37.7846,34.2303,33.8232,28.4327,38.5111,34.8079
1,232,12,320,1,51.4002,42.9176,64.1139,42.6598,42.4297,38.1823,36.1756,41.8846,42.6281
1,233,12,320,1.5,56.0715,45.8354,67.8317,46.2574,44.7345,40.1464,38.1249,44.9815,45.0636
1,234,13,10,0.75,1.3365,0.3769,-0.0524,0.0000,0.0000,0.0000,0.0000,0.0000,4.1330
1,235,13,10,1,-0.3059,-1.0987,-1.5571,0.0000,0.0000,0.0000,0.0000,0.0000,0.0000
1,236,13,10,1.5,0.9599,1.7520,0.9197,0.0000,4.6069,0.0000,4.4806,3.5892,4.0726
1,237,13,20,0.75,1.8314,0.7761,1.2403,0.0000,0.0000,0.0000,0.0000,0.0000,0.0000
1,238,13,20,1,0.5042,1.2436,-0.0471,4.4586,4.4729,4.7185,4.0959,5.4435,5.0493
1,239,13,20,1.5,3.6013,2.2508,2.9324,4.2485,4.5152,3.5920,3.5861,0.0000,3.5085
1,240,13,40,0.75,4.6636,3.3536,5.1806,0.0000,4.3384,0.0000,0.0000,4.9502,4.9288
1,241,13,40,1,5.0259,3.2128,3.0873,4.6883,0.0000,0.0000,0.0000,4.6021,4.3029
1,242,13,40,1.5,4.1297,1.7327,3.4883,0.0000,4.0901,0.0000,0.0000,0.0000,0.0000
1,243,13,80,0.75,7.9519,3.2448,6.0735,7.0415,6.1167,4.4140,0.0000,5.5452,4.8985
1,244,13,80,1,7.6579,3.5578,7.1681,6.5988,6.2530,0.0000,0.0000,6.3941,6.2846
1,245,13,80,1.5,7.0046,3.3478,6.5594,6.3619,6.4657,4.5760,0.0000,6.1499,6.5634
1,246,13,160,0.75,14.5570,7.9203,15.5895,11.9852,12.1467,7.7008,7.5517,12.8341,12.7999
1,247,13,160,1,14.5407,7.5437,15.0235,13.2110,12.7028,7.1136,7.0399,12.8984,13.5213
1,248,13,160,1.5,15.6933,8.5921,16.1858,14.1958,13.1279,8.5412,8.3241,13.2912,14.5962
1,249,13,320,0.75,25.0829,15.2059,26.4874,23.0725,19.4814,13.6106,11.6349,21.8062,20.2634
1,250,13,320,1,28.3079,13.4024,28.0766,24.4248,23.5699,11.8342,12.7574,23.8978,25.3008
1,251,13,320,1.5,31.1206,15.9989,30.4451,26.7610,24.9545,14.3388,13.9071,25.5242,26.3355
1,252,14,10,0.75,0.1081,0.9709,0.8091,3.9829,0.0000,0.0000,0.0000,0.0000,0.0000
1,253,14,10,1,1.4725,2.9209,1.4560,3.7961,3.8377,0.0000,4.3756,0.0000,0.0000
1,254,14,10,1.5,2.8206,4.1416,1.8055,0.0000,0.0000,0.0000,4.8587,0.0000,0.0000
1,255,14,20,0.75,3.3094,4.2367,2.8947,0.0000,0.0000,0.0000,0.0000,0.0000,0.0000
1,256,14,20,1,3.3506,4.4871,4.1937,0.0000,4.4229,4.6484,4.5227,0.0000,4.1822
1,257,14,20,1.5,4.2745,3.9212,3.6711,0.0000,0.0000,4.4577,4.5764,0.0000,4.2130
1,258,14,40,0.75,2.7325,4.8747,4.0798,4.5324,4.9534,5.5548,5.9239,4.4222,0.0000
1,259,14,40,1,6.4005,6.7684,5.2322,6.3065,6.2055,6.6171,6.4017,5.6336,5.2751
1,260,14,40,1.5,8.2468,9.5766,8.0540,8.1520,7.5831,9.5497,9.4101,7.3503,7.5100
1,261,14,80,0.75,11.5297,16.2498,14.1580,11.2284,9.7220,15.8248,14.0386,12.8681,12.7480
1,262,14,80,1,12.6601,15.3971,13.1057,12.4136,12.0532,15.1551,15.0744,12.4159,12.6525
1,263,14,80,1.5,13.3037,16.4651,14.2655,13.1791,12.2129,16.4363,15.1986,13.5989,13.4534
1,264,14,160,0.75,21.8912,28.6991,25.4516,21.0463,19.6443,27.9516,24.9569,23.7069,22.6900
1,265,14,160,1,26.3685,33.0602,29.1993,25.5765,25.1165,32.6417,32.1710,26.9724,28.4256
1,266,14,160,1.5,29.3590,34.7174,28.9880,28.8674,27.6740,33.8806,33.8038,27.6707,27.7103
1,267,14,320,0.75,48.8944,61.9733,52.6311,47.5175,42.9962,60.4566,52.9369,49.1671,45.4602
1,268,14,320,1,52.3554,64.9676,55.3460,50.9181,50.2819,63.5772,63.6165,51.5305,53.5878
1,269,14,320,1.5,56.3136,67.4036,58.0371,55.2003,53.4598,66.5349,65.5849,54.8260,56.1826
1,270,15,10,0.75,0.0159,-0.6945,-0.0053,4.4461,0.0000,0.0000,0.0000,4.5942,0.0000
1,271,15,10,1,1.7618,2.2563,2.2852,0.0000,0.0000,0.0000,0.0000,0.0000,0.0000
1,272,15,10,1.5,2.3943,2.1671,2.9781,0.0000,0.0000,0.0000,0.0000,3.9482,0.0000
1,273,15,20,0.75,1.6785,2.4884,3.7322,0.0000,0.0000,4.2299,4.2204,0.0000,4.5216
1,274,15,20,1,1.7276,0.9482,3.0080,0.0000,0.0000,0.0000,0.0000,0.0000,0.0000
1,275,15,20,1.5,5.2781,5.1808,5.8947,0.0000,4.5324,4.8086,4.6332,5.3738,5.0281
1,276,15,40,0.75,4.5461,5.0416,7.2848,4.1939,0.0000,4.9086,4.6224,6.9965,6.1181
1,277,15,40,1,4.8193,5.5728,8.1584,4.6989,5.0088,5.1191,4.9141,7.7241,6.7954
1,278,15,40,1.5,6.5567,7.2093,8.9919,6.1094,5.1672,6.4696,5.8178,8.7237,7.9242
1,279,15,80,0.75,10.2884,10.3642,14.9415,9.5037,8.0338,9.5188,7.6921,14.1180,11.6825
1,280,15,80,1,10.8190,9.3897,17.4968,9.7015,9.0027,8.5892,7.6939,16.3242,15.0574
1,281,15,80,1.5,11.0342,10.9955,17.9883,10.2327,8.7945,10.8213,9.3358,17.1736,14.6448
1,282,15,160,0.75,19.0372,19.1964,30.7195,16.7926,13.0218,16.5978,13.2758,28.9305,22.7541
1,283,15,160,1,19.2248,18.4760,29.2558,17.4173,16.6098,16.4570,15.9235,27.9673,26.4758
1,284,15,160,1.5,23.2260,21.1271,33.7765,20.7147,19.1279,18.9574,17.6509,31.6721,28.7620
1,285,15,320,0.75,38.5783,35.7415,58.3212,34.3575,28.4136,31.8038,26.3176,54.8756,44.4879
1,286,15,320,1,42.8015,40.3494,64.1970,38.8087,35.4135,35.1513,32.8345,60.7249,55.8054
1,287,15,320,1.5,46.9548,43.8376,68.7029,43.0501,40.8936,39.8090,37.6097,65.2913,60.3995
1,288,16,10,0.75,-0.5209,0.3860,0.8007,0.0000,0.0000,4.3757,0.0000,0.0000,0.0000
1,289,16,10,1,0.5884,1.3418,0.9010,0.0000,0.0000,0.0000,0.0000,0.0000,3.6945
1,290,16,10,1.5,1.9413,1.7892,1.4902,0.0000,0.0000,4.1260,0.0000,0.0000,0.0000
1,291,16,20,0.75,1.3588,-0.3458,1.5262,0.0000,0.0000,4.9918,5.0329,0.0000,4.6434
1,292,16,20,1,3.9065,3.1690,5.2694,0.0000,3.6908,4.3031,0.0000,4.9011,4.8475
1,293,16,20,1.5,2.4437,2.7371,5.3214,0.0000,3.9039,4.4642,4.0245,0.0000,0.0000
1,294,16,40,0.75,1.0454,1.6088,4.8732,0.0000,0.0000,4.6012,4.1697,4.7335,0.0000
1,295,16,40,1,2.5197,3.4698,7.1006,0.0000,0.0000,3.9329,4.0349,5.3278,5.6643
1,296,16,40,1.5,4.8406,5.3203,8.4190,0.0000,0.0000,4.4195,0.0000,7.0890,6.9279
1,297,16,80,0.75,8.0496,8.3681,12.2520,7.3242,6.7526,7.5854,7.3152,10.5221,10.0615
1,298,16,80,1,7.3115,7.3655,11.7717,7.3073,7.5663,7.3311,7.2055,9.8017,10.0928
1,299,16,80,1.5,8.2280,8.0233,15.3308,7.3316,7.4001,7.6107,7.8048,12.2086,12.7890
1,300,16,160,0.75,15.0556,15.7253,24.9491,14.3618,12.6536,14.4103,12.9668,19.6600,17.6142
1,301,16,160,1,15.7619,16.0118,28.0455,13.5458,13.3503,14.3517,14.1624,21.2002,22.0396
1,302,16,160,1.5,17.6042,17.7031,30.9052,16.3199,16.9636,16.7158,17.3926,24.8010,26.0912
1,303,16,320,0.75,29.7804,30.8318,52.2984,26.6620,24.0035,28.0521,24.8569,41.6158,37.9904
1,304,16,320,1,32.2045,32.5157,55.8261,29.2920,29.1980,30.7129,30.6247,45.6619,47.0632
1,305,16,320,1.5,34.7978,35.0754,60.3840,30.7488,30.0186,32.0852,31.8918,48.6203,50.3360
1,306,17,10,0.75,2.1143,2.3909,2.6839,0.0000,0.0000,0.0000,0.0000,0.0000,4.3908
1,307,17,10,1,1.4828,0.6617,0.9954,0.0000,0.0000,0.0000,4.2403,0.0000,0.0000
1,308,17,10,1.5,1.4754,1.6592,1.4121,0.0000,0.0000,0.0000,0.0000,0.0000,0.0000
1,309,17,20,0.75,3.4745,4.4624,3.8096,0.0000,0.0000,4.2485,0.0000,0.0000,0.0000
1,310,17,20,1,3.2494,4.0253,3.7052,0.0000,4.3322,0.0000,0.0000,0.0000,4.2889
1,311,17,20,1.5,4.4192,3.9438,4.7090,4.5099,4.5734,0.0000,3.8122,4.4993,0.0000
1,312,17,40,0.75,4.2368,4.8112,3.5677,0.0000,4.1079,4.7005,4.9415,4.4634,4.3934
1,313,17,40,1,3.3488,3.9816,4.4113,4.9327,4.6096,4.8334,4.6709,5.1939,5.1034
1,314,17,40,1.5,4.6158,5.1474,5.8104,0.0000,4.6107,4.4353,4.6532,5.0453,0.0000
1,315,17,80,0.75,7.4523,7.5549,7.4235,5.6721,5.2485,5.8454,5.3060,5.7443,5.0321
1,316,17,80,1,5.8834,7.3395,7.0639,5.9081,5.2171,7.1896,6.6615,5.9548,5.4182
1,317,17,80,1.5,7.9069,8.9867,9.1096,6.6365,7.2369,7.4290,7.5470,7.6483,8.3583
1,318,17,160,0.75,12.6601,14.0818,14.9397,11.3961,10.4980,11.3505,10.8002,12.6134,11.1950
1,319,17,160,1,15.4329,17.5321,17.0737,12.9299,11.9094,14.6813,13.7175,13.6656,12.3990
1,320,17,160,1.5,14.9702,15.3684,16.1546,11.4602,11.5612,12.5834,12.2212,12.1307,11.6186
1,321,17,320,0.75,26.9614,29.1538,30.2412,21.9442,19.2155,24.4766,20.8526,23.9904,20.8474
1,322,17,320,1,31.4266,33.6890,35.4756,27.2398,27.1037,26.4420,26.8999,29.6765,28.8590
1,323,17,320,1.5,31.2619,33.8486,35.1978,25.5542,24.4890,28.3108,26.7026,27.9910,27.0818
1,324,18,10,0.75,1.3481,0.9120,1.1994,0.0000,0.0000,3.8645,0.0000,3.8106,4.6321
1,325,18,10,1,1.5699,0.8250,1.4043,0.0000,0.0000,3.2047,0.0000,4.4366,4.6569
1,326,18,10,1.5,2.0190,1.8385,2.9740,0.0000,4.4875,4.5220,4.4758,0.0000,4.2757
1,327,18,20,0.75,3.1315,2.6712,3.5871,0.0000,4.6466,0.0000,4.5687,4.4736,0.0000
1,328,18,20,1,4.8142,3.6723,4.7198,5.0701,5.1871,4.6483,4.4264,4.7589,4.2841
1,329,18,20,1.5,3.3758,3.7945,2.5878,0.0000,0.0000,0.0000,3.8289,0.0000,0.0000
1,330,18,40,0.75,6.9846,5.9772,6.7064,6.2479,5.0982,5.6860,4.7907,5.8919,0.0000
1,331,18,40,1,7.1302,8.4192,7.7445,6.4124,5.7692,7.9676,7.6575,6.7315,5.6493
1,332,18,40,1.5,5.2152,5.1013,6.7929,5.9494,5.9128,5.9652,6.0601,6.5122,6.9838
1,333,18,80,0.75,12.5986,12.5500,14.2608,11.4762,9.8486,11.4822,10.0966,11.7814,9.2371
1,334,18,80,1,11.9342,11.8821,13.4006,11.4960,10.7874,11.3708,10.6158,12.4705,11.2374
1,335,18,80,1.5,13.9583,12.8497,17.7140,12.2744,11.9101,11.8603,11.7318,15.7431,13.9239
1,336,18,160,0.75,21.9412,22.5037,25.9293,19.4241,17.2824,21.1951,19.4881,23.0770,18.4415
1,337,18,160,1,24.7777,25.0735,29.0751,22.6145,21.1941,23.3410,22.4306,25.9416,22.2909
1,338,18,160,1.5,27.9111,27.6404,31.3540,25.4876,23.6310,25.7272,24.5747,27.8257,24.2164
1,339,18,320,0.75,44.8086,45.8675,52.8593,39.8668,34.0314,41.9099,35.2492,46.7655,36.6534
1,340,18,320,1,49.8243,50.9909,58.2815,45.3630,42.5194,47.8784,45.7652,51.8193,44.7952
1,341,18,320,1.5,55.7150,54.5246,62.8177,50.4450,46.6647,51.0464,48.5617,55.2390,47.2944
1,342,19,10,0.75,0.9872,0.3578,1.3017,0.0000,4.3080,4.0751,0.0000,0.0000,0.0000
1,343,19,10,1,0.8190,0.3808,2.1574,0.0000,0.0000,0.0000,0.0000,0.0000,0.0000
1,344,19,10,1.5,0.7499,0.9765,1.3573,0.0000,0.0000,0.0000,0.0000,0.0000,0.0000
1,345,19,20,0.75,2.1282,0.5591,2.6708,4.2368,4.2147,0.0000,0.0000,4.4776,4.1399
1,346,19,20,1,4.1705,3.2901,5.0081,4.7353,4.8085,4.5010,4.5727,4.6975,4.7818
1,347,19,20,1.5,1.8463,1.8320,3.3477,0.0000,0.0000,0.0000,4.0736,0.0000,0.0000
1,348,19,40,0.75,5.0149,3.4722,6.4956,5.2566,4.2559,0.0000,3.9987,6.3675,5.2867
1,349,19,40,1,5.6248,4.9571,7.2072,6.4746,6.0002,5.2363,4.8847,6.6423,6.5684
1,350,19,40,1.5,4.9456,3.3717,6.8923,0.0000,0.0000,3.5031,0.0000,5.7933,5.3198
1,351,19,80,0.75,9.8998,8.4941,14.5241,9.6491,7.9872,7.6163,6.3431,13.0627,11.2191
1,352,19,80,1,9.3310,9.7199,14.2023,8.7475,8.0465,8.6401,8.4473,12.2112,11.0032
1,353,19,80,1.5,10.8873,8.3538,15.3707,10.2868,9.4333,7.1981,7.0589,14.0373,12.3845
1,354,19,160,0.75,18.4568,17.5120,26.7872,17.1952,15.0707,15.4212,13.3523,24.0236,19.4829
1,355,19,160,1,20.7480,18.0304,28.9049,19.7696,19.1347,16.2840,15.4803,26.5516,23.6119
1,356,19,160,1.5,25.0758,22.5259,34.0877,22.7072,22.1474,19.6970,18.9502,29.9979,27.6601
1,357,19,320,0.75,36.1694,32.8827,52.2382,33.6915,28.9276,29.5184,25.3009,46.9959,37.2534
1,358,19,320,1,42.9957,37.9581,59.1657,41.4939,39.3671,35.3433,33.4281,54.1848,48.0015
1,359,19,320,1.5,45.4882,40.1014,64.1070,41.6696,39.8684,35.4813,34.1189,56.5008,50.5409
1,360,20,10,0.75,1.8549,2.2991,2.0162,0.0000,0.0000,0.0000,0.0000,0.0000,0.0000
1,361,20,10,1,3.1683,2.9722,3.2587,0.0000,0.0000,0.0000,0.0000,0.0000,0.0000
1,362,20,10,1.5,1.4063,1.9910,2.4818,4.3925,4.4796,4.5985,4.3943,4.9182,4.8839
1,363,20,20,0.75,1.8241,2.5653,3.6776,4.3716,4.4804,4.9293,5.0415,4.7936,4.4277
1,364,20,20,1,3.0066,4.6956,5.0556,0.0000,0.0000,4.9023,4.8784,5.1648,4.9268
1,365,20,20,1.5,3.2550,3.4543,4.7902,5.0031,4.8938,4.6725,4.4582,4.3644,4.9032
1,366,20,40,0.75,4.8565,6.2569,6.9531,0.0000,0.0000,5.5517,4.7119,5.8641,0.0000
1,367,20,40,1,7.9302,9.1608,8.9299,6.8145,6.6141,8.3123,7.8024,7.3353,6.7198
1,368,20,40,1.5,8.1474,9.4397,10.2052,6.7499,7.0665,8.1910,7.5959,8.5284,8.1073
1,369,20,80,0.75,10.9184,13.3315,16.4717,9.7482,7.5802,12.4095,10.4816,14.6930,12.6140
1,370,20,80,1,12.9954,15.8046,17.6882,10.9986,10.4218,13.7761,12.7901,14.4046,13.4856
1,371,20,80,1.5,13.1005,16.7760,18.1970,11.7015,11.1719,16.0351,15.6910,15.8528,15.1146
1,372,20,160,0.75,25.3477,31.4141,33.5922,22.0192,18.0317,29.0650,24.0989,28.2459,24.0646
1,373,20,160,1,27.7606,32.7895,35.3179,24.7085,23.1123,30.4157,28.2125,30.5109,29.0216
1,374,20,160,1.5,29.1762,34.2098,39.7911,25.0222,23.0727,31.5576,28.7388,35.0209,33.0294
1,375,20,320,0.75,47.2730,58.1238,65.0224,42.1490,35.6414,54.1519,45.1443,57.2947,49.5540
1,376,20,320,1,53.4164,64.2030,72.0419,46.9996,43.7562,60.2975,57.0097,62.9964,59.6557
1,377,20,320,1.5,57.5957,67.4512,77.7456,50.6045,46.5817,62.6699,57.6617,67.2372,62.8936
1,378,21,10,0.75,1.1771,1.1670,2.3975,0.0000,0.0000,3.9968,0.0000,0.0000,0.0000
1,379,21,10,1,-0.3180,-0.3554,1.0593,0.0000,0.0000,0.0000,0.0000,0.0000,0.0000
1,380,21,10,1.5,2.4831,3.9001,2.1210,0.0000,5.0215,0.0000,0.0000,0.0000,0.0000
1,381,21,20,0.75,2.3240,2.7018,2.9542,0.0000,0.0000,0.0000,0.0000,0.0000,0.0000
1,382,21,20,1,1.4756,1.4487,3.2720,0.0000,4.3706,0.0000,0.0000,0.0000,0.0000
1,383,21,20,1.5,1.9090,1.9688,3.2865,0.0000,0.0000,0.0000,0.0000,0.0000,0.0000
1,384,21,40,0.75,3.5970,5.5700,5.0481,0.0000,0.0000,5.7522,4.7320,4.8529,0.0000
1,385,21,40,1,4.0168,5.4624,7.0653,4.6293,0.0000,4.9953,4.6140,5.3081,5.4030
1,386,21,40,1.5,3.8721,5.2547,5.8807,5.0916,5.0489,5.0759,5.0445,5.8695,5.7484
1,387,21,80,0.75,6.0072,7.2126,8.3239,6.0364,0.0000,6.3087,5.7399,6.0082,5.7120
1,388,21,80,1,6.7395,8.5083,10.1396,6.1840,5.7517,8.0939,7.8116,8.2567,7.7089
1,389,21,80,1.5,8.6246,10.1338,12.4917,7.6171,6.4221,8.8378,7.7485,9.5704,8.6919
1,390,21,160,0.75,13.0615,16.5923,19.8410,12.0123,10.7269,15.4182,13.5614,15.8159,14.2951
1,391,21,160,1,16.3651,18.6949,22.5800,15.1830,15.5025,16.9923,16.6816,19.4580,19.6671
1,392,21,160,1.5,16.6374,18.6717,22.9408,15.1806,14.9162,17.2891,16.8389,19.2917,19.0365
1,393,21,320,0.75,28.9887,32.6127,39.5008,26.1500,23.0120,30.3486,26.7285,33.0227,29.6417
1,394,21,320,1,30.0450,36.0141,43.4562,27.4509,26.6077,32.5035,31.7228,35.5628,35.0627
1,395,21,320,1.5,33.2923,38.9772,46.5786,30.3064,28.8923,36.3520,34.8968,39.3190,38.2330
1,396,22,10,0.75,1.0719,1.2288,1.0867,4.2364,3.6352,0.0000,0.0000,4.4486,4.0402
1,397,22,10,1,0.6214,0.5781,1.4889,0.0000,3.8522,0.0000,4.1547,3.9370,4.1538
1,398,22,10,1.5,-1.0874,-2.2049,-1.8118,3.3248,0.0000,3.5738,0.0000,0.0000,0.0000
1,399,22,20,0.75,0.7867,0.6677,0.5596,4.3374,0.0000,4.9163,4.7456,4.6241,4.8675
1,400,22,20,1,3.1050,2.8636,2.5939,4.5915,0.0000,4.9320,0.0000,0.0000,0.0000
1,401,22,20,1.5,1.1346,-0.9826,0.3315,4.2361,4.6004,4.2648,4.5420,4.2820,4.5910
1,402,22,40,0.75,2.0965,1.3358,1.4678,4.1579,4.1941,4.5016,3.8488,0.0000,4.6252
1,403,22,40,1,1.9389,2.1407,2.1382,0.0000,0.0000,0.0000,0.0000,0.0000,0.0000
1,404,22,40,1.5,2.4746,2.4972,2.8523,4.6084,4.5268,4.1368,0.0000,4.3408,0.0000
1,405,22,80,0.75,3.3583,4.0641,3.7720,0.0000,0.0000,0.0000,4.2465,0.0000,0.0000
1,406,22,80,1,3.8188,3.2499,2.3813,4.3837,0.0000,0.0000,4.2222,0.0000,0.0000
1,407,22,80,1.5,2.3512,1.9296,2.6553,0.0000,3.7987,0.0000,4.4765,4.2434,0.0000
1,408,22,160,0.75,5.9766,4.2730,4.9681,5.7767,4.9086,4.7377,0.0000,0.0000,0.0000
1,409,22,160,1,8.0475,6.5490,6.1477,7.9928,7.5562,6.5983,6.3524,6.2995,6.0945
1,410,22,160,1.5,7.2186,6.0374,5.8372,6.9894,6.7662,6.2452,5.8620,5.7379,5.4998
1,411,22,320,0.75,12.3137,8.2380,9.2974,12.0411,9.6617,8.1934,6.8132,9.0767,7.4545
1,412,22,320,1,14.4974,10.4516,11.8290,13.4905,12.1245,10.3278,9.1005,11.2823,9.6176
1,413,22,320,1.5,14.5587,10.8303,10.5497,14.2635,13.1503,10.8478,9.8614,10.3660,9.8076
1,414,23,10,0.75,1.3219,1.5326,1.2884,0.0000,0.0000,0.0000,0.0000,0.0000,0.0000
1,415,23,10,1,2.9444,1.7724,2.5072,0.0000,0.0000,0.0000,0.0000,0.0000,0.0000
1,416,23,10,1.5,-0.3625,-0.3338,-0.2874,5.3157,4.8813,4.3626,0.0000,3.6971,3.9402
1,417,23,20,0.75,2.3965,1.2439,0.9918,4.1592,4.1153,4.2477,3.9458,0.0000,4.4461
1,418,23,20,1,1.9435,1.8490,1.3414,4.6508,4.1953,0.0000,0.0000,0.0000,0.0000
1,419,23,20,1.5,2.3968,1.8171,2.0740,0.0000,4.0292,3.9922,3.8554,0.0000,0.0000
1,420,23,40,0.75,2.2320,3.7042,4.0156,0.0000,4.6760,3.4344,3.8019,0.0000,0.0000
1,421,23,40,1,2.3090,4.2956,4.5065,0.0000,0.0000,4.4571,0.0000,4.3906,4.2466
1,422,23,40,1.5,3.8755,5.6895,6.5204,0.0000,0.0000,5.6897,4.8622,6.2452,4.9665
1,423,23,80,0.75,6.9477,8.9650,9.1274,6.5223,5.6442,7.7038,7.0502,7.6358,6.4479
1,424,23,80,1,7.3528,8.6428,8.1480,5.9841,5.6273,6.8068,6.7636,6.6165,5.8482
1,425,23,80,1.5,8.4497,9.8283,10.7963,7.2875,7.3932,7.9357,7.8479,9.3076,8.7360
1,426,23,160,0.75,12.6572,15.6446,15.8389,11.9065,10.3604,12.8787,10.9564,13.2779,10.9800
1,427,23,160,1,15.4448,17.9028,18.7655,14.0215,12.7788,14.8628,13.4239,15.9496,14.1250
1,428,23,160,1.5,16.5000,17.6824,19.4795,15.0064,14.4944,14.6899,14.2008,16.0618,15.4934
1,429,23,320,0.75,26.8869,32.0396,34.1827,24.3465,20.3744,25.8679,21.8184,28.1193,23.0034
1,430,23,320,1,30.6066,35.0582,37.9893,27.8579,25.8137,29.0203,27.4121,31.2541,28.5396
1,431,23,320,1.5,31.2087,34.8856,38.5876,28.1888,25.9732,29.4166,27.8746,32.1310,29.2385
1,432,24,10,0.75,0.3941,-0.3229,0.1094,0.0000,0.0000,0.0000,3.8214,4.2836,0.0000
1,433,24,10,1,1.7543,1.3916,1.4089,4.0317,0.0000,0.0000,0.0000,0.0000,0.0000
1,434,24,10,1.5,1.7711,0.4018,1.0139,0.0000,0.0000,4.2779,0.0000,0.0000,0.0000
1,435,24,20,0.75,2.3313,1.2613,3.3830,4.5817,4.2844,4.8886,4.2935,0.0000,0.0000
1,436,24,20,1,0.0430,0.0518,0.4522,0.0000,4.2451,0.0000,0.0000,0.0000,0.0000
1,437,24,20,1.5,0.7679,1.0265,1.7044,0.0000,0.0000,0.0000,0.0000,4.2910,0.0000
1,438,24,40,0.75,2.6958,1.6199,3.1714,0.0000,0.0000,3.9067,0.0000,0.0000,0.0000
1,439,24,40,1,3.8529,4.5128,3.6962,0.0000,0.0000,4.6870,4.4895,0.0000,0.0000
1,440,24,40,1.5,3.1740,2.6045,2.4788,0.0000,0.0000,4.2139,0.0000,0.0000,0.0000
1,441,24,80,0.75,5.4111,5.4129,4.8395,5.6408,5.2833,5.0833,5.0578,4.3448,4.8048
1,442,24,80,1,4.2376,4.1640,4.4271,4.9612,5.2181,5.0210,0.0000,5.0425,5.6121
1,443,24,80,1.5,5.3502,5.4674,5.5171,5.1063,0.0000,5.2250,4.3345,5.4090,4.5454
1,444,24,160,0.75,9.1850,7.8654,8.8456,8.2878,7.0571,7.3726,6.2408,7.9097,6.2982
1,445,24,160,1,9.4015,8.6735,9.1454,8.7590,8.3965,8.1749,7.2003,8.4173,7.5329
1,446,24,160,1.5,10.9891,9.7819,10.8126,10.3424,9.4424,9.4177,8.2497,10.2529,9.3615
1,447,24,320,0.75,18.1968,15.5737,17.4187,16.6406,13.6967,14.7522,12.2435,15.4364,12.8734
1,448,24,320,1,19.0945,17.3082,18.5583,17.8237,16.2056,16.3963,15.8882,16.9835,15.8274
1,449,24,320,1.5,18.9447,16.6949,20.2386,17.6640,16.3742,15.7395,14.7480,18.8168,16.9319
1,450,25,10,0.75,1.2155,1.7251,3.4031,0.0000,3.8951,0.0000,0.0000,0.0000,0.0000
1,451,25,10,1,0.4773,0.7229,1.9069,4.2688,4.5077,0.0000,4.4354,4.3259,4.3041
1,452,25,10,1.5,1.4089,1.7017,3.3622,0.0000,0.0000,4.1540,4.1935,5.0438,4.7719
1,453,25,20,0.75,4.1757,3.9384,5.5894,0.0000,0.0000,0.0000,0.0000,4.8321,0.0000
1,454,25,20,1,4.1245,4.8307,6.6526,0.0000,3.8529,4.3216,4.1497,5.7378,5.6289
1,455,25,20,1.5,5.5428,6.0439,8.8398,4.2694,4.6282,5.2188,4.6743,7.4051,6.7122
1,456,25,40,0.75,7.6057,9.7803,12.4488,5.2360,0.0000,6.7908,5.9681,9.0179,7.3237
1,457,25,40,1,9.3446,11.4066,14.2837,8.1037,7.7849,8.0094,6.9107,12.0100,11.9239
1,458,25,40,1.5,8.9793,11.0922,13.3561,7.0166,7.3000,7.3949,6.2854,10.4918,10.1517
1,459,25,80,0.75,16.4291,21.2702,25.5569,11.7622,10.7088,14.3638,11.1134,19.9848,16.9966
1,460,25,80,1,16.6967,20.4325,27.3894,12.3211,12.5172,14.9200,12.5545,21.9479,20.5287
1,461,25,80,1.5,19.3195,22.4562,29.8421,14.8799,14.4445,16.5936,12.6471,25.2076,23.1657
1,462,25,160,0.75,30.4752,39.3347,48.6368,22.4387,19.2417,27.3508,19.4219,38.8373,32.2909
1,463,25,160,1,34.8481,43.5032,55.5984,26.5695,26.1883,31.6777,24.2945,45.0330,42.8614
1,464,25,160,1.5,38.6783,45.7616,58.1014,29.0628,28.4918,32.4782,23.8794,46.5499,44.1206
1,465,25,320,0.75,64.6207,80.5835,100.7298,48.9199,43.5941,58.2327,37.7152,80.6126,68.0139
1,466,25,320,1,71.0467,87.5357,111.0101,52.8169,51.4033,63.4156,45.2769,89.5016,83.9913
1,467,25,320,1.5,78.6235,92.8240,119.8660,59.3454,57.0579,66.6665,48.3928,97.9955,90.9090
1,468,26,10,0.75,2.1567,1.1774,2.5275,0.0000,0.0000,4.0316,0.0000,0.0000,0.0000
1,469,26,10,1,1.1030,1.9486,3.1167,4.4756,4.2663,4.1912,3.8865,4.6555,4.2480
1,470,26,10,1.5,1.4613,1.9033,3.6031,4.2881,4.4957,4.6149,0.0000,0.0000,4.8550
1,471,26,20,0.75,4.8267,3.4362,6.0531,4.6535,4.8648,4.4214,5.0597,5.2298,4.7742
1,472,26,20,1,3.8860,4.6360,5.8601,0.0000,0.0000,4.7817,4.9907,4.8841,4.5833
1,473,26,20,1.5,5.7818,5.8850,6.9902,0.0000,0.0000,4.9005,4.7299,5.3087,5.0826
1,474,26,40,0.75,8.7258,8.2943,12.0804,8.5667,7.9391,8.0464,7.4420,10.9991,10.0705
1,475,26,40,1,8.8566,8.4008,12.1468,7.6484,7.2752,7.4380,7.2995,9.7785,9.2974
1,476,26,40,1.5,9.0282,8.8076,12.8337,7.5389,7.8511,7.4569,7.3271,10.4079,10.5869
1,477,26,80,0.75,17.6299,16.7924,22.8301,14.9879,12.8866,14.3286,12.7827,18.9472,16.3292
1,478,26,80,1,18.5246,18.2474,24.2507,16.6228,16.3558,16.2792,16.5170,19.6948,19.5681
1,479,26,80,1.5,21.2809,18.8703,26.1934,18.2338,17.1802,16.5866,16.2253,22.3892,20.8778
1,480,26,160,0.75,35.8076,33.2564,45.9009,32.2072,28.0369,30.1987,26.8318,38.8751,34.0712
1,481,26,160,1,39.8420,36.7673,51.4349,33.3513,32.0147,32.4565,32.0568,41.4723,39.9933
1,482,26,160,1.5,42.3306,37.8193,53.5319,35.2253,34.5950,33.1197,33.4576,43.5005,42.9218
1,483,26,320,0.75,69.7304,64.7061,89.7085,61.3951,53.2494,57.3401,50.5948,74.6381,64.9766
1,484,26,320,1,77.7605,71.2392,100.1773,67.4596,66.1283,63.5275,63.7321,82.7222,80.2756
1,485,26,320,1.5,84.9640,77.3659,108.2422,72.7408,70.5219,68.0200,67.5087,88.7453,85.5464
1,486,27,10,0.75,2.7911,2.8730,2.3603,4.4720,4.3810,0.0000,0.0000,0.0000,4.5359
1,487,27,10,1,2.3018,1.8667,2.1696,0.0000,0.0000,3.8110,3.7728,0.0000,0.0000
1,488,27,10,1.5,2.5934,3.2840,3.9453,0.0000,4.1426,0.0000,4.6430,4.4759,4.6632
1,489,27,20,0.75,3.1303,4.4590,5.6527,4.6061,0.0000,4.8699,4.5617,0.0000,0.0000
1,490,27,20,1,4.5103,5.9497,7.6656,5.4708,5.5472,6.0332,6.2152,6.0969,6.2836
1,491,27,20,1.5,4.0764,3.4552,5.7147,0.0000,0.0000,0.0000,0.0000,4.6821,4.5302
1,492,27,40,0.75,5.7323,6.1785,11.2176,4.9882,4.8711,5.5632,5.1365,6.3773,6.0501
1,493,27,40,1,9.2163,9.3269,14.0542,6.6946,7.6241,7.6643,6.9170,7.6814,9.8641
1,494,27,40,1.5,7.9790,8.8628,14.0255,6.5487,6.5939,7.7575,7.6423,8.5291,9.9183
1,495,27,80,0.75,14.1808,15.7647,23.9923,11.4265,9.9518,13.9986,11.4654,14.8023,16.0204
1,496,27,80,1,16.2382,17.7632,25.5904,12.7662,13.6097,13.7687,13.2105,14.6845,19.3274
1,497,27,80,1.5,16.6533,18.8043,27.7748,13.7304,13.1613,16.5628,14.4263,17.7171,19.5911
1,498,27,160,0.75,27.4514,32.9314,48.2156,21.1825,19.6673,26.9382,22.0699,27.3608,29.4114
1,499,27,160,1,33.7050,38.3363,54.7716,25.9944,26.9605,33.1949,29.1533,32.2318,38.5984
1,500,27,160,1.5,35.8605,38.4137,58.1269,27.3951,28.0761,32.8222,28.4673,33.1630,40.6507
1,501,27,320,0.75,56.6203,65.6922,96.4715,43.8290,41.6244,55.9070,43.4945,55.2731,60.8669
1,502,27,320,1,64.5680,72.3934,108.6280,48.1138,51.4960,60.5312,53.2398,61.4302,77.1108
1,503,27,320,1.5,69.3311,75.4203,115.9448,53.0342,55.2934,63.5794,56.2650,64.4195,79.8691
1,504,28,10,0.75,2.4324,3.1992,1.6301,0.0000,0.0000,4.5587,0.0000,0.0000,0.0000
1,505,28,10,1,0.5471,1.1015,0.5768,4.3480,0.0000,0.0000,0.0000,0.0000,0.0000
1,506,28,10,1.5,1.9520,2.6021,2.4593,4.1005,3.8432,3.9869,0.0000,0.0000,0.0000
1,507,28,20,0.75,2.4989,3.2738,2.9620,0.0000,0.0000,0.0000,4.2860,3.3293,0.0000
1,508,28,20,1,2.2826,3.4271,3.0078,0.0000,0.0000,4.3992,4.3625,3.8702,0.0000
1,509,28,20,1.5,2.7922,2.2513,2.4586,0.0000,3.6932,0.0000,0.0000,0.0000,3.7194
1,510,28,40,0.75,8.0534,6.9690,7.8664,7.5070,6.6626,6.5874,5.8890,7.7036,6.7023
1,511,28,40,1,6.7753,6.0732,7.2285,5.6542,5.8433,5.6429,5.4111,5.9655,5.8120
1,512,28,40,1.5,6.4315,6.6754,7.2828,5.9028,5.8456,6.0398,5.7233,7.0421,6.4072
1,513,28,80,0.75,12.5328,12.1789,12.5561,12.1001,10.4157,11.2232,9.7052,11.9064,10.0079
1,514,28,80,1,13.0059,11.3140,13.4714,10.9597,10.7432,9.4591,9.3543,11.3787,11.3642
1,515,28,80,1.5,15.2393,13.8807,15.5420,13.0278,12.9952,11.9371,11.6320,13.5433,13.2499
1,516,28,160,0.75,23.2373,21.4066,25.7837,21.4402,18.9713,19.7640,17.1797,23.5629,21.2069
1,517,28,160,1,25.5954,23.4188,26.7687,22.5214,22.7841,20.6556,20.9560,23.3758,23.8111
1,518,28,160,1.5,28.5006,26.0446,30.3678,24.9926,24.2361,22.7085,22.1285,26.3857,25.4322
1,519,28,320,0.75,48.4043,45.1779,52.0121,44.6965,39.5052,41.4883,36.5084,47.1910,41.3198
1,520,28,320,1,52.0744,48.5275,55.6786,46.9723,46.8517,44.0451,43.9683,49.9515,49.6332
1,521,28,320,1.5,56.1897,51.1278,60.5022,48.7602,48.8920,44.6149,44.5330,52.9012,52.8814
1,522,29,10,0.75,2.4222,4.0285,3.1632,0.0000,0.0000,0.0000,0.0000,0.0000,0.0000
1,523,29,10,1,1.4049,2.2072,2.1886,3.8223,4.1804,4.2059,4.5047,4.1629,4.7102
1,524,29,10,1.5,1.4644,2.8946,2.7076,0.0000,0.0000,0.0000,0.0000,0.0000,3.9796
1,525,29,20,0.75,4.1582,6.3070,4.4983,4.1944,0.0000,4.5143,0.0000,0.0000,4.0039
1,526,29,20,1,4.1179,5.8226,5.1021,0.0000,0.0000,4.4185,5.0452,0.0000,0.0000
1,527,29,20,1.5,3.8037,5.8645,5.0222,4.2443,4.2197,5.2997,5.4512,5.0831,4.3766
1,528,29,40,0.75,8.6504,12.8727,10.2981,5.7433,5.0643,9.5805,7.3506,6.1140,5.1466
1,529,29,40,1,9.9269,13.9201,13.0031,7.4185,8.2736,10.6227,10.1077,7.8450,8.5038
1,530,29,40,1.5,8.4871,12.9521,10.5061,6.2725,6.1469,9.0354,8.5853,6.9476,6.6320
1,531,29,80,0.75,12.6886,21.5039,18.1091,10.3097,9.0821,15.5786,13.7056,12.9632,10.6399
1,532,29,80,1,17.3908,25.3791,22.3741,13.3225,12.5106,18.4018,17.4026,13.8536,12.3599
1,533,29,80,1.5,18.0438,25.9864,22.4374,12.4173,12.1509,18.2925,17.3715,13.7927,12.3216
1,534,29,160,0.75,30.7376,44.9537,40.6240,22.8300,19.8957,31.9239,28.9102,25.3277,20.0305
1,535,29,160,1,34.1619,48.7484,43.6191,24.8539,24.5209,35.6557,36.1420,29.4886,27.6896
1,536,29,160,1.5,37.6213,52.7639,46.6560,27.9113,27.4056,38.2888,38.3831,29.7398,26.3162
1,537,29,320,0.75,62.3586,91.8033,81.7200,46.5715,40.2434,65.7409,58.0420,51.9851,42.1273
1,538,29,320,1,70.0178,99.3378,87.7999,51.3878,50.5865,71.7945,72.0275,54.6081,49.6325
1,539,29,320,1.5,76.5348,105.0636,93.6834,55.3203,54.3168,76.2869,76.3207,58.6454,52.7973
1,540,30,10,0.75,0.0282,0.9111,0.8023,4.2431,0.0000,0.0000,0.0000,4.2729,4.2593
1,541,30,10,1,1.1775,1.0476,2.0442,0.0000,0.0000,0.0000,0.0000,0.0000,0.0000
1,542,30,10,1.5,1.4217,1.2443,2.9466,0.0000,0.0000,4.7414,0.0000,0.0000,0.0000
1,543,30,20,0.75,4.1821,4.2093,4.2946,0.0000,0.0000,4.1570,0.0000,0.0000,4.1196
1,544,30,20,1,2.6780,3.3650,3.8302,0.0000,4.0146,0.0000,0.0000,0.0000,0.0000
1,545,30,20,1.5,5.1898,5.7006,6.4801,4.4195,4.5718,5.1672,5.0814,5.2744,5.4378
1,546,30,40,0.75,5.9427,7.4778,8.1780,4.9684,0.0000,6.0707,5.7475,5.3064,5.8265
1,547,30,40,1,6.9127,7.9770,8.8804,6.2891,6.3100,6.5384,6.9068,6.2445,6.3102
1,548,30,40,1.5,7.1404,7.7417,8.6551,6.1504,6.0610,6.5036,6.7162,5.7763,6.3095
1,549,30,80,0.75,12.7807,16.5858,17.9351,10.7304,10.3162,13.3354,13.0775,10.2851,12.0876
1,550,30,80,1,16.0741,18.0737,18.5391,14.4939,15.0701,15.9371,16.8023,11.3285,14.7537
1,551,30,80,1.5,16.5286,19.4854,20.8448,13.7700,13.7851,16.2438,16.7792,12.2493,15.3135
1,552,30,160,0.75,27.2413,33.6998,35.3718,22.9799,21.3186,28.3638,26.8636,21.3229,24.0956
1,553,30,160,1,31.4776,35.9301,38.6139,27.4187,27.8913,30.3897,32.4796,22.8716,29.5394
1,554,30,160,1.5,32.4751,36.4451,39.4857,27.5262,29.0558,30.6877,33.2816,22.7248,30.9744
1,555,30,320,0.75,53.6635,63.9541,69.0150,45.4392,43.2460,53.2048,50.4403,40.9017,47.6085
1,556,30,320,1,59.5761,70.5530,75.6589,50.9459,52.5950,59.8303,64.2277,44.5480,59.1843
1,557,30,320,1.5,65.8046,75.0920,80.8132,55.6886,58.0146,63.8197,68.0211,47.7351,63.4157
1,558,31,10,0.75,-0.0300,-0.2853,2.2856,0.0000,0.0000,3.6692,0.0000,0.0000,0.0000
1,559,31,10,1,1.2830,1.8531,3.3177,0.0000,0.0000,4.6023,4.2464,4.1136,4.3281
1,560,31,10,1.5,0.3881,1.8871,2.3726,0.0000,0.0000,4.1442,0.0000,0.0000,0.0000
1,561,31,20,0.75,2.7819,2.6358,3.3299,0.0000,0.0000,0.0000,4.3123,0.0000,0.0000
1,562,31,20,1,1.8047,2.2493,4.0318,5.0943,5.2270,4.2453,4.3498,0.0000,0.0000
1,563,31,20,1.5,3.6958,2.3356,5.2067,0.0000,0.0000,0.0000,0.0000,5.4055,5.4214
1,564,31,40,0.75,3.4489,4.2500,6.5686,0.0000,0.0000,4.6714,4.5861,6.5110,6.2379
1,565,31,40,1,5.5529,4.0053,7.9184,5.9481,5.6338,0.0000,0.0000,7.7181,8.1429
1,566,31,40,1.5,5.6037,4.3155,9.6434,5.5867,5.0435,0.0000,4.5095,9.5346,8.3969
1,567,31,80,0.75,9.6510,10.0743,15.4899,9.3957,7.7553,10.3855,9.4587,15.3694,13.3534
1,568,31,80,1,9.3853,10.3243,17.5316,9.5353,9.4106,10.2886,10.6279,17.2970,16.9855
1,569,31,80,1.5,12.5686,12.4997,20.9457,12.3553,12.0896,12.6919,11.1952,20.6960,19.4009
1,570,31,160,0.75,20.8024,20.3864,30.3475,20.1583,17.9944,20.1428,16.8806,30.4664,26.3931
1,571,31,160,1,21.5985,20.7525,36.2247,20.9860,20.1844,20.3056,19.5637,35.3935,32.5112
1,572,31,160,1.5,22.9398,21.9059,39.2022,21.9525,20.7586,21.6807,20.2345,38.1123,35.5336
1,573,31,320,0.75,38.0281,37.9034,61.4557,37.2824,33.0122,37.3659,32.2190,61.5170,52.5697
1,574,31,320,1,43.8839,42.8794,70.5772,42.6328,41.7694,42.2250,41.4091,69.8560,65.9299
1,575,31,320,1.5,46.7691,43.7799,79.1524,45.0815,42.8361,43.0316,41.1983,76.8519,70.9094
1,576,32,10,0.75,1.4942,1.7309,2.1580,0.0000,0.0000,0.0000,0.0000,4.6165,4.3033
1,577,32,10,1,1.2573,1.4728,0.8104,0.0000,0.0000,0.0000,0.0000,4.2732,0.0000
1,578,32,10,1.5,1.1554,1.4341,0.9619,4.1560,3.9934,0.0000,4.3729,4.3426,4.8224
1,579,32,20,0.75,0.2514,1.4084,1.5601,4.4537,0.0000,0.0000,0.0000,3.7303,0.0000
1,580,32,20,1,1.9395,2.4203,1.8785,0.0000,0.0000,0.0000,0.0000,0.0000,0.0000
1,581,32,20,1.5,2.5500,2.3577,2.3660,0.0000,0.0000,0.0000,0.0000,4.2439,0.0000
1,582,32,40,0.75,5.4496,6.1479,5.7665,4.8944,0.0000,5.7564,4.3492,4.7995,0.0000
1,583,32,40,1,4.8776,5.9190,4.6560,5.1680,4.9359,5.3263,5.3975,4.6192,4.3290
1,584,32,40,1.5,4.0568,5.6794,3.1838,0.0000,0.0000,4.5492,4.7587,0.0000,0.0000
1,585,32,80,0.75,8.1064,8.6289,6.9067,6.8688,5.4042,7.3080,6.0283,5.8165,5.1134
1,586,32,80,1,9.6406,9.2661,8.8473,8.5664,8.3793,8.6194,8.4646,7.5162,7.2998
1,587,32,80,1.5,7.5669,8.5428,8.1430,6.5225,6.1935,7.3612,6.6509,6.1967,6.2597
1,588,32,160,0.75,17.8950,18.7297,17.1604,14.7511,13.0974,16.1099,12.6966,13.7937,12.4725
1,589,32,160,1,19.3505,21.0197,18.7036,16.1317,16.2727,17.5682,16.6447,15.4627,15.3416
1,590,32,160,1.5,18.4258,20.0664,17.6455,15.9266,14.3566,17.7053,15.7374,14.8027,13.7330
1,591,32,320,0.75,33.8660,37.1352,32.6474,28.5549,23.7115,31.9312,25.0921,26.5389,21.7559
1,592,32,320,1,35.8347,38.5984,35.0761,30.3487,28.9301,33.4330,30.4148,28.5433,27.3849
1,593,32,320,1.5,41.2834,42.9706,39.4268,36.0914,31.8279,37.6311,33.6456,32.1390,29.5530
1,594,33,10,0.75,1.8675,2.7122,3.4414,0.0000,4.6387,0.0000,0.0000,0.0000,4.4557
1,595,33,10,1,1.7264,2.9725,3.4613,0.0000,0.0000,0.0000,0.0000,0.0000,0.0000
1,596,33,10,1.5,1.8121,3.6495,3.3829,4.0997,4.2252,0.0000,4.0139,0.0000,0.0000
1,597,33,20,0.75,3.2486,4.3488,4.0969,0.0000,0.0000,0.0000,4.1913,0.0000,0.0000
1,598,33,20,1,2.8585,5.5428,4.7815,3.3594,3.8020,5.3502,0.0000,4.9783,0.0000
1,599,33,20,1.5,4.5528,5.8187,5.4037,4.6251,0.0000,5.7660,0.0000,5.0723,4.4976
1,600,33,40,0.75,5.6515,9.0454,8.8430,5.4089,0.0000,8.9749,6.5308,8.4171,6.4080
1,601,33,40,1,5.9846,9.1099,7.8796,6.5121,6.0755,9.6833,8.6109,8.6644,7.8467
1,602,33,40,1.5,7.3938,12.0278,11.0131,7.0823,7.1253,11.5437,8.7945,10.2126,8.5582
1,603,33,80,0.75,10.0219,19.5200,16.2905,9.8579,7.5696,19.2041,12.8265,15.8091,11.0440
1,604,33,80,1,14.2373,21.9028,19.5840,14.1602,12.8166,21.4752,15.6435,18.8076,14.5104
1,605,33,80,1.5,12.9951,21.9284,19.6850,13.0193,11.2951,21.3382,15.3641,18.9497,13.5417
1,606,33,160,0.75,23.3804,39.1966,34.5804,23.0772,19.3900,38.4592,25.9729,33.2876,24.0104
1,607,33,160,1,24.8446,42.4247,35.5030,24.9565,22.5384,41.5901,31.0366,34.1905,27.5952
1,608,33,160,1.5,28.8003,45.8431,40.6325,28.6107,25.3149,44.9974,33.0549,39.2910,30.2344
1,609,33,320,0.75,47.4340,78.1551,69.1209,47.0121,38.9671,77.1607,52.2338,66.6311,47.4264
1,610,33,320,1,49.7984,84.9759,73.5351,49.1049,43.7758,82.6525,62.9097,70.3190,55.4033
1,611,33,320,1.5,57.3316,94.0610,80.6919,56.4125,50.2041,91.7100,66.7569,76.9598,58.5080
1,612,34,10,0.75,2.4902,3.9465,2.0364,0.0000,0.0000,4.1849,0.0000,4.5139,4.1912
1,613,34,10,1,2.3616,2.2421,3.3736,0.0000,3.7574,4.0679,0.0000,4.4956,0.0000
1,614,34,10,1.5,2.1669,2.4432,2.8140,3.9170,0.0000,3.9268,3.9709,0.0000,0.0000
1,615,34,20,0.75,4.3760,5.0549,6.9427,0.0000,4.3600,4.7238,4.7322,0.0000,4.5249
1,616,34,20,1,3.1337,4.4536,6.2684,0.0000,0.0000,0.0000,0.0000,0.0000,0.0000
1,617,34,20,1.5,3.1812,5.5911,6.3767,4.8739,4.8451,5.4444,5.2141,4.3664,4.5601
1,618,34,40,0.75,7.9116,11.7075,13.9361,7.4513,6.5052,10.8398,9.7388,8.1852,7.7506
1,619,34,40,1,8.1659,11.0183,13.5003,6.5324,6.8662,10.0980,10.3865,8.6772,9.4398
1,620,34,40,1.5,6.7715,10.2135,13.4661,5.6895,6.0807,9.5431,9.8049,6.8142,7.3649
1,621,34,80,0.75,13.7306,19.6725,25.2973,10.6676,9.9708,17.3997,15.0488,13.7453,13.6984
1,622,34,80,1,14.3053,20.2048,27.9868,10.4369,10.4173,18.2203,17.5489,14.1624,15.8394
1,623,34,80,1.5,16.5859,23.0102,29.9091,12.2098,12.9461,20.9195,20.6781,16.5307,17.3947
1,624,34,160,0.75,26.9755,38.9251,51.2058,21.2995,20.0647,35.6361,31.2733,26.7772,27.1978
1,625,34,160,1,29.1624,41.8377,55.7511,22.9699,23.4732,37.5373,36.8285,30.6141,33.2165
1,626,34,160,1.5,30.5896,44.5639,58.5162,23.2357,24.0912,39.5179,39.0669,32.5144,33.5152
1,627,34,320,0.75,53.2688,79.1076,102.4426,41.6618,39.1831,71.3646,62.7516,54.9345,53.9694
1,628,34,320,1,58.3463,84.0886,111.8736,43.3204,45.5109,74.8472,74.0651,59.2809,66.8009
1,629,34,320,1.5,63.3805,90.9266,118.9037,47.9047,50.4580,81.5369,80.2236,63.1297,69.6673
1,630,35,10,0.75,4.2111,3.7821,3.3322,4.1535,4.3552,0.0000,0.0000,4.7935,4.6277
1,631,35,10,1,4.4141,4.2065,4.1205,0.0000,0.0000,0.0000,0.0000,4.2877,4.4073
1,632,35,10,1.5,2.7099,2.8373,3.2934,0.0000,0.0000,0.0000,0.0000,4.3078,3.9726
1,633,35,20,0.75,2.3621,2.1305,3.6951,0.0000,3.9996,0.0000,0.0000,5.1084,5.2589
1,634,35,20,1,1.9849,3.6317,5.2616,0.0000,3.8894,0.0000,0.0000,5.1561,5.3504
1,635,35,20,1.5,4.0585,5.8666,6.4139,0.0000,0.0000,5.9156,5.8332,6.2054,5.8174
1,636,35,40,0.75,5.8026,8.0478,10.5932,6.4383,6.5663,7.9564,6.4763,10.3234,8.5596
1,637,35,40,1,7.7689,10.3463,11.2753,7.8089,8.3695,10.3905,10.9777,11.2613,12.2903
1,638,35,40,1.5,7.3529,9.0953,11.3185,7.5336,7.3520,8.9966,8.8527,11.1743,11.0148
1,639,35,80,0.75,12.8128,18.2350,20.0538,12.4982,11.0883,18.0341,15.8186,19.6135,17.7660
1,640,35,80,1,13.8047,19.3274,22.9814,13.9385,13.7548,19.3779,18.8810,22.7927,22.0066
1,641,35,80,1.5,16.7259,23.4533,26.3580,16.3602,16.0357,23.1677,22.6007,26.0032,25.5125
1,642,35,160,0.75,26.6254,37.2613,42.5650,26.2334,23.2877,36.9311,31.8792,42.0172,36.2100
1,643,35,160,1,27.9391,38.9627,46.3196,27.3982,27.2316,38.6113,37.2466,45.6298,44.9717
1,644,35,160,1.5,32.5067,42.8916,49.6050,31.6982,30.9625,42.4359,40.9212,48.4829,47.1539
1,645,35,320,0.75,52.6307,72.8046,83.0412,51.3050,45.2876,72.2027,61.1390,81.3451,70.8275
1,646,35,320,1,57.9234,77.9253,89.2881,56.9797,54.7812,77.3552,73.3049,87.9580,85.1333
1,647,35,320,1.5,62.6819,82.5683,97.6971,61.7900,58.8964,81.8311,77.5295,96.8474,92.0464
2,0,0,10,0.75,2.7382,1.7841,1.6076,3.7242,4.0280,0.0000,0.0000,0.0000,0.0000
2,1,0,10,1,2.1900,2.7799,2.8058,0.0000,0.0000,4.4601,0.0000,0.0000,0.0000
2,2,0,10,1.5,1.3413,2.0396,3.3344,0.0000,0.0000,0.0000,0.0000,0.0000,0.0000
2,3,0,20,0.75,4.2690,2.7698,5.0179,4.6385,4.1366,0.0000,0.0000,4.8570,4.2462
2,4,0,20,1,3.5962,1.8269,3.7761,4.1435,4.0533,4.5079,0.0000,0.0000,0.0000
2,5,0,20,1.5,5.7947,5.4726,5.7013,4.7134,5.1480,4.7501,4.9489,4.8591,5.4114
2,6,0,40,0.75,6.6194,5.5171,9.4306,7.1470,6.9083,5.4890,4.9312,7.4016,7.0016
2,7,0,40,1,7.9246,5.9771,13.2241,6.9102,6.7582,6.3724,6.4149,9.8515,9.5907
2,8,0,40,1.5,6.1632,5.0477,10.3250,5.3887,5.3110,5.9523,5.5687,7.8280,7.4838
2,9,0,80,0.75,13.2611,9.8719,17.5609,10.2432,9.6033,8.7073,7.8687,12.1295,11.4872
2,10,0,80,1,13.9701,10.1120,20.8512,12.0861,11.2924,9.5525,9.6682,15.4010,14.7373
2,11,0,80,1.5,14.6801,12.1114,21.1804,12.7576,11.3275,11.4235,10.8786,15.4972,15.4683
2,12,0,160,0.75,25.0628,20.9958,34.4317,21.4087,17.5476,19.0847,16.1154,24.5426,22.6818
2,13,0,160,1,28.7363,24.0484,39.0862,24.5125,23.2247,22.1808,21.1941,28.9435,30.0208
2,14,0,160,1.5,30.2384,23.2073,41.8047,25.4569,23.8642,20.7808,19.6291,29.6634,31.3157
2,15,0,320,0.75,50.0140,42.2127,71.7720,42.6667,35.5159,38.0599,31.9588,52.4950,46.7066
2,16,0,320,1,54.6729,43.6689,77.7026,46.4054,43.4378,39.3824,37.6612,55.9424,56.5591
2,17,0,320,1.5,60.7466,47.7888,83.1187,50.0877,46.7573,42.4472,41.0420,58.4979,60.9523
2,18,1,10,0.75,1.2152,0.5262,1.8678,0.0000,0.0000,0.0000,0.0000,0.0000,0.0000
2,19,1,10,1,0.2724,0.8340,-0.7834,5.3231,5.2392,0.0000,0.0000,0.0000,0.0000
2,20,1,10,1.5,-0.2513,-0.6529,-0.4935,0.0000,4.3310,0.0000,0.0000,0.0000,0.0000
2,21,1,20,0.75,-0.7615,-0.1384,0.8228,3.9509,3.8926,0.0000,0.0000,4.1696,0.0000
2,22,1,20,1,0.2219,0.1342,0.2135,0.0000,0.0000,0.0000,0.0000,0.0000,0.0000
2,23,1,20,1.5,1.1013,0.0777,0.7895,4.1475,0.0000,0.0000,0.0000,0.0000,0.0000
2,24,1,40,0.75,2.5256,2.5933,2.9185,0.0000,0.0000,0.0000,0.0000,0.0000,4.2590
2,25,1,40,1,1.3821,2.5082,1.5798,4.4161,4.0735,3.6890,3.8107,4.4490,3.8949
2,26,1,40,1.5,-0.9380,-1.4122,-1.6392,0.0000,0.0000,0.0000,0.0000,0.0000,0.0000
2,27,1,80,0.75,1.3274,5.0047,4.1405,0.0000,0.0000,4.5824,4.4184,4.1743,3.8871
2,28,1,80,1,1.1721,2.0879,2.7585,0.0000,0.0000,0.0000,0.0000,0.0000,4.4387
2,29,1,80,1.5,1.4635,1.2894,2.3466,0.0000,0.0000,0.0000,4.3499,0.0000,0.0000
2,30,1,160,0.75,5.5623,6.1490,5.2461,4.5834,0.0000,6.2376,5.2667,5.2571,4.5029
2,31,1,160,1,4.6741,5.9867,5.8969,0.0000,0.0000,5.4792,5.0856,5.0402,4.3660
2,32,1,160,1.5,4.9913,6.4859,5.7282,4.5447,4.8855,6.3700,6.6805,5.6275,5.4687
2,33,1,320,0.75,4.4687,9.8671,9.1210,0.0000,0.0000,8.5761,6.7338,7.3072,5.9074
2,34,1,320,1,7.4034,11.9760,10.7935,7.2492,6.2429,11.6151,10.1623,10.1932,8.4717
2,35,1,320,1.5,7.0535,11.0189,9.9561,6.1765,6.3082,10.1784,9.9642,8.9108,8.8147
2,36,2,10,0.75,-1.1885,-0.8738,-0.4174,3.9922,4.0143,4.4694,4.1364,0.0000,0.0000
2,37,2,10,1,2.3739,3.0543,2.0762,0.0000,0.0000,4.1269,4.2724,0.0000,3.5417
2,38,2,10,1.5,-1.7429,-1.2662,-0.5629,0.0000,4.1500,0.0000,0.0000,0.0000,0.0000
2,39,2,20,0.75,-2.6256,-1.2981,-2.0613,0.0000,0.0000,0.0000,0.0000,0.0000,0.0000
2,40,2,20,1,1.6344,1.9404,1.2160,4.9091,4.1924,4.4023,4.3398,4.4023,4.4028
2,41,2,20,1.5,2.3352,1.9038,2.0310,4.9591,4.8020,4.3788,4.4222,4.4936,4.5273
2,42,2,40,0.75,2.1166,2.4943,2.8029,0.0000,3.9305,0.0000,0.0000,0.0000,0.0000
2,43,2,40,1,0.1223,-0.3656,0.1494,0.0000,0.0000,0.0000,0.0000,0.0000,0.0000
2,44,2,40,1.5,1.9132,2.8278,2.2813,4.3108,4.3064,3.7916,4.5038,0.0000,4.1175
2,45,2,80,0.75,3.3280,3.2307,3.8553,4.5193,0.0000,0.0000,0.0000,4.3663,4.5282
2,46,2,80,1,3.3254,4.2836,4.5267,0.0000,0.0000,5.5540,5.1513,5.0023,0.0000
2,47,2,80,1.5,3.9506,5.0691,4.2161,4.9735,4.7556,5.4071,4.6444,4.8431,5.0681
2,48,2,160,0.75,9.1642,8.8568,9.6952,8.3273,7.8093,7.9333,7.3904,8.9046,8.2717
2,49,2,160,1,10.5736,10.2533,10.6308,9.1795,8.9334,8.9495,9.0623,9.2122,8.9426
2,50,2,160,1.5,10.5258,11.0559,11.4829,10.2291,10.4940,10.4385,10.5367,10.5170,10.6242
2,51,2,320,0.75,16.0434,17.8994,19.6541,13.8048,11.8300,16.6041,14.2654,16.4739,14.2689
2,52,2,320,1,18.9275,20.7404,22.5749,16.0392,15.1885,18.6791,17.6894,19.0103,18.2965
2,53,2,320,1.5,19.1007,20.9184,21.1461,16.8482,16.7239,18.7794,18.9119,18.1200,18.1542
2,54,3,10,0.75,-0.4751,-0.5414,-0.6256,3.7930,3.9184,4.3045,0.0000,0.0000,0.0000
2,55,3,10,1,2.0781,1.3102,2.6295,0.0000,0.0000,4.0994,4.0059,3.8794,0.0000
2,56,3,10,1.5,0.3208,-0.0317,-0.4707,4.8705,4.5153,4.5410,4.4526,4.9477,4.6166
2,57,3,20,0.75,-1.1601,-2.1099,-1.1301,0.0000,0.0000,3.8888,0.0000,3.7453,0.0000
2,58,3,20,1,2.2441,0.5857,1.7232,0.0000,3.1625,0.0000,0.0000,0.0000,0.0000
2,59,3,20,1.5,0.9167,-0.2150,1.4324,0.0000,0.0000,0.0000,4.2972,0.0000,0.0000
2,60,3,40,0.75,0.5439,-0.3175,1.6419,0.0000,0.0000,0.0000,0.0000,0.0000,0.0000
2,61,3,40,1,1.1838,-1.5934,0.6009,0.0000,0.0000,0.0000,4.1295,4.4367,4.3561
2,62,3,40,1.5,0.7601,-1.4277,0.4017,0.0000,0.0000,4.2612,0.0000,3.6855,0.0000
2,63,3,80,0.75,2.9792,1.3332,1.7829,4.5373,3.8164,0.0000,3.5882,4.7564,0.0000
2,64,3,80,1,2.4547,2.5755,1.6968,4.5149,4.5491,4.8211,4.4985,4.4177,4.3953
2,65,3,80,1.5,2.6424,1.3256,2.0601,0.0000,0.0000,4.4480,4.4830,0.0000,0.0000
2,66,3,160,0.75,6.5046,5.3065,5.7137,5.3724,4.6954,4.6716,0.0000,5.1339,5.0370
2,67,3,160,1,7.5582,4.3605,5.6799,7.3273,6.9434,0.0000,0.0000,0.0000,0.0000
2,68,3,160,1.5,9.1296,5.3443,7.4651,7.1530,7.5938,4.9576,4.4430,6.3128,5.7865
2,69,3,320,0.75,12.2143,8.6188,10.7890,11.1236,9.1406,8.0272,7.3767,9.4907,7.9306
2,70,3,320,1,12.2699,7.3626,10.5764,9.7334,9.3889,6.5951,5.9218,9.5649,7.8617
2,71,3,320,1.5,14.3587,9.2396,12.0162,12.3393,10.1079,8.2251,8.0174,10.9036,9.1617
2,72,4,10,0.75,0.1651,0.9586,1.0615,0.0000,3.6580,3.8820,0.0000,3.5952,3.5318
2,73,4,10,1,-0.0977,1.4237,-0.0902,0.0000,0.0000,4.3928,0.0000,0.0000,0.0000
2,74,4,10,1.5,0.6229,0.9451,0.4816,0.0000,0.0000,0.0000,0.0000,5.3097,5.0665
2,75,4,20,0.75,-0.0372,0.6912,0.9064,0.0000,4.2379,0.0000,0.0000,0.0000,0.0000
2,76,4,20,1,1.4331,1.0536,1.3420,0.0000,4.5267,0.0000,0.0000,0.0000,0.0000
2,77,4,20,1.5,1.5865,1.6792,1.8886,0.0000,4.4132,0.0000,4.0269,4.3699,3.7292
2,78,4,40,0.75,4.4931,3.2928,3.3763,0.0000,4.0096,4.2650,0.0000,4.0476,4.1193
2,79,4,40,1,2.1401,2.7523,2.8733,0.0000,0.0000,4.6542,0.0000,4.4853,0.0000
2,80,4,40,1.5,4.2902,4.8287,4.3927,4.1110,0.0000,0.0000,4.5293,0.0000,0.0000
2,81,4,80,0.75,4.6344,7.8776,5.6019,5.0579,4.4428,7.3911,6.1456,5.6838,4.6658
2,82,4,80,1,8.0267,8.2896,8.5195,6.5551,5.9277,6.8808,6.5061,6.4476,5.7981
2,83,4,80,1.5,6.7989,7.5098,6.3120,5.4121,5.4034,7.0108,6.8377,5.4352,5.7539
2,84,4,160,0.75,11.8545,14.5697,14.7752,10.2784,8.6733,12.1247,10.9453,10.7591,10.2893
2,85,4,160,1,14.8164,14.8315,15.9497,11.7307,11.2196,12.2926,12.2595,11.2220,10.3609
2,86,4,160,1.5,17.0475,16.4797,15.5859,13.4912,12.6111,14.1070,13.5289,12.1506,11.8588
2,87,4,320,0.75,25.6667,26.8826,26.2309,20.7575,17.6519,22.3382,19.9305,19.3963,17.6176
2,88,4,320,1,28.4486,29.5714,30.1965,23.3709,21.1833,25.1975,24.0564,21.7567,20.4062
2,89,4,320,1.5,30.8180,29.9839,31.9220,24.4666,22.8877,26.2125,24.5463,23.2074,23.4775
2,90,5,10,0.75,0.2383,0.6919,0.1524,0.0000,0.0000,0.0000,3.7844,0.0000,0.0000
2,91,5,10,1,1.3271,1.4286,1.0170,0.0000,0.0000,4.0218,0.0000,0.0000,0.0000
2,92,5,10,1.5,-0.4936,-0.5248,0.6505,0.0000,0.0000,4.4463,0.0000,3.3252,4.2784
2,93,5,20,0.75,-0.6936,-0.9683,0.6152,0.0000,0.0000,0.0000,4.3799,0.0000,0.0000
2,94,5,20,1,0.1484,-0.5942,-0.9032,0.0000,0.0000,0.0000,0.0000,0.0000,0.0000
2,95,5,20,1.5,0.9718,0.7579,0.8070,4.6102,4.1590,0.0000,0.0000,0.0000,0.0000
2,96,5,40,0.75,1.6288,2.3611,2.9794,4.1683,4.3142,4.7312,0.0000,0.0000,4.3149
2,97,5,40,1,1.7598,2.2724,2.6669,0.0000,4.1369,0.0000,3.0778,0.0000,0.0000
2,98,5,40,1.5,3.7373,3.3077,4.2733,0.0000,4.2854,0.0000,4.2349,0.0000,0.0000
2,99,5,80,0.75,1.9440,2.4742,4.0640,3.9832,0.0000,3.7662,0.0000,3.9493,3.3657
2,100,5,80,1,3.4890,3.4199,5.0041,0.0000,0.0000,4.6195,3.6287,5.1054,4.9022
2,101,5,80,1.5,3.7406,4.3653,4.9716,4.3555,4.1488,0.0000,4.4593,4.3294,4.6092
2,102,5,160,0.75,6.5250,5.7935,9.1446,5.9483,4.9085,5.2540,4.7853,8.1389,6.6747
2,103,5,160,1,8.6692,7.9123,10.1586,7.1985,6.9512,7.5981,7.1244,8.8396,7.8425
2,104,5,160,1.5,7.4324,7.3056,10.9222,7.4042,7.0764,7.4709,7.3798,9.7346,9.6803
2,105,5,320,0.75,12.7428,11.9748,16.8739,11.1123,9.6364,11.1068,9.1066,14.9998,12.0214
2,106,5,320,1,14.1251,13.7845,20.0836,12.5751,11.2000,12.7747,11.9262,17.7940,16.3680
2,107,5,320,1.5,17.3166,15.1356,21.0573,15.3309,14.1408,13.9788,13.4231,18.8539,16.8802
2,108,6,10,0.75,-0.2442,-0.0764,0.8761,4.8247,0.0000,0.0000,0.0000,0.0000,0.0000
2,109,6,10,1,0.1318,-0.9579,0.5370,4.2664,4.2672,4.3602,0.0000,0.0000,0.0000
2,110,6,10,1.5,-0.6454,-0.7743,-0.5272,0.0000,3.3272,0.0000,0.0000,0.0000,4.2713
2,111,6,20,0.75,2.2254,2.1900,1.4906,4.4572,3.8130,0.0000,4.2418,4.1541,0.0000
2,112,6,20,1,2.7087,1.7478,3.4909,4.1189,0.0000,3.7233,0.0000,4.0901,0.0000
2,113,6,20,1.5,1.2761,1.4238,2.7054,0.0000,0.0000,0.0000,0.0000,0.0000,0.0000
2,114,6,40,0.75,3.8308,4.7132,5.8129,4.0380,3.9177,4.8383,0.0000,4.9648,4.4436
2,115,6,40,1,4.6099,4.3981,7.3290,0.0000,4.6414,0.0000,4.4482,6.4313,6.4760
2,116,6,40,1.5,4.3445,2.2426,5.7697,4.5018,0.0000,0.0000,0.0000,5.6838,0.0000
2,117,6,80,0.75,7.4183,5.4940,8.5927,6.6989,5.8987,4.5947,4.4661,7.5743,7.0766
2,118,6,80,1,7.3715,5.5587,10.6821,7.2375,6.7786,5.4550,5.0740,10.0021,9.8624
2,119,6,80,1.5,8.1738,5.5947,10.8163,7.5626,7.2575,5.3596,5.1149,9.5688,9.5569
2,120,6,160,0.75,15.4846,11.0550,18.4894,14.4369,12.9467,10.5433,9.0036,17.2373,15.3459
2,121,6,160,1,16.3468,12.4313,18.8240,15.6336,15.2170,11.7399,11.3310,17.5105,17.4483
2,122,6,160,1.5,16.8239,12.1150,21.4898,15.3604,14.4814,11.1817,10.4506,19.4720,18.8555
2,123,6,320,0.75,29.4447,21.7307,34.8132,28.0488,24.0187,20.4588,17.5484,32.7945,28.4169
2,124,6,320,1,31.8296,22.3126,38.1923,30.0673,29.8321,21.2385,21.3883,35.8861,35.9156
2,125,6,320,1.5,33.7163,24.4109,42.9999,31.9533,30.4690,23.6241,22.8614,39.9856,38.6287
2,126,7,10,0.75,2.0306,1.4731,2.5613,0.0000,4.5994,0.0000,0.0000,0.0000,0.0000
2,127,7,10,1,-0.1211,-0.4771,0.5563,4.4745,0.0000,0.0000,0.0000,0.0000,0.0000
2,128,7,10,1.5,-1.2056,-0.8758,-0.8279,0.0000,0.0000,0.0000,0.0000,0.0000,0.0000
2,129,7,20,0.75,0.4709,-0.6474,0.6243,4.1640,4.3985,3.7607,3.9084,0.0000,0.0000
2,130,7,20,1,1.7036,1.0519,1.2214,0.0000,0.0000,0.0000,4.0673,4.1780,0.0000
2,131,7,20,1.5,1.6658,-0.1962,0.3667,0.0000,0.0000,0.0000,0.0000,0.0000,0.0000
2,132,7,40,0.75,1.9043,-0.8454,0.7851,4.4378,0.0000,5.2111,4.7369,0.0000,0.0000
2,133,7,40,1,1.1891,-0.1458,1.3438,3.7305,0.0000,0.0000,0.0000,0.0000,0.0000
2,134,7,40,1.5,3.5577,1.7618,3.1711,0.0000,0.0000,0.0000,4.0717,4.3033,4.5132
2,135,7,80,0.75,4.1175,3.7878,3.5227,0.0000,0.0000,0.0000,0.0000,0.0000,0.0000
2,136,7,80,1,1.5864,1.3885,2.2014,3.6912,4.1815,0.0000,0.0000,4.1713,0.0000
2,137,7,80,1.5,3.7286,3.1704,2.9666,0.0000,0.0000,0.0000,0.0000,0.0000,0.0000
2,138,7,160,0.75,5.1974,3.7637,4.8824,5.7231,5.5159,4.5878,4.2925,5.3311,4.3944
2,139,7,160,1,4.0413,2.4828,3.4574,4.2310,0.0000,0.0000,0.0000,4.7730,4.0342
2,140,7,160,1.5,6.5624,4.5241,4.6305,6.5935,6.7321,5.0265,5.0258,0.0000,5.0754
2,141,7,320,0.75,11.7494,6.9269,8.8464,11.4042,9.3694,6.6216,6.1212,8.6462,7.1858
2,142,7,320,1,10.1433,7.9854,9.0008,9.8802,9.8244,7.7714,8.0022,8.9064,8.9633
2,143,7,320,1.5,12.9106,10.3770,10.8801,12.4424,11.2281,10.2116,9.4602,10.5683,10.2921
2,144,8,10,0.75,0.7515,2.0628,0.3490,0.0000,0.0000,0.0000,0.0000,0.0000,0.0000
2,145,8,10,1,-0.5410,0.2901,-0.7565,0.0000,0.0000,0.0000,0.0000,0.0000,4.6751
2,146,8,10,1.5,1.1902,1.3505,1.2782,0.0000,4.1055,4.3270,0.0000,0.0000,4.6875
2,147,8,20,0.75,1.5723,1.1367,1.9283,0.0000,0.0000,0.0000,0.0000,0.0000,0.0000
2,148,8,20,1,1.0178,0.0902,1.8668,0.0000,0.0000,4.1447,0.0000,0.0000,0.0000
2,149,8,20,1.5,1.4330,1.3669,1.2548,4.8894,4.7174,4.9895,4.8982,4.6226,0.0000
2,150,8,40,0.75,2.0326,0.9022,2.1769,0.0000,0.0000,0.0000,0.0000,0.0000,0.0000
2,151,8,40,1,2.4299,2.1323,2.9675,4.6290,4.6018,0.0000,0.0000,0.0000,4.4202
2,152,8,40,1.5,3.5514,3.3111,4.0500,4.4124,0.0000,0.0000,0.0000,3.9447,0.0000
2,153,8,80,0.75,4.5000,4.1695,4.7514,0.0000,0.0000,0.0000,0.0000,0.0000,0.0000
2,154,8,80,1,5.1746,5.7331,6.6286,5.0400,5.2464,5.4328,5.3667,6.2671,5.8390
2,155,8,80,1.5,4.0340,4.5354,4.9169,0.0000,0.0000,4.4956,4.3408,0.0000,0.0000
2,156,8,160,0.75,8.7781,8.0853,9.7145,7.8650,6.6794,7.1265,6.3088,7.9787,6.6126
2,157,8,160,1,10.9140,9.4055,11.8382,9.8448,9.5143,7.8071,8.7637,9.6593,9.6754
2,158,8,160,1.5,12.3779,10.5485,13.3621,11.4215,10.3481,9.4704,8.5690,11.6274,10.6822
2,159,8,320,0.75,20.7885,18.3569,22.5916,18.1136,15.0830,15.1656,13.8820,19.9636,16.7862
2,160,8,320,1,22.5165,19.5884,26.4188,18.8426,16.9710,16.0646,16.1624,23.1082,21.3166
2,161,8,320,1.5,21.6128,18.9710,24.2220,18.7032,17.5437,15.8030,15.1821,21.7580,20.1467
2,162,9,10,0.75,-0.0401,-0.5377,-0.1080,0.0000,0.0000,0.0000,0.0000,0.0000,4.4376
2,163,9,10,1,1.1479,0.7628,0.8447,4.3683,3.9937,0.0000,0.0000,0.0000,0.0000
2,164,9,10,1.5,0.6977,0.5206,0.2261,0.0000,0.0000,4.4908,0.0000,4.2706,0.0000
2,165,9,20,0.75,0.5138,0.4892,0.9485,0.0000,0.0000,0.0000,0.0000,0.0000,0.0000
2,166,9,20,1,0.1521,0.0898,0.8569,0.0000,0.0000,0.0000,0.0000,0.0000,0.0000
2,167,9,20,1.5,2.2407,2.0521,2.9627,0.0000,0.0000,0.0000,4.2582,4.5578,4.4830
2,168,9,40,0.75,2.7675,3.0281,2.5807,4.0097,0.0000,0.0000,3.8093,4.1391,3.8079
2,169,9,40,1,3.9318,4.3808,4.1766,0.0000,0.0000,4.4936,4.3764,4.8552,4.7980
2,170,9,40,1.5,2.2839,2.6268,2.9047,0.0000,0.0000,3.9730,4.2249,4.3695,0.0000
2,171,9,80,0.75,4.5708,4.6527,5.8291,4.2304,4.3213,4.4737,0.0000,4.8538,4.7904
2,172,9,80,1,5.3192,5.0456,6.5552,5.5924,5.7045,5.8105,5.3679,6.4556,5.7060
2,173,9,80,1.5,5.9435,5.5297,6.9363,5.3880,5.1222,4.8998,5.1816,6.1004,5.9496
2,174,9,160,0.75,9.4941,10.1970,11.1267,7.9840,7.0320,8.4069,7.6511,9.5937,8.1226
2,175,9,160,1,10.7269,11.6254,11.6092,9.4933,8.7163,9.6419,8.9427,10.2240,9.8517
2,176,9,160,1.5,13.7203,12.9731,13.9023,12.0577,12.3586,9.7724,10.0424,11.7469,11.6420
2,177,9,320,0.75,20.4345,21.3673,21.8847,17.9021,15.2124,18.6222,15.5474,19.0639,16.0586
2,178,9,320,1,22.5989,23.1675,24.0505,20.4644,19.6100,19.2002,19.3643,21.4893,20.5069
2,179,9,320,1.5,25.0601,24.2107,26.2731,23.4400,21.6600,20.8530,19.3803,24.3602,22.3126
2,180,10,10,0.75,-0.1488,0.7983,0.4038,0.0000,3.7616,0.0000,3.9317,0.0000,4.6419
2,181,10,10,1,1.3899,2.3646,2.9631,0.0000,4.1020,4.6945,4.1509,0.0000,0.0000
2,182,10,10,1.5,-0.5438,0.3965,-0.8186,0.0000,4.3514,0.0000,4.6633,0.0000,4.4366
2,183,10,20,0.75,1.0487,2.4467,1.5031,0.0000,0.0000,0.0000,4.5130,4.8364,0.0000
2,184,10,20,1,2.6002,4.0703,3.5975,0.0000,0.0000,4.0026,3.7385,0.0000,0.0000
2,185,10,20,1.5,1.7745,3.6455,3.5512,0.0000,0.0000,4.4022,0.0000,0.0000,0.0000
2,186,10,40,0.75,2.6497,6.1289,5.9571,0.0000,0.0000,5.6627,5.1308,5.1281,0.0000
2,187,10,40,1,4.6716,6.1885,5.0366,0.0000,0.0000,5.2433,4.9139,4.2738,4.8437
2,188,10,40,1.5,4.7673,7.0998,6.1214,0.0000,0.0000,5.8405,5.4881,0.0000,0.0000
2,189,10,80,0.75,6.6372,9.1673,7.9673,5.4717,4.2958,7.5972,6.0305,6.6224,5.2458
2,190,10,80,1,6.7684,11.2228,10.5907,5.7356,5.5699,8.1615,7.2876,6.6448,6.6963
2,191,10,80,1.5,7.3832,13.3479,11.4816,6.2809,5.3928,10.5247,10.2224,8.3498,6.9462
2,192,10,160,0.75,11.7692,22.9472,19.8792,9.6754,8.4153,17.9088,15.9908,14.1828,12.1339
2,193,10,160,1,13.4059,23.1806,20.3797,9.8465,9.2439,17.6810,17.2134,13.8392,13.0927
2,194,10,160,1.5,12.6445,25.1262,21.9741,10.0370,9.6430,19.0494,19.3286,14.8569,13.9265
2,195,10,320,0.75,22.4120,42.5038,36.1166,19.0608,15.2898,33.1005,28.9160,27.6731,22.9444
2,196,10,320,1,25.1054,46.8645,40.8650,20.5500,19.2547,35.1855,34.2281,30.2330,28.3037
2,197,10,320,1.5,27.7259,51.0878,44.9115,22.2508,20.8401,39.2726,38.3268,31.9217,29.8707
2,198,11,10,0.75,-0.4507,-1.7164,0.0370,0.0000,0.0000,0.0000,0.0000,0.0000,0.0000
2,199,11,10,1,-0.3619,-0.0296,-0.9168,0.0000,0.0000,0.0000,0.0000,3.9325,0.0000
2,200,11,10,1.5,0.6411,0.4446,0.0733,0.0000,0.0000,4.0117,4.0269,4.6424,4.7741
2,201,11,20,0.75,1.0571,1.1545,1.4924,4.6992,4.4596,4.7635,0.0000,4.2820,0.0000
2,202,11,20,1,2.3862,1.5088,2.1594,3.9818,3.5774,3.7423,0.0000,4.1530,0.0000
2,203,11,20,1.5,2.1983,0.8709,2.7699,0.0000,0.0000,0.0000,0.0000,0.0000,0.0000
2,204,11,40,0.75,-0.0187,-1.3898,0.0453,4.6221,4.2050,0.0000,0.0000,0.0000,0.0000
2,205,11,40,1,2.9467,2.5087,3.0105,4.0949,0.0000,4.4289,0.0000,4.0732,3.9995
2,206,11,40,1.5,2.1196,2.6114,2.7524,0.0000,0.0000,0.0000,3.0919,0.0000,0.0000
2,207,11,80,0.75,5.1408,3.8011,5.5971,0.0000,0.0000,0.0000,3.8706,3.7149,4.3239
2,208,11,80,1,5.4134,3.6541,4.8708,5.0960,4.9551,4.5963,4.0618,4.5956,4.4323
2,209,11,80,1.5,5.9683,4.5186,5.9149,4.8330,4.6031,4.7688,5.1418,4.7441,4.8670
2,210,11,160,0.75,8.9842,6.6958,9.3571,6.7835,5.7914,5.8237,4.8601,6.8788,5.7557
2,211,11,160,1,10.6925,7.2946,11.7804,7.3514,7.3220,5.9819,5.8936,7.2814,7.3617
2,212,11,160,1.5,9.4225,6.2045,9.8210,6.0990,6.4153,4.8612,4.7035,5.7426,6.0716
2,213,11,320,0.75,18.0405,14.6098,19.3782,14.5643,13.3444,12.3493,11.1324,14.3890,13.3754
2,214,11,320,1,18.9013,14.1632,21.0522,13.2526,13.7877,10.9976,11.1735,13.5006,14.1345
2,215,11,320,1.5,19.1132,13.7649,20.6468,14.1605,14.1371,11.6758,11.3540,14.3093,14.1915
2,216,12,10,0.75,2.8021,3.1085,3.5858,0.0000,0.0000,3.9953,0.0000,3.9655,3.9586
2,217,12,10,1,0.9486,0.5627,1.2073,4.2865,4.3566,4.1294,4.4120,4.0799,4.5054
2,218,12,10,1.5,1.7034,1.1992,2.2027,0.0000,0.0000,3.9700,0.0000,0.0000,0.0000
2,219,12,20,0.75,3.6244,3.6632,5.6315,4.0292,4.2146,4.3468,4.4201,4.5046,4.8191
2,220,12,20,1,4.0120,2.4570,4.2162,0.0000,0.0000,0.0000,0.0000,0.0000,0.0000
2,221,12,20,1.5,3.8529,1.8935,4.9406,0.0000,0.0000,0.0000,0.0000,0.0000,0.0000
2,222,12,40,0.75,5.6577,4.5702,6.4983,5.5109,0.0000,5.1999,4.4703,4.8254,4.9492
2,223,12,40,1,7.7488,5.8154,8.8054,6.4824,6.5053,5.5030,5.2948,6.3379,6.4218
2,224,12,40,1.5,7.1215,7.4135,7.8683,6.9436,6.9023,7.0260,6.8252,6.8946,6.7494
2,225,12,80,0.75,10.3633,8.8587,14.5864,9.7388,9.5346,7.5651,7.5071,10.2946,10.1827
2,226,12,80,1,14.4908,11.1140,15.8970,11.8731,11.3876,9.5904,8.7066,11.1833,10.9080
2,227,12,80,1.5,13.2883,11.0743,15.7224,11.0920,11.1305,9.7114,8.5598,9.9631,10.7201
2,228,12,160,0.75,23.5031,21.4961,30.3926,19.4608,17.1459,19.2594,16.5237,20.2599,17.5800
2,229,12,160,1,24.4998,21.1516,31.5227,20.3665,20.4196,18.7517,17.7950,19.8079,20.5025
2,230,12,160,1.5,28.1400,22.6974,33.8413,23.0700,23.3478,20.0124,18.9345,23.2808,23.8453
2,231,12,320,0.75,45.2194,38.7340,58.8164,37.4710,33.1248,35.0280,30.3604,38.9643,34.4384
2,232,12,320,1,49.3776,40.7315,63.8022,40.9594,41.1572,36.1838,33.9920,42.6406,42.8454
2,233,12,320,1.5,54.1863,44.6606,67.7642,44.9949,44.5700,39.3905,37.8808,45.1726,45.2935
2,234,13,10,0.75,-0.0328,0.0979,0.8872,0.0000,0.0000,4.2878,3.8205,4.7301,0.0000
2,235,13,10,1,1.1102,0.5010,1.4200,0.0000,0.0000,0.0000,0.0000,0.0000,0.0000
2,236,13,10,1.5,1.8186,1.8623,1.3317,4.5285,0.0000,4.6738,4.9357,4.3596,0.0000
2,237,13,20,0.75,1.3184,0.1715,2.6278,0.0000,0.0000,4.6307,4.5264,0.0000,0.0000
2,238,13,20,1,2.0965,0.5834,3.2226,4.7239,4.6620,0.0000,0.0000,0.0000,0.0000
2,239,13,20,1.5,1.5155,0.9197,0.8042,0.0000,0.0000,0.0000,0.0000,0.0000,0.0000
2,240,13,40,0.75,3.5444,1.3404,3.3952,3.6086,0.0000,4.1149,3.9285,0.0000,0.0000
2,241,13,40,1,4.8871,3.1210,5.3259,5.5444,5.5825,0.0000,0.0000,5.2562,5.3707
2,242,13,40,1.5,3.3421,1.9286,3.7649,4.5805,4.7524,0.0000,4.5905,5.3045,5.3614
2,243,13,80,0.75,6.1264,3.3966,5.5805,5.3020,5.1047,4.3938,0.0000,5.1629,4.3598
2,244,13,80,1,7.6856,3.0050,5.9438,6.7318,6.3038,0.0000,0.0000,4.9793,6.1084
2,245,13,80,1.5,6.5624,2.9788,7.3138,6.4147,5.5608,4.3269,4.3479,6.9978,6.6291
2,246,13,160,0.75,11.4706,6.5051,13.6053,10.4140,8.5563,6.1912,5.0613,11.8350,10.8710
2,247,13,160,1,16.1615,6.3660,16.0200,13.6005,12.7484,6.1239,6.1431,13.9005,13.9942
2,248,13,160,1.5,16.2588,8.2623,15.0973,13.7920,12.9259,7.6531,7.2318,13.2147,13.9538
2,249,13,320,0.75,26.4060,14.6963,25.8241,23.3480,19.4678,13.0301,12.4067,21.7163,19.9428
2,250,13,320,1,29.9929,14.4679,30.8941,25.5261,23.9396,12.7061,12.7021,25.6207,26.8265
2,251,13,320,1.5,30.7793,16.1195,30.7774,27.0843,25.4773,14.7022,14.8954,26.7092,26.4469
2,252,14,10,0.75,0.3700,1.3317,0.5772,0.0000,0.0000,4.3009,0.0000,3.8316,3.5764
2,253,14,10,1,0.8029,1.2981,1.7991,4.7659,4.9123,0.0000,0.0000,0.0000,0.0000
2,254,14,10,1.5,1.8673,3.6859,2.1975,4.3250,4.0138,0.0000,0.0000,0.0000,0.0000
2,255,14,20,0.75,1.0041,1.7054,2.4209,4.5296,4.4040,0.0000,0.0000,4.7080,4.8020
2,256,14,20,1,3.3630,4.0317,2.7171,3.2661,0.0000,0.0000,0.0000,0.0000,0.0000
2,257,14,20,1.5,3.9464,5.1367,3.5322,4.4833,4.4632,4.8312,4.2721,0.0000,3.7725
2,258,14,40,0.75,7.3623,9.3544,6.0731,7.0571,6.5616,8.7746,8.0750,5.3713,5.2128
2,259,14,40,1,6.6664,8.3283,7.0701,6.4523,6.7369,8.1881,8.3677,6.7521,7.1165
2,260,14,40,1.5,7.1473,7.7740,7.1331,7.0432,6.6585,7.6971,6.9546,6.3430,6.9898
2,261,14,80,0.75,10.3809,13.8732,11.7809,10.2751,9.4258,13.5307,12.0325,11.1167,10.1496
2,262,14,80,1,12.7756,16.2868,13.0207,12.5935,12.1704,16.3053,15.6736,13.0236,12.5957
2,263,14,80,1.5,14.1326,16.7566,15.2311,14.0376,13.7852,16.7392,16.7287,14.4413,15.2390
2,264,14,160,0.75,21.5590,27.8105,25.4419,20.8761,17.9817,27.3040,23.3508,23.0970,21.6902
2,265,14,160,1,25.9949,32.5523,26.5006,25.6991,25.4346,32.1249,32.7184,24.9162,25.8021
2,266,14,160,1.5,26.9950,31.7807,28.8022,26.2160,26.2282,31.2925,32.2045,26.1309,27.7935
2,267,14,320,0.75,46.4277,61.3960,51.4365,45.1596,40.2563,60.2350,52.9318,48.3955,44.5149
2,268,14,320,1,51.6908,64.7350,55.8941,50.5773,49.7296,63.4458,63.3689,52.5179,54.4286
2,269,14,320,1.5,57.4785,68.0233,59.9372,55.9329,55.4049,67.1141,67.2838,55.6508,58.2927
2,270,15,10,0.75,-1.2674,-2.0100,-0.5628,4.0914,3.3653,0.0000,0.0000,0.0000,0.0000
2,271,15,10,1,-2.0109,-0.1457,0.6785,0.0000,0.0000,0.0000,0.0000,0.0000,0.0000
2,272,15,10,1.5,2.7826,2.4746,2.5700,4.7869,5.1310,5.2243,5.2721,0.0000,4.9344
2,273,15,20,0.75,1.5341,1.2796,1.9007,0.0000,0.0000,0.0000,0.0000,0.0000,0.0000
2,274,15,20,1,1.7921,2.4832,4.2307,0.0000,3.7257,0.0000,4.2562,0.0000,0.0000
2,275,15,20,1.5,1.8644,1.7775,3.7920,5.3055,0.0000,0.0000,0.0000,0.0000,0.0000
2,276,15,40,0.75,5.9816,6.3114,8.7284,5.0717,0.0000,5.7497,4.5588,7.7645,6.2155
2,277,15,40,1,5.2522,5.4783,8.3177,5.6002,5.7343,5.5165,5.4683,8.4003,7.7918
2,278,15,40,1.5,7.5411,5.6062,8.8235,7.1947,6.8142,5.5010,5.4683,8.8721,8.6348
2,279,15,80,0.75,10.3885,9.6535,13.9956,10.2348,8.9714,9.4497,8.2865,13.8471,11.9898
2,280,15,80,1,10.6052,11.0662,16.9186,10.1961,10.0120,10.3683,9.5302,16.3934,15.4306
2,281,15,80,1.5,11.3676,10.3611,17.8107,10.8687,8.9593,9.8736,8.8780,17.5656,16.0899
2,282,15,160,0.75,18.9326,18.3635,28.4582,16.9357,14.2195,16.1085,13.8215,27.3462,22.6483
2,283,15,160,1,21.4752,20.3169,32.2971,19.9139,18.6836,18.5294,17.6538,30.9928,29.1069
2,284,15,160,1.5,25.5578,23.2397,35.5857,23.6804,21.4770,20.8282,19.3184,33.6882,30.9507
2,285,15,320,0.75,39.3449,37.2344,58.6319,35.5839,29.4357,33.1836,27.4602,55.8311,46.0578
2,286,15,320,1,43.5235,40.7211,64.0613,40.0115,36.8089,36.4763,34.1874,60.7667,55.6356
2,287,15,320,1.5,46.4874,43.2074,69.2126,42.8817,39.6231,38.7460,36.3676,66.0731,60.7661
2,288,16,10,0.75,1.1337,1.4305,2.7121,0.0000,0.0000,0.0000,0.0000,0.0000,0.0000
2,289,16,10,1,1.5633,0.8470,1.8210,0.0000,4.0212,0.0000,0.0000,0.0000,0.0000
2,290,16,10,1.5,0.5449,1.5427,2.6311,5.2571,5.4126,4.6743,4.5026,0.0000,4.5188
2,291,16,20,0.75,2.7815,2.9951,3.2860,4.3698,0.0000,0.0000,3.3124,0.0000,0.0000
2,292,16,20,1,2.4210,2.6947,3.3770,0.0000,0.0000,4.8326,0.0000,4.8572,5.0937
2,293,16,20,1.5,2.4216,1.9123,4.0340,4.4206,0.0000,0.0000,0.0000,0.0000,0.0000
2,294,16,40,0.75,4.5624,3.6062,7.1644,4.6597,4.7651,4.2556,0.0000,6.2481,5.8372
2,295,16,40,1,3.3664,3.3926,7.4285,4.4017,4.4226,4.2318,4.2056,5.4064,5.4679
2,296,16,40,1.5,4.2671,3.8915,8.2948,4.3796,4.2011,4.0948,0.0000,6.6316,6.8142
2,297,16,80,0.75,7.1908,7.5111,11.0007,7.0940,6.1185,7.2613,6.4066,8.6694,8.1765
2,298,16,80,1,8.2712,7.7017,13.1115,7.1942,7.1051,6.9860,6.9722,10.2623,10.4878
2,299,16,80,1.5,8.8426,8.7435,14.8107,8.8331,8.2132,8.0380,7.5842,11.9446,12.3674
2,300,16,160,0.75,16.4597,16.8017,26.4346,15.2618,13.6051,15.7660,13.8255,21.1431,18.9368
2,301,16,160,1,16.7706,17.6352,28.3189,15.4597,15.2174,16.1901,15.8791,23.5634,24.0051
2,302,16,160,1.5,17.7349,18.3534,28.0995,16.4780,15.3699,17.1203,16.5661,23.0247,22.8446
2,303,16,320,0.75,29.2362,30.0827,50.0262,26.5822,23.0205,26.8563,23.3046,39.8753,36.2312
2,304,16,320,1,32.1190,33.2220,55.6971,28.3126,28.2957,30.4010,30.2326,44.8296,46.1276
2,305,16,320,1.5,35.2324,35.8491,59.4622,31.8490,31.8908,33.1766,33.4742,47.9074,48.8244
2,306,17,10,0.75,0.8544,1.0295,0.4962,0.0000,0.0000,0.0000,3.8727,0.0000,0.0000
2,307,17,10,1,-0.2543,1.3380,0.4658,0.0000,0.0000,0.0000,4.4736,0.0000,4.3230
2,308,17,10,1.5,-0.4539,-0.0854,0.0041,0.0000,0.0000,4.5768,0.0000,0.0000,3.8144
2,309,17,20,0.75,2.3174,2.8084,2.6026,0.0000,0.0000,4.0850,3.9530,4.5365,4.4693
2,310,17,20,1,0.1480,1.5242,1.9214,0.0000,0.0000,0.0000,0.0000,0.0000,0.0000
2,311,17,20,1.5,1.5961,1.9779,1.9290,0.0000,0.0000,0.0000,0.0000,0.0000,0.0000
2,312,17,40,0.75,4.2969,4.4834,5.2618,4.3153,4.2222,4.7471,0.0000,4.6420,4.2929
2,313,17,40,1,4.2743,4.3919,4.9776,0.0000,0.0000,0.0000,0.0000,4.8370,4.4643
2,314,17,40,1.5,4.1307,4.7653,4.6888,0.0000,0.0000,4.2417,0.0000,0.0000,0.0000
2,315,17,80,0.75,6.0137,6.0803,6.4832,5.7577,4.8329,5.9395,5.3675,5.6827,5.1940
2,316,17,80,1,5.6925,6.9803,7.5383,5.2546,5.3237,6.1541,5.8911,6.3557,5.7337
2,317,17,80,1.5,7.6174,8.5131,8.5271,6.2189,5.4664,7.5385,6.6513,6.9773,6.3232
2,318,17,160,0.75,12.5382,14.0556,14.7369,11.2793,10.0442,11.5018,9.8358,12.5958,10.9856
2,319,17,160,1,13.5899,13.4253,14.4796,10.2060,10.0606,10.7498,10.2799,10.9140,10.9269
2,320,17,160,1.5,17.0508,18.1618,18.8809,14.3567,13.4288,14.5421,13.5416,15.5716,14.2526
2,321,17,320,0.75,26.1946,29.5509,30.6564,22.0349,19.0258,24.0589,19.9588,24.5779,20.7641
2,322,17,320,1,30.0084,32.8250,33.9741,23.7977,22.9324,27.0910,25.9299,26.4630,25.4140
2,323,17,320,1.5,31.2433,33.0888,35.4555,25.3947,24.0816,26.8782,25.0113,27.8016,26.1276
2,324,18,10,0.75,2.6310,3.0153,1.9462,0.0000,4.2378,0.0000,4.2364,0.0000,0.0000
2,325,18,10,1,2.9859,2.7046,2.3857,4.4259,4.3709,0.0000,0.0000,0.0000,0.0000
2,326,18,10,1.5,0.6314,1.0982,1.8248,0.0000,3.7645,0.0000,3.9207,0.0000,4.6618
2,327,18,20,0.75,2.9091,3.3486,4.0037,0.0000,0.0000,0.0000,0.0000,4.5044,0.0000
2,328,18,20,1,1.8614,2.4942,3.1934,0.0000,0.0000,0.0000,0.0000,0.0000,3.8940
2,329,18,20,1.5,1.7696,2.0019,2.7505,0.0000,0.0000,0.0000,0.0000,5.2181,0.0000
2,330,18,40,0.75,4.3522,4.7463,4.9668,0.0000,3.7388,4.9251,4.4339,4.4507,0.0000
2,331,18,40,1,7.4461,8.2388,8.1205,6.0058,5.4149,7.4385,7.3047,6.2563,5.4731
2,332,18,40,1.5,7.0517,6.5849,7.7303,6.1677,6.3123,5.9841,6.1945,6.7488,6.0255
2,333,18,80,0.75,11.5346,12.2817,12.7512,10.7573,9.4276,11.3539,9.9963,11.6540,9.1353
2,334,18,80,1,12.8251,12.3303,15.2723,12.1134,11.4561,12.0590,11.6227,14.7237,13.4873
2,335,18,80,1.5,13.6165,12.9548,16.3920,12.3663,12.5769,11.7239,11.9487,14.8118,13.6222
2,336,18,160,0.75,21.7709,23.0616,26.3460,19.1449,16.1281,21.2923,17.8846,23.0064,17.5708
2,337,18,160,1,24.3753,24.5445,28.6224,22.1788,21.0089,22.9090,22.2343,25.2295,22.1576
2,338,18,160,1.5,28.1640,27.4571,31.8615,25.5093,23.7776,25.3271,24.0279,28.2882,24.4507
2,339,18,320,0.75,47.1517,47.6663,54.0641,42.3256,36.2706,43.7777,37.6594,47.9471,37.6664
2,340,18,320,1,48.3734,48.9699,56.3243,43.9469,42.2031,45.6576,44.0787,50.0474,44.3530
2,341,18,320,1.5,53.8572,53.1621,60.2055,49.7888,47.0234,50.2605,47.8860,53.9097,46.9634
2,342,19,10,0.75,1.1318,2.7143,2.9826,4.7125,0.0000,4.5405,4.2901,4.2643,4.4127
2,343,19,10,1,0.2600,1.1554,2.2478,0.0000,0.0000,0.0000,0.0000,4.4920,4.4388
2,344,19,10,1.5,1.6885,1.1600,2.5068,4.3266,0.0000,0.0000,0.0000,0.0000,0.0000
2,345,19,20,0.75,0.5925,0.7699,1.7043,0.0000,0.0000,0.0000,0.0000,0.0000,0.0000
2,346,19,20,1,3.7167,3.6838,4.2863,0.0000,0.0000,0.0000,4.5207,0.0000,0.0000
2,347,19,20,1.5,2.8804,2.7301,3.6718,4.1590,0.0000,4.6364,4.3868,4.9242,4.8855
2,348,19,40,0.75,5.3378,5.6196,7.9433,5.5876,4.9006,5.9015,5.0014,7.9319,6.8990
2,349,19,40,1,4.6892,3.9989,6.9358,4.6576,0.0000,3.7658,4.0636,6.8809,6.8760
2,350,19,40,1.5,5.8085,5.8170,7.8944,5.6985,5.8456,5.6734,5.9818,7.6674,7.6555
2,351,19,80,0.75,8.1721,7.6001,13.2805,8.0065,7.1093,7.0620,6.3093,12.0487,10.0547
2,352,19,80,1,11.2166,10.2248,16.2396,10.9825,11.1740,9.7550,9.6563,14.4356,13.8348
2,353,19,80,1.5,13.3616,11.4844,17.1749,12.3348,12.1367,10.1823,10.2830,15.4192,14.0953
2,354,19,160,0.75,18.9450,17.0843,26.9347,18.1455,15.3196,15.4797,12.7391,24.5951,19.3380
2,355,19,160,1,21.6247,18.9743,30.4403,20.6322,20.0197,17.5205,16.9103,26.9339,24.1044
2,356,19,160,1.5,23.0210,19.5470,31.7832,21.9757,20.0986,18.0277,16.3695,29.0121,24.7113
2,357,19,320,0.75,38.2369,33.2251,53.4367,36.6309,31.6013,30.0066,25.6628,48.2999,38.8708
2,358,19,320,1,42.5953,37.2566,59.2703,39.8255,37.5620,33.6736,31.5489,53.0207,46.6751
2,359,19,320,1.5,46.1621,40.8147,64.7124,43.0611,40.3850,36.5797,34.9882,57.8545,51.0842
2,360,20,10,0.75,0.8454,1.1435,1.8959,0.0000,0.0000,4.6790,0.0000,0.0000,4.7976
2,361,20,10,1,1.6369,1.1456,0.9089,0.0000,3.5983,0.0000,3.6439,4.1374,4.0545
2,362,20,10,1.5,0.7957,1.4440,2.7877,4.7019,0.0000,4.4592,0.0000,0.0000,4.2492
2,363,20,20,0.75,3.1155,4.8096,4.9071,0.0000,0.0000,0.0000,4.5176,4.3941,0.0000
2,364,20,20,1,3.6544,4.0127,3.9580,4.2944,0.0000,0.0000,0.0000,0.0000,0.0000
2,365,20,20,1.5,4.3581,5.9698,5.6175,4.4520,0.0000,5.4198,4.7707,5.1785,4.9494
2,366,20,40,0.75,6.3967,8.2540,8.5197,5.3831,4.1491,8.0896,6.9825,6.9226,5.3925
2,367,20,40,1,6.0116,6.3640,7.2130,5.9407,5.1125,6.0229,5.0675,5.8301,4.9876
2,368,20,40,1.5,5.8641,7.0624,9.3563,5.7360,4.7848,6.5841,6.0236,7.7998,7.0588
2,369,20,80,0.75,12.9507,15.2771,16.3273,10.8799,9.0857,13.6021,10.8570,13.2612,11.6903
2,370,20,80,1,13.3748,14.3186,18.0156,11.5922,10.4100,13.1878,11.8191,15.2465,14.1602
2,371,20,80,1.5,15.0111,17.8639,21.0493,13.3586,12.6471,16.6849,15.7614,18.6720,17.9448
2,372,20,160,0.75,23.6320,29.6018,33.3804,20.7616,17.2846,27.3338,22.1722,28.7002,23.9769
2,373,20,160,1,27.2927,33.4557,36.5807,24.0808,22.3958,31.7536,30.2883,32.5506,31.1752
2,374,20,160,1.5,29.8860,35.7606,39.3672,26.0559,24.4456,33.5991,31.8252,34.4786,32.6741
2,375,20,320,0.75,47.9418,58.7372,64.4928,42.1054,35.7479,53.8003,44.2622,54.0187,46.1179
2,376,20,320,1,54.4839,66.1463,73.3821,48.0920,44.4495,61.6157,57.4231,63.5303,59.7539
2,377,20,320,1.5,59.2608,68.8693,77.4041,52.1389,48.0455,64.0240,59.7526,67.4829,63.8566
2,378,21,10,0.75,0.0366,1.0873,1.4584,0.0000,0.0000,0.0000,0.0000,0.0000,0.0000
2,379,21,10,1,-0.4191,0.6752,0.1155,0.0000,0.0000,0.0000,0.0000,0.0000,0.0000
2,380,21,10,1.5,1.6811,1.3627,1.0667,0.0000,4.5928,0.0000,0.0000,0.0000,4.3606
2,381,21,20,0.75,2.3023,2.9204,2.4709,0.0000,0.0000,0.0000,0.0000,3.8346,0.0000
2,382,21,20,1,2.8087,4.1360,5.6973,0.0000,0.0000,0.0000,0.0000,5.2599,0.0000
2,383,21,20,1.5,2.0946,2.7730,2.4941,4.7596,4.7371,0.0000,3.9399,4.3189,4.0598
2,384,21,40,0.75,3.2385,4.2419,5.2873,4.2832,4.5420,4.5039,4.3934,4.7813,4.2230
2,385,21,40,1,3.9508,3.7514,4.5323,4.8350,0.0000,0.0000,0.0000,0.0000,0.0000
2,386,21,40,1.5,4.6361,5.6206,6.2662,0.0000,0.0000,5.0147,4.7167,5.4811,5.3260
2,387,21,80,0.75,6.6941,7.8450,9.5994,6.2030,5.9620,6.7354,6.3190,7.2336,6.5847
2,388,21,80,1,8.1923,9.1673,9.8559,7.3363,7.6195,8.2509,8.3267,7.9472,8.4102
2,389,21,80,1.5,9.7882,10.3545,11.9091,9.3760,8.6198,9.8056,9.4430,10.2312,10.4053
2,390,21,160,0.75,13.6495,15.6960,19.6374,12.7580,11.3088,14.9545,12.5470,17.1787,15.1901
2,391,21,160,1,16.6670,18.5219,22.4775,15.5002,15.3875,16.7008,16.6070,17.8968,18.2230
2,392,21,160,1.5,16.2633,19.1155,23.7003,14.5665,14.3115,17.3143,17.0731,18.8912,18.9310
2,393,21,320,0.75,25.8293,31.6130,37.5508,23.9079,21.4633,29.1862,26.2924,30.9316,28.3745
2,394,21,320,1,30.3128,35.1380,43.6338,27.1551,26.3555,31.8279,30.9495,35.7730,35.2140
2,395,21,320,1.5,33.3475,38.8028,46.7222,30.9021,29.5565,36.4373,34.5215,39.4726,38.0509
2,396,22,10,0.75,1.4066,1.9928,2.5314,4.1176,3.9097,0.0000,4.1824,0.0000,0.0000
2,397,22,10,1,2.3412,0.5066,1.2039,4.2820,0.0000,0.0000,0.0000,5.0242,0.0000
2,398,22,10,1.5,1.6506,2.1099,0.9165,4.4371,0.0000,0.0000,4.5057,0.0000,0.0000
2,399,22,20,0.75,1.8905,1.8048,1.5415,0.0000,0.0000,0.0000,0.0000,0.0000,0.0000
2,400,22,20,1,0.3202,0.1353,-0.4891,0.0000,0.0000,4.3000,4.4537,4.6069,4.4489
2,401,22,20,1.5,1.0658,0.2198,2.0217,0.0000,0.0000,0.0000,0.0000,4.1082,4.1246
2,402,22,40,0.75,1.0719,2.7222,0.9590,0.0000,0.0000,4.2777,4.4307,0.0000,0.0000
2,403,22,40,1,0.6039,0.2658,0.3467,0.0000,0.0000,0.0000,0.0000,4.3706,0.0000
2,404,22,40,1.5,0.8803,1.1549,1.2726,4.4834,0.0000,4.4340,0.0000,0.0000,0.0000
2,405,22,80,0.75,2.5870,3.1423,2.4343,0.0000,0.0000,0.0000,0.0000,0.0000,0.0000
2,406,22,80,1,3.6721,2.8268,2.9702,0.0000,3.9805,0.0000,0.0000,0.0000,0.0000
2,407,22,80,1.5,4.8919,3.1087,4.0789,4.6207,4.4154,0.0000,3.7384,0.0000,0.0000
2,408,22,160,0.75,7.3493,5.3407,4.6864,6.8371,5.3650,5.3195,0.0000,4.0238,4.7953
2,409,22,160,1,6.7119,5.3951,5.2592,6.6803,6.2429,5.9071,5.9270,5.5262,5.2134
2,410,22,160,1.5,9.6891,7.9084,6.8012,8.8822,8.4929,7.6606,7.2556,6.6668,6.5433
2,411,22,320,0.75,12.1810,8.8486,9.4065,11.4099,9.6307,8.4705,7.7435,8.9856,7.6700
2,412,22,320,1,14.3257,12.7618,12.3867,14.2503,13.8196,12.9084,12.1204,12.2238,11.5157
2,413,22,320,1.5,17.4306,14.1995,13.8747,16.7193,15.0859,14.1902,11.7063,13.6704,11.7682
2,414,23,10,0.75,1.3594,1.5886,1.9691,4.0160,0.0000,0.0000,0.0000,0.0000,0.0000
2,415,23,10,1,0.0305,-0.2881,-0.3837,0.0000,0.0000,4.0453,0.0000,0.0000,4.1469
2,416,23,10,1.5,0.2475,0.6064,1.1604,0.0000,0.0000,0.0000,0.0000,4.5944,0.0000
2,417,23,20,0.75,-0.1466,1.1105,1.1604,0.0000,0.0000,0.0000,0.0000,4.4628,4.3668
2,418,23,20,1,1.8653,2.3802,1.7064,4.0264,4.2817,4.2737,0.0000,4.6402,0.0000
2,419,23,20,1.5,1.2697,1.6222,2.5864,0.0000,0.0000,0.0000,3.2534,0.0000,0.0000
2,420,23,40,0.75,3.7186,4.2257,5.5728,4.6661,4.4136,0.0000,0.0000,4.6399,4.5499
2,421,23,40,1,5.4474,5.6302,5.9775,5.3652,5.3638,0.0000,4.7540,5.2461,5.2114
2,422,23,40,1.5,3.8902,3.6110,5.2434,0.0000,4.6259,4.5520,4.6961,0.0000,4.6690
2,423,23,80,0.75,7.6578,8.0932,8.3452,6.3180,5.7004,6.2838,6.4928,6.9992,5.4273
2,424,23,80,1,5.4142,6.3789,7.4695,4.8222,0.0000,5.0243,5.0292,6.1475,5.5919
2,425,23,80,1.5,9.9202,10.1435,10.7216,9.0160,8.5362,8.5250,8.5780,9.2429,8.5385
2,426,23,160,0.75,13.8593,16.0920,16.6536,12.3038,10.0522,13.2542,10.7944,14.0013,11.3996
2,427,23,160,1,16.3913,18.3996,19.7863,15.6075,14.9417,16.1692,15.6853,17.3429,16.1123
2,428,23,160,1.5,15.9446,17.6695,19.4199,14.8182,14.3367,15.1949,15.3670,16.8099,15.7375
2,429,23,320,0.75,27.4681,32.6531,34.4193,25.4641,21.8512,26.8841,23.1329,29.3451,24.4759
2,430,23,320,1,27.8353,33.5809,36.4103,24.4238,23.2502,28.1556,27.8785,30.8473,29.1013
2,431,23,320,1.5,29.9606,33.8450,37.7595,26.4192,23.9959,27.0573,26.0480,30.7071,28.1666
2,432,24,10,0.75,0.9959,-0.1498,0.5219,4.5978,4.6427,4.4141,0.0000,4.8470,4.4591
2,433,24,10,1,-0.5106,-0.7052,-0.6929,3.2106,0.0000,0.0000,4.0432,3.9700,0.0000
2,434,24,10,1.5,-0.0405,0.3551,0.7615,4.6549,4.6934,4.9658,4.8748,4.5443,0.0000
2,435,24,20,0.75,1.2990,0.5008,0.4682,0.0000,0.0000,0.0000,0.0000,0.0000,0.0000
2,436,24,20,1,1.0685,0.4183,1.5889,4.4162,0.0000,4.2641,0.0000,4.0678,0.0000
2,437,24,20,1.5,0.7778,0.4010,0.5964,0.0000,0.0000,4.2393,4.5633,0.0000,0.0000
2,438,24,40,0.75,4.5339,3.6921,3.6721,5.5209,5.5572,4.6955,4.8036,5.0113,4.9270
2,439,24,40,1,2.3329,1.5811,1.8591,4.2709,0.0000,4.2804,4.4326,0.0000,4.1117
2,440,24,40,1.5,2.2651,1.4948,2.6137,4.2499,0.0000,0.0000,0.0000,0.0000,0.0000
2,441,24,80,0.75,4.0903,3.1182,3.9667,4.7081,0.0000,4.6615,0.0000,4.9778,4.2151
2,442,24,80,1,5.3930,5.7998,5.8127,5.5674,5.0222,5.8145,5.0407,5.8962,4.9670
2,443,24,80,1.5,4.3810,4.3486,4.5836,5.2581,5.0942,4.5820,4.4878,4.3845,4.3058
2,444,24,160,0.75,9.5540,8.1904,8.6630,8.4268,7.5399,7.5271,6.9725,8.2503,6.6461
2,445,24,160,1,8.9179,7.7397,9.0232,8.4093,7.7613,7.4694,6.9580,8.5411,7.6633
2,446,24,160,1.5,10.9341,11.5444,10.1054,10.4247,9.6753,11.2327,10.9178,9.3421,8.8261
2,447,24,320,0.75,18.6700,16.9720,17.9916,17.2002,14.4831,15.9507,13.2396,16.3935,14.4447
2,448,24,320,1,20.9466,17.9839,20.0748,19.1962,18.0021,17.5696,16.6737,18.2677,16.9327
2,449,24,320,1.5,21.2446,19.2115,20.3742,20.5824,18.0913,18.1474,16.9388,19.2856,16.8610
2,450,25,10,0.75,1.0110,2.1872,4.0642,4.5029,4.2322,4.8105,4.9625,5.1048,4.9210
2,451,25,10,1,3.1906,4.2632,6.1277,4.1752,0.0000,4.0700,0.0000,5.3447,5.0873
2,452,25,10,1.5,1.7871,2.9930,2.9792,0.0000,0.0000,0.0000,0.0000,0.0000,0.0000
2,453,25,20,0.75,3.2620,4.6157,3.8137,5.1073,4.6828,4.6884,5.0208,3.8341,0.0000
2,454,25,20,1,6.2337,5.5358,7.9096,4.7143,4.4162,4.4664,0.0000,6.8516,6.4338
2,455,25,20,1.5,4.9826,5.3850,7.3751,0.0000,0.0000,0.0000,3.9685,6.1868,6.0926
2,456,25,40,0.75,6.2087,9.3699,11.6618,4.4332,4.4716,5.9487,5.0007,8.9803,7.8324
2,457,25,40,1,10.0317,11.4456,13.7151,7.0683,7.1249,8.2433,6.3590,11.2174,10.3774
2,458,25,40,1.5,9.5626,11.2680,15.0249,6.9721,6.2027,9.0848,6.2843,12.2462,10.6651
2,459,25,80,0.75,14.3907,19.7959,25.7885,11.8690,10.0518,13.8097,10.0622,20.5219,16.9709
2,460,25,80,1,18.6708,23.0282,28.5676,13.6540,13.5682,16.6653,13.0920,22.4636,20.9547
2,461,25,80,1.5,19.6418,24.1191,30.2440,15.2827,13.8458,18.1540,13.3847,24.9118,22.8049
2,462,25,160,0.75,31.7206,40.5463,49.6438,24.5139,21.8542,29.8821,19.8601,40.2623,33.7921
2,463,25,160,1,36.0811,43.5771,56.4132,27.2327,25.6898,32.2412,22.8933,45.9237,42.7706
2,464,25,160,1.5,39.0582,46.0151,60.2360,29.8670,29.4230,32.3545,23.4331,48.3831,44.7299
2,465,25,320,0.75,62.4935,77.9039,101.4660,46.9508,41.7138,56.6848,36.7193,81.5698,68.3729
2,466,25,320,1,68.7164,85.2164,109.3974,52.2394,50.9386,61.9617,44.9817,88.1703,82.4209
2,467,25,320,1.5,77.8918,92.0900,118.9939,57.7039,56.7205,65.7819,46.6499,96.0773,89.3180
2,468,26,10,0.75,1.5930,1.4504,3.4808,0.0000,0.0000,0.0000,0.0000,0.0000,0.0000
2,469,26,10,1,1.5415,1.9698,2.3682,0.0000,0.0000,0.0000,0.0000,4.7655,0.0000
2,470,26,10,1.5,1.6044,2.3028,3.1434,4.5317,4.3239,4.5505,4.5097,4.3115,0.0000
2,471,26,20,0.75,3.8650,3.7329,5.6780,4.6073,4.4270,4.3042,4.1425,5.1998,4.3802
2,472,26,20,1,4.0453,4.1056,4.2363,4.4293,0.0000,0.0000,3.6244,4.0760,4.4260
2,473,26,20,1.5,5.2877,4.4752,6.2910,4.9696,4.9697,4.9866,4.8800,5.5768,5.2641
2,474,26,40,0.75,9.9136,9.4682,11.8332,8.5722,7.4160,7.9614,7.1446,9.0800,7.7941
2,475,26,40,1,10.9762,10.6986,15.1996,10.1080,9.9128,10.0086,9.8637,12.6921,12.0730
2,476,26,40,1.5,9.2012,8.3265,12.6450,8.2824,8.5446,7.4057,7.3736,10.2896,10.0656
2,477,26,80,0.75,19.1758,17.2130,23.1708,16.0071,14.1991,15.3019,13.6973,19.4713,16.8335
2,478,26,80,1,19.8971,18.3736,26.6738,16.5306,16.3159,15.7938,15.8554,21.3108,21.0516
2,479,26,80,1.5,20.8640,18.8786,26.3776,17.4606,16.2338,16.2910,15.9615,21.5095,20.1157
2,480,26,160,0.75,33.9772,32.1982,46.0800,29.6532,26.2452,28.3550,25.5948,37.9795,33.1031
2,481,26,160,1,39.7872,35.0401,50.4085,33.8838,33.2296,31.0037,30.9986,41.1456,40.3281
2,482,26,160,1.5,42.3241,39.1329,53.6847,35.1667,34.4135,33.2620,33.0606,43.0944,41.6010
2,483,26,320,0.75,72.4683,66.6718,90.6769,62.6669,54.5675,59.0944,52.0130,74.7072,65.1745
2,484,26,320,1,79.1547,73.0675,102.1344,68.0091,66.3395,64.7026,64.5385,83.8833,81.7468
2,485,26,320,1.5,86.4120,76.3563,107.5458,72.4429,70.5449,66.9819,66.7648,87.6111,85.2827
2,486,27,10,0.75,2.4240,1.5892,1.8001,0.0000,0.0000,0.0000,0.0000,4.3435,4.0738
2,487,27,10,1,2.1250,1.8837,3.8640,0.0000,4.4961,4.1447,4.1920,0.0000,4.3572
2,488,27,10,1.5,1.8054,1.9399,3.2911,4.4893,0.0000,0.0000,0.0000,4.3691,4.1108
2,489,27,20,0.75,1.3739,2.1341,4.0757,4.3514,4.4613,4.3470,3.8154,4.9882,4.9274
2,490,27,20,1,5.3732,5.0334,7.2296,4.8833,5.4152,5.0936,4.9964,4.7899,5.3692
2,491,27,20,1.5,5.5884,5.2688,7.6233,4.2994,4.6369,4.9455,4.6296,4.6458,5.1072
2,492,27,40,0.75,7.8638,9.1411,12.9055,6.7655,5.3960,8.2035,6.6663,8.2571,8.3535
2,493,27,40,1,9.9022,8.9325,14.0725,7.9017,7.8800,7.7082,7.4271,9.1551,11.4837
2,494,27,40,1.5,8.1332,10.2224,13.5577,6.8931,5.9744,9.1449,7.9687,8.5894,8.3621
2,495,27,80,0.75,14.0945,17.1190,24.6490,11.5746,10.6803,14.3630,10.5144,13.1111,15.6433
2,496,27,80,1,15.2585,18.2578,26.7727,11.4360,11.4054,14.6164,13.4942,15.0883,19.6126
2,497,27,80,1.5,16.7209,19.7830,29.2786,13.7568,13.1933,16.9090,15.2069,17.0426,20.4964
2,498,27,160,0.75,29.7042,34.8659,50.9311,22.4029,21.5050,28.4411,23.0614,30.0482,33.7170
2,499,27,160,1,32.0406,36.4288,53.4966,24.3707,25.8757,30.4761,26.9850,31.5194,38.3361
2,500,27,160,1.5,36.8513,39.6567,59.0400,28.8716,28.9362,33.9180,29.9321,35.0803,41.6164
2,501,27,320,0.75,57.9116,67.2377,99.5082,44.7793,41.7486,57.0929,44.2376,57.6112,61.9747
2,502,27,320,1,63.3032,71.9084,106.2996,47.4945,49.9068,60.2292,53.6636,60.2719,74.0110
2,503,27,320,1.5,70.3226,75.9230,116.5145,53.4167,54.9825,64.0048,55.8426,65.3642,80.8572
2,504,28,10,0.75,1.7937,0.7981,1.0194,0.0000,0.0000,0.0000,0.0000,0.0000,0.0000
2,505,28,10,1,3.9398,3.0928,2.2604,0.0000,0.0000,0.0000,0.0000,0.0000,4.1747
2,506,28,10,1.5,1.9643,1.2627,2.4575,4.7420,4.9326,4.4316,4.7898,4.6698,4.7307
2,507,28,20,0.75,1.7007,1.4024,2.3799,0.0000,0.0000,0.0000,0.0000,0.0000,4.2640
2,508,28,20,1,3.6556,2.8165,4.3558,0.0000,0.0000,0.0000,0.0000,0.0000,0.0000
2,509,28,20,1.5,2.2046,2.8370,1.8012,4.3232,0.0000,4.9334,4.7320,0.0000,0.0000
2,510,28,40,0.75,4.7731,5.0700,5.5420,4.3359,3.9737,4.5491,4.1482,4.9550,4.5839
2,511,28,40,1,7.3904,7.1954,7.1239,6.6139,6.5180,6.6351,5.9916,6.9291,6.5007
2,512,28,40,1.5,7.2651,6.6859,8.1080,6.6957,5.8942,5.6338,5.7701,7.7525,7.4228
2,513,28,80,0.75,10.5843,10.0244,12.2255,9.3631,8.2965,8.6202,7.7813,10.4447,9.1628
2,514,28,80,1,13.6421,13.0854,14.5763,12.3938,12.3646,11.7698,11.7403,12.8690,12.4007
2,515,28,80,1.5,13.7946,13.9700,14.4472,12.6825,12.6660,12.4734,12.2955,13.2668,13.1135
2,516,28,160,0.75,23.4900,21.8978,25.1248,21.0742,18.6265,20.0344,17.8850,22.5309,19.9769
2,517,28,160,1,26.4482,25.0654,28.5381,23.3973,23.8191,22.0527,22.6677,24.6759,24.8923
2,518,28,160,1.5,26.0377,24.3746,27.5688,22.9405,22.5248,21.7453,21.0151,24.5219,24.1492
2,519,28,320,0.75,47.3275,45.3993,51.3796,43.6039,38.6525,41.0779,36.3130,46.6563,41.2836
2,520,28,320,1,50.7331,48.4697,54.3249,45.2437,44.8824,42.9891,42.7802,48.5717,47.8537
2,521,28,320,1.5,55.2019,51.3201,59.1111,48.4632,49.0423,45.0268,45.2013,52.4059,52.9495
2,522,29,10,0.75,2.2510,1.2770,2.0189,3.5377,0.0000,4.4175,0.0000,3.3450,3.4061
2,523,29,10,1,2.0558,2.5826,2.0371,0.0000,0.0000,4.2459,0.0000,0.0000,0.0000
2,524,29,10,1.5,0.5657,2.1863,1.9892,0.0000,0.0000,4.0537,0.0000,0.0000,0.0000
2,525,29,20,0.75,4.9920,6.1611,4.8434,0.0000,0.0000,4.6201,0.0000,0.0000,0.0000
2,526,29,20,1,4.7974,6.8152,5.6328,5.2484,5.3978,6.5279,6.5880,5.6017,5.0169
2,527,29,20,1.5,3.5767,6.5724,5.0382,4.2274,3.7591,4.8370,4.5136,0.0000,0.0000
2,528,29,40,0.75,6.2995,10.1758,8.8110,5.1195,0.0000,7.9386,6.3322,5.9999,5.3218
2,529,29,40,1,8.9403,11.3902,10.0487,5.9667,6.8700,8.5831,8.0970,7.7619,6.3918
2,530,29,40,1.5,9.8463,13.9764,12.5323,7.4803,7.6451,10.6739,10.5365,8.4724,8.4724
2,531,29,80,0.75,15.3726,22.6105,19.1711,10.3162,8.5593,16.0827,13.2475,11.8657,9.4515
2,532,29,80,1,17.6135,25.7513,23.1914,12.9926,12.8960,17.9922,18.4970,15.1231,13.4361
2,533,29,80,1.5,18.4128,26.0767,23.4230,13.5086,12.1739,18.9005,17.3563,14.9464,13.3958
2,534,29,160,0.75,30.0263,44.7857,39.8824,22.3177,19.3977,31.7509,28.6061,26.8014,21.1505
2,535,29,160,1,33.3765,48.4804,43.1315,24.3957,24.4384,35.1965,35.2402,28.1186,25.5169
2,536,29,160,1.5,38.2356,52.5548,47.6760,27.7920,26.7430,37.9735,37.4607,29.4457,26.4305
2,537,29,320,0.75,62.9672,90.9229,82.1502,48.0008,41.2325,66.7108,58.7974,51.4676,40.2391
2,538,29,320,1,68.1021,98.7714,86.9738,50.3216,49.0192,70.9017,70.8928,56.3973,50.7665
2,539,29,320,1.5,75.0482,105.4414,93.7306,53.6501,52.3332,74.9810,74.4506,59.1185,52.4801
2,540,30,10,0.75,2.8709,3.7883,3.2913,4.8047,4.6663,0.0000,0.0000,0.0000,0.0000
2,541,30,10,1,3.7478,3.2459,4.4038,4.1564,0.0000,4.0735,4.0954,0.0000,0.0000
2,542,30,10,1.5,1.7823,2.4061,1.6076,4.6748,4.5931,0.0000,0.0000,0.0000,0.0000
2,543,30,20,0.75,3.8250,3.3066,3.8915,4.5598,0.0000,0.0000,0.0000,4.8348,4.4466
2,544,30,20,1,3.0591,4.1346,4.3945,0.0000,0.0000,0.0000,4.3057,3.9480,4.3797
2,545,30,20,1.5,5.8155,5.6736,5.8832,0.0000,4.6614,5.1434,4.9286,5.0871,5.2141
2,546,30,40,0.75,5.8584,8.5538,7.5783,5.5755,5.2569,6.6760,6.5727,0.0000,6.1053
2,547,30,40,1,6.6587,8.2958,8.6324,5.3092,5.9982,6.3910,6.8079,6.0461,6.5457
2,548,30,40,1.5,7.3205,9.6969,10.3201,6.5533,7.5284,8.2269,9.6214,6.5317,8.3076
2,549,30,80,0.75,13.7889,16.5098,16.7330,11.5452,10.5733,13.4145,11.9975,10.9441,11.3623
2,550,30,80,1,14.8774,18.7644,18.5805,12.9028,13.5472,16.2516,17.6133,11.0714,15.0821
2,551,30,80,1.5,16.1391,18.7697,19.8382,12.6056,14.1399,15.6708,17.2302,11.3446,14.9605
2,552,30,160,0.75,28.1693,32.2515,35.5100,23.1695,21.7427,26.8579,25.4286,20.8436,23.8530
2,553,30,160,1,29.7479,34.9970,38.3264,25.2671,26.5438,29.3741,31.4603,22.3526,29.7171
2,554,30,160,1.5,33.4681,37.3064,40.3230,28.2316,29.1960,31.8842,34.0005,24.2817,31.4589
2,555,30,320,0.75,53.5524,63.9358,67.0067,45.5820,42.6114,54.0440,51.0051,38.5169,46.7388
2,556,30,320,1,60.3040,69.7418,74.7860,51.3950,53.5919,59.3739,63.4235,44.1793,59.2621
2,557,30,320,1.5,65.7091,74.6012,80.3541,55.3116,56.4495,62.8776,65.9967,48.2196,62.9827
2,558,31,10,0.75,1.3209,2.3424,3.8668,0.0000,0.0000,3.9827,3.7959,0.0000,0.0000
2,559,31,10,1,0.4809,1.3076,0.6910,0.0000,0.0000,0.0000,0.0000,0.0000,0.0000
2,560,31,10,1.5,0.8305,0.3968,1.9753,0.0000,0.0000,0.0000,3.7336,0.0000,0.0000
2,561,31,20,0.75,1.8390,1.2164,3.9734,0.0000,0.0000,0.0000,0.0000,0.0000,0.0000
2,562,31,20,1,1.4238,3.4824,4.2069,0.0000,0.0000,4.3260,4.3319,0.0000,4.1450
2,563,31,20,1.5,2.9835,2.4061,3.0418,0.0000,4.3801,4.0092,4.2565,4.2492,4.0753
2,564,31,40,0.75,4.3211,4.4110,7.3068,0.0000,0.0000,0.0000,0.0000,7.4313,6.4462
2,565,31,40,1,6.3706,5.0609,8.5024,6.2022,6.1605,5.2036,4.8631,8.4987,7.7587
2,566,31,40,1.5,6.1498,4.2503,9.5926,5.9519,5.8844,0.0000,4.3825,9.2591,8.1278
2,567,31,80,0.75,8.8573,10.0641,14.8384,8.6141,7.7443,9.9800,8.7897,14.8238,13.0103
2,568,31,80,1,10.7450,11.3277,18.8621,10.6008,9.7523,11.2408,10.8143,18.7752,17.0100
2,569,31,80,1.5,12.2176,9.8237,19.3496,11.5680,10.9203,9.4571,8.5081,18.9032,17.5507
2,570,31,160,0.75,18.1089,18.5063,28.2700,17.4192,15.2872,18.1827,15.3624,28.3922,24.1560
2,571,31,160,1,21.8942,20.5644,34.3647,21.4146,20.5143,20.2586,19.0197,34.0712,32.0610
2,572,31,160,1.5,22.8479,21.9471,39.2817,21.9481,21.5024,21.4898,21.9213,37.9360,35.0114
2,573,31,320,0.75,38.2365,37.4168,60.8790,37.2955,33.3930,36.9644,32.0706,60.9975,52.4972
2,574,31,320,1,40.8694,41.7904,68.1042,39.2244,38.4960,40.8457,39.8211,67.0926,62.8537
2,575,31,320,1.5,46.6113,44.4146,79.1112,45.0065,42.7860,43.8161,42.1374,76.9516,70.4910
2,576,32,10,0.75,0.1727,0.3741,0.1788,0.0000,0.0000,0.0000,0.0000,4.4202,0.0000
2,577,32,10,1,0.2147,0.2314,0.1465,3.9750,0.0000,4.6117,0.0000,0.0000,0.0000
2,578,32,10,1.5,-0.1385,-0.3932,0.9322,4.0320,0.0000,3.6567,0.0000,0.0000,4.2046
2,579,32,20,0.75,2.0756,1.7021,1.9838,0.0000,0.0000,3.8566,0.0000,0.0000,0.0000
2,580,32,20,1,2.1478,2.7053,2.5605,0.0000,0.0000,0.0000,4.2432,4.2187,0.0000
2,581,32,20,1.5,2.3928,2.6740,1.1433,0.0000,0.0000,0.0000,0.0000,0.0000,4.8709
2,582,32,40,0.75,3.1743,3.4389,2.5996,4.5477,4.1788,4.5997,4.2716,4.4305,0.0000
2,583,32,40,1,3.8179,4.5934,4.1445,0.0000,0.0000,4.5893,4.7328,4.5702,0.0000
2,584,32,40,1.5,4.0436,5.3684,3.8845,0.0000,4.2405,4.6739,4.6112,0.0000,4.7182
2,585,32,80,0.75,7.2053,8.2613,6.3734,5.7144,5.2277,6.0076,5.3616,5.7469,5.0097
2,586,32,80,1,10.9884,11.4818,10.1732,10.8470,9.9950,10.5040,9.2409,8.7785,8.3122
2,587,32,80,1.5,9.9462,9.6277,9.3340,9.4102,8.5503,9.4178,8.3709,8.6742,8.2305
2,588,32,160,0.75,16.9466,19.7161,16.1766,14.0900,12.2824,15.9337,12.8378,13.4986,11.8245
2,589,32,160,1,18.7143,19.5202,17.7938,16.8563,15.5699,17.0869,15.9589,14.4950,14.0884
2,590,32,160,1.5,18.9746,20.1839,17.2591,16.7239,15.7032,17.6023,15.8624,14.0344,13.6539
2,591,32,320,0.75,33.0971,36.4357,32.6611,27.6575,22.7268,31.5214,24.0680,25.7481,21.2409
2,592,32,320,1,38.4083,40.5794,36.6881,33.2717,30.5043,34.7371,31.5134,30.5930,28.7186
2,593,32,320,1.5,39.1724,41.6146,37.7025,34.4305,30.6866,36.4792,32.4078,30.5812,28.6304
2,594,33,10,0.75,0.1317,0.9170,1.8086,4.4926,0.0000,0.0000,0.0000,3.8000,0.0000
2,595,33,10,1,1.0682,3.0036,3.0260,3.8489,3.6655,0.0000,4.3167,4.1808,4.4317
2,596,33,10,1.5,2.4801,3.9869,2.7223,4.4429,4.6084,4.4224,0.0000,0.0000,0.0000
2,597,33,20,0.75,2.4474,5.3663,4.3901,4.3414,4.6459,5.3158,4.5210,0.0000,4.5263
2,598,33,20,1,3.7731,5.9587,5.6008,0.0000,0.0000,6.0655,5.2149,5.2827,3.9012
2,599,33,20,1.5,3.0474,5.1973,4.3032,0.0000,0.0000,4.7310,0.0000,0.0000,0.0000
2,600,33,40,0.75,6.2112,9.4082,8.6096,6.3256,5.6817,9.4608,7.1275,8.5692,6.7418
2,601,33,40,1,7.9035,10.2255,8.5568,7.6950,7.3181,10.1325,8.7746,8.3801,7.1013
2,602,33,40,1.5,7.0703,12.2131,9.6866,6.9061,5.7707,11.8555,8.9912,9.0980,6.7933
2,603,33,80,0.75,9.2833,18.9050,15.7243,9.0330,6.9319,18.2496,12.5689,14.9447,9.1123
2,604,33,80,1,13.9345,21.8312,19.9564,13.8225,12.8336,21.6192,16.1244,19.2392,15.0851
2,605,33,80,1.5,13.0578,21.2484,18.5880,12.7322,9.8486,20.4837,14.4449,17.6395,12.4376
2,606,33,160,0.75,22.1904,38.3405,33.0598,21.8263,17.4130,37.3992,25.3096,31.9214,21.2201
2,607,33,160,1,25.0311,42.5136,36.9926,24.5474,21.7432,41.3470,31.1114,35.2801,26.8872
2,608,33,160,1.5,27.1029,45.1683,38.6093,26.8659,23.8545,43.9872,31.7194,37.0483,28.2092
2,609,33,320,0.75,46.3532,76.9097,68.1895,45.9198,37.6653,75.8026,50.6616,65.2856,45.5490
2,610,33,320,1,50.9593,85.2371,74.8208,50.4317,45.0256,83.2042,62.5671,71.5100,55.6930
2,611,33,320,1.5,54.6419,91.5070,79.1712,53.5910,47.8644,88.7540,66.3695,75.5437,58.2991
2,612,34,10,0.75,2.3384,2.4458,3.9608,3.7326,0.0000,0.0000,0.0000,3.4677,3.4008
2,613,34,10,1,1.0912,1.3000,2.5593,0.0000,0.0000,0.0000,4.5553,0.0000,0.0000
2,614,34,10,1.5,2.2810,2.5255,2.9988,0.0000,0.0000,0.0000,0.0000,4.1357,3.8778
2,615,34,20,0.75,2.5474,4.9724,6.3562,4.7132,0.0000,4.8095,4.9225,0.0000,0.0000
2,616,34,20,1,1.6686,2.5024,5.7252,0.0000,0.0000,0.0000,0.0000,0.0000,0.0000
2,617,34,20,1.5,1.8132,5.3404,8.2751,0.0000,0.0000,4.8710,5.1750,5.3587,0.0000
2,618,34,40,0.75,6.5943,10.1160,12.5720,5.4293,0.0000,9.1774,7.6616,7.8880,6.9822
2,619,34,40,1,6.4900,10.2869,15.0076,5.2574,5.4580,8.7229,8.6031,9.4403,9.3289
2,620,34,40,1.5,9.1784,13.9130,15.8105,7.9721,8.2092,12.4372,11.8420,10.4221,11.2326
2,621,34,80,0.75,14.3529,19.3143,26.4749,11.3862,10.9140,17.7507,16.2639,14.5402,13.3195
2,622,34,80,1,14.4286,21.5795,27.2186,10.1016,11.2782,18.5908,18.8433,14.4569,15.6037
2,623,34,80,1.5,14.5738,21.5817,28.8073,11.0303,11.6599,19.1265,18.6679,15.4139,17.4188
2,624,34,160,0.75,25.6399,37.3416,48.9927,19.2898,17.8637,33.0054,29.0296,26.3663,25.4702
2,625,34,160,1,28.7439,41.3942,56.9307,20.6323,21.6089,36.9299,36.4150,30.7717,32.7058
2,626,34,160,1.5,31.8734,46.1476,59.6306,23.9521,24.5469,40.7880,40.4087,32.7530,36.3517
2,627,34,320,0.75,52.8196,77.4101,100.9791,40.6897,37.3286,69.4678,60.7247,53.3731,53.5991
2,628,34,320,1,59.5126,84.5674,112.1712,44.8922,47.1075,75.4261,75.0621,59.8990,65.3239
2,629,34,320,1.5,63.4455,89.3345,118.6553,46.3870,48.1722,79.4778,78.9068,63.4055,68.3836
2,630,35,10,0.75,0.1860,0.8183,2.0185,0.0000,0.0000,3.5825,0.0000,3.8525,0.0000
2,631,35,10,1,3.3690,2.7146,3.6372,0.0000,0.0000,4.2731,4.2703,0.0000,0.0000
2,632,35,10,1.5,0.7850,2.7559,2.6006,4.6167,0.0000,4.4738,4.2806,0.0000,0.0000
2,633,35,20,0.75,2.6927,3.8811,3.1548,4.2725,0.0000,4.4837,4.1400,4.1870,4.3436
2,634,35,20,1,2.4269,3.7687,4.5472,0.0000,4.8566,0.0000,4.7485,0.0000,4.8014
2,635,35,20,1.5,6.0305,5.6258,7.7072,6.0897,5.4992,5.5091,5.8567,7.5613,7.3800
2,636,35,40,0.75,5.5831,8.0281,10.9527,5.6317,4.7860,7.8234,6.5980,10.6902,9.0954
2,637,35,40,1,7.5330,9.9557,10.8440,7.5382,7.1706,10.0107,8.8121,10.7326,9.9953
2,638,35,40,1.5,6.3984,10.4045,12.1444,6.3712,6.0048,10.4087,9.7160,12.0485,11.4891
2,639,35,80,0.75,12.0544,16.4591,19.4553,11.7485,10.5762,16.2549,14.5566,18.9702,16.7200
2,640,35,80,1,11.7342,17.9940,19.9122,11.2427,10.9284,17.8575,16.5940,19.3266,18.6723
2,641,35,80,1.5,15.5312,20.5960,24.7455,15.5071,14.4253,20.5377,19.0281,24.5822,22.9755
2,642,35,160,0.75,25.6588,35.7275,39.9756,24.9955,21.5170,35.6233,30.3950,38.7591,33.9453
2,643,35,160,1,28.7956,38.5746,45.0347,28.0800,28.0840,38.2882,37.2065,44.2805,43.3267
2,644,35,160,1.5,31.7991,42.5097,48.8968,30.8577,30.1004,41.7655,40.5412,47.9977,46.9163
2,645,35,320,0.75,55.2345,73.3540,83.9575,53.8701,47.6225,72.6803,62.7019,81.9760,71.7692
2,646,35,320,1,58.4948,78.8430,90.9398,57.7407,56.4142,78.3456,75.4396,89.6374,87.2140
2,647,35,320,1.5,63.6664,85.2971,98.7846,63.1037,60.0964,84.6660,81.0072,97.8134,94.1249
3,0,0,10,0.75,0.6457,1.9062,0.3124,4.3657,4.4642,4.5241,4.3796,4.8981,4.0590
3,1,0,10,1,2.2486,1.2568,2.9794,0.0000,0.0000,0.0000,3.6894,4.6538,0.0000
3,2,0,10,1.5,0.8847,0.1661,0.1754,0.0000,0.0000,0.0000,4.4291,4.8321,0.0000
3,3,0,20,0.75,3.5404,4.4023,5.6305,0.0000,0.0000,0.0000,4.2889,4.8214,3.0607
3,4,0,20,1,3.2159,2.5428,4.1851,4.6201,4.7426,4.3657,4.6036,4.4789,4.8486
3,5,0,20,1.5,3.2290,2.3519,4.3446,0.0000,0.0000,0.0000,0.0000,0.0000,0.0000
3,6,0,40,0.75,5.9008,6.7579,9.5908,5.4137,5.1069,7.1292,6.1115,7.2155,7.0802
3,7,0,40,1,7.2402,6.9310,10.5314,5.4799,5.9970,6.1362,5.9537,7.7271,8.3188
3,8,0,40,1.5,7.1437,5.2443,11.2576,5.6487,0.0000,4.5878,0.0000,8.5883,8.2870
3,9,0,80,0.75,12.2074,11.1596,18.1731,10.3029,8.9023,10.1790,8.4478,13.9662,12.6072
3,10,0,80,1,13.1628,12.1571,19.8267,11.4412,10.5845,11.0026,10.5345,15.1370,15.7342
3,11,0,80,1.5,15.2630,13.4323,21.6053,12.1106,11.7401,11.9189,11.1761,15.5030,16.1682
3,12,0,160,0.75,24.2106,19.8500,34.9680,20.7990,17.9209,17.9091,14.9544,26.1254,23.5443
3,13,0,160,1,27.9436,22.2308,37.1912,23.3908,22.4325,20.2016,19.3474,27.2196,28.2272
3,14,0,160,1.5,31.9739,24.9335,43.1678,25.9427,23.4440,22.0178,20.8901,30.8468,31.4185
3,15,0,320,0.75,49.3618,40.7029,70.2865,42.8178,36.5307,37.1046,32.2218,52.5867,47.3978
3,16,0,320,1,55.0772,42.7889,77.6900,47.4154,45.0704,38.4894,37.7209,58.2220,58.0716
3,17,0,320,1.5,61.8838,47.7368,84.7645,51.0726,47.8831,41.5480,39.8908,61.5721,62.8965
3,18,1,10,0.75,1.2788,-0.4932,0.4328,3.0023,0.0000,0.0000,3.8698,4.0843,4.2428
3,19,1,10,1,0.4056,-1.2323,0.2624,0.0000,0.0000,0.0000,0.0000,3.9557,0.0000
3,20,1,10,1.5,-0.6779,-0.6222,-1.4973,0.0000,0.0000,0.0000,0.0000,0.0000,0.0000
3,21,1,20,0.75,-0.2046,-0.0123,1.0200,4.2025,0.0000,0.0000,0.0000,0.0000,4.5737
3,22,1,20,1,0.2155,-0.1622,-0.6923,5.0888,4.4810,4.9153,4.9951,4.6468,4.1700
3,23,1,20,1.5,0.5812,0.7445,1.8138,0.0000,0.0000,4.1558,3.7642,0.0000,0.0000
3,24,1,40,0.75,0.6180,1.9539,1.9819,0.0000,0.0000,0.0000,0.0000,4.1690,0.0000
3,25,1,40,1,1.9833,2.7442,2.6610,0.0000,4.1641,3.6256,0.0000,0.0000,0.0000
3,26,1,40,1.5,0.5755,-0.1792,-0.5395,0.0000,4.6169,4.5378,0.0000,4.3353,0.0000
3,27,1,80,0.75,3.3237,4.2394,4.5233,0.0000,0.0000,4.7074,4.4527,0.0000,0.0000
3,28,1,80,1,1.2050,1.4578,2.7440,0.0000,0.0000,0.0000,0.0000,0.0000,0.0000
3,29,1,80,1.5,1.2070,2.9311,2.3807,4.7407,3.8734,4.6329,4.2484,4.9307,4.6005
3,30,1,160,0.75,2.6239,4.7374,3.8177,4.2229,3.9352,0.0000,0.0000,4.5033,4.5343
3,31,1,160,1,1.9623,5.1191,4.8091,4.1585,0.0000,5.2257,4.9952,4.7704,0.0000
3,32,1,160,1.5,4.7251,6.9916,6.2298,4.4897,4.3844,6.3573,5.9637,5.2133,0.0000
3,33,1,320,0.75,7.5987,11.5491,10.5071,6.2612,5.3664,10.2007,8.3111,9.0888,7.2749
3,34,1,320,1,8.8328,13.4321,11.6846,7.2565,6.7496,11.8928,10.3990,9.9004,9.4855
3,35,1,320,1.5,9.4149,14.4447,13.7808,8.5089,8.3246,13.7897,13.2652,12.2099,11.2806
3,36,2,10,0.75,1.6057,1.6687,1.0058,0.0000,0.0000,3.5089,0.0000,3.7901,0.0000
3,37,2,10,1,1.7214,1.9526,1.8810,4.0873,0.0000,4.8213,0.0000,0.0000,4.4098
3,38,2,10,1.5,0.7316,0.8738,0.5674,3.8390,0.0000,4.2527,4.1958,0.0000,0.0000
3,39,2,20,0.75,1.2453,1.8001,1.5230,0.0000,0.0000,0.0000,4.1010,0.0000,0.0000
3,40,2,20,1,-0.3127,1.0081,0.8988,3.3610,0.0000,3.6465,0.0000,0.0000,4.2023
3,41,2,20,1.5,0.3178,0.5177,0.3716,0.0000,0.0000,3.5160,0.0000,3.9882,0.0000
3,42,2,40,0.75,2.9334,3.2663,3.0617,0.0000,4.6158,4.0052,3.8217,0.0000,4.1453
3,43,2,40,1,1.7972,2.4082,2.3896,4.3823,0.0000,4.5286,3.9912,4.2165,4.2149
3,44,2,40,1.5,1.6790,2.2614,2.2574,0.0000,0.0000,0.0000,0.0000,3.4081,0.0000
3,45,2,80,0.75,4.5216,4.7892,5.5918,0.0000,0.0000,4.7080,0.0000,4.9475,4.7220
3,46,2,80,1,5.5880,6.2363,6.8434,5.2940,5.1168,5.8761,5.8313,6.5339,5.9176
3,47,2,80,1.5,4.3766,4.9928,5.1923,0.0000,0.0000,4.6264,0.0000,5.1656,4.6804
3,48,2,160,0.75,6.0990,7.5754,8.1347,5.8363,5.1496,6.7962,5.9539,6.9570,6.1625
3,49,2,160,1,8.2481,9.7408,10.9505,7.6047,7.0906,8.8928,8.5091,9.5561,9.1435
3,50,2,160,1.5,8.9991,9.7475,10.1666,7.8900,7.3409,9.3096,8.3721,9.3543,8.8728
3,51,2,320,0.75,14.3327,16.6310,17.3425,12.1952,10.3706,14.6541,12.1863,14.1089,11.6631
3,52,2,320,1,17.1461,19.9853,19.6843,14.7776,15.1922,17.6908,17.8962,16.6568,17.2294
3,53,2,320,1.5,19.6384,20.4310,22.3001,16.8585,16.8315,18.1524,18.4697,18.4356,18.6577
3,54,3,10,0.75,-0.1652,1.0978,0.4094,0.0000,0.0000,0.0000,0.0000,0.0000,0.0000
3,55,3,10,1,0.2311,0.1609,0.6087,0.0000,0.0000,0.0000,3.6718,0.0000,0.0000
3,56,3,10,1.5,0.8835,0.8213,0.9538,4.3356,4.7340,4.7501,4.7852,0.0000,0.0000
3,57,3,20,0.75,1.0801,0.8573,0.7746,0.0000,0.0000,0.0000,0.0000,4.4691,3.9001
3,58,3,20,1,0.6267,0.3757,0.4336,4.3085,4.0317,4.0695,4.3438,3.8011,3.7486
3,59,3,20,1.5,-0.3970,-0.1650,0.1618,0.0000,0.0000,0.0000,0.0000,0.0000,0.0000
3,60,3,40,0.75,3.2526,2.3400,3.2461,0.0000,0.0000,4.5908,0.0000,0.0000,0.0000
3,61,3,40,1,0.7872,-0.8383,0.8036,4.6434,4.7029,0.0000,4.1058,4.3538,4.1807
3,62,3,40,1.5,0.3025,-0.0701,0.8601,4.4906,4.6649,4.8995,4.1752,0.0000,0.0000
3,63,3,80,0.75,3.0389,1.5652,2.1703,0.0000,0.0000,4.7597,0.0000,4.7843,0.0000
3,64,3,80,1,3.4853,2.1731,2.5555,4.2417,0.0000,0.0000,0.0000,4.5612,0.0000
3,65,3,80,1.5,4.0375,1.4898,3.2893,4.2931,3.7724,0.0000,0.0000,4.5677,3.8535
3,66,3,160,0.75,6.0538,4.2762,5.6169,5.8050,5.2753,0.0000,4.1714,5.1356,4.8212
3,67,3,160,1,6.4136,3.0627,5.2618,5.7617,5.2228,0.0000,0.0000,5.0150,4.5352
3,68,3,160,1.5,6.3634,3.8401,6.2590,5.5561,5.3730,4.6980,0.0000,5.2053,5.1310
3,69,3,320,0.75,11.7831,6.6440,9.9508,10.1280,7.1527,6.4546,5.1191,8.5753,5.8212
3,70,3,320,1,12.0804,7.6483,11.0805,11.1526,9.1856,7.4304,6.5383,10.1734,8.2070
3,71,3,320,1.5,15.2149,8.2028,12.5005,12.5797,11.7634,7.1209,6.7701,9.9405,9.1372
3,72,4,10,0.75,-2.1680,-1.8130,-0.3676,0.0000,4.3377,0.0000,3.5787,4.2785,0.0000
3,73,4,10,1,-0.6431,-0.3644,-0.1500,0.0000,0.0000,4.5838,4.6380,0.0000,0.0000
3,74,4,10,1.5,1.6009,0.9079,-0.2638,0.0000,4.2879,0.0000,4.2648,0.0000,0.0000
3,75,4,20,0.75,1.9689,2.6695,2.5365,0.0000,4.2245,0.0000,0.0000,0.0000,0.0000
3,76,4,20,1,2.2173,1.5913,1.8606,0.0000,0.0000,0.0000,0.0000,4.4378,4.2721
3,77,4,20,1.5,1.3351,0.7928,0.6628,4.5871,4.7104,3.9927,4.1008,0.0000,0.0000
3,78,4,40,0.75,2.6754,3.3058,2.9540,4.5383,4.5628,0.0000,4.0463,0.0000,0.0000
3,79,4,40,1,4.4829,3.0317,3.6835,4.5705,4.3032,4.8080,3.3800,0.0000,3.7202
3,80,4,40,1.5,2.9143,3.1052,2.7492,4.5546,4.8217,0.0000,4.3155,4.5086,4.6213
3,81,4,80,0.75,4.2849,4.7974,5.8944,4.4322,0.0000,4.8641,0.0000,0.0000,0.0000
3,82,4,80,1,6.0977,6.5950,8.4505,4.9974,5.1434,5.7331,5.9843,5.4958,6.0393
3,83,4,80,1.5,7.5649,8.0347,8.0307,6.7551,5.7221,7.1922,6.1192,6.9703,5.8388
3,84,4,160,0.75,13.8891,14.3986,15.0827,12.0229,9.2141,12.9417,10.5555,11.8543,10.2863
3,85,4,160,1,15.0083,14.5496,16.1839,12.1153,11.1192,12.2414,12.6775,11.3506,11.8220
3,86,4,160,1.5,15.5797,15.3776,16.7959,12.3567,11.4269,13.6663,12.8837,12.4553,11.0120
3,87,4,320,0.75,25.9903,27.6262,28.5992,21.6912,18.0717,23.0532,20.4958,20.4641,18.5612
3,88,4,320,1,26.8292,28.1368,28.8357,22.2781,20.5538,24.6799,24.3329,20.7835,21.3388
3,89,4,320,1.5,30.7299,31.3354,32.5334,23.6089,23.2893,26.1946,26.4098,23.1347,23.3904
3,90,5,10,0.75,-0.6064,-0.5487,0.2564,0.0000,4.5363,4.7524,4.7049,0.0000,0.0000
3,91,5,10,1,0.5963,0.4185,2.1871,0.0000,0.0000,0.0000,0.0000,0.0000,0.0000
3,92,5,10,1.5,-1.0180,0.2179,-0.1489,0.0000,0.0000,4.1737,0.0000,0.0000,0.0000
3,93,5,20,0.75,1.0973,0.8124,1.5662,0.0000,4.2754,0.0000,4.6481,4.6814,3.9439
3,94,5,20,1,1.3647,0.6578,1.4644,0.0000,0.0000,0.0000,0.0000,0.0000,0.0000
3,95,5,20,1.5,0.0043,0.2845,0.0319,0.0000,3.6868,0.0000,3.9568,0.0000,0.0000
3,96,5,40,0.75,1.8721,2.7117,2.7459,0.0000,0.0000,0.0000,0.0000,0.0000,0.0000
3,97,5,40,1,3.9415,3.7939,3.2138,4.7393,4.7535,0.0000,0.0000,0.0000,0.0000
3,98,5,40,1.5,0.8431,0.3195,0.8921,4.4879,0.0000,4.3876,4.2217,0.0000,0.0000
3,99,5,80,0.75,4.0905,3.1212,5.0236,0.0000,0.0000,4.3970,4.0036,0.0000,4.2951
3,100,5,80,1,3.6085,3.1195,4.4379,0.0000,0.0000,0.0000,0.0000,0.0000,0.0000
3,101,5,80,1.5,4.5351,3.7576,5.2134,4.7583,4.2200,4.6592,4.0181,4.8341,4.5380
3,102,5,160,0.75,7.2211,6.4304,8.5283,6.5363,6.0591,5.8031,5.7956,7.9820,6.8424
3,103,5,160,1,8.7830,7.7958,10.5160,8.1093,7.2937,7.0354,7.1123,10.0863,9.4500
3,104,5,160,1.5,7.8154,7.3554,11.0409,7.0995,6.7273,6.6948,6.4896,10.4153,9.7738
3,105,5,320,0.75,11.5794,11.2969,17.3012,9.8334,8.0224,9.9531,8.4834,15.2173,11.9279
3,106,5,320,1,15.5188,15.6712,21.0178,13.9987,13.3291,14.3646,14.0284,18.9310,17.9324
3,107,5,320,1.5,16.0026,14.1095,20.7816,14.2270,12.9021,12.5557,12.6202,18.5196,16.7994
3,108,6,10,0.75,1.5854,1.8034,0.4356,0.0000,4.7731,0.0000,0.0000,0.0000,4.7341
3,109,6,10,1,0.6416,0.6609,1.1610,4.6087,4.5224,0.0000,0.0000,4.6246,4.3275
3,110,6,10,1.5,3.7775,3.2722,2.6369,0.0000,0.0000,0.0000,0.0000,0.0000,3.9151
3,111,6,20,0.75,-0.6653,-0.8249,0.5552,3.9689,0.0000,3.9304,0.0000,0.0000,0.0000
3,112,6,20,1,1.4101,1.2979,2.5923,5.0887,0.0000,0.0000,0.0000,4.8018,3.6255
3,113,6,20,1.5,1.6145,0.9981,2.1515,4.4317,0.0000,0.0000,0.0000,0.0000,0.0000
3,114,6,40,0.75,4.5597,2.7649,4.8225,0.0000,0.0000,0.0000,0.0000,0.0000,0.0000
3,115,6,40,1,4.5064,3.0827,5.8916,0.0000,0.0000,3.9466,0.0000,5.4647,5.7123
3,116,6,40,1.5,2.7719,2.2492,4.2129,0.0000,4.3017,4.6987,4.8897,4.2934,4.4396
3,117,6,80,0.75,8.6055,6.4732,11.3237,8.1380,7.3329,6.2131,6.0416,10.4957,9.7564
3,118,6,80,1,8.6492,5.8168,9.9129,8.0193,7.6757,5.6722,5.3226,8.9869,8.5019
3,119,6,80,1.5,9.0396,6.4468,11.1132,8.8509,8.5851,5.8948,6.0318,10.8589,9.9386
3,120,6,160,0.75,15.4271,12.6298,19.6383,14.9017,13.1552,11.9169,10.2121,17.9610,15.9826
3,121,6,160,1,16.1056,11.5789,19.4952,15.8947,15.6858,11.4028,11.4987,18.4198,18.7215
3,122,6,160,1.5,16.8384,11.8566,21.4271,15.7955,15.5298,11.3701,11.4380,19.6734,19.4509
3,123,6,320,0.75,27.6545,20.4847,35.4770,26.2984,23.4093,19.6290,17.4779,32.9975,30.1103
3,124,6,320,1,32.1217,23.6137,39.6995,30.2490,29.1321,22.5708,21.8755,37.3519,36.9668
3,125,6,320,1.5,34.5084,24.8592,42.4889,32.3537,31.9148,23.5563,23.4900,39.0084,38.7206
3,126,7,10,0.75,0.1184,1.1007,-0.3445,0.0000,0.0000,0.0000,4.0902,4.1953,3.9215
3,127,7,10,1,1.0545,0.6066,0.7688,0.0000,0.0000,0.0000,0.0000,0.0000,0.0000
3,128,7,10,1.5,1.0044,0.8045,0.5128,4.6212,4.4353,0.0000,0.0000,0.0000,0.0000
3,129,7,20,0.75,1.6221,1.6230,2.2787,0.0000,0.0000,0.0000,0.0000,0.0000,0.0000
3,130,7,20,1,2.1594,1.6840,1.0202,0.0000,4.4031,4.0044,3.9187,0.0000,0.0000
3,131,7,20,1.5,-0.7701,-0.5623,-2.1787,0.0000,0.0000,0.0000,0.0000,0.0000,0.0000
3,132,7,40,0.75,1.2318,1.1297,0.0203,0.0000,0.0000,0.0000,0.0000,0.0000,0.0000
3,133,7,40,1,3.4213,3.2585,3.2043,3.7031,3.5401,0.0000,0.0000,4.1571,0.0000
3,134,7,40,1.5,1.4059,1.8494,1.9336,0.0000,0.0000,0.0000,0.0000,0.0000,0.0000
3,135,7,80,0.75,3.7939,2.5100,3.2750,4.3280,3.9564,4.3280,4.1604,4.2062,4.1364
3,136,7,80,1,2.4757,2.4736,2.8495,5.0943,4.9991,0.0000,5.0151,0.0000,4.2267
3,137,7,80,1.5,2.9674,0.2635,1.5720,4.5248,4.7145,0.0000,4.2665,0.0000,0.0000
3,138,7,160,0.75,6.3647,5.1588,5.3811,6.2501,5.2869,5.1233,5.0356,5.6973,0.0000
3,139,7,160,1,6.1033,4.4779,5.0994,6.4079,6.4646,4.4073,0.0000,5.1253,5.1622
3,140,7,160,1.5,7.1973,5.1863,5.5279,7.1748,6.9218,5.0566,4.6885,5.4825,5.3611
3,141,7,320,0.75,11.5203,9.5048,9.3731,11.7949,9.3957,9.7001,8.1079,9.5552,7.9824
3,142,7,320,1,13.7730,10.0126,10.8136,13.6340,13.2865,9.9937,9.6773,10.5834,10.3448
3,143,7,320,1.5,14.7525,11.9702,12.9566,14.6005,13.4043,12.0269,10.3691,12.8133,11.3983
3,144,8,10,0.75,0.1918,-0.2148,0.9511,0.0000,0.0000,0.0000,0.0000,4.4620,0.0000
3,145,8,10,1,-0.3084,0.6819,0.1980,0.0000,0.0000,0.0000,0.0000,0.0000,0.0000
3,146,8,10,1.5,1.6544,2.2920,2.1186,4.6447,0.0000,4.3981,0.0000,4.9066,4.9106
3,147,8,20,0.75,1.3485,0.9728,0.7552,0.0000,0.0000,0.0000,4.7242,3.9730,0.0000
3,148,8,20,1,2.3944,1.3409,2.1822,0.0000,0.0000,4.6315,4.6134,0.0000,0.0000
3,149,8,20,1.5,2.0053,1.2900,0.6753,0.0000,4.0079,3.9051,3.6279,0.0000,0.0000
3,150,8,40,0.75,2.3759,2.9165,3.7924,0.0000,0.0000,0.0000,0.0000,0.0000,4.1139
3,151,8,40,1,2.5091,1.9580,3.1596,0.0000,0.0000,4.3911,0.0000,4.9596,4.5437
3,152,8,40,1.5,1.7597,1.1004,2.5489,0.0000,0.0000,0.0000,0.0000,0.0000,0.0000
3,153,8,80,0.75,3.8390,3.5341,5.0604,0.0000,0.0000,4.6726,4.0489,4.1534,3.9245
3,154,8,80,1,5.5059,4.5493,4.6794,4.1837,4.2060,4.3641,0.0000,0.0000,0.0000
3,155,8,80,1.5,5.3365,4.4400,5.4494,4.2536,4.2125,4.2302,4.3029,4.5849,4.7325
3,156,8,160,0.75,8.7017,7.7862,9.5316,8.7031,7.3163,7.4548,6.3331,9.3092,7.6255
3,157,8,160,1,10.4990,10.0951,12.2833,9.0326,8.4415,9.3227,9.0694,11.3769,11.4621
3,158,8,160,1.5,10.3770,9.7253,11.7180,8.9549,8.6692,8.4796,8.2636,10.6897,9.4369
3,159,8,320,0.75,17.3959,15.8513,20.4696,15.2887,12.7546,12.8213,11.1513,17.3640,13.8815
3,160,8,320,1,22.9566,19.7170,24.9037,19.6051,17.6759,17.0480,15.8061,21.8410,20.0416
3,161,8,320,1.5,22.0861,18.2601,24.7539,18.8003,16.3256,15.5982,13.7211,21.8781,19.6170
3,162,9,10,0.75,1.0363,1.0470,2.2467,0.0000,0.0000,3.9624,0.0000,0.0000,4.1085
3,163,9,10,1,0.3979,0.4499,0.8923,4.7381,0.0000,0.0000,0.0000,0.0000,0.0000
3,164,9,10,1.5,2.6183,2.6187,3.9945,0.0000,4.3196,0.0000,4.2342,0.0000,4.5706
3,165,9,20,0.75,0.1177,-0.1501,0.2150,0.0000,0.0000,0.0000,0.0000,0.0000,0.0000
3,166,9,20,1,1.5617,1.4858,0.9185,0.0000,0.0000,0.0000,0.0000,0.0000,0.0000
3,167,9,20,1.5,-0.1385,0.0810,0.1560,0.0000,0.0000,0.0000,0.0000,0.0000,0.0000
3,168,9,40,0.75,2.8321,2.1780,2.1282,4.6453,4.7586,5.3801,5.0446,0.0000,0.0000
3,169,9,40,1,1.2126,1.1622,2.4839,0.0000,0.0000,4.1033,0.0000,0.0000,0.0000
3,170,9,40,1.5,5.4971,4.9217,5.3997,5.0050,0.0000,4.4108,0.0000,4.7658,0.0000
3,171,9,80,0.75,4.3473,5.4098,4.7198,0.0000,0.0000,5.2545,5.1221,5.0919,4.4799
3,172,9,80,1,7.4800,6.9776,6.8611,6.6691,6.5144,6.1026,6.1534,5.7447,5.6861
3,173,9,80,1.5,5.8947,5.9996,6.5517,5.1142,5.6579,5.5150,5.3991,5.6914,5.9923
3,174,9,160,0.75,9.2096,9.5965,9.9433,8.4355,7.4094,8.2953,7.7462,8.9148,7.4088
3,175,9,160,1,10.8929,11.0780,11.0978,10.0647,9.3318,9.6781,9.7566,9.9019,9.6038
3,176,9,160,1.5,13.1770,13.7831,14.4425,12.2187,11.0993,11.7516,10.7089,13.0254,12.4134
3,177,9,320,0.75,23.0288,22.8058,23.0715,20.3470,17.3566,19.2939,16.1903,20.3313,17.3605
3,178,9,320,1,23.9625,23.9738,25.4436,21.7022,20.6961,19.9546,19.4581,22.1317,21.3402
3,179,9,320,1.5,24.4076,24.5257,26.5249,22.1008,20.9227,20.0863,19.6201,23.3779,22.3771
3,180,10,10,0.75,-0.9594,0.9614,0.8573,4.5137,4.7046,4.0092,4.1555,0.0000,4.4129
3,181,10,10,1,0.0848,1.9328,0.6477,3.6210,3.3012,0.0000,3.7726,0.0000,0.0000
3,182,10,10,1.5,3.0892,2.6063,2.1944,4.3182,0.0000,0.0000,0.0000,4.7047,0.0000
3,183,10,20,0.75,2.0098,3.8902,3.0707,4.1717,0.0000,0.0000,0.0000,0.0000,0.0000
3,184,10,20,1,3.1083,2.6841,4.2487,4.4558,4.1484,4.2867,4.5786,4.4007,0.0000
3,185,10,20,1.5,2.2177,4.7352,4.5921,0.0000,0.0000,4.2179,4.2579,0.0000,0.0000
3,186,10,40,0.75,2.5714,5.7087,4.5928,4.4789,0.0000,4.1976,0.0000,4.4524,0.0000
3,187,10,40,1,2.3305,4.2998,4.1194,4.1076,0.0000,0.0000,0.0000,0.0000,0.0000
3,188,10,40,1.5,3.2987,7.2851,5.9304,0.0000,0.0000,5.6716,5.4089,0.0000,0.0000
3,189,10,80,0.75,6.9828,9.1347,8.6859,5.6976,4.9876,7.5242,6.1480,7.4040,6.5521
3,190,10,80,1,5.8364,10.1913,9.8238,5.4715,5.2394,7.6024,6.6501,6.7372,6.1419
3,191,10,80,1.5,5.6432,12.2365,10.3520,5.5404,5.4662,10.0785,10.3850,6.7207,6.9812
3,192,10,160,0.75,13.7492,24.2842,18.3960,11.2732,9.4369,18.6456,16.5731,14.0741,11.2931
3,193,10,160,1,13.1568,25.0154,20.8754,10.5591,9.3646,18.7673,18.2981,15.1059,13.9452
3,194,10,160,1.5,13.4640,24.9899,22.0080,10.0437,9.4696,18.1795,17.5877,15.0070,13.9373
3,195,10,320,0.75,23.7258,44.2670,37.9596,20.0198,16.9220,34.1905,30.0907,28.0349,23.6175
3,196,10,320,1,27.5907,49.6274,42.9241,23.3855,21.6023,37.8932,37.4496,31.9812,29.6738
3,197,10,320,1.5,26.8408,49.2396,42.6579,22.0884,20.6743,36.3271,35.5456,31.1732,28.5518
3,198,11,10,0.75,0.6979,0.6699,0.0953,0.0000,0.0000,0.0000,0.0000,0.0000,0.0000
3,199,11,10,1,2.2735,2.9142,2.4417,0.0000,4.2956,0.0000,0.0000,0.0000,3.9846
3,200,11,10,1.5,2.1865,1.6065,2.1188,0.0000,0.0000,0.0000,0.0000,4.2147,0.0000
3,201,11,20,0.75,0.6164,0.6353,0.7033,0.0000,0.0000,0.0000,4.2764,0.0000,0.0000
3,202,11,20,1,1.1385,1.1755,1.6135,5.1790,0.0000,4.1616,4.1374,4.3265,4.4090
3,203,11,20,1.5,0.6548,0.1187,0.5388,0.0000,4.4148,0.0000,0.0000,0.0000,0.0000
3,204,11,40,0.75,1.8879,1.0156,2.1316,0.0000,0.0000,3.8613,0.0000,3.6769,0.0000
3,205,11,40,1,2.6266,1.1930,2.8509,0.0000,0.0000,0.0000,0.0000,0.0000,0.0000
3,206,11,40,1.5,2.9255,3.2603,2.8363,4.6066,4.1637,4.3171,0.0000,0.0000,4.0992
3,207,11,80,0.75,4.3090,3.1554,4.6689,0.0000,0.0000,0.0000,0.0000,0.0000,5.1083
3,208,11,80,1,4.6109,3.6806,5.5653,4.2101,4.2772,4.3030,4.4152,4.5500,4.8158
3,209,11,80,1.5,5.6025,4.4204,6.3283,0.0000,4.7756,4.3474,0.0000,0.0000,4.3326
3,210,11,160,0.75,9.4324,6.6107,8.8654,6.4415,6.2176,6.1900,5.7485,6.8117,6.2554
3,211,11,160,1,9.7861,7.5672,11.0047,7.0289,7.1483,6.1849,6.2745,7.4712,7.5662
3,212,11,160,1.5,11.0726,7.2521,11.3009,7.6718,8.1307,5.8843,6.1378,7.3018,7.8469
3,213,11,320,0.75,16.4487,12.7496,19.3013,12.9078,12.0120,11.1648,10.4070,13.5263,12.4239
3,214,11,320,1,19.3014,13.6838,21.5961,13.5310,13.2116,11.3047,11.0274,14.4770,14.0029
3,215,11,320,1.5,20.1988,13.4760,21.6584,14.5387,14.9646,11.7031,11.7162,14.2143,14.1571
3,216,12,10,0.75,1.3294,1.6163,1.6905,0.0000,4.2340,0.0000,0.0000,0.0000,0.0000
3,217,12,10,1,2.7686,2.8823,1.8381,0.0000,4.1876,4.3414,4.0188,4.1970,4.2043
3,218,12,10,1.5,0.8446,0.6241,1.2753,0.0000,0.0000,0.0000,0.0000,0.0000,0.0000
3,219,12,20,0.75,1.8688,0.6322,3.6169,0.0000,0.0000,4.4568,0.0000,4.9296,5.1928
3,220,12,20,1,4.1035,2.1941,4.9288,0.0000,0.0000,3.9098,3.9411,0.0000,3.8224
3,221,12,20,1.5,3.1692,2.7394,4.2678,0.0000,0.0000,0.0000,0.0000,0.0000,0.0000
3,222,12,40,0.75,4.5380,4.0503,5.7931,0.0000,0.0000,0.0000,4.1473,4.8518,4.4841
3,223,12,40,1,7.2890,6.5759,8.5833,7.2137,7.4299,6.3967,6.3053,6.2977,5.9095
3,224,12,40,1.5,6.8084,5.2481,8.2530,5.8164,5.2646,5.0828,5.1311,6.3187,6.2674
3,225,12,80,0.75,11.1483,10.4341,13.9971,9.3752,8.2208,9.4699,8.5230,9.3722,8.4338
3,226,12,80,1,13.0452,10.3304,15.9684,10.9662,11.2856,9.1261,8.7666,10.1646,10.6490
3,227,12,80,1.5,12.5252,10.3135,17.5256,9.8876,9.9274,8.8325,8.2842,12.0349,12.1360
3,228,12,160,0.75,23.4701,20.3698,30.0980,20.0065,17.9454,18.2838,15.0974,19.9970,18.4866
3,229,12,160,1,23.7088,20.2593,30.6643,19.9719,18.9239,18.3946,17.3119,21.0365,21.1684
3,230,12,160,1.5,27.9381,23.4273,34.4477,23.7405,22.2477,20.5280,19.7874,22.3832,22.4491
3,231,12,320,0.75,44.6860,39.2365,57.9408,37.8452,33.5997,35.6165,30.2870,37.8924,34.4028
3,232,12,320,1,50.5609,42.3743,63.4256,42.2308,42.5032,37.7317,36.4746,42.0731,43.0910
3,233,12,320,1.5,54.9738,44.6558,68.2061,46.0413,45.7855,39.1318,37.2528,45.7312,46.0599
3,234,13,10,0.75,3.3786,0.4930,0.2818,4.6210,0.0000,0.0000,3.8765,0.0000,0.0000
3,235,13,10,1,0.8718,0.7799,-0.5159,0.0000,0.0000,0.0000,0.0000,0.0000,0.0000
3,236,13,10,1.5,1.4960,1.0066,1.1644,0.0000,0.0000,0.0000,0.0000,0.0000,0.0000
3,237,13,20,0.75,2.5473,1.1517,2.7232,0.0000,4.4177,0.0000,0.0000,0.0000,0.0000
3,238,13,20,1,1.0932,0.9164,1.9468,0.0000,0.0000,0.0000,0.0000,0.0000,0.0000
3,239,13,20,1.5,1.4243,0.1299,0.6145,0.0000,0.0000,0.0000,0.0000,4.7441,0.0000
3,240,13,40,0.75,3.9540,2.4903,5.3473,0.0000,4.1822,0.0000,4.4144,5.5200,5.0724
3,241,13,40,1,5.4553,3.1740,5.1522,5.1389,4.8775,4.0916,4.3960,5.1443,5.6239
3,242,13,40,1.5,4.5080,2.1166,4.0156,0.0000,0.0000,0.0000,0.0000,0.0000,0.0000
3,243,13,80,0.75,5.4368,3.3682,6.6604,4.8609,4.0990,4.1190,4.1670,5.1183,4.9816
3,244,13,80,1,7.2348,3.2698,7.0972,6.3699,6.2132,0.0000,0.0000,6.5949,6.3148
3,245,13,80,1.5,6.5148,4.2966,8.1633,5.6683,5.4956,5.4244,5.5611,6.6237,7.1205
3,246,13,160,0.75,11.9025,6.4322,11.6424,11.2657,9.6663,6.2959,4.7898,10.9035,9.7198
3,247,13,160,1,13.7665,6.8153,13.7947,12.4873,11.9153,6.3578,6.7184,11.6826,12.5504
3,248,13,160,1.5,16.7767,8.4724,16.5235,14.5562,12.9479,8.4344,7.7195,14.0688,13.9348
3,249,13,320,0.75,26.8649,14.6419,27.1706,23.6208,20.0343,13.2389,11.7005,22.1581,20.9351
3,250,13,320,1,28.7519,17.5970,29.7845,25.8550,23.8921,16.0045,16.2116,25.2362,26.0313
3,251,13,320,1.5,29.7844,15.7682,30.1051,26.0555,23.9495,14.7448,14.7934,26.0896,26.0813
3,252,14,10,0.75,2.2391,3.2511,1.4203,0.0000,4.3306,4.0401,4.2531,0.0000,4.5025
3,253,14,10,1,3.0615,3.6510,4.7995,0.0000,0.0000,0.0000,0.0000,5.0039,4.8401
3,254,14,10,1.5,0.7409,2.9078,0.9382,4.1472,4.4156,0.0000,3.6771,4.0297,3.8615
3,255,14,20,0.75,2.4903,3.6029,2.6523,4.2790,4.5732,0.0000,4.7567,0.0000,0.0000
3,256,14,20,1,1.7481,2.4415,2.2071,4.3090,0.0000,0.0000,0.0000,0.0000,0.0000
3,257,14,20,1.5,4.1423,3.1090,3.5082,0.0000,0.0000,0.0000,4.1241,0.0000,0.0000
3,258,14,40,0.75,6.7169,7.5062,6.0724,6.3878,6.0080,7.0700,6.8628,5.6185,5.3144
3,259,14,40,1,6.7700,6.8670,6.0898,6.6474,6.9995,6.7767,7.2190,5.7490,6.3710
3,260,14,40,1.5,5.5368,6.8409,7.0550,5.4334,5.5465,6.6416,7.0269,6.4209,6.7916
3,261,14,80,0.75,10.0170,13.3358,11.1212,9.8059,9.0912,12.5881,11.5663,10.0163,9.5322
3,262,14,80,1,13.9226,16.5333,13.8164,13.6959,12.9919,16.4191,15.6734,13.0874,13.5335
3,263,14,80,1.5,14.3366,16.7455,15.5028,13.9461,13.9598,16.3979,16.6286,14.0978,14.9252
3,264,14,160,0.75,21.6910,26.7931,24.3662,20.7272,18.9091,26.1279,22.7976,21.8906,21.2203
3,265,14,160,1,26.2655,32.5586,29.1350,25.6050,25.2866,31.9004,31.7359,26.9111,28.0111
3,266,14,160,1.5,28.1239,33.6691,28.7554,27.6746,27.0336,33.3460,32.6541,27.1583,27.6278
3,267,14,320,0.75,45.4908,58.3171,49.4826,44.2693,39.3016,57.2894,50.1586,46.5257,42.9230
3,268,14,320,1,52.4699,63.7781,55.2455,50.7390,50.2509,62.4367,62.4327,51.4187,53.8955
3,269,14,320,1.5,56.4564,67.7517,58.0311,55.1126,54.6823,66.3048,66.9886,54.4942,56.5867
3,270,15,10,0.75,1.8806,1.0458,0.8870,5.2570,4.7582,4.7360,4.6690,0.0000,0.0000
3,271,15,10,1,0.2540,-0.1542,0.9279,0.0000,0.0000,0.0000,3.8317,0.0000,0.0000
3,272,15,10,1.5,0.8389,1.5945,0.8881,0.0000,0.0000,0.0000,0.0000,0.0000,3.8536
3,273,15,20,0.75,3.1122,2.5395,3.2238,3.9547,3.8164,4.5975,4.7048,0.0000,4.6401
3,274,15,20,1,3.5997,3.0374,5.1515,0.0000,0.0000,0.0000,0.0000,4.5674,4.1785
3,275,15,20,1.5,2.3322,1.3329,2.6492,4.4361,0.0000,0.0000,0.0000,4.1730,0.0000
3,276,15,40,0.75,5.4771,6.6570,8.5232,5.0768,5.5515,6.0764,5.8300,8.1734,7.7717
3,277,15,40,1,5.0546,4.8616,6.6729,5.6614,5.2656,5.6220,5.2217,6.4014,5.6407
3,278,15,40,1.5,5.5887,5.1239,8.3815,5.6931,5.1323,0.0000,4.6384,8.5779,7.8577
3,279,15,80,0.75,11.2148,11.1097,16.7009,10.7554,9.5460,9.9967,8.7851,15.4846,12.6467
3,280,15,80,1,11.1704,10.1099,15.6080,10.6109,10.0422,9.0522,8.0475,14.7209,13.7241
3,281,15,80,1.5,10.4239,9.7053,16.6874,9.8098,9.4856,8.5359,8.6740,16.0526,15.4598
3,282,15,160,0.75,19.6990,19.4328,29.6714,17.4327,14.1882,17.1817,14.2966,28.2523,22.9312
3,283,15,160,1,22.4708,21.9852,33.6584,20.9396,19.2824,19.8371,18.4160,32.1349,29.4422
3,284,15,160,1.5,23.0114,21.4196,33.8455,21.1291,20.2030,20.0244,19.8159,32.0573,29.1357
3,285,15,320,0.75,38.6548,35.8108,58.3259,34.8332,28.9667,31.3126,25.4114,55.0856,44.9492
3,286,15,320,1,41.6156,39.7128,62.6853,38.8515,35.8247,36.4528,33.9562,60.2653,55.6461
3,287,15,320,1.5,46.0223,41.7326,67.1803,41.9657,39.3329,37.2085,35.1925,63.9053,59.1961
3,288,16,10,0.75,0.7672,0.9945,1.8311,0.0000,0.0000,0.0000,0.0000,0.0000,0.0000
3,289,16,10,1,2.6006,2.6048,3.3356,0.0000,0.0000,0.0000,0.0000,4.1786,4.6601
3,290,16,10,1.5,1.0814,1.0130,1.3242,4.0191,3.4173,0.0000,3.8723,3.9644,3.7308
3,291,16,20,0.75,1.1976,1.1452,2.6556,0.0000,0.0000,0.0000,0.0000,0.0000,0.0000
3,292,16,20,1,2.2612,1.6629,1.3837,0.0000,0.0000,0.0000,0.0000,0.0000,0.0000
3,293,16,20,1.5,1.7390,1.2799,3.5782,3.5579,0.0000,4.3371,0.0000,0.0000,0.0000
3,294,16,40,0.75,4.5995,6.1184,8.9266,4.5075,4.3724,5.6272,4.8715,8.0341,7.0257
3,295,16,40,1,4.6135,3.8214,7.1475,0.0000,4.3962,4.5163,4.2789,5.8048,5.9123
3,296,16,40,1.5,5.6432,5.3067,8.1570,5.1719,5.5582,5.2516,5.6280,7.0853,7.7940
3,297,16,80,0.75,6.5400,7.8072,12.3979,6.2215,5.2621,7.1955,6.1679,10.0296,8.8836
3,298,16,80,1,7.0627,7.4071,12.3941,6.1029,6.1647,5.9785,6.0683,8.9264,9.2733
3,299,16,80,1.5,9.3593,10.2444,16.8566,8.6888,7.6730,10.3255,9.1184,14.7336,14.0682
3,300,16,160,0.75,15.2216,15.2688,25.3700,13.4688,11.6596,14.0023,12.1373,20.1865,18.2287
3,301,16,160,1,16.2980,16.7460,28.1095,14.3501,14.4740,14.6903,14.4329,21.5892,22.3434
3,302,16,160,1.5,18.7047,18.5272,30.7386,17.0016,16.6470,17.1870,17.1458,25.2776,25.1947
3,303,16,320,0.75,28.4752,30.0951,50.6855,26.5080,23.4516,28.0664,24.6180,41.2294,38.0650
3,304,16,320,1,32.1596,32.2818,55.8539,28.6355,27.9932,28.6895,28.3411,43.7805,45.0481
3,305,16,320,1.5,35.3752,35.0672,59.2564,31.8056,31.1259,32.2507,31.6481,47.1764,48.0727
3,306,17,10,0.75,1.8849,2.0104,1.4409,0.0000,4.2252,0.0000,0.0000,0.0000,4.1884
3,307,17,10,1,0.7078,1.2596,0.6217,0.0000,4.5699,0.0000,4.8339,4.6821,0.0000
3,308,17,10,1.5,1.0419,1.3804,1.0794,0.0000,4.1437,4.5652,4.0798,4.6461,0.0000
3,309,17,20,0.75,1.3514,2.7758,1.8239,0.0000,0.0000,0.0000,0.0000,0.0000,0.0000
3,310,17,20,1,2.0850,3.0465,2.7007,0.0000,0.0000,0.0000,0.0000,0.0000,0.0000
3,311,17,20,1.5,3.0965,2.4748,3.9402,4.5636,4.6260,4.2836,0.0000,4.4283,0.0000
3,312,17,40,0.75,3.5597,4.3502,4.0212,4.7949,4.5256,5.0315,4.7274,0.0000,0.0000
3,313,17,40,1,4.2765,3.4777,3.9471,0.0000,0.0000,0.0000,0.0000,4.0401,0.0000
3,314,17,40,1.5,3.1735,3.4842,3.6842,0.0000,3.6024,0.0000,0.0000,4.8373,4.9852
3,315,17,80,0.75,6.8414,7.8471,8.0635,5.2957,4.9541,6.7324,6.7512,6.5597,5.6294
3,316,17,80,1,8.2919,9.0389,9.0224,6.5625,6.5654,8.1593,7.8109,6.9729,6.5600
3,317,17,80,1.5,7.9340,8.9065,8.3967,7.1942,7.3441,8.0801,8.4860,7.5394,6.7694
3,318,17,160,0.75,12.2654,13.4951,13.8208,10.4729,9.2851,10.7163,9.2431,11.3495,9.8310
3,319,17,160,1,13.9171,15.7138,15.7175,11.2909,11.6158,13.6137,12.7047,12.6277,13.2070
3,320,17,160,1.5,16.6817,17.5977,19.2618,13.7564,13.4057,13.7217,13.4435,15.1030,14.5759
3,321,17,320,0.75,27.0708,29.6006,31.1064,22.8371,19.9828,23.3358,20.1444,24.9926,21.6678
3,322,17,320,1,30.9526,33.6518,34.4665,26.0730,25.2449,27.1777,25.6981,28.0100,27.2144
3,323,17,320,1.5,31.8299,33.4235,35.2790,26.2642,25.0580,27.0270,25.0633,28.3092,26.7963
3,324,18,10,0.75,1.4659,1.0147,1.8038,0.0000,4.2588,3.8513,3.9743,4.5556,0.0000
3,325,18,10,1,2.0214,2.3181,2.7630,0.0000,0.0000,4.5993,0.0000,3.7662,0.0000
3,326,18,10,1.5,2.2429,1.9634,2.2272,0.0000,0.0000,4.1607,0.0000,4.2518,0.0000
3,327,18,20,0.75,3.2709,3.7150,4.6890,5.0357,0.0000,0.0000,0.0000,4.2912,4.5100
3,328,18,20,1,2.9957,2.6588,3.2878,0.0000,0.0000,0.0000,0.0000,0.0000,0.0000
3,329,18,20,1.5,4.4608,3.4589,4.5267,5.0371,5.0511,4.7171,0.0000,4.5087,4.2706
3,330,18,40,0.75,5.9362,7.0329,7.3788,5.3328,4.8227,6.4857,6.0522,6.4742,5.0197
3,331,18,40,1,4.9131,5.0540,5.9184,4.6734,5.1979,5.0043,5.2832,5.3504,5.7671
3,332,18,40,1.5,6.7793,6.9398,8.1703,7.3589,7.3259,7.3546,7.0997,7.7956,6.9633
3,333,18,80,0.75,11.6056,11.7190,13.5011,10.4317,8.5700,11.3627,9.8021,12.1375,8.9744
3,334,18,80,1,13.0496,12.2276,14.0412,11.4074,11.2445,10.8710,10.7509,12.5281,11.5653
3,335,18,80,1.5,12.3071,11.8243,13.6600,11.5095,11.1437,11.3731,11.3326,12.0133,11.1308
3,336,18,160,0.75,23.4202,23.8892,27.2255,21.3124,17.9254,22.5171,19.6460,23.5350,17.5176
3,337,18,160,1,22.0149,22.8165,27.3030,20.1030,18.2413,21.4810,20.2514,24.2906,20.7281
3,338,18,160,1.5,26.2530,26.0093,30.2876,23.9760,22.4311,24.3535,23.2007,26.7129,22.9727
3,339,18,320,0.75,45.9823,46.3030,53.4456,41.5326,34.6354,42.8889,35.9467,47.4783,35.9197
3,340,18,320,1,51.0474,51.2975,59.2008,45.5922,43.0693,47.1294,45.3492,52.0540,45.5887
3,341,18,320,1.5,52.4316,51.7257,59.4028,47.2679,44.3413,48.1053,46.1013,51.9745,45.4456
3,342,19,10,0.75,-0.8950,-1.2089,-1.1044,0.0000,0.0000,0.0000,3.7990,0.0000,0.0000
3,343,19,10,1,0.5996,1.2834,2.2090,0.0000,4.6297,4.3706,4.4235,4.7116,4.6745
3,344,19,10,1.5,0.1431,-0.6060,-0.3230,4.5882,4.2993,4.1921,4.2987,4.2818,0.0000
3,345,19,20,0.75,1.6726,1.3732,3.3903,0.0000,0.0000,0.0000,0.0000,0.0000,0.0000
3,346,19,20,1,2.5994,3.3191,2.6439,0.0000,0.0000,4.1566,0.0000,0.0000,4.4141
3,347,19,20,1.5,2.8204,2.6456,3.4055,4.5112,4.2751,0.0000,0.0000,0.0000,0.0000
3,348,19,40,0.75,3.5593,4.0460,6.9864,0.0000,0.0000,0.0000,0.0000,6.7174,5.5790
3,349,19,40,1,3.4388,4.4331,5.8225,0.0000,4.4310,4.7372,0.0000,5.2102,5.0992
3,350,19,40,1.5,6.7401,7.1414,9.5945,5.9227,5.0077,6.2125,5.4405,7.7487,6.4002
3,351,19,80,0.75,10.1445,8.4940,13.4035,9.8750,8.9075,8.0577,7.3579,12.4513,10.5936
3,352,19,80,1,11.6697,10.0589,15.7620,10.8580,10.2203,8.6923,8.1082,14.1452,12.5213
3,353,19,80,1.5,9.8494,8.0266,15.4572,9.4319,9.1568,7.5326,7.3133,13.8477,12.0774
3,354,19,160,0.75,18.8350,17.7094,27.6418,18.1749,15.3779,15.9647,13.4573,25.1218,20.5954
3,355,19,160,1,21.7672,18.2834,28.7857,20.3595,19.7510,16.4410,16.1126,25.8089,23.3681
3,356,19,160,1.5,22.2152,19.6862,30.8048,21.1223,19.8961,17.9833,16.9669,27.3049,24.0119
3,357,19,320,0.75,39.4150,35.5316,54.0801,37.6093,32.1436,32.6876,27.6655,49.1124,39.2942
3,358,19,320,1,44.1630,37.7912,59.9182,41.3947,38.8588,34.1677,32.2172,54.0984,47.9027
3,359,19,320,1.5,46.3970,39.8162,63.4672,42.8459,40.2611,35.3299,33.1540,56.3544,50.2425
3,360,20,10,0.75,2.0281,2.3382,2.9457,4.1957,4.2336,4.4951,4.1215,3.8690,0.0000
3,361,20,10,1,0.6642,1.3302,0.0342,0.0000,3.6336,3.5712,0.0000,0.0000,3.3868
3,362,20,10,1.5,2.9250,2.7372,3.1542,4.1474,3.8811,0.0000,4.5510,0.0000,0.0000
3,363,20,20,0.75,3.2168,4.5606,5.5753,0.0000,0.0000,4.8560,4.3599,5.1336,4.7459
3,364,20,20,1,2.5377,3.3848,4.7710,0.0000,0.0000,0.0000,4.1119,0.0000,0.0000
3,365,20,20,1.5,5.0767,7.1438,8.0113,4.4027,4.3684,6.0480,5.7714,6.6879,6.7837
3,366,20,40,0.75,5.6053,7.8519,8.0674,0.0000,0.0000,7.2229,5.6839,6.5407,5.1322
3,367,20,40,1,6.8426,7.6136,7.9923,5.9671,5.9872,7.0059,6.7197,6.1980,5.9660
3,368,20,40,1.5,6.8746,7.6618,9.0432,6.1026,5.6378,7.6317,7.5161,8.5766,8.5688
3,369,20,80,0.75,11.9188,15.2419,16.0647,10.9553,9.4989,14.1301,11.5579,13.9660,11.9004
3,370,20,80,1,13.4539,16.8971,17.9929,11.4875,10.6231,15.1785,14.0756,15.6412,15.4578
3,371,20,80,1.5,15.0320,17.3908,19.9950,13.5307,12.8214,16.3891,15.1070,17.6064,17.1112
3,372,20,160,0.75,23.2793,29.3192,32.2722,20.3613,17.3424,27.0244,22.8404,27.8593,24.2290
3,373,20,160,1,26.3837,31.8958,35.2873,24.5467,23.3545,29.9115,28.3831,31.7473,30.9182
3,374,20,160,1.5,27.8060,33.2633,36.3511,24.1637,21.6829,30.4533,27.4817,31.6008,29.3940
3,375,20,320,0.75,49.4623,60.6547,65.4810,43.2876,36.9963,55.6558,46.0631,55.8734,47.7723
3,376,20,320,1,55.7785,66.3055,72.3620,49.2588,45.1981,60.9971,56.0789,62.1546,58.0941
3,377,20,320,1.5,56.9572,67.0429,77.2001,48.9861,45.1812,61.6704,57.2838,66.0946,62.0670
3,378,21,10,0.75,1.6232,1.6435,1.2926,3.6254,0.0000,4.0262,3.5365,4.2090,0.0000
3,379,21,10,1,1.3088,1.7470,2.0269,4.3402,0.0000,0.0000,0.0000,4.1387,0.0000
3,380,21,10,1.5,-0.1357,0.4663,2.0457,4.6044,4.3153,4.4002,4.4388,0.0000,3.5197
3,381,21,20,0.75,2.0635,2.5850,2.8308,4.6350,0.0000,4.5124,4.3893,4.7585,4.2888
3,382,21,20,1,2.3005,2.1857,2.9854,4.2540,0.0000,0.0000,0.0000,0.0000,4.4546
3,383,21,20,1.5,1.0204,1.5855,2.3437,4.2782,4.1985,0.0000,0.0000,0.0000,4.3531
3,384,21,40,0.75,3.0260,3.2490,4.7548,4.2444,4.5196,4.3768,4.2647,0.0000,4.0039
3,385,21,40,1,4.4590,4.8909,5.3703,4.8764,4.9690,4.7719,0.0000,5.2404,5.1304
3,386,21,40,1.5,2.9388,3.6589,5.5061,0.0000,3.9100,0.0000,0.0000,0.0000,5.1592
3,387,21,80,0.75,6.3588,9.2059,10.5502,5.9699,5.3381,8.4984,7.5101,10.1707,9.1671
3,388,21,80,1,7.5848,9.3292,10.1351,8.1109,8.3620,9.0367,8.8678,9.9400,10.2596
3,389,21,80,1.5,8.8509,10.2787,12.0097,7.6099,7.5434,9.1915,8.7062,9.8953,9.8644
3,390,21,160,0.75,15.5723,16.2643,20.0936,13.9168,12.2490,14.7025,13.6242,16.2636,14.6467
3,391,21,160,1,14.3553,17.4223,21.9283,12.9355,13.2552,16.0245,16.2517,18.9090,19.0920
3,392,21,160,1.5,15.5703,17.7300,23.2554,14.1723,14.1955,16.6690,16.7370,19.6221,19.4145
3,393,21,320,0.75,27.7117,31.8427,40.2415,26.2315,22.9877,29.3537,25.8658,33.8421,30.3623
3,394,21,320,1,29.0595,34.0811,42.8876,27.1590,26.5358,31.4889,31.0225,34.7086,35.1642
3,395,21,320,1.5,33.6089,39.3224,46.9044,30.6833,29.0681,36.3268,34.8542,38.8418,38.4824
3,396,22,10,0.75,0.0172,0.4225,0.8689,4.1737,0.0000,0.0000,3.8481,0.0000,0.0000
3,397,22,10,1,-1.6334,-1.2299,-2.0358,4.1534,0.0000,0.0000,4.0875,4.2637,0.0000
3,398,22,10,1.5,-0.6518,-0.9414,-1.1152,0.0000,3.9766,0.0000,4.0824,0.0000,0.0000
3,399,22,20,0.75,1.3912,0.5188,-0.6071,0.0000,0.0000,0.0000,4.0729,0.0000,0.0000
3,400,22,20,1,0.6726,-0.3828,0.0906,4.2729,4.1547,4.0113,0.0000,0.0000,4.0836
3,401,22,20,1.5,0.8563,1.2731,0.1058,0.0000,0.0000,4.4974,4.3077,0.0000,0.0000
3,402,22,40,0.75,1.8966,1.8284,1.1259,4.1945,4.3682,0.0000,0.0000,0.0000,0.0000
3,403,22,40,1,2.2386,1.6581,1.6493,0.0000,0.0000,0.0000,0.0000,5.2278,0.0000
3,404,22,40,1.5,3.0476,2.7998,2.4774,4.3673,4.5026,4.8595,4.4042,0.0000,0.0000
3,405,22,80,0.75,4.7615,5.1229,5.8226,4.9311,0.0000,5.3563,5.2798,5.8027,5.2626
3,406,22,80,1,1.9059,0.4766,1.0711,0.0000,0.0000,0.0000,0.0000,4.3906,4.6538
3,407,22,80,1.5,4.0043,2.9438,1.9965,0.0000,0.0000,4.3577,0.0000,0.0000,0.0000
3,408,22,160,0.75,8.0462,5.7637,6.8534,7.8564,7.1968,5.7182,5.5712,6.6176,5.9336
3,409,22,160,1,6.7041,6.9521,4.6860,6.4220,6.2259,6.9438,6.9604,4.9735,4.9594
3,410,22,160,1.5,6.8604,5.6637,5.8369,6.7895,6.3721,6.0446,5.6417,5.8169,5.3525
3,411,22,320,0.75,13.3383,9.1702,9.5363,12.8066,10.9143,9.1389,8.2060,9.3136,8.2261
3,412,22,320,1,16.1215,12.0143,12.2575,15.5607,14.1559,12.0138,11.2222,12.3959,12.4264
3,413,22,320,1.5,14.0994,12.5626,12.8140,13.8663,13.2690,12.7326,11.5032,12.6231,12.3575
3,414,23,10,0.75,1.1378,0.9071,0.7632,4.1158,0.0000,4.3819,0.0000,0.0000,0.0000
3,415,23,10,1,-1.2225,-0.2753,-0.3001,0.0000,4.0152,0.0000,4.1581,3.9585,3.6029
3,416,23,10,1.5,1.4400,1.4148,0.9395,0.0000,0.0000,0.0000,0.0000,0.0000,0.0000
3,417,23,20,0.75,-0.0342,0.0759,0.4004,4.4880,0.0000,0.0000,0.0000,0.0000,0.0000
3,418,23,20,1,0.4139,1.2015,1.5641,0.0000,4.1093,0.0000,0.0000,0.0000,0.0000
3,419,23,20,1.5,3.4729,3.5719,3.5410,0.0000,0.0000,0.0000,4.0037,0.0000,4.4919
3,420,23,40,0.75,3.3232,2.9792,3.2463,4.2680,3.9661,0.0000,0.0000,0.0000,0.0000
3,421,23,40,1,4.1974,4.2826,5.5417,4.6209,0.0000,0.0000,4.5359,4.7299,4.5343
3,422,23,40,1.5,3.2595,3.6391,4.6053,0.0000,0.0000,0.0000,3.9218,4.9845,4.5298
3,423,23,80,0.75,6.0849,7.4846,7.8076,5.5733,4.5744,6.1041,5.7857,6.9172,5.7868
3,424,23,80,1,5.7226,7.5233,7.4659,5.1522,4.4156,6.4191,5.5629,6.1921,5.4546
3,425,23,80,1.5,6.9451,8.0167,7.6756,5.9179,5.3833,6.6098,6.5292,6.5311,6.4190
3,426,23,160,0.75,12.7784,15.0563,15.6553,11.7174,9.7374,12.3160,10.8395,13.7953,11.6770
3,427,23,160,1,14.2593,15.8663,17.1155,12.2266,11.7379,12.7205,12.2839,14.5292,13.5562
3,428,23,160,1.5,14.3859,17.4799,18.8862,12.4480,11.8917,14.7045,14.6693,15.9710,15.0549
3,429,23,320,0.75,26.4701,30.8121,33.6020,23.9646,20.0982,24.7698,21.4590,28.2529,23.5418
3,430,23,320,1,29.4428,33.6423,36.6448,26.5696,24.7478,27.2476,25.6602,29.2365,26.6719
3,431,23,320,1.5,30.5326,34.2481,38.8775,26.5879,24.2332,27.3696,25.9592,31.4116,28.2715
3,432,24,10,0.75,-0.2223,-0.5490,-0.5466,0.0000,0.0000,0.0000,0.0000,0.0000,0.0000
3,433,24,10,1,1.1750,0.4837,0.0063,3.9669,4.1742,3.8464,0.0000,0.0000,0.0000
3,434,24,10,1.5,-0.6385,0.2352,-0.1271,3.8714,0.0000,3.4595,0.0000,0.0000,0.0000
3,435,24,20,0.75,1.0770,0.0009,1.6841,0.0000,4.0738,0.0000,4.0358,4.9209,0.0000
3,436,24,20,1,-0.4324,1.1732,2.0924,0.0000,0.0000,0.0000,4.3320,0.0000,4.2806
3,437,24,20,1.5,0.4586,0.1390,1.2802,0.0000,0.0000,4.5636,0.0000,0.0000,4.2009
3,438,24,40,0.75,2.1951,2.0816,1.8840,0.0000,0.0000,0.0000,0.0000,0.0000,0.0000
3,439,24,40,1,3.1996,2.6345,3.1904,4.4842,4.5628,0.0000,4.7791,0.0000,4.8684
3,440,24,40,1.5,0.4562,1.8738,1.4267,4.9724,0.0000,3.8990,0.0000,0.0000,0.0000
3,441,24,80,0.75,4.1570,3.9588,3.7634,4.9202,3.6768,0.0000,0.0000,4.3204,0.0000
3,442,24,80,1,4.4914,4.5958,4.7169,4.8470,0.0000,4.8578,4.9868,5.0814,0.0000
3,443,24,80,1.5,6.0549,6.8490,7.4442,6.2496,5.0216,7.2438,5.7507,7.2015,5.6938
3,444,24,160,0.75,8.0658,7.9955,8.6567,7.5783,6.5913,7.5678,6.7892,8.1461,6.7008
3,445,24,160,1,10.4468,8.4024,9.0498,10.0481,9.2867,8.1115,7.9086,8.9652,8.0298
3,446,24,160,1.5,11.1151,8.7988,11.0414,10.3153,10.0248,8.8187,9.0095,10.2736,9.6772
3,447,24,320,0.75,19.7015,16.8907,19.1206,17.9461,15.1314,15.5762,13.1100,17.5617,14.3574
3,448,24,320,1,19.8428,18.2627,20.4974,18.5477,17.6869,17.1736,16.9115,19.0957,18.1871
3,449,24,320,1.5,22.2426,20.2911,21.9402,20.2800,18.5751,18.9728,17.5428,20.0217,18.0982
3,450,25,10,0.75,1.1268,2.3025,3.6886,4.4739,4.2229,4.8431,4.3732,0.0000,0.0000
3,451,25,10,1,0.8922,1.7396,2.1241,0.0000,0.0000,3.9423,0.0000,0.0000,0.0000
3,452,25,10,1.5,2.2757,1.8527,2.9780,0.0000,0.0000,0.0000,3.8367,0.0000,0.0000
3,453,25,20,0.75,1.1618,3.6800,3.2338,0.0000,0.0000,0.0000,0.0000,4.0541,0.0000
3,454,25,20,1,6.8738,6.7640,8.9480,5.2397,4.9062,5.4926,5.4279,7.2418,6.5414
3,455,25,20,1.5,4.7314,7.0789,9.2007,0.0000,0.0000,5.4087,0.0000,7.7512,7.4358
3,456,25,40,0.75,8.5315,9.4668,12.1204,6.0238,5.1959,7.7213,5.6357,9.8349,8.5107
3,457,25,40,1,7.5801,10.2779,12.5628,5.4499,5.5686,7.0949,6.7104,9.9656,9.6359
3,458,25,40,1.5,8.9380,11.7975,14.8556,5.7782,6.0058,7.5905,7.1489,10.8446,10.6760
3,459,25,80,0.75,16.8293,20.4933,26.1159,14.2309,12.4454,16.5303,10.2308,21.7855,18.0868
3,460,25,80,1,18.5074,23.0669,30.0179,13.8818,13.7723,17.3755,13.1991,25.2741,23.7740
3,461,25,80,1.5,18.8519,23.5533,29.1032,14.2682,14.3745,17.0441,13.0776,24.0843,23.5173
3,462,25,160,0.75,31.6680,38.6671,51.0824,23.8981,20.7088,27.7938,18.6275,41.0490,34.5419
3,463,25,160,1,35.6734,42.8978,56.3696,27.5459,26.7784,31.9190,23.9262,46.4699,43.3655
3,464,25,160,1.5,38.6661,45.6677,60.9093,30.2655,28.7606,34.0655,23.7169,50.3845,46.1500
3,465,25,320,0.75,60.9220,78.0182,98.4600,46.1747,40.0715,56.0625,36.0586,78.1945,65.2191
3,466,25,320,1,71.5655,88.2968,112.1634,53.3741,52.6869,64.5313,47.8083,89.8946,84.4727
3,467,25,320,1.5,77.5983,91.1295,118.5152,59.3791,56.0996,66.4623,47.2506,96.9628,90.2368
3,468,26,10,0.75,1.6785,2.2818,2.6230,4.1708,0.0000,0.0000,0.0000,0.0000,4.4071
3,469,26,10,1,1.0469,1.8875,2.6621,0.0000,0.0000,4.1374,0.0000,0.0000,0.0000
3,470,26,10,1.5,3.6677,2.5119,4.2481,0.0000,0.0000,4.6332,4.4234,0.0000,0.0000
3,471,26,20,0.75,2.8863,2.2805,5.4435,3.8437,4.0558,0.0000,0.0000,4.6671,0.0000
3,472,26,20,1,7.1772,5.3579,6.2871,5.4818,5.2819,5.4903,4.9626,5.0151,5.0279
3,473,26,20,1.5,6.4332,4.7127,6.9202,5.2425,4.5991,0.0000,0.0000,5.4800,4.6826
3,474,26,40,0.75,7.2479,6.1115,10.4720,6.6485,6.0385,5.9331,5.0148,8.3286,7.1335
3,475,26,40,1,10.6127,9.8292,13.6101,8.5039,8.3805,8.4198,8.4806,10.7384,10.1448
3,476,26,40,1.5,10.4456,9.0340,13.5138,7.3755,7.4586,6.8292,7.1001,10.2728,10.0641
3,477,26,80,0.75,17.0224,15.9769,22.1836,14.3340,12.3814,13.5870,11.9312,18.3611,15.8092
3,478,26,80,1,20.6274,19.2163,25.9886,17.5349,17.1092,16.9091,16.7092,21.8052,21.2924
3,479,26,80,1.5,20.5431,18.5317,26.3384,16.8658,17.0400,15.6392,16.1172,20.8862,20.8157
3,480,26,160,0.75,33.1238,30.3317,44.7692,28.6938,25.3771,26.3634,23.7325,36.2405,32.1686
3,481,26,160,1,39.4247,34.4581,48.9986,33.0239,32.1339,30.3104,29.7435,39.7665,38.0686
3,482,26,160,1.5,40.8154,36.9811,51.4670,34.3111,33.5387,32.3182,32.2790,41.5781,40.5210
3,483,26,320,0.75,70.3771,64.6178,89.0152,61.4802,53.5715,58.3743,51.8725,74.5313,65.0906
3,484,26,320,1,77.6439,70.2133,99.4068,66.5402,64.8928,62.6900,62.0925,81.4959,79.2145
3,485,26,320,1.5,84.6535,76.4542,107.5165,71.7013,69.6959,66.9485,66.1465,88.3096,85.2219
3,486,27,10,0.75,2.0879,3.2786,3.6953,3.8014,3.8002,0.0000,3.7451,0.0000,0.0000
3,487,27,10,1,3.2404,1.0606,1.5403,0.0000,0.0000,3.3993,0.0000,0.0000,0.0000
3,488,27,10,1.5,1.1070,1.6594,2.8376,0.0000,0.0000,0.0000,0.0000,0.0000,4.2681
3,489,27,20,0.75,2.8520,3.7889,5.7328,4.7660,4.9356,4.9610,4.8627,0.0000,4.3361
3,490,27,20,1,5.1860,5.6257,7.9870,5.3903,5.0020,4.9431,0.0000,5.6072,5.1168
3,491,27,20,1.5,2.9428,4.8113,4.4757,0.0000,0.0000,4.4566,0.0000,0.0000,0.0000
3,492,27,40,0.75,7.6496,9.1327,14.9200,6.0994,6.2154,7.5563,6.4846,8.1539,8.3648
3,493,27,40,1,8.5405,10.0651,14.1931,6.7779,6.9392,8.6839,7.8293,8.6328,9.5223
3,494,27,40,1.5,8.9167,9.2140,14.3730,6.7655,6.8939,8.4172,6.3785,8.2109,9.4325
3,495,27,80,0.75,15.5325,18.4679,25.9976,11.8096,11.5393,15.9919,12.3477,15.7660,17.4287
3,496,27,80,1,17.2573,18.4590,26.8957,12.6920,13.6200,16.1077,15.0131,15.8069,19.7111
3,497,27,80,1.5,17.3378,19.0050,28.9365,12.8511,13.7878,15.7013,14.0431,15.6685,20.4097
3,498,27,160,0.75,28.6094,32.8955,48.8492,21.9141,20.5951,27.1094,21.1987,26.9834,29.6177
3,499,27,160,1,33.0374,36.2460,54.3733,24.3310,25.8289,31.2993,27.9538,30.2110,38.4622
3,500,27,160,1.5,32.9178,36.9475,56.2813,25.1375,26.5677,31.7019,28.5070,31.7047,38.7347
3,501,27,320,0.75,56.5131,67.1942,100.0723,43.8778,41.5597,56.0367,43.1086,56.1390,62.6362
3,502,27,320,1,63.4802,71.4803,108.2714,47.7452,49.6297,59.9672,53.9015,60.8221,76.0239
3,503,27,320,1.5,71.1517,77.3523,116.2062,54.2554,56.6145,66.0259,57.7336,66.0968,80.8992
3,504,28,10,0.75,1.2500,1.0560,1.1851,0.0000,0.0000,0.0000,0.0000,0.0000,0.0000
3,505,28,10,1,-0.0305,-0.7177,0.7957,0.0000,0.0000,0.0000,0.0000,0.0000,0.0000
3,506,28,10,1.5,1.1033,2.2290,0.7755,0.0000,0.0000,4.1991,0.0000,4.3785,4.1123
3,507,28,20,0.75,3.8849,2.8767,3.2708,0.0000,0.0000,4.9899,4.6322,4.3700,4.3751
3,508,28,20,1,4.4829,5.4437,5.3690,5.1558,5.3964,5.6971,5.6496,5.1063,5.0231
3,509,28,20,1.5,2.3210,2.2159,3.4930,4.2728,0.0000,0.0000,0.0000,0.0000,4.3619
3,510,28,40,0.75,5.0547,3.4762,4.7361,4.3822,4.1843,0.0000,0.0000,0.0000,0.0000
3,511,28,40,1,6.7865,6.4295,6.8974,6.1901,6.3865,6.1190,6.3248,6.3554,6.2720
3,512,28,40,1.5,7.9649,6.9960,8.4992,6.9405,7.0832,6.2291,5.9985,6.9795,7.0634
3,513,28,80,0.75,12.8463,12.4512,13.7777,11.5920,10.8662,11.0658,10.3207,12.4760,11.6239
3,514,28,80,1,15.0335,15.4466,16.9327,14.2749,14.0495,14.1382,14.0188,15.5628,15.7721
3,515,28,80,1.5,14.4809,12.7312,15.2569,12.9307,13.0610,11.5078,11.3142,14.1268,14.3689
3,516,28,160,0.75,23.6485,23.0107,25.1868,21.5033,19.4538,21.0093,18.7379,23.5512,21.1491
3,517,28,160,1,25.4856,23.3055,26.6175,22.8372,22.5582,21.1244,20.7465,24.1762,23.5599
3,518,28,160,1.5,29.2216,27.2423,31.8666,25.4514,25.2184,23.9198,23.3390,27.7816,27.3577
3,519,28,320,0.75,49.6605,45.8090,54.3979,45.2089,39.7925,41.8032,36.4969,48.8592,43.1289
3,520,28,320,1,51.5578,48.0523,55.3326,45.6015,45.9837,42.5040,42.8688,48.6589,48.8516
3,521,28,320,1.5,56.5398,53.3246,60.9989,50.2642,50.5517,46.9944,47.4513,54.2413,54.0902
3,522,29,10,0.75,2.5026,2.5373,2.7298,0.0000,0.0000,3.8875,0.0000,0.0000,0.0000
3,523,29,10,1,3.2970,3.6490,3.0704,0.0000,0.0000,4.3813,0.0000,0.0000,4.6935
3,524,29,10,1.5,1.9985,3.3334,3.8592,0.0000,0.0000,0.0000,0.0000,0.0000,0.0000
3,525,29,20,0.75,2.9336,5.3584,4.7276,0.0000,0.0000,0.0000,0.0000,4.3555,0.0000
3,526,29,20,1,2.8044,5.1581,4.7548,4.4822,4.4313,4.1011,0.0000,0.0000,0.0000
3,527,29,20,1.5,2.6530,5.5472,4.4143,0.0000,4.3944,5.2696,0.0000,0.0000,4.5748
3,528,29,40,0.75,8.1710,11.3746,11.0158,5.4196,5.1263,8.5628,7.4912,6.2572,5.2050
3,529,29,40,1,9.2713,12.5423,11.2303,7.2499,6.9025,9.8688,9.2908,8.4545,7.2746
3,530,29,40,1.5,10.3512,13.4689,12.6025,7.0043,6.8459,9.8466,8.8055,7.3181,6.5221
3,531,29,80,0.75,14.6102,21.8496,20.2414,10.9102,9.7175,15.4215,13.6304,12.6698,9.7847
3,532,29,80,1,19.0612,26.2210,23.7080,14.4015,14.2915,19.1567,19.2624,16.3133,14.9255
3,533,29,80,1.5,18.3407,24.2887,21.7574,14.0305,14.1674,18.3480,18.8923,14.5394,13.9195
3,534,29,160,0.75,30.9486,45.1741,40.4365,22.1089,19.6701,32.3465,28.8648,24.6296,19.9071
3,535,29,160,1,34.5998,49.7561,43.9797,27.3379,26.2571,36.9580,36.6656,28.2571,25.4956
3,536,29,160,1.5,36.3199,52.3838,45.8841,25.5073,25.6677,36.2826,36.6871,28.8734,26.1675
3,537,29,320,0.75,60.9154,90.1944,80.3796,46.5440,40.4086,66.0243,58.3124,51.4053,41.5071
3,538,29,320,1,69.4100,99.2426,88.0904,52.2016,50.4144,72.5443,71.9606,56.1655,50.4969
3,539,29,320,1.5,74.4322,105.6582,93.5299,52.9035,51.7325,74.3860,73.7799,60.7165,54.5778
3,540,30,10,0.75,3.1000,3.3404,2.8106,0.0000,0.0000,0.0000,0.0000,4.2448,4.1870
3,541,30,10,1,3.8467,3.9881,3.4607,0.0000,0.0000,4.3388,0.0000,0.0000,3.9634
3,542,30,10,1.5,2.2896,2.6089,2.2299,0.0000,0.0000,4.9091,4.4759,0.0000,0.0000
3,543,30,20,0.75,1.3076,2.1748,2.6295,3.9429,0.0000,0.0000,0.0000,0.0000,0.0000
3,544,30,20,1,3.2517,2.7768,5.0969,4.2293,0.0000,3.5726,0.0000,0.0000,0.0000
3,545,30,20,1.5,3.5438,3.3477,4.7084,4.2359,0.0000,4.6131,0.0000,4.7148,4.6140
3,546,30,40,0.75,7.2187,8.3006,8.8243,7.1203,6.5509,7.6425,7.2045,5.4218,6.8495
3,547,30,40,1,3.7142,6.0375,6.8157,0.0000,0.0000,4.9058,5.4605,4.8039,5.3877
3,548,30,40,1.5,8.5723,9.7234,10.8483,7.0523,7.9210,7.8289,8.5325,7.0623,8.6537
3,549,30,80,0.75,13.1609,15.5546,16.0603,12.0511,11.4909,13.7064,12.7342,10.4572,12.1932
3,550,30,80,1,15.5395,17.6879,19.1854,13.9811,13.9660,15.5437,16.3563,11.5666,15.1722
3,551,30,80,1.5,14.7770,16.6375,18.1991,12.2615,12.0534,14.3107,15.1174,11.1267,13.6808
3,552,30,160,0.75,27.0437,33.1614,35.2416,24.1960,21.5714,28.4233,26.0780,20.6327,24.2496
3,553,30,160,1,29.8146,34.9339,38.1211,24.7402,26.4011,29.5835,31.7330,23.4679,29.9889
3,554,30,160,1.5,31.8991,36.7164,40.4248,26.6319,28.3018,31.3783,33.3103,24.0544,31.1231
3,555,30,320,0.75,54.5273,65.9637,69.7354,46.2309,43.0577,55.7738,52.3645,41.1961,47.3082
3,556,30,320,1,60.4568,70.8899,75.5579,51.9136,54.0275,59.8554,64.4673,44.9820,59.5380
3,557,30,320,1.5,66.2497,74.8605,81.5339,55.5435,58.0532,62.8850,67.6501,48.0152,63.2446
3,558,31,10,0.75,1.2159,0.3760,1.0207,0.0000,0.0000,4.0676,4.1270,4.6288,4.2681
3,559,31,10,1,1.9344,1.2125,2.0786,0.0000,4.1403,4.1620,4.4025,4.2225,0.0000
3,560,31,10,1.5,0.4012,0.5014,2.4678,4.3826,4.4084,0.0000,0.0000,0.0000,0.0000
3,561,31,20,0.75,2.3992,2.1700,4.2179,0.0000,0.0000,0.0000,4.3093,4.2207,0.0000
3,562,31,20,1,1.8135,3.3727,5.4509,0.0000,0.0000,4.3928,4.3560,5.2302,5.1686
3,563,31,20,1.5,3.0054,4.3466,5.8462,0.0000,0.0000,0.0000,4.5734,5.3376,5.6556
3,564,31,40,0.75,4.0421,5.1102,9.4355,4.7046,4.8861,5.2478,5.4764,9.3120,8.5078
3,565,31,40,1,4.4534,4.6300,7.1726,4.8783,4.3189,4.5721,4.4050,7.0506,6.9113
3,566,31,40,1.5,4.9683,4.3798,8.3671,4.7371,4.7337,4.2633,0.0000,7.9585,7.5636
3,567,31,80,0.75,10.6761,9.5322,15.6133,10.7763,9.0007,9.0598,7.8937,15.5435,12.5306
3,568,31,80,1,9.2814,8.7257,16.9079,9.2594,8.9493,8.9348,8.2024,16.7927,15.4690
3,569,31,80,1.5,11.6775,10.1285,17.5692,10.8707,10.3072,9.8065,9.1069,16.9788,15.4595
3,570,31,160,0.75,21.2576,19.4779,32.9638,20.7328,18.8824,19.6764,17.2399,33.1174,28.8909
3,571,31,160,1,22.0037,20.8706,35.4138,21.1344,20.8317,20.3723,19.9001,35.0049,32.9986
3,572,31,160,1.5,21.4553,19.8903,37.6465,20.8132,20.5471,19.4824,19.6488,36.4932,34.0598
3,573,31,320,0.75,38.5877,38.5523,61.0740,37.5000,33.7677,38.0568,33.1106,61.0808,52.3346
3,574,31,320,1,41.2765,42.6186,69.1429,39.8993,38.6218,41.8990,40.9653,67.9208,63.7895
3,575,31,320,1.5,45.3235,43.2603,78.6962,43.9846,42.1855,42.8018,40.5206,76.4706,70.5066
3,576,32,10,0.75,0.9843,-0.2494,0.4090,0.0000,0.0000,0.0000,0.0000,0.0000,4.2658
3,577,32,10,1,-0.0335,-0.2900,-0.5943,0.0000,0.0000,3.1588,0.0000,0.0000,0.0000
3,578,32,10,1.5,0.9628,0.9632,0.4835,0.0000,0.0000,3.7744,3.9471,0.0000,0.0000
3,579,32,20,0.75,3.2750,3.0410,2.1070,0.0000,0.0000,4.3964,4.1865,0.0000,0.0000
3,580,32,20,1,2.5028,2.7594,2.9123,0.0000,0.0000,0.0000,4.0731,0.0000,0.0000
3,581,32,20,1.5,3.7831,4.5663,3.6782,0.0000,4.2726,4.5630,4.2261,0.0000,3.9942
3,582,32,40,0.75,5.2333,5.7453,4.7170,0.0000,0.0000,5.2743,4.6648,0.0000,0.0000
3,583,32,40,1,5.6516,6.6229,6.0787,5.4586,5.0996,6.5785,6.3290,5.2617,5.2462
3,584,32,40,1.5,5.7777,5.8547,5.4013,0.0000,4.6216,5.0228,4.8873,4.6416,0.0000
3,585,32,80,0.75,9.5183,9.5104,8.9719,8.6214,7.1268,8.2503,6.3254,8.2801,6.8836
3,586,32,80,1,10.4217,10.7656,9.0830,9.9702,8.8878,10.1016,9.4247,7.5923,7.6251
3,587,32,80,1.5,8.4849,8.6991,7.8981,7.6691,7.8900,8.3077,8.3479,7.1965,7.3177
3,588,32,160,0.75,16.0772,18.1456,16.4537,14.1430,12.0335,15.6122,12.4794,14.5406,11.9125
3,589,32,160,1,19.2425,20.9220,19.3361,17.0450,15.2581,18.8707,16.3433,15.7379,14.4971
3,590,32,160,1.5,18.9451,20.3425,18.1158,16.0426,15.4461,17.0782,15.3169,14.9536,14.2349
3,591,32,320,0.75,33.1525,36.6954,33.0583,28.0646,23.8597,31.6901,25.1558,26.4168,22.0986
3,592,32,320,1,35.2746,38.3316,33.4894,30.3994,27.6289,33.1193,29.3489,27.0230,25.4944
3,593,32,320,1.5,39.6437,41.9816,39.7622,33.5723,31.8017,35.9852,31.9313,32.3619,30.9147
3,594,33,10,0.75,2.4634,1.7176,2.4318,4.4170,0.0000,0.0000,0.0000,0.0000,0.0000
3,595,33,10,1,1.5457,3.8155,3.5478,4.5485,4.2258,4.4689,4.4582,4.3379,4.6794
3,596,33,10,1.5,0.4016,1.5884,1.0660,0.0000,0.0000,0.0000,0.0000,0.0000,0.0000
3,597,33,20,0.75,3.3287,5.6065,5.5640,0.0000,0.0000,5.4388,0.0000,5.5112,4.3963
3,598,33,20,1,3.3375,5.6445,4.7208,0.0000,0.0000,5.5491,4.4748,4.9274,4.6625
3,599,33,20,1.5,2.9646,4.6157,5.1382,4.0779,0.0000,5.6793,4.5985,4.9306,0.0000
3,600,33,40,0.75,5.4474,7.9356,7.1267,5.4248,4.6133,7.6145,4.4999,7.1320,4.6473
3,601,33,40,1,7.2247,11.2733,10.8954,7.1192,6.3513,11.3551,9.0067,10.4768,8.2306
3,602,33,40,1.5,9.2295,12.5742,10.8160,9.0165,8.2511,12.4276,9.7219,10.5581,8.8696
3,603,33,80,0.75,10.9528,18.7676,15.8424,10.6696,8.5925,18.3891,12.2020,15.2482,9.7617
3,604,33,80,1,14.1731,23.7451,19.7781,13.8721,12.5414,22.9647,17.9221,18.4905,14.6189
3,605,33,80,1.5,13.2354,21.9948,18.8879,13.3341,12.0815,21.4168,14.9858,18.7443,14.1371
3,606,33,160,0.75,22.6625,39.2453,33.4585,22.1708,17.6876,38.1361,26.0682,31.4992,20.9839
3,607,33,160,1,26.1072,42.5421,36.4156,26.2670,24.0372,41.8750,31.6104,35.6198,27.9744
3,608,33,160,1.5,28.6253,47.1527,40.6588,27.8822,24.5901,45.8989,33.2818,38.9468,29.6935
3,609,33,320,0.75,47.5263,77.4878,68.7912,47.0299,38.4805,76.2757,50.5814,65.9605,46.0801
3,610,33,320,1,50.3625,86.2267,73.2591,49.5409,43.9512,83.8449,61.9283,69.8035,54.9354
3,611,33,320,1.5,57.3138,92.8777,80.0712,56.4582,49.4414,90.6055,65.8270,76.9491,59.8230
3,612,34,10,0.75,1.8631,2.3268,3.0431,0.0000,0.0000,4.3828,0.0000,0.0000,0.0000
3,613,34,10,1,2.9230,3.5081,5.1708,0.0000,0.0000,3.8352,4.0053,0.0000,0.0000
3,614,34,10,1.5,2.0604,3.5386,4.3792,0.0000,0.0000,4.7796,4.5076,0.0000,0.0000
3,615,34,20,0.75,3.4290,4.8797,5.9981,4.0466,0.0000,4.8559,4.1786,0.0000,4.2701
3,616,34,20,1,1.7163,3.4920,5.8020,4.0311,0.0000,0.0000,0.0000,0.0000,0.0000
3,617,34,20,1.5,4.7100,6.9030,9.7222,3.9910,0.0000,5.9338,5.9420,6.4256,6.5505
3,618,34,40,0.75,7.0893,10.3276,13.0456,6.8925,6.1235,9.7907,8.7864,8.1233,7.5531
3,619,34,40,1,5.9039,9.7100,13.8622,4.7720,4.7398,8.4497,8.5978,7.7712,8.5622
3,620,34,40,1.5,9.8294,12.9341,15.2989,7.8462,7.9496,12.0678,11.1352,9.6980,10.6546
3,621,34,80,0.75,12.1836,19.2366,24.2682,9.6026,9.3696,17.2968,15.0563,13.4216,13.0893
3,622,34,80,1,15.3390,21.0123,28.6892,11.8131,12.4222,19.4136,19.5313,15.0343,16.2340
3,623,34,80,1.5,16.5888,22.7835,29.7111,12.1409,13.1211,20.2667,19.9912,15.9590,17.4034
3,624,34,160,0.75,27.4496,39.9493,51.3849,21.5312,20.0339,35.7446,31.5245,29.3853,29.6041
3,625,34,160,1,29.5861,42.4780,54.7621,22.0107,23.3122,37.1111,36.9245,29.2690,33.0932
3,626,34,160,1.5,32.2406,45.9410,60.3745,24.7390,25.3678,40.7247,39.9453,32.9141,35.1155
3,627,34,320,0.75,53.2910,77.3150,101.7281,40.9980,38.4035,69.3896,61.1032,54.8196,52.7710
3,628,34,320,1,59.0793,86.2011,113.0045,45.0331,47.8084,76.8917,76.4368,60.4941,66.8946
3,629,34,320,1.5,62.1313,90.1096,119.0735,46.3442,49.3956,80.1474,79.8161,65.1257,67.9914
3,630,35,10,0.75,0.7829,1.4971,1.3958,0.0000,0.0000,0.0000,3.6258,0.0000,0.0000
3,631,35,10,1,0.5521,1.3017,1.5446,0.0000,0.0000,0.0000,0.0000,0.0000,0.0000
3,632,35,10,1.5,0.7892,1.8811,3.7343,0.0000,3.7692,4.0338,4.2956,0.0000,0.0000
3,633,35,20,0.75,3.0595,4.3927,4.4601,0.0000,0.0000,4.2079,0.0000,4.4133,4.3103
3,634,35,20,1,2.9318,3.2790,4.4844,4.4811,4.2685,0.0000,0.0000,4.7367,4.6589
3,635,35,20,1.5,1.7559,3.4511,5.7592,0.0000,0.0000,0.0000,0.0000,5.9616,5.4555
3,636,35,40,0.75,7.6970,11.0985,10.3075,7.4275,7.1439,10.9681,9.6960,10.2567,8.8553
3,637,35,40,1,7.6582,10.5801,11.7928,7.8764,7.6362,10.6346,10.4948,11.7061,11.2993
3,638,35,40,1.5,5.6157,8.4512,11.0293,5.3019,5.1906,8.2532,7.3919,10.8020,10.0835
3,639,35,80,0.75,12.8397,17.2595,20.5816,12.7895,11.6813,17.1330,14.5004,20.4875,17.7482
3,640,35,80,1,13.9323,19.3384,22.4469,13.7887,13.5615,19.2091,18.3820,21.9279,21.4889
3,641,35,80,1.5,15.3418,20.8660,23.9190,15.2342,14.0585,20.8954,19.0336,23.5546,21.9955
3,642,35,160,0.75,27.2382,36.8847,43.0090,26.6102,22.9183,36.5515,31.5271,42.0212,36.5048
3,643,35,160,1,28.8962,40.2126,46.4878,28.2987,27.7616,39.8329,38.5363,45.9211,45.0504
3,644,35,160,1.5,30.0776,41.4123,48.5204,29.6170,28.9817,41.0473,39.3306,48.2203,46.5129
3,645,35,320,0.75,50.9815,70.2546,82.1712,49.8479,43.4460,69.5730,59.3389,80.4524,70.1379
3,646,35,320,1,56.3491,76.0431,87.5893,55.7414,53.5102,75.7523,72.2638,86.7336,83.9607
3,647,35,320,1.5,63.0980,83.6135,97.9651,62.5678,59.8025,83.0320,78.7464,97.3608,92.9448
4,0,0,10,0.75,0.7268,1.1147,2.0288,0.0000,0.0000,4.6532,0.0000,0.0000,0.0000
4,1,0,10,1,2.4228,2.1287,3.3049,0.0000,0.0000,0.0000,0.0000,4.2566,0.0000
4,2,0,10,1.5,2.3771,2.3112,4.5209,0.0000,3.8628,0.0000,0.0000,4.2198,0.0000
4,3,0,20,0.75,2.7765,0.4954,4.1986,0.0000,0.0000,0.0000,0.0000,0.0000,0.0000
4,4,0,20,1,2.3093,1.7369,3.2598,0.0000,4.0155,0.0000,3.8451,0.0000,4.2297
4,5,0,20,1.5,4.4057,3.6270,5.7392,0.0000,0.0000,0.0000,0.0000,4.4451,0.0000
4,6,0,40,0.75,8.6375,7.6887,9.9578,7.2185,6.9261,6.8799,5.9640,7.8192,7.2186
4,7,0,40,1,7.3949,6.2555,9.0236,5.8492,5.4079,5.2990,4.8214,7.4574,7.3574
4,8,0,40,1.5,8.0551,6.7140,10.6456,6.3468,5.8929,5.9614,5.8211,7.2799,6.7691
4,9,0,80,0.75,11.8401,9.5182,17.7456,10.0169,8.8377,8.8392,7.4738,12.7051,10.8836
4,10,0,80,1,13.7532,11.5613,20.4225,11.9856,11.7814,11.1055,10.9171,14.3679,14.9556
4,11,0,80,1.5,16.0065,12.5242,21.8001,13.2342,12.5339,11.9916,11.5666,15.8986,15.6828
4,12,0,160,0.75,25.0232,20.6506,34.8410,21.2488,17.8051,18.7909,16.1015,25.0977,23.6059
4,13,0,160,1,26.7744,22.4776,37.3087,22.5442,21.2516,20.9489,20.4167,27.7048,29.3161
4,14,0,160,1.5,28.3439,21.4361,40.5986,24.7626,23.7159,18.9472,18.8754,29.0307,29.3006
4,15,0,320,0.75,49.0807,41.2680,69.9089,41.3600,35.4457,36.5416,31.8032,51.4832,46.6638
4,16,0,320,1,54.7642,43.9849,76.8768,45.9942,43.1549,39.3994,38.3804,55.6388,58.1510
4,17,0,320,1.5,60.5986,48.6631,83.0232,49.7840,46.7360,42.8096,42.0000,59.7019,61.8395
4,18,1,10,0.75,-0.0137,1.4666,-0.0259,0.0000,0.0000,0.0000,4.0563,0.0000,0.0000
4,19,1,10,1,1.0409,-0.1762,0.4548,0.0000,0.0000,0.0000,0.0000,0.0000,0.0000
4,20,1,10,1.5,0.0003,0.2349,0.0755,0.0000,0.0000,0.0000,0.0000,0.0000,0.0000
4,21,1,20,0.75,-0.0158,-0.3913,0.6783,0.0000,0.0000,0.0000,0.0000,0.0000,0.0000
4,22,1,20,1,-1.0940,1.4013,-0.2544,0.0000,0.0000,0.0000,0.0000,4.2756,4.2768
4,23,1,20,1.5,-0.6008,0.9786,1.2750,0.0000,0.0000,0.0000,0.0000,0.0000,4.5102
4,24,1,40,0.75,1.6026,3.2940,2.4283,0.0000,4.4811,0.0000,0.0000,0.0000,4.3164
4,25,1,40,1,0.6417,0.7975,1.8012,0.0000,0.0000,0.0000,0.0000,0.0000,0.0000
4,26,1,40,1.5,0.9951,2.0355,2.0343,0.0000,0.0000,0.0000,0.0000,0.0000,0.0000
4,27,1,80,0.75,1.3981,2.0324,2.1340,0.0000,0.0000,0.0000,0.0000,4.3386,4.3210
4,28,1,80,1,3.1164,4.8323,3.4414,0.0000,0.0000,0.0000,0.0000,4.9708,0.0000
4,29,1,80,1.5,1.8700,1.5713,1.5732,4.9007,4.9132,0.0000,4.5048,5.1252,4.6690
4,30,1,160,0.75,3.4155,5.1976,4.5782,0.0000,0.0000,5.0693,4.3642,4.0450,4.7326
4,31,1,160,1,2.9218,4.4528,4.0340,0.0000,0.0000,0.0000,4.5243,0.0000,0.0000
4,32,1,160,1.5,3.5695,5.6903,6.4915,0.0000,0.0000,5.5892,4.6959,5.1190,4.5898
4,33,1,320,0.75,7.1233,11.0002,12.0996,6.2576,6.2259,10.5944,8.8752,10.5598,8.9293
4,34,1,320,1,8.3000,12.2286,11.6336,7.5817,6.7578,11.2976,10.5188,10.4738,8.7962
4,35,1,320,1.5,9.3431,13.6816,12.3300,7.9132,7.5883,12.2260,11.5895,10.6589,10.2752
4,36,2,10,0.75,0.3754,0.3300,0.1358,4.8331,4.8843,4.5458,4.8588,0.0000,4.7453
4,37,2,10,1,0.2887,0.3282,0.4381,0.0000,0.0000,0.0000,0.0000,0.0000,3.8894
4,38,2,10,1.5,-1.3403,-1.1518,-1.7405,4.3104,0.0000,0.0000,0.0000,4.3130,5.0115
4,39,2,20,0.75,-0.2463,0.2657,0.3210,4.1080,0.0000,4.1972,3.7840,0.0000,0.0000
4,40,2,20,1,-0.0339,0.3688,1.3162,0.0000,0.0000,0.0000,0.0000,0.0000,4.4348
4,41,2,20,1.5,1.8055,2.1414,1.7778,0.0000,0.0000,4.5817,0.0000,4.1630,0.0000
4,42,2,40,0.75,2.1910,2.0761,2.3666,4.4588,0.0000,0.0000,0.0000,0.0000,0.0000
4,43,2,40,1,1.2812,1.6609,1.9890,0.0000,4.5297,4.1985,4.5226,4.3778,4.1172
4,44,2,40,1.5,1.0089,1.1455,1.5583,0.0000,0.0000,4.2738,4.3769,0.0000,0.0000
4,45,2,80,0.75,3.8025,3.8575,5.4786,0.0000,4.2655,4.0850,3.9423,4.9113,4.3451
4,46,2,80,1,3.0121,2.8938,3.8737,0.0000,0.0000,4.2607,3.7207,4.5724,0.0000
4,47,2,80,1.5,5.5401,6.1257,6.3988,5.7295,5.2448,6.0412,5.3780,5.8538,5.5039
4,48,2,160,0.75,7.4625,8.4453,8.9190,7.2376,6.0994,7.9589,6.7795,7.9160,6.3740
4,49,2,160,1,7.2004,8.3368,9.1269,6.2914,5.8499,8.0298,7.5602,7.8072,7.7744
4,50,2,160,1.5,8.2719,9.7499,10.7629,7.4903,6.8400,9.1353,8.4773,9.3286,8.9328
4,51,2,320,0.75,15.9261,18.3491,18.4100,13.8632,12.3731,16.5356,14.3642,15.7368,14.1203
4,52,2,320,1,17.1214,18.8737,20.2249,15.2098,15.0238,17.0094,17.0005,17.3556,17.3461
4,53,2,320,1.5,19.8977,21.4002,21.9415,17.1555,15.6938,18.6088,17.4051,18.4976,16.9519
4,54,3,10,0.75,1.1182,-0.3130,-0.5656,4.6014,4.5467,4.2771,0.0000,3.7284,0.0000
4,55,3,10,1,-0.2070,-0.5176,-0.3354,4.1005,4.2548,4.5302,4.7367,0.0000,0.0000
4,56,3,10,1.5,-0.0583,0.5564,0.4422,0.0000,4.6321,0.0000,0.0000,4.4448,4.2444
4,57,3,20,0.75,2.0344,0.1154,2.2288,4.6415,0.0000,3.8883,0.0000,0.0000,0.0000
4,58,3,20,1,1.4226,-0.5968,1.3896,0.0000,0.0000,0.0000,0.0000,4.0923,0.0000
4,59,3,20,1.5,2.0742,1.6753,1.2641,4.1456,0.0000,3.7526,3.9517,0.0000,3.7292
4,60,3,40,0.75,1.9354,0.1586,1.3800,0.0000,3.5686,0.0000,0.0000,0.0000,3.9464
4,61,3,40,1,2.7864,1.2422,2.6242,0.0000,0.0000,0.0000,0.0000,0.0000,0.0000
4,62,3,40,1.5,1.4041,2.2284,1.6867,3.3046,4.1665,3.9502,3.9321,0.0000,0.0000
4,63,3,80,0.75,1.8811,1.7631,1.6332,0.0000,0.0000,4.1208,3.3202,0.0000,0.0000
4,64,3,80,1,3.1872,1.7176,2.6385,4.2548,4.4638,3.4672,0.0000,0.0000,0.0000
4,65,3,80,1.5,3.9893,2.3581,3.1794,4.4673,3.9338,4.5269,4.4090,3.9792,4.2832
4,66,3,160,0.75,6.0943,3.7327,5.5378,5.1599,5.0473,4.1792,4.0052,4.8384,4.5877
4,67,3,160,1,6.5442,3.1419,5.1267,5.7305,5.7898,4.9595,4.6318,5.0743,0.0000
4,68,3,160,1.5,9.4076,4.9580,7.8226,7.8859,6.7416,0.0000,0.0000,6.4215,5.6094
4,69,3,320,0.75,14.0888,7.1440,10.9368,11.3872,9.0456,6.2070,5.8536,10.1327,8.7430
4,70,3,320,1,13.3467,7.1719,10.4866,11.0896,9.8507,6.6365,6.4756,8.7871,7.6987
4,71,3,320,1.5,15.0006,7.7820,12.4568,12.0058,10.6929,7.1316,6.1013,10.6938,8.6089
4,72,4,10,0.75,0.6245,1.1031,0.1129,0.0000,0.0000,4.9124,0.0000,3.5316,3.1051
4,73,4,10,1,1.6612,0.4418,0.1267,4.7465,4.3440,4.1195,0.0000,0.0000,0.0000
4,74,4,10,1.5,2.2975,1.8458,1.3233,0.0000,0.0000,0.0000,4.4359,0.0000,0.0000
4,75,4,20,0.75,-0.7884,-0.1196,0.8254,0.0000,0.0000,4.4591,0.0000,0.0000,0.0000
4,76,4,20,1,2.4104,2.5406,3.4548,4.2799,0.0000,0.0000,0.0000,0.0000,0.0000
4,77,4,20,1.5,2.5648,2.7700,1.2289,4.3377,0.0000,4.3351,0.0000,3.7284,0.0000
4,78,4,40,0.75,2.4322,3.6966,2.0631,0.0000,0.0000,0.0000,0.0000,0.0000,0.0000
4,79,4,40,1,1.9722,3.3903,1.3065,4.3069,0.0000,4.1386,0.0000,0.0000,0.0000
4,80,4,40,1.5,5.0376,4.8671,6.1648,4.5545,0.0000,4.7121,4.7181,4.6462,4.4712
4,81,4,80,0.75,5.3364,7.5870,7.2298,4.4451,4.4480,6.5783,6.3081,5.7932,5.1818
4,82,4,80,1,7.8019,7.7447,8.6144,5.4741,5.5207,6.5738,6.2596,6.5344,6.8929
4,83,4,80,1.5,9.3696,8.6437,9.3622,6.8998,7.3735,6.9271,6.7156,6.4089,7.5363
4,84,4,160,0.75,12.5128,13.6973,13.4974,10.4124,9.3848,12.1425,11.0871,9.7713,8.8540
4,85,4,160,1,13.5464,14.0161,14.4904,10.9248,10.0377,12.0366,11.7462,10.4071,9.7277
4,86,4,160,1.5,15.5866,15.5452,15.6789,11.7523,10.6766,12.4027,11.6965,10.8939,11.0094
4,87,4,320,0.75,25.5874,26.8207,28.9439,20.7300,17.4743,22.4893,19.0061,20.1574,19.5250
4,88,4,320,1,28.2905,29.6854,31.0808,22.9082,21.4663,24.9301,24.6572,22.5544,22.9113
4,89,4,320,1.5,31.1901,30.0655,32.1542,23.8856,22.3975,24.9624,24.4627,22.5961,23.8416
4,90,5,10,0.75,-0.0453,-0.2288,0.3079,0.0000,0.0000,0.0000,0.0000,0.0000,0.0000
4,91,5,10,1,-0.5508,0.2009,-0.8365,0.0000,0.0000,0.0000,0.0000,0.0000,0.0000
4,92,5,10,1.5,0.3445,0.9068,-0.0525,0.0000,0.0000,0.0000,0.0000,0.0000,0.0000
4,93,5,20,0.75,0.5160,0.8591,1.0632,0.0000,4.4323,0.0000,0.0000,0.0000,0.0000
4,94,5,20,1,0.2268,0.7545,2.4910,0.0000,0.0000,0.0000,4.7935,4.4592,0.0000
4,95,5,20,1.5,1.8448,2.8903,2.7462,0.0000,0.0000,0.0000,0.0000,4.3354,4.3095
4,96,5,40,0.75,1.5664,2.9178,3.2574,0.0000,0.0000,0.0000,0.0000,0.0000,4.2323
4,97,5,40,1,2.4794,1.8166,3.3313,0.0000,0.0000,0.0000,0.0000,4.0309,0.0000
4,98,5,40,1.5,1.5335,1.7091,3.2195,0.0000,0.0000,0.0000,4.2578,4.3867,4.0628
4,99,5,80,0.75,2.8212,2.6665,4.3234,0.0000,4.1009,0.0000,3.4531,0.0000,4.4436
4,100,5,80,1,4.3068,4.2842,6.2479,0.0000,4.5808,4.4485,4.8729,5.2884,5.4176
4,101,5,80,1.5,3.0734,2.9081,4.1890,4.4262,0.0000,0.0000,0.0000,4.5128,4.4423
4,102,5,160,0.75,7.1563,6.4701,8.8300,6.0122,5.3833,5.9598,5.1400,7.8812,6.8723
4,103,5,160,1,7.6414,6.7144,9.6089,6.5990,6.0539,6.0603,6.1299,8.4268,7.6989
4,104,5,160,1.5,7.9790,6.2387,10.4036,6.9437,6.6762,5.9879,6.2690,9.1316,8.1246
4,105,5,320,0.75,13.7023,13.3986,19.0139,13.0126,11.3309,12.6898,10.8199,16.9757,14.2516
4,106,5,320,1,15.6126,14.1382,19.1105,14.6750,13.2135,12.3739,12.0616,17.4938,15.8319
4,107,5,320,1.5,16.3139,14.9954,22.2650,14.6490,13.4944,13.1643,12.0837,20.1023,19.0351
4,108,6,10,0.75,-0.3225,-0.3304,-0.0148,0.0000,0.0000,0.0000,0.0000,4.4609,0.0000
4,109,6,10,1,1.6715,1.5857,1.8044,0.0000,0.0000,0.0000,0.0000,0.0000,4.7303
4,110,6,10,1.5,1.0921,1.7692,2.1918,0.0000,0.0000,0.0000,3.9031,0.0000,0.0000
4,111,6,20,0.75,-0.4791,-0.0609,0.3496,0.0000,0.0000,0.0000,0.0000,0.0000,0.0000
4,112,6,20,1,1.2751,1.1349,2.1245,0.0000,0.0000,0.0000,0.0000,0.0000,4.4270
4,113,6,20,1.5,4.5740,2.7304,4.1380,0.0000,4.4408,0.0000,0.0000,0.0000,0.0000
4,114,6,40,0.75,4.5270,4.3324,6.0726,4.7058,4.2293,0.0000,0.0000,5.4017,4.7792
4,115,6,40,1,4.4114,2.0517,3.8776,4.4593,4.4509,0.0000,4.1279,0.0000,4.1333
4,116,6,40,1.5,6.4858,2.9888,7.4483,6.3488,6.1327,0.0000,3.7586,7.1809,7.5031
4,117,6,80,0.75,7.1077,6.6231,10.4229,6.5338,6.2062,6.5320,6.1720,9.3825,8.7661
4,118,6,80,1,7.9884,5.6548,10.0088,7.6977,7.9814,5.8098,6.2287,9.4942,9.8005
4,119,6,80,1.5,8.1238,6.3478,10.0232,7.8962,7.7484,6.1002,5.8590,9.1158,8.9359
4,120,6,160,0.75,15.3657,11.9012,18.7155,14.9549,12.8774,11.5969,9.8366,17.9241,16.2569
4,121,6,160,1,15.0529,10.0288,18.9546,14.2156,13.7469,9.4598,8.9503,17.6521,17.2159
4,122,6,160,1.5,17.3692,10.9027,20.2884,16.6627,16.4846,10.4428,10.4268,19.3653,19.4509
4,123,6,320,0.75,30.5815,22.9041,37.0765,28.7984,25.3748,21.5553,18.3315,34.5226,30.5347
4,124,6,320,1,31.9286,22.1197,39.4886,30.1169,29.3431,20.6929,20.4209,36.8368,35.9572
4,125,6,320,1.5,35.1919,25.4073,43.9189,33.3160,31.4651,24.2497,23.7689,40.7966,39.1697
4,126,7,10,0.75,-0.7356,0.1308,-1.2963,0.0000,4.5452,0.0000,0.0000,4.3555,0.0000
4,127,7,10,1,2.2695,1.6830,1.6525,0.0000,4.1620,0.0000,4.2904,0.0000,0.0000
4,128,7,10,1.5,1.9673,1.8766,1.5080,4.9474,4.7656,4.6278,4.0393,0.0000,4.1825
4,129,7,20,0.75,1.6367,1.5538,1.1321,0.0000,4.1739,0.0000,0.0000,0.0000,3.4337
4,130,7,20,1,-0.0423,-0.9153,-0.2940,4.6546,4.7029,0.0000,0.0000,4.5773,0.0000
4,131,7,20,1.5,0.9667,0.7526,0.0398,3.8450,3.4145,0.0000,0.0000,4.3477,0.0000
4,132,7,40,0.75,-0.0988,0.8015,-0.5094,0.0000,0.0000,4.5868,0.0000,0.0000,0.0000
4,133,7,40,1,1.9153,1.2629,2.1187,4.0344,3.9222,0.0000,0.0000,3.8965,0.0000
4,134,7,40,1.5,2.7786,2.6357,1.9008,4.6118,4.5485,0.0000,0.0000,4.5101,3.3376
4,135,7,80,0.75,2.9800,2.3390,3.5426,4.2389,4.1138,4.3452,4.0634,4.2873,4.4394
4,136,7,80,1,1.6995,0.7956,1.3574,4.0832,0.0000,0.0000,0.0000,4.0849,0.0000
4,137,7,80,1.5,3.8325,3.5571,3.1140,0.0000,0.0000,0.0000,0.0000,0.0000,0.0000
4,138,7,160,0.75,6.0599,2.9416,3.7741,6.4811,6.1838,0.0000,0.0000,0.0000,0.0000
4,139,7,160,1,6.0064,4.7747,4.7591,5.8744,5.9701,5.1938,4.5904,5.1406,4.6939
4,140,7,160,1.5,6.3098,4.1922,4.8170,6.2568,5.8403,5.1959,0.0000,5.1695,5.0183
4,141,7,320,0.75,10.0878,7.9650,8.3340,10.4082,8.5937,7.9914,6.9672,8.4031,7.2421
4,142,7,320,1,13.2428,9.5908,9.7999,12.7337,12.6021,9.5367,9.0521,9.4858,9.2489
4,143,7,320,1.5,13.4563,9.7953,11.6621,13.2398,12.8650,9.5748,8.7587,11.3354,10.4609
4,144,8,10,0.75,1.2784,2.3631,1.3424,4.4915,0.0000,4.2680,3.8730,0.0000,0.0000
4,145,8,10,1,1.7680,2.7356,0.5984,4.5298,4.5342,0.0000,3.9425,4.2101,0.0000
4,146,8,10,1.5,-0.1640,-1.0666,0.1992,0.0000,0.0000,0.0000,0.0000,0.0000,0.0000
4,147,8,20,0.75,1.9206,1.4357,2.4689,0.0000,0.0000,4.0763,4.1903,0.0000,0.0000
4,148,8,20,1,1.3771,0.9539,1.1857,0.0000,0.0000,0.0000,0.0000,0.0000,0.0000
4,149,8,20,1.5,1.7544,1.7488,2.1171,0.0000,0.0000,0.0000,0.0000,0.0000,0.0000
4,150,8,40,0.75,1.5317,1.7733,1.9126,0.0000,0.0000,0.0000,0.0000,4.6312,4.3134
4,151,8,40,1,3.3132,3.4577,4.1500,4.8951,0.0000,4.8439,0.0000,4.8587,4.8351
4,152,8,40,1.5,3.3363,2.8215,4.3661,0.0000,0.0000,0.0000,0.0000,0.0000,4.4156
4,153,8,80,0.75,5.1104,4.4360,5.7562,0.0000,3.6374,0.0000,0.0000,4.7338,0.0000
4,154,8,80,1,5.6044,4.3963,5.0331,5.4840,5.2634,0.0000,0.0000,5.4477,5.2100
4,155,8,80,1.5,6.3798,5.3444,6.5843,5.2229,4.7437,4.4492,4.3093,6.0536,5.9648
4,156,8,160,0.75,9.5622,8.4611,10.7569,8.3500,7.1192,6.9564,6.5514,9.7603,7.9070
4,157,8,160,1,10.5344,10.1625,11.9789,9.9314,9.3044,9.3660,8.5740,11.1933,9.9932
4,158,8,160,1.5,11.5419,9.7485,12.2477,9.9739,9.5185,8.5077,8.8939,10.4561,9.8223
4,159,8,320,0.75,16.7236,15.5277,18.6529,13.7564,11.5920,12.8784,11.2878,16.1581,13.3346
4,160,8,320,1,23.7530,21.2573,25.4858,20.3440,18.2586,17.6430,16.8208,22.2102,20.5645
4,161,8,320,1.5,24.0342,21.1274,27.3611,20.7749,18.7216,17.7039,16.7565,24.0570,22.2903
4,162,9,10,0.75,0.3698,-0.2893,-0.1753,4.4162,4.7249,0.0000,0.0000,4.5877,4.8657
4,163,9,10,1,1.6176,1.4900,1.6312,0.0000,0.0000,0.0000,0.0000,0.0000,0.0000
4,164,9,10,1.5,1.5615,1.5453,1.7076,0.0000,0.0000,0.0000,0.0000,4.6514,0.0000
4,165,9,20,0.75,2.2192,3.1377,2.2610,4.2856,4.0466,4.6158,0.0000,0.0000,0.0000
4,166,9,20,1,1.6192,1.8065,2.4344,4.2352,4.1194,0.0000,0.0000,0.0000,3.4205
4,167,9,20,1.5,3.3315,2.7169,2.5270,3.9930,4.2181,0.0000,0.0000,0.0000,0.0000
4,168,9,40,0.75,1.3697,1.3712,1.8363,0.0000,3.9372,4.0728,4.4445,4.7422,4.4968
4,169,9,40,1,2.1743,2.3318,2.2344,3.8369,3.9565,0.0000,0.0000,0.0000,0.0000
4,170,9,40,1.5,2.1530,2.1694,2.5705,0.0000,0.0000,0.0000,0.0000,3.9084,3.6175
4,171,9,80,0.75,5.4168,5.0869,6.0534,4.9077,0.0000,4.4005,4.5127,5.4362,5.0394
4,172,9,80,1,4.4764,4.5248,4.7182,0.0000,0.0000,4.6718,4.3243,0.0000,0.0000
4,173,9,80,1.5,7.2943,8.1657,7.8327,7.4383,7.1067,7.9017,7.4111,8.1583,8.2720
4,174,9,160,0.75,11.1315,10.7103,10.9627,10.5942,9.3753,8.8374,7.5715,10.5507,9.2310
4,175,9,160,1,11.8464,12.0156,12.1010,9.6951,9.7025,9.8706,9.6467,11.0447,10.9733
4,176,9,160,1.5,14.2974,14.3347,14.3323,13.3922,12.6683,12.1128,11.6357,12.1375,11.5036
4,177,9,320,0.75,21.2551,21.4794,22.3464,18.7676,16.1928,17.6107,15.2997,18.6813,16.0973
4,178,9,320,1,24.6058,24.7725,25.9809,22.0563,21.4732,20.4785,20.7387,23.1763,22.5221
4,179,9,320,1.5,25.9365,25.1495,26.0297,23.6993,21.8441,20.9024,19.7264,23.3188,22.0210
4,180,10,10,0.75,0.8239,0.2470,1.1134,4.1657,0.0000,0.0000,0.0000,0.0000,0.0000
4,181,10,10,1,0.6567,1.0675,0.1418,0.0000,3.7587,0.0000,4.1093,0.0000,0.0000
4,182,10,10,1.5,1.9924,1.2114,1.0207,4.8915,0.0000,4.2197,4.7194,0.0000,0.0000
4,183,10,20,0.75,2.5367,3.1090,3.1007,0.0000,0.0000,0.0000,0.0000,4.2072,4.5021
4,184,10,20,1,1.7041,2.2119,3.3706,0.0000,0.0000,0.0000,0.0000,0.0000,0.0000
4,185,10,20,1.5,1.5633,3.1315,2.3757,0.0000,4.0686,0.0000,4.1938,0.0000,4.1672
4,186,10,40,0.75,3.9710,6.6400,3.9259,0.0000,4.1449,5.9227,5.1151,0.0000,0.0000
4,187,10,40,1,4.8465,6.1055,5.6375,4.2521,0.0000,4.7549,4.6511,4.4722,0.0000
4,188,10,40,1.5,3.7221,6.8050,4.3766,4.8107,4.5649,6.5755,7.0508,0.0000,4.4725
4,189,10,80,0.75,5.6597,11.2232,10.1247,0.0000,0.0000,9.1057,7.6337,7.2342,6.1903
4,190,10,80,1,7.9640,12.9431,10.7371,7.1175,6.7053,10.8072,10.0906,8.5136,8.2745
4,191,10,80,1.5,6.3178,13.3394,10.6798,4.7791,4.7064,11.0314,10.4992,7.2730,6.1708
4,192,10,160,0.75,11.4067,23.0871,18.8229,9.0909,7.2645,16.7057,14.7254,13.1723,10.3566
4,193,10,160,1,12.5450,23.4562,20.7189,10.1627,9.2980,17.4797,17.1674,15.5003,14.2014
4,194,10,160,1.5,12.8985,24.1809,22.4380,9.7395,9.1700,17.1266,16.9685,15.1001,14.1385
4,195,10,320,0.75,22.4315,43.1232,35.8033,19.2836,15.5299,34.3582,29.8732,27.1663,22.2704
4,196,10,320,1,26.3908,48.6782,42.1347,22.0582,20.2379,37.5128,36.6528,30.9822,28.5389
4,197,10,320,1.5,28.2570,50.7998,44.7661,22.6490,21.0215,38.5920,37.6765,32.0560,29.6811
4,198,11,10,0.75,1.2045,0.6720,1.1581,4.6499,4.7202,0.0000,0.0000,4.2363,4.1222
4,199,11,10,1,-1.2384,-1.2884,-0.2978,0.0000,0.0000,0.0000,0.0000,0.0000,0.0000
4,200,11,10,1.5,0.5752,1.7289,1.4106,0.0000,3.9888,3.7993,0.0000,0.0000,3.9675
4,201,11,20,0.75,-0.0462,0.6765,0.2890,0.0000,0.0000,0.0000,0.0000,0.0000,0.0000
4,202,11,20,1,0.8920,0.7815,1.1831,0.0000,4.7671,4.5003,0.0000,4.6891,4.8611
4,203,11,20,1.5,1.0591,1.3155,0.1964,0.0000,3.7952,3.7960,0.0000,0.0000,0.0000
4,204,11,40,0.75,1.8610,1.6339,1.9351,0.0000,0.0000,0.0000,0.0000,0.0000,0.0000
4,205,11,40,1,2.0467,1.3056,3.0481,0.0000,0.0000,0.0000,3.8208,0.0000,0.0000
4,206,11,40,1.5,2.6570,0.8338,2.5140,0.0000,0.0000,0.0000,0.0000,0.0000,0.0000
4,207,11,80,0.75,4.6355,2.9093,5.1039,0.0000,0.0000,0.0000,0.0000,0.0000,4.7255
4,208,11,80,1,4.2033,3.2747,3.5776,0.0000,4.6929,0.0000,0.0000,0.0000,0.0000
4,209,11,80,1.5,5.2634,3.0408,4.7518,0.0000,4.6382,0.0000,4.0570,0.0000,4.3572
4,210,11,160,0.75,9.2415,6.8318,11.4219,6.4608,5.9210,4.9747,4.5779,6.7514,6.2164
4,211,11,160,1,10.4080,8.5376,10.5752,8.1875,8.1335,6.8175,7.0386,7.9117,8.0286
4,212,11,160,1.5,9.2538,6.4128,10.7036,7.4742,7.7896,6.7030,6.6276,7.6518,8.2301
4,213,11,320,0.75,17.7947,13.9067,20.6478,14.1005,12.3876,12.0065,10.2041,14.3465,12.7632
4,214,11,320,1,20.4506,14.1723,21.4753,14.4585,14.4686,11.6571,11.6817,14.4062,14.5168
4,215,11,320,1.5,20.2086,14.7861,21.2475,14.5507,14.5501,11.9290,11.7010,14.5175,14.3247
4,216,12,10,0.75,1.6843,1.5764,2.7762,0.0000,0.0000,0.0000,0.0000,4.5306,0.0000
4,217,12,10,1,1.0770,0.2046,0.5534,0.0000,0.0000,0.0000,0.0000,4.5701,0.0000
4,218,12,10,1.5,2.4611,2.2435,1.4192,4.4149,4.3595,0.0000,4.4678,0.0000,4.2042
4,219,12,20,0.75,4.2465,4.5779,5.3731,0.0000,4.7361,4.5743,0.0000,4.7908,4.5008
4,220,12,20,1,5.5418,4.2159,5.6929,4.5870,4.7398,4.7243,4.9706,5.6301,5.7373
4,221,12,20,1.5,2.9924,2.5268,3.2645,0.0000,0.0000,4.5721,4.2302,4.4120,4.0322
4,222,12,40,0.75,5.3511,4.9067,7.9584,4.5308,4.3090,4.8485,4.6473,5.7387,4.7963
4,223,12,40,1,4.2498,2.9082,7.0687,0.0000,0.0000,0.0000,0.0000,4.7680,4.6519
4,224,12,40,1.5,8.3710,7.4066,10.4105,7.6276,6.5153,6.6034,5.7485,6.8543,6.9078
4,225,12,80,0.75,10.8264,10.3144,13.9519,9.2760,8.2635,9.6598,8.6485,9.4961,8.2025
4,226,12,80,1,12.4132,9.1749,15.6553,11.0586,11.6015,8.5144,8.5384,11.7050,12.5603
4,227,12,80,1.5,13.1899,11.3097,17.6436,10.7465,10.3892,10.2635,9.8992,11.0091,11.3695
4,228,12,160,0.75,24.1989,20.6926,29.1783,21.3649,18.9358,17.4133,14.5215,19.9852,18.0891
4,229,12,160,1,25.4007,22.4981,31.9028,21.7114,21.5102,20.8464,20.6211,21.4777,21.8193
4,230,12,160,1.5,27.4345,23.0865,34.3672,22.9511,22.1180,20.1390,18.9213,23.2013,23.3132
4,231,12,320,0.75,44.9777,38.9005,58.0509,38.5969,35.0816,34.2589,29.2369,38.4833,34.9005
4,232,12,320,1,52.0201,44.3928,64.6468,43.3087,43.2643,39.2695,37.5940,44.0268,45.2005
4,233,12,320,1.5,56.9494,45.4924,67.8809,46.8659,45.2225,39.1906,37.0920,46.3264,46.0481
4,234,13,10,0.75,0.8321,0.4727,0.4432,0.0000,0.0000,0.0000,0.0000,4.4209,0.0000
4,235,13,10,1,-1.7788,-1.8863,-0.9648,0.0000,3.8935,0.0000,0.0000,0.0000,0.0000
4,236,13,10,1.5,0.3530,-0.2325,0.0620,3.7888,0.0000,3.8497,3.6424,0.0000,0.0000
4,237,13,20,0.75,3.1140,1.6269,3.3331,0.0000,0.0000,0.0000,0.0000,0.0000,4.2341
4,238,13,20,1,2.1236,0.1019,3.0508,0.0000,3.3599,0.0000,0.0000,0.0000,4.5693
4,239,13,20,1.5,1.2672,1.8527,2.1343,0.0000,0.0000,0.0000,0.0000,0.0000,0.0000
4,240,13,40,0.75,2.9966,1.4503,3.3894,0.0000,0.0000,4.1013,3.8408,0.0000,0.0000
4,241,13,40,1,1.7644,1.4921,2.7167,0.0000,0.0000,0.0000,0.0000,0.0000,4.1484
4,242,13,40,1.5,2.8033,0.9338,3.5653,4.2482,0.0000,4.2042,0.0000,4.2015,0.0000
4,243,13,80,0.75,6.0966,2.5493,5.4922,6.0486,5.1938,4.3815,0.0000,4.9787,4.7740
4,244,13,80,1,6.7233,4.2185,7.6314,6.8074,6.9815,4.8791,4.8487,7.3767,6.6657
4,245,13,80,1.5,7.7585,4.9549,6.8500,7.0995,6.8082,4.5492,4.7032,6.1727,5.6669
4,246,13,160,0.75,12.3289,5.5127,12.5025,11.4685,9.6199,5.3853,4.7648,10.0669,9.6548
4,247,13,160,1,14.5329,7.8765,14.2409,13.1547,11.8860,7.8327,7.5897,12.2609,12.1612
4,248,13,160,1.5,15.8557,9.5093,15.8866,14.4687,13.4431,9.4246,8.9092,14.0354,13.4376
4,249,13,320,0.75,26.6423,14.5511,26.9666,23.2659,19.1087,13.3911,11.4609,22.3464,21.1623
4,250,13,320,1,31.3419,16.4937,31.2300,27.9540,25.7938,14.9390,15.1133,26.1398,27.0605
4,251,13,320,1.5,32.1209,16.5441,31.5157,27.4992,25.9013,14.8922,14.7842,27.0372,28.0751
4,252,14,10,0.75,2.6003,3.0661,2.1862,0.0000,0.0000,0.0000,0.0000,0.0000,0.0000
4,253,14,10,1,0.6772,1.4564,1.3984,0.0000,0.0000,3.9381,3.9423,0.0000,4.1002
4,254,14,10,1.5,2.3699,3.2524,2.0544,4.7149,4.8984,0.0000,0.0000,0.0000,0.0000
4,255,14,20,0.75,2.1003,3.8763,2.6905,0.0000,0.0000,4.2548,3.8110,4.4433,4.1309
4,256,14,20,1,4.0230,4.6619,3.6483,0.0000,0.0000,4.6832,4.7231,5.0214,4.4822
4,257,14,20,1.5,5.2582,5.4019,3.9233,5.0404,5.5362,5.3436,5.9520,0.0000,0.0000
4,258,14,40,0.75,6.7824,9.1809,5.4144,7.0180,5.4626,8.7626,7.7630,5.8204,4.5757
4,259,14,40,1,6.1277,8.0539,6.4521,6.2339,5.7480,8.5034,8.1766,5.9140,6.0428
4,260,14,40,1.5,7.4053,8.2271,5.9214,7.4908,6.4857,8.1194,7.4670,5.9253,5.4135
4,261,14,80,0.75,12.3933,14.6362,12.9358,12.3093,11.0609,14.2638,12.9806,11.3964,10.9665
4,262,14,80,1,12.5861,16.1166,12.7418,12.3583,11.9895,16.1072,15.9647,11.8912,12.7327
4,263,14,80,1.5,14.3195,17.1657,15.4019,13.6060,13.7940,16.8225,16.8442,14.0218,15.2230
4,264,14,160,0.75,21.7103,28.9890,24.1030,20.7191,19.0096,28.0870,24.7703,22.4706,20.8953
4,265,14,160,1,26.7847,32.6798,29.9061,26.0619,25.9873,32.3722,31.8779,27.6122,28.7469
4,266,14,160,1.5,27.2062,33.4723,28.6916,26.7929,25.6856,33.0375,32.8354,27.1454,27.8730
4,267,14,320,0.75,44.3233,57.7612,49.3584,43.1262,38.5045,56.6386,49.4862,45.5696,42.9101
4,268,14,320,1,52.2828,64.0305,55.7106,51.1868,50.2708,62.9400,62.5795,52.0562,54.3166
4,269,14,320,1.5,55.3558,66.4937,58.1249,53.8915,52.9788,65.2929,64.9389,53.6924,56.2791
4,270,15,10,0.75,1.1633,1.6354,2.0103,4.6370,4.3618,0.0000,0.0000,4.7828,4.7052
4,271,15,10,1,1.0332,0.7140,0.4325,0.0000,0.0000,0.0000,0.0000,3.9847,4.1932
4,272,15,10,1.5,1.3760,2.4111,2.7017,0.0000,4.2084,0.0000,0.0000,0.0000,0.0000
4,273,15,20,0.75,2.4645,2.4701,4.6015,0.0000,0.0000,0.0000,0.0000,4.4774,0.0000
4,274,15,20,1,3.4373,3.6151,5.0596,0.0000,0.0000,0.0000,0.0000,5.3125,5.1474
4,275,15,20,1.5,3.6093,2.9994,4.9303,0.0000,0.0000,0.0000,0.0000,5.6666,4.5993
4,276,15,40,0.75,3.2781,4.7030,6.8400,0.0000,4.5204,5.5728,5.0359,5.7182,4.7156
4,277,15,40,1,5.2396,5.8130,8.1521,5.8012,5.4145,6.0826,5.6678,8.8916,8.3109
4,278,15,40,1.5,5.6037,5.2657,7.9686,5.4222,5.1401,5.3808,5.4691,7.4716,7.2724
4,279,15,80,0.75,10.8205,9.6234,14.5140,9.9439,8.7016,8.5736,6.9930,14.1449,11.8838
4,280,15,80,1,11.6216,10.7871,15.7015,10.4609,9.8556,9.6037,9.0568,15.0807,13.8240
4,281,15,80,1.5,11.7336,11.7509,17.7534,11.8520,11.4966,11.5101,10.6705,17.3550,16.3431
4,282,15,160,0.75,19.6668,17.7128,29.8920,18.2042,15.6225,15.3364,13.0028,28.0968,23.1497
4,283,15,160,1,21.9147,19.7159,31.7024,19.6442,18.2012,17.3101,16.1630,30.1925,27.7205
4,284,15,160,1.5,22.2494,20.1704,33.7488,20.9057,18.6804,18.5956,16.9650,32.1476,29.1965
4,285,15,320,0.75,38.6841,37.2997,59.0206,34.7065,28.8974,33.2909,27.8251,55.7191,46.0962
4,286,15,320,1,43.6005,41.0210,64.6670,40.0849,36.8844,36.9354,34.4827,61.8230,56.6438
4,287,15,320,1.5,45.9490,41.4022,67.5095,42.9277,39.7789,38.1889,35.7000,65.0582,59.3545
4,288,16,10,0.75,1.3901,1.2646,3.1925,0.0000,0.0000,0.0000,0.0000,4.2526,0.0000
4,289,16,10,1,0.1783,0.0256,0.7312,0.0000,0.0000,0.0000,0.0000,4.7972,4.5755
4,290,16,10,1.5,1.5309,1.3021,3.4937,0.0000,0.0000,0.0000,0.0000,5.0305,0.0000
4,291,16,20,0.75,3.5106,3.7177,4.7408,4.4223,4.2970,0.0000,0.0000,4.6595,4.5959
4,292,16,20,1,0.8584,1.8371,3.4927,0.0000,4.1810,0.0000,3.6826,4.1900,0.0000
4,293,16,20,1.5,1.6083,3.0785,3.5940,4.8558,4.1600,0.0000,4.0273,0.0000,0.0000
4,294,16,40,0.75,3.2992,3.2798,5.5804,0.0000,0.0000,0.0000,0.0000,4.7935,4.5910
4,295,16,40,1,2.9096,3.9781,6.9267,4.5154,4.3372,4.3905,4.0980,5.2071,5.5513
4,296,16,40,1.5,3.6945,3.6434,6.2211,0.0000,0.0000,0.0000,4.3488,5.0654,5.0229
4,297,16,80,0.75,7.6119,8.0184,12.5791,7.4605,6.8215,7.8732,6.8127,10.5460,9.2162
4,298,16,80,1,7.8485,7.6651,13.9780,7.1672,7.2506,7.0766,7.0343,11.3637,11.9589
4,299,16,80,1.5,8.6023,8.2237,15.5814,7.7396,7.6744,7.7152,6.9448,11.4568,11.2716
4,300,16,160,0.75,14.6217,17.1153,25.9254,13.2817,12.2477,15.2138,13.9508,21.0775,19.6845
4,301,16,160,1,16.6439,17.1746,28.3114,14.8950,14.8555,16.2359,15.9486,23.7246,24.2530
4,302,16,160,1.5,18.4800,17.8883,30.6999,17.2157,17.2458,17.4107,17.0676,25.2811,25.9590
4,303,16,320,0.75,29.2755,31.5368,50.6478,26.8954,23.1785,28.5519,24.5561,40.5446,36.5440
4,304,16,320,1,34.1178,35.1188,56.7578,30.7178,29.6849,32.5957,32.1308,46.8554,47.9533
4,305,16,320,1.5,35.0030,34.7157,59.1468,31.8305,29.9125,32.1060,30.6215,47.2008,47.3094
4,306,17,10,0.75,1.1941,1.2895,0.4705,0.0000,3.9178,0.0000,0.0000,4.9215,0.0000
4,307,17,10,1,1.3389,1.5122,1.5077,0.0000,0.0000,0.0000,4.4201,0.0000,0.0000
4,308,17,10,1.5,0.4700,-0.0235,0.7440,0.0000,3.5090,3.5492,0.0000,0.0000,0.0000
4,309,17,20,0.75,3.2837,3.6462,4.3379,0.0000,0.0000,3.9260,4.3496,0.0000,3.9851
4,310,17,20,1,3.0947,3.2957,4.1797,4.4446,0.0000,0.0000,4.3413,4.3638,0.0000
4,311,17,20,1.5,1.2334,1.3920,1.2450,0.0000,4.7059,0.0000,0.0000,0.0000,0.0000
4,312,17,40,0.75,1.6258,2.8985,2.8194,0.0000,0.0000,0.0000,0.0000,0.0000,0.0000
4,313,17,40,1,3.6609,3.7843,4.0853,4.5843,4.1459,4.6987,4.4533,4.4336,4.8520
4,314,17,40,1.5,5.9381,5.5344,5.2597,4.6140,4.3823,0.0000,0.0000,0.0000,0.0000
4,315,17,80,0.75,6.7971,7.1206,6.4279,5.4799,4.5120,7.0139,5.5195,5.6990,4.8538
4,316,17,80,1,10.1625,10.1474,10.0967,8.1000,8.6880,8.5734,8.6849,8.2667,8.3286
4,317,17,80,1.5,7.6431,8.0404,8.8645,6.8983,6.4057,7.2132,6.2714,7.1522,6.3171
4,318,17,160,0.75,14.1770,15.6512,15.9943,12.7640,11.5666,12.5099,11.7071,13.9250,12.3311
4,319,17,160,1,15.5893,17.2310,17.0235,12.9350,12.5826,14.4201,13.3957,13.9608,13.2697
4,320,17,160,1.5,16.2453,16.8612,17.9923,13.0101,11.9966,13.7491,12.6274,14.4293,13.0618
4,321,17,320,0.75,28.3381,30.5920,32.0306,24.0456,20.7656,24.7942,20.8729,26.1675,22.3183
4,322,17,320,1,29.6284,32.4784,33.5339,25.5015,25.0933,26.1964,25.1485,27.8082,27.1761
4,323,17,320,1.5,30.9945,32.9031,34.6169,25.9824,25.6005,25.7747,25.4257,28.0469,27.6249
4,324,18,10,0.75,2.2484,1.3462,2.2036,4.6502,4.4204,4.0921,3.5232,4.5809,4.6898
4,325,18,10,1,0.6884,1.6967,1.2603,0.0000,0.0000,0.0000,0.0000,0.0000,0.0000
4,326,18,10,1.5,1.5321,0.3269,1.9119,4.0061,4.0591,0.0000,3.6921,3.4950,0.0000
4,327,18,20,0.75,3.1385,4.3934,4.3466,0.0000,0.0000,0.0000,0.0000,0.0000,4.5376
4,328,18,20,1,4.3737,4.0585,5.1397,4.4747,4.4069,4.2149,0.0000,4.9888,0.0000
4,329,18,20,1.5,3.0835,3.2686,3.7339,0.0000,4.2147,0.0000,0.0000,0.0000,0.0000
4,330,18,40,0.75,7.1691,6.9226,8.6258,6.5012,6.0532,6.7180,6.5317,7.8394,6.4196
4,331,18,40,1,6.3032,7.1104,7.5914,5.9964,5.5873,6.7988,7.1148,6.9055,6.3141
4,332,18,40,1.5,6.1469,5.9235,7.3420,5.8142,6.0001,5.6508,5.5909,6.1966,5.3305
4,333,18,80,0.75,10.3759,10.2746,12.2658,8.9712,7.2692,9.8473,8.3421,10.8696,8.3227
4,334,18,80,1,13.4327,12.4743,15.3344,12.2480,11.7848,11.4639,11.0583,13.7598,11.9862
4,335,18,80,1.5,13.5269,13.6699,15.5277,12.5699,11.7709,13.2659,13.6800,13.8197,12.4711
4,336,18,160,0.75,22.0353,21.7846,25.7886,19.9009,17.0983,20.4939,17.2564,23.0511,18.0144
4,337,18,160,1,25.4907,24.5654,29.4936,23.5721,22.7387,23.3666,23.1754,26.6372,23.9143
4,338,18,160,1.5,28.7810,28.5050,32.9677,25.8824,23.5224,26.9740,25.6837,28.9464,24.0959
4,339,18,320,0.75,45.0243,46.8222,54.0742,40.2075,33.9117,43.2436,37.3734,47.5159,37.3757
4,340,18,320,1,49.7425,50.2496,58.1754,44.6362,42.6637,46.4729,44.8793,50.6261,44.7401
4,341,18,320,1.5,55.7728,53.8652,63.0453,51.0605,47.7145,50.4235,47.7976,56.3374,48.6280
4,342,19,10,0.75,0.8614,0.1251,0.8654,4.2650,0.0000,0.0000,0.0000,0.0000,4.2978
4,343,19,10,1,0.7992,0.5437,1.2635,4.0167,0.0000,4.2055,0.0000,4.5936,4.7094
4,344,19,10,1.5,0.4606,0.7537,1.4646,0.0000,0.0000,0.0000,0.0000,0.0000,0.0000
4,345,19,20,0.75,4.5127,3.2106,6.2243,0.0000,0.0000,0.0000,0.0000,4.8688,5.0377
4,346,19,20,1,3.5144,4.0610,6.4536,4.6352,4.6192,4.3246,0.0000,5.8362,5.3151
4,347,19,20,1.5,3.2516,2.7595,4.6509,0.0000,0.0000,4.4999,4.8453,4.7273,5.0183
4,348,19,40,0.75,5.0593,6.3975,6.4319,4.8752,4.5188,5.3740,4.8341,5.7366,4.6978
4,349,19,40,1,5.6264,4.8760,8.8521,5.0193,5.0014,4.8715,4.6396,7.4907,6.8508
4,350,19,40,1.5,5.8192,4.8709,7.5115,5.6880,6.0316,4.6085,0.0000,6.4559,5.8856
4,351,19,80,0.75,10.6278,8.2975,15.1379,9.7676,8.9881,7.8556,6.8416,12.8790,11.1656
4,352,19,80,1,10.6430,8.2956,14.5845,10.6482,10.0175,7.6263,7.4117,13.0536,12.1346
4,353,19,80,1.5,10.7516,8.5575,14.7174,10.5555,9.2870,8.3959,7.4345,13.9509,12.0464
4,354,19,160,0.75,19.5045,17.7715,26.8342,18.4829,15.6227,16.3384,13.5213,24.2575,19.2209
4,355,19,160,1,19.5001,16.3693,27.8822,18.1729,17.4318,14.5501,13.9699,25.0883,22.0111
4,356,19,160,1.5,21.5712,18.0609,31.9652,20.4838,18.0984,16.2928,14.4679,29.0727,24.3098
4,357,19,320,0.75,37.9551,35.0165,53.8368,36.0303,31.1665,31.2011,26.8718,48.1710,38.9802
4,358,19,320,1,41.4985,37.2538,58.5871,38.9440,36.5915,33.0912,32.0775,52.6476,47.5334
4,359,19,320,1.5,45.7790,40.0644,64.4201,42.6935,39.2224,35.7347,33.4182,57.3001,50.3299
4,360,20,10,0.75,0.0421,0.5367,0.3563,4.7445,4.6549,3.7768,0.0000,3.5754,0.0000
4,361,20,10,1,-0.0961,0.7812,1.2707,0.0000,0.0000,0.0000,0.0000,0.0000,0.0000
4,362,20,10,1.5,2.8167,2.6038,2.6600,0.0000,0.0000,0.0000,0.0000,0.0000,0.0000
4,363,20,20,0.75,1.9994,3.6460,2.2296,0.0000,0.0000,0.0000,0.0000,4.5296,0.0000
4,364,20,20,1,2.9674,3.3239,4.8540,3.9592,4.0495,0.0000,0.0000,0.0000,0.0000
4,365,20,20,1.5,1.8822,2.6545,3.0916,0.0000,0.0000,4.2449,4.2327,4.5398,0.0000
4,366,20,40,0.75,7.0476,8.0319,8.7136,6.3962,4.9536,7.8739,6.3739,7.5423,6.7966
4,367,20,40,1,5.3765,7.9383,7.3968,4.8564,4.7236,7.2308,6.4031,6.3763,6.3875
4,368,20,40,1.5,5.7920,6.6728,8.2471,6.0230,6.7003,6.4930,7.2076,6.6267,6.9233
4,369,20,80,0.75,11.5880,14.8430,16.1743,10.3238,9.4196,13.7406,11.9934,14.2905,12.5721
4,370,20,80,1,12.1636,15.9086,17.0422,11.3983,9.9358,14.8193,13.2199,15.4308,14.2495
4,371,20,80,1.5,14.1184,16.1685,17.7867,12.6345,12.3842,14.8839,14.3765,15.0492,14.3218
4,372,20,160,0.75,23.2069,29.3914,33.3098,20.1954,16.1620,27.0042,21.6780,28.2218,23.5075
4,373,20,160,1,26.3027,33.0811,36.8180,24.1342,22.1621,31.3011,29.1086,32.5260,30.9751
4,374,20,160,1.5,28.6202,32.6311,38.0450,24.8091,23.0454,30.1326,28.2626,33.4972,31.8304
4,375,20,320,0.75,48.0173,58.7542,63.9207,41.6876,34.4820,53.4950,43.6942,54.1940,45.5325
4,376,20,320,1,52.8617,64.0377,71.0769,46.7389,43.4993,59.3337,55.2874,60.9055,57.8716
4,377,20,320,1.5,58.6242,67.0420,77.4596,51.7694,47.8381,62.5548,57.9872,67.7252,63.3956
4,378,21,10,0.75,2.1169,0.5883,1.3246,0.0000,0.0000,0.0000,0.0000,0.0000,0.0000
4,379,21,10,1,1.1035,0.0777,0.1804,0.0000,0.0000,0.0000,0.0000,4.4797,4.2397
4,380,21,10,1.5,0.1383,1.5208,1.6759,0.0000,0.0000,4.1846,4.0129,0.0000,0.0000
4,381,21,20,0.75,1.1611,0.5929,1.9913,0.0000,0.0000,0.0000,0.0000,0.0000,4.1930
4,382,21,20,1,2.2282,2.4528,2.5303,0.0000,0.0000,4.0805,4.1796,0.0000,3.9805
4,383,21,20,1.5,1.3359,1.8162,2.9663,4.4185,3.9567,0.0000,0.0000,4.4153,4.2335
4,384,21,40,0.75,4.4415,5.2713,5.3543,0.0000,0.0000,4.8719,0.0000,4.9520,4.5858
4,385,21,40,1,1.6385,2.6532,4.4914,4.2292,0.0000,0.0000,0.0000,0.0000,0.0000
4,386,21,40,1.5,2.9309,4.0646,5.5661,4.5583,4.5054,5.2896,4.7594,4.9892,5.1052
4,387,21,80,0.75,6.2671,7.4864,9.3173,5.3885,4.7712,6.4616,5.7594,7.9022,6.8453
4,388,21,80,1,9.5922,11.1869,12.8271,8.7011,8.6899,10.4358,10.0950,11.4409,11.6945
4,389,21,80,1.5,7.1318,9.6914,11.6463,7.1944,6.6373,9.3880,8.3937,9.5420,9.0234
4,390,21,160,0.75,12.8561,15.2491,18.6154,12.2666,10.1663,14.7806,12.5009,16.5184,13.6885
4,391,21,160,1,16.0559,18.6343,22.4836,15.4989,14.4636,17.7898,16.7633,18.8924,18.2613
4,392,21,160,1.5,16.8380,20.2061,23.8890,15.2387,14.6094,18.6377,17.3726,19.7395,18.7787
4,393,21,320,0.75,27.7427,32.4241,40.4401,26.1569,22.4728,30.3321,26.5782,33.8136,30.2458
4,394,21,320,1,29.0617,34.9573,44.2062,27.9148,26.7042,33.3716,32.3097,37.4796,36.9964
4,395,21,320,1.5,33.0481,39.2460,46.3256,30.5769,29.9932,36.7883,36.0118,39.9231,39.5925
4,396,22,10,0.75,-0.8755,0.9222,-0.1105,0.0000,0.0000,0.0000,0.0000,0.0000,0.0000
4,397,22,10,1,1.5456,0.7066,0.0959,0.0000,4.5610,0.0000,0.0000,4.9657,4.8565
4,398,22,10,1.5,-0.3026,-2.0290,-1.2518,0.0000,0.0000,4.3233,0.0000,0.0000,0.0000
4,399,22,20,0.75,0.2635,1.0697,0.7728,0.0000,0.0000,0.0000,0.0000,0.0000,0.0000
4,400,22,20,1,2.0026,-0.0071,1.6415,0.0000,0.0000,0.0000,0.0000,0.0000,0.0000
4,401,22,20,1.5,1.7055,0.6718,0.5235,0.0000,0.0000,0.0000,0.0000,0.0000,0.0000
4,402,22,40,0.75,1.1113,-1.1509,0.4918,0.0000,0.0000,4.4565,4.3632,4.2880,3.8360
4,403,22,40,1,2.6799,1.5983,1.0065,0.0000,3.8830,4.2224,0.0000,3.2415,3.9710
4,404,22,40,1.5,2.7721,2.7424,1.3752,0.0000,0.0000,0.0000,0.0000,4.2233,0.0000
4,405,22,80,0.75,3.5902,1.3182,2.3178,0.0000,0.0000,0.0000,4.2267,0.0000,0.0000
4,406,22,80,1,3.6159,4.0193,2.9639,4.5073,4.8535,4.5969,4.6656,0.0000,4.3985
4,407,22,80,1.5,3.1204,1.6764,1.2879,4.6611,4.6562,0.0000,0.0000,0.0000,0.0000
4,408,22,160,0.75,7.3353,5.7695,5.7266,7.1319,6.4006,5.6896,5.0052,5.8414,5.2682
4,409,22,160,1,8.5867,5.6013,7.4722,7.9248,7.4113,5.5895,5.1943,7.1966,6.1231
4,410,22,160,1.5,6.9392,5.6485,5.3907,6.5772,5.3549,5.7010,0.0000,5.3208,4.7264
4,411,22,320,0.75,11.0945,9.7870,9.4711,10.7476,9.5584,9.6007,8.4913,9.4181,8.0987
4,412,22,320,1,14.3347,11.6938,10.5219,13.4887,12.9500,11.5528,10.8007,10.1351,9.0320
4,413,22,320,1.5,15.5042,13.0860,12.6235,15.2284,13.8311,13.1547,11.9633,12.6919,11.6703
4,414,23,10,0.75,1.4397,0.8231,0.1352,4.6134,4.5261,0.0000,4.5386,4.4982,4.4178
4,415,23,10,1,1.7344,2.2858,1.8791,0.0000,0.0000,0.0000,0.0000,0.0000,0.0000
4,416,23,10,1.5,-0.4005,0.7464,1.0813,0.0000,0.0000,0.0000,0.0000,0.0000,0.0000
4,417,23,20,0.75,2.5279,2.8580,3.3480,4.2694,4.2342,0.0000,0.0000,0.0000,0.0000
4,418,23,20,1,-0.0835,0.7928,0.0124,4.5591,4.9584,4.6611,4.8649,4.5690,0.0000
4,419,23,20,1.5,1.8490,1.6761,2.1540,0.0000,0.0000,4.3730,4.2589,0.0000,0.0000
4,420,23,40,0.75,3.1436,4.2189,4.9954,4.5618,0.0000,0.0000,0.0000,0.0000,4.3858
4,421,23,40,1,2.1750,2.9005,3.4903,4.2031,4.3448,4.2296,0.0000,4.3264,4.2286
4,422,23,40,1.5,4.7464,6.0629,6.9696,0.0000,0.0000,4.7250,4.3877,4.7876,4.9467
4,423,23,80,0.75,5.4205,7.4565,8.0076,4.5116,0.0000,5.8814,4.7784,6.8529,5.4251
4,424,23,80,1,7.6968,8.7304,9.8600,6.4826,5.8272,6.8540,6.9325,7.0537,6.1974
4,425,23,80,1.5,7.8728,8.0300,9.9245,7.2468,7.2731,6.6602,6.4239,7.5947,7.5640
4,426,23,160,0.75,13.8417,16.5946,17.6260,12.6151,10.7391,13.8270,11.9976,15.0370,12.4123
4,427,23,160,1,15.3509,19.0215,20.1996,13.7007,13.0523,15.2826,15.1874,16.6622,16.0749
4,428,23,160,1.5,14.9552,17.3944,18.6761,13.0118,12.0860,13.2804,12.6065,14.8194,13.6288
4,429,23,320,0.75,27.1142,30.7534,33.2873,24.2019,20.2427,25.1217,21.2673,28.5169,23.2464
4,430,23,320,1,29.4967,33.3220,35.0809,25.9779,24.5500,26.5044,25.8681,29.4199,27.4325
4,431,23,320,1.5,30.4730,34.2638,37.2900,26.6578,25.4527,27.3215,27.1868,29.4143,28.3070
4,432,24,10,0.75,0.6960,-2.0396,0.0127,0.0000,0.0000,0.0000,0.0000,0.0000,4.1172
4,433,24,10,1,-0.3791,-0.9921,-0.8814,0.0000,0.0000,0.0000,0.0000,3.8023,4.1204
4,434,24,10,1.5,1.0318,-0.3457,0.9395,0.0000,0.0000,0.0000,0.0000,4.3342,0.0000
4,435,24,20,0.75,-1.2200,-0.8457,-0.3036,0.0000,0.0000,3.8658,4.2515,0.0000,0.0000
4,436,24,20,1,0.2472,-0.6862,0.2837,4.3782,4.4746,0.0000,3.3541,4.1675,3.8410
4,437,24,20,1.5,1.0538,1.4089,0.5668,0.0000,4.1051,0.0000,4.3899,4.0704,0.0000
4,438,24,40,0.75,1.3575,1.7378,0.4341,0.0000,0.0000,4.3393,4.4183,3.9019,4.1037
4,439,24,40,1,1.6036,1.8966,2.6803,4.7123,4.4780,4.6949,4.7728,0.0000,0.0000
4,440,24,40,1.5,2.3483,2.8024,2.5454,0.0000,4.5911,0.0000,0.0000,0.0000,0.0000
4,441,24,80,0.75,3.9320,4.8695,4.3374,4.5261,0.0000,5.3110,4.1403,0.0000,0.0000
4,442,24,80,1,4.8395,5.1868,5.1034,4.7415,4.7591,5.4123,4.9791,4.8151,4.6244
4,443,24,80,1.5,7.7212,5.8061,7.0736,7.6311,6.9756,5.8607,5.9082,7.1195,7.4028
4,444,24,160,0.75,8.8420,8.9335,9.0085,8.2128,7.8881,8.4733,7.6492,8.4692,7.3691
4,445,24,160,1,9.4324,8.7020,9.5622,9.0611,8.8316,8.6289,7.8957,8.7174,7.4397
4,446,24,160,1.5,9.9610,9.1365,9.9655,9.5721,9.2053,8.9729,8.2037,9.6368,8.6152
4,447,24,320,0.75,17.2445,16.1267,16.8344,16.2406,13.9457,15.2855,12.8056,15.3075,12.5100
4,448,24,320,1,19.7626,17.6393,20.9159,18.4231,17.7715,16.6086,16.2269,19.4295,18.5333
4,449,24,320,1.5,21.9634,19.3696,20.5310,20.8912,19.6079,18.9713,16.6324,19.0955,17.7789
4,450,25,10,0.75,0.5858,0.8777,0.0460,0.0000,0.0000,4.3934,0.0000,0.0000,0.0000
4,451,25,10,1,1.6477,0.9424,1.0731,0.0000,0.0000,0.0000,3.8365,4.4379,0.0000
4,452,25,10,1.5,3.4681,3.4751,4.3959,4.5582,0.0000,3.8192,0.0000,0.0000,0.0000
4,453,25,20,0.75,0.6927,1.5643,4.4548,0.0000,0.0000,0.0000,4.3858,4.7925,5.0260
4,454,25,20,1,3.5339,3.4716,5.3048,0.0000,3.9724,0.0000,4.3091,4.9420,0.0000
4,455,25,20,1.5,5.8570,7.2729,8.0441,4.6771,4.1508,5.6398,5.3187,5.8584,5.6306
4,456,25,40,0.75,7.6887,9.3589,13.1288,0.0000,5.6470,6.2115,5.1053,10.1826,8.4393
4,457,25,40,1,8.3236,11.0724,14.2450,6.0746,6.5197,7.9975,6.1983,11.3793,11.2876
4,458,25,40,1.5,8.4615,10.9534,14.7814,7.1376,6.9031,8.1079,6.5556,11.8702,10.9919
4,459,25,80,0.75,17.4988,22.2969,25.4724,13.1972,11.1166,16.5097,10.9008,19.5890,16.3820
4,460,25,80,1,17.6168,20.5169,26.7501,13.3218,12.8722,14.9897,12.2430,21.5436,19.8746
4,461,25,80,1.5,20.0497,23.2000,29.6339,15.1327,14.1940,17.5486,12.9847,23.6832,21.5144
4,462,25,160,0.75,32.1471,39.0869,50.0401,25.3047,23.0763,28.7366,18.5923,41.4696,35.3280
4,463,25,160,1,36.0767,45.2350,56.3609,28.2315,27.0848,33.0747,24.8088,45.7754,42.4020
4,464,25,160,1.5,38.2241,44.7756,57.9152,28.2214,27.1979,32.5406,24.3801,46.9289,43.0748
4,465,25,320,0.75,64.4265,78.8483,101.3488,47.7333,42.6251,56.5924,36.9645,80.7575,68.2065
4,466,25,320,1,70.6526,86.4806,111.2222,53.0237,52.1790,61.8228,44.8166,89.2889,83.6730
4,467,25,320,1.5,77.6582,91.2869,119.2964,59.1448,57.2097,66.6580,47.8498,96.7030,89.9623
4,468,26,10,0.75,3.3178,3.1758,3.3412,0.0000,3.9099,4.1258,3.8626,0.0000,0.0000
4,469,26,10,1,2.8326,2.0781,3.9901,0.0000,0.0000,3.9840,4.0152,0.0000,0.0000
4,470,26,10,1.5,3.2103,3.3177,3.3145,3.6623,0.0000,3.3723,0.0000,0.0000,0.0000
4,471,26,20,0.75,4.8880,4.2117,4.3699,0.0000,0.0000,0.0000,0.0000,4.1571,0.0000
4,472,26,20,1,3.7316,3.8216,6.2023,0.0000,0.0000,0.0000,0.0000,5.3213,5.0230
4,473,26,20,1.5,4.6272,4.8893,6.7307,0.0000,0.0000,4.6097,4.8924,5.7157,5.7425
4,474,26,40,0.75,8.4461,8.4252,12.0285,7.2797,6.5418,7.6073,6.7373,10.0596,8.7861
4,475,26,40,1,8.1183,6.4806,12.2638,7.2242,7.2717,5.8915,6.0817,9.6327,9.4590
4,476,26,40,1.5,8.6322,9.3532,12.6228,6.5885,7.0124,7.3858,7.4341,8.6189,9.0374
4,477,26,80,0.75,17.4138,17.3504,21.4818,14.8100,12.8575,14.7917,13.4234,17.1843,14.8180
4,478,26,80,1,18.6011,16.2723,24.3717,16.0083,16.2854,14.9830,15.1398,20.1426,19.8451
4,479,26,80,1.5,19.4748,17.5346,25.4034,16.4133,16.8825,15.2090,16.0770,20.6283,20.9329
4,480,26,160,0.75,35.2246,33.9710,46.3834,30.4199,26.7293,29.9048,26.7034,37.8484,33.4893
4,481,26,160,1,39.3784,36.3648,49.4443,33.4853,32.6237,31.5628,31.5437,40.1917,38.7870
4,482,26,160,1.5,44.8977,40.1684,55.5974,36.9694,36.4934,34.4256,35.1848,45.1227,44.6306
4,483,26,320,0.75,68.8198,66.1192,88.2669,59.8322,52.2700,58.1777,51.8272,73.3683,64.2520
4,484,26,320,1,78.7600,70.8528,98.8648,67.9282,66.4179,63.2625,63.2671,81.9674,79.4998
4,485,26,320,1.5,85.4373,75.8431,107.0262,71.6757,69.9706,66.5171,66.2086,87.1822,84.7110
4,486,27,10,0.75,1.1717,2.7735,3.1298,0.0000,4.2348,0.0000,0.0000,4.0466,4.3152
4,487,27,10,1,1.8770,1.6765,1.2305,3.8644,0.0000,0.0000,5.2113,3.9784,4.0346
4,488,27,10,1.5,2.6425,2.4517,3.3383,4.3884,0.0000,0.0000,0.0000,0.0000,0.0000
4,489,27,20,0.75,4.7913,4.4865,6.5701,0.0000,0.0000,0.0000,0.0000,0.0000,4.6146
4,490,27,20,1,5.4980,5.5102,7.7239,4.9186,5.2682,5.1977,4.8366,5.5634,6.1387
4,491,27,20,1.5,3.5573,4.0677,7.4513,0.0000,4.4572,0.0000,0.0000,0.0000,5.9967
4,492,27,40,0.75,8.1099,7.9846,13.7181,6.2949,6.3752,7.1187,5.7009,7.9294,9.5696
4,493,27,40,1,7.8280,8.8523,13.8452,6.5099,5.9036,7.8240,7.7864,8.2012,9.9277
4,494,27,40,1.5,9.1744,9.9020,15.5857,7.3828,7.0556,9.0704,7.6073,9.3385,11.0279
4,495,27,80,0.75,14.2193,17.1945,25.2089,11.2115,10.1649,13.6184,10.9930,13.8411,15.4877
4,496,27,80,1,16.5152,18.4661,28.3353,12.4460,13.0183,15.3599,13.8825,16.9998,20.8144
4,497,27,80,1.5,18.8339,20.9706,30.4657,13.4170,14.5550,18.1616,15.0082,17.6518,21.9674
4,498,27,160,0.75,27.1651,31.8486,49.0935,20.4433,19.3101,26.0863,19.5713,26.9254,31.3763
4,499,27,160,1,32.2960,36.5212,54.5862,25.0264,25.9932,30.3896,26.8251,31.5122,38.8463
4,500,27,160,1.5,35.2333,38.8835,58.3830,27.0904,28.9668,32.7464,29.1563,32.6701,41.8041
4,501,27,320,0.75,55.8952,67.7795,99.6127,43.7811,40.5884,57.4755,43.8271,56.8650,62.8428
4,502,27,320,1,65.6590,73.3770,108.5728,49.2868,52.4817,60.6417,53.5511,62.5164,77.0694
4,503,27,320,1.5,69.5965,75.3446,114.5031,52.8176,55.0098,63.8425,56.8976,63.8403,80.0927
4,504,28,10,0.75,2.4379,0.4039,1.6675,0.0000,0.0000,4.4186,0.0000,4.2220,4.1976
4,505,28,10,1,3.0177,3.5637,3.9322,4.4791,3.4244,4.5059,4.5482,0.0000,0.0000
4,506,28,10,1.5,1.4957,1.5240,1.1531,0.0000,0.0000,0.0000,0.0000,4.4304,0.0000
4,507,28,20,0.75,0.8251,1.5608,0.8155,0.0000,0.0000,4.1180,4.3776,0.0000,0.0000
4,508,28,20,1,3.3968,3.5060,4.1813,4.9506,4.6574,3.9661,4.5394,0.0000,3.5309
4,509,28,20,1.5,5.0688,3.8486,5.0070,0.0000,3.8166,0.0000,4.0603,0.0000,4.2452
4,510,28,40,0.75,6.8519,6.2730,7.2581,6.5209,5.5838,6.0350,5.2152,6.9451,6.2954
4,511,28,40,1,6.4375,6.0308,8.3858,5.7504,5.8881,5.3837,5.3442,6.9736,6.8680
4,512,28,40,1.5,7.3129,6.9093,7.6534,6.2554,6.6981,5.9623,6.2069,6.4244,6.1973
4,513,28,80,0.75,11.3951,10.1097,11.9752,10.2843,8.4993,9.4303,7.6184,10.9715,9.1629
4,514,28,80,1,14.8828,14.0318,15.5744,13.8116,13.5168,13.0465,12.7150,14.4671,14.1060
4,515,28,80,1.5,12.3516,10.9140,13.8953,10.2437,10.9135,9.1270,9.6123,11.1522,11.9868
4,516,28,160,0.75,23.1795,22.7338,25.5956,21.0501,19.0861,19.9687,17.7234,22.9965,20.9326
4,517,28,160,1,26.5098,25.2833,29.2245,23.4427,23.6137,22.2391,22.1415,25.3237,24.8277
4,518,28,160,1.5,26.4026,24.2024,29.5073,23.5351,22.6800,21.6538,20.9521,26.1673,25.3756
4,519,28,320,0.75,47.7037,45.4934,51.3407,43.8625,38.7885,41.1477,36.5663,46.4807,41.2994
4,520,28,320,1,52.0665,48.9724,56.9722,46.9512,46.9055,43.7759,43.6679,50.6919,50.1419
4,521,28,320,1.5,56.5520,52.7834,60.7582,49.8150,49.4806,46.7182,46.1185,53.8543,53.3671
4,522,29,10,0.75,3.8868,5.5040,4.2518,0.0000,0.0000,0.0000,0.0000,0.0000,0.0000
4,523,29,10,1,-0.3188,1.9343,0.9139,4.2132,3.9513,0.0000,0.0000,0.0000,0.0000
4,524,29,10,1.5,2.9256,3.4683,2.8292,0.0000,0.0000,0.0000,4.4931,4.4034,0.0000
4,525,29,20,0.75,3.8802,5.3570,4.7626,0.0000,0.0000,4.1351,4.1571,0.0000,0.0000
4,526,29,20,1,4.7635,5.3404,4.9884,0.0000,0.0000,3.9904,4.0128,0.0000,0.0000
4,527,29,20,1.5,4.4940,5.5660,5.4794,0.0000,0.0000,4.8711,4.8583,5.6963,5.5895
4,528,29,40,0.75,8.3988,12.0358,10.5414,6.2833,5.7617,8.9529,8.2651,7.6678,6.8315
4,529,29,40,1,7.7114,11.4261,9.9172,5.8999,5.8359,8.0647,8.0219,6.8011,6.7949
4,530,29,40,1.5,7.1374,11.8776,10.0269,5.3884,0.0000,8.0927,7.0221,6.8281,6.0737
4,531,29,80,0.75,16.7962,23.9485,21.5351,12.4138,10.7931,17.1318,15.0839,14.1871,11.9622
4,532,29,80,1,16.6460,23.9945,21.3668,12.1321,11.7859,17.5158,16.9894,14.6740,13.3358
4,533,29,80,1.5,19.3411,26.3021,23.8238,15.8554,14.0934,20.4986,19.4198,15.6305,13.5620
4,534,29,160,0.75,29.3943,45.2149,40.6236,22.2600,19.7608,32.9338,29.3422,26.7351,21.7272
4,535,29,160,1,33.3512,48.1932,42.5485,24.8379,24.5847,34.9343,35.4806,26.1312,23.3327
4,536,29,160,1.5,38.0817,52.9315,46.9581,27.0797,25.9542,37.5338,36.7653,30.4948,26.6355
4,537,29,320,0.75,62.0106,92.1543,81.2549,47.2384,40.7694,66.5267,58.8000,51.9157,41.6663
4,538,29,320,1,71.2248,100.0445,89.2253,52.8989,52.1249,73.2243,73.8871,55.9762,50.9391
4,539,29,320,1.5,73.5310,104.7241,92.4699,53.5987,52.3027,74.7826,74.3031,58.9525,52.6728
4,540,30,10,0.75,1.0135,0.8909,2.2362,0.0000,0.0000,4.3403,4.2015,4.4187,0.0000
4,541,30,10,1,3.1799,3.2652,3.7426,0.0000,0.0000,0.0000,0.0000,0.0000,0.0000
4,542,30,10,1.5,1.6977,2.8256,2.9328,0.0000,0.0000,0.0000,0.0000,0.0000,0.0000
4,543,30,20,0.75,3.8267,4.7729,4.3348,0.0000,0.0000,0.0000,4.1011,4.5791,0.0000
4,544,30,20,1,3.6661,3.5644,4.6581,0.0000,0.0000,4.4356,0.0000,0.0000,4.5639
4,545,30,20,1.5,6.5682,6.6831,8.0890,6.0906,5.3053,6.0372,5.0358,5.7179,6.1547
4,546,30,40,0.75,5.0184,5.7380,8.1857,4.5437,4.3873,5.2601,5.0178,4.9361,5.0402
4,547,30,40,1,7.4274,9.3697,9.0097,6.4945,6.7171,9.3303,9.0642,6.5160,7.5951
4,548,30,40,1.5,8.6883,10.1917,10.5514,7.0033,7.7476,8.0322,9.0195,6.7040,8.5874
4,549,30,80,0.75,13.9819,16.5173,18.3895,13.1958,12.1237,14.4869,13.5436,10.9419,13.0879
4,550,30,80,1,14.6449,19.1750,19.0408,12.4009,12.4923,16.2945,16.6603,11.1776,14.0711
4,551,30,80,1.5,15.6657,17.2877,18.8768,13.3052,13.3050,14.8204,15.1542,12.2621,13.9817
4,552,30,160,0.75,25.4980,31.5534,33.8594,21.6736,20.5908,27.1542,25.6352,20.0466,23.9319
4,553,30,160,1,29.1556,36.1101,36.9911,26.0375,26.1588,30.7881,32.2806,22.8209,29.6198
4,554,30,160,1.5,32.3043,36.5592,39.8323,28.3000,28.9757,31.6360,33.3891,24.2072,31.7570
4,555,30,320,0.75,54.7705,66.2014,69.9688,47.4012,44.3424,56.1045,53.0547,42.2181,49.0423
4,556,30,320,1,59.5894,70.8424,76.6837,51.2914,52.4133,59.9759,64.1994,44.8822,60.2107
4,557,30,320,1.5,64.8005,73.3585,79.1905,54.7614,56.0011,62.0747,65.3085,46.3512,60.9831
4,558,31,10,0.75,1.4318,2.6351,1.2518,4.4436,0.0000,0.0000,0.0000,0.0000,0.0000
4,559,31,10,1,1.1126,1.3384,3.0891,0.0000,4.1862,4.5130,4.5389,4.7596,0.0000
4,560,31,10,1.5,0.4705,-0.0682,2.7277,3.5923,0.0000,4.2983,0.0000,0.0000,4.2711
4,561,31,20,0.75,1.9416,2.2935,3.3612,4.1930,4.1755,0.0000,0.0000,0.0000,0.0000
4,562,31,20,1,2.7530,3.0807,4.8118,0.0000,4.1394,0.0000,0.0000,0.0000,0.0000
4,563,31,20,1.5,3.3782,1.4847,3.4634,4.9027,4.8333,4.8788,0.0000,0.0000,4.2527
4,564,31,40,0.75,6.3614,4.2904,7.1554,6.2342,6.0266,0.0000,4.2193,7.3714,6.1567
4,565,31,40,1,5.0649,5.9048,9.0551,5.5234,5.7996,5.7111,5.8969,8.6922,8.7246
4,566,31,40,1.5,6.9640,6.9655,10.4288,7.2275,6.8436,7.3488,7.5166,10.3617,10.2341
4,567,31,80,0.75,10.2514,10.5179,16.2669,9.9591,9.1932,10.3833,9.1226,16.7510,15.0175
4,568,31,80,1,10.8896,10.6440,17.2578,10.4527,10.5133,10.7371,10.1666,17.0409,16.2244
4,569,31,80,1.5,12.4923,10.6984,19.1971,11.8951,11.9920,10.4907,9.4864,18.8478,16.8777
4,570,31,160,0.75,20.5399,19.8806,32.5750,20.3437,17.6500,19.6182,16.6921,32.5901,28.2169
4,571,31,160,1,21.0221,21.2690,33.8882,20.1153,19.8282,20.7953,20.7631,33.6429,31.3868
4,572,31,160,1.5,22.2345,21.2768,37.9727,21.5622,20.5178,20.8976,20.1023,37.1469,34.6534
4,573,31,320,0.75,38.6927,36.8173,60.8011,37.3838,33.3599,36.0080,31.4713,60.6497,52.2996
4,574,31,320,1,42.2722,40.6186,70.0312,41.3367,40.1547,40.0044,38.5783,68.8573,64.1937
4,575,31,320,1.5,47.1396,45.3042,78.3699,45.5705,44.0217,44.6779,42.4066,76.4402,70.0737
4,576,32,10,0.75,1.3412,0.9480,1.3793,0.0000,0.0000,0.0000,2.9137,0.0000,0.0000
4,577,32,10,1,2.0129,2.7691,1.6293,0.0000,0.0000,4.1594,4.0799,0.0000,0.0000
4,578,32,10,1.5,1.5140,1.9233,1.8325,4.2740,4.0781,0.0000,0.0000,0.0000,4.3391
4,579,32,20,0.75,1.8015,2.1136,2.8196,0.0000,4.4039,3.8942,3.8084,0.0000,3.4679
4,580,32,20,1,2.4786,2.1199,1.8204,0.0000,3.6567,4.3757,4.4679,0.0000,0.0000
4,581,32,20,1.5,3.0344,3.0140,2.1018,4.4684,0.0000,5.1763,5.1910,4.5874,0.0000
4,582,32,40,0.75,5.3912,5.7666,4.5725,5.5128,5.2275,5.6310,4.8979,0.0000,0.0000
4,583,32,40,1,3.2821,3.7833,2.9053,3.6377,3.7325,4.5977,4.5207,3.4054,3.5126
4,584,32,40,1.5,5.3040,5.5624,5.6698,5.1711,5.2190,5.0172,5.1636,5.0404,4.9194
4,585,32,80,0.75,8.0135,9.0665,7.2720,7.8454,6.7334,7.8040,6.1787,6.9965,5.8330
4,586,32,80,1,10.2936,10.3191,9.5903,9.1059,9.1362,9.3226,8.7388,8.8228,8.7046
4,587,32,80,1.5,11.9850,12.1295,10.9798,10.2628,9.4434,10.2106,8.9340,8.5277,8.5251
4,588,32,160,0.75,15.9236,18.1228,14.8509,13.9136,11.0149,15.8881,11.7149,12.3649,9.8962
4,589,32,160,1,18.4234,20.0884,18.6936,17.1075,16.1746,18.0598,16.8749,16.2262,15.4627
4,590,32,160,1.5,20.3252,21.0636,19.4395,17.3199,15.9463,17.5569,15.9337,15.8332,14.8687
4,591,32,320,0.75,34.5698,37.3437,34.3631,29.5260,25.0245,31.8787,25.3524,28.0697,24.2298
4,592,32,320,1,37.2614,39.3307,36.0060,32.0932,28.9556,34.0435,30.9285,28.8653,27.2463
4,593,32,320,1.5,40.8700,42.5642,39.8734,35.2920,31.8961,36.6192,33.9887,31.2766,30.0729
4,594,33,10,0.75,0.4137,2.4823,2.4816,4.8698,4.3755,0.0000,0.0000,4.7467,0.0000
4,595,33,10,1,-0.2692,1.3387,1.4267,0.0000,0.0000,0.0000,0.0000,0.0000,0.0000
4,596,33,10,1.5,2.0136,2.9894,3.1740,0.0000,0.0000,0.0000,0.0000,0.0000,0.0000
4,597,33,20,0.75,2.1859,5.4870,4.3939,0.0000,0.0000,5.3512,4.1368,4.8547,0.0000
4,598,33,20,1,1.8898,4.7365,4.0963,4.6093,0.0000,5.2058,4.8833,0.0000,4.2596
4,599,33,20,1.5,3.5987,6.0063,5.3843,4.6500,4.4119,6.1683,5.8843,5.8049,5.8317
4,600,33,40,0.75,5.0548,10.1887,8.3796,5.3438,5.4732,9.9830,7.0430,7.7935,5.5815
4,601,33,40,1,8.0933,10.7821,9.6876,7.9292,6.6938,10.7240,7.8487,9.8030,8.0338
4,602,33,40,1.5,6.1529,9.9391,8.0027,6.2855,5.9233,9.9595,7.6280,8.2909,7.6801
4,603,33,80,0.75,9.7901,19.5176,17.4955,9.3650,7.7187,18.9195,12.6706,16.2524,10.2153
4,604,33,80,1,12.1905,21.9579,19.3306,12.0341,11.2158,21.3561,15.8999,18.9685,14.7918
4,605,33,80,1.5,14.2076,22.4526,19.0280,13.7030,11.5583,21.6053,16.2349,17.9685,14.0566
4,606,33,160,0.75,23.0354,37.1339,33.3653,22.7956,19.1898,36.6554,25.3617,32.4705,23.5724
4,607,33,160,1,24.7012,42.5495,37.4791,24.1081,21.1154,41.2572,31.4241,35.7222,27.4882
4,608,33,160,1.5,27.3506,45.9288,39.4203,27.0251,23.1811,44.5311,32.5390,37.3441,29.2531
4,609,33,320,0.75,44.9514,76.2038,67.1962,44.2810,35.6914,74.8098,49.5702,64.2600,44.3173
4,610,33,320,1,50.8921,85.3395,74.8114,50.2760,45.6017,83.1600,61.9461,71.2708,55.9751
4,611,33,320,1.5,57.2369,93.6774,79.8645,56.1550,50.0172,90.8572,67.5827,75.9425,59.1840
4,612,34,10,0.75,0.7376,3.0800,3.8438,0.0000,0.0000,4.2233,0.0000,0.0000,0.0000
4,613,34,10,1,1.1819,0.9604,2.4304,0.0000,0.0000,0.0000,0.0000,0.0000,4.0744
4,614,34,10,1.5,2.3522,3.5571,3.7475,4.1952,4.2168,3.4141,3.2851,3.9872,0.0000
4,615,34,20,0.75,3.4202,5.3638,6.8584,4.1843,3.9668,5.3458,5.1460,5.0336,0.0000
4,616,34,20,1,2.9212,4.6359,6.1698,4.1559,0.0000,0.0000,0.0000,0.0000,0.0000
4,617,34,20,1.5,3.0324,5.1864,6.0745,0.0000,0.0000,5.3407,5.2735,4.0023,0.0000
4,618,34,40,0.75,6.4107,8.6103,11.7762,5.1016,0.0000,7.8814,6.7567,6.1104,5.7469
4,619,34,40,1,7.9782,10.8620,14.9870,5.4948,5.6757,8.8874,8.9230,7.8660,8.3768
4,620,34,40,1.5,8.7132,12.6818,16.2772,6.9888,6.8264,11.1381,11.2724,9.0728,9.1739
4,621,34,80,0.75,14.1183,20.5733,26.6904,11.4099,10.7645,18.4298,16.3913,15.6688,15.5866
4,622,34,80,1,12.7778,20.0210,26.5170,9.5699,10.5971,17.6701,17.9840,15.9179,16.4317
4,623,34,80,1.5,16.9230,23.4376,30.4554,12.5654,13.4268,21.5070,21.3771,15.2922,16.9561
4,624,34,160,0.75,27.3187,39.2695,51.2126,20.5972,19.4400,34.6409,30.8361,27.8772,28.7139
4,625,34,160,1,29.3294,43.7342,55.9396,22.2299,22.9279,38.5972,38.2570,30.8169,32.9899
4,626,34,160,1.5,31.7461,44.1025,58.2703,24.3132,25.3210,40.1078,39.5445,30.8726,33.7180
4,627,34,320,0.75,52.0834,76.6954,99.7915,39.4342,36.8093,68.6757,60.2414,53.6200,53.2472
4,628,34,320,1,58.8922,85.1604,111.9019,44.3631,46.5215,75.6427,74.6055,60.6202,65.9565
4,629,34,320,1.5,62.9583,89.6901,118.6244,47.7891,49.9765,80.5277,79.4954,65.0518,68.2534
4,630,35,10,0.75,0.0725,1.3297,1.3802,0.0000,4.6488,4.9563,4.2498,4.4986,4.3359
4,631,35,10,1,0.1132,1.1064,0.6271,0.0000,0.0000,0.0000,0.0000,0.0000,0.0000
4,632,35,10,1.5,1.0354,2.0019,3.4721,0.0000,0.0000,0.0000,0.0000,0.0000,0.0000
4,633,35,20,0.75,5.3417,6.1383,6.7956,6.2368,6.1421,6.2396,6.0381,6.6836,5.9248
4,634,35,20,1,4.8662,6.2762,7.3638,4.7075,4.5444,6.1551,6.2916,7.2783,7.5769
4,635,35,20,1.5,4.6904,6.2685,5.5232,4.6347,4.3632,6.2295,6.3433,5.4742,5.4179
4,636,35,40,0.75,8.5270,11.1508,10.8596,8.2962,7.1022,11.0393,9.1582,10.3700,9.5547
4,637,35,40,1,7.1256,7.9405,9.7356,7.3180,6.6139,7.9620,7.6446,10.0652,9.1477
4,638,35,40,1.5,9.1397,11.5836,13.1924,9.0189,9.0244,11.4235,10.8941,13.0883,12.4802
4,639,35,80,0.75,13.8506,19.3071,21.4755,13.8868,12.1671,19.2629,16.8600,20.9896,18.7781
4,640,35,80,1,14.0138,18.8315,20.5240,13.9904,13.7378,18.6324,18.3359,20.0331,19.7987
4,641,35,80,1.5,15.9344,20.5488,24.1043,15.7675,14.3928,20.2659,18.7607,23.7757,22.3835
4,642,35,160,0.75,25.3199,36.2952,42.9820,24.6204,21.4839,35.9737,30.4463,41.8889,36.0521
4,643,35,160,1,28.0680,38.7864,43.5420,27.6613,26.5667,38.5779,36.7695,43.0987,41.6819
4,644,35,160,1.5,30.4312,40.7449,47.3707,30.1459,29.0275,40.4953,38.3600,47.2280,45.3457
4,645,35,320,0.75,53.8689,72.8426,83.7525,52.6995,46.5547,72.0570,61.7660,82.2425,71.8912
4,646,35,320,1,57.6578,79.9760,91.5375,56.3114,54.7952,79.2891,76.1844,90.2583,87.7271
4,647,35,320,1.5,62.7067,84.3690,97.2921,62.0175,59.4158,83.6159,79.4848,96.4451,92.0941
