# NEW (G4 confirmatory: the declared spike endpoint re-tested with new seeds, newly drawn locations, independent null data, noise replicates and a detector-mismatch variant); infant2yr | commit ae458a9
replicate,event,location,strength_nAm,stretch,squid/combined_oracle_z,opm_matched/opm_oracle_z,opm_dense/opm_oracle_z,squid/combined_height_primary,squid/combined_height_mismatch,opm_matched/opm_height_primary,opm_matched/opm_height_mismatch,opm_dense/opm_height_primary,opm_dense/opm_height_mismatch
0,0,0,10,0.75,1.4943,1.5464,1.7728,4.6569,4.4883,0.0000,0.0000,4.3604,4.7543
0,1,0,10,1,-0.9728,0.3182,0.1070,0.0000,4.2544,0.0000,0.0000,0.0000,0.0000
0,2,0,10,1.5,1.8176,3.1324,1.8177,4.9134,4.6178,0.0000,0.0000,4.0455,4.2043
0,3,0,20,0.75,-0.7054,1.3403,1.5598,3.3369,0.0000,0.0000,4.0614,0.0000,3.4135
0,4,0,20,1,2.2819,4.3127,4.5295,4.7043,4.1743,0.0000,0.0000,0.0000,0.0000
0,5,0,20,1.5,2.3102,3.8094,4.4637,4.3121,4.3734,0.0000,0.0000,0.0000,3.6403
0,6,0,40,0.75,1.7809,5.4168,4.4056,0.0000,4.1431,4.1780,3.9707,4.6016,4.2979
0,7,0,40,1,4.2793,7.1507,7.2783,0.0000,0.0000,0.0000,0.0000,0.0000,3.9215
0,8,0,40,1.5,3.4489,6.6610,6.2911,0.0000,0.0000,0.0000,0.0000,0.0000,0.0000
0,9,0,80,0.75,5.2048,11.2803,12.3838,0.0000,0.0000,5.6419,5.5412,6.8723,5.5257
0,10,0,80,1,5.2148,10.9416,12.5111,4.6409,3.5300,6.6486,6.6869,7.1687,6.6284
0,11,0,80,1.5,5.9760,12.4167,11.8715,0.0000,3.9508,5.5798,5.4794,6.1852,5.7516
0,12,0,160,0.75,10.7514,17.5613,18.8157,6.9001,6.6729,10.6307,8.7426,11.4616,9.4580
0,13,0,160,1,11.1181,23.1973,24.9455,6.9082,6.3869,13.1175,10.9593,15.0163,12.4935
0,14,0,160,1.5,12.3505,25.9839,26.9435,8.8623,8.8767,13.7962,12.7862,15.5830,14.3083
0,15,0,320,0.75,19.7335,39.8589,41.7339,14.0123,11.4834,22.7164,18.2885,25.5930,19.9907
0,16,0,320,1,21.5423,46.8699,49.1330,15.3151,15.1114,25.5670,22.6823,28.9822,25.3288
0,17,0,320,1.5,22.2697,47.3124,51.6115,16.5928,16.0991,25.2543,22.1049,31.2340,26.6599
0,18,1,10,0.75,1.5359,1.9731,1.5154,0.0000,0.0000,0.0000,0.0000,0.0000,0.0000
0,19,1,10,1,-0.8636,0.5130,0.4262,4.6836,4.6524,4.4807,4.4123,4.5724,0.0000
0,20,1,10,1.5,2.4739,2.6681,3.1171,0.0000,3.9493,0.0000,0.0000,4.1336,4.9420
0,21,1,20,0.75,2.3026,4.6893,3.6579,3.9613,3.7314,4.8938,4.3863,0.0000,3.8007
0,22,1,20,1,1.4515,2.9471,3.0441,4.3166,0.0000,0.0000,0.0000,0.0000,0.0000
0,23,1,20,1.5,3.6131,3.4968,4.1918,0.0000,0.0000,0.0000,0.0000,0.0000,0.0000
0,24,1,40,0.75,2.5701,5.6928,4.8093,4.9052,5.0531,4.7559,4.6199,4.3011,4.2370
0,25,1,40,1,2.6901,6.8868,5.6041,0.0000,4.2788,0.0000,0.0000,4.8158,0.0000
0,26,1,40,1.5,7.0043,9.5214,8.7616,5.4730,5.3268,6.0142,5.6780,5.2265,5.7415
0,27,1,80,0.75,7.6573,11.0688,10.5690,5.3226,4.9125,7.0213,6.3590,5.6097,4.9791
0,28,1,80,1,6.8736,14.1664,11.5054,6.4610,6.0262,8.6581,9.2109,6.7301,6.5567
0,29,1,80,1.5,7.7790,13.3885,11.9683,5.8876,5.5385,8.0794,8.5041,6.7727,7.2289
0,30,1,160,0.75,16.4431,25.8055,22.7489,12.1283,11.1019,17.2732,16.7327,14.5428,13.9621
0,31,1,160,1,15.3821,26.6702,22.7892,11.4892,11.9100,17.4594,18.9354,13.1883,13.9609
0,32,1,160,1.5,18.5131,26.6760,25.2538,13.0208,12.4625,16.6964,18.1678,13.5198,14.6633
0,33,1,320,0.75,29.2153,47.3911,42.3115,22.5207,19.3242,30.4507,29.9314,24.1047,22.9598
0,34,1,320,1,32.7940,52.3174,46.0611,23.2552,23.9465,33.1347,36.2298,26.0663,27.5416
0,35,1,320,1.5,37.7022,56.9735,50.7185,27.7567,25.4795,35.2787,38.2375,28.0241,30.2609
0,36,2,10,0.75,1.2435,2.0640,1.5838,4.6652,0.0000,0.0000,0.0000,4.0323,4.2602
0,37,2,10,1,1.0669,2.9400,5.0214,3.9442,3.9681,0.0000,0.0000,3.9988,4.2457
0,38,2,10,1.5,1.8642,1.7421,3.3161,4.6603,4.3678,4.6538,0.0000,4.4544,4.0183
0,39,2,20,0.75,2.2064,4.0823,6.1021,4.2397,0.0000,0.0000,0.0000,5.5451,4.8589
0,40,2,20,1,2.4373,2.5823,4.2231,0.0000,0.0000,0.0000,0.0000,4.6782,4.5340
0,41,2,20,1.5,3.9685,5.5420,6.5291,4.4214,4.1116,5.2468,5.2405,5.1400,5.3080
0,42,2,40,0.75,4.3607,6.3758,11.1247,0.0000,3.9696,4.6826,5.1173,7.8321,6.4602
0,43,2,40,1,3.6491,7.0849,10.7779,0.0000,4.1222,6.1581,6.0584,8.2732,7.5606
0,44,2,40,1.5,6.5774,8.2255,12.2013,6.3297,6.8949,7.4061,7.5124,9.7972,9.7377
0,45,2,80,0.75,8.2506,12.9769,18.2954,7.4930,6.6517,10.8334,9.7362,14.3476,11.8853
0,46,2,80,1,9.1142,13.9269,22.0749,6.9959,6.8163,11.9099,12.3048,14.7421,13.3827
0,47,2,80,1.5,12.0123,16.0009,24.0503,9.6358,9.2807,12.5303,13.4877,17.8961,17.1679
0,48,2,160,0.75,17.8847,27.1954,40.3784,15.8042,13.2862,21.8355,20.4698,31.5598,25.7656
0,49,2,160,1,19.5390,28.2541,43.5089,16.6849,15.4206,23.0174,23.8361,32.4795,29.6666
0,50,2,160,1.5,22.9139,33.5459,49.8758,18.2508,16.4564,26.9768,27.1852,35.8057,32.9338
0,51,2,320,0.75,35.1491,50.6658,75.7883,30.8775,25.0703,41.3665,38.4403,59.4179,48.6326
0,52,2,320,1,38.9022,55.5913,86.5310,32.5752,30.7113,45.1222,47.2792,64.2244,59.8881
0,53,2,320,1.5,43.4149,62.6237,96.9118,36.7739,34.4234,51.1209,52.2570,70.9166,65.4138
0,54,3,10,0.75,2.0764,1.9329,3.4763,0.0000,0.0000,4.4255,0.0000,0.0000,4.1365
0,55,3,10,1,1.4167,1.5801,1.6465,3.9116,0.0000,0.0000,3.4317,4.0257,4.0136
0,56,3,10,1.5,-0.2572,2.6726,2.3514,4.1584,0.0000,4.1177,0.0000,4.0482,0.0000
0,57,3,20,0.75,3.1429,3.9126,3.7259,0.0000,0.0000,0.0000,0.0000,0.0000,0.0000
0,58,3,20,1,3.7445,4.0055,4.5747,0.0000,4.0833,0.0000,4.4420,4.2191,0.0000
0,59,3,20,1.5,3.6484,5.0852,5.9769,4.5594,0.0000,4.7850,4.2909,5.8926,5.2701
0,60,3,40,0.75,4.6523,6.4109,7.5943,4.4970,0.0000,5.8097,0.0000,7.1044,5.4214
0,61,3,40,1,5.5717,8.7819,9.8101,5.5708,5.2000,7.4838,6.3597,9.4333,8.6197
0,62,3,40,1.5,6.1436,10.3047,10.2130,6.0172,5.7952,8.5456,7.7842,9.5621,9.1849
0,63,3,80,0.75,11.8254,15.8206,16.4068,11.3695,10.1456,14.0989,10.0146,15.6593,11.9120
0,64,3,80,1,12.0750,17.3496,21.2946,11.7282,10.4664,15.1905,12.1087,20.0538,17.5281
0,65,3,80,1.5,14.3416,21.0742,22.7857,13.9531,12.2529,17.6891,14.1724,20.7857,17.4525
0,66,3,160,0.75,20.0047,30.5203,33.8130,19.1775,15.3301,26.6374,19.1070,31.8870,25.0430
0,67,3,160,1,24.1618,37.0205,38.6701,23.6057,22.4306,32.2438,26.0522,36.6199,32.6985
0,68,3,160,1.5,25.1563,38.3345,40.8388,24.7630,23.1934,33.0629,26.9077,37.6501,33.0019
0,69,3,320,0.75,42.5544,63.2557,69.5087,41.7636,34.9228,57.4771,42.8554,67.0742,53.3106
0,70,3,320,1,45.4429,69.8363,76.5574,44.2735,41.6086,60.9588,49.7881,72.4222,62.9833
0,71,3,320,1.5,50.3255,74.5846,84.3909,49.6232,46.2635,65.3730,53.5528,79.2894,68.3761
0,72,4,10,0.75,-0.7281,-0.0749,0.7653,4.2838,4.0244,0.0000,0.0000,0.0000,0.0000
0,73,4,10,1,0.7909,1.0174,0.5092,0.0000,0.0000,0.0000,0.0000,0.0000,0.0000
0,74,4,10,1.5,-1.3944,-0.0636,-1.7371,0.0000,0.0000,4.4395,0.0000,4.3853,3.4630
0,75,4,20,0.75,1.3561,1.1450,1.1288,0.0000,4.4069,5.0552,0.0000,0.0000,0.0000
0,76,4,20,1,1.2716,0.2730,0.5214,0.0000,0.0000,0.0000,0.0000,0.0000,0.0000
0,77,4,20,1.5,-0.3680,2.8510,1.9239,0.0000,0.0000,0.0000,0.0000,0.0000,0.0000
0,78,4,40,0.75,1.4362,2.5810,1.2534,0.0000,0.0000,0.0000,0.0000,0.0000,0.0000
0,79,4,40,1,0.6911,3.3245,3.0390,0.0000,0.0000,0.0000,0.0000,4.1886,3.9215
0,80,4,40,1.5,3.5914,5.7838,6.4759,0.0000,0.0000,4.5105,4.2156,5.0111,4.5714
0,81,4,80,0.75,2.4283,4.0862,3.3477,0.0000,0.0000,4.8241,4.5234,0.0000,0.0000
0,82,4,80,1,2.8560,5.8658,5.8321,0.0000,0.0000,5.1780,4.9127,4.3560,4.2503
0,83,4,80,1.5,3.1716,7.2369,6.4306,0.0000,0.0000,6.2259,4.9608,5.7701,0.0000
0,84,4,160,0.75,5.4163,11.4870,11.7644,5.4043,4.7846,8.4638,6.3688,8.2833,6.7157
0,85,4,160,1,5.1294,11.5774,12.0589,0.0000,3.7740,8.2450,7.7993,8.0496,7.2172
0,86,4,160,1.5,7.7763,13.2869,13.3624,5.1752,5.2891,9.1445,8.4555,8.9597,8.3191
0,87,4,320,0.75,10.4867,21.1034,20.4093,8.0669,7.0975,14.5715,11.7758,13.6173,10.9082
0,88,4,320,1,11.8824,24.0549,24.6839,8.2108,8.6638,15.8062,15.2189,16.1928,14.1816
0,89,4,320,1.5,15.1101,28.1368,28.1064,9.2467,8.6420,19.1995,16.6245,18.5800,16.3938
0,90,5,10,0.75,1.3193,1.4028,1.2454,0.0000,0.0000,3.9571,0.0000,4.3832,0.0000
0,91,5,10,1,0.9664,0.9834,1.0896,4.6512,0.0000,4.7985,5.0123,4.6214,0.0000
0,92,5,10,1.5,0.2938,1.3919,-0.1789,0.0000,3.9010,0.0000,0.0000,0.0000,4.1084
0,93,5,20,0.75,1.1989,1.7390,4.0109,0.0000,3.7622,0.0000,0.0000,0.0000,0.0000
0,94,5,20,1,0.6147,1.8237,1.3610,0.0000,0.0000,0.0000,0.0000,0.0000,0.0000
0,95,5,20,1.5,2.0138,1.2826,0.8439,0.0000,4.0354,4.4170,0.0000,0.0000,0.0000
0,96,5,40,0.75,3.7413,3.7155,4.4929,3.9830,3.8712,0.0000,0.0000,0.0000,0.0000
0,97,5,40,1,3.5207,3.8456,4.0333,0.0000,0.0000,0.0000,0.0000,4.0767,0.0000
0,98,5,40,1.5,3.7580,3.8952,5.1840,4.3727,4.3737,0.0000,0.0000,5.4442,5.4559
0,99,5,80,0.75,4.6880,4.5641,5.9859,0.0000,0.0000,4.5255,4.4250,4.6285,4.5845
0,100,5,80,1,3.6123,4.6280,6.8756,0.0000,0.0000,4.3136,4.4618,5.4557,5.0459
0,101,5,80,1.5,5.9141,7.9594,8.3372,5.1580,5.4510,6.8195,5.7993,5.8073,5.5125
0,102,5,160,0.75,11.3416,10.7398,14.9399,9.8560,8.4562,7.9631,6.6052,10.1778,8.1816
0,103,5,160,1,10.6795,10.6693,14.3065,8.6433,8.6246,8.1240,7.6243,9.1060,8.7649
0,104,5,160,1.5,10.5110,10.6489,15.4669,8.3105,8.7985,7.7193,7.0814,10.7866,10.6460
0,105,5,320,0.75,19.2696,20.2072,28.4960,16.2807,14.2412,14.4673,11.9595,18.0023,14.4195
0,106,5,320,1,20.1853,19.7077,27.5676,17.4169,16.8234,15.3714,13.5121,18.1270,16.7712
0,107,5,320,1.5,23.0927,22.4800,32.0416,19.9226,19.8793,16.9019,15.2727,21.0441,19.9984
0,108,6,10,0.75,0.7927,-0.1299,1.2231,0.0000,0.0000,3.7318,0.0000,0.0000,0.0000
0,109,6,10,1,1.0303,1.1913,0.8471,0.0000,0.0000,4.3666,4.4135,0.0000,0.0000
0,110,6,10,1.5,2.7161,-0.1246,0.3639,4.9460,4.7489,0.0000,4.1931,0.0000,4.3063
0,111,6,20,0.75,0.1650,-0.5712,-0.0214,0.0000,0.0000,0.0000,0.0000,4.3027,0.0000
0,112,6,20,1,2.6654,2.5045,2.7057,3.8555,0.0000,0.0000,4.5508,0.0000,0.0000
0,113,6,20,1.5,2.6283,2.7774,3.6222,0.0000,0.0000,4.2009,0.0000,4.5257,4.1870
0,114,6,40,0.75,4.5624,4.4010,6.5378,4.0875,0.0000,3.9704,3.9424,5.3457,4.5078
0,115,6,40,1,4.8283,4.1253,8.0861,5.4702,4.9791,4.8747,4.6490,6.3045,5.5491
0,116,6,40,1.5,4.3628,4.7319,7.8839,4.3666,4.2661,4.5898,0.0000,6.4526,5.5221
0,117,6,80,0.75,4.8089,6.1730,8.5934,0.0000,0.0000,5.3010,5.1178,6.9302,5.2713
0,118,6,80,1,6.4888,8.3278,13.2018,5.9405,5.4443,7.0766,7.6256,9.4910,11.3124
0,119,6,80,1.5,7.4550,8.0593,13.0024,6.8015,6.0510,6.8576,7.0667,10.3496,9.1007
0,120,6,160,0.75,12.8882,14.6853,20.8386,11.8269,9.3952,12.3294,11.4141,16.0278,13.6072
0,121,6,160,1,14.5899,15.4568,23.1717,13.6513,12.1191,13.3031,13.0702,18.8232,17.5941
0,122,6,160,1.5,17.6194,19.4402,28.2332,15.3092,13.6557,15.7329,16.0637,22.2717,20.3866
0,123,6,320,0.75,26.5923,30.8980,43.4565,23.9296,19.1839,27.2025,23.9253,34.6106,29.1878
0,124,6,320,1,29.8773,32.6791,47.9303,25.9201,22.2052,26.5632,26.9935,38.0694,36.1218
0,125,6,320,1.5,30.2941,35.6770,52.2249,27.3983,23.8152,30.6909,28.9116,41.5408,38.5055
0,126,7,10,0.75,0.1912,2.0148,1.8545,0.0000,0.0000,0.0000,0.0000,0.0000,4.0364
0,127,7,10,1,0.1804,0.8268,0.8744,3.9028,3.8064,0.0000,0.0000,0.0000,3.6696
0,128,7,10,1.5,1.1959,0.6610,0.8013,0.0000,0.0000,0.0000,0.0000,4.7022,4.4233
0,129,7,20,0.75,0.7442,0.0265,0.6976,0.0000,0.0000,0.0000,0.0000,3.6548,0.0000
0,130,7,20,1,0.2798,0.7559,1.2053,0.0000,4.0461,4.3742,4.3030,0.0000,0.0000
0,131,7,20,1.5,2.0748,1.8745,3.5359,4.5113,0.0000,4.3110,0.0000,0.0000,0.0000
0,132,7,40,0.75,1.2768,1.7155,2.3803,3.7028,3.7374,5.1763,5.1186,4.5730,0.0000
0,133,7,40,1,3.7742,3.2559,3.1379,0.0000,0.0000,4.5909,4.6369,4.1030,4.6439
0,134,7,40,1.5,2.6535,1.7092,3.7001,0.0000,4.7271,4.6896,4.6930,0.0000,4.1989
0,135,7,80,0.75,5.8308,4.7992,6.4507,5.5967,4.3775,0.0000,0.0000,6.3704,5.0882
0,136,7,80,1,3.6484,5.3443,6.9089,0.0000,4.6472,5.3802,4.7641,6.8156,6.0909
0,137,7,80,1.5,5.1516,4.5298,8.5406,4.7067,4.5603,4.6488,4.1692,8.1051,8.0345
0,138,7,160,0.75,10.6959,10.2588,13.0760,10.4053,8.1917,9.8756,7.3523,12.9321,10.5237
0,139,7,160,1,10.8211,11.1246,14.7860,10.2970,9.5716,10.7395,9.3424,14.3402,12.0773
0,140,7,160,1.5,10.9464,10.7202,14.1586,10.3374,10.8871,10.2484,10.3102,13.6467,12.9379
0,141,7,320,0.75,18.1304,18.5697,25.3538,17.6196,15.1234,18.2859,14.4616,24.8166,20.3449
0,142,7,320,1,21.1191,19.7372,29.5633,20.5409,18.2397,19.1529,16.2187,28.8379,25.6972
0,143,7,320,1.5,22.3349,22.5545,31.0580,21.7941,18.0948,21.8780,17.9551,30.3679,25.9869
0,144,8,10,0.75,0.4305,0.1974,2.2355,0.0000,0.0000,3.5932,3.4865,0.0000,0.0000
0,145,8,10,1,1.5762,2.1953,1.6543,0.0000,0.0000,0.0000,3.9267,0.0000,0.0000
0,146,8,10,1.5,0.8770,1.4345,1.6077,0.0000,0.0000,0.0000,0.0000,0.0000,0.0000
0,147,8,20,0.75,1.8728,3.9384,4.2134,0.0000,0.0000,0.0000,0.0000,4.2816,4.4057
0,148,8,20,1,3.1946,3.6523,3.5721,0.0000,0.0000,0.0000,0.0000,0.0000,0.0000
0,149,8,20,1.5,2.3379,3.7201,4.2862,0.0000,0.0000,4.4276,0.0000,4.0138,0.0000
0,150,8,40,0.75,4.8766,6.2452,4.9227,5.0262,5.0465,5.6557,5.5030,4.7400,4.7521
0,151,8,40,1,3.0014,3.9938,3.6633,0.0000,0.0000,0.0000,0.0000,0.0000,0.0000
0,152,8,40,1.5,4.5968,7.9270,7.1787,4.5692,4.5522,7.9490,6.7557,6.6834,5.6722
0,153,8,80,0.75,8.3892,11.5662,10.4169,7.9270,7.0692,11.1759,10.0773,9.6823,9.1813
0,154,8,80,1,7.5854,11.8417,10.5396,7.6602,7.4578,11.4948,10.9746,10.1094,9.9271
0,155,8,80,1.5,10.8798,12.9552,13.0680,10.6316,10.3254,12.4299,11.5328,12.2819,11.4826
0,156,8,160,0.75,15.5321,20.1148,20.3186,15.1770,13.2558,19.6577,17.3550,18.7197,16.2775
0,157,8,160,1,17.9233,23.9975,22.9090,17.4230,16.1941,22.7346,21.2596,21.2260,20.3454
0,158,8,160,1.5,18.0349,24.8446,25.3604,17.3066,16.7026,24.0329,23.0943,24.0278,23.3783
0,159,8,320,0.75,31.2449,41.3599,40.1898,29.0085,25.0400,38.6852,33.8955,36.7367,31.9120
0,160,8,320,1,36.4507,47.2832,46.8439,34.7863,33.4356,45.2392,43.5231,43.5452,42.3905
0,161,8,320,1.5,37.5584,50.3498,49.3296,35.6737,33.8730,48.8176,46.1954,46.6797,44.6477
0,162,9,10,0.75,1.8108,0.0829,1.4812,0.0000,3.3172,0.0000,0.0000,0.0000,4.2785
0,163,9,10,1,1.9092,1.6192,3.4197,0.0000,0.0000,0.0000,0.0000,0.0000,0.0000
0,164,9,10,1.5,1.7635,1.7248,3.1890,0.0000,0.0000,4.0708,4.0766,4.6037,3.8282
0,165,9,20,0.75,2.4357,2.6523,4.2701,0.0000,0.0000,4.2332,0.0000,0.0000,0.0000
0,166,9,20,1,1.8506,1.7730,4.0263,0.0000,0.0000,0.0000,3.8253,0.0000,0.0000
0,167,9,20,1.5,2.3181,2.6547,4.7030,4.2101,0.0000,0.0000,3.7311,4.2464,0.0000
0,168,9,40,0.75,4.4417,3.9576,6.3627,0.0000,3.9995,4.4924,4.7708,6.0506,5.7425
0,169,9,40,1,4.4015,4.1332,6.0028,5.1828,4.5431,4.7452,4.3713,6.0102,5.9363
0,170,9,40,1.5,5.0580,4.0052,7.4320,5.1604,5.2672,0.0000,4.4902,6.2376,7.1806
0,171,9,80,0.75,10.5781,10.4184,13.2637,10.3585,9.7900,10.1021,9.1252,12.3571,12.1133
0,172,9,80,1,9.6241,8.0171,13.2989,9.3203,9.5226,8.1964,8.2474,11.5515,13.0286
0,173,9,80,1.5,11.8241,7.6626,15.5727,10.4001,11.0768,6.9307,7.6297,13.1629,15.0918
0,174,9,160,0.75,17.2325,14.1764,23.5768,16.8792,14.8860,13.7879,12.2822,21.2134,20.0514
0,175,9,160,1,21.6724,16.9452,27.3674,20.2142,20.0215,16.1521,15.7625,24.4924,25.2885
0,176,9,160,1.5,23.2821,17.4564,28.8010,21.5750,21.3808,16.8973,16.1492,25.4364,25.9454
0,177,9,320,0.75,35.5297,28.7899,48.3223,33.9281,30.0025,28.0495,23.9386,42.7405,40.0670
0,178,9,320,1,39.2947,31.9066,53.5244,36.8141,36.5486,30.8207,30.0537,47.1216,48.5189
0,179,9,320,1.5,41.5578,30.4030,57.2983,37.9078,38.4569,29.6513,28.9413,48.9120,50.4991
0,180,10,10,0.75,0.7935,1.8441,3.1919,4.2671,0.0000,0.0000,0.0000,0.0000,0.0000
0,181,10,10,1,1.2898,1.0258,3.2016,0.0000,0.0000,0.0000,0.0000,0.0000,0.0000
0,182,10,10,1.5,3.0829,3.6393,4.7685,3.8645,3.8812,3.9694,0.0000,4.3660,4.5649
0,183,10,20,0.75,2.0408,2.4796,3.8183,0.0000,0.0000,4.9210,5.0722,4.4553,4.2384
0,184,10,20,1,1.4233,1.8046,2.7826,4.7819,0.0000,4.4993,0.0000,0.0000,0.0000
0,185,10,20,1.5,4.1499,5.4341,6.8732,0.0000,4.8881,4.8965,5.6155,5.8248,6.2418
0,186,10,40,0.75,2.9779,5.6170,7.7284,4.0598,4.0152,5.4183,4.9815,6.9132,6.5923
0,187,10,40,1,6.6509,6.0948,8.4670,6.1700,6.7758,6.3510,5.6124,6.9927,7.4255
0,188,10,40,1.5,6.0785,7.1082,9.9936,5.7317,5.5554,6.4109,6.1838,8.1882,8.1789
0,189,10,80,0.75,11.5194,12.0588,17.2711,11.1332,10.4167,10.7829,9.7995,14.3306,13.0353
0,190,10,80,1,10.2874,12.8038,17.6836,9.1213,9.3506,10.8954,10.3452,14.6435,15.3981
0,191,10,80,1.5,12.4491,14.1063,19.6237,11.8921,11.9774,12.6290,12.3993,16.2529,16.5750
0,192,10,160,0.75,19.9536,24.2409,31.8037,18.3448,17.1114,20.3646,18.0711,25.5201,24.0201
0,193,10,160,1,23.5665,26.4013,36.0090,21.7392,21.8411,22.5064,22.0410,29.9804,30.1030
0,194,10,160,1.5,24.5580,26.8431,38.9947,22.4104,22.9013,22.5123,23.6197,32.9033,34.3327
0,195,10,320,0.75,41.3741,47.1374,63.8482,37.7076,35.1640,39.3386,35.6437,51.1684,48.7427
0,196,10,320,1,45.2975,52.4269,71.1972,41.1701,41.6675,43.4894,44.1090,57.3563,59.1607
0,197,10,320,1.5,49.3019,53.3161,76.7029,45.6530,45.9166,45.4704,46.2201,64.2542,65.8119
0,198,11,10,0.75,0.8743,0.8078,0.7717,0.0000,0.0000,0.0000,0.0000,0.0000,0.0000
0,199,11,10,1,1.2796,1.1920,0.2894,0.0000,0.0000,0.0000,4.3140,4.9010,5.1463
0,200,11,10,1.5,0.9661,1.2992,2.8242,0.0000,3.2606,0.0000,0.0000,0.0000,0.0000
0,201,11,20,0.75,1.7631,1.5828,1.7886,4.1337,0.0000,3.9824,4.5793,4.3642,0.0000
0,202,11,20,1,2.4445,1.1106,1.1585,4.1721,0.0000,0.0000,0.0000,0.0000,0.0000
0,203,11,20,1.5,1.3563,0.2286,1.3952,4.6251,0.0000,4.1726,0.0000,0.0000,0.0000
0,204,11,40,0.75,0.3051,1.1077,2.1169,0.0000,4.1734,4.6546,4.6439,0.0000,0.0000
0,205,11,40,1,-0.1851,1.9853,1.7719,0.0000,0.0000,3.2008,3.7858,0.0000,4.0986
0,206,11,40,1.5,3.5977,5.1016,5.9465,0.0000,4.6635,4.3004,0.0000,4.7448,4.7112
0,207,11,80,0.75,3.1129,0.7252,4.5569,4.2649,0.0000,0.0000,4.6622,0.0000,0.0000
0,208,11,80,1,4.0828,5.0396,5.6364,0.0000,0.0000,4.9255,4.6479,4.3460,0.0000
0,209,11,80,1.5,4.3866,6.2571,7.7102,0.0000,0.0000,4.9758,5.0170,5.7345,4.9071
0,210,11,160,0.75,6.0276,10.4434,9.8663,5.1897,4.9478,9.0434,7.7472,7.0868,6.2608
0,211,11,160,1,9.4344,11.5799,13.8624,8.7588,8.1911,9.1086,8.6092,11.0473,10.0022
0,212,11,160,1.5,7.8171,11.0874,12.5548,6.5723,6.1970,9.1955,8.1963,9.1801,8.5393
0,213,11,320,0.75,12.9628,19.4066,21.3464,10.3958,8.6426,14.7844,12.5747,15.4940,13.0149
0,214,11,320,1,14.4230,22.6925,23.2218,12.4679,12.0237,18.9183,17.4051,17.4090,16.4589
0,215,11,320,1.5,15.8712,20.9890,26.3326,13.0985,12.9106,17.0108,16.1817,18.4048,17.8550
0,216,12,10,0.75,2.2688,3.3889,3.9226,0.0000,3.8645,0.0000,0.0000,0.0000,0.0000
0,217,12,10,1,1.9573,1.8972,2.4648,0.0000,4.1250,4.0173,0.0000,0.0000,0.0000
0,218,12,10,1.5,1.7968,1.7247,3.6431,4.1327,4.1709,4.7759,4.7771,4.7855,4.4901
0,219,12,20,0.75,1.5463,2.1128,5.1669,0.0000,0.0000,0.0000,0.0000,0.0000,4.2854
0,220,12,20,1,5.1454,4.9256,6.0967,4.2496,4.8390,5.5941,4.9373,4.2790,0.0000
0,221,12,20,1.5,6.5271,7.8774,9.9334,4.3624,0.0000,5.6164,5.7473,6.2414,6.5618
0,222,12,40,0.75,8.2840,10.6113,12.9554,5.4764,5.0648,7.2943,6.8024,7.0875,6.5392
0,223,12,40,1,7.7956,9.5543,13.7749,5.4415,5.8429,6.4105,6.5414,7.5278,7.9835
0,224,12,40,1.5,7.6449,9.5479,13.8275,5.3708,5.0550,6.7262,6.5916,7.8726,8.0436
0,225,12,80,0.75,14.9393,17.9752,23.0322,10.4214,8.1069,13.2798,10.6184,13.9572,10.7595
0,226,12,80,1,16.3659,20.9201,27.2332,12.6559,11.4259,15.5488,15.0561,17.3068,16.2605
0,227,12,80,1.5,19.4942,21.6673,29.5427,12.5381,11.2504,15.5587,14.4591,17.8096,16.3470
0,228,12,160,0.75,29.3082,37.8266,49.0277,19.2531,17.3083,26.5946,24.0969,29.4605,25.5306
0,229,12,160,1,32.7631,42.0485,54.8318,22.6250,22.0631,30.0412,30.3941,32.4086,31.2599
0,230,12,160,1.5,33.7719,42.6977,58.5290,20.8027,20.0389,28.4500,28.7331,32.0266,31.1205
0,231,12,320,0.75,55.8287,74.8105,96.0509,39.3028,33.9699,53.8207,48.2722,58.8458,50.7084
0,232,12,320,1,65.9766,85.2454,109.8568,45.6123,44.1755,60.7808,61.0992,65.5647,63.0590
0,233,12,320,1.5,71.9036,89.7172,120.8756,48.5460,46.3871,64.1802,64.0405,70.8445,67.5840
0,234,13,10,0.75,-0.0757,2.1271,2.4690,4.3205,0.0000,0.0000,0.0000,0.0000,0.0000
0,235,13,10,1,2.5259,4.1119,3.4127,0.0000,0.0000,4.0624,3.8933,0.0000,0.0000
0,236,13,10,1.5,3.4711,3.3761,3.2565,0.0000,0.0000,0.0000,0.0000,0.0000,4.6962
0,237,13,20,0.75,3.0788,4.6363,6.0312,4.0471,4.2311,4.7093,4.4207,5.3120,0.0000
0,238,13,20,1,2.5161,5.9459,4.7832,0.0000,3.9961,5.8655,5.2955,0.0000,4.4881
0,239,13,20,1.5,3.8454,6.7473,6.4775,0.0000,3.8118,6.3763,5.6649,5.5833,0.0000
0,240,13,40,0.75,6.8573,10.5293,9.6046,6.3952,6.0839,10.0031,8.6663,8.4877,6.1314
0,241,13,40,1,6.9169,11.1301,9.3776,6.5193,6.9714,10.8196,10.9325,8.3378,7.6732
0,242,13,40,1.5,7.3816,11.8269,11.4186,6.8544,5.5990,11.4626,10.6622,10.3211,7.9583
0,243,13,80,0.75,12.0747,20.0383,16.9489,11.9965,10.7424,19.7015,16.9469,15.8778,12.4989
0,244,13,80,1,12.1525,21.4689,18.1423,12.1259,10.8417,21.0019,19.5565,16.5389,13.2947
0,245,13,80,1.5,17.1998,24.8185,21.5998,16.0262,15.3023,24.0096,22.7117,19.6166,15.9815
0,246,13,160,0.75,23.4053,39.9775,33.2035,22.2730,18.7401,38.5121,32.8050,29.3308,22.3147
0,247,13,160,1,27.8213,43.9954,36.5287,26.3899,25.1151,42.0218,41.4279,33.5867,28.5061
0,248,13,160,1.5,28.8163,45.5102,39.4724,27.2738,25.4241,43.6777,41.9801,35.2641,28.2680
0,249,13,320,0.75,47.9013,77.8857,66.7029,45.4645,39.5571,74.9049,65.6263,59.5453,45.1510
0,250,13,320,1,51.9331,85.5784,73.4052,49.0442,47.3668,81.8977,79.8619,65.4927,53.4692
0,251,13,320,1.5,57.8946,92.3434,79.5001,54.3976,51.0314,88.7187,84.6672,70.5859,56.5122
0,252,14,10,0.75,1.2675,1.0273,2.2379,0.0000,4.0574,0.0000,0.0000,0.0000,3.9044
0,253,14,10,1,3.3498,2.6043,2.5538,0.0000,0.0000,0.0000,0.0000,0.0000,0.0000
0,254,14,10,1.5,0.4116,0.4270,2.2645,0.0000,0.0000,4.2883,4.0889,4.1174,0.0000
0,255,14,20,0.75,4.9649,4.7463,4.9988,4.9967,4.6737,4.7687,4.6450,5.5916,4.8066
0,256,14,20,1,3.2661,3.2678,3.6685,0.0000,0.0000,0.0000,0.0000,0.0000,0.0000
0,257,14,20,1.5,2.0316,3.3589,3.7291,0.0000,4.4831,0.0000,0.0000,0.0000,4.8067
0,258,14,40,0.75,6.8805,8.0295,8.3909,7.0348,6.3585,8.1308,7.1223,8.5518,7.6712
0,259,14,40,1,4.3788,6.8191,7.2076,0.0000,4.4404,7.0254,6.9466,7.0849,7.0652
0,260,14,40,1.5,6.1777,7.1846,8.0930,6.0633,5.7631,7.1960,6.5013,7.9614,6.8613
0,261,14,80,0.75,9.9835,12.1371,13.3075,10.0385,8.7763,12.1851,10.3351,13.0235,11.1333
0,262,14,80,1,12.0459,14.6294,15.6624,12.0223,11.1630,14.7887,13.4240,15.4927,14.3847
0,263,14,80,1.5,10.5564,12.6124,13.8067,10.3398,10.2237,12.6528,11.8391,13.4451,12.3747
0,264,14,160,0.75,20.3925,25.2402,27.3334,20.2682,17.4554,24.9631,20.9272,27.0725,22.3920
0,265,14,160,1,21.9885,25.8549,28.3348,21.8191,20.6811,25.9346,24.6443,27.9736,25.7399
0,266,14,160,1.5,21.4442,26.7936,28.3428,21.2651,20.0615,26.7806,25.1446,28.0008,25.6877
0,267,14,320,0.75,37.3334,47.5304,50.9027,37.2886,31.6509,47.3885,39.4468,50.4257,42.2273
0,268,14,320,1,41.4000,50.8145,55.5117,41.0872,38.3435,50.7748,48.1572,54.6090,50.1240
0,269,14,320,1.5,44.5484,54.4418,58.8655,44.0597,41.2441,54.4584,51.1594,57.7743,52.7112
0,270,15,10,0.75,1.8415,1.8621,1.8297,0.0000,3.8384,0.0000,0.0000,0.0000,0.0000
0,271,15,10,1,2.2763,2.3063,3.7926,4.0003,0.0000,0.0000,3.4885,4.5212,0.0000
0,272,15,10,1.5,-0.3302,0.0840,0.7318,0.0000,0.0000,3.8900,4.3111,0.0000,4.3203
0,273,15,20,0.75,3.6263,3.5621,5.6800,0.0000,0.0000,0.0000,0.0000,5.2723,4.7479
0,274,15,20,1,3.7785,3.7408,4.2630,0.0000,4.5533,0.0000,0.0000,4.2795,0.0000
0,275,15,20,1.5,4.8064,3.1682,6.3453,4.6619,4.5771,4.6476,4.8590,5.8267,5.2026
0,276,15,40,0.75,8.1527,3.9790,9.0025,8.1806,6.9966,0.0000,0.0000,8.6874,7.1312
0,277,15,40,1,8.9608,7.0464,10.3255,8.9886,8.1857,6.9198,5.9522,9.7822,7.5375
0,278,15,40,1.5,10.2196,9.4084,11.2934,10.1482,9.0154,9.3524,7.0136,11.1754,9.4673
0,279,15,80,0.75,13.0503,11.1489,17.4662,13.0681,10.9386,11.0251,7.5556,17.1261,13.7149
0,280,15,80,1,16.7791,14.0145,20.3358,16.5658,14.8957,13.5775,11.4382,19.8513,16.7819
0,281,15,80,1.5,17.5413,15.9421,21.7653,17.2947,15.4718,15.6746,12.2886,20.8745,17.2431
0,282,15,160,0.75,29.2895,26.3371,37.1146,29.0659,24.2785,25.8935,19.2466,36.0505,28.0316
0,283,15,160,1,29.7146,26.2792,39.3120,29.4988,27.3777,25.6868,19.6617,37.9040,32.3073
0,284,15,160,1.5,35.3382,30.8134,45.3603,34.8830,32.1098,30.0584,23.5890,43.9506,38.0404
0,285,15,320,0.75,56.2637,49.5726,74.3262,55.5736,45.6953,48.4366,34.7196,71.9697,55.9501
0,286,15,320,1,62.3275,55.9821,82.7110,61.7294,56.8013,54.5353,43.2572,80.4080,69.3228
0,287,15,320,1.5,67.5260,59.0170,86.7231,66.7784,59.8711,57.8671,45.5896,84.1199,71.5461
0,288,16,10,0.75,2.8147,2.4589,4.0540,0.0000,0.0000,0.0000,4.3717,0.0000,0.0000
0,289,16,10,1,2.5746,3.0831,4.3249,0.0000,0.0000,0.0000,0.0000,4.8893,5.0505
0,290,16,10,1.5,4.2963,3.2441,6.3495,3.9324,0.0000,0.0000,0.0000,5.7485,4.5049
0,291,16,20,0.75,4.3495,5.3584,7.4661,4.9693,0.0000,0.0000,0.0000,6.9906,6.0979
0,292,16,20,1,5.9362,4.8966,7.5069,5.0721,4.6388,4.3826,4.2660,6.7925,6.0129
0,293,16,20,1.5,7.3242,6.4760,8.5888,6.0908,6.4777,5.9016,5.5430,7.6501,7.4017
0,294,16,40,0.75,10.4500,9.1007,14.5146,9.2354,8.5645,8.2337,7.8146,11.9969,10.9850
0,295,16,40,1,11.9056,10.9264,15.5517,10.5095,9.8931,9.9855,8.7534,12.6747,12.1360
0,296,16,40,1.5,11.8831,10.3983,17.4409,10.0476,9.6522,9.7269,9.1323,14.4279,14.3995
0,297,16,80,0.75,21.0752,20.4130,29.5543,17.1103,15.0785,19.0037,15.4505,25.0797,21.6129
0,298,16,80,1,22.8299,21.9470,34.4107,20.0112,19.8875,20.3488,19.1355,28.9979,27.8048
0,299,16,80,1.5,27.8505,25.0347,38.4720,22.6911,22.5025,23.3148,20.7043,32.6772,30.4414
0,300,16,160,0.75,44.2026,40.9242,60.5763,35.6608,32.1985,37.3196,30.2898,51.5374,43.5000
0,301,16,160,1,49.9114,46.8668,67.3454,41.1484,40.9716,43.9714,38.4816,57.2555,54.4260
0,302,16,160,1.5,54.0155,48.0941,73.0186,43.9993,43.8677,44.0124,39.7775,61.1583,58.0685
0,303,16,320,0.75,86.9821,80.8406,120.8059,71.8047,65.0319,74.2094,60.6955,101.3152,88.2444
0,304,16,320,1,96.5206,89.7683,131.3352,79.5746,80.0212,82.5927,74.8711,111.5345,106.8131
0,305,16,320,1.5,106.7417,95.6281,145.1130,86.6774,86.5701,87.7438,78.5924,122.7170,114.5595
0,306,17,10,0.75,1.0474,1.1820,2.4812,0.0000,4.2301,4.1796,0.0000,0.0000,0.0000
0,307,17,10,1,2.5162,1.5734,1.8647,5.1766,4.9753,4.5075,3.9983,0.0000,4.5512
0,308,17,10,1.5,2.8311,3.4744,3.1101,0.0000,4.1086,4.0338,0.0000,0.0000,3.9814
0,309,17,20,0.75,2.3028,3.6346,3.6702,0.0000,0.0000,0.0000,4.1526,0.0000,0.0000
0,310,17,20,1,3.1375,4.4302,4.2735,4.4469,4.3174,0.0000,4.2732,4.2379,4.7876
0,311,17,20,1.5,3.6596,3.5286,4.5384,4.0556,0.0000,0.0000,0.0000,4.2156,0.0000
0,312,17,40,0.75,6.3908,5.8329,7.2772,5.8528,5.8649,5.2054,5.2181,5.9795,5.5235
0,313,17,40,1,6.8797,7.6449,9.7245,4.6674,5.0212,5.1606,5.2219,6.6382,8.1281
0,314,17,40,1.5,7.9784,8.8575,9.6862,5.8221,6.3436,6.8857,6.4960,5.6941,6.9408
0,315,17,80,0.75,11.2658,11.5500,14.8111,7.4778,8.0581,8.0673,6.6347,8.7366,10.1561
0,316,17,80,1,12.8046,12.2155,15.9957,8.8578,10.2538,7.5655,6.8477,9.5159,11.6419
0,317,17,80,1.5,13.7002,13.6562,18.8387,8.6499,11.6272,10.3924,8.7132,13.1882,16.5578
0,318,17,160,0.75,23.4033,24.1741,32.3812,16.2026,17.0620,16.3007,12.6616,21.3074,23.2384
0,319,17,160,1,27.0170,26.1979,34.6481,17.0835,19.7763,19.3410,16.5999,21.9972,26.7649
0,320,17,160,1.5,27.6316,27.0569,35.5389,17.4712,20.7240,19.8924,16.7803,22.1155,27.3816
0,321,17,320,0.75,48.9435,50.2752,65.8687,32.0286,34.5907,35.9150,28.3805,41.0682,46.5198
0,322,17,320,1,52.5422,53.3041,70.3809,35.3556,40.6270,37.0955,32.0606,45.2968,55.5576
0,323,17,320,1.5,60.3304,59.6888,77.3449,39.2813,45.9481,42.4389,37.5893,50.2606,60.1275
0,324,18,10,0.75,0.9766,1.7254,2.4100,0.0000,0.0000,4.0041,4.1227,0.0000,0.0000
0,325,18,10,1,1.2720,1.5239,1.9649,0.0000,3.9611,0.0000,0.0000,0.0000,0.0000
0,326,18,10,1.5,1.0722,0.9196,1.9810,0.0000,0.0000,0.0000,0.0000,4.4005,4.6620
0,327,18,20,0.75,2.5260,1.7433,2.8115,0.0000,0.0000,0.0000,0.0000,0.0000,0.0000
0,328,18,20,1,3.3437,2.9707,2.9650,3.7096,0.0000,0.0000,0.0000,4.0934,4.3598
0,329,18,20,1.5,3.9470,3.8347,3.4872,4.8036,4.5260,0.0000,0.0000,0.0000,0.0000
0,330,18,40,0.75,6.4775,5.3483,7.3371,5.7577,5.1749,4.9667,0.0000,6.0192,5.3507
0,331,18,40,1,5.8175,5.4601,6.3100,4.4201,4.7526,4.9399,4.9245,4.5691,5.3350
0,332,18,40,1.5,7.9491,8.3407,8.9469,6.5465,6.3467,7.3525,6.8480,6.5243,6.6732
0,333,18,80,0.75,11.1909,11.0652,13.1040,9.4099,8.8841,9.8973,8.7141,10.8068,10.6440
0,334,18,80,1,12.3436,13.5039,14.3402,10.5827,11.1084,12.1346,12.0368,12.6357,12.8762
0,335,18,80,1.5,12.8814,13.0506,15.7954,10.7279,11.0166,11.4466,11.8016,12.4941,13.8635
0,336,18,160,0.75,21.0954,21.7347,25.0179,17.7924,17.1394,19.9058,18.3937,19.9564,20.1415
0,337,18,160,1,22.3041,22.1747,27.0716,18.4656,19.1573,20.1876,20.4924,21.2731,22.7541
0,338,18,160,1.5,25.8012,25.8783,31.0523,21.2534,22.1097,22.8284,23.5532,25.2128,27.2997
0,339,18,320,0.75,42.2098,43.3830,49.6746,35.6972,33.3768,38.6972,35.2434,40.6049,39.3455
0,340,18,320,1,48.0795,48.2695,57.1181,40.0312,42.4714,43.2268,44.7170,46.5892,49.6152
0,341,18,320,1.5,51.9926,51.3684,61.2593,42.4394,44.7056,45.2414,46.0518,49.1631,52.8689
0,342,19,10,0.75,1.9819,1.2793,1.1255,0.0000,0.0000,3.9365,0.0000,0.0000,4.2155
0,343,19,10,1,2.2246,1.2956,2.6221,4.5030,4.4369,4.5361,4.4976,0.0000,4.1324
0,344,19,10,1.5,1.0319,1.1432,2.1176,0.0000,0.0000,0.0000,0.0000,3.8082,0.0000
0,345,19,20,0.75,3.4198,4.4869,4.9687,0.0000,0.0000,0.0000,0.0000,4.6007,0.0000
0,346,19,20,1,3.1720,5.3351,6.1063,0.0000,0.0000,4.7310,4.5302,6.0500,6.0159
0,347,19,20,1.5,3.9385,2.8941,6.1481,4.5407,4.6003,0.0000,4.5159,5.7722,5.6371
0,348,19,40,0.75,4.7320,4.6208,8.4470,4.6758,3.7077,4.8010,4.2891,8.2259,6.6418
0,349,19,40,1,4.8670,4.9221,9.6314,5.0530,4.7838,0.0000,0.0000,9.2207,8.2861
0,350,19,40,1.5,4.4499,3.6060,8.6114,4.6610,4.8446,5.0293,5.0674,8.4472,8.6459
0,351,19,80,0.75,9.7849,9.9321,15.5027,9.0324,8.6330,9.0621,7.9489,14.8115,13.3762
0,352,19,80,1,12.2336,10.3999,18.6706,10.9175,10.4894,9.5896,9.4740,17.6605,17.0370
0,353,19,80,1.5,11.4256,11.5893,18.9463,10.7647,9.5954,9.8402,9.4647,17.3914,16.2537
0,354,19,160,0.75,20.5854,20.7254,33.3940,18.8030,15.8291,18.6748,15.6197,31.6474,26.5431
0,355,19,160,1,20.3780,19.3687,35.4794,18.4624,18.2455,17.4313,16.6667,33.7497,31.5251
0,356,19,160,1.5,25.5641,25.0363,40.7314,23.3164,20.8872,22.0009,20.9371,38.4191,35.6510
0,357,19,320,0.75,39.5314,37.7791,65.9097,35.8160,31.8512,34.6454,29.5258,62.6191,53.6448
0,358,19,320,1,43.8365,43.7042,73.4269,39.5465,38.7675,38.8009,36.7727,69.0471,65.8016
0,359,19,320,1.5,47.8585,45.1153,80.9016,43.1370,41.5398,39.9942,38.4809,75.5313,70.8034
0,360,20,10,0.75,1.6664,1.7456,2.4022,0.0000,0.0000,4.4405,3.9816,4.3398,3.8565
0,361,20,10,1,1.6323,2.4860,2.3820,0.0000,0.0000,0.0000,0.0000,0.0000,0.0000
0,362,20,10,1.5,1.6488,2.7065,3.6473,0.0000,0.0000,0.0000,4.2899,4.5013,4.9458
0,363,20,20,0.75,1.7336,4.6641,4.4727,4.0394,0.0000,0.0000,3.9549,4.5670,4.0803
0,364,20,20,1,2.6022,3.2692,4.5640,5.7228,5.7188,0.0000,4.3020,4.5488,4.6290
0,365,20,20,1.5,2.2353,3.2940,4.0469,3.6729,0.0000,0.0000,3.9938,0.0000,0.0000
0,366,20,40,0.75,4.9896,7.5434,7.5777,4.4961,0.0000,6.9676,5.8586,7.2583,6.7408
0,367,20,40,1,4.9323,7.9312,8.8928,4.8518,4.8537,7.5273,7.1123,8.1934,7.7182
0,368,20,40,1.5,6.0370,8.8180,9.5731,5.8607,5.1492,7.8565,7.0438,8.3389,7.5462
0,369,20,80,0.75,9.1041,12.5088,15.5353,9.2032,7.1974,12.4643,9.9704,14.9001,11.7284
0,370,20,80,1,9.7018,14.8440,17.2289,8.9705,8.4711,13.4878,12.3028,15.1234,13.5310
0,371,20,80,1.5,13.1042,16.5090,20.1534,12.4342,11.3613,15.7218,14.5452,18.3485,16.1550
0,372,20,160,0.75,18.7706,28.3076,33.6865,18.2626,15.0421,26.9157,22.1922,30.8032,25.0487
0,373,20,160,1,21.0336,31.3224,36.3104,20.1738,18.9959,29.5262,27.6111,32.9044,29.9363
0,374,20,160,1.5,22.6589,32.0060,37.0137,21.5160,20.2112,29.6646,28.4670,33.1014,30.6022
0,375,20,320,0.75,37.1479,55.1554,63.6723,36.2323,30.7012,52.3341,43.0257,58.8099,48.0943
0,376,20,320,1,40.5453,60.1821,71.8665,39.7776,38.2002,57.1451,54.2078,65.6685,60.5501
0,377,20,320,1.5,44.7905,65.0586,76.3089,42.3267,39.9580,61.0602,57.1637,69.2063,63.0352
0,378,21,10,0.75,1.7735,1.4130,2.7627,0.0000,0.0000,0.0000,4.0591,0.0000,0.0000
0,379,21,10,1,1.6715,2.4847,3.2793,0.0000,0.0000,0.0000,0.0000,4.2585,0.0000
0,380,21,10,1.5,1.7513,2.8308,3.4424,0.0000,0.0000,4.4082,4.4394,4.5210,4.7238
0,381,21,20,0.75,3.6701,3.8256,4.8162,0.0000,0.0000,0.0000,0.0000,0.0000,0.0000
0,382,21,20,1,6.4140,6.3272,7.3669,5.1486,5.2813,5.2695,5.4245,5.9442,5.6327
0,383,21,20,1.5,5.4416,6.4039,7.8938,0.0000,5.0106,5.2531,5.6298,5.2031,5.2966
0,384,21,40,0.75,7.7475,8.7301,10.4789,5.3981,5.5420,6.2198,6.5052,5.2115,5.9357
0,385,21,40,1,11.9776,10.4908,13.4997,9.0653,10.4123,8.9909,9.6649,8.4373,10.1722
0,386,21,40,1.5,10.9536,11.2306,15.2507,7.6279,8.6988,8.1739,9.7167,8.6997,10.4938
0,387,21,80,0.75,18.9575,19.2133,24.2173,14.5075,13.2929,14.3410,13.9427,14.5377,15.4645
0,388,21,80,1,19.3691,18.9797,24.4739,13.1678,14.9891,13.6505,15.0733,14.1629,17.0199
0,389,21,80,1.5,20.9935,21.1597,28.1662,15.3480,16.6283,16.3567,16.6897,16.4661,19.3090
0,390,21,160,0.75,34.6812,36.4254,45.7318,25.2240,24.8054,26.4783,26.6250,26.9472,29.2463
0,391,21,160,1,39.7367,40.2280,50.6212,28.5527,32.1688,29.6224,33.8239,30.2199,36.8865
0,392,21,160,1.5,42.9589,43.4735,54.7962,31.3992,33.9232,32.5343,35.8622,33.6661,39.2991
0,393,21,320,0.75,71.4436,73.6450,92.8020,54.7301,52.2446,56.3102,54.6287,57.3979,60.8463
0,394,21,320,1,79.9655,81.1899,102.6249,59.6844,63.9616,61.2726,66.4990,64.5054,74.1296
0,395,21,320,1.5,86.4257,87.2609,109.7801,62.7406,68.4795,64.4963,70.5293,67.8568,78.6981
0,396,22,10,0.75,2.1844,2.9460,3.4824,0.0000,0.0000,4.3650,0.0000,0.0000,4.0342
0,397,22,10,1,3.6623,3.5813,2.6236,4.4626,0.0000,0.0000,0.0000,0.0000,0.0000
0,398,22,10,1.5,0.5657,1.4082,1.8900,0.0000,0.0000,0.0000,0.0000,4.0779,4.4394
0,399,22,20,0.75,2.1047,3.0752,5.1829,3.9513,4.2005,4.2382,4.3395,4.9262,0.0000
0,400,22,20,1,2.0681,4.8154,3.9771,0.0000,0.0000,5.2325,4.6307,4.5302,0.0000
0,401,22,20,1.5,3.0676,4.4311,4.1366,0.0000,4.2799,0.0000,4.6008,4.1820,4.3490
0,402,22,40,0.75,6.5059,7.6634,9.2179,5.6778,4.2297,6.3989,5.8461,7.6348,5.4761
0,403,22,40,1,8.8529,11.0592,10.1764,8.2794,7.2293,9.7887,8.3197,8.2309,6.6905
0,404,22,40,1.5,6.2573,7.9905,8.0051,5.6160,4.9742,6.3675,6.4535,6.9305,5.7848
0,405,22,80,0.75,12.3521,16.4457,16.7529,9.8642,6.5457,13.9281,10.8470,12.1366,8.3913
0,406,22,80,1,12.9244,17.7287,17.4748,10.1025,7.7869,14.9656,12.5011,13.5488,10.8252
0,407,22,80,1.5,15.0890,20.3614,18.6122,11.9448,9.4026,16.2681,15.2461,13.5838,10.4651
0,408,22,160,0.75,24.2941,33.4916,32.6787,19.6754,14.7921,28.6668,22.4185,24.5054,19.2679
0,409,22,160,1,27.5980,36.8608,35.5242,21.9406,18.6453,30.5807,27.5890,24.9753,20.6949
0,410,22,160,1.5,29.2956,39.5339,37.9588,22.7716,18.5433,31.6505,30.5911,27.5578,22.0556
0,411,22,320,0.75,49.5488,66.7122,64.4986,40.0916,30.2132,54.7314,45.4666,45.3336,33.9778
0,412,22,320,1,53.5529,73.3534,69.7116,43.4697,35.7277,60.3981,56.1105,50.2495,40.8412
0,413,22,320,1.5,58.6878,80.2722,75.1792,47.0546,38.4115,65.5785,59.2398,56.1072,45.4642
0,414,23,10,0.75,1.1948,1.9376,2.2063,4.0533,0.0000,4.5783,4.0752,0.0000,4.2934
0,415,23,10,1,1.9605,3.0840,2.6137,4.3764,4.6144,4.0942,4.2673,0.0000,0.0000
0,416,23,10,1.5,3.5688,3.9531,3.5561,0.0000,0.0000,3.9649,0.0000,0.0000,0.0000
0,417,23,20,0.75,5.2649,7.0889,4.8029,4.6899,4.1945,5.2967,5.3914,4.0518,0.0000
0,418,23,20,1,4.4780,6.6352,6.0972,4.7266,4.2888,6.4066,6.3159,0.0000,4.9520
0,419,23,20,1.5,5.1256,6.7534,7.3749,0.0000,0.0000,6.3043,5.7013,5.6711,5.7942
0,420,23,40,0.75,5.8232,10.3247,9.8711,5.4729,4.9603,9.2131,8.2642,7.1737,6.9576
0,421,23,40,1,9.8144,12.5835,12.5699,8.6207,8.8562,10.9397,10.6297,8.1164,8.8944
0,422,23,40,1.5,10.2064,14.1691,13.4708,8.7022,9.1133,12.8219,12.8749,10.0591,10.7325
0,423,23,80,0.75,15.4832,20.9125,21.7665,11.1491,10.3420,16.9014,15.1271,14.0927,13.5663
0,424,23,80,1,15.8284,23.2733,22.8339,13.0236,12.8472,19.6304,19.7971,15.4435,16.2654
0,425,23,80,1.5,17.8095,24.6279,23.7695,14.8708,14.8671,20.9888,21.0493,16.6312,18.3521
0,426,23,160,0.75,32.8229,46.4237,45.8971,26.3370,24.3598,39.2549,35.4724,31.3539,29.8767
0,427,23,160,1,33.7554,49.1059,47.1342,28.0580,27.8073,41.5412,41.7519,32.7227,34.3015
0,428,23,160,1.5,37.5023,50.1719,51.3388,27.1684,27.2693,40.9710,41.2837,32.9792,35.7001
0,429,23,320,0.75,61.7592,87.4663,85.8393,49.8617,44.5601,74.3327,66.4105,58.6864,55.9155
0,430,23,320,1,68.7086,96.1879,95.2770,54.7719,54.1910,80.9066,80.6645,65.5669,69.2256
0,431,23,320,1.5,74.8310,103.5896,103.2636,59.0988,58.3383,87.7844,87.2293,70.2330,73.9202
0,432,24,10,0.75,2.5114,3.6067,2.6088,0.0000,0.0000,3.7022,3.5518,0.0000,0.0000
0,433,24,10,1,2.9009,4.0994,4.7024,0.0000,0.0000,4.3063,0.0000,0.0000,0.0000
0,434,24,10,1.5,2.6244,5.1866,5.2588,4.2109,4.4999,0.0000,0.0000,0.0000,0.0000
0,435,24,20,0.75,3.7915,6.5704,7.0099,0.0000,3.9813,4.6409,4.6520,5.4968,5.5610
0,436,24,20,1,5.2932,7.1681,6.6554,4.6591,4.8264,5.6408,5.9940,5.6009,5.7410
0,437,24,20,1.5,4.3201,7.3169,7.7168,4.3262,4.5379,5.2044,5.3079,5.5980,5.3633
0,438,24,40,0.75,7.2799,12.1985,12.8405,5.4209,5.0414,7.7720,7.1707,8.7923,7.7252
0,439,24,40,1,8.5995,13.0131,14.4843,6.8826,6.7271,8.8384,9.0125,10.3620,9.8985
0,440,24,40,1.5,8.0329,13.0621,15.2584,7.7729,7.0065,9.8642,8.6862,11.7189,10.4551
0,441,24,80,0.75,17.1722,25.4002,25.7198,13.8974,12.4085,17.6345,15.8638,19.5369,16.9673
0,442,24,80,1,18.5724,26.7741,27.6314,15.7283,15.9690,18.8431,18.6317,20.8701,20.1893
0,443,24,80,1.5,19.2621,28.3336,28.5110,15.2706,15.1989,19.4741,19.1604,20.9715,20.2961
0,444,24,160,0.75,35.5501,50.0799,51.5880,29.9037,26.1816,36.8101,31.9370,40.4044,34.5025
0,445,24,160,1,36.9731,53.6312,54.8905,30.8282,30.4872,37.7617,37.0488,41.5161,39.7130
0,446,24,160,1.5,40.2661,58.3643,59.1955,31.7288,31.2738,39.1015,39.1126,42.9951,41.6525
0,447,24,320,0.75,66.6017,97.0312,100.7661,56.1622,48.4477,69.7676,60.2707,76.9170,65.0695
0,448,24,320,1,75.7472,108.8183,110.6507,62.4193,61.1137,76.9512,75.9056,84.4034,81.3429
0,449,24,320,1.5,81.4070,116.9383,121.0835,65.8458,64.2602,80.9614,79.0271,89.8398,85.6374
0,450,25,10,0.75,4.4269,3.4786,3.7050,0.0000,4.0347,0.0000,0.0000,0.0000,0.0000
0,451,25,10,1,2.8716,0.9406,1.9914,4.5575,0.0000,0.0000,4.5958,0.0000,0.0000
0,452,25,10,1.5,1.1501,1.1931,0.2961,0.0000,0.0000,0.0000,0.0000,0.0000,4.0806
0,453,25,20,0.75,3.9537,4.2737,4.8441,0.0000,0.0000,4.1110,4.1029,4.1668,4.4798
0,454,25,20,1,2.1554,2.2785,3.2986,3.6921,3.6865,0.0000,0.0000,0.0000,0.0000
0,455,25,20,1.5,0.9147,2.9233,2.9473,0.0000,4.0273,5.0425,4.2380,4.4714,0.0000
0,456,25,40,0.75,6.9069,7.8145,8.1162,6.0866,5.0526,5.9338,4.7301,5.9286,4.8433
0,457,25,40,1,4.8120,6.0082,6.1427,4.7095,4.2833,5.3332,4.5913,5.2554,5.0242
0,458,25,40,1.5,6.2445,6.5535,7.3918,5.5385,0.0000,5.3049,4.7865,5.7731,5.6710
0,459,25,80,0.75,10.0961,12.9491,13.8524,8.0027,7.5789,8.4886,7.0269,9.9950,9.3070
0,460,25,80,1,10.6158,13.3246,14.1926,8.6270,8.5025,8.3729,8.6156,10.3469,10.4287
0,461,25,80,1.5,12.5203,14.4399,15.0706,10.0398,8.9399,10.0388,10.0721,11.7199,10.2357
0,462,25,160,0.75,21.6192,25.0378,27.3867,16.6713,13.7338,17.4351,14.9491,19.6507,16.8850
0,463,25,160,1,23.1065,25.3028,28.5080,19.3165,18.3863,19.0499,18.1593,20.9201,20.3958
0,464,25,160,1.5,24.7395,28.3613,31.9533,20.2148,19.4668,20.2989,20.2639,24.7574,24.0332
0,465,25,320,0.75,40.2902,48.1953,52.8002,32.8286,27.2870,34.5021,29.5113,36.7067,32.1743
0,466,25,320,1,45.5470,52.7547,58.3055,36.3771,34.5855,37.8580,36.0975,42.2764,41.8273
0,467,25,320,1.5,48.2482,55.7162,61.9571,38.2759,36.1223,38.7226,37.5120,45.4224,43.4353
0,468,26,10,0.75,0.3386,1.6361,1.6098,0.0000,0.0000,0.0000,0.0000,0.0000,0.0000
0,469,26,10,1,1.9924,2.4132,2.5139,4.0093,3.5070,0.0000,3.7897,0.0000,0.0000
0,470,26,10,1.5,2.6694,2.7817,2.9065,0.0000,0.0000,0.0000,0.0000,0.0000,0.0000
0,471,26,20,0.75,3.3790,3.9965,4.3699,0.0000,4.0717,4.1929,0.0000,4.6166,0.0000
0,472,26,20,1,3.0823,3.5887,3.7828,3.9065,0.0000,4.3450,0.0000,4.2217,4.0456
0,473,26,20,1.5,3.4606,4.4578,5.1701,3.8052,0.0000,4.6058,4.6042,5.1338,4.9879
0,474,26,40,0.75,7.2099,8.6007,8.3433,7.3040,6.3265,8.8256,7.6493,8.8157,7.0332
0,475,26,40,1,3.8841,5.8776,6.3572,4.7668,4.7847,5.4684,5.5325,5.8496,6.0044
0,476,26,40,1.5,5.0785,6.3418,8.6477,5.1746,0.0000,5.9435,5.4856,7.2302,7.0616
0,477,26,80,0.75,9.9516,13.3434,16.8048,9.3305,7.5612,12.3008,9.3327,14.1886,11.6647
0,478,26,80,1,12.1798,15.0432,17.4456,11.2860,10.8795,13.9441,13.2547,15.4354,15.2929
0,479,26,80,1.5,14.0024,16.6965,18.6759,12.9970,12.1659,15.2513,14.5718,16.7086,15.9691
0,480,26,160,0.75,21.6330,27.5881,30.6967,21.2773,17.5101,26.4880,21.9840,28.4870,23.6187
0,481,26,160,1,26.2582,31.8660,35.7146,25.0688,23.0510,30.2300,27.9748,32.5163,30.4225
0,482,26,160,1.5,30.7237,35.6853,39.5158,29.8925,28.0789,34.3375,31.5429,36.7075,33.8496
0,483,26,320,0.75,46.4145,58.5927,64.9762,45.4017,38.7488,55.6971,46.7234,59.8420,50.4000
0,484,26,320,1,49.6381,64.6505,71.7392,47.8506,45.1348,61.0066,57.8903,65.7967,62.3416
0,485,26,320,1.5,52.2529,65.9126,74.0440,50.5840,47.7270,62.3305,58.5653,67.2859,63.2442
0,486,27,10,0.75,3.1647,0.9447,3.2801,0.0000,0.0000,0.0000,0.0000,0.0000,0.0000
0,487,27,10,1,3.9682,1.8466,4.6053,5.4503,4.6606,5.5653,4.7751,4.3293,4.2172
0,488,27,10,1.5,1.8290,2.0422,1.9950,3.9313,0.0000,0.0000,0.0000,4.3694,0.0000
0,489,27,20,0.75,2.3580,0.7923,3.6441,0.0000,0.0000,4.5909,0.0000,0.0000,3.9314
0,490,27,20,1,5.2417,3.5805,5.3524,4.9322,4.9476,0.0000,0.0000,4.7684,4.8318
0,491,27,20,1.5,4.1784,2.2229,6.7142,5.9429,5.2952,4.4366,4.8604,6.8814,6.4473
0,492,27,40,0.75,8.1107,6.7900,11.1619,7.3020,6.5185,5.9359,5.2914,10.3454,7.3852
0,493,27,40,1,7.5387,6.5657,10.0962,7.2405,6.7789,6.6345,5.9791,9.6098,7.8405
0,494,27,40,1.5,9.3008,6.4506,10.3531,8.4281,8.7711,6.5961,6.9547,9.8299,9.1594
0,495,27,80,0.75,16.5013,11.0745,21.4998,15.2125,13.4944,10.3895,8.2509,20.3498,15.0001
0,496,27,80,1,18.5794,11.8307,22.7112,17.6321,16.0028,10.8715,10.4904,21.1425,18.5588
0,497,27,80,1.5,18.9409,15.0718,24.3687,17.8984,16.2335,13.3073,12.2823,22.3036,18.8866
0,498,27,160,0.75,33.3949,25.6159,43.5578,30.7551,26.8965,22.6212,19.1457,40.1685,31.1226
0,499,27,160,1,39.7470,27.6455,48.9999,36.7054,34.4209,24.2687,24.8103,45.3659,40.2950
0,500,27,160,1.5,40.8365,29.4097,49.9397,37.9143,36.0893,26.6228,25.5589,46.0498,40.4640
0,501,27,320,0.75,68.9203,50.7397,85.7865,63.2930,55.0013,44.7425,39.8612,78.6585,63.2993
0,502,27,320,1,76.0176,55.3079,94.7019,69.6462,66.4174,48.3334,49.2753,87.2772,78.1114
0,503,27,320,1.5,81.8395,57.8354,100.0861,76.9379,71.4403,51.8330,50.3846,93.5895,81.0609
0,504,28,10,0.75,0.6834,2.6180,2.4436,3.7393,3.4744,0.0000,0.0000,0.0000,0.0000
0,505,28,10,1,1.9569,1.1138,3.2592,0.0000,0.0000,0.0000,0.0000,0.0000,0.0000
0,506,28,10,1.5,2.3516,3.5512,3.7766,3.9757,4.1378,0.0000,0.0000,4.4894,4.5958
0,507,28,20,0.75,1.8109,2.7573,2.9995,4.7197,3.0957,0.0000,0.0000,4.1294,4.3770
0,508,28,20,1,4.0417,5.0890,5.7841,0.0000,0.0000,4.8107,0.0000,4.6747,0.0000
0,509,28,20,1.5,2.1508,4.0275,4.7146,0.0000,4.1530,4.1851,4.2216,4.7423,4.4890
0,510,28,40,0.75,7.4896,8.7583,10.9958,6.8616,7.1099,8.3079,7.2380,9.7890,9.2780
0,511,28,40,1,5.6564,7.8421,9.5236,4.7927,5.0786,7.8543,7.6242,7.9711,8.8974
0,512,28,40,1.5,5.4787,7.0009,9.2354,6.1831,6.0564,6.6824,6.4453,7.4222,7.7614
0,513,28,80,0.75,12.9650,15.6009,19.8852,10.2922,10.0494,14.2793,12.4916,16.1592,16.4130
0,514,28,80,1,15.8285,20.2261,21.2375,13.2037,14.0542,19.1346,18.7398,18.6466,19.6205
0,515,28,80,1.5,15.5853,18.5638,22.6660,13.2117,12.7026,17.5731,16.9656,19.3438,20.2155
0,516,28,160,0.75,24.8092,32.7554,37.6190,20.8201,19.5266,30.4668,27.0921,32.2960,30.9566
0,517,28,160,1,28.8732,36.2069,41.1072,23.2617,23.8482,34.1165,33.0613,34.6657,37.5180
0,518,28,160,1.5,31.6050,38.0387,46.5189,27.1006,27.7458,36.2171,35.0885,39.3200,42.0904
0,519,28,320,0.75,50.4457,63.9331,76.0482,43.4417,39.2147,59.7955,52.6920,64.7512,62.3001
0,520,28,320,1,56.5640,69.3616,82.1052,47.0423,49.0948,65.1933,65.0724,69.9533,74.8023
0,521,28,320,1.5,62.8779,74.5895,91.4433,52.1381,53.2967,70.8388,69.1164,77.2039,82.4393
0,522,29,10,0.75,0.8303,3.1751,1.8377,4.1151,0.0000,0.0000,0.0000,4.7132,4.4343
0,523,29,10,1,0.8978,2.5337,1.5957,0.0000,4.3329,0.0000,4.4349,0.0000,4.5543
0,524,29,10,1.5,3.7719,4.2281,3.6009,0.0000,3.8523,0.0000,0.0000,0.0000,0.0000
0,525,29,20,0.75,4.3380,6.4793,7.1968,4.6337,0.0000,5.7894,5.5580,6.7736,6.3541
0,526,29,20,1,4.1223,4.8392,3.5924,0.0000,0.0000,4.6964,4.2829,4.5463,4.5389
0,527,29,20,1.5,4.9492,6.6623,6.8034,0.0000,0.0000,5.0068,5.1376,5.1356,4.2850
0,528,29,40,0.75,8.3176,9.9673,11.1448,6.9857,5.5973,7.9949,7.1039,8.0995,6.6335
0,529,29,40,1,8.0713,10.3583,11.9766,7.2421,7.4055,9.2910,9.4723,8.2991,9.7561
0,530,29,40,1.5,9.2651,10.9462,11.7196,7.6444,7.0584,8.2933,8.0302,8.6904,7.4340
0,531,29,80,0.75,15.0754,18.6332,18.1817,12.7533,10.4966,14.2425,12.5969,13.2189,10.4836
0,532,29,80,1,13.9747,19.8634,20.7746,12.4687,11.0279,15.6766,16.9826,14.6250,13.3288
0,533,29,80,1.5,16.1592,20.4216,21.8213,13.5474,12.7955,15.1852,15.5461,15.9844,14.7424
0,534,29,160,0.75,28.8102,35.8632,38.3611,24.5528,20.2142,26.2426,25.7462,26.0082,22.3399
0,535,29,160,1,29.4700,38.5392,41.5146,23.6132,22.1823,27.7006,30.0555,27.7526,27.5253
0,536,29,160,1.5,34.1918,44.4887,45.8450,28.3398,26.1962,32.4506,34.0310,31.4263,29.3990
0,537,29,320,0.75,55.1585,71.1831,74.9895,46.5608,38.3819,52.1327,48.6726,52.0615,41.5080
0,538,29,320,1,59.8743,79.5953,84.6889,49.9862,45.8922,56.7797,60.9623,56.9630,51.6533
0,539,29,320,1.5,65.2662,84.6943,89.4758,53.8174,49.8519,60.9156,62.9343,60.5873,56.0486
0,540,30,10,0.75,1.1360,1.6221,1.3968,3.3028,0.0000,4.2589,4.1896,4.3248,0.0000
0,541,30,10,1,1.0023,1.5386,1.7619,0.0000,0.0000,0.0000,0.0000,0.0000,0.0000
0,542,30,10,1.5,3.0578,2.7510,1.7569,4.5746,4.8021,4.3986,4.6648,5.2400,4.3208
0,543,30,20,0.75,3.6905,5.3679,5.1185,0.0000,0.0000,4.5848,4.3836,4.1948,0.0000
0,544,30,20,1,3.7665,4.8308,4.2339,4.1261,4.0625,5.0884,4.8156,4.8176,4.8937
0,545,30,20,1.5,4.9621,5.3723,5.6922,3.9566,4.7180,5.0168,0.0000,0.0000,0.0000
0,546,30,40,0.75,6.6801,8.0399,8.0701,6.4830,6.1538,7.3712,6.6447,6.3693,6.2573
0,547,30,40,1,7.8367,10.1203,11.4322,6.5483,6.5594,10.1457,9.5393,6.0241,7.8824
0,548,30,40,1.5,8.3290,11.0314,11.5170,6.6521,5.8859,10.6145,9.8115,6.4491,7.7800
0,549,30,80,0.75,14.4668,16.7902,17.4158,9.9808,9.1811,16.0469,13.5045,9.9392,8.5315
0,550,30,80,1,17.2980,20.2477,19.8456,12.8342,11.3556,19.6819,18.7837,10.6849,11.3336
0,551,30,80,1.5,16.7825,18.3969,19.0286,12.2821,11.7099,17.4368,15.8127,10.5713,10.7708
0,552,30,160,0.75,28.7766,33.6281,35.5204,20.0325,16.4743,31.9584,26.5338,18.6620,18.4316
0,553,30,160,1,31.8133,38.5284,39.3002,23.3769,21.0652,36.9053,34.7388,21.9745,20.4489
0,554,30,160,1.5,34.9711,40.2826,42.9147,26.2969,21.9135,38.5920,35.1814,22.1427,25.0303
0,555,30,320,0.75,56.7881,69.0092,71.1019,40.9316,32.8995,65.4243,55.1280,38.3767,34.7506
0,556,30,320,1,63.8027,75.2663,78.8288,47.2554,41.4417,71.2559,67.1748,41.8923,45.2287
0,557,30,320,1.5,66.5862,77.9730,81.5973,48.5699,43.6346,73.7041,68.4399,44.5574,47.7722
0,558,31,10,0.75,3.0061,2.0115,5.6935,0.0000,3.7446,4.3076,0.0000,0.0000,0.0000
0,559,31,10,1,1.9221,1.9650,3.4785,4.2775,4.2199,0.0000,0.0000,0.0000,0.0000
0,560,31,10,1.5,0.3135,0.7913,2.5804,0.0000,0.0000,3.8887,3.8541,0.0000,0.0000
0,561,31,20,0.75,4.5611,2.0380,6.1709,4.6008,4.6938,4.2561,0.0000,5.1579,0.0000
0,562,31,20,1,4.9588,3.8544,7.8415,0.0000,0.0000,4.2947,0.0000,5.0626,5.1845
0,563,31,20,1.5,5.2342,4.2294,8.7273,0.0000,0.0000,4.7277,0.0000,6.0127,4.7671
0,564,31,40,0.75,10.2481,7.2611,13.6496,6.5073,5.8129,5.2777,5.3090,10.2058,9.3871
0,565,31,40,1,9.6463,7.5326,14.2491,6.6227,6.4826,5.1674,5.1828,9.5585,9.9942
0,566,31,40,1.5,10.7545,6.4335,16.4704,7.8298,7.6379,5.1136,4.9073,11.0126,11.2958
0,567,31,80,0.75,19.1501,14.0932,27.3746,13.7136,11.5075,9.6206,7.4672,18.2520,15.8958
0,568,31,80,1,20.1780,14.9672,27.3295,14.0969,14.0008,10.0412,9.8804,17.6711,17.5365
0,569,31,80,1.5,21.9222,15.0707,29.9271,15.7034,14.9793,10.3746,9.8187,20.1411,18.5658
0,570,31,160,0.75,33.9469,24.1463,49.3000,22.8322,19.0110,15.6151,14.3820,30.8452,27.7861
0,571,31,160,1,41.1689,27.6378,56.2035,28.4817,26.9147,18.5996,17.7772,35.6912,34.7221
0,572,31,160,1.5,43.8052,29.7346,60.7606,28.5548,26.6072,20.0371,20.7908,38.1384,36.8442
0,573,31,320,0.75,69.6374,50.4180,98.7737,47.3018,40.3911,33.4518,29.9896,62.0432,54.1585
0,574,31,320,1,80.8807,57.4403,111.6611,53.5962,52.1941,38.9697,37.4821,69.9952,68.3087
0,575,31,320,1.5,84.7747,56.8868,120.5970,56.0033,51.5469,38.5824,37.1867,75.0737,72.2878
0,576,32,10,0.75,1.3489,1.8537,2.0936,4.4532,4.4374,0.0000,0.0000,0.0000,4.3323
0,577,32,10,1,3.2045,3.6985,5.1012,3.9975,4.1065,0.0000,0.0000,4.5157,3.9440
0,578,32,10,1.5,2.7684,4.5251,4.8332,0.0000,0.0000,4.5592,0.0000,4.2545,0.0000
0,579,32,20,0.75,5.9765,6.9062,8.6840,5.8938,4.7406,6.3486,4.7895,7.1576,4.6673
0,580,32,20,1,6.0170,6.2756,7.0556,5.4238,5.2975,5.5324,5.5568,6.0441,5.2758
0,581,32,20,1.5,5.9420,7.1934,8.8298,5.7040,5.0185,5.8530,5.8821,6.3614,5.9161
0,582,32,40,0.75,10.3043,13.7688,16.6148,9.4997,7.7008,11.7599,9.9262,12.6045,9.0905
0,583,32,40,1,10.2598,13.1398,15.5984,9.5394,9.0670,11.7743,11.2731,12.4028,10.2104
0,584,32,40,1.5,12.8931,14.9334,19.4531,11.8435,10.7257,13.9367,12.1568,15.3415,11.2994
0,585,32,80,0.75,19.9436,23.8800,29.0419,18.2128,15.3529,20.1587,16.5762,21.3705,17.3109
0,586,32,80,1,22.3366,25.9988,31.9641,20.1819,18.2864,22.0020,19.3766,24.4149,21.8163
0,587,32,80,1.5,26.1882,30.3483,36.4989,23.2383,20.1916,26.5254,23.2240,28.2399,22.9576
0,588,32,160,0.75,40.2125,48.1032,58.5084,36.2547,29.7466,41.7844,34.2846,45.3686,35.6470
0,589,32,160,1,45.5071,51.9413,63.6713,42.1669,38.4158,46.2037,41.6677,49.1008,40.8400
0,590,32,160,1.5,49.4538,56.3462,71.2052,44.5615,39.8616,48.9995,44.0338,53.8460,44.1293
0,591,32,320,0.75,84.6560,99.0333,120.0445,76.5971,62.4322,86.2800,69.6361,93.3718,71.0692
0,592,32,320,1,93.5656,109.3745,132.9820,84.5281,76.4635,94.3069,84.7308,102.2275,86.0324
0,593,32,320,1.5,100.6693,115.9213,144.4199,90.2733,81.7835,100.7559,91.0310,110.2141,93.0498
0,594,33,10,0.75,2.4542,2.8182,4.7286,0.0000,0.0000,0.0000,0.0000,0.0000,0.0000
0,595,33,10,1,2.0659,1.6505,2.8786,0.0000,0.0000,0.0000,4.0925,0.0000,0.0000
0,596,33,10,1.5,3.3921,2.3118,5.0887,3.9220,0.0000,4.4181,0.0000,4.6745,0.0000
0,597,33,20,0.75,3.5680,2.8618,6.1145,0.0000,0.0000,0.0000,0.0000,5.0976,4.7553
0,598,33,20,1,3.8803,4.7633,7.9434,0.0000,0.0000,4.5280,4.7486,6.9036,6.7583
0,599,33,20,1.5,3.8486,3.0746,7.8551,4.3294,0.0000,4.0703,0.0000,6.7907,6.2336
0,600,33,40,0.75,10.2168,10.1739,14.5624,8.4673,7.9325,8.5368,8.1671,11.5566,10.2634
0,601,33,40,1,9.5180,9.9602,15.3595,8.2641,8.1405,9.0136,9.1191,12.5152,11.9813
0,602,33,40,1.5,8.6470,8.5901,13.6783,7.1816,6.7916,8.2448,7.8916,12.0143,11.5922
0,603,33,80,0.75,15.1111,16.8817,24.6443,12.1855,11.2579,14.0708,12.9099,20.5475,18.3091
0,604,33,80,1,15.7195,17.0446,25.7472,12.5895,12.0205,14.7195,14.8159,20.8548,20.3664
0,605,33,80,1.5,18.8697,20.0591,31.0043,15.6139,15.5587,17.6672,16.7238,25.2928,23.7791
0,606,33,160,0.75,28.7442,30.9891,50.3399,25.0266,20.7425,27.0996,23.4691,41.3973,35.4860
0,607,33,160,1,33.2120,34.6586,54.3479,27.1983,26.6900,29.0336,28.7482,43.5977,42.1713
0,608,33,160,1.5,35.9703,37.5625,61.8692,30.1743,28.7224,32.2730,32.2120,50.6941,48.1617
0,609,33,320,0.75,62.4168,67.8723,102.9038,51.3650,44.0076,58.1584,50.7096,84.4015,73.3727
0,610,33,320,1,69.2756,73.7781,115.1466,58.3769,55.8225,63.1273,61.2158,93.8670,89.7455
0,611,33,320,1.5,75.9815,78.5900,122.1797,63.3395,58.7290,67.8602,64.7003,100.3740,94.8303
0,612,34,10,0.75,0.9554,2.9970,2.1324,0.0000,0.0000,0.0000,0.0000,4.6231,4.0805
0,613,34,10,1,2.3010,2.0975,3.1001,4.1208,3.8521,0.0000,0.0000,0.0000,0.0000
0,614,34,10,1.5,1.2307,4.8262,4.8026,0.0000,0.0000,5.0462,4.1357,4.4221,0.0000
0,615,34,20,0.75,2.0043,6.1551,6.5937,0.0000,0.0000,5.6858,5.1418,6.0534,5.2797
0,616,34,20,1,3.5417,5.2286,6.1108,4.5376,4.3884,4.9498,5.0114,5.5294,5.6113
0,617,34,20,1.5,4.4485,8.3913,7.9764,4.7814,4.5332,7.3699,6.6300,6.7891,5.8688
0,618,34,40,0.75,5.9263,11.6032,12.4315,5.6225,5.0573,10.2196,9.0231,11.0267,9.6141
0,619,34,40,1,6.6280,11.9600,11.8372,6.3272,6.0792,10.7947,10.4292,10.8508,10.3717
0,620,34,40,1.5,6.2188,12.7383,12.8825,6.0401,6.0442,11.4771,10.5687,11.9468,10.5243
0,621,34,80,0.75,10.2278,20.9582,20.5757,9.4835,8.0483,19.5940,17.4834,18.6139,16.8032
0,622,34,80,1,12.4737,23.6777,24.3370,11.4181,11.0189,21.6240,21.5848,22.6326,21.8914
0,623,34,80,1.5,12.9196,22.5635,24.1048,11.6005,11.5118,20.6365,20.4401,21.9404,21.3787
0,624,34,160,0.75,20.0206,42.2310,42.3857,18.2220,15.8520,38.2139,34.3068,39.0382,33.9394
0,625,34,160,1,21.6330,44.9676,44.8737,18.9307,18.4232,41.5036,40.2308,41.2495,40.0703
0,626,34,160,1.5,24.5229,47.5373,48.7256,21.3484,20.5507,45.4221,43.0102,45.7401,43.4580
0,627,34,320,0.75,41.3011,82.0171,82.7462,37.8982,32.3175,74.9562,66.4230,76.5206,66.9564
0,628,34,320,1,43.8758,87.3898,90.4357,39.6195,37.4345,80.4571,78.1340,83.4680,80.4769
0,629,34,320,1.5,47.3194,93.9441,97.9894,42.0379,39.2719,88.8345,84.7330,91.3396,86.1381
0,630,35,10,0.75,2.1247,3.9959,2.0257,0.0000,0.0000,0.0000,0.0000,0.0000,0.0000
0,631,35,10,1,1.2825,2.3526,2.6047,4.6453,0.0000,0.0000,0.0000,4.1425,0.0000
0,632,35,10,1.5,-0.5447,-0.0181,0.1675,4.4065,0.0000,0.0000,4.2997,0.0000,0.0000
0,633,35,20,0.75,2.9855,3.0091,3.5020,0.0000,0.0000,4.4953,4.1654,0.0000,0.0000
0,634,35,20,1,4.1970,4.5160,5.4300,4.1581,0.0000,4.3129,0.0000,5.4124,4.9000
0,635,35,20,1.5,3.6232,4.2869,4.0032,0.0000,0.0000,4.3397,4.4128,4.7884,4.6411
0,636,35,40,0.75,7.3063,8.5138,8.9734,6.8999,6.3489,8.3414,7.9078,8.4355,7.0758
0,637,35,40,1,6.1865,7.1227,7.8435,5.8761,5.6193,6.9379,7.1637,7.2182,7.0479
0,638,35,40,1.5,7.8778,9.7311,10.7062,7.2207,7.3491,9.2597,8.7929,9.5781,9.5277
0,639,35,80,0.75,12.0010,15.4044,15.6107,11.3341,10.5564,15.4150,13.9768,14.6578,12.8399
0,640,35,80,1,12.8933,15.8932,17.9838,12.3181,11.4348,15.8620,15.2570,17.0259,16.0436
0,641,35,80,1.5,15.7765,19.5947,18.7989,15.0608,14.6711,19.4029,19.1488,17.6430,16.8786
0,642,35,160,0.75,26.0674,31.7918,32.0600,24.7191,21.8196,31.4622,27.4425,29.8191,25.8730
0,643,35,160,1,28.1870,35.7781,36.2705,26.7266,25.9462,35.6525,34.4102,34.3385,32.5321
0,644,35,160,1.5,30.1023,36.5742,38.3781,28.0362,28.0829,36.1278,35.1822,35.3053,34.2632
0,645,35,320,0.75,51.0130,63.7552,64.3704,48.3524,42.4363,63.1294,54.8543,60.1696,51.2359
0,646,35,320,1,56.5248,72.0136,73.1986,53.0420,52.2578,71.1786,69.6023,67.8547,65.5382
0,647,35,320,1.5,61.2234,75.6231,77.4755,57.6486,56.0783,74.4412,72.1254,71.2808,69.2480
1,0,0,10,0.75,0.9905,1.4108,-0.1034,0.0000,0.0000,0.0000,0.0000,0.0000,0.0000
1,1,0,10,1,-1.1694,-0.5214,-0.4050,0.0000,0.0000,0.0000,0.0000,0.0000,0.0000
1,2,0,10,1.5,0.7271,2.2384,3.0866,0.0000,3.9060,3.9330,0.0000,4.2365,3.8783
1,3,0,20,0.75,0.4581,3.2857,2.3908,0.0000,3.9336,0.0000,3.8651,0.0000,0.0000
1,4,0,20,1,1.0981,1.6297,0.2053,0.0000,0.0000,4.4757,0.0000,4.0295,3.9731
1,5,0,20,1.5,2.5888,4.3444,3.7122,4.3048,0.0000,0.0000,0.0000,4.4699,0.0000
1,6,0,40,0.75,3.8296,5.0845,6.5903,4.3468,3.8253,0.0000,0.0000,4.6538,4.1090
1,7,0,40,1,3.6538,7.2460,7.0275,3.9499,3.9015,5.0409,4.9811,5.4936,5.2101
1,8,0,40,1.5,2.0989,5.0183,5.2442,0.0000,0.0000,0.0000,0.0000,0.0000,0.0000
1,9,0,80,0.75,4.1223,8.9625,11.7831,0.0000,0.0000,4.5308,0.0000,7.2141,5.6438
1,10,0,80,1,6.5557,9.1460,11.8768,4.5969,4.8727,4.7084,5.0332,7.2309,6.3568
1,11,0,80,1.5,5.8684,13.4498,13.6600,4.8586,4.9176,6.0113,6.3546,7.0092,6.0062
1,12,0,160,0.75,9.0754,19.9160,22.4324,7.1876,6.2368,12.1205,9.8810,13.1420,10.3434
1,13,0,160,1,10.5133,22.3107,24.9999,9.1689,9.2622,13.0589,11.5485,15.9798,13.5124
1,14,0,160,1.5,13.0963,25.7399,27.6815,9.2119,8.5864,14.3033,12.5329,16.3691,13.9076
1,15,0,320,0.75,19.7474,41.5399,42.8287,14.8474,13.2868,22.5164,17.4481,25.5337,19.7056
1,16,0,320,1,23.9724,47.0648,48.2279,17.2137,17.4386,26.6416,24.3133,28.0597,24.8104
1,17,0,320,1.5,23.9528,49.1770,53.0503,16.8779,16.9357,27.6971,25.3434,33.4247,29.2617
1,18,1,10,0.75,0.2354,1.8645,3.3856,4.4326,0.0000,0.0000,0.0000,0.0000,0.0000
1,19,1,10,1,1.2529,2.1642,1.4013,0.0000,0.0000,0.0000,0.0000,0.0000,0.0000
1,20,1,10,1.5,0.3184,1.6047,1.1089,0.0000,0.0000,0.0000,0.0000,3.4255,3.3921
1,21,1,20,0.75,0.2904,1.9716,1.4729,3.9475,4.2006,0.0000,0.0000,0.0000,0.0000
1,22,1,20,1,2.5475,4.7802,3.9849,4.4747,0.0000,0.0000,0.0000,4.3928,0.0000
1,23,1,20,1.5,3.3967,3.8161,3.5091,0.0000,0.0000,0.0000,0.0000,3.6112,3.1722
1,24,1,40,0.75,3.9244,6.1786,5.6137,4.8759,0.0000,5.4536,4.2960,4.5087,4.0330
1,25,1,40,1,5.0338,6.9099,6.0202,4.3664,4.6748,4.8495,5.6558,4.8795,5.1211
1,26,1,40,1.5,3.8811,6.9663,5.4896,0.0000,0.0000,5.6222,5.1214,0.0000,4.6807
1,27,1,80,0.75,9.1510,12.3447,10.8019,6.6153,5.9594,8.0883,7.2520,7.3012,6.5686
1,28,1,80,1,6.8076,11.1044,10.6144,5.4714,5.1929,6.5683,6.6707,5.8488,6.0676
1,29,1,80,1.5,6.1191,12.2396,9.6513,4.5261,0.0000,7.0584,7.6565,5.1472,5.3027
1,30,1,160,0.75,14.3740,24.2037,22.5391,10.9363,10.0981,15.3641,15.3628,12.2902,11.2639
1,31,1,160,1,17.5305,28.2875,24.4413,13.6896,12.8719,17.6660,18.6389,15.1628,13.8642
1,32,1,160,1.5,19.6312,28.2898,26.0757,14.8106,13.8853,17.6727,19.7400,14.8265,15.3920
1,33,1,320,0.75,30.0864,47.7983,43.1967,22.1914,19.5464,29.9877,28.9718,24.2250,22.8432
1,34,1,320,1,33.5687,54.0826,48.8402,25.9379,23.6154,33.7296,36.1516,26.7995,28.0096
1,35,1,320,1.5,36.6868,57.1678,51.2563,26.6300,25.5218,36.3511,38.7675,28.8197,29.5712
1,36,2,10,0.75,0.8984,1.6133,4.0311,0.0000,0.0000,0.0000,0.0000,0.0000,0.0000
1,37,2,10,1,0.3761,0.8953,3.4395,4.0326,0.0000,0.0000,0.0000,4.1527,4.2252
1,38,2,10,1.5,1.3552,0.6351,3.0681,0.0000,3.9954,0.0000,4.0729,0.0000,0.0000
1,39,2,20,0.75,1.7587,3.8580,4.4488,0.0000,0.0000,0.0000,0.0000,0.0000,0.0000
1,40,2,20,1,2.7938,3.7872,5.6513,0.0000,4.0488,4.6944,4.4462,0.0000,4.6268
1,41,2,20,1.5,5.1030,5.8148,7.2786,4.8906,4.9524,5.6265,5.4405,6.6552,6.1206
1,42,2,40,0.75,4.7109,7.0755,9.4771,4.3748,4.4093,5.8947,5.1537,7.6464,6.8112
1,43,2,40,1,5.6256,7.2472,11.5749,4.9146,5.0415,6.2816,6.7780,8.3395,8.0590
1,44,2,40,1.5,2.7520,7.4766,9.7422,4.7109,0.0000,6.6902,6.4685,6.5273,5.8075
1,45,2,80,0.75,7.2631,12.5294,18.8430,6.1374,5.9639,10.2052,9.4565,13.4657,11.0123
1,46,2,80,1,11.9710,16.5413,23.3988,10.0643,9.6434,14.4564,14.8340,17.9110,16.5381
1,47,2,80,1.5,10.1428,14.5125,23.6316,8.3497,8.0401,12.3437,12.9775,17.0524,16.1635
1,48,2,160,0.75,17.7369,26.9517,39.2730,14.5758,11.6229,22.7543,22.0171,29.9482,24.1139
1,49,2,160,1,21.3992,29.1626,43.5841,18.5116,17.5954,24.3901,25.4162,35.0401,32.9071
1,50,2,160,1.5,21.0269,34.2789,50.3436,17.8640,16.4496,28.6086,28.6136,36.5673,33.7045
1,51,2,320,0.75,35.3222,51.3235,77.3618,30.5219,25.6656,42.5770,39.5967,59.8018,49.2397
1,52,2,320,1,39.3723,58.1380,87.4917,33.1524,30.7293,47.7764,49.4328,65.6144,60.5442
1,53,2,320,1.5,43.7142,63.0593,96.9153,36.4286,34.5607,51.3348,51.3930,70.1467,64.8244
1,54,3,10,0.75,0.7240,1.6031,2.5500,0.0000,0.0000,4.0955,4.3257,0.0000,4.0540
1,55,3,10,1,0.1611,1.1616,2.1351,0.0000,0.0000,0.0000,0.0000,3.5797,3.9103
1,56,3,10,1.5,2.4098,2.6945,3.0321,0.0000,4.2886,0.0000,4.0826,0.0000,0.0000
1,57,3,20,0.75,1.6434,4.1227,2.4825,0.0000,0.0000,4.6812,0.0000,4.5352,4.8032
1,58,3,20,1,2.4825,4.7088,4.7021,4.7405,4.7941,4.6771,4.5643,5.0735,3.5312
1,59,3,20,1.5,2.9160,5.8884,5.2573,0.0000,0.0000,5.3927,0.0000,5.5796,4.4323
1,60,3,40,0.75,6.5380,8.1155,7.7158,6.3267,6.2108,8.5830,7.5466,7.4110,6.3130
1,61,3,40,1,7.7473,9.4974,10.9906,7.3838,6.6728,8.2329,7.0772,10.3619,9.0448
1,62,3,40,1.5,7.4268,10.2099,11.5984,7.0368,7.3448,8.5457,7.6415,10.4867,9.3917
1,63,3,80,0.75,9.6135,14.9264,18.0362,9.2973,8.5437,13.6722,10.6448,16.9208,13.4072
1,64,3,80,1,10.3116,16.7535,18.9649,9.8618,9.0886,14.1481,11.2171,17.6113,14.8958
1,65,3,80,1.5,13.1838,19.8692,22.6495,13.3639,12.2522,18.0314,15.2330,21.4514,18.8827
1,66,3,160,0.75,21.2045,31.4453,34.9793,20.7626,18.1846,27.8572,20.5237,33.0069,26.3424
1,67,3,160,1,23.5766,35.6149,37.7710,22.8277,21.6475,31.2259,25.7663,35.6880,31.8712
1,68,3,160,1.5,25.0824,38.0173,42.0061,24.5268,22.0520,32.9058,27.4684,38.9298,33.6582
1,69,3,320,0.75,42.2572,60.9839,66.6867,40.9524,35.5097,54.4402,40.9238,63.6682,51.6332
1,70,3,320,1,46.9948,71.0271,76.3077,45.9112,43.1424,62.3575,50.6066,72.2906,62.9222
1,71,3,320,1.5,50.8683,76.4350,86.2542,49.8416,46.1564,67.1786,55.3389,81.0294,71.1015
1,72,4,10,0.75,0.6985,1.6419,2.6932,0.0000,0.0000,0.0000,0.0000,0.0000,0.0000
1,73,4,10,1,1.5686,-0.7137,1.3365,0.0000,0.0000,4.0282,4.6747,0.0000,0.0000
1,74,4,10,1.5,0.5280,0.1867,0.2477,0.0000,0.0000,4.0567,3.9170,0.0000,0.0000
1,75,4,20,0.75,0.5152,1.2412,0.3696,4.3932,4.3935,0.0000,0.0000,3.7212,4.0596
1,76,4,20,1,0.1300,2.2490,2.1076,0.0000,0.0000,4.0594,0.0000,0.0000,0.0000
1,77,4,20,1.5,2.1203,2.1607,0.5743,3.8149,4.0940,0.0000,3.7297,0.0000,0.0000
1,78,4,40,0.75,0.6525,2.6213,2.6703,0.0000,0.0000,0.0000,0.0000,0.0000,0.0000
1,79,4,40,1,3.2466,4.5926,3.7617,0.0000,0.0000,4.5722,0.0000,4.7336,4.1906
1,80,4,40,1.5,2.1744,4.7650,4.1814,0.0000,0.0000,0.0000,0.0000,0.0000,0.0000
1,81,4,80,0.75,4.3214,6.2592,6.2662,4.3087,0.0000,4.3546,0.0000,0.0000,0.0000
1,82,4,80,1,2.6373,6.9404,5.7146,0.0000,0.0000,5.2724,4.7179,4.3697,4.4239
1,83,4,80,1.5,3.9896,6.5501,7.9130,0.0000,0.0000,5.3211,5.3428,5.5061,5.2057
1,84,4,160,0.75,4.4101,10.1080,10.3916,3.9982,0.0000,7.2570,5.6237,6.7699,5.4842
1,85,4,160,1,7.2528,14.7212,14.4015,5.1448,5.0503,10.1487,8.9580,9.6916,8.6174
1,86,4,160,1.5,6.2264,13.4187,12.6336,0.0000,0.0000,9.3156,8.7424,9.0348,8.1305
1,87,4,320,0.75,10.3711,22.9047,21.9383,7.0916,6.0886,14.8883,12.1373,14.6677,11.6740
1,88,4,320,1,11.2748,25.3534,25.6738,9.1044,9.1158,17.3376,15.6389,16.3906,14.8498
1,89,4,320,1.5,12.4392,26.1707,25.6348,9.2180,8.8238,18.6881,16.0679,18.6544,17.1610
1,90,5,10,0.75,0.6302,1.2553,0.3875,3.9973,3.9229,0.0000,4.7021,4.2688,0.0000
1,91,5,10,1,0.1037,1.6174,2.1314,0.0000,0.0000,3.7122,3.8160,0.0000,0.0000
1,92,5,10,1.5,-2.0926,-1.2645,-0.9483,0.0000,4.1558,0.0000,4.3522,0.0000,0.0000
1,93,5,20,0.75,0.4950,-0.5255,0.9357,0.0000,0.0000,4.3752,4.0401,0.0000,0.0000
1,94,5,20,1,0.9104,1.3250,2.4882,0.0000,0.0000,0.0000,0.0000,0.0000,0.0000
1,95,5,20,1.5,1.1300,1.5359,2.0364,0.0000,4.2755,0.0000,0.0000,0.0000,4.7036
1,96,5,40,0.75,3.5774,2.1822,3.8503,0.0000,0.0000,4.8461,5.3068,4.5131,0.0000
1,97,5,40,1,3.4765,3.6798,4.4402,0.0000,0.0000,4.2334,4.2389,4.0346,4.1662
1,98,5,40,1.5,2.7440,4.5062,4.0178,0.0000,4.3865,0.0000,0.0000,4.5717,0.0000
1,99,5,80,0.75,4.5457,3.9504,6.2675,0.0000,4.3328,4.2400,4.1141,0.0000,4.4396
1,100,5,80,1,5.8621,5.5092,7.2120,5.3588,0.0000,4.7523,0.0000,5.7613,5.7490
1,101,5,80,1.5,6.5306,7.2756,8.4658,6.5985,6.7547,5.8788,5.4792,6.0981,6.4916
1,102,5,160,0.75,9.1854,9.5016,13.2650,8.6704,7.8966,7.5517,5.9109,8.7559,7.6658
1,103,5,160,1,10.7825,10.4035,14.1654,8.8624,9.1489,7.2833,6.9927,9.3080,9.5943
1,104,5,160,1.5,11.4390,11.5048,16.2013,10.3585,10.5992,9.0891,9.1554,11.6703,11.2033
1,105,5,320,0.75,19.7968,18.7796,26.0815,15.7936,13.8202,13.0977,10.9223,16.3347,13.8802
1,106,5,320,1,22.7063,22.6063,30.7349,18.1763,18.2112,16.4286,14.3873,19.8262,18.4389
1,107,5,320,1.5,24.0922,24.5916,33.2690,20.8367,20.0377,18.1759,16.3688,21.7929,19.9370
1,108,6,10,0.75,0.4501,0.6915,1.6814,0.0000,0.0000,0.0000,0.0000,4.1947,0.0000
1,109,6,10,1,2.1851,2.0874,1.9768,0.0000,0.0000,0.0000,0.0000,0.0000,0.0000
1,110,6,10,1.5,2.5113,1.1898,2.3422,0.0000,0.0000,4.4570,0.0000,0.0000,0.0000
1,111,6,20,0.75,0.4874,1.7675,1.3928,0.0000,4.0618,0.0000,0.0000,0.0000,0.0000
1,112,6,20,1,2.0901,1.6883,2.2966,3.8428,0.0000,0.0000,0.0000,0.0000,4.1493
1,113,6,20,1.5,-0.9366,0.5129,2.1943,4.7945,4.6997,4.9548,4.5076,0.0000,3.9814
1,114,6,40,0.75,4.0468,2.9018,4.9878,0.0000,0.0000,0.0000,0.0000,4.7215,4.4482
1,115,6,40,1,3.9010,3.6655,4.0662,0.0000,0.0000,0.0000,0.0000,4.8513,5.0722
1,116,6,40,1.5,5.2956,5.3235,7.0006,5.3410,5.2956,4.8384,4.8414,5.8599,6.4228
1,117,6,80,0.75,5.3268,6.9282,10.2338,4.5637,3.7800,5.8976,6.0093,7.5419,8.0340
1,118,6,80,1,9.3641,9.0668,13.8703,8.0127,7.1770,7.4926,7.5171,11.3887,10.8057
1,119,6,80,1.5,8.9793,9.7616,12.5484,7.9793,6.5540,8.2484,7.5772,9.3705,9.8866
1,120,6,160,0.75,13.3647,14.2251,19.6959,11.6372,8.6642,11.9511,10.8083,16.3942,13.3574
1,121,6,160,1,12.8843,15.0905,21.5642,11.0625,9.7262,12.8529,13.6375,15.8951,18.4828
1,122,6,160,1.5,15.9559,16.4691,24.5383,13.5618,11.9861,13.3277,13.1149,19.4629,19.0941
1,123,6,320,0.75,25.7787,29.0071,40.3806,22.6838,17.1014,24.5266,21.4110,31.7278,27.0559
1,124,6,320,1,28.1639,32.4160,47.5366,25.7477,22.2562,28.0838,26.6116,37.3105,35.6666
1,125,6,320,1.5,31.5264,34.7596,51.3968,27.2752,23.0834,29.0582,27.5889,41.2786,38.2965
1,126,7,10,0.75,2.4584,1.9445,1.5926,0.0000,0.0000,0.0000,0.0000,0.0000,0.0000
1,127,7,10,1,0.3066,-0.0061,-0.0840,3.8593,0.0000,0.0000,0.0000,4.3365,0.0000
1,128,7,10,1.5,1.9596,2.3817,2.6285,0.0000,0.0000,4.4359,4.7638,0.0000,4.2717
1,129,7,20,0.75,1.7176,2.5049,2.6257,0.0000,0.0000,0.0000,0.0000,0.0000,0.0000
1,130,7,20,1,3.3723,2.5537,3.4111,4.1278,4.2608,0.0000,0.0000,0.0000,4.5128
1,131,7,20,1.5,3.3664,2.3106,3.6794,4.5023,0.0000,0.0000,4.3285,0.0000,4.1408
1,132,7,40,0.75,1.2499,3.1206,3.4299,4.6387,4.6048,4.5907,4.3378,0.0000,4.4118
1,133,7,40,1,3.5340,3.7226,3.7534,0.0000,2.7208,0.0000,0.0000,3.7798,4.0159
1,134,7,40,1.5,2.8768,3.3074,3.9353,0.0000,0.0000,3.8942,3.9332,4.2220,0.0000
1,135,7,80,0.75,3.4856,4.8246,5.7385,0.0000,0.0000,0.0000,4.8559,5.4992,4.7367
1,136,7,80,1,6.1049,6.3587,8.5380,6.2263,5.9312,6.1649,5.3474,8.4082,7.9272
1,137,7,80,1.5,6.2574,6.9411,8.5111,6.2585,5.5865,6.5683,6.1342,8.1767,7.0442
1,138,7,160,0.75,10.2379,9.4188,12.7770,10.0982,7.8577,9.4350,7.0850,12.5509,9.6084
1,139,7,160,1,8.9304,8.8509,13.4844,8.8186,8.3606,9.4978,8.1362,12.9044,11.5738
1,140,7,160,1.5,12.9024,12.7293,16.1425,12.5350,10.3237,12.5296,10.0861,15.6709,13.9506
1,141,7,320,0.75,19.3506,19.8827,25.8225,18.7225,14.7984,19.3220,14.5640,25.4774,20.2431
1,142,7,320,1,21.4643,21.4775,31.2406,21.0555,17.1744,20.8422,16.5339,30.5281,27.0844
1,143,7,320,1.5,23.3790,21.9067,33.0821,22.5414,19.8810,21.1754,17.2852,32.2053,29.1068
1,144,8,10,0.75,-0.3505,2.4935,1.7884,0.0000,4.5293,0.0000,4.1436,0.0000,4.8224
1,145,8,10,1,2.4907,2.5700,2.0468,0.0000,0.0000,0.0000,0.0000,0.0000,0.0000
1,146,8,10,1.5,1.6273,2.5642,1.7689,4.6754,0.0000,3.8863,4.5324,0.0000,0.0000
1,147,8,20,0.75,1.1262,1.4365,1.6349,0.0000,0.0000,3.9393,0.0000,0.0000,0.0000
1,148,8,20,1,0.1680,0.4345,0.4043,4.3507,4.4984,0.0000,0.0000,0.0000,0.0000
1,149,8,20,1.5,3.5602,4.3348,4.6838,0.0000,0.0000,4.2013,4.0654,4.5478,4.1061
1,150,8,40,0.75,4.6855,4.2873,4.0576,0.0000,0.0000,0.0000,4.7990,0.0000,0.0000
1,151,8,40,1,4.4374,5.5593,5.4008,4.6275,4.5463,5.4219,5.4834,5.6880,5.6827
1,152,8,40,1.5,4.4908,6.0261,5.7064,4.2018,3.9746,5.5390,5.4092,4.6763,4.7233
1,153,8,80,0.75,8.5211,10.1674,9.8892,7.4146,6.3488,9.4284,8.1952,8.3011,7.3883
1,154,8,80,1,7.8135,9.8896,10.9378,6.8267,6.9145,9.0171,8.7706,9.8430,9.8364
1,155,8,80,1.5,8.8978,12.0556,11.9938,8.8273,9.0896,11.3498,11.6465,11.1561,11.0222
1,156,8,160,0.75,16.0658,21.8271,22.0618,15.2294,13.1201,20.6990,17.3528,20.5245,17.4869
1,157,8,160,1,17.7671,24.3912,24.2882,17.2939,16.9998,23.8211,22.5062,23.1907,22.2227
1,158,8,160,1.5,17.7839,23.5708,23.7518,16.7215,16.8848,22.3310,21.7900,21.9949,21.8299
1,159,8,320,0.75,29.9900,41.3497,40.4377,27.8658,24.1810,39.0758,33.1696,36.9304,31.3962
1,160,8,320,1,36.6613,47.0413,47.9580,34.5538,32.9922,45.0826,43.1464,45.0683,43.4614
1,161,8,320,1.5,35.9056,50.7057,49.1843,34.4386,32.2311,49.2349,46.2890,46.3885,43.9826
1,162,9,10,0.75,-0.0469,-0.3439,1.6005,4.0210,4.2165,3.8679,0.0000,0.0000,3.6712
1,163,9,10,1,0.5996,-0.5146,2.4203,0.0000,0.0000,3.8553,3.9216,4.2565,0.0000
1,164,9,10,1.5,2.8332,1.7574,2.8331,3.9961,0.0000,0.0000,0.0000,0.0000,4.2459
1,165,9,20,0.75,1.7556,1.1348,3.2602,4.0491,0.0000,0.0000,0.0000,0.0000,0.0000
1,166,9,20,1,3.8067,3.2198,3.7325,4.5371,0.0000,3.9236,3.5119,0.0000,0.0000
1,167,9,20,1.5,3.5907,1.2546,3.7990,5.1894,5.2105,0.0000,0.0000,0.0000,4.4610
1,168,9,40,0.75,5.8476,4.1322,7.4940,6.0230,4.9690,4.5091,3.9963,6.5676,6.2433
1,169,9,40,1,4.6610,3.6834,6.3082,4.7373,4.4431,0.0000,0.0000,0.0000,0.0000
1,170,9,40,1.5,5.3676,2.8637,6.7772,5.0087,4.8537,4.6777,0.0000,5.5779,5.8120
1,171,9,80,0.75,8.4535,6.6745,10.6816,8.2920,7.1579,6.7937,5.6691,9.6894,9.1688
1,172,9,80,1,10.6796,8.3113,13.1101,10.1354,9.8543,8.0136,8.2065,11.7286,12.2736
1,173,9,80,1.5,11.3911,8.6395,13.4830,10.0236,9.6679,7.8311,7.5579,11.0823,11.0169
1,174,9,160,0.75,17.0621,14.7083,24.4095,15.9781,13.7449,14.1965,11.9388,21.9682,19.7545
1,175,9,160,1,21.6977,16.8922,27.3958,20.0132,19.6499,16.2240,15.3916,23.6281,25.2398
1,176,9,160,1.5,20.5194,15.2486,27.9980,18.4340,18.3645,14.5883,13.5265,23.9578,24.6932
1,177,9,320,0.75,34.4626,26.9179,46.0590,32.4047,29.5093,26.2892,22.3697,40.1433,38.2271
1,178,9,320,1,41.2705,32.4603,57.0887,38.4326,38.6792,31.4347,30.7451,50.4842,52.3221
1,179,9,320,1.5,44.2066,34.8622,60.3029,40.4967,40.0997,33.4476,31.8405,51.7045,51.9982
1,180,10,10,0.75,1.7821,0.8199,2.4647,4.5308,4.5052,0.0000,0.0000,4.6105,0.0000
1,181,10,10,1,2.4479,1.5594,3.1798,4.9278,4.5077,0.0000,0.0000,0.0000,0.0000
1,182,10,10,1.5,2.8940,2.9373,2.4819,0.0000,0.0000,0.0000,0.0000,4.5966,4.0199
1,183,10,20,0.75,2.5572,3.4346,5.4966,0.0000,0.0000,0.0000,0.0000,0.0000,0.0000
1,184,10,20,1,2.8631,2.1122,3.9427,0.0000,0.0000,0.0000,0.0000,0.0000,0.0000
1,185,10,20,1.5,4.4143,3.3213,3.8107,0.0000,4.5409,3.6062,0.0000,4.8791,4.6444
1,186,10,40,0.75,5.7243,6.5937,9.0240,5.3443,5.2469,5.6828,5.7197,6.9594,7.0078
1,187,10,40,1,6.0093,7.5696,9.2375,5.7359,5.5927,6.6801,6.5905,7.9379,7.9750
1,188,10,40,1.5,7.7568,8.0832,10.3329,6.7910,6.9083,7.9195,7.0264,7.7042,8.2641
1,189,10,80,0.75,10.2079,13.2990,17.4127,9.3288,8.8191,10.9155,10.2046,14.4411,14.0645
1,190,10,80,1,9.9394,12.5760,17.2837,8.9117,9.4333,11.1945,11.2784,14.8138,15.2410
1,191,10,80,1.5,11.1072,13.0236,18.6411,10.3424,11.0067,10.5217,11.5131,14.9631,16.3887
1,192,10,160,0.75,22.4092,25.3011,32.8481,19.4883,18.7450,21.1548,19.0160,26.9170,25.0689
1,193,10,160,1,23.6240,25.9013,36.1986,21.6164,21.1243,22.5973,21.4210,29.7366,30.0771
1,194,10,160,1.5,23.7019,27.6837,37.7739,21.7343,21.9482,23.7663,23.7705,30.8041,32.1567
1,195,10,320,0.75,41.8319,47.7025,65.9804,37.6109,33.7807,39.6228,34.9982,53.3356,50.0260
1,196,10,320,1,45.8097,52.6140,72.2194,41.8914,42.0786,44.4423,45.1103,59.2073,61.0373
1,197,10,320,1.5,49.5959,54.4699,77.4899,45.5939,46.1463,45.9441,46.1582,63.5977,65.9771
1,198,11,10,0.75,0.7210,2.0184,1.0762,4.0591,4.2494,0.0000,3.8017,0.0000,4.1902
1,199,11,10,1,-0.3443,-0.0065,0.2049,2.8844,0.0000,4.1419,4.4803,4.5801,0.0000
1,200,11,10,1.5,0.4601,0.6918,-0.1026,0.0000,0.0000,0.0000,4.0914,4.2142,0.0000
1,201,11,20,0.75,2.4006,0.3825,0.6761,0.0000,4.0362,4.3012,4.3189,0.0000,4.2431
1,202,11,20,1,0.1293,-1.2580,0.2054,0.0000,4.3945,0.0000,4.4799,0.0000,0.0000
1,203,11,20,1.5,1.8484,2.1259,1.2051,0.0000,0.0000,0.0000,0.0000,4.1923,0.0000
1,204,11,40,0.75,1.7683,1.9600,2.6099,0.0000,4.4685,0.0000,0.0000,0.0000,0.0000
1,205,11,40,1,0.6181,1.1312,2.0796,4.4140,4.5127,0.0000,0.0000,0.0000,0.0000
1,206,11,40,1.5,2.9002,3.8537,3.7640,4.5667,4.2671,3.9902,0.0000,4.4694,4.2335
1,207,11,80,0.75,2.7221,4.4516,4.2543,0.0000,3.9108,0.0000,0.0000,0.0000,0.0000
1,208,11,80,1,2.8621,6.4306,6.3822,4.3970,0.0000,5.3404,4.8753,4.6455,4.7926
1,209,11,80,1.5,6.4721,6.3048,7.1401,5.3397,5.5328,6.1288,6.2031,6.4381,6.5535
1,210,11,160,0.75,5.9347,8.6669,11.1499,5.2625,4.5129,7.0297,5.5013,6.8362,5.5443
1,211,11,160,1,5.9755,9.9432,10.4176,5.5467,5.5287,8.1924,7.9634,8.1161,7.8499
1,212,11,160,1.5,6.7490,11.3868,12.1250,5.8374,5.5445,9.4231,8.1068,7.9295,7.4584
1,213,11,320,0.75,13.0554,19.3641,21.7879,11.9927,10.5477,15.9862,13.3951,17.1059,14.3935
1,214,11,320,1,13.6433,21.5232,23.6175,11.8872,11.5950,17.5781,16.3071,17.1549,16.5216
1,215,11,320,1.5,15.6964,22.6203,25.5112,13.4690,12.3619,19.3408,17.2647,18.2681,16.7440
1,216,12,10,0.75,2.2820,2.7733,3.9834,0.0000,0.0000,0.0000,0.0000,4.0412,0.0000
1,217,12,10,1,0.5705,1.5844,2.6243,0.0000,4.7590,0.0000,0.0000,0.0000,0.0000
1,218,12,10,1.5,0.8515,1.2977,3.0024,0.0000,0.0000,0.0000,3.9952,0.0000,0.0000
1,219,12,20,0.75,4.0305,5.3788,8.0624,0.0000,0.0000,3.5661,0.0000,4.9961,4.3697
1,220,12,20,1,4.8907,5.5805,6.8324,0.0000,3.9517,0.0000,4.0831,4.5094,4.5590
1,221,12,20,1.5,4.3724,4.6948,6.1881,0.0000,4.4110,4.7350,4.8720,5.1873,4.7855
1,222,12,40,0.75,7.7464,9.3900,10.9952,6.2941,6.5885,7.9941,7.5469,7.9590,6.9824
1,223,12,40,1,7.8394,11.6971,14.6481,6.0709,5.9100,8.1678,8.6277,7.6341,7.5969
1,224,12,40,1.5,9.3622,12.9235,15.7139,5.9845,6.4917,8.2295,9.2193,9.0116,9.5029
1,225,12,80,0.75,14.3126,19.7029,25.8940,10.9899,10.1630,15.0696,13.9187,16.0258,14.0387
1,226,12,80,1,16.6144,21.9071,27.5861,11.7884,11.9337,15.4240,16.2919,16.4431,16.4036
1,227,12,80,1.5,18.6127,22.6455,29.8483,12.6059,12.2514,16.1308,16.5067,17.5086,17.2251
1,228,12,160,0.75,29.4897,39.1190,48.3375,19.5968,16.7301,27.5844,24.5169,29.6226,25.1463
1,229,12,160,1,33.8979,41.9372,55.6443,23.3709,22.3540,30.1356,30.6613,33.2656,32.1794
1,230,12,160,1.5,36.3601,45.5080,60.1816,23.5535,22.3169,31.6435,31.3022,34.6535,32.9526
1,231,12,320,0.75,58.7787,76.0689,98.7978,41.3085,35.3974,55.4348,49.2080,60.1740,51.3468
1,232,12,320,1,64.3676,83.6908,109.2692,45.6812,43.5002,61.4998,61.4597,67.1010,63.8594
1,233,12,320,1.5,72.7798,91.8404,121.7511,49.4521,46.1393,65.7949,64.3402,71.8174,67.2879
1,234,13,10,0.75,2.4331,3.9685,3.2855,0.0000,0.0000,4.2596,4.1274,0.0000,0.0000
1,235,13,10,1,2.7579,4.8334,2.9266,4.2585,4.2448,4.5385,4.5236,0.0000,4.2111
1,236,13,10,1.5,0.0872,1.1552,0.4670,4.0958,0.0000,4.7777,0.0000,3.8532,0.0000
1,237,13,20,0.75,3.2725,6.3810,4.1077,4.6165,0.0000,6.3448,5.9365,4.3851,0.0000
1,238,13,20,1,3.6443,6.1358,4.9735,4.4903,0.0000,6.1172,6.0238,5.1290,4.3313
1,239,13,20,1.5,4.0854,4.8182,5.2889,4.3777,4.1929,4.5862,4.5130,5.3707,4.6471
1,240,13,40,0.75,6.2548,9.9335,8.2574,6.3258,5.9087,9.8696,8.9725,7.7984,6.3392
1,241,13,40,1,7.9006,11.2161,9.4911,7.9473,6.9157,11.1876,10.6523,8.8533,7.6282
1,242,13,40,1.5,6.4088,10.4271,9.0648,6.0704,5.9265,9.9392,10.0053,8.6408,7.0716
1,243,13,80,0.75,10.5693,18.7939,16.9596,9.9428,8.4539,18.1373,15.5136,14.5828,11.3287
1,244,13,80,1,12.9976,22.5466,19.2602,12.8234,11.1967,21.9015,20.6066,17.7365,14.6334
1,245,13,80,1.5,15.4825,24.1094,21.3603,14.3937,12.8029,22.6860,21.4916,19.2660,14.8522
1,246,13,160,0.75,23.3598,39.4969,32.1912,22.2778,18.7744,37.9605,32.7497,28.4722,22.3386
1,247,13,160,1,28.6053,43.0897,38.1218,27.3892,25.9267,41.8470,41.0828,33.5008,28.6770
1,248,13,160,1.5,29.5663,46.9476,40.4957,26.8898,26.3559,44.8876,43.3157,35.5728,29.5082
1,249,13,320,0.75,47.0826,78.7695,66.8963,44.9634,38.3225,76.0231,65.6391,59.6854,44.8210
1,250,13,320,1,52.1909,84.4969,74.7838,48.8492,46.4116,81.2946,78.2577,65.5507,52.8838
1,251,13,320,1.5,56.6513,92.0733,80.0103,52.8206,49.9907,88.2408,84.7236,70.8485,57.5109
1,252,14,10,0.75,0.9824,2.2932,0.9558,0.0000,4.7111,4.2892,4.3642,4.4921,4.3885
1,253,14,10,1,1.0506,1.1820,2.1634,3.9636,3.8271,0.0000,3.8687,0.0000,0.0000
1,254,14,10,1.5,2.6523,2.2607,2.6283,0.0000,0.0000,0.0000,3.8781,0.0000,0.0000
1,255,14,20,0.75,0.1677,0.9008,-0.0038,0.0000,3.7947,0.0000,0.0000,0.0000,3.9084
1,256,14,20,1,2.3837,2.9266,3.2135,3.5200,0.0000,0.0000,0.0000,0.0000,0.0000
1,257,14,20,1.5,4.3901,4.3183,5.4088,4.2117,0.0000,0.0000,0.0000,5.2070,5.1475
1,258,14,40,0.75,4.9146,5.3878,6.9920,5.5298,4.9885,5.8223,5.0571,6.6612,5.6992
1,259,14,40,1,3.9132,5.5052,6.3598,0.0000,0.0000,5.9897,5.7500,6.3129,6.2398
1,260,14,40,1.5,6.5613,8.0384,9.0169,6.3691,6.3579,7.9541,7.4701,8.5714,8.3516
1,261,14,80,0.75,7.7919,10.8658,12.3976,7.7643,6.1179,10.8917,8.8556,12.5238,10.2443
1,262,14,80,1,9.6165,13.0206,14.2133,9.5560,9.0375,12.9517,12.3280,14.1724,13.7281
1,263,14,80,1.5,12.4441,14.8886,16.5389,12.2334,11.4990,14.8598,14.1360,16.0181,15.0142
1,264,14,160,0.75,18.2878,24.0192,25.2492,18.4452,15.8136,23.9336,19.9804,25.1510,20.7472
1,265,14,160,1,22.5685,27.1144,28.8661,22.5558,20.9519,27.0915,25.6956,28.6176,26.4138
1,266,14,160,1.5,23.6508,29.2232,31.6608,23.5612,21.7244,29.3247,27.8022,31.2793,28.8601
1,267,14,320,0.75,39.8993,48.9346,53.3961,39.9300,34.3364,48.9315,40.7316,52.8070,43.5539
1,268,14,320,1,41.3111,50.4861,55.8493,41.1419,38.9668,50.3820,48.3851,54.8570,50.7840
1,269,14,320,1.5,45.2242,54.4072,59.5167,44.8164,41.7205,54.5407,51.5100,58.7145,53.9381
1,270,15,10,0.75,2.9433,3.0159,3.4510,4.7122,0.0000,0.0000,3.9481,3.7553,4.4285
1,271,15,10,1,3.7119,2.0367,2.5227,0.0000,0.0000,0.0000,0.0000,0.0000,0.0000
1,272,15,10,1.5,3.1722,2.7963,3.5077,0.0000,0.0000,4.1741,4.2829,0.0000,0.0000
1,273,15,20,0.75,3.2465,3.2624,4.0909,0.0000,0.0000,3.8306,4.0049,3.9035,0.0000
1,274,15,20,1,4.2259,4.7768,5.7512,4.4854,4.7104,4.9663,4.6970,6.2997,5.5899
1,275,15,20,1.5,3.9716,5.1568,5.0316,4.6618,4.9435,5.0896,4.8678,5.0763,4.6980
1,276,15,40,0.75,5.7171,6.1011,8.7667,5.6130,4.9383,6.0492,4.5667,8.4518,7.0875
1,277,15,40,1,8.1151,8.0891,9.9602,8.0607,7.6765,7.8079,6.3375,9.5314,7.7522
1,278,15,40,1.5,8.9678,8.3543,10.7826,8.9371,9.1708,8.3012,6.9735,10.3903,9.4350
1,279,15,80,0.75,13.8773,12.4038,18.8689,13.5918,11.4729,12.0208,8.6477,18.0414,13.9867
1,280,15,80,1,15.2157,13.9542,21.1618,15.0573,13.8637,13.7566,11.1903,20.4685,18.0983
1,281,15,80,1.5,16.8695,14.2628,21.4968,16.8562,15.2798,14.3921,11.7277,21.2381,18.3885
1,282,15,160,0.75,28.5051,26.0067,36.9719,28.2683,23.3742,25.4711,18.4124,36.2615,28.1930
1,283,15,160,1,31.3486,27.8211,40.8265,31.1082,28.6835,27.2129,21.4611,39.6957,33.7338
1,284,15,160,1.5,34.4558,29.9944,43.2040,34.2048,31.3012,29.5949,24.5958,42.5225,36.8053
1,285,15,320,0.75,56.2875,51.7132,73.8560,55.6425,46.6090,50.2487,36.0718,71.4310,54.9685
1,286,15,320,1,61.8912,55.1863,81.2359,61.2327,56.0470,53.7514,42.8263,78.4751,67.7290
1,287,15,320,1.5,68.4997,58.8211,86.4949,67.9620,61.8599,58.0155,46.4364,84.1645,72.8905
1,288,16,10,0.75,2.7321,3.7936,4.2433,0.0000,0.0000,0.0000,0.0000,0.0000,4.8929
1,289,16,10,1,2.4994,3.4800,4.4176,0.0000,0.0000,3.7407,3.7521,4.5900,0.0000
1,290,16,10,1.5,4.4721,3.6731,4.7579,0.0000,0.0000,4.6490,3.8668,3.9385,0.0000
1,291,16,20,0.75,6.0795,4.3813,6.8032,5.1182,4.8404,4.4026,4.7395,5.9229,5.2784
1,292,16,20,1,6.3245,7.6953,9.3039,6.1335,6.5223,7.4289,6.9430,8.8758,8.2340
1,293,16,20,1.5,5.9943,5.0707,8.4006,5.8040,5.6615,4.8352,4.8554,7.2340,7.2252
1,294,16,40,0.75,10.4296,9.5468,15.3310,8.7296,7.7862,8.3288,7.2159,12.6780,11.3075
1,295,16,40,1,11.5999,10.9982,16.5914,10.3374,10.5664,10.0376,10.5494,13.4032,14.0466
1,296,16,40,1.5,14.5195,12.4913,18.3188,11.8977,11.9112,10.9174,10.7986,15.0152,14.9339
1,297,16,80,0.75,23.0321,21.5045,30.9252,19.8547,18.0354,20.1366,16.9748,26.8160,22.9865
1,298,16,80,1,24.9645,23.0151,33.2346,19.8473,20.0129,20.5070,18.6676,27.3561,27.4278
1,299,16,80,1.5,25.2874,24.0429,36.0136,20.9904,20.5275,22.0629,19.8704,31.1467,29.2083
1,300,16,160,0.75,43.4720,40.6534,60.3616,35.2150,31.7532,37.3981,30.0839,50.8906,43.4969
1,301,16,160,1,49.5014,46.2301,68.7455,41.4364,41.1318,42.9521,37.9218,57.8412,55.6021
1,302,16,160,1.5,53.4913,47.8292,72.1299,43.2764,42.4205,43.7004,38.9429,60.7924,56.7012
1,303,16,320,0.75,86.7237,80.2142,121.0021,71.8918,65.0690,73.9701,60.3405,102.0999,88.7695
1,304,16,320,1,96.0752,87.6327,131.1665,78.8191,79.1515,80.7386,73.4050,110.1080,106.1647
1,305,16,320,1.5,105.3715,93.8719,143.7937,85.5600,84.7229,85.0544,76.4780,120.6259,113.3659
1,306,17,10,0.75,1.4420,2.2279,2.5364,0.0000,3.8299,4.3281,0.0000,0.0000,0.0000
1,307,17,10,1,1.2052,0.9468,1.2340,0.0000,0.0000,0.0000,0.0000,3.6070,0.0000
1,308,17,10,1.5,-1.3753,-1.2062,-0.4155,0.0000,0.0000,0.0000,0.0000,0.0000,0.0000
1,309,17,20,0.75,3.6258,2.2097,3.9975,4.0787,4.0509,0.0000,0.0000,3.8875,3.1880
1,310,17,20,1,4.1607,3.5087,5.3330,0.0000,0.0000,0.0000,0.0000,0.0000,0.0000
1,311,17,20,1.5,4.6158,3.5718,5.5292,0.0000,0.0000,0.0000,0.0000,4.8959,4.8491
1,312,17,40,0.75,6.4814,6.2384,8.3045,4.9762,4.9818,4.8360,4.4643,5.2056,6.0590
1,313,17,40,1,6.1623,5.8969,7.3617,5.3458,5.7934,5.0794,4.8690,5.8237,6.7771
1,314,17,40,1.5,7.7604,7.5360,10.5362,5.5078,5.7234,4.8624,4.2346,6.5807,8.4807
1,315,17,80,0.75,11.3495,11.7900,15.8498,7.9042,8.7566,8.3665,6.6789,9.7792,11.1227
1,316,17,80,1,14.0266,14.9214,18.3324,9.9238,11.6193,9.9623,8.7771,10.4671,12.4787
1,317,17,80,1.5,13.0071,12.5036,16.9430,8.7786,9.9375,9.3397,7.8321,11.9142,14.3427
1,318,17,160,0.75,24.0150,23.6328,32.0303,16.2159,17.0259,16.7774,12.5869,19.3597,21.5946
1,319,17,160,1,25.7578,26.8544,34.0041,16.9926,18.9398,19.9583,17.8143,19.1342,24.9276
1,320,17,160,1.5,30.4873,28.5531,39.6811,21.3159,23.7675,19.2660,17.2909,26.0932,30.9730
1,321,17,320,0.75,47.0050,48.7950,62.5702,31.9359,32.6868,35.5541,28.1017,38.5301,43.2748
1,322,17,320,1,54.1734,54.0999,70.5837,35.4038,41.6317,38.8403,33.2602,44.4133,54.8405
1,323,17,320,1.5,58.1445,57.7422,75.3587,37.6086,42.9383,40.2658,35.0928,49.4316,59.0358
1,324,18,10,0.75,0.5602,0.6212,1.1734,0.0000,0.0000,0.0000,0.0000,0.0000,0.0000
1,325,18,10,1,2.4008,2.0261,2.7239,0.0000,0.0000,4.2627,3.5415,4.5187,4.4902
1,326,18,10,1.5,3.2940,2.2171,3.3578,4.5348,4.7018,0.0000,4.1145,0.0000,0.0000
1,327,18,20,0.75,3.3396,2.8067,2.7684,0.0000,0.0000,0.0000,0.0000,3.9053,0.0000
1,328,18,20,1,3.5618,3.5728,3.4528,0.0000,0.0000,0.0000,0.0000,0.0000,0.0000
1,329,18,20,1.5,3.0355,3.5360,3.2257,0.0000,0.0000,3.7945,0.0000,4.2834,0.0000
1,330,18,40,0.75,4.1893,4.4261,5.1081,0.0000,4.4550,4.4781,4.4127,5.1501,5.5039
1,331,18,40,1,6.7234,6.5222,7.6208,5.2509,5.3987,5.5238,5.4479,5.9507,6.7995
1,332,18,40,1.5,7.6357,7.9694,9.5876,6.7608,7.2973,7.9681,8.0169,7.3602,7.8692
1,333,18,80,0.75,10.2531,10.6450,13.4794,9.6982,8.7767,10.4721,9.5187,11.5168,11.0238
1,334,18,80,1,12.6041,12.1239,13.7692,10.3769,11.6495,11.0328,11.3759,10.5958,12.2086
1,335,18,80,1.5,13.7850,12.6901,14.6600,11.3882,12.3237,11.1372,11.6820,12.2957,12.7760
1,336,18,160,0.75,21.4471,22.0113,25.7132,18.1746,16.6110,20.2705,17.8033,21.5504,20.4461
1,337,18,160,1,25.4950,24.9897,28.7370,21.1002,22.2831,22.3264,22.7638,22.6236,24.6357
1,338,18,160,1.5,24.4047,24.1861,29.4707,21.6376,21.9697,22.7690,22.5080,24.4221,26.1445
1,339,18,320,0.75,44.5394,44.8235,53.1964,36.4947,34.7607,39.5442,36.2559,43.0223,41.1761
1,340,18,320,1,48.2870,48.2975,57.2640,40.6991,42.2074,43.2983,44.4248,46.9828,49.7711
1,341,18,320,1.5,51.1387,51.4112,61.5338,42.0218,44.4180,44.9895,45.8722,49.1725,51.9928
1,342,19,10,0.75,2.0399,1.5972,1.3333,0.0000,0.0000,4.2265,0.0000,0.0000,0.0000
1,343,19,10,1,2.2593,1.0715,1.9272,0.0000,0.0000,0.0000,0.0000,0.0000,0.0000
1,344,19,10,1.5,2.7679,2.5715,3.9012,0.0000,3.9016,0.0000,0.0000,0.0000,0.0000
1,345,19,20,0.75,3.7145,2.6756,5.6243,0.0000,4.1779,0.0000,4.7519,5.7137,4.5974
1,346,19,20,1,2.7622,2.8445,3.7069,0.0000,0.0000,0.0000,0.0000,0.0000,0.0000
1,347,19,20,1.5,2.5309,2.5577,4.3227,0.0000,4.1993,0.0000,0.0000,4.8283,3.9410
1,348,19,40,0.75,5.2918,4.6223,10.0680,5.6601,4.6389,4.6641,4.6829,9.7936,7.9644
1,349,19,40,1,4.9819,4.4716,8.8416,4.7183,4.3674,5.2155,4.2306,8.8085,7.8304
1,350,19,40,1.5,8.2793,6.9722,12.3554,7.7381,7.3241,7.4299,7.5436,12.0865,11.7082
1,351,19,80,0.75,9.8473,9.5055,16.7272,9.4110,6.9468,8.7966,6.5791,15.7873,13.0782
1,352,19,80,1,9.9249,9.7277,17.4355,9.2353,7.8130,8.9739,8.5985,16.4847,16.2941
1,353,19,80,1.5,13.2828,11.5745,21.1083,11.6949,10.6919,10.2540,9.3647,19.5364,18.1060
1,354,19,160,0.75,20.2104,20.1506,33.1952,18.5118,15.9944,17.9575,15.4478,31.2680,27.1623
1,355,19,160,1,21.8079,20.1208,36.6183,19.6552,19.3198,18.2045,17.2620,34.2314,32.5186
1,356,19,160,1.5,24.8737,23.1282,41.6065,22.6652,21.6038,20.6961,19.2990,39.1805,35.2122
1,357,19,320,0.75,41.2971,40.0453,68.1025,37.6941,33.9703,36.7906,32.1412,64.7080,55.8080
1,358,19,320,1,45.9481,43.5650,73.1834,41.5266,39.8694,38.7642,37.2381,68.6688,65.5583
1,359,19,320,1.5,50.4093,46.1180,80.4968,45.5603,43.3236,41.0559,39.3308,75.2773,69.9823
1,360,20,10,0.75,0.8815,-0.5610,0.5385,0.0000,0.0000,4.6023,0.0000,3.3941,0.0000
1,361,20,10,1,-0.4213,1.1157,0.8308,0.0000,3.5199,3.6633,0.0000,4.3748,3.8220
1,362,20,10,1.5,2.5801,2.7541,2.4313,0.0000,0.0000,0.0000,4.1652,3.9621,4.1724
1,363,20,20,0.75,0.9100,1.7881,2.5450,0.0000,0.0000,4.4850,0.0000,0.0000,0.0000
1,364,20,20,1,4.7016,5.1067,5.6161,4.7761,4.7946,5.3073,5.4780,3.5238,5.5770
1,365,20,20,1.5,0.5030,1.4579,1.3113,0.0000,3.9078,4.6317,4.0222,0.0000,0.0000
1,366,20,40,0.75,4.4547,7.2680,8.6134,4.3013,4.1463,6.5585,5.9108,6.8343,5.8890
1,367,20,40,1,4.4291,6.1996,9.7312,4.9310,4.6184,5.6251,5.4850,8.3298,7.4385
1,368,20,40,1.5,5.3984,9.1776,10.2035,5.4068,5.4712,8.4881,7.7074,8.9838,8.2084
1,369,20,80,0.75,9.6986,14.4982,16.5347,9.3427,8.3834,13.8712,12.0413,15.7494,13.0251
1,370,20,80,1,10.9697,14.7391,18.5424,10.9863,10.2455,14.6246,13.9186,16.7679,15.3339
1,371,20,80,1.5,12.2545,16.2408,18.6186,11.6015,10.9991,15.7994,14.2956,17.3571,15.7511
1,372,20,160,0.75,18.4718,27.7601,31.3207,17.7837,15.7015,26.2428,22.3814,28.7847,24.2799
1,373,20,160,1,21.0399,29.9292,33.8540,20.3901,19.5090,28.6819,27.0036,30.9279,28.9504
1,374,20,160,1.5,23.4468,33.5684,39.7982,22.4757,21.7507,31.4039,30.1939,35.7020,33.5610
1,375,20,320,0.75,39.5245,58.7326,66.5532,38.4252,33.1486,56.1621,47.3879,62.2644,51.6603
1,376,20,320,1,40.6404,59.9999,69.7743,39.4096,37.6152,57.0003,53.3605,63.7664,58.4269
1,377,20,320,1.5,44.3696,64.2036,75.4526,41.8643,40.5573,60.0084,57.4424,68.1331,62.8138
1,378,21,10,0.75,1.2025,1.8336,1.5517,3.7509,0.0000,0.0000,0.0000,4.3749,4.1740
1,379,21,10,1,2.9351,3.1219,4.2021,3.9488,4.0660,0.0000,0.0000,0.0000,0.0000
1,380,21,10,1.5,2.7960,3.5816,3.9661,0.0000,0.0000,0.0000,0.0000,4.1071,0.0000
1,381,21,20,0.75,4.1336,4.2156,5.1444,4.1120,0.0000,0.0000,0.0000,0.0000,0.0000
1,382,21,20,1,4.0346,3.7674,4.9645,4.2144,4.1850,0.0000,0.0000,4.3983,4.1461
1,383,21,20,1.5,3.8800,4.9955,5.4630,0.0000,0.0000,0.0000,4.2890,0.0000,4.2424
1,384,21,40,0.75,8.3065,8.4249,10.2871,6.5180,6.2712,6.0526,6.7025,5.6766,6.1309
1,385,21,40,1,9.7737,10.1366,12.2798,7.0740,7.7259,7.4617,8.3844,7.4331,8.9886
1,386,21,40,1.5,11.3573,11.2705,14.1119,7.4720,8.5010,7.5619,8.8722,8.1648,10.3431
1,387,21,80,0.75,18.0657,19.6748,24.4653,14.3157,13.9378,15.3210,15.0681,15.7538,16.2500
1,388,21,80,1,20.4943,21.0770,26.1890,14.4861,16.5097,15.9395,17.5785,16.0375,18.8452
1,389,21,80,1.5,22.6577,22.6263,28.2728,15.3753,17.4532,16.8595,18.3074,16.8402,20.5087
1,390,21,160,0.75,35.8363,36.2639,46.5300,27.2470,25.4932,28.0520,26.8274,28.7294,30.0253
1,391,21,160,1,42.4127,43.5699,52.9765,31.7102,34.7287,32.4820,36.1029,32.4679,39.5425
1,392,21,160,1.5,40.9850,43.4858,54.6069,29.6743,31.5447,31.7535,33.6997,32.9154,38.0019
1,393,21,320,0.75,69.3196,71.3331,90.7987,52.5173,49.5934,53.6201,51.8124,56.4911,58.0967
1,394,21,320,1,81.2701,82.1467,103.6520,60.4843,65.7274,62.4570,67.8198,64.4702,74.3938
1,395,21,320,1.5,88.3424,88.4715,112.2765,65.3508,70.5157,66.9114,73.5347,70.3820,81.8941
1,396,22,10,0.75,1.5794,2.2407,1.5172,0.0000,0.0000,4.0480,3.7575,0.0000,0.0000
1,397,22,10,1,0.9596,2.2900,2.3056,0.0000,0.0000,0.0000,0.0000,0.0000,0.0000
1,398,22,10,1.5,1.9104,2.5966,2.3804,3.8561,3.8777,0.0000,0.0000,0.0000,3.5466
1,399,22,20,0.75,2.4866,4.1532,3.8562,0.0000,3.6535,0.0000,0.0000,0.0000,0.0000
1,400,22,20,1,5.0215,3.9476,5.4563,5.3263,5.2893,5.2145,4.7410,0.0000,4.1395
1,401,22,20,1.5,4.1846,6.3957,5.2387,4.4954,0.0000,5.7865,4.6326,4.5917,0.0000
1,402,22,40,0.75,6.2975,9.4939,7.9971,5.0485,4.3432,8.1034,6.7407,5.6163,5.3331
1,403,22,40,1,5.5764,8.4485,7.6032,4.2594,4.2847,5.9306,7.7715,5.6272,4.8185
1,404,22,40,1.5,6.1989,8.5438,7.9020,5.1809,0.0000,7.4941,6.1677,5.8746,5.2885
1,405,22,80,0.75,12.1291,16.0628,16.4603,10.0593,7.5658,13.3956,10.9662,11.2817,8.7486
1,406,22,80,1,15.6921,19.1813,17.8659,11.6472,10.5591,15.4995,14.9423,12.0249,13.3610
1,407,22,80,1.5,14.4586,20.1904,18.1064,12.1273,9.5962,16.7665,15.0007,14.1231,10.7023
1,408,22,160,0.75,26.6433,33.2153,32.0861,22.7063,16.6658,29.1566,22.7859,23.0167,16.9355
1,409,22,160,1,26.8358,37.2205,35.2512,21.5411,17.3166,29.4698,28.6978,25.4922,20.4450
1,410,22,160,1.5,29.3958,40.7519,38.4059,24.1715,19.7998,33.5059,29.8958,28.0510,22.6643
1,411,22,320,0.75,49.2854,66.3018,63.8615,39.9038,30.1377,55.2101,45.4526,47.0745,35.0567
1,412,22,320,1,54.5708,74.3955,71.2554,43.7522,35.4776,61.2182,56.3654,51.8724,41.8631
1,413,22,320,1.5,59.0695,80.8270,75.7706,47.0718,38.2088,65.2675,60.6083,55.3760,44.7395
1,414,23,10,0.75,1.3147,1.1212,3.0201,0.0000,0.0000,0.0000,4.4537,0.0000,0.0000
1,415,23,10,1,0.3622,3.2048,1.8886,4.0504,4.1025,4.2490,4.8533,3.9996,4.2208
1,416,23,10,1.5,2.9364,3.1162,3.8514,0.0000,3.9463,0.0000,0.0000,0.0000,0.0000
1,417,23,20,0.75,3.1224,5.5576,4.8138,4.2945,4.3591,5.1850,4.7259,4.1403,4.3029
1,418,23,20,1,3.4423,5.5408,5.6497,0.0000,4.3165,4.8505,4.9096,0.0000,0.0000
1,419,23,20,1.5,4.5090,7.1213,6.7350,4.6596,0.0000,5.9741,5.2488,5.5484,0.0000
1,420,23,40,0.75,6.7301,9.4505,9.5253,5.3088,5.2737,7.4855,6.8565,6.0527,6.0222
1,421,23,40,1,8.3432,12.0817,11.8407,5.9543,6.4180,9.4820,10.1550,7.4297,8.1011
1,422,23,40,1.5,11.6465,14.4956,14.5054,8.7298,8.5427,11.7579,10.7627,8.6611,8.3100
1,423,23,80,0.75,14.2505,20.0262,21.2120,12.1949,11.0430,17.8235,15.8565,14.6582,13.8391
1,424,23,80,1,17.5049,24.8665,25.4644,12.5226,12.0177,19.5200,19.1772,16.3031,17.1225
1,425,23,80,1.5,18.9758,24.4457,25.4239,14.1686,14.0132,20.1295,20.4477,16.6468,18.0528
1,426,23,160,0.75,30.0120,43.8313,43.3520,23.5099,20.9894,36.9347,33.1809,29.1359,27.9810
1,427,23,160,1,34.7372,49.3969,48.3811,25.8720,26.0131,41.0758,41.2350,32.4944,34.7636
1,428,23,160,1.5,36.7506,51.0184,51.0791,29.7866,28.7544,44.0649,43.1559,34.8913,36.0976
1,429,23,320,0.75,62.0842,87.9725,86.0756,50.0242,44.6954,74.9988,67.1458,60.0005,57.1236
1,430,23,320,1,68.1099,95.7313,95.3037,52.9809,52.8320,79.8210,80.4872,63.9428,68.3704
1,431,23,320,1.5,74.9276,103.8205,102.7493,58.7349,58.4365,87.8308,88.2937,69.7480,74.4655
1,432,24,10,0.75,2.2819,3.1679,3.8162,0.0000,0.0000,0.0000,0.0000,0.0000,0.0000
1,433,24,10,1,3.9030,4.3799,3.7597,0.0000,0.0000,4.1145,0.0000,0.0000,0.0000
1,434,24,10,1.5,2.9754,3.2855,3.2735,4.2677,4.3183,4.3406,4.2310,0.0000,4.0172
1,435,24,20,0.75,3.6084,5.7698,7.5065,0.0000,0.0000,4.7320,4.6255,4.7871,4.3947
1,436,24,20,1,3.4260,4.6159,5.2709,0.0000,0.0000,0.0000,4.0911,0.0000,4.4246
1,437,24,20,1.5,6.7322,8.7678,8.3561,5.6762,5.4485,7.0058,6.6918,7.6347,6.9786
1,438,24,40,0.75,8.3517,12.4211,12.1116,7.1244,6.3387,9.0196,7.6886,9.8079,7.9867
1,439,24,40,1,7.9749,11.8554,12.0791,6.8844,6.7084,8.5400,7.8487,9.8521,9.1084
1,440,24,40,1.5,8.7794,13.9420,13.7066,6.9594,7.0249,9.1742,8.9382,10.1397,9.7453
1,441,24,80,0.75,15.7552,24.8628,25.2971,13.9129,12.3616,17.6267,15.9059,19.8702,17.1287
1,442,24,80,1,18.5940,26.9283,27.6767,14.4601,13.8937,18.6581,18.3245,20.9311,20.2237
1,443,24,80,1.5,19.7080,27.6259,28.9989,16.1444,15.7263,19.5013,19.1460,22.0912,21.2586
1,444,24,160,0.75,33.5964,49.8074,50.3506,27.7232,23.9792,34.7542,30.1699,38.2832,32.3041
1,445,24,160,1,38.5104,54.3219,56.0764,31.1557,30.7403,38.3371,38.0066,42.4276,41.1262
1,446,24,160,1.5,41.7675,59.4003,61.2816,33.7782,32.2932,41.1658,39.7460,45.6857,42.7284
1,447,24,320,0.75,66.1587,97.9378,101.4048,56.5430,48.2292,70.6862,60.3783,78.2983,65.5557
1,448,24,320,1,72.7309,107.7136,109.8814,60.5852,58.9009,75.2173,73.5080,83.3805,79.4970
1,449,24,320,1.5,81.6542,115.4317,120.1135,64.2099,61.9507,79.3530,76.7800,88.0926,83.4703
1,450,25,10,0.75,1.6121,2.6303,2.3951,4.1673,3.8032,0.0000,3.8984,0.0000,0.0000
1,451,25,10,1,0.7703,1.8401,2.1106,0.0000,0.0000,0.0000,0.0000,0.0000,0.0000
1,452,25,10,1.5,0.6755,1.2697,1.4769,0.0000,0.0000,0.0000,3.4999,0.0000,0.0000
1,453,25,20,0.75,2.7224,3.8960,4.1845,4.1812,4.3885,0.0000,0.0000,0.0000,0.0000
1,454,25,20,1,4.9722,3.9021,4.5224,0.0000,0.0000,0.0000,0.0000,0.0000,0.0000
1,455,25,20,1.5,1.9105,2.9556,2.6532,0.0000,0.0000,0.0000,0.0000,0.0000,0.0000
1,456,25,40,0.75,6.3797,6.9531,7.1926,4.8045,4.5355,5.0199,4.9399,4.6935,3.9926
1,457,25,40,1,4.8442,5.9293,6.7919,5.7155,5.7556,6.9826,6.2789,6.8192,6.3128
1,458,25,40,1.5,7.6925,7.9175,8.9031,6.0956,5.7316,5.2664,5.0771,6.7735,6.5416
1,459,25,80,0.75,9.8801,13.1620,14.9746,8.2486,6.6604,8.9115,7.6489,10.6118,9.3074
1,460,25,80,1,11.8303,13.3476,14.9133,9.9231,8.9713,9.7868,8.1882,10.0742,9.4011
1,461,25,80,1.5,12.2911,14.3939,16.5619,9.8736,9.0504,11.0134,10.7734,12.6583,11.8431
1,462,25,160,0.75,19.1420,22.8141,25.6138,15.2306,13.0428,16.4957,14.4969,18.6270,16.4997
1,463,25,160,1,22.6857,27.2193,30.0657,17.7265,16.3014,18.8284,18.1960,21.4953,20.2252
1,464,25,160,1.5,24.5269,27.8112,31.7442,20.8874,19.5884,20.1998,18.1012,24.1443,23.8070
1,465,25,320,0.75,41.9721,48.6067,53.8278,32.7327,27.3266,34.0284,28.9885,38.6389,34.3211
1,466,25,320,1,45.3059,53.3012,57.9578,36.9282,34.2370,38.6035,37.3341,41.3633,40.6080
1,467,25,320,1.5,47.0773,55.0613,61.2499,37.9519,36.3477,38.5042,36.7349,44.8496,43.3840
1,468,26,10,0.75,1.9771,0.8733,2.1383,0.0000,0.0000,3.9787,0.0000,0.0000,0.0000
1,469,26,10,1,1.2039,0.5727,1.3795,0.0000,0.0000,0.0000,4.3538,0.0000,0.0000
1,470,26,10,1.5,1.3954,0.5319,1.1851,0.0000,0.0000,0.0000,0.0000,3.7631,3.6367
1,471,26,20,0.75,2.9598,3.9150,3.3546,0.0000,0.0000,4.2711,3.9520,4.0083,0.0000
1,472,26,20,1,3.1140,3.7953,4.2483,4.3678,4.3706,0.0000,0.0000,4.1923,0.0000
1,473,26,20,1.5,3.4259,4.1513,3.7150,4.0799,4.0448,0.0000,0.0000,0.0000,3.2937
1,474,26,40,0.75,7.3750,8.9988,8.2877,6.9740,6.3091,8.4554,7.3389,7.6696,6.8967
1,475,26,40,1,5.2512,5.8345,7.1297,5.9940,5.4989,6.0093,6.0720,6.7444,6.2696
1,476,26,40,1.5,6.9787,8.9509,9.8209,7.4002,7.0365,8.2472,8.3328,9.1207,8.9911
1,477,26,80,0.75,11.7699,14.4089,15.7620,11.1030,9.6146,13.7011,12.0136,14.5570,12.6996
1,478,26,80,1,12.3533,14.9536,17.5699,11.5191,11.2171,13.9969,13.5306,15.7276,15.4649
1,479,26,80,1.5,13.0400,16.0688,17.5040,12.6205,11.3848,15.3860,14.2515,16.2059,15.0013
1,480,26,160,0.75,21.9312,27.8661,29.9124,20.8568,17.9436,26.3349,22.3255,27.8070,23.3337
1,481,26,160,1,25.1408,31.3090,35.1115,24.7859,23.6816,29.6546,28.0097,32.3800,30.4979
1,482,26,160,1.5,26.5658,33.5652,37.6939,25.9568,24.4608,31.9465,30.1127,35.0154,32.8406
1,483,26,320,0.75,44.8611,57.2295,64.5413,43.0591,36.7427,53.9868,45.3981,58.7191,49.1346
1,484,26,320,1,49.6596,62.0337,69.4683,47.3056,45.3683,57.9106,55.3236,62.9193,60.1903
1,485,26,320,1.5,52.1007,66.2417,74.8381,49.8883,46.0370,61.9269,57.6442,67.5630,62.7285
1,486,27,10,0.75,2.2873,1.1556,2.7938,0.0000,0.0000,4.5837,4.4902,4.1532,0.0000
1,487,27,10,1,0.1865,1.1242,0.7057,0.0000,0.0000,0.0000,4.0785,0.0000,0.0000
1,488,27,10,1.5,1.2428,0.6243,1.6331,0.0000,0.0000,0.0000,0.0000,0.0000,0.0000
1,489,27,20,0.75,3.5527,3.5550,6.4155,4.5298,4.6792,0.0000,0.0000,5.8349,5.1239
1,490,27,20,1,3.7628,2.9914,5.3672,4.7461,4.5995,0.0000,0.0000,5.2988,4.7618
1,491,27,20,1.5,5.7439,3.5015,5.9516,5.8608,4.9951,4.0916,0.0000,5.9351,4.2413
1,492,27,40,0.75,10.5154,6.9743,11.6333,9.5691,8.5783,6.8213,6.3167,10.4482,9.8251
1,493,27,40,1,9.9407,7.3174,11.1411,9.7748,8.9603,7.0267,6.7527,10.3108,8.9980
1,494,27,40,1.5,9.1993,5.4426,10.7068,8.6521,8.0985,5.0116,5.6501,9.9450,9.5760
1,495,27,80,0.75,16.8504,12.0223,20.5455,15.5314,13.9339,10.5412,9.6940,18.4693,15.9417
1,496,27,80,1,18.9551,15.5651,24.5285,17.4310,17.0540,14.1550,13.0917,22.6949,20.5725
1,497,27,80,1.5,19.7844,13.7679,24.4248,18.4898,17.6434,12.8119,12.4788,23.0932,19.6663
1,498,27,160,0.75,34.8655,25.6385,43.8750,32.3276,27.5027,22.5229,20.0722,40.3988,32.0579
1,499,27,160,1,39.3011,27.4767,48.1323,36.4507,34.0372,24.2015,23.6234,44.5121,39.4247
1,500,27,160,1.5,40.6806,29.6178,50.4448,37.9996,35.2677,26.8101,25.6133,47.1837,40.5680
1,501,27,320,0.75,68.5619,51.0992,86.2122,63.0876,53.2065,44.6354,38.8576,78.9263,62.5882
1,502,27,320,1,75.5173,54.7242,94.5806,69.5549,65.1742,48.0439,47.7577,86.7157,78.0646
1,503,27,320,1.5,85.9029,59.8277,102.4767,80.5825,73.4478,52.7668,51.4198,95.2839,82.5399
1,504,28,10,0.75,0.6547,3.0069,3.6049,0.0000,0.0000,4.1826,3.9323,3.7044,4.2169
1,505,28,10,1,0.1243,0.0803,1.1703,4.1677,0.0000,0.0000,0.0000,0.0000,0.0000
1,506,28,10,1.5,0.8532,0.9154,1.0399,0.0000,0.0000,0.0000,0.0000,0.0000,4.8525
1,507,28,20,0.75,2.7112,4.8638,5.5994,4.7426,4.5263,5.0004,4.5774,5.3690,4.8096
1,508,28,20,1,2.8196,4.2404,5.3001,4.6002,4.5086,4.4789,4.7469,5.2177,5.3675
1,509,28,20,1.5,2.2252,3.7794,4.6517,4.3450,3.2818,5.3879,5.4479,4.9576,5.2802
1,510,28,40,0.75,6.0428,7.7819,8.7671,5.7552,0.0000,6.8931,6.7165,7.7421,8.0031
1,511,28,40,1,6.4300,6.4079,9.3229,5.9449,5.8257,7.0597,6.2645,8.1487,8.8496
1,512,28,40,1.5,8.5940,9.4357,12.8003,7.8831,6.5446,9.3775,8.5155,10.8841,10.5532
1,513,28,80,0.75,12.1783,16.2663,19.6605,11.1938,11.0215,15.7653,14.5508,17.4373,17.7754
1,514,28,80,1,13.3138,16.2042,20.8768,11.7080,11.1060,15.5452,15.1344,17.9027,19.5276
1,515,28,80,1.5,14.8445,20.1941,23.1054,12.6840,11.6777,19.7948,18.2244,19.5763,20.3607
1,516,28,160,0.75,25.3888,32.4181,37.5718,21.4254,20.8430,30.3018,26.9811,31.7604,30.6561
1,517,28,160,1,27.4530,34.9788,41.1831,22.2843,23.4578,32.9525,32.5596,34.7358,37.6296
1,518,28,160,1.5,31.5476,38.6196,45.7147,26.1622,27.6409,36.5496,35.7177,38.7269,41.6501
1,519,28,320,0.75,50.5882,64.5857,76.1791,41.1725,39.9208,59.9994,53.7018,65.3563,63.3793
1,520,28,320,1,57.6742,71.6550,83.5933,48.0227,49.5589,67.1750,65.9963,71.7434,76.5019
1,521,28,320,1.5,61.2396,74.2187,90.7132,50.1090,51.5524,70.4963,69.3976,75.5129,81.9851
1,522,29,10,0.75,1.3230,2.7478,4.3045,0.0000,0.0000,0.0000,0.0000,4.3019,0.0000
1,523,29,10,1,1.0902,0.1208,1.6692,0.0000,0.0000,0.0000,0.0000,0.0000,0.0000
1,524,29,10,1.5,2.0868,2.1094,3.0190,3.2997,3.2445,0.0000,0.0000,4.8968,4.2804
1,525,29,20,0.75,4.1314,5.4022,5.5836,5.0360,4.5417,4.9224,4.6961,4.8130,0.0000
1,526,29,20,1,4.6324,5.9650,6.8562,4.7956,4.4956,5.6411,5.4848,5.8832,5.1282
1,527,29,20,1.5,5.0943,5.4517,5.0751,5.2112,5.2845,4.9557,5.0523,5.1485,4.8914
1,528,29,40,0.75,7.5787,9.5306,9.8773,6.3879,5.9334,7.6187,7.2479,7.5396,6.5792
1,529,29,40,1,7.5717,8.0632,10.0866,7.0188,6.3186,7.4929,6.9595,7.8357,6.2010
1,530,29,40,1.5,7.4884,11.0059,11.5387,6.7098,6.2973,8.9138,8.9435,7.7417,6.7883
1,531,29,80,0.75,13.0717,17.4641,18.2626,10.9167,8.5573,12.3417,12.0251,12.0022,10.4141
1,532,29,80,1,13.9856,18.6124,19.2785,12.8865,12.5334,14.1713,14.1298,13.8564,12.8373
1,533,29,80,1.5,17.7978,23.4102,23.0916,14.6806,14.3505,17.2085,17.0024,15.9447,14.5159
1,534,29,160,0.75,25.0089,34.0552,37.8021,21.8882,17.2557,24.5010,22.7551,25.1258,21.7185
1,535,29,160,1,28.6461,39.4760,42.9242,22.9779,21.7527,28.5499,30.9532,26.7380,25.6607
1,536,29,160,1.5,33.5675,43.0558,45.7249,27.5726,24.9528,31.0955,32.2491,30.9199,27.5558
1,537,29,320,0.75,54.9573,72.0880,75.8382,47.1639,40.0263,53.6620,50.5010,53.0156,43.6945
1,538,29,320,1,59.9484,79.9477,85.0557,51.3898,47.3061,58.5144,60.7874,58.9051,54.2027
1,539,29,320,1.5,64.7858,84.9563,90.9019,53.5789,48.6516,61.1628,63.0696,60.6090,55.6739
1,540,30,10,0.75,2.2489,2.0581,1.9824,0.0000,0.0000,0.0000,0.0000,4.2013,0.0000
1,541,30,10,1,1.7922,2.4950,1.7215,0.0000,0.0000,0.0000,4.1495,4.5199,4.4774
1,542,30,10,1.5,1.7372,2.2972,1.6744,0.0000,0.0000,0.0000,0.0000,4.1879,4.4806
1,543,30,20,0.75,4.6790,3.9933,3.7635,4.7541,4.5739,0.0000,3.9198,3.5387,0.0000
1,544,30,20,1,5.2547,4.6606,4.4638,4.4111,0.0000,4.3674,0.0000,4.2083,0.0000
1,545,30,20,1.5,4.8566,5.5330,5.3917,4.6233,4.1700,5.4459,5.1509,0.0000,0.0000
1,546,30,40,0.75,7.4921,9.6850,9.6926,6.4194,4.8143,9.5122,7.9143,5.3240,4.8063
1,547,30,40,1,6.4238,8.4529,9.0128,4.7935,4.8721,8.3944,8.4425,4.5980,5.3212
1,548,30,40,1.5,9.1250,10.6457,11.7815,6.7263,6.7192,10.7744,9.7311,6.6010,8.1498
1,549,30,80,0.75,14.4410,18.2414,17.4076,10.9412,8.5462,17.6703,15.4354,9.5856,8.3337
1,550,30,80,1,15.2970,17.7478,19.0173,11.1854,10.3868,16.5686,15.8824,9.8795,11.9262
1,551,30,80,1.5,17.9654,20.3551,20.9393,12.6727,11.4332,19.6931,18.6148,11.7605,11.6397
1,552,30,160,0.75,29.1447,34.8368,36.2057,20.6229,16.1842,32.8496,27.2154,18.9383,18.4535
1,553,30,160,1,33.6413,37.9635,40.1680,24.1071,21.5944,35.6835,33.4674,21.8987,22.5366
1,554,30,160,1.5,34.3618,40.4895,42.7219,26.5936,22.1948,38.5392,35.7792,23.7280,24.4555
1,555,30,320,0.75,56.8061,68.2572,70.1662,40.4107,32.9362,64.7062,54.4869,38.5176,35.2509
1,556,30,320,1,64.1114,75.8212,78.8467,47.1758,40.8177,71.5958,68.0145,44.0423,44.3626
1,557,30,320,1.5,68.5474,78.9985,82.4146,51.5766,45.3390,74.5970,70.5863,45.3990,47.5789
1,558,31,10,0.75,1.9894,0.2538,2.2751,0.0000,0.0000,0.0000,0.0000,0.0000,0.0000
1,559,31,10,1,5.0548,4.3157,5.0103,5.0626,0.0000,4.6189,0.0000,0.0000,0.0000
1,560,31,10,1.5,1.0683,1.9165,2.4926,0.0000,3.8260,0.0000,0.0000,0.0000,0.0000
1,561,31,20,0.75,3.8719,2.7368,5.1164,4.3814,4.2606,3.4963,0.0000,4.6196,4.9352
1,562,31,20,1,5.0879,4.1427,6.6675,0.0000,4.8770,4.8766,4.6849,5.9460,5.4991
1,563,31,20,1.5,4.6157,3.7672,7.2216,0.0000,0.0000,0.0000,0.0000,5.2097,4.8311
1,564,31,40,0.75,8.7519,6.5369,12.1183,6.5853,5.9343,5.0871,4.5077,7.8686,6.6436
1,565,31,40,1,11.0459,7.1082,16.0649,7.2953,7.0258,5.5247,5.3770,10.1287,9.5525
1,566,31,40,1.5,10.6041,7.3174,14.3724,6.9036,6.2562,5.9913,5.4495,8.8945,8.5051
1,567,31,80,0.75,17.3979,12.8691,25.0395,12.3513,10.9670,9.2269,8.2659,16.1544,14.5572
1,568,31,80,1,20.3923,14.2844,28.2333,13.9188,14.2347,10.4681,9.6706,18.1583,17.8340
1,569,31,80,1.5,20.3601,14.6065,29.2099,13.3110,12.6701,10.1389,9.7493,17.8696,17.1527
1,570,31,160,0.75,34.5232,25.5237,50.7446,22.1299,19.5881,18.2104,15.5024,32.5663,29.2506
1,571,31,160,1,37.4170,27.3479,54.4464,25.1097,23.9794,17.9507,17.1452,34.4109,34.2627
1,572,31,160,1.5,44.5624,30.9515,61.0053,29.2138,26.7332,20.0961,19.8477,38.3837,36.8290
1,573,31,320,0.75,72.0861,52.0514,99.4002,50.0185,42.8644,36.9554,31.6562,64.3506,55.8685
1,574,31,320,1,77.9431,56.1662,111.5199,52.1630,49.7435,37.2036,37.1164,68.8032,68.2826
1,575,31,320,1.5,85.9091,59.3666,120.9378,57.1671,53.7439,40.8187,39.2819,76.0546,72.5575
1,576,32,10,0.75,3.7336,4.4823,4.7187,0.0000,0.0000,4.9846,4.8243,0.0000,0.0000
1,577,32,10,1,3.4630,3.6567,4.9004,0.0000,0.0000,0.0000,0.0000,0.0000,0.0000
1,578,32,10,1.5,2.5852,2.4871,4.4905,0.0000,0.0000,0.0000,0.0000,0.0000,0.0000
1,579,32,20,0.75,4.9170,6.3392,8.5535,4.8629,0.0000,6.0272,5.3494,6.1917,4.8664
1,580,32,20,1,6.4480,6.8548,8.6052,4.8798,4.7191,5.7253,5.2647,6.3448,4.8092
1,581,32,20,1.5,6.2246,6.9878,8.2031,4.7455,4.3261,5.4690,5.2930,5.4063,5.7530
1,582,32,40,0.75,11.9440,12.2487,14.6811,10.8387,10.0340,10.5202,8.9244,11.5835,9.2366
1,583,32,40,1,10.7480,14.0358,17.3023,9.7657,9.4940,11.6820,11.1842,13.0247,11.4702
1,584,32,40,1.5,12.3231,14.5604,16.6013,11.0831,9.5858,12.6889,11.4015,13.0518,10.4746
1,585,32,80,0.75,22.5196,24.7552,30.2598,19.9763,15.9017,21.0745,16.8429,23.4662,18.4191
1,586,32,80,1,25.3539,27.1192,33.9340,23.3715,21.5784,23.2668,21.1120,26.3564,21.5825
1,587,32,80,1.5,24.8865,30.0765,35.8107,22.8089,20.7768,26.3992,23.6101,28.1858,24.0529
1,588,32,160,0.75,40.3383,47.4834,58.1261,37.0644,29.7649,41.8391,33.8127,45.0089,33.5331
1,589,32,160,1,46.3428,54.6105,67.0256,42.5710,38.7109,47.3761,42.6372,51.4659,43.6131
1,590,32,160,1.5,50.0227,57.9642,71.1542,45.6018,41.1286,51.0851,45.7298,54.6008,45.1209
1,591,32,320,0.75,83.1929,97.3917,118.3974,75.3892,61.8020,84.0926,67.9798,91.4982,68.8716
1,592,32,320,1,91.1543,107.8755,131.7229,82.3652,74.6046,94.3255,85.3256,101.6888,84.4646
1,593,32,320,1.5,99.6456,115.9549,143.4647,89.8115,80.7823,100.8420,91.0210,108.3233,91.3323
1,594,33,10,0.75,2.8982,3.5176,5.2742,0.0000,0.0000,0.0000,0.0000,0.0000,0.0000
1,595,33,10,1,2.6563,1.8417,2.0073,0.0000,0.0000,4.4043,0.0000,0.0000,3.5103
1,596,33,10,1.5,3.6132,2.9279,4.0115,0.0000,4.5173,0.0000,0.0000,0.0000,0.0000
1,597,33,20,0.75,3.3951,4.5019,6.1844,0.0000,0.0000,4.6923,4.8151,5.7880,5.4028
1,598,33,20,1,4.3971,4.5380,7.0821,0.0000,4.0999,4.1711,3.9936,6.5170,5.9664
1,599,33,20,1.5,3.9310,4.8653,8.3633,4.4336,0.0000,4.5119,4.2814,6.9642,6.6186
1,600,33,40,0.75,7.4725,7.9483,13.4358,5.9350,4.9668,6.4022,5.7530,10.4554,9.0123
1,601,33,40,1,7.7113,8.5462,13.0579,6.9667,6.8436,7.9547,7.3483,10.0313,10.1562
1,602,33,40,1.5,9.0731,9.3621,15.2272,8.7790,7.2036,8.2428,7.4207,12.3754,10.9533
1,603,33,80,0.75,14.4348,17.2391,25.9337,12.2037,10.6966,14.8952,12.7386,21.4308,18.2127
1,604,33,80,1,17.3105,18.1457,27.1138,14.2906,14.2692,15.9499,15.6738,22.1565,21.6209
1,605,33,80,1.5,19.0767,19.9286,31.6098,15.8586,13.4485,16.7936,16.0205,26.5436,24.2038
1,606,33,160,0.75,30.1843,32.2229,51.3607,25.0479,22.7265,27.0348,22.7999,42.2562,35.9901
1,607,33,160,1,33.8506,35.0942,56.6518,29.0590,26.4268,30.6462,29.6471,46.6981,45.1400
1,608,33,160,1.5,39.0145,38.7203,62.6326,32.2144,30.4434,33.4497,31.6700,51.1925,47.4476
1,609,33,320,0.75,61.1380,66.1340,101.8099,50.7953,43.4572,55.9080,48.7684,82.8832,72.0611
1,610,33,320,1,71.1941,74.5106,114.6484,58.2085,55.7026,63.3803,61.4387,93.9232,90.1610
1,611,33,320,1.5,74.5969,78.0138,122.5419,63.1194,56.8930,66.4415,63.2582,99.1924,93.5810
1,612,34,10,0.75,1.5883,2.5447,2.0203,0.0000,0.0000,3.7559,3.6059,3.7886,4.1492
1,613,34,10,1,-1.2669,2.4556,2.7231,0.0000,0.0000,4.2329,4.1779,4.2993,4.4383
1,614,34,10,1.5,1.5613,1.6912,1.9718,0.0000,5.0280,0.0000,4.8241,4.4218,5.0514
1,615,34,20,0.75,2.1713,4.4052,4.0764,4.3913,0.0000,4.6376,4.6062,4.9363,4.2353
1,616,34,20,1,2.8092,5.1302,5.7718,0.0000,0.0000,4.6670,4.7835,5.7066,5.9569
1,617,34,20,1.5,2.0382,5.8625,5.6543,0.0000,0.0000,5.5419,5.6307,5.4956,5.6995
1,618,34,40,0.75,3.8087,10.1259,10.8708,3.9705,2.8311,9.3885,8.2157,9.7654,8.3823
1,619,34,40,1,4.3982,11.1831,9.2309,4.7748,4.5665,11.3758,10.9282,8.9962,8.7042
1,620,34,40,1.5,6.4040,12.8303,12.4498,5.5339,4.9538,12.4229,11.5110,11.1827,10.3075
1,621,34,80,0.75,9.4103,20.8260,20.0211,8.7445,7.6666,19.2209,16.5382,18.4201,15.4871
1,622,34,80,1,11.1850,21.7287,22.2984,10.0177,9.5745,20.0590,19.0500,20.2002,19.7968
1,623,34,80,1.5,11.4187,23.6962,23.8248,10.6633,9.7757,22.3265,21.6820,22.1005,21.2737
1,624,34,160,0.75,20.4025,39.3198,39.6699,19.1445,16.0463,35.5131,31.4671,35.9820,31.5296
1,625,34,160,1,21.6533,43.1004,45.0434,19.1691,18.9815,39.4854,38.3843,40.9487,39.7880
1,626,34,160,1.5,23.0780,46.6166,49.2309,20.4409,19.2278,44.2303,42.2900,46.5873,43.8582
1,627,34,320,0.75,39.7959,79.7214,82.1375,35.6747,30.7704,72.1479,63.8941,75.1034,65.6664
1,628,34,320,1,47.4592,90.9277,92.8767,42.8895,41.3969,83.0400,80.7250,85.3394,82.5871
1,629,34,320,1.5,48.4092,94.2913,98.2683,42.6272,39.9426,88.7544,83.9064,91.7297,86.1667
1,630,35,10,0.75,2.5437,3.5856,3.5334,0.0000,0.0000,0.0000,0.0000,0.0000,0.0000
1,631,35,10,1,1.8383,2.9508,2.3724,0.0000,0.0000,0.0000,0.0000,0.0000,0.0000
1,632,35,10,1.5,3.8601,4.3547,4.9228,3.7235,4.0406,0.0000,4.6337,5.4148,5.1276
1,633,35,20,0.75,3.8213,4.8362,5.1650,4.3285,0.0000,4.9441,4.5877,4.9595,4.3772
1,634,35,20,1,4.2942,5.7996,4.4623,4.6648,4.8051,5.7070,5.7680,0.0000,4.3490
1,635,35,20,1.5,1.2900,2.3422,1.9398,0.0000,0.0000,0.0000,0.0000,0.0000,4.3039
1,636,35,40,0.75,6.1326,8.3000,7.6051,6.0948,5.7764,8.1601,7.3148,6.8544,6.7751
1,637,35,40,1,7.7655,9.1959,9.2979,7.6411,6.9222,9.2320,9.0876,9.0350,8.0192
1,638,35,40,1.5,8.5557,11.4583,11.9325,8.2964,7.3950,11.3522,10.7854,11.1441,10.2497
1,639,35,80,0.75,13.8657,16.4809,16.6172,13.1198,11.4698,16.4828,13.8850,15.4409,13.3406
1,640,35,80,1,15.8560,18.6284,18.6859,14.2608,15.3743,18.5183,18.8154,16.3523,18.5087
1,641,35,80,1.5,14.6774,19.2683,19.7944,13.5870,13.3437,18.7312,18.3321,18.2908,16.3659
1,642,35,160,0.75,26.0334,33.3766,33.6581,24.3758,21.3409,33.0130,28.5577,31.3801,26.4919
1,643,35,160,1,27.3735,33.9621,34.2729,25.4998,26.2175,33.4002,33.8157,31.3590,31.5011
1,644,35,160,1.5,31.1793,38.0977,39.2456,29.1589,28.6129,37.5310,36.4456,36.3677,34.4610
1,645,35,320,0.75,52.4347,66.0253,66.1057,49.6228,43.0109,65.1141,56.7359,60.8992,53.6645
1,646,35,320,1,57.4557,70.8747,71.5219,53.9909,53.1844,69.9327,68.7115,66.1556,65.0518
1,647,35,320,1.5,59.2089,74.0953,75.3207,56.0786,54.2456,73.3033,70.6904,70.0035,66.6329
2,0,0,10,0.75,-1.3229,0.6933,-0.0892,0.0000,0.0000,0.0000,0.0000,0.0000,0.0000
2,1,0,10,1,0.8803,0.6148,0.7817,3.8618,0.0000,0.0000,0.0000,0.0000,0.0000
2,2,0,10,1.5,0.3296,1.0946,1.8139,0.0000,0.0000,0.0000,0.0000,0.0000,0.0000
2,3,0,20,0.75,0.6788,3.0132,1.7052,4.1131,3.8131,0.0000,0.0000,0.0000,0.0000
2,4,0,20,1,0.6501,3.3176,3.4457,0.0000,4.9484,0.0000,0.0000,0.0000,0.0000
2,5,0,20,1.5,3.0108,4.3968,3.7804,0.0000,3.9946,4.3733,4.0826,0.0000,0.0000
2,6,0,40,0.75,2.4868,3.7974,4.1342,0.0000,0.0000,0.0000,0.0000,0.0000,0.0000
2,7,0,40,1,3.0777,3.8640,5.2179,0.0000,3.4871,3.9779,0.0000,4.2107,0.0000
2,8,0,40,1.5,2.4508,4.9105,5.8960,0.0000,0.0000,4.5416,4.2989,4.4985,4.2727
2,9,0,80,0.75,4.7445,9.3694,10.1822,4.3131,3.8168,4.6078,4.8562,5.6148,4.3171
2,10,0,80,1,5.1580,10.1306,11.0108,0.0000,0.0000,5.3995,5.1547,6.6442,5.6664
2,11,0,80,1.5,5.9939,12.4326,12.3767,4.4182,4.4842,7.3115,6.7197,7.4385,6.2727
2,12,0,160,0.75,9.4112,19.2751,19.5066,6.9443,6.0413,11.8885,9.3260,11.8516,9.2958
2,13,0,160,1,8.4623,21.6684,24.3690,6.5336,6.2237,11.4467,10.2876,13.5246,11.1241
2,14,0,160,1.5,11.6689,25.4412,27.7164,8.4169,8.2008,14.1912,12.4658,16.4054,14.1154
2,15,0,320,0.75,16.8684,39.0152,40.5364,13.2615,11.6169,23.3995,19.0893,25.2621,20.5923
2,16,0,320,1,21.2361,44.3495,48.1734,15.6476,14.8763,24.5412,21.9180,27.8262,24.5427
2,17,0,320,1.5,23.1212,47.9087,53.4638,16.7082,15.9160,26.3639,23.2798,32.4934,27.5035
2,18,1,10,0.75,0.4631,0.2827,1.7032,0.0000,0.0000,4.2849,0.0000,3.8577,0.0000
2,19,1,10,1,1.0616,1.9906,2.0584,0.0000,0.0000,0.0000,0.0000,4.2790,3.7316
2,20,1,10,1.5,1.0822,2.9981,3.1571,4.9041,5.2872,4.8710,5.1161,4.1212,5.2291
2,21,1,20,0.75,0.9353,4.1768,3.1007,0.0000,3.6195,0.0000,0.0000,0.0000,0.0000
2,22,1,20,1,1.4071,2.5080,3.1769,0.0000,0.0000,4.0443,0.0000,0.0000,0.0000
2,23,1,20,1.5,0.0643,1.4611,1.8566,0.0000,0.0000,0.0000,3.7972,0.0000,0.0000
2,24,1,40,0.75,3.9356,5.3211,5.2068,0.0000,0.0000,4.5593,0.0000,0.0000,0.0000
2,25,1,40,1,5.0497,4.2937,5.7965,4.2367,4.2485,0.0000,4.2425,4.7192,0.0000
2,26,1,40,1.5,5.4383,8.0767,7.2480,0.0000,0.0000,5.6110,5.3370,0.0000,0.0000
2,27,1,80,0.75,7.9632,12.8785,11.6773,5.5702,5.8119,8.2531,7.6573,6.8943,6.4718
2,28,1,80,1,9.1158,13.1770,12.2933,7.0943,7.0427,9.3078,9.3819,8.4906,7.4245
2,29,1,80,1.5,9.1736,14.7626,12.6124,6.8905,6.0578,9.6995,9.4562,8.3584,7.5486
2,30,1,160,0.75,15.7346,24.5153,21.9100,12.0082,11.0361,16.6757,15.9630,12.7438,11.8277
2,31,1,160,1,15.7525,27.1531,24.3643,12.9439,12.2767,16.4621,17.7362,12.8216,13.6917
2,32,1,160,1.5,17.6832,27.7023,25.6635,13.5050,12.3217,17.9693,18.5384,14.7674,14.5664
2,33,1,320,0.75,29.6279,47.0460,41.7305,23.0867,19.4196,28.9946,28.6184,23.5509,21.3259
2,34,1,320,1,33.1399,52.9047,46.1254,25.3966,22.9982,32.7134,35.5493,25.6495,26.7739
2,35,1,320,1.5,37.0051,56.8886,51.3587,26.6206,23.6459,34.1387,36.3487,26.5874,28.0753
2,36,2,10,0.75,2.1100,3.0283,4.2968,0.0000,4.0441,5.0481,4.5309,5.0156,0.0000
2,37,2,10,1,1.3300,0.5506,2.3141,4.2578,4.0566,0.0000,0.0000,3.7722,4.3003
2,38,2,10,1.5,0.8881,2.9958,3.5640,0.0000,0.0000,3.9798,3.5708,4.1823,0.0000
2,39,2,20,0.75,2.7321,4.0274,5.9486,0.0000,0.0000,4.3190,0.0000,4.7406,4.4411
2,40,2,20,1,-0.0668,2.0220,3.7688,0.0000,0.0000,4.5940,4.5622,0.0000,4.3940
2,41,2,20,1.5,3.5558,4.0637,5.8750,4.9756,4.3194,0.0000,3.9433,5.6301,5.2089
2,42,2,40,0.75,4.6097,6.4279,9.5959,4.6566,0.0000,5.4787,5.0326,7.9579,6.8802
2,43,2,40,1,5.3986,6.8104,11.0441,4.4930,0.0000,5.7613,6.5032,8.3087,7.7536
2,44,2,40,1.5,5.9116,8.3526,13.9280,5.6878,5.8796,6.3912,7.1246,10.2070,10.1053
2,45,2,80,0.75,9.6938,14.2461,18.4027,8.9002,8.2790,11.5400,10.1571,15.4658,13.1850
2,46,2,80,1,9.4264,13.9062,21.1394,7.6975,6.9210,11.2226,11.5334,15.7320,14.2567
2,47,2,80,1.5,10.3477,14.6888,22.0796,8.8796,8.5574,11.6100,11.8963,16.1905,14.6104
2,48,2,160,0.75,18.0023,26.8583,38.9700,15.3907,13.2111,22.7702,21.8259,29.6173,25.0334
2,49,2,160,1,20.7169,29.3214,43.5583,18.0796,16.2192,25.4845,24.8167,33.4750,30.5154
2,50,2,160,1.5,20.4625,32.3416,47.4709,17.6687,15.8491,26.0915,25.9410,34.8989,31.7764
2,51,2,320,0.75,36.6327,54.3519,79.5668,31.7965,26.2592,44.3098,41.7671,61.9267,50.7865
2,52,2,320,1,39.0903,58.7602,88.1907,33.2040,30.9534,47.7652,49.5522,66.2235,61.1601
2,53,2,320,1.5,42.8161,65.4694,96.8920,35.2640,33.1585,53.2465,53.9760,70.0118,64.3504
2,54,3,10,0.75,1.7926,3.1465,3.1516,0.0000,0.0000,4.3120,0.0000,0.0000,4.0385
2,55,3,10,1,2.0133,2.4543,3.1137,4.3384,4.1964,4.7309,4.3678,0.0000,0.0000
2,56,3,10,1.5,1.7766,1.1687,2.3365,0.0000,0.0000,3.5504,3.4980,4.0292,4.0623
2,57,3,20,0.75,0.7013,2.4642,3.2901,0.0000,0.0000,0.0000,4.2606,4.2518,4.6153
2,58,3,20,1,5.6929,6.6460,5.1425,5.5476,5.2213,5.4582,4.4743,4.6682,4.0184
2,59,3,20,1.5,3.2259,4.6500,4.7874,0.0000,0.0000,0.0000,4.5422,0.0000,0.0000
2,60,3,40,0.75,3.9504,6.3457,7.9824,4.1103,3.8369,6.1296,4.6491,8.0910,7.0116
2,61,3,40,1,4.4798,8.2998,10.4662,4.4026,4.1932,7.4364,6.1587,9.8716,8.4918
2,62,3,40,1.5,6.0622,7.8189,9.8549,6.0230,5.5795,6.7171,5.6935,9.1408,8.4221
2,63,3,80,0.75,11.3225,16.6590,17.7304,11.1146,9.5538,15.6374,12.0967,17.3588,14.0473
2,64,3,80,1,10.4182,15.2541,18.7435,10.1683,10.3719,13.7221,12.3751,17.9642,16.6000
2,65,3,80,1.5,13.0430,19.9748,21.3924,12.7981,11.6062,17.6754,14.3407,20.3371,17.4136
2,66,3,160,0.75,20.4652,31.5580,33.6926,19.8734,17.6042,27.0071,19.9504,31.7392,26.0881
2,67,3,160,1,23.6846,34.3936,38.6584,23.1262,21.9261,30.0622,24.7169,36.1328,31.5891
2,68,3,160,1.5,26.4061,39.3650,43.9570,25.3531,23.6595,34.1555,28.2039,41.1247,36.4566
2,69,3,320,0.75,43.0707,61.5998,67.9196,41.7331,35.1098,54.5623,40.3524,65.0784,52.2634
2,70,3,320,1,45.0087,68.3518,75.3293,43.8721,41.4227,60.2032,50.0268,71.0850,62.2481
2,71,3,320,1.5,50.0473,75.7398,84.4127,48.9787,45.8318,65.7347,53.7251,79.1650,69.4415
2,72,4,10,0.75,0.9226,0.4540,-0.1184,0.0000,0.0000,0.0000,0.0000,0.0000,0.0000
2,73,4,10,1,2.0392,2.2168,1.2897,0.0000,0.0000,0.0000,0.0000,0.0000,3.9804
2,74,4,10,1.5,1.9789,0.9784,1.8863,4.3651,0.0000,0.0000,0.0000,0.0000,0.0000
2,75,4,20,0.75,2.0407,0.9082,1.9311,3.7562,0.0000,0.0000,0.0000,0.0000,0.0000
2,76,4,20,1,-0.5097,-0.1376,1.5315,0.0000,0.0000,0.0000,3.9002,0.0000,3.7761
2,77,4,20,1.5,0.3063,0.8664,1.8488,3.3608,4.0401,0.0000,0.0000,0.0000,0.0000
2,78,4,40,0.75,-1.5922,2.0668,2.3803,0.0000,0.0000,4.3345,0.0000,0.0000,0.0000
2,79,4,40,1,3.5541,4.5807,3.5397,0.0000,0.0000,4.4137,4.6168,0.0000,0.0000
2,80,4,40,1.5,2.4068,3.4983,3.5677,0.0000,0.0000,4.2524,0.0000,0.0000,0.0000
2,81,4,80,0.75,1.5116,5.8684,4.7041,0.0000,0.0000,5.2901,0.0000,0.0000,0.0000
2,82,4,80,1,3.4519,5.2624,4.4312,0.0000,0.0000,4.5218,0.0000,0.0000,0.0000
2,83,4,80,1.5,3.5327,6.0234,5.4168,0.0000,0.0000,5.0657,5.0961,4.5865,4.4630
2,84,4,160,0.75,4.2387,11.3818,11.6732,4.6421,4.2429,7.4647,6.2821,7.2854,5.9331
2,85,4,160,1,5.6347,11.2344,12.9197,4.7751,0.0000,8.0267,7.4958,8.9885,9.0005
2,86,4,160,1.5,5.2955,12.6638,13.5421,4.3140,4.6328,9.7762,8.2115,9.0862,7.2238
2,87,4,320,0.75,9.1102,21.3567,20.5052,6.9536,7.2735,14.4087,12.0789,13.5647,12.1881
2,88,4,320,1,10.3354,22.8438,23.8688,7.3010,7.2132,16.4657,14.6552,16.1901,14.3565
2,89,4,320,1.5,12.9573,26.4027,27.0361,9.6884,9.4001,18.0730,17.5011,17.7922,17.3534
2,90,5,10,0.75,0.2126,0.0198,0.5038,0.0000,3.3388,3.8075,0.0000,0.0000,4.2867
2,91,5,10,1,-0.6423,0.1729,0.7621,0.0000,3.3184,0.0000,0.0000,0.0000,0.0000
2,92,5,10,1.5,0.1735,-0.1343,-0.9919,4.2155,3.9507,0.0000,4.2341,0.0000,0.0000
2,93,5,20,0.75,2.8810,0.8075,2.8813,0.0000,3.4868,0.0000,0.0000,4.2860,0.0000
2,94,5,20,1,1.4465,1.6368,2.2976,0.0000,0.0000,0.0000,4.5716,4.5382,4.1098
2,95,5,20,1.5,1.2599,1.1214,1.7806,0.0000,0.0000,0.0000,0.0000,0.0000,0.0000
2,96,5,40,0.75,2.1631,1.4986,2.0956,0.0000,0.0000,0.0000,0.0000,0.0000,0.0000
2,97,5,40,1,4.5555,4.6228,5.8752,4.8142,4.6184,5.5468,5.3433,5.0149,5.0577
2,98,5,40,1.5,3.8929,3.9285,5.5253,0.0000,4.0140,0.0000,2.9956,4.7115,0.0000
2,99,5,80,0.75,4.6586,5.3353,8.0866,4.4197,4.4165,4.5479,0.0000,4.6087,0.0000
2,100,5,80,1,8.2159,7.8982,9.7583,6.8077,6.7493,5.5793,4.7590,6.6008,5.8941
2,101,5,80,1.5,5.7007,7.2159,9.7385,5.4102,5.1618,6.2696,4.9510,6.8763,6.6744
2,102,5,160,0.75,9.7971,9.5039,13.2814,9.5104,8.2887,7.5528,6.5276,8.5371,7.3707
2,103,5,160,1,9.7772,10.7955,14.5286,8.6246,8.2234,8.7021,8.3227,9.1399,8.4075
2,104,5,160,1.5,11.9826,12.0935,16.4372,9.0471,8.4764,8.3108,8.7047,10.5354,9.5370
2,105,5,320,0.75,19.5501,19.5243,27.3325,17.1379,14.9724,15.3507,12.3291,18.1568,15.5635
2,106,5,320,1,21.8516,22.0013,30.2009,18.6894,18.1961,16.3087,14.4630,19.7523,17.6020
2,107,5,320,1.5,23.9740,23.7678,33.6567,19.6886,19.3448,16.6071,15.2772,21.3280,19.4285
2,108,6,10,0.75,0.9381,-0.3295,1.7151,0.0000,0.0000,0.0000,0.0000,0.0000,0.0000
2,109,6,10,1,1.8563,0.8649,1.7214,5.2611,5.1416,0.0000,4.1460,0.0000,0.0000
2,110,6,10,1.5,1.0941,0.3517,0.4422,0.0000,0.0000,4.3745,0.0000,4.4292,0.0000
2,111,6,20,0.75,3.1718,3.3450,2.4303,0.0000,0.0000,0.0000,0.0000,0.0000,0.0000
2,112,6,20,1,2.7635,1.6728,2.8726,3.9909,0.0000,4.3271,0.0000,4.3422,4.0343
2,113,6,20,1.5,1.9775,3.4013,2.5394,0.0000,0.0000,0.0000,0.0000,0.0000,0.0000
2,114,6,40,0.75,2.2596,3.9037,5.1963,0.0000,0.0000,4.4876,0.0000,4.9986,5.0598
2,115,6,40,1,2.3961,3.6999,4.6681,4.6177,0.0000,4.4498,4.7146,4.7222,4.5594
2,116,6,40,1.5,3.1825,4.1258,6.0885,4.7179,4.4317,4.3165,4.2416,0.0000,5.0894
2,117,6,80,0.75,5.3036,8.1972,11.1408,5.2800,4.4778,6.7772,5.9136,9.0704,8.1519
2,118,6,80,1,6.7362,7.2080,12.0676,6.8165,5.6610,6.9677,6.0784,9.8538,9.0452
2,119,6,80,1.5,9.6754,9.3350,14.7804,8.4915,7.5411,7.6104,7.0051,11.8812,10.3183
2,120,6,160,0.75,12.7167,15.7309,22.5718,11.4952,9.2119,13.3690,12.9637,17.7083,15.6783
2,121,6,160,1,14.5244,16.1288,25.5761,11.8570,9.7180,13.6387,13.5924,19.4037,20.1093
2,122,6,160,1.5,14.2406,17.7430,26.2067,12.6334,10.5157,13.9687,15.0639,20.7293,20.3085
2,123,6,320,0.75,26.0371,30.2305,42.8019,23.0920,17.6209,25.7907,22.8082,33.7292,30.7872
2,124,6,320,1,29.2317,32.0995,47.3321,25.7074,22.3408,27.3657,26.1073,37.8673,35.5175
2,125,6,320,1.5,33.3066,37.7197,55.6483,29.2980,24.8296,31.0679,29.1421,44.5446,40.9448
2,126,7,10,0.75,0.5257,0.9996,1.2503,0.0000,0.0000,0.0000,0.0000,4.1828,4.0937
2,127,7,10,1,-0.0431,0.7614,1.7860,0.0000,0.0000,0.0000,0.0000,0.0000,0.0000
2,128,7,10,1.5,-0.9152,0.2835,-0.1535,4.3981,4.2435,4.1446,0.0000,0.0000,0.0000
2,129,7,20,0.75,1.4618,1.7460,2.6863,0.0000,0.0000,0.0000,0.0000,4.3549,4.1206
2,130,7,20,1,-0.2052,-0.7459,0.6063,0.0000,0.0000,3.9166,0.0000,0.0000,4.2212
2,131,7,20,1.5,0.9779,0.9068,1.2753,0.0000,0.0000,0.0000,0.0000,0.0000,0.0000
2,132,7,40,0.75,3.6123,3.0084,4.3007,4.4080,3.7874,3.6559,0.0000,0.0000,0.0000
2,133,7,40,1,2.2602,1.5023,2.9933,0.0000,3.9791,0.0000,3.5968,3.6209,0.0000
2,134,7,40,1.5,2.5434,2.4186,5.0307,0.0000,0.0000,0.0000,0.0000,5.0538,5.0316
2,135,7,80,0.75,5.1459,5.7554,6.1190,4.7245,4.4119,5.3879,4.3119,6.1420,4.8537
2,136,7,80,1,6.5904,6.4119,9.3108,6.8675,6.3723,6.4462,5.6575,9.4831,8.2870
2,137,7,80,1.5,5.4138,5.6896,7.5111,6.1216,5.4798,5.8051,5.1046,7.4638,6.9288
2,138,7,160,0.75,10.6359,10.3110,13.2374,10.3975,7.9823,10.1029,7.8914,13.0876,10.7183
2,139,7,160,1,10.0155,10.0748,15.3058,9.7967,9.7111,9.8021,8.9304,14.8439,14.4703
2,140,7,160,1.5,11.3297,11.5194,15.7443,11.2187,9.6633,11.0581,8.6501,15.5969,13.8556
2,141,7,320,0.75,17.7252,18.9396,25.6419,17.7875,13.1191,18.8139,13.4156,25.0747,19.2749
2,142,7,320,1,20.5324,21.2865,28.1005,19.8522,17.3466,20.4311,17.6273,27.1984,22.7570
2,143,7,320,1.5,23.2491,22.8254,32.6772,22.9779,19.9391,22.1742,17.5261,32.0631,28.6985
2,144,8,10,0.75,-0.0347,0.7879,0.7529,0.0000,3.6201,3.5484,0.0000,4.1823,3.2782
2,145,8,10,1,0.3303,1.1887,0.5078,3.9853,3.8100,0.0000,0.0000,0.0000,0.0000
2,146,8,10,1.5,0.8041,1.6534,1.2800,3.6026,0.0000,0.0000,4.1971,0.0000,4.5418
2,147,8,20,0.75,0.5914,1.3725,2.6643,4.1230,4.1774,4.3747,4.6076,4.8459,5.0847
2,148,8,20,1,4.0640,4.5187,5.0386,0.0000,0.0000,4.6378,4.4466,0.0000,4.7050
2,149,8,20,1.5,2.3737,2.7916,2.9465,0.0000,3.7696,0.0000,0.0000,0.0000,0.0000
2,150,8,40,0.75,3.5481,4.9212,3.2386,3.7953,3.8197,4.3179,4.3521,4.6093,4.2700
2,151,8,40,1,3.7352,4.7433,5.2351,0.0000,0.0000,4.5176,4.2571,4.8678,5.1766
2,152,8,40,1.5,4.4436,5.9861,6.1489,0.0000,0.0000,5.4528,5.1853,5.7498,5.8224
2,153,8,80,0.75,8.2026,10.3748,11.5022,7.6410,6.9662,9.8532,8.5950,10.9284,10.3311
2,154,8,80,1,10.0448,13.6022,13.3312,9.5367,8.9370,13.1461,12.1778,12.1462,11.4441
2,155,8,80,1.5,8.8841,12.5875,12.4693,8.8072,7.7978,11.9433,11.1988,12.2903,11.9417
2,156,8,160,0.75,15.2015,20.3254,20.8983,13.7577,11.6860,19.5755,17.2956,18.7252,15.9691
2,157,8,160,1,18.9604,23.2114,23.2282,17.7028,16.8164,21.7948,20.5268,20.9965,20.2314
2,158,8,160,1.5,19.6011,25.7488,25.3968,18.3275,17.4878,24.2919,23.0014,23.7805,22.6335
2,159,8,320,0.75,32.1811,42.7016,42.4158,30.1346,26.4504,40.5797,35.3238,39.2092,34.2717
2,160,8,320,1,34.1294,47.0567,46.6094,32.7708,31.3775,45.0228,43.1496,43.0820,41.8311
2,161,8,320,1.5,37.4819,50.8299,49.1734,35.3415,34.0327,49.0325,46.1143,45.8620,44.1356
2,162,9,10,0.75,0.4148,-0.7509,0.1078,0.0000,0.0000,0.0000,0.0000,0.0000,0.0000
2,163,9,10,1,1.1030,0.0029,0.9646,0.0000,0.0000,0.0000,0.0000,0.0000,3.7811
2,164,9,10,1.5,3.1057,2.5222,2.9311,4.0951,0.0000,0.0000,0.0000,0.0000,0.0000
2,165,9,20,0.75,1.9228,2.3930,3.1914,0.0000,0.0000,4.6096,0.0000,3.5677,0.0000
2,166,9,20,1,2.1155,1.0982,2.3392,0.0000,0.0000,0.0000,0.0000,0.0000,0.0000
2,167,9,20,1.5,2.7063,1.6111,3.3054,0.0000,0.0000,0.0000,0.0000,4.5629,0.0000
2,168,9,40,0.75,3.6581,3.8136,5.7667,4.9015,3.9168,0.0000,0.0000,5.0465,4.6210
2,169,9,40,1,5.4921,3.9623,7.4992,4.9956,5.2362,0.0000,0.0000,6.6603,6.9195
2,170,9,40,1.5,6.2443,5.7818,7.0353,6.0644,5.1917,5.7129,5.2354,6.4496,5.8473
2,171,9,80,0.75,8.4111,6.2921,11.0727,8.3471,7.3113,6.3323,5.3239,9.4701,8.5739
2,172,9,80,1,9.7913,8.0970,12.7796,9.4659,9.4471,8.0350,8.1793,11.7619,12.1343
2,173,9,80,1.5,11.4357,8.2004,14.9240,10.5152,10.6896,8.0615,8.5397,12.7731,13.6329
2,174,9,160,0.75,17.7203,14.6467,22.7303,16.7314,15.2049,14.5600,12.1640,20.3973,18.5712
2,175,9,160,1,19.3931,14.3460,25.5721,18.2025,17.6336,13.8505,13.7951,22.1673,22.5769
2,176,9,160,1.5,23.1145,17.2182,30.2078,20.8974,20.9165,16.4337,16.7842,26.8922,27.2939
2,177,9,320,0.75,34.8564,28.9710,47.7920,32.8394,29.6675,27.8612,24.0320,42.7151,39.8045
2,178,9,320,1,39.9662,32.6620,54.0281,37.3315,37.7634,31.5697,31.4759,47.3247,50.2881
2,179,9,320,1.5,45.0250,33.6551,60.5849,41.1288,40.9553,32.3429,31.9510,51.4072,53.0078
2,180,10,10,0.75,-0.1588,0.0425,1.1339,3.7236,0.0000,4.2191,0.0000,3.8147,0.0000
2,181,10,10,1,0.8258,0.2569,1.0096,0.0000,0.0000,0.0000,0.0000,4.2728,0.0000
2,182,10,10,1.5,3.1069,3.7014,3.9206,0.0000,0.0000,0.0000,3.7457,4.4973,0.0000
2,183,10,20,0.75,2.4723,2.4267,3.9401,0.0000,3.9437,0.0000,3.9107,4.3150,4.1489
2,184,10,20,1,2.3374,2.4264,4.9646,0.0000,0.0000,0.0000,0.0000,4.0915,4.4591
2,185,10,20,1.5,1.9367,2.8818,3.6891,0.0000,0.0000,0.0000,3.4442,4.1011,4.2081
2,186,10,40,0.75,4.1991,5.2158,6.2295,0.0000,0.0000,0.0000,0.0000,4.8873,4.6485
2,187,10,40,1,6.5892,6.4398,9.8824,5.6115,6.5833,6.1428,6.0395,8.7738,8.9817
2,188,10,40,1.5,5.6097,7.9576,11.0562,5.4221,5.4904,6.9069,6.8017,10.1246,9.4582
2,189,10,80,0.75,11.8873,13.8192,17.0893,10.5809,9.8883,11.7616,10.9840,13.7467,13.2449
2,190,10,80,1,12.6157,14.7143,18.4401,11.1271,11.2570,12.3965,11.7231,14.4637,15.0337
2,191,10,80,1.5,11.8887,14.1782,19.0442,10.7018,10.2561,11.8707,11.0947,16.0325,15.6746
2,192,10,160,0.75,20.2116,24.3909,32.1713,18.4930,17.0148,20.4004,18.5037,26.4120,25.3602
2,193,10,160,1,23.0796,25.3508,35.3411,20.8086,21.9645,21.4044,21.8637,28.4705,29.5455
2,194,10,160,1.5,25.6013,28.1970,40.1947,23.0752,23.2225,23.8810,23.9300,32.9286,33.6412
2,195,10,320,0.75,40.8926,48.1751,65.5014,37.3804,34.9805,40.6130,36.7691,54.4064,50.6444
2,196,10,320,1,44.7810,51.4431,70.6540,40.1218,41.1834,44.0719,43.2768,57.3263,59.8117
2,197,10,320,1.5,48.1305,53.5968,75.3611,44.2298,44.5730,45.9491,46.1119,62.1187,63.4771
2,198,11,10,0.75,0.7081,1.2943,1.3690,4.3969,4.1966,0.0000,0.0000,0.0000,0.0000
2,199,11,10,1,2.4896,1.7816,0.2658,0.0000,3.9824,0.0000,0.0000,0.0000,0.0000
2,200,11,10,1.5,0.5191,0.8385,0.6512,0.0000,0.0000,0.0000,0.0000,0.0000,0.0000
2,201,11,20,0.75,0.9891,1.0344,0.8422,0.0000,3.8117,0.0000,0.0000,4.0918,3.9740
2,202,11,20,1,0.9345,0.6953,2.3204,0.0000,0.0000,0.0000,0.0000,4.2085,3.9635
2,203,11,20,1.5,-0.1152,0.7025,1.0384,0.0000,0.0000,0.0000,0.0000,0.0000,0.0000
2,204,11,40,0.75,1.8481,-0.0452,2.6557,0.0000,4.0679,0.0000,0.0000,0.0000,0.0000
2,205,11,40,1,3.0423,4.0995,2.9474,0.0000,3.8160,0.0000,0.0000,0.0000,0.0000
2,206,11,40,1.5,3.4313,3.5549,3.5428,0.0000,0.0000,0.0000,0.0000,0.0000,0.0000
2,207,11,80,0.75,1.9507,2.8603,3.6597,0.0000,3.1983,4.3792,4.1404,0.0000,4.1731
2,208,11,80,1,3.0796,4.0129,5.0597,4.3077,3.5820,3.9402,3.6231,4.1912,3.9990
2,209,11,80,1.5,5.7834,6.1413,7.3036,5.2531,5.1888,5.6031,5.5175,6.0752,5.8032
2,210,11,160,0.75,7.3439,11.2005,11.3393,6.6264,6.0696,8.7177,7.8864,8.1037,6.8137
2,211,11,160,1,6.4793,11.2189,11.5794,6.0584,6.0299,8.7841,8.2884,9.0636,8.8380
2,212,11,160,1.5,9.0279,11.9280,14.3591,7.9912,7.3612,9.9352,9.5272,10.5349,9.6482
2,213,11,320,0.75,13.0241,19.6021,21.3081,11.6813,10.3735,15.4993,13.6813,15.9121,13.5183
2,214,11,320,1,15.5948,21.5498,23.2900,13.9656,13.3120,17.8399,16.8133,18.2971,17.3057
2,215,11,320,1.5,14.6537,20.2945,24.1917,11.8219,11.8447,15.9407,15.5584,17.2390,16.8263
2,216,12,10,0.75,2.6989,3.7694,3.6865,0.0000,0.0000,4.4411,4.1957,0.0000,0.0000
2,217,12,10,1,1.3686,2.5463,5.2006,0.0000,0.0000,0.0000,0.0000,3.9928,3.9437
2,218,12,10,1.5,2.2028,2.0813,3.5931,0.0000,0.0000,3.9174,0.0000,0.0000,0.0000
2,219,12,20,0.75,3.3544,5.5410,6.7621,0.0000,0.0000,4.6099,4.5931,4.7357,0.0000
2,220,12,20,1,5.5272,7.5532,8.3155,4.7852,4.5834,5.4602,5.4806,5.6782,5.5306
2,221,12,20,1.5,5.0071,7.0277,8.0623,0.0000,4.4259,5.6555,5.3115,5.4172,4.6468
2,222,12,40,0.75,6.4287,8.2418,11.5016,4.7733,4.4039,6.5154,6.0174,7.3732,6.4986
2,223,12,40,1,10.0018,11.8082,15.6660,6.4405,6.5025,8.7253,8.5846,9.1947,9.1141
2,224,12,40,1.5,9.9345,11.5514,15.0235,6.2147,5.9509,7.8838,7.7745,8.4578,7.9982
2,225,12,80,0.75,14.8457,19.5182,24.9109,9.0912,8.5370,12.4512,11.0690,13.6382,11.4922
2,226,12,80,1,13.6686,18.3879,24.3902,10.2160,9.8508,14.0154,13.9138,14.9281,13.9972
2,227,12,80,1.5,17.8627,22.5923,29.6945,10.8717,10.2822,14.7289,14.4593,16.6029,15.5822
2,228,12,160,0.75,29.6287,38.5914,48.5587,20.7233,18.2123,28.3230,25.4747,30.0190,25.6872
2,229,12,160,1,32.3096,41.3595,54.8923,20.8577,20.2567,29.0425,29.1390,32.1381,30.3787
2,230,12,160,1.5,35.4554,44.2504,60.1621,23.3851,21.3441,30.9283,29.7798,33.9881,31.7831
2,231,12,320,0.75,57.6127,74.4436,96.0240,41.0381,34.8779,54.8693,48.3630,59.6547,50.6250
2,232,12,320,1,64.5821,83.5247,109.5289,44.4362,42.3094,59.4006,59.5105,65.3011,62.7928
2,233,12,320,1.5,70.9806,90.6452,121.3029,46.3298,44.7194,62.1926,62.4089,68.2495,65.0121
2,234,13,10,0.75,1.5800,2.8128,1.9831,0.0000,0.0000,4.5967,0.0000,4.4799,4.1700
2,235,13,10,1,2.1230,2.5332,2.1554,0.0000,0.0000,0.0000,0.0000,0.0000,0.0000
2,236,13,10,1.5,0.7299,1.8651,1.0099,0.0000,0.0000,0.0000,0.0000,0.0000,0.0000
2,237,13,20,0.75,2.7870,4.6678,4.1782,0.0000,0.0000,4.7142,0.0000,0.0000,0.0000
2,238,13,20,1,3.2186,5.7586,4.8281,0.0000,0.0000,5.8400,6.0105,5.0042,0.0000
2,239,13,20,1.5,1.8058,5.9898,4.3847,0.0000,0.0000,5.9601,5.2626,5.8338,5.7197
2,240,13,40,0.75,5.6840,9.1946,8.2553,5.7038,6.0454,9.3703,8.3718,7.8339,6.2051
2,241,13,40,1,6.8000,11.9333,9.4761,6.3794,6.4886,11.6286,11.9093,7.8410,7.6985
2,242,13,40,1.5,8.6475,12.6751,11.2054,8.8461,7.5140,12.7560,11.7714,10.9831,8.7373
2,243,13,80,0.75,12.3416,19.4140,16.0894,11.3796,9.2348,18.1646,15.7182,14.2350,10.5619
2,244,13,80,1,14.3823,21.4781,18.6529,13.4673,13.3585,20.7738,20.4720,16.3400,13.3068
2,245,13,80,1.5,14.8684,23.6702,20.7170,14.0022,13.3056,22.7178,21.8811,18.4085,15.3808
2,246,13,160,0.75,24.7958,39.1569,34.6864,24.1022,21.6092,38.2323,33.2085,30.7244,22.7815
2,247,13,160,1,27.8214,43.2195,38.1869,25.5030,24.8573,41.0007,39.8059,33.8026,27.2290
2,248,13,160,1.5,28.1720,47.0840,39.8494,26.6720,24.7477,45.0931,41.8685,35.1398,27.9961
2,249,13,320,0.75,47.2651,78.9271,65.4702,44.2444,38.0781,75.4649,65.7753,58.1262,43.7024
2,250,13,320,1,52.9263,86.4208,74.2154,49.6377,48.8206,82.9705,81.3571,65.1716,54.6074
2,251,13,320,1.5,58.4261,92.5284,79.3835,54.1113,52.4079,88.4666,85.6950,70.5610,57.7427
2,252,14,10,0.75,2.3701,1.9127,2.1704,0.0000,0.0000,3.7352,0.0000,0.0000,0.0000
2,253,14,10,1,3.8179,3.1290,3.5844,3.9915,0.0000,0.0000,0.0000,3.9658,0.0000
2,254,14,10,1.5,1.6538,1.1481,2.3162,5.5611,5.7031,0.0000,4.5401,4.6156,4.3806
2,255,14,20,0.75,4.0461,4.0494,4.4655,4.6872,0.0000,4.2503,4.0426,4.6717,0.0000
2,256,14,20,1,2.7354,3.8425,3.9321,0.0000,0.0000,0.0000,0.0000,0.0000,4.4536
2,257,14,20,1.5,3.8852,4.8273,5.5183,0.0000,0.0000,5.1407,4.4072,5.8094,5.0215
2,258,14,40,0.75,4.2631,5.8415,6.2096,4.6641,5.0646,5.8639,5.3381,5.9952,5.5283
2,259,14,40,1,5.3359,6.3172,6.2507,6.1086,6.1099,7.3381,6.8234,6.8899,6.6196
2,260,14,40,1.5,5.9993,6.1663,7.4088,6.2737,6.6123,6.5273,6.8105,7.6092,7.8167
2,261,14,80,0.75,9.4240,12.8369,13.3564,9.7361,9.2362,12.9408,11.5881,13.3488,11.0824
2,262,14,80,1,9.7559,11.8933,13.6602,9.8334,9.4368,11.9238,11.5365,13.4934,13.1869
2,263,14,80,1.5,10.2013,12.4545,14.4078,10.1205,9.8738,12.2376,11.4548,14.1914,12.8675
2,264,14,160,0.75,18.2645,23.0999,25.0333,18.1737,15.5099,23.1098,19.3401,24.7788,20.3265
2,265,14,160,1,19.8714,24.8645,27.0548,19.7961,18.7123,24.8810,23.6418,26.6486,24.6498
2,266,14,160,1.5,23.5838,27.3239,31.1351,23.3576,22.1157,27.2215,25.5595,30.3832,27.7665
2,267,14,320,0.75,38.7432,47.8930,50.8527,38.8223,32.6070,47.9183,40.2498,50.6434,41.7657
2,268,14,320,1,41.0508,50.9366,55.3363,40.8791,38.9333,50.9509,48.6672,54.4592,50.4536
2,269,14,320,1.5,45.1252,54.4841,60.0838,44.8107,42.0290,54.4529,50.9037,59.0991,54.1191
2,270,15,10,0.75,1.3166,0.4511,1.5006,0.0000,0.0000,0.0000,4.4173,4.1542,0.0000
2,271,15,10,1,0.0045,1.0733,1.5986,0.0000,0.0000,0.0000,0.0000,0.0000,0.0000
2,272,15,10,1.5,0.3223,-0.6722,2.1496,0.0000,0.0000,4.9079,0.0000,0.0000,0.0000
2,273,15,20,0.75,4.8756,3.6903,5.3737,4.1475,3.7649,4.2948,3.6792,5.5462,4.9428
2,274,15,20,1,4.6862,4.3919,5.5972,4.4561,4.6253,0.0000,0.0000,5.3781,4.7870
2,275,15,20,1.5,5.4293,4.9550,7.2092,5.2811,4.8486,4.6524,0.0000,7.0528,5.7832
2,276,15,40,0.75,6.7806,6.5304,9.4169,6.6636,5.3165,6.4958,0.0000,9.0762,6.9756
2,277,15,40,1,9.2601,7.5048,10.5490,9.2993,9.2974,7.1568,6.1522,10.1316,8.9183
2,278,15,40,1.5,8.4168,6.3825,10.0143,8.3110,7.4628,6.1256,6.1131,10.0912,9.2320
2,279,15,80,0.75,14.3389,12.6260,18.3725,14.4201,11.7821,12.2356,9.0259,18.2049,14.5493
2,280,15,80,1,14.7730,13.7967,20.2001,14.8064,13.1550,13.6342,10.3743,19.8644,16.2483
2,281,15,80,1.5,18.0458,16.4616,22.5384,17.8500,15.5310,15.9423,12.8853,21.8593,16.9790
2,282,15,160,0.75,28.2809,24.0036,34.8842,27.8356,23.0978,23.4217,16.8461,33.7318,26.2904
2,283,15,160,1,30.4299,27.6531,39.9521,30.2568,27.6148,27.0216,21.4629,38.6127,33.0127
2,284,15,160,1.5,34.4542,30.6433,43.1986,34.1366,31.3668,30.2327,24.1470,41.9320,36.2696
2,285,15,320,0.75,56.2990,52.3356,75.6043,55.8305,46.3289,51.2341,36.7036,72.9729,55.7684
2,286,15,320,1,62.9179,55.2222,81.4315,62.5229,57.8691,54.0839,43.1505,79.1501,67.9461
2,287,15,320,1.5,68.6622,60.0721,86.0330,68.0115,62.5026,58.8048,47.5698,83.4267,71.6293
2,288,16,10,0.75,1.5929,1.9419,2.9531,4.6888,0.0000,0.0000,0.0000,0.0000,3.9429
2,289,16,10,1,3.9056,3.1705,4.1890,0.0000,0.0000,0.0000,0.0000,4.2769,0.0000
2,290,16,10,1.5,2.9081,3.1439,4.7888,4.7511,4.7512,5.0000,4.9700,4.6385,0.0000
2,291,16,20,0.75,3.4635,3.8332,6.0522,0.0000,0.0000,0.0000,0.0000,5.6788,4.5339
2,292,16,20,1,8.3015,6.7322,9.4403,7.7902,7.8647,5.9431,5.8518,8.1122,8.0472
2,293,16,20,1.5,4.6501,5.0127,7.3839,4.3114,0.0000,4.7179,4.7866,5.6876,5.9621
2,294,16,40,0.75,12.0540,10.8616,14.9746,9.8471,9.4978,10.4073,8.7887,12.6944,11.5381
2,295,16,40,1,10.8018,10.2102,15.8563,8.7526,9.0098,8.8619,8.3678,13.0580,12.7329
2,296,16,40,1.5,13.9305,11.5528,17.4795,11.5904,11.1536,10.0841,10.0376,14.2013,14.1816
2,297,16,80,0.75,23.1154,19.2904,29.3362,20.0548,17.4700,18.2318,14.6522,24.8795,21.5893
2,298,16,80,1,24.9008,22.3241,33.8825,20.7605,20.9321,20.5737,19.2579,28.7767,28.2582
2,299,16,80,1.5,26.9087,23.9869,34.9897,21.8539,21.5775,21.9124,19.4830,28.7741,27.7143
2,300,16,160,0.75,43.4764,40.0796,59.5951,36.7302,32.5282,36.9007,29.8686,50.1870,43.8379
2,301,16,160,1,49.3531,45.3390,67.2684,41.3908,41.7355,41.5001,38.8594,56.2532,55.3367
2,302,16,160,1.5,54.1917,48.0309,71.6441,44.8991,44.8882,44.3388,40.1304,60.7907,57.5607
2,303,16,320,0.75,85.7348,79.4439,118.0547,70.6627,63.3842,72.9503,58.9667,99.1574,86.8073
2,304,16,320,1,97.1048,89.5156,133.9832,79.6297,79.4943,81.8769,73.6067,112.2112,107.1445
2,305,16,320,1.5,103.4551,93.3418,143.4476,84.5050,83.5896,85.2138,75.9232,120.5651,112.9148
2,306,17,10,0.75,-0.0615,0.8669,-0.1080,0.0000,3.9951,0.0000,0.0000,3.7289,0.0000
2,307,17,10,1,2.1160,2.7910,3.5347,0.0000,0.0000,4.1432,3.9035,0.0000,0.0000
2,308,17,10,1.5,1.9722,1.1956,1.5608,0.0000,3.9221,4.2610,0.0000,0.0000,0.0000
2,309,17,20,0.75,2.3076,1.8221,4.7568,0.0000,0.0000,0.0000,0.0000,0.0000,0.0000
2,310,17,20,1,5.6844,4.9551,6.2533,0.0000,0.0000,0.0000,0.0000,5.0013,4.6368
2,311,17,20,1.5,3.3755,3.2785,4.3273,0.0000,4.2084,0.0000,0.0000,4.6821,5.1438
2,312,17,40,0.75,7.1580,6.4463,9.0549,5.5467,6.1734,5.7902,6.1573,7.4061,8.2278
2,313,17,40,1,6.4331,6.7322,8.3469,4.3944,4.8985,4.5955,4.7800,5.4249,6.1123
2,314,17,40,1.5,7.0329,6.6962,8.8003,0.0000,4.7409,5.1290,0.0000,5.2049,6.5222
2,315,17,80,0.75,12.9602,12.3563,16.3977,10.0637,8.6845,7.9861,6.1287,10.4655,11.8100
2,316,17,80,1,15.2626,15.7442,19.3037,10.6955,11.6924,11.1531,9.7277,12.4534,14.6500
2,317,17,80,1.5,14.2146,14.9879,18.8817,9.7372,10.4087,8.8612,7.4070,13.3709,15.5331
2,318,17,160,0.75,25.3090,25.4880,34.0979,16.4709,18.1534,19.3055,15.2970,21.5399,25.1614
2,319,17,160,1,28.1786,27.9516,35.7392,18.4402,21.3291,20.1403,17.5413,21.6512,26.5539
2,320,17,160,1.5,26.1987,27.0477,35.9143,17.2675,19.1866,18.7794,16.2779,22.7670,27.8960
2,321,17,320,0.75,49.1692,49.4248,64.1429,33.0253,34.1947,34.4138,27.0269,40.9243,44.6050
2,322,17,320,1,52.7221,53.4653,68.9493,34.8908,40.4923,39.8843,35.5989,43.3879,53.4448
2,323,17,320,1.5,59.4998,59.1362,76.0532,38.2728,45.3105,40.4583,34.3005,48.7162,58.5331
2,324,18,10,0.75,0.9013,1.4543,1.0803,0.0000,0.0000,0.0000,0.0000,0.0000,0.0000
2,325,18,10,1,1.9723,1.5840,1.9770,0.0000,0.0000,4.1972,4.0343,0.0000,3.4043
2,326,18,10,1.5,2.1931,2.0975,2.3307,4.6639,4.5565,0.0000,0.0000,0.0000,0.0000
2,327,18,20,0.75,3.2779,3.2273,4.0193,0.0000,0.0000,0.0000,0.0000,4.7972,0.0000
2,328,18,20,1,2.5808,1.4952,3.3785,0.0000,0.0000,0.0000,0.0000,0.0000,0.0000
2,329,18,20,1.5,3.5095,2.3744,4.0537,4.3820,0.0000,4.1712,0.0000,0.0000,0.0000
2,330,18,40,0.75,6.9994,6.7133,7.0315,6.1110,5.6767,5.8765,5.5894,5.3464,5.4477
2,331,18,40,1,5.5985,5.2252,5.4943,4.9265,5.1757,0.0000,4.9226,4.6917,5.3703
2,332,18,40,1.5,5.8472,6.0455,6.0677,4.8372,5.0976,6.2183,6.1294,5.4447,5.5215
2,333,18,80,0.75,8.2950,9.3400,11.0784,7.5448,6.0898,8.2339,6.8885,8.3603,7.8800
2,334,18,80,1,12.1918,12.5581,14.3243,11.1095,11.4010,11.9377,12.2058,11.9956,13.0347
2,335,18,80,1.5,12.9921,13.0789,15.6563,11.1662,11.6102,11.7958,12.3879,13.9685,14.3636
2,336,18,160,0.75,22.1811,23.5789,26.4216,18.6404,17.4102,21.4718,19.0492,22.1789,20.7160
2,337,18,160,1,22.9731,24.5452,27.6275,19.1483,20.1774,22.0207,22.7547,22.1087,24.6797
2,338,18,160,1.5,27.3820,26.8722,32.1571,22.6315,23.9487,23.3645,24.2292,25.8393,27.8515
2,339,18,320,0.75,44.1254,44.5477,52.5559,36.1740,34.5556,39.3396,35.9513,41.9511,40.5868
2,340,18,320,1,48.7852,49.7569,58.1245,40.8650,42.6180,44.3673,44.9180,46.5236,49.6034
2,341,18,320,1.5,53.1620,52.8211,62.0521,45.1083,46.8988,47.3958,47.5379,50.9608,53.0902
2,342,19,10,0.75,2.3945,1.7314,1.7481,0.0000,0.0000,0.0000,0.0000,0.0000,0.0000
2,343,19,10,1,0.4384,0.2393,2.0671,0.0000,0.0000,0.0000,0.0000,0.0000,0.0000
2,344,19,10,1.5,1.0384,0.9149,1.6895,4.3227,3.9373,4.6157,4.1721,0.0000,0.0000
2,345,19,20,0.75,2.6910,3.5259,4.0185,0.0000,0.0000,0.0000,0.0000,4.3551,4.0851
2,346,19,20,1,3.2512,2.3516,4.4136,0.0000,0.0000,0.0000,0.0000,0.0000,0.0000
2,347,19,20,1.5,2.5498,1.0089,4.7037,0.0000,0.0000,0.0000,0.0000,0.0000,0.0000
2,348,19,40,0.75,5.7304,5.4759,8.4514,5.1909,4.7791,4.9629,0.0000,7.8380,6.5589
2,349,19,40,1,6.5491,6.0194,8.5721,6.6480,6.9920,6.2111,6.4191,8.7815,9.1489
2,350,19,40,1.5,6.4013,5.3356,10.2084,5.9770,5.0320,4.9458,3.9356,9.6105,8.0585
2,351,19,80,0.75,8.8314,8.4355,15.2776,8.2538,6.2306,7.6312,6.0163,14.3379,11.7748
2,352,19,80,1,11.0813,10.4374,19.2655,10.3881,10.0100,9.2178,8.9848,18.0503,17.5141
2,353,19,80,1.5,10.7876,10.2984,18.3750,10.2719,10.2467,9.4142,9.2323,17.1015,16.4612
2,354,19,160,0.75,19.2406,21.3189,34.3350,17.2025,15.4603,18.7230,16.3277,32.3053,28.1969
2,355,19,160,1,23.7861,20.6473,37.8950,21.3786,20.5670,18.6072,17.8823,35.5038,34.1251
2,356,19,160,1.5,25.5922,24.0322,40.9065,23.1420,22.5843,21.5430,21.0838,38.4071,36.0472
2,357,19,320,0.75,41.1827,38.8418,67.0264,36.8507,31.8150,35.5012,30.0053,63.7669,54.3088
2,358,19,320,1,43.7119,43.9784,72.1471,39.4009,38.2424,39.3290,37.1487,67.8827,65.0423
2,359,19,320,1.5,47.6232,44.5270,80.3651,43.0418,40.2864,39.2725,36.0625,75.3788,68.5584
2,360,20,10,0.75,0.8355,3.8785,3.5548,0.0000,0.0000,4.5276,4.3744,0.0000,3.8582
2,361,20,10,1,0.8856,0.2061,-0.3447,0.0000,0.0000,4.7603,0.0000,0.0000,0.0000
2,362,20,10,1.5,1.9806,1.9817,2.7758,0.0000,0.0000,0.0000,3.4559,0.0000,0.0000
2,363,20,20,0.75,1.7613,3.9558,4.2624,4.1457,0.0000,0.0000,0.0000,0.0000,0.0000
2,364,20,20,1,1.0818,3.0324,4.0720,0.0000,0.0000,0.0000,0.0000,0.0000,3.0364
2,365,20,20,1.5,3.3188,6.0133,7.0624,4.7610,4.6939,5.7719,5.8864,6.5356,6.4206
2,366,20,40,0.75,3.5166,6.1874,7.5030,4.7744,0.0000,5.8757,5.2636,6.6119,5.3293
2,367,20,40,1,6.1037,8.7570,10.2437,6.0292,5.8293,8.5968,7.8341,10.0031,8.8924
2,368,20,40,1.5,6.2244,8.6372,9.9736,6.0457,5.4414,8.2158,7.7920,9.2643,8.8308
2,369,20,80,0.75,8.5417,13.5720,15.9195,8.0939,6.4656,12.7028,9.9355,14.4698,12.0690
2,370,20,80,1,11.4008,16.6957,17.6652,11.1479,10.5455,16.1538,15.1062,16.9373,15.4919
2,371,20,80,1.5,9.4256,15.1355,18.5765,9.1442,8.6612,14.1840,13.0263,16.3630,14.3731
2,372,20,160,0.75,18.9262,27.8794,32.9179,18.4652,16.1488,26.7812,22.5945,30.3121,25.1410
2,373,20,160,1,22.2175,30.9448,35.7728,21.5220,20.3089,28.9582,26.9511,32.6832,29.7230
2,374,20,160,1.5,20.6759,31.7184,35.6340,19.5965,18.7641,29.6596,28.0004,32.5784,30.1054
2,375,20,320,0.75,34.9272,54.4521,61.6061,33.9806,28.7628,51.1060,42.4413,56.8905,46.5359
2,376,20,320,1,40.5377,60.2719,69.8006,38.9023,37.7500,57.2615,54.0960,63.9299,59.3118
2,377,20,320,1.5,44.7318,65.5703,75.8969,42.3738,40.9332,61.2743,57.6900,68.6134,63.0416
2,378,21,10,0.75,3.3587,3.1458,2.4984,0.0000,0.0000,4.3771,4.6555,3.9134,3.9309
2,379,21,10,1,2.0382,2.2747,3.4357,0.0000,0.0000,4.1056,0.0000,4.4166,0.0000
2,380,21,10,1.5,4.2951,3.3445,3.4274,4.5923,4.5232,0.0000,4.1180,0.0000,0.0000
2,381,21,20,0.75,5.8019,6.5049,8.0562,4.9814,5.3405,5.3241,5.6243,5.4081,6.7828
2,382,21,20,1,5.9747,4.3481,5.7150,4.2926,4.0901,4.4294,4.6634,0.0000,0.0000
2,383,21,20,1.5,6.2886,6.0733,7.4490,5.0866,5.3182,4.4966,4.9100,5.0947,5.6754
2,384,21,40,0.75,8.0192,8.0247,10.3832,6.4112,6.4589,6.3999,5.8828,7.2279,7.4788
2,385,21,40,1,10.9377,10.4058,13.6831,7.5892,8.5589,7.3822,8.3243,7.9296,10.1255
2,386,21,40,1.5,12.2158,13.5308,15.4491,9.5466,10.3747,10.2575,11.2748,11.0071,12.1086
2,387,21,80,0.75,19.7258,19.6877,24.5421,14.5488,14.5701,15.3449,15.2187,14.4568,16.5076
2,388,21,80,1,20.8525,20.8068,27.2640,15.5544,16.3424,15.9595,16.8788,17.1382,19.7786
2,389,21,80,1.5,21.2820,20.6453,27.8312,15.6772,16.9825,15.7016,17.1348,17.0927,19.9090
2,390,21,160,0.75,36.8404,37.6828,47.9020,27.7274,26.3963,29.3412,27.7316,30.0659,31.2263
2,391,21,160,1,41.3302,40.8922,52.6993,29.9701,33.0581,30.8285,33.3560,32.0929,37.8981
2,392,21,160,1.5,41.8541,41.8279,55.0201,29.9126,32.3891,31.0471,33.8020,33.0067,38.8436
2,393,21,320,0.75,71.8395,72.2779,93.0104,54.3047,52.6295,55.0659,53.7947,57.8539,60.6144
2,394,21,320,1,80.8275,81.6679,102.3601,59.9242,64.2363,61.9108,66.8612,62.5298,73.9813
2,395,21,320,1.5,87.4809,88.6577,111.5577,64.5158,68.4199,66.9863,71.3274,68.8399,79.3320
2,396,22,10,0.75,1.7388,3.2272,1.5452,0.0000,0.0000,0.0000,4.4129,0.0000,4.3338
2,397,22,10,1,1.7715,2.8133,2.6528,0.0000,0.0000,0.0000,0.0000,0.0000,0.0000
2,398,22,10,1.5,3.5947,3.5974,3.3867,4.7257,4.3173,4.2871,3.9511,4.6364,4.6784
2,399,22,20,0.75,3.6963,4.2957,3.1982,0.0000,0.0000,0.0000,0.0000,0.0000,4.5699
2,400,22,20,1,4.2564,3.1072,4.3052,0.0000,0.0000,0.0000,0.0000,0.0000,0.0000
2,401,22,20,1.5,4.3293,4.8876,5.5397,0.0000,0.0000,4.2892,4.4381,4.8660,4.6691
2,402,22,40,0.75,5.2615,8.3284,8.0297,5.5251,4.9827,6.8433,5.9188,5.6809,0.0000
2,403,22,40,1,7.1549,10.2854,8.9777,5.9165,5.1782,7.6289,8.7610,6.2692,6.0936
2,404,22,40,1.5,6.9041,10.8068,9.3969,4.7632,4.9338,8.5338,7.7931,7.8590,5.9488
2,405,22,80,0.75,11.4274,16.4958,15.1667,9.5314,6.9320,13.2583,11.0234,10.3936,7.9542
2,406,22,80,1,14.7434,19.2299,18.5989,12.1624,10.0866,15.5573,14.4902,12.5518,10.8683
2,407,22,80,1.5,14.4961,19.4426,18.4926,11.5111,9.4359,15.5243,15.0355,12.8430,11.4477
2,408,22,160,0.75,22.9505,33.0400,31.1893,18.8004,14.4108,27.8842,21.9975,22.6939,17.0313
2,409,22,160,1,27.2559,36.8715,35.7447,22.9514,19.7772,30.3516,27.6422,26.2448,22.3168
2,410,22,160,1.5,31.1434,41.3280,39.1521,25.2209,21.4360,34.3680,29.8667,29.1293,23.8595
2,411,22,320,0.75,48.0277,66.3861,61.9192,39.3022,28.9293,55.7399,45.1532,43.8499,32.3170
2,412,22,320,1,52.6951,72.2934,68.9775,43.4785,36.1326,59.8974,53.7641,50.0920,42.1340
2,413,22,320,1.5,58.4896,78.9114,74.4676,48.2040,38.9235,65.3600,57.6482,55.4967,44.7217
2,414,23,10,0.75,1.2266,2.1574,2.8080,0.0000,0.0000,0.0000,0.0000,0.0000,0.0000
2,415,23,10,1,1.0284,3.3928,3.0026,0.0000,4.0103,0.0000,0.0000,0.0000,0.0000
2,416,23,10,1.5,2.2127,3.3389,3.5678,0.0000,0.0000,0.0000,0.0000,0.0000,0.0000
2,417,23,20,0.75,2.9981,5.8496,6.1986,0.0000,0.0000,4.9632,5.0230,0.0000,0.0000
2,418,23,20,1,4.0398,6.1519,6.3483,3.9844,3.9012,5.2798,5.2257,5.6537,5.5384
2,419,23,20,1.5,5.1721,6.2820,6.0701,4.5450,4.8981,5.6262,5.6432,5.0592,4.9351
2,420,23,40,0.75,7.6722,10.5174,11.3836,6.4775,6.2358,9.5435,8.3477,7.7352,7.7360
2,421,23,40,1,9.2858,13.1354,12.8823,8.8203,8.9192,11.9549,11.8448,9.3624,9.8022
2,422,23,40,1.5,7.4640,10.5457,12.4537,5.8214,6.1530,9.6845,10.0454,8.2397,9.1573
2,423,23,80,0.75,15.9278,20.8737,20.0573,12.5532,10.6779,17.7560,15.2635,13.7184,12.3178
2,424,23,80,1,16.1227,23.4840,22.3285,12.3354,12.9356,20.2105,20.7473,15.1431,17.0864
2,425,23,80,1.5,18.6902,26.2169,27.0187,14.4874,14.6729,22.2183,22.5516,18.2335,20.3873
2,426,23,160,0.75,30.8109,43.4195,43.6283,24.1665,21.8781,36.8004,32.7766,29.6174,27.7401
2,427,23,160,1,34.7746,48.1725,47.1208,27.6930,27.0854,40.5454,40.4983,32.1214,33.6592
2,428,23,160,1.5,35.6386,50.4064,50.7674,28.3592,27.7037,43.0628,42.5479,34.2726,36.2607
2,429,23,320,0.75,61.9348,87.6272,87.3601,50.0765,45.4977,75.2413,67.5229,60.3240,57.2678
2,430,23,320,1,67.2343,96.9264,95.5785,54.4912,53.8758,82.8613,82.7210,67.3415,70.8466
2,431,23,320,1.5,74.5851,101.6692,102.2005,58.9049,58.5758,86.1070,86.1891,69.2123,72.9617
2,432,24,10,0.75,1.2709,1.4572,2.6665,4.0736,4.9550,4.5736,0.0000,0.0000,0.0000
2,433,24,10,1,2.0659,3.2515,3.0455,0.0000,0.0000,4.4240,0.0000,4.0939,4.1117
2,434,24,10,1.5,3.0774,4.3286,4.0459,0.0000,0.0000,0.0000,4.2264,3.9665,4.4326
2,435,24,20,0.75,4.6203,7.9381,7.2142,0.0000,0.0000,5.0256,4.8962,4.5972,4.2977
2,436,24,20,1,4.4994,5.2874,5.7089,4.8619,4.6338,4.8137,4.6073,5.0832,0.0000
2,437,24,20,1.5,5.1750,6.1807,6.1111,0.0000,4.0197,4.8576,4.5180,5.1208,4.7185
2,438,24,40,0.75,10.6588,14.2399,12.9077,9.3188,8.5765,10.2151,9.3932,10.7807,9.7340
2,439,24,40,1,10.6902,14.2864,15.2040,9.0547,9.0779,11.0684,10.4599,12.8399,11.9950
2,440,24,40,1.5,9.2441,13.9507,15.2663,7.9235,7.8195,9.4792,9.3842,11.0648,10.8856
2,441,24,80,0.75,15.4540,23.5171,24.2326,12.3991,11.0403,15.8266,13.9898,17.7498,15.4137
2,442,24,80,1,18.4853,26.6532,28.3157,15.9277,15.7350,20.2959,20.0752,22.4227,21.7873
2,443,24,80,1.5,19.8604,28.5050,31.2834,14.8750,14.5258,19.0228,18.6376,22.0756,21.1407
2,444,24,160,0.75,34.2104,50.8879,51.1907,29.4135,25.5349,36.9767,32.2687,39.8021,33.5637
2,445,24,160,1,36.5804,52.5651,55.6165,29.1340,28.5313,36.0917,35.3079,40.9448,39.3986
2,446,24,160,1.5,41.4495,58.3686,61.1561,32.8906,31.7744,40.3212,39.0865,44.9517,42.6768
2,447,24,320,0.75,66.8895,99.4818,101.2069,56.5738,48.7699,70.8749,61.0905,77.3686,65.4932
2,448,24,320,1,76.0730,108.8234,110.2237,62.7503,61.2151,76.5014,74.9883,84.0902,80.6096
2,449,24,320,1.5,81.0632,115.9471,120.7493,64.6339,63.4327,80.0729,78.6530,88.9719,85.1150
2,450,25,10,0.75,1.0418,0.2258,0.7805,4.5084,0.0000,0.0000,3.4829,4.1321,3.7991
2,451,25,10,1,0.2887,0.1901,1.1808,0.0000,0.0000,3.9808,0.0000,4.3371,0.0000
2,452,25,10,1.5,2.4470,2.2176,2.2830,0.0000,0.0000,0.0000,0.0000,0.0000,0.0000
2,453,25,20,0.75,4.2019,3.6316,4.1344,0.0000,4.9084,4.8916,4.1682,0.0000,3.4989
2,454,25,20,1,4.2010,4.6840,5.4296,0.0000,0.0000,0.0000,0.0000,4.1769,3.9594
2,455,25,20,1.5,3.1011,4.1459,4.6198,0.0000,3.7834,4.8390,4.5777,4.1943,3.9444
2,456,25,40,0.75,7.1737,7.3229,8.3324,5.9308,6.0146,4.6595,4.8748,5.8169,4.7695
2,457,25,40,1,7.7982,9.0108,9.1625,7.3313,7.2800,6.8592,7.3193,7.6860,7.0090
2,458,25,40,1.5,5.3455,6.5144,8.0375,5.4845,5.1374,5.7809,5.9831,6.3620,6.4695
2,459,25,80,0.75,9.7107,11.9668,14.1437,8.0811,7.0028,8.7010,7.0940,9.9044,9.1494
2,460,25,80,1,11.4586,12.6131,13.6518,8.8663,8.5001,8.9220,8.9541,9.5046,9.4928
2,461,25,80,1.5,12.3925,15.1092,16.3252,10.6292,10.3917,10.7658,10.4261,11.6271,10.7441
2,462,25,160,0.75,20.5037,23.6713,26.8772,16.9116,14.9547,17.1925,15.3342,20.1359,17.8218
2,463,25,160,1,24.1725,28.0556,30.2981,19.8477,18.6733,20.6519,20.1552,22.0213,21.1016
2,464,25,160,1.5,26.1214,28.9738,32.6707,20.9320,19.2305,21.4622,20.0566,24.9864,24.1850
2,465,25,320,0.75,43.4314,49.6375,54.7593,34.9952,28.9834,36.3467,31.5228,38.8568,33.4506
2,466,25,320,1,45.9174,53.3815,58.8553,36.0563,33.4348,37.8922,34.3494,42.3581,41.1961
2,467,25,320,1.5,49.1652,56.1930,62.9112,39.3134,36.4106,40.1820,37.3759,45.3895,43.2831
2,468,26,10,0.75,1.3976,1.6252,1.2175,4.1756,0.0000,0.0000,3.6021,0.0000,4.2547
2,469,26,10,1,1.2139,2.3736,2.4178,0.0000,0.0000,0.0000,0.0000,4.0929,3.7484
2,470,26,10,1.5,0.0607,1.1183,0.6432,0.0000,0.0000,0.0000,0.0000,0.0000,0.0000
2,471,26,20,0.75,2.1460,3.1487,3.3809,0.0000,4.1227,0.0000,4.3555,4.6867,4.2809
2,472,26,20,1,3.1136,3.5433,2.8271,0.0000,0.0000,4.6421,4.6238,0.0000,0.0000
2,473,26,20,1.5,3.8760,4.4095,5.3072,4.0596,4.1904,4.7613,4.5723,4.6717,4.6653
2,474,26,40,0.75,6.9454,8.9427,9.2478,6.6980,6.2564,8.4806,7.5380,8.9505,7.7664
2,475,26,40,1,5.6544,8.4685,9.8944,5.9742,6.0514,8.3775,7.7927,9.5810,8.6436
2,476,26,40,1.5,7.5436,8.5694,9.4699,7.5074,6.6666,8.3533,8.4538,8.8678,8.2825
2,477,26,80,0.75,10.2257,13.4924,15.3038,10.1551,9.0760,12.5010,10.5636,13.8594,11.7230
2,478,26,80,1,11.6786,15.1374,16.7810,11.4571,10.6461,14.1686,13.3408,15.6661,14.7253
2,479,26,80,1.5,15.8215,18.9606,20.0598,15.1588,13.3038,17.9001,15.7259,18.6741,16.0996
2,480,26,160,0.75,23.4804,29.0619,31.5061,22.6726,19.2915,27.4958,22.8888,29.1046,23.9385
2,481,26,160,1,24.6238,30.8759,34.5263,23.9028,22.8031,29.0756,27.6057,31.5883,29.7377
2,482,26,160,1.5,26.4721,32.2818,36.4139,25.8551,24.6016,30.7949,28.9138,33.3908,31.2181
2,483,26,320,0.75,45.8175,57.6208,64.6047,44.3325,37.7067,54.9735,46.0469,59.6324,49.8593
2,484,26,320,1,50.8457,64.2605,70.8079,48.2897,45.2770,60.3500,56.4473,65.0213,61.1349
2,485,26,320,1.5,53.5952,65.2765,72.5871,51.0748,48.8226,61.6315,58.9115,65.9182,62.7206
2,486,27,10,0.75,0.4000,1.0851,1.6021,0.0000,0.0000,0.0000,0.0000,0.0000,0.0000
2,487,27,10,1,3.4672,3.0825,2.2861,0.0000,0.0000,0.0000,0.0000,0.0000,0.0000
2,488,27,10,1.5,0.6313,1.1576,2.4124,4.4322,0.0000,0.0000,0.0000,0.0000,0.0000
2,489,27,20,0.75,5.8156,4.1330,7.8695,5.6747,5.2192,4.4337,0.0000,7.8555,5.8933
2,490,27,20,1,4.1804,3.9000,7.3070,4.3829,4.0705,0.0000,0.0000,6.6509,5.7234
2,491,27,20,1.5,3.7141,3.7852,5.5158,4.6916,4.3455,0.0000,4.4609,5.3927,4.5672
2,492,27,40,0.75,8.9788,5.5424,11.8183,8.3311,6.7584,5.0839,0.0000,11.2750,8.3900
2,493,27,40,1,10.2851,7.8231,13.2001,9.3265,8.9181,7.1264,7.0226,11.9908,10.9663
2,494,27,40,1.5,12.4173,10.6583,13.5043,11.1441,11.0127,9.7018,9.8011,13.1597,12.1599
2,495,27,80,0.75,18.1709,13.4105,23.2696,16.8989,14.6951,11.9971,10.6871,21.6838,17.3709
2,496,27,80,1,17.3684,11.4443,23.2587,16.1232,14.8375,9.9812,10.3678,20.7615,18.7667
2,497,27,80,1.5,19.3263,14.4216,24.0816,17.3472,16.9870,12.4599,12.0812,22.5256,19.5087
2,498,27,160,0.75,35.2358,25.8819,42.5693,33.1674,27.5050,22.6697,20.1555,39.1629,31.6361
2,499,27,160,1,39.3470,28.3074,48.9537,35.6433,34.7845,24.3503,25.1792,44.9551,40.1549
2,500,27,160,1.5,41.4775,30.2957,49.9494,38.4936,35.5018,26.7615,25.8257,46.8595,40.3618
2,501,27,320,0.75,68.3653,50.9425,84.5056,63.1155,54.3330,45.4159,39.9807,77.4578,63.0185
2,502,27,320,1,76.6397,55.8587,93.0675,71.1634,66.6563,49.0621,48.3972,86.6712,76.0377
2,503,27,320,1.5,84.2934,60.0259,102.3811,78.8211,73.4542,53.1591,51.7433,95.7652,82.6071
2,504,28,10,0.75,1.3633,2.1275,2.4489,0.0000,0.0000,0.0000,0.0000,3.9366,0.0000
2,505,28,10,1,2.3009,2.0066,2.8066,3.6105,0.0000,0.0000,0.0000,0.0000,0.0000
2,506,28,10,1.5,1.6315,2.3107,2.6257,4.4474,4.3142,3.8777,0.0000,0.0000,0.0000
2,507,28,20,0.75,2.4601,3.6283,3.4476,0.0000,3.6744,4.4953,0.0000,3.9594,3.8451
2,508,28,20,1,4.4349,5.1081,5.0716,4.5233,4.8325,5.0921,4.4890,5.0949,5.1854
2,509,28,20,1.5,4.8367,4.7974,5.7292,4.9278,5.1832,4.8104,5.1606,5.4005,5.4168
2,510,28,40,0.75,4.1100,6.6359,7.5200,4.8410,4.6160,6.9431,6.1243,7.5167,6.3324
2,511,28,40,1,7.6301,9.1214,9.9351,6.2937,7.0477,8.6505,8.5419,7.9454,9.1907
2,512,28,40,1.5,8.2503,9.4478,11.1510,7.0941,7.8841,8.8771,8.9564,8.8593,10.0029
2,513,28,80,0.75,10.0132,14.4944,17.0287,8.3674,8.4191,13.8689,12.4173,14.8207,13.9054
2,514,28,80,1,14.0353,17.4794,20.6922,11.4519,11.9847,16.2473,16.4949,17.6890,19.8779
2,515,28,80,1.5,14.3232,18.4488,21.9553,11.7025,12.2951,17.9665,17.5640,18.2950,19.5443
2,516,28,160,0.75,25.8163,32.4499,37.1372,21.0178,19.3574,29.9109,26.4786,31.2322,30.0496
2,517,28,160,1,27.4870,35.8996,42.6737,22.5901,24.1456,33.5711,33.6702,36.2170,39.4070
2,518,28,160,1.5,30.8890,37.5214,46.4593,26.9199,25.4193,35.5151,34.4087,39.8745,41.8037
2,519,28,320,0.75,50.7883,64.7353,75.6563,42.7801,39.7648,60.6342,54.0204,64.6478,62.6194
2,520,28,320,1,57.5799,70.6798,83.4505,47.7407,50.2183,66.0301,64.8876,71.1832,76.0935
2,521,28,320,1.5,62.7517,75.5817,91.3752,52.0489,52.9013,71.3374,69.9066,77.3314,82.6206
2,522,29,10,0.75,2.0502,2.7942,3.7513,0.0000,0.0000,0.0000,0.0000,0.0000,0.0000
2,523,29,10,1,0.9001,1.3910,1.7840,0.0000,0.0000,0.0000,0.0000,0.0000,0.0000
2,524,29,10,1.5,2.9218,3.2328,2.4204,0.0000,0.0000,0.0000,0.0000,0.0000,0.0000
2,525,29,20,0.75,2.1463,4.5869,4.0690,0.0000,3.6547,0.0000,0.0000,0.0000,0.0000
2,526,29,20,1,4.3095,5.9321,4.8206,4.5614,4.6074,4.8643,5.6201,0.0000,0.0000
2,527,29,20,1.5,4.4111,4.7664,4.8107,4.5797,4.4750,5.3083,5.8320,5.5443,6.1130
2,528,29,40,0.75,7.1479,10.1097,10.3661,6.2906,5.5059,7.4196,7.2017,6.9413,6.6925
2,529,29,40,1,7.5466,8.9390,8.7483,6.5630,6.0882,6.4854,6.9404,6.6856,5.9532
2,530,29,40,1.5,6.6951,10.8312,11.7504,6.2616,6.5300,8.9350,8.8201,7.2859,7.9388
2,531,29,80,0.75,13.6799,16.7186,18.9138,11.1110,8.9762,12.1698,10.8496,13.1057,11.4221
2,532,29,80,1,13.6442,19.3596,20.1202,11.4737,11.3664,14.5865,14.1195,13.0508,11.5395
2,533,29,80,1.5,15.0334,20.4224,21.8129,12.4459,11.9347,15.4442,15.3243,14.0982,14.0035
2,534,29,160,0.75,27.6582,35.1960,36.9136,23.5101,19.7545,26.4972,23.6568,25.9635,20.8528
2,535,29,160,1,29.5270,40.8607,43.0883,25.9498,24.0929,29.6858,31.8560,28.6210,26.4519
2,536,29,160,1.5,33.2993,43.5467,46.1085,27.0717,25.2129,31.5521,32.3110,31.3744,28.9322
2,537,29,320,0.75,53.7563,71.2588,75.3721,46.3192,38.2418,53.0229,48.9721,51.6532,42.3652
2,538,29,320,1,59.1631,79.1751,84.2293,49.8335,45.9326,57.1970,60.8154,55.8316,52.3908
2,539,29,320,1.5,67.2030,86.4033,90.6164,54.7792,50.6663,62.4122,64.8150,60.9220,56.8035
2,540,30,10,0.75,2.6801,2.2795,2.8801,3.9110,0.0000,0.0000,3.6682,0.0000,0.0000
2,541,30,10,1,1.6167,1.8206,2.0170,3.7701,0.0000,3.3325,0.0000,4.5699,4.4511
2,542,30,10,1.5,1.5350,2.6381,2.6573,0.0000,0.0000,0.0000,0.0000,0.0000,0.0000
2,543,30,20,0.75,3.3249,3.4643,4.4813,4.5324,0.0000,0.0000,0.0000,3.6166,0.0000
2,544,30,20,1,2.8525,3.6293,3.6461,4.3482,0.0000,0.0000,4.1764,0.0000,0.0000
2,545,30,20,1.5,3.8258,5.2845,5.4291,4.1596,0.0000,4.6303,4.1849,0.0000,4.2408
2,546,30,40,0.75,6.7406,9.4166,10.2049,4.3687,0.0000,9.1407,7.4575,5.9817,5.0588
2,547,30,40,1,7.7738,8.9217,9.0332,6.0496,5.7396,8.6624,8.0948,5.4115,6.3618
2,548,30,40,1.5,8.4682,10.6124,10.2585,7.1732,5.5119,10.1381,8.6773,6.1915,5.5096
2,549,30,80,0.75,14.1235,18.3552,17.2916,11.5039,9.6734,17.8422,15.3372,9.8089,8.2680
2,550,30,80,1,14.2085,16.4278,18.2757,10.4440,10.5028,15.7456,15.1824,9.6747,10.7595
2,551,30,80,1.5,16.6624,19.1512,20.7805,12.3310,11.6014,18.0195,17.1500,11.1374,13.0027
2,552,30,160,0.75,28.1565,34.3616,34.9356,20.9894,16.5846,32.6117,27.1979,18.2602,17.7131
2,553,30,160,1,30.8444,38.1643,38.8019,23.8736,20.7149,35.7862,33.3599,21.3701,22.0555
2,554,30,160,1.5,35.6125,40.7492,43.9029,26.0034,23.3472,38.6569,36.7558,23.9181,27.0008
2,555,30,320,0.75,58.4952,69.4363,70.2321,42.4145,34.3096,65.7912,55.3336,36.6767,36.2141
2,556,30,320,1,64.4737,75.4583,78.2219,47.6842,42.3068,71.1070,67.1172,43.6450,43.2320
2,557,30,320,1.5,68.8843,79.0485,82.5713,52.1680,44.9038,74.9281,70.3641,45.0675,48.1002
2,558,31,10,0.75,2.3012,1.5104,3.0209,0.0000,4.4737,0.0000,0.0000,0.0000,0.0000
2,559,31,10,1,1.2199,1.0318,2.8010,3.9935,0.0000,4.6783,0.0000,0.0000,3.7038
2,560,31,10,1.5,2.5830,1.9785,3.6059,0.0000,0.0000,0.0000,0.0000,0.0000,0.0000
2,561,31,20,0.75,3.5066,2.7698,5.4955,3.7148,0.0000,0.0000,0.0000,0.0000,0.0000
2,562,31,20,1,4.8275,4.1501,7.2762,0.0000,4.9154,0.0000,4.8839,5.1199,4.9981
2,563,31,20,1.5,4.7147,2.5314,7.2113,3.9198,0.0000,0.0000,0.0000,5.2557,4.8747
2,564,31,40,0.75,10.6360,7.9488,12.0050,7.5043,6.7464,6.5975,5.6707,8.7263,7.7403
2,565,31,40,1,10.5943,7.7680,14.1931,7.3700,7.4662,5.9037,5.8224,9.3420,9.2763
2,566,31,40,1.5,11.1425,8.7577,16.7455,8.3869,6.6602,7.2781,5.2626,10.9211,10.4801
2,567,31,80,0.75,17.6405,12.7472,25.6550,10.8017,8.3726,9.7124,8.5999,15.8374,13.5109
2,568,31,80,1,21.3974,15.5396,28.0030,13.5508,12.5266,11.4787,11.5180,17.2601,16.3675
2,569,31,80,1.5,21.4866,13.9468,29.3798,14.3948,13.4441,9.9071,9.4803,18.9678,17.8137
2,570,31,160,0.75,34.6516,25.6770,50.2982,23.1808,20.2550,17.7471,15.1991,31.8021,28.2605
2,571,31,160,1,37.3292,26.4918,54.4778,24.5599,23.8256,17.8991,17.4214,33.7125,33.6520
2,572,31,160,1.5,42.4962,30.3051,59.4922,28.1082,26.4318,20.1903,19.7286,37.3268,35.6038
2,573,31,320,0.75,72.4865,53.1261,100.4563,49.3696,43.3514,35.8395,31.1642,64.0469,57.0303
2,574,31,320,1,77.6920,55.4694,111.0057,52.6456,50.7425,38.2570,36.2242,69.6376,67.6315
2,575,31,320,1.5,85.6981,59.3442,119.5053,55.1808,52.8624,39.5061,39.9526,74.9577,72.5613
2,576,32,10,0.75,3.3789,4.6179,5.3102,4.2896,0.0000,4.7154,0.0000,0.0000,4.3987
2,577,32,10,1,2.5006,3.9994,4.5976,0.0000,0.0000,4.4854,4.4904,4.4677,0.0000
2,578,32,10,1.5,3.4693,4.4421,4.6500,0.0000,0.0000,0.0000,0.0000,4.4063,4.2318
2,579,32,20,0.75,5.9931,6.9699,7.9427,6.0541,5.8401,6.6871,6.3695,7.0507,6.1164
2,580,32,20,1,5.6671,6.5384,6.7434,4.7096,4.5783,5.4355,5.2203,4.6990,4.7459
2,581,32,20,1.5,7.0672,7.3444,8.9751,5.8444,4.9403,6.6889,5.7461,6.9191,5.5368
2,582,32,40,0.75,12.6979,13.9292,16.8449,11.9309,9.9848,12.5887,10.3155,14.0866,10.1797
2,583,32,40,1,13.6545,14.3106,17.9671,12.1980,10.9785,11.9610,11.3630,13.9007,12.2928
2,584,32,40,1.5,12.6622,14.3379,17.5601,12.2226,10.6418,12.4293,10.6910,13.3573,10.8161
2,585,32,80,0.75,20.4356,23.6167,27.9929,19.1516,15.9614,20.9608,17.0576,22.4747,16.9735
2,586,32,80,1,23.0015,27.6714,32.8493,20.9110,19.1294,23.6829,21.7416,25.7685,23.4776
2,587,32,80,1.5,25.4342,28.7594,35.9020,22.6598,20.4657,24.8544,22.2319,27.5302,22.4239
2,588,32,160,0.75,43.2554,51.1297,60.8090,38.9111,31.9000,44.6468,35.7475,47.6111,36.5193
2,589,32,160,1,47.3873,55.3981,67.3760,42.5737,38.6482,48.3677,43.8771,52.1027,43.2287
2,590,32,160,1.5,48.3258,56.5541,70.0254,43.8915,39.8432,49.5772,44.6841,53.7915,44.4985
2,591,32,320,0.75,84.2564,99.5666,120.8488,76.0229,62.3774,85.6986,68.7588,93.4796,71.3068
2,592,32,320,1,92.0119,107.6097,131.7756,83.4116,75.4289,93.1641,84.7020,102.0579,85.3175
2,593,32,320,1.5,101.4344,117.6248,146.3079,91.5473,82.6910,102.6905,92.7358,111.2627,93.7215
2,594,33,10,0.75,1.3454,1.7430,4.2003,3.5814,0.0000,0.0000,3.4360,3.9243,3.9645
2,595,33,10,1,0.7955,1.5299,3.6558,4.2448,4.1542,0.0000,0.0000,0.0000,0.0000
2,596,33,10,1.5,0.6923,1.0157,2.2305,0.0000,0.0000,4.4271,0.0000,4.7059,0.0000
2,597,33,20,0.75,4.0761,5.8911,7.3547,0.0000,0.0000,0.0000,0.0000,6.5311,5.9176
2,598,33,20,1,4.9279,5.4422,8.3312,4.9366,4.6896,5.5442,5.1108,7.0261,6.9251
2,599,33,20,1.5,4.4256,4.9312,7.2912,5.1661,4.8602,0.0000,4.5537,7.0156,7.0175
2,600,33,40,0.75,8.9379,9.5970,14.9363,7.7133,6.5486,7.5818,6.7980,12.1262,10.0702
2,601,33,40,1,7.7298,7.2639,12.8372,7.4546,6.5076,7.9022,6.9459,10.4466,10.0474
2,602,33,40,1.5,9.9975,10.2594,14.9917,8.4907,8.1401,9.1759,8.6271,12.7100,12.3515
2,603,33,80,0.75,15.0664,16.5894,25.3773,12.9117,11.8062,14.9970,12.1828,21.0153,17.4667
2,604,33,80,1,17.7513,17.6714,27.8915,14.7599,13.9792,15.2841,14.8539,22.6554,21.6957
2,605,33,80,1.5,20.3983,19.9246,31.1417,16.4609,15.3025,17.7257,16.3397,25.9843,23.9601
2,606,33,160,0.75,31.4109,33.6800,50.2362,25.7264,22.9966,28.7540,25.1910,41.3350,36.0696
2,607,33,160,1,34.7496,36.6230,56.2382,29.0789,27.6898,31.2738,30.4417,46.0669,43.7114
2,608,33,160,1.5,39.7231,40.6413,63.5944,33.6168,31.8576,34.1434,33.6370,51.3614,49.1332
2,609,33,320,0.75,61.4005,67.2756,102.0532,50.3423,45.4468,56.8778,49.4785,83.9774,73.1989
2,610,33,320,1,68.3937,73.6494,114.5178,56.5465,55.0057,64.0050,61.7301,94.2793,89.7263
2,611,33,320,1.5,75.7230,77.2442,122.9316,62.6575,59.0193,65.2420,62.8153,99.4713,93.6139
2,612,34,10,0.75,0.6091,3.0040,1.9711,0.0000,3.7209,4.2717,0.0000,3.8808,0.0000
2,613,34,10,1,0.1253,1.4225,2.0657,0.0000,3.4962,0.0000,0.0000,0.0000,0.0000
2,614,34,10,1.5,1.7862,2.5649,2.5219,0.0000,0.0000,0.0000,0.0000,4.3424,0.0000
2,615,34,20,0.75,4.3954,5.0031,5.2409,0.0000,0.0000,4.3587,0.0000,4.0214,4.1878
2,616,34,20,1,1.7040,4.1607,4.9751,0.0000,4.0531,4.6038,4.4494,0.0000,0.0000
2,617,34,20,1.5,2.9968,6.3523,6.4349,0.0000,0.0000,6.2159,6.5020,5.5929,6.1226
2,618,34,40,0.75,5.0216,9.6242,10.3123,4.6324,4.8323,8.2439,7.2792,9.1003,8.3524
2,619,34,40,1,6.9645,11.3979,12.3090,6.8019,6.4659,10.4171,9.5712,11.2184,10.8879
2,620,34,40,1.5,6.3281,12.4816,12.7658,6.1681,5.6381,11.7880,11.3301,12.0558,11.6455
2,621,34,80,0.75,10.6256,19.8020,20.7730,10.2080,8.7571,18.1445,16.3333,19.4962,17.1305
2,622,34,80,1,10.5633,22.3714,22.6977,9.3965,9.0107,20.4451,19.5743,21.0882,20.5031
2,623,34,80,1.5,12.6905,24.3859,26.2499,11.7417,10.6434,22.6161,21.6577,24.0891,22.8493
2,624,34,160,0.75,20.9716,40.1635,41.1863,18.7293,16.4368,35.5428,31.5914,36.7539,32.2133
2,625,34,160,1,23.5958,44.4154,44.9287,20.9072,20.0791,40.6403,39.9506,41.2797,40.3598
2,626,34,160,1.5,24.4847,48.4523,48.8652,21.7132,21.6531,45.8530,44.3788,45.4925,43.8425
2,627,34,320,0.75,39.2599,80.3604,81.0581,35.4511,30.3598,72.9116,64.2881,73.4967,63.8613
2,628,34,320,1,44.1765,88.7928,90.3819,39.1538,37.7557,81.3812,79.1021,83.0164,79.8752
2,629,34,320,1.5,48.2858,96.8323,99.8800,42.7455,40.8403,91.3499,86.3848,92.9015,86.7433
2,630,35,10,0.75,2.0849,1.8802,2.2938,4.2577,4.7993,0.0000,0.0000,4.1429,4.1194
2,631,35,10,1,1.7553,2.9558,2.3083,0.0000,0.0000,3.8660,0.0000,3.6973,0.0000
2,632,35,10,1.5,2.5529,2.9932,3.7937,0.0000,0.0000,0.0000,0.0000,0.0000,0.0000
2,633,35,20,0.75,3.2037,3.6543,4.2574,4.8428,3.8179,0.0000,4.0690,4.5284,0.0000
2,634,35,20,1,3.6767,4.4144,4.2442,0.0000,4.2059,4.2621,4.2891,0.0000,0.0000
2,635,35,20,1.5,3.0097,4.0120,4.3196,0.0000,0.0000,0.0000,0.0000,0.0000,0.0000
2,636,35,40,0.75,7.7471,9.8977,8.1096,7.3636,7.2987,9.9866,9.0527,7.7499,7.1005
2,637,35,40,1,7.1287,9.4724,8.1986,7.2035,7.1837,9.3696,9.3285,7.6781,7.7910
2,638,35,40,1.5,7.6051,9.7149,9.8126,6.9026,7.5678,9.5653,9.2991,9.1806,8.5865
2,639,35,80,0.75,14.1706,17.3427,17.0589,13.1816,12.1514,17.2661,15.2041,15.4524,14.3731
2,640,35,80,1,13.4021,16.8647,17.3358,12.1875,12.9946,16.5197,16.1276,15.7149,15.8624
2,641,35,80,1.5,13.7283,18.8986,19.6504,12.7947,12.4377,18.6885,17.6856,18.3298,17.1129
2,642,35,160,0.75,25.7144,32.3693,33.4929,24.0513,21.1586,31.9544,27.9844,30.5152,27.0752
2,643,35,160,1,29.7124,36.0164,36.3189,28.1148,27.7990,35.6957,34.7418,34.1474,32.4465
2,644,35,160,1.5,31.4704,38.5560,39.4235,29.9033,29.0189,38.0948,37.0160,36.5713,35.3672
2,645,35,320,0.75,51.1254,64.8472,65.5877,48.2796,41.5276,63.9872,55.2632,60.5542,52.4629
2,646,35,320,1,58.9294,72.1421,72.0930,55.5978,54.0633,71.1661,69.8118,66.7113,64.6898
2,647,35,320,1.5,60.0652,75.3180,77.5513,56.8412,56.3815,74.5158,73.0394,71.9074,70.1031
3,0,0,10,0.75,0.5123,1.9196,1.4242,0.0000,0.0000,0.0000,0.0000,0.0000,0.0000
3,1,0,10,1,2.3097,2.3907,2.7689,0.0000,0.0000,0.0000,0.0000,0.0000,0.0000
3,2,0,10,1.5,1.7926,1.6671,2.3154,3.9846,3.8649,4.4070,0.0000,4.4412,3.9145
3,3,0,20,0.75,0.4373,2.5049,2.8224,0.0000,0.0000,0.0000,0.0000,0.0000,0.0000
3,4,0,20,1,2.9543,1.4722,2.8225,0.0000,0.0000,0.0000,0.0000,0.0000,0.0000
3,5,0,20,1.5,1.7861,4.0351,4.6700,4.2887,0.0000,0.0000,0.0000,0.0000,0.0000
3,6,0,40,0.75,0.9538,5.7204,7.5403,0.0000,4.3979,3.3092,4.2320,5.2454,4.3207
3,7,0,40,1,1.3931,5.7433,5.4830,0.0000,0.0000,4.4901,3.9615,0.0000,4.0036
3,8,0,40,1.5,3.7860,7.1636,7.7174,4.4904,4.5421,4.3793,4.1836,5.6068,4.6722
3,9,0,80,0.75,5.1754,10.5792,11.7961,0.0000,0.0000,5.7724,4.8421,6.5971,5.1262
3,10,0,80,1,6.5675,12.3819,12.9026,4.5220,4.3473,7.2743,6.6174,7.9249,7.0984
3,11,0,80,1.5,7.5830,14.3323,14.5092,5.1782,5.3647,6.8559,6.9250,7.9297,7.5226
3,12,0,160,0.75,9.0068,19.2814,19.6543,6.7189,6.0215,10.7892,8.6780,12.1922,9.4926
3,13,0,160,1,11.9830,22.4035,23.5625,8.5847,8.6181,13.4125,12.4218,14.4237,12.1871
3,14,0,160,1.5,12.8188,25.6988,26.1073,9.5268,9.2195,14.0624,12.5688,15.2455,12.9498
3,15,0,320,0.75,19.2992,39.9751,43.2625,14.1186,13.3920,23.8402,19.6110,27.1302,22.1312
3,16,0,320,1,22.2092,43.9524,49.4832,18.1673,17.5354,26.0014,23.6565,30.6671,27.1970
3,17,0,320,1.5,23.7919,49.6101,54.4918,16.1510,15.0600,26.9129,23.8523,32.2500,27.2804
3,18,1,10,0.75,0.7089,2.2515,1.3650,0.0000,0.0000,0.0000,0.0000,4.1573,0.0000
3,19,1,10,1,-0.3886,-0.0288,0.6625,4.2989,0.0000,0.0000,0.0000,0.0000,0.0000
3,20,1,10,1.5,0.0512,0.6431,1.1911,0.0000,0.0000,0.0000,0.0000,0.0000,0.0000
3,21,1,20,0.75,0.9939,2.2866,1.8337,0.0000,0.0000,0.0000,0.0000,0.0000,0.0000
3,22,1,20,1,3.0582,3.6326,4.4809,4.5081,0.0000,4.9211,4.5520,4.7096,4.2205
3,23,1,20,1.5,3.8321,4.4956,3.7150,4.8632,0.0000,0.0000,0.0000,4.9354,0.0000
3,24,1,40,0.75,3.3546,5.5600,4.3998,0.0000,0.0000,0.0000,4.6243,0.0000,4.1876
3,25,1,40,1,4.3323,7.2194,5.7636,3.8606,0.0000,4.8559,5.0802,4.5945,4.7927
3,26,1,40,1.5,4.6949,6.5338,5.7564,4.2664,0.0000,0.0000,5.0463,0.0000,0.0000
3,27,1,80,0.75,6.7295,13.4019,11.3601,5.6471,5.1553,7.4022,8.1578,6.4438,6.8767
3,28,1,80,1,9.7761,13.7168,12.2395,7.2663,6.3558,8.2253,8.5888,6.9351,7.1006
3,29,1,80,1.5,8.4393,11.7579,11.4129,6.4463,6.8265,8.4929,9.3433,7.8180,8.4677
3,30,1,160,0.75,15.3618,23.4614,21.9069,11.3354,9.9906,15.5236,15.0327,13.7104,12.0891
3,31,1,160,1,16.3510,26.3254,22.2582,11.7971,11.8538,16.3490,17.9766,13.3960,13.9175
3,32,1,160,1.5,16.4260,26.1197,23.7902,12.0452,10.6595,14.6733,16.0116,11.8345,13.0756
3,33,1,320,0.75,29.5184,47.3812,42.0976,22.2469,18.3960,29.0201,28.2610,22.4758,21.4758
3,34,1,320,1,34.5063,52.6088,47.5179,26.6407,24.3057,33.5257,36.3712,26.8103,28.4198
3,35,1,320,1.5,36.9877,58.1384,51.9498,25.6950,25.2701,35.4084,38.5322,28.2868,29.9924
3,36,2,10,0.75,0.8051,1.6894,0.8919,0.0000,0.0000,4.1319,3.7164,0.0000,0.0000
3,37,2,10,1,-0.5246,0.6134,2.9077,0.0000,0.0000,0.0000,0.0000,4.5371,0.0000
3,38,2,10,1.5,2.2117,1.5184,3.1059,0.0000,0.0000,4.2175,4.4181,4.3834,4.3741
3,39,2,20,0.75,1.8394,2.9120,4.5868,0.0000,0.0000,4.5571,4.3383,4.0151,0.0000
3,40,2,20,1,0.3170,2.6601,4.3729,0.0000,0.0000,0.0000,0.0000,0.0000,4.0313
3,41,2,20,1.5,3.6957,4.6333,5.5185,4.0025,3.9978,0.0000,4.1062,4.2160,0.0000
3,42,2,40,0.75,4.0612,7.2781,8.9005,4.0528,3.9829,6.8222,5.9054,6.9297,5.3960
3,43,2,40,1,5.3218,6.8005,10.3703,4.7825,4.5005,5.3830,5.8903,8.1236,7.6039
3,44,2,40,1.5,6.1819,7.2928,12.3313,5.2867,5.2272,6.4996,6.7545,8.6012,8.0652
3,45,2,80,0.75,9.2129,13.0724,19.3791,7.2151,6.4776,10.0418,9.1125,13.8851,11.1861
3,46,2,80,1,11.3225,14.2275,22.8323,9.0463,8.6637,11.3531,11.5548,17.8463,16.4763
3,47,2,80,1.5,11.3290,15.3873,24.3056,9.1650,8.3036,12.5889,12.9893,17.7517,15.9783
3,48,2,160,0.75,18.8307,25.5392,38.8451,15.4766,12.6254,21.6773,20.0292,29.7683,24.3980
3,49,2,160,1,21.1267,29.7301,44.2550,16.7376,16.1007,24.6816,25.4798,32.4177,30.3911
3,50,2,160,1.5,20.8603,31.3006,47.8527,17.1479,16.0150,25.8919,26.7641,34.2177,31.4127
3,51,2,320,0.75,36.4864,51.7337,77.3852,30.6337,25.9929,42.8397,39.6257,59.6319,49.4956
3,52,2,320,1,39.2894,56.7684,87.1364,33.7775,32.3598,46.6929,48.1463,66.4085,62.1179
3,53,2,320,1.5,43.3838,64.9404,96.6507,35.5114,32.9195,54.3826,54.5004,69.8920,63.7616
3,54,3,10,0.75,2.2947,1.8354,2.7407,0.0000,0.0000,0.0000,0.0000,0.0000,0.0000
3,55,3,10,1,2.5766,2.4217,3.3287,0.0000,0.0000,3.9931,0.0000,0.0000,0.0000
3,56,3,10,1.5,2.7909,4.2320,4.5077,0.0000,0.0000,0.0000,0.0000,0.0000,0.0000
3,57,3,20,0.75,2.2542,3.3727,2.1182,4.4356,0.0000,4.6888,0.0000,0.0000,0.0000
3,58,3,20,1,4.2422,5.9367,5.2414,0.0000,4.3490,5.6076,5.2037,5.0192,0.0000
3,59,3,20,1.5,3.0982,5.8131,5.4008,0.0000,0.0000,5.5459,4.7248,5.3319,4.6756
3,60,3,40,0.75,4.1754,6.5462,8.4522,0.0000,3.7895,5.7863,4.9953,8.2293,7.4191
3,61,3,40,1,6.2066,8.9855,9.3112,5.9243,6.0361,7.6672,6.2734,8.5416,7.7407
3,62,3,40,1.5,6.4393,10.1802,9.3670,6.1396,6.1433,8.5910,7.4869,8.8943,8.0182
3,63,3,80,0.75,9.8091,13.9081,15.5510,9.6027,7.8067,12.0812,8.5817,14.6318,11.3276
3,64,3,80,1,12.4450,17.7278,18.1479,11.8963,11.8020,15.7360,13.4835,17.4532,15.3779
3,65,3,80,1.5,12.5967,20.0185,21.7465,12.3657,10.7101,17.2336,13.4191,20.5001,18.3113
3,66,3,160,0.75,20.7188,31.0470,33.1776,19.9288,16.2153,27.6186,21.1204,32.0285,26.1221
3,67,3,160,1,23.8759,34.8747,37.7096,23.3715,21.6637,30.9479,25.5862,36.1564,31.3634
3,68,3,160,1.5,23.9687,37.2896,42.0140,23.4305,22.0593,32.0474,26.7614,38.8273,34.0176
3,69,3,320,0.75,41.7356,60.9889,67.6598,40.3761,34.3820,53.8593,39.9286,64.7410,51.9102
3,70,3,320,1,46.4329,69.3266,75.5389,45.5506,42.5322,60.9888,50.2537,71.7527,63.1327
3,71,3,320,1.5,49.5902,77.4436,84.9906,48.5803,44.7224,67.2188,54.4228,79.9315,69.3001
3,72,4,10,0.75,0.4151,0.2179,0.4848,0.0000,0.0000,3.1666,0.0000,3.4759,4.1768
3,73,4,10,1,-0.2897,-0.2850,-0.3203,0.0000,0.0000,0.0000,0.0000,0.0000,0.0000
3,74,4,10,1.5,-0.5334,-1.5184,-0.3693,0.0000,0.0000,4.2667,4.3203,0.0000,3.2473
3,75,4,20,0.75,1.5883,2.1107,1.4568,4.2157,3.9955,3.2543,0.0000,3.9279,3.8031
3,76,4,20,1,0.2892,1.1690,0.8624,4.2630,3.9104,4.2243,4.3278,4.1378,0.0000
3,77,4,20,1.5,-0.6286,1.0763,1.5195,3.9722,0.0000,0.0000,0.0000,4.3723,0.0000
3,78,4,40,0.75,1.0633,3.7849,3.2078,0.0000,0.0000,0.0000,0.0000,0.0000,0.0000
3,79,4,40,1,1.4219,2.3604,3.1909,0.0000,0.0000,4.2931,4.3767,4.2678,0.0000
3,80,4,40,1.5,0.2286,4.4437,3.8646,0.0000,0.0000,0.0000,0.0000,4.0326,4.1021
3,81,4,80,0.75,2.5869,5.9503,6.8366,0.0000,0.0000,5.4330,5.4813,5.9458,4.9637
3,82,4,80,1,3.3005,7.9214,7.3170,0.0000,0.0000,5.8629,5.7370,5.7828,5.2941
3,83,4,80,1.5,2.9458,6.9663,6.9878,3.9543,0.0000,4.9014,4.7150,4.9239,4.5070
3,84,4,160,0.75,4.6867,11.3231,10.7626,4.5892,4.5046,8.3848,7.5387,6.9461,6.5433
3,85,4,160,1,4.5446,11.3392,11.4419,4.5716,4.3125,8.6818,7.7671,8.2980,8.0657
3,86,4,160,1.5,5.3516,11.7413,12.1378,0.0000,0.0000,8.1435,7.1703,8.1100,7.3374
3,87,4,320,0.75,11.2706,24.0520,23.0029,7.7303,6.9450,16.5908,14.0586,15.2211,12.2735
3,88,4,320,1,12.9474,27.4683,25.4650,8.4954,8.8088,17.9442,17.0870,17.0002,15.5137
3,89,4,320,1.5,12.7820,26.0612,26.1912,8.7319,8.6972,16.2645,15.4233,16.3574,15.5573
3,90,5,10,0.75,1.2146,1.4489,2.3212,0.0000,0.0000,0.0000,0.0000,0.0000,3.8457
3,91,5,10,1,2.2439,1.1849,2.2455,0.0000,0.0000,0.0000,0.0000,0.0000,3.9917
3,92,5,10,1.5,1.3045,1.9861,2.6707,0.0000,0.0000,0.0000,0.0000,0.0000,0.0000
3,93,5,20,0.75,1.6215,2.2686,2.8385,0.0000,0.0000,0.0000,0.0000,4.2563,0.0000
3,94,5,20,1,3.0122,2.5439,1.9168,0.0000,0.0000,0.0000,0.0000,0.0000,0.0000
3,95,5,20,1.5,1.3401,2.2341,1.6709,0.0000,0.0000,0.0000,4.5327,0.0000,0.0000
3,96,5,40,0.75,1.8479,2.1076,2.8305,0.0000,0.0000,0.0000,0.0000,0.0000,0.0000
3,97,5,40,1,3.5754,2.4213,3.2886,5.1595,5.0790,4.6999,4.5378,4.3650,4.1360
3,98,5,40,1.5,3.2043,3.5247,4.5547,3.9314,0.0000,3.8887,0.0000,4.3048,4.1985
3,99,5,80,0.75,6.4325,5.5145,8.2429,4.7800,4.6749,4.2264,4.6005,5.3200,6.0888
3,100,5,80,1,6.1335,5.6652,8.3893,5.4536,4.9731,4.3548,4.4089,6.1713,5.7614
3,101,5,80,1.5,5.1570,5.2381,8.3630,4.8238,4.4780,0.0000,3.9305,5.5668,4.8455
3,102,5,160,0.75,10.4979,10.8301,13.1715,10.2842,9.0865,8.6974,7.1434,9.8751,8.3873
3,103,5,160,1,11.2993,10.6231,15.4717,9.4315,9.1329,8.0708,7.4785,10.2831,9.1629
3,104,5,160,1.5,12.6627,12.4043,17.5674,10.1990,10.0018,9.4660,8.3492,11.2799,10.4026
3,105,5,320,0.75,22.0114,20.4446,27.1924,19.2891,17.9180,15.8653,13.2394,19.3181,16.8931
3,106,5,320,1,22.3733,21.0883,30.0257,19.1700,18.3782,15.9195,13.7907,19.7334,17.6987
3,107,5,320,1.5,23.9164,24.0560,33.7683,20.2833,19.7131,16.9411,14.7771,21.6875,19.6758
3,108,6,10,0.75,1.7690,1.8534,3.0285,0.0000,0.0000,0.0000,0.0000,0.0000,0.0000
3,109,6,10,1,0.6470,-0.9737,1.0191,0.0000,0.0000,0.0000,0.0000,4.2975,3.8765
3,110,6,10,1.5,0.4911,0.1330,0.4426,0.0000,0.0000,3.6477,0.0000,0.0000,0.0000
3,111,6,20,0.75,1.8784,1.4211,3.2283,0.0000,0.0000,0.0000,0.0000,0.0000,0.0000
3,112,6,20,1,2.9161,2.3531,4.3197,4.9401,5.2274,4.5075,4.0172,4.9617,4.7246
3,113,6,20,1.5,2.5840,2.1247,2.7005,5.4303,4.9820,5.1870,5.0093,4.8084,4.7972
3,114,6,40,0.75,2.2961,1.9085,4.7498,3.9511,0.0000,4.2242,0.0000,0.0000,3.9852
3,115,6,40,1,3.8875,2.9779,5.0508,3.8891,4.4824,0.0000,0.0000,0.0000,4.4560
3,116,6,40,1.5,2.9273,4.1136,5.8982,0.0000,4.4340,4.7316,5.0571,4.3380,4.4252
3,117,6,80,0.75,6.0143,7.8075,10.2234,6.5073,5.4921,8.3015,7.7396,8.2291,7.9891
3,118,6,80,1,6.5222,7.9161,11.4818,6.5870,5.8304,6.5412,6.6393,9.6060,8.9634
3,119,6,80,1.5,7.7367,8.4898,12.5548,6.9437,6.1092,8.1798,7.5971,9.2637,9.2158
3,120,6,160,0.75,12.5118,15.5488,21.6273,11.6017,9.6433,12.9984,11.3722,17.5345,14.3659
3,121,6,160,1,16.4277,19.1365,25.9836,14.4356,12.3183,15.8558,15.0533,21.6446,19.0781
3,122,6,160,1.5,17.6984,19.2393,26.3753,15.5058,13.2903,15.2708,14.8257,21.1652,20.1902
3,123,6,320,0.75,27.4599,29.7669,43.6178,23.8069,17.9036,24.3750,22.3013,34.2968,30.4823
3,124,6,320,1,28.4865,32.5700,47.8345,25.3682,21.7321,27.4285,27.1995,37.5285,35.9797
3,125,6,320,1.5,33.4844,36.8017,53.3526,30.0111,25.6070,31.0456,29.0729,42.6615,39.0544
3,126,7,10,0.75,-0.7279,0.6349,-1.4338,3.8001,0.0000,0.0000,0.0000,0.0000,0.0000
3,127,7,10,1,1.2845,0.7386,0.5150,0.0000,0.0000,0.0000,0.0000,0.0000,0.0000
3,128,7,10,1.5,-0.3893,1.1305,-0.0652,0.0000,0.0000,0.0000,3.7633,3.9057,4.4198
3,129,7,20,0.75,2.0518,1.0954,2.1219,0.0000,0.0000,0.0000,3.7038,3.8393,3.7997
3,130,7,20,1,3.1450,1.9461,2.9857,0.0000,0.0000,4.0138,3.8907,0.0000,0.0000
3,131,7,20,1.5,-0.5453,0.0195,0.4171,0.0000,0.0000,4.2606,4.0095,0.0000,0.0000
3,132,7,40,0.75,3.3656,2.9446,5.0112,4.9063,3.8987,0.0000,3.9303,4.8602,0.0000
3,133,7,40,1,3.4750,2.5299,6.2733,0.0000,0.0000,4.4589,0.0000,5.9098,5.1749
3,134,7,40,1.5,3.0764,3.2355,4.5126,0.0000,0.0000,4.0915,4.0951,4.5654,4.8779
3,135,7,80,0.75,2.9028,4.0812,5.2186,4.3167,4.4162,0.0000,0.0000,5.4362,0.0000
3,136,7,80,1,4.5267,5.0233,7.2203,4.3613,4.5725,4.8557,4.5354,6.8787,6.2134
3,137,7,80,1.5,5.8839,5.3554,7.8649,5.2246,5.3942,5.1334,4.8461,7.2770,6.4691
3,138,7,160,0.75,7.8315,8.3984,12.2898,7.7168,6.1619,8.2131,6.3294,12.0684,10.0235
3,139,7,160,1,10.1119,9.7759,15.1427,9.9618,9.6764,9.5533,9.1422,14.7992,13.5898
3,140,7,160,1.5,14.6595,14.0641,17.7010,14.2489,12.0858,13.4788,11.6466,17.1354,14.6194
3,141,7,320,0.75,20.8379,21.1075,27.7249,20.6391,17.1094,20.7218,15.1606,27.2134,22.3369
3,142,7,320,1,18.5323,19.5466,28.1671,18.1861,15.9633,19.0135,15.8362,27.8692,25.5961
3,143,7,320,1.5,22.5936,20.6310,32.9669,21.8437,19.1714,19.8121,17.4932,31.9400,28.8864
3,144,8,10,0.75,1.1523,0.7516,0.8789,4.5391,0.0000,0.0000,4.3221,4.2298,0.0000
3,145,8,10,1,1.4190,1.8728,2.6005,0.0000,0.0000,3.8200,0.0000,0.0000,0.0000
3,146,8,10,1.5,1.6132,2.6022,2.7339,4.4050,4.2412,0.0000,0.0000,4.4383,0.0000
3,147,8,20,0.75,1.3768,2.9481,3.2385,0.0000,0.0000,0.0000,0.0000,0.0000,0.0000
3,148,8,20,1,3.6681,3.2747,2.7407,4.6342,4.6142,4.3512,0.0000,0.0000,0.0000
3,149,8,20,1.5,2.8890,4.4046,4.0340,0.0000,0.0000,0.0000,4.8782,4.7259,4.7635
3,150,8,40,0.75,3.4266,3.3857,4.7729,0.0000,3.6448,0.0000,0.0000,4.7317,3.2190
3,151,8,40,1,4.7250,6.9875,5.2569,5.4821,5.6187,6.8413,6.4572,4.9929,5.0560
3,152,8,40,1.5,4.5187,7.3136,6.3491,5.1297,5.1472,8.1371,8.1492,6.7274,6.4097
3,153,8,80,0.75,6.6206,9.2425,10.0566,5.7586,5.2438,8.6078,7.2402,8.7753,7.5858
3,154,8,80,1,6.9298,10.7778,10.6131,6.9356,6.5757,10.7607,10.2782,10.4652,10.6676
3,155,8,80,1.5,7.7851,12.1863,12.4529,7.8704,7.8051,12.0370,11.9052,11.8384,11.6297
3,156,8,160,0.75,15.6040,19.6101,20.0040,14.2429,12.2828,18.2241,15.3990,18.0225,15.7281
3,157,8,160,1,17.0722,23.1402,22.3372,16.1146,15.3309,22.0859,21.0315,20.8000,20.1764
3,158,8,160,1.5,19.8513,26.1105,25.5365,18.2146,16.9258,24.7871,23.1179,23.8290,22.2995
3,159,8,320,0.75,32.2268,40.8511,42.2790,30.0964,26.9033,38.2330,33.3467,38.9938,34.2951
3,160,8,320,1,33.1683,45.6886,45.7835,30.7055,29.8850,43.1081,41.6767,42.3661,41.1172
3,161,8,320,1.5,37.0544,50.3811,48.7984,35.5917,33.3761,48.9582,45.2649,45.8001,42.6693
3,162,9,10,0.75,0.1909,-0.3838,1.2360,0.0000,0.0000,0.0000,0.0000,0.0000,0.0000
3,163,9,10,1,0.9311,1.3841,2.5667,0.0000,4.3354,0.0000,0.0000,4.1727,0.0000
3,164,9,10,1.5,1.0357,0.8878,0.9248,4.1574,0.0000,0.0000,0.0000,0.0000,4.0529
3,165,9,20,0.75,2.2631,1.5390,2.9337,0.0000,0.0000,0.0000,0.0000,4.2623,4.0906
3,166,9,20,1,0.4943,0.4399,1.7434,0.0000,0.0000,4.1582,3.9259,0.0000,0.0000
3,167,9,20,1.5,0.9895,1.4023,2.6201,0.0000,4.4367,4.5962,0.0000,0.0000,0.0000
3,168,9,40,0.75,4.7527,3.1738,5.5345,4.5418,4.9964,0.0000,4.0034,5.5517,5.0681
3,169,9,40,1,3.8748,3.5418,5.8194,4.1953,3.9019,3.9320,4.4595,4.9269,5.1827
3,170,9,40,1.5,5.6559,4.9646,8.2773,5.1153,5.4728,4.8966,4.9231,7.2853,7.3386
3,171,9,80,0.75,9.5847,8.5105,13.0756,8.8673,8.4880,7.6657,7.1307,11.1000,10.6884
3,172,9,80,1,9.1904,7.3351,13.8053,8.1810,7.5192,7.2095,6.5735,11.8871,12.3443
3,173,9,80,1.5,11.3704,8.1183,14.8648,10.0063,9.6601,7.2976,6.8358,12.3638,12.3696
3,174,9,160,0.75,19.8458,15.8068,24.7831,18.7039,17.4345,15.0033,13.3842,20.6820,20.4688
3,175,9,160,1,19.3743,15.2590,27.3827,18.4154,18.4321,14.8427,15.0607,24.4688,25.1649
3,176,9,160,1.5,20.5035,16.4384,28.5444,18.9050,18.8343,15.7483,15.0655,24.7151,24.8528
3,177,9,320,0.75,35.4336,28.6549,48.9998,33.5207,30.2926,27.9291,23.9770,42.1849,40.4666
3,178,9,320,1,37.7295,29.0622,51.1040,34.9564,36.0387,28.0422,28.0949,44.3115,46.9282
3,179,9,320,1.5,44.9759,34.2260,58.4741,41.2680,41.5429,32.9638,32.7159,50.2927,53.1936
3,180,10,10,0.75,1.5622,2.2662,2.1349,4.5023,0.0000,0.0000,5.0511,0.0000,3.7749
3,181,10,10,1,-0.5099,-0.0130,1.4458,0.0000,4.2658,4.9744,4.8446,0.0000,0.0000
3,182,10,10,1.5,0.2070,0.0744,0.4603,0.0000,3.8082,4.1416,0.0000,4.3010,4.3948
3,183,10,20,0.75,2.6552,2.1431,2.9518,0.0000,0.0000,0.0000,4.2881,0.0000,0.0000
3,184,10,20,1,2.9018,3.7930,4.8687,4.6753,4.5075,4.6424,4.5053,0.0000,4.4404
3,185,10,20,1.5,1.0449,2.9296,3.9507,4.1128,0.0000,3.7455,0.0000,4.2081,4.2645
3,186,10,40,0.75,3.5702,5.2669,6.7488,0.0000,0.0000,4.7272,4.3905,6.0454,5.4542
3,187,10,40,1,5.5649,6.1824,8.3213,5.2344,5.3365,5.5917,5.8108,7.2151,7.3157
3,188,10,40,1.5,4.8162,5.3633,8.7086,4.9624,4.6407,5.2871,4.9914,7.4149,6.8836
3,189,10,80,0.75,10.3684,13.5534,17.3806,9.7830,8.6266,11.0156,9.5412,12.6656,11.9958
3,190,10,80,1,12.1726,11.7915,16.9661,11.7677,11.5673,10.2995,10.2185,13.8158,13.9501
3,191,10,80,1.5,13.0249,14.6848,20.1932,12.1278,12.0686,13.1870,13.1418,16.8150,17.2279
3,192,10,160,0.75,20.8551,23.3485,29.7337,19.3168,17.9504,19.1825,18.0216,23.1941,22.3885
3,193,10,160,1,23.2719,25.5619,36.8493,21.4120,21.0207,22.8645,21.2229,30.3260,31.2478
3,194,10,160,1.5,24.7732,27.3193,37.9427,22.7117,22.4011,23.3033,23.0464,30.4304,31.7237
3,195,10,320,0.75,41.7558,47.6282,64.4198,38.8835,35.9273,40.5227,36.4204,53.1751,50.3418
3,196,10,320,1,46.5069,52.5881,71.7530,42.9642,43.4189,44.0312,44.8716,58.3951,60.7427
3,197,10,320,1.5,48.0781,53.4666,75.6935,43.9702,44.8521,44.8675,45.8643,62.1844,64.3495
3,198,11,10,0.75,-0.6742,1.4079,-0.6489,0.0000,0.0000,0.0000,0.0000,4.1182,0.0000
3,199,11,10,1,-1.2666,-0.2596,-1.8115,0.0000,0.0000,0.0000,0.0000,0.0000,0.0000
3,200,11,10,1.5,-1.1684,-0.5136,-1.5108,0.0000,0.0000,0.0000,0.0000,4.1750,4.2135
3,201,11,20,0.75,0.3871,0.0308,-0.6358,0.0000,3.7882,0.0000,0.0000,0.0000,0.0000
3,202,11,20,1,0.8028,2.4620,2.0414,0.0000,0.0000,0.0000,3.9452,0.0000,0.0000
3,203,11,20,1.5,-0.7361,0.3954,0.4274,0.0000,0.0000,4.4217,0.0000,0.0000,4.2418
3,204,11,40,0.75,1.3664,2.6809,3.5025,0.0000,0.0000,4.4387,4.7276,0.0000,0.0000
3,205,11,40,1,1.1422,1.4685,2.5172,0.0000,0.0000,0.0000,0.0000,0.0000,4.3130
3,206,11,40,1.5,1.1474,3.5952,4.1618,0.0000,0.0000,4.4377,0.0000,0.0000,0.0000
3,207,11,80,0.75,2.0105,4.8719,4.4909,0.0000,0.0000,0.0000,0.0000,0.0000,0.0000
3,208,11,80,1,2.1132,3.3758,2.8917,0.0000,0.0000,0.0000,0.0000,0.0000,0.0000
3,209,11,80,1.5,4.4222,4.7471,6.2988,4.4295,4.6704,4.6125,4.2638,4.4648,4.1696
3,210,11,160,0.75,8.6609,11.0759,13.3145,7.4771,6.6742,9.5947,8.1483,10.1682,8.4596
3,211,11,160,1,8.4727,10.2717,11.1202,7.7821,7.2876,8.6357,8.5988,9.7613,9.2351
3,212,11,160,1.5,8.6552,11.7444,12.3363,7.3165,7.6632,9.7769,9.8186,8.7294,9.2073
3,213,11,320,0.75,13.0444,18.8316,20.8832,11.0029,9.2626,15.2160,12.6523,15.4263,13.2950
3,214,11,320,1,14.9692,21.8746,25.0991,13.5302,13.5734,18.8245,18.0881,17.6659,16.8862
3,215,11,320,1.5,17.0594,22.9073,26.0858,13.8942,13.6916,18.6099,17.5107,18.3262,17.5287
3,216,12,10,0.75,3.3437,3.3486,3.6639,0.0000,0.0000,0.0000,4.2863,0.0000,0.0000
3,217,12,10,1,1.5079,2.2117,2.8135,4.4531,0.0000,4.5414,4.3424,4.3967,0.0000
3,218,12,10,1.5,2.9982,2.9853,3.7786,3.7608,4.2745,0.0000,0.0000,0.0000,4.0509
3,219,12,20,0.75,3.9377,4.7060,6.0345,0.0000,3.7008,0.0000,0.0000,3.9297,4.1791
3,220,12,20,1,3.7392,5.0180,7.9354,0.0000,0.0000,0.0000,0.0000,5.1702,5.2624
3,221,12,20,1.5,4.1500,5.7102,6.6989,0.0000,0.0000,0.0000,0.0000,4.3219,0.0000
3,222,12,40,0.75,7.2780,9.5875,13.2487,5.9760,5.1442,7.5396,7.2084,8.7690,7.7742
3,223,12,40,1,9.5302,11.4034,16.4373,5.7532,5.6128,7.6807,7.5756,8.7975,8.3124
3,224,12,40,1.5,9.1237,12.8991,16.7391,7.0539,7.1015,9.8423,10.4155,11.1072,11.0744
3,225,12,80,0.75,14.1687,17.8209,23.0200,10.2438,8.8902,13.2150,12.2210,13.9603,12.4085
3,226,12,80,1,16.7007,21.2527,28.1279,11.7830,10.9755,15.0151,14.8542,16.4695,15.8877
3,227,12,80,1.5,16.9444,22.5045,29.5051,11.9567,12.4140,15.5671,16.2510,17.5405,17.1687
3,228,12,160,0.75,28.8669,37.3356,48.3412,20.7813,18.3089,27.5642,24.7922,30.3891,25.9781
3,229,12,160,1,32.4529,40.6793,53.2577,21.3176,20.1780,28.0991,27.9150,31.1976,29.4867
3,230,12,160,1.5,34.9299,45.5642,60.5952,23.4218,22.0376,32.3307,31.8689,35.2336,33.0217
3,231,12,320,0.75,58.5928,76.3098,97.6202,39.6530,33.4761,54.0449,47.6799,58.6294,49.1494
3,232,12,320,1,64.4389,83.1586,108.3977,43.4308,41.8212,59.3117,59.6112,63.8550,61.1374
3,233,12,320,1.5,71.7532,90.3296,120.6576,46.5858,44.2882,63.0135,62.4156,69.0498,64.9720
3,234,13,10,0.75,1.4209,1.7334,1.9921,4.4669,4.0237,0.0000,0.0000,0.0000,0.0000
3,235,13,10,1,2.7808,2.2272,2.9666,4.0617,4.1955,4.4986,4.3299,4.3189,0.0000
3,236,13,10,1.5,1.5799,1.8584,2.0533,0.0000,0.0000,0.0000,0.0000,0.0000,0.0000
3,237,13,20,0.75,2.7810,6.2028,3.7044,0.0000,3.9580,5.6828,5.2663,3.8683,4.1394
3,238,13,20,1,2.6939,4.7091,3.6386,0.0000,4.5327,3.5835,4.5561,0.0000,0.0000
3,239,13,20,1.5,3.3398,5.0267,4.6809,4.5277,0.0000,4.8122,4.6149,4.7792,4.4154
3,240,13,40,0.75,4.9756,9.4067,7.7619,5.8765,5.8405,9.0988,8.4613,6.5878,5.3820
3,241,13,40,1,5.3688,10.6532,9.2749,5.2964,5.1827,10.1548,10.0988,8.3399,7.6705
3,242,13,40,1.5,6.7725,9.4432,9.1459,6.5751,6.2408,8.7938,9.0575,7.1767,6.7389
3,243,13,80,0.75,11.1383,19.1197,16.3250,9.8083,9.2229,17.7718,15.7598,14.0627,10.4860
3,244,13,80,1,14.1260,20.4913,18.6947,13.0229,12.6522,19.7409,19.1548,16.8120,14.3423
3,245,13,80,1.5,15.4614,23.1580,19.9411,13.9771,13.1293,21.9922,20.6810,17.9300,15.3896
3,246,13,160,0.75,25.0147,38.5706,34.0212,23.6895,19.8188,37.0793,31.9094,30.6351,21.7770
3,247,13,160,1,26.0952,44.1249,37.9609,24.5936,23.8575,42.5578,41.2968,33.5166,27.9916
3,248,13,160,1.5,29.8879,46.4875,40.0508,27.7307,26.7490,44.8958,43.0714,35.1616,29.9623
3,249,13,320,0.75,47.1888,78.9785,66.9943,44.3137,38.3662,75.9807,65.6307,58.8464,43.7561
3,250,13,320,1,53.2662,85.2748,73.9791,49.5229,47.6832,81.4487,79.4479,65.2647,54.5653
3,251,13,320,1.5,59.5262,93.3771,82.6227,55.2350,51.9222,89.3327,85.5172,72.9845,58.4765
3,252,14,10,0.75,1.2622,2.2954,2.7393,4.8430,4.7169,0.0000,0.0000,0.0000,0.0000
3,253,14,10,1,1.0149,0.6400,0.6809,4.2746,4.4651,0.0000,3.8452,0.0000,0.0000
3,254,14,10,1.5,0.5945,1.4992,2.1497,0.0000,0.0000,0.0000,0.0000,4.4521,0.0000
3,255,14,20,0.75,1.7893,2.5648,2.0797,0.0000,0.0000,4.6067,4.3408,0.0000,0.0000
3,256,14,20,1,1.6116,2.6850,3.3531,4.0078,4.0022,0.0000,0.0000,0.0000,4.1910
3,257,14,20,1.5,3.2143,3.9165,3.4587,0.0000,0.0000,4.5605,0.0000,4.6231,4.0226
3,258,14,40,0.75,3.0187,4.0159,5.5744,0.0000,0.0000,4.3040,4.3994,5.2579,5.4256
3,259,14,40,1,6.8616,6.3917,7.2677,7.2192,6.9535,6.9996,6.7403,7.9741,7.5332
3,260,14,40,1.5,5.6590,7.7651,8.0264,5.7141,5.4493,7.7976,7.0116,7.8497,7.2373
3,261,14,80,0.75,10.0059,11.6882,11.8864,10.0137,8.6778,11.7654,9.7413,11.9379,10.0696
3,262,14,80,1,10.7957,12.9493,14.1841,10.5480,9.4621,12.9055,11.9092,13.9076,11.8284
3,263,14,80,1.5,13.4277,14.5778,16.6104,13.3923,12.3399,14.5380,13.7483,16.3553,15.1158
3,264,14,160,0.75,18.6503,23.3797,25.1481,18.3046,16.0683,23.2720,20.0144,24.7415,21.2296
3,265,14,160,1,19.6127,26.1268,27.3058,19.3318,18.3086,25.9957,24.8360,26.7394,25.3202
3,266,14,160,1.5,22.5250,27.0081,30.3902,22.3438,20.5797,26.9778,25.3974,29.8217,27.5151
3,267,14,320,0.75,38.9245,47.7840,51.5690,38.7474,32.7791,47.5416,40.0646,50.8061,42.2278
3,268,14,320,1,43.0968,52.2594,56.3217,43.0237,39.9603,52.3334,49.2585,55.6609,50.7573
3,269,14,320,1.5,45.8387,54.6368,59.3911,45.4024,43.3344,54.7353,52.1668,58.4902,54.8321
3,270,15,10,0.75,0.3711,0.3530,1.5279,3.7966,3.9604,0.0000,0.0000,0.0000,0.0000
3,271,15,10,1,1.7283,1.4941,2.5893,0.0000,0.0000,4.5310,0.0000,0.0000,4.1607
3,272,15,10,1.5,3.7197,2.6876,3.5370,0.0000,0.0000,4.2689,4.3295,0.0000,4.1925
3,273,15,20,0.75,4.3198,3.5208,3.0117,0.0000,0.0000,0.0000,0.0000,0.0000,0.0000
3,274,15,20,1,4.6488,4.9870,5.6518,4.7412,4.4472,5.0885,4.5466,5.4255,4.7803
3,275,15,20,1.5,5.5058,4.4913,5.9151,5.4611,5.5513,4.3807,4.3621,5.8062,4.8526
3,276,15,40,0.75,8.2496,7.9577,9.2615,8.1925,6.3667,7.5490,6.6800,8.9603,6.7002
3,277,15,40,1,7.2998,6.3850,9.2171,7.2995,7.1139,6.8422,5.8204,9.0415,7.6975
3,278,15,40,1.5,9.6861,8.8490,11.4147,9.6793,9.0542,9.0255,8.2596,11.2627,10.3044
3,279,15,80,0.75,16.5027,14.2954,22.1435,16.5110,14.6368,14.3287,12.0239,21.5946,18.4347
3,280,15,80,1,16.2777,13.5257,21.0391,16.1202,14.9492,13.1816,11.1797,20.6877,18.3051
3,281,15,80,1.5,17.7456,15.8783,22.3784,17.6172,16.4242,15.8125,12.9819,21.7967,19.4649
3,282,15,160,0.75,27.7569,24.7192,36.0912,27.5636,22.6051,24.0620,17.8636,35.0247,26.0869
3,283,15,160,1,31.5451,27.7126,40.1393,31.2998,29.2312,27.1305,21.6806,39.2741,34.5846
3,284,15,160,1.5,32.7657,29.7033,42.5926,32.4807,29.2304,29.0367,22.4648,41.1926,35.2638
3,285,15,320,0.75,54.9993,49.9978,73.5629,54.6189,45.3949,48.8490,34.6714,70.9342,54.4356
3,286,15,320,1,62.5936,54.5264,81.8776,61.7853,56.2299,53.3599,42.9145,79.8548,70.0879
3,287,15,320,1.5,69.0708,60.7941,87.5840,68.4050,62.1043,59.7052,47.3455,84.8864,71.9283
3,288,16,10,0.75,1.5275,3.0223,3.3653,0.0000,0.0000,0.0000,0.0000,0.0000,0.0000
3,289,16,10,1,4.1943,3.7192,5.3894,4.3574,0.0000,4.4261,4.6901,4.4305,4.5674
3,290,16,10,1.5,4.1981,3.9984,6.0556,4.4505,4.3378,0.0000,3.9035,5.2195,4.6077
3,291,16,20,0.75,5.0831,4.6610,8.9111,4.7701,4.9038,4.6127,0.0000,8.5269,6.6370
3,292,16,20,1,6.1511,6.4911,8.6531,6.2015,5.6873,6.0591,6.0215,7.4662,6.7237
3,293,16,20,1.5,8.0165,7.6489,10.0899,6.7896,6.7457,6.6642,6.2657,8.5993,8.1529
3,294,16,40,0.75,9.5145,9.2403,14.1242,7.8118,7.2666,7.9343,6.7412,10.7320,9.7719
3,295,16,40,1,11.1853,10.0410,17.0834,9.4184,9.4709,9.8790,9.2437,14.7058,13.4995
3,296,16,40,1.5,15.7255,14.1318,19.3873,12.6743,12.1896,12.3281,10.9867,16.0195,15.2147
3,297,16,80,0.75,20.8686,20.3669,28.9213,17.6190,16.5936,18.5771,15.6635,24.0939,21.6267
3,298,16,80,1,27.5465,24.6037,35.9473,22.7968,22.4836,21.5190,20.4711,29.6944,28.6987
3,299,16,80,1.5,26.5678,23.9587,33.9182,21.5659,21.7175,21.4473,19.8558,28.9840,27.7125
3,300,16,160,0.75,42.8467,39.2478,56.9841,35.7319,32.0846,36.8570,29.4330,47.6647,42.2275
3,301,16,160,1,48.6503,44.7301,66.0908,40.6750,40.4726,40.4598,37.9104,55.8172,53.7603
3,302,16,160,1.5,54.5099,49.5847,75.2700,44.5423,43.6183,45.9370,40.3224,64.2459,58.5770
3,303,16,320,0.75,86.7963,81.3106,119.3217,71.9586,64.8263,74.7583,61.8952,100.2120,88.3887
3,304,16,320,1,96.9599,88.2134,134.5010,79.7197,79.8485,80.5152,73.0874,111.9866,107.4483
3,305,16,320,1.5,107.0535,95.4786,146.3924,88.1580,88.2178,86.7405,79.7500,122.7382,117.1695
3,306,17,10,0.75,0.9539,0.2723,1.4888,0.0000,0.0000,0.0000,0.0000,3.9314,0.0000
3,307,17,10,1,0.6684,1.7848,1.5016,0.0000,0.0000,4.3257,0.0000,0.0000,0.0000
3,308,17,10,1.5,1.6287,1.7072,2.0088,0.0000,0.0000,0.0000,0.0000,4.5424,4.8920
3,309,17,20,0.75,4.4855,2.4454,4.3002,4.4784,4.2993,0.0000,4.0843,0.0000,4.3678
3,310,17,20,1,5.2787,4.6086,5.2697,4.5276,4.8662,4.0571,4.1585,0.0000,0.0000
3,311,17,20,1.5,3.5649,3.4215,4.3052,0.0000,0.0000,0.0000,0.0000,0.0000,0.0000
3,312,17,40,0.75,5.6548,5.6136,7.4236,0.0000,0.0000,0.0000,0.0000,4.4899,5.1740
3,313,17,40,1,6.7696,7.4095,9.2629,4.6608,5.1857,5.3146,4.7748,6.5311,7.8434
3,314,17,40,1.5,8.8922,8.1510,11.5558,6.3058,6.1122,6.2821,5.8084,7.4030,8.7668
3,315,17,80,0.75,13.1285,12.9795,18.6167,9.0119,8.9451,9.4921,7.3905,12.2814,13.4463
3,316,17,80,1,12.1133,12.8848,16.0400,7.8959,9.4090,10.1404,8.9350,8.9514,12.0460
3,317,17,80,1.5,14.4227,15.2548,18.2762,10.2652,11.6603,11.0283,8.6595,12.9454,15.1046
3,318,17,160,0.75,25.2821,25.3729,32.9003,17.4156,17.2906,19.2213,14.8603,20.5092,23.3246
3,319,17,160,1,27.2694,27.7853,35.9912,18.5564,19.5817,19.6158,17.3219,22.9657,27.4135
3,320,17,160,1.5,31.3315,30.1926,39.4538,20.6801,24.4589,21.4204,17.6751,25.3433,30.3799
3,321,17,320,0.75,49.1071,49.1278,63.7244,31.8536,33.5236,33.9973,26.1899,39.6296,44.4974
3,322,17,320,1,53.8486,54.9292,69.9985,35.6987,40.1891,38.9026,35.1687,44.1427,54.4745
3,323,17,320,1.5,57.6857,56.5853,74.9625,36.0326,42.9620,39.9841,33.6575,48.1614,58.2836
3,324,18,10,0.75,2.3868,1.9694,2.3371,0.0000,0.0000,0.0000,0.0000,4.4234,0.0000
3,325,18,10,1,0.8895,0.3652,1.1223,0.0000,0.0000,0.0000,4.0808,0.0000,0.0000
3,326,18,10,1.5,0.7886,1.5424,1.8793,0.0000,0.0000,4.2275,3.9441,0.0000,0.0000
3,327,18,20,0.75,2.3957,2.0627,2.9218,0.0000,0.0000,0.0000,0.0000,4.1317,4.0906
3,328,18,20,1,2.7202,2.4439,3.8408,0.0000,4.1859,0.0000,0.0000,0.0000,0.0000
3,329,18,20,1.5,1.8316,2.4220,1.9050,0.0000,0.0000,0.0000,0.0000,0.0000,0.0000
3,330,18,40,0.75,6.2177,6.6307,7.8480,5.2758,0.0000,5.5915,5.4282,6.1833,6.4128
3,331,18,40,1,6.3782,6.2459,8.5736,6.3328,5.8242,5.8303,5.6675,6.9289,7.0234
3,332,18,40,1.5,6.4178,6.3093,7.9314,5.9625,5.5438,5.7415,5.3308,7.1318,6.8734
3,333,18,80,0.75,9.7734,10.4383,12.7194,7.6737,7.2990,9.4494,8.5578,9.9375,9.4867
3,334,18,80,1,11.8769,11.6535,14.4409,9.8438,10.5266,10.7842,11.2367,11.4775,12.7601
3,335,18,80,1.5,12.6831,12.1959,14.5053,10.5140,10.8634,10.4745,10.8399,11.3031,12.0854
3,336,18,160,0.75,22.1912,22.4498,25.3904,18.9495,18.1428,19.7657,18.4777,20.0130,19.7204
3,337,18,160,1,23.7735,23.8007,28.0885,19.4822,20.8352,21.3219,21.8265,22.5990,24.0677
3,338,18,160,1.5,24.7904,24.5842,29.5289,20.4008,21.5264,21.7132,22.0502,22.8198,24.7588
3,339,18,320,0.75,43.2294,43.4060,50.8127,35.2985,33.5219,38.3380,34.6879,40.6754,38.9567
3,340,18,320,1,45.4201,46.9295,55.6740,37.7244,39.7950,41.6757,43.0330,45.2850,48.2068
3,341,18,320,1.5,51.1631,49.4866,59.8446,43.7187,45.1095,44.7502,45.5111,49.6334,52.2515
3,342,19,10,0.75,1.7526,-0.1851,2.0425,4.1702,4.0252,3.7349,3.7221,0.0000,0.0000
3,343,19,10,1,0.9645,1.8045,1.6857,0.0000,0.0000,4.3850,0.0000,0.0000,0.0000
3,344,19,10,1.5,1.0196,-0.2778,1.8502,4.2860,4.1205,0.0000,0.0000,4.6559,0.0000
3,345,19,20,0.75,1.7789,1.1300,4.2257,0.0000,0.0000,0.0000,0.0000,4.1457,0.0000
3,346,19,20,1,2.4794,3.8135,5.6130,0.0000,0.0000,0.0000,0.0000,5.5642,5.4919
3,347,19,20,1.5,2.1727,1.8284,3.6888,0.0000,0.0000,3.6647,3.6798,0.0000,0.0000
3,348,19,40,0.75,5.2802,4.7185,7.9518,5.4639,5.3808,4.3068,4.1998,7.7816,5.9690
3,349,19,40,1,7.2367,6.7168,10.5770,7.2709,7.0533,7.0494,6.7392,10.5250,9.9549
3,350,19,40,1.5,5.7215,4.4808,9.1768,5.4234,5.4419,5.0907,4.9770,8.6675,8.2204
3,351,19,80,0.75,8.4576,9.1428,16.1413,7.8570,7.3428,8.8620,7.3197,15.2216,13.6531
3,352,19,80,1,10.3866,10.4245,18.5573,10.2970,11.0987,10.0837,10.5856,17.4990,17.6861
3,353,19,80,1.5,11.4510,11.2463,19.1129,11.0865,8.4384,9.8275,8.5389,18.2780,15.8444
3,354,19,160,0.75,20.1468,19.6809,33.3745,19.3726,16.0295,19.1563,16.3120,32.0192,27.0205
3,355,19,160,1,22.3651,21.8984,37.6249,20.4859,20.1968,20.1279,19.7407,35.7338,34.3711
3,356,19,160,1.5,25.1737,23.2522,40.7822,22.8240,21.7608,20.5016,19.8013,38.2403,35.2905
3,357,19,320,0.75,39.9421,38.2546,66.9443,36.4702,32.8458,34.7796,30.9304,63.5269,55.4670
3,358,19,320,1,46.7424,43.5040,73.6525,42.5390,41.3836,39.6189,38.0056,69.0777,66.6732
3,359,19,320,1.5,50.9095,47.8193,83.3327,45.9203,43.0449,42.9489,40.5997,77.6634,73.1795
3,360,20,10,0.75,1.5372,1.9974,1.6333,0.0000,0.0000,3.8337,0.0000,3.7158,0.0000
3,361,20,10,1,0.5009,1.3904,1.9423,4.4175,0.0000,4.6765,4.4680,0.0000,0.0000
3,362,20,10,1.5,1.6537,3.0106,3.8705,4.4966,4.4360,0.0000,4.1824,4.1797,3.9410
3,363,20,20,0.75,2.5289,4.2556,4.4424,0.0000,0.0000,0.0000,0.0000,0.0000,0.0000
3,364,20,20,1,2.8818,2.9881,4.4279,0.0000,0.0000,0.0000,0.0000,0.0000,0.0000
3,365,20,20,1.5,1.3885,2.3214,3.1769,4.6474,4.6223,4.2019,4.3960,4.4940,4.3977
3,366,20,40,0.75,5.4442,7.3464,8.9947,5.7245,4.8021,7.2788,5.9036,8.4523,6.6010
3,367,20,40,1,4.9848,8.0675,8.6769,5.0196,4.5479,7.5650,6.8728,7.9508,7.2517
3,368,20,40,1.5,6.9510,8.8404,10.1571,6.5625,6.1951,7.8660,7.1429,9.1465,7.7628
3,369,20,80,0.75,8.0575,13.5926,15.0973,7.6587,6.5431,12.2986,10.1102,13.3136,10.8385
3,370,20,80,1,8.6897,14.5437,17.6627,8.7117,8.0494,13.6455,12.3090,15.6824,13.9096
3,371,20,80,1.5,10.8527,16.8999,19.3007,10.4772,9.5689,15.7457,14.2884,17.4150,15.4408
3,372,20,160,0.75,18.3532,28.5410,32.8584,18.2332,15.5342,27.2851,22.6764,30.3473,24.9856
3,373,20,160,1,18.4180,29.2504,34.2087,17.9359,17.2855,27.7506,26.0909,30.9725,28.7888
3,374,20,160,1.5,22.5723,33.1831,38.6074,21.6259,20.4497,31.0977,28.8333,34.7797,31.4942
3,375,20,320,0.75,38.5573,56.8170,64.9553,37.7254,32.5807,54.6207,45.8858,60.5290,49.8620
3,376,20,320,1,40.6785,59.9888,69.0439,38.9118,37.2668,56.6570,53.1148,62.9347,57.7840
3,377,20,320,1.5,43.9010,65.7249,77.0010,41.2161,38.5328,60.8138,56.1640,68.9431,62.0933
3,378,21,10,0.75,3.7502,3.0737,3.9589,0.0000,4.3600,0.0000,0.0000,0.0000,0.0000
3,379,21,10,1,2.2171,0.8856,1.9905,0.0000,0.0000,0.0000,0.0000,0.0000,0.0000
3,380,21,10,1.5,3.7942,3.6214,5.1157,4.1815,4.1369,4.0809,4.4405,4.5809,4.7481
3,381,21,20,0.75,6.1660,4.0352,7.4366,3.7372,3.4480,0.0000,0.0000,4.5658,4.7603
3,382,21,20,1,5.5087,5.2317,7.1004,4.8406,4.4972,4.4311,4.2066,4.8186,4.8235
3,383,21,20,1.5,5.9851,6.7612,8.5032,4.3088,4.4003,4.9191,6.1454,4.7106,6.2894
3,384,21,40,0.75,12.0768,12.7018,14.4774,8.4144,9.0698,9.7027,9.8339,10.9922,10.7265
3,385,21,40,1,9.8984,9.7271,12.3974,8.2267,8.2916,8.9294,8.6293,8.6525,9.8532
3,386,21,40,1.5,10.2855,10.4206,13.8097,8.5752,9.4080,8.5638,9.7648,9.9027,11.1834
3,387,21,80,0.75,16.4084,17.6879,23.2747,12.2777,12.5361,12.7793,12.9745,13.6567,14.5701
3,388,21,80,1,20.3148,21.1242,26.5049,13.7253,15.3584,16.0758,16.5292,15.0461,18.1162
3,389,21,80,1.5,21.6253,21.6933,27.7459,15.4644,16.9303,16.1827,17.5347,15.8905,19.8675
3,390,21,160,0.75,36.1504,36.4855,46.4684,26.4156,26.4846,27.1815,27.2869,27.4681,30.0338
3,391,21,160,1,39.4580,40.8063,51.5249,28.6986,31.8017,30.2480,34.4913,31.2072,37.7354
3,392,21,160,1.5,43.0601,44.5438,55.4239,31.8766,34.0037,33.0047,36.2084,34.5861,39.9185
3,393,21,320,0.75,71.2362,73.8958,93.1388,53.8139,52.1783,55.4954,54.5580,56.9708,59.4920
3,394,21,320,1,80.6899,81.8072,105.0730,60.0618,64.4884,61.1041,67.2133,64.3390,74.5610
3,395,21,320,1.5,86.2220,86.3402,108.7581,63.1668,67.0045,65.3025,69.2450,66.5466,76.7754
3,396,22,10,0.75,4.1092,2.2571,4.3475,0.0000,4.2231,0.0000,0.0000,0.0000,0.0000
3,397,22,10,1,3.2545,2.6896,2.9072,0.0000,3.1718,3.1790,0.0000,0.0000,0.0000
3,398,22,10,1.5,3.2730,4.2471,4.2598,0.0000,3.8117,3.6267,3.7052,0.0000,0.0000
3,399,22,20,0.75,3.2132,4.3342,5.4478,0.0000,0.0000,4.3325,3.8599,4.7446,0.0000
3,400,22,20,1,1.8216,3.8058,4.9023,0.0000,0.0000,0.0000,0.0000,4.1821,4.2454
3,401,22,20,1.5,2.8535,4.8994,3.5846,0.0000,0.0000,0.0000,0.0000,4.9743,5.3262
3,402,22,40,0.75,5.6718,7.5790,7.6528,0.0000,0.0000,6.8913,5.0964,6.4736,5.0434
3,403,22,40,1,5.5017,7.9913,8.6435,4.7504,4.0634,6.8886,5.8839,7.1537,6.6048
3,404,22,40,1.5,9.0397,11.0333,10.5276,6.9122,6.1891,8.7729,8.7651,7.1193,6.7048
3,405,22,80,0.75,12.4939,16.8031,16.9018,9.6260,7.2078,13.8935,11.1854,11.6336,8.6159
3,406,22,80,1,13.9987,18.1934,18.2264,11.2372,9.6250,14.5167,14.8846,12.4301,11.2467
3,407,22,80,1.5,14.3052,21.1943,19.7631,11.4570,10.2158,17.3264,15.4619,14.8639,12.1171
3,408,22,160,0.75,24.9487,34.2482,32.3109,20.2399,14.7446,28.6670,23.1497,22.9584,16.6087
3,409,22,160,1,25.5352,36.7416,35.0119,21.8802,18.2925,31.0358,27.4977,26.8939,22.2813
3,410,22,160,1.5,30.5689,40.6361,38.4634,24.6044,20.6589,32.8275,31.6418,28.1975,23.5302
3,411,22,320,0.75,48.0256,66.0263,64.1908,40.3157,30.6897,56.1890,44.2157,47.5862,35.9636
3,412,22,320,1,52.8682,73.1178,69.2575,42.9516,35.9572,60.3459,55.0740,51.1159,42.1949
3,413,22,320,1.5,58.8936,79.4641,75.2980,49.1523,41.1933,65.2915,59.2190,55.5973,45.7176
3,414,23,10,0.75,3.0258,4.4356,3.7640,3.8195,0.0000,0.0000,4.2966,0.0000,0.0000
3,415,23,10,1,1.7649,2.6309,2.7026,0.0000,0.0000,0.0000,0.0000,0.0000,0.0000
3,416,23,10,1.5,2.1869,3.0541,2.8901,4.3678,0.0000,0.0000,0.0000,4.4411,0.0000
3,417,23,20,0.75,4.4467,6.2749,6.0236,3.7513,0.0000,5.8572,5.8195,0.0000,4.5267
3,418,23,20,1,3.4216,4.7474,4.4344,5.6468,0.0000,5.0371,4.7721,4.5454,4.6693
3,419,23,20,1.5,5.2953,6.8366,6.5684,5.6505,4.9092,6.2732,5.6687,6.2559,6.3918
3,420,23,40,0.75,8.2989,9.6555,9.8930,7.6191,7.1222,8.8863,8.6925,6.7581,6.7940
3,421,23,40,1,8.3710,10.1342,10.8051,6.0841,5.9991,8.6457,8.7131,6.1735,6.5785
3,422,23,40,1.5,8.3920,11.0722,9.8900,6.7377,6.4923,9.4947,9.8984,7.3441,7.8737
3,423,23,80,0.75,15.0108,21.0153,20.1723,11.4774,10.2557,16.5594,14.7196,12.7990,12.1621
3,424,23,80,1,17.1376,23.5231,24.7720,14.4074,14.8046,20.9994,21.6426,16.9457,18.3594
3,425,23,80,1.5,18.7448,25.2263,24.4791,15.7843,15.9852,22.0557,22.1909,17.1079,17.9818
3,426,23,160,0.75,31.5063,41.9390,42.3147,24.6030,22.2568,34.6702,30.9940,28.3357,27.0523
3,427,23,160,1,32.3829,46.5752,46.7194,25.4256,24.8023,38.9765,38.9898,31.3258,33.4779
3,428,23,160,1.5,36.7248,50.9305,51.1425,28.8245,28.6148,42.5411,42.5857,34.2229,36.5592
3,429,23,320,0.75,61.4509,87.1262,86.0001,49.4266,44.2511,75.3396,67.5326,59.9510,56.8295
3,430,23,320,1,69.3929,96.7092,95.3931,55.4591,54.4991,82.6487,81.9034,66.0536,69.7032
3,431,23,320,1.5,75.1106,102.0996,101.8218,59.2766,58.9831,87.1123,87.4826,69.7927,73.9038
3,432,24,10,0.75,2.7903,3.7577,3.0358,0.0000,3.7970,4.4326,0.0000,0.0000,0.0000
3,433,24,10,1,1.8852,3.4837,2.2581,4.0883,0.0000,0.0000,0.0000,0.0000,4.4736
3,434,24,10,1.5,2.5853,3.4321,4.3675,4.5185,4.4983,0.0000,4.0809,0.0000,4.0037
3,435,24,20,0.75,4.5893,6.0445,6.3486,0.0000,4.4476,5.2270,4.7608,5.8132,5.1552
3,436,24,20,1,5.3253,8.3228,8.4620,4.9446,5.0096,6.2851,6.0975,6.7419,6.4284
3,437,24,20,1.5,4.5377,8.6827,7.1389,3.9878,4.1462,5.8905,5.6234,5.4035,5.7080
3,438,24,40,0.75,8.3003,13.3428,11.6593,7.1130,6.4745,9.7047,8.6286,10.4985,9.5096
3,439,24,40,1,9.9188,13.3429,13.7494,8.2808,8.2891,10.2450,10.2660,10.9166,10.2986
3,440,24,40,1.5,11.5488,15.3648,16.1493,8.7865,8.3720,10.6525,10.3933,11.8885,10.9798
3,441,24,80,0.75,16.1327,23.9768,24.3618,13.6268,12.1005,17.2112,15.1986,19.3069,16.7579
3,442,24,80,1,18.0995,27.1681,28.1315,14.8104,14.6742,18.0611,17.7667,19.9484,19.1745
3,443,24,80,1.5,20.9717,27.5690,29.6978,16.5689,16.2025,19.7662,19.3580,21.9186,20.8925
3,444,24,160,0.75,32.2687,47.1362,48.7801,27.5692,24.0966,34.0948,29.5307,37.7848,31.9254
3,445,24,160,1,34.5944,52.7256,53.8861,28.4354,27.5141,36.2083,34.9846,40.0814,38.1404
3,446,24,160,1.5,40.5106,57.6446,60.1498,32.6511,31.9878,39.6235,38.6159,43.9998,42.3364
3,447,24,320,0.75,65.0592,95.6220,98.4774,53.8051,46.1919,67.3002,57.7833,74.7386,62.6643
3,448,24,320,1,73.4580,108.1928,110.8839,61.1206,60.1184,75.8454,74.4640,83.6432,80.3162
3,449,24,320,1.5,79.4384,115.4435,119.3887,64.8591,62.4421,80.1030,77.8988,88.5573,84.1273
3,450,25,10,0.75,2.9415,3.9170,3.6183,5.1867,5.0567,5.3746,5.2525,4.3693,4.2701
3,451,25,10,1,2.3596,2.5480,2.4694,4.1517,4.1093,3.9711,0.0000,0.0000,4.1854
3,452,25,10,1.5,2.0056,1.6886,2.5423,4.0243,0.0000,0.0000,0.0000,0.0000,0.0000
3,453,25,20,0.75,2.8420,2.9119,3.4869,0.0000,4.0098,4.4299,4.5527,4.5460,0.0000
3,454,25,20,1,2.2169,3.5632,3.8089,0.0000,3.7740,0.0000,0.0000,4.2016,0.0000
3,455,25,20,1.5,4.1957,4.4366,5.6497,0.0000,0.0000,0.0000,0.0000,4.2737,4.1646
3,456,25,40,0.75,5.7712,7.5724,8.0174,4.9898,0.0000,5.1957,5.3506,5.4089,4.7108
3,457,25,40,1,5.0514,6.5266,7.4350,5.2512,4.8001,4.8640,4.4636,6.4886,5.8566
3,458,25,40,1.5,5.3465,6.0232,7.1811,4.6437,0.0000,4.6237,4.7602,5.2786,5.3590
3,459,25,80,0.75,10.5460,12.2485,15.2800,9.4982,7.3040,9.6174,7.7536,10.9962,8.2541
3,460,25,80,1,13.3772,15.2988,15.7317,11.1296,10.6351,10.0173,10.6505,11.6025,11.3433
3,461,25,80,1.5,12.3558,14.3162,15.5197,10.2264,9.3571,9.4169,9.0046,12.1659,11.2186
3,462,25,160,0.75,20.4921,23.1516,26.0248,16.7575,13.3122,17.4936,13.3959,18.1090,15.6871
3,463,25,160,1,22.4100,25.5353,28.5159,18.2547,17.2320,18.3564,17.3673,19.9608,19.6146
3,464,25,160,1.5,24.5742,27.6957,30.5265,20.4914,18.1673,20.4378,19.0527,22.6252,21.6251
3,465,25,320,0.75,43.0533,48.5837,54.0873,34.7022,28.8525,36.0250,30.2946,38.3385,33.7671
3,466,25,320,1,45.8438,52.6395,58.6876,36.5085,33.8513,38.0432,36.4362,42.5828,41.1478
3,467,25,320,1.5,50.2388,57.0719,63.6878,40.4657,36.5044,40.8300,38.0806,45.8735,44.5916
3,468,26,10,0.75,2.7229,2.4352,2.4027,0.0000,0.0000,0.0000,0.0000,4.1322,4.4781
3,469,26,10,1,1.6672,1.1065,1.2830,4.9295,0.0000,0.0000,0.0000,0.0000,3.6814
3,470,26,10,1.5,1.9732,2.1085,2.9811,4.1355,4.4219,4.4661,4.8512,4.2628,4.1644
3,471,26,20,0.75,3.2413,4.2379,5.4601,0.0000,0.0000,4.7400,4.5481,5.3332,4.8293
3,472,26,20,1,4.1982,5.3001,4.9060,4.3965,4.2503,5.5661,5.1365,5.2424,5.0787
3,473,26,20,1.5,3.2287,4.2748,4.5162,0.0000,0.0000,0.0000,0.0000,4.6550,4.3392
3,474,26,40,0.75,2.6034,4.9196,6.2209,0.0000,3.4928,4.6434,4.3299,4.8284,5.2655
3,475,26,40,1,5.5361,8.1373,8.0712,5.5726,5.4283,7.4418,7.3772,7.5406,7.0194
3,476,26,40,1.5,7.4127,10.1965,10.2193,6.8923,6.7051,9.6457,9.6294,9.7975,9.2362
3,477,26,80,0.75,13.2206,16.6697,18.1027,13.0252,11.0783,15.9461,13.2652,16.8977,14.2049
3,478,26,80,1,12.3901,16.0669,16.9372,11.5884,11.1003,14.5423,13.9698,15.2028,14.6132
3,479,26,80,1.5,11.3705,14.8280,17.7640,10.8929,10.3248,13.8137,12.8290,15.6001,14.7883
3,480,26,160,0.75,20.4568,26.4771,29.6650,19.5655,16.3667,25.0925,21.0475,26.8714,22.7039
3,481,26,160,1,24.1532,31.0099,33.3918,23.2217,21.3942,29.5739,27.7775,30.9704,28.9086
3,482,26,160,1.5,27.4154,34.1425,37.4837,26.6557,24.9234,32.5338,30.3593,34.8052,32.4046
3,483,26,320,0.75,47.2951,58.0744,64.8027,46.1445,39.4646,55.4987,47.2624,60.5763,51.0258
3,484,26,320,1,49.7855,62.7204,68.9903,48.1194,46.1891,59.3359,56.5597,63.4291,60.1932
3,485,26,320,1.5,52.8560,65.8255,73.4192,50.3605,47.5326,61.8255,58.5651,66.7315,62.5345
3,486,27,10,0.75,2.1990,2.1395,2.8072,4.7670,4.2601,0.0000,0.0000,4.7356,0.0000
3,487,27,10,1,4.5729,3.6520,4.4937,4.6497,4.7482,0.0000,0.0000,0.0000,4.7966
3,488,27,10,1.5,2.7061,2.4225,3.3560,0.0000,0.0000,0.0000,0.0000,4.7369,0.0000
3,489,27,20,0.75,3.4998,2.2493,5.1750,0.0000,4.9737,0.0000,4.5169,5.1203,4.7706
3,490,27,20,1,4.8865,2.5783,5.9968,4.7711,4.8017,0.0000,4.5970,6.0329,5.2647
3,491,27,20,1.5,4.3417,2.4636,7.6381,4.8274,4.7758,4.7975,4.6244,6.7597,7.0670
3,492,27,40,0.75,8.6449,5.8819,11.7190,8.3145,7.0431,5.2277,4.5537,10.7222,8.8568
3,493,27,40,1,7.9031,6.3902,11.2516,7.3569,7.2144,6.1411,5.7574,10.4793,9.1216
3,494,27,40,1.5,11.4201,7.9938,14.0020,10.5181,10.3965,6.8503,7.4223,12.5922,11.8249
3,495,27,80,0.75,17.2944,12.5179,21.7330,15.5346,14.0103,11.3877,9.7151,20.3658,15.7228
3,496,27,80,1,19.0518,15.0042,22.4988,17.8045,16.6022,13.2287,12.8108,20.8325,19.1429
3,497,27,80,1.5,20.7808,15.3065,25.2415,19.6523,18.2581,14.1811,13.2567,24.2559,21.1393
3,498,27,160,0.75,35.0780,26.0085,43.5445,32.0187,27.8394,22.5267,20.0276,40.3720,31.5262
3,499,27,160,1,39.1681,28.3995,47.5547,36.2899,33.8238,25.5953,25.0014,44.4181,38.2909
3,500,27,160,1.5,44.6352,32.9610,54.0545,41.5438,36.7958,28.8097,27.0325,50.2984,42.8408
3,501,27,320,0.75,67.5916,50.1433,85.4645,61.9472,53.5032,43.9092,39.2095,77.9583,62.8806
3,502,27,320,1,76.1789,55.7313,92.3464,70.5343,65.6598,49.5829,48.3614,86.1136,75.1691
3,503,27,320,1.5,82.7672,56.9096,100.5865,77.9543,71.7352,50.7275,49.1720,93.9161,79.8471
3,504,28,10,0.75,1.3973,2.2461,4.1108,0.0000,0.0000,3.7999,0.0000,4.2092,0.0000
3,505,28,10,1,1.5798,0.8552,1.4137,3.8267,0.0000,4.3218,0.0000,0.0000,3.9538
3,506,28,10,1.5,1.3248,2.0142,2.4222,4.2881,4.1732,4.7623,4.0662,0.0000,4.4197
3,507,28,20,0.75,3.1339,3.9990,5.1483,0.0000,0.0000,0.0000,0.0000,4.9254,4.9207
3,508,28,20,1,1.9250,2.4878,4.5149,0.0000,0.0000,0.0000,0.0000,0.0000,0.0000
3,509,28,20,1.5,1.3174,3.1439,3.5838,4.1752,0.0000,0.0000,0.0000,4.7907,0.0000
3,510,28,40,0.75,5.9218,8.3575,9.9884,5.8530,6.0138,8.4925,7.6888,8.9561,8.5509
3,511,28,40,1,7.4841,7.9451,10.6060,6.6088,6.8231,8.2041,7.7402,9.8561,10.3808
3,512,28,40,1.5,8.2156,9.7316,10.9596,7.4275,6.7267,9.2616,8.9434,9.5178,9.3865
3,513,28,80,0.75,12.0189,14.8317,18.1066,11.2432,9.1236,13.7188,11.8416,15.5496,15.3590
3,514,28,80,1,14.7239,16.0607,20.1912,12.4916,12.5434,15.5034,14.5013,18.3510,18.3785
3,515,28,80,1.5,15.7063,18.5729,21.9245,13.4142,13.2085,17.9709,17.1625,19.2107,19.5939
3,516,28,160,0.75,25.2146,33.1018,37.8517,21.5436,20.1806,31.4788,27.8477,32.8379,31.5459
3,517,28,160,1,28.7428,35.8229,42.1535,24.0466,24.8510,34.0217,33.4330,36.1154,38.7651
3,518,28,160,1.5,30.6216,37.2906,44.3709,25.3349,25.8206,35.6056,34.5422,37.4996,40.3702
3,519,28,320,0.75,52.7038,64.4703,74.5068,43.7384,41.5562,60.5765,53.2734,64.7061,62.0546
3,520,28,320,1,55.8600,68.8250,82.5406,45.3292,47.7400,64.2439,64.0670,68.8626,75.4953
3,521,28,320,1.5,63.4042,75.2377,90.4717,51.9717,53.3902,71.3005,69.9224,76.1795,81.5058
3,522,29,10,0.75,3.0286,1.7928,1.8587,0.0000,4.0272,4.0763,4.1586,0.0000,0.0000
3,523,29,10,1,1.9907,2.2670,3.2757,0.0000,0.0000,0.0000,0.0000,4.0671,0.0000
3,524,29,10,1.5,2.3041,2.4983,3.1549,0.0000,0.0000,3.8958,4.0851,4.6116,4.9220
3,525,29,20,0.75,2.9026,5.7382,5.7640,0.0000,0.0000,5.3019,4.8676,0.0000,0.0000
3,526,29,20,1,5.0627,5.7669,6.3473,0.0000,0.0000,5.4067,5.3412,4.5221,0.0000
3,527,29,20,1.5,3.3936,5.4027,4.8324,0.0000,0.0000,4.4488,4.1084,0.0000,0.0000
3,528,29,40,0.75,5.5914,8.4264,9.0108,5.0712,4.6413,6.6579,5.7707,6.0818,5.3967
3,529,29,40,1,8.7696,10.5714,11.3229,7.5681,7.1314,8.4712,9.2286,8.4922,8.1497
3,530,29,40,1.5,7.2224,11.5304,8.9071,6.3916,5.3819,8.6725,8.0951,6.9907,5.6877
3,531,29,80,0.75,12.2344,16.5406,18.6146,10.1509,9.2203,12.6806,11.6697,12.1580,11.1798
3,532,29,80,1,15.4036,20.4569,21.9687,12.5638,12.4635,14.8658,16.3319,14.8240,14.7377
3,533,29,80,1.5,16.9924,22.5373,24.1630,15.2698,13.6528,17.0451,16.4735,17.1471,15.0229
3,534,29,160,0.75,27.5019,36.1882,39.2790,22.4465,18.4846,26.5501,24.9634,25.8907,22.9868
3,535,29,160,1,30.9761,39.6554,41.6887,26.4299,23.4918,29.9911,30.8273,29.6020,26.4300
3,536,29,160,1.5,30.2952,40.9155,43.0369,24.9182,23.4954,29.2054,31.0235,28.0232,26.0617
3,537,29,320,0.75,54.2408,70.2447,75.0917,45.2745,37.5853,51.8550,48.6895,51.6795,43.4298
3,538,29,320,1,60.7010,79.6804,84.9609,50.5502,46.8258,57.7722,61.7514,56.2922,52.5450
3,539,29,320,1.5,67.2229,87.6795,91.1571,56.3472,51.8377,64.0386,65.5727,62.4641,57.1958
3,540,30,10,0.75,2.8485,2.9721,1.6879,0.0000,0.0000,0.0000,0.0000,0.0000,3.8948
3,541,30,10,1,1.4007,3.3919,2.4154,0.0000,0.0000,0.0000,4.1845,0.0000,0.0000
3,542,30,10,1.5,1.1633,2.1618,1.0667,0.0000,0.0000,0.0000,0.0000,0.0000,3.8659
3,543,30,20,0.75,3.4380,4.4309,4.2463,0.0000,0.0000,4.3364,0.0000,0.0000,0.0000
3,544,30,20,1,2.2303,4.7507,4.0058,0.0000,0.0000,4.9510,4.4360,0.0000,4.4946
3,545,30,20,1.5,2.9058,3.7399,4.1994,0.0000,0.0000,4.5519,4.7404,4.0271,4.2867
3,546,30,40,0.75,5.3557,6.8582,9.1689,0.0000,0.0000,6.4142,4.8260,5.7370,6.2347
3,547,30,40,1,7.0101,8.5174,9.2786,5.2809,5.8835,7.8632,7.1778,5.4480,6.2909
3,548,30,40,1.5,8.7871,9.5051,9.9915,7.2631,6.4149,8.3733,7.8851,7.1350,6.3115
3,549,30,80,0.75,12.6265,15.2914,16.4277,9.8748,7.5793,14.4735,11.9897,8.7757,8.3346
3,550,30,80,1,16.4258,18.3448,19.0805,12.4319,10.4571,16.8729,15.6836,10.7330,10.1510
3,551,30,80,1.5,16.3694,19.1350,19.3143,12.1983,12.1306,18.1981,17.8859,11.4035,10.5562
3,552,30,160,0.75,28.2833,34.6429,35.2726,20.4121,17.0688,32.4843,27.6695,20.2952,17.3122
3,553,30,160,1,31.0625,36.9919,38.2693,21.9689,20.2354,35.1265,33.0229,18.5108,22.9593
3,554,30,160,1.5,34.5197,39.3427,41.2456,25.3917,22.1412,36.9982,33.8152,22.2758,24.7674
3,555,30,320,0.75,56.1178,66.8448,69.6541,41.1088,32.8193,63.2351,53.2851,37.3376,35.2734
3,556,30,320,1,61.8543,73.1865,76.5656,45.6759,40.8287,69.2007,65.5757,41.7398,44.7835
3,557,30,320,1.5,67.9564,79.2262,82.0936,51.1110,45.0898,75.2328,70.8561,45.0447,47.0438
3,558,31,10,0.75,1.9287,1.7781,2.4991,0.0000,0.0000,0.0000,0.0000,0.0000,3.8651
3,559,31,10,1,2.3303,0.5742,2.7226,4.6208,0.0000,4.2017,0.0000,0.0000,4.2885
3,560,31,10,1.5,3.6701,2.8035,3.7189,4.6068,4.6473,3.9104,3.8318,0.0000,0.0000
3,561,31,20,0.75,5.3209,3.5417,7.3900,4.6195,4.2926,0.0000,0.0000,5.7756,5.5082
3,562,31,20,1,6.0976,3.4183,7.7355,4.4365,0.0000,0.0000,0.0000,5.5245,4.9569
3,563,31,20,1.5,4.1106,2.9220,7.4106,3.9704,0.0000,4.2730,0.0000,0.0000,0.0000
3,564,31,40,0.75,9.2067,6.4653,12.0833,7.1670,6.0601,5.3842,5.1509,9.1883,8.7231
3,565,31,40,1,10.7735,8.3791,15.1538,8.5609,7.9936,6.7963,6.3066,10.1647,9.4838
3,566,31,40,1.5,9.5391,7.5911,14.4722,6.3738,5.7193,5.4888,5.0959,9.4312,9.2449
3,567,31,80,0.75,19.0618,14.0642,25.8362,13.2597,11.8606,9.8871,7.9649,17.2726,15.6172
3,568,31,80,1,21.7903,15.3656,27.9540,14.1671,13.1810,11.3479,11.1413,16.7971,16.4062
3,569,31,80,1.5,22.0581,14.6652,31.1379,15.2207,14.1550,9.5410,10.4185,19.7388,19.4977
3,570,31,160,0.75,33.7451,24.7202,49.1845,23.2688,20.6693,16.7090,14.4976,31.6580,27.1116
3,571,31,160,1,39.8279,28.4033,56.1226,27.2410,26.1534,19.8868,18.1422,35.4803,33.8441
3,572,31,160,1.5,45.5436,31.0083,61.4394,29.6086,28.2564,21.8544,20.7224,39.1899,36.7112
3,573,31,320,0.75,72.0543,52.1887,101.4560,47.5506,40.8953,35.5191,30.5442,63.6002,57.3479
3,574,31,320,1,79.1910,55.2591,110.7397,53.7063,51.9879,38.1284,36.0932,69.7732,67.0267
3,575,31,320,1.5,85.9479,58.9785,120.8131,56.6832,53.4553,39.8109,39.8357,76.1274,72.9438
3,576,32,10,0.75,2.2831,2.7386,2.9634,0.0000,0.0000,0.0000,0.0000,4.2611,0.0000
3,577,32,10,1,4.1534,4.3666,5.0291,0.0000,3.9914,3.4363,3.9026,3.6989,0.0000
3,578,32,10,1.5,1.7963,2.0173,3.8453,0.0000,0.0000,0.0000,0.0000,0.0000,4.2421
3,579,32,20,0.75,6.6512,6.6141,7.6446,6.4370,5.1786,5.6786,5.1811,5.9499,4.6487
3,580,32,20,1,6.0052,6.2712,9.0466,5.3027,4.6430,5.7516,4.8153,6.8612,5.2638
3,581,32,20,1.5,5.6197,7.2715,9.0100,5.5877,0.0000,6.6753,5.7953,6.9733,5.4925
3,582,32,40,0.75,9.2394,10.6251,13.2505,8.4327,6.5610,9.3567,7.2778,10.3466,8.1157
3,583,32,40,1,11.8393,15.2514,17.0417,10.5042,9.8213,12.5879,11.9100,13.4046,13.2252
3,584,32,40,1.5,14.9483,16.3994,19.2717,13.4450,11.9690,13.7817,11.8810,14.4307,13.2586
3,585,32,80,0.75,20.4360,24.7923,29.9833,19.2234,16.0756,22.3032,18.3703,24.2131,16.9875
3,586,32,80,1,23.5721,27.3930,33.2644,21.7536,20.4140,24.1167,21.9598,25.5269,21.4316
3,587,32,80,1.5,25.4804,28.4258,35.1922,23.1426,20.8255,25.1975,22.7390,27.5874,22.6658
3,588,32,160,0.75,42.0823,49.6038,60.4242,38.3674,31.6927,42.6687,34.7354,46.1622,36.0032
3,589,32,160,1,47.6034,55.5930,67.6760,43.7240,39.8626,47.8360,43.5000,52.6260,44.1160
3,590,32,160,1.5,50.5608,58.5185,72.5341,46.2635,41.3090,52.2297,46.7594,55.6589,45.6471
3,591,32,320,0.75,83.0141,97.9956,118.7762,75.3215,61.1305,84.9842,68.4390,92.5332,69.0674
3,592,32,320,1,92.4010,107.4194,131.3845,84.0470,76.8348,92.9467,84.6642,100.7872,86.3515
3,593,32,320,1.5,99.7120,115.6771,143.4074,90.1557,80.9893,99.9451,89.3436,109.0075,90.4902
3,594,33,10,0.75,3.4432,2.6065,1.8106,0.0000,0.0000,0.0000,0.0000,0.0000,0.0000
3,595,33,10,1,2.9936,2.9279,3.4238,4.1168,4.0414,0.0000,0.0000,0.0000,0.0000
3,596,33,10,1.5,0.8997,1.3450,2.3973,0.0000,0.0000,0.0000,0.0000,4.3867,4.4790
3,597,33,20,0.75,3.9680,4.8250,8.2112,4.4032,0.0000,4.4353,4.0467,6.8187,5.9410
3,598,33,20,1,3.3986,3.9955,6.5899,0.0000,0.0000,3.8366,4.2283,5.5046,4.9001
3,599,33,20,1.5,5.6710,5.6910,8.5050,5.2194,4.9754,5.0955,5.0992,6.6273,7.2010
3,600,33,40,0.75,6.2879,8.9589,11.4387,6.0868,5.3960,7.9173,7.2970,9.9980,8.9310
3,601,33,40,1,7.3568,8.4315,13.3674,7.3525,6.4264,8.2345,7.7544,11.2915,11.0843
3,602,33,40,1.5,10.4135,9.1673,15.1675,8.8970,8.7843,7.2874,7.0893,11.6716,10.3443
3,603,33,80,0.75,14.5288,16.2541,25.3117,11.6773,10.4603,13.9497,12.0008,21.0503,18.0345
3,604,33,80,1,16.6931,17.3378,27.8615,14.5499,12.5573,15.1272,14.6122,22.0442,21.1307
3,605,33,80,1.5,18.2423,20.0520,30.3279,13.9318,14.7376,17.1987,16.2103,25.0679,23.9156
3,606,33,160,0.75,31.0533,31.9564,50.6587,25.7713,22.3683,27.1911,22.8326,41.6086,34.9850
3,607,33,160,1,35.9705,38.2690,59.1506,29.4358,27.3541,32.7992,31.5339,48.3503,46.2529
3,608,33,160,1.5,36.9417,38.2407,60.1049,31.2168,28.8584,32.2170,31.4756,48.7565,46.3525
3,609,33,320,0.75,62.5727,65.9892,102.1015,50.9094,44.3880,55.2402,47.0788,82.5372,70.7894
3,610,33,320,1,68.5471,72.4394,112.6040,56.9135,54.0562,62.0971,60.9693,92.1466,89.2968
3,611,33,320,1.5,75.6436,76.7796,124.9111,62.2578,59.2634,65.1328,61.8901,101.5638,94.5522
3,612,34,10,0.75,2.0329,4.4366,3.6681,0.0000,4.1183,4.4891,4.5827,4.2569,0.0000
3,613,34,10,1,0.1056,2.7939,4.0246,3.2399,3.4593,3.7054,0.0000,0.0000,0.0000
3,614,34,10,1.5,0.7445,3.0951,3.3698,0.0000,0.0000,0.0000,0.0000,0.0000,0.0000
3,615,34,20,0.75,0.6770,2.5043,3.5477,3.6699,0.0000,0.0000,0.0000,0.0000,0.0000
3,616,34,20,1,3.4107,5.7085,4.5435,0.0000,0.0000,5.2193,4.8688,0.0000,0.0000
3,617,34,20,1.5,3.2997,6.1453,6.4457,0.0000,3.9494,6.9030,7.1466,6.1741,6.3844
3,618,34,40,0.75,5.2291,11.0015,8.6727,5.0208,4.6372,10.3360,9.6869,7.8236,7.9944
3,619,34,40,1,5.7675,11.6813,11.6251,6.1481,5.7338,10.8370,10.1754,10.8373,10.5143
3,620,34,40,1.5,8.1447,12.3842,12.9870,7.4492,6.5546,11.2944,10.5211,11.0152,10.6690
3,621,34,80,0.75,8.7455,19.8354,20.0583,8.4732,7.3990,18.2895,16.2037,18.6888,15.7599
3,622,34,80,1,11.4647,23.3029,22.6583,9.8870,9.2888,20.7196,19.9952,20.1147,18.9159
3,623,34,80,1.5,10.7194,22.8593,23.1927,9.8573,9.2064,21.3933,20.0255,21.3395,20.2147
3,624,34,160,0.75,19.4472,39.1581,40.2157,17.8990,15.2600,35.7154,31.5873,37.3756,33.2393
3,625,34,160,1,22.5562,44.8640,45.8218,20.4396,19.5995,41.1280,39.7067,41.8428,40.1192
3,626,34,160,1.5,23.9316,47.2356,49.0183,20.8620,20.3357,44.1515,42.2779,45.1752,42.5002
3,627,34,320,0.75,41.0755,82.7434,82.7551,36.6202,32.1894,74.9893,65.8240,75.6259,66.1240
3,628,34,320,1,45.0601,88.9092,90.7789,40.1537,37.9726,82.1126,79.5650,83.8078,80.5619
3,629,34,320,1.5,47.9748,96.1373,98.6664,43.2660,41.2885,91.1714,87.5309,91.5744,86.8175
3,630,35,10,0.75,2.7486,2.6914,2.1983,0.0000,4.7240,0.0000,0.0000,4.2979,0.0000
3,631,35,10,1,2.5353,2.7775,3.1426,0.0000,0.0000,0.0000,4.6517,4.4807,0.0000
3,632,35,10,1.5,1.8681,1.4563,1.6181,0.0000,0.0000,0.0000,0.0000,0.0000,4.2052
3,633,35,20,0.75,3.5053,4.0338,4.5371,4.6054,0.0000,0.0000,0.0000,4.2767,4.2078
3,634,35,20,1,4.2583,5.4672,5.2568,4.2137,4.7924,5.4879,5.6249,4.6929,5.5010
3,635,35,20,1.5,2.9015,3.9406,3.7521,0.0000,0.0000,4.3040,0.0000,3.9404,3.8553
3,636,35,40,0.75,6.4695,6.9778,7.2246,7.1697,6.6947,7.2332,6.5364,7.3169,6.7608
3,637,35,40,1,6.8815,8.8872,9.0189,6.8882,6.7433,8.6661,8.7210,8.3511,8.1159
3,638,35,40,1.5,8.9061,10.2647,10.0544,8.3731,9.1297,9.9893,10.7958,8.9941,9.4921
3,639,35,80,0.75,11.6813,16.4284,16.7152,10.7483,10.0661,16.1172,14.5981,15.9500,13.1589
3,640,35,80,1,13.6323,17.4654,18.2773,12.9502,12.3902,17.4101,17.1948,17.5033,16.3259
3,641,35,80,1.5,16.0831,19.2008,20.1509,15.2501,14.6524,19.0839,17.6882,18.7274,17.4959
3,642,35,160,0.75,26.4985,32.7211,32.4881,25.1508,21.9455,32.2131,28.5005,30.1886,26.2950
3,643,35,160,1,27.7720,35.1553,35.6563,25.9838,26.0627,34.9121,34.3988,32.9044,32.4280
3,644,35,160,1.5,33.1334,39.4537,40.4411,31.5953,30.6799,38.9557,38.1679,37.8625,36.2961
3,645,35,320,0.75,50.5289,63.3316,63.6586,48.0897,41.7322,62.9551,54.4485,59.9292,50.7841
3,646,35,320,1,56.7457,70.7405,72.9026,53.6618,51.5604,69.9849,68.1664,67.7150,65.1609
3,647,35,320,1.5,63.0989,76.8432,77.8277,59.5700,57.8379,75.8818,73.8625,71.7477,69.5413
4,0,0,10,0.75,-2.1089,0.2729,0.2008,0.0000,0.0000,0.0000,0.0000,4.4753,0.0000
4,1,0,10,1,-0.9387,1.7024,2.1036,4.3586,4.0231,0.0000,0.0000,0.0000,0.0000
4,2,0,10,1.5,0.5449,0.9689,1.2306,0.0000,0.0000,4.5233,0.0000,0.0000,0.0000
4,3,0,20,0.75,1.1065,3.8574,2.7376,0.0000,0.0000,3.9711,4.0689,4.1789,3.9544
4,4,0,20,1,3.0835,4.0482,2.9637,0.0000,0.0000,3.9887,0.0000,4.4067,4.2294
4,5,0,20,1.5,3.0552,4.2336,3.9683,0.0000,3.9950,4.2352,0.0000,4.4185,0.0000
4,6,0,40,0.75,1.5298,4.9646,5.8563,0.0000,4.0945,0.0000,3.6117,0.0000,4.4025
4,7,0,40,1,3.4968,6.6118,7.2294,0.0000,0.0000,4.5812,4.5029,4.5297,4.5622
4,8,0,40,1.5,2.0396,7.5361,7.7979,0.0000,0.0000,5.0094,5.0127,5.3092,4.8844
4,9,0,80,0.75,4.8072,10.7599,9.9400,0.0000,4.4862,4.9830,5.0933,5.2103,4.8920
4,10,0,80,1,6.4976,11.6132,10.2641,5.1246,4.9658,6.3939,5.7302,6.2156,5.5543
4,11,0,80,1.5,5.0760,11.8517,14.5409,4.7609,4.5969,8.1028,7.6301,9.0487,8.0638
4,12,0,160,0.75,9.7046,19.9679,22.8289,8.4049,7.9456,11.9688,10.3019,13.4792,10.8314
4,13,0,160,1,10.1886,21.9132,22.2745,8.0597,8.0260,12.5165,11.3763,13.2352,11.2698
4,14,0,160,1.5,12.8716,24.5109,26.2947,8.8544,8.8088,12.7602,12.1032,14.3479,12.7179
4,15,0,320,0.75,18.6986,38.9313,41.8121,14.5909,12.9079,22.4426,18.1888,25.9981,21.2128
4,16,0,320,1,21.8297,42.6335,48.1307,16.1727,15.7927,25.0848,22.2474,30.3610,27.1174
4,17,0,320,1.5,25.1674,50.2154,54.8951,18.8586,18.7981,27.4302,25.2758,32.2383,27.4704
4,18,1,10,0.75,0.2337,1.0401,1.4496,3.8086,0.0000,0.0000,0.0000,0.0000,0.0000
4,19,1,10,1,1.6396,2.2947,2.3556,0.0000,0.0000,4.0009,0.0000,0.0000,0.0000
4,20,1,10,1.5,0.1482,0.2948,1.4285,0.0000,0.0000,4.5757,0.0000,0.0000,0.0000
4,21,1,20,0.75,2.1405,1.6689,2.0589,0.0000,0.0000,0.0000,0.0000,0.0000,0.0000
4,22,1,20,1,1.7325,3.9811,2.7669,4.3268,4.2014,4.2752,4.1927,4.6071,4.6214
4,23,1,20,1.5,2.8231,3.6059,2.8513,0.0000,0.0000,0.0000,0.0000,0.0000,4.2478
4,24,1,40,0.75,3.0458,6.6614,5.5666,0.0000,0.0000,4.9823,4.9150,0.0000,3.8508
4,25,1,40,1,3.7700,7.0371,6.1888,0.0000,3.8225,4.7998,4.8342,0.0000,0.0000
4,26,1,40,1.5,5.5334,6.9837,7.0546,4.2699,4.4165,4.7921,4.5634,4.4734,4.1381
4,27,1,80,0.75,6.9486,11.6067,9.1915,5.4963,5.4398,7.4721,6.8729,6.4212,5.7685
4,28,1,80,1,8.6083,12.6506,11.5732,6.0765,6.3617,8.1986,9.2520,6.4770,6.8527
4,29,1,80,1.5,8.8254,14.1534,11.2247,6.3928,5.8551,8.2481,8.4944,6.8347,6.0229
4,30,1,160,0.75,17.1313,26.2042,22.8016,12.4290,10.9364,15.8681,16.2616,12.3239,12.6858
4,31,1,160,1,16.1246,25.3987,22.9220,13.3740,12.4915,15.6671,16.9907,12.7242,13.9292
4,32,1,160,1.5,16.8024,26.9502,25.2080,12.9983,11.9062,16.2290,17.7847,13.4551,13.9810
4,33,1,320,0.75,28.5641,45.2648,40.2093,19.8421,16.8025,27.6279,26.4234,21.4568,19.3441
4,34,1,320,1,33.3854,52.5805,48.7034,25.0221,23.7325,33.2288,36.5432,27.0329,29.0158
4,35,1,320,1.5,35.1185,55.2895,49.9883,26.4578,24.1976,33.8411,36.3921,27.0419,27.8895
4,36,2,10,0.75,3.1016,0.7194,2.0202,0.0000,0.0000,0.0000,4.4395,0.0000,0.0000
4,37,2,10,1,0.8055,1.3020,2.1623,0.0000,4.2412,0.0000,0.0000,4.5900,0.0000
4,38,2,10,1.5,1.5330,1.9291,1.2016,0.0000,0.0000,0.0000,0.0000,4.2607,0.0000
4,39,2,20,0.75,-1.1400,0.9743,3.0078,0.0000,0.0000,0.0000,0.0000,3.7228,3.6617
4,40,2,20,1,2.8011,3.7932,5.9767,0.0000,0.0000,0.0000,4.7317,4.3453,4.8168
4,41,2,20,1.5,1.9796,4.1197,6.0797,4.8840,4.9064,4.1116,4.1163,5.0692,4.9796
4,42,2,40,0.75,4.4434,4.9153,10.0593,0.0000,3.5970,4.5042,0.0000,6.9307,6.0945
4,43,2,40,1,4.6521,6.1639,11.1833,4.5473,4.3810,5.1912,5.3093,8.6358,7.6272
4,44,2,40,1.5,5.1044,8.9071,11.8321,4.9409,4.9391,7.5182,7.4031,8.0920,7.6000
4,45,2,80,0.75,8.4140,13.3838,20.5227,7.5953,5.9321,11.1598,10.4079,15.4985,12.5422
4,46,2,80,1,10.4088,14.7076,20.8338,8.6461,7.9345,11.4179,11.5429,16.2476,15.5052
4,47,2,80,1.5,12.9881,16.1416,24.6307,11.0993,10.1594,12.6768,12.2231,18.7866,17.0940
4,48,2,160,0.75,16.9380,27.5665,39.7991,15.3055,12.6117,21.9812,20.6795,30.2527,24.6377
4,49,2,160,1,20.5977,28.5852,44.9591,17.5518,15.9401,23.2958,23.9259,34.0961,31.4132
4,50,2,160,1.5,22.3386,32.7594,48.7575,18.1995,16.8201,27.1020,27.8516,35.6527,32.6240
4,51,2,320,0.75,35.8518,51.5942,77.6477,31.2959,25.5288,42.3892,39.5054,60.8814,50.1851
4,52,2,320,1,40.8134,60.6459,87.3166,34.7709,32.6295,49.6623,51.7305,66.3667,61.8082
4,53,2,320,1.5,42.8735,64.3862,98.1503,35.7987,33.8043,52.4832,52.8076,71.7549,66.0661
4,54,3,10,0.75,1.2626,0.5382,1.3021,4.2746,4.6481,0.0000,0.0000,0.0000,0.0000
4,55,3,10,1,1.2021,0.9226,2.4273,0.0000,0.0000,0.0000,0.0000,4.5072,4.5473
4,56,3,10,1.5,0.6105,-0.2596,2.6331,4.3548,4.1210,4.1757,0.0000,0.0000,0.0000
4,57,3,20,0.75,2.3655,3.3881,4.9221,0.0000,4.0442,0.0000,0.0000,4.8341,4.4260
4,58,3,20,1,4.8863,5.4047,5.2331,4.6445,4.7907,5.7752,5.4987,4.9890,3.9667
4,59,3,20,1.5,2.1894,3.3896,4.4466,0.0000,0.0000,0.0000,3.6728,4.0323,3.8802
4,60,3,40,0.75,5.6242,7.1589,7.4488,5.1617,4.6671,6.5452,5.0448,7.2583,5.7688
4,61,3,40,1,4.4508,9.4660,9.1856,4.7282,4.4621,8.0504,6.8844,8.8032,8.1416
4,62,3,40,1.5,7.3397,9.9425,10.8783,7.3421,6.1860,8.6343,6.6814,10.1142,8.3500
4,63,3,80,0.75,10.8383,16.6278,17.2065,10.6218,9.1951,14.8574,11.4924,16.7137,13.7263
4,64,3,80,1,12.4972,19.1120,19.8008,11.8796,10.7596,16.6006,13.1870,18.9509,16.3077
4,65,3,80,1.5,12.0817,19.2370,21.6889,11.7783,10.6222,16.1747,13.2272,20.5551,18.5266
4,66,3,160,0.75,22.6501,31.8254,34.1029,21.8681,18.5001,28.5325,21.7640,32.3285,25.7765
4,67,3,160,1,23.6151,35.2372,39.2450,23.2148,21.9290,30.9168,25.7758,37.0809,32.2760
4,68,3,160,1.5,25.2276,38.8206,42.1912,25.2680,23.4172,33.7399,27.0408,39.8021,34.5130
4,69,3,320,0.75,39.2702,61.6230,67.8081,38.1890,32.0168,53.3990,39.3776,63.9898,51.2532
4,70,3,320,1,46.0258,69.7167,75.9725,45.0349,42.2647,61.2336,50.2789,72.4342,64.3664
4,71,3,320,1.5,49.2140,74.6930,84.2462,48.4990,45.7423,65.4176,53.5084,78.8544,68.7104
4,72,4,10,0.75,-0.2913,-0.9884,-0.9240,4.6599,4.5899,4.9411,4.6776,4.7931,5.1230
4,73,4,10,1,1.0740,1.1538,0.8756,0.0000,0.0000,4.3592,4.3593,0.0000,0.0000
4,74,4,10,1.5,-1.5913,-0.1075,-0.3105,4.3581,4.2596,0.0000,0.0000,0.0000,0.0000
4,75,4,20,0.75,0.5150,2.4391,2.1557,4.6000,4.6535,0.0000,0.0000,4.8513,4.3371
4,76,4,20,1,0.2471,1.1109,1.1989,0.0000,0.0000,0.0000,3.6747,0.0000,3.9176
4,77,4,20,1.5,1.1936,2.6197,2.8987,0.0000,3.8434,3.8229,0.0000,0.0000,4.3764
4,78,4,40,0.75,2.5898,2.5531,2.6236,3.8393,0.0000,0.0000,0.0000,0.0000,3.9150
4,79,4,40,1,1.0557,2.8000,3.0718,0.0000,0.0000,4.5614,4.2168,4.4508,4.5399
4,80,4,40,1.5,2.6558,4.4092,4.1233,0.0000,0.0000,0.0000,0.0000,0.0000,0.0000
4,81,4,80,0.75,2.4800,6.2594,4.7762,0.0000,0.0000,4.6696,0.0000,0.0000,0.0000
4,82,4,80,1,1.5619,6.5140,7.3171,0.0000,0.0000,4.6960,4.7421,4.6656,4.4951
4,83,4,80,1.5,4.0478,6.6370,6.1724,4.2557,4.4762,6.3928,6.2808,6.4288,6.1976
4,84,4,160,0.75,7.0182,11.5994,12.1320,5.7332,5.2830,8.8871,7.8010,8.6995,7.4083
4,85,4,160,1,4.9605,12.1710,12.8431,0.0000,0.0000,7.9523,7.3951,8.2571,7.6707
4,86,4,160,1.5,7.6753,13.5219,15.3935,6.5819,6.3948,9.8360,9.5377,10.2217,9.8824
4,87,4,320,0.75,8.8911,20.4645,20.3268,6.4905,5.7681,15.0983,11.8988,14.2237,11.7768
4,88,4,320,1,11.5081,24.1254,24.7318,8.0212,7.4111,16.8662,14.4617,16.6205,14.5482
4,89,4,320,1.5,12.2018,26.1070,26.0890,8.2241,8.7033,17.0268,15.8373,17.1555,15.6807
4,90,5,10,0.75,-0.1462,0.3955,0.4442,4.2744,0.0000,0.0000,0.0000,0.0000,4.1509
4,91,5,10,1,1.2761,2.0492,0.7830,4.4808,4.4307,0.0000,0.0000,0.0000,0.0000
4,92,5,10,1.5,0.0119,1.4170,1.4401,0.0000,0.0000,0.0000,0.0000,0.0000,3.3254
4,93,5,20,0.75,0.5685,0.6621,1.2269,0.0000,0.0000,0.0000,0.0000,4.3427,3.4262
4,94,5,20,1,1.0080,2.2514,2.2900,0.0000,0.0000,0.0000,0.0000,0.0000,0.0000
4,95,5,20,1.5,1.6130,1.7130,2.7827,0.0000,0.0000,4.5988,0.0000,3.9060,0.0000
4,96,5,40,0.75,0.5995,0.9617,2.4453,0.0000,0.0000,3.3061,3.6415,3.1880,0.0000
4,97,5,40,1,2.1316,2.1791,3.7006,0.0000,0.0000,4.9444,4.5535,4.4804,0.0000
4,98,5,40,1.5,4.0354,2.7532,4.8896,3.9207,0.0000,3.7832,4.3606,3.8602,4.0891
4,99,5,80,0.75,4.9203,6.2426,6.9328,0.0000,0.0000,4.3153,4.1997,5.3552,0.0000
4,100,5,80,1,5.0116,4.0922,7.1504,4.0798,4.0894,4.1796,3.5965,4.2098,4.1824
4,101,5,80,1.5,6.7336,6.1245,8.7332,5.6704,4.8024,5.1720,4.7453,5.1783,6.0464
4,102,5,160,0.75,11.1041,10.5946,15.7003,9.8391,8.1235,8.6449,6.6421,10.8068,8.2390
4,103,5,160,1,11.7452,11.8999,15.5005,9.7279,9.2603,8.4659,7.4953,9.4789,9.1389
4,104,5,160,1.5,13.2255,12.6535,17.1311,10.4231,10.2181,8.8734,7.6595,9.5957,8.6887
4,105,5,320,0.75,20.2749,20.0988,27.3213,17.8503,15.4760,16.0345,13.0255,18.2360,15.1811
4,106,5,320,1,23.1362,22.3077,29.7284,18.8146,18.0381,16.8016,14.7849,19.5147,17.9409
4,107,5,320,1.5,25.1634,24.4109,33.7614,21.1472,20.5108,18.1494,16.3854,23.0098,21.0820
4,108,6,10,0.75,2.1006,0.7356,2.0239,0.0000,0.0000,0.0000,0.0000,0.0000,0.0000
4,109,6,10,1,0.5896,1.8891,0.7760,0.0000,0.0000,0.0000,0.0000,0.0000,0.0000
4,110,6,10,1.5,-0.8562,0.0217,-0.2731,0.0000,0.0000,4.1186,4.0288,0.0000,0.0000
4,111,6,20,0.75,2.0031,1.6256,0.9372,0.0000,0.0000,0.0000,0.0000,0.0000,0.0000
4,112,6,20,1,1.8022,0.3930,1.3400,0.0000,0.0000,4.8911,4.4028,0.0000,0.0000
4,113,6,20,1.5,1.8615,2.8607,5.0663,0.0000,0.0000,0.0000,3.3138,0.0000,4.7556
4,114,6,40,0.75,2.5456,5.1762,7.1378,0.0000,0.0000,0.0000,4.9110,5.4608,4.9612
4,115,6,40,1,3.3899,4.4750,6.2808,4.3937,0.0000,4.1817,3.9313,5.1684,4.4916
4,116,6,40,1.5,5.3220,4.6118,7.6500,5.3648,4.7669,4.2503,0.0000,7.1474,6.3372
4,117,6,80,0.75,6.3247,8.4121,10.6516,5.4210,4.3971,7.5032,6.8049,8.9681,7.1866
4,118,6,80,1,6.5888,8.0193,11.5561,6.0321,5.1131,6.8459,6.8807,9.0744,8.6518
4,119,6,80,1.5,7.0404,6.9826,12.5179,6.0460,5.2804,5.4601,5.8175,10.8236,10.4382
4,120,6,160,0.75,13.3277,15.7344,22.5687,11.9175,9.7463,13.4733,11.6544,18.0560,16.0766
4,121,6,160,1,15.3659,16.7294,22.1437,13.7497,11.9159,14.5263,13.9178,17.5541,16.5043
4,122,6,160,1.5,17.4995,18.6939,26.6670,15.3294,12.5002,15.4376,15.6423,21.6669,20.8334
4,123,6,320,0.75,24.9975,28.3466,41.2665,22.1616,17.6494,24.0550,20.4701,33.2635,27.8257
4,124,6,320,1,29.7079,34.5668,48.0384,26.7287,23.5106,29.5566,28.2468,37.6284,36.9205
4,125,6,320,1.5,31.1211,35.2697,51.7046,26.8881,23.1517,29.6175,28.2070,40.8374,38.2155
4,126,7,10,0.75,1.3433,1.8977,0.7795,4.2547,4.2400,0.0000,4.3064,0.0000,0.0000
4,127,7,10,1,0.5983,0.9876,-0.0319,4.2108,0.0000,0.0000,0.0000,4.4629,4.2523
4,128,7,10,1.5,-0.5033,-0.6005,1.7604,0.0000,0.0000,0.0000,0.0000,0.0000,0.0000
4,129,7,20,0.75,2.0846,1.6701,1.8379,0.0000,0.0000,0.0000,0.0000,0.0000,0.0000
4,130,7,20,1,1.8920,1.4926,2.8238,0.0000,0.0000,0.0000,0.0000,0.0000,0.0000
4,131,7,20,1.5,2.7014,3.1594,1.8761,4.0519,3.7337,0.0000,0.0000,4.0017,3.6338
4,132,7,40,0.75,3.3209,4.0177,4.8109,0.0000,3.7990,4.7652,4.3384,4.5550,4.5761
4,133,7,40,1,2.7327,3.4292,4.1319,0.0000,0.0000,0.0000,0.0000,4.5093,4.3694
4,134,7,40,1.5,3.1573,2.5862,4.6616,4.3525,4.1811,0.0000,4.2582,4.7978,0.0000
4,135,7,80,0.75,5.1788,4.7903,6.8435,5.0107,4.2171,0.0000,0.0000,6.5500,5.2066
4,136,7,80,1,4.9644,4.1739,8.0701,4.9000,4.7858,4.8040,4.1659,7.8675,7.1232
4,137,7,80,1.5,5.6683,5.0266,7.7859,5.4334,4.6959,4.7329,0.0000,7.5343,6.3957
4,138,7,160,0.75,8.6552,8.5256,12.5401,8.0314,6.5549,7.9481,6.7566,11.9095,9.8404
4,139,7,160,1,11.5020,12.4083,16.1973,10.8970,9.5603,11.6839,9.4070,15.5481,13.3733
4,140,7,160,1.5,11.5262,10.8504,16.2333,11.0219,8.7999,10.2477,8.4704,15.5398,13.9957
4,141,7,320,0.75,17.4871,18.9314,26.2510,16.9414,13.3229,18.3067,13.8700,25.8308,20.3458
4,142,7,320,1,23.1856,22.6607,30.7265,22.2117,19.0072,21.6424,19.6153,29.7990,26.3451
4,143,7,320,1.5,24.3606,22.4773,31.7316,23.8642,21.0440,21.7462,18.2066,30.8486,27.1294
4,144,8,10,0.75,2.9761,2.0638,2.1597,0.0000,0.0000,4.0747,0.0000,0.0000,0.0000
4,145,8,10,1,-1.0193,-0.3559,-0.1634,0.0000,0.0000,3.6892,4.0435,0.0000,0.0000
4,146,8,10,1.5,1.1169,1.3358,1.2806,0.0000,0.0000,4.1812,0.0000,0.0000,0.0000
4,147,8,20,0.75,2.3070,1.9658,3.6046,0.0000,0.0000,0.0000,0.0000,4.1017,4.0768
4,148,8,20,1,2.3617,3.3409,4.3590,3.3674,0.0000,0.0000,0.0000,0.0000,0.0000
4,149,8,20,1.5,0.2010,1.6395,1.4696,4.7962,4.7828,4.5330,4.4621,3.6577,0.0000
4,150,8,40,0.75,3.6599,6.2867,4.1495,0.0000,0.0000,6.5245,5.7735,0.0000,4.9621
4,151,8,40,1,4.5194,6.3380,6.0330,4.6815,4.2877,5.6690,0.0000,5.9781,5.3044
4,152,8,40,1.5,4.3375,6.0170,6.3225,4.8207,4.7041,6.4326,5.7258,6.5268,6.5313
4,153,8,80,0.75,8.5745,11.1437,10.4059,7.5517,6.5851,10.5027,9.1339,9.6297,8.1157
4,154,8,80,1,6.8194,11.0243,11.7640,6.1882,6.2687,10.5381,10.0865,10.8711,10.7464
4,155,8,80,1.5,8.4911,12.3879,12.1664,8.8115,8.3736,12.4190,11.9948,11.8189,10.8211
4,156,8,160,0.75,16.2384,21.9381,21.0865,15.3654,13.2905,20.9876,18.8671,19.7423,17.6000
4,157,8,160,1,16.5307,23.3837,22.7416,16.1945,16.1313,22.9364,22.3325,21.4066,21.0246
4,158,8,160,1.5,18.6000,25.5012,24.2405,18.0996,16.8751,24.9587,23.6065,23.0651,21.8406
4,159,8,320,0.75,30.3534,42.2019,41.4491,28.1203,24.6993,40.1942,34.7590,38.2151,33.2798
4,160,8,320,1,34.5484,47.1009,46.0842,32.4822,31.3444,45.1723,43.1463,43.0265,41.1378
4,161,8,320,1.5,38.7334,51.2413,49.7176,36.8026,35.5657,49.3559,46.6384,46.9573,44.5871
4,162,9,10,0.75,-0.7710,0.2151,-1.0685,4.2281,4.2498,3.5776,3.9024,0.0000,0.0000
4,163,9,10,1,2.0131,2.6734,2.6661,2.9822,3.0999,0.0000,0.0000,0.0000,0.0000
4,164,9,10,1.5,0.9470,2.1637,2.2236,0.0000,0.0000,4.0637,4.1679,0.0000,0.0000
4,165,9,20,0.75,1.6077,0.4921,0.7574,0.0000,0.0000,0.0000,0.0000,0.0000,4.2588
4,166,9,20,1,0.7938,0.2077,2.8117,3.8282,4.4941,4.5146,4.7346,4.1538,4.5329
4,167,9,20,1.5,1.9304,2.3042,4.1215,5.0406,0.0000,0.0000,0.0000,4.1441,0.0000
4,168,9,40,0.75,5.0780,5.1028,6.8459,4.7020,5.1223,4.9108,5.2259,6.4993,6.3524
4,169,9,40,1,4.9231,4.7684,6.6041,4.9673,4.3277,0.0000,0.0000,5.5875,6.1322
4,170,9,40,1.5,5.3655,5.0473,7.4538,5.0939,5.0883,5.0859,4.8524,6.5309,6.7581
4,171,9,80,0.75,9.5114,7.4286,12.8074,9.2533,8.2181,7.7883,6.1913,10.8812,10.2199
4,172,9,80,1,10.5835,6.5755,12.5379,9.5615,9.5277,6.2520,6.0305,11.1285,12.0289
4,173,9,80,1.5,8.3863,6.7795,12.3550,7.9271,7.9676,6.9828,6.2474,10.2542,10.7213
4,174,9,160,0.75,16.5485,14.1680,24.1047,15.9884,14.5433,14.2015,12.0603,21.3989,20.3068
4,175,9,160,1,18.1614,13.2963,25.3124,16.4468,16.7370,12.9766,12.6961,21.9444,22.6080
4,176,9,160,1.5,21.4275,17.3539,30.6640,20.0189,18.8147,17.0986,15.7513,26.2798,27.2524
4,177,9,320,0.75,34.3567,28.5098,47.1563,32.8497,29.4699,28.0174,24.5161,40.9273,38.9418
4,178,9,320,1,39.6204,30.9980,54.0504,37.1397,37.4532,30.2144,29.8757,47.2372,49.7743
4,179,9,320,1.5,43.4256,33.7925,59.2578,40.4853,39.4326,32.8649,31.3945,50.7500,52.3319
4,180,10,10,0.75,1.2783,1.5942,2.3570,0.0000,0.0000,0.0000,0.0000,3.9922,0.0000
4,181,10,10,1,1.5712,1.5829,2.8387,4.0263,0.0000,0.0000,0.0000,4.1266,4.1908
4,182,10,10,1.5,0.4993,-0.6918,0.2799,0.0000,0.0000,0.0000,0.0000,4.2992,0.0000
4,183,10,20,0.75,1.4298,2.8094,3.7496,0.0000,4.3466,4.3889,0.0000,0.0000,0.0000
4,184,10,20,1,3.3997,3.3202,4.0947,0.0000,0.0000,0.0000,0.0000,0.0000,0.0000
4,185,10,20,1.5,5.1496,3.7161,6.5850,5.1034,5.6260,0.0000,3.9068,5.1679,6.1052
4,186,10,40,0.75,3.5023,5.4801,6.9938,4.1194,0.0000,4.2311,4.6040,5.3145,4.9165
4,187,10,40,1,7.4921,7.5659,9.6049,7.1228,6.8927,6.5259,6.3586,7.9064,8.1330
4,188,10,40,1.5,5.1698,6.6615,9.0728,0.0000,0.0000,5.6580,5.6055,5.8847,6.1145
4,189,10,80,0.75,10.3480,12.2408,17.4609,9.7062,9.2662,10.1031,9.2510,13.8839,13.3615
4,190,10,80,1,12.0882,12.8388,17.2765,10.8685,10.8835,10.9212,10.7357,14.9512,15.7880
4,191,10,80,1.5,11.3265,12.9508,19.4907,9.8123,10.5749,10.6941,11.6343,15.7181,16.9263
4,192,10,160,0.75,20.3053,23.2704,31.8022,18.2025,17.6083,19.1148,17.0377,25.0945,23.9267
4,193,10,160,1,23.9596,25.1672,35.0639,22.2307,22.3928,20.9044,21.2524,28.7633,29.4731
4,194,10,160,1.5,24.0922,26.3485,38.6069,22.5242,22.8940,22.7291,22.6825,32.0672,33.1272
4,195,10,320,0.75,40.0944,47.9933,64.6392,36.5591,34.4088,39.9023,36.1429,52.3831,49.8078
4,196,10,320,1,46.0248,52.7378,72.9391,42.2688,42.6909,44.8218,45.1031,59.2209,61.2995
4,197,10,320,1.5,49.9410,54.8965,77.7035,45.5279,46.3923,47.5738,46.9406,64.7846,67.1344
4,198,11,10,0.75,0.9257,1.9002,0.2979,3.3507,0.0000,0.0000,3.9279,0.0000,0.0000
4,199,11,10,1,0.7660,0.8798,0.5455,3.3752,0.0000,0.0000,0.0000,0.0000,0.0000
4,200,11,10,1.5,-0.8885,0.3843,0.9498,3.7971,0.0000,0.0000,0.0000,3.8866,0.0000
4,201,11,20,0.75,0.2901,-0.4221,0.5571,0.0000,0.0000,0.0000,0.0000,0.0000,0.0000
4,202,11,20,1,0.4511,0.1193,0.9431,0.0000,0.0000,0.0000,0.0000,3.6303,0.0000
4,203,11,20,1.5,2.0001,1.7627,2.0741,5.0861,4.7108,0.0000,0.0000,0.0000,4.1850
4,204,11,40,0.75,0.6362,1.4684,2.6707,0.0000,0.0000,0.0000,0.0000,0.0000,0.0000
4,205,11,40,1,1.8411,1.3569,2.8817,4.2312,4.1605,3.8944,3.6624,0.0000,4.4013
4,206,11,40,1.5,2.3859,3.2401,2.3568,3.6572,3.9157,0.0000,4.0886,0.0000,4.6179
4,207,11,80,0.75,6.3438,6.0519,6.7569,5.7529,4.7494,5.7012,5.0142,5.8046,4.3300
4,208,11,80,1,3.6322,5.6830,5.7927,0.0000,0.0000,4.6024,4.9340,4.9425,4.7149
4,209,11,80,1.5,4.1158,5.7534,7.3561,4.2152,0.0000,5.2708,4.9356,5.5904,5.1338
4,210,11,160,0.75,7.9634,11.0724,10.4881,7.1112,6.3958,8.5127,7.3753,8.4364,6.9221
4,211,11,160,1,9.2207,12.1657,12.8657,9.2605,8.8094,10.1574,10.2812,10.6051,9.9685
4,212,11,160,1.5,9.3143,10.9710,12.4928,7.9628,7.6558,8.7619,8.9310,9.7249,9.5151
4,213,11,320,0.75,11.9499,19.4891,21.3010,10.0246,8.9691,16.3562,13.3748,14.4804,12.7030
4,214,11,320,1,15.5191,22.7731,23.1922,13.6278,13.1484,18.0633,17.1165,18.1716,17.4397
4,215,11,320,1.5,15.2635,21.6359,24.4116,13.0441,13.1388,17.6983,16.9971,17.6629,17.5455
4,216,12,10,0.75,0.8673,1.0773,2.3211,0.0000,0.0000,0.0000,0.0000,0.0000,0.0000
4,217,12,10,1,3.8137,4.6650,6.3964,0.0000,0.0000,4.4343,4.3712,4.7844,0.0000
4,218,12,10,1.5,2.2787,3.6431,4.8714,0.0000,0.0000,4.2676,4.0157,0.0000,4.7808
4,219,12,20,0.75,3.1778,6.5953,5.7025,0.0000,0.0000,5.3029,5.1212,4.7471,0.0000
4,220,12,20,1,3.6300,2.7989,6.0289,4.2205,4.0193,4.4058,0.0000,4.2287,4.0309
4,221,12,20,1.5,6.6384,7.5163,8.7457,5.9698,6.1791,6.8651,7.2065,6.7350,6.7711
4,222,12,40,0.75,7.6263,10.1523,13.8876,5.0589,4.5005,7.2881,6.9251,8.3365,7.6155
4,223,12,40,1,6.0868,9.5818,12.4324,4.5200,0.0000,7.2268,7.4569,7.4748,7.2204
4,224,12,40,1.5,8.9949,12.0317,16.0115,6.0123,5.7504,8.2540,8.4033,9.5941,9.2655
4,225,12,80,0.75,14.8425,20.0271,24.4240,11.0004,9.4493,14.9711,12.6143,15.3342,13.0354
4,226,12,80,1,17.2904,21.9279,28.2522,13.4963,12.4775,16.9865,16.5164,18.4680,17.3986
4,227,12,80,1.5,17.9061,22.8923,31.2367,11.8586,12.3790,15.9696,17.1065,17.7129,17.4693
4,228,12,160,0.75,28.2711,36.9573,48.1780,20.4106,17.6397,27.9079,24.8274,30.1416,25.3688
4,229,12,160,1,31.8364,41.0599,54.2260,23.3719,22.3291,30.8776,30.5213,33.7721,31.9128
4,230,12,160,1.5,35.7583,45.2337,60.3640,24.6567,23.7522,32.8694,32.7564,36.1813,34.3710
4,231,12,320,0.75,58.9715,74.1764,97.6286,41.9546,35.9635,54.6108,49.0753,60.3509,52.1534
4,232,12,320,1,65.7215,85.0973,110.5317,45.1298,43.6840,60.1896,60.8052,65.7159,63.4598
4,233,12,320,1.5,71.1033,90.7961,121.2314,45.8535,43.3765,61.6585,61.0226,67.4237,63.7921
4,234,13,10,0.75,1.7808,1.8472,1.1004,0.0000,0.0000,0.0000,0.0000,3.9073,0.0000
4,235,13,10,1,1.5973,1.8270,1.7587,0.0000,0.0000,0.0000,0.0000,4.1689,0.0000
4,236,13,10,1.5,1.9686,4.4432,4.7751,4.4886,0.0000,0.0000,0.0000,3.9332,0.0000
4,237,13,20,0.75,2.5680,5.8100,3.8978,4.2084,0.0000,5.4704,5.2359,0.0000,0.0000
4,238,13,20,1,4.8388,6.3717,6.2475,6.1134,5.4263,7.3010,6.8894,6.1841,5.7734
4,239,13,20,1.5,4.2721,6.0037,5.8091,4.3856,4.6766,6.1652,6.2373,5.6956,4.8639
4,240,13,40,0.75,4.8364,8.4004,6.9133,4.6846,4.2890,8.0508,7.6706,6.4484,4.5373
4,241,13,40,1,7.9583,13.1673,11.4081,7.5028,7.4415,12.8459,12.6550,9.5135,8.8047
4,242,13,40,1.5,7.0448,11.0809,9.5566,6.6519,6.0638,10.5745,9.9933,8.8369,6.3197
4,243,13,80,0.75,11.6658,18.3014,16.1517,10.9674,9.5525,17.3356,15.3501,14.7052,11.3498
4,244,13,80,1,14.7718,22.6699,19.7512,14.1175,13.7214,22.3073,21.9183,18.0475,15.7166
4,245,13,80,1.5,15.1757,21.9601,20.5597,14.3912,13.6183,21.2600,20.9078,18.4432,14.4424
4,246,13,160,0.75,24.4540,40.2549,34.5265,22.8573,20.5767,39.1692,33.9140,30.8019,23.3993
4,247,13,160,1,27.0323,43.7124,37.1222,24.9945,25.1019,41.9906,40.9668,32.3877,27.6722
4,248,13,160,1.5,28.3075,46.1844,40.7620,26.0494,25.6166,44.2653,43.0194,35.6697,29.5628
4,249,13,320,0.75,46.2595,77.6681,65.4526,43.2943,37.5219,74.1449,64.4604,57.3387,43.5618
4,250,13,320,1,55.0522,86.1522,75.3918,51.3340,49.9007,82.5418,80.3014,65.9584,55.2498
4,251,13,320,1.5,58.5142,91.4524,79.6737,54.6375,52.0019,87.8095,84.8895,70.7769,58.2728
4,252,14,10,0.75,1.9921,2.0718,2.0735,0.0000,0.0000,0.0000,0.0000,0.0000,0.0000
4,253,14,10,1,0.7230,-0.1959,1.0205,4.3727,4.3900,0.0000,0.0000,0.0000,0.0000
4,254,14,10,1.5,1.4306,1.9128,1.6230,0.0000,4.5508,0.0000,0.0000,0.0000,3.7690
4,255,14,20,0.75,1.0359,0.9442,2.6802,3.9440,3.6734,0.0000,0.0000,0.0000,0.0000
4,256,14,20,1,2.1808,1.6750,2.8579,0.0000,0.0000,3.7221,3.4355,5.0909,4.8356
4,257,14,20,1.5,3.0890,2.3199,3.6016,4.3941,0.0000,0.0000,0.0000,4.7406,4.5513
4,258,14,40,0.75,4.3866,5.3244,6.3231,0.0000,0.0000,5.5377,0.0000,6.3168,0.0000
4,259,14,40,1,4.6459,6.7346,7.2095,4.8409,5.0068,6.6736,6.9306,7.1773,7.0077
4,260,14,40,1.5,5.4471,6.9277,6.7890,5.3862,5.3323,6.8570,6.1916,6.5437,6.4410
4,261,14,80,0.75,10.4733,12.5560,13.9661,10.4333,9.1111,12.5672,10.3151,13.8262,11.7361
4,262,14,80,1,10.7838,13.1750,14.9012,10.8909,11.1228,13.1540,13.0235,14.4981,13.7913
4,263,14,80,1.5,11.1937,12.9080,14.1051,11.0158,9.7553,12.9516,12.1226,14.1229,12.9882
4,264,14,160,0.75,18.6028,22.8130,24.9465,18.4453,15.2650,22.7022,18.4614,24.6217,20.2577
4,265,14,160,1,21.1183,25.6132,27.5326,20.8707,19.5172,25.4975,23.6762,27.2121,25.0076
4,266,14,160,1.5,23.4414,28.9086,31.0661,22.9198,22.1363,28.7129,26.9275,30.3897,27.7434
4,267,14,320,0.75,38.1223,47.3702,51.8335,37.8785,30.7345,47.1072,38.9013,50.9451,40.9251
4,268,14,320,1,42.4913,52.3837,55.9730,42.5479,40.4189,52.5038,50.0932,55.4209,52.0345
4,269,14,320,1.5,43.4466,53.6486,59.0140,42.6686,40.1432,53.5302,50.4621,57.6769,52.9781
4,270,15,10,0.75,2.1477,3.5193,2.5252,0.0000,3.9001,4.1609,0.0000,0.0000,3.9258
4,271,15,10,1,1.3750,0.0310,3.0241,0.0000,0.0000,0.0000,0.0000,4.0537,0.0000
4,272,15,10,1.5,1.7348,2.4116,2.0736,3.9884,0.0000,0.0000,0.0000,0.0000,0.0000
4,273,15,20,0.75,1.6528,2.1087,4.6002,0.0000,0.0000,4.4906,4.5646,4.6894,4.7642
4,274,15,20,1,4.6088,4.0479,5.3219,4.6106,4.5875,0.0000,0.0000,5.4044,4.4123
4,275,15,20,1.5,4.5084,3.5556,5.5216,0.0000,0.0000,0.0000,0.0000,5.0389,5.0952
4,276,15,40,0.75,7.0770,5.4040,7.8817,7.3050,6.0461,5.6605,4.5529,7.2858,5.1722
4,277,15,40,1,7.0674,6.0113,9.9693,7.2366,6.6128,5.9194,5.1739,10.0898,8.6289
4,278,15,40,1.5,8.7430,8.6800,10.4739,8.8017,8.3893,8.6614,7.4953,10.4897,9.6130
4,279,15,80,0.75,12.5827,11.4472,18.9148,12.2526,10.0120,11.0394,7.7171,18.1911,13.6838
4,280,15,80,1,15.6000,12.7895,19.7896,15.6142,14.6380,12.4884,10.0341,19.1992,17.0137
4,281,15,80,1.5,17.2765,14.7005,22.6035,17.0236,14.9114,14.4357,11.3224,21.7216,18.2641
4,282,15,160,0.75,27.6399,24.6443,36.8534,27.2395,22.4640,24.0968,17.0380,35.8763,28.1110
4,283,15,160,1,31.4520,29.0305,40.7806,31.0745,28.5238,28.2858,23.0131,39.4099,33.3893
4,284,15,160,1.5,34.7033,29.7296,43.5288,34.3311,31.5595,29.3081,24.0232,42.6209,36.7624
4,285,15,320,0.75,57.6440,51.8317,75.9752,57.0865,47.4571,50.4639,35.7434,73.3601,55.8736
4,286,15,320,1,62.7406,54.7602,81.6444,62.0262,56.7239,53.3850,42.1053,79.4032,68.1921
4,287,15,320,1.5,70.0855,60.3839,87.6609,69.4443,62.7117,59.2991,46.7511,85.3627,72.9239
4,288,16,10,0.75,2.6290,3.1659,3.9972,3.6035,3.6536,0.0000,0.0000,2.9766,0.0000
4,289,16,10,1,3.2403,3.6296,5.3554,4.3122,4.4009,3.8056,5.0674,5.8309,5.6202
4,290,16,10,1.5,2.9480,1.3286,4.1470,0.0000,3.7516,0.0000,0.0000,0.0000,3.8583
4,291,16,20,0.75,5.4548,4.3239,6.8069,4.9179,4.8287,4.2780,0.0000,5.9227,5.8386
4,292,16,20,1,4.9266,4.9593,7.7716,4.4798,0.0000,4.8350,4.5770,6.3827,6.3764
4,293,16,20,1.5,6.5581,5.4865,9.0899,5.3882,4.7804,5.2704,4.3752,7.2815,7.0718
4,294,16,40,0.75,11.7914,10.9618,15.5705,9.9268,9.7435,10.0732,9.6028,13.2257,12.8405
4,295,16,40,1,12.2300,12.1163,18.0276,10.3322,9.9893,10.9452,10.5334,14.8139,14.1138
4,296,16,40,1.5,13.4109,12.5208,18.3764,11.1691,10.4287,10.5771,10.0169,14.7259,13.9626
4,297,16,80,0.75,21.5417,20.2757,30.5639,18.7935,17.4086,19.1967,15.7877,25.0346,23.1847
4,298,16,80,1,23.7598,21.8724,31.9474,19.2446,19.2309,20.0454,18.6792,26.4227,26.2159
4,299,16,80,1.5,27.7035,25.3180,36.3759,22.3929,22.7110,23.2365,20.4014,31.2571,29.2086
4,300,16,160,0.75,42.7830,41.0671,60.0349,36.2038,32.8444,37.2124,30.5527,50.6024,44.3382
4,301,16,160,1,47.4539,43.7432,65.9917,38.4240,38.5855,39.7228,36.4757,54.7307,53.8388
4,302,16,160,1.5,52.9962,47.3236,73.2569,43.5046,43.3771,41.9859,39.0191,60.6020,58.1955
4,303,16,320,0.75,86.8894,81.0059,119.8888,73.1487,66.2793,75.1457,60.8942,101.9284,88.8379
4,304,16,320,1,98.1631,89.9175,135.1204,81.3604,81.1979,81.9566,75.4576,113.7574,108.6855
4,305,16,320,1.5,107.3741,96.1767,145.3075,87.5953,86.2920,87.6870,77.9074,121.6854,114.8733
4,306,17,10,0.75,0.1249,1.6729,0.5653,0.0000,4.1366,3.9280,3.9975,0.0000,4.1287
4,307,17,10,1,1.0917,0.6158,1.9517,0.0000,0.0000,0.0000,0.0000,0.0000,0.0000
4,308,17,10,1.5,1.6013,0.8084,2.3364,0.0000,0.0000,4.4491,0.0000,0.0000,0.0000
4,309,17,20,0.75,2.4702,3.4067,3.9865,3.9319,0.0000,0.0000,0.0000,0.0000,0.0000
4,310,17,20,1,3.8989,4.3408,4.1345,4.9589,0.0000,5.3159,5.1212,4.6320,5.0036
4,311,17,20,1.5,4.3529,3.2083,4.2686,0.0000,5.2016,0.0000,0.0000,0.0000,4.0051
4,312,17,40,0.75,7.7355,7.4552,8.3325,4.8399,5.5425,5.2871,4.7356,0.0000,5.1233
4,313,17,40,1,6.9846,7.9279,8.4453,4.8766,5.0341,5.8618,5.1877,5.9454,6.2367
4,314,17,40,1.5,8.4312,7.4319,10.1444,6.5731,6.9104,5.6572,5.3039,6.5397,7.5034
4,315,17,80,0.75,12.0247,12.8337,16.5785,7.4344,7.7087,8.1436,6.6075,10.1108,11.2698
4,316,17,80,1,12.7066,12.6741,16.1318,8.7804,9.3913,8.7486,7.7998,10.5780,12.1797
4,317,17,80,1.5,13.5912,14.5642,18.6954,8.3635,11.4472,10.6855,9.0667,11.9245,15.9542
4,318,17,160,0.75,23.8150,24.6268,31.5856,17.5089,16.1071,17.6461,13.3055,19.7275,21.6173
4,319,17,160,1,26.5493,26.6188,34.9317,17.8693,19.2579,19.2472,16.7683,21.0507,26.1669
4,320,17,160,1.5,29.8585,30.1685,38.3644,20.2007,23.7460,21.8551,18.9621,26.1824,31.1034
4,321,17,320,0.75,48.5562,48.8813,63.1271,32.8200,34.6039,35.4959,28.5584,39.3992,44.4795
4,322,17,320,1,51.7257,54.1675,68.3207,34.0925,39.8526,38.6976,34.0303,45.6050,55.0109
4,323,17,320,1.5,58.5468,58.1239,75.4250,38.1108,44.2667,40.5690,35.1392,47.4667,58.1416
4,324,18,10,0.75,0.6116,0.6359,2.1581,0.0000,3.9372,0.0000,0.0000,0.0000,0.0000
4,325,18,10,1,0.5214,0.2992,0.0429,0.0000,4.1525,0.0000,0.0000,0.0000,0.0000
4,326,18,10,1.5,0.7985,1.2253,1.3330,0.0000,0.0000,0.0000,0.0000,4.1487,0.0000
4,327,18,20,0.75,4.2827,3.8730,5.0235,4.8571,0.0000,0.0000,0.0000,0.0000,0.0000
4,328,18,20,1,3.0842,4.2034,4.0224,0.0000,0.0000,4.6467,4.6814,0.0000,0.0000
4,329,18,20,1.5,4.2918,3.5182,5.0192,0.0000,0.0000,0.0000,3.8364,4.0755,4.4949
4,330,18,40,0.75,4.1975,4.2357,5.9339,0.0000,0.0000,0.0000,0.0000,4.8895,4.9171
4,331,18,40,1,6.9082,7.7719,8.9510,5.3118,5.8801,7.1910,7.7297,7.4207,8.0543
4,332,18,40,1.5,7.2307,5.8641,7.7769,5.8125,5.8838,5.1561,5.0595,6.0743,6.0707
4,333,18,80,0.75,10.5447,9.8988,12.8212,8.8542,8.5989,8.8804,8.3663,10.1333,9.7761
4,334,18,80,1,10.6080,11.4441,13.8433,8.6092,9.2788,10.5989,10.4212,10.8966,12.3028
4,335,18,80,1.5,14.7598,13.5721,16.1693,12.8536,13.7458,12.8142,12.9279,13.5128,13.9399
4,336,18,160,0.75,21.2719,21.6767,25.7098,18.8591,17.5533,19.6655,17.8825,21.4867,20.8006
4,337,18,160,1,23.5221,23.6272,27.9796,19.9733,20.9268,21.3769,22.1099,22.9140,24.5293
4,338,18,160,1.5,26.7503,27.1895,31.5922,22.3013,23.1726,24.4737,24.6279,25.8587,27.3384
4,339,18,320,0.75,44.8569,45.8043,53.3693,37.2958,35.6980,41.2960,37.4845,44.0619,42.0985
4,340,18,320,1,48.4839,49.3426,57.7988,40.1924,42.2293,43.9483,44.9088,47.2615,50.1243
4,341,18,320,1.5,52.5861,52.6928,62.4906,44.6955,46.7846,46.9368,47.6331,50.4787,53.7281
4,342,19,10,0.75,0.8592,0.5751,1.7981,5.0657,4.7545,0.0000,0.0000,0.0000,0.0000
4,343,19,10,1,1.3865,0.4345,3.1243,4.5045,4.1632,0.0000,3.8379,0.0000,0.0000
4,344,19,10,1.5,1.0250,0.2993,2.6852,0.0000,0.0000,0.0000,0.0000,3.8838,4.0710
4,345,19,20,0.75,2.4230,2.9246,3.9918,4.1038,4.2152,4.4227,3.9275,0.0000,4.1857
4,346,19,20,1,2.4393,0.9521,3.0483,0.0000,4.5151,0.0000,0.0000,4.0998,4.2203
4,347,19,20,1.5,3.4274,2.7821,4.3957,4.2973,0.0000,4.0345,0.0000,4.6260,4.3908
4,348,19,40,0.75,3.5388,4.8897,7.3039,4.3575,4.1835,4.6673,4.4941,7.2378,5.9410
4,349,19,40,1,7.0901,4.9444,8.9593,6.6268,5.9232,4.7405,0.0000,8.6899,8.4474
4,350,19,40,1.5,3.8460,4.0883,8.5537,4.5794,4.6461,4.8252,4.6924,8.1952,8.2341
4,351,19,80,0.75,9.9248,10.0641,16.8861,9.5170,8.1057,9.6879,7.8756,16.1305,13.0190
4,352,19,80,1,12.0055,11.5709,17.4433,10.9898,10.7055,10.5146,10.1662,16.4372,15.6560
4,353,19,80,1.5,14.5742,13.4262,22.5061,13.0912,12.0526,12.4168,11.4589,20.6326,18.5715
4,354,19,160,0.75,22.1063,21.7442,35.5445,20.4364,17.7309,20.0060,17.2207,33.7445,28.9433
4,355,19,160,1,23.9323,22.5988,38.0371,21.8953,21.5919,20.8916,20.1823,36.1610,35.0367
4,356,19,160,1.5,26.0628,24.4555,40.7070,23.7244,21.5599,21.1570,19.4899,38.0080,34.8076
4,357,19,320,0.75,40.2527,39.4627,66.1270,36.5818,32.4579,36.1714,31.5725,62.5838,54.0132
4,358,19,320,1,46.5281,42.7709,74.4585,41.7570,40.2484,38.5623,37.0323,69.5451,66.6200
4,359,19,320,1.5,50.5595,47.5816,81.6565,46.1441,42.8385,41.4808,39.6838,77.3759,70.9335
4,360,20,10,0.75,2.2112,3.6542,3.4775,3.7348,0.0000,4.4384,4.5116,0.0000,0.0000
4,361,20,10,1,1.9055,3.2235,2.7735,4.7242,4.7318,0.0000,0.0000,4.4203,3.7781
4,362,20,10,1.5,2.7919,2.7440,3.4076,0.0000,0.0000,0.0000,0.0000,0.0000,0.0000
4,363,20,20,0.75,2.0304,5.5175,5.3043,4.2320,4.1873,4.8013,0.0000,4.6790,4.1716
4,364,20,20,1,3.4099,4.1495,5.9984,0.0000,0.0000,0.0000,0.0000,0.0000,0.0000
4,365,20,20,1.5,3.1849,4.2026,5.1800,0.0000,0.0000,4.4850,4.2064,5.4656,4.4571
4,366,20,40,0.75,4.0473,6.1941,7.8263,0.0000,0.0000,6.2639,5.2919,7.1378,6.0184
4,367,20,40,1,5.0475,7.3640,8.4487,4.9103,4.6880,6.6419,6.3921,7.9237,7.7245
4,368,20,40,1.5,6.2546,9.1711,11.3959,6.1581,5.5855,8.6107,8.0186,9.5586,9.1050
4,369,20,80,0.75,8.2080,11.9140,13.6355,7.7521,6.6029,11.2092,8.8375,12.3177,9.5590
4,370,20,80,1,9.1419,14.1480,16.9310,8.5726,7.9515,13.1865,11.9002,15.4621,13.9426
4,371,20,80,1.5,14.8790,20.2757,22.0146,14.2062,12.9299,19.5100,18.3943,20.8699,19.3709
4,372,20,160,0.75,18.9544,28.2950,32.6940,18.6942,16.3825,27.2787,22.9737,30.5122,25.5705
4,373,20,160,1,20.9343,32.0810,37.2194,20.1504,19.0951,30.4145,28.0289,33.7977,30.4902
4,374,20,160,1.5,23.0265,33.8431,39.2687,22.3809,21.2258,32.2759,29.7027,35.9324,32.4896
4,375,20,320,0.75,36.8483,55.8994,64.0699,36.5156,31.1062,53.3794,44.9738,59.8463,48.9238
4,376,20,320,1,42.9530,62.4774,71.3494,41.9081,40.1053,59.6534,56.5458,65.9234,61.2169
4,377,20,320,1.5,45.0794,64.8942,76.2593,42.8526,40.5217,61.2603,56.7241,69.2866,62.7676
4,378,21,10,0.75,1.3906,2.2667,2.1869,0.0000,0.0000,4.4381,0.0000,0.0000,0.0000
4,379,21,10,1,2.3795,2.6247,3.6965,0.0000,0.0000,0.0000,0.0000,0.0000,0.0000
4,380,21,10,1.5,2.6894,2.8464,2.7761,0.0000,0.0000,0.0000,0.0000,0.0000,0.0000
4,381,21,20,0.75,3.2970,5.3382,6.1531,0.0000,4.1922,0.0000,0.0000,0.0000,4.7227
4,382,21,20,1,5.0459,6.8893,6.7584,5.1799,5.3399,5.0123,6.1953,5.0137,6.8963
4,383,21,20,1.5,5.8564,6.3481,6.1658,5.1041,5.0911,6.1429,5.5686,5.1282,5.9685
4,384,21,40,0.75,8.2142,8.3220,10.9786,6.8691,6.4073,7.5873,6.5969,7.3648,7.6523
4,385,21,40,1,9.1367,9.1833,11.5201,6.9336,7.1517,7.2758,7.5207,6.4352,7.7057
4,386,21,40,1.5,11.7012,11.3660,15.0290,8.5572,9.3439,8.5543,9.4498,9.1116,10.5722
4,387,21,80,0.75,18.1198,18.8964,24.2256,13.8280,12.9749,14.2405,13.5459,14.5981,15.2820
4,388,21,80,1,20.5554,19.8746,26.7257,14.3730,15.7371,14.8074,16.5159,16.2100,18.8235
4,389,21,80,1.5,20.6841,21.0492,27.8846,15.4948,16.6820,15.6441,18.0424,17.2935,20.4904
4,390,21,160,0.75,36.3074,37.4803,47.7172,26.7922,25.3375,27.5533,26.7103,28.3825,29.4076
4,391,21,160,1,38.6515,39.6373,50.0745,29.4489,31.5716,30.0558,32.8132,30.2247,35.4723
4,392,21,160,1.5,41.5991,42.4496,55.0269,30.6240,33.0958,31.6947,33.8003,33.3346,38.3116
4,393,21,320,0.75,71.0200,75.0323,92.9590,53.9852,51.6976,55.6723,55.0084,57.2292,59.7229
4,394,21,320,1,79.8403,80.9073,103.0022,59.1160,63.8844,62.3344,67.0619,63.8547,75.3977
4,395,21,320,1.5,87.3003,87.8695,110.7533,63.2712,67.3266,65.7234,69.8377,68.1240,77.9967
4,396,22,10,0.75,-0.4506,-0.3724,0.5018,3.6771,0.0000,4.4666,0.0000,0.0000,0.0000
4,397,22,10,1,2.3799,3.2290,1.3700,4.6756,0.0000,0.0000,0.0000,0.0000,0.0000
4,398,22,10,1.5,2.0284,2.2359,3.2087,0.0000,0.0000,0.0000,0.0000,0.0000,0.0000
4,399,22,20,0.75,1.0996,1.7983,2.6348,0.0000,0.0000,4.5335,0.0000,0.0000,0.0000
4,400,22,20,1,3.9992,6.1591,6.1567,0.0000,0.0000,0.0000,5.0256,0.0000,0.0000
4,401,22,20,1.5,4.7253,5.4204,5.9800,0.0000,4.9164,0.0000,0.0000,4.6255,0.0000
4,402,22,40,0.75,5.3606,8.2444,7.7205,5.0534,0.0000,7.0823,5.3134,6.2883,4.8724
4,403,22,40,1,7.0399,10.1193,9.6175,6.5616,5.8984,7.7617,8.2862,6.9786,5.5736
4,404,22,40,1.5,6.6391,10.5485,9.1586,4.9572,4.1018,7.9395,8.5136,5.9821,6.4448
4,405,22,80,0.75,13.3681,17.4285,16.7551,10.6468,8.1288,14.4221,12.8667,11.7156,8.8994
4,406,22,80,1,11.8084,16.9709,16.1402,9.1964,7.5714,13.8259,13.0805,12.5168,10.1296
4,407,22,80,1.5,14.7497,19.6254,18.8404,12.1754,10.2671,16.0952,14.0436,13.2234,10.6871
4,408,22,160,0.75,24.2271,32.5252,31.1127,20.4595,15.5752,27.7353,21.9024,22.2684,16.9462
4,409,22,160,1,27.6499,37.6102,35.9581,22.8522,18.8061,31.2404,28.2527,26.7203,21.5656
4,410,22,160,1.5,29.8213,39.7207,37.6383,23.6034,19.3484,32.8147,30.2057,27.9594,23.1104
4,411,22,320,0.75,49.9670,68.4597,65.1300,40.4925,30.2539,56.6871,47.7862,46.4233,35.0119
4,412,22,320,1,53.9909,73.1744,70.5094,43.2213,34.9191,60.3232,55.9185,51.9067,42.3236
4,413,22,320,1.5,60.0455,80.7431,76.3857,49.1547,40.4123,66.5184,59.5475,55.3615,45.2398
4,414,23,10,0.75,1.5054,1.6692,0.8087,0.0000,0.0000,4.4064,4.1111,0.0000,0.0000
4,415,23,10,1,2.0601,2.9167,2.9443,0.0000,0.0000,4.7489,4.9272,0.0000,0.0000
4,416,23,10,1.5,3.6434,3.5156,3.5232,0.0000,4.9308,4.1012,4.5143,3.8488,0.0000
4,417,23,20,0.75,3.2551,5.8498,5.7786,0.0000,0.0000,4.7981,4.7703,4.2957,4.6450
4,418,23,20,1,3.5334,4.7241,5.1143,0.0000,0.0000,5.0622,0.0000,0.0000,0.0000
4,419,23,20,1.5,3.8955,5.4179,5.2954,0.0000,4.1074,4.5284,5.1008,4.5098,4.6003
4,420,23,40,0.75,8.2355,12.0942,11.3412,6.3909,5.9889,10.5635,9.5033,7.4202,7.7076
4,421,23,40,1,7.1162,12.1690,11.6605,6.3211,5.7389,10.8592,10.5421,9.0173,8.8814
4,422,23,40,1.5,8.5566,11.5137,11.8285,7.3349,6.5269,9.2321,9.5269,7.9693,8.6640
4,423,23,80,0.75,15.4040,21.8583,21.4039,12.1561,10.6307,18.3567,16.0976,14.6341,14.4136
4,424,23,80,1,15.8266,23.4353,23.3320,12.8887,12.5104,20.3163,19.9883,16.3079,16.9412
4,425,23,80,1.5,17.0131,25.1013,24.5222,12.3181,12.9616,20.4328,21.3553,15.5381,17.7378
4,426,23,160,0.75,30.6448,43.2507,41.6603,24.8367,22.4588,36.9433,32.5247,29.6255,27.8606
4,427,23,160,1,33.0929,47.2153,46.5657,25.6620,25.1652,39.1767,39.0218,31.1814,32.8238
4,428,23,160,1.5,37.8270,50.9762,51.2923,28.6751,29.0963,42.4424,42.5979,33.9498,36.4463
4,429,23,320,0.75,61.2551,86.7474,85.9208,48.9921,44.7532,73.9721,66.3846,59.9243,57.5334
4,430,23,320,1,69.0666,95.2872,94.6006,54.6222,54.8722,81.0268,81.2588,64.6206,69.0402
4,431,23,320,1.5,75.4673,103.0405,102.9638,59.2077,58.5579,87.2496,86.6852,70.3282,73.9723
4,432,24,10,0.75,0.9447,1.0198,1.2467,0.0000,0.0000,0.0000,0.0000,0.0000,3.8517
4,433,24,10,1,2.5180,4.3910,4.3450,0.0000,0.0000,0.0000,0.0000,0.0000,0.0000
4,434,24,10,1.5,2.3748,3.9519,3.9333,0.0000,0.0000,3.7932,0.0000,0.0000,0.0000
4,435,24,20,0.75,4.8351,6.3032,6.8010,3.5318,0.0000,4.6170,0.0000,5.4924,4.7581
4,436,24,20,1,3.7815,7.4290,7.4005,0.0000,0.0000,5.7427,5.6312,5.3027,4.8028
4,437,24,20,1.5,4.9000,6.0848,6.9483,4.9832,4.5007,5.4130,5.0105,5.7090,5.0356
4,438,24,40,0.75,9.1850,12.3708,13.2340,7.0250,6.7603,9.4317,8.3335,9.1235,7.4689
4,439,24,40,1,9.5309,14.4883,14.7141,7.6105,7.4418,10.0095,9.8199,11.0932,10.6446
4,440,24,40,1.5,11.3950,14.5165,15.6178,9.8114,8.7489,11.4004,10.2062,12.7262,11.4630
4,441,24,80,0.75,14.5231,23.4819,24.6405,13.4213,10.9868,17.0704,14.6232,18.9939,16.0730
4,442,24,80,1,17.9116,25.7196,25.3284,14.8599,14.5896,18.1426,17.5923,19.6040,19.0313
4,443,24,80,1.5,18.5896,27.0246,27.8886,14.4149,14.1062,17.9404,17.7056,19.3968,18.3812
4,444,24,160,0.75,33.6442,50.3761,49.4769,28.4665,25.5386,35.5011,31.7528,38.3163,33.2948
4,445,24,160,1,37.5688,55.9082,56.5067,30.8920,29.5885,39.0294,37.8077,42.8555,40.5551
4,446,24,160,1.5,39.9444,56.2789,57.6357,31.6570,31.2170,38.9494,37.8569,42.9904,40.7607
4,447,24,320,0.75,66.1203,97.8494,100.2851,55.6355,48.1479,69.8236,60.3088,76.6774,64.8899
4,448,24,320,1,74.3321,108.7680,109.5480,61.1338,59.6937,76.2277,74.8989,82.9662,79.8571
4,449,24,320,1.5,81.9069,116.2374,121.8810,66.0704,64.5426,80.8649,79.3109,90.0300,86.0316
4,450,25,10,0.75,0.7901,0.8199,1.3647,3.9715,5.1004,0.0000,3.9427,0.0000,0.0000
4,451,25,10,1,1.5728,3.4160,3.2412,0.0000,0.0000,4.9270,4.5131,4.3391,4.5870
4,452,25,10,1.5,1.1845,2.0918,2.8142,4.4188,0.0000,0.0000,0.0000,4.7374,4.2657
4,453,25,20,0.75,1.5607,0.8906,2.3410,4.5724,4.4614,0.0000,0.0000,0.0000,4.1050
4,454,25,20,1,3.8011,4.0664,3.5848,0.0000,4.3059,4.3605,4.3568,4.7773,4.5030
4,455,25,20,1.5,2.4088,2.9047,3.3644,4.1565,3.9706,0.0000,0.0000,0.0000,0.0000
4,456,25,40,0.75,5.3123,5.4298,6.8880,5.0478,4.2134,3.8185,3.7760,5.4823,4.0131
4,457,25,40,1,4.6841,5.9653,6.6495,4.3598,4.1484,0.0000,4.1277,5.5472,5.3585
4,458,25,40,1.5,6.4772,7.1017,7.9253,6.3439,6.4329,6.2372,6.0231,7.0641,6.6233
4,459,25,80,0.75,9.5896,12.4097,14.0465,8.1862,6.6895,9.6368,6.8624,10.5360,9.0469
4,460,25,80,1,11.7744,15.1957,15.8634,9.2150,8.7672,10.8285,10.6960,10.8025,10.6024
4,461,25,80,1.5,11.4551,12.9723,14.9514,9.3737,9.0775,9.5982,7.8914,12.4266,11.7153
4,462,25,160,0.75,20.2602,24.1898,26.2639,15.5165,13.2787,16.3786,14.2970,18.2318,15.6259
4,463,25,160,1,21.9388,25.3103,28.2039,18.1876,17.0689,18.9411,17.5354,20.5423,19.7044
4,464,25,160,1.5,24.7794,27.8614,30.5375,19.4287,18.3434,20.2611,18.8556,21.8328,20.7896
4,465,25,320,0.75,40.7905,48.8675,53.4472,32.7808,27.1510,34.7556,29.7782,37.2202,32.8690
4,466,25,320,1,44.3092,52.5633,58.0111,36.6872,34.6431,38.6723,37.0894,41.0958,40.7733
4,467,25,320,1.5,50.8777,58.7901,65.5770,41.6731,37.2418,42.4197,39.5796,47.5974,44.4161
4,468,26,10,0.75,0.6469,1.7400,1.5989,0.0000,0.0000,0.0000,0.0000,0.0000,0.0000
4,469,26,10,1,1.0796,0.8340,2.1902,0.0000,0.0000,0.0000,0.0000,0.0000,0.0000
4,470,26,10,1.5,1.1909,2.8544,3.9736,0.0000,3.9790,0.0000,0.0000,4.3761,0.0000
4,471,26,20,0.75,3.5368,3.5712,4.7650,4.9476,5.0241,4.4511,0.0000,0.0000,0.0000
4,472,26,20,1,4.7423,5.4425,5.7575,5.0047,4.9094,5.2305,5.1195,5.5442,5.1856
4,473,26,20,1.5,4.4039,4.0608,4.7610,4.6975,0.0000,4.3454,0.0000,5.1034,4.5832
4,474,26,40,0.75,6.1146,7.1558,8.2386,5.5079,5.5284,6.1837,5.8573,7.1078,5.8731
4,475,26,40,1,6.4021,7.4619,8.5200,5.9324,5.6706,7.0391,6.8125,7.4795,7.0682
4,476,26,40,1.5,6.7752,8.6303,9.9864,6.7385,7.0522,8.2619,8.5192,9.3434,9.4347
4,477,26,80,0.75,10.7735,13.5653,15.7766,10.5896,8.7439,13.0475,11.0937,14.3835,11.8102
4,478,26,80,1,12.5913,14.4407,15.9793,11.9782,12.1221,13.7166,13.6070,14.8868,14.4920
4,479,26,80,1.5,13.9067,17.4299,19.2208,13.1340,12.5279,16.2030,15.4222,17.5616,16.4970
4,480,26,160,0.75,23.5442,29.2741,31.6831,22.8005,19.8046,27.7005,23.8667,29.2797,25.1969
4,481,26,160,1,26.2828,30.9658,33.8392,25.2830,23.9707,28.8833,27.4949,31.0850,29.0080
4,482,26,160,1.5,27.0327,33.4599,36.9475,25.4602,24.9397,31.1427,29.7881,32.9264,31.5564
4,483,26,320,0.75,46.8177,58.2402,64.8827,45.4449,39.0577,55.2220,46.9025,59.7644,50.2337
4,484,26,320,1,50.7574,62.6542,69.4887,49.0189,45.8183,59.3392,55.8228,64.4277,60.7707
4,485,26,320,1.5,52.7446,66.0309,73.5844,50.6477,47.8494,62.6227,59.0190,67.5795,63.1233
4,486,27,10,0.75,3.1359,2.5801,2.9647,0.0000,0.0000,3.9517,3.6130,0.0000,0.0000
4,487,27,10,1,3.8546,3.4379,3.2542,0.0000,0.0000,4.7054,4.8579,0.0000,0.0000
4,488,27,10,1.5,3.1442,2.7558,2.7602,0.0000,0.0000,0.0000,0.0000,0.0000,0.0000
4,489,27,20,0.75,6.9703,4.3674,7.9598,6.3974,4.9892,0.0000,0.0000,7.2339,5.5037
4,490,27,20,1,5.0199,3.9602,6.4379,5.4502,5.1486,0.0000,3.9281,6.4013,5.0564
4,491,27,20,1.5,4.6836,2.8240,4.9292,4.9699,0.0000,0.0000,4.1595,4.5376,3.8229
4,492,27,40,0.75,9.0213,7.7147,10.6190,8.5279,7.3338,7.2470,6.6420,10.2372,7.6158
4,493,27,40,1,11.1058,8.7475,12.3890,10.4548,9.9813,8.3417,7.6502,11.6614,10.4438
4,494,27,40,1.5,10.9121,7.9154,13.1053,9.8464,9.5743,7.2050,6.8929,12.3517,10.9544
4,495,27,80,0.75,18.1889,13.3273,21.8059,17.3238,14.5611,11.8892,9.3921,19.7305,15.7652
4,496,27,80,1,18.2981,13.4152,22.5197,16.4138,16.6223,11.6682,12.3575,20.4895,19.0129
4,497,27,80,1.5,21.3867,14.5642,27.1903,20.0580,18.3520,12.9918,12.5013,25.1475,21.1550
4,498,27,160,0.75,34.8102,25.5705,43.2570,32.0355,27.8646,21.7355,20.0767,39.9228,32.0577
4,499,27,160,1,38.9919,28.9941,49.1022,36.1001,34.4346,26.1339,24.0743,45.5212,39.5606
4,500,27,160,1.5,40.8216,28.7186,49.3569,38.1899,35.5542,25.0266,25.0786,45.8019,39.9515
4,501,27,320,0.75,68.2776,50.8239,87.0442,62.6241,53.8024,44.4558,39.6550,80.2390,63.3966
4,502,27,320,1,76.7957,56.2286,92.3229,70.8179,66.9092,49.3766,49.1440,85.6887,76.7680
4,503,27,320,1.5,86.5053,60.9150,104.1919,81.3525,75.5375,54.4301,51.2663,97.0973,83.1626
4,504,28,10,0.75,1.4896,2.2535,2.1378,0.0000,4.1367,0.0000,0.0000,0.0000,0.0000
4,505,28,10,1,0.6994,1.8910,1.3353,0.0000,0.0000,0.0000,3.6448,0.0000,0.0000
4,506,28,10,1.5,2.7484,3.0608,4.4064,0.0000,0.0000,0.0000,0.0000,0.0000,0.0000
4,507,28,20,0.75,2.8331,3.9893,5.9539,4.5413,4.2391,4.1911,3.9241,4.8809,5.6662
4,508,28,20,1,3.3463,2.8382,4.6851,0.0000,4.2805,4.3335,4.0436,4.7078,4.4976
4,509,28,20,1.5,4.5870,3.6887,6.0346,4.2816,4.0574,3.9544,0.0000,4.8220,5.0175
4,510,28,40,0.75,6.0973,8.3182,9.9537,5.5433,4.7835,8.1071,6.9009,9.3155,8.4363
4,511,28,40,1,6.6080,8.3457,9.5947,6.4561,5.4568,7.5610,7.6474,7.8914,7.8683
4,512,28,40,1.5,8.6274,9.8060,12.8425,7.6051,7.1942,9.0820,9.0602,9.8681,11.4375
4,513,28,80,0.75,11.6711,16.0882,19.0280,10.2910,9.3327,14.6543,13.1248,15.8666,15.4768
4,514,28,80,1,14.9377,18.6119,22.5947,12.8413,13.3065,17.4031,17.5010,19.1734,20.5174
4,515,28,80,1.5,15.0653,17.1110,21.9968,12.6544,12.8813,16.0327,15.0887,18.8523,19.3231
4,516,28,160,0.75,24.7955,32.3020,37.5343,21.4697,20.0813,30.5955,26.9620,32.4840,31.2829
4,517,28,160,1,29.6786,35.7912,42.2648,24.4970,25.4340,33.3943,32.1776,35.4047,37.5630
4,518,28,160,1.5,29.5969,37.4808,45.2081,25.0567,25.0516,35.7770,35.0695,37.7946,41.0220
4,519,28,320,0.75,51.0720,62.7541,75.3873,42.8622,40.7078,58.6060,51.3581,64.1605,61.9809
4,520,28,320,1,55.3566,69.4238,82.3403,46.3075,47.3933,65.5565,64.7626,70.3728,75.7401
4,521,28,320,1.5,61.3749,73.6721,89.2306,50.2758,52.6519,69.6502,68.5682,74.3781,80.2825
4,522,29,10,0.75,0.7903,0.5654,1.3335,4.0684,0.0000,0.0000,0.0000,0.0000,0.0000
4,523,29,10,1,1.9780,2.8933,1.7794,0.0000,0.0000,0.0000,0.0000,0.0000,0.0000
4,524,29,10,1.5,0.8989,0.7591,2.6467,0.0000,0.0000,0.0000,0.0000,0.0000,0.0000
4,525,29,20,0.75,4.3550,5.9352,5.6790,4.9736,0.0000,5.1176,4.4697,5.3576,4.6563
4,526,29,20,1,3.2486,5.1792,5.2892,0.0000,0.0000,4.3278,4.2909,0.0000,0.0000
4,527,29,20,1.5,2.3022,4.3928,4.3380,4.0906,0.0000,4.6991,4.3535,4.0828,0.0000
4,528,29,40,0.75,5.7229,7.7991,9.2130,5.0512,4.5344,5.7914,5.1109,5.5458,5.1808
4,529,29,40,1,7.0135,10.0159,9.1867,6.2174,5.4172,7.3485,7.4143,5.7390,5.4551
4,530,29,40,1.5,7.7872,10.3506,10.9770,6.0610,6.4557,8.1026,8.1696,6.8592,7.3299
4,531,29,80,0.75,12.1603,16.2763,18.8791,10.4864,8.1056,12.1105,10.8393,11.8758,11.0671
4,532,29,80,1,16.0883,20.3086,21.6822,13.3868,12.3418,14.5998,15.3386,14.4741,12.8704
4,533,29,80,1.5,16.8566,21.2579,22.8518,13.4988,12.9876,15.4430,16.1488,13.9388,14.9103
4,534,29,160,0.75,27.2744,35.3772,37.5979,24.4289,20.9101,26.6152,24.5971,26.1416,21.4232
4,535,29,160,1,28.4371,37.7054,41.6788,23.6462,22.0247,27.0731,29.0189,27.6034,26.0518
4,536,29,160,1.5,34.7402,43.5963,46.7564,28.9839,26.7730,32.5053,33.0510,31.3862,28.5819
4,537,29,320,0.75,53.2570,69.6177,75.5738,45.0566,37.7869,50.6109,48.6192,50.2112,42.4427
4,538,29,320,1,58.2205,77.5609,84.9798,48.6064,44.5845,56.2588,58.9801,56.1752,52.1517
4,539,29,320,1.5,65.3226,84.8085,90.6721,53.4183,49.6911,60.7480,63.3280,60.4382,58.9180
4,540,30,10,0.75,1.6121,1.0769,1.7681,0.0000,0.0000,4.1848,4.0444,0.0000,0.0000
4,541,30,10,1,1.6530,1.9491,2.7294,0.0000,0.0000,4.7438,4.5902,0.0000,0.0000
4,542,30,10,1.5,1.9003,2.0946,2.0284,3.5436,0.0000,3.7390,4.2256,0.0000,0.0000
4,543,30,20,0.75,4.0983,4.0424,4.7597,3.5897,3.6785,0.0000,0.0000,0.0000,4.2615
4,544,30,20,1,3.7946,4.7575,4.7316,4.3213,4.5766,4.8481,4.9423,0.0000,0.0000
4,545,30,20,1.5,3.6870,4.8789,6.0981,0.0000,0.0000,4.5653,0.0000,4.2385,4.3669
4,546,30,40,0.75,6.8715,8.5516,7.1397,6.3815,5.2899,8.1613,7.2590,5.0463,4.3187
4,547,30,40,1,7.6044,9.0655,9.5101,5.7719,0.0000,8.2950,7.3742,5.1056,6.5822
4,548,30,40,1.5,7.6141,8.8563,8.9088,5.9768,4.7333,8.8831,7.8939,5.6648,4.4818
4,549,30,80,0.75,14.6078,16.9844,18.0632,11.5728,10.5681,16.5929,14.4970,9.0035,9.5417
4,550,30,80,1,16.1486,20.4185,20.4078,11.7818,10.9782,19.3587,17.7425,9.8367,12.0806
4,551,30,80,1.5,18.0123,20.4578,20.9995,14.8634,12.4005,18.8899,18.2337,12.6373,11.8414
4,552,30,160,0.75,26.9370,33.0664,35.2984,19.2547,16.0489,30.8970,25.6418,18.6211,18.7609
4,553,30,160,1,31.5384,38.5858,39.6304,23.1111,19.9285,36.6854,34.2160,21.3766,22.1102
4,554,30,160,1.5,34.3729,40.1469,42.0300,25.9969,23.0812,37.8528,36.1453,23.0906,23.5316
4,555,30,320,0.75,57.7194,68.2089,70.8162,40.7493,34.0927,64.0139,53.8745,36.5687,37.6790
4,556,30,320,1,65.4213,77.2058,79.0212,48.8345,42.8436,73.3097,69.4578,43.5564,43.6915
4,557,30,320,1.5,68.1161,79.9547,82.7142,50.8217,45.6331,75.7873,71.1425,43.9247,48.7855
4,558,31,10,0.75,4.2085,3.1153,4.1095,4.3068,4.4021,3.9547,4.3117,4.2983,0.0000
4,559,31,10,1,2.9947,2.0339,3.2846,0.0000,4.6699,5.3411,5.0659,0.0000,0.0000
4,560,31,10,1.5,3.6875,3.2235,4.9953,0.0000,0.0000,0.0000,0.0000,0.0000,0.0000
4,561,31,20,0.75,5.6175,5.4202,7.2419,4.8155,4.4782,5.0084,5.1322,0.0000,4.1825
4,562,31,20,1,3.2171,2.7749,6.0949,0.0000,0.0000,0.0000,0.0000,4.9455,4.4061
4,563,31,20,1.5,4.7490,4.2071,8.0587,0.0000,0.0000,0.0000,0.0000,0.0000,0.0000
4,564,31,40,0.75,10.1186,7.0452,12.1686,7.3029,6.3141,5.8393,5.6115,8.5766,7.5366
4,565,31,40,1,8.3474,7.3438,12.8052,6.3321,6.4653,6.4901,6.1962,7.5786,7.2209
4,566,31,40,1.5,10.0338,6.3869,14.3743,7.9395,7.5986,4.5309,4.9996,9.7752,9.8891
4,567,31,80,0.75,17.3812,12.7115,23.9098,11.4096,9.1888,8.8987,8.1792,15.4802,12.7883
4,568,31,80,1,20.6550,15.9882,29.2659,14.6642,14.1067,11.2405,10.4467,19.7520,19.3449
4,569,31,80,1.5,21.6611,15.9471,30.6091,15.7798,13.8736,10.5809,10.6913,20.2357,19.0824
4,570,31,160,0.75,35.6726,25.9696,50.7252,23.5908,20.4924,17.9680,16.4665,31.7140,27.7468
4,571,31,160,1,40.2698,28.3702,56.6954,26.2760,25.7852,19.4157,19.1901,34.8396,34.0233
4,572,31,160,1.5,42.9456,29.5477,60.5354,27.7204,27.4801,20.1603,20.4981,37.0762,35.8918
4,573,31,320,0.75,72.3193,52.3051,100.0834,48.1833,43.3473,35.8970,32.2796,63.2162,55.6001
4,574,31,320,1,76.2766,53.0826,109.0693,49.8492,48.2731,35.6134,35.4320,68.8193,67.2665
4,575,31,320,1.5,85.3395,58.5692,118.7880,54.7473,52.3665,39.5921,40.3772,73.3368,69.6592
4,576,32,10,0.75,3.9911,3.5049,4.4493,4.4149,3.8881,0.0000,0.0000,4.4018,0.0000
4,577,32,10,1,3.8858,4.1571,4.3879,0.0000,0.0000,4.8862,4.1697,5.4803,3.4891
4,578,32,10,1.5,2.8397,3.8639,3.6930,0.0000,0.0000,0.0000,0.0000,4.5063,0.0000
4,579,32,20,0.75,3.4676,4.8486,8.0060,3.9976,3.6733,0.0000,0.0000,5.2391,4.3946
4,580,32,20,1,6.6136,7.2457,9.4846,6.0379,5.9360,6.4175,5.6532,6.5991,6.9711
4,581,32,20,1.5,6.7649,6.6704,8.1203,6.0770,5.4365,6.4618,6.0226,6.9813,5.7896
4,582,32,40,0.75,10.1998,11.4164,12.7953,9.8121,8.3623,10.0328,8.2709,10.4952,7.7266
4,583,32,40,1,11.8650,12.7435,16.3068,10.6506,9.4578,10.8450,9.6010,12.4039,9.3683
4,584,32,40,1.5,13.2056,14.8388,18.3216,12.8893,11.5661,13.4526,11.6876,13.8504,11.2263
4,585,32,80,0.75,21.3429,25.5356,31.1196,18.4388,15.0371,21.7830,17.8659,23.5374,17.6735
4,586,32,80,1,23.3176,26.6549,32.7784,21.5714,19.4527,23.4700,20.6754,25.7950,21.9671
4,587,32,80,1.5,24.8784,29.0751,36.5592,22.5915,20.3815,25.7523,23.4260,27.9915,22.8585
4,588,32,160,0.75,42.2037,50.4049,60.1685,38.5809,31.3719,43.7880,35.1237,46.3786,34.8467
4,589,32,160,1,46.1804,53.8905,66.3263,41.6500,37.4112,46.8314,42.2271,51.2737,42.2837
4,590,32,160,1.5,50.8653,58.4331,72.5914,46.4852,41.8360,50.6955,44.6551,55.7946,45.5733
4,591,32,320,0.75,84.3523,99.1335,119.2915,76.0263,61.6520,86.1583,68.7698,92.9609,69.9148
4,592,32,320,1,92.7186,107.6598,133.1252,84.4175,76.3520,93.4857,84.6975,102.4366,86.8719
4,593,32,320,1.5,101.4234,117.8170,145.1808,91.5960,82.5732,102.3778,92.2936,109.8507,92.0133
4,594,33,10,0.75,1.2223,1.0354,3.2234,3.9213,0.0000,0.0000,0.0000,4.2303,0.0000
4,595,33,10,1,-0.0855,1.1800,2.7288,0.0000,0.0000,0.0000,0.0000,4.4724,4.2213
4,596,33,10,1.5,1.2360,1.1043,3.3259,0.0000,0.0000,0.0000,3.8006,0.0000,0.0000
4,597,33,20,0.75,2.3171,3.3174,5.5325,0.0000,0.0000,0.0000,0.0000,5.5648,5.3313
4,598,33,20,1,4.1185,5.5075,6.8693,0.0000,0.0000,4.8917,5.4073,5.4558,5.7550
4,599,33,20,1.5,3.8769,4.8702,8.6753,4.1173,4.1019,4.9194,5.0051,7.3770,7.4953
4,600,33,40,0.75,6.0477,7.3856,12.3851,5.2554,4.8444,6.6578,5.7575,10.3635,8.8221
4,601,33,40,1,6.4408,7.0895,12.5370,5.7009,5.1723,6.4666,6.2806,10.5593,9.7784
4,602,33,40,1.5,8.5700,9.3910,15.5150,7.0793,7.0756,8.0102,8.2616,12.9634,12.4965
4,603,33,80,0.75,15.9125,18.3761,26.4894,14.0058,10.9929,16.1448,13.7054,21.3919,17.6991
4,604,33,80,1,17.0720,18.4580,28.2251,15.1274,13.1682,15.4310,15.4812,22.6765,22.7373
4,605,33,80,1.5,17.9455,18.3196,28.6930,14.4055,14.7132,16.2509,16.0552,23.5293,22.4447
4,606,33,160,0.75,30.6199,33.9466,52.0156,25.7948,21.6378,28.9644,25.4003,41.8169,36.0105
4,607,33,160,1,32.5515,34.6769,55.1874,25.9736,24.8520,29.1460,28.8729,44.4832,42.9544
4,608,33,160,1.5,36.4719,37.8936,60.7083,31.0967,28.9663,31.1909,29.9087,47.6302,45.5821
4,609,33,320,0.75,64.0432,68.3127,103.2140,52.8020,46.3755,57.2482,49.2282,83.1296,71.5278
4,610,33,320,1,67.7413,71.7726,111.3581,56.9743,54.1159,61.7049,59.8175,90.0892,86.5954
4,611,33,320,1.5,75.0628,76.7597,122.7557,61.6381,58.2562,65.2676,63.5631,99.2334,94.2164
4,612,34,10,0.75,1.0440,1.4038,2.7284,0.0000,4.1157,0.0000,0.0000,0.0000,0.0000
4,613,34,10,1,0.5670,2.4202,2.8686,0.0000,4.0294,0.0000,0.0000,0.0000,0.0000
4,614,34,10,1.5,0.5206,2.9587,3.3619,0.0000,0.0000,3.9308,3.8565,0.0000,3.7548
4,615,34,20,0.75,1.5077,4.8972,5.8738,0.0000,3.7366,0.0000,0.0000,5.1865,4.9360
4,616,34,20,1,2.3255,4.1912,4.3646,3.8519,0.0000,4.7495,4.3942,5.0187,5.2048
4,617,34,20,1.5,3.4069,7.4207,7.9972,4.5139,4.5820,7.1897,7.3168,7.0633,7.2613
4,618,34,40,0.75,4.0994,10.5138,11.5081,4.6605,4.4709,9.4440,7.9392,10.4730,9.3766
4,619,34,40,1,5.9427,11.2384,10.9433,6.7971,6.4593,10.5835,10.0908,10.1193,9.5106
4,620,34,40,1.5,5.0258,10.7235,11.0990,4.5337,3.9283,10.0146,9.7570,10.4202,10.4205
4,621,34,80,0.75,10.4309,20.5470,21.4161,9.4727,8.8422,18.7116,16.1433,19.9118,17.0383
4,622,34,80,1,10.3626,21.7851,21.7043,8.8854,8.7106,19.9166,19.4053,19.8185,18.9295
4,623,34,80,1.5,10.9627,24.6685,24.7690,10.2901,9.8790,24.0857,22.9425,23.5257,22.9527
4,624,34,160,0.75,20.6246,40.0624,40.7675,19.0640,16.9835,36.3792,31.2985,37.7762,33.2419
4,625,34,160,1,23.1049,45.9911,45.1484,20.6455,19.0733,42.9426,41.0931,42.3501,40.2635
4,626,34,160,1.5,24.3327,47.0326,48.0161,21.2254,20.4051,44.2346,42.3962,44.2605,41.9627
4,627,34,320,0.75,38.6079,80.8571,83.5548,35.4267,29.5428,73.7533,64.6572,77.2449,67.0066
4,628,34,320,1,43.8317,88.6239,90.7644,38.7851,37.4484,81.6643,79.1466,83.9346,80.9714
4,629,34,320,1.5,49.4284,94.9327,99.6836,42.9424,40.4930,89.0061,84.4046,92.4388,86.0966
4,630,35,10,0.75,2.7892,1.9025,2.4779,4.0977,0.0000,3.7152,3.6035,0.0000,0.0000
4,631,35,10,1,1.6805,2.3347,3.1287,0.0000,0.0000,0.0000,0.0000,4.7766,0.0000
4,632,35,10,1.5,2.4614,4.2625,3.8891,0.0000,0.0000,4.2282,0.0000,0.0000,4.0551
4,633,35,20,0.75,5.1021,5.5998,5.7052,4.8801,4.9867,5.5016,5.3363,5.3899,4.7204
4,634,35,20,1,3.6677,4.4863,4.2771,4.7832,4.5553,4.8766,4.8955,4.1742,4.2703
4,635,35,20,1.5,2.2529,2.9962,4.0704,0.0000,0.0000,0.0000,4.1959,4.9803,4.0089
4,636,35,40,0.75,6.4147,6.9974,7.5909,6.1770,5.4081,7.1408,5.9003,6.9781,6.0941
4,637,35,40,1,5.5367,6.5769,7.6778,5.6190,5.5377,6.9683,6.6444,6.9047,7.7307
4,638,35,40,1.5,6.4279,8.3580,9.5217,6.3132,6.6005,8.1203,8.5516,9.2431,8.6705
4,639,35,80,0.75,13.1992,16.1519,16.7224,12.3384,10.8833,15.8841,13.5928,15.5630,13.1297
4,640,35,80,1,13.9035,16.8261,17.3123,12.9504,12.5648,16.4927,16.3637,16.3448,14.9731
4,641,35,80,1.5,14.9917,18.5749,18.8538,13.7068,14.1168,18.2749,17.9176,17.5835,16.1354
4,642,35,160,0.75,27.2784,33.1249,33.3528,25.4724,22.9443,32.4153,28.5932,31.1598,26.8297
4,643,35,160,1,27.4729,32.7866,34.5840,25.9470,24.5196,32.3839,31.5541,32.0553,30.9505
4,644,35,160,1.5,28.9231,36.8372,38.1263,27.6744,26.7086,36.3955,35.9322,36.0033,33.9802
4,645,35,320,0.75,51.7482,64.4965,65.0194,48.6737,42.8817,63.7099,55.8477,59.9291,53.3640
4,646,35,320,1,57.9326,72.2611,73.3515,54.8564,52.7442,71.4151,69.9744,68.6483,64.8854
4,647,35,320,1.5,61.7667,75.8086,77.9430,58.1708,56.5995,74.8354,72.4859,72.0433,69.6306
