# NEW (G4 confirmatory: the declared spike endpoint re-tested with new seeds, newly drawn locations, independent null data, noise replicates and a detector-mismatch variant); childB | commit ae458a9
replicate,event,location,strength_nAm,stretch,squid/combined_oracle_z,opm_matched/opm_oracle_z,opm_dense/opm_oracle_z,squid/combined_height_primary,squid/combined_height_mismatch,opm_matched/opm_height_primary,opm_matched/opm_height_mismatch,opm_dense/opm_height_primary,opm_dense/opm_height_mismatch
0,0,0,10,0.75,0.3288,0.3254,0.1750,0.0000,0.0000,0.0000,3.9310,0.0000,0.0000
0,1,0,10,1,0.1288,0.8811,0.8794,0.0000,0.0000,0.0000,0.0000,0.0000,0.0000
0,2,0,10,1.5,-0.6029,-1.2031,-0.6548,4.3631,4.0385,0.0000,0.0000,3.9032,3.8318
0,3,0,20,0.75,1.1329,1.5786,1.5954,0.0000,0.0000,0.0000,4.2931,0.0000,0.0000
0,4,0,20,1,-1.2706,0.0230,-0.3896,0.0000,0.0000,0.0000,4.1605,3.8326,0.0000
0,5,0,20,1.5,2.2163,1.5333,1.1193,0.0000,0.0000,0.0000,0.0000,0.0000,0.0000
0,6,0,40,0.75,3.1661,3.7195,2.8906,4.7641,0.0000,0.0000,0.0000,4.4437,0.0000
0,7,0,40,1,1.2266,1.9790,1.9789,4.1481,4.2108,0.0000,4.0957,0.0000,0.0000
0,8,0,40,1.5,1.6118,2.6746,2.6496,0.0000,4.0941,0.0000,0.0000,0.0000,0.0000
0,9,0,80,0.75,1.6031,3.0080,2.0514,4.5292,0.0000,0.0000,0.0000,0.0000,0.0000
0,10,0,80,1,3.7654,4.2582,4.7195,4.4310,4.8656,4.6495,4.9018,4.7498,4.6213
0,11,0,80,1.5,2.7062,3.7048,3.3156,0.0000,4.1880,0.0000,0.0000,0.0000,4.7077
0,12,0,160,0.75,6.6890,8.9053,8.3488,6.2157,6.0146,7.6706,7.1223,6.9593,6.5614
0,13,0,160,1,5.9186,7.4437,6.3927,6.3623,6.3270,7.8707,7.1098,6.9186,6.3405
0,14,0,160,1.5,8.5451,9.9743,10.2083,8.6418,8.3564,10.0640,9.6749,9.7872,8.7751
0,15,0,320,0.75,12.0261,14.8084,15.3601,10.1907,9.0827,12.6588,11.1190,12.6240,11.4359
0,16,0,320,1,12.7632,16.7545,16.4975,10.5269,10.6733,14.1956,13.9826,13.2841,12.9179
0,17,0,320,1.5,13.2593,16.9977,17.8410,10.6672,11.4994,14.1205,14.2236,15.0753,13.3480
0,18,1,10,0.75,1.4864,0.4444,0.8572,4.5271,0.0000,4.4968,3.7315,4.8475,0.0000
0,19,1,10,1,0.5909,-1.1383,0.6315,0.0000,0.0000,0.0000,0.0000,0.0000,0.0000
0,20,1,10,1.5,1.2115,0.8984,1.1561,0.0000,0.0000,0.0000,0.0000,0.0000,0.0000
0,21,1,20,0.75,0.2156,2.3658,0.5795,0.0000,0.0000,0.0000,0.0000,0.0000,0.0000
0,22,1,20,1,2.0044,1.0066,2.0351,5.0837,0.0000,0.0000,0.0000,0.0000,0.0000
0,23,1,20,1.5,1.7042,0.1096,1.0674,0.0000,3.8823,0.0000,0.0000,0.0000,0.0000
0,24,1,40,0.75,0.8038,-0.0321,0.3035,0.0000,0.0000,0.0000,0.0000,4.3985,0.0000
0,25,1,40,1,2.9621,3.0616,3.7320,4.4594,4.0971,5.1826,4.2481,0.0000,0.0000
0,26,1,40,1.5,1.5825,2.6470,3.7458,0.0000,0.0000,4.7570,0.0000,0.0000,0.0000
0,27,1,80,0.75,3.7009,2.8304,4.0587,0.0000,0.0000,3.9668,4.1150,0.0000,0.0000
0,28,1,80,1,4.3400,4.1300,4.7380,4.7777,4.5415,0.0000,5.1198,4.9608,0.0000
0,29,1,80,1.5,5.4955,3.4097,6.9472,5.9020,5.8604,4.8105,4.9094,6.3762,6.2177
0,30,1,160,0.75,7.5253,5.6052,8.5505,6.7666,5.1043,5.1030,4.5946,6.8949,4.8102
0,31,1,160,1,9.0920,6.3128,10.7800,8.3005,7.9260,5.9713,6.2155,7.9779,7.8577
0,32,1,160,1.5,9.4966,8.2091,11.4077,7.4614,7.2402,7.5565,6.9068,8.5474,7.8698
0,33,1,320,0.75,15.5461,14.5716,20.3913,12.8349,11.0380,13.9015,10.7453,15.1788,12.5631
0,34,1,320,1,18.2604,15.3596,21.3904,15.0609,15.3380,14.0879,13.8647,16.8645,16.2818
0,35,1,320,1.5,19.4273,17.7878,23.7894,16.7647,16.1407,16.1279,16.6123,19.2222,17.9755
0,36,2,10,0.75,1.0390,0.4634,1.0235,4.3987,0.0000,0.0000,3.8797,0.0000,0.0000
0,37,2,10,1,-0.1609,1.0884,0.9553,0.0000,0.0000,0.0000,0.0000,0.0000,4.0186
0,38,2,10,1.5,1.6933,1.4913,2.0157,0.0000,0.0000,0.0000,0.0000,0.0000,0.0000
0,39,2,20,0.75,1.3418,1.7947,2.1053,4.5273,0.0000,0.0000,3.5809,0.0000,0.0000
0,40,2,20,1,1.0575,0.5626,0.9199,0.0000,3.7410,0.0000,0.0000,0.0000,0.0000
0,41,2,20,1.5,-0.4636,-1.1360,-0.3894,0.0000,0.0000,0.0000,4.4760,0.0000,4.0742
0,42,2,40,0.75,1.9178,1.8719,1.8777,4.9522,4.8840,0.0000,4.1043,5.4306,4.9253
0,43,2,40,1,3.5350,3.2927,3.2130,0.0000,0.0000,0.0000,4.3476,0.0000,0.0000
0,44,2,40,1.5,1.0785,1.3860,1.5265,0.0000,0.0000,0.0000,0.0000,0.0000,0.0000
0,45,2,80,0.75,2.6670,3.4356,2.9025,0.0000,0.0000,0.0000,0.0000,0.0000,0.0000
0,46,2,80,1,4.8126,4.5858,4.8511,4.4401,4.3544,4.5314,4.9078,0.0000,4.3239
0,47,2,80,1.5,3.5441,4.4226,3.9033,4.2400,0.0000,0.0000,0.0000,0.0000,0.0000
0,48,2,160,0.75,5.5813,6.7799,6.6154,0.0000,3.8088,5.3242,0.0000,4.0108,0.0000
0,49,2,160,1,7.1768,7.6233,7.4636,5.0054,5.4194,6.4666,6.3357,5.3351,5.2676
0,50,2,160,1.5,8.4002,8.0081,7.9012,8.0949,7.4044,6.9576,7.1166,5.7870,6.3137
0,51,2,320,0.75,15.1680,15.1995,15.1446,11.8113,11.5056,12.6182,11.8380,9.7501,7.7721
0,52,2,320,1,14.7649,15.0416,14.9741,10.9401,12.0536,12.3020,12.9014,8.8442,8.4169
0,53,2,320,1.5,16.9451,17.8668,18.0772,12.0256,13.4799,13.8051,14.2629,9.8654,9.4288
0,54,3,10,0.75,2.1779,2.1755,1.5914,0.0000,0.0000,0.0000,3.9051,0.0000,0.0000
0,55,3,10,1,2.1284,0.3205,0.7610,0.0000,0.0000,0.0000,0.0000,0.0000,0.0000
0,56,3,10,1.5,-0.2544,0.7068,0.4516,4.1554,0.0000,0.0000,0.0000,0.0000,0.0000
0,57,3,20,0.75,1.8123,1.6084,1.1867,3.6940,4.1792,3.8748,4.1177,0.0000,0.0000
0,58,3,20,1,1.2730,1.7825,2.1415,0.0000,0.0000,0.0000,0.0000,0.0000,0.0000
0,59,3,20,1.5,0.2804,0.2361,0.6371,3.9622,3.9866,4.2507,4.5202,4.4768,0.0000
0,60,3,40,0.75,-0.3173,-2.1289,-1.7239,0.0000,0.0000,4.8068,5.0471,0.0000,0.0000
0,61,3,40,1,-0.4769,1.2793,1.3291,0.0000,0.0000,3.4719,0.0000,0.0000,3.5586
0,62,3,40,1.5,4.2333,3.0680,4.1584,0.0000,0.0000,4.4144,4.3549,4.3530,4.0894
0,63,3,80,0.75,1.5869,1.8683,1.2619,5.2331,5.1197,4.4303,4.6350,0.0000,4.4431
0,64,3,80,1,4.6557,5.1744,5.4276,4.7980,3.9724,5.1042,4.7371,5.7640,4.9614
0,65,3,80,1.5,4.5092,3.3826,4.5938,0.0000,4.8313,5.8730,5.6684,5.7706,5.2111
0,66,3,160,0.75,7.3582,6.9710,7.9022,6.8610,6.0527,6.6194,5.6503,7.5546,6.1379
0,67,3,160,1,7.1572,8.2388,7.5289,6.6055,6.3048,7.9898,8.2361,7.3003,7.0610
0,68,3,160,1.5,6.0603,7.6108,7.3160,5.7104,5.3805,7.8696,7.1210,7.1064,7.0691
0,69,3,320,0.75,13.4772,13.6061,15.9541,13.2452,11.0659,13.2771,10.9590,15.7916,13.0253
0,70,3,320,1,15.3275,16.3269,16.4673,14.8065,14.5134,16.1855,15.5108,15.8707,15.2493
0,71,3,320,1.5,16.6914,16.0135,16.4036,16.3575,14.4879,15.4722,14.3172,15.8765,13.9642
0,72,4,10,0.75,0.2880,0.3723,1.4005,0.0000,0.0000,0.0000,0.0000,0.0000,0.0000
0,73,4,10,1,1.2510,0.2980,-0.0055,4.1157,0.0000,3.4934,3.6335,0.0000,3.5768
0,74,4,10,1.5,0.7991,0.2441,0.7128,4.3238,4.3718,0.0000,4.2698,0.0000,3.9982
0,75,4,20,0.75,1.5594,0.9701,2.3375,5.0838,4.8516,4.4415,0.0000,4.3637,0.0000
0,76,4,20,1,0.6188,0.7389,1.8410,0.0000,0.0000,0.0000,0.0000,0.0000,0.0000
0,77,4,20,1.5,-0.7505,-0.9557,-0.3953,0.0000,0.0000,3.9818,0.0000,3.7619,0.0000
0,78,4,40,0.75,-0.4598,-0.4590,0.5987,0.0000,0.0000,4.3800,4.3677,4.1864,4.4808
0,79,4,40,1,3.1679,-1.0249,3.0059,0.0000,0.0000,4.8415,4.6092,0.0000,0.0000
0,80,4,40,1.5,1.5787,1.6865,2.5642,0.0000,0.0000,0.0000,0.0000,0.0000,0.0000
0,81,4,80,0.75,0.9775,0.6702,2.2487,3.8602,0.0000,0.0000,0.0000,0.0000,0.0000
0,82,4,80,1,1.4616,-0.3376,3.3293,0.0000,0.0000,3.8823,3.4792,3.8859,4.0862
0,83,4,80,1.5,4.2080,1.4417,4.7818,0.0000,3.9862,4.8235,0.0000,4.1979,4.3354
0,84,4,160,0.75,5.5507,2.1333,6.6640,5.4151,4.2016,0.0000,0.0000,5.0445,4.3642
0,85,4,160,1,7.2933,5.7296,8.9204,6.3702,6.2412,5.0570,4.3940,7.6630,7.1772
0,86,4,160,1.5,5.8732,3.0668,8.6079,5.2032,5.1622,4.4249,4.3832,6.8519,7.1863
0,87,4,320,0.75,9.3457,4.8906,13.2226,8.1111,6.4877,4.4685,0.0000,11.0389,8.9166
0,88,4,320,1,8.9814,4.1298,14.8217,8.5971,7.1174,0.0000,0.0000,12.5218,10.4213
0,89,4,320,1.5,12.1310,4.9765,15.7916,11.6632,10.3086,4.7722,4.8600,14.3164,11.3027
0,90,5,10,0.75,0.6691,-0.6417,-0.1047,0.0000,0.0000,0.0000,0.0000,4.7889,4.2736
0,91,5,10,1,-1.9454,-0.0423,-1.6192,4.0023,3.7720,4.7340,0.0000,4.2636,0.0000
0,92,5,10,1.5,1.4945,0.7866,1.5783,4.5306,0.0000,4.5396,4.4487,0.0000,4.3693
0,93,5,20,0.75,2.2475,0.4747,1.9256,0.0000,4.2904,4.5192,4.0486,0.0000,0.0000
0,94,5,20,1,-0.8069,0.5261,-0.1422,0.0000,3.8152,4.6447,4.2769,0.0000,0.0000
0,95,5,20,1.5,0.7365,1.3762,0.1672,0.0000,0.0000,0.0000,0.0000,3.9092,0.0000
0,96,5,40,0.75,0.9763,1.4170,1.3796,0.0000,0.0000,0.0000,3.5860,3.3820,0.0000
0,97,5,40,1,1.5123,0.0401,0.0739,4.1932,4.0262,4.1455,3.9110,4.8839,0.0000
0,98,5,40,1.5,1.2127,0.9728,1.1995,4.5947,4.2047,0.0000,4.5743,4.0433,0.0000
0,99,5,80,0.75,3.9634,2.9798,2.3935,0.0000,4.2693,0.0000,0.0000,0.0000,0.0000
0,100,5,80,1,3.5816,1.6645,2.4063,0.0000,4.2942,0.0000,4.4673,0.0000,0.0000
0,101,5,80,1.5,4.5592,4.5909,4.2435,5.1259,4.8128,4.8217,0.0000,4.6439,0.0000
0,102,5,160,0.75,6.7851,5.1737,5.6988,6.6848,6.0057,5.2548,4.9240,5.5644,5.1580
0,103,5,160,1,8.5388,4.3988,5.7655,8.7090,8.0602,0.0000,0.0000,5.8376,5.0836
0,104,5,160,1.5,7.2977,4.3401,5.4214,7.5524,7.3252,5.0792,5.4408,5.6945,5.2308
0,105,5,320,0.75,13.4755,9.0696,10.6496,13.1320,10.9612,8.3736,7.5301,10.1437,8.6538
0,106,5,320,1,15.9666,10.7175,11.7941,15.6452,14.9047,10.4165,9.8119,11.3233,11.0753
0,107,5,320,1.5,18.5890,12.5130,14.1160,18.0152,15.9790,12.1248,11.2005,13.3762,12.5148
0,108,6,10,0.75,1.7310,1.2960,0.4666,0.0000,0.0000,0.0000,0.0000,0.0000,0.0000
0,109,6,10,1,0.5584,0.9946,-0.6440,3.9442,4.0485,3.8447,4.0196,3.9614,4.2435
0,110,6,10,1.5,2.7898,2.4951,2.5988,4.7397,4.7193,0.0000,0.0000,0.0000,0.0000
0,111,6,20,0.75,2.1640,2.9786,2.5855,4.6400,4.8182,0.0000,0.0000,0.0000,0.0000
0,112,6,20,1,1.9487,1.0189,3.4703,0.0000,0.0000,4.6592,4.4257,0.0000,0.0000
0,113,6,20,1.5,0.6818,0.6480,2.5366,0.0000,0.0000,0.0000,0.0000,4.5315,4.4865
0,114,6,40,0.75,2.5864,2.7466,5.6544,0.0000,0.0000,0.0000,0.0000,4.4143,4.7239
0,115,6,40,1,3.5812,3.3090,6.9440,4.1029,0.0000,4.2374,0.0000,4.5939,4.7407
0,116,6,40,1.5,4.3324,3.9082,7.0965,0.0000,4.5246,0.0000,0.0000,5.8874,4.5146
0,117,6,80,0.75,6.5092,6.3070,9.7740,6.7664,4.9982,5.0966,4.5241,8.1667,5.8200
0,118,6,80,1,3.4670,5.2897,10.2348,0.0000,0.0000,4.9882,5.4185,6.5957,5.9176
0,119,6,80,1.5,4.6913,5.3313,11.1521,0.0000,3.8740,0.0000,4.2685,5.7922,5.3602
0,120,6,160,0.75,9.4074,10.9013,20.9981,7.1820,6.4476,8.3563,8.2141,12.7796,11.7451
0,121,6,160,1,12.0354,13.6589,23.6256,8.9587,8.9261,9.7395,10.8265,14.0610,12.9075
0,122,6,160,1.5,13.5058,13.7313,25.9120,10.7547,9.3624,10.2789,10.4342,15.0379,12.7495
0,123,6,320,0.75,19.2663,23.4406,41.0186,14.5105,12.3947,17.7601,17.4461,24.0544,20.3873
0,124,6,320,1,22.6848,25.6305,47.2331,17.6437,15.7021,19.3554,21.8113,28.9747,24.1807
0,125,6,320,1.5,24.3057,26.9684,49.6776,17.4972,17.4536,21.0408,22.6792,28.1545,26.6648
0,126,7,10,0.75,1.2097,1.4846,2.2395,0.0000,4.0046,0.0000,0.0000,0.0000,0.0000
0,127,7,10,1,0.8889,0.5508,1.2281,0.0000,0.0000,3.5843,3.6650,0.0000,0.0000
0,128,7,10,1.5,2.1246,1.8129,3.0904,0.0000,0.0000,3.6494,3.4497,4.4971,4.2844
0,129,7,20,0.75,3.8481,3.1247,4.3126,0.0000,0.0000,0.0000,0.0000,0.0000,0.0000
0,130,7,20,1,3.4750,3.5430,3.7210,4.5724,4.5076,4.3144,4.4850,0.0000,0.0000
0,131,7,20,1.5,1.4371,2.3510,1.2575,0.0000,0.0000,0.0000,0.0000,0.0000,0.0000
0,132,7,40,0.75,2.5317,2.1689,2.2634,0.0000,4.2840,0.0000,4.2705,4.2629,0.0000
0,133,7,40,1,2.5882,2.7040,3.6476,0.0000,0.0000,4.3438,0.0000,4.1018,4.3780
0,134,7,40,1.5,2.9160,3.5784,3.4818,4.9461,0.0000,0.0000,0.0000,4.5212,4.7708
0,135,7,80,0.75,5.0939,5.6226,7.4402,4.6331,4.6163,5.0827,4.9996,4.5511,5.5835
0,136,7,80,1,5.2851,6.1460,6.0621,5.1698,5.4838,6.5005,6.0946,5.5379,5.4263
0,137,7,80,1.5,6.9051,6.4233,9.3525,5.2139,5.9788,0.0000,5.8473,5.6334,7.6171
0,138,7,160,0.75,12.3693,13.5496,16.3648,10.2624,9.1280,11.6871,10.1995,10.9199,11.0071
0,139,7,160,1,13.1770,15.6174,18.1551,10.6898,10.6877,12.9602,12.8711,12.4931,14.8196
0,140,7,160,1.5,13.1109,14.7486,17.3815,10.4360,10.5490,12.6805,12.9896,11.3790,13.0040
0,141,7,320,0.75,24.4002,26.4973,33.0102,20.5909,18.5781,21.8387,20.6340,22.6967,24.0952
0,142,7,320,1,24.8317,26.1459,33.5781,19.4988,20.2405,21.6783,22.2803,22.9545,26.9441
0,143,7,320,1.5,27.3789,28.9118,36.1528,22.9965,22.4604,24.3514,25.0507,25.6042,29.5978
0,144,8,10,0.75,1.3347,1.5235,1.4431,0.0000,4.1962,0.0000,0.0000,0.0000,0.0000
0,145,8,10,1,-1.0566,-0.8045,-1.3328,4.5741,0.0000,0.0000,0.0000,4.0085,4.2830
0,146,8,10,1.5,-2.0149,-1.2504,-1.8829,3.5480,3.7974,4.1429,3.9559,0.0000,4.1105
0,147,8,20,0.75,0.9425,1.1155,1.7677,3.8962,3.8032,0.0000,0.0000,4.3728,3.9554
0,148,8,20,1,1.3053,1.6472,2.0301,4.1281,4.4347,0.0000,0.0000,0.0000,0.0000
0,149,8,20,1.5,2.5175,1.8677,2.4275,0.0000,0.0000,0.0000,0.0000,0.0000,0.0000
0,150,8,40,0.75,2.3575,1.2664,1.5088,4.7611,0.0000,0.0000,0.0000,0.0000,0.0000
0,151,8,40,1,2.7784,3.3352,3.5255,0.0000,0.0000,4.4884,0.0000,4.5689,4.5631
0,152,8,40,1.5,2.3194,1.3246,2.3920,3.5535,0.0000,0.0000,0.0000,4.4337,0.0000
0,153,8,80,0.75,2.3976,3.3616,4.0800,0.0000,0.0000,0.0000,0.0000,4.0329,3.9433
0,154,8,80,1,5.4628,4.4893,4.6996,4.7313,5.7311,0.0000,4.5045,0.0000,4.6552
0,155,8,80,1.5,3.0232,2.6073,3.2879,0.0000,0.0000,0.0000,4.1882,4.5289,0.0000
0,156,8,160,0.75,7.8092,7.2099,8.8671,7.5051,6.3726,6.9879,5.9051,8.1505,6.6586
0,157,8,160,1,9.4714,8.7274,10.7455,7.9615,8.3153,7.0053,7.5358,8.1048,9.2318
0,158,8,160,1.5,8.4113,7.2408,9.1877,7.1421,7.4645,6.1789,5.6895,7.5434,7.4795
0,159,8,320,0.75,16.5060,14.4360,18.7422,14.9334,12.6034,12.6755,10.0162,15.6924,14.7900
0,160,8,320,1,17.0988,15.9179,18.7492,15.0214,14.6892,13.4865,12.3581,15.5200,15.9829
0,161,8,320,1.5,19.7216,17.0103,20.8560,17.3847,16.7644,14.9523,13.9526,18.0713,17.7014
0,162,9,10,0.75,0.4652,0.4746,1.7109,0.0000,0.0000,0.0000,0.0000,0.0000,0.0000
0,163,9,10,1,0.2152,0.6853,0.8618,4.7138,3.4332,4.3585,4.3113,3.9781,4.0724
0,164,9,10,1.5,0.2986,1.5462,-1.2025,4.3475,4.1561,4.5151,4.5102,0.0000,0.0000
0,165,9,20,0.75,1.1196,1.6173,0.7644,0.0000,0.0000,0.0000,0.0000,0.0000,0.0000
0,166,9,20,1,-1.1864,0.3745,0.2144,0.0000,0.0000,0.0000,0.0000,4.7475,0.0000
0,167,9,20,1.5,1.9173,1.1175,1.6974,4.0314,4.3720,0.0000,0.0000,3.9993,3.4050
0,168,9,40,0.75,3.9052,5.0151,4.7701,0.0000,0.0000,4.6163,4.1870,0.0000,4.1771
0,169,9,40,1,6.7956,7.6313,8.1882,6.7884,5.5526,7.4017,6.5900,7.2576,6.3615
0,170,9,40,1.5,3.5204,4.2434,4.3350,0.0000,5.2079,4.0328,4.2238,4.4049,3.9160
0,171,9,80,0.75,7.7926,8.5689,9.5392,6.9291,4.8972,8.1011,6.8163,6.9048,6.4223
0,172,9,80,1,7.9224,10.2892,10.2596,8.1397,6.6673,10.0564,9.5599,8.2342,8.5852
0,173,9,80,1.5,10.1590,11.7724,10.9391,9.3910,6.9457,11.1632,9.9546,8.4947,9.0389
0,174,9,160,0.75,15.6947,20.1598,18.3659,15.0680,10.6264,19.0018,15.8287,15.2255,12.5124
0,175,9,160,1,16.4621,20.4003,20.1787,15.5247,11.6047,19.1763,17.6799,15.1573,15.3259
0,176,9,160,1.5,19.7116,22.7217,23.4089,18.7775,14.4945,22.0054,19.6421,18.6219,17.4337
0,177,9,320,0.75,31.3770,37.2897,38.0225,29.8383,19.7951,36.0010,28.3120,30.0719,25.5142
0,178,9,320,1,34.6112,41.8372,39.0693,32.9977,24.3772,39.7132,37.1016,31.8219,29.4959
0,179,9,320,1.5,40.0690,43.6514,44.7454,36.8829,28.2187,42.2754,37.4709,35.2709,33.1892
0,180,10,10,0.75,-0.5173,-0.3576,-0.2729,0.0000,0.0000,4.0629,4.4333,0.0000,0.0000
0,181,10,10,1,0.8815,0.9040,0.2877,4.4365,4.1211,5.4964,5.1811,4.3639,4.3547
0,182,10,10,1.5,-0.6438,-0.1601,-1.1286,4.5764,0.0000,0.0000,4.2980,0.0000,4.7493
0,183,10,20,0.75,0.6441,-0.0761,0.7042,0.0000,0.0000,0.0000,3.3723,4.2129,4.4088
0,184,10,20,1,0.1003,-0.9204,0.8394,0.0000,0.0000,4.6470,4.1759,0.0000,0.0000
0,185,10,20,1.5,-0.3256,-0.6766,0.3478,0.0000,0.0000,0.0000,0.0000,0.0000,0.0000
0,186,10,40,0.75,1.4487,1.7359,2.0934,0.0000,0.0000,3.9375,4.0499,4.0987,0.0000
0,187,10,40,1,2.9423,0.8134,2.6590,0.0000,3.8645,0.0000,0.0000,4.4394,4.4340
0,188,10,40,1.5,1.3893,0.5542,2.3932,4.9870,0.0000,0.0000,0.0000,0.0000,3.8419
0,189,10,80,0.75,5.5732,4.4182,5.8505,5.9421,5.0289,5.3441,4.9175,6.3288,5.7506
0,190,10,80,1,3.3265,3.4010,3.5772,0.0000,0.0000,0.0000,0.0000,0.0000,3.1976
0,191,10,80,1.5,3.1192,2.1359,2.6423,0.0000,0.0000,0.0000,0.0000,0.0000,0.0000
0,192,10,160,0.75,8.7482,7.9620,8.3017,8.5262,7.8036,7.5537,6.5159,8.0122,6.6513
0,193,10,160,1,8.8017,7.0732,9.0363,8.3296,8.0696,7.0546,6.8339,8.7544,8.3488
0,194,10,160,1.5,8.5009,6.0105,8.0539,8.3139,7.3904,6.2289,5.4433,8.0946,7.1266
0,195,10,320,0.75,14.0167,9.4463,14.6016,12.6185,11.2809,8.9288,7.8241,13.3617,12.0588
0,196,10,320,1,16.7570,11.5498,16.4868,14.4570,14.4429,11.1144,10.8401,14.9154,14.5743
0,197,10,320,1.5,18.4586,13.1778,18.9863,16.1015,15.4401,12.1880,11.1792,17.3822,16.4887
0,198,11,10,0.75,1.7222,1.4306,1.3873,0.0000,0.0000,0.0000,0.0000,0.0000,0.0000
0,199,11,10,1,0.0452,0.9214,1.7909,0.0000,0.0000,4.4770,4.4272,0.0000,0.0000
0,200,11,10,1.5,1.6421,1.2350,0.5666,4.3312,0.0000,0.0000,0.0000,0.0000,0.0000
0,201,11,20,0.75,0.2978,-1.1050,-0.3642,0.0000,0.0000,0.0000,0.0000,4.0605,3.9597
0,202,11,20,1,0.4104,1.5807,1.2694,0.0000,0.0000,0.0000,0.0000,0.0000,0.0000
0,203,11,20,1.5,1.3502,1.6647,1.2903,0.0000,0.0000,3.7270,3.5513,0.0000,0.0000
0,204,11,40,0.75,3.8374,5.8824,5.2139,4.3644,4.6032,5.1198,4.3330,4.6852,4.1884
0,205,11,40,1,2.3732,3.5542,4.4891,4.7601,4.3165,0.0000,0.0000,4.9118,0.0000
0,206,11,40,1.5,3.9266,4.1658,4.2924,4.1719,4.1404,4.1662,4.1297,5.5275,5.1613
0,207,11,80,0.75,6.6770,6.4087,6.8065,6.3162,5.6359,5.8273,5.2912,5.6439,4.7040
0,208,11,80,1,6.6245,8.2214,10.0290,7.0081,6.9441,7.5855,7.0595,8.6190,7.4473
0,209,11,80,1.5,5.5523,6.7016,8.1859,5.3071,5.3651,6.6780,6.3640,6.9224,6.0785
0,210,11,160,0.75,13.0430,15.0344,16.6703,12.0846,10.7237,13.9828,13.1568,14.1201,12.0350
0,211,11,160,1,12.9643,14.6825,16.7959,11.9011,10.5437,12.7839,12.9292,13.7298,12.4841
0,212,11,160,1.5,15.5656,16.4015,18.4608,13.9667,12.9733,14.4843,14.7500,14.8458,14.3610
0,213,11,320,0.75,23.2253,26.3332,29.0150,21.0268,16.6813,23.8326,20.6665,22.5359,20.1475
0,214,11,320,1,26.4772,29.8307,33.5502,23.6258,22.0151,25.8439,26.2518,26.4878,25.0020
0,215,11,320,1.5,29.2807,31.6073,34.5061,26.7374,24.0240,27.5343,27.3348,27.4936,24.8625
0,216,12,10,0.75,-0.7506,-0.1654,-0.3609,0.0000,0.0000,0.0000,3.6047,0.0000,0.0000
0,217,12,10,1,0.0564,-0.0400,0.8575,0.0000,0.0000,3.1795,0.0000,3.9348,0.0000
0,218,12,10,1.5,-0.9164,-0.5451,-0.4664,0.0000,0.0000,0.0000,4.1696,3.9518,0.0000
0,219,12,20,0.75,-1.1425,-0.5003,-0.8195,0.0000,4.8826,3.4951,0.0000,0.0000,4.1829
0,220,12,20,1,-1.4591,-1.0168,-0.2686,0.0000,0.0000,0.0000,0.0000,4.4786,4.2218
0,221,12,20,1.5,0.7806,1.9641,1.7669,4.1463,4.7686,0.0000,0.0000,4.2421,0.0000
0,222,12,40,0.75,1.0193,2.8778,2.5485,0.0000,0.0000,0.0000,0.0000,4.4392,4.6159
0,223,12,40,1,0.9827,0.9106,1.6221,4.4535,0.0000,4.6985,0.0000,0.0000,0.0000
0,224,12,40,1.5,2.3819,3.8213,3.5132,0.0000,0.0000,4.5249,4.6024,0.0000,0.0000
0,225,12,80,0.75,5.2049,6.8902,6.4947,5.4479,4.6443,6.6180,6.4383,5.9542,5.9711
0,226,12,80,1,3.2672,4.1350,4.9221,4.5902,4.7970,5.1038,4.7094,4.8779,5.1860
0,227,12,80,1.5,6.7539,7.8088,6.9563,6.3247,5.7304,7.2251,6.8401,6.0145,5.8350
0,228,12,160,0.75,8.3420,9.6949,9.3224,7.9267,6.4193,9.1954,7.0420,7.4782,5.2450
0,229,12,160,1,9.5697,11.5236,11.6772,8.9999,7.6698,11.1530,9.9584,10.3885,8.2627
0,230,12,160,1.5,12.3125,14.6678,13.9555,11.6956,9.1712,13.7108,11.9270,12.8503,10.5447
0,231,12,320,0.75,18.8010,21.7402,21.0052,17.5571,13.8195,20.3805,16.7382,18.2669,13.9299
0,232,12,320,1,19.1691,22.1705,22.1335,17.7838,15.0908,20.5569,18.5426,18.8147,14.7920
0,233,12,320,1.5,21.3556,24.3517,23.6053,20.0467,17.1411,22.7889,20.8397,20.9452,16.3385
0,234,13,10,0.75,1.8624,2.4527,2.1586,0.0000,0.0000,0.0000,3.7672,0.0000,0.0000
0,235,13,10,1,-0.1698,-0.5634,0.0951,0.0000,0.0000,0.0000,0.0000,4.3640,3.7946
0,236,13,10,1.5,2.6554,2.3183,2.5617,4.7314,4.8821,0.0000,4.0935,0.0000,0.0000
0,237,13,20,0.75,2.5082,1.6656,3.0789,4.5821,0.0000,4.4446,0.0000,0.0000,0.0000
0,238,13,20,1,1.2925,0.6783,3.1876,3.7893,3.8254,3.8102,0.0000,4.4893,3.9566
0,239,13,20,1.5,3.4980,2.1813,2.8779,3.9323,0.0000,4.5718,4.4301,4.5458,0.0000
0,240,13,40,0.75,3.6875,2.2350,6.3465,4.7729,0.0000,4.7779,4.0188,6.4649,5.6751
0,241,13,40,1,3.5291,2.9735,4.8291,3.8885,3.8765,0.0000,0.0000,0.0000,4.5426
0,242,13,40,1.5,6.4667,2.9688,7.5296,5.9914,5.6339,0.0000,0.0000,6.7439,5.1717
0,243,13,80,0.75,9.5794,7.7546,9.9925,9.0895,6.3699,6.5748,5.3046,8.5373,6.4489
0,244,13,80,1,11.7864,8.2203,12.4542,11.2637,10.2287,7.3858,7.0197,10.8031,9.7084
0,245,13,80,1.5,11.5482,8.3183,13.1232,10.8270,10.2677,8.0483,7.5970,12.0284,10.4700
0,246,13,160,0.75,21.9443,16.6715,24.3467,21.4523,18.0088,15.1256,11.6797,22.6931,17.7738
0,247,13,160,1,23.6966,17.6443,27.7299,22.4721,18.9354,15.5240,13.9138,26.4004,22.3895
0,248,13,160,1.5,24.9673,18.3438,28.1662,23.7754,19.4453,16.3147,13.3624,25.6405,20.3410
0,249,13,320,0.75,38.1844,27.6462,45.8384,36.0098,26.3001,25.0894,17.9948,42.4172,32.0600
0,250,13,320,1,43.7362,31.9855,51.7105,41.1692,35.2470,28.0075,24.2319,46.9350,40.1208
0,251,13,320,1.5,45.3799,31.6990,53.0941,42.7818,35.9711,28.2155,23.7434,49.3928,40.5863
0,252,14,10,0.75,3.3361,2.2768,3.6928,0.0000,4.1915,4.3798,0.0000,0.0000,3.8465
0,253,14,10,1,1.2502,4.2242,4.1135,0.0000,0.0000,0.0000,0.0000,4.2227,0.0000
0,254,14,10,1.5,2.4540,3.0291,3.2183,4.0169,0.0000,4.3357,4.1282,0.0000,0.0000
0,255,14,20,0.75,3.0982,4.9308,5.3222,4.6028,0.0000,4.4747,4.9029,5.3518,5.0320
0,256,14,20,1,3.4562,6.3715,7.9036,0.0000,0.0000,5.1708,4.4568,5.6287,6.6392
0,257,14,20,1.5,2.9099,3.7427,5.1868,0.0000,3.6504,0.0000,0.0000,0.0000,3.9020
0,258,14,40,0.75,6.8547,10.7351,12.2344,4.9627,0.0000,7.9750,6.3332,8.0865,7.5448
0,259,14,40,1,6.3661,10.4957,12.5020,5.5968,5.5601,7.7637,6.2137,9.6149,9.3625
0,260,14,40,1.5,6.8319,11.0168,14.6107,4.4791,4.6100,7.7599,6.6345,10.2059,11.2485
0,261,14,80,0.75,9.8951,16.5651,23.6862,7.5017,6.5062,12.9385,9.2253,15.6820,15.2317
0,262,14,80,1,10.6175,17.2217,24.5713,7.8867,6.6493,13.2939,11.1823,16.2171,16.7636
0,263,14,80,1.5,12.5818,19.5808,26.9490,8.7100,7.3442,14.6199,12.2130,18.1111,18.0832
0,264,14,160,0.75,22.0648,33.1318,45.2304,17.1518,13.0692,26.8759,20.3898,29.8605,27.1752
0,265,14,160,1,25.7639,39.5126,51.0275,20.3998,17.2077,31.9956,26.9587,33.4560,35.3598
0,266,14,160,1.5,27.5941,40.0113,54.7176,20.4174,17.0872,31.5105,25.9611,36.2562,37.3068
0,267,14,320,0.75,44.1855,70.6119,93.2783,35.5569,27.0359,57.0254,42.5841,62.2379,57.4271
0,268,14,320,1,49.8467,76.1827,101.5301,37.0859,30.3207,59.7314,49.2226,66.6404,67.7710
0,269,14,320,1.5,51.7589,79.4178,109.9154,38.0809,31.2802,62.2392,50.7775,73.8644,75.6384
0,270,15,10,0.75,1.2977,1.6555,1.0988,0.0000,4.2115,4.0366,3.5427,0.0000,3.8993
0,271,15,10,1,0.6006,0.5855,0.7801,0.0000,0.0000,3.8816,0.0000,0.0000,0.0000
0,272,15,10,1.5,0.4571,1.5659,0.9980,0.0000,0.0000,4.4021,4.3118,0.0000,0.0000
0,273,15,20,0.75,2.9843,3.0352,1.8695,4.4859,4.2957,4.4344,0.0000,0.0000,0.0000
0,274,15,20,1,2.3984,1.9641,1.9538,0.0000,0.0000,0.0000,0.0000,0.0000,0.0000
0,275,15,20,1.5,1.4572,1.6228,1.9157,0.0000,0.0000,4.5267,0.0000,0.0000,4.4605
0,276,15,40,0.75,3.6060,3.5434,4.4455,4.2897,4.2084,0.0000,0.0000,0.0000,0.0000
0,277,15,40,1,2.1913,1.7787,1.6325,4.3182,4.1879,4.4922,4.7081,0.0000,0.0000
0,278,15,40,1.5,3.4944,3.4650,4.1143,0.0000,0.0000,5.0869,4.9065,0.0000,4.7835
0,279,15,80,0.75,3.2786,4.0278,4.4336,0.0000,0.0000,0.0000,0.0000,0.0000,0.0000
0,280,15,80,1,7.0543,5.9105,6.8170,5.3449,5.9629,4.7414,4.7577,5.0548,5.1777
0,281,15,80,1.5,4.4317,3.8857,4.7932,4.4004,0.0000,4.6816,4.4786,4.4909,4.7500
0,282,15,160,0.75,11.8241,12.0837,13.0014,10.1440,8.7448,10.1627,8.1319,10.8693,8.8872
0,283,15,160,1,10.4701,10.1993,12.5756,8.4995,8.8333,8.3179,8.5299,7.8771,8.6430
0,284,15,160,1.5,12.5786,12.0467,13.9119,9.4166,9.2588,9.5512,9.4021,9.3965,9.5716
0,285,15,320,0.75,17.8316,17.5722,21.9675,13.5806,11.5543,13.7532,10.6609,14.2003,12.5667
0,286,15,320,1,19.4246,20.4601,22.7896,15.8699,15.6634,17.5604,15.8110,16.6923,16.2132
0,287,15,320,1.5,24.1691,23.1171,27.3760,17.2606,18.4459,18.1237,16.6829,18.1529,19.8941
0,288,16,10,0.75,2.0607,2.6247,3.2835,4.2493,3.5788,0.0000,0.0000,0.0000,4.1696
0,289,16,10,1,1.3184,2.5394,2.2227,4.1298,3.5218,0.0000,4.0517,0.0000,0.0000
0,290,16,10,1.5,0.6664,0.9526,0.9822,0.0000,4.1411,0.0000,0.0000,3.6611,0.0000
0,291,16,20,0.75,3.3072,3.0225,3.7257,0.0000,0.0000,0.0000,0.0000,3.6168,0.0000
0,292,16,20,1,4.1505,3.8925,5.5063,0.0000,0.0000,4.8259,4.5279,4.2765,4.7914
0,293,16,20,1.5,3.6392,3.3587,4.8351,0.0000,0.0000,0.0000,0.0000,0.0000,5.3685
0,294,16,40,0.75,4.2249,5.2495,5.9726,4.9778,0.0000,5.1226,4.4373,0.0000,0.0000
0,295,16,40,1,9.5088,9.0957,11.2483,7.7963,7.8193,8.5664,8.0411,8.1509,7.9919
0,296,16,40,1.5,7.2822,6.7240,7.9800,5.4551,5.9877,5.7117,6.1987,5.5269,6.6916
0,297,16,80,0.75,12.0787,12.0968,15.3867,9.4006,8.3807,10.1964,8.9147,10.5480,9.0115
0,298,16,80,1,13.3378,14.4150,16.8430,11.0164,11.7289,12.4844,11.6674,11.6973,12.6066
0,299,16,80,1.5,15.1259,15.1267,19.0096,11.5412,12.4140,12.6178,13.0908,11.5137,14.0456
0,300,16,160,0.75,25.2279,26.4177,31.1091,19.8803,18.6821,21.7885,19.9697,20.6134,20.3662
0,301,16,160,1,27.7014,28.7100,33.9538,23.0799,23.5912,24.4269,25.3464,24.4212,26.5438
0,302,16,160,1.5,30.0334,30.6961,35.8810,22.3481,24.5639,25.3704,25.6444,22.9093,26.2606
0,303,16,320,0.75,48.4708,52.9541,61.6151,37.9574,36.7416,43.5664,39.3045,39.2818,41.7222
0,304,16,320,1,53.6191,56.6588,67.9019,41.1883,44.6686,46.2742,48.5656,43.5584,50.4917
0,305,16,320,1.5,58.7363,60.6281,72.7627,44.0854,47.6171,50.2830,50.9731,45.9960,53.5357
0,306,17,10,0.75,1.0928,0.3850,2.0502,5.1450,5.1442,4.1728,0.0000,4.3280,0.0000
0,307,17,10,1,0.9498,1.9442,2.3690,5.2068,4.6961,0.0000,0.0000,0.0000,0.0000
0,308,17,10,1.5,1.0097,1.4018,1.7509,0.0000,0.0000,4.2940,3.9246,0.0000,3.4931
0,309,17,20,0.75,0.8100,0.5777,1.5646,4.1887,0.0000,0.0000,0.0000,0.0000,0.0000
0,310,17,20,1,2.8234,3.0135,2.6903,0.0000,0.0000,4.1833,0.0000,0.0000,0.0000
0,311,17,20,1.5,3.7022,3.3046,2.7443,0.0000,0.0000,0.0000,0.0000,0.0000,0.0000
0,312,17,40,0.75,3.5124,3.4258,3.5849,0.0000,4.3067,4.2390,0.0000,4.3149,4.0505
0,313,17,40,1,4.2042,4.7975,4.7748,4.4804,3.7734,4.8377,4.8834,4.7017,4.3551
0,314,17,40,1.5,4.1793,4.3437,3.8686,0.0000,0.0000,0.0000,0.0000,0.0000,0.0000
0,315,17,80,0.75,6.9457,6.4809,7.5540,5.6528,5.4096,6.1744,5.4491,5.4311,0.0000
0,316,17,80,1,5.0787,6.0398,6.5110,0.0000,4.3946,6.0627,5.6715,4.9101,5.0564
0,317,17,80,1.5,9.6817,9.4512,11.1010,7.0252,6.6855,7.2937,7.4565,7.0946,7.6174
0,318,17,160,0.75,14.3284,15.0973,16.2734,10.5795,9.4583,13.5162,11.9992,10.9723,10.3209
0,319,17,160,1,14.9050,16.0998,16.9440,11.2043,9.8781,13.6299,13.4667,11.0449,10.7894
0,320,17,160,1.5,15.9949,16.8205,17.1412,11.9233,11.1182,14.0470,14.4748,11.5196,10.9438
0,321,17,320,0.75,27.9996,28.7774,30.7369,21.0966,16.7326,24.2581,21.0090,20.2792,17.5747
0,322,17,320,1,32.0679,32.4483,35.1746,24.9584,21.9443,26.9760,26.7630,23.6470,21.9695
0,323,17,320,1.5,33.9474,35.3093,37.1225,25.7307,23.2022,29.6362,28.2660,24.9486,22.9197
0,324,18,10,0.75,2.4852,3.1022,4.2288,4.4472,0.0000,4.7761,0.0000,0.0000,0.0000
0,325,18,10,1,1.8873,1.6518,3.7814,0.0000,0.0000,0.0000,0.0000,4.7456,4.9983
0,326,18,10,1.5,2.3004,2.1117,4.0730,0.0000,0.0000,4.3719,0.0000,0.0000,4.2104
0,327,18,20,0.75,2.8180,2.5711,5.9874,0.0000,0.0000,0.0000,0.0000,5.7610,4.6196
0,328,18,20,1,3.7244,3.6880,6.0518,0.0000,0.0000,0.0000,0.0000,5.6756,5.2911
0,329,18,20,1.5,2.0020,2.0529,4.2531,0.0000,0.0000,0.0000,0.0000,0.0000,0.0000
0,330,18,40,0.75,6.1170,6.5997,11.0120,5.3955,0.0000,5.9519,0.0000,9.0722,8.9393
0,331,18,40,1,7.0967,8.4298,12.5840,6.1764,6.1361,7.1583,5.8422,10.9565,10.0886
0,332,18,40,1.5,9.8665,7.6333,14.9937,8.0252,8.1704,5.1146,5.6455,12.0132,12.2423
0,333,18,80,0.75,15.1539,13.3771,22.5159,13.5548,12.3331,11.2292,9.0074,19.4342,16.8713
0,334,18,80,1,13.8679,13.0035,23.9181,11.6525,10.4773,8.9633,9.0270,19.5322,19.2002
0,335,18,80,1.5,16.8571,15.5015,25.9291,15.5328,14.5012,12.7588,9.9994,22.1564,21.0179
0,336,18,160,0.75,26.2048,23.7106,41.0790,23.3320,20.3272,17.7943,14.3402,34.2680,30.6514
0,337,18,160,1,28.2242,26.0556,45.5369,24.7361,24.2094,19.7790,15.5787,38.3567,38.3453
0,338,18,160,1.5,33.6273,29.8577,52.8137,29.6196,28.3584,22.7984,17.8618,44.2672,44.8586
0,339,18,320,0.75,53.4343,51.9402,86.6684,46.6162,40.0446,39.1034,29.5995,73.4536,63.4170
0,340,18,320,1,59.4381,55.3888,97.3105,50.9747,49.0329,41.3303,34.7781,80.8122,78.7950
0,341,18,320,1.5,67.5493,62.1974,105.7981,58.8204,55.3646,46.0615,38.9364,88.0102,85.8789
0,342,19,10,0.75,-1.3712,-0.6364,0.4599,3.9515,0.0000,0.0000,0.0000,5.1384,0.0000
0,343,19,10,1,2.4230,3.0437,1.8928,0.0000,0.0000,0.0000,0.0000,4.2251,0.0000
0,344,19,10,1.5,1.7642,1.1551,-0.0149,0.0000,0.0000,0.0000,3.4429,4.0899,0.0000
0,345,19,20,0.75,1.9860,2.2949,2.2222,0.0000,0.0000,4.2223,0.0000,0.0000,0.0000
0,346,19,20,1,1.2560,0.2191,2.7811,0.0000,0.0000,0.0000,0.0000,0.0000,0.0000
0,347,19,20,1.5,1.5037,1.8387,3.8423,4.3289,4.4026,4.1828,0.0000,0.0000,4.6501
0,348,19,40,0.75,3.3408,4.0454,6.5564,0.0000,0.0000,0.0000,0.0000,0.0000,0.0000
0,349,19,40,1,3.5332,5.2345,6.6052,4.8956,4.4840,4.4845,0.0000,5.1826,4.8046
0,350,19,40,1.5,2.4451,4.3246,6.5076,0.0000,4.3394,0.0000,4.8412,6.1756,4.7762
0,351,19,80,0.75,6.7624,7.7456,11.9081,5.9772,5.7800,6.3820,6.0258,8.4171,7.2012
0,352,19,80,1,5.9783,8.4838,12.5010,5.6247,5.5381,8.2727,8.0096,10.9347,9.9403
0,353,19,80,1.5,8.5317,11.2508,16.6579,7.6801,7.5908,10.4425,9.5765,13.3538,12.7223
0,354,19,160,0.75,11.8837,16.4409,23.8472,9.6068,9.6970,14.8630,12.4947,19.0092,15.6768
0,355,19,160,1,11.5505,18.1676,25.0338,9.3273,8.7340,16.0590,14.9303,19.2978,17.5979
0,356,19,160,1.5,13.8429,19.2399,26.4394,9.3333,9.8629,16.0308,14.6668,19.4253,17.1926
0,357,19,320,0.75,25.2679,34.4394,47.3540,18.4353,16.1225,29.1088,24.3283,35.3443,28.6988
0,358,19,320,1,25.6527,35.9091,51.7430,18.5803,18.2726,31.1020,29.2592,39.0651,36.2820
0,359,19,320,1.5,29.7352,38.1582,55.7788,22.5476,21.3114,34.3929,31.9739,42.2667,37.9319
0,360,20,10,0.75,0.5391,1.1355,1.4391,4.9168,4.6599,3.8133,0.0000,0.0000,4.5311
0,361,20,10,1,1.3911,2.0540,2.8415,4.0873,0.0000,4.8107,0.0000,0.0000,0.0000
0,362,20,10,1.5,2.7177,3.0822,3.4197,0.0000,0.0000,0.0000,0.0000,0.0000,0.0000
0,363,20,20,0.75,1.1039,1.8253,1.7066,0.0000,3.8249,4.2542,3.9398,4.0878,4.1704
0,364,20,20,1,2.5682,2.3102,3.1970,0.0000,0.0000,0.0000,4.0066,0.0000,4.6155
0,365,20,20,1.5,2.5292,1.8864,2.4771,0.0000,0.0000,4.2229,4.4457,4.1157,0.0000
0,366,20,40,0.75,5.9243,6.1459,6.2407,5.8331,5.8735,6.0513,5.9573,6.0223,5.2605
0,367,20,40,1,3.8469,4.5030,5.1531,4.0279,3.9387,4.4478,4.5144,5.0420,4.9314
0,368,20,40,1.5,4.0287,6.2098,4.5151,0.0000,0.0000,6.0618,6.2192,4.7436,4.5397
0,369,20,80,0.75,11.1009,10.7119,11.1189,10.9932,9.6880,10.4318,9.0998,10.5892,8.3818
0,370,20,80,1,8.9950,8.8173,10.1079,9.0062,7.8980,8.5881,7.8032,9.9815,8.3434
0,371,20,80,1.5,10.5983,10.4596,11.2703,10.2300,9.7878,10.4734,10.2876,10.6333,9.0512
0,372,20,160,0.75,17.5653,19.5156,21.4300,16.6964,13.8084,19.2916,16.0189,20.0654,15.5344
0,373,20,160,1,20.1554,20.4786,22.0389,19.9780,18.1208,20.5112,19.0156,21.5214,17.2335
0,374,20,160,1.5,23.0559,21.8290,23.8614,22.4869,20.8976,21.9693,20.7831,23.0366,19.1625
0,375,20,320,0.75,37.4441,38.8938,40.6579,36.7578,31.9614,38.4892,32.7360,38.4013,30.6528
0,376,20,320,1,42.6021,42.1955,45.1060,41.5934,39.2722,41.9582,40.2528,43.3867,38.0054
0,377,20,320,1.5,45.4748,44.7492,48.6370,44.6707,41.1947,44.9610,42.2773,46.4557,39.5153
0,378,21,10,0.75,2.1827,3.0300,2.9727,5.1436,4.6696,0.0000,0.0000,4.2860,0.0000
0,379,21,10,1,1.8835,0.7262,0.5901,4.9826,4.6742,3.7936,4.2046,0.0000,0.0000
0,380,21,10,1.5,2.1774,2.3484,1.8855,0.0000,0.0000,0.0000,4.2817,0.0000,4.3404
0,381,21,20,0.75,2.4390,2.9054,4.4799,0.0000,0.0000,0.0000,0.0000,0.0000,3.9362
0,382,21,20,1,4.7118,3.7961,6.0183,4.7639,4.5142,4.1818,3.8884,4.7023,4.7530
0,383,21,20,1.5,3.7288,4.0262,4.8249,0.0000,4.3970,4.4203,4.2979,4.2633,4.5701
0,384,21,40,0.75,4.0214,4.8900,7.4888,4.7892,4.6572,4.9531,5.2070,6.0003,5.8674
0,385,21,40,1,5.5713,4.5067,8.6003,0.0000,4.8494,0.0000,4.0009,6.7577,6.8569
0,386,21,40,1.5,7.5071,5.7365,9.3017,6.4013,6.4694,4.7128,4.6916,7.6260,7.8021
0,387,21,80,0.75,11.4614,9.8481,17.4528,9.4237,9.4367,8.0450,8.3824,13.9221,13.4326
0,388,21,80,1,12.3930,11.3490,17.7262,10.1521,10.7293,8.7261,9.4497,14.3438,13.8280
0,389,21,80,1.5,11.9970,11.3896,17.9873,9.9813,10.1848,8.7482,9.8047,13.4888,14.8616
0,390,21,160,0.75,22.3195,19.0654,32.3896,19.3290,17.5809,15.4786,14.5816,27.7129,24.4678
0,391,21,160,1,24.8649,21.6231,35.8799,20.9724,20.5698,16.4639,17.7611,29.8980,29.3797
0,392,21,160,1.5,25.9358,21.7697,37.4558,22.2728,21.2565,16.1940,17.6188,30.1387,30.0916
0,393,21,320,0.75,44.1014,40.7653,65.3450,37.8072,32.3153,31.3037,30.2779,53.7722,47.4508
0,394,21,320,1,46.8780,42.3990,69.4915,39.3352,38.3164,30.8781,33.9479,55.3399,55.6457
0,395,21,320,1.5,52.8427,44.9104,76.4578,44.8048,42.6993,33.3163,36.0389,61.1576,61.0378
0,396,22,10,0.75,-1.1685,-0.3775,-0.6760,0.0000,0.0000,0.0000,3.9016,0.0000,0.0000
0,397,22,10,1,2.0969,0.8464,0.7767,0.0000,0.0000,4.5661,0.0000,0.0000,0.0000
0,398,22,10,1.5,0.1617,-0.0872,-0.2200,4.1515,0.0000,3.9846,0.0000,0.0000,4.7171
0,399,22,20,0.75,-0.6268,0.5121,-0.1288,0.0000,0.0000,0.0000,0.0000,3.7807,0.0000
0,400,22,20,1,1.5215,0.7512,0.5309,4.7516,4.3822,0.0000,0.0000,4.3595,0.0000
0,401,22,20,1.5,1.8354,1.2076,2.0940,0.0000,0.0000,0.0000,0.0000,0.0000,5.0135
0,402,22,40,0.75,2.0390,2.8716,2.0822,0.0000,0.0000,0.0000,0.0000,0.0000,4.3364
0,403,22,40,1,1.9262,2.9107,2.2677,0.0000,0.0000,0.0000,0.0000,0.0000,0.0000
0,404,22,40,1.5,4.0193,5.0571,4.8954,0.0000,0.0000,4.6936,0.0000,4.3176,4.2572
0,405,22,80,0.75,5.0837,6.3678,5.1067,5.0628,5.3715,5.9196,5.1994,4.3802,4.9212
0,406,22,80,1,5.5253,6.0960,5.3116,5.5379,6.0863,5.0596,5.3135,0.0000,0.0000
0,407,22,80,1.5,8.0290,8.4877,8.6048,6.4814,6.0653,7.8036,6.7803,6.4367,5.9479
0,408,22,160,0.75,10.8085,11.9389,11.8479,8.3118,6.6206,9.9360,7.5925,8.6853,7.1258
0,409,22,160,1,12.0871,14.2374,13.4418,8.8737,7.8268,12.1711,10.5547,8.8412,8.4857
0,410,22,160,1.5,14.7112,14.6868,14.7362,10.5138,11.5554,12.3669,11.3887,9.4654,9.7285
0,411,22,320,0.75,23.5632,26.9018,25.3453,17.6410,14.7777,23.2465,18.1353,17.0868,15.5244
0,412,22,320,1,27.1669,28.8541,28.6576,22.0054,20.4767,26.0853,23.9134,20.8391,21.9895
0,413,22,320,1.5,29.2864,32.1988,31.0214,22.0643,21.2352,27.1262,24.4829,21.0286,22.9873
0,414,23,10,0.75,2.9465,2.3779,3.4119,4.2633,0.0000,4.5121,4.4207,4.2836,4.1952
0,415,23,10,1,2.5600,2.5957,2.2310,0.0000,0.0000,0.0000,0.0000,0.0000,3.7776
0,416,23,10,1.5,1.0325,1.4948,2.1517,0.0000,0.0000,0.0000,0.0000,0.0000,0.0000
0,417,23,20,0.75,3.3578,4.3790,5.4460,4.7317,4.5766,4.4195,4.0479,5.1201,4.8569
0,418,23,20,1,3.4095,3.6118,4.7815,0.0000,0.0000,4.7550,4.7509,4.7689,5.0538
0,419,23,20,1.5,2.3562,3.0264,5.6299,4.4849,0.0000,0.0000,4.0926,5.1963,5.8498
0,420,23,40,0.75,5.8370,7.9905,9.1157,4.6526,4.6350,6.4732,6.5570,7.9641,7.2687
0,421,23,40,1,7.3302,8.9601,11.7187,6.6180,6.9540,7.9552,8.6669,10.9396,10.8953
0,422,23,40,1.5,7.0673,9.2326,11.9804,6.5048,6.5480,7.7355,8.2077,9.9467,11.1386
0,423,23,80,0.75,12.6896,16.7976,20.1674,11.3473,9.9774,15.0137,13.4127,18.4719,15.7041
0,424,23,80,1,14.0429,18.1871,22.6568,12.1989,12.2597,15.7430,16.0201,20.4036,20.1647
0,425,23,80,1.5,13.9535,17.9219,22.1978,12.4818,11.7893,16.0267,15.3506,20.1619,19.3090
0,426,23,160,0.75,24.4496,32.6871,38.8127,20.6901,19.1292,27.5441,25.1144,34.0835,30.6168
0,427,23,160,1,27.7685,35.8327,44.0532,23.5379,22.1681,31.1971,30.9092,39.3429,38.9011
0,428,23,160,1.5,29.4572,37.5962,47.6820,24.0772,23.6782,32.1609,32.5252,41.4411,42.4201
0,429,23,320,0.75,47.9079,64.5831,81.5861,40.6266,36.0119,55.9116,49.2288,72.6471,64.5653
0,430,23,320,1,56.3537,73.2384,90.0591,47.0324,48.1827,63.5350,63.1745,80.4669,79.8296
0,431,23,320,1.5,57.6935,73.4017,94.5355,49.0851,47.4208,63.4846,62.9843,83.6175,83.3836
0,432,24,10,0.75,1.7546,1.3124,2.9371,4.5093,4.8367,4.3793,4.8283,5.1658,4.8377
0,433,24,10,1,1.9757,2.5969,2.6919,4.2437,0.0000,0.0000,0.0000,4.1797,4.3269
0,434,24,10,1.5,1.3801,1.9114,2.3204,4.6145,4.2132,0.0000,0.0000,0.0000,0.0000
0,435,24,20,0.75,5.1411,4.6630,7.4840,4.6535,5.0683,4.6329,4.1988,5.5364,4.5784
0,436,24,20,1,3.9955,3.0791,5.3822,0.0000,0.0000,0.0000,0.0000,5.0239,0.0000
0,437,24,20,1.5,6.5055,6.0613,8.1043,5.4744,4.9592,5.7000,4.8483,5.7317,5.0219
0,438,24,40,0.75,9.1884,9.1888,12.1141,6.8834,5.3217,8.0681,5.9565,9.8547,5.2408
0,439,24,40,1,8.5247,9.3622,13.3601,6.5783,5.8236,8.9239,7.8586,9.7222,6.8232
0,440,24,40,1.5,10.8428,9.9078,15.0209,9.0522,7.1884,9.4845,7.3080,11.9687,7.3063
0,441,24,80,0.75,18.1835,16.2260,25.2034,14.2266,11.1670,15.3188,11.1834,19.6370,11.4962
0,442,24,80,1,18.2848,17.6828,26.5488,13.9157,12.2234,17.1231,14.4497,18.8458,11.6358
0,443,24,80,1.5,21.2410,19.7966,30.2897,16.2021,13.0209,18.1314,14.7313,22.5763,14.4665
0,444,24,160,0.75,36.5273,36.3803,51.6531,28.2723,21.7692,34.3613,24.8548,36.6666,21.3255
0,445,24,160,1,39.8853,37.6616,55.4537,28.4965,24.9210,35.0100,28.4536,40.0226,25.3792
0,446,24,160,1.5,42.9097,39.7690,59.4908,32.2781,27.2698,37.6049,30.2131,43.4480,27.2414
0,447,24,320,0.75,69.5911,68.9410,100.2738,52.5949,39.7671,64.3562,46.2507,74.1570,40.6634
0,448,24,320,1,80.1999,75.7389,112.1728,58.6345,49.6234,71.0307,58.2338,82.1622,52.5489
0,449,24,320,1.5,84.7253,77.7491,116.9044,62.4167,53.4837,72.7976,59.3180,86.2226,53.5238
0,450,25,10,0.75,0.4201,0.0366,0.2269,4.4128,4.2897,4.9815,0.0000,4.5550,4.2255
0,451,25,10,1,1.8726,2.3732,1.4642,0.0000,0.0000,0.0000,0.0000,0.0000,0.0000
0,452,25,10,1.5,0.6905,0.9978,1.1872,4.6538,4.3443,5.0859,4.5841,0.0000,0.0000
0,453,25,20,0.75,0.7579,1.9846,2.7794,0.0000,0.0000,0.0000,0.0000,0.0000,0.0000
0,454,25,20,1,3.7914,3.6903,4.1175,0.0000,0.0000,4.4549,0.0000,4.4379,4.3973
0,455,25,20,1.5,3.4972,3.9177,4.8726,0.0000,0.0000,0.0000,0.0000,0.0000,0.0000
0,456,25,40,0.75,4.8733,6.5242,8.0346,4.7645,0.0000,5.5408,4.5129,7.0814,5.6746
0,457,25,40,1,4.5008,4.1045,5.8012,4.3999,4.4341,4.4210,4.1154,5.7419,5.6705
0,458,25,40,1.5,4.1106,4.9728,5.6313,0.0000,3.6543,4.6736,0.0000,5.8520,4.8219
0,459,25,80,0.75,8.5162,11.2041,11.8357,6.5182,5.6038,8.5277,7.4754,9.9314,8.7778
0,460,25,80,1,9.7655,12.6758,14.0006,9.0062,8.5423,10.9905,9.1398,10.7525,11.4844
0,461,25,80,1.5,12.7501,14.1912,14.9091,10.7569,10.1024,12.1489,11.6570,10.8825,12.0278
0,462,25,160,0.75,18.0626,22.5784,25.0287,15.4539,13.0734,19.3957,14.5457,20.2300,18.4603
0,463,25,160,1,21.8972,25.8127,27.3453,18.0020,17.3429,21.4974,19.2463,20.5883,21.5186
0,464,25,160,1.5,20.4225,25.8492,28.1644,19.0385,17.8751,22.7111,19.4022,22.1928,22.9080
0,465,25,320,0.75,33.6909,43.3751,47.2623,29.1693,25.1739,36.2997,27.4562,36.3468,33.5670
0,466,25,320,1,40.4214,49.2453,54.2177,35.0336,33.4623,40.7959,36.5468,42.0476,44.0315
0,467,25,320,1.5,43.0799,51.8770,56.2536,38.1059,36.0178,43.7761,37.5005,45.0909,45.5001
0,468,26,10,0.75,3.1974,3.3508,2.1650,0.0000,0.0000,0.0000,0.0000,0.0000,0.0000
0,469,26,10,1,0.7350,1.0921,0.6345,0.0000,4.0878,0.0000,0.0000,0.0000,4.2241
0,470,26,10,1.5,-0.0866,0.5917,0.6162,0.0000,0.0000,0.0000,0.0000,0.0000,4.5087
0,471,26,20,0.75,2.4847,2.1099,2.8921,3.7092,4.0629,4.1425,4.2201,0.0000,0.0000
0,472,26,20,1,2.0885,3.4062,3.9355,0.0000,0.0000,0.0000,0.0000,4.5702,4.2276
0,473,26,20,1.5,2.9401,2.3472,3.2604,0.0000,4.1779,0.0000,0.0000,4.2987,4.5828
0,474,26,40,0.75,5.0371,5.4459,5.5235,4.5745,4.6456,4.8979,4.7273,0.0000,0.0000
0,475,26,40,1,4.7036,5.9051,5.6846,0.0000,0.0000,5.4013,5.9198,0.0000,4.5636
0,476,26,40,1.5,5.1974,5.3899,6.2994,0.0000,0.0000,4.8511,4.7325,5.2948,5.2698
0,477,26,80,0.75,7.9366,8.0365,8.9066,7.5424,6.9278,7.7706,6.9857,7.5011,7.0500
0,478,26,80,1,6.9091,7.7319,7.3525,6.2792,6.3378,7.3689,7.2996,6.5543,6.6076
0,479,26,80,1.5,7.5800,9.0241,9.4986,6.2988,6.5688,7.7656,7.8842,7.3190,8.2118
0,480,26,160,0.75,14.0089,16.4200,17.4928,11.8010,11.2719,14.4455,12.8571,14.6958,13.5341
0,481,26,160,1,15.2963,17.6518,17.6302,13.0455,13.1468,16.2163,15.3084,13.4250,13.5242
0,482,26,160,1.5,16.3903,18.5665,19.7598,14.7339,14.9730,16.9592,16.8285,16.6713,17.1261
0,483,26,320,0.75,29.4394,33.4266,34.9944,25.2236,22.7435,30.1342,25.6543,28.1326,25.6383
0,484,26,320,1,30.0710,34.0135,36.5386,25.6814,26.8963,30.6971,30.3848,28.9696,29.9664
0,485,26,320,1.5,35.4482,38.6417,41.3685,30.7111,31.1804,35.2764,34.8387,33.4466,34.3501
0,486,27,10,0.75,1.4813,1.5819,3.0694,0.0000,0.0000,0.0000,0.0000,3.9275,0.0000
0,487,27,10,1,1.9595,4.8959,5.5102,4.0376,0.0000,0.0000,4.2127,4.5845,4.1494
0,488,27,10,1.5,2.4495,4.4948,4.5661,4.0445,0.0000,0.0000,3.7631,0.0000,0.0000
0,489,27,20,0.75,1.8130,4.6913,6.7996,0.0000,3.6718,4.8138,5.4116,4.7880,5.3877
0,490,27,20,1,4.8158,7.5153,8.5477,0.0000,4.4614,5.1247,4.9471,5.4295,4.7274
0,491,27,20,1.5,4.8515,7.4095,8.1931,4.6950,3.8673,5.2173,0.0000,5.3788,4.2575
0,492,27,40,0.75,7.6137,12.3263,15.0022,6.2151,5.1615,8.4035,7.5722,8.1783,7.8229
0,493,27,40,1,8.9373,12.4068,15.8555,7.7285,7.4859,8.5748,8.2695,8.8121,8.0338
0,494,27,40,1.5,10.1015,13.9323,17.1469,8.8626,7.9676,9.9294,9.6381,9.4940,8.9126
0,495,27,80,0.75,15.8025,23.7478,29.4418,13.3056,11.5670,15.2777,14.2874,16.4630,14.2902
0,496,27,80,1,19.0112,25.5335,34.6013,15.5273,15.0467,17.4940,17.7649,18.5521,17.3897
0,497,27,80,1.5,18.9833,25.9533,33.3127,14.8624,14.2538,17.0353,17.2145,17.7029,17.3734
0,498,27,160,0.75,32.9446,47.6464,58.2256,27.8906,24.1352,31.5934,29.6442,30.3305,29.0689
0,499,27,160,1,36.0400,51.0511,66.0127,28.5300,27.9088,32.4610,34.6016,35.7254,33.7403
0,500,27,160,1.5,41.1301,56.5696,69.9705,32.7625,31.3291,36.2999,38.3102,38.1731,37.3706
0,501,27,320,0.75,65.4542,96.9524,119.8569,53.9960,47.1330,63.2985,60.0662,62.5170,58.5111
0,502,27,320,1,73.1132,105.1630,132.4387,59.4578,58.0129,66.7515,72.2930,70.7374,71.5237
0,503,27,320,1.5,78.7786,111.0593,140.3741,63.5617,61.7828,71.7665,76.2528,76.2632,74.4525
0,504,28,10,0.75,0.8722,1.2005,1.3137,0.0000,0.0000,3.8524,0.0000,4.7205,4.2024
0,505,28,10,1,0.6782,1.7193,2.1922,0.0000,0.0000,0.0000,4.2256,0.0000,0.0000
0,506,28,10,1.5,2.9599,2.6975,4.3577,0.0000,0.0000,0.0000,0.0000,4.8807,4.2205
0,507,28,20,0.75,5.9493,5.3629,6.0568,5.0138,5.6251,5.1721,5.0140,0.0000,4.9943
0,508,28,20,1,2.0019,2.9367,4.3206,0.0000,0.0000,0.0000,0.0000,0.0000,4.3710
0,509,28,20,1.5,4.1335,4.5507,7.0698,0.0000,0.0000,0.0000,0.0000,0.0000,4.7108
0,510,28,40,0.75,8.7934,8.5543,11.8204,7.0055,7.7867,7.1762,7.1787,5.9122,7.9027
0,511,28,40,1,9.1396,11.1542,14.6458,8.3160,8.2518,8.4558,9.5427,6.6213,9.8136
0,512,28,40,1.5,8.5014,10.2143,13.2372,6.5139,7.2200,7.7408,8.2920,6.5351,8.2703
0,513,28,80,0.75,14.2030,17.5035,23.1965,10.9565,10.8414,13.0952,13.3161,11.3813,14.0857
0,514,28,80,1,17.3822,18.7151,25.3402,13.4062,14.7068,15.2771,15.5951,13.1833,16.2502
0,515,28,80,1.5,19.2336,19.9445,28.3103,15.9247,16.8111,15.4257,16.8697,13.6796,19.9722
0,516,28,160,0.75,31.8316,35.2266,47.8707,25.0274,25.0442,27.7901,27.2871,23.2208,31.2708
0,517,28,160,1,33.4286,38.3798,52.9131,26.6198,28.7337,29.7613,32.8689,27.0644,35.6514
0,518,28,160,1.5,36.4923,39.7168,56.8045,29.3603,30.3933,30.9086,32.4584,29.1257,36.9971
0,519,28,320,0.75,61.5130,70.8445,96.6959,47.9616,46.8278,55.1266,53.2381,49.1254,58.8413
0,520,28,320,1,68.7466,76.1217,104.5388,54.6421,58.2902,59.3260,65.1030,52.2785,71.3171
0,521,28,320,1.5,74.8849,81.9936,113.9720,58.6937,62.6874,63.6590,69.4306,55.9039,75.9600
0,522,29,10,0.75,2.4912,2.0960,1.0800,0.0000,0.0000,0.0000,0.0000,0.0000,0.0000
0,523,29,10,1,0.9166,1.9070,0.9926,0.0000,0.0000,0.0000,0.0000,4.1779,0.0000
0,524,29,10,1.5,1.3192,1.1843,2.4080,0.0000,0.0000,4.1834,0.0000,0.0000,4.2152
0,525,29,20,0.75,0.9191,0.9068,1.8898,0.0000,0.0000,4.6012,4.9435,0.0000,0.0000
0,526,29,20,1,3.8662,3.2389,4.6760,4.2340,0.0000,4.4067,0.0000,0.0000,0.0000
0,527,29,20,1.5,4.1101,3.9634,3.5922,4.9694,4.7348,3.7971,3.8745,0.0000,0.0000
0,528,29,40,0.75,5.6109,5.8927,7.1557,5.5986,4.6162,4.6601,5.1054,5.6998,4.9440
0,529,29,40,1,4.9431,6.2566,7.4530,4.8561,5.0248,5.7753,6.2900,6.3450,5.4141
0,530,29,40,1.5,5.7227,7.1786,7.1952,6.4506,6.5828,6.4401,7.0280,6.1669,6.0076
0,531,29,80,0.75,10.6932,13.5789,13.8344,9.5572,7.7629,10.7290,10.1035,11.6231,9.3978
0,532,29,80,1,12.5887,15.3249,17.1955,9.9901,9.4382,12.2872,12.8069,13.7081,11.9902
0,533,29,80,1.5,13.8025,15.9573,16.9609,12.0308,10.6785,12.5248,13.9323,13.7441,12.5476
0,534,29,160,0.75,21.4756,25.8335,29.3101,17.6546,15.0201,19.6482,19.8829,24.1876,19.5494
0,535,29,160,1,24.4677,27.6727,31.9577,19.5494,18.7937,21.5894,23.7788,25.2565,22.5426
0,536,29,160,1.5,26.9025,31.1348,33.9301,21.0909,21.6100,24.4932,27.1967,26.4975,23.4933
0,537,29,320,0.75,48.5315,56.1153,62.3743,38.8179,34.5276,42.6529,42.6218,49.1671,38.4435
0,538,29,320,1,51.2767,58.1419,65.3138,41.9249,40.7332,44.8078,50.2093,52.0631,46.8036
0,539,29,320,1.5,54.6392,60.7358,68.9973,45.1623,41.9723,46.8251,51.9063,56.0671,49.0113
0,540,30,10,0.75,3.6716,3.2205,4.2037,4.9127,4.4642,4.0412,3.8644,0.0000,0.0000
0,541,30,10,1,0.0651,2.3728,2.3582,4.4417,4.2843,0.0000,0.0000,0.0000,4.1644
0,542,30,10,1.5,-0.7712,0.5987,0.5945,4.5918,4.0270,0.0000,0.0000,0.0000,4.1333
0,543,30,20,0.75,2.6814,3.7646,5.6668,0.0000,0.0000,0.0000,0.0000,5.5421,5.2787
0,544,30,20,1,2.8326,3.5043,4.6321,3.6057,3.9712,4.5655,0.0000,4.6618,4.5666
0,545,30,20,1.5,2.9365,3.1864,2.9481,4.6740,0.0000,0.0000,3.8394,4.9389,0.0000
0,546,30,40,0.75,6.5602,6.4341,9.4867,5.9781,5.3328,6.2198,4.7650,9.0630,7.9144
0,547,30,40,1,4.7178,6.1259,8.8232,5.2784,4.8369,6.3809,5.8738,8.0988,8.2567
0,548,30,40,1.5,7.8120,8.9678,10.7778,7.0028,7.2241,8.4940,8.3265,9.1672,9.7785
0,549,30,80,0.75,11.9475,15.1913,17.3037,10.8038,10.8576,14.4753,13.5665,14.8959,14.3729
0,550,30,80,1,11.3066,15.2454,17.7364,10.5599,9.9339,14.3471,13.3454,15.2176,15.1748
0,551,30,80,1.5,12.8133,16.5119,19.5041,11.7189,12.4161,15.5179,15.5031,16.8931,17.2514
0,552,30,160,0.75,24.1905,29.2925,34.5310,21.9171,20.8223,27.9725,24.4444,30.2236,27.9774
0,553,30,160,1,24.0598,30.5344,36.3900,21.4419,22.5994,28.7394,28.6812,31.8973,32.5417
0,554,30,160,1.5,26.9981,31.6625,37.4639,23.7081,24.6883,30.0922,29.3864,32.9468,34.0971
0,555,30,320,0.75,45.1991,58.6686,66.4683,40.3267,38.0747,54.4800,47.4777,56.9294,51.9698
0,556,30,320,1,53.0500,64.0629,73.4643,47.5451,48.4872,60.4030,59.0581,63.3050,64.2187
0,557,30,320,1.5,55.6609,67.3457,77.9236,49.4036,49.5974,62.9423,61.1095,67.8419,68.9115
0,558,31,10,0.75,-0.0642,1.4019,1.2306,4.6717,4.7924,4.4729,4.2618,4.7647,4.7602
0,559,31,10,1,3.7813,4.3969,4.2473,0.0000,0.0000,0.0000,0.0000,4.2206,0.0000
0,560,31,10,1.5,4.2998,4.6449,5.0596,4.2251,0.0000,4.3368,4.6881,4.1879,0.0000
0,561,31,20,0.75,4.3392,6.0469,6.0615,0.0000,0.0000,0.0000,0.0000,0.0000,4.5258
0,562,31,20,1,5.5710,6.1251,6.9072,4.9593,4.6097,4.7116,4.4696,0.0000,5.4799
0,563,31,20,1.5,4.2058,5.8210,5.7057,4.7882,4.7558,6.0085,6.4019,5.3140,6.4491
0,564,31,40,0.75,7.2152,9.4780,11.6092,5.0729,4.5819,7.6109,6.1783,5.7283,6.4795
0,565,31,40,1,8.9007,11.0658,13.1085,5.7779,5.6960,8.5498,8.5279,6.2040,7.9924
0,566,31,40,1.5,9.3375,12.4340,13.8300,6.4326,6.9156,9.8069,9.2579,7.1510,8.3578
0,567,31,80,0.75,14.3340,19.6320,24.4874,8.4039,9.3545,14.9919,12.7518,12.8694,13.3938
0,568,31,80,1,16.0875,20.1528,25.5705,10.1713,12.7438,15.1116,14.5548,13.2620,16.2650
0,569,31,80,1.5,17.8517,21.9915,27.1860,11.3028,12.9766,17.2960,15.2449,13.2095,15.9050
0,570,31,160,0.75,29.6355,37.4451,47.0215,18.2393,18.6239,28.3952,23.5449,23.9290,24.9066
0,571,31,160,1,33.7547,43.3041,51.6085,19.8968,23.7670,33.2567,31.6529,25.8470,31.0338
0,572,31,160,1.5,36.5445,46.6044,55.2090,21.3745,27.0366,35.4298,34.0653,27.3121,34.5880
0,573,31,320,0.75,57.9824,77.3278,92.5989,33.1790,39.1891,58.8632,49.1922,45.4588,50.4829
0,574,31,320,1,64.9712,84.6395,102.1668,38.0010,46.8885,64.8748,62.3191,51.7936,60.5409
0,575,31,320,1.5,68.9676,90.0358,109.2411,41.4043,50.9277,69.6755,65.9460,54.0545,66.0081
0,576,32,10,0.75,0.3384,0.4799,0.8960,0.0000,0.0000,0.0000,0.0000,0.0000,0.0000
0,577,32,10,1,0.6191,0.9116,0.9847,0.0000,4.2560,0.0000,4.4234,0.0000,0.0000
0,578,32,10,1.5,0.5586,0.9824,1.4292,0.0000,0.0000,0.0000,0.0000,4.2123,0.0000
0,579,32,20,0.75,1.4419,1.7135,2.4772,0.0000,3.9033,3.9040,4.0288,4.5016,3.9200
0,580,32,20,1,2.1362,2.2325,2.6919,0.0000,0.0000,0.0000,0.0000,0.0000,4.0772
0,581,32,20,1.5,3.5051,2.9901,3.1172,0.0000,0.0000,0.0000,0.0000,3.8588,0.0000
0,582,32,40,0.75,6.1775,6.1660,7.0649,5.2953,4.4267,4.8780,4.2992,0.0000,0.0000
0,583,32,40,1,6.6910,6.9145,7.6252,6.2086,6.0779,6.1611,6.5086,5.0762,5.8901
0,584,32,40,1.5,5.6238,6.4868,6.8953,4.2035,4.6550,0.0000,0.0000,4.7793,0.0000
0,585,32,80,0.75,12.2299,12.6728,12.9246,8.9101,9.3796,7.7296,7.7480,6.6176,7.3361
0,586,32,80,1,11.9424,12.9033,13.7905,10.3250,10.0043,10.0644,10.2944,7.4301,9.9397
0,587,32,80,1.5,12.7574,13.1341,14.7897,9.0307,10.5428,9.1312,10.0812,7.4642,11.0455
0,588,32,160,0.75,21.8561,22.4220,23.9764,14.4557,15.7555,14.5563,13.6011,13.0225,13.1989
0,589,32,160,1,23.3236,24.1303,26.0439,17.1816,18.0375,16.0137,16.7479,12.5168,17.0704
0,590,32,160,1.5,24.2126,25.6864,27.4538,16.8870,19.4837,17.0226,19.1209,13.1717,18.3853
0,591,32,320,0.75,42.4421,45.4493,50.2663,29.8175,30.4259,29.8161,28.2838,24.8198,27.6049
0,592,32,320,1,45.8475,48.1464,52.4031,32.8196,38.2013,31.4484,34.4783,24.5978,33.6078
0,593,32,320,1.5,49.8038,51.7253,55.8757,35.6684,41.3087,33.5518,36.0017,27.2922,35.7086
0,594,33,10,0.75,1.1159,0.8035,2.0198,0.0000,0.0000,3.9190,0.0000,0.0000,0.0000
0,595,33,10,1,3.2050,3.7767,3.0404,0.0000,0.0000,4.6069,4.1546,4.7022,4.4641
0,596,33,10,1.5,3.0528,3.0206,3.6758,0.0000,4.4525,0.0000,0.0000,0.0000,0.0000
0,597,33,20,0.75,4.0751,3.4472,3.9525,0.0000,0.0000,0.0000,0.0000,0.0000,0.0000
0,598,33,20,1,4.4728,4.0622,5.9426,4.3564,4.4698,4.9512,4.7206,5.0764,4.0969
0,599,33,20,1.5,4.2394,4.5174,6.6080,4.5029,4.2131,0.0000,0.0000,4.6765,4.7120
0,600,33,40,0.75,6.1993,5.4661,9.5369,5.6430,0.0000,5.4100,0.0000,6.4481,5.5614
0,601,33,40,1,6.4407,6.6481,11.3378,4.9647,4.5593,5.2773,4.5719,7.5579,6.5456
0,602,33,40,1.5,6.0319,6.4160,9.8601,4.6084,4.4821,5.2311,5.2285,7.1119,5.5997
0,603,33,80,0.75,13.5704,13.3475,20.0621,9.8181,7.8146,10.6545,8.0576,12.9824,10.5393
0,604,33,80,1,15.3438,16.5702,22.7974,10.5365,9.6618,12.2052,10.9994,14.3163,12.4390
0,605,33,80,1.5,15.3119,14.6004,23.8189,10.7593,9.6130,11.1944,9.5033,14.9659,13.7897
0,606,33,160,0.75,25.3379,26.8251,39.4823,17.5682,12.6702,20.2317,16.2513,25.3296,19.4298
0,607,33,160,1,30.5298,30.6214,44.0453,20.9068,17.5036,22.7339,21.0723,27.7973,25.0544
0,608,33,160,1.5,32.1636,32.0570,46.8491,22.3261,19.4432,24.0106,20.3507,30.0985,27.4137
0,609,33,320,0.75,54.1512,56.6116,81.2804,37.8965,28.2739,42.2893,34.1196,51.8947,40.8238
0,610,33,320,1,58.5028,60.2663,87.9319,40.8370,35.8912,44.7267,38.3834,56.7667,51.5907
0,611,33,320,1.5,64.0476,64.1534,92.8973,44.9097,38.3442,47.6827,41.2119,59.7986,53.4576
0,612,34,10,0.75,1.7301,0.5312,3.4853,3.8903,0.0000,3.7789,3.6353,0.0000,0.0000
0,613,34,10,1,1.0160,1.3350,4.0128,0.0000,0.0000,0.0000,0.0000,4.8842,4.6843
0,614,34,10,1.5,1.2257,-0.1856,3.8969,4.5287,4.5445,4.1569,4.3253,4.3247,4.6033
0,615,34,20,0.75,1.9785,2.6073,8.1567,0.0000,0.0000,0.0000,0.0000,7.6040,7.0025
0,616,34,20,1,4.4931,3.0336,6.1603,5.2507,4.5970,0.0000,0.0000,6.0230,6.1317
0,617,34,20,1.5,3.1707,1.7710,6.7868,0.0000,4.4173,0.0000,0.0000,6.5706,6.9446
0,618,34,40,0.75,7.6531,7.1986,14.5994,7.6973,6.9903,6.9324,6.1706,14.3166,12.6017
0,619,34,40,1,9.0545,7.8931,15.5322,9.0690,8.0876,6.7202,6.9902,14.9949,14.7182
0,620,34,40,1.5,8.6555,6.9680,15.7594,8.5914,8.1388,6.5528,6.5288,15.5702,15.0311
0,621,34,80,0.75,13.3606,11.6181,27.6447,13.2946,12.1874,10.6566,10.5543,26.9895,23.8845
0,622,34,80,1,15.4249,12.7331,29.8291,15.3030,14.4695,12.4799,12.3204,29.5687,28.4624
0,623,34,80,1.5,16.8038,13.7779,33.1389,16.1477,15.8521,11.9411,12.2925,32.5239,32.1210
0,624,34,160,0.75,25.9729,22.1331,53.1989,25.8506,21.6280,20.4224,17.6463,52.2377,44.8753
0,625,34,160,1,29.9477,25.1254,58.1388,29.7084,28.3756,23.3596,24.1072,57.4160,56.5371
0,626,34,160,1.5,31.7435,28.0957,63.3855,31.2536,29.9418,25.1486,25.7511,62.4930,59.9434
0,627,34,320,0.75,53.2063,48.5308,110.8997,52.1870,46.9131,43.3358,40.0977,108.2706,95.4948
0,628,34,320,1,58.9250,52.2591,120.4093,58.0441,56.2763,47.2354,48.1969,118.5168,116.1877
0,629,34,320,1.5,65.0824,53.6196,127.7104,63.1092,60.8147,48.2478,49.6557,125.5893,122.1504
0,630,35,10,0.75,0.5854,-0.1909,2.1870,4.9077,4.7244,0.0000,4.5155,0.0000,5.1515
0,631,35,10,1,2.9298,1.4191,4.9629,3.4057,3.9729,4.1534,0.0000,3.9190,4.1999
0,632,35,10,1.5,2.2639,1.9406,4.4569,0.0000,3.8183,0.0000,3.7469,0.0000,0.0000
0,633,35,20,0.75,6.1800,4.8931,9.1766,0.0000,0.0000,0.0000,0.0000,6.7146,0.0000
0,634,35,20,1,4.6987,2.3286,7.9864,0.0000,0.0000,4.1165,4.3872,5.6993,0.0000
0,635,35,20,1.5,5.1004,3.1284,8.0354,0.0000,3.5296,0.0000,4.1423,5.1097,4.7606
0,636,35,40,0.75,10.0267,6.6856,15.1136,5.9145,5.8184,5.6814,5.0947,9.0434,6.5777
0,637,35,40,1,10.8149,6.7270,16.7621,8.3627,6.7513,6.5999,6.3975,11.9924,9.9902
0,638,35,40,1.5,11.0114,6.6379,17.0894,8.0389,7.2023,5.8476,6.1471,11.5493,9.6531
0,639,35,80,0.75,19.6612,11.8178,28.8767,13.4534,10.7630,9.9130,8.4749,21.3729,15.3362
0,640,35,80,1,21.3765,11.9556,32.1230,15.8313,13.2178,10.8084,10.7750,22.1995,17.9464
0,641,35,80,1.5,23.4473,14.0041,35.8022,15.0286,12.0783,10.9281,9.9338,23.1957,18.4332
0,642,35,160,0.75,38.1032,21.9994,58.6127,27.0046,21.2470,20.1798,17.4149,42.7589,31.3843
0,643,35,160,1,42.6449,25.8132,63.2965,29.3679,27.2212,22.5098,22.4038,45.1462,37.6061
0,644,35,160,1.5,47.4040,27.5414,70.0896,32.1371,28.3588,22.8680,22.7672,47.7410,39.7338
0,645,35,320,0.75,78.1224,48.4564,118.5870,51.5368,44.5158,42.0457,36.6818,84.7290,61.5171
0,646,35,320,1,85.0486,49.2943,131.1145,58.1461,52.4765,42.8226,43.0570,92.2615,76.7173
0,647,35,320,1.5,93.7517,54.3165,141.8699,62.9172,56.0249,46.4252,45.2671,96.6468,79.2350
1,0,0,10,0.75,-1.4349,-1.1513,-1.2356,4.1218,0.0000,4.3555,0.0000,0.0000,0.0000
1,1,0,10,1,1.9590,2.5430,1.9208,0.0000,0.0000,0.0000,0.0000,4.2067,3.9454
1,2,0,10,1.5,-0.6063,0.0343,-0.3937,3.5531,4.8217,0.0000,5.1112,0.0000,4.4519
1,3,0,20,0.75,-0.1311,-0.0598,-0.3087,0.0000,0.0000,0.0000,0.0000,0.0000,0.0000
1,4,0,20,1,1.6709,1.8471,1.9563,0.0000,0.0000,4.6828,0.0000,0.0000,0.0000
1,5,0,20,1.5,1.1743,1.6334,2.2085,4.8296,0.0000,0.0000,0.0000,0.0000,0.0000
1,6,0,40,0.75,-0.4718,-0.0944,1.1522,4.2226,0.0000,4.1198,3.8255,0.0000,0.0000
1,7,0,40,1,1.8088,2.0278,2.0277,0.0000,0.0000,0.0000,0.0000,0.0000,0.0000
1,8,0,40,1.5,1.4598,2.8477,2.6114,0.0000,4.7455,4.1624,4.4115,4.7127,4.5481
1,9,0,80,0.75,4.1729,5.5190,5.8223,4.5583,4.2752,4.5474,0.0000,4.5638,4.6306
1,10,0,80,1,3.9116,4.2702,3.9419,4.4223,0.0000,4.3393,4.2690,4.6345,4.6290
1,11,0,80,1.5,4.5750,4.0887,4.5954,4.5975,0.0000,0.0000,0.0000,4.8286,0.0000
1,12,0,160,0.75,7.2810,8.8428,8.4854,6.1746,5.7365,7.4341,6.3929,6.8496,6.1010
1,13,0,160,1,5.2504,8.4229,8.1475,4.7573,4.4861,7.4242,6.6716,6.6691,7.0110
1,14,0,160,1.5,6.6913,8.4904,8.1214,6.1470,5.4626,7.7263,6.9008,7.2116,6.7042
1,15,0,320,0.75,13.2901,16.2704,17.0111,10.8879,10.7978,13.9110,12.3531,13.9694,11.9183
1,16,0,320,1,13.5579,17.1507,16.8167,11.6599,11.4070,15.0579,14.5236,14.7745,12.9580
1,17,0,320,1.5,12.7815,16.3062,17.6056,10.9203,11.7151,13.9963,14.1571,15.2738,14.0376
1,18,1,10,0.75,-1.6761,0.5895,-0.1450,0.0000,0.0000,0.0000,0.0000,0.0000,0.0000
1,19,1,10,1,0.3890,-0.8654,0.4978,0.0000,3.3327,4.2175,0.0000,0.0000,0.0000
1,20,1,10,1.5,1.4897,2.9616,1.1907,0.0000,0.0000,0.0000,0.0000,4.4045,3.9674
1,21,1,20,0.75,-0.5105,0.8402,0.7533,0.0000,0.0000,0.0000,0.0000,4.3634,0.0000
1,22,1,20,1,1.8345,0.4884,1.3120,0.0000,3.6381,4.0901,3.8143,0.0000,4.1133
1,23,1,20,1.5,1.5206,0.6931,1.3124,3.7988,3.5553,0.0000,3.5734,4.1695,0.0000
1,24,1,40,0.75,-0.0111,0.4212,0.6646,0.0000,0.0000,0.0000,3.6134,4.5519,4.2882
1,25,1,40,1,2.5902,1.8797,2.5770,0.0000,0.0000,0.0000,0.0000,0.0000,0.0000
1,26,1,40,1.5,2.7843,1.7008,3.2527,0.0000,0.0000,0.0000,0.0000,0.0000,0.0000
1,27,1,80,0.75,5.2210,4.9588,6.4585,5.6716,4.5701,6.0608,4.7006,6.3225,5.3397
1,28,1,80,1,4.4470,4.3469,7.1766,4.8540,4.6400,0.0000,0.0000,5.6178,6.0014
1,29,1,80,1.5,4.6867,4.4093,5.0820,0.0000,3.8277,3.6575,0.0000,0.0000,0.0000
1,30,1,160,0.75,10.2144,9.2160,12.4379,9.9276,8.9077,8.6822,7.8951,11.1298,9.6593
1,31,1,160,1,8.4576,7.9065,8.6569,7.4586,7.3250,7.5449,7.7373,7.4849,7.2256
1,32,1,160,1.5,9.7283,9.0827,12.6795,8.1106,8.0072,8.7023,8.0958,9.9344,9.4213
1,33,1,320,0.75,15.7314,15.2325,20.9072,13.6066,11.6543,14.2087,11.4906,16.4626,13.5735
1,34,1,320,1,18.2026,16.3395,23.6462,15.4019,15.0792,14.9676,14.0616,17.8781,17.3920
1,35,1,320,1.5,19.9901,18.8027,24.5944,16.7902,16.0395,17.2395,16.2714,19.4164,17.7596
1,36,2,10,0.75,-0.2408,-0.7562,-0.1666,0.0000,0.0000,0.0000,0.0000,3.8265,0.0000
1,37,2,10,1,-0.4930,-0.4892,-0.9925,4.8764,4.4597,0.0000,0.0000,0.0000,0.0000
1,38,2,10,1.5,1.4288,1.7344,1.5743,0.0000,0.0000,0.0000,0.0000,0.0000,0.0000
1,39,2,20,0.75,1.1439,1.9676,2.6339,4.0460,0.0000,4.3316,0.0000,4.7069,4.7953
1,40,2,20,1,-0.6081,0.0263,0.0482,5.0427,0.0000,3.9061,0.0000,0.0000,3.6476
1,41,2,20,1.5,2.2690,1.1035,1.3902,4.5033,0.0000,4.0627,0.0000,0.0000,0.0000
1,42,2,40,0.75,0.5279,1.1261,0.7693,0.0000,0.0000,0.0000,0.0000,0.0000,3.9218
1,43,2,40,1,1.4707,2.7950,2.7767,0.0000,0.0000,0.0000,0.0000,0.0000,0.0000
1,44,2,40,1.5,2.6643,2.4553,2.8413,0.0000,0.0000,0.0000,0.0000,0.0000,0.0000
1,45,2,80,0.75,3.2894,4.4750,4.7885,0.0000,0.0000,0.0000,0.0000,0.0000,0.0000
1,46,2,80,1,2.9834,3.4803,3.3006,0.0000,0.0000,0.0000,0.0000,0.0000,0.0000
1,47,2,80,1.5,4.7134,4.0397,3.8168,4.9152,4.4509,0.0000,0.0000,0.0000,4.2295
1,48,2,160,0.75,6.0430,8.5818,8.4619,5.2295,4.5976,7.0139,6.2301,4.8293,4.7176
1,49,2,160,1,7.0601,9.4229,9.6009,6.1976,6.1852,7.9744,8.0791,6.0628,5.6289
1,50,2,160,1.5,7.9359,9.1030,9.3764,6.4204,7.4288,7.8756,8.2337,6.1526,5.1405
1,51,2,320,0.75,14.0484,13.3887,13.5009,10.2909,10.7957,11.2937,9.0195,7.3917,6.1532
1,52,2,320,1,14.6250,15.5606,15.3622,10.7434,11.0840,11.2752,12.2988,9.8038,9.4150
1,53,2,320,1.5,15.2921,17.2210,17.3138,10.8299,11.9085,14.2335,13.1376,9.9274,8.5841
1,54,3,10,0.75,-0.5920,0.0324,-0.0559,0.0000,0.0000,0.0000,0.0000,0.0000,3.8733
1,55,3,10,1,0.3415,2.2029,1.9590,4.5744,0.0000,0.0000,0.0000,0.0000,0.0000
1,56,3,10,1.5,-0.6325,-0.7015,-0.3435,0.0000,0.0000,0.0000,0.0000,4.1795,0.0000
1,57,3,20,0.75,0.4050,-0.1424,0.3992,0.0000,4.1841,4.4921,4.4319,4.6420,4.8307
1,58,3,20,1,0.2146,1.2628,1.7742,0.0000,0.0000,0.0000,0.0000,0.0000,0.0000
1,59,3,20,1.5,-0.8234,0.4736,0.5228,3.9692,3.4503,0.0000,0.0000,0.0000,0.0000
1,60,3,40,0.75,1.4785,2.0799,2.5882,0.0000,0.0000,3.8776,0.0000,0.0000,0.0000
1,61,3,40,1,2.1683,0.5979,1.3458,4.4253,3.1262,0.0000,0.0000,0.0000,0.0000
1,62,3,40,1.5,2.7059,4.3479,2.6505,0.0000,0.0000,4.6052,0.0000,4.6746,4.3571
1,63,3,80,0.75,2.6081,3.8242,3.5869,4.1958,4.2671,4.6629,4.3589,0.0000,4.1480
1,64,3,80,1,4.1079,5.7701,6.1799,4.5456,0.0000,5.9068,6.0634,6.4040,6.6683
1,65,3,80,1.5,5.4013,2.4715,3.7570,5.3432,4.7652,0.0000,0.0000,4.3894,0.0000
1,66,3,160,0.75,7.0287,7.3689,8.7039,6.3006,6.2250,6.8216,6.7662,8.5083,7.0271
1,67,3,160,1,7.8743,9.7728,9.4022,8.0064,7.5515,10.3205,9.8346,9.4291,8.8813
1,68,3,160,1.5,8.4203,9.6972,9.3866,8.1372,7.7618,9.5962,8.9827,9.2825,8.8483
1,69,3,320,0.75,12.8684,14.8021,16.5939,12.7092,11.1993,14.2903,11.8024,16.2192,13.1829
1,70,3,320,1,14.2039,15.6748,16.8324,13.3728,12.6867,15.1616,14.2913,16.1765,15.0442
1,71,3,320,1.5,17.0915,17.9113,19.1377,16.4492,15.6352,17.4793,16.0047,18.8430,18.0614
1,72,4,10,0.75,1.0840,2.1377,1.2985,0.0000,3.9513,0.0000,0.0000,0.0000,0.0000
1,73,4,10,1,1.3399,2.1835,1.1283,4.6927,4.4238,0.0000,4.7922,4.4895,4.6092
1,74,4,10,1.5,0.2554,-0.2979,0.3742,4.9495,4.3242,0.0000,0.0000,4.4110,4.6272
1,75,4,20,0.75,1.2904,0.7280,0.6859,4.0745,0.0000,0.0000,0.0000,0.0000,0.0000
1,76,4,20,1,0.8398,0.7529,0.6099,0.0000,0.0000,4.2591,0.0000,0.0000,0.0000
1,77,4,20,1.5,1.7606,0.6171,0.2926,0.0000,0.0000,0.0000,0.0000,0.0000,0.0000
1,78,4,40,0.75,1.1529,1.1945,2.8021,4.0854,4.0066,0.0000,4.4435,4.2048,4.7521
1,79,4,40,1,3.3153,1.8445,3.2311,0.0000,0.0000,0.0000,0.0000,0.0000,0.0000
1,80,4,40,1.5,1.0256,-0.9533,1.2170,4.3207,0.0000,0.0000,0.0000,0.0000,0.0000
1,81,4,80,0.75,1.6264,-0.6462,4.5036,0.0000,0.0000,4.7503,4.4152,4.9172,0.0000
1,82,4,80,1,2.1065,1.1041,3.8976,0.0000,0.0000,0.0000,0.0000,0.0000,0.0000
1,83,4,80,1.5,1.3644,1.9886,1.8080,0.0000,4.3990,4.5467,4.2551,0.0000,0.0000
1,84,4,160,0.75,5.2688,2.2768,6.4923,4.8539,3.8240,0.0000,0.0000,5.8197,4.3293
1,85,4,160,1,5.7748,3.6929,6.5946,5.7348,5.0225,0.0000,0.0000,5.7702,5.7004
1,86,4,160,1.5,6.9721,4.1537,8.1418,6.5175,6.1255,4.3741,0.0000,7.4816,7.4926
1,87,4,320,0.75,9.2681,5.3904,13.3505,8.2205,7.1069,4.3913,4.2374,10.9830,10.0800
1,88,4,320,1,12.0457,6.0480,14.6867,11.3185,10.3485,5.4361,4.9671,12.8270,11.2999
1,89,4,320,1.5,12.1155,6.6679,15.7533,11.5204,10.1137,6.3196,5.5553,14.0007,12.0420
1,90,5,10,0.75,0.3995,-0.6275,-0.1171,4.2876,0.0000,0.0000,0.0000,4.5316,0.0000
1,91,5,10,1,0.4299,0.0999,0.8482,5.0805,0.0000,0.0000,4.4273,4.3899,4.3254
1,92,5,10,1.5,-0.3366,-0.0469,-0.8711,0.0000,0.0000,0.0000,0.0000,4.4849,0.0000
1,93,5,20,0.75,0.2874,0.2749,1.2483,4.0923,3.6660,4.1178,0.0000,0.0000,4.0809
1,94,5,20,1,1.5534,2.3183,1.5464,0.0000,0.0000,0.0000,0.0000,0.0000,0.0000
1,95,5,20,1.5,0.4260,-0.0693,0.1158,0.0000,0.0000,0.0000,0.0000,0.0000,0.0000
1,96,5,40,0.75,2.7924,1.5466,2.1862,0.0000,0.0000,0.0000,4.2708,0.0000,0.0000
1,97,5,40,1,1.2831,2.3383,1.9298,0.0000,0.0000,0.0000,4.3009,0.0000,0.0000
1,98,5,40,1.5,1.2759,0.5619,1.2824,0.0000,0.0000,0.0000,0.0000,0.0000,0.0000
1,99,5,80,0.75,3.1619,1.2207,1.3395,4.3820,4.5529,0.0000,0.0000,0.0000,0.0000
1,100,5,80,1,3.9614,1.5904,3.3168,0.0000,0.0000,0.0000,4.6813,0.0000,4.2430
1,101,5,80,1.5,3.9581,2.6357,2.7693,4.0131,3.9004,4.0411,4.0187,0.0000,4.3002
1,102,5,160,0.75,4.7648,2.7523,4.2205,5.2346,4.6724,4.2830,4.3823,4.5174,0.0000
1,103,5,160,1,5.8176,4.0455,4.5597,5.7751,5.2148,5.1313,5.5666,5.0074,0.0000
1,104,5,160,1.5,9.0274,5.5578,6.5950,8.8995,7.5316,5.8317,4.9546,6.5240,5.2835
1,105,5,320,0.75,12.3530,8.2515,10.1994,12.1032,10.2378,7.8985,6.8593,9.7976,7.9372
1,106,5,320,1,15.2470,11.1805,11.9127,15.0173,14.3887,11.0346,10.0152,11.3947,10.6721
1,107,5,320,1.5,16.6366,9.3959,11.2266,16.4700,15.0555,9.1646,8.9692,11.0179,9.9702
1,108,6,10,0.75,2.7847,1.7427,1.7078,0.0000,0.0000,0.0000,0.0000,0.0000,0.0000
1,109,6,10,1,3.0546,2.2921,3.0128,0.0000,0.0000,0.0000,0.0000,0.0000,0.0000
1,110,6,10,1.5,0.0019,0.3341,2.9984,0.0000,0.0000,0.0000,0.0000,0.0000,0.0000
1,111,6,20,0.75,0.8035,1.7931,2.5296,5.1322,4.9798,0.0000,0.0000,4.4642,4.2429
1,112,6,20,1,0.5537,0.8872,1.6392,4.6532,4.0985,4.7347,0.0000,0.0000,4.7813
1,113,6,20,1.5,1.9811,0.6620,5.2029,4.2849,4.4760,0.0000,0.0000,0.0000,0.0000
1,114,6,40,0.75,2.5634,3.9878,5.8983,0.0000,0.0000,0.0000,0.0000,0.0000,0.0000
1,115,6,40,1,2.1498,2.3846,5.8580,0.0000,0.0000,3.5095,0.0000,4.7876,3.8960
1,116,6,40,1.5,5.1047,5.6430,9.5256,4.8406,5.0329,5.3303,5.9372,6.6396,6.4268
1,117,6,80,0.75,5.0230,5.9987,10.5755,4.7418,4.4738,4.3623,4.1400,6.5703,4.8003
1,118,6,80,1,6.0963,7.5684,13.3075,4.8518,4.8847,6.2349,6.4983,8.7462,7.8679
1,119,6,80,1.5,3.9849,5.5286,12.1502,3.9315,4.4637,5.7660,5.2170,7.3939,7.5171
1,120,6,160,0.75,8.7175,11.6529,20.6416,7.1851,7.0295,9.2563,8.5308,12.6213,10.7813
1,121,6,160,1,11.8936,13.9962,23.4440,8.6721,7.9811,11.0211,11.9483,13.8557,12.2003
1,122,6,160,1.5,11.2322,12.7040,25.9567,8.8879,8.2230,10.3405,10.6393,14.5357,13.0132
1,123,6,320,0.75,19.1207,21.8888,41.6003,13.8379,10.7355,18.1721,16.5437,25.6756,18.3152
1,124,6,320,1,22.0347,24.8087,45.9909,17.5234,14.9520,19.0038,21.0368,26.3703,25.4138
1,125,6,320,1.5,23.1664,26.2518,50.0585,17.2523,15.9071,20.4900,22.0910,27.7764,24.7485
1,126,7,10,0.75,0.1824,0.1774,-0.3752,0.0000,3.1192,3.5716,0.0000,3.8016,3.9172
1,127,7,10,1,0.3675,0.4651,0.4183,0.0000,0.0000,0.0000,0.0000,0.0000,0.0000
1,128,7,10,1.5,1.6875,1.0074,1.5743,0.0000,4.6208,0.0000,0.0000,4.2866,0.0000
1,129,7,20,0.75,0.6092,1.4925,1.4555,0.0000,0.0000,0.0000,0.0000,4.1078,0.0000
1,130,7,20,1,1.7282,1.2775,2.6951,3.8455,0.0000,4.0087,4.0012,4.0141,0.0000
1,131,7,20,1.5,0.3834,0.4414,1.4069,4.8771,4.8307,4.1220,0.0000,4.1084,0.0000
1,132,7,40,0.75,3.0182,2.8705,3.7206,5.1695,0.0000,0.0000,0.0000,0.0000,0.0000
1,133,7,40,1,3.2724,3.7915,4.3847,0.0000,0.0000,0.0000,4.3224,0.0000,0.0000
1,134,7,40,1.5,2.7176,3.0767,3.9565,0.0000,0.0000,4.7615,4.1496,0.0000,4.3869
1,135,7,80,0.75,4.6830,5.0586,7.7099,0.0000,0.0000,4.3757,4.7484,5.2332,5.7173
1,136,7,80,1,5.6188,6.3453,8.3409,5.3508,5.2200,4.8685,5.0034,5.0016,6.5619
1,137,7,80,1.5,5.9117,6.7777,7.3622,5.1920,5.1076,6.0798,6.3903,5.7734,5.9775
1,138,7,160,0.75,9.9460,11.4864,14.5993,8.5571,7.5996,9.2170,8.5305,10.1009,10.1539
1,139,7,160,1,12.2660,13.4048,16.7380,10.2411,10.4981,11.2139,11.8810,11.3371,13.7183
1,140,7,160,1.5,13.8507,13.3821,17.5015,10.8865,10.9462,11.4430,11.9830,12.1622,15.0693
1,141,7,320,0.75,23.9777,25.9685,33.8897,19.0338,17.9167,21.3829,19.7399,22.5152,25.1346
1,142,7,320,1,25.1644,26.3175,34.6179,20.4225,20.5287,21.5916,22.7935,22.9308,27.6666
1,143,7,320,1.5,27.8663,28.0486,35.5592,22.0611,22.1348,23.3084,24.0935,24.2961,27.5937
1,144,8,10,0.75,1.2710,1.3526,1.0237,0.0000,0.0000,0.0000,0.0000,0.0000,0.0000
1,145,8,10,1,0.2195,0.8425,0.4225,0.0000,4.2332,0.0000,3.4374,4.2412,4.5265
1,146,8,10,1.5,1.3849,1.6863,0.7986,0.0000,0.0000,4.3766,0.0000,0.0000,3.4725
1,147,8,20,0.75,1.0941,0.6999,0.8886,0.0000,0.0000,0.0000,0.0000,0.0000,0.0000
1,148,8,20,1,1.0469,1.3788,1.9481,0.0000,0.0000,4.5317,4.4984,0.0000,0.0000
1,149,8,20,1.5,2.6071,2.8374,3.2071,4.3059,0.0000,0.0000,0.0000,4.2560,4.5149
1,150,8,40,0.75,2.4834,2.0934,1.8610,0.0000,0.0000,0.0000,0.0000,0.0000,4.3598
1,151,8,40,1,1.5415,1.2646,2.0317,0.0000,0.0000,4.1331,4.5117,0.0000,0.0000
1,152,8,40,1.5,1.7595,1.4797,1.2322,0.0000,0.0000,0.0000,0.0000,0.0000,3.9892
1,153,8,80,0.75,3.7394,3.2004,3.5144,4.3566,0.0000,0.0000,0.0000,4.3677,0.0000
1,154,8,80,1,3.2535,3.1729,3.7159,0.0000,0.0000,0.0000,0.0000,0.0000,3.5898
1,155,8,80,1.5,4.8533,3.1503,4.8314,4.8446,5.0935,4.8096,4.5579,4.5924,4.6329
1,156,8,160,0.75,10.0738,9.5099,11.0272,8.9581,7.9919,7.9999,6.8656,8.9121,8.5667
1,157,8,160,1,9.9888,9.4126,11.9894,8.7183,8.6293,7.9749,7.9880,9.4001,10.2779
1,158,8,160,1.5,8.8091,6.4950,9.1651,7.8177,7.0073,6.0448,5.6929,7.9417,7.2298
1,159,8,320,0.75,17.3085,15.3595,19.7541,15.4093,13.8753,13.8677,12.0432,16.6998,15.6096
1,160,8,320,1,20.1425,18.3402,20.3512,16.7480,17.7732,14.6358,14.0020,16.3233,17.3392
1,161,8,320,1.5,18.5569,16.4728,20.6900,15.4935,17.0117,13.1132,13.4780,16.8466,18.3954
1,162,9,10,0.75,0.7854,0.6918,1.3895,4.0281,4.2537,0.0000,0.0000,0.0000,0.0000
1,163,9,10,1,2.0595,2.4768,2.7560,0.0000,0.0000,0.0000,0.0000,0.0000,0.0000
1,164,9,10,1.5,1.7648,0.5710,0.6665,0.0000,4.8985,4.6192,0.0000,4.0860,0.0000
1,165,9,20,0.75,2.5071,1.4716,3.4006,0.0000,0.0000,4.6643,0.0000,0.0000,0.0000
1,166,9,20,1,1.5406,1.7458,3.3669,0.0000,0.0000,0.0000,0.0000,0.0000,0.0000
1,167,9,20,1.5,2.2213,3.4868,2.2149,0.0000,4.1945,0.0000,0.0000,0.0000,0.0000
1,168,9,40,0.75,3.7371,5.3724,4.6395,0.0000,0.0000,4.9580,4.3461,0.0000,0.0000
1,169,9,40,1,3.9825,4.3982,4.5392,0.0000,0.0000,4.6136,4.7174,0.0000,4.4772
1,170,9,40,1.5,3.2756,5.1692,3.9759,0.0000,0.0000,5.4783,4.3600,4.1650,3.6286
1,171,9,80,0.75,8.1220,9.4879,9.6660,7.5160,5.1354,8.9597,7.6817,7.6880,7.6508
1,172,9,80,1,9.2695,10.1014,10.2371,8.8796,6.6166,9.9179,9.0523,8.4799,8.0227
1,173,9,80,1.5,9.3717,10.8091,11.6022,8.7594,6.0767,10.4099,9.3476,8.8880,8.5098
1,174,9,160,0.75,14.5182,16.7313,18.4032,13.2849,9.2849,15.6442,12.2293,13.6001,11.6096
1,175,9,160,1,15.2457,17.8980,19.2663,13.4651,11.6903,16.6761,16.6007,12.6429,15.0193
1,176,9,160,1.5,20.4623,21.7796,21.8915,18.3900,14.9861,20.8613,19.7033,17.2883,17.1202
1,177,9,320,0.75,32.8043,39.0567,38.8106,31.0409,21.6817,37.0787,30.5452,30.6209,25.5266
1,178,9,320,1,35.6144,41.6290,40.0393,33.5733,25.8440,39.7267,36.0548,32.2164,30.9012
1,179,9,320,1.5,40.4093,44.8218,44.2051,35.9735,28.9400,42.1692,39.4690,34.1502,32.9060
1,180,10,10,0.75,-0.2873,0.1013,0.3230,0.0000,0.0000,0.0000,0.0000,0.0000,0.0000
1,181,10,10,1,-0.4697,0.5884,-0.0823,0.0000,0.0000,0.0000,0.0000,0.0000,0.0000
1,182,10,10,1.5,1.8647,1.3844,1.0210,0.0000,3.8641,0.0000,0.0000,4.9701,4.5113
1,183,10,20,0.75,0.9779,-0.1851,0.9232,3.9947,0.0000,0.0000,0.0000,0.0000,0.0000
1,184,10,20,1,1.5464,1.9815,1.1984,4.5580,0.0000,0.0000,0.0000,0.0000,4.0282
1,185,10,20,1.5,0.0100,0.0826,0.6130,4.0233,0.0000,0.0000,0.0000,0.0000,0.0000
1,186,10,40,0.75,2.2461,2.6564,2.4147,0.0000,0.0000,0.0000,4.2557,0.0000,0.0000
1,187,10,40,1,2.0559,1.0230,2.0688,0.0000,0.0000,4.1285,4.5044,0.0000,4.3110
1,188,10,40,1.5,2.1370,0.9028,3.3077,4.5796,4.6851,4.7253,4.9556,0.0000,0.0000
1,189,10,80,0.75,3.1815,2.5292,2.8537,4.3653,0.0000,0.0000,0.0000,4.1629,0.0000
1,190,10,80,1,2.7881,3.0814,2.9541,0.0000,4.4852,4.0287,0.0000,0.0000,3.4830
1,191,10,80,1.5,4.3456,3.7980,4.5592,0.0000,0.0000,0.0000,0.0000,4.9375,0.0000
1,192,10,160,0.75,7.7511,5.9516,7.7666,7.1299,6.0695,5.8867,4.8980,7.4924,6.6444
1,193,10,160,1,7.1159,6.1009,7.3628,7.8871,7.1378,6.4788,6.2309,7.2872,7.6228
1,194,10,160,1.5,9.0398,7.5136,9.6601,8.2330,8.6905,7.3043,7.1633,8.8082,9.2664
1,195,10,320,0.75,13.4539,10.3399,14.6603,11.8096,10.4126,9.8575,8.2654,13.5009,11.5652
1,196,10,320,1,17.9422,12.1906,18.2118,15.7865,15.6731,11.8802,11.8861,16.4144,16.9852
1,197,10,320,1.5,19.7522,14.7051,20.0643,17.4869,17.6207,13.4657,13.3124,18.2016,17.8644
1,198,11,10,0.75,0.6281,0.6937,1.1527,3.7523,0.0000,0.0000,0.0000,0.0000,0.0000
1,199,11,10,1,0.5723,0.1773,1.0703,4.0465,0.0000,0.0000,0.0000,0.0000,0.0000
1,200,11,10,1.5,1.1164,1.5396,1.0865,3.6585,0.0000,4.3811,4.2640,3.8723,0.0000
1,201,11,20,0.75,0.2584,1.0213,0.9291,0.0000,4.0363,0.0000,0.0000,0.0000,0.0000
1,202,11,20,1,2.2629,1.5852,3.5350,0.0000,3.8494,0.0000,0.0000,0.0000,3.9140
1,203,11,20,1.5,-0.6345,0.8103,0.5438,0.0000,4.5511,0.0000,4.2226,0.0000,4.4565
1,204,11,40,0.75,1.4237,1.4901,3.8789,0.0000,3.1484,0.0000,0.0000,4.6970,4.2690
1,205,11,40,1,3.1672,4.4732,4.1774,4.1939,4.0769,4.7072,4.9998,4.5075,4.7549
1,206,11,40,1.5,3.2823,3.2872,4.3614,0.0000,0.0000,4.6871,0.0000,0.0000,0.0000
1,207,11,80,0.75,7.6818,8.2358,8.8769,7.0966,6.0128,7.7334,6.5566,7.2150,6.1198
1,208,11,80,1,6.5492,6.8219,6.9287,5.4476,4.8590,6.5399,6.3390,5.5935,6.4179
1,209,11,80,1.5,8.0409,7.5755,8.3797,7.2957,6.9445,6.7632,7.0784,6.9154,6.8320
1,210,11,160,0.75,10.0943,11.5270,12.2264,8.9250,8.0590,10.7197,9.5438,9.6512,8.4717
1,211,11,160,1,13.4540,13.9634,16.4626,11.2440,11.2998,13.9289,13.6662,12.7095,12.2041
1,212,11,160,1.5,16.0588,16.7815,18.8951,13.8150,12.9512,15.0385,15.1986,14.5744,13.9485
1,213,11,320,0.75,23.1005,25.6387,27.6786,19.5366,16.0942,23.9552,20.9280,20.8435,19.2403
1,214,11,320,1,27.1511,30.2295,34.1034,24.7624,22.8383,26.4905,27.0447,25.9416,24.5996
1,215,11,320,1.5,28.2254,29.9453,34.6200,25.0287,22.8450,26.4238,26.0571,27.6232,24.9314
1,216,12,10,0.75,0.0290,0.5675,1.1746,0.0000,0.0000,0.0000,4.2107,0.0000,0.0000
1,217,12,10,1,2.8193,1.7077,2.2085,0.0000,0.0000,0.0000,4.3640,0.0000,0.0000
1,218,12,10,1.5,1.5469,1.9413,2.7479,0.0000,0.0000,4.7169,4.5989,0.0000,4.8217
1,219,12,20,0.75,2.3691,2.4429,2.2031,0.0000,0.0000,0.0000,0.0000,4.0142,3.9025
1,220,12,20,1,1.9002,1.2039,1.9084,3.6580,0.0000,4.2388,4.2007,0.0000,4.6273
1,221,12,20,1.5,0.4867,1.4730,0.9643,0.0000,0.0000,0.0000,0.0000,0.0000,4.3236
1,222,12,40,0.75,2.1839,3.5120,2.9342,0.0000,4.0012,4.1962,4.1187,0.0000,4.1312
1,223,12,40,1,3.1117,4.1389,4.1473,0.0000,0.0000,4.3907,0.0000,4.5700,4.5586
1,224,12,40,1.5,2.6950,3.3468,3.2279,0.0000,4.2165,0.0000,0.0000,0.0000,0.0000
1,225,12,80,0.75,3.4424,5.4937,4.7155,4.7941,0.0000,5.3799,3.8051,4.9617,0.0000
1,226,12,80,1,4.1817,5.6261,4.3880,0.0000,0.0000,6.0422,5.8774,4.6640,0.0000
1,227,12,80,1.5,5.1352,5.3522,5.3797,5.2082,4.7089,5.0449,5.2598,4.8037,0.0000
1,228,12,160,0.75,7.5222,10.0197,9.3471,6.8196,6.6431,9.0413,8.7172,7.5484,6.9117
1,229,12,160,1,8.3006,10.0362,11.0580,7.3800,6.0950,9.1001,8.1506,9.7131,7.4871
1,230,12,160,1.5,11.8330,12.7817,13.3123,11.1624,9.2270,11.7707,10.2867,11.9970,9.6454
1,231,12,320,0.75,17.4435,20.7697,20.7430,15.9495,11.5376,19.1949,14.6260,18.2580,12.7880
1,232,12,320,1,19.7102,22.6085,22.8810,17.8295,14.0488,20.6638,18.3761,19.7010,15.2704
1,233,12,320,1.5,20.7413,23.5018,23.0924,18.8965,14.7356,21.6741,19.1318,20.1164,15.7531
1,234,13,10,0.75,0.5749,1.3502,2.0559,0.0000,0.0000,0.0000,0.0000,4.0097,0.0000
1,235,13,10,1,1.9621,1.5801,2.5869,0.0000,0.0000,3.8704,0.0000,4.0821,0.0000
1,236,13,10,1.5,2.4312,2.7832,2.3877,0.0000,4.1376,0.0000,3.9218,4.6102,4.5456
1,237,13,20,0.75,4.0709,4.1680,4.9302,4.1479,4.3434,0.0000,4.5156,4.3877,4.2748
1,238,13,20,1,4.0886,3.7606,5.8669,3.6386,3.9808,4.0566,3.4462,5.4773,4.8460
1,239,13,20,1.5,4.6411,2.8252,4.2401,0.0000,0.0000,0.0000,4.2669,0.0000,0.0000
1,240,13,40,0.75,4.4089,4.4664,6.1746,0.0000,0.0000,4.7474,4.3089,5.8596,0.0000
1,241,13,40,1,5.6607,2.5774,6.6695,5.8521,5.2394,0.0000,0.0000,6.7215,6.3595
1,242,13,40,1.5,5.6598,3.7690,6.9001,0.0000,0.0000,0.0000,0.0000,6.7145,6.0313
1,243,13,80,0.75,9.5639,7.8875,12.8319,9.0898,7.6476,7.5282,5.9579,11.9028,10.1251
1,244,13,80,1,11.5835,8.2487,13.0258,11.0757,9.2535,8.0660,7.3782,12.4635,10.7518
1,245,13,80,1.5,10.6288,8.1795,12.9757,9.9367,9.7199,7.3589,7.3790,11.9173,10.7645
1,246,13,160,0.75,19.3628,14.2711,23.4352,18.1105,14.3183,12.5745,9.8007,21.7733,15.9926
1,247,13,160,1,22.6238,17.2572,25.5695,21.5237,18.9953,15.7820,13.5781,24.1054,21.3338
1,248,13,160,1.5,23.5886,16.5176,28.0683,22.4505,18.6283,14.9963,12.1696,26.1807,21.9374
1,249,13,320,0.75,39.5382,31.2912,47.3266,37.3767,29.1809,27.8949,21.4401,43.2979,33.2357
1,250,13,320,1,45.2026,32.7973,52.5665,42.6148,36.1307,29.4227,25.1730,48.2692,41.2808
1,251,13,320,1.5,46.5305,33.2804,54.9357,44.0712,37.2981,29.5503,24.6756,51.1659,42.6145
1,252,14,10,0.75,1.2997,3.2583,3.6792,0.0000,3.9637,4.3125,4.0199,0.0000,0.0000
1,253,14,10,1,1.7740,2.1183,3.2628,0.0000,0.0000,0.0000,0.0000,0.0000,0.0000
1,254,14,10,1.5,3.0035,2.8663,3.5143,3.8756,0.0000,0.0000,4.2658,3.8461,0.0000
1,255,14,20,0.75,2.3216,4.2594,5.3249,0.0000,0.0000,0.0000,0.0000,4.6872,0.0000
1,256,14,20,1,2.0651,4.3372,6.4298,4.5614,0.0000,4.2608,3.9738,4.8453,5.1316
1,257,14,20,1.5,4.3324,4.9645,7.1475,0.0000,4.1775,3.9727,4.3305,5.6794,4.7507
1,258,14,40,0.75,4.9718,8.9925,11.9837,4.8861,3.4332,7.7769,6.2399,7.6410,8.1564
1,259,14,40,1,6.8183,11.1275,13.7897,5.7991,5.0244,9.5004,8.2655,8.3330,9.1066
1,260,14,40,1.5,5.9833,9.7208,12.9874,4.6540,4.2346,7.0163,6.5670,7.5820,8.2863
1,261,14,80,0.75,11.3066,17.2730,21.5858,9.4990,7.1555,14.4521,11.1133,14.8877,14.1511
1,262,14,80,1,10.8591,18.4093,25.5496,8.8439,7.2821,15.3289,12.8211,17.1995,17.2559
1,263,14,80,1.5,13.4306,18.5600,25.5385,9.8228,7.9724,14.6364,11.8112,15.5937,16.3325
1,264,14,160,0.75,22.5218,34.1152,45.5971,17.4412,12.7368,27.2759,19.6804,30.7486,27.9287
1,265,14,160,1,24.6871,39.7335,52.2166,20.4734,17.4547,32.3386,26.7693,35.2499,36.8981
1,266,14,160,1.5,27.6225,40.9943,55.7492,20.7604,17.5670,32.2393,26.7116,37.0924,37.3903
1,267,14,320,0.75,43.6695,69.3993,91.6002,33.1906,23.7868,55.0718,40.2248,62.1059,56.4585
1,268,14,320,1,47.3786,75.3666,101.9550,36.1876,30.6995,59.2981,49.6743,69.1476,69.8849
1,269,14,320,1.5,52.8631,80.8681,109.9047,39.4020,32.9996,63.6131,52.9210,73.3497,75.6390
1,270,15,10,0.75,2.1023,2.7457,1.9160,4.4724,4.8077,4.2729,4.6773,0.0000,0.0000
1,271,15,10,1,1.2459,0.8015,1.5783,0.0000,0.0000,0.0000,0.0000,0.0000,0.0000
1,272,15,10,1.5,0.2977,0.8577,0.6521,4.5900,4.1406,0.0000,0.0000,4.1691,4.2538
1,273,15,20,0.75,0.8491,1.3122,1.3716,4.2468,4.2941,4.1154,4.1543,3.9119,0.0000
1,274,15,20,1,1.6445,0.7983,2.2702,0.0000,4.3161,0.0000,4.6530,0.0000,0.0000
1,275,15,20,1.5,1.3069,1.1863,1.2172,4.2477,3.9966,0.0000,4.1627,0.0000,0.0000
1,276,15,40,0.75,2.3634,2.1761,2.8133,0.0000,0.0000,0.0000,0.0000,4.5781,0.0000
1,277,15,40,1,2.2493,2.5320,3.5079,0.0000,0.0000,3.9397,0.0000,0.0000,0.0000
1,278,15,40,1.5,2.1881,1.9984,1.7093,0.0000,0.0000,0.0000,0.0000,0.0000,4.1221
1,279,15,80,0.75,5.2143,5.6006,5.5435,4.6846,4.3239,4.9863,4.7376,5.0211,4.6662
1,280,15,80,1,4.9389,5.0238,5.0183,0.0000,4.6873,0.0000,0.0000,0.0000,0.0000
1,281,15,80,1.5,5.3053,4.6782,5.6624,5.1919,4.8735,0.0000,4.2724,5.0553,4.8321
1,282,15,160,0.75,10.1109,9.4166,12.5695,7.3345,6.6145,7.0287,6.7922,8.1250,7.6352
1,283,15,160,1,10.2129,10.7676,11.8941,7.5414,7.3275,7.6277,6.9606,7.8458,8.0233
1,284,15,160,1.5,11.5829,11.8350,13.1619,8.6571,8.5220,8.8312,8.6216,9.1463,8.9757
1,285,15,320,0.75,19.4170,19.4137,22.9434,15.7979,14.2380,15.8844,12.6449,15.8387,14.6203
1,286,15,320,1,21.5636,21.0224,24.7771,14.9166,15.7352,16.0700,14.9142,15.7857,16.7873
1,287,15,320,1.5,22.8328,21.9436,25.9767,17.4706,18.3994,17.9722,16.8033,17.7784,19.3898
1,288,16,10,0.75,0.4882,1.9648,2.7165,4.4122,4.2308,5.0328,5.0754,0.0000,0.0000
1,289,16,10,1,0.6261,1.3399,1.6796,0.0000,0.0000,0.0000,4.3556,0.0000,0.0000
1,290,16,10,1.5,1.3808,1.5487,2.1253,4.5619,4.5228,4.6057,4.3418,4.3316,0.0000
1,291,16,20,0.75,1.8413,1.9882,2.9388,4.0646,0.0000,0.0000,0.0000,4.6631,0.0000
1,292,16,20,1,3.2555,3.4936,4.1904,4.3690,0.0000,0.0000,0.0000,0.0000,0.0000
1,293,16,20,1.5,3.8771,4.2095,4.8207,0.0000,0.0000,4.3208,4.5735,4.0225,4.2587
1,294,16,40,0.75,4.6081,5.8116,7.3421,0.0000,0.0000,5.3662,0.0000,5.4278,0.0000
1,295,16,40,1,5.3142,6.0398,8.0495,5.6953,5.5500,6.1248,5.5746,6.8025,6.2974
1,296,16,40,1.5,7.4175,8.6904,9.8792,5.7318,5.8602,7.0632,6.5967,5.9945,6.8845
1,297,16,80,0.75,12.5427,13.1869,15.9214,8.4840,7.8010,11.4519,9.7694,11.2897,9.2740
1,298,16,80,1,12.8204,13.4804,16.3777,10.6047,11.1273,10.9955,11.3947,11.0361,12.7078
1,299,16,80,1.5,15.1928,15.9290,18.2701,11.7568,12.7116,12.9941,13.8167,11.6260,14.3678
1,300,16,160,0.75,25.2014,26.1167,30.4777,19.9427,18.8406,21.2102,19.6126,20.3536,20.9037
1,301,16,160,1,27.5962,29.1618,33.4007,21.7169,22.9716,24.2463,25.0029,22.0169,25.5840
1,302,16,160,1.5,28.9314,30.0667,35.3348,21.9236,23.8650,24.9227,25.2687,22.7851,25.8346
1,303,16,320,0.75,48.7013,51.5560,61.6568,38.1919,37.5955,42.2232,40.0399,39.2696,40.7861
1,304,16,320,1,54.5902,56.6974,67.8115,42.5851,46.6256,46.7460,49.6247,43.9703,50.8523
1,305,16,320,1.5,57.9354,59.2769,71.8825,44.5157,48.3269,48.3387,50.9713,45.8663,53.6802
1,306,17,10,0.75,2.6637,1.9626,1.7190,4.4815,4.8603,4.0551,4.2641,0.0000,4.7277
1,307,17,10,1,0.8099,0.9086,1.1279,0.0000,0.0000,4.5045,3.9697,0.0000,0.0000
1,308,17,10,1.5,0.2977,1.1022,0.8667,0.0000,0.0000,0.0000,3.9797,0.0000,3.9128
1,309,17,20,0.75,1.4737,1.3670,1.6569,0.0000,0.0000,0.0000,0.0000,0.0000,0.0000
1,310,17,20,1,1.9087,2.3300,2.9870,0.0000,0.0000,0.0000,0.0000,0.0000,0.0000
1,311,17,20,1.5,3.6572,4.0872,3.2386,4.9264,4.4295,5.0557,0.0000,4.6707,0.0000
1,312,17,40,0.75,3.0546,3.6009,3.8654,5.3889,4.6948,4.5768,0.0000,4.9811,0.0000
1,313,17,40,1,2.3344,2.5370,3.4431,0.0000,0.0000,0.0000,0.0000,0.0000,0.0000
1,314,17,40,1.5,2.9821,3.5054,3.0156,3.5931,0.0000,3.7836,4.1769,3.7720,0.0000
1,315,17,80,0.75,6.4915,7.7805,8.1273,5.0676,4.8797,6.2790,6.1132,5.0251,5.3614
1,316,17,80,1,6.9852,7.5222,8.5221,5.9498,5.8950,6.4619,6.8595,7.0085,5.0835
1,317,17,80,1.5,8.8089,8.0961,9.2797,7.8130,7.2983,6.6309,6.8584,7.7801,6.8533
1,318,17,160,0.75,13.6517,14.3920,14.4532,10.0526,8.4342,12.6456,11.0560,9.7362,7.9235
1,319,17,160,1,16.4390,16.5013,17.6193,13.3195,11.2201,14.2047,14.1262,12.6375,10.9297
1,320,17,160,1.5,16.7491,16.3199,19.0169,12.2078,11.5617,13.0738,13.7767,13.4483,11.9050
1,321,17,320,0.75,28.8046,30.2524,32.1898,22.2514,19.0964,25.8021,22.8661,22.5626,17.7816
1,322,17,320,1,30.0967,31.6839,33.1722,22.7007,20.8428,27.0556,25.9765,23.5137,20.9309
1,323,17,320,1.5,35.0241,35.6735,37.9656,27.2707,24.1994,30.3058,28.8118,27.0197,22.9394
1,324,18,10,0.75,1.6326,1.0572,1.6224,0.0000,0.0000,0.0000,0.0000,0.0000,0.0000
1,325,18,10,1,3.0003,2.5893,4.0721,0.0000,0.0000,0.0000,3.5751,0.0000,0.0000
1,326,18,10,1.5,1.7441,0.5134,2.0692,4.6210,4.3802,4.7678,4.6471,4.2688,0.0000
1,327,18,20,0.75,4.3771,4.1682,5.8510,0.0000,0.0000,0.0000,3.8625,0.0000,4.6361
1,328,18,20,1,3.1784,4.2445,6.6636,4.4179,4.6249,0.0000,0.0000,5.1938,5.4691
1,329,18,20,1.5,4.5170,3.8947,7.0744,5.8731,5.9578,5.5452,5.5830,5.9613,6.5503
1,330,18,40,0.75,6.6028,7.0923,10.5513,5.5264,5.3831,5.4409,4.7177,8.1236,7.9258
1,331,18,40,1,7.4586,6.4425,11.8985,6.4301,5.7892,5.2279,4.5532,9.7194,9.3518
1,332,18,40,1.5,7.0325,5.5311,11.0712,6.8404,6.0335,5.2638,4.8341,9.1482,8.6500
1,333,18,80,0.75,12.4148,11.3669,19.3741,10.3940,10.0874,8.8651,7.2883,16.4827,13.6736
1,334,18,80,1,15.0952,14.2763,23.7219,12.5178,12.2915,10.0799,9.0416,19.1772,19.5229
1,335,18,80,1.5,15.9754,14.8853,25.6963,14.2102,12.8554,11.1667,10.2336,21.4238,20.6261
1,336,18,160,0.75,26.6151,26.0845,42.3109,22.2387,19.1062,19.0711,16.2854,35.2839,31.5837
1,337,18,160,1,29.2969,28.5925,48.0479,24.5504,23.4707,20.8790,17.1185,39.9720,38.6745
1,338,18,160,1.5,31.7638,29.0477,50.3984,28.1159,27.1239,22.2023,18.6399,42.3836,41.9225
1,339,18,320,0.75,56.6833,53.7711,88.1077,49.1244,43.2107,40.3783,29.9268,74.4090,64.0418
1,340,18,320,1,58.8974,55.4084,95.4898,51.4195,49.5826,42.3690,33.7481,80.9524,78.1462
1,341,18,320,1.5,65.3507,60.4587,103.3237,57.3307,54.8915,45.7262,36.8063,86.2935,84.8014
1,342,19,10,0.75,2.3292,2.3444,2.5402,0.0000,0.0000,0.0000,0.0000,4.2709,4.4620
1,343,19,10,1,0.9349,-0.3633,0.0580,0.0000,4.5300,4.7385,4.3863,0.0000,0.0000
1,344,19,10,1.5,0.7863,1.6566,0.3539,4.6356,4.4862,0.0000,0.0000,4.4563,4.4726
1,345,19,20,0.75,2.2520,1.4718,2.7703,4.6916,4.5052,3.9941,0.0000,0.0000,4.5982
1,346,19,20,1,1.1473,2.1422,2.1299,0.0000,3.2443,0.0000,0.0000,4.7753,0.0000
1,347,19,20,1.5,1.7161,1.4658,2.6093,4.3551,3.7863,0.0000,0.0000,0.0000,4.2304
1,348,19,40,0.75,2.7010,4.3945,4.5785,3.6314,0.0000,4.2015,0.0000,0.0000,3.9336
1,349,19,40,1,3.5114,4.6792,6.4753,0.0000,4.1040,4.1776,0.0000,5.2728,5.2314
1,350,19,40,1.5,2.8229,4.8693,7.3408,4.9736,4.6690,4.9443,4.4231,5.4563,4.2404
1,351,19,80,0.75,6.4821,9.3838,12.9666,5.6723,0.0000,7.9276,6.1178,9.0976,6.9851
1,352,19,80,1,6.5116,8.5737,13.1138,5.3863,5.5251,7.9701,8.1759,10.4079,10.3826
1,353,19,80,1.5,7.3766,10.0385,15.0531,5.9988,5.3134,9.3727,8.5330,11.2829,9.7688
1,354,19,160,0.75,13.7307,16.6007,23.7846,10.6846,9.5574,13.6785,11.0125,17.6770,13.8440
1,355,19,160,1,12.1519,17.7926,26.2381,8.4298,7.8281,15.3432,13.9387,18.9536,17.1486
1,356,19,160,1.5,14.0885,18.8057,28.4384,10.2431,8.7103,16.4721,14.8919,20.9867,19.0914
1,357,19,320,0.75,25.9484,34.3782,46.5739,18.6709,16.4411,30.0023,24.9088,36.0115,29.6491
1,358,19,320,1,28.1285,38.0463,52.9279,19.6791,19.2127,32.9663,30.9649,39.9033,37.2193
1,359,19,320,1.5,30.4172,39.5583,57.1255,21.5794,20.6853,34.3545,32.4584,41.4526,38.6360
1,360,20,10,0.75,1.2519,1.1251,1.5944,0.0000,0.0000,0.0000,0.0000,3.9109,3.8255
1,361,20,10,1,0.4362,0.8500,2.0145,4.7801,0.0000,4.7371,0.0000,0.0000,0.0000
1,362,20,10,1.5,0.6413,1.4064,1.0589,0.0000,4.0933,0.0000,0.0000,0.0000,0.0000
1,363,20,20,0.75,2.7352,2.0991,0.6215,4.4788,0.0000,0.0000,0.0000,0.0000,0.0000
1,364,20,20,1,2.9968,2.9916,3.4638,4.0909,0.0000,0.0000,0.0000,0.0000,0.0000
1,365,20,20,1.5,3.6689,3.6101,4.1609,4.2333,4.0450,0.0000,4.2346,0.0000,4.4623
1,366,20,40,0.75,5.7846,6.0063,5.6442,6.1373,4.9217,6.1794,4.6209,6.1457,4.3123
1,367,20,40,1,4.3906,4.2077,4.1816,4.1814,0.0000,4.1296,0.0000,0.0000,4.5015
1,368,20,40,1.5,4.3486,3.9810,3.7801,4.8838,0.0000,3.2427,0.0000,0.0000,0.0000
1,369,20,80,0.75,8.0270,8.9361,9.4218,7.9901,6.7065,9.1538,7.6270,9.0607,7.2216
1,370,20,80,1,12.3527,11.6173,13.4008,12.2407,11.5326,11.8484,11.5412,12.9197,11.3919
1,371,20,80,1.5,10.5461,11.1018,11.4722,10.3374,8.8947,10.7578,9.8045,10.9518,9.3118
1,372,20,160,0.75,19.4755,20.7027,21.4206,18.8601,15.5454,20.6013,17.1356,20.1900,15.9315
1,373,20,160,1,20.4356,19.7356,21.2273,19.8576,18.4057,19.5171,18.7842,20.5170,18.3685
1,374,20,160,1.5,23.3086,22.5677,24.0945,23.1602,21.3570,22.9429,21.4579,24.0236,19.0914
1,375,20,320,0.75,38.1152,38.4095,39.8644,37.1270,31.7971,38.2532,32.9375,38.2523,29.7359
1,376,20,320,1,41.2835,42.0235,44.3933,40.5060,37.3838,41.7087,39.7016,42.9700,36.3294
1,377,20,320,1.5,44.9324,43.9984,48.0842,43.9607,40.6650,43.9443,41.9594,45.1733,39.7119
1,378,21,10,0.75,2.8316,2.4221,2.5143,0.0000,0.0000,4.3657,4.2043,4.2889,4.0638
1,379,21,10,1,1.9788,1.5063,0.9607,0.0000,3.3867,0.0000,0.0000,4.0442,0.0000
1,380,21,10,1.5,1.6849,1.1889,2.3834,0.0000,0.0000,4.3191,4.1513,0.0000,4.4548
1,381,21,20,0.75,4.0607,3.6023,5.7789,0.0000,0.0000,4.1558,4.4207,5.0454,4.5225
1,382,21,20,1,2.4121,3.1350,4.4275,0.0000,3.3443,4.2969,4.3563,0.0000,0.0000
1,383,21,20,1.5,2.2501,1.6220,4.3032,0.0000,3.5268,4.3363,4.0279,0.0000,3.2007
1,384,21,40,0.75,4.3531,3.8683,7.1185,0.0000,4.0880,0.0000,0.0000,5.3906,4.8125
1,385,21,40,1,6.9888,5.4397,9.2949,6.3733,6.4164,6.2633,5.2461,7.3183,7.0046
1,386,21,40,1.5,6.7571,5.5589,9.1707,5.7813,5.8335,4.5496,0.0000,7.3532,7.7069
1,387,21,80,0.75,11.1880,10.1111,14.8321,9.4210,9.0422,8.3553,7.4309,11.9507,10.0328
1,388,21,80,1,10.4520,9.4475,16.9183,9.1946,9.3753,7.9308,7.9177,14.1801,13.8555
1,389,21,80,1.5,13.3971,12.0556,20.4759,11.7427,11.6170,9.8172,10.3269,16.3181,16.3217
1,390,21,160,0.75,21.7168,19.4252,31.9383,17.9677,17.4114,14.5946,13.9680,25.9391,22.8257
1,391,21,160,1,24.3687,20.8086,35.2521,21.2808,20.5976,16.1264,17.7756,28.7398,28.3859
1,392,21,160,1.5,26.9133,23.3051,39.1746,22.4255,21.5888,16.3841,17.8137,30.6138,30.6515
1,393,21,320,0.75,43.2003,38.2531,64.0961,36.5787,31.9738,29.0068,27.1604,53.5461,46.5755
1,394,21,320,1,49.7710,43.6797,72.5531,41.7629,42.5600,33.4028,37.0011,59.0616,58.5274
1,395,21,320,1.5,51.8578,44.2046,76.8845,42.8884,42.8895,31.4147,34.8204,60.5926,61.3337
1,396,22,10,0.75,2.0075,1.7094,2.1367,0.0000,0.0000,0.0000,0.0000,0.0000,4.0414
1,397,22,10,1,1.4981,2.7446,2.5054,0.0000,0.0000,3.8163,0.0000,4.3816,4.3762
1,398,22,10,1.5,-0.5790,-0.1840,-0.0513,3.9772,0.0000,4.0968,0.0000,0.0000,0.0000
1,399,22,20,0.75,1.1719,0.5295,0.4880,0.0000,0.0000,4.3812,4.2070,4.5354,4.4478
1,400,22,20,1,1.7471,2.0652,1.3118,3.9168,0.0000,4.2859,4.2014,4.2037,0.0000
1,401,22,20,1.5,-0.2947,0.5044,1.0721,0.0000,0.0000,0.0000,3.4522,4.2897,0.0000
1,402,22,40,0.75,4.4455,4.7061,4.6512,0.0000,0.0000,4.6569,4.1120,0.0000,0.0000
1,403,22,40,1,3.6914,4.2229,4.2539,4.0626,3.6683,4.9123,4.9900,0.0000,4.0209
1,404,22,40,1.5,4.7757,4.9808,5.5801,4.5468,4.7733,5.1301,5.0155,4.6748,4.4234
1,405,22,80,0.75,8.7223,9.3668,8.8377,6.4057,5.6181,8.5598,6.2945,6.1108,5.1500
1,406,22,80,1,6.2176,7.2251,6.4948,4.8691,0.0000,5.7660,5.2676,4.6601,4.9777
1,407,22,80,1.5,8.0162,8.2944,8.0657,7.3652,6.6068,7.8204,6.8954,6.2532,7.1502
1,408,22,160,0.75,12.0936,11.9825,12.4455,8.5984,7.3006,9.1459,7.1221,7.8594,6.9005
1,409,22,160,1,12.1808,14.0064,13.0798,9.9839,9.6771,12.6152,12.2878,10.5271,10.6440
1,410,22,160,1.5,12.7966,13.9429,13.8989,10.3396,10.2719,11.8167,11.4428,9.9666,10.6311
1,411,22,320,0.75,23.0717,26.1132,24.7520,17.2966,15.0738,21.1832,16.8811,15.8691,15.9772
1,412,22,320,1,26.5369,28.8665,28.9255,20.9022,20.4961,25.4072,23.4388,20.5889,22.6395
1,413,22,320,1.5,26.1617,28.0026,27.1006,20.7344,19.8407,24.0758,22.4617,18.8983,20.8853
1,414,23,10,0.75,1.4337,1.5285,3.0554,0.0000,0.0000,0.0000,0.0000,0.0000,0.0000
1,415,23,10,1,3.2630,2.2163,3.3307,4.1879,4.5635,4.0744,0.0000,4.2184,4.1599
1,416,23,10,1.5,3.1907,3.6387,4.3609,0.0000,0.0000,4.3186,0.0000,4.3960,0.0000
1,417,23,20,0.75,2.6504,4.9751,4.8568,0.0000,0.0000,4.7021,0.0000,0.0000,0.0000
1,418,23,20,1,3.3541,3.4596,4.6442,4.7130,4.5054,4.8101,4.0121,5.3411,4.7662
1,419,23,20,1.5,3.8661,2.9061,5.0649,0.0000,5.3266,0.0000,4.5743,5.0256,5.2094
1,420,23,40,0.75,5.6828,8.2365,10.6525,4.9241,5.1263,7.3888,7.0380,9.5834,8.9082
1,421,23,40,1,7.2783,8.7317,10.4705,6.2179,6.6451,8.0587,8.3276,9.4582,9.1080
1,422,23,40,1.5,6.9781,9.0362,11.5366,6.3423,6.9692,8.0151,8.4045,10.3250,10.2218
1,423,23,80,0.75,9.1248,14.4221,17.9980,8.0049,6.8501,12.1476,10.4842,15.8181,14.1413
1,424,23,80,1,13.2894,17.4711,23.0209,11.9564,11.7751,15.3318,15.3192,20.5852,20.8980
1,425,23,80,1.5,14.8434,18.4874,23.8983,12.9582,12.8655,16.5959,16.2153,21.7141,21.7957
1,426,23,160,0.75,24.3663,33.2993,41.6134,20.3857,17.9613,28.3320,25.1538,36.8137,32.6729
1,427,23,160,1,26.6863,34.1924,42.9881,22.7397,23.3012,29.6070,29.4640,38.1650,38.2602
1,428,23,160,1.5,28.4807,37.5809,46.2316,23.5204,24.4224,32.1608,32.6008,40.1385,40.3484
1,429,23,320,0.75,46.7520,65.5734,81.9953,40.3218,36.1142,56.9688,49.9435,73.2506,65.3522
1,430,23,320,1,53.1239,69.7976,88.8377,44.4876,45.1762,60.2058,60.8362,79.1914,79.9347
1,431,23,320,1.5,59.4816,75.6726,95.8857,50.3583,50.0317,65.5531,66.1153,84.7219,84.8398
1,432,24,10,0.75,1.1141,2.5920,3.3513,0.0000,4.3489,4.3761,0.0000,0.0000,4.4959
1,433,24,10,1,1.2008,1.4378,1.0687,0.0000,0.0000,0.0000,0.0000,4.8051,0.0000
1,434,24,10,1.5,2.0855,1.0641,3.6870,4.8445,0.0000,0.0000,3.8543,0.0000,4.1325
1,435,24,20,0.75,5.2400,4.5523,7.2352,5.0724,4.5307,4.5854,0.0000,6.9050,0.0000
1,436,24,20,1,4.7395,4.3498,6.4551,4.7730,5.0552,4.6538,0.0000,5.1391,4.9055
1,437,24,20,1.5,3.8651,4.9287,6.9377,4.8120,4.4640,4.5724,4.1145,4.6385,4.1178
1,438,24,40,0.75,9.1021,7.8990,11.9816,6.5736,4.9844,7.1495,5.2671,8.9243,4.9304
1,439,24,40,1,10.3892,8.2314,14.0029,7.3050,5.9154,7.5711,6.0206,11.4866,7.5191
1,440,24,40,1.5,9.5451,8.5168,13.7963,6.6871,5.6207,8.2643,7.1659,11.1773,6.3143
1,441,24,80,0.75,17.2762,16.9852,24.6150,13.7204,10.4071,16.0927,11.5869,18.2414,10.8894
1,442,24,80,1,19.4559,18.5228,26.6018,13.4982,10.3585,16.4231,13.2413,20.0902,12.2617
1,443,24,80,1.5,19.8482,19.9001,28.7295,14.9993,12.7958,18.7816,15.0347,21.0970,13.3837
1,444,24,160,0.75,36.3123,35.6705,51.7291,27.4881,20.7367,33.1013,23.2972,38.1153,21.5250
1,445,24,160,1,38.9328,37.1912,54.9591,29.8499,25.4759,35.0618,28.7789,40.5868,24.7203
1,446,24,160,1.5,42.7964,38.9139,60.3343,31.6196,27.1454,36.1752,29.7601,44.4332,26.8104
1,447,24,320,0.75,71.4234,68.8664,101.0249,53.6385,41.3420,64.7152,47.6206,74.9915,42.1455
1,448,24,320,1,79.3420,74.5093,110.3095,59.1850,50.6439,70.3363,58.2999,79.8504,51.6860
1,449,24,320,1.5,85.9646,79.8286,118.3920,64.5684,55.0230,75.3845,61.6090,88.1941,54.7745
1,450,25,10,0.75,1.4933,2.2140,2.6274,4.1953,0.0000,0.0000,0.0000,0.0000,0.0000
1,451,25,10,1,1.0440,1.0949,0.9643,0.0000,0.0000,0.0000,0.0000,0.0000,0.0000
1,452,25,10,1.5,0.6787,0.9896,0.8504,0.0000,0.0000,0.0000,0.0000,0.0000,3.4998
1,453,25,20,0.75,1.2323,1.9434,1.6817,0.0000,0.0000,0.0000,0.0000,0.0000,0.0000
1,454,25,20,1,4.9719,5.4184,4.8958,0.0000,4.2031,5.0872,4.8629,4.3821,0.0000
1,455,25,20,1.5,3.4849,4.3893,4.6912,0.0000,0.0000,0.0000,0.0000,4.8861,5.2762
1,456,25,40,0.75,5.4536,5.4833,5.5953,0.0000,4.5205,4.6063,4.0093,4.7977,4.5350
1,457,25,40,1,5.7575,6.5797,7.5813,4.8539,4.6886,5.4116,5.2128,5.3655,5.0804
1,458,25,40,1.5,4.8558,5.2947,5.6684,5.0037,5.5018,5.3104,5.4669,5.0590,5.5794
1,459,25,80,0.75,7.8884,10.7804,11.5829,6.7821,5.9739,9.1289,7.2627,8.7334,8.1967
1,460,25,80,1,9.9348,11.5449,13.5612,9.4792,9.0022,10.6987,9.9385,11.5637,12.5031
1,461,25,80,1.5,11.8207,13.5756,15.3366,10.4074,10.1524,11.5375,9.9564,11.9407,13.4062
1,462,25,160,0.75,17.1819,21.6637,23.7894,13.9330,11.7411,17.7441,14.6576,17.8045,15.4938
1,463,25,160,1,17.8271,22.1114,25.6481,16.0891,15.2682,18.4905,16.1118,20.9972,21.1750
1,464,25,160,1.5,21.0401,25.1911,27.6204,17.8805,15.8892,20.4026,17.7342,21.6720,21.2610
1,465,25,320,0.75,35.5642,44.5405,47.8994,30.6524,26.9256,36.1829,29.3817,36.2256,33.9302
1,466,25,320,1,38.4558,47.4957,51.5608,32.8203,31.3330,40.1821,35.7603,40.3326,42.1765
1,467,25,320,1.5,42.6166,50.5750,55.8027,37.5493,35.1187,42.5567,37.0102,45.3135,45.4682
1,468,26,10,0.75,0.8834,0.8842,2.2581,0.0000,0.0000,0.0000,0.0000,0.0000,0.0000
1,469,26,10,1,0.4929,1.2371,1.6983,4.3710,4.3644,0.0000,0.0000,0.0000,0.0000
1,470,26,10,1.5,2.4721,1.8740,1.7292,0.0000,3.8556,0.0000,4.1087,0.0000,3.8726
1,471,26,20,0.75,3.3230,3.6203,3.1915,0.0000,0.0000,0.0000,3.9507,3.9093,4.0898
1,472,26,20,1,2.3225,2.8609,2.8514,4.4609,0.0000,0.0000,0.0000,0.0000,0.0000
1,473,26,20,1.5,0.7911,1.1609,1.5413,4.6540,0.0000,4.4633,4.4211,0.0000,4.2494
1,474,26,40,0.75,3.4615,3.4033,3.8692,4.3233,4.3014,4.4375,4.4202,4.3104,4.2851
1,475,26,40,1,1.8174,2.5824,2.9655,0.0000,0.0000,0.0000,0.0000,0.0000,0.0000
1,476,26,40,1.5,5.0804,5.4872,6.7001,4.7274,4.7490,4.9092,5.3160,4.9263,5.0326
1,477,26,80,0.75,8.1810,8.8926,9.0420,6.6410,6.5774,7.4825,7.2264,7.1818,7.0095
1,478,26,80,1,6.8857,8.9887,9.5159,5.8902,6.3767,7.8179,8.2599,7.1890,7.4714
1,479,26,80,1.5,8.3765,9.4814,9.3352,7.7346,7.8904,8.9598,9.3931,7.7101,8.4178
1,480,26,160,0.75,15.8868,17.6026,18.5255,14.3033,12.6128,16.3463,13.9542,15.8310,14.2742
1,481,26,160,1,16.0409,17.8770,19.0011,14.3402,14.5229,16.9009,16.4426,15.1466,14.9637
1,482,26,160,1.5,18.5219,20.7131,22.1168,16.5772,17.1392,19.6811,19.0857,18.4810,19.0945
1,483,26,320,0.75,29.3183,33.5619,35.2573,25.1702,22.6507,30.8166,26.7982,27.9723,25.6201
1,484,26,320,1,30.0710,33.6882,34.9945,26.3177,26.3139,30.8422,29.4776,27.8055,27.5012
1,485,26,320,1.5,33.9988,37.2021,39.7237,30.2120,29.9786,33.9270,32.5585,32.3017,32.2516
1,486,27,10,0.75,1.8894,1.0866,3.4132,0.0000,0.0000,0.0000,0.0000,4.6596,4.5454
1,487,27,10,1,4.1152,4.5592,4.4266,0.0000,0.0000,0.0000,0.0000,4.5275,0.0000
1,488,27,10,1.5,2.3917,3.5015,4.1615,4.4384,0.0000,0.0000,0.0000,0.0000,4.7567
1,489,27,20,0.75,3.4901,7.0884,7.7719,3.8734,0.0000,5.2739,4.3902,4.1957,4.4325
1,490,27,20,1,4.0843,7.5494,7.8781,3.7875,3.7785,5.4602,5.6334,5.3258,4.8845
1,491,27,20,1.5,5.1377,7.5256,8.6352,0.0000,0.0000,5.6514,5.8727,5.2213,4.8478
1,492,27,40,0.75,9.8243,14.4413,17.3622,8.2282,7.2715,9.7148,8.7514,9.2554,9.1949
1,493,27,40,1,6.3793,12.9535,16.1825,5.6672,5.2586,8.5691,7.9568,10.2796,8.4508
1,494,27,40,1.5,9.4132,14.4168,17.6239,7.7399,7.0486,9.8846,10.3792,10.3613,9.6755
1,495,27,80,0.75,16.3684,23.1785,29.6222,13.4582,11.4841,15.8492,13.5049,15.8135,12.6829
1,496,27,80,1,17.7235,24.7076,32.6260,14.4034,14.7893,16.8429,17.9982,17.6517,17.5547
1,497,27,80,1.5,19.4883,27.3294,34.9548,15.9285,15.3409,18.9208,19.4553,17.8399,19.0148
1,498,27,160,0.75,29.8600,47.2051,58.7055,23.9924,20.2405,29.6149,27.1729,30.9950,27.2279
1,499,27,160,1,36.9223,53.6749,67.1140,29.6015,29.1222,34.8842,37.2986,34.7370,36.9512
1,500,27,160,1.5,40.6313,54.7421,70.4036,32.8818,31.2351,35.5322,37.9764,36.1669,37.9858
1,501,27,320,0.75,65.4467,94.9555,118.6445,53.1646,46.1049,62.4187,58.8821,62.1279,56.8589
1,502,27,320,1,73.8172,105.6064,132.5265,59.1206,57.2147,67.8096,71.9866,69.9167,70.7612
1,503,27,320,1.5,77.3996,110.1841,140.3942,60.7921,58.2522,69.2851,73.4897,76.6393,71.5746
1,504,28,10,0.75,1.0503,0.6717,1.7687,4.3085,4.2456,0.0000,4.2312,4.7495,4.8507
1,505,28,10,1,2.0682,1.7224,2.9715,0.0000,3.7759,0.0000,0.0000,0.0000,0.0000
1,506,28,10,1.5,4.0608,2.9467,4.4049,0.0000,0.0000,0.0000,0.0000,0.0000,4.3869
1,507,28,20,0.75,0.8585,2.3569,6.1068,4.0197,0.0000,0.0000,0.0000,0.0000,0.0000
1,508,28,20,1,3.7425,5.3324,7.0254,0.0000,0.0000,0.0000,4.8128,4.8047,6.1679
1,509,28,20,1.5,6.2971,6.9740,8.9890,5.2833,4.9453,6.0428,5.8817,5.0125,5.7984
1,510,28,40,0.75,8.5395,8.7381,13.0195,6.1270,6.5338,6.1559,6.3306,6.7830,8.8662
1,511,28,40,1,8.5537,10.1468,13.4268,6.9766,7.4012,7.6136,8.9338,6.5820,9.0060
1,512,28,40,1.5,8.8857,8.6941,12.9838,6.8049,6.7027,6.5920,6.9183,5.7644,8.7830
1,513,28,80,0.75,14.7373,17.9216,23.8191,12.8024,12.6854,15.1614,14.9043,11.3545,15.3160
1,514,28,80,1,17.0023,19.7492,25.0639,13.6241,15.4084,14.9504,16.9148,13.5484,19.3205
1,515,28,80,1.5,16.9505,19.5035,27.4951,12.7965,13.6787,14.6987,15.4392,15.6503,17.2203
1,516,28,160,0.75,32.4624,35.7449,49.6654,25.1427,25.3366,28.1936,26.5691,27.1811,29.7735
1,517,28,160,1,34.3323,39.6896,53.6852,28.2642,29.8389,31.6632,34.4430,27.0232,37.5466
1,518,28,160,1.5,38.1317,39.7503,55.0144,30.2046,31.7836,31.0266,32.3949,28.5787,36.4661
1,519,28,320,0.75,60.7466,70.2362,94.7207,47.7744,46.6380,54.7365,52.1735,48.7378,57.8447
1,520,28,320,1,67.7510,76.3561,106.3921,54.8150,58.8459,59.1338,65.9388,51.6199,71.8114
1,521,28,320,1.5,73.2998,80.5221,112.0501,58.2850,63.3180,62.4823,68.8072,55.5640,75.2388
1,522,29,10,0.75,0.7622,-0.1179,0.3190,4.3321,0.0000,3.8611,3.9401,0.0000,0.0000
1,523,29,10,1,1.4221,1.5189,1.9176,0.0000,0.0000,0.0000,4.0480,4.2672,0.0000
1,524,29,10,1.5,1.7380,0.8702,2.2978,0.0000,0.0000,0.0000,0.0000,0.0000,0.0000
1,525,29,20,0.75,1.5145,3.2352,4.4781,0.0000,0.0000,0.0000,0.0000,0.0000,0.0000
1,526,29,20,1,2.6055,2.3376,3.4369,0.0000,0.0000,4.2041,0.0000,0.0000,4.3137
1,527,29,20,1.5,1.8795,2.5314,3.0066,0.0000,0.0000,0.0000,0.0000,0.0000,0.0000
1,528,29,40,0.75,5.5313,6.4550,7.4409,4.9705,4.5694,6.0390,5.3091,5.3785,4.6327
1,529,29,40,1,6.3840,8.5092,7.5802,5.1390,5.7195,6.7517,7.3686,6.1198,5.1714
1,530,29,40,1.5,10.2893,10.7676,11.4604,7.7791,6.8210,7.8163,8.1030,8.2446,7.2392
1,531,29,80,0.75,9.6948,11.9761,13.2547,8.3711,7.5046,10.1305,9.1381,10.7215,8.6232
1,532,29,80,1,12.7899,15.8591,15.1272,9.6305,10.3758,13.0426,13.2901,10.5192,11.0849
1,533,29,80,1.5,12.1509,13.7064,15.2682,9.8773,9.5682,10.9652,12.0996,12.4163,9.9333
1,534,29,160,0.75,22.5113,27.1983,30.1093,18.6438,16.4609,21.1659,20.5221,23.9033,18.2944
1,535,29,160,1,27.4285,31.8362,34.5970,22.6595,23.0236,25.2161,27.8863,26.8853,24.2583
1,536,29,160,1.5,28.6893,31.7705,35.7551,23.9311,23.7320,25.6325,28.2040,29.9357,26.2368
1,537,29,320,0.75,45.1426,54.5604,61.0403,36.7314,32.8569,42.0079,41.7548,48.5401,38.5692
1,538,29,320,1,50.7154,58.7961,66.2521,42.1331,40.9726,44.9261,51.0991,53.3471,47.2528
1,539,29,320,1.5,55.8432,63.1293,70.0074,45.7414,43.5526,48.5456,54.4866,56.8422,50.1424
1,540,30,10,0.75,1.1078,-0.1173,-0.5053,0.0000,0.0000,0.0000,0.0000,0.0000,0.0000
1,541,30,10,1,0.3358,0.5560,1.3320,4.3223,4.8673,0.0000,0.0000,0.0000,0.0000
1,542,30,10,1.5,3.0814,3.4953,2.9909,0.0000,0.0000,4.1126,0.0000,4.2758,0.0000
1,543,30,20,0.75,2.5078,4.6254,4.7854,0.0000,0.0000,0.0000,0.0000,0.0000,0.0000
1,544,30,20,1,2.8183,4.2003,4.3301,4.1159,0.0000,0.0000,4.2027,0.0000,0.0000
1,545,30,20,1.5,2.8657,4.4169,5.3140,4.9431,0.0000,4.8968,0.0000,5.8144,5.4003
1,546,30,40,0.75,5.6829,6.3121,7.6459,5.5403,5.5942,6.5609,6.2576,6.6629,6.8433
1,547,30,40,1,5.1192,7.1667,8.8395,4.8732,4.9110,6.6139,6.5134,8.2576,8.9068
1,548,30,40,1.5,5.9026,8.2637,8.9578,5.1903,5.0910,7.2644,7.1381,8.0830,7.8531
1,549,30,80,0.75,11.4475,14.3082,16.5473,10.2636,9.8754,13.4027,11.6835,14.4099,13.6067
1,550,30,80,1,13.1205,15.4588,18.3061,11.8238,12.6911,14.6822,14.8392,15.8623,16.3253
1,551,30,80,1.5,14.4583,17.2486,22.6867,13.2136,12.9105,16.5042,15.2134,20.2940,20.0268
1,552,30,160,0.75,23.8683,29.0272,31.6919,21.2853,19.7416,27.1242,23.8386,27.0925,25.1224
1,553,30,160,1,24.6258,31.2589,36.5325,21.8091,22.5560,29.1791,28.1763,32.1670,32.5249
1,554,30,160,1.5,28.5407,32.5419,38.0468,25.6239,26.2580,30.9947,31.2233,32.8118,33.9992
1,555,30,320,0.75,44.0917,56.6266,65.0353,40.0271,37.8806,53.4408,47.1893,56.7434,52.0374
1,556,30,320,1,51.1729,63.5351,73.4029,45.7607,47.8770,60.2190,58.8169,64.4624,64.5562
1,557,30,320,1.5,54.4654,65.1864,76.7463,48.4174,49.6584,61.1777,60.0017,66.8021,68.6307
1,558,31,10,0.75,2.9470,3.6724,3.3698,4.4197,0.0000,0.0000,0.0000,0.0000,0.0000
1,559,31,10,1,2.8250,2.1348,2.9231,0.0000,0.0000,0.0000,0.0000,4.3433,4.4152
1,560,31,10,1.5,1.8462,3.0837,4.3667,3.7649,0.0000,0.0000,0.0000,0.0000,4.6109
1,561,31,20,0.75,5.2887,6.6454,7.2067,3.8318,0.0000,5.0792,4.7197,0.0000,4.3718
1,562,31,20,1,3.8571,5.6204,6.6054,4.3614,0.0000,5.0668,5.0749,0.0000,3.9143
1,563,31,20,1.5,4.6115,6.3950,5.4110,4.9629,3.7948,5.1120,0.0000,5.3506,4.5426
1,564,31,40,0.75,6.3340,9.9623,12.5066,4.9556,4.6562,7.9490,6.9616,7.7026,5.6444
1,565,31,40,1,8.6727,10.9346,12.3140,6.5680,6.8408,9.0099,8.8513,6.4923,7.6695
1,566,31,40,1.5,9.3777,11.6341,13.5639,6.6421,6.6219,9.3848,9.1423,7.6607,7.5112
1,567,31,80,0.75,15.9334,19.5706,22.6817,9.4733,10.5684,15.9106,13.6237,11.0987,11.9893
1,568,31,80,1,15.5145,20.9588,25.1487,9.1395,10.8302,16.9257,15.9405,12.9668,14.9297
1,569,31,80,1.5,17.9537,22.7261,25.8748,10.5474,12.5407,17.3357,15.8973,13.6684,15.5711
1,570,31,160,0.75,29.2527,38.5489,46.9735,16.6675,18.7906,29.3127,24.6066,24.4123,24.7316
1,571,31,160,1,32.7344,42.5738,50.3616,20.1488,23.9964,33.1379,31.6105,24.9477,30.2375
1,572,31,160,1.5,35.1135,45.3365,55.3002,22.7570,25.1400,36.4047,33.8144,28.0869,32.6164
1,573,31,320,0.75,58.0243,77.2415,92.7050,33.5558,38.6251,58.5133,48.8406,45.8593,50.9698
1,574,31,320,1,66.1168,86.1135,102.9833,38.3761,48.2685,65.4019,62.8207,51.1360,62.6724
1,575,31,320,1.5,70.5019,90.4696,108.2999,42.1550,49.4710,69.6484,65.1680,54.4975,64.7074
1,576,32,10,0.75,0.2625,1.3396,1.4438,4.6131,0.0000,0.0000,4.5826,0.0000,0.0000
1,577,32,10,1,1.3801,1.3391,2.2772,3.2497,0.0000,0.0000,0.0000,0.0000,0.0000
1,578,32,10,1.5,2.4630,2.4056,3.0995,4.0624,3.8953,0.0000,0.0000,0.0000,4.1181
1,579,32,20,0.75,2.6932,3.7072,4.1608,0.0000,0.0000,4.6338,4.4891,0.0000,0.0000
1,580,32,20,1,2.4835,2.9230,3.8748,0.0000,4.2044,3.9661,0.0000,0.0000,0.0000
1,581,32,20,1.5,2.0004,1.6223,2.5175,3.7560,0.0000,0.0000,0.0000,3.6936,3.3668
1,582,32,40,0.75,4.8546,4.6763,5.3841,0.0000,0.0000,4.2774,4.1193,0.0000,0.0000
1,583,32,40,1,4.9672,4.9763,5.6180,0.0000,4.2011,0.0000,4.3905,4.0664,4.4028
1,584,32,40,1.5,6.1907,7.0604,6.9582,5.0886,5.1763,4.7686,5.0223,0.0000,4.5514
1,585,32,80,0.75,10.2700,10.7993,11.6073,7.9189,8.9371,7.7415,7.8392,6.1938,8.4822
1,586,32,80,1,11.5136,13.0836,14.3148,9.3926,9.6544,8.7022,9.1846,7.0543,9.0971
1,587,32,80,1.5,12.7404,13.2981,14.7036,9.2077,9.4613,8.2592,9.9537,7.0084,9.0944
1,588,32,160,0.75,22.9798,24.5758,26.2773,16.4788,17.3195,16.1299,15.8524,12.8514,15.5492
1,589,32,160,1,21.8949,23.7673,25.9908,16.0226,17.6816,15.1433,17.2069,11.5192,16.1573
1,590,32,160,1.5,23.2045,24.4061,26.0865,17.3134,19.8632,16.9091,18.0074,13.4834,18.0945
1,591,32,320,0.75,43.9258,47.6671,50.6454,32.7139,32.7747,32.8533,31.4228,24.5582,29.1281
1,592,32,320,1,44.5217,47.4615,51.2491,33.2015,36.6750,32.3134,35.1530,23.9782,33.0518
1,593,32,320,1.5,49.6948,52.6226,57.3174,34.4544,40.2996,33.0318,35.3522,28.0474,36.0083
1,594,33,10,0.75,2.3628,2.2917,3.4850,0.0000,4.0750,3.4887,3.4091,0.0000,0.0000
1,595,33,10,1,2.2429,2.9550,3.1749,5.0804,0.0000,0.0000,0.0000,4.4504,4.4033
1,596,33,10,1.5,0.8570,0.4880,0.5846,0.0000,0.0000,4.1490,4.2248,0.0000,3.9775
1,597,33,20,0.75,3.9178,3.7848,5.8627,0.0000,4.0421,0.0000,0.0000,5.2442,0.0000
1,598,33,20,1,5.3933,5.5053,5.9627,4.4998,0.0000,4.8383,4.6295,4.7065,0.0000
1,599,33,20,1.5,3.0503,3.9583,5.1599,0.0000,5.0320,4.0469,4.3756,5.1431,5.2989
1,600,33,40,0.75,5.6004,5.4369,9.2521,0.0000,0.0000,4.8607,4.5405,5.9270,5.0001
1,601,33,40,1,5.3128,6.6233,9.7055,4.6843,4.4421,5.9678,5.4488,6.6826,5.3576
1,602,33,40,1.5,8.7030,8.4373,12.6083,6.3469,5.5306,6.7042,5.8099,8.6495,7.7258
1,603,33,80,0.75,14.4310,14.4675,20.3160,10.3562,7.8177,11.3066,8.1708,13.9268,11.0268
1,604,33,80,1,14.9159,15.4344,23.0137,10.8826,9.7943,11.8952,10.3176,15.0969,14.2023
1,605,33,80,1.5,16.4898,15.5706,24.8055,12.3011,10.5361,12.2362,10.1198,16.3436,14.8375
1,606,33,160,0.75,29.7512,30.9894,42.9639,21.1029,16.3258,23.4574,19.3544,27.4517,22.3196
1,607,33,160,1,30.6712,30.6523,44.5043,21.6416,18.6003,22.5672,20.8607,29.0257,26.2289
1,608,33,160,1.5,30.8253,30.3875,45.5703,22.3793,19.6292,23.2947,19.0008,30.0647,26.8221
1,609,33,320,0.75,53.3718,54.6945,80.3619,36.9738,27.4712,41.1135,33.1899,51.2037,39.8880
1,610,33,320,1,59.2621,60.6954,88.8919,42.1776,36.4300,45.5184,39.8998,57.3760,51.3132
1,611,33,320,1.5,63.9627,63.3393,94.6713,45.0992,37.5941,47.1420,40.2725,61.1419,53.5548
1,612,34,10,0.75,1.6192,2.9104,4.0466,4.5915,4.0952,4.7903,4.4843,4.5806,0.0000
1,613,34,10,1,1.3765,1.1720,4.3423,4.4242,0.0000,0.0000,4.4534,0.0000,4.0477
1,614,34,10,1.5,1.4189,0.6808,3.5047,4.2143,0.0000,0.0000,0.0000,0.0000,0.0000
1,615,34,20,0.75,3.5782,3.5594,6.8410,0.0000,4.4868,0.0000,0.0000,6.5151,5.8425
1,616,34,20,1,2.2183,1.6072,6.8130,0.0000,0.0000,4.1644,4.3661,6.8478,5.9391
1,617,34,20,1.5,2.1000,1.6831,8.5231,0.0000,0.0000,0.0000,0.0000,8.5192,7.4717
1,618,34,40,0.75,4.5134,3.4892,12.2360,4.7126,0.0000,0.0000,4.1447,11.9859,9.7431
1,619,34,40,1,6.9427,6.0292,15.2384,6.6014,6.1009,5.1956,5.3011,14.9346,14.1796
1,620,34,40,1.5,8.0489,7.3260,16.9274,8.2012,7.7457,7.0912,6.7491,17.0579,16.0171
1,621,34,80,0.75,13.2368,11.4352,28.6102,12.7418,11.3182,9.7622,9.1090,27.8681,24.3549
1,622,34,80,1,15.8279,14.1291,30.4868,15.9670,15.9076,13.5130,13.9056,30.4465,30.3082
1,623,34,80,1.5,15.5412,13.2044,30.7932,15.2035,14.9690,11.5114,11.7083,30.3402,29.6736
1,624,34,160,0.75,26.4699,23.1435,54.5377,25.8697,22.3175,20.6840,18.3222,53.2784,45.8806
1,625,34,160,1,30.3125,25.3570,60.6998,29.7437,28.5650,23.1413,23.2330,60.0204,59.0314
1,626,34,160,1.5,30.3419,26.0916,62.8877,29.6553,27.7578,23.6312,23.2242,62.2312,59.3348
1,627,34,320,0.75,53.8574,46.6922,110.6745,52.9867,46.3389,42.3111,37.9948,108.3624,94.6841
1,628,34,320,1,59.0638,50.0123,119.6014,58.1431,55.9877,45.2180,46.2916,117.6862,115.5627
1,629,34,320,1.5,65.4010,53.5634,127.6050,63.7340,59.9851,48.1928,48.3777,125.4388,121.7471
1,630,35,10,0.75,2.0600,2.6821,4.8025,0.0000,0.0000,0.0000,0.0000,0.0000,0.0000
1,631,35,10,1,1.6623,2.0856,4.1313,0.0000,3.8800,4.4935,0.0000,3.9660,0.0000
1,632,35,10,1.5,2.0079,1.2247,3.5166,0.0000,0.0000,0.0000,0.0000,0.0000,0.0000
1,633,35,20,0.75,5.5624,4.8754,7.4963,5.1098,4.9396,4.6089,4.3474,6.1131,4.7258
1,634,35,20,1,5.9374,3.3300,8.2604,0.0000,3.8523,0.0000,0.0000,5.7759,4.9158
1,635,35,20,1.5,6.6047,3.1652,9.1745,4.2561,0.0000,4.1692,4.0318,6.1529,5.3516
1,636,35,40,0.75,9.3964,4.9153,14.3198,6.0103,5.6425,0.0000,0.0000,10.3293,9.0672
1,637,35,40,1,11.8437,6.8504,17.3165,7.8146,7.3303,6.9112,6.3578,11.1055,8.7997
1,638,35,40,1.5,11.8530,6.6659,16.8841,7.7990,6.8684,5.8964,6.1332,11.9613,9.9120
1,639,35,80,0.75,19.3614,11.9381,28.7893,12.2832,11.5850,9.8468,9.1959,20.2286,14.8377
1,640,35,80,1,22.2064,14.2800,32.8361,16.4992,15.0055,11.3041,11.7249,23.4325,18.9627
1,641,35,80,1.5,25.0397,13.7206,37.2510,17.8188,14.1936,11.5860,10.7958,26.2630,21.6935
1,642,35,160,0.75,38.8370,21.9148,58.6741,26.6669,21.2525,18.4252,16.3344,41.5651,30.3301
1,643,35,160,1,42.0198,24.9725,65.3158,28.7862,25.6793,21.5107,21.8177,46.3891,38.8254
1,644,35,160,1.5,46.4554,27.0629,69.2860,32.3738,28.2420,23.2714,23.2927,48.7693,39.7125
1,645,35,320,0.75,75.3492,46.4142,115.3471,51.1669,42.7965,40.4446,35.3722,81.8384,59.6885
1,646,35,320,1,85.7878,51.5213,129.5756,58.8513,53.8650,44.5419,44.4063,90.4950,75.3595
1,647,35,320,1.5,95.4434,54.1925,141.7370,64.3945,57.0990,46.7795,46.2405,97.1360,79.5155
2,0,0,10,0.75,0.4728,0.3308,0.9844,0.0000,0.0000,0.0000,3.4320,0.0000,0.0000
2,1,0,10,1,0.7892,1.2848,1.1487,0.0000,0.0000,3.7204,0.0000,0.0000,0.0000
2,2,0,10,1.5,0.6848,0.7510,0.7373,4.2577,0.0000,3.8681,3.9065,4.0721,4.1471
2,3,0,20,0.75,0.2268,1.0728,0.9114,0.0000,4.3084,0.0000,0.0000,0.0000,0.0000
2,4,0,20,1,2.5324,1.9140,1.9763,0.0000,0.0000,0.0000,3.8776,0.0000,0.0000
2,5,0,20,1.5,1.7753,2.0452,1.3276,0.0000,3.7520,0.0000,4.3389,0.0000,0.0000
2,6,0,40,0.75,2.3600,2.8137,1.5907,0.0000,4.6297,0.0000,4.4923,0.0000,0.0000
2,7,0,40,1,2.3312,2.6702,2.8903,3.7721,0.0000,0.0000,0.0000,0.0000,0.0000
2,8,0,40,1.5,1.4063,2.2415,2.3191,3.9495,3.7794,0.0000,0.0000,0.0000,0.0000
2,9,0,80,0.75,3.6424,4.7514,5.0821,4.1878,4.0245,4.7697,4.5520,0.0000,0.0000
2,10,0,80,1,3.2147,3.8698,4.1195,4.4813,0.0000,4.4793,4.4758,0.0000,0.0000
2,11,0,80,1.5,3.6429,4.9770,5.4136,0.0000,0.0000,4.8979,4.9662,4.4718,4.9347
2,12,0,160,0.75,5.8870,6.9752,7.0192,5.7907,5.5934,6.7903,6.7188,6.5903,6.3250
2,13,0,160,1,6.8497,8.4823,8.1299,5.7840,6.1430,6.9123,7.1462,6.8581,6.7346
2,14,0,160,1.5,7.4248,9.1790,9.6878,6.6939,6.9165,7.3015,8.3136,7.6609,8.5149
2,15,0,320,0.75,12.7592,16.7594,17.2760,10.5643,10.2386,14.3026,12.6064,14.9423,12.1376
2,16,0,320,1,11.5637,14.8245,15.2239,10.1277,10.9777,12.3265,12.9457,12.3722,12.3281
2,17,0,320,1.5,11.6118,16.0773,16.2240,9.4854,10.1383,13.2030,13.1508,12.5810,12.2108
2,18,1,10,0.75,-0.5348,0.9667,0.6160,0.0000,0.0000,0.0000,0.0000,4.3859,0.0000
2,19,1,10,1,0.3654,-0.1212,-0.0810,0.0000,0.0000,4.1659,0.0000,4.1115,0.0000
2,20,1,10,1.5,3.2988,2.2800,2.4806,0.0000,0.0000,0.0000,0.0000,4.0317,0.0000
2,21,1,20,0.75,1.9368,1.4902,2.0067,0.0000,0.0000,0.0000,0.0000,0.0000,4.1287
2,22,1,20,1,3.0209,2.4386,2.1832,0.0000,4.0409,0.0000,0.0000,0.0000,0.0000
2,23,1,20,1.5,1.0700,1.4392,2.4319,0.0000,0.0000,3.8788,4.2540,0.0000,0.0000
2,24,1,40,0.75,1.7083,0.9251,1.9488,4.1836,0.0000,4.1148,3.9033,0.0000,0.0000
2,25,1,40,1,1.1650,1.0292,2.4721,0.0000,0.0000,3.4252,3.4767,3.7817,0.0000
2,26,1,40,1.5,2.9481,1.7102,2.3557,5.1452,4.6928,4.1029,4.3973,4.6821,4.1279
2,27,1,80,0.75,4.0379,2.9024,3.8185,4.9787,5.1768,4.9909,4.5838,0.0000,0.0000
2,28,1,80,1,5.5619,5.9817,6.0616,5.0485,4.5394,5.2814,5.4303,4.8467,4.6308
2,29,1,80,1.5,5.4040,4.7235,6.7044,4.0769,0.0000,0.0000,0.0000,5.6739,0.0000
2,30,1,160,0.75,9.1365,8.8094,10.4675,7.9662,7.0044,8.3205,7.4211,8.5795,7.1474
2,31,1,160,1,9.2655,9.2470,12.1496,8.3025,7.8427,8.5024,7.9766,10.0417,9.6893
2,32,1,160,1.5,7.7697,8.1975,10.6397,6.2160,5.4445,7.4127,7.2525,7.3173,6.8114
2,33,1,320,0.75,15.2297,14.0627,18.8904,11.7341,9.7996,13.5002,11.4725,13.7163,11.6066
2,34,1,320,1,19.0193,16.2829,22.5301,15.0663,15.0293,15.2171,14.0111,16.5009,15.3589
2,35,1,320,1.5,20.2293,17.4497,24.1820,16.3695,16.1145,16.0523,15.2912,18.9920,18.3790
2,36,2,10,0.75,1.2270,1.0235,1.8097,0.0000,0.0000,4.3755,4.3158,4.1732,0.0000
2,37,2,10,1,-0.7543,-0.9682,-0.4950,0.0000,4.3087,0.0000,0.0000,0.0000,4.3519
2,38,2,10,1.5,1.2045,2.1158,1.7333,0.0000,0.0000,0.0000,3.8341,0.0000,3.9085
2,39,2,20,0.75,-1.6220,-1.6808,-1.1646,4.2163,4.1339,4.7341,4.5428,4.5474,0.0000
2,40,2,20,1,1.5813,0.3461,-0.0065,0.0000,0.0000,0.0000,0.0000,4.1162,0.0000
2,41,2,20,1.5,1.0469,1.0382,1.1086,0.0000,3.0798,0.0000,0.0000,0.0000,0.0000
2,42,2,40,0.75,2.0155,1.4255,2.7464,0.0000,0.0000,0.0000,0.0000,0.0000,0.0000
2,43,2,40,1,2.0683,2.0640,1.6068,0.0000,0.0000,0.0000,0.0000,0.0000,0.0000
2,44,2,40,1.5,1.0275,1.8131,1.8125,0.0000,0.0000,0.0000,4.1549,0.0000,4.2426
2,45,2,80,0.75,2.0757,2.7340,2.0184,0.0000,0.0000,0.0000,0.0000,4.1195,4.5627
2,46,2,80,1,2.6683,3.3350,3.2625,0.0000,0.0000,0.0000,0.0000,0.0000,0.0000
2,47,2,80,1.5,4.6730,4.3402,3.9117,4.5358,4.4188,4.4638,3.8922,4.4413,4.2211
2,48,2,160,0.75,5.7222,5.9408,6.4728,5.6184,5.1749,5.3571,5.1932,4.6333,4.8113
2,49,2,160,1,7.2991,7.5660,8.3279,5.0726,5.9858,5.7715,5.8261,5.0457,5.1077
2,50,2,160,1.5,6.9823,6.7669,6.6462,5.4452,4.6946,4.9134,5.1497,4.8150,4.8279
2,51,2,320,0.75,12.9087,14.6216,14.5361,10.2532,9.9713,11.9425,11.0786,9.2078,6.6480
2,52,2,320,1,15.3331,16.7225,17.4345,11.6380,13.0936,13.8555,13.5380,9.6631,8.8251
2,53,2,320,1.5,14.8978,15.1595,15.2536,11.0561,11.5880,12.9694,12.1347,9.6645,8.3498
2,54,3,10,0.75,0.1573,-0.7963,0.1361,4.8148,4.7305,4.1447,0.0000,0.0000,0.0000
2,55,3,10,1,-0.1288,0.0591,0.0214,0.0000,0.0000,0.0000,0.0000,4.5289,4.6749
2,56,3,10,1.5,1.6995,2.3524,2.5513,0.0000,4.3285,0.0000,3.9046,0.0000,0.0000
2,57,3,20,0.75,1.5944,2.9560,1.5786,0.0000,0.0000,0.0000,4.7049,0.0000,4.2219
2,58,3,20,1,-1.2565,-1.7908,-1.0136,0.0000,0.0000,0.0000,0.0000,4.3536,4.6442
2,59,3,20,1.5,0.0004,2.0382,0.8446,0.0000,0.0000,4.7319,4.5690,4.4596,0.0000
2,60,3,40,0.75,2.4659,4.4272,3.6440,0.0000,0.0000,0.0000,0.0000,0.0000,0.0000
2,61,3,40,1,3.0230,3.9590,3.2702,4.0256,0.0000,0.0000,3.9639,0.0000,0.0000
2,62,3,40,1.5,1.8850,2.0055,2.5803,4.7054,0.0000,0.0000,3.5154,0.0000,3.3472
2,63,3,80,0.75,3.1963,3.1331,3.4051,0.0000,4.0743,0.0000,0.0000,4.3094,0.0000
2,64,3,80,1,3.1175,2.9172,4.3127,0.0000,4.2495,0.0000,0.0000,4.6722,4.9652
2,65,3,80,1.5,4.2973,3.0034,4.5564,4.9258,5.4786,0.0000,0.0000,0.0000,4.2949
2,66,3,160,0.75,7.0400,7.5998,9.0281,7.1078,6.6113,7.1672,5.9738,9.1089,7.6337
2,67,3,160,1,8.1907,8.5596,9.8677,7.5201,7.8263,8.7050,8.6566,9.7275,9.6448
2,68,3,160,1.5,8.8030,8.5818,9.0283,8.5177,8.6207,7.9778,8.3494,8.5859,7.8232
2,69,3,320,0.75,13.4695,14.9735,15.9624,12.9892,11.0777,14.4993,12.0229,15.4065,12.7855
2,70,3,320,1,15.6140,16.9401,17.9173,14.7566,14.2733,16.1566,16.1829,17.2772,16.5823
2,71,3,320,1.5,17.9619,17.4193,18.9231,17.6303,16.6523,17.0661,15.3104,18.8072,17.5956
2,72,4,10,0.75,-0.6112,-0.7825,-0.9393,3.7534,0.0000,4.0523,0.0000,0.0000,0.0000
2,73,4,10,1,0.0626,0.4800,0.1230,0.0000,0.0000,0.0000,0.0000,0.0000,0.0000
2,74,4,10,1.5,0.3443,0.1962,1.0454,0.0000,3.5514,0.0000,0.0000,0.0000,0.0000
2,75,4,20,0.75,0.9750,-0.7013,0.3970,0.0000,0.0000,0.0000,0.0000,0.0000,0.0000
2,76,4,20,1,-1.2140,-0.0511,-0.4293,0.0000,0.0000,4.0824,4.1620,3.9443,3.3182
2,77,4,20,1.5,0.1188,-1.3850,0.5731,0.0000,0.0000,0.0000,0.0000,0.0000,4.5099
2,78,4,40,0.75,2.3846,1.5069,1.0657,4.8587,4.9650,0.0000,0.0000,0.0000,0.0000
2,79,4,40,1,1.4713,-0.3332,0.5507,0.0000,0.0000,4.0934,4.6390,0.0000,0.0000
2,80,4,40,1.5,1.5731,0.8186,2.3702,0.0000,4.8027,0.0000,0.0000,4.2359,4.3086
2,81,4,80,0.75,2.3236,-0.1347,3.0591,0.0000,0.0000,0.0000,0.0000,0.0000,0.0000
2,82,4,80,1,2.1856,1.9611,4.1128,4.2975,4.0428,4.2007,0.0000,0.0000,0.0000
2,83,4,80,1.5,2.2885,1.4886,4.2730,0.0000,4.3814,0.0000,0.0000,0.0000,0.0000
2,84,4,160,0.75,6.5135,3.2366,6.7130,6.1929,5.1097,0.0000,0.0000,6.1122,5.2973
2,85,4,160,1,4.7453,1.1126,5.5270,4.8259,0.0000,0.0000,0.0000,5.4644,4.4866
2,86,4,160,1.5,7.4340,3.5338,9.6685,6.9898,6.2161,4.3761,4.2583,8.7278,7.4749
2,87,4,320,0.75,10.6561,6.8269,14.4952,10.3532,8.6978,6.3117,0.0000,13.4149,10.0502
2,88,4,320,1,11.0925,4.7058,14.9794,10.3026,9.0895,4.9146,4.8112,12.5049,11.2964
2,89,4,320,1.5,13.3129,6.9937,17.3366,12.2639,10.3072,5.8908,0.0000,15.1228,12.4249
2,90,5,10,0.75,1.9247,-0.0569,1.8580,0.0000,0.0000,3.7487,3.8690,4.2849,4.3094
2,91,5,10,1,0.7839,0.1979,0.7951,0.0000,0.0000,0.0000,0.0000,0.0000,4.1947
2,92,5,10,1.5,-0.1884,-0.1059,-0.2775,0.0000,0.0000,0.0000,0.0000,0.0000,0.0000
2,93,5,20,0.75,0.2783,-0.4502,-0.3741,0.0000,0.0000,0.0000,0.0000,4.6467,0.0000
2,94,5,20,1,0.7464,-0.4074,-1.1008,0.0000,3.8863,0.0000,0.0000,0.0000,0.0000
2,95,5,20,1.5,2.6215,2.1384,2.9289,4.3922,4.3519,4.5061,4.0525,4.7083,4.3547
2,96,5,40,0.75,2.6982,2.4881,2.7217,0.0000,3.2609,0.0000,3.4882,3.9379,3.4939
2,97,5,40,1,3.3028,3.1126,2.6840,0.0000,0.0000,4.3595,0.0000,0.0000,0.0000
2,98,5,40,1.5,0.9948,0.9623,0.8155,0.0000,0.0000,3.9418,0.0000,4.2053,3.5938
2,99,5,80,0.75,4.8097,3.3945,4.5262,4.8891,0.0000,0.0000,0.0000,4.7500,4.7029
2,100,5,80,1,4.1741,3.3164,3.5461,0.0000,4.3005,0.0000,0.0000,4.1235,4.0172
2,101,5,80,1.5,3.3093,1.2910,2.2141,5.1452,4.7717,0.0000,0.0000,0.0000,0.0000
2,102,5,160,0.75,7.1362,5.6475,6.0725,7.3402,6.3734,5.5021,5.1045,6.1486,5.9212
2,103,5,160,1,9.3691,6.2230,6.5056,9.1957,8.7433,6.2604,5.9184,6.1679,5.6800
2,104,5,160,1.5,7.1528,3.6419,5.4742,6.9679,6.0834,4.6299,4.7994,5.6686,5.2016
2,105,5,320,0.75,14.2773,9.9777,10.3839,14.2267,12.0622,9.9379,9.3544,10.4247,9.5400
2,106,5,320,1,14.4766,8.9677,9.2775,14.4235,14.0827,9.2155,9.3452,9.2553,9.3330
2,107,5,320,1.5,13.9794,8.0725,10.2819,13.5459,12.4714,7.6257,7.2161,9.7187,8.0644
2,108,6,10,0.75,0.3500,0.5515,2.2197,0.0000,0.0000,0.0000,0.0000,0.0000,3.9731
2,109,6,10,1,0.8488,0.5377,0.6939,0.0000,0.0000,0.0000,0.0000,5.0494,5.3203
2,110,6,10,1.5,1.9192,1.9291,3.2319,4.3629,4.4783,0.0000,4.6194,0.0000,0.0000
2,111,6,20,0.75,1.6291,0.8373,1.9238,0.0000,0.0000,0.0000,3.3050,0.0000,0.0000
2,112,6,20,1,3.1827,2.9084,4.6891,0.0000,0.0000,0.0000,0.0000,0.0000,0.0000
2,113,6,20,1.5,-0.6013,0.5853,2.6821,4.7678,4.0989,5.0755,4.0031,4.6340,3.8868
2,114,6,40,0.75,2.7265,1.4502,4.8661,0.0000,0.0000,0.0000,0.0000,0.0000,0.0000
2,115,6,40,1,3.8528,3.7519,6.7948,0.0000,4.4348,4.7468,4.1927,4.5758,0.0000
2,116,6,40,1.5,2.1887,1.6198,6.3779,0.0000,0.0000,0.0000,4.2757,4.8963,0.0000
2,117,6,80,0.75,4.6754,6.2403,10.1735,3.9855,0.0000,5.6516,5.2862,6.3692,5.7231
2,118,6,80,1,5.1762,5.7312,11.1143,5.0820,4.5112,5.1771,5.0090,6.4008,6.9067
2,119,6,80,1.5,5.5010,6.3892,12.1275,5.1534,4.9317,5.5021,6.0075,7.8082,6.6385
2,120,6,160,0.75,9.6866,12.3373,21.5921,7.8648,6.9141,10.0140,10.2895,13.6713,10.8846
2,121,6,160,1,11.0961,12.2211,23.5417,8.2250,7.6902,10.4339,11.0402,13.9447,13.1771
2,122,6,160,1.5,12.6583,13.9357,24.9114,9.7152,8.2899,11.0506,11.6586,15.1568,12.6490
2,123,6,320,0.75,19.8974,23.3823,42.7577,14.9535,12.3764,18.5534,17.7988,25.0023,20.9359
2,124,6,320,1,22.5995,24.4980,45.6277,16.7152,15.2541,19.4766,20.9637,26.9435,23.6384
2,125,6,320,1.5,25.6647,27.5038,52.0351,19.9068,17.0109,20.9808,22.7412,29.0549,27.0468
2,126,7,10,0.75,-0.2873,0.7656,-0.2260,0.0000,0.0000,0.0000,0.0000,0.0000,0.0000
2,127,7,10,1,0.7293,0.9517,0.7084,0.0000,0.0000,0.0000,0.0000,0.0000,0.0000
2,128,7,10,1.5,1.4775,0.8604,2.0166,4.1810,0.0000,0.0000,4.1695,0.0000,0.0000
2,129,7,20,0.75,1.9459,3.1406,3.2802,0.0000,0.0000,4.5561,0.0000,0.0000,4.0694
2,130,7,20,1,2.4807,2.2767,3.7485,0.0000,0.0000,0.0000,0.0000,4.6994,0.0000
2,131,7,20,1.5,0.6816,0.9474,0.9788,0.0000,0.0000,0.0000,0.0000,0.0000,0.0000
2,132,7,40,0.75,3.6347,3.7331,5.3897,0.0000,3.5133,0.0000,4.0203,0.0000,0.0000
2,133,7,40,1,3.9451,3.7414,5.1575,4.5853,4.1894,4.4655,0.0000,0.0000,4.9203
2,134,7,40,1.5,3.8352,4.1673,4.5462,0.0000,4.2550,0.0000,4.8282,0.0000,0.0000
2,135,7,80,0.75,5.2409,5.6539,7.1187,4.8578,4.7893,5.4598,5.2187,5.7684,5.2487
2,136,7,80,1,7.0177,6.8114,10.0713,5.8893,5.7901,5.8863,6.3447,6.3330,7.9350
2,137,7,80,1.5,6.7117,7.0005,8.5481,6.1065,6.2060,6.5837,6.5205,6.7292,7.1412
2,138,7,160,0.75,10.5673,11.0860,15.8972,9.4760,8.3500,9.8122,8.6839,11.0750,10.8172
2,139,7,160,1,11.3018,12.7431,17.4744,9.1365,10.0875,11.2460,11.3519,11.3731,14.5395
2,140,7,160,1.5,14.2298,15.3926,18.8466,12.2444,12.1892,13.2918,14.0239,12.9012,14.0795
2,141,7,320,0.75,22.0717,23.3764,29.5486,19.4529,17.1224,19.8226,18.8282,22.0392,21.3788
2,142,7,320,1,26.4885,27.8654,35.5924,22.1372,22.6955,23.2451,25.1991,25.5684,29.1983
2,143,7,320,1.5,26.6851,28.0793,35.9198,21.7242,22.8797,24.0862,25.6338,24.6322,29.6249
2,144,8,10,0.75,-0.3422,0.2997,-0.6699,4.3125,3.3994,0.0000,0.0000,0.0000,0.0000
2,145,8,10,1,-0.0522,0.3723,0.2970,0.0000,0.0000,0.0000,0.0000,4.5973,0.0000
2,146,8,10,1.5,0.6179,2.1031,1.1021,0.0000,0.0000,0.0000,0.0000,4.1246,3.7947
2,147,8,20,0.75,0.3712,0.2175,0.7336,0.0000,0.0000,0.0000,0.0000,0.0000,0.0000
2,148,8,20,1,0.7189,0.2234,0.5678,0.0000,0.0000,0.0000,0.0000,0.0000,0.0000
2,149,8,20,1.5,2.0169,2.3969,2.0948,0.0000,0.0000,0.0000,4.0172,4.7183,0.0000
2,150,8,40,0.75,2.7517,2.4242,2.4989,0.0000,0.0000,0.0000,0.0000,0.0000,4.3961
2,151,8,40,1,0.6380,-0.4123,0.2396,0.0000,0.0000,0.0000,0.0000,0.0000,0.0000
2,152,8,40,1.5,4.4831,4.4427,4.8206,0.0000,0.0000,5.0575,4.2137,0.0000,0.0000
2,153,8,80,0.75,4.6685,3.3877,5.2470,4.5607,4.5029,0.0000,0.0000,4.4836,4.5891
2,154,8,80,1,3.1426,1.5165,3.4053,4.5127,4.3678,0.0000,0.0000,0.0000,0.0000
2,155,8,80,1.5,4.7365,4.8218,5.2739,0.0000,0.0000,0.0000,0.0000,5.2230,4.9175
2,156,8,160,0.75,7.3631,6.4342,7.7829,6.6299,6.5939,5.8457,0.0000,6.2132,6.7323
2,157,8,160,1,9.0325,8.0659,9.1819,7.2810,7.8859,6.7753,6.5108,6.9272,8.6076
2,158,8,160,1.5,9.3257,8.9078,9.6605,8.3578,9.0051,7.9711,7.9798,8.0013,8.6980
2,159,8,320,0.75,14.6709,12.9357,16.2188,12.7592,10.8041,11.1403,8.7369,13.4961,11.4180
2,160,8,320,1,15.3844,13.7630,16.9296,12.7798,13.1927,11.5170,11.4513,13.3665,13.3917
2,161,8,320,1.5,17.4294,16.4052,19.6917,15.1923,15.2260,13.7862,13.6319,16.3911,17.9642
2,162,9,10,0.75,2.3189,3.3697,2.9654,0.0000,0.0000,0.0000,0.0000,0.0000,4.2029
2,163,9,10,1,0.0938,-0.7472,0.1355,0.0000,0.0000,0.0000,0.0000,0.0000,0.0000
2,164,9,10,1.5,0.9013,0.9868,1.3715,0.0000,0.0000,0.0000,3.4312,0.0000,0.0000
2,165,9,20,0.75,3.1445,3.1334,1.6366,4.2445,0.0000,0.0000,0.0000,0.0000,0.0000
2,166,9,20,1,3.3389,3.0088,2.8670,0.0000,4.2136,0.0000,0.0000,4.7526,4.7004
2,167,9,20,1.5,4.4391,5.2392,4.4906,4.7754,4.2110,5.6401,4.9237,4.6813,4.0330
2,168,9,40,0.75,4.8980,5.3067,5.6113,0.0000,0.0000,5.0610,4.2671,0.0000,4.6483
2,169,9,40,1,5.2316,6.1643,4.7509,5.4222,4.6711,6.2426,5.7270,5.0512,4.1763
2,170,9,40,1.5,6.1565,6.6390,5.4595,5.2744,4.2559,6.0187,5.5840,4.7857,0.0000
2,171,9,80,0.75,8.7754,9.5376,9.8162,7.6029,5.8516,8.8998,6.9841,7.5021,6.6510
2,172,9,80,1,7.8561,8.2172,8.5420,7.2158,6.1125,8.0931,7.2924,6.9437,6.4355
2,173,9,80,1.5,9.8519,10.2998,11.7522,8.8878,6.6194,9.8784,8.6799,9.0460,8.5952
2,174,9,160,0.75,16.6435,18.9319,19.6426,15.5892,10.6772,18.0197,14.0744,15.3665,14.2561
2,175,9,160,1,18.3177,20.0824,21.5343,16.5901,12.2239,19.0938,16.7935,16.1146,17.4048
2,176,9,160,1.5,19.1246,22.5151,21.7010,17.7399,13.6105,21.0961,19.4638,17.0930,16.8270
2,177,9,320,0.75,30.8341,37.1430,37.0227,29.8895,21.4865,35.9195,29.3570,30.3988,25.4068
2,178,9,320,1,36.0437,42.0700,41.2366,33.7334,26.7051,39.7612,37.6472,32.7308,30.9237
2,179,9,320,1.5,39.7524,45.1484,43.5731,36.2751,27.2217,42.6959,38.3965,35.0150,32.6080
2,180,10,10,0.75,-0.8089,0.5256,0.2250,0.0000,0.0000,0.0000,0.0000,0.0000,4.2118
2,181,10,10,1,-1.5087,-1.8657,-0.2103,4.6484,3.9769,0.0000,0.0000,0.0000,4.2698
2,182,10,10,1.5,1.8725,1.2149,1.7749,0.0000,0.0000,0.0000,4.2126,4.3019,4.2947
2,183,10,20,0.75,-0.5930,-0.1548,-0.7673,0.0000,2.9352,0.0000,3.5820,0.0000,0.0000
2,184,10,20,1,1.0015,0.2206,0.0713,0.0000,0.0000,4.9901,5.1188,0.0000,0.0000
2,185,10,20,1.5,0.4517,0.6597,0.9809,0.0000,4.0669,3.8770,3.8816,4.0659,0.0000
2,186,10,40,0.75,1.5197,1.7644,2.3812,0.0000,0.0000,0.0000,0.0000,0.0000,0.0000
2,187,10,40,1,1.3488,1.5468,1.9477,0.0000,0.0000,0.0000,3.7203,4.1505,4.0257
2,188,10,40,1.5,3.0346,3.3884,3.0775,0.0000,3.7399,3.7992,0.0000,3.6209,3.5330
2,189,10,80,0.75,4.0450,2.9161,4.2272,4.2984,0.0000,0.0000,0.0000,4.5558,4.5417
2,190,10,80,1,4.1773,2.7852,3.7318,4.3028,0.0000,0.0000,0.0000,4.0513,0.0000
2,191,10,80,1.5,2.3371,2.3699,2.8222,0.0000,0.0000,0.0000,0.0000,0.0000,4.6278
2,192,10,160,0.75,7.4291,5.6797,7.9468,6.7919,6.3427,5.7153,5.0664,7.3132,6.7329
2,193,10,160,1,8.5487,5.7044,8.4784,7.4075,8.0505,5.6705,5.2373,7.9204,8.5521
2,194,10,160,1.5,9.2372,5.5957,9.7048,8.7916,8.3948,5.3682,5.7280,9.1723,8.5376
2,195,10,320,0.75,14.1174,10.7343,15.4873,12.8257,11.2243,10.3904,8.8336,14.4514,12.2938
2,196,10,320,1,15.8751,11.4243,16.6258,14.5460,14.0717,10.7470,10.0940,15.0927,15.0368
2,197,10,320,1.5,17.7090,12.9339,17.9372,15.9005,16.0630,12.4940,11.7049,16.8770,16.5536
2,198,11,10,0.75,0.1616,0.3337,0.4440,0.0000,4.1991,0.0000,0.0000,4.9602,0.0000
2,199,11,10,1,0.5943,1.2873,1.1939,0.0000,0.0000,0.0000,0.0000,0.0000,0.0000
2,200,11,10,1.5,-1.6080,-1.4790,-0.3388,0.0000,0.0000,0.0000,0.0000,0.0000,0.0000
2,201,11,20,0.75,0.3617,0.0168,0.4692,0.0000,0.0000,0.0000,4.0060,4.7437,4.6572
2,202,11,20,1,-0.0376,0.1526,-0.3787,4.0364,0.0000,0.0000,0.0000,0.0000,4.5152
2,203,11,20,1.5,2.1805,1.2788,1.3982,0.0000,4.0173,0.0000,3.3765,0.0000,0.0000
2,204,11,40,0.75,3.4321,2.4255,2.8369,0.0000,0.0000,0.0000,4.3591,0.0000,0.0000
2,205,11,40,1,3.9482,3.4552,2.9504,4.6880,4.8713,5.0363,5.3085,4.9296,5.0684
2,206,11,40,1.5,3.2464,4.0477,4.9147,4.2796,3.7248,4.3286,0.0000,4.8339,4.2511
2,207,11,80,0.75,4.4074,6.6232,7.0522,4.6796,0.0000,6.4768,6.3665,6.0367,5.5297
2,208,11,80,1,7.5194,7.3551,8.5267,6.6857,6.1390,6.4584,6.1438,6.9316,5.9745
2,209,11,80,1.5,5.7428,7.5474,9.5576,5.3726,5.1921,6.8838,7.2660,7.3871,7.6891
2,210,11,160,0.75,11.9817,13.1813,14.5718,10.9013,9.3538,12.1313,10.6310,11.3466,9.3343
2,211,11,160,1,13.1226,15.1376,16.6274,11.7695,11.0953,13.5604,13.3787,12.6869,13.1986
2,212,11,160,1.5,16.4005,16.8761,19.2863,14.4113,13.5013,15.6459,15.1196,15.1872,14.3161
2,213,11,320,0.75,23.4133,26.5141,30.5533,21.3402,17.8723,23.8680,21.0877,23.8802,20.5590
2,214,11,320,1,27.0555,28.5955,32.6852,24.6954,22.8594,24.5916,24.9015,25.7216,23.9932
2,215,11,320,1.5,27.5791,31.3282,35.4882,24.9190,22.6116,27.5261,26.2305,27.0747,24.9427
2,216,12,10,0.75,0.2050,1.2107,-0.0212,3.8032,3.7599,0.0000,4.5030,0.0000,0.0000
2,217,12,10,1,0.9241,1.4170,2.4214,0.0000,0.0000,0.0000,0.0000,0.0000,0.0000
2,218,12,10,1.5,1.0119,0.6052,0.1825,0.0000,0.0000,4.3933,0.0000,0.0000,0.0000
2,219,12,20,0.75,0.4400,1.5814,1.6369,0.0000,3.9730,0.0000,4.0592,0.0000,0.0000
2,220,12,20,1,0.7307,2.1664,1.4801,0.0000,0.0000,0.0000,4.3174,0.0000,4.5630
2,221,12,20,1.5,-0.8591,-0.3109,-0.3967,4.2290,4.0989,0.0000,3.8199,0.0000,0.0000
2,222,12,40,0.75,3.8243,4.1684,4.3364,0.0000,0.0000,0.0000,0.0000,4.3714,0.0000
2,223,12,40,1,2.0885,3.2947,2.6094,0.0000,4.0740,0.0000,4.1983,0.0000,0.0000
2,224,12,40,1.5,1.1884,1.9709,2.2494,0.0000,0.0000,0.0000,0.0000,0.0000,0.0000
2,225,12,80,0.75,3.7326,3.9003,4.4496,0.0000,3.8027,0.0000,0.0000,3.8475,0.0000
2,226,12,80,1,2.7109,3.8483,4.5302,0.0000,0.0000,0.0000,4.3316,4.7310,4.6102
2,227,12,80,1.5,5.6009,6.0140,5.9299,5.3362,5.0532,5.5742,5.4696,0.0000,5.1834
2,228,12,160,0.75,5.8426,8.8268,6.7545,5.7264,5.5240,9.0727,7.5940,6.4424,5.6422
2,229,12,160,1,10.0036,12.3525,11.7399,9.7772,8.4242,11.3983,10.5030,10.3280,7.5809
2,230,12,160,1.5,10.5532,13.0738,11.2962,9.8783,8.5347,12.3059,11.0852,10.4846,9.1597
2,231,12,320,0.75,17.3624,20.5538,20.7249,15.8713,12.0009,19.1812,15.6564,18.9244,12.7458
2,232,12,320,1,18.1153,21.3982,21.2993,17.1777,15.3058,20.2880,18.8412,19.0063,15.5700
2,233,12,320,1.5,22.1136,24.7588,25.3357,20.6179,16.2502,23.1685,20.3470,22.9108,17.9275
2,234,13,10,0.75,0.3087,0.8912,0.2209,0.0000,0.0000,3.8093,3.6425,3.9959,0.0000
2,235,13,10,1,0.5750,0.4047,0.4187,0.0000,0.0000,0.0000,0.0000,0.0000,0.0000
2,236,13,10,1.5,2.3653,2.8741,2.7833,4.2260,0.0000,4.4814,4.3783,4.1079,4.1279
2,237,13,20,0.75,3.6377,2.6876,3.0309,4.6408,4.4806,4.4238,3.7165,0.0000,0.0000
2,238,13,20,1,3.4905,1.5798,5.0608,0.0000,0.0000,0.0000,0.0000,0.0000,0.0000
2,239,13,20,1.5,3.0512,2.5656,4.6649,0.0000,0.0000,0.0000,3.6199,0.0000,0.0000
2,240,13,40,0.75,5.3448,3.5347,5.9924,5.2226,0.0000,4.8941,0.0000,6.0378,5.6005
2,241,13,40,1,3.3731,1.5444,3.7243,0.0000,0.0000,0.0000,0.0000,0.0000,0.0000
2,242,13,40,1.5,6.6429,4.1687,6.8996,6.0909,5.7390,4.7667,4.6350,6.5967,6.2554
2,243,13,80,0.75,9.9627,7.0812,10.7907,9.8765,7.7332,6.7767,5.4783,10.4251,8.0552
2,244,13,80,1,12.2810,8.4487,14.9972,11.5883,9.7269,7.7353,6.3054,14.0657,12.6909
2,245,13,80,1.5,12.5073,8.1595,13.9574,12.0463,9.8483,7.6418,6.2075,13.1086,11.0202
2,246,13,160,0.75,19.6722,15.1286,24.1123,18.3934,14.8887,13.5209,10.8568,22.1288,16.4240
2,247,13,160,1,21.3121,15.1024,25.0375,20.1210,17.4925,13.7266,11.4427,22.7982,18.1480
2,248,13,160,1.5,24.4939,18.1560,27.5052,23.9193,20.1688,17.2336,14.4877,25.8007,22.5933
2,249,13,320,0.75,37.5256,28.0093,45.1300,35.6565,27.9471,25.2654,18.6797,41.5440,32.8175
2,250,13,320,1,43.3696,31.0053,51.2125,40.4430,34.8836,27.0961,24.2292,46.7277,39.1867
2,251,13,320,1.5,46.6483,33.4304,54.4596,44.8802,38.5761,30.8286,26.5033,51.4487,43.3655
2,252,14,10,0.75,1.1868,2.6409,3.1517,4.2295,0.0000,0.0000,0.0000,0.0000,0.0000
2,253,14,10,1,0.6345,2.4547,3.7903,0.0000,0.0000,0.0000,0.0000,3.8040,0.0000
2,254,14,10,1.5,-0.0594,1.4852,3.3133,0.0000,4.3723,0.0000,0.0000,0.0000,0.0000
2,255,14,20,0.75,2.7199,3.2464,5.0001,0.0000,0.0000,4.3535,0.0000,0.0000,0.0000
2,256,14,20,1,3.0924,4.5007,6.0984,0.0000,0.0000,0.0000,0.0000,5.0202,0.0000
2,257,14,20,1.5,2.5969,6.1001,6.7683,0.0000,0.0000,4.9626,4.2986,4.9586,4.5386
2,258,14,40,0.75,6.8037,8.3129,11.6163,5.1502,4.8739,7.2726,6.7382,7.1725,6.7215
2,259,14,40,1,7.0740,9.2702,12.1643,5.6614,4.6303,7.4633,6.2859,8.0255,7.4293
2,260,14,40,1.5,6.4105,10.5546,13.9997,5.6916,4.5986,8.3654,6.6322,10.7234,9.9773
2,261,14,80,0.75,10.0860,16.5253,21.2324,8.4758,6.6647,13.0815,9.8114,14.2395,13.1719
2,262,14,80,1,12.3465,20.1445,25.7325,9.3611,7.5048,15.8808,12.8456,17.0731,17.1176
2,263,14,80,1.5,12.8713,20.7203,28.2802,9.8288,8.7802,16.3449,13.6641,18.0905,19.5724
2,264,14,160,0.75,20.7320,34.6826,47.3705,15.3351,11.6373,26.7711,20.0274,31.7664,28.2694
2,265,14,160,1,25.2892,39.2113,51.6360,19.6795,16.3145,31.4218,26.0325,34.5012,35.9363
2,266,14,160,1.5,27.6964,40.7377,54.4417,19.5985,16.4766,31.1573,25.8335,35.7247,37.6382
2,267,14,320,0.75,44.7789,70.1611,92.4386,36.6638,27.3288,56.9288,42.2559,61.8515,56.4435
2,268,14,320,1,47.7568,74.5720,101.8814,35.1878,29.3848,58.2600,48.8772,69.1560,70.1709
2,269,14,320,1.5,51.6695,78.9390,109.2686,38.7385,32.8347,62.3695,52.3080,71.6801,74.1774
2,270,15,10,0.75,-0.1647,0.5108,0.4384,3.3996,0.0000,0.0000,0.0000,0.0000,0.0000
2,271,15,10,1,1.4973,0.8226,0.8141,0.0000,0.0000,0.0000,0.0000,0.0000,0.0000
2,272,15,10,1.5,0.4802,0.6541,1.2791,4.3255,3.9176,4.3994,0.0000,0.0000,0.0000
2,273,15,20,0.75,2.4269,1.3556,2.6930,4.4188,0.0000,3.5942,0.0000,4.3969,0.0000
2,274,15,20,1,1.5984,1.0398,1.5640,4.2563,0.0000,0.0000,0.0000,0.0000,0.0000
2,275,15,20,1.5,0.2315,1.5659,1.4445,4.7016,0.0000,0.0000,0.0000,0.0000,4.0879
2,276,15,40,0.75,2.6949,3.1262,2.8659,4.1072,0.0000,4.1413,0.0000,0.0000,0.0000
2,277,15,40,1,1.1061,0.5653,2.0408,0.0000,0.0000,0.0000,0.0000,0.0000,3.8948
2,278,15,40,1.5,3.1955,1.9100,3.8661,0.0000,4.1083,3.9075,0.0000,0.0000,0.0000
2,279,15,80,0.75,4.2693,4.1561,5.1030,0.0000,0.0000,0.0000,0.0000,0.0000,4.3712
2,280,15,80,1,4.3434,4.3126,5.1886,0.0000,0.0000,0.0000,4.0905,4.8487,4.4126
2,281,15,80,1.5,5.7514,5.3216,7.8899,5.4667,5.3202,5.3155,4.5622,5.1044,4.8351
2,282,15,160,0.75,10.4360,9.5881,11.0602,6.9527,7.5179,6.9690,6.5112,6.4623,6.7221
2,283,15,160,1,11.5542,10.4597,13.8140,9.6184,10.0810,8.8388,8.7155,10.8221,11.3866
2,284,15,160,1.5,10.3849,10.0776,11.8154,7.9227,8.8118,7.5394,7.5211,7.7258,8.9842
2,285,15,320,0.75,18.2381,18.5446,22.8236,14.5744,12.8973,14.7667,12.3227,16.3693,14.6533
2,286,15,320,1,21.1142,21.0856,24.9163,16.4981,16.5866,17.6330,16.3006,17.6074,17.9885
2,287,15,320,1.5,22.4059,20.7318,25.2933,17.1235,17.0763,16.9059,14.7028,16.6875,17.2500
2,288,16,10,0.75,1.8484,0.6271,0.6714,4.1726,0.0000,4.3159,4.2806,0.0000,3.9292
2,289,16,10,1,1.3889,1.9076,2.8263,0.0000,0.0000,0.0000,4.5302,0.0000,0.0000
2,290,16,10,1.5,1.8646,1.9968,2.5060,0.0000,0.0000,0.0000,0.0000,0.0000,0.0000
2,291,16,20,0.75,3.7185,2.7763,3.9152,0.0000,0.0000,0.0000,0.0000,0.0000,0.0000
2,292,16,20,1,2.4210,2.2497,4.2323,4.0834,0.0000,0.0000,4.3458,4.6561,4.5131
2,293,16,20,1.5,3.1421,3.3415,3.6643,4.2530,4.3837,4.0076,0.0000,4.8485,4.3363
2,294,16,40,0.75,5.1980,5.9453,6.5576,4.3818,0.0000,5.2077,4.6787,4.2493,4.0482
2,295,16,40,1,5.5913,6.2075,8.0385,5.6534,5.8454,5.9952,5.6966,6.0779,6.2560
2,296,16,40,1.5,8.4380,8.3544,9.1748,6.6719,7.3088,6.9838,7.6439,6.9432,7.1779
2,297,16,80,0.75,13.1289,12.7603,15.8599,11.0486,10.3805,11.4634,10.6086,11.5776,11.3812
2,298,16,80,1,13.1848,13.4243,16.5056,11.0159,11.8419,11.7436,12.5344,11.4386,13.2270
2,299,16,80,1.5,15.6262,16.0184,17.8658,12.4321,13.9000,13.8303,14.1105,12.5236,15.2344
2,300,16,160,0.75,24.5318,25.1582,30.9238,19.5800,17.9913,20.8105,19.3934,20.3044,20.9961
2,301,16,160,1,28.5833,28.8565,34.6210,23.7214,23.9379,23.7863,25.1426,24.0271,26.1336
2,302,16,160,1.5,27.8511,29.0880,34.7749,21.5873,23.5398,24.2796,25.1959,22.3052,26.5896
2,303,16,320,0.75,48.5757,52.3689,62.4285,38.5460,37.7283,43.3005,40.6745,39.8713,41.6821
2,304,16,320,1,55.2634,57.9677,67.8774,43.5789,46.3809,48.0255,50.4679,44.9872,50.9858
2,305,16,320,1.5,58.0600,59.7947,72.4813,44.4468,48.1382,49.2257,51.3665,45.8837,53.8934
2,306,17,10,0.75,2.1248,2.1999,0.6863,4.2533,0.0000,0.0000,3.7931,3.7320,0.0000
2,307,17,10,1,-1.4133,-1.9928,-1.7564,4.3564,4.1632,0.0000,0.0000,0.0000,0.0000
2,308,17,10,1.5,1.2829,1.8251,1.1203,0.0000,0.0000,0.0000,0.0000,0.0000,0.0000
2,309,17,20,0.75,1.5267,2.6976,2.5074,0.0000,0.0000,0.0000,0.0000,0.0000,0.0000
2,310,17,20,1,0.8239,0.6700,1.3672,0.0000,0.0000,0.0000,0.0000,4.0591,3.6264
2,311,17,20,1.5,2.3550,2.5427,2.0214,3.1943,0.0000,4.8999,4.8034,0.0000,0.0000
2,312,17,40,0.75,2.5454,2.5874,3.5735,0.0000,0.0000,0.0000,4.4525,0.0000,3.9129
2,313,17,40,1,2.4042,3.1952,3.6769,4.2651,0.0000,0.0000,0.0000,4.4201,0.0000
2,314,17,40,1.5,5.3972,4.9676,5.7029,4.1903,4.3523,0.0000,4.7402,0.0000,4.9612
2,315,17,80,0.75,9.6910,10.2403,9.0473,7.9604,7.1543,8.9271,7.7386,7.6815,6.8696
2,316,17,80,1,6.6672,8.0535,8.3450,5.7683,5.4620,7.3006,7.0058,5.8897,7.0277
2,317,17,80,1.5,8.8884,8.3002,9.5451,6.6187,6.5983,6.4938,7.3211,7.3508,5.9743
2,318,17,160,0.75,12.9483,14.4205,14.7967,9.6471,7.9316,12.0547,11.1758,10.0059,8.1396
2,319,17,160,1,17.1515,17.6917,18.9873,11.8163,12.6736,15.2596,14.6528,11.7680,13.1622
2,320,17,160,1.5,14.9692,16.3921,18.1350,11.2033,8.8576,14.1162,12.1959,14.0621,11.2275
2,321,17,320,0.75,27.8325,29.0915,31.6174,20.5199,17.7138,23.4770,20.7990,21.1927,16.7584
2,322,17,320,1,32.0925,34.1442,35.2011,24.4601,22.2869,29.3961,27.8638,24.3417,22.1207
2,323,17,320,1.5,32.5206,33.0516,35.1923,25.5696,21.1168,27.1783,28.0086,24.8408,21.4722
2,324,18,10,0.75,2.2915,2.1943,3.9632,0.0000,4.6700,4.3174,4.3538,0.0000,4.5197
2,325,18,10,1,1.8442,2.0871,3.7552,0.0000,0.0000,4.6751,4.8011,4.0478,0.0000
2,326,18,10,1.5,1.5194,1.8641,2.4408,4.7428,5.2235,4.4794,5.2382,0.0000,4.1508
2,327,18,20,0.75,2.6054,4.0690,5.2910,0.0000,4.3852,3.6187,4.6093,5.1300,4.4508
2,328,18,20,1,5.2460,4.6534,5.9044,5.4926,5.4349,5.0240,4.8278,5.3301,0.0000
2,329,18,20,1.5,4.5588,3.6153,5.8625,4.7933,4.6014,4.5326,4.7611,5.5957,4.7579
2,330,18,40,0.75,5.9206,5.3714,10.1980,5.7643,5.2143,4.9585,0.0000,8.6918,7.3507
2,331,18,40,1,7.8575,7.5791,12.4281,6.7404,6.5788,5.4604,6.3872,10.3058,9.7200
2,332,18,40,1.5,8.5908,8.9870,12.9639,7.3551,6.6516,6.9490,5.2870,10.4463,10.2514
2,333,18,80,0.75,13.1849,12.3850,21.7250,12.2383,11.0723,9.2266,6.4369,18.0064,15.6373
2,334,18,80,1,13.5677,13.1091,23.2832,11.7908,11.1710,9.1436,8.9444,19.1158,18.2424
2,335,18,80,1.5,15.6954,14.1590,25.6433,13.6762,13.3821,11.0781,9.1995,21.2251,20.5796
2,336,18,160,0.75,27.4525,26.1000,43.9199,23.8836,20.6809,18.4757,14.7398,36.1963,32.0003
2,337,18,160,1,30.2726,27.6716,49.0308,26.1319,24.7063,20.9052,17.7697,41.1486,39.4911
2,338,18,160,1.5,31.1698,28.5461,49.4262,26.6326,25.8961,21.7802,17.3600,41.6547,40.9039
2,339,18,320,0.75,53.9219,52.4376,87.5074,46.6096,40.1321,39.1213,28.5775,73.5918,64.1746
2,340,18,320,1,60.3553,56.0965,95.7091,52.6873,50.8065,41.7551,35.8669,80.0360,77.7326
2,341,18,320,1.5,65.1395,59.3900,102.8287,56.4224,55.1480,44.2981,37.4650,85.3690,84.8822
2,342,19,10,0.75,-0.0179,1.0133,0.8902,4.2874,4.8815,0.0000,0.0000,0.0000,0.0000
2,343,19,10,1,2.1618,1.7885,2.2656,0.0000,0.0000,0.0000,0.0000,0.0000,0.0000
2,344,19,10,1.5,0.3887,0.8676,1.0630,0.0000,4.3975,4.2329,0.0000,0.0000,0.0000
2,345,19,20,0.75,2.3565,2.2555,3.3022,0.0000,0.0000,0.0000,0.0000,4.7166,0.0000
2,346,19,20,1,2.1456,3.3490,5.4939,4.7500,4.9659,4.3623,0.0000,4.4967,4.2749
2,347,19,20,1.5,0.7063,2.5139,3.6210,0.0000,0.0000,0.0000,0.0000,4.7896,4.3658
2,348,19,40,0.75,4.5020,5.5966,6.3973,0.0000,4.2941,5.0135,4.8388,4.8050,4.8968
2,349,19,40,1,2.8684,4.8700,7.1700,0.0000,0.0000,0.0000,0.0000,5.1486,4.6149
2,350,19,40,1.5,4.9711,5.4597,8.1995,0.0000,0.0000,5.2830,5.1640,5.6077,5.0237
2,351,19,80,0.75,7.6756,9.0687,12.1475,6.5813,5.8829,8.2809,7.1235,9.6237,8.0318
2,352,19,80,1,4.9611,7.4779,11.3497,4.7397,0.0000,7.6903,6.8562,9.0194,8.3439
2,353,19,80,1.5,6.8695,8.2830,12.0934,6.2288,5.6263,8.1520,7.4110,10.0119,8.8717
2,354,19,160,0.75,12.4309,18.3577,22.8172,9.5731,8.8043,16.0801,13.7966,18.6609,15.5407
2,355,19,160,1,14.4364,19.5939,25.7797,12.0327,11.9640,17.7843,17.1357,20.5921,19.5052
2,356,19,160,1.5,14.2895,19.1605,26.2128,10.5693,9.5262,16.1979,14.9167,19.4750,17.8611
2,357,19,320,0.75,23.9327,31.9450,45.2361,17.3162,15.7467,27.7988,22.9090,33.9662,27.7774
2,358,19,320,1,26.0600,35.5054,50.0492,18.3745,17.6880,30.4406,28.5342,37.7656,34.8558
2,359,19,320,1.5,27.5823,37.2174,55.6590,20.1095,19.7204,32.1159,29.9072,40.6413,36.9145
2,360,20,10,0.75,1.1387,0.3437,1.5881,0.0000,0.0000,0.0000,0.0000,4.0273,0.0000
2,361,20,10,1,3.1412,3.1034,3.3641,0.0000,0.0000,0.0000,0.0000,0.0000,4.5529
2,362,20,10,1.5,-0.5293,-0.1672,0.3613,0.0000,0.0000,0.0000,0.0000,0.0000,0.0000
2,363,20,20,0.75,2.2884,0.6510,1.3846,0.0000,0.0000,0.0000,0.0000,0.0000,0.0000
2,364,20,20,1,1.4697,2.0245,2.6284,0.0000,0.0000,4.5674,4.5400,4.3540,3.8969
2,365,20,20,1.5,4.3797,5.5126,5.0585,4.8845,5.1994,5.5209,5.5208,4.8898,0.0000
2,366,20,40,0.75,4.6600,6.3436,5.8997,5.6545,4.7369,6.3526,5.7876,5.7542,5.0312
2,367,20,40,1,3.5756,3.7670,4.6251,0.0000,3.6473,0.0000,0.0000,4.4769,4.6823
2,368,20,40,1.5,4.9094,5.6807,5.8307,4.6463,4.2667,5.6756,4.9151,5.4484,5.2068
2,369,20,80,0.75,9.1067,11.0199,11.6562,9.0298,7.6376,10.8631,9.1198,10.5445,8.4365
2,370,20,80,1,10.3972,11.3876,11.3298,10.1396,10.0185,11.3017,11.4863,10.7009,10.2566
2,371,20,80,1.5,13.3596,12.8968,13.6972,12.8425,11.4865,12.8195,11.6747,12.6738,10.4682
2,372,20,160,0.75,19.9977,18.7817,20.6832,19.6224,15.8372,18.7916,15.8766,20.2477,15.3424
2,373,20,160,1,20.3259,20.3411,21.1680,19.7954,18.9644,20.5335,19.9504,21.1183,19.0759
2,374,20,160,1.5,21.8580,22.1438,23.2604,21.4340,19.1963,21.7700,20.6647,22.0178,18.9163
2,375,20,320,0.75,39.8711,40.0103,43.1717,38.8930,32.4790,39.8896,33.6596,41.7551,31.4520
2,376,20,320,1,42.4793,42.9548,45.6545,41.2465,39.0741,42.7017,41.4881,43.9529,38.4142
2,377,20,320,1.5,45.5139,43.4693,48.0695,44.3754,41.0960,43.2371,41.5528,45.8703,39.9498
2,378,21,10,0.75,1.8928,1.8882,3.5607,0.0000,3.9341,3.9640,0.0000,0.0000,0.0000
2,379,21,10,1,0.9968,0.3519,0.6630,0.0000,0.0000,0.0000,0.0000,4.2105,4.2400
2,380,21,10,1.5,2.0492,2.2467,3.2008,4.3695,4.3189,4.4387,4.1989,0.0000,0.0000
2,381,21,20,0.75,2.8495,1.3893,4.1248,0.0000,4.2214,0.0000,4.2171,0.0000,0.0000
2,382,21,20,1,3.0624,2.6358,4.9940,0.0000,0.0000,4.3754,0.0000,5.0937,4.9272
2,383,21,20,1.5,2.0012,2.6653,3.5856,0.0000,0.0000,0.0000,0.0000,0.0000,4.0368
2,384,21,40,0.75,4.9029,3.2430,7.6298,4.3229,0.0000,4.7448,4.1565,6.1394,6.6751
2,385,21,40,1,4.4541,4.5891,8.7538,4.8373,4.4306,5.2389,4.8541,6.6798,6.7108
2,386,21,40,1.5,7.0642,5.9250,10.0293,6.3793,6.9615,0.0000,5.3476,7.4836,8.1168
2,387,21,80,0.75,9.2409,7.7706,13.7946,8.0425,7.6676,6.1683,6.2032,11.6486,10.4216
2,388,21,80,1,11.0115,10.5881,16.2844,9.9083,9.2238,8.8859,9.2070,13.6056,12.5395
2,389,21,80,1.5,13.3589,12.3956,19.0451,11.2653,11.9888,10.3907,10.8004,15.5574,15.8200
2,390,21,160,0.75,21.0396,19.9048,32.6873,17.1254,16.4368,15.1618,14.6891,26.6419,22.9899
2,391,21,160,1,25.1091,22.3621,37.0224,20.2193,20.9152,16.2254,18.2108,29.4940,30.0532
2,392,21,160,1.5,26.4467,21.9457,37.8252,23.4062,21.9693,17.6348,18.4630,31.2672,30.7067
2,393,21,320,0.75,41.8020,38.0907,62.1270,35.2528,30.6380,27.9773,27.9506,50.4849,44.9926
2,394,21,320,1,46.3185,41.7698,69.0563,39.7715,38.5043,31.5794,34.3050,56.9294,56.2409
2,395,21,320,1.5,53.3660,44.7643,75.6367,45.1222,44.1370,33.8666,36.3710,61.2878,60.4046
2,396,22,10,0.75,0.6730,2.6511,1.7845,0.0000,0.0000,0.0000,3.7578,0.0000,4.0836
2,397,22,10,1,0.6250,0.9599,0.8844,0.0000,0.0000,4.4054,0.0000,4.5155,0.0000
2,398,22,10,1.5,0.5916,0.6111,0.6117,0.0000,0.0000,4.4976,4.0352,3.4002,0.0000
2,399,22,20,0.75,2.8260,2.9981,3.1499,4.5995,4.1735,4.9193,4.1681,4.7341,0.0000
2,400,22,20,1,3.2364,1.4441,1.4856,0.0000,0.0000,0.0000,0.0000,0.0000,0.0000
2,401,22,20,1.5,2.2459,3.2688,3.1739,0.0000,0.0000,3.6370,0.0000,0.0000,0.0000
2,402,22,40,0.75,3.9778,4.6196,4.0637,0.0000,4.4084,5.0234,0.0000,4.2054,0.0000
2,403,22,40,1,4.2074,4.0038,4.1868,3.7989,3.7752,0.0000,0.0000,0.0000,0.0000
2,404,22,40,1.5,2.8845,3.0431,3.5987,0.0000,0.0000,0.0000,0.0000,0.0000,0.0000
2,405,22,80,0.75,6.2310,7.1651,7.2610,4.8471,3.2695,5.7007,5.0378,5.3197,4.9938
2,406,22,80,1,6.0687,6.1752,6.0844,5.2637,4.8488,5.9389,5.3963,4.4836,4.7871
2,407,22,80,1.5,7.6632,8.6291,8.5456,6.1250,6.0368,7.5292,6.9397,6.5187,6.6077
2,408,22,160,0.75,12.0571,12.5244,12.5743,8.8046,8.0590,10.0700,8.7296,9.1767,8.5620
2,409,22,160,1,14.2985,14.0691,14.6840,10.6283,9.9568,11.7663,10.2995,10.6133,10.6746
2,410,22,160,1.5,14.8018,15.5799,15.2027,10.8689,10.5457,13.4636,11.6659,10.6352,11.3078
2,411,22,320,0.75,25.4741,27.6718,26.6104,19.3701,17.1284,23.8498,19.5572,18.4847,17.7640
2,412,22,320,1,25.0467,28.0822,27.6298,18.6685,18.5921,23.6319,21.4213,18.7190,20.8256
2,413,22,320,1.5,28.4991,30.0193,29.7761,21.7442,20.9963,25.3576,23.1522,20.1610,21.6045
2,414,23,10,0.75,-0.3649,1.5258,1.0674,4.1988,4.1435,0.0000,0.0000,4.0987,4.3103
2,415,23,10,1,3.4278,4.2572,5.5311,0.0000,4.0739,0.0000,4.7299,5.0830,0.0000
2,416,23,10,1.5,0.7121,1.7961,2.4130,0.0000,4.1456,0.0000,4.4496,4.2545,4.3272
2,417,23,20,0.75,2.6658,5.4636,6.4119,0.0000,0.0000,0.0000,0.0000,5.4347,6.0434
2,418,23,20,1,2.7949,2.6956,5.5092,0.0000,0.0000,4.6735,4.5063,4.8624,5.0956
2,419,23,20,1.5,2.8017,4.3517,5.7145,0.0000,0.0000,0.0000,0.0000,5.8687,0.0000
2,420,23,40,0.75,5.4526,7.9670,9.1929,5.1086,4.6601,6.5690,6.3103,7.8063,7.2110
2,421,23,40,1,6.0589,8.9359,11.3656,5.6323,5.2366,7.3918,8.0906,9.6539,10.1557
2,422,23,40,1.5,8.8329,9.4496,12.7200,8.5905,9.1489,9.2981,10.2033,12.0803,12.2353
2,423,23,80,0.75,11.9012,16.4227,20.5367,9.8845,8.5836,13.8127,12.1574,17.9178,16.1961
2,424,23,80,1,13.5247,16.6067,21.4190,12.1943,12.0739,15.4856,14.7620,19.9269,19.2471
2,425,23,80,1.5,14.0989,18.2446,22.4474,11.4736,11.5475,15.1967,15.4213,19.3040,19.9312
2,426,23,160,0.75,23.7215,31.7156,39.9415,20.2698,18.8269,27.5412,24.9592,35.5181,32.0627
2,427,23,160,1,26.1567,35.3446,44.9658,22.0533,22.5606,30.3052,31.3534,39.9974,40.5584
2,428,23,160,1.5,28.1568,36.7389,46.5688,24.1555,23.3458,32.0485,31.7429,41.0462,40.7656
2,429,23,320,0.75,49.2020,66.4642,81.9294,41.7476,38.1883,56.6786,51.6368,72.6481,64.7276
2,430,23,320,1,54.4083,72.7894,90.3919,45.3875,46.2772,62.0524,63.0579,79.5565,80.1416
2,431,23,320,1.5,57.9867,74.1095,95.0151,48.7392,48.9098,63.9538,64.9898,83.6808,84.4142
2,432,24,10,0.75,2.6061,1.9574,3.7048,0.0000,0.0000,4.3347,4.2997,4.3936,0.0000
2,433,24,10,1,0.4254,0.9238,0.1751,0.0000,0.0000,0.0000,0.0000,0.0000,3.1818
2,434,24,10,1.5,2.5914,1.8264,3.9116,0.0000,4.0208,4.0176,4.0360,4.4716,0.0000
2,435,24,20,0.75,7.8525,8.1551,8.1793,6.9615,4.5498,7.4841,5.4219,6.4044,5.0234
2,436,24,20,1,4.4183,4.1130,7.2030,3.5688,3.6577,0.0000,0.0000,4.9366,4.7711
2,437,24,20,1.5,4.2022,4.4602,6.2472,4.1651,0.0000,4.1807,4.3031,4.7302,3.9141
2,438,24,40,0.75,7.4729,9.0276,13.0411,6.2217,4.9254,8.0476,5.7350,8.6832,5.9158
2,439,24,40,1,10.5843,9.9136,14.3012,8.4230,6.8731,8.9612,7.4858,10.9986,6.6275
2,440,24,40,1.5,11.8312,10.8546,16.6526,7.8698,6.7286,9.6783,8.3151,12.3156,8.0415
2,441,24,80,0.75,17.4554,17.0637,23.5122,14.3042,10.2324,15.9299,10.8079,17.0057,10.4218
2,442,24,80,1,19.7896,19.4684,28.4800,14.9150,12.9906,18.1593,14.9481,20.8636,13.1328
2,443,24,80,1.5,21.4652,20.0669,29.2308,15.3292,13.4389,18.4227,15.3956,22.2483,15.2026
2,444,24,160,0.75,35.4069,33.9350,49.9703,26.4028,20.0746,31.4620,22.3619,36.9742,20.9647
2,445,24,160,1,39.9583,37.6128,55.3779,30.2519,25.6291,35.5599,29.1783,41.3891,27.5019
2,446,24,160,1.5,42.5761,38.4624,58.5779,30.7923,25.6987,35.7704,28.8778,43.6877,26.7536
2,447,24,320,0.75,70.9933,68.1000,101.1215,51.5368,38.1453,63.7591,45.5385,74.9717,39.7337
2,448,24,320,1,79.3316,74.6614,110.7060,59.2654,51.0538,70.0771,58.0311,81.6989,51.6427
2,449,24,320,1.5,86.3654,80.1819,119.9224,63.8403,54.6771,75.4152,62.1894,89.4943,56.3858
2,450,25,10,0.75,1.0011,1.9149,1.8719,0.0000,0.0000,0.0000,0.0000,0.0000,4.0341
2,451,25,10,1,1.0512,0.9887,1.6399,4.1076,0.0000,4.1887,3.6222,0.0000,0.0000
2,452,25,10,1.5,0.1034,0.5255,1.1775,0.0000,0.0000,0.0000,4.0148,0.0000,0.0000
2,453,25,20,0.75,3.1075,2.9811,4.2800,0.0000,0.0000,0.0000,0.0000,0.0000,3.7407
2,454,25,20,1,1.8016,2.5734,3.3240,0.0000,0.0000,0.0000,3.8726,0.0000,0.0000
2,455,25,20,1.5,1.8071,1.9353,2.2333,3.7487,0.0000,0.0000,0.0000,4.2900,0.0000
2,456,25,40,0.75,2.5449,3.7989,3.9192,0.0000,0.0000,0.0000,0.0000,0.0000,0.0000
2,457,25,40,1,3.7031,5.6074,5.5898,0.0000,4.4371,4.8954,4.8915,5.4577,5.0311
2,458,25,40,1.5,4.7661,6.1098,6.6017,4.4793,0.0000,5.3801,4.8696,5.0093,4.8654
2,459,25,80,0.75,6.5648,10.1500,10.7999,6.5944,5.3928,8.6551,6.0341,9.0098,7.6966
2,460,25,80,1,10.1315,11.1321,12.0435,9.5473,9.6528,10.1901,9.9525,9.6824,11.0166
2,461,25,80,1.5,10.6630,12.2678,13.1779,9.7452,10.0680,10.5929,9.8431,10.2298,10.9043
2,462,25,160,0.75,18.3814,22.8595,25.3735,15.7703,13.6315,19.7625,15.0893,19.8872,17.7579
2,463,25,160,1,18.9031,24.4159,27.1857,16.1359,15.3339,20.7815,18.0799,21.4632,21.7866
2,464,25,160,1.5,21.2025,24.9225,26.7893,17.6938,16.8903,20.1808,19.4776,20.7388,22.0349
2,465,25,320,0.75,37.6939,47.2339,51.1355,32.0518,28.1564,39.6753,31.1267,38.5110,36.1824
2,466,25,320,1,38.1669,47.8390,52.4736,33.5399,32.3375,40.0853,34.2783,41.8064,43.0037
2,467,25,320,1.5,42.3647,51.1939,55.9243,36.8770,34.7597,43.0081,37.7316,44.8180,45.4678
2,468,26,10,0.75,-0.9482,-0.0142,-0.0072,0.0000,0.0000,0.0000,0.0000,0.0000,0.0000
2,469,26,10,1,1.9720,1.6216,1.7456,0.0000,0.0000,0.0000,3.8916,0.0000,0.0000
2,470,26,10,1.5,1.7803,1.2664,1.6725,0.0000,3.7022,3.5533,0.0000,0.0000,0.0000
2,471,26,20,0.75,3.5276,3.0082,2.2861,0.0000,0.0000,0.0000,0.0000,4.8446,0.0000
2,472,26,20,1,3.2812,3.0301,3.5480,0.0000,0.0000,4.3872,4.0127,0.0000,0.0000
2,473,26,20,1.5,2.8924,3.2380,3.6153,0.0000,0.0000,4.5375,0.0000,4.5608,4.5853
2,474,26,40,0.75,2.1420,3.0486,2.5096,4.1757,0.0000,0.0000,3.9319,0.0000,0.0000
2,475,26,40,1,5.2209,5.3562,5.0813,0.0000,4.8532,4.8535,4.5869,0.0000,4.4439
2,476,26,40,1.5,4.8588,5.3510,5.3559,5.0684,0.0000,5.4351,4.6016,4.7897,4.4209
2,477,26,80,0.75,8.1643,9.4910,9.9021,6.9877,6.9849,8.4911,8.2709,7.8733,7.7326
2,478,26,80,1,7.3244,8.3821,8.9831,7.1078,6.4095,8.3087,7.6332,7.6200,7.5725
2,479,26,80,1.5,8.8140,9.3674,10.4284,7.1924,7.7302,8.3818,9.3882,7.9702,8.5127
2,480,26,160,0.75,14.2393,16.2798,17.3896,11.2516,9.9348,14.0179,12.4262,13.7653,12.4093
2,481,26,160,1,14.4812,16.6526,18.2077,12.5718,13.3426,14.7492,15.0407,14.1542,15.3539
2,482,26,160,1.5,16.5328,17.9333,20.1387,14.4046,15.0239,16.1680,16.0440,16.5442,17.7331
2,483,26,320,0.75,29.1363,33.1864,34.9330,25.4333,22.9494,30.7092,25.9774,27.7310,24.5229
2,484,26,320,1,31.8849,35.5917,37.8545,27.3211,28.1832,31.9955,31.4006,30.8492,32.1757
2,485,26,320,1.5,32.7710,36.2861,38.8401,28.3621,28.5268,32.4152,31.4864,31.1170,31.9583
2,486,27,10,0.75,2.5843,5.6725,4.1216,3.7525,3.6489,0.0000,3.8681,0.0000,0.0000
2,487,27,10,1,1.4143,2.3999,4.2857,0.0000,0.0000,0.0000,0.0000,5.0023,0.0000
2,488,27,10,1.5,1.3738,1.9543,3.2090,4.6086,4.8200,4.4909,4.4227,4.9230,4.5186
2,489,27,20,0.75,2.6832,5.5786,6.4823,0.0000,0.0000,4.2769,0.0000,5.2643,4.4559
2,490,27,20,1,6.1286,7.9878,11.1493,5.0862,5.0373,5.5335,5.2432,5.9732,5.6378
2,491,27,20,1.5,4.8279,7.0410,8.0533,0.0000,0.0000,4.6303,4.7410,4.4956,4.9407
2,492,27,40,0.75,9.8109,11.3200,16.4309,7.8823,6.7409,8.9040,8.0751,9.3118,8.7231
2,493,27,40,1,9.3784,13.2360,17.6476,8.2044,7.7669,9.6084,9.6837,9.5013,10.1944
2,494,27,40,1.5,9.9645,15.0770,18.3671,8.2825,8.4651,9.8166,10.1931,10.1777,10.2220
2,495,27,80,0.75,18.6346,25.8547,31.4778,15.0878,13.4049,15.6743,14.8543,17.0514,15.0918
2,496,27,80,1,18.2008,26.1356,32.7515,13.8453,13.5386,16.1466,16.8825,16.4514,17.0602
2,497,27,80,1.5,20.0687,29.3697,37.2579,15.9474,15.8336,18.0021,19.8982,20.4610,19.5615
2,498,27,160,0.75,34.0991,48.6052,60.9035,28.4604,24.6289,31.6339,29.7505,31.3328,29.0917
2,499,27,160,1,36.4684,53.8245,66.2053,29.2153,27.6748,34.2078,36.0042,34.0882,34.9024
2,500,27,160,1.5,39.2434,55.6425,70.7071,30.9666,30.0798,34.9887,37.0833,38.2016,36.6469
2,501,27,320,0.75,65.7273,96.1425,119.9087,53.3496,46.4561,61.6718,58.4239,62.9414,56.9833
2,502,27,320,1,72.1651,103.8744,132.0474,58.6924,57.5176,66.7229,72.3486,69.6602,70.6729
2,503,27,320,1.5,78.2833,110.9672,139.3905,63.0026,61.1552,71.0663,75.8809,75.4487,73.4187
2,504,28,10,0.75,3.7764,2.9303,3.0013,0.0000,0.0000,0.0000,0.0000,0.0000,0.0000
2,505,28,10,1,0.8251,2.3610,2.9264,0.0000,4.2024,0.0000,0.0000,0.0000,0.0000
2,506,28,10,1.5,2.8243,2.0279,3.6043,4.3984,3.7946,0.0000,0.0000,4.3464,4.3762
2,507,28,20,0.75,3.1793,3.8707,5.2450,4.3887,0.0000,0.0000,0.0000,4.2592,4.1041
2,508,28,20,1,4.1016,4.1591,5.7136,0.0000,0.0000,4.2059,4.1730,4.3279,0.0000
2,509,28,20,1.5,5.2017,4.9340,7.4842,5.3056,5.5244,0.0000,5.2917,4.5879,6.0276
2,510,28,40,0.75,10.0966,11.7346,15.3663,8.0343,7.7882,8.6186,9.0857,8.5284,9.1364
2,511,28,40,1,8.2999,10.9429,14.5170,6.2019,6.7721,7.9338,9.3216,7.4587,9.9443
2,512,28,40,1.5,8.2003,9.2152,13.0285,7.2218,8.0578,8.5376,8.6348,7.6910,10.5630
2,513,28,80,0.75,16.8384,18.1554,25.3490,13.4481,12.9162,14.9590,14.2848,12.2590,15.0953
2,514,28,80,1,16.1648,17.7202,25.2373,12.6354,14.5471,15.4123,16.5892,11.2001,15.9981
2,515,28,80,1.5,17.8117,19.7056,27.9899,14.2563,15.2126,14.5607,16.3080,14.2030,18.4985
2,516,28,160,0.75,28.8757,34.0733,46.5153,22.9480,22.9079,27.0315,26.0229,25.5446,28.5488
2,517,28,160,1,32.6535,37.2710,52.7170,26.5527,29.2060,29.4685,33.0862,25.3953,36.6589
2,518,28,160,1.5,38.4540,40.6096,56.4540,30.2338,32.6737,31.2491,34.7467,27.8643,37.5620
2,519,28,320,0.75,61.6745,70.0839,95.9659,48.0286,47.7049,54.1978,52.7438,49.4961,58.5520
2,520,28,320,1,67.5640,75.3231,106.3511,54.1329,58.6789,58.6316,64.9843,53.3593,71.8975
2,521,28,320,1.5,74.3101,81.7564,114.5137,58.8687,63.1889,62.8683,68.7496,57.1139,75.9864
2,522,29,10,0.75,2.8670,3.2896,2.8302,0.0000,0.0000,0.0000,0.0000,4.2717,4.0592
2,523,29,10,1,0.9738,2.0198,2.6094,4.4938,0.0000,0.0000,0.0000,0.0000,0.0000
2,524,29,10,1.5,1.2199,1.9713,2.7034,3.8878,4.0458,4.2136,4.3980,0.0000,0.0000
2,525,29,20,0.75,0.5487,2.4537,3.7157,4.6503,5.0136,4.8278,0.0000,0.0000,0.0000
2,526,29,20,1,2.3095,2.9083,3.4344,0.0000,0.0000,4.3167,4.2193,0.0000,4.7822
2,527,29,20,1.5,4.1365,4.9772,5.7114,0.0000,0.0000,0.0000,0.0000,5.5964,0.0000
2,528,29,40,0.75,5.3365,7.8261,7.8304,5.2435,4.8083,6.9197,5.9850,6.0561,5.2386
2,529,29,40,1,6.1009,8.7751,8.7634,5.4617,5.0205,7.2097,7.0952,6.7213,5.6665
2,530,29,40,1.5,6.9821,8.4963,8.3240,5.9645,6.5238,7.6812,7.8697,6.4731,6.6763
2,531,29,80,0.75,12.6818,15.0993,15.9940,10.1841,9.5845,11.9313,11.6669,11.7573,9.7555
2,532,29,80,1,13.8160,14.7359,16.3373,11.3939,11.1256,12.2817,13.2145,13.4663,11.5724
2,533,29,80,1.5,13.2435,14.2576,16.6474,10.8852,10.1238,11.7623,11.9743,13.6646,11.9018
2,534,29,160,0.75,21.5323,25.7692,29.0893,16.6366,14.6942,20.2557,18.9086,22.9855,17.7232
2,535,29,160,1,25.1969,30.3739,33.1080,20.4961,21.0020,24.3597,26.9009,26.1625,22.8121
2,536,29,160,1.5,29.2408,33.1618,34.3775,23.9620,23.6875,26.0544,28.5459,26.4829,24.2119
2,537,29,320,0.75,45.6333,53.9438,61.4690,37.3969,33.8934,43.1291,42.5988,49.1414,38.7995
2,538,29,320,1,50.2739,58.2766,66.0560,40.6106,40.0922,44.5907,50.0994,52.8349,45.7299
2,539,29,320,1.5,56.2210,63.7485,70.8043,45.6929,42.6631,49.1288,53.3631,55.9597,47.8448
2,540,30,10,0.75,1.0846,1.8164,0.9014,0.0000,0.0000,0.0000,0.0000,0.0000,0.0000
2,541,30,10,1,1.9093,1.4732,3.6361,4.5594,3.9454,4.3000,4.5988,0.0000,0.0000
2,542,30,10,1.5,0.9642,1.3519,1.7329,0.0000,0.0000,3.7162,3.8011,0.0000,0.0000
2,543,30,20,0.75,2.5793,2.9038,3.8047,0.0000,0.0000,0.0000,0.0000,4.3620,0.0000
2,544,30,20,1,3.0458,3.0521,3.9885,0.0000,0.0000,0.0000,0.0000,0.0000,0.0000
2,545,30,20,1.5,5.3002,5.7940,6.4490,4.8168,5.1870,5.8683,5.8990,6.0188,6.5908
2,546,30,40,0.75,5.7966,7.5508,9.2028,5.4392,5.7777,7.2569,6.9853,9.1038,8.6687
2,547,30,40,1,6.0095,7.2814,8.5200,5.5673,5.3525,6.8080,6.0984,7.6320,7.6693
2,548,30,40,1.5,6.8004,8.3274,9.1842,6.2578,5.8715,8.0798,7.3395,7.9168,7.6570
2,549,30,80,0.75,10.6094,13.7854,15.3312,10.0977,9.0921,13.4846,10.9247,13.3476,11.6924
2,550,30,80,1,13.7763,15.8745,19.0242,12.2694,12.7328,15.1807,15.2995,16.7360,17.1094
2,551,30,80,1.5,13.6040,16.1933,19.1327,12.0143,11.5359,15.2210,14.0864,16.8750,15.9995
2,552,30,160,0.75,23.1597,30.2416,33.2958,20.7217,18.6534,28.1527,24.0510,28.7857,26.1558
2,553,30,160,1,24.6775,31.0598,36.6068,22.4430,23.3793,29.7289,28.8475,31.5392,32.6804
2,554,30,160,1.5,27.0573,32.3020,39.0381,24.9006,24.0368,30.0969,29.3178,33.5725,35.1009
2,555,30,320,0.75,44.8563,56.5067,64.2776,40.0672,37.1973,52.6710,45.9511,54.9246,50.0412
2,556,30,320,1,52.0807,61.8193,71.5193,46.5450,47.1339,58.2857,56.7815,61.9166,63.1452
2,557,30,320,1.5,54.0723,65.2929,74.3705,48.0137,48.5198,61.2681,59.6334,63.5989,65.5260
2,558,31,10,0.75,2.4683,3.2155,3.5588,0.0000,4.3570,0.0000,0.0000,0.0000,3.8086
2,559,31,10,1,0.5869,2.2212,1.6618,4.6854,4.0136,4.2735,4.4558,4.2699,4.8092
2,560,31,10,1.5,0.4429,1.2528,2.9247,4.6723,0.0000,0.0000,0.0000,4.5948,0.0000
2,561,31,20,0.75,6.0338,6.1821,8.2900,5.0811,5.3156,5.2143,5.0407,5.5362,5.6517
2,562,31,20,1,3.0724,5.0668,5.5524,0.0000,0.0000,0.0000,0.0000,0.0000,0.0000
2,563,31,20,1.5,4.8399,7.3903,7.9880,0.0000,5.3990,5.3902,4.4202,5.2568,5.7433
2,564,31,40,0.75,8.5402,10.9331,12.4949,6.0718,5.3470,8.8284,7.8479,6.0025,7.0121
2,565,31,40,1,7.3036,9.8271,11.3627,5.3258,5.2025,7.4484,7.3447,5.7203,6.9142
2,566,31,40,1.5,7.5856,10.5824,13.0709,5.5840,5.5618,7.6823,7.0494,6.2486,8.8564
2,567,31,80,0.75,14.1255,19.0550,23.4711,8.3922,9.0769,14.8287,12.7576,11.6750,13.0446
2,568,31,80,1,16.4497,21.0323,25.8879,9.8335,11.7445,15.4766,14.3777,12.9048,16.0763
2,569,31,80,1.5,16.2935,22.2200,26.4372,9.7799,11.2863,17.3033,15.9323,12.5288,15.8015
2,570,31,160,0.75,28.7690,37.6645,45.2796,16.9632,19.1439,27.4775,22.9830,22.5177,25.9292
2,571,31,160,1,32.3090,41.6599,51.0599,18.8101,23.7588,31.9203,30.6481,25.0052,31.3910
2,572,31,160,1.5,34.3960,44.4064,52.7633,20.7200,26.2468,34.0440,32.0796,26.6677,32.8272
2,573,31,320,0.75,59.2824,79.9520,95.2325,34.4890,37.9124,61.4425,52.0729,47.2636,50.5291
2,574,31,320,1,65.2738,87.1853,104.6894,38.0601,47.2465,67.1657,64.0763,51.4860,64.1018
2,575,31,320,1.5,69.4758,89.9409,107.9884,41.4642,49.4800,70.0244,65.2238,54.4539,63.8608
2,576,32,10,0.75,2.7557,2.5473,1.9525,0.0000,0.0000,0.0000,0.0000,0.0000,0.0000
2,577,32,10,1,1.4659,0.2771,1.2527,4.4263,0.0000,0.0000,0.0000,0.0000,0.0000
2,578,32,10,1.5,1.5162,1.4784,1.3609,0.0000,0.0000,0.0000,0.0000,0.0000,3.9944
2,579,32,20,0.75,2.7560,3.4554,3.3555,0.0000,0.0000,0.0000,0.0000,0.0000,0.0000
2,580,32,20,1,3.9471,5.3865,5.8916,4.7038,5.2384,0.0000,5.1668,0.0000,4.8463
2,581,32,20,1.5,3.3236,4.0088,4.5788,0.0000,0.0000,0.0000,0.0000,0.0000,0.0000
2,582,32,40,0.75,3.9199,4.9997,5.3810,0.0000,0.0000,0.0000,0.0000,0.0000,0.0000
2,583,32,40,1,5.5235,6.4838,5.5421,4.8296,4.6319,4.5342,0.0000,4.8030,4.5077
2,584,32,40,1.5,5.9483,5.9846,7.4132,5.5034,5.4998,4.9848,5.4067,4.6475,5.6234
2,585,32,80,0.75,10.9047,11.0171,12.5660,7.7410,7.4490,7.1051,6.5440,6.0498,7.6195
2,586,32,80,1,9.5479,11.4883,13.1294,6.5556,7.2289,7.5380,7.3864,7.4473,8.6016
2,587,32,80,1.5,12.7491,13.6540,14.4440,8.4648,9.3499,9.0319,8.9535,7.5364,8.5104
2,588,32,160,0.75,21.9458,24.3960,25.4557,16.2370,16.2153,15.7729,15.1597,12.6175,14.3902
2,589,32,160,1,22.8842,23.6707,26.4438,16.5945,19.4841,16.1811,17.2251,12.9000,18.0170
2,590,32,160,1.5,24.5226,26.2435,28.4592,16.7858,19.6474,17.3189,17.9924,13.2696,18.8834
2,591,32,320,0.75,41.6204,44.9222,49.1216,28.8084,29.5415,29.6941,28.9441,22.4184,27.3058
2,592,32,320,1,46.7133,48.6589,52.9293,32.1483,37.1908,30.2200,32.8210,25.9071,31.9785
2,593,32,320,1.5,49.4647,52.0274,56.0356,34.4300,39.1245,33.4524,36.0208,27.9753,34.8863
2,594,33,10,0.75,1.1707,0.8046,2.8513,0.0000,0.0000,0.0000,0.0000,0.0000,0.0000
2,595,33,10,1,1.4675,0.9906,1.9791,4.4225,0.0000,0.0000,0.0000,0.0000,0.0000
2,596,33,10,1.5,1.6734,1.0807,1.5316,0.0000,0.0000,0.0000,0.0000,4.8696,4.2753
2,597,33,20,0.75,3.5242,3.1344,5.5151,4.7568,4.4509,0.0000,0.0000,4.7752,4.6218
2,598,33,20,1,4.2750,5.1689,7.2597,4.6887,4.5536,4.6486,4.4482,5.2376,4.5576
2,599,33,20,1.5,3.3559,3.6502,5.5634,0.0000,4.5115,0.0000,0.0000,5.0177,4.9667
2,600,33,40,0.75,7.9302,8.5102,11.3507,5.6599,5.3971,6.6492,5.7663,7.7622,6.4807
2,601,33,40,1,6.5423,6.9072,12.3240,5.7082,5.3926,6.0095,4.9394,7.7841,7.9187
2,602,33,40,1.5,7.3962,7.6490,11.3416,5.4408,5.1479,5.8229,4.7689,7.0321,6.0978
2,603,33,80,0.75,15.6663,14.9233,21.5349,11.2658,8.2001,11.6852,8.6025,13.7433,11.1896
2,604,33,80,1,14.2201,14.7059,21.6669,9.8775,8.5393,11.3035,10.5987,13.8707,11.6795
2,605,33,80,1.5,16.7942,16.8588,24.2052,12.5721,10.5988,13.2213,10.7321,17.0001,14.5876
2,606,33,160,0.75,27.2043,27.8891,41.5673,19.5854,15.1714,20.6893,16.4237,26.8274,20.9856
2,607,33,160,1,28.3964,29.5873,42.2094,20.5344,17.7910,22.3129,18.5633,28.1009,25.7571
2,608,33,160,1.5,31.8988,31.7496,47.4475,22.3249,19.3566,23.2762,20.2118,30.4587,26.6958
2,609,33,320,0.75,54.2881,56.0357,81.2714,38.8394,29.3015,41.7610,33.5567,53.0091,41.7521
2,610,33,320,1,60.2769,61.0919,88.7984,42.4904,36.3332,45.7159,39.9678,57.4098,51.7487
2,611,33,320,1.5,62.9178,62.7282,92.9374,43.3356,36.5297,46.5764,41.6888,59.3504,52.2990
2,612,34,10,0.75,3.2316,3.3303,5.3958,4.6174,0.0000,0.0000,4.4704,4.8261,5.3077
2,613,34,10,1,3.1564,2.4587,4.2826,0.0000,3.7083,0.0000,4.0841,0.0000,0.0000
2,614,34,10,1.5,2.0053,0.3849,2.4354,4.7310,4.4330,0.0000,4.5467,0.0000,4.5245
2,615,34,20,0.75,4.8547,4.6161,7.3145,5.1222,5.2907,4.5605,4.1636,6.8765,6.6584
2,616,34,20,1,4.5182,2.6960,8.4495,4.4797,0.0000,3.9841,3.8726,8.5842,7.9091
2,617,34,20,1.5,4.9597,2.7942,7.9216,5.2336,4.6753,0.0000,3.4368,8.0101,7.5666
2,618,34,40,0.75,5.1774,4.6606,11.9579,4.9311,4.7096,4.6512,0.0000,11.4896,9.9996
2,619,34,40,1,8.8986,8.6096,15.4894,8.9497,8.9356,8.6364,9.0314,15.2658,15.4529
2,620,34,40,1.5,7.6329,5.6439,14.6453,7.4695,7.0105,5.2491,5.2432,14.8881,14.2015
2,621,34,80,0.75,12.0478,10.4507,27.5719,11.7103,10.5611,9.5805,9.1445,27.3043,24.0382
2,622,34,80,1,14.2279,10.8747,29.3551,13.7058,12.9176,9.6200,9.8943,28.8140,27.9571
2,623,34,80,1.5,16.9263,13.5647,32.2530,16.7790,15.5416,12.7754,12.9255,31.9749,30.1393
2,624,34,160,0.75,27.5491,25.5838,55.4905,27.2563,24.6175,23.4574,21.7463,54.4959,48.5777
2,625,34,160,1,30.8821,26.0202,62.1507,30.1131,29.1797,23.6319,24.5174,61.0816,59.4724
2,626,34,160,1.5,32.1904,27.2717,63.3672,31.6385,29.5451,24.9018,25.1106,62.5279,60.8625
2,627,34,320,0.75,53.7481,47.3324,109.8463,53.0027,46.5827,43.1712,39.2823,107.6583,93.5236
2,628,34,320,1,59.9675,51.0396,120.7584,59.0226,57.6603,46.1555,47.7497,118.8341,116.8708
2,629,34,320,1.5,63.6492,52.5324,127.9900,62.0024,58.8756,47.3494,48.4303,126.3529,120.9656
2,630,35,10,0.75,3.6964,1.8183,5.6529,4.2765,4.0760,4.4907,0.0000,5.2073,4.5115
2,631,35,10,1,2.5676,1.4113,2.7423,0.0000,0.0000,0.0000,0.0000,0.0000,0.0000
2,632,35,10,1.5,3.8711,2.8441,4.2024,0.0000,0.0000,4.3960,0.0000,0.0000,4.4296
2,633,35,20,0.75,4.6952,3.4319,7.1886,0.0000,3.8717,4.2891,0.0000,4.8547,0.0000
2,634,35,20,1,3.6045,2.0542,7.5848,0.0000,0.0000,4.3118,0.0000,5.3123,4.8594
2,635,35,20,1.5,6.7450,4.7652,8.3581,0.0000,0.0000,0.0000,0.0000,4.4400,0.0000
2,636,35,40,0.75,8.5695,5.4437,14.1111,6.4975,5.3202,5.0921,4.6133,10.1035,7.8676
2,637,35,40,1,12.2453,8.2766,16.2330,8.7031,7.3834,7.0284,6.6622,12.4368,9.9619
2,638,35,40,1.5,11.2076,5.1187,15.5169,6.5424,5.2380,4.8552,0.0000,9.6045,6.9547
2,639,35,80,0.75,17.2360,10.2934,27.7619,11.7229,10.5791,9.3968,8.3634,19.4682,14.1706
2,640,35,80,1,21.1390,13.3854,32.7322,14.2101,12.3366,10.7766,11.0974,22.0933,17.9396
2,641,35,80,1.5,22.4395,12.8184,36.0136,16.9177,13.6366,10.4831,10.4293,25.1206,21.0991
2,642,35,160,0.75,37.9905,22.7083,56.8179,26.4146,22.0909,20.6454,18.0076,40.4495,28.8489
2,643,35,160,1,41.8701,24.6233,63.3356,29.0607,26.5389,22.2135,22.1007,43.4856,35.7692
2,644,35,160,1.5,47.5874,27.3421,70.4188,32.9503,29.0082,23.3410,23.1368,48.3331,39.9774
2,645,35,320,0.75,76.0797,47.1265,119.2267,51.7936,43.2805,40.5173,36.0324,84.9363,63.1205
2,646,35,320,1,84.7689,50.7592,128.1448,57.0424,52.6925,42.9986,43.1603,89.6250,74.4765
2,647,35,320,1.5,93.4273,52.0522,140.3958,63.0493,55.4637,44.6430,43.8511,96.4369,79.0735
3,0,0,10,0.75,-1.4339,0.0441,-0.5567,0.0000,0.0000,4.5223,0.0000,0.0000,4.6387
3,1,0,10,1,-1.0162,-0.4530,-0.5189,0.0000,4.5190,4.4063,0.0000,0.0000,0.0000
3,2,0,10,1.5,-1.2084,-1.1215,-0.2391,0.0000,0.0000,0.0000,3.9736,0.0000,4.3884
3,3,0,20,0.75,-0.0746,-0.2165,-0.6083,0.0000,3.9649,0.0000,0.0000,0.0000,4.4132
3,4,0,20,1,-0.9481,-0.8305,-0.4322,0.0000,0.0000,0.0000,0.0000,0.0000,3.1137
3,5,0,20,1.5,1.7625,1.7479,1.0451,0.0000,0.0000,0.0000,0.0000,0.0000,0.0000
3,6,0,40,0.75,2.3130,2.1795,2.7183,0.0000,0.0000,4.0506,0.0000,0.0000,0.0000
3,7,0,40,1,1.1345,1.3485,0.8132,0.0000,4.1318,3.8670,3.4873,0.0000,0.0000
3,8,0,40,1.5,0.2459,0.7729,0.6166,0.0000,4.1034,3.9015,4.1540,0.0000,3.6895
3,9,0,80,0.75,2.4569,4.6712,3.2664,4.2446,0.0000,0.0000,0.0000,4.0722,0.0000
3,10,0,80,1,3.8561,5.5277,4.2727,0.0000,0.0000,0.0000,4.6307,3.9469,3.6511
3,11,0,80,1.5,3.6054,4.5232,5.6448,4.5964,4.8188,4.8280,0.0000,5.0880,4.9220
3,12,0,160,0.75,5.8341,7.0304,7.4614,4.9752,5.0239,6.0261,5.8699,6.0902,5.6436
3,13,0,160,1,4.8013,7.0802,8.0136,4.5136,4.4376,5.8560,5.8715,6.3629,5.8670
3,14,0,160,1.5,9.2406,10.8305,10.8763,7.9325,8.2369,9.3198,10.2687,9.0896,9.3982
3,15,0,320,0.75,9.5293,14.0900,14.3756,8.1024,7.0741,11.0099,9.4599,11.2140,9.9357
3,16,0,320,1,14.5883,17.6977,17.6219,12.3667,12.0461,15.2802,15.0808,14.5080,14.0960
3,17,0,320,1.5,14.1383,18.6478,19.3557,11.3348,10.9848,15.6381,14.8377,17.2127,14.7735
3,18,1,10,0.75,-1.0601,-1.4385,-0.7002,0.0000,0.0000,3.9356,0.0000,0.0000,0.0000
3,19,1,10,1,-0.2310,-1.0508,0.1352,0.0000,0.0000,0.0000,0.0000,0.0000,0.0000
3,20,1,10,1.5,0.2316,-0.6652,0.9989,0.0000,0.0000,0.0000,0.0000,0.0000,0.0000
3,21,1,20,0.75,0.1709,0.0568,0.1234,0.0000,0.0000,0.0000,0.0000,0.0000,0.0000
3,22,1,20,1,0.2262,0.6235,0.4374,0.0000,3.9332,0.0000,3.7934,0.0000,0.0000
3,23,1,20,1.5,0.6830,2.3663,2.2574,3.4529,3.3816,0.0000,4.5210,4.6129,4.3119
3,24,1,40,0.75,3.2570,2.7869,4.2763,3.8386,0.0000,0.0000,0.0000,0.0000,0.0000
3,25,1,40,1,3.7876,3.3362,4.1634,0.0000,0.0000,0.0000,0.0000,0.0000,0.0000
3,26,1,40,1.5,3.1444,3.0987,3.3204,4.7338,4.6452,0.0000,0.0000,0.0000,4.4927
3,27,1,80,0.75,5.3665,4.4870,5.8675,4.9509,4.0846,0.0000,0.0000,5.0567,0.0000
3,28,1,80,1,4.2798,4.4588,5.2869,4.2287,4.0840,4.8044,4.2753,5.1955,4.3335
3,29,1,80,1.5,5.1008,4.1810,4.5667,0.0000,4.2751,4.7401,4.6601,4.6302,0.0000
3,30,1,160,0.75,7.5218,6.4767,8.8797,6.9204,5.7766,6.4902,5.3831,7.6276,5.7349
3,31,1,160,1,8.4360,7.5665,11.4299,7.9364,7.8801,7.0329,6.8063,9.1565,8.9425
3,32,1,160,1.5,9.8291,9.4665,11.9253,8.5367,8.0696,8.8119,7.9227,9.5257,8.7580
3,33,1,320,0.75,15.9805,15.2275,21.2875,13.9763,11.8725,14.0630,12.1862,16.7831,13.7440
3,34,1,320,1,17.4924,15.8114,21.9840,14.1243,14.3119,15.1950,13.8470,16.1031,15.6939
3,35,1,320,1.5,20.0195,18.6768,25.5558,16.2705,16.0130,17.4292,16.2214,19.1988,17.9404
3,36,2,10,0.75,0.3796,0.5637,0.3114,0.0000,3.9186,0.0000,0.0000,4.0016,0.0000
3,37,2,10,1,1.7678,0.9664,1.7222,0.0000,0.0000,3.6468,0.0000,0.0000,0.0000
3,38,2,10,1.5,0.7469,-0.6039,-0.6065,0.0000,0.0000,0.0000,0.0000,0.0000,0.0000
3,39,2,20,0.75,0.6659,2.3280,2.5914,0.0000,0.0000,0.0000,0.0000,0.0000,0.0000
3,40,2,20,1,0.8199,2.0876,3.0480,3.9697,0.0000,4.1458,0.0000,0.0000,0.0000
3,41,2,20,1.5,-1.0793,0.1805,0.0067,4.3661,0.0000,0.0000,0.0000,0.0000,0.0000
3,42,2,40,0.75,1.4842,1.9390,1.6303,0.0000,3.8396,4.2631,0.0000,0.0000,0.0000
3,43,2,40,1,1.6905,2.0529,1.5371,0.0000,0.0000,4.2616,3.4749,0.0000,4.8670
3,44,2,40,1.5,3.4565,3.2886,2.5897,0.0000,0.0000,0.0000,0.0000,0.0000,0.0000
3,45,2,80,0.75,3.4143,4.0166,4.0979,0.0000,0.0000,4.2611,4.0117,0.0000,4.0997
3,46,2,80,1,5.4182,5.7165,5.3074,5.0892,5.3371,5.7619,5.4529,5.2709,5.3236
3,47,2,80,1.5,3.7077,4.3357,4.9750,0.0000,0.0000,0.0000,0.0000,0.0000,4.3494
3,48,2,160,0.75,6.6777,7.3872,6.7397,5.3493,5.3685,6.6372,6.0228,4.7635,4.3366
3,49,2,160,1,7.3428,5.7387,6.1520,5.7343,6.4814,5.3369,4.7541,4.4198,0.0000
3,50,2,160,1.5,9.2048,9.8575,10.5407,6.6727,7.0298,8.6417,8.0119,6.7040,5.0027
3,51,2,320,0.75,13.7668,15.0841,14.4507,9.8129,9.8621,13.3196,11.1578,8.9784,7.0758
3,52,2,320,1,15.5053,15.9239,16.1335,11.3050,12.1744,12.9632,13.0480,9.4813,8.3176
3,53,2,320,1.5,16.9032,17.3414,17.0885,14.2792,14.5772,13.6936,15.1252,9.5042,9.7338
3,54,3,10,0.75,-1.4385,0.3926,-0.1420,0.0000,3.8086,0.0000,4.0913,0.0000,0.0000
3,55,3,10,1,0.4325,-0.4251,0.0008,0.0000,4.0977,4.2871,0.0000,0.0000,3.8683
3,56,3,10,1.5,0.6045,1.0532,0.9244,0.0000,4.0544,4.5984,4.7429,0.0000,0.0000
3,57,3,20,0.75,2.3580,2.6350,2.7394,0.0000,0.0000,0.0000,0.0000,0.0000,0.0000
3,58,3,20,1,2.1793,1.5807,1.7911,0.0000,4.2388,0.0000,0.0000,0.0000,0.0000
3,59,3,20,1.5,1.8771,1.2133,0.7224,0.0000,0.0000,0.0000,0.0000,0.0000,0.0000
3,60,3,40,0.75,3.0698,3.3213,1.7963,0.0000,0.0000,3.9890,0.0000,0.0000,0.0000
3,61,3,40,1,2.8775,3.0942,2.7280,4.5793,4.3981,4.8033,5.4491,4.6015,4.9067
3,62,3,40,1.5,1.1222,1.1969,0.4568,0.0000,3.6498,0.0000,0.0000,0.0000,0.0000
3,63,3,80,0.75,2.7060,2.4831,2.5352,0.0000,0.0000,3.8688,0.0000,0.0000,0.0000
3,64,3,80,1,4.1145,4.6548,4.8410,0.0000,0.0000,4.7172,5.0249,4.8107,4.4984
3,65,3,80,1.5,4.9587,5.0406,5.2952,4.6816,4.9677,5.2728,5.0721,5.5596,5.3363
3,66,3,160,0.75,7.0377,7.3744,8.0377,6.8269,5.3012,7.5505,5.5745,7.2679,5.5163
3,67,3,160,1,9.0755,7.7293,8.5227,8.4786,7.9952,7.6289,7.2879,8.0272,7.7441
3,68,3,160,1.5,9.5138,8.0725,8.9694,8.8034,8.2914,7.9007,7.8905,8.6798,8.7758
3,69,3,320,0.75,12.7473,13.5930,14.5961,12.5619,10.9176,13.0359,11.5446,14.3212,11.7774
3,70,3,320,1,15.1122,15.6242,17.0667,14.3194,13.2471,14.7267,14.4639,16.2081,15.1325
3,71,3,320,1.5,17.8323,16.9034,18.7704,17.1119,16.3570,16.6910,14.5152,18.6014,17.1101
3,72,4,10,0.75,-0.4213,-0.7128,-0.5829,3.7647,3.7311,0.0000,0.0000,4.6216,4.1082
3,73,4,10,1,0.1374,-0.9830,1.0282,3.8195,3.9710,3.6877,3.8653,0.0000,4.3642
3,74,4,10,1.5,2.1439,2.3445,0.8506,0.0000,0.0000,0.0000,0.0000,0.0000,0.0000
3,75,4,20,0.75,-0.1740,-0.1180,-0.0490,4.4989,0.0000,4.3061,0.0000,0.0000,0.0000
3,76,4,20,1,0.9854,0.3488,0.4183,3.6427,0.0000,3.6616,4.5910,0.0000,0.0000
3,77,4,20,1.5,-0.2443,0.3914,0.4366,0.0000,4.0949,0.0000,4.1849,0.0000,4.2071
3,78,4,40,0.75,0.3626,0.4291,0.8586,0.0000,4.6038,4.5335,4.8018,0.0000,0.0000
3,79,4,40,1,0.7555,2.2126,2.9318,0.0000,0.0000,4.8792,4.8068,4.8753,4.7626
3,80,4,40,1.5,1.5711,0.2150,1.5932,0.0000,4.0503,0.0000,0.0000,0.0000,4.8870
3,81,4,80,0.75,3.3966,0.3993,2.6002,0.0000,4.2281,0.0000,0.0000,0.0000,0.0000
3,82,4,80,1,2.6389,0.4604,4.0089,0.0000,0.0000,0.0000,0.0000,0.0000,4.2923
3,83,4,80,1.5,2.6578,1.5557,3.9998,0.0000,4.0838,0.0000,0.0000,0.0000,0.0000
3,84,4,160,0.75,4.7006,2.7903,4.4979,4.9492,4.1825,0.0000,0.0000,5.5463,4.3717
3,85,4,160,1,4.9148,1.9166,6.4882,4.6726,0.0000,3.9695,0.0000,6.2001,5.5862
3,86,4,160,1.5,6.8445,4.4180,6.5339,5.7827,4.9066,0.0000,4.4854,5.6908,5.2964
3,87,4,320,0.75,11.3937,5.9072,13.0358,10.4578,7.7248,5.2211,4.3971,11.4909,10.1960
3,88,4,320,1,10.5412,4.0843,13.5137,9.6538,8.6722,4.4562,0.0000,11.7962,9.6828
3,89,4,320,1.5,14.8081,7.4816,18.5422,13.9763,11.2063,6.0219,5.0805,16.0891,13.6404
3,90,5,10,0.75,-0.8283,0.4512,0.2200,0.0000,0.0000,4.6825,4.3906,0.0000,0.0000
3,91,5,10,1,-1.0596,-0.3673,-0.8690,4.2097,4.0532,4.1772,0.0000,0.0000,0.0000
3,92,5,10,1.5,1.1396,0.8130,0.3065,0.0000,0.0000,0.0000,0.0000,0.0000,4.5699
3,93,5,20,0.75,0.9751,0.1574,-0.5906,0.0000,4.4427,4.0722,0.0000,0.0000,0.0000
3,94,5,20,1,0.7796,-0.4176,0.7422,0.0000,0.0000,0.0000,3.9822,4.4419,0.0000
3,95,5,20,1.5,1.8884,1.0899,1.2697,0.0000,0.0000,0.0000,0.0000,0.0000,0.0000
3,96,5,40,0.75,2.3240,1.0018,1.6867,0.0000,0.0000,0.0000,0.0000,0.0000,0.0000
3,97,5,40,1,3.4456,1.7192,2.2654,0.0000,0.0000,4.0805,3.7489,0.0000,3.9400
3,98,5,40,1.5,1.6102,0.9565,1.1193,4.3247,4.4971,0.0000,0.0000,0.0000,0.0000
3,99,5,80,0.75,4.5564,3.8761,3.1690,4.5869,4.3239,0.0000,3.7758,0.0000,0.0000
3,100,5,80,1,4.0728,1.9883,2.4344,0.0000,0.0000,0.0000,0.0000,0.0000,0.0000
3,101,5,80,1.5,4.9065,2.0628,4.0820,5.5382,4.9145,0.0000,0.0000,4.1413,3.9931
3,102,5,160,0.75,7.4554,3.3286,5.2479,7.5150,7.1477,0.0000,0.0000,5.1449,0.0000
3,103,5,160,1,7.3324,4.4605,5.3719,7.3591,6.7114,4.5169,0.0000,5.3914,4.6855
3,104,5,160,1.5,7.2133,4.6602,6.3320,7.0883,7.3710,5.8409,5.8731,6.4803,6.4668
3,105,5,320,0.75,13.8756,7.8297,9.3917,14.1014,12.2199,7.6091,6.5119,9.6469,8.2466
3,106,5,320,1,13.4743,9.4706,11.3836,12.8726,11.1385,9.1659,8.5769,10.5211,8.8155
3,107,5,320,1.5,16.0907,9.3181,10.9703,15.9553,13.7107,9.1588,8.3182,10.8196,9.3809
3,108,6,10,0.75,0.2633,-0.0291,1.3371,0.0000,0.0000,0.0000,3.7476,4.1546,0.0000
3,109,6,10,1,1.3135,1.7081,1.0649,4.0618,0.0000,4.7146,4.1239,0.0000,3.8778
3,110,6,10,1.5,1.8511,1.5112,1.8011,4.0840,4.0972,4.4690,4.1764,0.0000,4.2699
3,111,6,20,0.75,-0.2182,2.0055,3.3886,0.0000,0.0000,4.1700,4.1794,0.0000,4.1824
3,112,6,20,1,0.8651,1.2332,1.6098,0.0000,0.0000,4.8616,4.5922,4.1934,0.0000
3,113,6,20,1.5,2.0933,3.4907,3.2489,0.0000,0.0000,0.0000,0.0000,0.0000,0.0000
3,114,6,40,0.75,1.1202,2.3056,4.6293,0.0000,3.4179,0.0000,0.0000,0.0000,0.0000
3,115,6,40,1,4.1905,4.2694,7.1708,4.5621,4.3425,0.0000,4.5321,0.0000,0.0000
3,116,6,40,1.5,2.4706,2.0137,5.7889,5.2615,4.7154,3.9912,4.2978,5.0697,4.5044
3,117,6,80,0.75,4.4441,4.2533,10.1918,4.5282,4.5656,0.0000,0.0000,6.7032,5.2766
3,118,6,80,1,6.7410,6.8642,12.5522,4.7583,5.1951,5.8154,6.0500,7.6847,6.3831
3,119,6,80,1.5,5.3867,5.9484,11.9434,4.6491,4.2550,5.1851,5.2668,7.9043,7.0332
3,120,6,160,0.75,12.1467,13.1208,22.3320,9.2308,8.2234,10.3299,9.9928,13.4985,11.3633
3,121,6,160,1,9.6993,11.3194,21.9293,7.5829,7.3825,9.5142,10.3795,13.1997,11.8255
3,122,6,160,1.5,13.2159,14.2384,24.9507,10.6899,9.0723,11.5455,12.0195,14.6527,12.5115
3,123,6,320,0.75,20.9526,23.7659,41.2277,15.8387,13.1423,17.9958,17.5722,25.7433,19.2043
3,124,6,320,1,20.5855,23.5766,47.1669,14.5769,13.8224,18.8936,20.3997,26.8746,24.7290
3,125,6,320,1.5,23.4060,26.4788,50.3109,18.2868,15.7972,21.3245,22.5526,29.7701,24.0536
3,126,7,10,0.75,1.4380,1.9151,1.9988,4.0949,0.0000,0.0000,3.4741,0.0000,0.0000
3,127,7,10,1,-0.2857,-0.3043,0.7085,0.0000,0.0000,3.8798,0.0000,4.3000,0.0000
3,128,7,10,1.5,2.6754,1.4420,2.8632,0.0000,0.0000,0.0000,0.0000,0.0000,0.0000
3,129,7,20,0.75,1.1608,0.7545,1.2266,0.0000,4.1721,0.0000,0.0000,3.7486,0.0000
3,130,7,20,1,-0.0310,0.5628,0.8217,0.0000,0.0000,0.0000,0.0000,4.2813,0.0000
3,131,7,20,1.5,2.5329,2.9350,2.1277,0.0000,0.0000,4.3108,4.9265,0.0000,0.0000
3,132,7,40,0.75,3.5305,3.8051,4.7190,0.0000,4.5815,0.0000,4.5903,0.0000,4.3218
3,133,7,40,1,1.9383,2.8289,4.2623,0.0000,0.0000,0.0000,0.0000,0.0000,0.0000
3,134,7,40,1.5,3.9894,4.1075,6.0133,4.6681,0.0000,4.4253,4.1415,4.8084,5.3199
3,135,7,80,0.75,6.3257,6.4591,8.5535,6.4985,5.5126,5.6127,5.1574,6.2124,5.9432
3,136,7,80,1,6.2656,6.8654,7.3821,5.8948,6.3099,6.1650,6.5528,6.2010,6.9512
3,137,7,80,1.5,7.3590,7.0718,9.5484,5.8484,5.8768,5.3777,5.7150,6.0895,8.0539
3,138,7,160,0.75,13.2524,15.6565,17.7599,10.0741,9.5593,12.5672,11.8954,12.4367,12.6985
3,139,7,160,1,14.2473,13.7563,17.8386,12.0094,12.1918,12.2638,12.6520,13.2146,13.8208
3,140,7,160,1.5,12.4634,13.9414,17.1023,10.9352,11.6446,11.6501,13.1528,12.9956,14.7226
3,141,7,320,0.75,23.6737,25.7399,31.8625,19.6325,18.0081,21.2786,19.9336,22.3218,22.2475
3,142,7,320,1,26.0756,27.0832,34.3352,21.1843,21.8061,23.0230,23.7491,23.7942,27.7128
3,143,7,320,1.5,27.8792,29.3982,36.5549,23.1505,23.0796,24.9516,25.5174,25.8353,28.6053
3,144,8,10,0.75,-0.5745,-1.4454,0.0447,0.0000,0.0000,0.0000,0.0000,0.0000,0.0000
3,145,8,10,1,2.0875,2.6771,3.0153,4.4979,4.3215,4.2971,4.5013,0.0000,0.0000
3,146,8,10,1.5,0.6659,0.1687,0.5841,5.1100,4.8640,0.0000,0.0000,4.2374,4.5275
3,147,8,20,0.75,1.7271,1.8411,1.7562,0.0000,0.0000,0.0000,0.0000,4.5671,0.0000
3,148,8,20,1,2.0371,2.5079,1.6993,0.0000,0.0000,0.0000,0.0000,0.0000,0.0000
3,149,8,20,1.5,0.3807,0.6310,0.9157,0.0000,0.0000,0.0000,0.0000,0.0000,0.0000
3,150,8,40,0.75,2.1519,1.7917,2.5412,0.0000,4.5941,4.5242,4.2627,4.4103,0.0000
3,151,8,40,1,1.8470,0.8456,2.7743,3.9901,4.0742,0.0000,0.0000,5.0162,0.0000
3,152,8,40,1.5,1.0367,1.4676,1.9143,4.1137,0.0000,0.0000,0.0000,3.8904,4.1884
3,153,8,80,0.75,4.4329,4.2411,3.9741,0.0000,4.1205,0.0000,0.0000,4.6525,4.8005
3,154,8,80,1,5.0962,4.7949,5.4288,4.8737,4.7360,0.0000,0.0000,0.0000,0.0000
3,155,8,80,1.5,3.5831,3.0280,4.7062,0.0000,0.0000,0.0000,0.0000,0.0000,0.0000
3,156,8,160,0.75,6.9428,6.4616,8.3994,5.8613,5.9006,5.9366,5.0785,6.8548,5.7160
3,157,8,160,1,7.9092,6.8375,9.6167,7.1241,6.7738,6.4616,6.1595,8.0365,8.1155
3,158,8,160,1.5,7.9762,6.4895,9.0679,7.2305,7.4455,5.8571,6.0951,7.7197,7.8219
3,159,8,320,0.75,15.1780,14.1975,17.5475,13.3390,11.2468,11.5730,9.8815,14.4986,12.5119
3,160,8,320,1,16.2643,15.0527,17.9727,13.3385,14.5534,11.9286,12.4870,14.2799,15.9351
3,161,8,320,1.5,18.7423,16.3214,20.1519,15.9150,16.4833,13.7844,13.2320,17.0532,18.0116
3,162,9,10,0.75,1.4984,1.1232,0.2614,4.8346,4.8971,4.3836,4.2865,4.5288,4.0936
3,163,9,10,1,0.3498,-0.1409,0.4421,0.0000,4.0592,0.0000,0.0000,0.0000,0.0000
3,164,9,10,1.5,3.3871,2.7798,2.4297,0.0000,0.0000,4.2682,4.2935,4.0413,3.9197
3,165,9,20,0.75,1.3659,2.0842,2.1132,0.0000,0.0000,4.5866,0.0000,0.0000,0.0000
3,166,9,20,1,1.7141,2.8804,4.1888,3.9580,4.2248,4.0529,0.0000,4.1373,4.7390
3,167,9,20,1.5,4.1180,3.5662,3.9066,0.0000,0.0000,0.0000,0.0000,4.3909,0.0000
3,168,9,40,0.75,4.0384,4.5646,4.9877,4.2166,0.0000,4.7501,4.0177,3.9148,4.3280
3,169,9,40,1,5.8098,6.8054,5.8132,5.7468,5.0202,6.7359,6.5611,5.3160,5.0829
3,170,9,40,1.5,2.9318,4.3911,3.9683,0.0000,4.0006,0.0000,4.8437,0.0000,0.0000
3,171,9,80,0.75,8.3258,8.9444,9.6930,8.0848,6.8079,9.0221,7.6129,7.2591,7.7227
3,172,9,80,1,8.9419,10.3875,11.3619,8.9009,7.1144,10.3244,9.5243,9.6777,8.4890
3,173,9,80,1.5,9.9324,11.4904,11.1781,9.4705,8.0315,11.1052,10.8673,8.8706,9.9473
3,174,9,160,0.75,13.8053,18.3943,17.4861,13.1407,8.2113,17.1963,13.8021,13.5031,11.3603
3,175,9,160,1,16.4292,19.5405,19.8104,14.8888,11.3309,18.2440,16.9455,14.7384,15.4294
3,176,9,160,1.5,18.1357,21.1684,19.9413,16.2689,13.4582,19.6443,18.7069,15.4436,15.3438
3,177,9,320,0.75,32.8109,40.2476,38.2593,31.2552,21.2217,37.9617,31.4386,30.7216,26.6263
3,178,9,320,1,35.8846,42.1874,40.0022,33.6492,25.6146,39.9426,35.9847,32.5508,30.5514
3,179,9,320,1.5,39.3614,44.1657,45.0542,35.2030,27.5558,41.5020,37.8810,34.4507,34.6814
3,180,10,10,0.75,1.2810,0.2593,1.9794,0.0000,0.0000,0.0000,4.5309,0.0000,4.7659
3,181,10,10,1,1.3235,1.2504,0.9055,3.9213,3.9210,4.6421,4.2472,0.0000,0.0000
3,182,10,10,1.5,1.2399,0.1102,0.6787,0.0000,0.0000,0.0000,0.0000,0.0000,0.0000
3,183,10,20,0.75,0.6917,1.0312,1.3723,0.0000,0.0000,0.0000,4.2339,0.0000,0.0000
3,184,10,20,1,0.8876,0.0833,0.9026,4.5089,0.0000,0.0000,0.0000,0.0000,0.0000
3,185,10,20,1.5,1.7515,1.8674,1.1077,0.0000,0.0000,0.0000,0.0000,4.8569,0.0000
3,186,10,40,0.75,3.9637,2.3757,3.0130,0.0000,0.0000,0.0000,0.0000,0.0000,0.0000
3,187,10,40,1,0.8351,-0.4650,0.9664,0.0000,0.0000,0.0000,0.0000,3.5978,3.9695
3,188,10,40,1.5,2.4173,1.3175,3.2570,0.0000,0.0000,4.4541,4.3125,0.0000,3.2157
3,189,10,80,0.75,5.4534,4.7762,4.4436,5.5050,5.1760,4.6985,4.1853,4.6053,3.9454
3,190,10,80,1,3.1139,1.6298,3.1751,4.0805,3.1043,4.4161,3.8113,4.2896,4.0608
3,191,10,80,1.5,4.2985,2.6966,4.0113,0.0000,4.8798,0.0000,0.0000,5.4488,5.6883
3,192,10,160,0.75,8.7659,6.8863,8.6031,8.0185,7.4234,6.5526,5.9081,7.5505,6.6396
3,193,10,160,1,7.3550,5.0922,7.7018,6.6899,6.7023,5.7950,5.8985,7.4436,7.0299
3,194,10,160,1.5,9.1179,6.5529,8.9297,9.4145,9.0181,7.2258,6.6475,8.8336,8.3956
3,195,10,320,0.75,15.9727,11.3703,16.9213,14.1632,13.0707,10.8745,10.1200,15.1879,14.0509
3,196,10,320,1,17.7304,12.3817,16.0129,15.7638,16.3086,11.5610,12.0271,14.6367,15.2037
3,197,10,320,1.5,17.6965,12.4330,17.8805,15.9258,15.3253,11.6139,11.1491,15.9825,15.6255
3,198,11,10,0.75,0.1176,-0.5778,-2.0852,0.0000,0.0000,3.7910,0.0000,3.8350,3.5712
3,199,11,10,1,1.4763,1.3747,0.5681,0.0000,0.0000,3.7828,0.0000,0.0000,0.0000
3,200,11,10,1.5,1.5916,2.2881,2.0361,4.7431,4.5070,0.0000,4.4033,4.3702,4.1619
3,201,11,20,0.75,0.8509,1.1335,1.2309,0.0000,0.0000,4.5627,5.0108,4.2460,0.0000
3,202,11,20,1,1.1153,1.3961,1.5254,0.0000,4.1192,0.0000,0.0000,0.0000,0.0000
3,203,11,20,1.5,2.1318,1.9674,2.6790,0.0000,0.0000,4.0886,0.0000,0.0000,0.0000
3,204,11,40,0.75,3.5247,3.6268,4.3316,4.4463,0.0000,4.2794,4.5326,4.7691,4.3795
3,205,11,40,1,3.1380,3.9946,3.7562,4.1706,4.3940,4.1847,4.1782,0.0000,4.6326
3,206,11,40,1.5,2.9310,2.4469,2.8821,0.0000,0.0000,4.2701,0.0000,0.0000,0.0000
3,207,11,80,0.75,5.8026,6.8309,6.0398,5.0848,0.0000,6.2312,5.8019,5.1449,0.0000
3,208,11,80,1,6.1659,7.4960,9.2751,5.6222,5.6803,6.5541,6.6037,7.1886,7.3889
3,209,11,80,1.5,8.3063,9.3340,10.5785,7.3536,7.8590,8.3406,8.4735,9.2492,8.5391
3,210,11,160,0.75,9.6462,11.5598,12.9248,8.6175,7.0672,10.0693,9.0905,9.6447,8.5193
3,211,11,160,1,12.6476,14.9507,15.1882,11.5994,11.4181,13.4318,13.3173,12.0484,12.0557
3,212,11,160,1.5,14.3275,15.8867,18.5431,13.1401,11.9110,14.1773,14.6464,14.0877,13.8990
3,213,11,320,0.75,22.7090,25.7919,28.0237,20.3841,16.8631,23.4305,20.5584,22.3443,19.1528
3,214,11,320,1,27.0829,29.4061,32.0656,24.4123,22.4565,26.8578,26.9037,25.5638,24.0659
3,215,11,320,1.5,29.6253,32.1897,36.4101,26.8778,24.5664,28.2284,29.1918,29.5956,26.8793
3,216,12,10,0.75,1.3993,1.5010,1.2135,0.0000,4.2427,0.0000,4.8771,0.0000,0.0000
3,217,12,10,1,0.1544,-0.2802,-0.2640,0.0000,0.0000,4.1499,4.1083,0.0000,4.1193
3,218,12,10,1.5,-1.2185,-0.7212,-0.6214,0.0000,0.0000,0.0000,0.0000,0.0000,0.0000
3,219,12,20,0.75,1.3251,1.0772,0.4658,0.0000,0.0000,0.0000,0.0000,0.0000,0.0000
3,220,12,20,1,1.4860,2.1033,1.5883,0.0000,0.0000,0.0000,0.0000,0.0000,0.0000
3,221,12,20,1.5,-0.8227,-0.1133,-0.4282,0.0000,3.7693,0.0000,0.0000,0.0000,0.0000
3,222,12,40,0.75,2.2715,1.7379,2.7171,0.0000,0.0000,0.0000,0.0000,0.0000,0.0000
3,223,12,40,1,3.4741,4.0425,4.1401,0.0000,4.5079,0.0000,4.2749,0.0000,0.0000
3,224,12,40,1.5,2.2919,2.4552,1.6322,0.0000,0.0000,0.0000,0.0000,0.0000,0.0000
3,225,12,80,0.75,4.5905,5.6235,5.3370,3.9860,3.8674,5.2122,4.2225,4.4322,4.2986
3,226,12,80,1,5.0682,6.6137,6.1549,4.7760,4.5928,6.4073,6.1719,6.0373,5.3166
3,227,12,80,1.5,4.7004,5.9170,4.6832,0.0000,4.5968,5.0909,4.8268,5.1812,5.3618
3,228,12,160,0.75,9.3169,9.8698,9.3096,9.0208,6.8069,9.2998,7.6357,8.6070,6.8546
3,229,12,160,1,9.0049,11.2247,10.6214,8.7186,8.0605,10.7104,10.1739,9.1735,7.5045
3,230,12,160,1.5,12.2891,13.8700,13.7255,11.3218,9.0201,12.8103,10.9476,12.0229,9.4091
3,231,12,320,0.75,16.1705,19.5964,19.3866,14.6385,10.3992,18.1424,14.0607,16.6967,11.6094
3,232,12,320,1,20.7483,23.6720,22.5879,19.1475,15.7997,21.7181,19.7482,19.4747,15.7833
3,233,12,320,1.5,20.5351,24.0468,22.6604,19.0731,16.8929,22.2162,20.8232,20.2266,17.5053
3,234,13,10,0.75,0.7434,0.1011,-0.0414,0.0000,0.0000,0.0000,4.5139,0.0000,0.0000
3,235,13,10,1,0.5764,0.4487,-0.7329,0.0000,0.0000,0.0000,0.0000,0.0000,4.0354
3,236,13,10,1.5,1.9217,0.5612,1.8170,0.0000,0.0000,0.0000,0.0000,0.0000,0.0000
3,237,13,20,0.75,4.1450,2.4465,2.7840,0.0000,4.4273,4.4014,0.0000,4.2035,4.4374
3,238,13,20,1,0.9240,-0.1118,2.3697,0.0000,0.0000,0.0000,0.0000,3.9381,3.9495
3,239,13,20,1.5,2.2946,1.0792,2.8201,4.3512,4.6738,0.0000,0.0000,0.0000,0.0000
3,240,13,40,0.75,6.2098,3.4274,6.7676,6.1596,5.4718,4.3503,4.1275,6.4720,4.8566
3,241,13,40,1,4.9909,5.0646,5.2147,5.0884,5.1766,4.5815,4.5824,4.8803,4.3765
3,242,13,40,1.5,6.3013,3.6876,6.2085,5.5667,0.0000,0.0000,4.5695,5.5207,4.9120
3,243,13,80,0.75,9.3543,6.3518,10.7081,8.5026,7.1144,5.6015,4.2837,9.3414,6.2834
3,244,13,80,1,11.7870,8.8603,12.4089,11.5436,9.3680,8.5324,7.9761,11.2001,9.2616
3,245,13,80,1.5,12.6895,9.3936,13.1555,12.3929,10.3824,8.0655,8.1539,12.3492,9.8605
3,246,13,160,0.75,20.3437,14.8394,23.1082,19.4587,15.2499,13.0762,10.4638,21.1858,16.0728
3,247,13,160,1,22.0249,16.1774,25.1243,20.7686,17.1979,14.7178,12.4689,23.2914,19.2339
3,248,13,160,1.5,23.0021,16.7054,25.4567,21.4243,19.5992,15.3180,13.9740,23.5663,20.0124
3,249,13,320,0.75,39.2885,29.7441,46.3203,37.2908,28.6596,27.5619,20.8384,42.6396,31.5868
3,250,13,320,1,45.0841,32.6976,53.0240,42.3154,36.2973,29.1200,24.2044,48.6037,41.9874
3,251,13,320,1.5,47.1376,32.4938,54.9331,44.6748,38.4604,29.1295,25.1586,51.0775,43.9510
3,252,14,10,0.75,1.3349,2.0766,2.2085,0.0000,0.0000,0.0000,0.0000,4.7299,4.9774
3,253,14,10,1,1.1674,2.6405,4.1240,4.3454,4.4737,0.0000,4.1985,0.0000,4.4309
3,254,14,10,1.5,0.3198,0.9232,2.4949,0.0000,3.4346,3.3453,0.0000,3.3884,0.0000
3,255,14,20,0.75,1.6246,4.1870,5.4211,0.0000,0.0000,0.0000,0.0000,0.0000,0.0000
3,256,14,20,1,3.6771,5.3751,7.3298,0.0000,0.0000,0.0000,4.5761,5.0201,4.7347
3,257,14,20,1.5,2.9332,6.2186,8.4738,0.0000,0.0000,5.0443,4.3358,6.1226,5.7808
3,258,14,40,0.75,4.8641,7.0315,11.5108,0.0000,4.5633,5.5404,4.4144,8.7566,8.2526
3,259,14,40,1,6.2255,8.5997,12.0958,0.0000,4.3201,6.5975,5.8006,8.0587,8.0482
3,260,14,40,1.5,8.4385,10.4096,14.5236,6.3959,5.2044,8.6653,6.9306,10.2258,9.8126
3,261,14,80,0.75,11.4132,18.2743,24.0318,8.9010,6.2797,14.5814,10.6726,16.7764,14.5327
3,262,14,80,1,13.2563,18.2306,24.7214,9.8741,8.9869,14.2576,13.0617,15.6774,16.1410
3,263,14,80,1.5,14.3285,20.2447,27.1606,10.8400,9.0338,15.9920,13.0463,17.7711,18.9895
3,264,14,160,0.75,20.9259,33.1834,44.7589,16.1182,12.0155,26.0112,18.6769,31.2946,27.7941
3,265,14,160,1,24.0409,37.9467,49.7280,18.5306,16.0702,30.0640,25.5660,33.8041,34.2717
3,266,14,160,1.5,27.0869,39.9624,55.0729,20.2005,16.8546,31.9153,26.1508,36.2281,38.1272
3,267,14,320,0.75,42.4024,69.6647,92.7413,32.3504,23.4288,55.1712,40.2721,62.8165,57.6455
3,268,14,320,1,49.4675,76.2118,103.2262,37.6375,32.0369,60.5501,51.3724,69.8257,70.2277
3,269,14,320,1.5,51.9209,79.0575,108.4923,38.8185,32.3532,62.6808,52.1115,72.3468,74.3260
3,270,15,10,0.75,-0.7341,-0.9588,-0.3743,0.0000,0.0000,0.0000,4.4995,0.0000,0.0000
3,271,15,10,1,-1.9349,-0.8590,-2.0206,0.0000,0.0000,0.0000,0.0000,0.0000,0.0000
3,272,15,10,1.5,0.7998,0.8466,0.9732,4.8734,4.9122,0.0000,0.0000,0.0000,0.0000
3,273,15,20,0.75,3.4436,3.0442,3.8622,4.3119,0.0000,4.2424,0.0000,0.0000,0.0000
3,274,15,20,1,1.5505,1.5874,1.5842,0.0000,0.0000,0.0000,0.0000,0.0000,0.0000
3,275,15,20,1.5,2.6648,2.6372,2.3361,0.0000,0.0000,0.0000,0.0000,0.0000,0.0000
3,276,15,40,0.75,1.4146,1.3642,1.1546,0.0000,0.0000,3.9849,4.2402,4.1421,0.0000
3,277,15,40,1,2.7114,2.7111,2.0951,0.0000,4.3004,3.9429,0.0000,0.0000,4.3240
3,278,15,40,1.5,3.4878,2.8250,4.4971,0.0000,4.5249,0.0000,0.0000,4.8408,0.0000
3,279,15,80,0.75,6.0850,5.8701,6.4002,4.6632,4.7095,5.1943,4.9328,4.6445,5.0573
3,280,15,80,1,4.5225,4.1613,5.8989,4.2644,4.0032,4.1728,4.3447,4.5873,3.9464
3,281,15,80,1.5,3.2322,4.1665,4.7522,4.2677,3.9792,0.0000,3.9983,4.4777,4.1201
3,282,15,160,0.75,8.5978,8.5239,10.9288,6.4073,6.2579,6.7970,5.7030,7.6173,7.2276
3,283,15,160,1,8.9924,8.6543,11.5213,6.7356,7.1826,6.8553,6.4605,7.7575,7.9554
3,284,15,160,1.5,11.7920,10.6019,13.4470,9.2482,9.0632,8.6782,7.4446,9.3940,9.1488
3,285,15,320,0.75,19.1458,18.0037,22.0165,14.6972,13.5021,14.9779,11.8351,15.5601,13.7090
3,286,15,320,1,20.7013,20.3032,23.5638,16.3086,16.7959,16.7685,16.3548,16.5435,17.3099
3,287,15,320,1.5,22.4013,21.6449,25.5887,18.1665,18.4425,18.8716,17.2780,18.2470,19.3122
3,288,16,10,0.75,1.3584,2.3845,2.6144,4.3303,4.8439,0.0000,0.0000,4.3041,3.9608
3,289,16,10,1,-0.3689,-0.9622,0.0978,4.5714,4.6173,4.1723,0.0000,0.0000,0.0000
3,290,16,10,1.5,4.4819,3.8640,2.9930,4.7591,0.0000,0.0000,0.0000,4.5897,0.0000
3,291,16,20,0.75,4.3715,4.8204,5.1070,4.6805,3.4811,0.0000,3.1570,5.6166,0.0000
3,292,16,20,1,2.9138,3.1231,3.2135,4.0787,4.2553,4.0881,4.0323,0.0000,0.0000
3,293,16,20,1.5,3.5813,4.5050,4.6074,4.2752,0.0000,5.1734,4.6791,4.1945,0.0000
3,294,16,40,0.75,5.7383,7.1728,7.6938,4.4931,0.0000,6.0067,5.1753,5.0377,5.0913
3,295,16,40,1,7.5126,7.9868,9.3538,5.8461,6.5085,6.9191,7.6468,6.6714,8.1366
3,296,16,40,1.5,4.9243,5.5389,5.9324,0.0000,0.0000,4.5358,4.3355,4.5693,0.0000
3,297,16,80,0.75,9.6619,11.5177,14.6056,8.1681,7.5025,10.2527,9.3195,10.6555,9.1823
3,298,16,80,1,12.2743,12.7811,14.9702,10.5312,10.3974,10.9384,11.4454,10.5131,11.6519
3,299,16,80,1.5,14.5613,13.9784,16.9971,11.4697,11.6756,11.8149,12.1470,11.4976,13.2932
3,300,16,160,0.75,24.7954,27.4503,30.0629,20.9972,18.9067,23.1228,20.6001,21.6992,20.1278
3,301,16,160,1,27.6612,29.0822,33.8378,21.8400,23.7499,23.8945,25.5910,22.6491,25.5758
3,302,16,160,1.5,29.6945,30.5026,36.7231,22.3847,23.5728,24.9706,25.5125,23.4780,26.3517
3,303,16,320,0.75,48.2629,52.5458,62.1639,38.4105,36.5515,43.2111,39.3944,39.7384,41.0920
3,304,16,320,1,54.2738,56.1328,66.9819,43.2992,46.6441,46.2939,49.6377,44.5306,51.3460
3,305,16,320,1.5,57.5913,59.0689,70.0619,44.6307,47.0712,48.4056,49.7655,44.6483,51.8664
3,306,17,10,0.75,0.0833,1.1484,0.9177,0.0000,0.0000,0.0000,0.0000,4.2484,0.0000
3,307,17,10,1,-0.9919,-0.8142,-0.2739,4.4813,4.2414,4.2124,4.1809,0.0000,0.0000
3,308,17,10,1.5,0.9997,0.9768,0.9236,0.0000,4.4649,0.0000,0.0000,0.0000,4.3112
3,309,17,20,0.75,3.8272,4.0525,3.4437,0.0000,4.1880,4.4123,4.6129,0.0000,0.0000
3,310,17,20,1,0.2690,0.9817,0.7231,0.0000,0.0000,0.0000,0.0000,4.0521,0.0000
3,311,17,20,1.5,1.8668,1.5052,2.0386,0.0000,0.0000,0.0000,0.0000,3.6657,0.0000
3,312,17,40,0.75,3.0634,4.0964,3.7040,3.9915,4.0399,0.0000,0.0000,0.0000,4.5753
3,313,17,40,1,3.1215,4.1847,4.1854,0.0000,0.0000,4.5409,0.0000,0.0000,0.0000
3,314,17,40,1.5,4.5958,2.4748,4.8792,5.5364,4.8771,3.8953,0.0000,0.0000,0.0000
3,315,17,80,0.75,6.7329,7.3638,7.5172,5.8254,5.1124,6.5427,6.2612,5.9229,4.7393
3,316,17,80,1,5.5885,6.3341,7.1692,5.5382,5.3246,6.2504,6.1983,6.1946,5.7213
3,317,17,80,1.5,9.0494,9.2739,10.0778,7.0578,6.9939,8.3631,8.1870,6.8412,7.0878
3,318,17,160,0.75,13.7945,15.0710,15.9904,9.3071,8.5860,12.5785,11.6669,10.5480,8.8120
3,319,17,160,1,14.7032,15.9050,16.3899,10.9456,10.9090,13.5312,13.4682,11.1265,9.8826
3,320,17,160,1.5,16.1611,16.7014,18.0337,12.3072,11.2661,13.9537,14.1088,13.0831,11.1259
3,321,17,320,0.75,27.9164,30.1662,31.3096,20.6406,17.5045,25.8629,22.4819,21.5920,17.4327
3,322,17,320,1,32.3458,33.1133,35.6614,24.2774,21.8126,27.3324,26.7882,23.8383,21.4457
3,323,17,320,1.5,33.8740,35.0392,37.0969,26.3512,23.5023,29.4253,28.6728,26.1991,21.9187
3,324,18,10,0.75,0.9582,1.0569,2.1836,4.2551,4.2343,4.7925,4.7143,4.6333,4.3172
3,325,18,10,1,2.1912,2.1821,3.7821,4.1084,0.0000,0.0000,4.1062,4.3199,4.6271
3,326,18,10,1.5,4.1641,3.4318,5.1353,4.5444,4.1820,0.0000,0.0000,4.6777,4.4575
3,327,18,20,0.75,3.7802,3.4833,5.2843,4.4118,4.4345,0.0000,0.0000,4.9521,4.1944
3,328,18,20,1,3.5702,3.2538,5.5923,0.0000,0.0000,0.0000,0.0000,5.2573,4.6411
3,329,18,20,1.5,4.5326,4.4657,7.3656,0.0000,0.0000,0.0000,0.0000,6.4210,6.4254
3,330,18,40,0.75,5.5229,5.9264,7.9802,5.0959,5.0679,5.2860,0.0000,7.2823,6.8612
3,331,18,40,1,8.5178,7.6064,11.9985,7.7953,8.7245,7.2345,6.4624,11.2077,9.9576
3,332,18,40,1.5,9.8218,7.8060,12.3540,9.0912,9.0346,6.8832,5.9808,11.5532,10.3367
3,333,18,80,0.75,13.8006,13.8471,21.0819,11.9425,10.7408,10.9103,9.4460,18.0902,15.4637
3,334,18,80,1,14.3552,13.2139,23.9542,12.3791,11.3578,9.4284,8.9383,19.5599,19.3238
3,335,18,80,1.5,16.2877,14.2727,26.9642,13.9448,13.4377,10.2906,10.1294,22.0638,21.5506
3,336,18,160,0.75,26.7282,26.0919,43.3325,23.4053,19.9128,19.8329,14.2356,36.8887,31.7047
3,337,18,160,1,30.0379,27.9571,47.6114,26.7355,25.6201,22.1106,17.7046,40.1313,39.2206
3,338,18,160,1.5,33.0689,30.0028,50.9827,29.5166,28.6021,22.9249,19.6136,42.7831,42.2261
3,339,18,320,0.75,53.1800,52.9595,86.4412,46.5454,40.0152,40.2247,29.8025,73.2674,62.9281
3,340,18,320,1,60.6712,57.5169,96.0872,52.9334,50.7107,43.9565,36.6946,81.0662,76.8250
3,341,18,320,1.5,63.7861,58.3832,101.9174,56.1479,54.3761,44.3402,37.1173,85.1674,83.7079
3,342,19,10,0.75,0.2817,2.2452,2.1765,0.0000,0.0000,0.0000,0.0000,4.4172,0.0000
3,343,19,10,1,2.1063,3.0010,2.9959,4.2284,0.0000,4.5350,0.0000,0.0000,0.0000
3,344,19,10,1.5,3.0001,2.9053,1.6847,0.0000,0.0000,3.7275,3.5996,0.0000,0.0000
3,345,19,20,0.75,0.9204,2.7245,3.4699,4.1636,0.0000,0.0000,0.0000,0.0000,0.0000
3,346,19,20,1,2.7621,2.9566,5.5866,0.0000,4.2472,4.9436,4.3065,4.8244,0.0000
3,347,19,20,1.5,1.5498,3.1191,2.8434,4.2672,4.4287,0.0000,0.0000,0.0000,0.0000
3,348,19,40,0.75,2.2387,2.4002,5.0369,4.2157,3.7612,3.5603,0.0000,4.3481,0.0000
3,349,19,40,1,2.1612,3.4687,6.1581,0.0000,0.0000,0.0000,0.0000,4.3590,0.0000
3,350,19,40,1.5,4.2740,5.9510,5.8969,4.6114,4.8530,5.2729,5.3876,5.5985,6.1639
3,351,19,80,0.75,7.1452,8.9893,10.8603,5.8791,5.3013,7.6812,6.4037,8.3692,6.8288
3,352,19,80,1,8.4982,9.8385,14.2365,6.2981,6.0174,8.6546,7.8868,10.3250,9.8138
3,353,19,80,1.5,8.3861,9.4373,14.2207,6.4606,6.5629,8.5924,8.4726,10.8705,10.4660
3,354,19,160,0.75,12.2376,15.5496,23.2979,9.3928,8.2426,13.1409,10.9856,16.7091,13.8990
3,355,19,160,1,14.4071,18.2657,24.6375,10.9373,10.9255,15.9073,15.6997,18.9219,18.2966
3,356,19,160,1.5,14.5087,19.4471,28.7621,10.5436,10.7568,17.3573,16.5367,21.7009,20.3682
3,357,19,320,0.75,27.0092,33.4852,46.3122,18.4847,16.3941,28.1736,23.1424,34.7468,28.2703
3,358,19,320,1,28.1284,38.1071,52.9107,20.1281,20.2923,32.6843,30.9519,39.6021,36.9633
3,359,19,320,1.5,29.5092,38.4276,57.3451,21.2429,20.4885,33.0602,30.5747,41.6023,37.3545
3,360,20,10,0.75,0.8651,0.3892,0.7637,4.6909,0.0000,0.0000,0.0000,4.0164,3.8272
3,361,20,10,1,0.1278,0.5436,-0.1529,0.0000,4.3109,0.0000,4.3793,0.0000,4.4715
3,362,20,10,1.5,1.7643,2.6687,1.3941,4.1046,4.0458,4.1730,3.7721,4.0896,0.0000
3,363,20,20,0.75,2.4315,2.8102,2.7841,0.0000,0.0000,4.3099,4.0953,0.0000,3.9868
3,364,20,20,1,2.3360,2.9082,3.1300,4.8004,0.0000,0.0000,0.0000,4.2880,4.1775
3,365,20,20,1.5,3.5161,2.1633,3.3572,0.0000,0.0000,0.0000,0.0000,0.0000,0.0000
3,366,20,40,0.75,5.4414,4.4282,5.4337,5.6635,5.1571,4.5141,4.5861,5.5804,0.0000
3,367,20,40,1,5.5503,5.2443,6.4163,5.3030,4.8392,5.2896,5.2032,6.3825,5.0977
3,368,20,40,1.5,4.7946,4.0027,5.6203,5.2058,4.8480,4.8265,4.7358,5.4321,5.1599
3,369,20,80,0.75,10.1657,11.4158,11.8573,9.4991,8.6582,11.4340,10.3104,11.3341,9.8180
3,370,20,80,1,9.1731,10.5056,11.1659,8.7702,8.4726,10.5581,10.5267,10.3069,10.1134
3,371,20,80,1.5,11.2729,9.8615,11.4820,11.1663,10.0405,9.8130,9.0646,10.9174,9.3845
3,372,20,160,0.75,18.8248,20.3563,20.7702,18.6549,16.4230,20.3279,17.3112,20.0013,16.4675
3,373,20,160,1,19.2352,19.5727,20.8912,18.6683,17.3375,19.3102,18.5576,19.4391,17.1033
3,374,20,160,1.5,23.0071,23.0411,23.3452,22.6717,20.1674,22.9259,21.0691,22.2632,19.3420
3,375,20,320,0.75,36.5340,38.1232,39.9438,35.3920,29.2448,37.9631,31.9502,38.4850,29.8599
3,376,20,320,1,39.3121,41.0688,44.2205,38.3876,36.6032,40.9669,39.3746,42.8599,36.3516
3,377,20,320,1.5,46.2296,45.6156,48.0120,45.0830,41.4561,45.3112,42.4378,45.5647,40.0683
3,378,21,10,0.75,-0.8059,-0.8358,0.0731,4.0777,3.7182,3.2505,3.4552,4.3933,4.2175
3,379,21,10,1,1.7169,1.6228,2.2841,4.6629,4.5508,4.6486,4.8689,5.0577,4.8178
3,380,21,10,1.5,1.4180,1.3302,2.1334,0.0000,0.0000,0.0000,0.0000,0.0000,0.0000
3,381,21,20,0.75,3.5928,3.4093,4.6592,0.0000,0.0000,0.0000,0.0000,4.7304,4.8161
3,382,21,20,1,2.4209,2.4753,3.1281,0.0000,0.0000,4.2231,0.0000,0.0000,0.0000
3,383,21,20,1.5,1.1004,1.3275,3.8424,0.0000,0.0000,0.0000,0.0000,4.0793,4.6838
3,384,21,40,0.75,7.1686,4.5818,8.1457,5.8090,5.5400,4.3815,4.5784,5.8157,5.5923
3,385,21,40,1,8.3230,7.3228,11.5083,7.9491,7.8032,6.9586,6.3680,10.6068,9.5896
3,386,21,40,1.5,6.2079,6.0899,9.5510,4.9634,5.9891,0.0000,5.1089,7.9070,8.5452
3,387,21,80,0.75,8.4494,7.2823,14.7951,7.6513,6.5244,5.9103,4.8907,12.3896,10.2279
3,388,21,80,1,12.6458,11.8730,17.7917,11.4502,10.4301,9.3388,9.4800,14.8106,13.8197
3,389,21,80,1.5,12.4469,10.9870,18.4845,10.7786,10.4936,8.5936,9.3298,14.8859,15.5937
3,390,21,160,0.75,21.3058,19.0765,32.4073,18.3867,16.3725,15.3957,13.8106,26.6942,23.1655
3,391,21,160,1,24.6012,21.4363,34.9531,20.2720,21.0339,14.9891,17.9839,27.5049,27.1546
3,392,21,160,1.5,24.5908,21.7393,38.1162,20.8543,19.8531,15.8052,17.4017,30.4577,31.1765
3,393,21,320,0.75,44.7714,41.0098,64.4183,37.2540,34.2772,31.1622,29.5358,53.3509,46.8865
3,394,21,320,1,49.6407,43.9399,70.8991,42.0815,41.7218,33.2867,36.1373,58.1293,57.0273
3,395,21,320,1.5,52.0877,44.9485,76.4483,44.0766,41.1255,33.2231,35.5842,61.3877,61.2481
3,396,22,10,0.75,0.4539,1.4390,1.5180,0.0000,0.0000,4.2613,0.0000,4.3937,4.9085
3,397,22,10,1,0.7208,-0.2891,0.7350,0.0000,3.8221,4.6062,0.0000,0.0000,0.0000
3,398,22,10,1.5,1.7190,1.7195,1.5989,0.0000,0.0000,3.6483,0.0000,0.0000,0.0000
3,399,22,20,0.75,1.7502,2.6864,1.4575,4.2591,4.0326,4.1029,3.8289,0.0000,4.4118
3,400,22,20,1,0.7881,0.6780,0.7616,0.0000,0.0000,0.0000,0.0000,0.0000,0.0000
3,401,22,20,1.5,1.7605,1.9335,1.5927,0.0000,0.0000,4.8382,4.5975,0.0000,0.0000
3,402,22,40,0.75,3.6948,4.7046,4.1085,4.4857,0.0000,0.0000,3.9040,4.4098,0.0000
3,403,22,40,1,4.7871,4.6586,4.1265,4.7961,4.6365,4.7782,4.4312,4.3346,0.0000
3,404,22,40,1.5,3.4201,3.5891,3.1509,4.6713,4.2874,4.8350,4.3355,4.4475,0.0000
3,405,22,80,0.75,6.8871,7.6521,7.9911,6.7781,5.5768,6.9159,6.4639,6.5091,6.1155
3,406,22,80,1,5.5628,5.2182,6.1386,4.4803,4.6503,4.3774,4.3920,4.5468,4.6301
3,407,22,80,1.5,7.3934,7.5926,7.1800,5.6593,5.4940,6.5892,5.9397,4.9714,5.2045
3,408,22,160,0.75,14.4076,14.1819,14.6454,11.4636,10.3854,11.7101,9.5634,11.2111,10.1495
3,409,22,160,1,12.8188,15.1155,14.3831,10.0039,9.6476,12.8880,11.7607,11.1104,11.4156
3,410,22,160,1.5,12.8624,14.4599,14.0151,10.8500,10.0737,12.7597,11.1829,10.2075,10.6507
3,411,22,320,0.75,23.9796,27.0052,26.7172,18.5635,15.3292,23.1722,18.0217,17.3032,16.8618
3,412,22,320,1,24.8456,25.5065,25.4368,18.7832,17.8888,22.0000,20.1478,17.2355,18.9888
3,413,22,320,1.5,28.6388,29.7164,29.6070,21.6968,20.4735,25.4665,22.4373,19.9925,21.5118
3,414,23,10,0.75,3.6579,4.1235,3.2373,0.0000,4.1554,4.3591,0.0000,0.0000,0.0000
3,415,23,10,1,1.6190,1.3383,1.7828,0.0000,0.0000,3.6230,3.8896,0.0000,0.0000
3,416,23,10,1.5,3.4257,2.9117,4.5767,4.5849,4.2472,4.3506,4.2070,4.3128,4.4444
3,417,23,20,0.75,3.4891,4.4475,5.4931,0.0000,0.0000,0.0000,4.2286,4.3092,4.6614
3,418,23,20,1,3.7983,5.1375,6.3187,4.7418,4.8839,5.4655,6.2257,5.9198,6.8140
3,419,23,20,1.5,4.3788,4.2466,6.1733,4.7421,4.3842,0.0000,0.0000,6.2555,5.7055
3,420,23,40,0.75,6.2235,9.8488,11.1659,6.0201,5.7531,9.0673,7.8428,10.3332,8.7094
3,421,23,40,1,8.0362,9.7704,11.0030,6.6364,7.2757,8.4834,9.2495,9.5606,9.8520
3,422,23,40,1.5,6.4287,8.7363,11.6557,6.2641,6.3903,8.8124,8.6918,10.6062,11.1401
3,423,23,80,0.75,12.2993,16.0513,19.9892,11.5510,9.1790,14.9993,12.2968,18.7243,15.6777
3,424,23,80,1,13.7162,18.1543,23.2548,11.3818,11.4793,15.6660,15.6844,20.6780,20.7417
3,425,23,80,1.5,14.1838,18.2911,24.0548,11.8956,11.5932,15.6282,15.6490,21.3474,21.3274
3,426,23,160,0.75,23.3064,32.5915,40.6849,19.3663,17.4232,27.7223,24.9531,35.6099,31.9140
3,427,23,160,1,26.2909,35.7654,43.2037,22.2673,22.4312,30.6584,30.5357,38.3179,38.3459
3,428,23,160,1.5,29.8066,38.5913,48.5429,25.5213,23.9150,34.0529,32.5244,43.0003,41.8907
3,429,23,320,0.75,49.4173,65.4776,82.7122,41.8929,37.7969,56.0093,49.6743,73.3238,65.5560
3,430,23,320,1,53.1945,71.5496,88.6496,45.6304,45.2641,62.2505,62.1401,79.1786,79.5597
3,431,23,320,1.5,57.6779,74.6381,95.3413,48.5295,47.4520,64.6991,64.0790,83.9242,84.6279
3,432,24,10,0.75,1.3768,1.3351,3.4086,0.0000,0.0000,0.0000,3.8890,0.0000,3.3881
3,433,24,10,1,3.6714,4.1797,5.1425,4.5883,0.0000,4.0422,4.5201,0.0000,0.0000
3,434,24,10,1.5,2.8281,1.6754,3.3153,4.0432,3.8337,0.0000,4.5081,0.0000,0.0000
3,435,24,20,0.75,3.1392,2.1416,3.7985,4.3942,0.0000,0.0000,3.6539,0.0000,0.0000
3,436,24,20,1,2.9990,3.0930,7.0245,0.0000,4.3958,0.0000,0.0000,0.0000,4.1483
3,437,24,20,1.5,5.2395,3.8517,6.9392,0.0000,4.4157,4.5387,4.6580,6.3307,4.4763
3,438,24,40,0.75,8.9523,9.0600,12.6112,7.5400,5.9539,8.6893,5.8791,8.0390,5.9204
3,439,24,40,1,10.7415,10.2774,15.6595,8.7863,7.4052,9.3245,7.1411,11.3853,7.6889
3,440,24,40,1.5,10.8349,10.1386,15.6710,7.5413,6.1951,9.6513,7.3634,10.6699,6.7076
3,441,24,80,0.75,18.3391,18.3429,26.4264,14.5890,10.9222,16.9846,11.9589,18.6296,10.4303
3,442,24,80,1,20.7901,19.1966,29.3881,14.4885,12.1697,17.4787,14.2101,22.3138,13.6053
3,443,24,80,1.5,19.2529,16.9510,27.6400,14.5658,13.2956,16.3474,13.5389,20.7149,12.6734
3,444,24,160,0.75,34.8426,34.5997,49.3310,26.3830,19.6664,32.7408,23.7365,36.2598,20.1947
3,445,24,160,1,38.6355,36.6122,55.0749,28.3297,23.1041,34.2432,27.5738,40.2102,24.4924
3,446,24,160,1.5,42.3173,39.1340,57.8553,30.7558,25.3508,36.4643,29.7397,42.5847,27.1207
3,447,24,320,0.75,70.3963,68.3655,100.2842,53.7968,41.6937,64.4264,47.5028,74.6310,42.3603
3,448,24,320,1,80.1543,75.6709,112.9285,59.9943,51.8683,71.2590,58.6439,82.7957,53.0575
3,449,24,320,1.5,84.4820,77.6310,117.1989,62.1680,52.3955,72.7315,59.1982,87.2592,55.8861
3,450,25,10,0.75,1.6150,1.2107,0.6653,4.4811,4.7844,0.0000,0.0000,0.0000,0.0000
3,451,25,10,1,0.3575,1.3972,0.8115,0.0000,0.0000,0.0000,4.8694,0.0000,4.4801
3,452,25,10,1.5,1.0759,1.7249,1.4746,0.0000,0.0000,0.0000,0.0000,0.0000,0.0000
3,453,25,20,0.75,2.1830,2.3530,3.9663,0.0000,0.0000,0.0000,0.0000,0.0000,4.0366
3,454,25,20,1,2.1006,1.6694,1.8807,0.0000,0.0000,4.0005,0.0000,0.0000,0.0000
3,455,25,20,1.5,4.0482,3.9804,3.8111,0.0000,0.0000,4.0375,3.8516,4.4831,0.0000
3,456,25,40,0.75,3.5557,5.3411,6.1462,3.9140,3.6464,4.4258,3.8104,5.5195,0.0000
3,457,25,40,1,5.4547,6.2131,6.2689,5.7923,5.5647,6.8051,6.0215,5.7849,5.6935
3,458,25,40,1.5,6.4104,7.8044,8.0053,5.9223,5.7318,6.2278,5.3359,6.2896,6.3477
3,459,25,80,0.75,9.0099,11.7517,12.0557,7.0923,6.5477,9.7600,8.0146,9.4217,8.1196
3,460,25,80,1,11.2651,13.1079,14.5615,9.5495,9.2147,11.0599,10.0551,11.5617,12.0145
3,461,25,80,1.5,9.7233,12.6562,14.5203,8.5767,8.2488,10.9248,10.3388,12.4738,12.3489
3,462,25,160,0.75,19.7456,22.8829,25.2299,16.7883,15.1256,19.4560,15.8949,19.4386,18.2984
3,463,25,160,1,18.7358,22.5570,24.5986,17.1454,15.9222,19.6659,16.6313,19.4792,20.3263
3,464,25,160,1.5,20.3732,25.2092,27.1572,18.3459,17.5954,21.5224,18.4333,21.8621,22.4730
3,465,25,320,0.75,34.8389,43.9610,47.2525,30.3676,27.0403,37.8701,29.8120,36.4934,34.5224
3,466,25,320,1,38.2070,47.7549,51.4367,32.7141,31.6927,39.1149,35.3125,40.6513,42.1912
3,467,25,320,1.5,42.1490,49.7712,55.5830,36.9710,34.5501,42.5282,36.7348,44.8020,45.7246
3,468,26,10,0.75,1.8185,1.2614,1.3808,0.0000,0.0000,4.0246,4.7354,0.0000,0.0000
3,469,26,10,1,-0.8668,-1.1204,-0.3743,0.0000,0.0000,0.0000,0.0000,0.0000,0.0000
3,470,26,10,1.5,2.5592,2.8621,3.1938,0.0000,0.0000,0.0000,0.0000,4.4810,4.0071
3,471,26,20,0.75,0.8405,0.3882,0.8638,0.0000,0.0000,0.0000,4.2755,0.0000,0.0000
3,472,26,20,1,1.6903,2.1480,2.6636,0.0000,0.0000,0.0000,0.0000,0.0000,4.0981
3,473,26,20,1.5,2.2525,2.9325,2.9352,0.0000,0.0000,0.0000,0.0000,4.2805,0.0000
3,474,26,40,0.75,3.7325,3.6465,4.2501,5.5677,5.7218,5.5176,5.7928,5.2591,5.4486
3,475,26,40,1,1.1171,1.9243,1.8405,0.0000,0.0000,0.0000,0.0000,0.0000,0.0000
3,476,26,40,1.5,5.5490,5.3357,5.5877,5.2405,5.7854,4.6605,4.9853,0.0000,4.9627
3,477,26,80,0.75,7.8840,8.8953,10.0678,7.1433,7.0283,8.1246,7.5762,8.1621,7.5563
3,478,26,80,1,8.6266,10.3873,10.8583,7.8852,8.1064,9.0112,9.4507,8.7991,9.5335
3,479,26,80,1.5,9.4854,10.3081,11.0277,8.8146,9.0378,9.4054,9.1032,8.4167,9.7011
3,480,26,160,0.75,14.4589,16.4557,16.8923,12.3876,11.1654,14.9786,13.0435,13.9515,13.1039
3,481,26,160,1,17.4125,19.6486,20.1699,15.0233,15.3677,18.0533,17.4409,15.5862,16.6257
3,482,26,160,1.5,17.2442,18.6944,19.7476,15.4770,15.6650,17.3393,16.9282,15.3692,16.2014
3,483,26,320,0.75,30.1302,33.9149,36.1637,25.9887,23.3879,30.5284,26.2283,29.7750,27.3677
3,484,26,320,1,30.8336,34.0923,36.5771,27.0454,26.9057,30.9575,29.5719,29.2070,29.9803
3,485,26,320,1.5,34.5373,37.6141,40.4695,30.3028,30.0589,34.4944,33.0703,32.0432,32.8865
3,486,27,10,0.75,0.3976,1.7245,3.4226,0.0000,0.0000,0.0000,0.0000,0.0000,3.8598
3,487,27,10,1,3.3307,3.0371,3.9254,4.5116,0.0000,0.0000,4.3708,4.1018,0.0000
3,488,27,10,1.5,2.4276,4.2215,4.0698,0.0000,0.0000,0.0000,0.0000,0.0000,0.0000
3,489,27,20,0.75,3.1873,6.1120,7.5885,0.0000,4.0259,0.0000,0.0000,4.4418,3.7907
3,490,27,20,1,4.7089,7.3971,8.6342,0.0000,0.0000,6.2208,6.1181,5.1604,5.5945
3,491,27,20,1.5,6.1216,8.0927,10.4185,4.5185,0.0000,4.7807,5.2604,5.5390,5.0851
3,492,27,40,0.75,10.0930,13.6123,17.9965,8.9938,8.3003,10.0800,9.5294,9.8007,9.7487
3,493,27,40,1,9.6605,13.2527,16.7097,7.5125,7.4281,8.8058,9.3596,9.4551,8.7718
3,494,27,40,1.5,10.4916,13.9513,18.0856,8.0728,8.0759,9.3698,9.4405,9.7808,9.3690
3,495,27,80,0.75,16.5694,23.3332,29.2690,12.5273,10.4343,13.9668,12.2508,14.7864,12.8701
3,496,27,80,1,19.5963,26.7301,34.0887,15.2582,15.4945,17.1362,18.9400,17.3984,19.3799
3,497,27,80,1.5,20.4319,30.0208,36.2952,16.4422,15.5262,20.0616,20.1097,19.4629,20.1632
3,498,27,160,0.75,33.4904,48.7166,59.7240,27.7544,23.7032,31.2523,28.8211,31.0908,28.7171
3,499,27,160,1,36.7474,51.5939,64.7199,29.0977,28.6368,32.4033,35.1149,33.8606,34.8274
3,500,27,160,1.5,38.4811,54.0207,69.0424,30.8887,30.0133,35.2901,36.9611,36.2993,36.3721
3,501,27,320,0.75,66.6205,95.8366,121.2350,54.4668,48.0497,62.8241,60.0004,63.9175,58.7641
3,502,27,320,1,74.7855,106.3403,132.2539,60.9942,60.1438,69.3034,74.4853,70.1214,72.3421
3,503,27,320,1.5,80.2741,111.8405,142.6583,63.7439,63.0797,72.2805,77.3433,75.7366,75.5264
3,504,28,10,0.75,2.7186,1.8101,2.8966,4.5648,4.1756,0.0000,0.0000,0.0000,4.4420
3,505,28,10,1,1.0434,1.6752,1.1830,3.9562,0.0000,4.0422,0.0000,0.0000,0.0000
3,506,28,10,1.5,2.0546,0.9358,1.9144,0.0000,0.0000,0.0000,0.0000,4.1397,3.9727
3,507,28,20,0.75,4.3558,4.4328,5.8544,0.0000,4.3445,4.6583,4.5327,0.0000,4.6119
3,508,28,20,1,5.2654,4.5425,6.7606,0.0000,5.0089,4.8297,4.8538,5.3686,4.9792
3,509,28,20,1.5,3.7141,3.9106,6.8899,0.0000,4.5383,0.0000,0.0000,4.9340,6.0412
3,510,28,40,0.75,8.5203,9.7363,11.8716,6.8376,7.5208,6.9807,7.4706,5.9815,7.6117
3,511,28,40,1,9.2477,10.5890,14.0137,7.5440,8.1996,8.9544,8.9841,7.9198,10.9260
3,512,28,40,1.5,9.8367,10.3532,13.3961,7.8580,8.3325,9.0446,9.1311,8.5530,8.2473
3,513,28,80,0.75,14.1864,17.2651,24.3110,10.7240,11.5504,13.1323,12.3377,11.5510,15.2899
3,514,28,80,1,15.5829,18.3454,24.9134,12.7843,13.2637,14.7919,15.3696,13.0827,17.8143
3,515,28,80,1.5,18.2127,19.4094,28.7203,14.2881,15.9172,14.4030,16.1705,13.3554,18.6754
3,516,28,160,0.75,32.2587,37.3200,50.1887,25.4449,25.7935,28.8462,28.5222,25.6530,31.5227
3,517,28,160,1,35.0047,38.2342,54.2773,27.6802,29.8848,29.6306,32.6359,26.9406,37.7488
3,518,28,160,1.5,36.2602,38.3642,55.4037,28.4962,30.3712,29.5013,32.0868,27.7472,36.5989
3,519,28,320,0.75,62.8205,70.8339,96.3537,49.9799,49.9901,55.5663,54.7501,49.3277,59.5338
3,520,28,320,1,69.3758,77.3878,107.5160,54.7772,58.8288,59.8303,65.4732,54.5150,71.7607
3,521,28,320,1.5,74.5173,81.3374,114.2472,58.8248,63.7889,62.6264,68.5324,57.0840,76.3620
3,522,29,10,0.75,1.0352,0.9236,1.4036,0.0000,0.0000,0.0000,0.0000,3.9708,0.0000
3,523,29,10,1,-0.3333,0.0993,1.1163,0.0000,4.0583,4.0569,0.0000,3.5854,0.0000
3,524,29,10,1.5,1.8177,0.3518,2.0923,0.0000,3.8852,0.0000,0.0000,0.0000,0.0000
3,525,29,20,0.75,3.5129,4.2482,3.0245,0.0000,0.0000,4.3734,4.0880,0.0000,0.0000
3,526,29,20,1,3.0260,4.2226,5.3487,4.9466,5.1329,5.3343,5.1748,5.2012,5.2580
3,527,29,20,1.5,3.8699,4.6669,5.0109,0.0000,4.5066,4.7283,0.0000,0.0000,0.0000
3,528,29,40,0.75,4.9265,5.7951,6.4266,0.0000,4.0802,5.2071,4.6188,4.3515,4.6761
3,529,29,40,1,5.2369,6.0920,7.0105,0.0000,0.0000,5.5743,4.2870,4.7575,0.0000
3,530,29,40,1.5,6.6614,7.7851,8.6126,4.9743,5.1917,6.3817,6.8842,7.3022,6.0005
3,531,29,80,0.75,12.2433,14.5246,18.3718,9.9045,8.5020,10.9150,11.0749,15.4845,12.5666
3,532,29,80,1,12.1165,14.3082,17.1400,9.5833,9.4601,11.4366,12.6498,13.8005,11.9659
3,533,29,80,1.5,11.6810,13.7155,16.8015,10.2359,8.9317,10.5711,12.0086,14.2478,13.0719
3,534,29,160,0.75,20.9467,25.7692,28.0990,17.1339,15.6868,20.8526,19.8138,22.4477,17.3608
3,535,29,160,1,24.1001,27.9222,30.9953,20.5636,19.2532,22.2453,24.6501,25.5275,23.0701
3,536,29,160,1.5,27.1476,30.8107,34.6093,22.4888,21.3412,23.4100,26.2170,28.7466,24.8226
3,537,29,320,0.75,44.6434,53.5220,59.7163,35.3075,32.1126,40.8787,40.6744,46.6560,37.1765
3,538,29,320,1,48.9349,58.3770,64.1028,38.8955,40.1024,45.8457,50.6928,50.3398,43.6490
3,539,29,320,1.5,53.6388,60.6330,67.5247,44.5717,42.3415,47.1810,52.5867,54.9405,47.9541
3,540,30,10,0.75,1.7508,2.3087,2.8056,0.0000,0.0000,3.3312,0.0000,3.8642,0.0000
3,541,30,10,1,2.6727,2.3116,2.2375,0.0000,0.0000,0.0000,4.2138,0.0000,4.1006
3,542,30,10,1.5,1.1475,0.7816,2.1816,0.0000,0.0000,0.0000,3.9527,4.6142,3.6848
3,543,30,20,0.75,2.6190,4.7883,4.7917,4.9604,4.8964,4.7945,4.9554,5.1811,5.5138
3,544,30,20,1,5.3393,5.9108,5.4165,5.0565,4.9234,5.5247,5.5559,4.7759,4.8889
3,545,30,20,1.5,3.5554,4.7218,5.7079,4.2316,0.0000,5.1644,4.7108,5.8262,5.1591
3,546,30,40,0.75,5.4838,6.9105,5.6039,5.2425,4.8632,6.8704,5.2883,5.2931,4.5884
3,547,30,40,1,5.7580,6.1524,7.4026,6.1961,6.1885,7.1523,6.4868,7.2661,7.1477
3,548,30,40,1.5,7.3533,8.1766,9.8377,6.7924,6.8276,7.8505,7.6730,8.8310,8.7677
3,549,30,80,0.75,10.8301,14.0542,16.3621,9.3081,9.4967,12.9379,11.4943,14.6426,13.5436
3,550,30,80,1,12.1861,15.1689,17.8229,10.8684,10.8557,14.1642,14.0679,16.3256,15.5137
3,551,30,80,1.5,14.3283,17.0014,18.7866,12.8535,13.4071,16.1007,16.3326,15.8374,17.4488
3,552,30,160,0.75,22.4421,28.5390,33.4498,19.8951,19.0801,26.6829,23.8037,28.9661,26.7932
3,553,30,160,1,25.8870,31.1468,37.7588,22.9458,24.2519,29.3442,29.3474,32.3931,34.1091
3,554,30,160,1.5,27.4497,33.0729,37.7758,24.8512,24.4340,30.9195,30.2974,32.5253,33.2876
3,555,30,320,0.75,46.0671,58.3257,64.5313,41.3110,38.8533,54.6428,47.5932,55.4691,50.7960
3,556,30,320,1,49.2446,61.1304,71.3564,43.8245,45.3684,57.2278,55.8549,62.3861,64.0524
3,557,30,320,1.5,54.6841,65.3562,76.0634,49.0139,48.4885,61.5691,59.2892,65.6852,66.7710
3,558,31,10,0.75,0.8165,1.5162,3.2808,4.0233,0.0000,4.4199,0.0000,4.7047,5.0001
3,559,31,10,1,3.8039,3.6909,3.5949,3.9909,0.0000,0.0000,0.0000,0.0000,0.0000
3,560,31,10,1.5,1.9888,1.6253,3.4819,4.1395,3.4573,0.0000,0.0000,4.7054,0.0000
3,561,31,20,0.75,4.2064,4.3711,5.0908,4.2132,4.2485,3.8767,3.4886,4.2824,4.4537
3,562,31,20,1,3.0767,5.1141,3.9015,0.0000,0.0000,3.4581,0.0000,0.0000,3.5876
3,563,31,20,1.5,4.4078,6.0536,6.7215,4.4232,0.0000,5.4525,4.9955,4.5913,3.9750
3,564,31,40,0.75,6.8155,9.1097,12.0407,0.0000,0.0000,7.1776,6.6788,6.7187,7.1978
3,565,31,40,1,8.2676,9.9364,12.7607,5.9499,6.4370,7.9605,7.1189,6.2521,7.6656
3,566,31,40,1.5,9.6291,12.1705,13.1285,6.0119,6.8324,9.6370,9.1546,7.0948,6.9358
3,567,31,80,0.75,13.3192,20.3525,24.1180,8.8815,10.1055,15.8940,13.2352,12.6690,12.3749
3,568,31,80,1,17.3865,21.2942,26.0832,10.4787,12.3848,16.2697,15.8731,15.4765,13.4496
3,569,31,80,1.5,18.7835,23.3217,27.9257,10.9630,13.8657,17.3722,17.6503,13.3370,17.2748
3,570,31,160,0.75,27.9866,39.6281,46.2892,16.1497,18.4834,31.4109,26.9851,22.9002,24.3476
3,571,31,160,1,32.3441,41.4834,50.2857,18.5939,24.1753,31.4884,29.7648,25.1913,31.1652
3,572,31,160,1.5,35.1976,45.3713,55.1885,20.6591,25.8811,35.3614,33.7297,27.2146,32.7694
3,573,31,320,0.75,60.1114,78.5055,93.8385,36.1041,37.9465,60.1809,51.5635,46.5666,50.2653
3,574,31,320,1,63.3831,84.2272,100.6699,36.7788,45.6157,64.4416,60.8893,50.4321,60.7209
3,575,31,320,1.5,68.5131,90.0897,108.5834,41.0660,50.2485,70.4156,66.2740,53.3339,65.2539
3,576,32,10,0.75,0.6519,0.8118,0.4061,4.4396,0.0000,0.0000,0.0000,3.5810,0.0000
3,577,32,10,1,0.1480,0.0347,0.7820,0.0000,0.0000,0.0000,3.8849,0.0000,0.0000
3,578,32,10,1.5,3.1329,2.4569,3.5147,0.0000,0.0000,0.0000,0.0000,4.6796,4.4851
3,579,32,20,0.75,3.4656,2.3827,3.2058,0.0000,0.0000,0.0000,0.0000,0.0000,4.8856
3,580,32,20,1,3.0705,4.1025,4.8655,0.0000,0.0000,0.0000,0.0000,4.9122,4.4944
3,581,32,20,1.5,3.1114,4.0604,3.7791,0.0000,0.0000,0.0000,0.0000,0.0000,0.0000
3,582,32,40,0.75,5.7255,5.3688,5.4674,4.5181,0.0000,4.2368,0.0000,0.0000,0.0000
3,583,32,40,1,5.0761,5.9334,6.2820,4.3647,4.0700,4.6990,4.8265,4.0656,4.4331
3,584,32,40,1.5,7.8534,6.6406,7.9209,5.7757,5.6593,4.4369,4.9430,5.0114,5.3304
3,585,32,80,0.75,11.2827,12.4826,12.7249,8.2942,8.8837,8.2830,7.9970,6.5693,8.0762
3,586,32,80,1,13.2421,13.8620,14.6111,9.6382,10.9655,9.4198,10.7611,6.8705,9.2549
3,587,32,80,1.5,11.1691,11.3447,12.0442,7.5642,8.8773,7.7122,8.4673,5.7115,7.2770
3,588,32,160,0.75,21.4648,21.7688,23.2536,15.6599,15.3549,15.3399,14.7876,11.5739,14.0096
3,589,32,160,1,23.7681,25.2822,27.3988,17.1112,19.6822,16.6522,17.6260,12.6086,17.7461
3,590,32,160,1.5,26.3998,26.9949,29.6597,18.8177,22.0257,17.2353,19.9645,14.5196,20.2527
3,591,32,320,0.75,42.0965,44.2202,47.9104,30.6240,31.8343,29.2954,27.9132,22.9397,26.3378
3,592,32,320,1,45.7838,48.6540,52.5484,32.2052,36.8824,31.6522,33.0289,26.7981,33.2900
3,593,32,320,1.5,49.8197,52.3396,56.6518,34.5893,39.9661,33.6624,36.4776,27.5515,35.8235
3,594,33,10,0.75,2.7148,3.0224,2.2421,4.1313,0.0000,0.0000,0.0000,4.4684,0.0000
3,595,33,10,1,0.4136,1.1061,2.3571,5.1172,4.8349,0.0000,0.0000,0.0000,0.0000
3,596,33,10,1.5,1.1566,0.5520,1.0065,0.0000,0.0000,0.0000,0.0000,0.0000,0.0000
3,597,33,20,0.75,2.9568,2.7792,5.6553,3.5342,3.0135,0.0000,3.9583,4.4757,0.0000
3,598,33,20,1,3.8510,3.5782,7.2345,4.4039,4.4013,0.0000,0.0000,4.9375,4.3285
3,599,33,20,1.5,2.9668,3.6632,5.1364,0.0000,0.0000,0.0000,0.0000,0.0000,4.4401
3,600,33,40,0.75,5.9479,5.8847,8.5229,0.0000,3.6621,4.5730,0.0000,5.9213,4.8261
3,601,33,40,1,7.8171,8.2143,12.2919,6.3221,5.6530,6.7279,6.1869,8.5120,7.6807
3,602,33,40,1.5,6.7663,7.5151,10.1529,4.6356,0.0000,5.5344,4.8914,6.6315,5.7317
3,603,33,80,0.75,15.5738,15.3892,22.9536,11.6921,9.3520,11.8732,8.6626,15.2548,11.8536
3,604,33,80,1,14.5485,15.3135,22.8052,10.4750,8.6652,11.3977,10.5255,14.3637,12.9744
3,605,33,80,1.5,17.1891,16.1462,24.6083,12.7355,10.7129,13.4146,10.5165,16.1353,14.6973
3,606,33,160,0.75,27.1699,27.4176,40.7590,19.6008,14.5613,21.0724,16.3010,26.1069,20.3958
3,607,33,160,1,30.1190,29.4671,43.3908,19.8814,16.7980,22.7073,21.1025,26.9673,24.1602
3,608,33,160,1.5,32.7149,31.9427,47.7792,22.4631,18.6925,24.2791,21.6162,30.0383,26.8672
3,609,33,320,0.75,54.0544,55.3187,82.2541,39.2036,30.1713,41.1874,31.5279,53.7836,42.7227
3,610,33,320,1,60.1442,61.6519,91.2238,42.3857,36.5998,45.4375,41.1748,58.1029,51.4903
3,611,33,320,1.5,64.2052,63.2127,94.6579,44.3215,37.9874,46.7291,41.7551,60.2560,53.5697
3,612,34,10,0.75,3.1457,2.3285,4.4110,0.0000,4.1724,0.0000,0.0000,0.0000,0.0000
3,613,34,10,1,1.5002,1.2755,4.8365,4.3443,4.4917,4.1856,0.0000,4.6580,4.2993
3,614,34,10,1.5,1.3808,0.4777,3.2955,0.0000,0.0000,0.0000,0.0000,0.0000,0.0000
3,615,34,20,0.75,4.3438,3.7031,6.8822,4.4367,0.0000,0.0000,0.0000,6.8073,5.8162
3,616,34,20,1,3.8077,1.9559,7.0600,4.6579,0.0000,0.0000,0.0000,7.0179,7.3529
3,617,34,20,1.5,5.3765,4.9397,8.8569,5.4316,4.9539,4.6208,4.7777,8.6884,8.9044
3,618,34,40,0.75,6.8875,6.8337,15.4896,6.4628,5.8872,5.9420,5.9230,14.7776,13.5864
3,619,34,40,1,8.2209,8.6388,15.5254,8.6374,8.2157,8.2991,8.0872,15.5697,14.9871
3,620,34,40,1.5,8.9271,6.4436,15.9417,8.9178,8.4297,6.3752,5.8052,15.7533,15.0411
3,621,34,80,0.75,12.7182,11.1116,27.5758,12.7898,10.8010,10.0781,9.2822,27.1487,23.1618
3,622,34,80,1,14.4668,12.4996,30.3618,14.1222,13.9734,11.1491,11.6130,29.4931,28.8293
3,623,34,80,1.5,16.8034,13.8782,33.5634,16.2190,15.5205,12.2711,12.6440,32.9363,31.5955
3,624,34,160,0.75,27.3911,24.1272,54.3146,27.1161,24.0277,21.9731,19.6788,53.1518,46.1558
3,625,34,160,1,29.9290,26.7296,60.8997,29.4629,28.5258,23.7481,24.3409,59.9617,58.4338
3,626,34,160,1.5,33.0541,27.3929,63.2367,32.2243,30.9048,24.9158,25.5817,62.2989,61.0372
3,627,34,320,0.75,54.4494,48.3547,109.8033,53.5231,47.0360,43.6436,39.3179,107.3581,93.7342
3,628,34,320,1,58.8447,50.7059,119.8701,57.6292,55.6964,45.1085,46.5040,118.0011,114.9312
3,629,34,320,1.5,66.6006,53.7620,129.2947,65.2000,62.0471,49.3371,50.1413,127.7960,122.6910
3,630,35,10,0.75,3.4218,2.1498,5.1236,0.0000,0.0000,0.0000,0.0000,4.2843,4.3687
3,631,35,10,1,2.9059,1.5678,3.6543,0.0000,0.0000,0.0000,0.0000,3.5315,3.5654
3,632,35,10,1.5,3.5572,3.2934,5.5969,4.2334,3.9914,4.5068,4.5037,4.4408,0.0000
3,633,35,20,0.75,6.4777,4.1470,7.0880,5.3619,0.0000,0.0000,0.0000,5.7829,4.3707
3,634,35,20,1,4.3132,3.0094,7.9730,4.4848,0.0000,0.0000,0.0000,5.7453,5.1906
3,635,35,20,1.5,5.2091,4.1473,7.2029,5.3244,5.2717,0.0000,0.0000,6.3456,5.8475
3,636,35,40,0.75,9.0361,3.5561,13.1011,5.9269,4.7698,0.0000,0.0000,7.6319,4.8119
3,637,35,40,1,10.1918,5.4836,16.5784,7.5253,6.5301,4.9905,4.7832,11.3782,9.6552
3,638,35,40,1.5,9.7003,5.8906,15.6553,6.0683,5.6149,4.6010,4.1550,9.9721,8.1828
3,639,35,80,0.75,18.9936,10.9397,26.9872,12.6653,10.3381,10.1200,8.0165,19.4526,12.9172
3,640,35,80,1,20.2239,11.3996,31.6579,13.3246,12.3224,9.7592,9.5781,22.6279,18.9512
3,641,35,80,1.5,23.0582,12.4408,36.4428,15.2967,13.8301,10.1993,10.6336,24.5797,20.2600
3,642,35,160,0.75,36.5479,22.6368,56.2813,24.9619,20.8513,19.8110,17.5483,40.3763,29.1403
3,643,35,160,1,44.0575,26.4342,67.1931,30.3903,27.7560,22.3101,22.6643,47.9971,39.9779
3,644,35,160,1.5,47.2006,24.9261,70.6574,31.4349,28.0884,21.0409,21.6586,48.2960,40.4036
3,645,35,320,0.75,75.9000,44.2127,115.3944,52.3336,41.6166,36.9957,32.8118,82.7295,61.8461
3,646,35,320,1,85.1525,50.3201,129.5871,57.6609,52.8609,43.7176,43.4243,90.0894,74.3987
3,647,35,320,1.5,93.6049,54.1610,140.7698,62.7942,55.9809,45.6141,44.9665,97.3509,79.1890
4,0,0,10,0.75,-0.3845,0.1077,-0.1811,0.0000,0.0000,4.5106,4.9270,0.0000,0.0000
4,1,0,10,1,-0.2443,0.7493,0.0881,4.2627,0.0000,0.0000,0.0000,0.0000,0.0000
4,2,0,10,1.5,2.7184,2.7400,2.1106,0.0000,0.0000,0.0000,0.0000,0.0000,0.0000
4,3,0,20,0.75,1.5745,2.3682,0.9105,0.0000,0.0000,0.0000,0.0000,0.0000,4.4336
4,4,0,20,1,-0.5986,0.4520,-0.4126,0.0000,0.0000,3.9467,4.5026,4.8835,4.6566
4,5,0,20,1.5,1.5517,1.2193,1.8348,0.0000,0.0000,0.0000,4.3415,0.0000,4.1906
4,6,0,40,0.75,2.2824,1.9884,2.4729,0.0000,0.0000,0.0000,3.3267,0.0000,3.8183
4,7,0,40,1,0.9410,1.3371,1.2514,0.0000,0.0000,0.0000,0.0000,0.0000,3.7232
4,8,0,40,1.5,1.1043,1.4500,1.2799,0.0000,0.0000,4.0982,4.2182,0.0000,4.0664
4,9,0,80,0.75,3.2445,4.9264,4.2300,0.0000,0.0000,0.0000,0.0000,0.0000,0.0000
4,10,0,80,1,3.5848,4.5238,4.1731,0.0000,3.9220,4.7909,4.3722,4.9627,5.1852
4,11,0,80,1.5,3.7404,4.3563,4.1598,0.0000,0.0000,4.1355,4.0979,3.9260,0.0000
4,12,0,160,0.75,5.9793,8.2540,9.6491,5.9490,5.9692,7.0576,7.1927,6.7809,7.6216
4,13,0,160,1,6.5825,8.4704,8.7510,5.4255,5.9135,6.5190,7.0116,6.9152,6.7954
4,14,0,160,1.5,6.5554,7.4338,7.6689,5.5852,5.0312,6.4476,6.4063,6.3990,5.7703
4,15,0,320,0.75,12.6569,16.0705,17.0052,10.6810,9.5020,13.9341,11.9490,13.3065,11.8745
4,16,0,320,1,13.2408,16.3181,17.2017,10.7168,11.8087,13.6089,14.1910,13.6760,14.0908
4,17,0,320,1.5,14.1477,17.1503,17.1741,12.0856,12.3519,15.0439,14.5489,14.9197,13.5578
4,18,1,10,0.75,1.2107,0.2038,0.1017,4.2672,0.0000,0.0000,0.0000,0.0000,0.0000
4,19,1,10,1,0.5322,-0.6466,-0.1076,0.0000,0.0000,0.0000,0.0000,0.0000,3.9679
4,20,1,10,1.5,0.4174,0.5043,1.7493,0.0000,0.0000,0.0000,0.0000,4.1913,4.3110
4,21,1,20,0.75,2.6769,1.7224,2.7315,4.8918,4.6010,0.0000,0.0000,4.4997,0.0000
4,22,1,20,1,1.4656,0.7135,1.1590,0.0000,0.0000,0.0000,0.0000,0.0000,0.0000
4,23,1,20,1.5,1.7269,0.2529,1.9787,0.0000,0.0000,0.0000,0.0000,0.0000,0.0000
4,24,1,40,0.75,0.6277,1.3528,2.0469,4.1899,0.0000,0.0000,0.0000,0.0000,0.0000
4,25,1,40,1,3.4790,2.1333,3.2629,4.2360,0.0000,3.9699,0.0000,0.0000,3.9832
4,26,1,40,1.5,3.4067,2.5598,3.1508,0.0000,0.0000,0.0000,0.0000,0.0000,0.0000
4,27,1,80,0.75,2.6012,2.2183,4.3685,0.0000,0.0000,0.0000,0.0000,4.8129,0.0000
4,28,1,80,1,5.0114,3.3030,5.8449,4.9864,4.8200,4.4967,4.1450,5.5426,5.5966
4,29,1,80,1.5,2.7853,2.7264,4.2681,3.8634,3.7104,4.2812,4.3660,4.5197,4.3502
4,30,1,160,0.75,10.1814,8.3186,10.5859,8.2970,7.6490,7.9797,7.5044,8.5391,7.9390
4,31,1,160,1,8.1576,6.8987,11.1419,7.2235,6.5168,6.8494,7.1267,8.2769,8.2925
4,32,1,160,1.5,8.9197,6.6748,9.7654,7.7855,7.4762,6.6277,6.7151,8.0839,7.7056
4,33,1,320,0.75,16.7591,15.8010,21.8525,13.8819,11.8231,15.3647,13.1454,16.6901,14.4303
4,34,1,320,1,17.0286,15.6684,21.9713,14.5939,14.5185,14.4077,13.4921,17.1143,15.9380
4,35,1,320,1.5,19.0365,16.7164,21.8122,15.8312,15.2176,15.3483,14.2975,17.1567,15.9200
4,36,2,10,0.75,1.4749,2.3445,1.8861,0.0000,4.5311,0.0000,0.0000,0.0000,0.0000
4,37,2,10,1,2.3339,2.0901,2.0749,5.5281,5.3488,0.0000,0.0000,0.0000,4.6263
4,38,2,10,1.5,0.4841,0.4183,0.9587,0.0000,0.0000,0.0000,0.0000,0.0000,0.0000
4,39,2,20,0.75,2.1007,1.1659,1.4943,0.0000,0.0000,0.0000,4.4269,0.0000,0.0000
4,40,2,20,1,0.9684,1.8390,1.8137,4.4645,4.2249,0.0000,0.0000,0.0000,0.0000
4,41,2,20,1.5,1.6489,1.7510,1.6345,3.1338,3.4676,3.3761,3.6031,0.0000,0.0000
4,42,2,40,0.75,0.3119,2.1908,1.4387,0.0000,0.0000,0.0000,0.0000,4.2064,3.7099
4,43,2,40,1,0.7532,1.5127,1.7055,0.0000,0.0000,0.0000,0.0000,4.4124,4.4303
4,44,2,40,1.5,3.0999,2.7310,2.1292,0.0000,4.2072,0.0000,3.8966,0.0000,4.1278
4,45,2,80,0.75,2.3610,2.9887,1.9175,0.0000,4.0701,0.0000,0.0000,0.0000,0.0000
4,46,2,80,1,2.6175,1.6723,2.5036,4.0187,0.0000,0.0000,3.9936,4.6373,0.0000
4,47,2,80,1.5,2.1587,3.0296,2.7742,0.0000,0.0000,0.0000,0.0000,0.0000,0.0000
4,48,2,160,0.75,5.2491,5.5816,6.2929,3.8851,0.0000,0.0000,0.0000,0.0000,4.3404
4,49,2,160,1,6.7997,7.5898,7.8265,5.8607,5.7961,6.4820,6.7139,5.9140,5.5358
4,50,2,160,1.5,7.1954,8.3293,8.0742,6.3274,5.6370,6.6851,6.7640,5.3254,5.1193
4,51,2,320,0.75,13.7000,15.9681,15.6011,11.0679,10.6713,11.5212,12.3636,9.9617,8.9972
4,52,2,320,1,13.7225,14.7093,14.4919,11.0287,12.3238,12.3227,12.3479,9.5037,7.6584
4,53,2,320,1.5,14.4546,15.9391,16.0350,10.5765,11.7195,12.6583,13.5142,9.7980,8.4735
4,54,3,10,0.75,1.0757,1.1353,1.5635,0.0000,0.0000,0.0000,0.0000,4.0309,4.5466
4,55,3,10,1,0.8785,0.8666,0.9122,4.0090,4.5874,0.0000,0.0000,0.0000,3.3287
4,56,3,10,1.5,-0.0269,0.2154,0.0684,5.0157,4.7075,4.0768,0.0000,0.0000,4.2892
4,57,3,20,0.75,0.6107,1.5671,1.3774,0.0000,3.9701,0.0000,0.0000,0.0000,0.0000
4,58,3,20,1,-0.0311,-0.6647,-0.5588,3.4549,3.3587,4.3485,3.4120,4.5738,0.0000
4,59,3,20,1.5,2.2456,0.2979,1.0983,0.0000,0.0000,4.0807,0.0000,0.0000,0.0000
4,60,3,40,0.75,2.2997,2.1139,2.3978,0.0000,0.0000,0.0000,0.0000,0.0000,0.0000
4,61,3,40,1,1.6185,2.6206,3.4000,4.5297,4.5597,4.9748,4.5724,4.3093,4.2834
4,62,3,40,1.5,1.5765,1.8514,2.2215,0.0000,3.7186,0.0000,0.0000,0.0000,0.0000
4,63,3,80,0.75,3.7235,4.2578,5.1128,4.9553,0.0000,5.5884,4.9809,4.6086,0.0000
4,64,3,80,1,4.9257,4.3296,5.4504,3.8782,4.6256,0.0000,0.0000,5.0511,4.9043
4,65,3,80,1.5,3.2065,4.0068,4.7594,4.5884,4.1120,0.0000,4.0791,4.9013,4.8932
4,66,3,160,0.75,6.9233,6.9583,7.2942,7.0032,6.1349,6.7602,5.5728,7.0750,5.8845
4,67,3,160,1,8.3318,8.7451,8.9049,7.9859,7.3581,8.5221,7.7573,8.5736,7.3924
4,68,3,160,1.5,8.6963,9.6383,9.8078,8.4122,8.3676,9.1890,9.2952,9.5312,8.6311
4,69,3,320,0.75,11.6363,12.6505,13.3406,11.4022,9.8572,12.3427,11.5222,13.3774,11.6061
4,70,3,320,1,16.3613,16.2662,16.6338,15.9099,15.6546,15.7569,15.3739,15.7590,15.1834
4,71,3,320,1.5,16.7384,15.8351,17.5632,16.2504,15.0004,15.3377,14.1576,17.2112,16.1940
4,72,4,10,0.75,2.2462,0.0705,1.0765,0.0000,0.0000,0.0000,0.0000,0.0000,0.0000
4,73,4,10,1,0.6791,1.7293,0.7698,4.2415,3.4298,0.0000,0.0000,0.0000,0.0000
4,74,4,10,1.5,-0.9823,-0.1872,-0.9001,4.3259,0.0000,0.0000,0.0000,0.0000,0.0000
4,75,4,20,0.75,2.6406,1.7380,3.6911,4.1384,0.0000,4.6415,0.0000,0.0000,4.2762
4,76,4,20,1,1.4935,-0.4946,2.0710,3.9280,0.0000,3.4463,0.0000,0.0000,0.0000
4,77,4,20,1.5,-0.4374,-0.9190,-0.8554,4.1361,0.0000,4.2007,3.9490,0.0000,4.0543
4,78,4,40,0.75,0.4852,2.1676,2.1375,4.5571,0.0000,0.0000,0.0000,0.0000,0.0000
4,79,4,40,1,3.0445,2.1002,3.4271,0.0000,0.0000,0.0000,0.0000,3.7873,4.0435
4,80,4,40,1.5,2.8943,2.2628,4.1679,0.0000,0.0000,4.2707,0.0000,4.4247,0.0000
4,81,4,80,0.75,4.1529,2.1426,4.0982,4.5181,0.0000,0.0000,0.0000,0.0000,0.0000
4,82,4,80,1,1.5272,0.3091,1.5548,4.5075,4.4639,5.0180,4.6155,0.0000,0.0000
4,83,4,80,1.5,2.1250,-0.4825,3.7984,0.0000,0.0000,0.0000,0.0000,0.0000,0.0000
4,84,4,160,0.75,3.7944,2.2836,5.9308,4.1141,0.0000,4.0879,3.5715,5.3516,4.7059
4,85,4,160,1,6.8740,4.9787,9.1406,6.5121,6.3511,4.5984,4.9696,7.7076,7.3963
4,86,4,160,1.5,5.9513,1.9536,8.8156,5.4841,4.8262,0.0000,4.1893,7.1357,5.9746
4,87,4,320,0.75,10.5506,5.9410,13.4993,10.4753,8.8906,6.3749,4.5401,13.1051,9.5404
4,88,4,320,1,11.0745,5.6952,15.2633,10.5019,8.9067,6.0237,0.0000,13.1565,10.8584
4,89,4,320,1.5,12.4145,5.9234,16.3582,11.9904,10.1312,5.5410,4.7500,15.3242,12.2885
4,90,5,10,0.75,-0.1766,0.4571,0.7825,4.2576,4.4526,0.0000,0.0000,0.0000,0.0000
4,91,5,10,1,1.6334,0.1926,0.3113,0.0000,0.0000,0.0000,0.0000,0.0000,0.0000
4,92,5,10,1.5,1.4845,2.7291,2.0220,0.0000,0.0000,4.6491,4.1709,0.0000,0.0000
4,93,5,20,0.75,0.2152,0.0624,1.0982,0.0000,4.2451,0.0000,0.0000,0.0000,4.3023
4,94,5,20,1,1.7127,1.1857,1.1552,0.0000,0.0000,0.0000,4.0061,4.0705,4.2621
4,95,5,20,1.5,1.4824,1.8163,0.9270,0.0000,0.0000,0.0000,0.0000,0.0000,4.3301
4,96,5,40,0.75,2.3286,0.3930,0.8313,0.0000,0.0000,0.0000,4.5626,4.6754,4.7467
4,97,5,40,1,0.4206,0.1925,-0.4102,4.5232,0.0000,0.0000,0.0000,0.0000,0.0000
4,98,5,40,1.5,2.5745,1.0390,1.3715,4.6705,4.2305,4.1240,0.0000,3.5201,0.0000
4,99,5,80,0.75,4.0408,3.2349,3.1992,0.0000,0.0000,0.0000,0.0000,0.0000,0.0000
4,100,5,80,1,5.4398,4.3708,3.7556,5.5342,5.1756,4.2472,4.1905,4.5046,0.0000
4,101,5,80,1.5,4.3053,3.4204,3.2217,4.5936,4.8728,4.5255,4.4891,0.0000,0.0000
4,102,5,160,0.75,6.4297,4.6836,6.1996,7.2944,5.6740,5.5741,5.1098,6.3258,5.1366
4,103,5,160,1,5.7571,3.2991,4.4594,5.7436,5.4917,4.5755,0.0000,0.0000,4.1322
4,104,5,160,1.5,9.4683,6.1261,6.7491,9.2190,8.8090,6.0799,6.0771,6.3870,6.3103
4,105,5,320,0.75,12.1171,7.8956,9.6335,11.6473,9.7592,7.6402,6.3804,9.1805,7.4770
4,106,5,320,1,14.5823,7.8672,10.8870,14.4604,13.1419,7.8494,7.1660,10.9156,9.7874
4,107,5,320,1.5,16.4645,10.0710,12.3974,16.2106,14.7119,9.8430,8.6138,12.0815,9.5965
4,108,6,10,0.75,1.7393,0.4346,0.8163,4.0395,0.0000,0.0000,0.0000,4.2125,4.0548
4,109,6,10,1,1.0600,1.5072,1.3139,4.1751,0.0000,0.0000,0.0000,0.0000,4.1607
4,110,6,10,1.5,0.7306,1.0586,2.0367,0.0000,0.0000,4.6246,4.2438,4.4192,4.2244
4,111,6,20,0.75,1.9991,1.6285,3.3354,4.1127,3.8860,0.0000,3.3613,3.5155,0.0000
4,112,6,20,1,2.4827,2.6136,3.2314,0.0000,0.0000,0.0000,0.0000,0.0000,0.0000
4,113,6,20,1.5,0.1618,1.0597,1.3518,0.0000,4.5414,0.0000,3.4907,5.4616,5.5139
4,114,6,40,0.75,3.4766,3.3548,6.2346,3.6511,0.0000,3.9278,0.0000,4.1947,4.5275
4,115,6,40,1,3.7560,3.0880,5.9961,0.0000,4.3351,0.0000,0.0000,0.0000,0.0000
4,116,6,40,1.5,3.5940,2.9429,6.9554,0.0000,0.0000,0.0000,0.0000,4.7826,4.3884
4,117,6,80,0.75,3.0253,4.8687,9.6788,0.0000,0.0000,4.9523,4.3158,7.5380,5.5205
4,118,6,80,1,4.2248,4.0886,9.0258,0.0000,0.0000,0.0000,0.0000,5.7792,4.7853
4,119,6,80,1.5,6.4606,7.2935,13.4144,4.9468,4.5242,5.6960,6.2866,8.1983,7.6926
4,120,6,160,0.75,10.3336,11.9981,20.0306,7.0326,6.3009,9.7778,8.3851,12.3807,9.9291
4,121,6,160,1,12.0571,12.4759,23.9713,8.6812,7.9212,9.9850,10.3080,13.8684,12.0767
4,122,6,160,1.5,12.7067,13.5604,24.6848,9.5742,7.9652,10.8789,11.4483,13.6577,12.7976
4,123,6,320,0.75,19.5501,21.9327,41.7310,14.6408,12.1348,16.3517,15.9930,23.4895,20.7652
4,124,6,320,1,20.9119,24.3170,44.7925,16.8653,14.4169,19.0603,20.6946,25.7315,24.0739
4,125,6,320,1.5,21.9624,25.2374,48.3836,17.1891,14.7946,20.5264,22.4782,27.5358,24.3985
4,126,7,10,0.75,1.2807,0.9220,1.4260,0.0000,0.0000,0.0000,0.0000,0.0000,0.0000
4,127,7,10,1,0.2601,0.5914,-0.2456,0.0000,0.0000,4.0113,4.0999,0.0000,0.0000
4,128,7,10,1.5,-0.8118,-0.1549,-0.1751,4.2037,3.8055,0.0000,3.7472,0.0000,3.9309
4,129,7,20,0.75,1.0239,1.6138,0.9935,0.0000,0.0000,0.0000,0.0000,0.0000,4.9713
4,130,7,20,1,2.4506,2.0822,1.8869,0.0000,3.7607,0.0000,0.0000,4.2224,0.0000
4,131,7,20,1.5,2.5131,2.9828,2.7198,0.0000,4.2464,4.5109,4.3124,4.5387,4.4377
4,132,7,40,0.75,1.9754,2.1880,1.8123,0.0000,0.0000,0.0000,0.0000,4.9360,5.0935
4,133,7,40,1,2.5906,1.7921,3.2520,0.0000,4.8915,0.0000,3.8561,4.5677,0.0000
4,134,7,40,1.5,2.5745,2.9460,3.6358,4.1739,0.0000,0.0000,4.3774,4.5211,4.8825
4,135,7,80,0.75,6.9205,7.5757,8.7598,6.2041,5.8835,6.5271,6.5736,6.4969,6.3718
4,136,7,80,1,9.2819,8.6319,11.0606,7.7753,7.9227,7.5202,7.5984,8.3735,8.5446
4,137,7,80,1.5,7.4587,7.4216,10.1497,6.6279,6.5010,6.5099,6.9901,7.4734,8.5838
4,138,7,160,0.75,12.9253,12.8970,17.6983,10.9914,10.4872,11.8829,10.8969,11.9926,12.9180
4,139,7,160,1,10.7267,12.2943,17.0727,9.4540,9.4086,10.3264,10.3747,11.1962,13.6237
4,140,7,160,1.5,15.2830,15.4156,19.0096,13.1769,12.7962,12.7267,13.7821,13.6432,15.4823
4,141,7,320,0.75,23.0389,26.4879,32.3546,19.3357,17.6039,22.6337,20.7499,22.9481,22.3998
4,142,7,320,1,24.0858,27.9990,35.7823,19.7636,20.4823,22.7667,24.8178,23.6929,28.6992
4,143,7,320,1.5,26.9575,28.4212,36.0791,22.0027,22.5370,24.7721,24.9856,24.1016,28.5807
4,144,8,10,0.75,-0.3265,-0.7361,-0.7852,4.5456,0.0000,4.6561,4.6534,0.0000,0.0000
4,145,8,10,1,0.2877,0.2565,0.7468,0.0000,0.0000,0.0000,3.9513,4.0291,3.9920
4,146,8,10,1.5,-0.5605,1.2631,-0.1857,4.9796,0.0000,0.0000,0.0000,0.0000,0.0000
4,147,8,20,0.75,-0.5959,-0.9081,-0.1627,0.0000,4.0198,5.1429,4.5172,3.9018,0.0000
4,148,8,20,1,0.6582,0.7519,0.4420,3.8477,0.0000,0.0000,0.0000,4.0440,3.9165
4,149,8,20,1.5,0.4059,0.9071,1.4862,3.8165,0.0000,0.0000,0.0000,0.0000,3.7348
4,150,8,40,0.75,2.2870,2.2078,2.2345,4.5026,4.4773,0.0000,3.9465,0.0000,0.0000
4,151,8,40,1,1.5061,0.9912,1.4889,0.0000,0.0000,0.0000,0.0000,0.0000,0.0000
4,152,8,40,1.5,2.9639,3.1322,3.3883,0.0000,3.9337,4.3147,4.3160,4.2968,0.0000
4,153,8,80,0.75,3.2862,3.6415,4.4271,4.1712,4.0349,3.8615,3.7007,0.0000,4.0744
4,154,8,80,1,4.4012,3.4312,4.0833,4.4141,4.6254,0.0000,4.2232,0.0000,0.0000
4,155,8,80,1.5,5.3315,4.1534,5.9518,4.5648,4.8743,0.0000,4.1967,4.8589,4.7988
4,156,8,160,0.75,8.7836,9.0133,9.4076,7.6928,6.8280,7.8837,6.3479,8.4333,6.8191
4,157,8,160,1,8.6381,7.3965,9.3840,6.8332,7.5923,7.1565,5.9908,7.2886,7.8037
4,158,8,160,1.5,8.9626,7.7072,10.2253,7.2530,8.0988,5.7740,5.5079,7.4429,8.4546
4,159,8,320,0.75,19.5079,16.8788,21.1210,16.1656,15.1570,13.7808,11.8674,16.9694,16.1286
4,160,8,320,1,17.1489,15.1868,18.6937,14.4400,14.6244,12.8805,12.6129,15.7962,15.1360
4,161,8,320,1.5,18.8059,16.5586,21.2281,15.1084,17.0499,12.7636,13.7783,16.6422,19.4027
4,162,9,10,0.75,1.0625,0.7305,1.9765,0.0000,0.0000,0.0000,0.0000,0.0000,0.0000
4,163,9,10,1,1.2248,0.9974,0.7941,4.1273,4.3246,0.0000,0.0000,4.4075,0.0000
4,164,9,10,1.5,2.5002,1.3639,1.9661,0.0000,4.4068,4.3424,4.4756,5.0575,5.1245
4,165,9,20,0.75,4.1831,5.0043,3.7948,4.9488,4.4448,4.9598,4.9815,0.0000,0.0000
4,166,9,20,1,1.7379,3.0336,3.7625,0.0000,0.0000,3.8221,0.0000,0.0000,0.0000
4,167,9,20,1.5,3.1250,4.2894,3.5791,4.1765,0.0000,4.4668,4.9612,0.0000,4.6987
4,168,9,40,0.75,3.8335,5.4599,4.5167,3.7985,0.0000,5.1370,4.3744,4.0815,0.0000
4,169,9,40,1,3.8523,5.2490,4.9149,0.0000,3.8922,5.1046,4.0820,4.2492,5.0533
4,170,9,40,1.5,5.8935,6.8642,5.8716,5.2218,4.7982,6.7415,7.5016,4.8361,4.5367
4,171,9,80,0.75,8.1074,9.1700,8.6156,7.4544,5.5451,8.4855,6.8417,6.7737,6.9512
4,172,9,80,1,8.9224,9.0683,9.6923,7.7077,8.4706,9.0491,8.8585,7.0895,7.4072
4,173,9,80,1.5,9.3562,11.6262,12.7235,8.8400,8.0011,10.6771,10.5769,8.9291,9.8711
4,174,9,160,0.75,17.7391,19.5862,19.0687,16.5533,11.3670,18.8567,15.7933,15.4910,13.4976
4,175,9,160,1,17.7986,20.6814,21.4130,16.3416,13.7642,19.6209,17.8169,16.3207,17.1787
4,176,9,160,1.5,19.6120,21.5070,22.8881,17.6860,13.7445,20.5042,18.5019,17.2838,17.5162
4,177,9,320,0.75,33.0037,39.2166,36.2868,30.9855,22.1313,37.2602,30.5896,29.6620,24.4216
4,178,9,320,1,35.3696,42.2597,41.1187,33.8719,26.6745,40.3881,38.0980,32.3999,31.1577
4,179,9,320,1.5,41.4824,45.2557,46.7231,37.5634,29.4644,43.0394,39.0478,36.5651,33.8613
4,180,10,10,0.75,1.9221,0.9895,1.2796,4.5173,0.0000,4.4145,4.4173,0.0000,0.0000
4,181,10,10,1,-0.2195,-0.2772,-0.5087,0.0000,0.0000,0.0000,0.0000,0.0000,0.0000
4,182,10,10,1.5,1.5328,1.2737,1.6061,0.0000,0.0000,0.0000,4.4583,0.0000,4.1853
4,183,10,20,0.75,-0.3484,-0.5068,0.4763,0.0000,0.0000,0.0000,4.2199,0.0000,0.0000
4,184,10,20,1,1.6316,1.5957,1.7001,0.0000,0.0000,0.0000,0.0000,4.1920,0.0000
4,185,10,20,1.5,2.0917,1.3327,1.3623,4.3859,3.6558,0.0000,0.0000,0.0000,0.0000
4,186,10,40,0.75,1.2124,1.2726,1.3157,0.0000,0.0000,0.0000,0.0000,0.0000,0.0000
4,187,10,40,1,2.1751,1.5100,1.6167,0.0000,0.0000,3.8899,0.0000,0.0000,0.0000
4,188,10,40,1.5,1.3098,1.5397,1.1814,0.0000,0.0000,0.0000,0.0000,0.0000,3.7156
4,189,10,80,0.75,2.9032,1.8733,3.1888,4.4865,0.0000,0.0000,0.0000,4.3715,3.9519
4,190,10,80,1,4.8107,3.7965,4.9462,0.0000,0.0000,0.0000,0.0000,5.2073,0.0000
4,191,10,80,1.5,4.5092,3.6241,5.2300,5.6986,5.1652,5.4785,4.8367,5.4159,4.7378
4,192,10,160,0.75,6.8913,4.2144,6.5799,6.1553,5.6703,0.0000,0.0000,6.5196,5.0156
4,193,10,160,1,8.8144,7.8487,9.0448,8.2388,9.0278,7.1983,7.6852,8.2083,8.6604
4,194,10,160,1.5,7.9079,5.5544,8.0526,7.6728,8.1850,5.4541,5.8767,8.4977,8.8849
4,195,10,320,0.75,16.1277,11.3896,16.7348,14.2428,12.8521,10.8068,9.4464,15.6723,13.8527
4,196,10,320,1,15.6628,11.5597,16.1003,13.9460,14.4960,10.9596,11.1435,14.5107,14.8770
4,197,10,320,1.5,18.0430,12.2781,18.2257,16.6636,15.5873,11.7121,11.3669,16.8444,16.4438
4,198,11,10,0.75,0.1015,1.1809,0.6569,0.0000,0.0000,0.0000,0.0000,4.6486,4.6038
4,199,11,10,1,3.0141,0.8449,1.8603,0.0000,0.0000,0.0000,4.4927,0.0000,0.0000
4,200,11,10,1.5,1.4126,0.4440,0.1361,0.0000,3.5460,4.4189,3.9546,4.5180,4.2040
4,201,11,20,0.75,1.9939,2.0473,2.2406,4.2519,0.0000,0.0000,3.8985,0.0000,0.0000
4,202,11,20,1,2.6747,2.3284,1.8826,4.2258,0.0000,0.0000,0.0000,0.0000,0.0000
4,203,11,20,1.5,0.8146,1.4630,2.9038,0.0000,4.1970,0.0000,0.0000,0.0000,0.0000
4,204,11,40,0.75,3.9950,2.6873,3.1416,4.4574,3.8095,0.0000,0.0000,4.1125,0.0000
4,205,11,40,1,4.5481,3.9592,3.7007,0.0000,0.0000,0.0000,0.0000,4.6136,4.7511
4,206,11,40,1.5,2.3588,3.5139,4.2646,0.0000,0.0000,4.5865,0.0000,0.0000,0.0000
4,207,11,80,0.75,5.5458,6.8122,6.7900,4.9496,0.0000,6.7254,5.7421,6.6574,5.6352
4,208,11,80,1,6.2575,5.1852,7.0372,5.8679,5.6975,4.8664,5.0728,6.0923,6.5374
4,209,11,80,1.5,8.4285,8.1089,9.9412,7.4640,6.8393,7.7533,7.5701,7.5850,8.1123
4,210,11,160,0.75,11.2233,12.7105,15.9721,10.0786,7.8818,11.1008,9.1977,12.5474,10.8605
4,211,11,160,1,12.7526,14.7950,17.1524,11.4116,10.0760,13.0081,13.0758,14.0142,13.5932
4,212,11,160,1.5,13.7751,14.4520,16.7883,12.4478,11.5151,12.9705,13.3392,13.8738,13.6234
4,213,11,320,0.75,23.3648,25.5658,29.5443,20.8968,18.0291,22.1880,19.8846,22.9658,19.2874
4,214,11,320,1,25.0632,28.0050,32.0825,22.6947,20.3776,25.5931,25.9904,24.6876,23.9900
4,215,11,320,1.5,27.7909,28.9182,33.8385,24.5082,22.2907,25.1134,25.5780,25.7333,25.2314
4,216,12,10,0.75,0.4068,0.4643,1.5124,0.0000,0.0000,0.0000,0.0000,0.0000,3.7383
4,217,12,10,1,-1.0660,-0.4961,-1.2255,0.0000,0.0000,0.0000,0.0000,0.0000,0.0000
4,218,12,10,1.5,0.0211,-0.0061,-0.7607,4.2309,4.3275,4.1478,0.0000,0.0000,0.0000
4,219,12,20,0.75,0.2466,0.9994,-0.3260,0.0000,0.0000,5.1364,4.7440,0.0000,0.0000
4,220,12,20,1,-0.0060,0.3407,1.9043,3.5760,0.0000,0.0000,0.0000,0.0000,0.0000
4,221,12,20,1.5,2.0057,2.3680,1.0486,0.0000,0.0000,0.0000,0.0000,4.4036,0.0000
4,222,12,40,0.75,1.1719,-0.3322,1.4069,0.0000,0.0000,0.0000,0.0000,0.0000,3.8405
4,223,12,40,1,4.4149,5.0292,3.8919,4.7910,4.4712,4.6492,4.6063,0.0000,3.6686
4,224,12,40,1.5,2.1085,2.1703,3.1735,0.0000,0.0000,0.0000,4.8931,0.0000,5.0497
4,225,12,80,0.75,5.2691,5.9425,6.5972,4.9397,0.0000,5.5540,4.3069,5.2446,4.1086
4,226,12,80,1,4.5517,5.6549,5.0809,4.7408,4.8226,5.5063,5.3595,5.0822,4.9231
4,227,12,80,1.5,4.2252,5.3106,5.6812,4.7612,4.5111,4.6603,5.0830,4.7317,4.6658
4,228,12,160,0.75,8.4633,8.6858,10.1450,7.7824,5.9129,8.2549,6.2153,8.8207,5.2725
4,229,12,160,1,10.1176,11.2031,11.8332,9.3651,8.1425,10.1507,9.2668,10.0504,7.8985
4,230,12,160,1.5,10.3509,12.6522,11.6911,9.9142,7.7998,12.5204,11.3718,11.0984,7.8466
4,231,12,320,0.75,18.8207,22.1164,21.7468,17.7139,13.9164,20.7935,17.1154,19.5300,13.4000
4,232,12,320,1,18.3450,22.1791,21.6553,17.1781,14.4754,20.8921,18.8833,19.5797,15.2578
4,233,12,320,1.5,21.4229,24.1554,23.8964,20.1412,16.4737,22.5570,19.9807,21.2708,16.8867
4,234,13,10,0.75,1.6537,2.2237,1.2122,3.5039,3.4746,0.0000,0.0000,0.0000,0.0000
4,235,13,10,1,2.5050,2.0786,1.0294,4.2255,0.0000,0.0000,3.8842,0.0000,0.0000
4,236,13,10,1.5,1.0813,0.2433,2.1989,0.0000,0.0000,0.0000,0.0000,0.0000,0.0000
4,237,13,20,0.75,2.2926,1.4322,3.3188,4.6325,4.6039,4.3747,4.3324,0.0000,0.0000
4,238,13,20,1,2.3859,1.6038,4.2202,4.1365,4.2879,4.1386,0.0000,4.5049,0.0000
4,239,13,20,1.5,2.5299,1.9334,2.8645,4.3205,0.0000,0.0000,0.0000,4.6142,0.0000
4,240,13,40,0.75,6.8049,6.1956,6.9461,6.5617,4.9527,5.6352,4.5942,6.1762,5.3452
4,241,13,40,1,6.0559,3.3578,7.5969,5.6206,5.0600,0.0000,0.0000,6.8083,6.1802
4,242,13,40,1.5,7.2805,6.3002,7.3008,6.7100,6.6447,6.4489,5.5423,6.1195,5.2436
4,243,13,80,0.75,9.8100,8.3114,11.5650,9.4971,7.4147,6.9476,5.8495,10.4012,7.7453
4,244,13,80,1,11.4433,8.2110,12.9773,10.1777,10.1677,7.5452,7.1337,11.7686,9.5171
4,245,13,80,1.5,14.5964,10.1189,15.6224,13.9438,12.0113,9.4735,8.4893,14.1972,12.3685
4,246,13,160,0.75,18.7467,12.9179,22.5549,17.2763,13.6014,11.6061,8.4724,20.5435,14.6731
4,247,13,160,1,22.8234,16.8930,26.6889,21.0576,18.4126,15.1389,12.7398,24.9438,20.6167
4,248,13,160,1.5,24.1798,16.9508,26.9611,22.9665,20.2030,15.1112,13.0822,25.5886,22.1114
4,249,13,320,0.75,41.3120,31.2659,47.1628,38.9483,30.7122,28.4267,22.0620,43.1886,32.8990
4,250,13,320,1,42.1586,31.1363,50.1470,40.1132,34.6167,27.6925,23.2061,46.0732,38.8401
4,251,13,320,1.5,48.9056,33.9242,55.6897,46.8347,39.6141,31.0182,26.3809,51.8917,43.1745
4,252,14,10,0.75,2.6689,2.5554,3.5016,0.0000,0.0000,0.0000,0.0000,0.0000,0.0000
4,253,14,10,1,1.0462,2.3756,4.7926,0.0000,0.0000,0.0000,0.0000,0.0000,0.0000
4,254,14,10,1.5,1.9005,0.9847,2.6104,0.0000,0.0000,0.0000,0.0000,0.0000,0.0000
4,255,14,20,0.75,1.3512,3.5254,6.0224,0.0000,0.0000,0.0000,0.0000,4.9913,0.0000
4,256,14,20,1,2.9680,4.4032,6.4559,0.0000,0.0000,0.0000,0.0000,6.9135,7.0571
4,257,14,20,1.5,3.2194,5.4603,7.1288,0.0000,0.0000,0.0000,4.0680,0.0000,0.0000
4,258,14,40,0.75,4.3424,7.4174,10.7685,0.0000,0.0000,6.3226,4.8679,7.7755,7.1009
4,259,14,40,1,6.2926,9.7351,11.5027,5.5150,5.3738,8.7796,7.4037,7.3636,8.4278
4,260,14,40,1.5,7.4581,10.8347,13.9807,6.2642,5.9381,8.9478,7.5186,8.5226,8.6246
4,261,14,80,0.75,11.2775,17.8231,23.3192,8.9875,6.7245,14.0079,10.3306,16.4464,14.6045
4,262,14,80,1,12.5580,18.9880,25.6757,10.0105,9.1581,15.9797,14.2042,16.5611,17.1720
4,263,14,80,1.5,14.0376,19.5944,27.7197,10.8566,9.5339,16.0407,13.9843,19.4209,20.1409
4,264,14,160,0.75,23.0327,35.2383,47.5560,17.2713,12.4490,28.1631,20.6363,31.9670,28.9216
4,265,14,160,1,25.8962,37.7820,50.7099,20.2727,16.7411,30.6502,25.4156,34.8577,35.4463
4,266,14,160,1.5,26.3187,40.1768,54.2272,19.4458,15.9616,31.1736,25.5576,36.9908,37.1863
4,267,14,320,0.75,42.8374,68.1767,93.6160,32.2470,23.5442,53.9126,39.3265,63.4241,57.4576
4,268,14,320,1,48.9645,75.8029,101.1770,37.2695,31.4160,60.2068,50.4583,66.2589,68.5181
4,269,14,320,1.5,53.2121,79.2868,109.0084,40.2660,33.4001,63.5666,52.8424,73.5834,76.8389
4,270,15,10,0.75,0.0914,0.8632,0.5901,0.0000,4.3907,0.0000,0.0000,4.6186,0.0000
4,271,15,10,1,1.0015,0.7972,2.0879,3.6006,0.0000,0.0000,4.2169,4.5622,4.8716
4,272,15,10,1.5,0.2674,0.5766,-0.5667,0.0000,0.0000,0.0000,0.0000,0.0000,0.0000
4,273,15,20,0.75,2.7303,2.6368,2.8952,0.0000,3.5808,0.0000,0.0000,0.0000,0.0000
4,274,15,20,1,2.1833,1.5856,2.2199,4.5250,0.0000,0.0000,0.0000,0.0000,0.0000
4,275,15,20,1.5,1.7671,1.6803,1.8751,0.0000,0.0000,3.7012,0.0000,4.4984,0.0000
4,276,15,40,0.75,0.2303,0.5956,0.8234,4.5084,4.6225,0.0000,0.0000,0.0000,0.0000
4,277,15,40,1,2.6464,2.7139,3.9366,4.6185,0.0000,5.0011,4.4292,4.4166,0.0000
4,278,15,40,1.5,1.6006,2.0567,1.6799,0.0000,0.0000,0.0000,0.0000,0.0000,0.0000
4,279,15,80,0.75,4.6090,3.8125,5.4801,0.0000,0.0000,0.0000,0.0000,0.0000,0.0000
4,280,15,80,1,5.0566,5.2715,5.7248,0.0000,4.4293,4.5077,4.3467,4.6009,4.5300
4,281,15,80,1.5,3.4208,3.7571,4.3700,4.3163,0.0000,0.0000,0.0000,0.0000,0.0000
4,282,15,160,0.75,11.2976,11.3766,12.8862,9.2803,8.3354,8.8464,7.0633,8.7680,8.1143
4,283,15,160,1,11.0689,10.8837,12.8933,8.9572,8.4027,9.2048,8.3740,9.1433,8.6726
4,284,15,160,1.5,10.8762,11.3848,13.1072,9.4641,9.7706,9.2100,8.9124,9.2353,9.1438
4,285,15,320,0.75,19.3433,17.7533,21.8216,15.2318,14.1984,15.2554,13.0165,15.0714,13.5218
4,286,15,320,1,20.4129,18.9829,23.9383,15.4971,16.8653,14.5318,15.1402,15.6875,17.4516
4,287,15,320,1.5,21.2868,20.1451,24.0252,17.1263,17.5903,16.0173,15.8400,16.9810,18.2631
4,288,16,10,0.75,1.7164,1.7053,2.5371,0.0000,0.0000,0.0000,0.0000,0.0000,0.0000
4,289,16,10,1,0.1162,-0.1713,0.2918,4.5550,4.1684,0.0000,0.0000,0.0000,0.0000
4,290,16,10,1.5,1.4776,0.9183,1.9085,0.0000,0.0000,4.2363,0.0000,0.0000,0.0000
4,291,16,20,0.75,2.6100,2.6763,3.4448,0.0000,0.0000,0.0000,0.0000,0.0000,4.6716
4,292,16,20,1,4.2313,4.8239,4.5362,4.3565,4.3939,4.6089,5.0324,0.0000,4.6401
4,293,16,20,1.5,2.6343,2.3412,3.4491,4.4985,4.4125,0.0000,4.4382,4.2793,4.5463
4,294,16,40,0.75,5.5381,6.2052,7.6849,4.9007,4.3087,5.1887,5.3491,4.7206,5.1312
4,295,16,40,1,8.6319,8.3994,10.3682,6.8120,7.1811,6.9080,7.0185,6.7432,7.7484
4,296,16,40,1.5,8.6430,8.5716,11.2400,6.2891,7.3986,7.2178,7.6415,6.3666,8.1459
4,297,16,80,0.75,11.4208,11.6719,15.6791,9.0750,8.0693,9.6232,8.7599,10.2659,9.7791
4,298,16,80,1,13.5483,15.6397,17.0840,11.6447,11.5022,13.6634,13.0482,12.0023,12.5135
4,299,16,80,1.5,15.1387,14.7205,18.7771,11.4062,12.9634,13.0776,13.3406,11.6128,14.5030
4,300,16,160,0.75,24.7142,25.4513,31.3589,19.5592,17.7266,21.4583,19.9108,20.4386,20.9872
4,301,16,160,1,26.4161,26.9486,33.1979,20.3772,22.3723,22.3170,24.0466,21.2411,25.1315
4,302,16,160,1.5,29.8003,29.6160,35.3165,23.0396,24.7483,25.1341,26.3212,24.3240,26.6869
4,303,16,320,0.75,49.2130,52.7853,63.0401,38.4098,36.7519,43.0121,39.5954,40.0838,40.7568
4,304,16,320,1,54.1869,56.7060,67.5609,41.9937,44.4403,46.4728,48.6021,43.2445,50.5450
4,305,16,320,1.5,59.5916,60.5479,71.4363,44.5817,48.9621,49.6170,52.1396,45.6152,53.5472
4,306,17,10,0.75,0.7245,1.6038,1.7397,0.0000,4.1083,3.6145,3.5501,4.1573,4.5673
4,307,17,10,1,1.0959,0.4886,-0.0491,0.0000,0.0000,4.3908,4.4639,4.1298,0.0000
4,308,17,10,1.5,1.3187,1.6388,1.7149,0.0000,0.0000,4.1142,0.0000,0.0000,4.3036
4,309,17,20,0.75,-0.1009,0.9673,1.1337,0.0000,0.0000,0.0000,0.0000,4.6458,0.0000
4,310,17,20,1,2.2807,1.6116,2.8209,4.8059,0.0000,4.5084,3.9384,0.0000,0.0000
4,311,17,20,1.5,1.5965,0.3400,1.7512,4.1310,0.0000,0.0000,0.0000,0.0000,0.0000
4,312,17,40,0.75,4.4452,4.5900,4.3115,0.0000,0.0000,4.6310,4.0714,0.0000,0.0000
4,313,17,40,1,4.8583,5.3367,5.4538,4.5255,0.0000,0.0000,4.7361,4.6311,0.0000
4,314,17,40,1.5,3.0659,3.5674,3.1767,0.0000,0.0000,0.0000,4.3431,0.0000,0.0000
4,315,17,80,0.75,8.2860,8.7302,10.5094,6.2312,5.9328,7.4582,6.6886,7.8721,6.7664
4,316,17,80,1,8.3887,8.6494,8.5660,6.8592,6.8097,7.9946,7.6215,6.3516,6.3119
4,317,17,80,1.5,9.4271,9.4172,11.0377,7.7954,6.8533,7.8803,7.3186,8.5937,6.6085
4,318,17,160,0.75,14.9497,15.2925,16.3840,11.7802,8.8192,12.4643,10.6760,10.9799,8.9445
4,319,17,160,1,18.1592,18.5667,18.4505,12.8883,11.8230,14.5978,14.6314,12.6269,10.5326
4,320,17,160,1.5,15.9782,16.5705,17.3817,12.3011,11.6162,13.6171,14.0587,10.8555,12.5599
4,321,17,320,0.75,28.3056,30.5298,31.3249,21.3319,16.7459,26.2510,21.2145,20.1086,17.0778
4,322,17,320,1,32.5752,33.6332,37.3678,25.2523,21.5648,27.0608,26.4486,26.8234,22.2913
4,323,17,320,1.5,34.4634,35.5701,37.7546,27.2447,23.3613,29.4814,27.7246,26.7017,22.5989
4,324,18,10,0.75,2.1330,2.0537,3.5902,0.0000,4.1811,4.5305,0.0000,4.5303,0.0000
4,325,18,10,1,1.2410,0.4850,2.9397,4.3157,0.0000,0.0000,0.0000,4.3862,0.0000
4,326,18,10,1.5,2.7508,3.0559,2.5604,4.6029,0.0000,4.2609,0.0000,0.0000,0.0000
4,327,18,20,0.75,2.6223,3.3123,5.5747,0.0000,0.0000,0.0000,0.0000,4.9874,4.4759
4,328,18,20,1,1.6091,2.1551,5.2197,0.0000,0.0000,0.0000,0.0000,4.4763,4.8119
4,329,18,20,1.5,3.5337,3.2368,5.9534,4.2185,3.9096,4.0872,0.0000,5.5300,6.0524
4,330,18,40,0.75,5.5441,5.6127,11.2835,5.3888,4.5493,4.9295,0.0000,10.1396,9.0769
4,331,18,40,1,7.4522,7.7319,11.5549,6.8877,6.6107,6.6654,5.5950,10.0585,8.8534
4,332,18,40,1.5,9.1060,7.5791,14.4250,7.9761,7.8067,5.5815,5.2992,11.7902,10.8987
4,333,18,80,0.75,13.4415,13.9492,22.8486,12.2333,10.1219,10.9311,8.0922,19.9954,16.7599
4,334,18,80,1,15.9145,14.6190,23.4570,14.1033,13.8243,11.3332,8.6531,20.1076,19.4150
4,335,18,80,1.5,14.8983,13.9797,24.7158,13.0749,13.5322,9.1062,9.3635,19.7635,19.9677
4,336,18,160,0.75,29.0657,28.3076,45.1761,24.9660,21.6638,20.3254,16.4387,37.5740,32.5358
4,337,18,160,1,30.2399,27.9885,48.2457,26.6577,25.5486,21.9656,17.7282,41.3801,39.2770
4,338,18,160,1.5,31.9969,29.3455,53.3111,27.7813,27.6954,21.7699,18.8103,44.3135,44.2924
4,339,18,320,0.75,53.5787,52.0554,87.0159,46.9877,40.7585,39.7643,29.0159,74.1856,64.3083
4,340,18,320,1,59.4442,56.1795,96.8802,52.0694,49.4273,42.5214,36.0009,81.6172,79.1812
4,341,18,320,1.5,65.4107,59.9477,101.5203,57.8587,55.2747,46.0062,37.7532,85.9813,82.6463
4,342,19,10,0.75,-1.1153,0.5517,0.3823,0.0000,0.0000,0.0000,0.0000,5.1353,5.2683
4,343,19,10,1,1.4745,1.5382,1.6174,4.1037,0.0000,3.5313,0.0000,0.0000,0.0000
4,344,19,10,1.5,0.7928,0.3633,1.7121,4.1028,0.0000,0.0000,0.0000,4.2497,3.8122
4,345,19,20,0.75,1.5489,1.8079,3.2234,4.2649,0.0000,4.3711,4.1451,3.8175,0.0000
4,346,19,20,1,0.3673,1.5794,2.5820,0.0000,0.0000,0.0000,0.0000,0.0000,0.0000
4,347,19,20,1.5,0.1696,-0.2962,1.3354,4.3447,4.1796,0.0000,4.1933,0.0000,4.6802
4,348,19,40,0.75,3.4035,4.5634,6.0013,0.0000,4.0021,0.0000,0.0000,4.4952,3.8585
4,349,19,40,1,3.1725,3.7593,5.9290,4.5728,0.0000,4.2989,4.2692,0.0000,0.0000
4,350,19,40,1.5,5.3653,6.5686,8.4699,4.6481,4.7874,6.1702,6.1002,7.1740,6.5284
4,351,19,80,0.75,7.4961,9.4824,11.6938,6.5047,5.3808,8.1713,6.7105,9.8874,7.8852
4,352,19,80,1,5.9154,8.3824,11.9583,5.2571,5.0845,6.5890,6.6539,8.4823,8.1450
4,353,19,80,1.5,6.9523,8.2770,13.8604,4.7895,4.6343,6.7731,6.3524,8.9626,8.7218
4,354,19,160,0.75,11.9729,17.9146,24.9751,8.5325,7.3189,15.8041,12.4205,19.3679,15.3682
4,355,19,160,1,12.3876,18.3520,26.6021,9.0006,8.4297,15.6843,14.0198,20.0542,17.5595
4,356,19,160,1.5,15.0977,19.7796,29.1028,10.9692,10.7423,17.2990,16.7600,21.7854,20.1772
4,357,19,320,0.75,23.3095,33.2463,47.3246,17.3781,15.3716,29.3465,24.8023,36.2174,29.7240
4,358,19,320,1,27.3943,36.2063,51.6732,20.0017,19.2156,30.8162,29.0182,37.7150,34.6512
4,359,19,320,1.5,29.7243,38.2946,55.5617,21.0627,20.8150,33.0603,30.6998,41.1022,37.2142
4,360,20,10,0.75,2.6182,2.7299,1.7975,5.0420,5.1662,4.7738,4.7048,4.3352,4.9970
4,361,20,10,1,1.7519,1.3910,1.6090,4.5867,4.5905,5.8073,0.0000,5.6327,0.0000
4,362,20,10,1.5,4.4627,4.9766,4.5003,4.7096,4.8701,4.9373,5.3871,4.3060,4.3122
4,363,20,20,0.75,1.3003,1.1577,2.1464,0.0000,0.0000,4.3798,3.8717,4.2314,0.0000
4,364,20,20,1,1.9648,2.8138,1.9434,0.0000,0.0000,4.5657,0.0000,0.0000,0.0000
4,365,20,20,1.5,3.0575,2.7644,3.5956,4.3019,4.2803,3.8535,0.0000,0.0000,0.0000
4,366,20,40,0.75,4.1109,5.6360,5.6192,3.8910,3.1673,5.3851,4.6832,4.7672,4.2014
4,367,20,40,1,6.5079,6.4968,6.4734,6.3993,6.0663,6.6592,6.6595,6.4864,5.7371
4,368,20,40,1.5,4.9721,4.8576,5.3383,5.1106,0.0000,5.0823,0.0000,5.4894,0.0000
4,369,20,80,0.75,9.5190,9.5968,9.3382,8.8646,7.4043,9.4534,8.1431,9.1530,7.1719
4,370,20,80,1,10.2271,11.0562,11.3911,9.8690,9.8462,10.9888,10.2132,11.4284,9.6690
4,371,20,80,1.5,10.6472,9.4050,12.6307,10.3434,9.0870,9.3648,8.1600,11.9928,9.7355
4,372,20,160,0.75,18.9814,20.0211,19.2792,18.6165,15.5503,19.8710,17.3054,18.9113,13.8024
4,373,20,160,1,19.6795,20.0355,20.2225,19.3710,18.4521,19.8074,18.6500,19.6091,16.8755
4,374,20,160,1.5,19.7272,19.2097,20.9964,19.3896,17.1043,19.3902,18.2962,20.2089,16.0818
4,375,20,320,0.75,38.2261,38.5421,42.2396,37.5702,31.5063,38.3500,32.3088,40.3388,31.2771
4,376,20,320,1,42.2053,41.6409,44.9597,41.6997,39.3956,41.4340,40.4835,42.9871,37.4519
4,377,20,320,1.5,46.0910,44.8853,49.1163,45.3921,40.6691,44.9137,41.7824,47.2192,38.1066
4,378,21,10,0.75,1.9923,1.8096,2.1440,4.1620,4.1450,4.3747,4.3062,3.9112,4.5602
4,379,21,10,1,0.8322,1.1655,2.7143,0.0000,0.0000,0.0000,0.0000,4.1104,4.0597
4,380,21,10,1.5,3.0800,2.5358,1.8011,0.0000,4.2885,0.0000,4.2155,0.0000,0.0000
4,381,21,20,0.75,2.4152,3.7432,4.0063,0.0000,0.0000,0.0000,0.0000,0.0000,3.8522
4,382,21,20,1,3.5972,1.6307,4.0886,0.0000,0.0000,0.0000,0.0000,0.0000,4.2266
4,383,21,20,1.5,3.6915,2.7859,5.8517,0.0000,0.0000,0.0000,0.0000,4.6281,4.5500
4,384,21,40,0.75,5.2741,4.4574,7.6843,0.0000,0.0000,0.0000,0.0000,5.8266,5.2278
4,385,21,40,1,6.6518,7.8674,10.3206,5.0845,5.7928,5.5019,6.3066,7.8398,7.2911
4,386,21,40,1.5,6.2188,5.1356,9.9348,5.2339,5.0960,0.0000,0.0000,8.2105,8.0141
4,387,21,80,0.75,10.4998,9.2425,14.5445,8.4324,7.5536,7.3246,7.1209,11.2120,10.8386
4,388,21,80,1,11.2440,10.4812,17.7299,8.9902,9.8577,7.1327,7.9360,13.7700,13.5060
4,389,21,80,1.5,12.9796,12.2114,18.7305,10.5020,10.8374,8.7753,9.8870,14.7386,13.7292
4,390,21,160,0.75,22.4877,20.2566,31.8406,19.2902,16.7445,15.5917,14.8799,26.8687,23.1226
4,391,21,160,1,23.9152,20.7704,34.4374,20.1333,20.4102,14.3882,16.1288,28.3812,27.8683
4,392,21,160,1.5,24.8326,21.2100,37.0905,21.5111,20.1518,16.6068,17.0193,29.9161,30.4009
4,393,21,320,0.75,43.2746,38.4857,63.7148,36.8446,33.2323,29.3325,29.0947,52.5063,46.6872
4,394,21,320,1,46.4634,41.6967,69.3820,39.4085,39.8235,31.0039,33.3131,56.0315,54.4860
4,395,21,320,1.5,51.9042,45.0235,76.1299,43.4535,41.7865,32.2787,36.2082,60.9574,61.2748
4,396,22,10,0.75,0.3198,-0.2708,0.4022,4.3037,3.9528,0.0000,4.4652,0.0000,0.0000
4,397,22,10,1,0.8845,0.6999,1.3598,0.0000,0.0000,0.0000,0.0000,4.4941,0.0000
4,398,22,10,1.5,3.3019,2.6788,2.3541,4.2294,0.0000,4.5134,4.7325,0.0000,4.3318
4,399,22,20,0.75,2.3149,1.8501,1.7934,0.0000,0.0000,0.0000,0.0000,0.0000,0.0000
4,400,22,20,1,2.0779,2.8037,2.9353,0.0000,0.0000,0.0000,0.0000,0.0000,4.3369
4,401,22,20,1.5,3.7196,3.7443,4.1042,4.8872,0.0000,5.2874,0.0000,4.8742,4.6582
4,402,22,40,0.75,2.2239,3.3738,3.1873,0.0000,0.0000,4.4363,4.3878,0.0000,0.0000
4,403,22,40,1,2.4729,2.9018,3.3671,0.0000,3.0545,3.9326,0.0000,4.2783,0.0000
4,404,22,40,1.5,2.3037,2.5359,3.3641,0.0000,0.0000,0.0000,0.0000,0.0000,0.0000
4,405,22,80,0.75,5.9821,7.4000,7.0008,4.5091,0.0000,6.0705,5.8235,0.0000,5.6511
4,406,22,80,1,6.7511,8.1692,7.5124,5.3176,5.2896,6.7935,5.7769,5.4370,5.5478
4,407,22,80,1.5,6.6501,7.5168,7.7568,5.5365,5.7945,6.0877,5.4648,4.8454,5.6937
4,408,22,160,0.75,10.6819,12.3487,11.4757,9.0216,8.3846,10.8521,9.6807,9.2079,9.1560
4,409,22,160,1,11.7752,11.3694,12.5598,9.8641,9.2720,9.7524,9.0506,8.9671,10.0785
4,410,22,160,1.5,14.0869,15.3716,14.5109,10.6248,11.1937,13.9747,12.9099,10.2677,11.4736
4,411,22,320,0.75,24.9020,27.1963,26.1358,19.9990,17.3694,24.3206,19.8056,18.9629,18.0123
4,412,22,320,1,25.8943,28.1681,27.4617,19.8717,19.1839,24.9008,22.2626,18.6763,20.3804
4,413,22,320,1.5,26.7394,28.4697,28.1677,20.6877,20.3978,24.6957,22.8314,18.6295,21.6860
4,414,23,10,0.75,0.7928,2.2329,2.8963,0.0000,3.9274,4.0694,4.0813,3.6470,3.9222
4,415,23,10,1,0.0610,0.5980,1.3091,0.0000,0.0000,4.3920,0.0000,0.0000,0.0000
4,416,23,10,1.5,1.6980,3.0476,4.0438,0.0000,0.0000,0.0000,0.0000,3.9385,4.6438
4,417,23,20,0.75,4.6587,4.8672,5.5700,4.8216,0.0000,0.0000,4.4017,4.8586,4.4032
4,418,23,20,1,2.4150,3.4972,4.6783,4.4873,4.0446,0.0000,4.7711,5.1674,4.5963
4,419,23,20,1.5,3.1766,3.3468,5.5647,0.0000,0.0000,0.0000,0.0000,0.0000,5.0804
4,420,23,40,0.75,6.9907,8.7297,9.9453,5.6098,4.9633,7.6657,6.4223,8.8938,7.5223
4,421,23,40,1,5.5092,9.1141,11.5075,5.3413,4.7178,8.3409,8.1632,10.6687,10.4280
4,422,23,40,1.5,6.5382,9.2563,11.9247,6.6662,5.9051,7.7519,7.5232,9.9403,9.9572
4,423,23,80,0.75,13.7357,17.4093,19.7927,11.7304,10.8787,14.3940,13.4712,17.4647,14.8801
4,424,23,80,1,13.0542,16.1711,20.2102,10.9159,10.6410,14.1501,14.0225,18.2485,18.2598
4,425,23,80,1.5,14.9636,17.3763,23.2029,12.8482,11.8137,14.8250,14.5824,20.4221,19.8416
4,426,23,160,0.75,23.1517,32.4941,39.9356,20.1478,18.2237,28.3506,24.7937,35.2300,31.5102
4,427,23,160,1,26.2275,35.1503,44.8992,22.3500,23.0389,30.5604,30.8814,39.9215,40.4153
4,428,23,160,1.5,28.7999,36.1006,47.1772,24.1474,23.0710,31.2345,30.3045,41.4258,40.2745
4,429,23,320,0.75,48.0819,64.8351,81.4710,41.1153,36.6596,56.0254,49.4702,72.6879,65.1745
4,430,23,320,1,54.3889,71.4984,90.6414,46.7349,46.4801,62.1295,62.6022,80.7453,81.7458
4,431,23,320,1.5,58.5948,74.1530,94.1359,48.0142,48.4627,63.2530,63.7395,82.2883,82.8178
4,432,24,10,0.75,1.8583,3.6458,4.3781,0.0000,0.0000,0.0000,4.4061,4.0895,4.2139
4,433,24,10,1,-0.9153,0.4170,1.9381,0.0000,0.0000,0.0000,0.0000,4.0003,0.0000
4,434,24,10,1.5,3.2650,2.9612,4.6471,0.0000,0.0000,0.0000,0.0000,0.0000,0.0000
4,435,24,20,0.75,3.4713,3.3336,4.7471,0.0000,0.0000,4.3827,4.4840,4.3587,0.0000
4,436,24,20,1,5.1325,4.5705,7.2505,3.8662,0.0000,4.4578,0.0000,5.3094,0.0000
4,437,24,20,1.5,5.5025,4.3612,7.6568,4.9314,5.1322,4.7563,3.1882,6.5626,5.2877
4,438,24,40,0.75,8.5444,7.8249,13.0723,6.7731,6.0692,7.3537,5.5952,9.6060,6.1964
4,439,24,40,1,10.1238,9.8775,13.4889,7.7402,6.5371,9.0970,7.6574,9.3404,6.2178
4,440,24,40,1.5,9.3572,8.7688,13.7817,7.1546,6.6408,8.4806,7.0258,10.1873,7.0387
4,441,24,80,0.75,19.0977,18.4687,25.7687,14.5890,11.6300,17.4193,12.7211,20.3083,12.1735
4,442,24,80,1,19.8056,18.8492,28.1965,14.5585,11.5861,17.8730,14.4921,20.4450,12.2121
4,443,24,80,1.5,21.4451,20.1899,28.8981,15.1844,10.7770,18.3073,13.9741,22.0823,12.0340
4,444,24,160,0.75,34.7868,33.3660,49.4070,26.3218,20.1896,31.8168,23.1945,36.3636,19.7575
4,445,24,160,1,38.4160,36.7907,53.0822,29.2540,25.0635,34.3616,28.3315,38.8707,23.7649
4,446,24,160,1.5,42.3118,39.2718,58.2700,30.6546,25.3341,36.9586,30.1289,43.8966,27.4456
4,447,24,320,0.75,69.8695,68.1338,99.5048,51.5816,39.8167,63.7337,45.6045,74.3209,41.7681
4,448,24,320,1,80.4846,76.4403,113.0622,59.3429,50.4114,71.1521,57.8788,84.3115,51.9676
4,449,24,320,1.5,84.3583,78.3053,116.6164,62.3592,52.8489,73.4841,60.5586,85.8089,54.5168
4,450,25,10,0.75,-0.2307,-0.3290,0.5654,0.0000,0.0000,0.0000,0.0000,0.0000,4.1114
4,451,25,10,1,2.5277,3.5983,3.1721,0.0000,0.0000,0.0000,0.0000,4.2840,0.0000
4,452,25,10,1.5,0.1879,-0.3360,0.6312,0.0000,0.0000,4.3642,3.8697,0.0000,4.2893
4,453,25,20,0.75,1.4607,3.9247,3.8639,0.0000,0.0000,4.9227,4.6709,0.0000,0.0000
4,454,25,20,1,1.7362,3.0316,3.1233,0.0000,3.9082,0.0000,4.7577,4.4266,0.0000
4,455,25,20,1.5,2.9229,4.1620,3.7971,0.0000,0.0000,4.2306,4.0925,0.0000,0.0000
4,456,25,40,0.75,2.8111,3.4758,4.5642,3.9068,0.0000,4.4121,4.2397,0.0000,0.0000
4,457,25,40,1,6.1829,6.6047,8.0912,5.1967,4.9575,5.7064,5.1133,6.3655,6.3413
4,458,25,40,1.5,5.0984,7.1663,7.5000,5.2926,4.6189,6.0965,5.6791,6.1309,5.7610
4,459,25,80,0.75,10.3310,11.3614,13.2287,9.0924,8.5295,10.0555,8.6219,10.7903,9.9042
4,460,25,80,1,8.6553,9.8511,11.2474,7.5787,7.2987,8.2656,8.0901,8.3693,8.6495
4,461,25,80,1.5,11.3322,12.7642,13.2985,9.9421,9.4409,11.3667,10.3775,9.7887,11.2159
4,462,25,160,0.75,17.1042,20.5310,23.3536,14.7117,12.2436,17.7739,13.5594,18.7638,16.7543
4,463,25,160,1,19.7720,22.9670,26.1770,16.5846,15.5197,18.8299,17.9487,21.3680,21.5486
4,464,25,160,1.5,21.1169,26.1829,28.4302,18.3698,17.4195,21.5376,18.6849,21.7166,22.4926
4,465,25,320,0.75,34.8152,43.9271,48.4262,30.0789,25.7109,36.7278,28.1216,37.9894,34.9516
4,466,25,320,1,40.2120,48.6978,52.8372,34.5664,33.3976,40.9666,36.4644,41.3362,43.1472
4,467,25,320,1.5,42.3298,51.2697,55.8369,37.5835,35.4172,43.5570,37.6891,44.5482,45.7259
4,468,26,10,0.75,0.8956,1.3486,0.9695,0.0000,0.0000,0.0000,0.0000,0.0000,4.6521
4,469,26,10,1,0.9107,1.8677,1.2410,4.2118,0.0000,4.1434,4.5571,0.0000,3.8068
4,470,26,10,1.5,2.4739,1.2357,1.5819,4.5162,4.5247,0.0000,0.0000,4.8079,0.0000
4,471,26,20,0.75,2.3252,2.1820,1.6281,0.0000,4.5044,0.0000,0.0000,0.0000,0.0000
4,472,26,20,1,1.8325,1.8724,1.8630,0.0000,4.0330,4.6008,4.3249,0.0000,0.0000
4,473,26,20,1.5,3.2305,3.7899,4.1363,0.0000,4.0530,0.0000,0.0000,0.0000,4.1569
4,474,26,40,0.75,2.9065,3.3175,3.6835,4.3797,0.0000,4.3186,4.1296,4.4416,0.0000
4,475,26,40,1,3.7937,3.7711,4.2259,4.4256,4.3308,0.0000,0.0000,4.9581,4.7519
4,476,26,40,1.5,5.3572,5.4118,6.2954,4.8943,0.0000,5.0688,5.2604,5.4280,5.3084
4,477,26,80,0.75,7.5727,7.9065,8.2743,6.1101,5.5491,6.7595,6.3647,6.1271,5.2808
4,478,26,80,1,8.7192,9.6483,9.7836,7.3915,8.2515,8.3587,8.8234,7.6447,8.5856
4,479,26,80,1.5,7.8676,9.1219,9.5184,6.8704,7.2279,8.3813,8.3867,7.0052,8.1289
4,480,26,160,0.75,14.8916,16.6884,17.6433,12.6122,11.1284,15.3100,13.0708,13.7475,12.8550
4,481,26,160,1,13.8267,15.3813,16.4133,11.6462,12.0996,13.5978,13.9653,12.8572,13.6231
4,482,26,160,1.5,17.2790,18.9973,20.3049,15.7224,15.6373,17.4478,17.1037,17.0160,17.3742
4,483,26,320,0.75,29.1282,33.7171,34.8014,24.8117,22.6645,30.5182,25.8690,26.4305,23.9627
4,484,26,320,1,29.8986,32.8354,36.1196,26.8318,26.8535,30.6107,29.6013,29.0283,29.5148
4,485,26,320,1.5,32.8911,35.9815,39.1456,29.6423,29.2196,33.2123,32.0864,32.0515,32.7357
4,486,27,10,0.75,0.7313,2.1264,3.5019,0.0000,0.0000,0.0000,0.0000,4.0474,4.1950
4,487,27,10,1,3.6949,4.2983,5.2422,4.4535,4.3210,0.0000,0.0000,4.6452,4.2566
4,488,27,10,1.5,0.7643,2.9140,2.2267,4.9368,0.0000,0.0000,0.0000,0.0000,0.0000
4,489,27,20,0.75,4.2055,5.5299,7.5319,0.0000,0.0000,0.0000,4.0336,0.0000,0.0000
4,490,27,20,1,4.5623,6.4990,7.6747,0.0000,4.3674,5.1026,4.8946,4.9233,4.4165
4,491,27,20,1.5,5.0130,7.0450,8.6116,4.6467,4.4552,4.8867,4.5225,5.6439,4.3560
4,492,27,40,0.75,8.0398,12.2842,14.5967,6.6097,5.3449,7.3451,7.0290,7.6901,6.8731
4,493,27,40,1,7.9736,12.5102,15.4630,7.1308,6.7808,8.8840,9.2983,8.2646,8.6600
4,494,27,40,1.5,9.4130,13.6363,17.7984,7.8294,6.8743,8.4105,8.1008,9.9732,8.4505
4,495,27,80,0.75,17.1784,23.4281,31.1359,14.2981,11.6530,15.6602,13.6940,16.0926,13.9193
4,496,27,80,1,18.2318,27.0618,34.3319,14.0534,14.2256,16.8128,18.0545,18.9570,17.6340
4,497,27,80,1.5,17.7779,25.4655,33.0117,14.7279,14.6654,16.2937,18.3783,18.0064,17.5714
4,498,27,160,0.75,33.6292,48.1876,59.5362,27.6322,24.1715,31.5792,30.2435,31.6177,29.7241
4,499,27,160,1,37.1676,52.2342,64.7586,29.6027,28.9529,33.3415,36.3028,34.2251,34.6596
4,500,27,160,1.5,38.9235,55.1058,70.2847,32.0035,31.2878,36.1245,38.6422,38.2610,37.3592
4,501,27,320,0.75,65.1022,95.8334,119.1561,52.7381,46.4997,62.3072,58.7971,62.1542,57.0740
4,502,27,320,1,73.7182,104.2312,131.4527,58.4089,57.4537,66.4524,71.8371,68.9923,70.5425
4,503,27,320,1.5,79.8679,110.7857,141.1674,62.2671,60.3724,69.6215,73.8823,74.2601,73.3078
4,504,28,10,0.75,2.1902,3.0560,3.1215,0.0000,0.0000,0.0000,0.0000,0.0000,0.0000
4,505,28,10,1,2.6826,3.0088,4.8466,3.7839,3.8582,0.0000,0.0000,0.0000,0.0000
4,506,28,10,1.5,1.8145,1.3915,2.6616,4.4243,4.1242,0.0000,4.0988,0.0000,0.0000
4,507,28,20,0.75,3.1350,2.6308,5.0131,0.0000,0.0000,0.0000,0.0000,4.5073,0.0000
4,508,28,20,1,4.1803,4.8345,6.1113,0.0000,0.0000,3.9162,4.5534,0.0000,0.0000
4,509,28,20,1.5,2.7814,4.9866,5.3455,0.0000,0.0000,0.0000,4.5976,0.0000,0.0000
4,510,28,40,0.75,7.2354,9.4422,12.1756,5.6115,5.8337,6.9875,7.1502,7.0909,6.5588
4,511,28,40,1,8.7452,10.5348,13.1960,6.6370,7.0297,8.3588,8.6862,7.6454,7.7935
4,512,28,40,1.5,9.3360,10.6638,14.6934,7.9066,7.6201,8.9826,9.2099,7.2989,10.0337
4,513,28,80,0.75,15.7396,18.2084,24.8650,12.3588,12.5604,13.9188,13.2578,12.8123,15.3231
4,514,28,80,1,18.6238,21.2382,28.7162,14.7729,16.5182,16.9368,18.4096,13.7120,18.9038
4,515,28,80,1.5,20.0940,20.0770,28.9547,15.3286,17.3971,14.9947,17.6150,12.2142,19.0166
4,516,28,160,0.75,29.3766,34.5651,47.7560,22.7474,23.3652,27.3405,26.8625,24.0766,30.2919
4,517,28,160,1,36.1710,39.9394,54.7390,28.3064,31.3675,30.7115,34.2349,27.7090,38.3417
4,518,28,160,1.5,37.4659,40.4663,56.9645,30.0819,32.8926,30.9830,34.4329,27.5274,38.4917
4,519,28,320,0.75,61.5651,70.0354,96.1453,49.4402,48.1612,54.6742,53.4213,47.9650,59.3522
4,520,28,320,1,68.1970,76.2208,104.6351,53.0255,58.4354,58.6181,65.4069,54.1155,70.8150
4,521,28,320,1.5,75.3170,80.3697,113.8682,59.6384,64.8888,62.0583,68.7979,55.9425,77.4341
4,522,29,10,0.75,2.4119,2.7650,2.7648,0.0000,0.0000,4.9957,4.0491,4.2840,0.0000
4,523,29,10,1,1.0829,1.6457,1.9800,4.1015,0.0000,0.0000,3.9599,0.0000,4.1741
4,524,29,10,1.5,0.4677,0.8104,1.7080,3.7129,0.0000,0.0000,0.0000,0.0000,0.0000
4,525,29,20,0.75,1.5522,1.6941,1.9341,0.0000,0.0000,0.0000,0.0000,0.0000,0.0000
4,526,29,20,1,3.0846,2.7867,3.5137,4.2923,0.0000,0.0000,0.0000,0.0000,0.0000
4,527,29,20,1.5,2.9153,3.5898,4.9029,4.7497,0.0000,0.0000,0.0000,0.0000,0.0000
4,528,29,40,0.75,5.7770,6.4192,8.6041,5.3220,4.7594,5.5742,5.3459,6.9618,5.7776
4,529,29,40,1,6.5700,6.9185,9.4490,5.8274,5.3537,5.6968,6.4736,7.6598,6.9178
4,530,29,40,1.5,6.4804,6.4340,8.1735,5.3255,4.8064,5.4841,6.1315,6.8553,5.7484
4,531,29,80,0.75,11.7722,13.7243,14.7730,10.3640,8.6069,10.3036,10.2264,11.5357,9.1087
4,532,29,80,1,10.6940,14.4516,15.1943,9.2194,10.4013,11.8267,13.3260,11.7537,10.4962
4,533,29,80,1.5,12.3242,14.8538,17.1537,9.1971,10.1588,12.5707,13.3318,13.7980,11.5356
4,534,29,160,0.75,23.6297,27.1530,31.7676,20.2419,17.7382,21.2372,21.2505,24.8532,20.6454
4,535,29,160,1,26.5341,30.3476,33.1559,20.7541,20.4595,23.5891,25.7611,26.5166,23.0843
4,536,29,160,1.5,27.4166,31.7484,35.1186,22.3376,20.4542,23.5195,26.2304,28.2559,26.0452
4,537,29,320,0.75,45.4730,54.5122,60.7558,36.0694,32.7359,41.5356,41.4984,47.8499,37.3571
4,538,29,320,1,51.5489,59.5867,65.8107,42.4389,41.8496,46.3732,52.0885,52.8765,46.6816
4,539,29,320,1.5,54.3567,60.8475,69.1963,43.6370,42.5323,46.5017,52.6315,56.1169,48.4346
4,540,30,10,0.75,1.5094,1.2920,2.2756,0.0000,0.0000,0.0000,0.0000,0.0000,0.0000
4,541,30,10,1,0.9349,1.5322,2.0617,4.2710,4.3841,4.5401,4.3329,4.7463,4.5914
4,542,30,10,1.5,-0.0065,0.7900,1.4945,4.6117,4.7033,4.3347,3.7253,4.5340,4.4710
4,543,30,20,0.75,4.1288,5.1014,5.0555,4.5746,0.0000,5.2864,4.9805,4.6287,5.3995
4,544,30,20,1,2.8252,3.6429,3.8503,5.1379,4.9530,4.6402,0.0000,4.2199,0.0000
4,545,30,20,1.5,2.8523,4.6012,5.3227,0.0000,0.0000,4.6924,4.4963,4.8229,5.2567
4,546,30,40,0.75,5.2324,6.9322,7.9589,5.5775,4.5479,6.8940,5.9095,7.8191,6.8374
4,547,30,40,1,5.7917,7.5967,9.2612,5.4480,5.9337,7.2792,7.2891,8.4114,8.8686
4,548,30,40,1.5,6.4191,7.7387,8.4986,6.0881,6.0389,7.1167,7.3195,7.6107,8.1553
4,549,30,80,0.75,11.1491,14.6134,16.9120,10.7993,8.9348,13.7855,11.7669,15.3546,14.2977
4,550,30,80,1,11.4159,13.6966,16.7264,10.6454,9.9597,12.7355,12.1977,14.4236,14.9383
4,551,30,80,1.5,13.8639,15.6111,19.5557,12.2928,12.4836,14.6750,14.5237,17.9782,17.7900
4,552,30,160,0.75,22.8347,28.4587,34.3289,20.9594,19.3312,27.2285,22.8569,29.6633,27.1428
4,553,30,160,1,25.6704,32.2005,35.3758,23.1272,24.2934,30.4186,30.0389,29.9020,31.5725
4,554,30,160,1.5,28.3058,32.4437,38.1732,24.8893,25.4063,30.7017,30.2033,33.3263,33.9506
4,555,30,320,0.75,46.2891,59.1150,67.1318,41.5477,38.5822,55.3592,48.2608,57.5916,52.7951
4,556,30,320,1,50.4315,62.3815,72.5750,45.0330,46.1432,58.4240,57.3952,63.6390,64.6599
4,557,30,320,1.5,56.1860,65.7406,77.5690,49.4273,50.5235,61.9880,60.4153,67.1097,68.4269
4,558,31,10,0.75,1.1289,0.7611,2.2133,0.0000,0.0000,4.2643,0.0000,0.0000,0.0000
4,559,31,10,1,4.3016,4.7604,5.6793,4.3500,0.0000,0.0000,0.0000,0.0000,0.0000
4,560,31,10,1.5,2.8849,3.5871,3.1709,0.0000,0.0000,4.3046,4.2430,4.7258,4.3879
4,561,31,20,0.75,3.5191,5.2722,6.5514,0.0000,0.0000,4.6382,0.0000,0.0000,0.0000
4,562,31,20,1,6.2556,5.8575,6.0739,4.7433,4.4519,5.3688,4.9810,5.5468,4.8385
4,563,31,20,1.5,4.5707,5.7110,6.7022,4.6036,4.2081,4.6071,4.5985,4.6129,4.2081
4,564,31,40,0.75,7.6709,9.5493,11.8118,5.0869,0.0000,7.5324,6.5615,6.5888,6.0445
4,565,31,40,1,7.6535,10.2287,12.5267,5.4179,5.3175,8.1781,7.6968,6.8900,7.5090
4,566,31,40,1.5,10.2461,13.9522,14.3957,6.9449,8.6517,10.8742,10.1888,7.3543,10.0552
4,567,31,80,0.75,14.7748,19.4386,22.1900,9.3386,9.6895,15.3070,13.3650,12.4900,10.1872
4,568,31,80,1,16.9113,23.5123,26.6657,10.5020,12.3766,18.7177,17.8518,13.1721,15.8192
4,569,31,80,1.5,18.8209,23.2563,27.3619,11.0019,14.1602,17.0576,15.4776,12.0137,17.8367
4,570,31,160,0.75,30.3290,40.8387,47.4661,17.5110,20.0958,31.3362,26.8051,23.0442,26.3268
4,571,31,160,1,32.8703,42.5641,50.0781,19.5534,22.5123,33.0555,31.5982,24.8673,29.7316
4,572,31,160,1.5,35.9425,45.1903,55.6125,22.7750,25.7673,34.6932,32.6589,28.2584,34.5941
4,573,31,320,0.75,58.1640,77.2960,93.9384,33.4817,37.5219,59.3536,50.3650,47.3828,49.7890
4,574,31,320,1,64.6401,85.9839,102.1512,38.8816,46.5037,66.9394,63.6577,51.0939,62.0885
4,575,31,320,1.5,69.2111,90.5360,107.8930,41.9311,49.5728,71.1442,67.0276,54.0436,63.3181
4,576,32,10,0.75,1.9196,1.4952,2.3095,0.0000,4.1271,0.0000,0.0000,0.0000,4.0961
4,577,32,10,1,0.5839,0.3448,0.1570,0.0000,0.0000,4.1566,3.6861,4.3114,0.0000
4,578,32,10,1.5,0.9052,1.1185,1.1780,4.2179,4.6416,0.0000,0.0000,0.0000,4.7736
4,579,32,20,0.75,3.4172,4.0980,3.2648,0.0000,0.0000,0.0000,0.0000,0.0000,0.0000
4,580,32,20,1,3.1316,2.9437,3.6766,3.9758,4.2588,4.1532,0.0000,3.7751,0.0000
4,581,32,20,1.5,2.5359,1.9687,2.0239,4.4130,3.9905,3.9872,4.1571,4.3195,4.5136
4,582,32,40,0.75,4.7403,4.5448,5.7670,0.0000,0.0000,4.6282,4.6510,0.0000,4.7971
4,583,32,40,1,5.0654,5.4458,6.2578,4.6530,4.7269,0.0000,5.0297,4.3122,4.7121
4,584,32,40,1.5,6.6688,6.4131,7.7489,5.7730,6.4736,5.1857,5.8664,5.0329,6.3501
4,585,32,80,0.75,10.3649,10.8048,11.6186,7.0761,8.2886,7.2169,7.2582,6.0191,7.6526
4,586,32,80,1,9.8918,11.0174,11.7328,7.9922,8.4550,7.8717,8.7294,5.3057,7.5818
4,587,32,80,1.5,12.0771,11.6621,13.2950,9.0236,9.3624,8.5188,7.8670,8.9385,8.1013
4,588,32,160,0.75,20.8155,22.0767,23.5124,15.4645,15.3409,14.1331,13.1984,11.5699,14.0058
4,589,32,160,1,24.8427,24.8664,27.1076,17.4563,21.0955,15.6766,17.1669,14.0187,17.5041
4,590,32,160,1.5,25.1083,26.1227,28.1762,17.3990,20.3765,16.4020,16.9798,13.7280,17.9683
4,591,32,320,0.75,41.4335,44.1413,47.9079,31.5505,30.2052,31.0063,28.5498,23.2979,28.3820
4,592,32,320,1,45.9667,48.9162,53.0255,33.0387,37.4523,32.7671,34.5947,24.4439,34.4446
4,593,32,320,1.5,50.6145,51.6805,55.8957,36.0536,40.6254,33.6831,36.1666,27.1779,35.1380
4,594,33,10,0.75,-0.2790,0.6596,2.2985,4.2039,3.9259,3.9268,0.0000,0.0000,0.0000
4,595,33,10,1,2.2636,2.4390,3.7208,0.0000,3.8552,0.0000,4.2455,0.0000,4.3257
4,596,33,10,1.5,1.6982,1.0665,2.1768,0.0000,0.0000,0.0000,0.0000,3.9183,0.0000
4,597,33,20,0.75,2.6185,2.0637,4.7424,4.3712,4.6448,0.0000,0.0000,0.0000,0.0000
4,598,33,20,1,4.4790,4.4024,6.1070,0.0000,0.0000,4.8232,4.1492,0.0000,4.9031
4,599,33,20,1.5,3.6125,2.9526,4.4676,0.0000,0.0000,0.0000,4.2332,0.0000,4.4769
4,600,33,40,0.75,6.9392,7.6176,10.9482,4.7054,4.7141,7.3411,6.2094,6.4724,5.3006
4,601,33,40,1,6.7403,7.6143,10.4473,6.0336,5.1296,6.5081,5.3411,7.4625,6.3099
4,602,33,40,1.5,8.9404,9.0305,13.0571,7.5836,6.1819,8.2277,6.5257,9.1270,7.6078
4,603,33,80,0.75,11.9022,11.9646,19.4097,9.8216,7.7557,10.5566,7.5848,12.8804,10.4077
4,604,33,80,1,15.6526,15.2620,22.4670,11.9250,10.1578,12.1072,9.6287,15.1388,13.9048
4,605,33,80,1.5,15.9800,15.7052,23.6940,10.3618,9.3419,12.1818,10.9965,15.0788,12.7116
4,606,33,160,0.75,26.7432,27.1454,39.3252,19.0308,14.2596,20.3115,16.0453,25.6169,19.9392
4,607,33,160,1,29.4627,30.7405,45.0198,21.4055,18.6576,23.7066,19.8950,29.7320,26.5620
4,608,33,160,1.5,30.4347,29.8992,46.6541,20.2547,17.7621,21.5185,19.7937,28.4386,25.9487
4,609,33,320,0.75,54.4917,56.2325,80.6282,39.7032,30.3325,42.7999,32.6226,54.0016,42.5407
4,610,33,320,1,59.6744,60.9753,88.7451,41.1961,34.6262,44.4897,40.7304,57.0749,50.3987
4,611,33,320,1.5,63.3474,63.6522,94.5901,43.9069,37.8999,46.5178,41.3809,60.4439,53.8306
4,612,34,10,0.75,3.0263,2.7097,3.4303,4.0058,3.5509,0.0000,0.0000,0.0000,3.8917
4,613,34,10,1,2.1275,1.9075,2.7164,4.5707,4.1126,3.9242,0.0000,0.0000,4.2586
4,614,34,10,1.5,3.1299,1.7394,4.6888,0.0000,0.0000,3.8643,4.6458,4.4243,4.5677
4,615,34,20,0.75,2.2398,0.8194,6.0003,0.0000,4.3113,0.0000,0.0000,5.8751,5.7026
4,616,34,20,1,3.3652,4.4534,6.6474,0.0000,4.4502,4.2201,4.3868,6.3718,6.6109
4,617,34,20,1.5,3.4101,3.3179,7.8191,0.0000,3.5504,0.0000,0.0000,7.6791,7.5968
4,618,34,40,0.75,7.2466,6.8293,13.5286,7.2019,6.3421,6.2552,6.0046,13.1019,11.5593
4,619,34,40,1,6.5185,3.6722,14.1932,7.0887,6.8255,0.0000,4.5558,14.0407,13.8521
4,620,34,40,1.5,7.4406,5.6030,15.7796,6.9258,6.2957,5.0235,4.9768,15.2591,14.7662
4,621,34,80,0.75,11.1402,10.7911,25.6534,11.1076,9.9177,9.1445,8.4363,25.2536,22.1898
4,622,34,80,1,15.8891,13.3148,31.6543,15.8300,14.9458,12.8198,12.3333,31.1544,30.1373
4,623,34,80,1.5,16.6659,14.4355,32.6332,16.5645,16.5398,13.0243,13.6060,32.4494,31.2980
4,624,34,160,0.75,27.4006,23.7851,55.6669,26.7585,23.6941,21.3702,18.9925,54.2471,47.7428
4,625,34,160,1,29.6656,25.2667,59.6460,29.2770,28.7436,22.8563,23.6913,58.7840,57.8336
4,626,34,160,1.5,32.1807,26.2240,63.6711,31.6249,30.6745,23.7720,24.6713,62.9802,61.4772
4,627,34,320,0.75,54.1437,47.6929,110.8882,53.2639,46.7059,42.8481,38.7657,108.6662,94.7244
4,628,34,320,1,60.6507,51.2553,121.3197,59.6657,57.6270,46.9372,47.6711,119.4253,117.0807
4,629,34,320,1.5,65.1505,53.4915,128.3936,63.7071,61.1448,48.6705,49.8053,126.7419,122.4979
4,630,35,10,0.75,1.4537,0.0196,3.7616,0.0000,0.0000,0.0000,0.0000,0.0000,4.3207
4,631,35,10,1,2.4937,0.9498,3.7749,0.0000,0.0000,0.0000,3.9094,0.0000,0.0000
4,632,35,10,1.5,3.6318,3.6697,4.5695,0.0000,4.2766,4.5281,4.2652,3.9554,4.0135
4,633,35,20,0.75,3.7886,3.3395,7.3759,4.6131,4.5396,0.0000,0.0000,5.0322,0.0000
4,634,35,20,1,5.3578,2.2732,7.2105,4.6446,0.0000,0.0000,0.0000,0.0000,0.0000
4,635,35,20,1.5,7.8381,4.8772,9.1931,5.8468,4.8286,0.0000,4.2230,7.5489,6.1234
4,636,35,40,0.75,9.5029,5.8147,14.2592,6.7650,5.4100,5.3470,4.3235,10.7152,8.7171
4,637,35,40,1,11.8236,6.5559,15.3983,9.4805,7.8330,6.1966,6.4411,10.9664,9.6499
4,638,35,40,1.5,11.6661,7.0052,16.8539,8.8622,7.3977,6.5973,5.9581,12.2099,8.8851
4,639,35,80,0.75,20.2703,10.4648,31.4775,14.1046,10.8345,8.9205,7.6552,22.0697,16.2378
4,640,35,80,1,21.2672,12.6119,33.0079,15.8195,14.3035,11.1533,11.6776,24.0050,20.7748
4,641,35,80,1.5,24.0384,16.2161,34.9783,16.5202,16.1733,13.1393,13.4928,25.1667,19.9125
4,642,35,160,0.75,36.0923,22.1329,55.8867,24.5724,19.7882,18.2994,16.3487,40.0252,29.0158
4,643,35,160,1,43.6784,26.3312,64.3992,29.5590,26.8409,21.9056,21.5656,44.7763,37.5105
4,644,35,160,1.5,44.7466,24.9145,69.3903,30.8458,27.3605,21.5160,21.2530,47.3057,38.1926
4,645,35,320,0.75,75.9480,46.7466,115.7791,51.6350,42.5614,40.6354,35.7167,83.5074,61.5105
4,646,35,320,1,86.2243,50.6699,130.4628,58.4490,54.6346,44.0167,44.7938,91.3614,76.1203
4,647,35,320,1.5,93.8490,54.5057,141.4217,63.8921,57.3892,47.0571,46.2456,97.7115,80.6730
