# Depth below the scalp at full precision and its bins for the targets of g3b_targets_infant18mo.csv (commit d3bb1a9), same rows in the same order | commit e3212c3
# cortical: 0 on the medial wall, which every summary of these heads leaves out; depth_mm: the depth [mm] as computed, in the shortest decimal form that reads back as the same double (g3b_targets_infant18mo.csv prints it to 2 decimals); bins are half-open, lo <= value < hi (empty: outside every bin); depth_stratum: the depth strata of g3b_summary.json (0-10, 10-15, 15-20, 20-25, 25-30, 30-40, 40-50, 50-60, 60-90 mm; 0-10 = below 10 mm); spike_depth_band: the depth bands of the simulated spikes (10-20, 20-30, 30-45, 45-70 mm); orientation_stratum: the orientation strata of g3b_summary.json and of the simulated spikes (0-30, 30-60, 60-90.1 deg from the inner-skull normal; 90.1 closes the last at 90), from the orientation as computed; the spike locations were drawn among the cortical targets per depth band and orientation stratum
hemi,vertno,cortical,depth_mm,depth_stratum,spike_depth_band,orientation_stratum
0,126,1,9.906855869873771,0-10,,30-60
0,158,1,9.334866682004025,0-10,,30-60
0,283,1,10.136495111701036,10-15,10-20,30-60
0,303,1,10.347791390687792,10-15,10-20,0-30
0,352,1,10.105595292157812,10-15,10-20,60-90.1
0,367,1,9.254264710689485,0-10,,30-60
0,514,1,10.430760333417608,10-15,10-20,30-60
0,548,1,11.704161161959853,10-15,10-20,0-30
0,638,1,9.866263643828116,0-10,,0-30
0,641,1,9.708332018852499,0-10,,0-30
0,663,1,9.925692147633592,0-10,,30-60
0,670,1,11.791114786071585,10-15,10-20,60-90.1
0,678,1,11.114620942821313,10-15,10-20,60-90.1
0,681,1,11.969931536459155,10-15,10-20,60-90.1
0,701,1,12.746014820113809,10-15,10-20,60-90.1
0,726,1,12.660175092166298,10-15,10-20,30-60
0,751,1,11.506807107222004,10-15,10-20,60-90.1
0,788,1,8.952906617275142,0-10,,30-60
0,800,1,12.574978203776736,10-15,10-20,60-90.1
0,835,1,11.701727018733179,10-15,10-20,0-30
0,840,1,10.678132823529277,10-15,10-20,30-60
0,861,1,10.303498873182976,10-15,10-20,30-60
0,873,1,10.824407905650403,10-15,10-20,30-60
0,909,1,12.148724612993623,10-15,10-20,30-60
0,914,1,11.77307290126024,10-15,10-20,30-60
0,945,1,12.066700657043652,10-15,10-20,60-90.1
0,969,1,12.325761942760906,10-15,10-20,30-60
0,987,1,13.752339889697984,10-15,10-20,30-60
0,1022,1,11.019834367284242,10-15,10-20,60-90.1
0,1026,1,13.784185389783104,10-15,10-20,30-60
0,1061,1,10.561281349294795,10-15,10-20,60-90.1
0,1167,1,14.268337972902593,10-15,10-20,60-90.1
0,1208,1,13.38413648619731,10-15,10-20,30-60
0,1314,1,11.11252447999726,10-15,10-20,60-90.1
0,1333,1,11.765198564890165,10-15,10-20,60-90.1
0,1366,1,12.687498812672692,10-15,10-20,60-90.1
0,1383,1,13.829219759905733,10-15,10-20,30-60
0,1408,1,15.378817831120557,15-20,10-20,30-60
0,1451,1,13.323294072663352,10-15,10-20,30-60
0,1492,1,12.134148571815835,10-15,10-20,30-60
0,1509,1,14.714211421709068,10-15,10-20,60-90.1
0,1522,1,13.42240628770944,10-15,10-20,30-60
0,1529,1,13.525005104784274,10-15,10-20,60-90.1
0,1556,1,12.580851683571598,10-15,10-20,60-90.1
0,1577,1,13.098136327805392,10-15,10-20,30-60
0,1581,1,13.858953768424138,10-15,10-20,60-90.1
0,1628,1,15.172059972120083,15-20,10-20,60-90.1
0,1675,1,16.21248923588894,15-20,10-20,30-60
0,1684,1,14.493505889562782,10-15,10-20,30-60
0,1707,1,13.257985548503068,10-15,10-20,60-90.1
0,1718,1,12.092486899643578,10-15,10-20,30-60
0,1744,1,16.103494540664865,15-20,10-20,60-90.1
0,1761,1,15.182109679013887,15-20,10-20,30-60
0,1783,1,13.022559867236772,10-15,10-20,30-60
0,1828,1,14.785767987815973,10-15,10-20,60-90.1
0,1863,1,16.168503053421716,15-20,10-20,0-30
0,1875,1,15.950455255938495,15-20,10-20,30-60
0,1897,1,15.25341673908401,15-20,10-20,30-60
0,1901,1,16.642878021533274,15-20,10-20,0-30
0,1917,1,15.68912290513582,15-20,10-20,0-30
0,1927,1,17.45901801396664,15-20,10-20,30-60
0,1938,1,14.884887849815225,10-15,10-20,30-60
0,1950,1,15.122059155394755,15-20,10-20,30-60
0,1974,1,17.158557518181702,15-20,10-20,60-90.1
0,2018,1,17.40714157666394,15-20,10-20,60-90.1
0,2050,1,16.115934260486245,15-20,10-20,60-90.1
0,2091,1,12.655721612950511,10-15,10-20,0-30
0,2118,1,16.291505569118513,15-20,10-20,0-30
0,2141,1,16.390568779077004,15-20,10-20,0-30
0,2161,1,15.447902585368922,15-20,10-20,60-90.1
0,2184,1,18.21906639944339,15-20,10-20,60-90.1
0,2252,1,18.55352276348827,15-20,10-20,60-90.1
0,2261,1,13.667179312368182,10-15,10-20,0-30
0,2276,1,17.51298225731368,15-20,10-20,60-90.1
0,2304,1,13.413263923076757,10-15,10-20,0-30
0,2334,1,11.6436949146582,10-15,10-20,0-30
0,2340,1,17.123092110382256,15-20,10-20,60-90.1
0,2375,1,14.482735292708206,10-15,10-20,30-60
0,2397,1,15.628150348535065,15-20,10-20,0-30
0,2407,1,15.783241846201504,15-20,10-20,0-30
0,2454,1,16.322265046912143,15-20,10-20,60-90.1
0,2464,1,18.74717142130926,15-20,10-20,60-90.1
0,2495,1,16.79200509783906,15-20,10-20,30-60
0,2509,1,19.218418881701073,15-20,10-20,30-60
0,2585,1,17.091382415872864,15-20,10-20,30-60
0,2590,1,12.738254760319657,10-15,10-20,30-60
0,2637,1,14.85401374259698,10-15,10-20,30-60
0,2686,1,15.351993890635175,15-20,10-20,30-60
0,2711,1,17.206523936242384,15-20,10-20,30-60
0,2722,1,18.722136720354946,15-20,10-20,60-90.1
0,2737,1,17.039384765798996,15-20,10-20,0-30
0,2759,1,17.73022861528731,15-20,10-20,0-30
0,2766,1,20.167428882162742,20-25,20-30,30-60
0,2786,1,16.80749556250751,15-20,10-20,30-60
0,2797,1,17.30351454467644,15-20,10-20,0-30
0,2816,1,20.087542969628146,20-25,20-30,60-90.1
0,2817,1,16.221293853635053,15-20,10-20,30-60
0,2831,1,14.556448265122425,10-15,10-20,30-60
0,2848,1,20.699891526640748,20-25,20-30,60-90.1
0,2853,1,19.684008563408796,15-20,10-20,60-90.1
0,2889,1,19.793220224125264,15-20,10-20,60-90.1
0,2895,1,11.329271874171438,10-15,10-20,60-90.1
0,2917,1,18.96838588334922,15-20,10-20,30-60
0,2929,1,13.674409010911942,10-15,10-20,60-90.1
0,2931,1,11.401985573157823,10-15,10-20,30-60
0,2944,1,14.408327953266665,10-15,10-20,0-30
0,2966,1,15.01598618529459,15-20,10-20,0-30
0,2992,1,17.20629361049762,15-20,10-20,30-60
0,3024,1,18.12034531635422,15-20,10-20,30-60
0,3031,1,18.446237644180282,15-20,10-20,60-90.1
0,3134,1,13.39647327358888,10-15,10-20,30-60
0,3174,1,14.155035976306763,10-15,10-20,0-30
0,3237,1,16.83914300926926,15-20,10-20,30-60
0,3240,1,10.28954512759404,10-15,10-20,0-30
0,3315,1,17.026700820250635,15-20,10-20,30-60
0,3320,1,17.710572980806283,15-20,10-20,60-90.1
0,3353,1,19.49406206581818,15-20,10-20,60-90.1
0,3390,1,18.209164264945915,15-20,10-20,30-60
0,3396,1,19.091005007442494,15-20,10-20,60-90.1
0,3410,1,17.89848139037185,15-20,10-20,0-30
0,3429,1,21.50940066836315,20-25,20-30,30-60
0,3443,1,21.57015443787284,20-25,20-30,30-60
0,3492,1,22.355063147802948,20-25,20-30,60-90.1
0,3538,1,19.096926033422626,15-20,10-20,60-90.1
0,3572,1,20.75475883175856,20-25,20-30,30-60
0,3576,1,17.072534489536498,15-20,10-20,30-60
0,3613,1,14.629504603730107,10-15,10-20,30-60
0,3642,1,15.638433271940428,15-20,10-20,30-60
0,3678,1,12.283796409975782,10-15,10-20,0-30
0,3680,1,17.066730037847925,15-20,10-20,60-90.1
0,3695,1,15.986757207240055,15-20,10-20,0-30
0,3715,1,16.82681292073889,15-20,10-20,30-60
0,3739,1,18.32465590799667,15-20,10-20,30-60
0,3768,1,13.299666063733094,10-15,10-20,60-90.1
0,3812,1,21.980286373684493,20-25,20-30,30-60
0,3880,1,22.760595926584223,20-25,20-30,60-90.1
0,3898,1,15.557409650932906,15-20,10-20,30-60
0,3911,1,23.87446809802843,20-25,20-30,60-90.1
0,3927,1,11.957214022487351,10-15,10-20,0-30
0,3954,1,23.512193669477913,20-25,20-30,60-90.1
0,3963,1,13.578069192493327,10-15,10-20,0-30
0,3984,1,12.050934232665215,10-15,10-20,30-60
0,4004,1,9.987041561585725,0-10,,0-30
0,4021,1,22.562204567953344,20-25,20-30,60-90.1
0,4049,1,12.971773454392197,10-15,10-20,60-90.1
0,4078,1,15.27768217034661,15-20,10-20,0-30
0,4099,1,15.90439966193894,15-20,10-20,0-30
0,4127,1,16.266656278821706,15-20,10-20,0-30
0,4167,1,20.007416241028867,20-25,20-30,60-90.1
0,4184,1,19.510809607773265,15-20,10-20,30-60
0,4214,1,22.32864248497348,20-25,20-30,30-60
0,4266,1,23.38328645095832,20-25,20-30,30-60
0,4273,1,23.06114943987568,20-25,20-30,30-60
0,4284,1,19.402981685249678,15-20,10-20,30-60
0,4303,1,19.351742981457587,15-20,10-20,30-60
0,4313,1,18.625178212958325,15-20,10-20,0-30
0,4325,1,17.65009260317447,15-20,10-20,30-60
0,4367,1,22.125125580507408,20-25,20-30,60-90.1
0,4372,1,20.137475648997555,20-25,20-30,60-90.1
0,4398,1,22.853929385041166,20-25,20-30,30-60
0,4401,1,18.165505590660732,15-20,10-20,30-60
0,4454,1,11.021553633789596,10-15,10-20,60-90.1
0,4462,1,16.134938449570644,15-20,10-20,0-30
0,4549,1,14.037641813624525,10-15,10-20,60-90.1
0,4550,1,11.877783091145428,10-15,10-20,30-60
0,4582,1,20.867375761747546,20-25,20-30,30-60
0,4598,1,24.06542245141485,20-25,20-30,60-90.1
0,4602,1,18.615726143427175,15-20,10-20,30-60
0,4607,1,21.965733950672007,20-25,20-30,30-60
0,4633,1,19.057777530042475,15-20,10-20,30-60
0,4740,1,10.560841612223008,10-15,10-20,30-60
0,4786,1,24.627857826020666,20-25,20-30,60-90.1
0,4871,1,17.17204450731796,15-20,10-20,60-90.1
0,4895,1,16.712770256001846,15-20,10-20,60-90.1
0,4905,1,19.728917449813377,15-20,10-20,60-90.1
0,4985,1,22.646588569572348,20-25,20-30,0-30
0,5015,1,21.145539849297897,20-25,20-30,60-90.1
0,5055,1,9.509458521383193,0-10,,0-30
0,5058,1,25.39494000269036,25-30,20-30,30-60
0,5083,1,12.136224968812023,10-15,10-20,60-90.1
0,5093,1,25.458931909840317,25-30,20-30,30-60
0,5119,1,26.679307067222513,25-30,20-30,30-60
0,5125,1,14.734929848753685,10-15,10-20,30-60
0,5133,1,25.57809393121693,25-30,20-30,60-90.1
0,5153,1,26.151034951084014,25-30,20-30,30-60
0,5225,1,15.193262222089686,15-20,10-20,60-90.1
0,5229,1,24.57488658942139,20-25,20-30,60-90.1
0,5234,1,16.8382102751352,15-20,10-20,60-90.1
0,5290,1,17.6171755267204,15-20,10-20,60-90.1
0,5296,1,18.836427605679106,15-20,10-20,60-90.1
0,5313,1,18.889664263341242,15-20,10-20,30-60
0,5405,1,21.123520580826614,20-25,20-30,30-60
0,5417,1,23.505769301098443,20-25,20-30,60-90.1
0,5435,1,17.464350523481976,15-20,10-20,60-90.1
0,5483,1,9.711196973175156,0-10,,0-30
0,5487,1,26.22811939323936,25-30,20-30,60-90.1
0,5499,1,26.254795593802072,25-30,20-30,30-60
0,5502,1,11.954822949211055,10-15,10-20,60-90.1
0,5519,1,20.86273225358687,20-25,20-30,0-30
0,5531,1,14.495325566328772,10-15,10-20,60-90.1
0,5586,1,18.35108552488544,15-20,10-20,30-60
0,5600,1,16.212155689010142,15-20,10-20,30-60
0,5638,1,13.291577860388257,10-15,10-20,60-90.1
0,5674,1,10.372932898916517,10-15,10-20,30-60
0,5712,1,11.302621987571488,10-15,10-20,60-90.1
0,5827,1,20.759618126680245,20-25,20-30,30-60
0,5836,1,21.492358967223765,20-25,20-30,60-90.1
0,5865,1,20.567736912023175,20-25,20-30,60-90.1
0,5868,1,13.930377024940665,10-15,10-20,60-90.1
0,5874,1,22.633926998360437,20-25,20-30,30-60
0,5882,1,23.972016082838582,20-25,20-30,60-90.1
0,5916,1,15.33660320254959,15-20,10-20,30-60
0,5938,1,12.246843677013397,10-15,10-20,60-90.1
0,5971,1,19.688080373370884,15-20,10-20,0-30
0,5974,1,12.303513293282904,10-15,10-20,60-90.1
0,5980,1,23.56842729783023,20-25,20-30,30-60
0,6062,1,20.963096143075227,20-25,20-30,0-30
0,6076,1,9.52115886079592,0-10,,30-60
0,6081,1,19.891706882019925,15-20,10-20,30-60
0,6088,1,13.318200111817823,10-15,10-20,30-60
0,6092,1,26.29489643503638,25-30,20-30,0-30
0,6131,1,11.914445338194156,10-15,10-20,30-60
0,6169,1,24.159230322223365,20-25,20-30,60-90.1
0,6191,1,25.771578775891594,25-30,20-30,60-90.1
0,6211,1,20.452085471949236,20-25,20-30,60-90.1
0,6258,1,13.25511826389214,10-15,10-20,60-90.1
0,6274,1,11.812592474871096,10-15,10-20,0-30
0,6279,1,12.4622857164203,10-15,10-20,30-60
0,6313,1,13.845732793575964,10-15,10-20,30-60
0,6321,1,15.816351885555243,15-20,10-20,30-60
0,6329,1,15.935777887218485,15-20,10-20,60-90.1
0,6387,1,19.764049267463882,15-20,10-20,30-60
0,6391,1,15.407501910837658,15-20,10-20,60-90.1
0,6408,1,23.341631132435843,20-25,20-30,60-90.1
0,6415,1,14.851883842960351,10-15,10-20,30-60
0,6437,1,16.905202737394575,15-20,10-20,60-90.1
0,6440,1,24.52862645573662,20-25,20-30,60-90.1
0,6477,1,17.81948459975982,15-20,10-20,60-90.1
0,6487,1,23.64822538148098,20-25,20-30,30-60
0,6500,1,17.19053522083127,15-20,10-20,0-30
0,6505,1,26.94133030169226,25-30,20-30,60-90.1
0,6548,1,28.267285392975143,25-30,20-30,30-60
0,6554,1,22.356090606697638,20-25,20-30,60-90.1
0,6580,1,21.277802075222638,20-25,20-30,30-60
0,6610,1,16.282798727906158,15-20,10-20,60-90.1
0,6616,1,26.916747335297824,25-30,20-30,0-30
0,6659,1,29.889448968815515,25-30,20-30,30-60
0,6677,1,28.626374757773245,25-30,20-30,60-90.1
0,6703,1,29.693258567876317,25-30,20-30,30-60
0,6750,1,28.39068601989864,25-30,20-30,60-90.1
0,6785,1,27.57408077686628,25-30,20-30,60-90.1
0,6849,1,14.731670497398177,10-15,10-20,60-90.1
0,6860,1,15.733650386523465,15-20,10-20,60-90.1
0,6869,1,16.86653187632895,15-20,10-20,60-90.1
0,6918,1,13.321587821331091,10-15,10-20,30-60
0,6924,1,19.85686928787694,15-20,10-20,60-90.1
0,6960,1,22.740371516371894,20-25,20-30,30-60
0,7018,1,22.807118998891685,20-25,20-30,30-60
0,7027,1,23.915617420023942,20-25,20-30,30-60
0,7045,1,25.605390386200533,25-30,20-30,60-90.1
0,7060,1,25.395276027847522,25-30,20-30,30-60
0,7067,1,26.880988988126642,25-30,20-30,60-90.1
0,7107,1,20.92065361034048,20-25,20-30,60-90.1
0,7150,1,16.15094833261112,15-20,10-20,30-60
0,7174,1,29.2459326873295,25-30,20-30,30-60
0,7199,1,15.53839993319419,15-20,10-20,60-90.1
0,7238,1,19.26582071351767,15-20,10-20,60-90.1
0,7368,1,13.896224879293614,10-15,10-20,60-90.1
0,7377,1,23.009126442753423,20-25,20-30,30-60
0,7387,1,15.27744589885753,15-20,10-20,60-90.1
0,7414,1,19.356481264023774,15-20,10-20,30-60
0,7436,1,14.37838610654946,10-15,10-20,30-60
0,7450,1,15.04673799665097,15-20,10-20,30-60
0,7478,1,16.886926420432296,15-20,10-20,60-90.1
0,7507,1,18.76306677434105,15-20,10-20,60-90.1
0,7571,1,21.674083059376756,20-25,20-30,60-90.1
0,7629,1,26.61496048099968,25-30,20-30,60-90.1
0,7638,1,16.697095722565564,15-20,10-20,30-60
0,7645,1,24.194150324737812,20-25,20-30,30-60
0,7647,1,19.06240584007228,15-20,10-20,60-90.1
0,7705,1,25.10471096408195,25-30,20-30,0-30
0,7726,1,24.051289079138098,20-25,20-30,30-60
0,7734,1,10.856894391853164,10-15,10-20,60-90.1
0,7743,1,19.835396463377936,15-20,10-20,30-60
0,7779,1,11.034463167934947,10-15,10-20,60-90.1
0,7793,1,19.264464940252775,15-20,10-20,30-60
0,7797,1,14.347357559872163,10-15,10-20,60-90.1
0,7803,1,28.9513236539311,25-30,20-30,30-60
0,7828,1,21.684733449424776,20-25,20-30,0-30
0,7838,1,11.442550576805887,10-15,10-20,60-90.1
0,7854,1,27.547004458024418,25-30,20-30,30-60
0,7868,1,13.690704546082305,10-15,10-20,60-90.1
0,7884,1,31.135462782142813,30-40,30-45,30-60
0,7908,1,16.32145604053885,15-20,10-20,60-90.1
0,7947,1,27.886649844716604,25-30,20-30,60-90.1
0,8009,1,17.98086735762567,15-20,10-20,60-90.1
0,8021,1,16.460515706595622,15-20,10-20,30-60
0,8034,1,13.313681976941874,10-15,10-20,0-30
0,8049,1,13.686839775954537,10-15,10-20,30-60
0,8077,1,19.499217579072056,15-20,10-20,60-90.1
0,8092,1,18.609384237207944,15-20,10-20,60-90.1
0,8135,1,14.991794796671938,10-15,10-20,60-90.1
0,8167,1,17.39174059114358,15-20,10-20,30-60
0,8179,1,16.261229740137065,15-20,10-20,0-30
0,8209,1,15.876124029185458,15-20,10-20,0-30
0,8227,1,25.3324619887227,25-30,20-30,30-60
0,8264,1,26.51285384403733,25-30,20-30,30-60
0,8290,1,25.617569325266466,25-30,20-30,30-60
0,8316,1,28.87221095936951,25-30,20-30,60-90.1
0,8325,1,17.956304937705394,15-20,10-20,0-30
0,8351,1,30.309677747233636,30-40,30-45,60-90.1
0,8407,1,29.84688633500939,25-30,20-30,60-90.1
0,8422,1,16.672319954835682,15-20,10-20,60-90.1
0,8461,1,28.038634864386875,25-30,20-30,30-60
0,8466,1,30.660494300433296,30-40,30-45,60-90.1
0,8480,1,17.746083719716328,15-20,10-20,60-90.1
0,8542,1,31.508980016835956,30-40,30-45,60-90.1
0,8543,1,30.033431025827845,30-40,30-45,60-90.1
0,8593,1,13.710137829620477,10-15,10-20,0-30
0,8610,1,13.846761358613781,10-15,10-20,30-60
0,8623,1,17.157895081031192,15-20,10-20,60-90.1
0,8649,1,14.078232358378088,10-15,10-20,30-60
0,8660,1,17.79894396540839,15-20,10-20,60-90.1
0,8696,1,20.799012053613275,20-25,20-30,60-90.1
0,8704,1,22.130121893949035,20-25,20-30,60-90.1
0,8752,1,16.3756831880414,15-20,10-20,0-30
0,8775,1,19.280882544039788,15-20,10-20,60-90.1
0,8814,1,21.012481396354328,20-25,20-30,60-90.1
0,8818,1,28.583434090765678,25-30,20-30,60-90.1
0,8852,1,30.439288384836537,30-40,30-45,60-90.1
0,8853,1,29.877794060947682,25-30,20-30,60-90.1
0,8877,1,25.712704807645753,25-30,20-30,0-30
0,8880,1,22.11936645949641,20-25,20-30,60-90.1
0,8902,1,15.57010306283111,15-20,10-20,60-90.1
0,8922,1,15.332935903853553,15-20,10-20,60-90.1
0,8931,1,32.29019930093197,30-40,30-45,60-90.1
0,8937,1,32.053016215770704,30-40,30-45,60-90.1
0,9028,1,33.240449273730526,30-40,30-45,60-90.1
0,9037,1,14.697204140739398,10-15,10-20,60-90.1
0,9066,1,25.812479114472236,25-30,20-30,60-90.1
0,9172,1,16.86580343423681,15-20,10-20,60-90.1
0,9198,1,19.88506372234816,15-20,10-20,60-90.1
0,9207,1,20.805658224885125,20-25,20-30,60-90.1
0,9237,1,23.02426331122322,20-25,20-30,60-90.1
0,9300,1,25.400700176300624,25-30,20-30,60-90.1
0,9339,1,25.128856373064853,25-30,20-30,30-60
0,9357,1,17.347793369783947,15-20,10-20,30-60
0,9383,1,18.531001462915732,15-20,10-20,30-60
0,9391,1,28.765180023004973,25-30,20-30,30-60
0,9430,1,18.358739721028993,15-20,10-20,30-60
0,9462,1,18.497564624054625,15-20,10-20,60-90.1
0,9482,1,30.832550568165743,30-40,30-45,60-90.1
0,9518,1,19.659864836908504,15-20,10-20,60-90.1
0,9589,1,18.14536256037234,15-20,10-20,0-30
0,9627,1,20.247134472666247,20-25,20-30,60-90.1
0,9637,1,17.144033531216078,15-20,10-20,60-90.1
0,9656,1,15.465939986041004,15-20,10-20,60-90.1
0,9668,1,16.129027538335126,15-20,10-20,60-90.1
0,9733,1,20.779234850849758,20-25,20-30,60-90.1
0,9745,1,16.967550021091725,15-20,10-20,60-90.1
0,9753,1,23.241436633778687,20-25,20-30,60-90.1
0,9781,1,16.87786787690552,15-20,10-20,30-60
0,9789,1,23.432211319647163,20-25,20-30,60-90.1
0,9821,1,24.88523275103789,20-25,20-30,60-90.1
0,9832,1,20.800274583663093,20-25,20-30,60-90.1
0,9900,1,23.81472146382933,20-25,20-30,60-90.1
0,9943,1,31.936038448292805,30-40,30-45,60-90.1
0,9961,1,18.719149132838705,15-20,10-20,60-90.1
0,10002,1,20.16019369316301,20-25,20-30,60-90.1
0,10008,1,29.14358419036952,25-30,20-30,0-30
0,10018,1,34.96608611440174,30-40,30-45,60-90.1
0,10034,1,34.924121847558084,30-40,30-45,60-90.1
0,10064,1,19.758355639841536,15-20,10-20,60-90.1
0,10115,1,16.979836541628043,15-20,10-20,30-60
0,10124,1,22.952011204591845,20-25,20-30,60-90.1
0,10135,1,15.565400254117876,15-20,10-20,0-30
0,10152,1,13.972072426419683,10-15,10-20,0-30
0,10160,1,15.05505231450108,15-20,10-20,30-60
0,10181,1,11.58288654837109,10-15,10-20,0-30
0,10199,1,19.303640367613024,15-20,10-20,60-90.1
0,10217,1,16.650084815894363,15-20,10-20,60-90.1
0,10222,1,22.869288251999382,20-25,20-30,60-90.1
0,10249,1,16.36214556655316,15-20,10-20,30-60
0,10327,1,17.01345435217792,15-20,10-20,30-60
0,10357,1,22.64786579375118,20-25,20-30,30-60
0,10374,1,26.81435796204443,25-30,20-30,30-60
0,10394,1,27.0353707503089,25-30,20-30,0-30
0,10410,1,33.05490795029628,30-40,30-45,60-90.1
0,10414,1,32.681019884082964,30-40,30-45,60-90.1
0,10415,1,30.528894985448304,30-40,30-45,30-60
0,10419,1,19.201319628837965,15-20,10-20,60-90.1
0,10453,1,34.46320295449584,30-40,30-45,30-60
0,10458,1,21.137343937870973,20-25,20-30,60-90.1
0,10472,1,34.22470115316236,30-40,30-45,60-90.1
0,10520,1,34.90561336476861,30-40,30-45,60-90.1
0,10541,1,32.25952026040436,30-40,30-45,60-90.1
0,10549,1,21.746441155785956,20-25,20-30,30-60
0,10560,1,31.90958890009073,30-40,30-45,60-90.1
0,10584,1,34.42940276847893,30-40,30-45,60-90.1
0,10610,1,25.308066646249568,25-30,20-30,60-90.1
0,10640,1,14.638230105073365,10-15,10-20,30-60
0,10674,1,18.33067202882146,15-20,10-20,60-90.1
0,10697,1,20.558396136957285,20-25,20-30,60-90.1
0,10701,1,14.36785838507463,10-15,10-20,60-90.1
0,10717,1,14.10708267514068,10-15,10-20,60-90.1
0,10759,1,24.88788392290178,20-25,20-30,60-90.1
0,10775,1,19.848549904623088,15-20,10-20,60-90.1
0,10783,1,26.395709782318022,25-30,20-30,60-90.1
0,10805,1,18.042766287002678,15-20,10-20,0-30
0,10881,1,20.019589234116797,20-25,20-30,30-60
0,10897,1,25.504160391458292,25-30,20-30,60-90.1
0,10910,1,21.407429308633603,20-25,20-30,60-90.1
0,10962,1,34.113698417641025,30-40,30-45,60-90.1
0,10975,1,35.9348417681596,30-40,30-45,60-90.1
0,11005,1,35.39787382042403,30-40,30-45,60-90.1
0,11023,1,22.87331404270792,20-25,20-30,60-90.1
0,11052,1,23.149858044127022,20-25,20-30,30-60
0,11096,1,36.94585100737546,30-40,30-45,60-90.1
0,11100,1,28.84047797617539,25-30,20-30,60-90.1
0,11183,1,13.7215186159431,10-15,10-20,0-30
0,11194,1,17.26712484430909,15-20,10-20,60-90.1
0,11204,1,16.10537209098108,15-20,10-20,60-90.1
0,11207,1,15.420852119203735,15-20,10-20,60-90.1
0,11215,1,19.133757951310542,15-20,10-20,30-60
0,11281,1,17.705887250009155,15-20,10-20,30-60
0,11282,1,26.601443339611414,25-30,20-30,60-90.1
0,11317,1,28.55782189369795,25-30,20-30,60-90.1
0,11332,1,26.95222786426339,25-30,20-30,60-90.1
0,11333,1,22.637714735212132,20-25,20-30,60-90.1
0,11357,1,29.25921654080524,25-30,20-30,60-90.1
0,11370,1,27.960440894811583,25-30,20-30,30-60
0,11380,1,29.8744323429987,25-30,20-30,30-60
0,11405,1,27.998888943791044,25-30,20-30,30-60
0,11441,1,32.163987420568155,30-40,30-45,60-90.1
0,11454,1,36.05533878726968,30-40,30-45,60-90.1
0,11458,1,35.498943732593204,30-40,30-45,60-90.1
0,11484,1,23.028877843724672,20-25,20-30,30-60
0,11500,1,32.43809311724061,30-40,30-45,60-90.1
0,11548,1,30.049193122778064,30-40,30-45,0-30
0,11587,1,38.787357373621965,30-40,30-45,60-90.1
0,11638,1,20.762549242626356,20-25,20-30,30-60
0,11647,1,18.017398975000344,15-20,10-20,60-90.1
0,11746,1,12.03993451857085,10-15,10-20,0-30
0,11766,1,14.148740795102047,10-15,10-20,60-90.1
0,11779,1,18.134955902361124,15-20,10-20,60-90.1
0,11794,1,23.581663738343522,20-25,20-30,60-90.1
0,11809,1,21.089507928330605,20-25,20-30,60-90.1
0,11832,1,26.09173424672569,25-30,20-30,60-90.1
0,11836,1,18.749034438945955,15-20,10-20,0-30
0,11842,1,27.779567750871152,25-30,20-30,60-90.1
0,11866,1,19.978893461970603,15-20,10-20,30-60
0,11893,1,24.767964137434547,20-25,20-30,60-90.1
0,11905,1,18.88683383497561,15-20,10-20,30-60
0,11925,1,31.008503081975157,30-40,30-45,30-60
0,12008,1,35.524686398158536,30-40,30-45,60-90.1
0,12032,1,37.81009047749518,30-40,30-45,30-60
0,12116,1,35.828783931999304,30-40,30-45,60-90.1
0,12193,1,28.261335575375693,25-30,20-30,30-60
0,12220,1,18.3449687044011,15-20,10-20,60-90.1
0,12223,1,14.282068513839278,10-15,10-20,0-30
0,12239,1,14.979315934026966,10-15,10-20,30-60
0,12255,1,17.621259993961086,15-20,10-20,60-90.1
0,12269,1,16.12170849979327,15-20,10-20,60-90.1
0,12287,1,16.201087266372802,15-20,10-20,60-90.1
0,12289,1,19.407519042028397,15-20,10-20,30-60
0,12311,1,17.701943116931364,15-20,10-20,60-90.1
0,12313,1,14.195479160848546,10-15,10-20,60-90.1
0,12329,1,23.85834506808411,20-25,20-30,60-90.1
0,12331,1,16.673138662931716,15-20,10-20,60-90.1
0,12336,1,22.67341037757906,20-25,20-30,60-90.1
0,12353,1,16.851578671762283,15-20,10-20,30-60
0,12356,1,26.3691537152666,25-30,20-30,60-90.1
0,12479,1,27.658937170978714,25-30,20-30,30-60
0,12482,1,20.53384146087661,20-25,20-30,60-90.1
0,12493,1,22.988327576653234,20-25,20-30,30-60
0,12500,1,23.64228404367723,20-25,20-30,30-60
0,12505,1,23.915349506438538,20-25,20-30,30-60
0,12507,1,33.673039915239926,30-40,30-45,60-90.1
0,12553,1,36.22259211034624,30-40,30-45,30-60
0,12570,1,31.585547274785192,30-40,30-45,30-60
0,12571,1,24.443882467012862,20-25,20-30,0-30
0,12603,1,39.69375344880143,30-40,30-45,60-90.1
0,12628,1,39.22624367385713,30-40,30-45,60-90.1
0,12676,1,31.32784691747372,30-40,30-45,60-90.1
0,12677,1,23.94282577516174,20-25,20-30,30-60
0,12682,1,35.09348722006002,30-40,30-45,30-60
0,12720,1,18.20976333241216,15-20,10-20,30-60
0,12734,1,21.681337254676137,20-25,20-30,60-90.1
0,12757,1,13.532551501827868,10-15,10-20,30-60
0,12781,1,16.973475366799036,15-20,10-20,30-60
0,12784,1,14.589614344124117,10-15,10-20,60-90.1
0,12796,1,14.606239135649686,10-15,10-20,0-30
0,12832,1,22.001781538386727,20-25,20-30,60-90.1
0,12838,1,19.521664865593223,15-20,10-20,60-90.1
0,12851,1,20.540200692094608,20-25,20-30,60-90.1
0,12854,1,19.87817501752537,15-20,10-20,60-90.1
0,12865,1,21.925749446025012,20-25,20-30,30-60
0,12919,1,21.973596564711947,20-25,20-30,60-90.1
0,12947,1,29.804223217267648,25-30,20-30,60-90.1
0,12954,1,24.23001388351205,20-25,20-30,60-90.1
0,12976,1,28.984644644702435,25-30,20-30,30-60
0,12982,1,31.709103464923164,30-40,30-45,60-90.1
0,12999,1,22.248903808896248,20-25,20-30,60-90.1
0,13001,1,33.83319504450678,30-40,30-45,60-90.1
0,13088,1,38.49728850044718,30-40,30-45,30-60
0,13179,1,32.707944834155086,30-40,30-45,30-60
0,13203,1,24.688660538717077,20-25,20-30,0-30
0,13249,1,39.125255120884944,30-40,30-45,30-60
0,13361,1,18.876757836255585,15-20,10-20,60-90.1
0,13372,1,17.898645747962437,15-20,10-20,60-90.1
0,13392,1,12.68118541105065,10-15,10-20,0-30
0,13399,1,20.897669668302882,20-25,20-30,60-90.1
0,13401,1,18.48665330327297,15-20,10-20,60-90.1
0,13403,1,14.378472561808843,10-15,10-20,60-90.1
0,13408,1,21.672878255827385,20-25,20-30,0-30
0,13427,1,22.450842278930075,20-25,20-30,60-90.1
0,13437,1,14.632233626670658,10-15,10-20,60-90.1
0,13466,1,16.97523034212714,15-20,10-20,30-60
0,13470,1,25.425099612926605,25-30,20-30,60-90.1
0,13479,1,20.542674792329386,20-25,20-30,60-90.1
0,13500,1,19.497378116762565,15-20,10-20,30-60
0,13507,1,30.37066730792842,30-40,30-45,60-90.1
0,13509,1,25.26447107097312,25-30,20-30,60-90.1
0,13521,1,21.037499062419084,20-25,20-30,60-90.1
0,13535,1,32.44191414733445,30-40,30-45,60-90.1
0,13555,1,26.790081167336158,25-30,20-30,60-90.1
0,13588,1,30.188790503066826,30-40,30-45,0-30
0,13608,1,36.006021742407505,30-40,30-45,60-90.1
0,13622,1,32.765817374008414,30-40,30-45,30-60
0,13631,1,38.34629339911607,30-40,30-45,60-90.1
0,13662,1,35.59705917531542,30-40,30-45,0-30
0,13689,1,31.3409770136565,30-40,30-45,0-30
0,13691,1,24.648766572564156,20-25,20-30,0-30
0,13782,1,41.09210978051709,40-50,30-45,60-90.1
0,13837,1,29.725872993917232,25-30,20-30,0-30
0,13858,1,24.575372896821936,20-25,20-30,60-90.1
0,13897,1,16.935436796173168,15-20,10-20,60-90.1
0,13904,1,16.520238851735662,15-20,10-20,60-90.1
0,13926,1,17.312423828023928,15-20,10-20,60-90.1
0,13931,1,21.33548457693959,20-25,20-30,60-90.1
0,13951,1,21.54006108288468,20-25,20-30,30-60
0,13953,1,20.645051135051574,20-25,20-30,60-90.1
0,13955,1,18.242779226800305,15-20,10-20,60-90.1
0,13994,1,13.055139839868946,10-15,10-20,30-60
0,14000,1,23.352635654654723,20-25,20-30,60-90.1
0,14007,1,17.024572036097613,15-20,10-20,60-90.1
0,14021,1,23.011288580256814,20-25,20-30,60-90.1
0,14023,1,22.371865352762256,20-25,20-30,60-90.1
0,14046,1,19.51237375308149,15-20,10-20,60-90.1
0,14061,1,27.1046056864415,25-30,20-30,30-60
0,14076,1,23.92096142592414,20-25,20-30,30-60
0,14082,1,19.386675385270525,15-20,10-20,60-90.1
0,14118,1,32.17003395584894,30-40,30-45,60-90.1
0,14150,1,34.46376131440773,30-40,30-45,60-90.1
0,14156,1,29.634655973140816,25-30,20-30,0-30
0,14174,1,23.543048667224237,20-25,20-30,60-90.1
0,14266,1,36.185668814650384,30-40,30-45,30-60
0,14305,1,21.357650506418107,20-25,20-30,60-90.1
0,14337,1,25.496446426988612,25-30,20-30,0-30
0,14345,1,14.114230425829202,10-15,10-20,60-90.1
0,14437,1,24.151568929407034,20-25,20-30,0-30
0,14450,1,22.818121024666656,20-25,20-30,30-60
0,14458,1,22.45410412976139,20-25,20-30,60-90.1
0,14532,1,16.997601575523344,15-20,10-20,60-90.1
0,14564,1,21.835650238578957,20-25,20-30,0-30
0,14566,1,20.928524247061247,20-25,20-30,60-90.1
0,14587,1,25.09870908090204,25-30,20-30,30-60
0,14631,1,27.854773712228514,25-30,20-30,60-90.1
0,14639,1,23.367985707915974,20-25,20-30,30-60
0,14642,1,16.714165112241794,15-20,10-20,60-90.1
0,14651,1,25.891022781461647,25-30,20-30,60-90.1
0,14680,1,25.207085366927647,25-30,20-30,0-30
0,14724,1,28.122547581547824,25-30,20-30,60-90.1
0,14726,1,22.112729894217555,20-25,20-30,30-60
0,14729,1,30.106956213192976,30-40,30-45,30-60
0,14762,1,23.744335742722775,20-25,20-30,30-60
0,14814,1,25.646407161992983,25-30,20-30,60-90.1
0,14834,1,34.038598911673084,30-40,30-45,60-90.1
0,14857,1,34.82184480341826,30-40,30-45,60-90.1
0,14858,1,25.68867661123531,25-30,20-30,0-30
0,14891,1,26.08296913687789,25-30,20-30,0-30
0,14990,1,39.62016272170377,30-40,30-45,60-90.1
0,15012,1,35.13684837309013,30-40,30-45,60-90.1
0,15064,1,34.097483470273474,30-40,30-45,60-90.1
0,15153,1,16.076943657639543,15-20,10-20,60-90.1
0,15154,1,14.677009786992244,10-15,10-20,60-90.1
0,15169,1,19.831401367412152,15-20,10-20,60-90.1
0,15180,1,19.650269925228294,15-20,10-20,60-90.1
0,15195,1,24.111391314700327,20-25,20-30,60-90.1
0,15204,1,18.306566541192304,15-20,10-20,60-90.1
0,15218,1,20.4137718411086,20-25,20-30,60-90.1
0,15255,1,22.15619134488884,20-25,20-30,60-90.1
0,15274,1,15.786857987499777,15-20,10-20,60-90.1
0,15306,1,30.346755536836294,30-40,30-45,60-90.1
0,15334,1,24.008297463421435,20-25,20-30,30-60
0,15362,1,29.81909723403572,25-30,20-30,30-60
0,15393,1,34.31950689603349,30-40,30-45,60-90.1
0,15405,1,25.759410143899597,25-30,20-30,60-90.1
0,15414,1,37.18784603016393,30-40,30-45,60-90.1
0,15444,1,39.53921132237212,30-40,30-45,60-90.1
0,15449,1,26.47395697774974,25-30,20-30,30-60
0,15463,1,25.949328280565307,25-30,20-30,30-60
0,15465,1,41.42101637306274,40-50,30-45,60-90.1
0,15479,1,42.05207371619736,40-50,30-45,60-90.1
0,15525,1,25.864257403420034,25-30,20-30,0-30
0,15536,1,35.55341859045481,30-40,30-45,60-90.1
0,15558,1,24.18318501785768,20-25,20-30,30-60
0,15569,1,10.64133042940621,10-15,10-20,60-90.1
0,15602,1,21.207962892154626,20-25,20-30,60-90.1
0,15618,1,43.73588806925139,40-50,30-45,60-90.1
0,15634,1,11.472154618420252,10-15,10-20,60-90.1
0,15665,1,44.80242898296224,40-50,30-45,60-90.1
0,15670,1,15.544178104691616,15-20,10-20,60-90.1
0,15688,1,25.232550065551806,25-30,20-30,0-30
0,15714,1,37.95492170293939,30-40,30-45,30-60
0,15722,1,31.55358082807752,30-40,30-45,0-30
0,15742,1,27.693192311785783,25-30,20-30,60-90.1
0,15791,1,18.75744115392375,15-20,10-20,60-90.1
0,15804,1,18.80433358557925,15-20,10-20,60-90.1
0,15843,1,20.452834653450886,20-25,20-30,60-90.1
0,15855,1,22.67130911018231,20-25,20-30,60-90.1
0,15871,1,21.627662891311893,20-25,20-30,60-90.1
0,15887,1,18.05260267691482,15-20,10-20,60-90.1
0,15890,1,13.736431219469296,10-15,10-20,60-90.1
0,15906,1,24.686152715728515,20-25,20-30,60-90.1
0,15921,1,19.009953431858737,15-20,10-20,60-90.1
0,15948,1,33.3258385871801,30-40,30-45,60-90.1
0,15962,1,35.70640964742618,30-40,30-45,30-60
0,15963,1,24.698056307574777,20-25,20-30,30-60
0,15986,1,35.55581021465732,30-40,30-45,60-90.1
0,16007,1,38.888381170596865,30-40,30-45,60-90.1
0,16085,1,21.57466559658933,20-25,20-30,0-30
0,16126,1,33.57532788672676,30-40,30-45,30-60
0,16224,1,41.16520075452967,40-50,30-45,60-90.1
0,16270,1,25.707262283644713,25-30,20-30,30-60
0,16304,1,15.575991907960308,15-20,10-20,60-90.1
0,16360,1,23.189478538931603,20-25,20-30,60-90.1
0,16370,1,22.28037020347943,20-25,20-30,60-90.1
0,16393,1,15.376137793897033,15-20,10-20,60-90.1
0,16395,1,12.865397302607274,10-15,10-20,30-60
0,16415,1,23.119587678413037,20-25,20-30,60-90.1
0,16445,1,21.296243220398633,20-25,20-30,60-90.1
0,16459,1,26.4073053234382,25-30,20-30,60-90.1
0,16472,1,19.02679575349348,15-20,10-20,60-90.1
0,16489,1,22.391668706152526,20-25,20-30,60-90.1
0,16521,1,38.18496884080848,30-40,30-45,60-90.1
0,16553,1,27.6452482001369,25-30,20-30,30-60
0,16572,1,41.28139610038253,40-50,30-45,60-90.1
0,16574,1,40.965277953638,40-50,30-45,60-90.1
0,16609,1,37.57320308448171,30-40,30-45,30-60
0,16613,1,23.24812196037903,20-25,20-30,60-90.1
0,16634,1,45.49119501980182,40-50,45-70,60-90.1
0,16635,1,38.76792548420522,30-40,30-45,30-60
0,16659,1,20.762171879679094,20-25,20-30,0-30
0,16688,1,16.89180739809442,15-20,10-20,60-90.1
0,16724,1,38.68976596498985,30-40,30-45,60-90.1
0,16730,1,23.91664949204734,20-25,20-30,30-60
0,16759,1,18.094279222238622,15-20,10-20,60-90.1
0,16850,1,30.59749695670429,30-40,30-45,60-90.1
0,16890,1,15.223079801544483,15-20,10-20,60-90.1
0,16899,1,19.27857324732971,15-20,10-20,60-90.1
0,16930,1,23.503125388914263,20-25,20-30,60-90.1
0,16944,1,23.84495864507252,20-25,20-30,60-90.1
0,17009,1,25.67612517543997,25-30,20-30,60-90.1
0,17013,1,30.613581899015834,30-40,30-45,60-90.1
0,17029,1,17.33392667542242,15-20,10-20,30-60
0,17039,1,32.61337301145247,30-40,30-45,60-90.1
0,17060,1,24.953400954619283,20-25,20-30,60-90.1
0,17077,1,21.659885860953587,20-25,20-30,60-90.1
0,17108,1,24.62490543942103,20-25,20-30,60-90.1
0,17126,1,27.0915237394192,25-30,20-30,30-60
0,17131,1,40.14540883722011,40-50,30-45,60-90.1
0,17145,1,37.89554300521028,30-40,30-45,60-90.1
0,17151,1,39.88062664382635,30-40,30-45,30-60
0,17167,1,37.71158785702943,30-40,30-45,60-90.1
0,17169,1,28.822072418692397,25-30,20-30,0-30
0,17271,1,39.512101760877556,30-40,30-45,60-90.1
0,17308,1,15.097335682191487,15-20,10-20,60-90.1
0,17327,1,35.902037484591844,30-40,30-45,60-90.1
0,17350,1,43.208879582415534,40-50,30-45,60-90.1
0,17406,1,44.72878515223361,40-50,30-45,60-90.1
0,17441,1,18.526325685835786,15-20,10-20,60-90.1
0,17510,1,15.71152819379162,15-20,10-20,30-60
0,17525,1,15.337284965840746,15-20,10-20,60-90.1
0,17549,1,15.89378505858737,15-20,10-20,60-90.1
0,17555,1,19.34053628531135,15-20,10-20,60-90.1
0,17576,1,19.514733532252414,15-20,10-20,60-90.1
0,17626,1,28.747519846758923,25-30,20-30,30-60
0,17709,1,15.162597088854552,15-20,10-20,30-60
0,17725,1,17.62031259297516,15-20,10-20,60-90.1
0,17756,1,35.838542881550254,30-40,30-45,60-90.1
0,17763,1,20.285712406692266,20-25,20-30,60-90.1
0,17765,1,18.68576026771839,15-20,10-20,60-90.1
0,17768,1,16.289928228348604,15-20,10-20,60-90.1
0,17837,1,42.76564261233281,40-50,30-45,60-90.1
0,17854,1,41.21466116187987,40-50,30-45,60-90.1
0,17865,1,43.737517724348095,40-50,30-45,60-90.1
0,17873,1,38.30251564005822,30-40,30-45,60-90.1
0,17883,1,43.47043998773844,40-50,30-45,60-90.1
0,17890,1,44.856732835894036,40-50,30-45,60-90.1
0,17892,1,44.278211011376236,40-50,30-45,60-90.1
0,17906,1,27.69495411209022,25-30,20-30,60-90.1
0,17928,1,46.86083018632076,40-50,45-70,60-90.1
0,17954,1,36.3582954463453,30-40,30-45,60-90.1
0,18000,1,10.807232732308048,10-15,10-20,30-60
0,18024,1,15.464865159829435,15-20,10-20,30-60
0,18080,1,33.28189971907675,30-40,30-45,0-30
0,18088,1,21.09985710847491,20-25,20-30,60-90.1
0,18122,1,15.357986666136972,15-20,10-20,0-30
0,18234,1,17.086373143097763,15-20,10-20,60-90.1
0,18261,1,26.037850516823188,25-30,20-30,30-60
0,18275,1,28.197428652268282,25-30,20-30,60-90.1
0,18291,1,16.82026636731016,15-20,10-20,60-90.1
0,18304,1,15.799569499023693,15-20,10-20,0-30
0,18311,1,19.443841260915512,15-20,10-20,60-90.1
0,18326,1,15.262333012767444,15-20,10-20,30-60
0,18345,1,22.5104942298383,20-25,20-30,60-90.1
0,18351,1,14.306773800926818,10-15,10-20,0-30
0,18369,1,30.37438297363036,30-40,30-45,60-90.1
0,18393,1,29.786585739194567,25-30,20-30,60-90.1
0,18422,1,23.488059104389677,20-25,20-30,60-90.1
0,18446,1,38.414730752004566,30-40,30-45,30-60
0,18472,1,28.796358395402336,25-30,20-30,0-30
0,18522,1,11.43446433485037,10-15,10-20,60-90.1
0,18556,1,40.65463797458139,40-50,30-45,60-90.1
0,18591,1,41.47276303521645,40-50,30-45,60-90.1
0,18594,1,24.06299601629003,20-25,20-30,60-90.1
0,18603,1,43.14289898181031,40-50,30-45,60-90.1
0,18617,1,20.525765404844012,20-25,20-30,60-90.1
0,18637,1,12.998454375359861,10-15,10-20,60-90.1
0,18673,1,41.0670562547383,40-50,30-45,30-60
0,18678,1,47.50347792627096,40-50,45-70,60-90.1
0,18702,1,36.36595234701145,30-40,30-45,60-90.1
0,18723,1,15.938070343803158,15-20,10-20,0-30
0,18751,1,28.47205825638645,25-30,20-30,0-30
0,18764,1,19.119021363589024,15-20,10-20,60-90.1
0,18768,1,33.474311014895186,30-40,30-45,60-90.1
0,18802,1,16.417731733092843,15-20,10-20,60-90.1
0,18816,1,16.660621327107947,15-20,10-20,30-60
0,18829,1,16.168468888703423,15-20,10-20,60-90.1
0,18833,1,14.610127854480911,10-15,10-20,0-30
0,18841,1,17.22033052020835,15-20,10-20,60-90.1
0,18860,1,14.797749424966542,10-15,10-20,0-30
0,18867,1,19.420038887897036,15-20,10-20,60-90.1
0,18872,1,17.479949611659794,15-20,10-20,60-90.1
0,18926,1,24.365256822018257,20-25,20-30,30-60
0,18975,1,28.810443526594693,25-30,20-30,30-60
0,18998,1,30.203765922954506,30-40,30-45,60-90.1
0,19033,1,25.80848976704347,25-30,20-30,60-90.1
0,19036,1,14.385739574275146,10-15,10-20,30-60
0,19076,1,14.366033754917586,10-15,10-20,0-30
0,19084,1,21.036410193245604,20-25,20-30,60-90.1
0,19086,1,19.37449166561896,15-20,10-20,60-90.1
0,19095,1,26.642865561595123,25-30,20-30,30-60
0,19101,1,16.996939637597986,15-20,10-20,60-90.1
0,19113,1,40.35887449874385,40-50,30-45,60-90.1
0,19123,1,42.0735121887185,40-50,30-45,60-90.1
0,19146,1,12.769965669527606,10-15,10-20,60-90.1
0,19162,1,15.283659931259876,15-20,10-20,60-90.1
0,19171,1,41.83485456140728,40-50,30-45,60-90.1
0,19185,1,29.68449344194589,25-30,20-30,0-30
0,19193,1,45.05678557765005,40-50,45-70,60-90.1
0,19215,1,46.76084272537982,40-50,45-70,60-90.1
0,19274,1,40.76264951297407,40-50,30-45,60-90.1
0,19283,1,38.33150478682753,30-40,30-45,60-90.1
0,19394,1,25.41168614035591,25-30,20-30,60-90.1
0,19406,1,21.851968383975596,20-25,20-30,60-90.1
0,19465,1,14.710609994482297,10-15,10-20,0-30
0,19522,1,14.40697005788329,10-15,10-20,0-30
0,19529,1,19.379318492732068,15-20,10-20,60-90.1
0,19536,1,14.583040454849346,10-15,10-20,0-30
0,19541,1,20.511506381006413,20-25,20-30,60-90.1
0,19559,1,22.13769235173844,20-25,20-30,60-90.1
0,19574,1,23.532056058568543,20-25,20-30,60-90.1
0,19594,1,21.08126865519158,20-25,20-30,60-90.1
0,19624,1,26.35885507106835,25-30,20-30,0-30
0,19635,1,26.641237277816735,25-30,20-30,60-90.1
0,19658,1,31.81804768510995,30-40,30-45,30-60
0,19679,1,33.04895310673709,30-40,30-45,30-60
0,19706,1,35.20670216023761,30-40,30-45,60-90.1
0,19750,1,38.300918120489946,30-40,30-45,60-90.1
0,19755,1,30.706720258931963,30-40,30-45,60-90.1
0,19803,1,18.13906984351354,15-20,10-20,30-60
0,19827,1,17.524726207685102,15-20,10-20,30-60
0,19892,1,43.839735039243195,40-50,30-45,60-90.1
0,19911,1,46.89094289834054,40-50,45-70,30-60
0,19928,1,27.592410581614875,25-30,20-30,30-60
0,19931,1,49.15171445324261,40-50,45-70,60-90.1
0,19938,1,45.05398723193952,40-50,45-70,60-90.1
0,19945,1,49.21058652936177,40-50,45-70,30-60
0,19968,1,51.165904839725876,50-60,45-70,60-90.1
0,20004,1,18.195652411094276,15-20,10-20,60-90.1
0,20022,1,39.8093237427782,30-40,30-45,30-60
0,20046,1,13.918128055721795,10-15,10-20,30-60
0,20059,1,43.65902534642862,40-50,30-45,30-60
0,20136,1,20.906008378093347,20-25,20-30,30-60
0,20163,1,19.385693307471584,15-20,10-20,30-60
0,20183,1,16.081654314295125,15-20,10-20,30-60
0,20201,1,14.998793163576558,10-15,10-20,0-30
0,20223,1,19.458558491443515,15-20,10-20,60-90.1
0,20246,1,20.30407957087995,20-25,20-30,60-90.1
0,20248,1,15.29216766703546,15-20,10-20,30-60
0,20257,1,22.202781873720465,20-25,20-30,30-60
0,20286,1,23.357325107230984,20-25,20-30,30-60
0,20296,1,25.771976112397567,25-30,20-30,60-90.1
0,20316,1,24.19673191016641,20-25,20-30,60-90.1
0,20369,1,17.89151374687728,15-20,10-20,60-90.1
0,20382,1,20.35998035817273,20-25,20-30,60-90.1
0,20398,1,22.836163522992027,20-25,20-30,60-90.1
0,20400,1,16.127617658841334,15-20,10-20,30-60
0,20424,1,33.567637467153126,30-40,30-45,30-60
0,20448,1,16.710040317301527,15-20,10-20,30-60
0,20453,1,24.626543827025724,20-25,20-30,60-90.1
0,20470,1,21.69131861024784,20-25,20-30,60-90.1
0,20472,1,19.693546017344055,15-20,10-20,60-90.1
0,20510,1,19.192210945900253,15-20,10-20,60-90.1
0,20519,1,29.64087432259173,25-30,20-30,0-30
0,20540,1,46.23591036374626,40-50,45-70,60-90.1
0,20544,1,19.52469708310113,15-20,10-20,60-90.1
0,20549,1,11.608966732291412,10-15,10-20,30-60
0,20557,1,15.277952990977768,15-20,10-20,60-90.1
0,20560,1,47.67341873069511,40-50,45-70,60-90.1
0,20577,1,48.83636915957475,40-50,45-70,60-90.1
0,20581,1,13.05881051182136,10-15,10-20,60-90.1
0,20597,1,50.97235025957967,50-60,45-70,60-90.1
0,20612,1,47.62775425556959,40-50,45-70,60-90.1
0,20625,1,46.02416333503211,40-50,45-70,60-90.1
0,20653,1,22.591610603653447,20-25,20-30,60-90.1
0,20762,1,26.279568479983013,25-30,20-30,60-90.1
0,20786,1,29.602955344589905,25-30,20-30,0-30
0,20792,1,35.282987527245666,30-40,30-45,30-60
0,20862,1,17.236551572106666,15-20,10-20,60-90.1
0,20892,1,19.753720947468192,15-20,10-20,60-90.1
0,20948,1,19.082805163594,15-20,10-20,60-90.1
0,20978,1,28.788287452275945,25-30,20-30,60-90.1
0,20994,1,31.397236639187106,30-40,30-45,30-60
0,21003,1,15.868525551622913,15-20,10-20,30-60
0,21027,1,16.821930780661113,15-20,10-20,30-60
0,21047,1,33.71629134220061,30-40,30-45,30-60
0,21067,1,26.213099123211137,25-30,20-30,60-90.1
0,21091,1,15.802718184015328,15-20,10-20,0-30
0,21104,1,41.110961021547304,40-50,30-45,60-90.1
0,21124,1,42.667095010637226,40-50,30-45,60-90.1
0,21126,1,27.970328068118327,25-30,20-30,30-60
0,21131,1,24.113563719612664,20-25,20-30,60-90.1
0,21148,1,21.318582147425133,20-25,20-30,60-90.1
0,21152,1,44.311605730984255,40-50,30-45,60-90.1
0,21162,1,17.350690100782792,15-20,10-20,30-60
0,21164,1,45.53272143198334,40-50,45-70,30-60
0,21183,1,15.086794446016249,15-20,10-20,60-90.1
0,21228,1,10.9589448494124,10-15,10-20,0-30
0,21243,1,50.61532412444985,50-60,45-70,60-90.1
0,21274,1,52.195552241248095,50-60,45-70,60-90.1
0,21284,1,44.28291881118396,40-50,30-45,60-90.1
0,21291,1,41.53990840624947,40-50,30-45,60-90.1
0,21362,1,39.5476533239625,30-40,30-45,60-90.1
0,21375,1,15.293809470568862,15-20,10-20,30-60
0,21396,1,17.60958824884889,15-20,10-20,0-30
0,21421,1,30.869767684898832,30-40,30-45,0-30
0,21422,1,22.330302187929853,20-25,20-30,30-60
0,21434,1,16.257279178391002,15-20,10-20,30-60
0,21476,1,16.915499319101908,15-20,10-20,60-90.1
0,21500,1,14.912848649043244,10-15,10-20,0-30
0,21512,1,14.747638721190286,10-15,10-20,0-30
0,21523,1,20.80511747202129,20-25,20-30,0-30
0,21536,1,23.850199160989632,20-25,20-30,60-90.1
0,21552,1,26.60725600418531,25-30,20-30,60-90.1
0,21570,1,22.427479086665567,20-25,20-30,60-90.1
0,21586,1,29.100066915749107,25-30,20-30,60-90.1
0,21632,1,31.578115868249053,30-40,30-45,60-90.1
0,21644,1,35.696177239623935,30-40,30-45,30-60
0,21682,1,16.765860690518473,15-20,10-20,30-60
0,21711,1,13.791893728715616,10-15,10-20,60-90.1
0,21715,1,33.91890734858867,30-40,30-45,30-60
0,21720,1,30.45500823500611,30-40,30-45,60-90.1
0,21728,1,18.466884757526135,15-20,10-20,0-30
0,21761,1,26.663246130961518,25-30,20-30,60-90.1
0,21777,1,23.090183751129,20-25,20-30,60-90.1
0,21804,1,28.696000096586847,25-30,20-30,30-60
0,21822,1,20.604472407431352,20-25,20-30,60-90.1
0,21856,1,29.167665287079675,25-30,20-30,30-60
0,21881,1,26.610660342135823,25-30,20-30,30-60
0,21890,1,50.83489161880728,50-60,45-70,60-90.1
0,21908,1,48.971234179703494,40-50,45-70,60-90.1
0,21985,1,35.35494392943842,30-40,30-45,0-30
0,22012,1,34.7855058573055,30-40,30-45,30-60
0,22060,1,31.786599874071154,30-40,30-45,0-30
0,22066,1,21.087965158456303,20-25,20-30,60-90.1
0,22073,1,18.538740058323228,15-20,10-20,60-90.1
0,22080,1,15.808350268520739,15-20,10-20,30-60
0,22090,1,16.159570136076507,15-20,10-20,60-90.1
0,22102,1,15.28780877232128,15-20,10-20,0-30
0,22112,1,19.546369700817554,15-20,10-20,60-90.1
0,22115,1,18.3134677362044,15-20,10-20,30-60
0,22125,1,19.452213502624218,15-20,10-20,30-60
0,22150,1,14.859916878479785,10-15,10-20,0-30
0,22157,1,21.820862464917933,20-25,20-30,60-90.1
0,22218,1,26.756809029946044,25-30,20-30,60-90.1
0,22228,1,32.35858908348985,30-40,30-45,60-90.1
0,22245,1,34.153720626545066,30-40,30-45,30-60
0,22282,1,38.11465379703553,30-40,30-45,30-60
0,22289,1,18.34758906529895,15-20,10-20,0-30
0,22290,1,14.80484485556607,10-15,10-20,60-90.1
0,22294,1,12.031943031957924,10-15,10-20,0-30
0,22313,1,35.67153147048294,30-40,30-45,0-30
0,22336,1,11.871063166351583,10-15,10-20,30-60
0,22357,1,17.0988310094414,15-20,10-20,30-60
0,22360,1,14.55157929887123,10-15,10-20,60-90.1
0,22381,1,18.00150164274204,15-20,10-20,30-60
0,22385,1,47.75432708888667,40-50,45-70,30-60
0,22400,1,48.95928512653837,40-50,45-70,60-90.1
0,22407,1,24.71876965093299,20-25,20-30,60-90.1
0,22421,1,13.90289615222086,10-15,10-20,60-90.1
0,22452,1,17.617358294457723,15-20,10-20,60-90.1
0,22459,1,26.7968181923043,25-30,20-30,30-60
0,22460,1,22.453794316013404,20-25,20-30,60-90.1
0,22489,1,12.17827216233556,10-15,10-20,60-90.1
0,22493,1,27.601348288046704,25-30,20-30,30-60
0,22534,1,47.768541257900424,40-50,45-70,60-90.1
0,22543,1,45.82041074326123,40-50,45-70,60-90.1
0,22556,1,21.667768791423192,20-25,20-30,60-90.1
0,22558,1,44.65420592793464,40-50,30-45,60-90.1
0,22565,1,17.942589577719545,15-20,10-20,60-90.1
0,22573,1,14.814209809168405,10-15,10-20,60-90.1
0,22595,1,43.544426368281634,40-50,30-45,60-90.1
0,22597,1,42.06535134779566,40-50,30-45,0-30
0,22624,1,26.437500673280464,25-30,20-30,60-90.1
0,22731,1,17.73267259725638,15-20,10-20,60-90.1
0,22753,1,22.192361325214712,20-25,20-30,60-90.1
0,22765,1,22.105797608121033,20-25,20-30,30-60
0,22768,1,21.643618079825696,20-25,20-30,60-90.1
0,22780,1,15.377462392084608,15-20,10-20,30-60
0,22782,1,25.17644908677513,25-30,20-30,30-60
0,22793,1,18.75128660312648,15-20,10-20,60-90.1
0,22795,1,27.60137662990056,25-30,20-30,30-60
0,22802,1,22.588408292319222,20-25,20-30,60-90.1
0,22815,1,30.786305753489795,30-40,30-45,60-90.1
0,22879,1,33.46560853815209,30-40,30-45,60-90.1
0,22897,1,22.40669132617112,20-25,20-30,60-90.1
0,22923,1,25.301664617205518,25-30,20-30,60-90.1
0,22942,1,40.58030734064031,40-50,30-45,60-90.1
0,22965,1,42.26179085489548,40-50,30-45,60-90.1
0,22975,1,18.10989372355936,15-20,10-20,30-60
0,22993,1,13.31383447028039,10-15,10-20,60-90.1
0,22995,1,44.62428503958997,40-50,30-45,30-60
0,23007,1,47.614455707403366,40-50,45-70,0-30
0,23025,1,16.113097603229495,15-20,10-20,30-60
0,23040,1,11.752552640191016,10-15,10-20,30-60
0,23042,1,50.98354086834584,50-60,45-70,60-90.1
0,23051,1,52.3226363358608,50-60,45-70,60-90.1
0,23091,1,15.552493217343732,15-20,10-20,60-90.1
0,23097,1,53.702792900330735,50-60,45-70,60-90.1
0,23110,1,54.255353585548,50-60,45-70,60-90.1
0,23116,1,55.345396530004805,50-60,45-70,60-90.1
0,23121,1,55.023958963475984,50-60,45-70,60-90.1
0,23128,1,54.121442168194875,50-60,45-70,30-60
0,23139,1,52.61461728448926,50-60,45-70,60-90.1
0,23200,1,12.343524485179628,10-15,10-20,0-30
0,23268,1,24.03524594679025,20-25,20-30,30-60
0,23276,1,34.14600407408773,30-40,30-45,60-90.1
0,23289,1,16.54005861550727,15-20,10-20,30-60
0,23345,1,15.408899813884121,15-20,10-20,0-30
0,23348,1,18.93587781455734,15-20,10-20,60-90.1
0,23382,1,15.3760773443004,15-20,10-20,0-30
0,23451,1,27.53901433022095,25-30,20-30,60-90.1
0,23467,1,33.77362522675982,30-40,30-45,60-90.1
0,23475,1,17.47904308572315,15-20,10-20,60-90.1
0,23502,1,19.906378592998415,15-20,10-20,60-90.1
0,23522,1,18.78420999854481,15-20,10-20,0-30
0,23525,1,14.877223100242354,10-15,10-20,60-90.1
0,23529,1,38.74065324888787,30-40,30-45,30-60
0,23556,1,16.41136041979278,15-20,10-20,60-90.1
0,23595,1,29.789934124146072,25-30,20-30,60-90.1
0,23606,1,17.16006160976676,15-20,10-20,60-90.1
0,23635,1,46.79000012557245,40-50,45-70,30-60
0,23636,1,18.409092620094803,15-20,10-20,30-60
0,23680,1,10.838224141291043,10-15,10-20,0-30
0,23684,1,24.29622139866564,20-25,20-30,60-90.1
0,23689,1,19.52602573832032,15-20,10-20,60-90.1
0,23729,1,25.86730015332879,25-30,20-30,30-60
0,23745,1,25.235695664610958,25-30,20-30,0-30
0,23758,1,51.91524545176988,50-60,45-70,60-90.1
0,23800,1,46.35850941806326,40-50,45-70,60-90.1
0,23803,1,40.72834139385783,40-50,30-45,0-30
0,23831,1,13.052075039401046,10-15,10-20,30-60
0,23859,1,27.678430384758983,25-30,20-30,60-90.1
0,23886,1,18.38808157313316,15-20,10-20,30-60
0,23934,1,16.24473419225505,15-20,10-20,60-90.1
0,23940,1,17.990714291441076,15-20,10-20,60-90.1
0,23951,1,19.80201330390239,15-20,10-20,60-90.1
0,23966,1,18.218186813834517,15-20,10-20,60-90.1
0,23971,1,21.672244284829056,20-25,20-30,60-90.1
0,23991,1,23.30423281744445,20-25,20-30,30-60
0,23993,1,21.830155625624982,20-25,20-30,60-90.1
0,24019,1,25.28095940906694,25-30,20-30,30-60
0,24035,1,29.47610475216791,25-30,20-30,30-60
0,24045,1,24.323103657844033,20-25,20-30,60-90.1
0,24051,1,31.965189343521544,30-40,30-45,60-90.1
0,24086,1,30.174949206300585,30-40,30-45,60-90.1
0,24089,1,17.10561095759216,15-20,10-20,30-60
0,24091,1,36.390551712936535,30-40,30-45,60-90.1
0,24097,1,35.35166689069664,30-40,30-45,60-90.1
0,24163,1,11.683541450085583,10-15,10-20,0-30
0,24164,1,40.908046901064665,40-50,30-45,30-60
0,24188,1,11.382681684714173,10-15,10-20,0-30
0,24192,1,35.83808167881629,30-40,30-45,0-30
0,24195,1,33.53070277342041,30-40,30-45,30-60
0,24227,1,17.673123158303824,15-20,10-20,60-90.1
0,24237,1,48.36759631306824,40-50,45-70,0-30
0,24245,1,19.7326219823488,15-20,10-20,60-90.1
0,24251,1,48.671729216940165,40-50,45-70,0-30
0,24257,1,22.40171951215326,20-25,20-30,60-90.1
0,24270,1,50.54244005426636,50-60,45-70,60-90.1
0,24274,1,19.80267235675967,15-20,10-20,60-90.1
0,24286,1,16.838739359682975,15-20,10-20,60-90.1
0,24382,1,50.61101438031467,50-60,45-70,60-90.1
0,24452,1,34.84366260351585,30-40,30-45,0-30
0,24461,1,15.96612022832096,15-20,10-20,60-90.1
0,24481,1,30.915680833558913,30-40,30-45,30-60
0,24500,1,36.47922443440415,30-40,30-45,60-90.1
0,24513,1,32.574136697471836,30-40,30-45,30-60
0,24528,1,23.573154351336516,20-25,20-30,60-90.1
0,24536,1,21.34765006293267,20-25,20-30,60-90.1
0,24538,1,16.78956660728203,15-20,10-20,30-60
0,24545,1,18.435281689003457,15-20,10-20,30-60
0,24561,1,15.89190929705499,15-20,10-20,60-90.1
0,24600,1,20.238416727189893,20-25,20-30,60-90.1
0,24604,1,16.929300301862654,15-20,10-20,60-90.1
0,24609,1,22.225160169717338,20-25,20-30,60-90.1
0,24635,1,20.72658765295897,20-25,20-30,60-90.1
0,24639,1,15.049760403956238,15-20,10-20,0-30
0,24640,1,24.489450859438143,20-25,20-30,60-90.1
0,24661,1,25.44237721761194,25-30,20-30,30-60
0,24669,1,27.163258109138635,25-30,20-30,30-60
0,24675,1,25.173366267500167,25-30,20-30,60-90.1
0,24687,1,20.52512588928636,20-25,20-30,60-90.1
0,24695,1,14.471120877393409,10-15,10-20,30-60
0,24741,1,16.33460096806708,15-20,10-20,30-60
0,24780,1,18.16416229847649,15-20,10-20,0-30
0,24784,1,13.446618797952683,10-15,10-20,30-60
0,24815,1,35.41520084644893,30-40,30-45,30-60
0,24818,1,24.12180330742868,20-25,20-30,60-90.1
0,24842,1,42.61430896412724,40-50,30-45,60-90.1
0,24871,1,15.085616588768495,15-20,10-20,60-90.1
0,24877,1,21.64392952621668,20-25,20-30,60-90.1
0,24894,1,18.714044380355467,15-20,10-20,60-90.1
0,24904,1,24.430657861658233,20-25,20-30,60-90.1
0,24917,1,47.805318025639416,40-50,45-70,30-60
0,24932,1,23.910745239185214,20-25,20-30,60-90.1
0,24939,1,21.58603868768031,20-25,20-30,60-90.1
0,24952,1,52.220477895012245,50-60,45-70,60-90.1
0,24967,1,19.43823604119029,15-20,10-20,60-90.1
0,24972,1,13.804426242118426,10-15,10-20,60-90.1
0,24974,1,53.9102397323315,50-60,45-70,60-90.1
0,24990,1,56.77280701603911,50-60,45-70,30-60
0,25000,1,22.131325152034595,20-25,20-30,60-90.1
0,25008,1,14.312003122567251,10-15,10-20,60-90.1
0,25011,1,11.081386837564711,10-15,10-20,30-60
0,25015,1,57.114138584971826,50-60,45-70,60-90.1
0,25039,1,56.046177465448544,50-60,45-70,60-90.1
0,25044,1,54.70432504421211,50-60,45-70,60-90.1
0,25070,1,21.99636838720718,20-25,20-30,60-90.1
0,25082,0,39.40147208894153,30-40,30-45,0-30
0,25160,1,19.099438532587772,15-20,10-20,30-60
0,25182,1,26.640772930769256,25-30,20-30,60-90.1
0,25244,1,16.554540013004846,15-20,10-20,60-90.1
0,25265,1,19.707453669520742,15-20,10-20,60-90.1
0,25269,1,18.546412015817673,15-20,10-20,60-90.1
0,25298,1,21.625300936054458,20-25,20-30,60-90.1
0,25316,1,16.69612301940741,15-20,10-20,30-60
0,25327,1,19.709364721546685,15-20,10-20,60-90.1
0,25377,1,24.608589147896655,20-25,20-30,60-90.1
0,25391,1,24.968804130876734,20-25,20-30,60-90.1
0,25442,1,27.58851113355029,25-30,20-30,60-90.1
0,25474,1,21.42035128643161,20-25,20-30,60-90.1
0,25482,1,38.37413745474777,30-40,30-45,30-60
0,25536,1,13.727555621232623,10-15,10-20,60-90.1
0,25576,1,28.29205617207594,25-30,20-30,60-90.1
0,25579,1,16.58131332660432,15-20,10-20,60-90.1
0,25582,1,13.783285538598996,10-15,10-20,60-90.1
0,25595,1,19.88363381026446,15-20,10-20,60-90.1
0,25603,1,44.823877828883845,40-50,30-45,60-90.1
0,25608,1,17.395208694092616,15-20,10-20,60-90.1
0,25630,1,46.41127122580728,40-50,45-70,30-60
0,25656,1,26.25859701109624,25-30,20-30,60-90.1
0,25670,1,26.081267080242434,25-30,20-30,60-90.1
0,25673,1,22.90930966683572,20-25,20-30,60-90.1
0,25709,1,12.22990636081857,10-15,10-20,60-90.1
0,25712,1,55.86155473687417,50-60,45-70,60-90.1
0,25728,1,18.694267504339106,15-20,10-20,60-90.1
0,25758,1,57.64025690863161,50-60,45-70,60-90.1
0,25772,1,54.474778650404204,50-60,45-70,30-60
0,25778,1,53.5346977472136,50-60,45-70,60-90.1
0,25780,1,24.97833850498339,20-25,20-30,30-60
0,25800,1,49.85466252971354,40-50,45-70,60-90.1
0,25831,1,18.329467430413338,15-20,10-20,60-90.1
0,25849,1,47.4953546947939,40-50,45-70,60-90.1
0,25903,1,35.92807758551572,30-40,30-45,30-60
0,25933,1,34.36664822073282,30-40,30-45,30-60
0,25946,1,19.273906967028285,15-20,10-20,60-90.1
0,25979,1,16.841355205935262,15-20,10-20,30-60
0,26009,1,19.323707331345215,15-20,10-20,60-90.1
0,26027,1,21.310388074237427,20-25,20-30,60-90.1
0,26051,1,24.664917087883815,20-25,20-30,60-90.1
0,26058,1,16.895405330425195,15-20,10-20,60-90.1
0,26067,1,19.847472260974037,15-20,10-20,60-90.1
0,26088,1,17.640598483681142,15-20,10-20,60-90.1
0,26136,1,27.358990743349192,25-30,20-30,60-90.1
0,26169,1,18.57672641992893,15-20,10-20,60-90.1
0,26172,1,34.14454646110527,30-40,30-45,60-90.1
0,26178,1,15.382490846854639,15-20,10-20,30-60
0,26195,1,36.90004458083223,30-40,30-45,60-90.1
0,26205,1,14.665732240061745,10-15,10-20,60-90.1
0,26213,1,33.062236717392445,30-40,30-45,60-90.1
0,26219,1,16.924424400929446,15-20,10-20,30-60
0,26241,1,13.549176534972522,10-15,10-20,30-60
0,26267,1,42.4011792361948,40-50,30-45,60-90.1
0,26272,1,35.4273478299647,30-40,30-45,30-60
0,26291,1,44.21778025328819,40-50,30-45,30-60
0,26296,1,34.91614530338869,30-40,30-45,30-60
0,26315,1,32.03204132617353,30-40,30-45,30-60
0,26339,1,49.35275016036964,40-50,45-70,0-30
0,26347,1,26.062504851340833,25-30,20-30,60-90.1
0,26349,1,50.840350433860905,50-60,45-70,30-60
0,26366,1,28.534662008133672,25-30,20-30,60-90.1
0,26367,1,52.57530228324566,50-60,45-70,60-90.1
0,26383,1,28.492957661559462,25-30,20-30,60-90.1
0,26410,1,16.917554064361266,15-20,10-20,60-90.1
0,26414,1,30.85666170516884,30-40,30-45,60-90.1
0,26418,1,27.26008117691234,25-30,20-30,60-90.1
0,26421,1,24.3723087456968,20-25,20-30,60-90.1
0,26434,1,56.866621385383624,50-60,45-70,30-60
0,26449,1,58.32962794176318,50-60,45-70,30-60
0,26458,1,59.39307819407369,50-60,45-70,60-90.1
0,26491,1,60.545590946237084,60-90,45-70,60-90.1
0,26495,1,24.988112430870128,20-25,20-30,30-60
0,26541,0,46.04533763392679,40-50,45-70,60-90.1
0,26572,0,36.24249508075022,30-40,30-45,30-60
0,26583,1,14.08191928235026,10-15,10-20,60-90.1
0,26613,1,10.524313877321388,10-15,10-20,0-30
0,26636,1,11.095806755447226,10-15,10-20,30-60
0,26661,1,29.913051067746913,25-30,20-30,30-60
0,26687,1,25.869481549565183,25-30,20-30,60-90.1
0,26702,1,23.31775360440515,20-25,20-30,60-90.1
0,26757,1,19.794305099277903,15-20,10-20,60-90.1
0,26767,1,22.67827256583859,20-25,20-30,60-90.1
0,26785,1,24.377209939403706,20-25,20-30,60-90.1
0,26787,1,23.269798746096452,20-25,20-30,60-90.1
0,26796,1,25.777292583724947,25-30,20-30,60-90.1
0,26811,1,26.122709255013294,25-30,20-30,60-90.1
0,26821,1,26.00337136371721,25-30,20-30,30-60
0,26833,1,27.381434081053378,25-30,20-30,0-30
0,26834,1,21.93533179999463,20-25,20-30,60-90.1
0,26840,1,28.93800636473696,25-30,20-30,60-90.1
0,26852,1,28.42786249587181,25-30,20-30,30-60
0,26870,1,30.96263296035616,30-40,30-45,30-60
0,26871,1,29.15994748272664,25-30,20-30,0-30
0,26884,1,13.359468639055299,10-15,10-20,0-30
0,26898,1,24.481428981935323,20-25,20-30,60-90.1
0,26908,1,28.984560778540253,25-30,20-30,60-90.1
0,26953,1,12.7634595350806,10-15,10-20,30-60
0,26973,1,40.55377700825009,40-50,30-45,30-60
0,26990,1,40.030594814992114,40-50,30-45,60-90.1
0,27013,1,16.83682825710521,15-20,10-20,60-90.1
0,27059,1,46.380625006810604,40-50,45-70,60-90.1
0,27067,1,23.343339231120666,20-25,20-30,60-90.1
0,27069,1,48.40805217215613,40-50,45-70,30-60
0,27079,1,49.345203612074,40-50,45-70,0-30
0,27104,1,54.16170383717176,50-60,45-70,60-90.1
0,27107,1,31.556371695595885,30-40,30-45,60-90.1
0,27109,1,33.95485582500955,30-40,30-45,60-90.1
0,27120,1,55.90459315487875,50-60,45-70,30-60
0,27125,1,21.057727303560704,20-25,20-30,60-90.1
0,27148,1,14.448984561079431,10-15,10-20,60-90.1
0,27190,1,10.58213825569039,10-15,10-20,0-30
0,27245,1,59.69687881343069,50-60,45-70,30-60
0,27250,1,57.618257937204824,50-60,45-70,30-60
0,27252,1,56.158871572028296,50-60,45-70,0-30
0,27254,1,54.54359683457221,50-60,45-70,30-60
0,27261,1,53.15955060122079,50-60,45-70,30-60
0,27278,0,47.45451702011034,40-50,45-70,30-60
0,27284,0,51.11995937746883,50-60,45-70,60-90.1
0,27292,1,52.58417484400751,50-60,45-70,60-90.1
0,27313,0,44.10928413516835,40-50,30-45,60-90.1
0,27322,0,49.2510883063638,40-50,45-70,60-90.1
0,27367,0,39.2662725414899,30-40,30-45,30-60
0,27400,0,42.82125285688916,40-50,30-45,30-60
0,27417,1,35.25588366878904,30-40,30-45,60-90.1
0,27427,1,15.636013436573812,15-20,10-20,60-90.1
0,27457,1,20.47653582749902,20-25,20-30,0-30
0,27459,1,36.53299287920069,30-40,30-45,60-90.1
0,27493,1,21.010544510429764,20-25,20-30,60-90.1
0,27500,1,18.275476464474032,15-20,10-20,30-60
0,27531,1,20.181082795267155,20-25,20-30,60-90.1
0,27537,1,22.1856770373368,20-25,20-30,60-90.1
0,27542,1,24.51080717449575,20-25,20-30,60-90.1
0,27575,1,18.704001400994922,15-20,10-20,60-90.1
0,27582,1,27.473958890826875,25-30,20-30,60-90.1
0,27609,1,23.536917549503922,20-25,20-30,60-90.1
0,27612,1,21.557003705394074,20-25,20-30,60-90.1
0,27652,1,26.843616329102815,25-30,20-30,60-90.1
0,27658,1,16.153386132514346,15-20,10-20,60-90.1
0,27694,1,29.385727132485403,25-30,20-30,60-90.1
0,27699,1,14.493842861701694,10-15,10-20,30-60
0,27707,1,20.056514837468224,20-25,20-30,60-90.1
0,27736,1,23.391740664773046,20-25,20-30,60-90.1
0,27774,1,26.73042911003217,25-30,20-30,60-90.1
0,27782,1,42.40329524041353,40-50,30-45,30-60
0,27793,1,29.92375682194157,25-30,20-30,60-90.1
0,27814,1,19.109552450992464,15-20,10-20,30-60
0,27843,1,27.772525082863325,25-30,20-30,60-90.1
0,27852,1,30.71729141456265,30-40,30-45,60-90.1
0,27862,1,33.704073892069395,30-40,30-45,60-90.1
0,27904,1,33.324075242222804,30-40,30-45,60-90.1
0,27913,1,18.67916567464551,15-20,10-20,60-90.1
0,27921,0,59.75300293526175,50-60,45-70,60-90.1
0,27931,1,28.994505051308266,25-30,20-30,60-90.1
0,27935,1,25.33023984158567,25-30,20-30,60-90.1
0,27939,1,22.020792918447217,20-25,20-30,60-90.1
0,27972,1,21.24703443160163,20-25,20-30,60-90.1
0,28022,0,50.34795092799259,50-60,45-70,0-30
0,28032,0,52.40316043764267,50-60,45-70,0-30
0,28093,0,44.03764028488024,40-50,30-45,60-90.1
0,28099,1,23.010972364209838,20-25,20-30,60-90.1
0,28124,1,51.03189018366769,50-60,45-70,60-90.1
0,28138,1,46.12046770821687,40-50,45-70,30-60
0,28146,1,48.29184361240563,40-50,45-70,30-60
0,28157,1,19.264885845635675,15-20,10-20,30-60
0,28173,1,35.41910618860057,30-40,30-45,30-60
0,28186,1,32.09490787163192,30-40,30-45,30-60
0,28217,1,34.53935800494307,30-40,30-45,30-60
0,28239,1,16.39831669426939,15-20,10-20,60-90.1
0,28282,1,18.01304463554851,15-20,10-20,60-90.1
0,28307,1,21.103181835357912,20-25,20-30,60-90.1
0,28323,1,27.27210317101917,25-30,20-30,60-90.1
0,28337,1,29.184250963485983,25-30,20-30,30-60
0,28342,1,28.55938864865257,25-30,20-30,30-60
0,28368,1,13.08633030920575,10-15,10-20,0-30
0,28428,1,32.5327397293451,30-40,30-45,60-90.1
0,28440,1,21.427027084689993,20-25,20-30,60-90.1
0,28459,1,34.51795344640573,30-40,30-45,30-60
0,28468,1,15.096439667966472,15-20,10-20,60-90.1
0,28492,1,43.346720259099534,40-50,30-45,30-60
0,28499,1,34.45771699085604,30-40,30-45,0-30
0,28502,1,32.36849304330104,30-40,30-45,30-60
0,28535,1,21.42158936956549,20-25,20-30,60-90.1
0,28543,1,50.010669020966844,50-60,45-70,30-60
0,28550,1,24.630063586513568,20-25,20-30,60-90.1
0,28552,1,50.933549811550805,50-60,45-70,30-60
0,28570,1,53.74619364894697,50-60,45-70,60-90.1
0,28579,1,55.71218106112817,50-60,45-70,60-90.1
0,28581,1,36.33704614274961,30-40,30-45,30-60
0,28588,1,57.600654740465764,50-60,45-70,30-60
0,28602,1,58.59336890024093,50-60,45-70,30-60
0,28605,1,35.824116101799575,30-40,30-45,60-90.1
0,28621,1,12.300107309037092,10-15,10-20,60-90.1
0,28645,1,34.59914033048146,30-40,30-45,60-90.1
0,28663,1,30.908876238681373,30-40,30-45,60-90.1
0,28673,0,61.80819641530875,60-90,45-70,60-90.1
0,28685,1,17.971985221231687,15-20,10-20,60-90.1
0,28689,1,13.767846328185751,10-15,10-20,60-90.1
0,28693,0,62.774800683525854,60-90,45-70,60-90.1
0,28720,1,63.62131518547119,60-90,45-70,30-60
0,28736,1,58.192875730952984,50-60,45-70,0-30
0,28738,1,56.29087165846543,50-60,45-70,0-30
0,28740,1,54.794345815379,50-60,45-70,30-60
0,28767,1,26.314976174004368,25-30,20-30,0-30
0,28779,1,51.95762048705508,50-60,45-70,60-90.1
0,28819,0,47.7784523862674,40-50,45-70,60-90.1
0,28831,1,18.30423905315922,15-20,10-20,60-90.1
0,28851,1,35.91048768763606,30-40,30-45,60-90.1
0,28860,1,44.70169645432086,40-50,30-45,30-60
0,28895,1,28.691309317630683,25-30,20-30,60-90.1
0,28913,1,36.93024270277396,30-40,30-45,60-90.1
0,28917,1,25.54057652214881,25-30,20-30,60-90.1
0,28921,1,17.845975933775968,15-20,10-20,60-90.1
0,28997,1,17.286413952977455,15-20,10-20,60-90.1
0,29014,1,19.98228936334898,15-20,10-20,60-90.1
0,29033,1,20.43360715433947,20-25,20-30,60-90.1
0,29036,1,19.651944450987298,15-20,10-20,60-90.1
0,29044,1,23.615801052408816,20-25,20-30,60-90.1
0,29084,1,30.822477173524423,30-40,30-45,30-60
0,29088,1,30.720243501925854,30-40,30-45,30-60
0,29102,1,29.77873706437561,25-30,20-30,30-60
0,29110,1,33.25393405196199,30-40,30-45,30-60
0,29115,1,15.604707251738914,15-20,10-20,60-90.1
0,29129,1,31.389311993680586,30-40,30-45,0-30
0,29136,1,35.88393041118163,30-40,30-45,30-60
0,29140,1,18.229757903829135,15-20,10-20,60-90.1
0,29141,1,13.185803841477133,10-15,10-20,0-30
0,29158,1,38.44913210777975,30-40,30-45,30-60
0,29163,1,12.1266210314482,10-15,10-20,0-30
0,29180,1,41.231312071983886,40-50,30-45,60-90.1
0,29196,1,43.98982327812145,40-50,30-45,30-60
0,29214,1,26.013536557898032,25-30,20-30,60-90.1
0,29241,1,45.42929421186274,40-50,45-70,60-90.1
0,29260,1,19.088227539050077,15-20,10-20,60-90.1
0,29262,1,48.432099829544015,40-50,45-70,60-90.1
0,29277,1,22.28529011262518,20-25,20-30,60-90.1
0,29293,1,52.77501574139257,50-60,45-70,60-90.1
0,29345,1,15.578575494345653,15-20,10-20,60-90.1
0,29361,1,19.926293937124093,15-20,10-20,60-90.1
0,29375,1,27.290716430748493,25-30,20-30,60-90.1
0,29380,1,23.266658759227287,20-25,20-30,60-90.1
0,29443,1,25.291310696660823,25-30,20-30,30-60
0,29448,1,61.14879842808982,60-90,45-70,30-60
0,29489,0,40.176127195046334,40-50,30-45,60-90.1
0,29511,1,13.7839921875622,10-15,10-20,60-90.1
0,29539,0,46.61095242743428,40-50,45-70,60-90.1
0,29577,1,34.86210884326509,30-40,30-45,60-90.1
0,29601,1,19.299500505576255,15-20,10-20,30-60
0,29617,1,32.18921651187682,30-40,30-45,30-60
0,29641,1,23.895512604663182,20-25,20-30,60-90.1
0,29652,1,21.08242902336253,20-25,20-30,30-60
0,29681,1,16.753722446162367,15-20,10-20,60-90.1
0,29710,1,20.655275802297215,20-25,20-30,60-90.1
0,29725,1,21.011624290464464,20-25,20-30,60-90.1
0,29740,1,20.8836195275452,20-25,20-30,60-90.1
0,29746,1,22.994737796055038,20-25,20-30,60-90.1
0,29751,1,21.33507336764254,20-25,20-30,60-90.1
0,29757,1,24.47663640097518,20-25,20-30,60-90.1
0,29766,1,20.00814707674055,20-25,20-30,60-90.1
0,29779,1,24.93485920076473,20-25,20-30,60-90.1
0,29782,1,23.932526643518283,20-25,20-30,60-90.1
0,29793,1,24.219023860620354,20-25,20-30,60-90.1
0,29883,1,32.27655056546626,30-40,30-45,30-60
0,29942,1,43.49540546568879,40-50,30-45,60-90.1
0,29957,1,17.061737048943357,15-20,10-20,60-90.1
0,29959,1,15.3308906152807,15-20,10-20,60-90.1
0,29996,1,16.976589625072524,15-20,10-20,60-90.1
0,29999,1,13.987990579224238,10-15,10-20,60-90.1
0,30026,1,19.123709631872302,15-20,10-20,60-90.1
0,30039,1,25.752537316318143,25-30,20-30,60-90.1
0,30047,1,12.678927722050119,10-15,10-20,60-90.1
0,30051,1,29.27072282481455,25-30,20-30,60-90.1
0,30054,1,32.69360865739934,30-40,30-45,60-90.1
0,30088,1,38.734158485770905,30-40,30-45,30-60
0,30107,1,37.57683328783471,30-40,30-45,30-60
0,30123,1,10.579963088770283,10-15,10-20,30-60
0,30153,1,32.92306976657025,30-40,30-45,60-90.1
0,30157,1,29.008983655706764,25-30,20-30,60-90.1
0,30209,1,20.711885998089,20-25,20-30,60-90.1
0,30223,1,58.02847348232098,50-60,45-70,0-30
0,30225,1,56.224297823221185,50-60,45-70,30-60
0,30229,0,46.073107613577484,40-50,45-70,30-60
0,30239,1,54.84615245047901,50-60,45-70,30-60
0,30241,0,52.7392843640701,50-60,45-70,30-60
0,30249,0,43.678234085573536,40-50,30-45,60-90.1
0,30277,0,52.698558251185226,50-60,45-70,60-90.1
0,30309,0,49.97302625285036,40-50,45-70,60-90.1
0,30322,0,38.285989580840145,30-40,30-45,60-90.1
0,30356,1,10.70201762556669,10-15,10-20,0-30
0,30371,1,50.942544594851505,50-60,45-70,60-90.1
0,30400,1,15.42305600966458,15-20,10-20,60-90.1
0,30406,1,18.590249510835715,15-20,10-20,0-30
0,30412,1,35.887374612783525,30-40,30-45,60-90.1
0,30450,1,34.33378329438228,30-40,30-45,0-30
0,30463,1,14.506166925990236,10-15,10-20,0-30
0,30477,1,17.677241304401406,15-20,10-20,0-30
0,30501,1,17.379940723305698,15-20,10-20,60-90.1
0,30509,1,17.22957882708614,15-20,10-20,60-90.1
0,30511,1,16.087483824377276,15-20,10-20,30-60
0,30516,1,19.430463411495506,15-20,10-20,0-30
0,30518,1,19.5284111379757,15-20,10-20,30-60
0,30520,1,19.030737145352166,15-20,10-20,60-90.1
0,30534,1,18.492988337910646,15-20,10-20,60-90.1
0,30545,1,19.45489617440007,15-20,10-20,30-60
0,30576,1,22.962086623126883,20-25,20-30,60-90.1
0,30589,1,23.393622352338628,20-25,20-30,60-90.1
0,30604,1,27.089929592691867,25-30,20-30,60-90.1
0,30613,1,24.70213703517133,20-25,20-30,60-90.1
0,30614,1,29.21270712125687,25-30,20-30,60-90.1
0,30623,1,31.339562305704124,30-40,30-45,30-60
0,30645,1,29.630670283843923,25-30,20-30,30-60
0,30651,1,33.138467750086484,30-40,30-45,30-60
0,30667,1,13.448729077268581,10-15,10-20,0-30
0,30683,1,17.574375795268665,15-20,10-20,60-90.1
0,30697,1,12.406706379319585,10-15,10-20,0-30
0,30730,1,12.825273133242098,10-15,10-20,30-60
0,30747,1,29.547081501381875,25-30,20-30,30-60
0,30756,1,45.54925597297963,40-50,45-70,30-60
0,30758,1,45.19364625403987,40-50,45-70,30-60
0,30764,1,32.69342920047713,30-40,30-45,30-60
0,30779,1,12.33098483299548,10-15,10-20,0-30
0,30797,1,15.741287205442992,15-20,10-20,60-90.1
0,30807,1,23.463966955680394,20-25,20-30,60-90.1
0,30832,1,52.91714781274246,50-60,45-70,60-90.1
0,30855,1,35.594100590189775,30-40,30-45,60-90.1
0,30856,1,56.660134735729045,50-60,45-70,30-60
0,30861,1,38.485384358539235,30-40,30-45,60-90.1
0,30862,1,57.84695047677777,50-60,45-70,30-60
0,30875,0,59.07198997694124,50-60,45-70,30-60
0,30880,0,61.5094835637033,60-90,45-70,60-90.1
0,30887,0,62.96278176107803,60-90,45-70,60-90.1
0,30895,1,14.066989315081852,10-15,10-20,60-90.1
0,30913,1,35.7078612921262,30-40,30-45,30-60
0,30916,1,24.78579748678152,20-25,20-30,60-90.1
0,30957,1,59.63394614330367,50-60,45-70,0-30
0,30967,1,16.506348733373947,15-20,10-20,60-90.1
0,30971,1,12.507898802159271,10-15,10-20,60-90.1
0,30999,0,50.36842608464539,50-60,45-70,60-90.1
0,31040,1,54.93535608563195,50-60,45-70,60-90.1
0,31056,0,51.09149778898369,50-60,45-70,30-60
0,31059,0,48.08339477976782,40-50,45-70,60-90.1
0,31065,0,42.4967974339346,40-50,30-45,30-60
0,31118,1,24.89027253579753,20-25,20-30,60-90.1
0,31136,0,48.95607055271311,40-50,45-70,30-60
0,31154,0,46.13482309754814,40-50,45-70,60-90.1
0,31157,0,37.293493140638006,30-40,30-45,60-90.1
0,31188,1,11.987824077798377,10-15,10-20,60-90.1
0,31189,1,49.624533024794054,40-50,45-70,60-90.1
0,31219,1,28.8135064539221,25-30,20-30,30-60
0,31237,1,14.73862990731716,10-15,10-20,30-60
0,31279,1,15.850278629075218,15-20,10-20,60-90.1
0,31321,1,19.88201806217153,15-20,10-20,60-90.1
0,31327,1,15.956466220034951,15-20,10-20,30-60
0,31330,1,15.458994899413208,15-20,10-20,30-60
0,31340,1,19.787017555437384,15-20,10-20,0-30
0,31354,1,21.45341978973878,20-25,20-30,60-90.1
0,31359,1,16.009922353982425,15-20,10-20,60-90.1
0,31378,1,15.816315617958352,15-20,10-20,60-90.1
0,31391,1,19.28032925329437,15-20,10-20,60-90.1
0,31407,1,24.37913651595938,20-25,20-30,60-90.1
0,31413,1,19.280294895454237,15-20,10-20,60-90.1
0,31419,1,16.129857236391597,15-20,10-20,60-90.1
0,31453,1,20.00765570666746,20-25,20-30,60-90.1
0,31459,1,16.423202577327192,15-20,10-20,60-90.1
0,31463,1,23.835384828494618,20-25,20-30,60-90.1
0,31491,1,31.248768418151577,30-40,30-45,60-90.1
0,31510,1,33.48108136469869,30-40,30-45,30-60
0,31519,1,28.55224927814347,25-30,20-30,60-90.1
0,31521,1,27.820245097590323,25-30,20-30,60-90.1
0,31547,1,15.205613571443026,15-20,10-20,60-90.1
0,31552,1,35.2036793712703,30-40,30-45,30-60
0,31581,1,37.28437638350577,30-40,30-45,30-60
0,31590,1,33.64562532899805,30-40,30-45,60-90.1
0,31591,1,20.5037668499719,20-25,20-30,60-90.1
0,31619,1,41.70262486974688,40-50,30-45,60-90.1
0,31623,1,25.378810800346756,25-30,20-30,60-90.1
0,31632,1,34.90140252416132,30-40,30-45,0-30
0,31642,1,46.692684135195634,40-50,45-70,60-90.1
0,31644,1,45.63781254132322,40-50,45-70,30-60
0,31673,1,49.05640821220484,40-50,45-70,60-90.1
0,31676,1,11.541157489355806,10-15,10-20,0-30
0,31681,1,51.1909229015318,50-60,45-70,60-90.1
0,31685,1,26.16927905617544,25-30,20-30,60-90.1
0,31692,1,19.416801805872506,15-20,10-20,60-90.1
0,31710,1,16.43236898421045,15-20,10-20,60-90.1
0,31715,1,32.90158020930417,30-40,30-45,60-90.1
0,31718,1,30.119265326265438,30-40,30-45,60-90.1
0,31741,1,12.755929775229983,10-15,10-20,60-90.1
0,31742,1,55.08728793661104,50-60,45-70,60-90.1
0,31770,1,39.76620553421679,30-40,30-45,30-60
0,31790,1,20.586352531040934,20-25,20-30,60-90.1
0,31794,1,17.278135771367015,15-20,10-20,60-90.1
0,31812,0,65.00081136072025,60-90,45-70,60-90.1
0,31824,1,31.122916273554807,30-40,30-45,60-90.1
0,31848,1,64.69330188243052,60-90,45-70,0-30
0,31851,1,62.195922896935414,60-90,45-70,0-30
0,31889,1,57.25080327333725,50-60,45-70,60-90.1
0,31893,1,26.05669780421125,25-30,20-30,30-60
0,31927,1,27.93792234292348,25-30,20-30,0-30
0,31937,0,45.65772769660056,40-50,45-70,60-90.1
0,31974,1,19.546717563796175,15-20,10-20,60-90.1
0,32009,0,36.397317578392375,30-40,30-45,60-90.1
0,32048,1,36.82964184295047,30-40,30-45,30-60
0,32068,1,26.36581028962004,25-30,20-30,60-90.1
0,32084,1,24.891584884503327,20-25,20-30,60-90.1
0,32102,1,22.133988368472117,20-25,20-30,30-60
0,32115,1,18.61495920494362,15-20,10-20,30-60
0,32119,1,17.387350562029894,15-20,10-20,60-90.1
0,32144,1,20.1398057763383,20-25,20-30,30-60
0,32147,1,19.31584534066177,15-20,10-20,60-90.1
0,32175,1,20.99158719628821,20-25,20-30,60-90.1
0,32177,1,20.680233103017766,20-25,20-30,60-90.1
0,32184,1,24.043838118926637,20-25,20-30,60-90.1
0,32187,1,22.17341040991389,20-25,20-30,60-90.1
0,32203,1,22.727320726791877,20-25,20-30,60-90.1
0,32221,1,23.002127752747768,20-25,20-30,60-90.1
0,32230,1,25.184092057499146,25-30,20-30,60-90.1
0,32232,1,24.690017480348224,20-25,20-30,60-90.1
0,32250,1,25.01207771044878,25-30,20-30,60-90.1
0,32273,1,20.101502146813853,20-25,20-30,60-90.1
0,32289,1,23.716739409174078,20-25,20-30,60-90.1
0,32298,1,17.338352366879622,15-20,10-20,60-90.1
0,32306,1,23.780444464405285,20-25,20-30,60-90.1
0,32309,1,20.600293100982253,20-25,20-30,60-90.1
0,32322,1,23.699148685992668,20-25,20-30,60-90.1
0,32357,1,33.67556087895212,30-40,30-45,30-60
0,32394,1,13.351316159540387,10-15,10-20,30-60
0,32423,1,39.30173565674271,30-40,30-45,30-60
0,32432,1,34.919924454287866,30-40,30-45,30-60
0,32437,1,12.834796244776955,10-15,10-20,0-30
0,32476,1,43.90258250933137,40-50,30-45,30-60
0,32484,1,28.92399404908265,25-30,20-30,30-60
0,32503,1,46.02202676992001,40-50,45-70,30-60
0,32522,1,23.498129260100033,20-25,20-30,60-90.1
0,32539,1,20.084277145729985,20-25,20-30,60-90.1
0,32551,1,36.36905158667264,30-40,30-45,60-90.1
0,32583,1,40.93916344512789,40-50,30-45,30-60
0,32652,1,62.79654777906274,60-90,45-70,30-60
0,32673,1,60.00196472777265,60-90,45-70,60-90.1
0,32676,1,33.8070451936254,30-40,30-45,30-60
0,32679,1,26.142942740308538,25-30,20-30,60-90.1
0,32706,1,59.45974686547293,50-60,45-70,30-60
0,32715,1,57.974448487358146,50-60,45-70,60-90.1
0,32734,1,11.713303414975082,10-15,10-20,30-60
0,32770,1,54.66119308429243,50-60,45-70,30-60
0,32807,0,38.75145456722077,30-40,30-45,60-90.1
0,32828,1,15.123397858862827,15-20,10-20,60-90.1
0,32883,0,36.5162394614338,30-40,30-45,60-90.1
0,32894,1,32.12687105656885,30-40,30-45,0-30
0,32900,1,17.874646412660724,15-20,10-20,30-60
0,32919,1,34.399362233788636,30-40,30-45,30-60
0,32940,1,18.573005104583956,15-20,10-20,30-60
0,32955,1,19.883752529216355,15-20,10-20,0-30
0,32990,1,19.781658421737166,15-20,10-20,60-90.1
0,33011,1,22.113134459464217,20-25,20-30,60-90.1
0,33012,1,21.49083994542958,20-25,20-30,60-90.1
0,33015,1,19.782589458980834,15-20,10-20,60-90.1
0,33026,1,23.523881109342,20-25,20-30,60-90.1
0,33040,1,21.318299089149267,20-25,20-30,60-90.1
0,33042,1,20.71695963479079,20-25,20-30,60-90.1
0,33055,1,26.318345578017844,25-30,20-30,60-90.1
0,33067,1,27.726768264030458,25-30,20-30,60-90.1
0,33068,1,26.376541081375986,25-30,20-30,0-30
0,33072,1,24.50017108153817,20-25,20-30,60-90.1
0,33080,1,27.348044964579525,25-30,20-30,30-60
0,33083,1,27.23032536095646,25-30,20-30,60-90.1
0,33088,1,24.187408828142985,20-25,20-30,60-90.1
0,33096,1,27.731301982823855,25-30,20-30,60-90.1
0,33113,1,27.70477995606877,25-30,20-30,60-90.1
0,33129,1,27.32254176774817,25-30,20-30,60-90.1
0,33155,1,22.27409780898447,20-25,20-30,60-90.1
0,33165,1,25.59049989809359,25-30,20-30,60-90.1
0,33188,1,28.957421216304127,25-30,20-30,60-90.1
0,33209,1,15.73367990016283,15-20,10-20,60-90.1
0,33229,1,18.30644249634493,15-20,10-20,60-90.1
0,33248,1,20.824126494678424,20-25,20-30,60-90.1
0,33287,1,12.255191517969251,10-15,10-20,0-30
0,33298,1,31.374380428721523,30-40,30-45,30-60
0,33315,1,46.769247467150905,40-50,45-70,0-30
0,33332,1,27.00925769401076,25-30,20-30,60-90.1
0,33340,1,11.477621817022808,10-15,10-20,0-30
0,33348,1,31.086269635671925,30-40,30-45,60-90.1
0,33369,1,17.45649695407484,15-20,10-20,60-90.1
0,33376,1,54.575966001136464,50-60,45-70,60-90.1
0,33379,1,39.68343706120485,30-40,30-45,60-90.1
0,33383,1,14.418823520760537,10-15,10-20,60-90.1
0,33398,1,57.37003835201053,50-60,45-70,30-60
0,33404,0,59.15437047748424,50-60,45-70,60-90.1
0,33410,0,61.14572906174842,60-90,45-70,60-90.1
0,33418,0,63.12701157995208,60-90,45-70,60-90.1
0,33429,1,38.77372698985435,30-40,30-45,60-90.1
0,33450,1,11.095398605512388,10-15,10-20,60-90.1
0,33455,1,63.91682673859392,60-90,45-70,30-60
0,33469,1,14.849962593347549,10-15,10-20,60-90.1
0,33481,1,22.57088202229315,20-25,20-30,60-90.1
0,33518,1,28.319096445132466,25-30,20-30,60-90.1
0,33528,1,21.136628431126518,20-25,20-30,60-90.1
0,33533,1,16.196121916702438,15-20,10-20,60-90.1
0,33541,1,59.06563383731588,50-60,45-70,60-90.1
0,33557,1,58.41361573220166,50-60,45-70,60-90.1
0,33563,1,56.80846845683273,50-60,45-70,60-90.1
0,33571,0,39.26498906947217,30-40,30-45,60-90.1
0,33578,0,52.43395500966382,50-60,45-70,30-60
0,33591,0,43.496932940007376,40-50,30-45,30-60
0,33599,0,49.75206735982802,40-50,45-70,30-60
0,33612,0,47.756327624124424,40-50,45-70,30-60
0,33650,0,38.51718612918146,30-40,30-45,60-90.1
0,33720,1,36.57353200661806,30-40,30-45,60-90.1
0,33725,1,19.29823569883701,15-20,10-20,30-60
0,33769,1,16.617163361126256,15-20,10-20,30-60
0,33789,1,17.328991395777557,15-20,10-20,60-90.1
0,33840,1,19.180153057832197,15-20,10-20,60-90.1
0,33855,1,24.643177180356155,20-25,20-30,30-60
0,33871,1,14.047687845310763,10-15,10-20,0-30
0,33878,1,22.6786298147285,20-25,20-30,60-90.1
0,33905,1,29.667534327512005,25-30,20-30,60-90.1
0,33912,1,25.76368440710724,25-30,20-30,60-90.1
0,33965,1,34.81967976596513,30-40,30-45,0-30
0,33988,1,36.664101144301576,30-40,30-45,30-60
0,33990,1,30.58710701650967,30-40,30-45,60-90.1
0,34004,1,38.400785139568754,30-40,30-45,30-60
0,34021,1,13.084829465439077,10-15,10-20,0-30
0,34023,1,40.06398572315002,40-50,30-45,30-60
0,34028,1,17.740969606067214,15-20,10-20,60-90.1
0,34047,1,23.696828297528597,20-25,20-30,60-90.1
0,34059,1,33.56816016532914,30-40,30-45,0-30
0,34071,1,46.004941417172915,40-50,45-70,0-30
0,34083,1,27.20434742564028,25-30,20-30,30-60
0,34090,1,46.54615587175293,40-50,45-70,0-30
0,34104,1,11.283470888778265,10-15,10-20,0-30
0,34108,1,49.94748402314026,40-50,45-70,60-90.1
0,34113,1,52.208620737641006,50-60,45-70,30-60
0,34116,1,24.73475079155896,20-25,20-30,60-90.1
0,34124,1,33.65812576981124,30-40,30-45,60-90.1
0,34145,1,28.493681765150342,25-30,20-30,60-90.1
0,34148,1,21.343713180111397,20-25,20-30,60-90.1
0,34161,1,19.053882239294005,15-20,10-20,60-90.1
0,34175,1,55.940478307763605,50-60,45-70,30-60
0,34199,1,62.14612027689357,60-90,45-70,0-30
0,34212,1,60.21521384275696,60-90,45-70,0-30
0,34214,1,41.96559553920956,40-50,30-45,30-60
0,34236,1,64.50104301483674,60-90,45-70,0-30
0,34237,1,58.78413014756288,50-60,45-70,60-90.1
0,34242,1,36.37602210226707,30-40,30-45,60-90.1
0,34244,1,18.182018383111338,15-20,10-20,60-90.1
0,34279,1,59.943002552687744,50-60,45-70,60-90.1
0,34286,1,24.63774751858528,20-25,20-30,60-90.1
0,34292,1,31.664602608932327,30-40,30-45,60-90.1
0,34300,1,60.12308077237814,60-90,45-70,60-90.1
0,34363,0,41.664294403755136,40-50,30-45,30-60
0,34385,0,45.56299543430681,40-50,45-70,30-60
0,34411,1,25.756245707971974,25-30,20-30,60-90.1
0,34428,1,13.102096049858734,10-15,10-20,30-60
0,34432,0,37.14189015180155,30-40,30-45,60-90.1
0,34433,1,15.765295318446848,15-20,10-20,30-60
0,34455,1,17.52504301377092,15-20,10-20,30-60
0,34462,0,36.8263861461371,30-40,30-45,60-90.1
0,34493,1,29.090683939439955,25-30,20-30,30-60
0,34555,1,18.122553429653962,15-20,10-20,60-90.1
0,34556,1,17.809722815574425,15-20,10-20,60-90.1
0,34562,1,16.299812063072064,15-20,10-20,60-90.1
0,34565,1,15.376859926933932,15-20,10-20,30-60
0,34572,1,19.882071475688562,15-20,10-20,60-90.1
0,34611,1,17.995382518514944,15-20,10-20,60-90.1
0,34650,1,20.82949900409143,20-25,20-30,60-90.1
0,34653,1,19.400281016431858,15-20,10-20,60-90.1
0,34656,1,18.24152044697087,15-20,10-20,60-90.1
0,34671,1,14.167278250118185,10-15,10-20,30-60
0,34707,1,24.357007538547133,20-25,20-30,60-90.1
0,34709,1,23.380752804674383,20-25,20-30,60-90.1
0,34712,1,21.760097523556116,20-25,20-30,60-90.1
0,34719,1,29.5851619225976,25-30,20-30,30-60
0,34728,1,18.53855282301766,15-20,10-20,60-90.1
0,34731,1,32.15066839646942,30-40,30-45,60-90.1
0,34751,1,30.359994654222024,30-40,30-45,0-30
0,34754,1,30.029792112755686,30-40,30-45,30-60
0,34756,1,28.79972730583173,25-30,20-30,60-90.1
0,34759,1,27.40948237463884,25-30,20-30,60-90.1
0,34761,1,26.386079996256502,25-30,20-30,60-90.1
0,34763,1,25.419900579822276,25-30,20-30,60-90.1
0,34768,1,34.27146077383696,30-40,30-45,30-60
0,34818,1,27.476934536130106,25-30,20-30,60-90.1
0,34843,1,15.021278324328597,15-20,10-20,60-90.1
0,34859,1,32.61884114695013,30-40,30-45,60-90.1
0,34873,1,12.406078098525274,10-15,10-20,0-30
0,34874,1,41.57262311751439,40-50,30-45,60-90.1
0,34878,1,20.804908897071478,20-25,20-30,60-90.1
0,34913,1,23.61463217559695,20-25,20-30,60-90.1
0,34923,1,44.11806657037274,40-50,30-45,60-90.1
0,34927,1,47.956120326253355,40-50,45-70,60-90.1
0,34940,1,11.507802368323064,10-15,10-20,0-30
0,34965,1,37.59812038301359,30-40,30-45,60-90.1
0,34972,1,25.878490840291356,25-30,20-30,60-90.1
0,34989,1,23.642629781113442,20-25,20-30,60-90.1
0,34997,1,13.003301084260906,10-15,10-20,30-60
0,35009,1,16.836583391558356,15-20,10-20,60-90.1
0,35017,1,42.38311029369957,40-50,30-45,0-30
0,35029,1,42.802473693723265,40-50,30-45,0-30
0,35037,1,62.02063426630413,60-90,45-70,0-30
0,35063,1,40.478814644582116,40-50,30-45,60-90.1
0,35107,1,20.513045039919056,20-25,20-30,60-90.1
0,35115,1,37.73958904153533,30-40,30-45,60-90.1
0,35173,1,26.20154091862847,25-30,20-30,60-90.1
0,35180,1,60.91193550494716,60-90,45-70,60-90.1
0,35191,1,59.43483868522116,50-60,45-70,60-90.1
0,35194,1,28.479536455388146,25-30,20-30,0-30
0,35195,1,58.686073651256656,50-60,45-70,30-60
0,35202,1,56.95952029878808,50-60,45-70,60-90.1
0,35214,0,39.80848431084516,30-40,30-45,30-60
0,35218,0,54.997643426707114,50-60,45-70,30-60
0,35222,0,51.077437145118594,50-60,45-70,30-60
0,35228,0,43.38323932119328,40-50,30-45,30-60
0,35247,1,13.055564772826433,10-15,10-20,60-90.1
0,35248,0,38.30198098420366,30-40,30-45,60-90.1
0,35269,1,21.361174924505256,20-25,20-30,60-90.1
0,35329,1,32.00939945773989,30-40,30-45,0-30
0,35334,1,18.006625301772278,15-20,10-20,0-30
0,35342,1,36.78945956174624,30-40,30-45,60-90.1
0,35362,1,34.062566738656244,30-40,30-45,30-60
0,35364,1,26.812093666764692,25-30,20-30,60-90.1
0,35376,1,25.262268593565484,25-30,20-30,60-90.1
0,35406,1,20.49875559365701,20-25,20-30,60-90.1
0,35430,1,22.218322180227037,20-25,20-30,60-90.1
0,35431,1,21.448258742733596,20-25,20-30,60-90.1
0,35446,1,16.605160835331596,15-20,10-20,60-90.1
0,35453,1,24.459010217446515,20-25,20-30,60-90.1
0,35455,1,23.341526194140275,20-25,20-30,60-90.1
0,35476,1,26.43986677459118,25-30,20-30,60-90.1
0,35498,1,27.20837569785128,25-30,20-30,30-60
0,35515,1,28.222341359845498,25-30,20-30,30-60
0,35519,1,20.271168466453368,20-25,20-30,60-90.1
0,35568,1,34.72316183333255,30-40,30-45,0-30
0,35580,1,23.52359167869482,20-25,20-30,60-90.1
0,35589,1,30.80368098563125,30-40,30-45,30-60
0,35591,1,29.846844027629786,25-30,20-30,30-60
0,35598,1,35.80082723439227,30-40,30-45,0-30
0,35606,1,28.589439095176687,25-30,20-30,60-90.1
0,35627,1,28.95874609594364,25-30,20-30,60-90.1
0,35667,1,17.39074943633797,15-20,10-20,60-90.1
0,35692,1,30.096301085022894,30-40,30-45,30-60
0,35697,1,25.984554869065313,25-30,20-30,30-60
0,35702,1,20.778837861917044,20-25,20-30,60-90.1
0,35705,1,12.089376498126807,10-15,10-20,0-30
0,35726,1,46.495976617680384,40-50,45-70,0-30
0,35728,1,45.77500788458567,40-50,45-70,0-30
0,35742,1,34.84328681118438,30-40,30-45,60-90.1
0,35745,1,31.900426783327482,30-40,30-45,60-90.1
0,35763,1,55.05411874429541,50-60,45-70,0-30
0,35767,1,40.499534963304434,40-50,30-45,60-90.1
0,35781,1,56.32812312060481,50-60,45-70,30-60
0,35789,1,21.81109645473831,20-25,20-30,60-90.1
0,35798,0,57.823632126561044,50-60,45-70,60-90.1
0,35808,0,59.55092650737373,50-60,45-70,60-90.1
0,35814,1,61.42227774148034,60-90,45-70,0-30
0,35842,1,12.904185031515183,10-15,10-20,60-90.1
0,35853,1,33.83692929998627,30-40,30-45,30-60
0,35857,1,15.770933598210888,15-20,10-20,60-90.1
0,35908,1,34.402476662730585,30-40,30-45,30-60
0,35918,1,61.489845643586484,60-90,45-70,60-90.1
0,35930,1,26.042878389492138,25-30,20-30,60-90.1
0,35942,1,61.32136226301156,60-90,45-70,60-90.1
0,35965,1,20.951793717899122,20-25,20-30,60-90.1
0,35970,1,15.969119055681258,15-20,10-20,60-90.1
0,36012,0,49.925250341814305,40-50,45-70,30-60
0,36030,0,46.978114705207645,40-50,45-70,30-60
0,36070,0,38.164915404730806,30-40,30-45,60-90.1
0,36102,0,37.09855457966163,30-40,30-45,60-90.1
0,36105,1,13.492845078912762,10-15,10-20,30-60
0,36128,1,14.525501543051508,10-15,10-20,60-90.1
0,36184,1,21.933454188566383,20-25,20-30,0-30
0,36195,1,16.359426767889005,15-20,10-20,30-60
0,36206,1,18.28856200601704,15-20,10-20,60-90.1
0,36213,1,20.292109390990504,20-25,20-30,60-90.1
0,36237,1,15.584688649316904,15-20,10-20,60-90.1
0,36263,1,25.530727100825644,25-30,20-30,60-90.1
0,36267,1,16.714422063210048,15-20,10-20,60-90.1
0,36280,1,28.096231212499564,25-30,20-30,60-90.1
0,36299,1,29.774742136790934,25-30,20-30,60-90.1
0,36315,1,16.25915008159973,15-20,10-20,60-90.1
0,36319,1,31.678679043791597,30-40,30-45,60-90.1
0,36345,1,24.644503069461418,20-25,20-30,60-90.1
0,36355,1,31.23288413115208,30-40,30-45,0-30
0,36390,1,36.659878983930454,30-40,30-45,30-60
0,36405,1,38.069497909017045,30-40,30-45,30-60
0,36422,1,14.026007081243797,10-15,10-20,60-90.1
0,36437,1,30.88325838385123,30-40,30-45,30-60
0,36457,1,45.72402045539979,40-50,45-70,0-30
0,36462,1,28.611361237215853,25-30,20-30,0-30
0,36468,1,16.85566737233253,15-20,10-20,60-90.1
0,36472,1,47.3453646309733,40-50,45-70,60-90.1
0,36483,1,23.942298535515437,20-25,20-30,60-90.1
0,36494,1,46.7058451173495,40-50,45-70,0-30
0,36503,1,49.09741734306906,40-50,45-70,60-90.1
0,36505,1,11.751661815075485,10-15,10-20,0-30
0,36510,1,51.53584164250185,50-60,45-70,30-60
0,36520,1,12.09220870289783,10-15,10-20,0-30
0,36521,1,53.718818997847904,50-60,45-70,60-90.1
0,36532,1,29.67289634292597,25-30,20-30,60-90.1
0,36535,1,26.994318892736032,25-30,20-30,30-60
0,36573,1,20.007570233854725,20-25,20-30,60-90.1
0,36579,1,14.26197504630767,10-15,10-20,30-60
0,36596,1,61.16546899335645,60-90,45-70,0-30
0,36600,1,60.81376083107348,60-90,45-70,30-60
0,36607,1,60.33326818526216,60-90,45-70,60-90.1
0,36614,1,42.52497023400311,40-50,30-45,0-30
0,36643,1,60.89332593798723,60-90,45-70,30-60
0,36645,1,41.090916772524324,40-50,30-45,30-60
0,36675,1,39.10905403714482,30-40,30-45,30-60
0,36678,1,29.724316490742623,25-30,20-30,30-60
0,36692,1,33.2137797540641,30-40,30-45,30-60
0,36703,1,11.732504813889555,10-15,10-20,30-60
0,36729,1,35.191746033458465,30-40,30-45,60-90.1
0,36748,1,25.77880154705521,25-30,20-30,60-90.1
0,36778,0,42.08226277033703,40-50,30-45,30-60
0,36808,0,45.49209123020803,40-50,45-70,0-30
0,36949,1,20.245459420622282,20-25,20-30,60-90.1
0,36965,1,16.061527426060728,15-20,10-20,0-30
0,36971,1,17.44324807830119,15-20,10-20,60-90.1
0,36985,1,17.8860535457151,15-20,10-20,60-90.1
0,37001,1,21.36116655256125,20-25,20-30,60-90.1
0,37034,1,23.459039228597454,20-25,20-30,60-90.1
0,37052,1,25.28224087117123,25-30,20-30,60-90.1
0,37106,1,30.725556683798924,30-40,30-45,0-30
0,37109,1,22.99541834329644,20-25,20-30,60-90.1
0,37121,1,20.947172332138898,20-25,20-30,60-90.1
0,37144,1,27.421540573397188,25-30,20-30,60-90.1
0,37171,1,25.921606114395633,25-30,20-30,60-90.1
0,37185,1,39.78257251836452,30-40,30-45,30-60
0,37198,1,41.448897502312036,40-50,30-45,30-60
0,37205,1,13.600805078572543,10-15,10-20,60-90.1
0,37241,1,25.586947953627398,25-30,20-30,30-60
0,37246,1,20.84418136750216,20-25,20-30,60-90.1
0,37273,1,12.419120296250282,10-15,10-20,30-60
0,37286,1,37.54811298773325,30-40,30-45,60-90.1
0,37292,1,32.03568966119402,30-40,30-45,60-90.1
0,37298,1,13.856874092934968,10-15,10-20,30-60
0,37313,1,25.393125543810875,25-30,20-30,60-90.1
0,37331,1,18.357750228106514,15-20,10-20,60-90.1
0,37356,1,60.06164786400227,60-90,45-70,0-30
0,37363,1,60.436611467207285,60-90,45-70,0-30
0,37373,1,43.30425152361059,40-50,30-45,0-30
0,37391,1,32.13238614014115,30-40,30-45,60-90.1
0,37410,1,21.670714516431534,20-25,20-30,60-90.1
0,37414,1,18.091328442445093,15-20,10-20,60-90.1
0,37447,1,63.45260511883019,60-90,45-70,60-90.1
0,37480,1,63.694096068784376,60-90,45-70,30-60
0,37516,1,20.036143372022607,20-25,20-30,60-90.1
0,37521,0,62.904539873448684,60-90,45-70,60-90.1
0,37544,1,28.844070137576338,25-30,20-30,0-30
0,37563,0,39.221681557691525,30-40,30-45,30-60
0,37566,0,55.99135736637646,50-60,45-70,30-60
0,37569,0,53.642796510621906,50-60,45-70,30-60
0,37577,0,43.1334530250572,40-50,30-45,0-30
0,37591,1,16.995833840694647,15-20,10-20,60-90.1
0,37596,0,38.49606908412909,30-40,30-45,60-90.1
0,37597,1,25.370340502253818,25-30,20-30,60-90.1
0,37617,1,12.192122954071893,10-15,10-20,0-30
0,37619,0,38.018030290471884,30-40,30-45,60-90.1
0,37658,1,29.037487155436356,25-30,20-30,60-90.1
0,37671,0,36.41398152822397,30-40,30-45,60-90.1
0,37684,1,34.21997684808086,30-40,30-45,30-60
0,37704,1,26.95480335469207,25-30,20-30,60-90.1
0,37705,1,20.894733167473536,20-25,20-30,60-90.1
0,37736,1,16.016437294498783,15-20,10-20,30-60
0,37743,1,19.013551160402173,15-20,10-20,60-90.1
0,37753,1,21.088301220806482,20-25,20-30,60-90.1
0,37754,1,19.517947535296233,15-20,10-20,60-90.1
0,37762,1,23.343250459319744,20-25,20-30,60-90.1
0,37765,1,21.01911296601149,20-25,20-30,60-90.1
0,37818,1,26.760353085710666,25-30,20-30,60-90.1
0,37826,1,19.20646077192773,15-20,10-20,60-90.1
0,37831,1,28.291228914858582,25-30,20-30,60-90.1
0,37844,1,29.685064384426454,25-30,20-30,30-60
0,37852,1,33.23299418175884,30-40,30-45,60-90.1
0,37865,1,34.42969850940762,30-40,30-45,0-30
0,37872,1,18.710477363817844,15-20,10-20,60-90.1
0,37891,1,26.512418100145258,25-30,20-30,60-90.1
0,37918,1,23.462038618882442,20-25,20-30,60-90.1
0,37923,1,31.76415898304002,30-40,30-45,30-60
0,37942,1,28.443402204276737,25-30,20-30,60-90.1
0,37973,1,43.71806048647852,40-50,30-45,60-90.1
0,37985,1,12.829682557503565,10-15,10-20,0-30
0,37991,1,46.05280970900347,40-50,45-70,0-30
0,37993,1,45.35250733001982,40-50,45-70,30-60
0,37998,1,23.220320645896603,20-25,20-30,60-90.1
0,38008,1,49.260871636959,40-50,45-70,60-90.1
0,38017,1,51.040083459597206,50-60,45-70,60-90.1
0,38022,1,13.968780125225853,10-15,10-20,60-90.1
0,38027,1,16.936400252511785,15-20,10-20,60-90.1
0,38032,1,52.83546221372323,50-60,45-70,60-90.1
0,38042,1,29.28800054068211,25-30,20-30,60-90.1
0,38053,1,54.4809352556769,50-60,45-70,0-30
0,38067,1,23.259604440942518,20-25,20-30,60-90.1
0,38073,1,16.93542708041568,15-20,10-20,60-90.1
0,38079,1,55.43362944614351,50-60,45-70,0-30
0,38092,0,56.731973380301866,50-60,45-70,60-90.1
0,38093,1,42.55632891007821,40-50,30-45,30-60
0,38097,0,58.56545677962974,50-60,45-70,60-90.1
0,38103,1,43.580669447277444,40-50,30-45,0-30
0,38132,1,62.55951187005673,60-90,45-70,30-60
0,38142,1,14.005376771438192,10-15,10-20,60-90.1
0,38177,1,63.15516254272592,60-90,45-70,60-90.1
0,38186,1,24.665113250702003,20-25,20-30,60-90.1
0,38251,1,14.130939588611502,10-15,10-20,60-90.1
0,38276,0,61.289329368756235,60-90,45-70,30-60
0,38289,0,59.449048332638895,50-60,45-70,30-60
0,38293,0,57.69924571749518,50-60,45-70,30-60
0,38300,0,51.593747029699955,50-60,45-70,30-60
0,38317,0,49.651899156028044,40-50,45-70,30-60
0,38325,0,41.68599563319301,40-50,30-45,30-60
0,38331,0,47.302654601773604,40-50,45-70,0-30
0,38338,1,13.758658278112742,10-15,10-20,60-90.1
0,38361,1,20.495913115660958,20-25,20-30,60-90.1
0,38403,1,31.631059841520084,30-40,30-45,0-30
0,38423,1,21.360949592632544,20-25,20-30,30-60
0,38467,1,24.91725929673819,20-25,20-30,30-60
0,38476,1,22.092936104344624,20-25,20-30,30-60
0,38481,1,15.614129049428506,15-20,10-20,0-30
0,38483,1,15.449124470624934,15-20,10-20,0-30
0,38503,1,18.005882866335273,15-20,10-20,30-60
0,38508,1,18.814291644453675,15-20,10-20,60-90.1
0,38536,1,24.947622552710452,20-25,20-30,60-90.1
0,38538,1,22.466519709965894,20-25,20-30,60-90.1
0,38549,1,15.507624654456176,15-20,10-20,60-90.1
0,38555,1,24.19623895937555,20-25,20-30,60-90.1
0,38559,1,27.152673240621045,25-30,20-30,60-90.1
0,38591,1,14.94869172007492,10-15,10-20,60-90.1
0,38598,1,21.241323550632202,20-25,20-30,60-90.1
0,38620,1,30.3708233404184,30-40,30-45,30-60
0,38630,1,35.1371796299929,30-40,30-45,30-60
0,38643,1,16.902831412700877,15-20,10-20,60-90.1
0,38647,1,35.78417109850157,30-40,30-45,30-60
0,38649,1,30.998584400354613,30-40,30-45,0-30
0,38663,1,30.947480132838685,30-40,30-45,0-30
0,38682,1,21.38810516459814,20-25,20-30,60-90.1
0,38701,1,31.848253022896852,30-40,30-45,30-60
0,38717,1,30.422192062880857,30-40,30-45,60-90.1
0,38731,1,26.050786858221578,25-30,20-30,60-90.1
0,38759,1,45.75304121595682,40-50,45-70,0-30
0,38764,1,27.05001245844281,25-30,20-30,30-60
0,38770,1,17.15071105362466,15-20,10-20,60-90.1
0,38775,1,47.249223714339024,40-50,45-70,30-60
0,38777,1,46.29988168447137,40-50,45-70,0-30
0,38788,1,20.42883566991737,20-25,20-30,60-90.1
0,38797,1,13.863359901744664,10-15,10-20,30-60
0,38810,1,15.511319873892973,15-20,10-20,60-90.1
0,38821,1,34.418521886149684,30-40,30-45,60-90.1
0,38828,1,27.830382810653916,25-30,20-30,60-90.1
0,38836,1,40.37581323585571,40-50,30-45,60-90.1
0,38849,1,21.90034342952945,20-25,20-30,60-90.1
0,38883,1,61.57719923380517,60-90,45-70,60-90.1
0,38890,1,62.05987942489567,60-90,45-70,60-90.1
0,38924,1,31.72748068570502,30-40,30-45,30-60
0,38927,1,28.124976446618717,25-30,20-30,30-60
0,38930,1,19.906698724875717,15-20,10-20,60-90.1
0,38953,1,39.9072815578234,30-40,30-45,0-30
0,38975,1,30.535499517427343,30-40,30-45,30-60
0,38979,0,65.369966641244,60-90,45-70,60-90.1
0,38981,1,38.12797139409335,30-40,30-45,60-90.1
0,39029,1,32.096477071790524,30-40,30-45,60-90.1
0,39035,1,24.53378745724845,20-25,20-30,60-90.1
0,39036,0,65.36846369750603,60-90,45-70,60-90.1
0,39048,0,63.800854274249836,60-90,45-70,60-90.1
0,39076,0,45.56116914724824,40-50,45-70,0-30
0,39094,0,39.65765508673458,30-40,30-45,60-90.1
0,39130,0,38.779726351683095,30-40,30-45,60-90.1
0,39160,1,19.008659867303308,15-20,10-20,30-60
0,39173,0,36.30019524132446,30-40,30-45,60-90.1
0,39251,1,16.549680426642485,15-20,10-20,30-60
0,39260,1,16.364803783140964,15-20,10-20,30-60
0,39281,1,19.63451711362762,15-20,10-20,60-90.1
0,39287,1,20.400771147762594,20-25,20-30,60-90.1
0,39331,1,28.631059643608737,25-30,20-30,60-90.1
0,39333,1,25.60598241613745,25-30,20-30,60-90.1
0,39335,1,17.471280166798067,15-20,10-20,60-90.1
0,39343,1,26.461262685188323,25-30,20-30,60-90.1
0,39348,1,30.29746971410934,30-40,30-45,60-90.1
0,39361,1,27.930210766250017,25-30,20-30,60-90.1
0,39366,1,32.474999400538536,30-40,30-45,60-90.1
0,39431,1,14.479666673282559,10-15,10-20,60-90.1
0,39437,1,25.44448346144439,25-30,20-30,60-90.1
0,39439,1,24.154339148401473,20-25,20-30,60-90.1
0,39447,1,37.05599868353111,30-40,30-45,30-60
0,39457,1,18.52769869127668,15-20,10-20,60-90.1
0,39484,1,38.83186961326109,30-40,30-45,30-60
0,39491,1,27.421984803794793,25-30,20-30,60-90.1
0,39502,1,29.551581737758443,25-30,20-30,60-90.1
0,39508,1,23.48446504786408,20-25,20-30,60-90.1
0,39567,1,24.56027686795414,20-25,20-30,30-60
0,39575,1,17.067068935561934,15-20,10-20,60-90.1
0,39603,1,32.238989213076024,30-40,30-45,60-90.1
0,39618,1,37.27191345581489,30-40,30-45,60-90.1
0,39626,1,29.618063186961653,25-30,20-30,60-90.1
0,39630,1,25.424401544011985,25-30,20-30,60-90.1
0,39635,1,20.457534259462392,20-25,20-30,60-90.1
0,39637,1,18.970689268812297,15-20,10-20,30-60
0,39640,1,54.93053096774213,50-60,45-70,30-60
0,39650,0,57.77378223569313,50-60,45-70,30-60
0,39652,1,58.421573203071894,50-60,45-70,30-60
0,39661,1,59.419487606197386,50-60,45-70,0-30
0,39663,1,59.66483645713271,50-60,45-70,30-60
0,39668,1,42.05481147557055,40-50,30-45,0-30
0,39673,1,42.50261624717848,40-50,30-45,0-30
0,39687,1,41.72528278254424,40-50,30-45,30-60
0,39727,1,11.801604821850507,10-15,10-20,30-60
0,39748,0,65.43988390167307,60-90,45-70,60-90.1
0,39757,1,22.271434344051382,20-25,20-30,60-90.1
0,39765,0,65.50659849547118,60-90,45-70,60-90.1
0,39822,1,35.91494825852773,30-40,30-45,30-60
0,39838,0,66.30624065349072,60-90,45-70,30-60
0,39842,0,62.39512211005916,60-90,45-70,60-90.1
0,39864,0,64.54991920068011,60-90,45-70,60-90.1
0,39868,0,60.71310742541272,60-90,45-70,60-90.1
0,39875,0,48.190763222135175,40-50,45-70,0-30
0,39880,0,43.455212047105746,40-50,30-45,0-30
0,39895,0,52.4847215430789,50-60,45-70,60-90.1
0,39897,0,50.33886640388638,50-60,45-70,30-60
0,39943,1,17.55638948514029,15-20,10-20,60-90.1
0,39972,0,55.69348573677198,50-60,45-70,60-90.1
0,40010,1,15.248677012573609,15-20,10-20,30-60
0,40038,1,28.727570379041087,25-30,20-30,60-90.1
0,40045,1,33.96061503753157,30-40,30-45,30-60
0,40078,1,27.04626423256889,25-30,20-30,60-90.1
0,40091,1,19.30650872613086,15-20,10-20,60-90.1
0,40117,1,15.906796234356282,15-20,10-20,0-30
0,40119,1,15.865574477516649,15-20,10-20,0-30
0,40122,1,18.010498853124613,15-20,10-20,60-90.1
0,40151,1,17.6670617731313,15-20,10-20,60-90.1
0,40168,1,18.657900949585326,15-20,10-20,60-90.1
0,40184,1,14.202317305162877,10-15,10-20,60-90.1
0,40192,1,21.643666814182286,20-25,20-30,60-90.1
0,40196,1,20.061659555014447,20-25,20-30,60-90.1
0,40223,1,22.659107312565705,20-25,20-30,60-90.1
0,40227,1,21.223292443780828,20-25,20-30,60-90.1
0,40251,1,24.391811017199974,20-25,20-30,60-90.1
0,40269,1,23.234668140051685,20-25,20-30,60-90.1
0,40281,1,25.71062691726213,25-30,20-30,60-90.1
0,40315,1,20.599834419028518,20-25,20-30,60-90.1
0,40326,1,27.82956921125401,25-30,20-30,60-90.1
0,40332,1,34.392620865770795,30-40,30-45,30-60
0,40358,1,22.54008400881516,20-25,20-30,60-90.1
0,40405,1,40.1118358775485,40-50,30-45,30-60
0,40406,1,33.992688729580564,30-40,30-45,0-30
0,40411,1,25.644521613352218,25-30,20-30,60-90.1
0,40421,1,33.267697725095815,30-40,30-45,0-30
0,40433,1,31.942540528848166,30-40,30-45,30-60
0,40441,1,24.43508668490801,20-25,20-30,60-90.1
0,40443,1,42.5709749507263,40-50,30-45,60-90.1
0,40450,1,30.220304271788407,30-40,30-45,30-60
0,40470,1,45.74737793710863,40-50,45-70,0-30
0,40473,1,45.31055033421202,40-50,45-70,0-30
0,40475,1,44.42240000725497,40-50,30-45,30-60
0,40478,1,22.002340090869396,20-25,20-30,60-90.1
0,40485,1,20.510604527970543,20-25,20-30,30-60
0,40495,1,49.914140660658894,40-50,45-70,60-90.1
0,40499,1,51.349658549552785,50-60,45-70,60-90.1
0,40505,1,53.448268189750756,50-60,45-70,30-60
0,40513,1,33.84261079652004,30-40,30-45,60-90.1
0,40519,1,27.962511012329674,25-30,20-30,60-90.1
0,40523,1,23.92312752033222,20-25,20-30,60-90.1
0,40525,1,21.94420940537274,20-25,20-30,60-90.1
0,40529,0,55.22340659256632,50-60,45-70,30-60
0,40548,1,41.6366509071749,40-50,30-45,0-30
0,40573,1,64.73999246500172,60-90,45-70,30-60
0,40580,1,15.63201148961841,15-20,10-20,60-90.1
0,40594,1,26.221559846557756,25-30,20-30,60-90.1
0,40610,1,29.00141966528438,25-30,20-30,30-60
0,40665,1,19.636353929768298,15-20,10-20,60-90.1
0,40712,1,28.01898514676012,25-30,20-30,0-30
0,40728,0,56.777129652815006,50-60,45-70,60-90.1
0,40746,0,55.8066990670701,50-60,45-70,60-90.1
0,40752,0,41.963907425322674,40-50,30-45,0-30
0,40780,0,61.35858500011788,60-90,45-70,60-90.1
0,40792,1,24.885123393311048,20-25,20-30,60-90.1
0,40795,1,13.91400388372105,10-15,10-20,60-90.1
0,40798,0,65.36708230893171,60-90,45-70,60-90.1
0,40803,0,57.422452477760444,50-60,45-70,60-90.1
0,40842,1,11.661268392528871,10-15,10-20,0-30
0,40853,0,57.30534298388621,50-60,45-70,60-90.1
0,40859,1,12.975145791974626,10-15,10-20,0-30
0,40861,0,36.265606608515704,30-40,30-45,60-90.1
0,40877,1,31.801097829348805,30-40,30-45,30-60
0,40914,1,34.25992328873039,30-40,30-45,30-60
0,40922,0,35.73152534169769,30-40,30-45,30-60
0,40938,1,21.03084546053266,20-25,20-30,60-90.1
0,40961,1,25.018795468105886,25-30,20-30,30-60
0,40975,1,16.052693989314676,15-20,10-20,0-30
0,40999,1,16.011823771663373,15-20,10-20,30-60
0,41012,1,20.29937244152036,20-25,20-30,60-90.1
0,41013,1,16.63709526359805,15-20,10-20,30-60
0,41029,1,22.348736458670295,20-25,20-30,60-90.1
0,41039,1,16.851057085535263,15-20,10-20,60-90.1
0,41040,1,24.12133999054632,20-25,20-30,60-90.1
0,41054,1,25.92779734474891,25-30,20-30,60-90.1
0,41070,1,28.113066500316048,25-30,20-30,60-90.1
0,41074,1,16.5547833311948,15-20,10-20,60-90.1
0,41086,1,30.47629075271208,30-40,30-45,60-90.1
0,41109,1,18.25406497369722,15-20,10-20,60-90.1
0,41137,1,35.039186196813866,30-40,30-45,0-30
0,41139,1,30.003846151670754,30-40,30-45,60-90.1
0,41154,1,15.626052101653423,15-20,10-20,60-90.1
0,41162,1,21.391167884559867,20-25,20-30,60-90.1
0,41178,1,32.910567497111536,30-40,30-45,30-60
0,41183,1,20.290527111150233,20-25,20-30,60-90.1
0,41213,1,21.515817969497984,20-25,20-30,60-90.1
0,41233,1,28.631146816109755,25-30,20-30,60-90.1
0,41238,1,45.97321544488217,40-50,45-70,30-60
0,41240,1,45.39482846732279,40-50,45-70,0-30
0,41252,1,22.80862481828175,20-25,20-30,30-60
0,41265,1,47.8321612215036,40-50,45-70,60-90.1
0,41272,1,18.719247830268515,15-20,10-20,30-60
0,41278,1,18.42126866565758,15-20,10-20,0-30
0,41283,1,18.485359147830646,15-20,10-20,0-30
0,41296,1,31.641425404041968,30-40,30-45,60-90.1
0,41302,1,25.442039920415734,25-30,20-30,60-90.1
0,41307,1,20.50873126425934,20-25,20-30,60-90.1
0,41316,1,30.27698288506334,30-40,30-45,60-90.1
0,41322,1,40.99961556728215,40-50,30-45,30-60
0,41353,1,63.89430684372138,60-90,45-70,30-60
0,41394,1,17.699699594534167,15-20,10-20,60-90.1
0,41452,1,13.367193268207085,10-15,10-20,60-90.1
0,41465,0,65.59494122363864,60-90,45-70,60-90.1
0,41497,0,67.96911612509616,60-90,45-70,60-90.1
0,41501,0,46.7276077752115,40-50,45-70,0-30
0,41510,0,44.25175791857654,40-50,30-45,30-60
0,41538,0,52.6856443542961,50-60,45-70,60-90.1
0,41542,0,39.60354159162727,30-40,30-45,60-90.1
0,41567,1,21.33104428130298,20-25,20-30,60-90.1
0,41664,1,22.140398272788694,20-25,20-30,30-60
0,41733,1,22.326050898923896,20-25,20-30,0-30
0,41745,1,16.14677165828395,15-20,10-20,0-30
0,41761,1,16.641279020751437,15-20,10-20,0-30
0,41767,1,18.100024059919704,15-20,10-20,60-90.1
0,41770,1,18.357857611826784,15-20,10-20,30-60
0,41772,1,17.663063306534763,15-20,10-20,60-90.1
0,41806,1,15.440212788003516,15-20,10-20,30-60
0,41814,1,20.616430110265835,20-25,20-30,60-90.1
0,41822,1,21.416109255842308,20-25,20-30,30-60
0,41841,1,23.11815108311558,20-25,20-30,30-60
0,41845,1,17.67254834892396,15-20,10-20,60-90.1
0,41898,1,25.447661826291366,25-30,20-30,60-90.1
0,41910,1,17.80999932683641,15-20,10-20,60-90.1
0,41915,1,33.407013367931576,30-40,30-45,0-30
0,41934,1,12.587593711709584,10-15,10-20,30-60
0,41956,1,36.016070646823174,30-40,30-45,30-60
0,41959,1,19.614130562914262,15-20,10-20,60-90.1
0,41974,1,37.475080043999824,30-40,30-45,30-60
0,41981,1,17.708265397712076,15-20,10-20,60-90.1
0,41995,1,24.161451749295757,20-25,20-30,60-90.1
0,42088,1,38.736688333864706,30-40,30-45,60-90.1
0,42099,1,23.970420777630256,20-25,20-30,60-90.1
0,42107,0,54.833517577889594,50-60,45-70,30-60
0,42115,1,27.961075336392756,25-30,20-30,60-90.1
0,42144,1,58.50618332121477,50-60,45-70,30-60
0,42148,1,59.58150409889838,50-60,45-70,60-90.1
0,42153,1,40.64065351102929,40-50,30-45,0-30
0,42155,1,61.281174544851396,60-90,45-70,60-90.1
0,42163,1,39.62037606864697,30-40,30-45,30-60
0,42187,1,38.518850249220854,30-40,30-45,0-30
0,42214,0,66.08618842487535,60-90,45-70,60-90.1
0,42223,0,65.26283669142177,60-90,45-70,60-90.1
0,42237,0,64.7283724227215,60-90,45-70,60-90.1
0,42267,1,29.19075226392225,25-30,20-30,30-60
0,42271,1,24.323244301919747,20-25,20-30,60-90.1
0,42289,1,33.152851705940336,30-40,30-45,30-60
0,42312,0,48.79115086183601,40-50,45-70,30-60
0,42320,0,51.1584998624238,50-60,45-70,30-60
0,42324,0,42.31243794572792,40-50,30-45,30-60
0,42380,0,61.37794907237935,60-90,45-70,60-90.1
0,42381,0,54.90720894223437,50-60,45-70,30-60
0,42384,0,39.12290622847675,30-40,30-45,60-90.1
0,42407,0,37.29612832658037,30-40,30-45,30-60
0,42454,0,36.65288944857931,30-40,30-45,30-60
0,42458,1,28.88455955029596,25-30,20-30,60-90.1
0,42522,1,19.511431373175967,15-20,10-20,30-60
0,42534,1,17.226696275776323,15-20,10-20,30-60
0,42558,1,14.704440216972111,10-15,10-20,0-30
0,42572,1,19.01794870393799,15-20,10-20,60-90.1
0,42599,1,21.539949253967997,20-25,20-30,60-90.1
0,42634,1,20.35363320521241,20-25,20-30,60-90.1
0,42643,1,15.419885693157607,15-20,10-20,60-90.1
0,42692,1,16.96824671481158,15-20,10-20,60-90.1
0,42705,1,15.436828745127224,15-20,10-20,60-90.1
0,42734,1,14.293793432619774,10-15,10-20,60-90.1
0,42742,1,17.643247244023627,15-20,10-20,60-90.1
0,42756,1,38.512819489795945,30-40,30-45,30-60
0,42768,1,21.731165021525374,20-25,20-30,60-90.1
0,42772,1,39.99154133830871,30-40,30-45,60-90.1
0,42777,1,19.529914285104358,15-20,10-20,60-90.1
0,42795,1,25.145304596598322,25-30,20-30,60-90.1
0,42796,1,20.647839874345998,20-25,20-30,60-90.1
0,42803,1,42.69338947835041,40-50,30-45,60-90.1
0,42804,1,32.78580487673049,30-40,30-45,0-30
0,42819,1,44.392414158695075,40-50,30-45,0-30
0,42821,1,31.853982688266537,30-40,30-45,0-30
0,42829,1,20.959567677429035,20-25,20-30,30-60
0,42831,1,47.318576493903734,40-50,45-70,60-90.1
0,42833,1,20.01100546965764,20-25,20-30,30-60
0,42837,1,48.813636405867754,40-50,45-70,60-90.1
0,42839,1,18.75686083863437,15-20,10-20,30-60
0,42841,1,50.084697534799744,50-60,45-70,60-90.1
0,42853,1,52.474489836364356,50-60,45-70,30-60
0,42857,1,35.987409930209935,30-40,30-45,60-90.1
0,42860,1,33.0938735671674,30-40,30-45,60-90.1
0,42862,1,31.435465543038617,30-40,30-45,30-60
0,42864,1,18.197272185088305,15-20,10-20,60-90.1
0,42869,1,53.704749776992436,50-60,45-70,30-60
0,42878,1,25.208150168360817,25-30,20-30,60-90.1
0,42882,1,21.304170878825055,20-25,20-30,60-90.1
0,42895,1,23.261587258933115,20-25,20-30,60-90.1
0,42902,1,55.95214011000613,50-60,45-70,30-60
0,42915,1,41.02715699110199,40-50,30-45,0-30
0,42916,1,57.47003181613043,50-60,45-70,30-60
0,42925,1,40.9304496234472,40-50,30-45,0-30
0,42948,0,66.11228488389055,60-90,45-70,60-90.1
0,42952,1,13.162524402123038,10-15,10-20,60-90.1
0,42976,1,22.954004766240455,20-25,20-30,60-90.1
0,42979,1,19.918630864209003,15-20,10-20,60-90.1
0,42988,1,25.77266354256839,25-30,20-30,30-60
0,42999,1,38.23713021691512,30-40,30-45,0-30
0,43008,1,26.95323223482499,25-30,20-30,30-60
0,43028,1,37.49750419876041,30-40,30-45,60-90.1
0,43047,0,66.27998994564742,60-90,45-70,30-60
0,43080,0,46.38390127605751,40-50,45-70,0-30
0,43083,1,27.500654505206622,25-30,20-30,0-30
0,43114,1,26.34353455044511,25-30,20-30,60-90.1
0,43126,1,17.918816863401734,15-20,10-20,60-90.1
0,43194,1,17.592998892322864,15-20,10-20,30-60
0,43209,1,20.62327251867867,20-25,20-30,0-30
0,43223,1,31.768402010734935,30-40,30-45,0-30
0,43270,1,26.89814851218652,25-30,20-30,60-90.1
0,43307,1,24.90286852007051,20-25,20-30,30-60
0,43333,1,17.04299540245299,15-20,10-20,30-60
0,43335,1,19.336145655581543,15-20,10-20,60-90.1
0,43342,1,15.568333964507964,15-20,10-20,0-30
0,43349,1,17.001590884685992,15-20,10-20,30-60
0,43359,1,21.2757126349491,20-25,20-30,60-90.1
0,43360,1,20.10437208709689,20-25,20-30,60-90.1
0,43381,1,19.78845697841381,15-20,10-20,60-90.1
0,43386,1,23.74862472456668,20-25,20-30,60-90.1
0,43387,1,22.839226298987167,20-25,20-30,30-60
0,43410,1,25.666888659625208,25-30,20-30,60-90.1
0,43419,1,22.24090769019529,20-25,20-30,60-90.1
0,43421,1,21.548144439529867,20-25,20-30,60-90.1
0,43428,1,24.844050877793425,20-25,20-30,30-60
0,43431,1,24.133269268928803,20-25,20-30,60-90.1
0,43465,1,24.134848620137898,20-25,20-30,60-90.1
0,43479,1,25.990036049761862,25-30,20-30,60-90.1
0,43486,1,13.977680889491745,10-15,10-20,60-90.1
0,43540,1,33.7294984373791,30-40,30-45,30-60
0,43551,1,28.12733722824207,25-30,20-30,60-90.1
0,43554,1,14.875923564233048,10-15,10-20,60-90.1
0,43565,1,13.906512461451518,10-15,10-20,60-90.1
0,43578,1,30.893047508456945,30-40,30-45,60-90.1
0,43593,1,15.645343288721559,15-20,10-20,60-90.1
0,43607,1,32.95492598935796,30-40,30-45,30-60
0,43613,1,17.1847396118757,15-20,10-20,60-90.1
0,43630,1,33.15740961972235,30-40,30-45,30-60
0,43636,1,18.389278675102634,15-20,10-20,60-90.1
0,43649,1,45.1408289509109,40-50,45-70,30-60
0,43651,1,44.55134601965914,40-50,30-45,0-30
0,43665,1,19.135320530589212,15-20,10-20,60-90.1
0,43670,1,44.76834580214772,40-50,30-45,0-30
0,43691,1,29.2106514990536,25-30,20-30,30-60
0,43707,1,17.565361215441833,15-20,10-20,30-60
0,43713,1,14.644058605302035,10-15,10-20,60-90.1
0,43740,1,15.52870819598685,15-20,10-20,60-90.1
0,43752,1,28.638306105453932,25-30,20-30,60-90.1
0,43758,1,13.319360745939775,10-15,10-20,60-90.1
0,43765,1,26.662044172355618,25-30,20-30,60-90.1
0,43766,1,18.96615041484481,15-20,10-20,60-90.1
0,43769,1,16.213452218717936,15-20,10-20,60-90.1
0,43801,1,20.227946420303326,20-25,20-30,60-90.1
0,43806,1,15.251630284254974,15-20,10-20,60-90.1
0,43816,1,18.21182934977705,15-20,10-20,60-90.1
0,43837,1,61.62542254327812,60-90,45-70,60-90.1
0,43845,1,63.787273267652964,60-90,45-70,30-60
0,43880,1,14.728840977888686,10-15,10-20,60-90.1
0,43912,0,65.2102327076148,60-90,45-70,60-90.1
0,43934,1,18.46316979070083,15-20,10-20,60-90.1
0,43963,1,36.734600381450214,30-40,30-45,60-90.1
0,43999,0,66.77744217862373,60-90,45-70,30-60
0,44004,0,45.05692246257478,40-50,45-70,30-60
0,44011,0,51.2466039557367,50-60,45-70,30-60
0,44030,0,41.084366289557956,40-50,30-45,30-60
0,44037,1,14.262966779888295,10-15,10-20,60-90.1
0,44040,0,63.755931025674535,60-90,45-70,30-60
0,44044,0,52.865321229710126,50-60,45-70,60-90.1
0,44049,1,22.419299385075913,20-25,20-30,60-90.1
0,44079,1,14.881232069291658,10-15,10-20,30-60
0,44082,0,60.608122949532174,60-90,45-70,30-60
0,44088,0,39.558473965431034,30-40,30-45,60-90.1
0,44106,0,37.215343404186086,30-40,30-45,30-60
0,44176,1,20.66222941450519,20-25,20-30,60-90.1
0,44184,1,34.38924404788284,30-40,30-45,0-30
0,44218,1,22.026686333625303,20-25,20-30,0-30
0,44227,1,16.113539332557266,15-20,10-20,0-30
0,44259,1,14.528027018630366,10-15,10-20,0-30
0,44268,1,17.698499982481966,15-20,10-20,60-90.1
0,44280,1,14.976651003772872,10-15,10-20,30-60
0,44316,1,17.509043737221468,15-20,10-20,60-90.1
0,44318,1,27.214012010950448,25-30,20-30,60-90.1
0,44339,1,26.57185134001973,25-30,20-30,30-60
0,44346,1,30.14834990133047,30-40,30-45,60-90.1
0,44353,1,22.268038478715983,20-25,20-30,60-90.1
0,44371,1,27.84490562845268,25-30,20-30,30-60
0,44391,1,26.24518887295125,25-30,20-30,60-90.1
0,44393,1,34.095543313038846,30-40,30-45,30-60
0,44408,1,35.56454422468135,30-40,30-45,30-60
0,44417,1,12.999942189183471,10-15,10-20,0-30
0,44435,1,13.718286403803809,10-15,10-20,60-90.1
0,44453,1,14.634769317394431,10-15,10-20,60-90.1
0,44478,1,15.485466071442412,15-20,10-20,60-90.1
0,44547,1,25.618988442853237,25-30,20-30,60-90.1
0,44549,1,18.35414109282331,15-20,10-20,30-60
0,44593,1,37.646428809926,30-40,30-45,60-90.1
0,44602,1,39.419604036728096,30-40,30-45,30-60
0,44616,1,24.278072638776035,20-25,20-30,30-60
0,44617,1,11.93043539822269,10-15,10-20,30-60
0,44629,1,56.502225587179915,50-60,45-70,60-90.1
0,44645,1,57.95652090611199,50-60,45-70,30-60
0,44648,1,17.483679261571442,15-20,10-20,60-90.1
0,44659,1,13.653830972700055,10-15,10-20,60-90.1
0,44662,1,59.93309696400618,50-60,45-70,60-90.1
0,44716,0,65.03091905896159,60-90,45-70,60-90.1
0,44749,1,13.021959661912032,10-15,10-20,60-90.1
0,44767,1,22.921009958799587,20-25,20-30,60-90.1
0,44798,1,30.667633006006273,30-40,30-45,60-90.1
0,44805,0,49.175734202540745,40-50,45-70,30-60
0,44874,0,54.24116697588977,50-60,45-70,30-60
0,44883,1,12.194528135367271,10-15,10-20,0-30
0,44897,0,56.75567838482822,50-60,45-70,0-30
0,44949,1,33.500289752094744,30-40,30-45,30-60
0,44963,1,29.253974725499432,25-30,20-30,30-60
0,44977,1,22.07905162300639,20-25,20-30,60-90.1
0,44984,1,36.02137297916491,30-40,30-45,60-90.1
0,45005,1,27.428477750229103,25-30,20-30,60-90.1
0,45046,1,16.540478869001127,15-20,10-20,0-30
0,45058,1,17.73167200446932,15-20,10-20,60-90.1
0,45068,1,15.699273074227985,15-20,10-20,30-60
0,45104,1,19.012724872953637,15-20,10-20,60-90.1
0,45134,1,23.198318199078958,20-25,20-30,60-90.1
0,45148,1,20.58341119918177,20-25,20-30,60-90.1
0,45159,1,26.247729834278733,25-30,20-30,60-90.1
0,45167,1,28.736707237573306,25-30,20-30,30-60
0,45175,1,32.561204192638456,30-40,30-45,30-60
0,45216,1,27.80166217721452,25-30,20-30,60-90.1
0,45238,1,16.003288049071063,15-20,10-20,60-90.1
0,45242,1,37.06259624089654,30-40,30-45,30-60
0,45245,1,29.341417680289833,25-30,20-30,60-90.1
0,45260,1,38.83970366944164,30-40,30-45,60-90.1
0,45275,1,30.709637617119363,30-40,30-45,60-90.1
0,45277,1,19.077194092000514,15-20,10-20,60-90.1
0,45280,1,40.57222298788244,40-50,30-45,60-90.1
0,45293,1,21.637135131162253,20-25,20-30,60-90.1
0,45298,1,44.346064951765605,40-50,30-45,0-30
0,45300,1,43.93915500608787,40-50,30-45,0-30
0,45302,1,43.54081831539689,40-50,30-45,0-30
0,45312,1,16.540166459892436,15-20,10-20,60-90.1
0,45316,1,13.35414917527294,10-15,10-20,60-90.1
0,45317,1,45.54398390948681,40-50,45-70,60-90.1
0,45341,1,14.456217000385227,10-15,10-20,60-90.1
0,45343,1,47.11483798828291,40-50,45-70,60-90.1
0,45374,1,49.2950168822408,40-50,45-70,60-90.1
0,45375,1,16.374217762508785,15-20,10-20,60-90.1
0,45379,1,12.584370017741279,10-15,10-20,60-90.1
0,45403,0,53.225242193433715,50-60,45-70,60-90.1
0,45408,1,32.455346746097845,30-40,30-45,60-90.1
0,45418,1,28.374650709924936,25-30,20-30,30-60
0,45423,0,54.95107936334741,50-60,45-70,60-90.1
0,45436,1,21.94479877945676,20-25,20-30,30-60
0,45443,1,19.66142004063006,15-20,10-20,60-90.1
0,45493,0,65.95735953223455,60-90,45-70,60-90.1
0,45502,1,17.923859144128016,15-20,10-20,60-90.1
0,45510,0,65.84235497627078,60-90,45-70,60-90.1
0,45527,1,11.215437482622352,10-15,10-20,0-30
0,45578,1,28.02847929789931,25-30,20-30,30-60
0,45584,0,65.1999325489265,60-90,45-70,60-90.1
0,45605,0,47.33298847860084,40-50,45-70,30-60
0,45614,1,26.10400874411265,25-30,20-30,30-60
0,45621,0,44.96837995389713,40-50,30-45,30-60
0,45626,1,33.48754239815561,30-40,30-45,0-30
0,45653,0,53.54599893828421,50-60,45-70,30-60
0,45655,0,41.868302766301404,40-50,30-45,30-60
0,45656,1,26.75238686543672,25-30,20-30,30-60
0,45673,1,18.93264656997469,15-20,10-20,60-90.1
0,45731,0,40.51249689377056,40-50,30-45,60-90.1
0,45758,1,21.469102732341,20-25,20-30,0-30
0,45760,1,33.94741883233303,30-40,30-45,30-60
0,45837,1,25.15166624330971,25-30,20-30,60-90.1
0,45838,1,19.73453736919034,15-20,10-20,30-60
0,45870,1,18.281001856868745,15-20,10-20,60-90.1
0,45895,1,21.174530106280343,20-25,20-30,60-90.1
0,45904,1,17.091709672599944,15-20,10-20,60-90.1
0,45932,1,20.858804620057594,20-25,20-30,60-90.1
0,45965,1,27.969073793940222,25-30,20-30,60-90.1
0,45967,1,24.832522326119594,20-25,20-30,60-90.1
0,45979,1,22.715933374486276,20-25,20-30,60-90.1
0,46004,1,33.67354005867508,30-40,30-45,30-60
0,46009,1,30.32310812133214,30-40,30-45,30-60
0,46012,1,29.264914524105592,25-30,20-30,60-90.1
0,46017,1,24.86131940983022,20-25,20-30,60-90.1
0,46052,1,26.297047656038103,25-30,20-30,60-90.1
0,46081,1,11.530886153005937,10-15,10-20,0-30
0,46106,1,11.980374656218759,10-15,10-20,30-60
0,46110,1,30.619174790116816,30-40,30-45,60-90.1
0,46123,1,42.189097021539055,40-50,30-45,30-60
0,46141,1,30.516207457936336,30-40,30-45,0-30
0,46145,1,21.770591049011994,20-25,20-30,60-90.1
0,46181,1,50.56255003142041,50-60,45-70,30-60
0,46185,1,51.835727380301506,50-60,45-70,30-60
0,46189,1,34.38453367616134,30-40,30-45,60-90.1
0,46201,1,30.3774901579502,30-40,30-45,60-90.1
0,46213,1,26.031466868738413,25-30,20-30,30-60
0,46225,1,40.20277131260204,40-50,30-45,0-30
0,46243,1,40.381950850581404,40-50,30-45,0-30
0,46261,1,15.355726420598382,15-20,10-20,60-90.1
0,46268,1,40.15023124569485,40-50,30-45,0-30
0,46276,1,38.73206462859213,30-40,30-45,30-60
0,46277,0,63.242685718460365,60-90,45-70,60-90.1
0,46282,1,37.7968634165687,30-40,30-45,0-30
0,46296,1,38.006656721977244,30-40,30-45,0-30
0,46321,1,38.2180437199682,30-40,30-45,0-30
0,46331,0,64.67273263590553,60-90,45-70,60-90.1
0,46335,1,25.324753170544064,25-30,20-30,30-60
0,46427,0,51.7498465691986,50-60,45-70,30-60
0,46475,1,23.266525666265952,20-25,20-30,30-60
0,46517,1,19.326205548351854,15-20,10-20,30-60
0,46531,0,37.08097812826597,30-40,30-45,30-60
0,46563,1,30.051064262808467,30-40,30-45,30-60
0,46605,1,34.10512147882195,30-40,30-45,0-30
0,46606,1,27.758415196464338,25-30,20-30,60-90.1
0,46609,1,20.80662340618887,20-25,20-30,60-90.1
0,46629,1,25.929230058442972,25-30,20-30,60-90.1
0,46631,1,22.754034461568665,20-25,20-30,0-30
0,46650,1,15.850417951375956,15-20,10-20,0-30
0,46663,1,20.584213255227525,20-25,20-30,60-90.1
0,46683,1,22.57149283121491,20-25,20-30,60-90.1
0,46698,1,24.63648224547212,20-25,20-30,60-90.1
0,46709,1,23.89410089483677,20-25,20-30,30-60
0,46726,1,25.49510214866859,25-30,20-30,30-60
0,46729,1,17.952160460207264,15-20,10-20,60-90.1
0,46751,1,23.493764024572616,20-25,20-30,60-90.1
0,46755,1,20.42643357077962,20-25,20-30,60-90.1
0,46791,1,30.243089442403754,30-40,30-45,30-60
0,46798,1,21.941137607136135,20-25,20-30,60-90.1
0,46801,1,19.866464135102586,15-20,10-20,60-90.1
0,46826,1,28.64778895779747,25-30,20-30,60-90.1
0,46829,1,27.1652829442041,25-30,20-30,60-90.1
0,46837,1,34.804408326181104,30-40,30-45,30-60
0,46852,1,23.29619093413186,20-25,20-30,60-90.1
0,46892,1,26.71577823251329,25-30,20-30,60-90.1
0,46913,1,16.929275410921544,15-20,10-20,60-90.1
0,46931,1,18.328226162931823,15-20,10-20,60-90.1
0,46967,1,28.156974968385825,25-30,20-30,30-60
0,46971,1,11.877569302502822,10-15,10-20,0-30
0,46978,1,25.63696799012208,25-30,20-30,60-90.1
0,46987,1,48.08415745434744,40-50,45-70,60-90.1
0,47039,1,38.119399625184876,30-40,30-45,60-90.1
0,47051,1,23.481000296922826,20-25,20-30,60-90.1
0,47076,1,57.70911583566095,50-60,45-70,60-90.1
0,47092,1,59.72126733753376,50-60,45-70,60-90.1
0,47098,1,11.868623876606542,10-15,10-20,60-90.1
0,47104,0,61.43512188455666,60-90,45-70,60-90.1
0,47128,1,20.13127451974722,20-25,20-30,60-90.1
0,47154,0,64.08477585393103,60-90,45-70,60-90.1
0,47158,1,22.383183680358478,20-25,20-30,30-60
0,47177,1,18.20465844146418,15-20,10-20,60-90.1
0,47186,1,37.59290726512971,30-40,30-45,60-90.1
0,47190,1,21.22296024152275,20-25,20-30,60-90.1
0,47212,1,27.478078261445642,25-30,20-30,30-60
0,47221,0,46.98844295885373,40-50,45-70,0-30
0,47235,0,49.73264618123433,40-50,45-70,60-90.1
0,47238,0,44.249157007470956,40-50,30-45,60-90.1
0,47241,1,35.42199108238981,30-40,30-45,30-60
0,47242,1,29.948957449741616,25-30,20-30,30-60
0,47246,0,64.58936042134721,60-90,45-70,60-90.1
0,47285,0,62.87154738007554,60-90,45-70,30-60
0,47288,0,60.14115612277081,60-90,45-70,0-30
0,47294,0,54.86050433982403,50-60,45-70,30-60
0,47296,0,41.35157761894823,40-50,30-45,60-90.1
0,47299,1,15.520667739717553,15-20,10-20,60-90.1
0,47307,0,56.51697248232842,50-60,45-70,0-30
0,47344,1,13.66521975797874,10-15,10-20,0-30
0,47346,1,16.55873979373306,15-20,10-20,30-60
0,47411,1,22.661362685528683,20-25,20-30,30-60
0,47458,1,20.222931340365456,20-25,20-30,0-30
0,47486,1,15.89360935372103,15-20,10-20,0-30
0,47500,1,18.485905720758833,15-20,10-20,60-90.1
0,47509,1,15.134607888110683,15-20,10-20,30-60
0,47520,1,14.73732560465688,10-15,10-20,30-60
0,47540,1,15.232768619148473,15-20,10-20,0-30
0,47550,1,26.120500936908734,25-30,20-30,60-90.1
0,47554,1,19.750700757652698,15-20,10-20,60-90.1
0,47575,1,29.112425037954573,25-30,20-30,60-90.1
0,47590,1,18.60821150665541,15-20,10-20,30-60
0,47597,1,23.08915662811687,20-25,20-30,60-90.1
0,47648,1,25.73413590895408,25-30,20-30,60-90.1
0,47650,1,19.642458057246248,15-20,10-20,60-90.1
0,47657,1,31.89111479010781,30-40,30-45,30-60
0,47666,1,35.32516714930401,30-40,30-45,30-60
0,47683,1,13.984106116002103,10-15,10-20,60-90.1
0,47690,1,31.91261100872906,30-40,30-45,30-60
0,47698,1,23.009692492371208,20-25,20-30,60-90.1
0,47704,1,11.82729014500893,10-15,10-20,0-30
0,47727,1,38.555959563613435,30-40,30-45,60-90.1
0,47739,1,27.418970015705668,25-30,20-30,60-90.1
0,47753,1,16.600066243071605,15-20,10-20,60-90.1
0,47756,1,43.36200904643895,40-50,30-45,0-30
0,47758,1,42.885548171726995,40-50,30-45,0-30
0,47760,1,42.31405674294666,40-50,30-45,0-30
0,47769,1,44.016227736206396,40-50,30-45,30-60
0,47782,1,18.31876931133337,15-20,10-20,60-90.1
0,47785,1,45.98349318659763,40-50,45-70,60-90.1
0,47810,1,22.61016829330689,20-25,20-30,60-90.1
0,47829,1,50.28172836224339,50-60,45-70,30-60
0,47831,1,49.757187940120666,40-50,45-70,0-30
0,47833,0,51.44111223406906,50-60,45-70,60-90.1
0,47837,0,52.98283047622352,50-60,45-70,60-90.1
0,47840,1,35.65601112806007,30-40,30-45,60-90.1
0,47842,1,33.82000814862339,30-40,30-45,60-90.1
0,47844,1,31.92533721179215,30-40,30-45,60-90.1
0,47857,1,29.05865100551851,25-30,20-30,60-90.1
0,47864,0,55.13311354224357,50-60,45-70,60-90.1
0,47869,1,27.152302718074807,25-30,20-30,60-90.1
0,47877,1,24.7428243864074,20-25,20-30,60-90.1
0,47882,1,21.002174408893215,20-25,20-30,60-90.1
0,47893,1,18.073421743941147,15-20,10-20,60-90.1
0,47945,0,65.0134810564362,60-90,45-70,60-90.1
0,47961,0,64.68339414773575,60-90,45-70,30-60
0,47968,1,12.663511697242072,10-15,10-20,30-60
0,48011,1,12.485369224775464,10-15,10-20,30-60
0,48033,0,64.0549954343492,60-90,45-70,60-90.1
0,48038,1,24.180547001048858,20-25,20-30,30-60
0,48086,0,52.56932245056445,50-60,45-70,30-60
0,48095,1,30.644011424830097,30-40,30-45,0-30
0,48097,1,26.727385525645182,25-30,20-30,30-60
0,48140,1,25.115309791280072,25-30,20-30,60-90.1
0,48146,1,19.23895857313794,15-20,10-20,30-60
0,48167,0,40.44482969176779,40-50,30-45,60-90.1
0,48185,0,39.547474590049035,30-40,30-45,30-60
0,48202,1,23.254849707983194,20-25,20-30,0-30
0,48203,1,36.57542362538024,30-40,30-45,60-90.1
0,48210,1,31.001204717921397,30-40,30-45,30-60
0,48223,1,35.39779322274367,30-40,30-45,60-90.1
0,48225,1,32.3624043746428,30-40,30-45,30-60
0,48254,1,28.720467810817244,25-30,20-30,60-90.1
0,48280,1,27.697538170513024,25-30,20-30,60-90.1
0,48311,1,17.237957101610032,15-20,10-20,30-60
0,48319,1,19.26787612665088,15-20,10-20,60-90.1
0,48332,1,20.725152464860106,20-25,20-30,60-90.1
0,48375,1,19.195964048797958,15-20,10-20,60-90.1
0,48378,1,18.062995125873513,15-20,10-20,60-90.1
0,48407,1,21.70266014739005,20-25,20-30,60-90.1
0,48419,1,28.93924393077245,25-30,20-30,30-60
0,48460,1,24.08349507522169,20-25,20-30,60-90.1
0,48500,1,30.91492621842392,30-40,30-45,30-60
0,48512,1,36.8385970076145,30-40,30-45,60-90.1
0,48532,1,13.872677190663454,10-15,10-20,60-90.1
0,48540,1,22.829271268622865,20-25,20-30,60-90.1
0,48546,1,39.68344240743347,30-40,30-45,60-90.1
0,48589,1,16.351693725130833,15-20,10-20,60-90.1
0,48612,1,19.322321841102625,15-20,10-20,60-90.1
0,48629,1,16.841744243547392,15-20,10-20,60-90.1
0,48709,1,22.192533900431233,20-25,20-30,60-90.1
0,48721,1,20.22768319990568,20-25,20-30,60-90.1
0,48738,1,17.305395049034644,15-20,10-20,60-90.1
0,48748,1,15.312796328010808,15-20,10-20,60-90.1
0,48753,0,61.0593540322633,60-90,45-70,60-90.1
0,48757,0,63.03062645214221,60-90,45-70,60-90.1
0,48772,1,15.242584325933304,15-20,10-20,60-90.1
0,48796,1,18.726008625764432,15-20,10-20,60-90.1
0,48814,0,62.80342383425876,60-90,45-70,60-90.1
0,48823,1,24.857708769102825,20-25,20-30,30-60
0,48839,1,16.047377543414722,15-20,10-20,60-90.1
0,48876,0,49.41974501095495,40-50,45-70,60-90.1
0,48881,1,36.67190950848691,30-40,30-45,60-90.1
0,48890,0,51.076449104369836,50-60,45-70,30-60
0,48894,0,43.72713063402526,40-50,30-45,60-90.1
0,48951,1,31.53756505386069,30-40,30-45,0-30
0,48954,0,42.126427154886294,40-50,30-45,30-60
0,49036,1,21.056668792027583,20-25,20-30,30-60
0,49078,1,35.249506471359524,30-40,30-45,60-90.1
0,49082,1,30.23386327865475,30-40,30-45,60-90.1
0,49084,1,21.040110312887414,20-25,20-30,60-90.1
0,49090,1,32.96548903046863,30-40,30-45,30-60
0,49122,1,29.505695535663182,25-30,20-30,30-60
0,49156,1,16.551749791055556,15-20,10-20,30-60
0,49167,1,21.04221126698098,20-25,20-30,60-90.1
0,49177,1,23.07195722490607,20-25,20-30,60-90.1
0,49188,1,22.943858079401718,20-25,20-30,60-90.1
0,49207,1,16.381700633096056,15-20,10-20,30-60
0,49209,1,25.355499686267045,25-30,20-30,30-60
0,49228,1,17.643747949933985,15-20,10-20,0-30
0,49233,1,19.79193416567898,15-20,10-20,60-90.1
0,49239,1,15.785651755186159,15-20,10-20,30-60
0,49244,1,30.970549307199505,30-40,30-45,60-90.1
0,49264,1,14.616356015181024,10-15,10-20,30-60
0,49267,1,32.854518770299755,30-40,30-45,30-60
0,49278,1,31.076431674675927,30-40,30-45,30-60
0,49280,1,21.93124463095217,20-25,20-30,60-90.1
0,49307,1,18.647357844967715,15-20,10-20,60-90.1
0,49313,1,29.45949960246284,25-30,20-30,60-90.1
0,49316,1,26.978352844139213,25-30,20-30,30-60
0,49353,1,11.588740248074954,10-15,10-20,30-60
0,49377,1,14.042098264451612,10-15,10-20,60-90.1
0,49387,1,26.148053656217346,25-30,20-30,60-90.1
0,49439,1,14.89951751116011,10-15,10-20,60-90.1
0,49446,1,22.331496623059994,20-25,20-30,30-60
0,49459,1,18.551970847549462,15-20,10-20,60-90.1
0,49471,1,16.866075612710723,15-20,10-20,60-90.1
0,49482,1,14.336647783845912,10-15,10-20,60-90.1
0,49500,1,38.070687313061306,30-40,30-45,60-90.1
0,49519,1,39.02348656018289,30-40,30-45,0-30
0,49526,0,56.84623139911399,50-60,45-70,60-90.1
0,49529,1,26.28102311591699,25-30,20-30,30-60
0,49532,1,23.963704233729043,20-25,20-30,60-90.1
0,49546,1,22.03457399196849,20-25,20-30,60-90.1
0,49553,0,58.81142707134316,50-60,45-70,60-90.1
0,49578,1,11.931498588027281,10-15,10-20,30-60
0,49624,0,62.761163661872054,60-90,45-70,60-90.1
0,49627,1,21.691759877013155,20-25,20-30,60-90.1
0,49638,1,12.78195787646509,10-15,10-20,0-30
0,49657,1,38.7920249335697,30-40,30-45,60-90.1
0,49675,1,20.39883156683043,20-25,20-30,60-90.1
0,49688,0,47.29268122141309,40-50,45-70,30-60
0,49692,1,27.572547639948613,25-30,20-30,30-60
0,49697,1,23.313649385757795,20-25,20-30,60-90.1
0,49737,1,28.53092440960115,25-30,20-30,60-90.1
0,49765,0,55.20629869409635,50-60,45-70,30-60
0,49780,1,33.09352870003366,30-40,30-45,30-60
0,49793,0,39.382907736273324,30-40,30-45,60-90.1
0,49794,1,25.342838533133104,25-30,20-30,30-60
0,49800,1,16.323848320915815,15-20,10-20,60-90.1
0,49809,1,20.92759101939376,20-25,20-30,30-60
0,49823,0,38.34946638495978,30-40,30-45,60-90.1
0,49832,1,17.084256754321498,15-20,10-20,30-60
0,49867,1,22.861383275136287,20-25,20-30,60-90.1
0,49888,1,35.89688162771392,30-40,30-45,60-90.1
0,49901,1,33.15735727955385,30-40,30-45,0-30
0,49931,1,16.19931307454296,15-20,10-20,0-30
0,49946,1,18.08131184182929,15-20,10-20,30-60
0,49970,1,25.83822932323887,25-30,20-30,60-90.1
0,50019,1,33.73087331541557,30-40,30-45,60-90.1
0,50043,1,32.379618108283914,30-40,30-45,0-30
0,50055,1,32.26047577057252,30-40,30-45,0-30
0,50068,1,18.260631035618562,15-20,10-20,60-90.1
0,50084,1,41.166774960860764,40-50,30-45,30-60
0,50089,1,22.13151616530928,20-25,20-30,60-90.1
0,50111,1,43.25152295435563,40-50,30-45,30-60
0,50127,1,45.145455613054935,40-50,45-70,60-90.1
0,50129,1,25.4472247996839,25-30,20-30,60-90.1
0,50133,1,14.366801220962039,10-15,10-20,60-90.1
0,50143,1,46.944450599960184,40-50,45-70,60-90.1
0,50153,1,24.415481874973423,20-25,20-30,30-60
0,50160,1,49.26615670070857,40-50,45-70,30-60
0,50163,1,48.754063019026745,40-50,45-70,0-30
0,50178,0,50.62820017756888,50-60,45-70,60-90.1
0,50194,0,52.470338975083315,50-60,45-70,60-90.1
0,50197,1,35.110833952684594,30-40,30-45,60-90.1
0,50199,1,33.260925301791836,30-40,30-45,60-90.1
0,50201,1,31.59341508417731,30-40,30-45,60-90.1
0,50209,1,12.227539824541873,10-15,10-20,60-90.1
0,50217,1,29.744653106697548,25-30,20-30,30-60
0,50226,0,54.35760872097156,50-60,45-70,60-90.1
0,50231,1,27.904401208978214,25-30,20-30,30-60
0,50255,1,38.22843986921068,30-40,30-45,30-60
0,50280,1,18.971233042232114,15-20,10-20,60-90.1
0,50286,1,37.39593767347824,30-40,30-45,0-30
0,50317,1,36.830898083560726,30-40,30-45,0-30
0,50318,0,62.97775053430238,60-90,45-70,30-60
0,50331,1,14.981079053635177,10-15,10-20,60-90.1
0,50336,1,38.12669973719419,30-40,30-45,0-30
0,50371,1,24.84039810918056,20-25,20-30,30-60
0,50414,0,51.967858163492906,50-60,45-70,30-60
0,50416,0,50.53485408669437,50-60,45-70,30-60
0,50418,0,48.77495664309587,40-50,45-70,30-60
0,50421,0,46.209194325731914,40-50,45-70,30-60
0,50428,0,62.723679419554074,60-90,45-70,60-90.1
0,50439,1,25.230993690804265,25-30,20-30,30-60
0,50445,0,53.67803416516517,50-60,45-70,30-60
0,50478,0,58.46073868630921,50-60,45-70,30-60
0,50530,1,14.096451767026272,10-15,10-20,0-30
0,50556,1,37.3960076891202,30-40,30-45,60-90.1
0,50564,1,37.04465975354063,30-40,30-45,60-90.1
0,50565,1,24.02785251418153,20-25,20-30,30-60
0,50571,1,36.169495829324276,30-40,30-45,60-90.1
0,50607,1,29.47588507730632,25-30,20-30,0-30
0,50626,1,16.47833169891009,15-20,10-20,0-30
0,50637,1,18.19119698357515,15-20,10-20,30-60
0,50652,1,19.177374885387838,15-20,10-20,60-90.1
0,50664,1,22.58735850074422,20-25,20-30,60-90.1
0,50673,1,25.385601710254903,25-30,20-30,60-90.1
0,50694,1,28.730190209613657,25-30,20-30,30-60
0,50712,1,19.616709921514797,15-20,10-20,60-90.1
0,50714,1,13.7628164795581,10-15,10-20,60-90.1
0,50729,1,24.47958915607955,20-25,20-30,60-90.1
0,50736,1,34.841105450160946,30-40,30-45,30-60
0,50760,1,36.51919501648786,30-40,30-45,60-90.1
0,50764,1,37.96018579889818,30-40,30-45,60-90.1
0,50777,1,39.34730586368696,30-40,30-45,30-60
0,50786,1,41.81252225906937,40-50,30-45,0-30
0,50794,1,12.024811339120868,10-15,10-20,60-90.1
0,50801,1,20.574083692664143,20-25,20-30,60-90.1
0,50919,1,14.739918281497316,10-15,10-20,30-60
0,50932,1,11.919388029047925,10-15,10-20,60-90.1
0,50963,1,23.65803155998183,20-25,20-30,30-60
0,50966,1,21.025970236860662,20-25,20-30,60-90.1
0,50984,1,16.977897955462616,15-20,10-20,60-90.1
0,50986,1,15.194197281219177,15-20,10-20,60-90.1
0,51001,1,36.94757467838438,30-40,30-45,0-30
0,51008,0,62.60064289242413,60-90,45-70,30-60
0,51050,0,61.841530443396,60-90,45-70,60-90.1
0,51057,1,15.392307828911822,15-20,10-20,30-60
0,51073,0,62.32987778185129,60-90,45-70,60-90.1
0,51083,1,36.78767332943941,30-40,30-45,60-90.1
0,51103,1,35.83975740868065,30-40,30-45,30-60
0,51131,1,41.93464904536313,40-50,30-45,30-60
0,51154,0,61.56414487858691,60-90,45-70,30-60
0,51166,1,38.2112001461385,30-40,30-45,60-90.1
0,51190,0,38.597098350508304,30-40,30-45,60-90.1
0,51225,0,38.00711233014703,30-40,30-45,60-90.1
0,51251,0,39.29872543279048,30-40,30-45,60-90.1
0,51257,1,21.807061250310923,20-25,20-30,30-60
0,51299,1,21.943765772680564,20-25,20-30,60-90.1
0,51346,1,16.908543502432675,15-20,10-20,0-30
0,51351,1,16.329918307358316,15-20,10-20,30-60
0,51385,1,28.40029726714217,25-30,20-30,60-90.1
0,51400,1,30.79977519691146,30-40,30-45,30-60
0,51426,1,30.72596780097644,30-40,30-45,30-60
0,51448,1,28.357779611831035,25-30,20-30,60-90.1
0,51463,1,30.106846781769722,30-40,30-45,30-60
0,51469,1,13.883841099021883,10-15,10-20,60-90.1
0,51480,1,17.610058561854146,15-20,10-20,60-90.1
0,51524,1,12.392122659484214,10-15,10-20,60-90.1
0,51530,1,20.414963804967467,20-25,20-30,60-90.1
0,51557,1,11.87214571124665,10-15,10-20,60-90.1
0,51565,1,18.165060390255103,15-20,10-20,30-60
0,51576,1,16.45413674606904,15-20,10-20,30-60
0,51623,1,24.84517317523839,20-25,20-30,0-30
0,51635,0,59.88385441186549,50-60,45-70,60-90.1
0,51642,1,19.360444815919564,15-20,10-20,60-90.1
0,51663,0,61.99805781679203,60-90,45-70,30-60
0,51685,1,18.424471615954047,15-20,10-20,60-90.1
0,51700,1,21.579165134234135,20-25,20-30,30-60
0,51727,1,18.538977028793262,15-20,10-20,60-90.1
0,51760,0,47.009503614824666,40-50,45-70,0-30
0,51769,1,26.256304338721627,25-30,20-30,30-60
0,51774,0,54.22515646430058,50-60,45-70,30-60
0,51779,0,45.353596841667645,40-50,45-70,0-30
0,51783,1,41.05736908942098,40-50,30-45,30-60
0,51799,1,35.350779660337835,30-40,30-45,30-60
0,51804,1,23.314611771459273,20-25,20-30,30-60
0,51828,1,28.31129503503964,25-30,20-30,30-60
0,51857,1,31.553676025772532,30-40,30-45,60-90.1
0,51861,1,25.041572160449547,25-30,20-30,30-60
0,51873,1,21.83526500982069,20-25,20-30,60-90.1
0,51878,1,16.91965052212481,15-20,10-20,60-90.1
0,51882,1,37.70637215645368,30-40,30-45,60-90.1
0,51909,1,18.817587699058432,15-20,10-20,30-60
0,51935,1,39.28431187685093,30-40,30-45,60-90.1
0,51956,1,24.259023906084153,20-25,20-30,60-90.1
0,51958,1,36.68686492056044,30-40,30-45,60-90.1
0,51980,1,35.369593724880374,30-40,30-45,30-60
0,52005,1,16.2415943704524,15-20,10-20,0-30
0,52020,1,19.863626103325963,15-20,10-20,60-90.1
0,52029,1,18.900473058020772,15-20,10-20,60-90.1
0,52030,1,22.890080203547413,20-25,20-30,60-90.1
0,52043,1,23.043767557875054,20-25,20-30,60-90.1
0,52054,1,26.615705850358154,25-30,20-30,30-60
0,52078,1,16.547602207610165,15-20,10-20,60-90.1
0,52084,1,32.110527350320915,30-40,30-45,30-60
0,52097,1,22.270913094725653,20-25,20-30,60-90.1
0,52103,1,33.35420208882777,30-40,30-45,60-90.1
0,52109,1,25.99520092515708,25-30,20-30,60-90.1
0,52160,1,24.242522675677716,20-25,20-30,60-90.1
0,52199,1,17.25787589981064,15-20,10-20,60-90.1
0,52224,1,48.149106930550616,40-50,45-70,0-30
0,52226,1,47.83822517139522,40-50,45-70,30-60
0,52229,0,49.1892171308066,40-50,45-70,60-90.1
0,52231,1,19.47978423437924,15-20,10-20,30-60
0,52237,0,51.06835562399443,50-60,45-70,60-90.1
0,52253,1,33.756531724208955,30-40,30-45,60-90.1
0,52255,1,31.873426737838084,30-40,30-45,60-90.1
0,52261,0,53.55255148401367,50-60,45-70,60-90.1
0,52267,1,28.277146891963916,25-30,20-30,30-60
0,52273,0,54.89753145529183,50-60,45-70,60-90.1
0,52277,1,26.033987457161896,25-30,20-30,30-60
0,52291,1,12.971101871120142,10-15,10-20,30-60
0,52295,0,57.30955490232168,50-60,45-70,30-60
0,52317,1,23.336572607800214,20-25,20-30,30-60
0,52324,1,17.040636595922113,15-20,10-20,60-90.1
0,52336,1,21.058921538618584,20-25,20-30,60-90.1
0,52363,0,61.445362372255026,60-90,45-70,60-90.1
0,52369,0,61.47869842736135,60-90,45-70,60-90.1
0,52422,1,23.86858508004577,20-25,20-30,30-60
0,52433,1,21.149624514760557,20-25,20-30,60-90.1
0,52448,0,50.69268336446579,50-60,45-70,0-30
0,52450,0,48.84933112022078,40-50,45-70,0-30
0,52471,0,52.08819489872441,50-60,45-70,30-60
0,52487,1,35.18931734442425,30-40,30-45,0-30
0,52493,0,56.59220423074577,50-60,45-70,60-90.1
0,52498,1,35.43472151605141,30-40,30-45,0-30
0,52546,1,35.0604272409635,30-40,30-45,60-90.1
0,52564,1,36.384377591809695,30-40,30-45,60-90.1
0,52587,1,15.387436459161133,15-20,10-20,0-30
0,52620,1,25.725812306021016,25-30,20-30,0-30
0,52625,1,37.438646968901466,30-40,30-45,30-60
0,52678,1,16.08275238784225,15-20,10-20,0-30
0,52688,1,15.915764973750052,15-20,10-20,0-30
0,52747,1,28.54605023207328,25-30,20-30,30-60
0,52806,1,34.478061432185385,30-40,30-45,60-90.1
0,52808,1,30.958558061297865,30-40,30-45,30-60
0,52822,1,30.33721664782582,30-40,30-45,30-60
0,52831,1,35.960439580859955,30-40,30-45,60-90.1
0,52857,1,37.989590587178014,30-40,30-45,60-90.1
0,52867,1,13.722297235742307,10-15,10-20,30-60
0,52880,1,41.52044436989595,40-50,30-45,30-60
0,52882,1,40.77353253179228,40-50,30-45,0-30
0,52885,1,39.75458383760249,30-40,30-45,0-30
0,52902,1,29.440144360651143,25-30,20-30,60-90.1
0,52910,1,43.241455975184415,40-50,30-45,60-90.1
0,52920,1,24.081318934412653,20-25,20-30,60-90.1
0,52940,1,45.54989000070867,40-50,45-70,60-90.1
0,52978,1,29.57770921896175,25-30,20-30,60-90.1
0,52986,1,35.593099295351664,30-40,30-45,60-90.1
0,53002,1,13.496976751366514,10-15,10-20,30-60
0,53046,1,13.541744342379488,10-15,10-20,60-90.1
0,53070,0,62.50102109519924,60-90,45-70,30-60
0,53110,1,14.910400841575017,10-15,10-20,0-30
0,53122,1,21.335059619120056,20-25,20-30,60-90.1
0,53135,0,61.62013892109991,60-90,45-70,60-90.1
0,53172,0,45.16698876116144,40-50,45-70,0-30
0,53174,1,43.28287510264418,40-50,30-45,0-30
0,53186,0,61.00455434432016,60-90,45-70,60-90.1
0,53227,1,26.783612004560506,25-30,20-30,30-60
0,53262,1,29.16107473704909,25-30,20-30,60-90.1
0,53294,1,35.59276187864865,30-40,30-45,60-90.1
0,53300,1,23.138383340179406,20-25,20-30,60-90.1
0,53334,1,39.107458920760735,30-40,30-45,60-90.1
0,53354,1,40.52847269967561,40-50,30-45,60-90.1
0,53360,1,20.052546617800967,20-25,20-30,30-60
0,53364,1,40.627539034336294,40-50,30-45,30-60
0,53391,1,37.720411723371726,30-40,30-45,60-90.1
0,53394,1,25.291244056738627,25-30,20-30,60-90.1
0,53449,1,16.69977037232829,15-20,10-20,60-90.1
0,53465,1,20.589066716922844,20-25,20-30,60-90.1
0,53472,1,25.54634990445275,25-30,20-30,60-90.1
0,53477,1,24.10625329912612,20-25,20-30,60-90.1
0,53502,1,13.825480651773413,10-15,10-20,30-60
0,53507,1,24.248984758204774,20-25,20-30,60-90.1
0,53512,1,21.868517503109725,20-25,20-30,60-90.1
0,53517,1,18.859217422309207,15-20,10-20,60-90.1
0,53549,1,29.867572623103477,25-30,20-30,30-60
0,53551,1,26.694040003049814,25-30,20-30,60-90.1
0,53567,1,13.717990483380257,10-15,10-20,30-60
0,53613,1,23.898480740091046,20-25,20-30,60-90.1
0,53615,1,18.94773976509692,15-20,10-20,60-90.1
0,53633,1,28.09058226603173,25-30,20-30,60-90.1
0,53711,1,27.811195125297086,25-30,20-30,30-60
0,53716,1,16.201294696998747,15-20,10-20,60-90.1
0,53741,1,15.95704504377591,15-20,10-20,60-90.1
0,53751,1,14.260887242349595,10-15,10-20,60-90.1
0,53768,1,13.741821978116313,10-15,10-20,60-90.1
0,53786,1,37.00922448667192,30-40,30-45,30-60
0,53795,1,27.437161106059865,25-30,20-30,30-60
0,53810,1,37.35130953480131,30-40,30-45,0-30
0,53813,1,23.847787934582403,20-25,20-30,0-30
0,53820,1,15.660143937153155,15-20,10-20,60-90.1
0,53835,1,18.581961141052698,15-20,10-20,60-90.1
0,53849,1,20.634166438044076,20-25,20-30,60-90.1
0,53864,1,37.384715629507596,30-40,30-45,0-30
0,53875,1,37.27954199998004,30-40,30-45,30-60
0,53891,1,17.899761742872503,15-20,10-20,60-90.1
0,53897,0,62.017809290869494,60-90,45-70,60-90.1
0,53920,1,16.358195339454383,15-20,10-20,30-60
0,53938,1,18.76157148600582,15-20,10-20,60-90.1
0,53944,0,52.604116727157034,50-60,45-70,0-30
0,53946,0,50.77384295608354,50-60,45-70,0-30
0,53948,0,48.90310310268371,40-50,45-70,0-30
0,53950,0,47.000500020825875,40-50,45-70,0-30
0,53957,1,40.49988248048009,40-50,30-45,0-30
0,53973,1,39.15280953840876,30-40,30-45,0-30
0,53996,1,22.032033545044737,20-25,20-30,30-60
0,54016,0,59.21714002403282,50-60,45-70,30-60
0,54029,1,24.37772856063996,20-25,20-30,30-60
0,54044,1,30.791166654862653,30-40,30-45,60-90.1
0,54063,1,18.112595189250936,15-20,10-20,60-90.1
0,54101,1,36.97512871762188,30-40,30-45,60-90.1
0,54108,1,17.21474037165906,15-20,10-20,0-30
0,54112,1,37.75229067856156,30-40,30-45,60-90.1
0,54126,1,23.034239243043913,20-25,20-30,30-60
0,54152,1,38.6776189553242,30-40,30-45,60-90.1
0,54181,1,34.49111242919518,30-40,30-45,0-30
0,54201,1,15.540354326064156,15-20,10-20,0-30
0,54202,1,17.104150286224698,15-20,10-20,30-60
0,54252,1,20.4790906323719,20-25,20-30,60-90.1
0,54258,1,27.68405123998516,25-30,20-30,60-90.1
0,54267,1,18.612935760334317,15-20,10-20,60-90.1
0,54284,1,29.92712418686833,25-30,20-30,30-60
0,54318,1,31.521659377390787,30-40,30-45,30-60
0,54355,1,18.506920851546646,15-20,10-20,60-90.1
0,54431,1,19.299096357842938,15-20,10-20,60-90.1
0,54512,1,26.296431405948596,25-30,20-30,60-90.1
0,54523,1,46.49273212806683,40-50,45-70,30-60
0,54546,0,48.84836785658855,40-50,45-70,60-90.1
0,54555,0,50.72083281574284,50-60,45-70,60-90.1
0,54582,1,30.141985123039703,30-40,30-45,60-90.1
0,54583,1,29.211029091422034,25-30,20-30,60-90.1
0,54599,1,25.549999056026284,25-30,20-30,30-60
0,54604,0,56.3911642883083,50-60,45-70,30-60
0,54610,1,14.247255753598912,10-15,10-20,30-60
0,54619,0,58.57913495359422,50-60,45-70,60-90.1
0,54632,1,16.494688200013133,15-20,10-20,60-90.1
0,54635,0,60.3727795883248,60-90,45-70,60-90.1
0,54637,1,22.6963211506175,20-25,20-30,30-60
0,54661,1,17.995662940028478,15-20,10-20,60-90.1
0,54663,1,36.78882781767531,30-40,30-45,0-30
0,54673,0,61.8331145579845,60-90,45-70,60-90.1
0,54717,1,21.60776868372071,20-25,20-30,30-60
0,54756,1,23.71406040963999,20-25,20-30,60-90.1
0,54768,0,54.61556682359742,50-60,45-70,30-60
0,54788,1,25.225771219625504,25-30,20-30,30-60
0,54815,1,27.22968165668913,25-30,20-30,30-60
0,54856,1,23.975229472043125,20-25,20-30,30-60
0,54874,1,19.74208246574758,15-20,10-20,60-90.1
0,54881,1,35.210087627675065,30-40,30-45,60-90.1
0,54897,1,39.146658695772494,30-40,30-45,60-90.1
0,54931,1,26.51024248355084,25-30,20-30,30-60
0,54947,1,26.518451722561323,25-30,20-30,30-60
0,54996,1,16.05185542435541,15-20,10-20,30-60
0,55006,1,19.183864144717962,15-20,10-20,60-90.1
0,55014,1,18.86971341008672,15-20,10-20,60-90.1
0,55028,1,21.92249957297502,20-25,20-30,60-90.1
0,55071,1,26.026182583400026,25-30,20-30,30-60
0,55090,1,27.78105231521606,25-30,20-30,30-60
0,55102,1,26.144004174976995,25-30,20-30,60-90.1
0,55118,1,27.83004386348398,25-30,20-30,30-60
0,55125,1,21.470608125127328,20-25,20-30,60-90.1
0,55137,1,32.69533922995458,30-40,30-45,60-90.1
0,55161,1,34.3313128847597,30-40,30-45,60-90.1
0,55163,1,25.95665886161327,25-30,20-30,60-90.1
0,55165,1,14.105292800619551,10-15,10-20,60-90.1
0,55176,1,36.09291872789076,30-40,30-45,60-90.1
0,55200,1,38.41616210192753,30-40,30-45,30-60
0,55205,1,11.912738865214989,10-15,10-20,30-60
0,55210,1,39.81414096989083,30-40,30-45,0-30
0,55228,1,42.25968721864635,40-50,30-45,30-60
0,55236,1,32.59184361098758,30-40,30-45,0-30
0,55239,1,22.49181078406222,20-25,20-30,60-90.1
0,55245,1,44.53022065825647,40-50,30-45,60-90.1
0,55257,1,31.192122090934365,30-40,30-45,0-30
0,55267,1,47.11696253572118,40-50,45-70,0-30
0,55307,1,23.750764343677883,20-25,20-30,60-90.1
0,55334,0,52.404700802365994,50-60,45-70,60-90.1
0,55342,1,32.12842331475959,30-40,30-45,60-90.1
0,55349,0,53.90546695685541,50-60,45-70,60-90.1
0,55379,1,25.480388246005678,25-30,20-30,30-60
0,55385,1,36.76470806455248,30-40,30-45,0-30
0,55388,1,23.912971191410332,20-25,20-30,30-60
0,55399,1,13.554984132337296,10-15,10-20,30-60
0,55401,1,36.59648819637269,30-40,30-45,0-30
0,55476,1,18.104395384257106,15-20,10-20,30-60
0,55506,0,58.257745531138255,50-60,45-70,30-60
0,55514,0,45.51944513275757,40-50,45-70,30-60
0,55517,0,42.74813726010126,40-50,30-45,30-60
0,55523,1,37.12890967948579,30-40,30-45,30-60
0,55531,0,56.32506308441284,50-60,45-70,0-30
0,55537,0,50.86939966751315,50-60,45-70,30-60
0,55539,0,48.98842996177811,40-50,45-70,30-60
0,55541,0,47.10926764568076,40-50,45-70,30-60
0,55550,1,38.41994539720431,30-40,30-45,0-30
0,55580,1,22.512205872577674,20-25,20-30,30-60
0,55607,1,28.458958530321958,25-30,20-30,30-60
0,55623,1,30.989351655615618,30-40,30-45,60-90.1
0,55627,1,33.53262080540398,30-40,30-45,30-60
0,55628,1,32.570745241312075,30-40,30-45,30-60
0,55659,1,36.44835206753995,30-40,30-45,60-90.1
0,55677,1,20.276783916546812,20-25,20-30,30-60
0,55685,1,23.88446348122326,20-25,20-30,60-90.1
0,55709,1,36.807110762083866,30-40,30-45,30-60
0,55742,1,15.98592962527413,15-20,10-20,0-30
0,55769,1,22.07603989255833,20-25,20-30,60-90.1
0,55790,1,17.081263848117203,15-20,10-20,30-60
0,55824,1,22.541472503998058,20-25,20-30,60-90.1
0,55840,1,19.00350804097905,15-20,10-20,60-90.1
0,55860,1,16.694130766412975,15-20,10-20,30-60
0,55945,1,30.81033397045221,30-40,30-45,30-60
0,55951,1,40.531089037636896,40-50,30-45,0-30
0,55977,1,12.005726255502339,10-15,10-20,30-60
0,56006,1,19.367121709032933,15-20,10-20,60-90.1
0,56022,1,11.454429527519498,10-15,10-20,30-60
0,56030,1,29.321019180743214,25-30,20-30,30-60
0,56057,1,10.908638250925668,10-15,10-20,30-60
0,56060,1,26.57503790761818,25-30,20-30,30-60
0,56066,1,20.868876651868344,20-25,20-30,60-90.1
0,56089,1,10.856999859665748,10-15,10-20,0-30
0,56119,1,19.482829178942417,15-20,10-20,60-90.1
0,56120,1,11.563537794058282,10-15,10-20,30-60
0,56127,1,28.07798552417189,25-30,20-30,30-60
0,56135,1,27.088086242226964,25-30,20-30,30-60
0,56182,1,22.52299311995324,20-25,20-30,30-60
0,56185,1,20.613982306456432,20-25,20-30,60-90.1
0,56191,1,15.06501722602031,15-20,10-20,30-60
0,56193,0,61.51952451853809,60-90,45-70,60-90.1
0,56206,0,61.70535269757176,60-90,45-70,60-90.1
0,56221,1,36.601095749098704,30-40,30-45,0-30
0,56229,1,35.99115937366212,30-40,30-45,30-60
0,56244,0,59.77793853902313,50-60,45-70,30-60
0,56290,0,44.58326875455639,40-50,30-45,30-60
0,56313,1,23.85223433740564,20-25,20-30,30-60
0,56392,1,21.281087840130134,20-25,20-30,60-90.1
0,56405,1,17.996101252886813,15-20,10-20,0-30
0,56418,1,39.86918520764798,30-40,30-45,60-90.1
0,56445,1,39.02795470647627,30-40,30-45,0-30
0,56449,1,34.27155348652272,30-40,30-45,30-60
0,56467,1,28.667253693586062,25-30,20-30,30-60
0,56496,1,17.25893320631496,15-20,10-20,30-60
0,56525,1,23.49188366463875,20-25,20-30,30-60
0,56542,1,24.077800670371886,20-25,20-30,60-90.1
0,56577,1,22.373709355261376,20-25,20-30,60-90.1
0,56582,1,28.10696819840532,25-30,20-30,0-30
0,56642,1,17.570558730174323,15-20,10-20,60-90.1
0,56710,1,17.613057774988743,15-20,10-20,60-90.1
0,56746,1,24.30041585823519,20-25,20-30,30-60
0,56759,1,33.37156253937677,30-40,30-45,60-90.1
0,56814,1,11.580553925663258,10-15,10-20,0-30
0,56824,1,18.482956780859517,15-20,10-20,60-90.1
0,56827,0,57.55551646640115,50-60,45-70,60-90.1
0,56842,0,59.43875615634692,50-60,45-70,60-90.1
0,56845,1,24.082227135883812,20-25,20-30,30-60
0,56883,1,17.191186785878013,15-20,10-20,60-90.1
0,56902,0,60.14651907168792,60-90,45-70,60-90.1
0,56922,1,36.205402723757494,30-40,30-45,30-60
0,56932,1,36.89063721650129,30-40,30-45,0-30
0,56953,0,52.16641331768947,50-60,45-70,0-30
0,56966,1,21.69390145485021,20-25,20-30,60-90.1
0,56969,1,20.023679517700373,20-25,20-30,0-30
0,56976,0,45.79685709248237,40-50,45-70,30-60
0,57010,1,26.18092620787948,25-30,20-30,30-60
0,57016,1,23.84439400282513,20-25,20-30,30-60
0,57061,1,33.811391572144416,30-40,30-45,60-90.1
0,57064,1,37.13883180496401,30-40,30-45,60-90.1
0,57115,1,30.412764340055656,30-40,30-45,30-60
0,57118,1,24.345364600289383,20-25,20-30,30-60
0,57147,1,32.80979486078307,30-40,30-45,30-60
0,57152,1,15.979454544782332,15-20,10-20,30-60
0,57177,1,18.924298003985808,15-20,10-20,0-30
0,57215,1,18.70118190722702,15-20,10-20,60-90.1
0,57222,1,26.094625363826186,25-30,20-30,60-90.1
0,57226,1,18.63715452808922,15-20,10-20,30-60
0,57234,1,25.620474422238942,25-30,20-30,30-60
0,57237,1,28.667854094083303,25-30,20-30,60-90.1
0,57257,1,31.101492850526014,30-40,30-45,30-60
0,57268,1,32.66296668710655,30-40,30-45,60-90.1
0,57273,1,34.338973058294236,30-40,30-45,60-90.1
0,57275,1,27.169734961804,25-30,20-30,60-90.1
0,57278,1,13.342016884157768,10-15,10-20,60-90.1
0,57281,1,35.951681684688346,30-40,30-45,60-90.1
0,57346,1,45.904076916768,40-50,45-70,30-60
0,57357,1,46.850010897766325,40-50,45-70,0-30
0,57369,1,47.53799864583145,40-50,45-70,30-60
0,57387,0,49.35457835992424,40-50,45-70,60-90.1
0,57397,1,16.386735215786874,15-20,10-20,60-90.1
0,57400,0,51.15350778029845,50-60,45-70,60-90.1
0,57415,0,53.531413031279484,50-60,45-70,60-90.1
0,57417,1,35.03837412203377,30-40,30-45,60-90.1
0,57432,1,29.640244985453904,25-30,20-30,30-60
0,57435,1,22.43890397927727,20-25,20-30,30-60
0,57441,0,55.37700176609955,50-60,45-70,60-90.1
0,57472,1,26.734170755174397,25-30,20-30,30-60
0,57475,1,21.231482683224648,20-25,20-30,30-60
0,57482,1,15.417491608136398,15-20,10-20,60-90.1
0,57488,1,25.552841248189196,25-30,20-30,30-60
0,57493,1,18.13482202770935,15-20,10-20,60-90.1
0,57520,1,18.421982240357224,15-20,10-20,60-90.1
0,57610,0,53.95639869411959,50-60,45-70,0-30
0,57616,0,40.31448721954642,40-50,30-45,30-60
0,57623,0,48.95620074578071,40-50,45-70,0-30
0,57625,0,47.10177874628145,40-50,45-70,0-30
0,57631,0,41.64973150317337,40-50,30-45,30-60
0,57639,0,44.30428006372717,40-50,30-45,30-60
0,57656,1,22.4333083994261,20-25,20-30,0-30
0,57676,1,27.37885748825627,25-30,20-30,30-60
0,57680,1,29.232215897541035,25-30,20-30,30-60
0,57694,1,31.80972340880314,30-40,30-45,60-90.1
0,57711,1,19.21832809560957,15-20,10-20,30-60
0,57727,1,38.25078184838056,30-40,30-45,60-90.1
0,57728,1,20.07736729764501,20-25,20-30,0-30
0,57735,1,37.40762642225346,30-40,30-45,0-30
0,57744,1,22.33933658922274,20-25,20-30,30-60
0,57784,1,18.75154941727448,15-20,10-20,60-90.1
0,57793,1,14.516804340352834,10-15,10-20,30-60
0,57864,1,27.13732885622689,25-30,20-30,30-60
0,57871,1,26.18243716379865,25-30,20-30,30-60
0,57886,1,28.06375949653399,25-30,20-30,0-30
0,57919,1,38.599947609835205,30-40,30-45,30-60
0,57929,1,39.78954166535405,30-40,30-45,0-30
0,57940,1,40.934517607249056,40-50,30-45,30-60
0,57948,1,16.642184767441105,15-20,10-20,60-90.1
0,57953,1,43.15958237949374,40-50,30-45,60-90.1
0,57955,1,33.610794249886965,30-40,30-45,0-30
0,57967,1,14.947549603039777,10-15,10-20,60-90.1
0,57985,1,32.175807426129516,30-40,30-45,0-30
0,58006,1,29.263873427578666,25-30,20-30,30-60
0,58026,1,10.683986659791092,10-15,10-20,0-30
0,58055,1,10.956213966790807,10-15,10-20,0-30
0,58057,1,36.556398587204825,30-40,30-45,0-30
0,58059,1,30.768247836923397,30-40,30-45,30-60
0,58065,1,15.474391539609483,15-20,10-20,60-90.1
0,58124,1,15.705321843090074,15-20,10-20,60-90.1
0,58128,1,13.535375354873839,10-15,10-20,30-60
0,58158,1,22.527118138644333,20-25,20-30,30-60
0,58172,1,20.34538756363551,20-25,20-30,60-90.1
0,58178,0,60.9202054777535,60-90,45-70,60-90.1
0,58182,1,35.927355540209604,30-40,30-45,30-60
0,58184,0,60.6839364423486,60-90,45-70,60-90.1
0,58226,0,49.86369276918176,40-50,45-70,0-30
0,58239,0,42.94346254834064,40-50,30-45,30-60
0,58247,0,45.67881387206457,40-50,45-70,0-30
0,58266,1,24.70651391152251,20-25,20-30,30-60
0,58298,1,22.001991079802423,20-25,20-30,30-60
0,58311,1,34.740652505112536,30-40,30-45,60-90.1
0,58348,1,32.50689288869794,30-40,30-45,0-30
0,58364,1,26.33272108248123,25-30,20-30,30-60
0,58378,1,16.264611651559356,15-20,10-20,30-60
0,58402,1,18.69893933543659,15-20,10-20,60-90.1
0,58407,1,21.149796953034432,20-25,20-30,60-90.1
0,58461,1,23.008235928076676,20-25,20-30,60-90.1
0,58522,1,11.97799331382436,10-15,10-20,30-60
0,58539,1,31.806079838836613,30-40,30-45,60-90.1
0,58561,1,11.738582917300121,10-15,10-20,0-30
0,58596,1,10.872584427010406,10-15,10-20,0-30
0,58616,1,13.546777960711825,10-15,10-20,60-90.1
0,58631,1,25.856343470029596,25-30,20-30,30-60
0,58651,1,12.276437794825295,10-15,10-20,60-90.1
0,58687,1,12.546426518730936,10-15,10-20,60-90.1
0,58712,1,20.507590950693903,20-25,20-30,0-30
0,58723,1,20.49033309458177,20-25,20-30,0-30
0,58727,1,23.43817971365488,20-25,20-30,30-60
0,58729,0,60.36639329248129,60-90,45-70,60-90.1
0,58742,1,36.048499133816684,30-40,30-45,30-60
0,58786,0,55.331544895914156,50-60,45-70,30-60
0,58791,1,39.69836544940699,30-40,30-45,30-60
0,58808,1,46.900743576705466,40-50,45-70,0-30
0,58856,1,27.928778645970976,25-30,20-30,60-90.1
0,58859,1,30.21532824254559,30-40,30-45,60-90.1
0,58878,1,22.274795471107137,20-25,20-30,30-60
0,58991,1,13.78812377014513,10-15,10-20,60-90.1
0,58995,1,20.62880324335601,20-25,20-30,60-90.1
0,59000,1,23.75127743375648,20-25,20-30,30-60
0,59020,1,26.454511854354713,25-30,20-30,60-90.1
0,59060,1,25.283918900126476,25-30,20-30,60-90.1
0,59061,1,22.5273122717034,20-25,20-30,60-90.1
0,59063,1,31.155632123927386,30-40,30-45,30-60
0,59122,1,38.58756905936482,30-40,30-45,30-60
0,59167,1,46.09136681011289,40-50,45-70,30-60
0,59203,1,23.460642241911863,20-25,20-30,30-60
0,59230,0,54.67351893892023,50-60,45-70,60-90.1
0,59231,1,37.19847230263946,30-40,30-45,0-30
0,59234,1,26.55651610838869,25-30,20-30,30-60
0,59243,0,56.40975729616137,50-60,45-70,60-90.1
0,59255,1,24.070335339657035,20-25,20-30,30-60
0,59257,0,58.08402684348256,50-60,45-70,60-90.1
0,59307,0,56.17969247743622,50-60,45-70,60-90.1
0,59321,1,38.772529363643805,30-40,30-45,30-60
0,59325,1,50.63019992196458,50-60,45-70,0-30
0,59354,1,42.22269149927185,40-50,30-45,60-90.1
0,59359,1,22.947631754025473,20-25,20-30,30-60
0,59374,1,26.457686040537396,25-30,20-30,30-60
0,59376,1,24.996281626967416,20-25,20-30,60-90.1
0,59406,1,31.83301553365276,30-40,30-45,60-90.1
0,59419,1,35.59746601809494,30-40,30-45,60-90.1
0,59430,1,23.076110183926936,20-25,20-30,30-60
0,59451,1,28.767094098271645,25-30,20-30,30-60
0,59452,1,24.412570685996236,20-25,20-30,30-60
0,59481,1,18.011023818131,15-20,10-20,0-30
0,59535,1,18.402925727163954,15-20,10-20,60-90.1
0,59541,1,22.820741653541475,20-25,20-30,60-90.1
0,59557,1,18.62649444969244,15-20,10-20,60-90.1
0,59568,1,28.672083471010215,25-30,20-30,30-60
0,59609,1,32.69586199350881,30-40,30-45,30-60
0,59621,1,34.23541898800735,30-40,30-45,60-90.1
0,59622,1,26.426168794646934,25-30,20-30,60-90.1
0,59628,1,36.07533449875276,30-40,30-45,60-90.1
0,59644,1,40.1898653581108,40-50,30-45,0-30
0,59649,1,41.3750938749785,40-50,30-45,30-60
0,59654,1,43.93785346494382,40-50,30-45,60-90.1
0,59669,1,47.039411863234264,40-50,45-70,0-30
0,59682,0,48.62735636859749,40-50,45-70,60-90.1
0,59690,0,50.39502382908226,50-60,45-70,60-90.1
0,59705,0,52.51837064256014,50-60,45-70,60-90.1
0,59708,1,31.306595879568377,30-40,30-45,30-60
0,59713,1,21.2952440509387,20-25,20-30,30-60
0,59734,1,20.468428079856427,20-25,20-30,30-60
0,59745,1,36.73872312593576,30-40,30-45,30-60
0,59766,1,36.43235287210031,30-40,30-45,30-60
0,59776,1,20.39295277592108,20-25,20-30,60-90.1
0,59798,1,36.37072361503564,30-40,30-45,0-30
0,59810,1,37.942864186531,30-40,30-45,30-60
0,59834,1,40.31303527750444,40-50,30-45,30-60
0,59837,1,40.77730027842634,40-50,30-45,60-90.1
0,59858,1,43.35980418978322,40-50,30-45,60-90.1
0,59878,1,22.04485583230317,20-25,20-30,0-30
0,59892,1,29.47708161116426,25-30,20-30,60-90.1
0,59929,1,34.9705632455572,30-40,30-45,0-30
0,59955,1,15.648749379016364,15-20,10-20,0-30
0,59978,1,17.28418085754324,15-20,10-20,30-60
0,60048,1,25.96095370344421,25-30,20-30,30-60
0,60050,1,21.777149110182172,20-25,20-30,60-90.1
0,60073,1,28.289675149404783,25-30,20-30,0-30
0,60092,1,28.25057874720179,25-30,20-30,30-60
0,60140,1,32.8343578279622,30-40,30-45,0-30
0,60148,1,30.1711325379058,30-40,30-45,30-60
0,60157,1,27.397941577050126,25-30,20-30,60-90.1
0,60207,1,27.519820181135792,25-30,20-30,30-60
0,60230,1,24.06812391401593,20-25,20-30,30-60
0,60239,1,19.09567857352631,15-20,10-20,30-60
0,60253,1,20.980648555362997,20-25,20-30,60-90.1
0,60289,0,55.83634060248172,50-60,45-70,60-90.1
0,60300,1,36.92522521649191,30-40,30-45,30-60
0,60319,1,39.395095633361215,30-40,30-45,60-90.1
0,60327,1,47.24059372744127,40-50,45-70,30-60
0,60338,1,45.13111012432569,40-50,45-70,60-90.1
0,60378,1,26.6352671945097,25-30,20-30,30-60
0,60394,1,23.841789215207978,20-25,20-30,0-30
0,60399,1,31.85835637948096,30-40,30-45,60-90.1
0,60408,1,25.383129218698194,25-30,20-30,0-30
0,60426,1,26.447406978620066,25-30,20-30,30-60
0,60443,1,18.50151225828368,15-20,10-20,60-90.1
0,60472,1,14.410382818683205,10-15,10-20,60-90.1
0,60513,1,17.115812181965804,15-20,10-20,30-60
0,60540,1,19.04265408412879,15-20,10-20,60-90.1
0,60548,1,24.8219465318231,20-25,20-30,60-90.1
0,60573,1,21.247484498484134,20-25,20-30,60-90.1
0,60620,1,31.36514066472178,30-40,30-45,30-60
0,60638,1,44.554746975027726,40-50,30-45,60-90.1
0,60653,1,23.15196695289853,20-25,20-30,60-90.1
0,60679,1,33.027626746596816,30-40,30-45,60-90.1
0,60713,1,16.964394813022817,15-20,10-20,60-90.1
0,60752,1,17.216710364375462,15-20,10-20,0-30
0,60776,0,57.27765101566066,50-60,45-70,0-30
0,60802,1,51.68908323835395,50-60,45-70,30-60
0,60803,1,38.6385511302898,30-40,30-45,60-90.1
0,60882,1,29.14610842534114,25-30,20-30,60-90.1
0,60909,1,30.342493379151026,30-40,30-45,0-30
0,60924,1,16.721605843304307,15-20,10-20,30-60
0,60943,1,16.85898102207903,15-20,10-20,60-90.1
0,60955,1,12.146678737617652,10-15,10-20,30-60
0,60957,1,21.27328797398898,20-25,20-30,60-90.1
0,60976,1,20.785631836650268,20-25,20-30,60-90.1
0,60993,1,18.17875956399735,15-20,10-20,60-90.1
0,61004,1,24.244608147821513,20-25,20-30,30-60
0,61056,1,31.725333743271968,30-40,30-45,30-60
0,61075,1,17.529191979773007,15-20,10-20,60-90.1
0,61077,1,33.286908331910425,30-40,30-45,30-60
0,61094,1,20.938868877225357,20-25,20-30,30-60
0,61098,1,34.89600618673878,30-40,30-45,60-90.1
0,61100,1,26.605872365663917,25-30,20-30,60-90.1
0,61104,1,36.57125458526392,30-40,30-45,60-90.1
0,61118,1,39.25450697315689,30-40,30-45,30-60
0,61121,1,42.019467216756944,40-50,30-45,30-60
0,61124,1,40.506703600322275,40-50,30-45,0-30
0,61156,1,46.15754837034311,40-50,45-70,0-30
0,61174,1,20.382611741815747,20-25,20-30,60-90.1
0,61191,1,17.72595840653182,15-20,10-20,60-90.1
0,61213,1,28.8415931619792,25-30,20-30,60-90.1
0,61235,1,24.70030531612684,20-25,20-30,60-90.1
0,61254,1,20.780318140242613,20-25,20-30,60-90.1
0,61270,0,56.250677233506295,50-60,45-70,60-90.1
0,61293,0,58.94793328395656,50-60,45-70,60-90.1
0,61302,1,35.993964260546555,30-40,30-45,30-60
0,61349,1,39.0721687911857,30-40,30-45,60-90.1
0,61356,1,39.499098585939365,30-40,30-45,60-90.1
0,61373,1,40.844901299190866,40-50,30-45,30-60
0,61430,1,31.641107464269886,30-40,30-45,30-60
0,61474,1,17.805992128827402,15-20,10-20,0-30
0,61510,1,23.618661180999847,20-25,20-30,60-90.1
0,61542,1,27.1767899717359,25-30,20-30,60-90.1
0,61545,1,20.903422946330604,20-25,20-30,60-90.1
0,61560,1,26.736907495235947,25-30,20-30,30-60
0,61567,1,29.88456165377326,25-30,20-30,30-60
0,61595,1,28.620522343292006,25-30,20-30,0-30
0,61599,1,27.098912151616688,25-30,20-30,30-60
0,61666,1,30.894642949498405,30-40,30-45,30-60
0,61673,1,19.679497576939152,15-20,10-20,60-90.1
0,61679,1,27.67526435742692,25-30,20-30,30-60
0,61683,1,23.884769783412207,20-25,20-30,60-90.1
0,61697,1,17.417307444550477,15-20,10-20,60-90.1
0,61701,1,47.43705612616885,40-50,45-70,30-60
0,61718,0,49.35283258676714,40-50,45-70,30-60
0,61721,1,15.009554452208798,15-20,10-20,60-90.1
0,61728,0,50.784238257743624,50-60,45-70,60-90.1
0,61742,1,35.338311957345454,30-40,30-45,60-90.1
0,61747,1,13.609866086394852,10-15,10-20,30-60
0,61750,0,52.909830561886004,50-60,45-70,60-90.1
0,61766,1,21.27378574331281,20-25,20-30,60-90.1
0,61783,1,17.370716076197464,15-20,10-20,60-90.1
0,61787,0,54.38285378743813,50-60,45-70,60-90.1
0,61811,0,57.171413036267715,50-60,45-70,60-90.1
0,61816,1,36.70476191500282,30-40,30-45,30-60
0,61844,1,37.72198522736792,30-40,30-45,30-60
0,61850,1,52.40716853569512,50-60,45-70,60-90.1
0,61852,1,38.183970503793105,30-40,30-45,60-90.1
0,61869,1,47.617730597341286,40-50,45-70,30-60
0,61870,1,38.5316176782003,30-40,30-45,60-90.1
0,61881,1,45.30014675651935,40-50,45-70,60-90.1
0,61889,1,42.37226286538244,40-50,30-45,0-30
0,61899,1,23.784182831031142,20-25,20-30,30-60
0,61915,1,25.75475650126299,25-30,20-30,60-90.1
0,61933,1,24.779284526013996,20-25,20-30,30-60
0,61953,1,27.818778112057387,25-30,20-30,0-30
0,62007,1,16.3638586269149,15-20,10-20,30-60
0,62026,1,17.295906477289737,15-20,10-20,0-30
0,62052,1,15.856115448234144,15-20,10-20,0-30
0,62057,1,23.94513417427564,20-25,20-30,60-90.1
0,62098,1,23.384668645656742,20-25,20-30,30-60
0,62106,1,17.278425057483307,15-20,10-20,60-90.1
0,62134,1,30.760070742913705,30-40,30-45,30-60
0,62188,1,14.394183482206666,10-15,10-20,60-90.1
0,62243,1,36.60564269929715,30-40,30-45,30-60
0,62272,1,36.95336540921923,30-40,30-45,30-60
0,62310,1,53.52213285883919,50-60,45-70,30-60
0,62335,1,50.013734868409735,50-60,45-70,0-30
0,62348,1,37.214070732480565,30-40,30-45,60-90.1
0,62393,1,28.243078331909082,25-30,20-30,60-90.1
0,62401,1,15.218678488591804,15-20,10-20,0-30
0,62516,1,15.824624334836466,15-20,10-20,0-30
0,62536,1,27.493298288167423,25-30,20-30,30-60
0,62558,1,33.74696619945359,30-40,30-45,30-60
0,62569,1,35.28959693848618,30-40,30-45,60-90.1
0,62570,1,28.26304810254632,25-30,20-30,60-90.1
0,62579,1,37.61528445539746,30-40,30-45,60-90.1
0,62589,1,39.71036703388114,30-40,30-45,0-30
0,62595,1,40.879518378661956,40-50,30-45,0-30
0,62601,1,43.100623071882524,40-50,30-45,60-90.1
0,62610,1,16.398848928583774,15-20,10-20,60-90.1
0,62625,1,20.36881401387085,20-25,20-30,60-90.1
0,62630,1,44.72476432068674,40-50,30-45,60-90.1
0,62642,1,12.454966637936582,10-15,10-20,0-30
0,62656,1,29.5358560716103,25-30,20-30,30-60
0,62683,1,25.414504296890314,25-30,20-30,60-90.1
0,62689,1,17.740962066581705,15-20,10-20,60-90.1
0,62738,1,37.397562577055396,30-40,30-45,30-60
0,62759,1,37.714636587659385,30-40,30-45,60-90.1
0,62801,1,37.28935921176532,30-40,30-45,30-60
0,62832,1,15.929568355719514,15-20,10-20,0-30
0,62833,1,18.12276714088867,15-20,10-20,60-90.1
0,62848,1,21.339016360257236,20-25,20-30,30-60
0,62851,1,18.388109173099387,15-20,10-20,60-90.1
0,62867,1,17.90732134270084,15-20,10-20,0-30
0,62883,1,17.733514570284907,15-20,10-20,0-30
0,62888,1,20.44853363710712,20-25,20-30,60-90.1
0,62899,1,16.693418671333923,15-20,10-20,30-60
0,62906,1,17.84319554310294,15-20,10-20,30-60
0,62925,1,23.89223953292941,20-25,20-30,60-90.1
0,62933,1,31.727060352524045,30-40,30-45,30-60
0,62947,1,28.619215223461296,25-30,20-30,0-30
0,62956,1,17.509093618833674,15-20,10-20,60-90.1
0,62968,1,21.829185107038207,20-25,20-30,60-90.1
0,62988,1,25.594461200010507,25-30,20-30,60-90.1
0,63031,1,28.720086067091973,25-30,20-30,30-60
0,63036,1,24.414748974422782,20-25,20-30,60-90.1
0,63061,1,46.44830152476626,40-50,45-70,0-30
0,63073,1,47.685487288481525,40-50,45-70,30-60
0,63089,1,14.168690443432292,10-15,10-20,60-90.1
0,63117,1,22.07407664450898,20-25,20-30,60-90.1
0,63124,0,52.77311288954285,50-60,45-70,60-90.1
0,63126,1,36.504993673479625,30-40,30-45,0-30
0,63151,1,54.72970540113335,50-60,45-70,30-60
0,63167,1,37.34775564928665,30-40,30-45,60-90.1
0,63174,1,49.895655245993645,40-50,45-70,60-90.1
0,63196,1,35.48873279211342,30-40,30-45,30-60
0,63203,1,38.235790510634914,30-40,30-45,0-30
0,63236,1,31.774473173077737,30-40,30-45,60-90.1
0,63263,1,16.97665847894621,15-20,10-20,0-30
0,63292,1,21.588850948862582,20-25,20-30,60-90.1
0,63296,1,24.141856188724372,20-25,20-30,60-90.1
0,63315,1,24.58736769052273,20-25,20-30,30-60
0,63340,1,29.647147710303052,25-30,20-30,60-90.1
0,63342,1,26.855893536714063,25-30,20-30,30-60
0,63400,1,28.300005231306635,25-30,20-30,60-90.1
0,63453,1,17.295089395462323,15-20,10-20,60-90.1
0,63487,0,49.10680081056198,40-50,45-70,60-90.1
0,63501,1,26.176699495893548,25-30,20-30,60-90.1
0,63507,1,18.56962780376647,15-20,10-20,60-90.1
0,63509,0,50.50735310512537,50-60,45-70,60-90.1
0,63540,1,54.65794038607795,50-60,45-70,30-60
0,63578,1,34.19229802636979,30-40,30-45,30-60
0,63587,1,45.0842455368836,40-50,45-70,60-90.1
0,63629,1,42.16963150136661,40-50,30-45,0-30
0,63649,1,34.07665596685635,30-40,30-45,60-90.1
0,63680,1,16.714091903479783,15-20,10-20,0-30
0,63719,1,26.29053107929284,25-30,20-30,60-90.1
0,63773,1,26.634426745493037,25-30,20-30,60-90.1
0,63778,1,28.773043409778985,25-30,20-30,0-30
0,63794,1,33.39417286752351,30-40,30-45,30-60
0,63807,1,35.48680735246872,30-40,30-45,60-90.1
0,63815,1,37.77925349794969,30-40,30-45,60-90.1
0,63820,1,28.876483208144816,25-30,20-30,30-60
0,63825,1,40.30552590131586,40-50,30-45,0-30
0,63833,1,13.308459522134845,10-15,10-20,30-60
0,63836,1,41.22635060575825,40-50,30-45,0-30
0,63853,1,25.316956626255614,25-30,20-30,30-60
0,63857,1,21.5209536863329,20-25,20-30,60-90.1
0,63865,1,11.481562990130557,10-15,10-20,0-30
0,63867,1,43.22693115983256,40-50,30-45,60-90.1
0,63899,1,31.69158114672239,30-40,30-45,60-90.1
0,63954,0,53.695774162289766,50-60,45-70,60-90.1
0,63963,0,55.49260114843093,50-60,45-70,60-90.1
0,63966,1,37.01868265452267,30-40,30-45,30-60
0,63990,1,49.289573531471994,40-50,45-70,60-90.1
0,64033,1,39.495204666202575,30-40,30-45,0-30
0,64047,1,20.402647782564934,20-25,20-30,60-90.1
0,64054,1,45.7587316099414,40-50,45-70,30-60
0,64068,1,26.32701246674501,25-30,20-30,30-60
0,64082,1,34.61336526127335,30-40,30-45,30-60
0,64099,1,29.008747135612765,25-30,20-30,30-60
0,64180,1,17.343813300912984,15-20,10-20,60-90.1
0,64194,1,16.78317422423493,15-20,10-20,0-30
0,64225,1,23.443584314394737,20-25,20-30,60-90.1
0,64226,1,19.959839131417763,15-20,10-20,30-60
0,64243,1,31.90637520318774,30-40,30-45,30-60
0,64252,1,21.083050277801142,20-25,20-30,60-90.1
0,64265,1,18.028304195114316,15-20,10-20,30-60
0,64289,1,22.193938170083083,20-25,20-30,30-60
0,64361,1,14.991254810794198,10-15,10-20,60-90.1
0,64366,1,22.538192444691116,20-25,20-30,30-60
0,64370,1,18.749550088676358,15-20,10-20,60-90.1
0,64377,1,11.55801903520519,10-15,10-20,30-60
0,64381,1,44.48177177993247,40-50,30-45,60-90.1
0,64392,1,14.213929697934164,10-15,10-20,60-90.1
0,64429,1,22.858270421228287,20-25,20-30,60-90.1
0,64465,1,36.74386141498765,30-40,30-45,60-90.1
0,64500,1,35.38159803026719,30-40,30-45,60-90.1
0,64545,1,31.516457584267904,30-40,30-45,30-60
0,64552,1,25.332912168405503,25-30,20-30,60-90.1
0,64613,1,44.203523063661365,40-50,30-45,60-90.1
0,64633,1,42.841554319716856,40-50,30-45,30-60
0,64655,1,22.196689242317014,20-25,20-30,60-90.1
0,64678,1,16.317938336612958,15-20,10-20,0-30
0,64709,1,17.417116302722537,15-20,10-20,30-60
0,64755,1,19.899720112190348,15-20,10-20,60-90.1
0,64767,1,29.601310509026376,25-30,20-30,30-60
0,64777,1,27.690096580629863,25-30,20-30,30-60
0,64794,1,26.66047486497017,25-30,20-30,30-60
0,64804,1,28.553714577891665,25-30,20-30,0-30
0,64839,1,23.245988753998375,20-25,20-30,60-90.1
0,64845,1,18.174238181490193,15-20,10-20,30-60
0,64874,1,38.26429690447074,30-40,30-45,60-90.1
0,64875,1,27.01543148958389,25-30,20-30,30-60
0,64897,1,13.441504128731628,10-15,10-20,60-90.1
0,64931,1,46.14263092869986,40-50,45-70,0-30
0,64958,1,33.24020742548389,30-40,30-45,60-90.1
0,64964,1,27.79232108970122,25-30,20-30,30-60
0,64995,1,18.320648497485482,15-20,10-20,60-90.1
0,64999,0,49.29512013207456,40-50,45-70,60-90.1
0,65014,1,36.28898149785274,30-40,30-45,60-90.1
0,65047,1,49.30661545312437,40-50,45-70,30-60
0,65074,1,24.998257978545666,20-25,20-30,30-60
0,65092,1,20.178459673582907,20-25,20-30,60-90.1
0,65095,1,29.58030242458128,25-30,20-30,30-60
0,65114,1,36.50836078139165,30-40,30-45,0-30
0,65194,1,31.740228738629085,30-40,30-45,0-30
0,65207,1,28.517474485478374,25-30,20-30,30-60
0,65221,1,24.491174194291403,20-25,20-30,30-60
0,65233,1,18.397007585641063,15-20,10-20,60-90.1
0,65235,1,17.607293042352218,15-20,10-20,30-60
0,65258,1,20.165111472875306,20-25,20-30,60-90.1
0,65270,1,22.69933587362714,20-25,20-30,60-90.1
0,65295,1,17.559290521939033,15-20,10-20,30-60
0,65394,1,24.63979901570995,20-25,20-30,60-90.1
0,65400,1,19.521230182070642,15-20,10-20,60-90.1
0,65403,1,36.186297794998296,30-40,30-45,60-90.1
0,65430,1,40.090856255137396,40-50,30-45,0-30
0,65434,1,25.637118890467868,25-30,20-30,0-30
0,65469,1,17.026460758031526,15-20,10-20,60-90.1
0,65472,1,11.11514304256315,10-15,10-20,0-30
0,65480,1,11.844608369345423,10-15,10-20,30-60
0,65488,1,47.2241736079419,40-50,45-70,30-60
0,65514,1,13.94820823071429,10-15,10-20,60-90.1
0,65534,1,34.88621315352329,30-40,30-45,30-60
0,65535,1,23.993511400518347,20-25,20-30,30-60
0,65567,1,15.113653989956315,15-20,10-20,60-90.1
0,65606,1,50.27079057029086,50-60,45-70,30-60
0,65618,1,33.94032725991861,30-40,30-45,30-60
0,65700,1,18.344946508298907,15-20,10-20,30-60
0,65711,1,23.748260623924992,20-25,20-30,30-60
0,65776,1,20.335352308619772,20-25,20-30,30-60
0,65828,1,21.338224245753448,20-25,20-30,60-90.1
0,65838,1,16.401883068159435,15-20,10-20,0-30
0,65839,1,24.411569808985845,20-25,20-30,30-60
0,65855,1,26.352304838269916,25-30,20-30,60-90.1
0,65862,1,25.010714814662983,25-30,20-30,30-60
0,65864,1,20.003066644626408,20-25,20-30,60-90.1
0,65880,1,23.433465296738778,20-25,20-30,60-90.1
0,65885,1,27.400815798788887,25-30,20-30,30-60
0,65910,1,20.085782901386175,20-25,20-30,30-60
0,65920,1,31.986867792370408,30-40,30-45,30-60
0,65940,1,27.452173755984923,25-30,20-30,30-60
0,65946,1,33.664667570899226,30-40,30-45,30-60
0,65973,1,22.94282752894037,20-25,20-30,60-90.1
0,65983,1,40.932336108528844,40-50,30-45,0-30
0,66008,1,24.55836072242897,20-25,20-30,30-60
0,66012,1,20.849569643344598,20-25,20-30,60-90.1
0,66023,1,42.89801652085658,40-50,30-45,60-90.1
0,66070,1,11.994987314797767,10-15,10-20,30-60
0,66092,1,19.2584168038265,15-20,10-20,60-90.1
0,66119,1,12.378530353406733,10-15,10-20,30-60
0,66134,1,16.065700365656465,15-20,10-20,30-60
0,66154,1,13.504986321255778,10-15,10-20,30-60
0,66209,1,29.094213002574033,25-30,20-30,0-30
0,66242,1,20.99792950441338,20-25,20-30,30-60
0,66271,1,32.51654151799883,30-40,30-45,30-60
0,66294,1,40.026170332992606,40-50,30-45,30-60
0,66296,1,29.775499975050753,25-30,20-30,30-60
0,66310,1,26.970742705283755,25-30,20-30,30-60
0,66316,1,41.24179817183426,40-50,30-45,60-90.1
0,66324,1,23.202593587471796,20-25,20-30,60-90.1
0,66424,1,18.204838802492773,15-20,10-20,30-60
0,66443,1,29.97365381267693,25-30,20-30,30-60
0,66458,1,24.3662420622725,20-25,20-30,60-90.1
0,66479,1,21.29925381342811,20-25,20-30,30-60
0,66492,1,28.601485426044338,25-30,20-30,0-30
0,66535,1,16.319198438598484,15-20,10-20,60-90.1
0,66555,1,38.00022970468296,30-40,30-45,60-90.1
0,66581,1,14.170246420519831,10-15,10-20,60-90.1
0,66603,1,44.14441912974008,40-50,30-45,60-90.1
0,66626,1,45.686141019245646,40-50,45-70,0-30
0,66632,1,28.567525633791607,25-30,20-30,30-60
0,66657,1,24.84318768975839,20-25,20-30,30-60
0,66675,0,49.37456333545645,40-50,45-70,60-90.1
0,66679,1,20.284606186809395,20-25,20-30,30-60
0,66699,0,51.02842105860344,50-60,45-70,60-90.1
0,66722,1,50.27816054829699,50-60,45-70,30-60
0,66725,1,34.23332580398872,30-40,30-45,60-90.1
0,66741,1,28.714959593822655,25-30,20-30,30-60
0,66753,1,24.701862836414687,20-25,20-30,60-90.1
0,66766,1,20.23885127193712,20-25,20-30,60-90.1
0,66771,1,35.08916592522581,30-40,30-45,0-30
0,66786,1,17.61718241833132,15-20,10-20,30-60
0,66788,1,38.25633733228391,30-40,30-45,0-30
0,66818,1,43.131567408067134,40-50,30-45,60-90.1
0,66822,1,29.152829838712442,25-30,20-30,30-60
0,66826,1,26.09229002830449,25-30,20-30,30-60
0,66883,1,17.542580713902066,15-20,10-20,0-30
0,66923,1,17.599030011814428,15-20,10-20,30-60
0,66935,1,24.993505149085415,20-25,20-30,60-90.1
0,66982,1,16.742315150110755,15-20,10-20,30-60
0,67008,1,14.496877077322571,10-15,10-20,0-30
0,67020,1,22.260166537760973,20-25,20-30,30-60
0,67052,1,19.634737097439405,15-20,10-20,60-90.1
0,67057,1,35.933402013878236,30-40,30-45,60-90.1
0,67064,1,24.72000234537184,20-25,20-30,60-90.1
0,67086,1,39.43410846103045,30-40,30-45,30-60
0,67088,1,26.21532280887828,25-30,20-30,0-30
0,67105,1,22.28626572710041,20-25,20-30,30-60
0,67109,1,18.5572446492394,15-20,10-20,60-90.1
0,67135,1,11.069348083031462,10-15,10-20,0-30
0,67223,1,16.797914174136945,15-20,10-20,60-90.1
0,67231,1,33.52430280370951,30-40,30-45,60-90.1
0,67321,1,32.01017577314735,30-40,30-45,0-30
0,67329,1,43.06889791905795,40-50,30-45,60-90.1
0,67377,1,39.7036488516422,30-40,30-45,30-60
0,67395,1,15.98785476653186,15-20,10-20,0-30
0,67416,1,17.39692962747738,15-20,10-20,30-60
0,67453,1,27.074054845721285,25-30,20-30,60-90.1
0,67455,1,19.871803896379298,15-20,10-20,60-90.1
0,67472,1,20.028231158697082,20-25,20-30,30-60
0,67492,1,27.434394140244546,25-30,20-30,30-60
0,67519,1,25.4242427381959,25-30,20-30,60-90.1
0,67542,1,28.104894523868357,25-30,20-30,0-30
0,67552,1,18.399884014706,15-20,10-20,30-60
0,67565,1,33.57054754436813,30-40,30-45,60-90.1
0,67615,1,11.701974041383925,10-15,10-20,0-30
0,67632,1,16.0962444836041,15-20,10-20,60-90.1
0,67639,1,25.198469852549895,25-30,20-30,30-60
0,67681,1,30.697110787433342,30-40,30-45,60-90.1
0,67688,1,11.120108327874332,10-15,10-20,0-30
0,67692,1,46.18231794769493,40-50,45-70,60-90.1
0,67706,1,32.20008984747942,30-40,30-45,60-90.1
0,67721,1,21.914172752472883,20-25,20-30,30-60
0,67723,1,11.295238050163313,10-15,10-20,0-30
0,67780,1,14.758868542262949,10-15,10-20,60-90.1
0,67837,1,44.23567121252693,40-50,30-45,60-90.1
0,67844,1,31.019885151375032,30-40,30-45,0-30
0,67870,1,27.815364336769665,25-30,20-30,30-60
0,67883,1,25.26222424151428,25-30,20-30,0-30
0,67891,1,22.12933447433785,20-25,20-30,30-60
0,67911,1,17.76634994214432,15-20,10-20,60-90.1
0,67918,1,39.483365371910594,30-40,30-45,60-90.1
0,67925,1,37.876178761132735,30-40,30-45,30-60
0,67952,1,18.224991708095743,15-20,10-20,60-90.1
0,67971,1,18.961695300647804,15-20,10-20,60-90.1
0,67982,1,22.148163714230833,20-25,20-30,60-90.1
0,68013,1,22.074429107015852,20-25,20-30,30-60
0,68028,1,31.865652813027918,30-40,30-45,30-60
0,68045,1,28.517370355501555,25-30,20-30,0-30
0,68060,1,15.291284190434043,15-20,10-20,30-60
0,68082,1,26.32455995262359,25-30,20-30,30-60
0,68136,1,40.30725851677125,40-50,30-45,30-60
0,68159,1,20.281194270493458,20-25,20-30,60-90.1
0,68218,1,26.077517444435884,25-30,20-30,30-60
0,68253,1,47.11014324366224,40-50,45-70,60-90.1
0,68278,1,48.79270066974347,40-50,45-70,60-90.1
0,68285,1,23.325201884832897,20-25,20-30,30-60
0,68290,1,11.895833941941717,10-15,10-20,30-60
0,68297,1,28.433085269002092,25-30,20-30,30-60
0,68306,1,18.40533931794298,15-20,10-20,60-90.1
0,68333,1,45.93770997965816,40-50,45-70,30-60
0,68339,1,24.033405153637535,20-25,20-30,60-90.1
0,68361,1,19.70606243438618,15-20,10-20,60-90.1
0,68365,1,16.04014406585769,15-20,10-20,60-90.1
0,68392,1,33.817819359581044,30-40,30-45,0-30
0,68414,1,17.050738814206056,15-20,10-20,60-90.1
0,68451,1,38.30796856196186,30-40,30-45,30-60
0,68500,1,15.82542503086716,15-20,10-20,30-60
0,68522,1,20.84168547759576,20-25,20-30,60-90.1
0,68530,1,23.575125132079158,20-25,20-30,30-60
0,68546,1,24.48927249728118,20-25,20-30,30-60
0,68554,1,29.879701908629166,25-30,20-30,30-60
0,68566,1,23.060817277165242,20-25,20-30,0-30
0,68576,1,20.95184489434455,20-25,20-30,30-60
0,68615,1,28.76479958110126,25-30,20-30,0-30
0,68622,1,17.809969699279048,15-20,10-20,60-90.1
0,68626,1,14.697855483370232,10-15,10-20,60-90.1
0,68643,1,22.64131682124868,20-25,20-30,60-90.1
0,68651,1,35.4500863046469,30-40,30-45,60-90.1
0,68656,1,25.34195615244493,25-30,20-30,30-60
0,68673,1,12.962315490942146,10-15,10-20,60-90.1
0,68688,1,41.41841589414922,40-50,30-45,30-60
0,68701,1,17.800624654906645,15-20,10-20,60-90.1
0,68712,1,22.87976475358643,20-25,20-30,30-60
0,68723,1,11.440617458538384,10-15,10-20,0-30
0,68742,1,11.380630872828382,10-15,10-20,0-30
0,68778,1,27.73987763481395,25-30,20-30,30-60
0,68850,1,26.988389173254557,25-30,20-30,30-60
0,68884,1,14.905078027337519,10-15,10-20,30-60
0,68895,1,19.85916601627502,15-20,10-20,60-90.1
0,68925,1,36.25248024517949,30-40,30-45,30-60
0,68955,1,17.615508796832746,15-20,10-20,30-60
0,68986,1,19.78428052166716,15-20,10-20,0-30
0,69027,1,26.84743515288977,25-30,20-30,30-60
0,69056,1,16.835002739972133,15-20,10-20,30-60
0,69062,1,31.807826223477296,30-40,30-45,30-60
0,69079,1,33.22150066649635,30-40,30-45,30-60
0,69122,1,36.780456069829356,30-40,30-45,60-90.1
0,69133,1,25.936696813604378,25-30,20-30,30-60
0,69139,1,38.59965962248788,30-40,30-45,30-60
0,69160,1,15.557813237195326,15-20,10-20,60-90.1
0,69181,1,42.24289220672744,40-50,30-45,60-90.1
0,69234,1,12.20402577166028,10-15,10-20,0-30
0,69243,1,30.227331476170907,30-40,30-45,0-30
0,69258,1,14.421905249881346,10-15,10-20,30-60
0,69273,1,36.38888091807531,30-40,30-45,30-60
0,69275,1,23.750247581438472,20-25,20-30,60-90.1
0,69310,1,38.02307622970162,30-40,30-45,30-60
0,69316,1,16.007482997967408,15-20,10-20,0-30
0,69405,1,21.904125536820615,20-25,20-30,60-90.1
0,69412,1,26.44289343215426,25-30,20-30,60-90.1
0,69455,1,28.264539281174375,25-30,20-30,30-60
0,69457,1,22.999001132519318,20-25,20-30,60-90.1
0,69477,1,26.058479989057727,25-30,20-30,60-90.1
0,69489,1,28.439889470868906,25-30,20-30,30-60
0,69508,1,21.038038801204294,20-25,20-30,60-90.1
0,69551,1,24.61136002708921,20-25,20-30,0-30
0,69556,1,19.91356525171794,15-20,10-20,30-60
0,69559,1,12.735641621635578,10-15,10-20,30-60
0,69572,1,17.136063908371693,15-20,10-20,60-90.1
0,69601,1,43.19725145982572,40-50,30-45,60-90.1
0,69607,1,11.39245222023742,10-15,10-20,0-30
0,69614,1,43.8843685900906,40-50,30-45,60-90.1
0,69627,1,42.38436812992794,40-50,30-45,60-90.1
0,69674,1,38.534960011187145,30-40,30-45,30-60
0,69685,1,20.846590366820035,20-25,20-30,60-90.1
0,69727,1,35.30245970561486,30-40,30-45,0-30
0,69807,1,25.130256315061505,25-30,20-30,30-60
0,69813,1,29.229175575705028,25-30,20-30,30-60
0,69836,1,19.44556616444797,15-20,10-20,30-60
0,69843,1,14.407013944095784,10-15,10-20,0-30
0,69860,1,28.943791690889558,25-30,20-30,0-30
0,69868,1,16.3945977040403,15-20,10-20,60-90.1
0,69904,1,23.289443120063552,20-25,20-30,60-90.1
0,69923,1,39.28488254143445,30-40,30-45,30-60
0,69946,1,22.545820602048263,20-25,20-30,30-60
0,69964,1,14.115359433384187,10-15,10-20,60-90.1
0,69971,1,12.343521589456746,10-15,10-20,0-30
0,70000,1,11.591381188221247,10-15,10-20,0-30
0,70019,1,11.980691475600633,10-15,10-20,0-30
0,70021,1,39.842150112625,30-40,30-45,60-90.1
0,70024,1,32.60588805529084,30-40,30-45,30-60
0,70049,1,34.97008227426527,30-40,30-45,30-60
0,70084,1,18.01499704758782,15-20,10-20,30-60
0,70098,1,34.40271645133746,30-40,30-45,30-60
0,70115,1,14.862539543734968,10-15,10-20,0-30
0,70128,1,17.991623125962324,15-20,10-20,60-90.1
0,70137,1,20.36805982186692,20-25,20-30,60-90.1
0,70141,1,19.181696913703146,15-20,10-20,30-60
0,70160,1,23.182107475062605,20-25,20-30,60-90.1
0,70187,1,25.605959887003895,25-30,20-30,30-60
0,70216,1,22.270947587208667,20-25,20-30,60-90.1
0,70233,1,31.668807251984248,30-40,30-45,30-60
0,70237,1,25.117271189586898,25-30,20-30,60-90.1
0,70259,1,27.787179498586184,25-30,20-30,30-60
0,70268,1,33.18886340756379,30-40,30-45,30-60
0,70280,1,34.85184161968671,30-40,30-45,60-90.1
0,70323,1,19.589373728556676,15-20,10-20,30-60
0,70363,1,12.618391264559563,10-15,10-20,30-60
0,70394,1,25.660009777746676,25-30,20-30,30-60
0,70416,1,22.107216508755698,20-25,20-30,60-90.1
0,70426,1,13.968708647374196,10-15,10-20,30-60
0,70446,1,34.778259638608944,30-40,30-45,30-60
0,70472,1,34.57645000245672,30-40,30-45,30-60
0,70500,1,16.04516185958547,15-20,10-20,30-60
0,70511,1,18.646864876032378,15-20,10-20,30-60
0,70544,1,21.85711118558403,20-25,20-30,30-60
0,70606,1,15.912185061871702,15-20,10-20,60-90.1
0,70623,1,28.864479692171297,25-30,20-30,0-30
0,70630,1,19.35844287897623,15-20,10-20,60-90.1
0,70656,1,24.185211661601585,20-25,20-30,60-90.1
0,70663,1,25.14110896343107,25-30,20-30,30-60
0,70674,1,39.4532519976041,30-40,30-45,60-90.1
0,70703,1,22.351522182200434,20-25,20-30,30-60
0,70725,1,13.964537494992037,10-15,10-20,30-60
0,70730,1,19.23840346818512,15-20,10-20,30-60
0,70776,1,15.721276203649039,15-20,10-20,30-60
0,70787,1,28.776689379910128,25-30,20-30,30-60
0,70843,1,19.876350528134502,15-20,10-20,60-90.1
0,70884,1,31.727181701571773,30-40,30-45,30-60
0,70922,1,19.55173153905726,15-20,10-20,30-60
0,70938,1,20.188538933404566,20-25,20-30,30-60
0,70966,1,25.90513951198959,25-30,20-30,60-90.1
0,70968,1,23.624464832217555,20-25,20-30,30-60
0,70980,1,25.754180899295527,25-30,20-30,60-90.1
0,70988,1,15.730821466527896,15-20,10-20,60-90.1
0,70990,1,29.291402003509415,25-30,20-30,30-60
0,70997,1,19.17939855408301,15-20,10-20,30-60
0,71064,1,27.056072278997515,25-30,20-30,30-60
0,71074,1,21.32448678408599,20-25,20-30,60-90.1
0,71083,1,35.21544434510989,30-40,30-45,60-90.1
0,71097,1,24.03805639457901,20-25,20-30,0-30
0,71107,1,16.63112493609363,15-20,10-20,30-60
0,71125,1,38.98352603427145,30-40,30-45,60-90.1
0,71140,1,17.021676159878126,15-20,10-20,30-60
0,71173,1,11.835183302719786,10-15,10-20,30-60
0,71201,1,31.590050297778742,30-40,30-45,0-30
0,71221,1,33.62213417965111,30-40,30-45,0-30
0,71253,1,34.30162953291808,30-40,30-45,0-30
0,71336,1,23.412526857630017,20-25,20-30,30-60
0,71348,1,22.128944317857936,20-25,20-30,0-30
0,71393,1,17.855954908894926,15-20,10-20,0-30
0,71398,1,23.75300436424005,20-25,20-30,60-90.1
0,71419,1,17.52581443524662,15-20,10-20,30-60
0,71421,1,31.59635560651855,30-40,30-45,30-60
0,71504,1,37.550973228838004,30-40,30-45,60-90.1
0,71511,1,13.73737350590462,10-15,10-20,30-60
0,71529,1,17.761847288772504,15-20,10-20,30-60
0,71534,1,36.8447771075899,30-40,30-45,30-60
0,71558,1,24.27810502106711,20-25,20-30,30-60
0,71578,1,21.42338270694435,20-25,20-30,60-90.1
0,71583,1,34.43922684161024,30-40,30-45,30-60
0,71590,1,14.363753607720014,10-15,10-20,30-60
0,71610,1,32.01305017510224,30-40,30-45,30-60
0,71624,1,30.481925922597526,30-40,30-45,30-60
0,71630,1,30.800271371874068,30-40,30-45,0-30
0,71661,1,20.027078165771034,20-25,20-30,60-90.1
0,71671,1,20.040020049973307,20-25,20-30,30-60
0,71680,1,21.27443911123266,20-25,20-30,0-30
0,71701,1,26.600654034059723,25-30,20-30,60-90.1
0,71722,1,20.803304974424357,20-25,20-30,60-90.1
0,71727,1,26.856261307647134,25-30,20-30,30-60
0,71759,1,28.321707422538292,25-30,20-30,30-60
0,71784,1,26.391110294573608,25-30,20-30,30-60
0,71794,1,22.614943041350404,20-25,20-30,60-90.1
0,71802,1,35.181311603969135,30-40,30-45,60-90.1
0,71827,1,20.37828003989853,20-25,20-30,30-60
0,71847,1,18.684580445970212,15-20,10-20,30-60
0,71878,1,27.30392968954163,25-30,20-30,30-60
0,71896,1,16.59446980044701,15-20,10-20,60-90.1
0,71927,1,18.215177303665826,15-20,10-20,30-60
0,71962,1,14.381139597580558,10-15,10-20,0-30
0,71974,1,16.54795203084173,15-20,10-20,60-90.1
0,72074,1,22.895880274126498,20-25,20-30,60-90.1
0,72093,1,19.150656906774575,15-20,10-20,60-90.1
0,72139,1,21.892503368102926,20-25,20-30,30-60
0,72172,1,18.418363312151126,15-20,10-20,30-60
0,72175,1,29.733849300411745,25-30,20-30,0-30
0,72246,1,30.696976029931427,30-40,30-45,30-60
0,72262,1,27.472124423854673,25-30,20-30,30-60
0,72285,1,17.0706073030212,15-20,10-20,60-90.1
0,72307,1,23.134755077707148,20-25,20-30,60-90.1
0,72323,1,21.525192735420895,20-25,20-30,60-90.1
0,72347,1,17.35169823083074,15-20,10-20,0-30
0,72352,1,19.781974210160577,15-20,10-20,60-90.1
0,72355,1,28.83962822003141,25-30,20-30,30-60
0,72372,1,26.79308605528145,25-30,20-30,30-60
0,72376,1,17.1814439363551,15-20,10-20,0-30
0,72398,1,27.283374645372167,25-30,20-30,0-30
0,72406,1,31.11236463917896,30-40,30-45,30-60
0,72419,1,25.95634304288347,25-30,20-30,30-60
0,72435,1,22.719402452614148,20-25,20-30,60-90.1
0,72445,1,22.926998077211554,20-25,20-30,60-90.1
0,72453,1,34.58612256516017,30-40,30-45,60-90.1
0,72472,1,20.46468724270115,20-25,20-30,0-30
0,72511,1,22.652014968226712,20-25,20-30,30-60
0,72519,1,30.870027458945266,30-40,30-45,30-60
0,72544,1,29.138590037732563,25-30,20-30,0-30
0,72557,1,27.893229548466106,25-30,20-30,30-60
0,72588,1,14.194173968712734,10-15,10-20,30-60
0,72628,1,20.176139669044282,20-25,20-30,30-60
0,72638,1,20.488998376921423,20-25,20-30,30-60
0,72651,1,19.767491668941986,15-20,10-20,60-90.1
0,72667,1,22.786660235107696,20-25,20-30,30-60
0,72681,1,26.832187515474374,25-30,20-30,30-60
0,72721,1,29.637314290424058,25-30,20-30,30-60
0,72743,1,22.581962362646046,20-25,20-30,60-90.1
0,72763,1,20.151195463813313,20-25,20-30,60-90.1
0,72766,1,27.705107280712266,25-30,20-30,0-30
0,72786,1,26.0941172795987,25-30,20-30,30-60
0,72821,1,20.183633320929147,20-25,20-30,30-60
0,72829,1,33.90230517724053,30-40,30-45,30-60
0,72857,1,25.471993120752643,25-30,20-30,30-60
0,72882,1,19.373141635159506,15-20,10-20,30-60
0,72907,1,30.49186605005666,30-40,30-45,0-30
0,72962,1,17.99995485092627,15-20,10-20,60-90.1
0,72968,1,19.688381387176356,15-20,10-20,60-90.1
0,73060,1,17.07581591261726,15-20,10-20,0-30
0,73080,1,26.334083528750387,25-30,20-30,30-60
0,73118,1,31.732440071702296,30-40,30-45,30-60
0,73126,1,28.1007601648518,25-30,20-30,0-30
0,73146,1,25.873601925711423,25-30,20-30,30-60
0,73169,1,19.029361748592,15-20,10-20,60-90.1
0,73177,1,25.632242540027633,25-30,20-30,30-60
0,73199,1,32.65883951446255,30-40,30-45,30-60
0,73213,1,27.746868450251565,25-30,20-30,30-60
0,73218,1,15.504799468405245,15-20,10-20,60-90.1
0,73234,1,30.996900090973423,30-40,30-45,30-60
0,73235,1,28.78770648028251,25-30,20-30,30-60
0,73282,1,26.41203106660048,25-30,20-30,30-60
0,73307,1,16.127578176599307,15-20,10-20,60-90.1
0,73364,1,20.360772104179812,20-25,20-30,30-60
0,73369,1,18.973565169565287,15-20,10-20,60-90.1
0,73377,1,23.98039395039761,20-25,20-30,60-90.1
0,73390,1,24.030823131950168,20-25,20-30,30-60
0,73397,1,27.004196418979205,25-30,20-30,30-60
0,73408,1,19.797659082107607,15-20,10-20,60-90.1
0,73435,1,17.39034347486249,15-20,10-20,30-60
0,73445,1,29.687288328187805,25-30,20-30,30-60
0,73454,1,22.781757147982475,20-25,20-30,60-90.1
0,73472,1,19.44943201276492,15-20,10-20,60-90.1
0,73488,1,18.951183799359878,15-20,10-20,60-90.1
0,73491,1,27.791949978046528,25-30,20-30,0-30
0,73557,1,19.365596499597554,15-20,10-20,30-60
0,73565,1,17.308474779365554,15-20,10-20,60-90.1
0,73601,1,21.167978441406724,20-25,20-30,30-60
0,73616,1,15.85335883607961,15-20,10-20,0-30
0,73630,1,26.539385482405695,25-30,20-30,0-30
0,73638,1,25.22195017973603,25-30,20-30,30-60
0,73647,1,24.443154427521616,20-25,20-30,30-60
0,73671,1,14.276036346996534,10-15,10-20,30-60
0,73716,1,20.69560809377486,20-25,20-30,60-90.1
0,73731,1,18.83456944001531,15-20,10-20,60-90.1
0,73754,1,25.30088927790932,25-30,20-30,30-60
0,73785,1,27.96030482205828,25-30,20-30,30-60
0,73807,1,19.541562179966967,15-20,10-20,60-90.1
0,73812,1,26.02238763733385,25-30,20-30,30-60
0,73830,1,21.902184704170683,20-25,20-30,60-90.1
0,73853,1,31.557263084420825,30-40,30-45,30-60
0,73872,1,27.456770552953664,25-30,20-30,0-30
0,73900,1,24.798604386454546,20-25,20-30,60-90.1
0,73903,1,19.357982250534885,15-20,10-20,30-60
0,73958,1,22.961003323047553,20-25,20-30,30-60
0,73994,1,26.750844916164496,25-30,20-30,60-90.1
0,74058,1,18.110970042238467,15-20,10-20,30-60
0,74108,1,20.740926023915595,20-25,20-30,0-30
0,74113,1,21.25316079053008,20-25,20-30,30-60
0,74136,1,24.249094880039028,20-25,20-30,30-60
0,74148,1,17.551721055547283,15-20,10-20,30-60
0,74164,1,17.51473679261513,15-20,10-20,60-90.1
0,74191,1,26.80357022809008,25-30,20-30,30-60
0,74196,1,30.09260666842988,30-40,30-45,30-60
0,74217,1,21.64767623833026,20-25,20-30,60-90.1
0,74239,1,21.969671496948187,20-25,20-30,60-90.1
0,74243,1,17.17431081059263,15-20,10-20,30-60
0,74255,1,30.78487452654286,30-40,30-45,30-60
0,74265,1,26.66785965514629,25-30,20-30,0-30
0,74322,1,24.824681210810066,20-25,20-30,30-60
0,74333,1,17.303126379202652,15-20,10-20,0-30
0,74344,1,27.812756488558534,25-30,20-30,30-60
0,74385,1,14.026767502368834,10-15,10-20,0-30
0,74394,1,15.401919576437804,15-20,10-20,60-90.1
0,74396,1,16.82511659465654,15-20,10-20,60-90.1
0,74443,1,19.82850329435035,15-20,10-20,30-60
0,74445,1,21.906727216195783,20-25,20-30,60-90.1
0,74473,1,25.59535975254754,25-30,20-30,30-60
0,74589,1,23.399315042563185,20-25,20-30,60-90.1
0,74607,1,29.750155199655044,25-30,20-30,30-60
0,74611,1,25.302060584927755,25-30,20-30,60-90.1
0,74628,1,28.97609285419589,25-30,20-30,30-60
0,74630,1,14.259269334697965,10-15,10-20,30-60
0,74651,1,19.009471006546487,15-20,10-20,0-30
0,74659,1,25.70241041324956,25-30,20-30,30-60
0,74673,1,24.105278976080275,20-25,20-30,30-60
0,74681,1,22.567215576441487,20-25,20-30,30-60
0,74689,1,23.08216502788844,20-25,20-30,60-90.1
0,74734,1,18.63640698750282,15-20,10-20,60-90.1
0,74785,1,22.065556264267492,20-25,20-30,30-60
0,74800,1,26.747169180141285,25-30,20-30,30-60
0,74816,1,27.86090176112612,25-30,20-30,30-60
0,74825,1,18.420828910486364,15-20,10-20,60-90.1
0,74840,1,26.198914205429414,25-30,20-30,30-60
0,74844,1,15.21287579046833,15-20,10-20,30-60
0,74872,1,29.302764063967448,25-30,20-30,30-60
0,74878,1,17.44014835285006,15-20,10-20,0-30
0,74896,1,20.67929312233965,20-25,20-30,60-90.1
0,74936,1,15.538492074957057,15-20,10-20,30-60
0,74948,1,15.946197747279609,15-20,10-20,0-30
0,75039,1,16.460251910072984,15-20,10-20,60-90.1
0,75054,1,18.11877962697796,15-20,10-20,30-60
0,75083,1,22.80030917600802,20-25,20-30,60-90.1
0,75090,1,21.037326371428705,20-25,20-30,0-30
0,75104,1,22.462452303484046,20-25,20-30,30-60
0,75112,1,16.437037412678993,15-20,10-20,30-60
0,75133,1,15.281980731842467,15-20,10-20,30-60
0,75145,1,17.979117867975443,15-20,10-20,60-90.1
0,75155,1,17.938099063887687,15-20,10-20,60-90.1
0,75171,1,25.16012265653847,25-30,20-30,30-60
0,75182,1,25.28071731485459,25-30,20-30,30-60
0,75185,1,18.475973796912047,15-20,10-20,60-90.1
0,75195,1,16.523162175145572,15-20,10-20,60-90.1
0,75203,1,28.376030774559307,25-30,20-30,30-60
0,75216,1,15.75268483546485,15-20,10-20,60-90.1
0,75228,1,27.794837053874176,25-30,20-30,30-60
0,75257,1,26.784375906107638,25-30,20-30,30-60
0,75270,1,21.72396122174557,20-25,20-30,30-60
0,75273,1,20.049480177218655,20-25,20-30,30-60
0,75287,1,24.87795604978547,20-25,20-30,30-60
0,75320,1,15.073231024060698,15-20,10-20,0-30
0,75359,1,20.098002117424617,20-25,20-30,60-90.1
0,75370,1,20.330720270349808,20-25,20-30,30-60
0,75388,1,23.499062699545668,20-25,20-30,60-90.1
0,75427,1,26.267005632092566,25-30,20-30,30-60
0,75447,1,27.94746099493849,25-30,20-30,30-60
0,75488,1,25.273085682343915,25-30,20-30,30-60
0,75503,1,20.46736150845597,20-25,20-30,60-90.1
0,75508,1,24.371370044794837,20-25,20-30,30-60
0,75512,1,22.9027178229408,20-25,20-30,30-60
0,75559,1,22.39273614900972,20-25,20-30,30-60
0,75576,1,21.40386468947724,20-25,20-30,30-60
0,75581,1,22.356988224694994,20-25,20-30,60-90.1
0,75653,1,20.892722800069876,20-25,20-30,30-60
0,75660,1,24.593509376185974,20-25,20-30,30-60
0,75669,1,22.401458242252826,20-25,20-30,60-90.1
0,75687,1,14.495992867196241,10-15,10-20,0-30
0,75706,1,15.259761424478675,15-20,10-20,30-60
0,75717,1,27.125957838001035,25-30,20-30,30-60
0,75740,1,18.212785063219126,15-20,10-20,60-90.1
0,75784,1,15.045531799540427,15-20,10-20,0-30
0,75801,1,22.54078482422808,20-25,20-30,60-90.1
0,75831,1,24.37821603456421,20-25,20-30,30-60
0,75853,1,19.51038039105146,15-20,10-20,0-30
0,75880,1,16.137070314415993,15-20,10-20,30-60
0,75897,1,18.373003142641778,15-20,10-20,30-60
0,75901,1,20.424216928141714,20-25,20-30,60-90.1
0,75976,1,25.88776998482711,25-30,20-30,30-60
0,76014,1,25.70515488715585,25-30,20-30,30-60
0,76062,1,20.263946565499214,20-25,20-30,60-90.1
0,76066,1,24.874483033312107,20-25,20-30,60-90.1
0,76156,1,16.36903168356506,15-20,10-20,30-60
0,76189,1,19.822001951982266,15-20,10-20,0-30
0,76197,1,19.995485415952952,15-20,10-20,0-30
0,76238,1,22.131539268649682,20-25,20-30,60-90.1
0,76248,1,21.926693294490423,20-25,20-30,60-90.1
0,76258,1,15.251531919599847,15-20,10-20,60-90.1
0,76293,1,14.365577396615919,10-15,10-20,0-30
0,76300,1,15.927907655554046,15-20,10-20,30-60
0,76315,1,17.569917073843296,15-20,10-20,60-90.1
0,76327,1,15.246609466838652,15-20,10-20,30-60
0,76354,1,19.804523945651226,15-20,10-20,60-90.1
0,76363,1,21.247833619848773,20-25,20-30,30-60
0,76370,1,18.04371471535697,15-20,10-20,30-60
0,76383,1,19.33361150553737,15-20,10-20,0-30
0,76400,1,19.80814337842797,15-20,10-20,30-60
0,76404,1,19.48492316573754,15-20,10-20,0-30
0,76444,1,17.876043361709158,15-20,10-20,60-90.1
0,76454,1,18.619334679357337,15-20,10-20,30-60
0,76466,1,21.114067407556817,20-25,20-30,60-90.1
0,76475,1,20.833775551006333,20-25,20-30,30-60
0,76479,1,19.59888229609484,15-20,10-20,30-60
0,76486,1,20.282215217320104,20-25,20-30,30-60
0,76490,1,22.909160217330246,20-25,20-30,30-60
0,76504,1,23.808792901325884,20-25,20-30,60-90.1
0,76527,1,24.270039509020393,20-25,20-30,60-90.1
0,76534,1,21.723059013781633,20-25,20-30,60-90.1
0,76549,1,22.028212173854463,20-25,20-30,30-60
0,76578,1,21.539730482931922,20-25,20-30,30-60
0,76587,1,22.59856701943094,20-25,20-30,60-90.1
0,76637,1,21.635767567940476,20-25,20-30,60-90.1
0,76741,1,20.487279136741176,20-25,20-30,60-90.1
0,76766,1,23.03024758821446,20-25,20-30,60-90.1
0,76796,1,17.36505033360615,15-20,10-20,30-60
0,76842,1,19.395550970523573,15-20,10-20,0-30
0,76848,1,17.03301962220575,15-20,10-20,30-60
0,76855,1,17.85670184454311,15-20,10-20,60-90.1
0,76900,1,18.870101609633558,15-20,10-20,60-90.1
0,76912,1,22.71450254085562,20-25,20-30,60-90.1
0,76963,1,19.08641673768424,15-20,10-20,30-60
0,77010,1,18.201675830212146,15-20,10-20,30-60
0,77011,1,19.117523212059538,15-20,10-20,60-90.1
0,77034,1,20.579892711407098,20-25,20-30,60-90.1
0,77037,1,19.06987691549995,15-20,10-20,60-90.1
0,77049,1,21.365765304585523,20-25,20-30,60-90.1
0,77052,1,17.620535464973216,15-20,10-20,60-90.1
0,77075,1,21.36326563476213,20-25,20-30,60-90.1
0,77077,1,18.781211741258538,15-20,10-20,60-90.1
0,77083,1,19.260612099574416,15-20,10-20,60-90.1
0,77090,1,20.698573823809063,20-25,20-30,60-90.1
0,77091,1,18.96537782331787,15-20,10-20,30-60
0,77105,1,19.9590958125392,15-20,10-20,60-90.1
0,77125,1,16.50992083884056,15-20,10-20,0-30
0,77160,1,18.629336000101222,15-20,10-20,30-60
0,77162,1,17.6708415430773,15-20,10-20,30-60
0,77198,1,17.148678802745142,15-20,10-20,30-60
0,77252,1,17.92131354115658,15-20,10-20,0-30
0,77264,1,17.50007249319425,15-20,10-20,0-30
0,77314,1,16.69677060673543,15-20,10-20,0-30
0,77338,1,18.10306372736142,15-20,10-20,0-30
0,77351,1,17.207701591275537,15-20,10-20,0-30
0,77355,1,19.775483688913248,15-20,10-20,60-90.1
0,77438,1,17.387029487947466,15-20,10-20,0-30
0,77477,1,16.3975304016304,15-20,10-20,0-30
0,77485,1,18.28260898036201,15-20,10-20,60-90.1
0,77507,1,17.57662392026894,15-20,10-20,30-60
0,77516,1,16.971307696947722,15-20,10-20,0-30
0,77524,1,17.195631911845677,15-20,10-20,0-30
0,77531,1,16.790992539041927,15-20,10-20,0-30
0,77548,1,18.136311900585635,15-20,10-20,30-60
0,77565,1,17.509586415289757,15-20,10-20,0-30
0,77577,1,17.357317144029054,15-20,10-20,0-30
0,77581,1,16.851959687639837,15-20,10-20,0-30
0,77620,1,16.348136145808784,15-20,10-20,0-30
1,190,1,10.043090464354382,10-15,10-20,60-90.1
1,221,1,10.214886420698297,10-15,10-20,30-60
1,249,1,10.178869412009881,10-15,10-20,60-90.1
1,317,1,10.659604859870667,10-15,10-20,30-60
1,328,1,10.405794858444931,10-15,10-20,30-60
1,373,1,9.486930874673819,0-10,,30-60
1,415,1,11.117247138071154,10-15,10-20,0-30
1,458,1,10.237061816101429,10-15,10-20,30-60
1,528,1,12.239859330184355,10-15,10-20,30-60
1,545,1,8.642111610803967,0-10,,60-90.1
1,574,1,11.72653382720056,10-15,10-20,30-60
1,647,1,11.316956417403592,10-15,10-20,60-90.1
1,651,1,12.994930586387609,10-15,10-20,60-90.1
1,655,1,10.11389168554963,10-15,10-20,60-90.1
1,698,1,12.400282276152668,10-15,10-20,30-60
1,757,1,10.653998902269521,10-15,10-20,30-60
1,762,1,9.936427775649724,0-10,,30-60
1,787,1,12.667205520553312,10-15,10-20,30-60
1,788,1,11.851918676628149,10-15,10-20,60-90.1
1,794,1,13.643935083219072,10-15,10-20,60-90.1
1,872,1,9.045568645596832,0-10,,60-90.1
1,893,1,13.17953584712189,10-15,10-20,60-90.1
1,971,1,11.679936188056296,10-15,10-20,30-60
1,1035,1,11.127011092417426,10-15,10-20,30-60
1,1039,1,15.003813789904536,15-20,10-20,30-60
1,1048,1,13.334279915497989,10-15,10-20,30-60
1,1072,1,11.32351317335963,10-15,10-20,60-90.1
1,1074,1,13.872068701483105,10-15,10-20,30-60
1,1102,1,15.373372984951846,15-20,10-20,30-60
1,1113,1,11.278100039146949,10-15,10-20,60-90.1
1,1168,1,13.408688686783494,10-15,10-20,60-90.1
1,1258,1,14.213024875031305,10-15,10-20,60-90.1
1,1347,1,14.880445654021939,10-15,10-20,60-90.1
1,1348,1,12.802918281417112,10-15,10-20,60-90.1
1,1350,1,9.736352631226323,0-10,,60-90.1
1,1392,1,14.721313192526829,10-15,10-20,60-90.1
1,1420,1,15.577090687549841,15-20,10-20,30-60
1,1438,1,10.320797233060226,10-15,10-20,60-90.1
1,1496,1,12.42979218539617,10-15,10-20,60-90.1
1,1526,1,16.268697268593375,15-20,10-20,30-60
1,1550,1,14.429628413717431,10-15,10-20,0-30
1,1553,1,14.601853121818095,10-15,10-20,60-90.1
1,1558,1,15.676298157394019,15-20,10-20,0-30
1,1584,1,16.32897516725133,15-20,10-20,0-30
1,1612,1,16.898998375348842,15-20,10-20,60-90.1
1,1620,1,14.236710488008756,10-15,10-20,30-60
1,1688,1,17.66876457252122,15-20,10-20,30-60
1,1724,1,8.854930437196758,0-10,,30-60
1,1741,1,17.25394471026569,15-20,10-20,60-90.1
1,1754,1,9.059360929598155,0-10,,0-30
1,1818,1,13.790365208325055,10-15,10-20,30-60
1,1822,1,12.178654151385096,10-15,10-20,60-90.1
1,1872,1,16.09243186878338,15-20,10-20,0-30
1,1894,1,15.818914628419622,15-20,10-20,0-30
1,1950,1,14.35580214938154,10-15,10-20,0-30
1,1982,1,15.278732884852285,15-20,10-20,0-30
1,2004,1,17.179209457980544,15-20,10-20,60-90.1
1,2025,1,14.326260580430146,10-15,10-20,30-60
1,2067,1,11.914221381678143,10-15,10-20,60-90.1
1,2073,1,17.304281730632816,15-20,10-20,30-60
1,2116,1,15.312587110319594,15-20,10-20,30-60
1,2125,1,12.232325066059984,10-15,10-20,30-60
1,2144,1,13.640119498478839,10-15,10-20,60-90.1
1,2164,1,16.22171092158064,15-20,10-20,60-90.1
1,2203,1,16.249241178905162,15-20,10-20,0-30
1,2224,1,13.801774072095498,10-15,10-20,60-90.1
1,2244,1,16.96123292862281,15-20,10-20,0-30
1,2260,1,15.568887172308976,15-20,10-20,0-30
1,2297,1,18.444631453552827,15-20,10-20,60-90.1
1,2298,1,14.95857511490308,10-15,10-20,30-60
1,2310,1,18.273446107199057,15-20,10-20,30-60
1,2330,1,14.33213362865082,10-15,10-20,60-90.1
1,2358,1,13.520821643429718,10-15,10-20,60-90.1
1,2366,1,18.49508169942763,15-20,10-20,60-90.1
1,2368,1,14.661280627655785,10-15,10-20,30-60
1,2406,1,14.230984066085911,10-15,10-20,30-60
1,2423,1,17.069678669263872,15-20,10-20,30-60
1,2428,1,19.84875790851916,15-20,10-20,60-90.1
1,2445,1,15.214418848614526,15-20,10-20,60-90.1
1,2450,1,17.791072036108766,15-20,10-20,60-90.1
1,2454,1,9.20998806830118,0-10,,30-60
1,2489,1,18.172839302245,15-20,10-20,60-90.1
1,2533,1,12.871000423043537,10-15,10-20,60-90.1
1,2542,1,13.237752149746962,10-15,10-20,60-90.1
1,2560,1,16.348271315937513,15-20,10-20,30-60
1,2569,1,14.238067842809432,10-15,10-20,60-90.1
1,2574,1,16.49666047152622,15-20,10-20,30-60
1,2601,1,14.453751342827804,10-15,10-20,60-90.1
1,2633,1,16.271358334137314,15-20,10-20,30-60
1,2665,1,19.9852264516244,15-20,10-20,30-60
1,2803,1,12.773919919160269,10-15,10-20,30-60
1,2805,1,11.589253498306077,10-15,10-20,0-30
1,2818,1,12.10141811666817,10-15,10-20,30-60
1,2836,1,16.336852510353886,15-20,10-20,30-60
1,2852,1,17.53152925500578,15-20,10-20,30-60
1,2882,1,19.497703629846793,15-20,10-20,60-90.1
1,2910,1,20.710428682519854,20-25,20-30,60-90.1
1,2960,1,9.381515886584387,0-10,,30-60
1,2968,1,21.484835914727004,20-25,20-30,60-90.1
1,2993,1,9.775930362730216,0-10,,30-60
1,3034,1,20.723051254530162,20-25,20-30,60-90.1
1,3048,1,20.659137821935104,20-25,20-30,60-90.1
1,3054,1,11.66630055372716,10-15,10-20,60-90.1
1,3064,1,11.746516890197768,10-15,10-20,0-30
1,3134,1,19.48880312383151,15-20,10-20,60-90.1
1,3154,1,17.121228436650796,15-20,10-20,60-90.1
1,3178,1,16.947308693729948,15-20,10-20,30-60
1,3180,1,21.19698562579846,20-25,20-30,30-60
1,3194,1,21.030268276095285,20-25,20-30,30-60
1,3206,1,9.70580607643463,0-10,,60-90.1
1,3210,1,21.388783783185826,20-25,20-30,60-90.1
1,3283,1,18.96184022364022,15-20,10-20,60-90.1
1,3298,1,12.132138943639339,10-15,10-20,60-90.1
1,3300,1,13.41361454316371,10-15,10-20,60-90.1
1,3304,1,20.43800538729229,20-25,20-30,60-90.1
1,3316,1,8.848909470262909,0-10,,0-30
1,3322,1,16.940697679536836,15-20,10-20,60-90.1
1,3332,1,14.480583570275106,10-15,10-20,60-90.1
1,3410,1,15.85602542985185,15-20,10-20,60-90.1
1,3420,1,17.92677061766749,15-20,10-20,30-60
1,3434,1,17.98616178689656,15-20,10-20,30-60
1,3455,1,19.324676414760752,15-20,10-20,60-90.1
1,3476,1,21.907066989986227,20-25,20-30,60-90.1
1,3477,1,17.708555233239604,15-20,10-20,60-90.1
1,3525,1,18.04709384321416,15-20,10-20,60-90.1
1,3546,1,17.39568518871996,15-20,10-20,30-60
1,3547,1,22.7784222654192,20-25,20-30,60-90.1
1,3572,1,16.4438863715733,15-20,10-20,30-60
1,3589,1,23.60054860389912,20-25,20-30,60-90.1
1,3595,1,15.035779290645984,15-20,10-20,60-90.1
1,3671,1,15.639040177704219,15-20,10-20,30-60
1,3674,1,11.752498491305108,10-15,10-20,30-60
1,3685,1,11.90434818919398,10-15,10-20,0-30
1,3703,1,14.682590126193514,10-15,10-20,60-90.1
1,3723,1,17.11974197195063,15-20,10-20,30-60
1,3726,1,15.047539011970793,15-20,10-20,60-90.1
1,3736,1,17.09044633427952,15-20,10-20,30-60
1,3763,1,17.98986113685727,15-20,10-20,30-60
1,3782,1,20.027536475895126,20-25,20-30,60-90.1
1,3792,1,19.572077679660918,15-20,10-20,30-60
1,3807,1,19.993868072670697,15-20,10-20,60-90.1
1,3809,1,21.995538440097928,20-25,20-30,30-60
1,3859,1,19.15796797330857,15-20,10-20,30-60
1,3919,1,8.724622777589412,0-10,,0-30
1,3937,1,22.257425043921597,20-25,20-30,60-90.1
1,3970,1,23.02957145971751,20-25,20-30,30-60
1,3980,1,23.97882259525732,20-25,20-30,60-90.1
1,3985,1,11.698591005945543,10-15,10-20,60-90.1
1,4002,1,14.082992769182388,10-15,10-20,30-60
1,4008,1,19.089563490890093,15-20,10-20,60-90.1
1,4053,1,13.950222512828388,10-15,10-20,60-90.1
1,4055,1,13.671928959506168,10-15,10-20,60-90.1
1,4091,1,19.06651702626249,15-20,10-20,60-90.1
1,4102,1,17.768230833596686,15-20,10-20,30-60
1,4115,1,19.617619145013144,15-20,10-20,30-60
1,4185,1,23.678374942133306,20-25,20-30,30-60
1,4191,1,19.195369889658892,15-20,10-20,30-60
1,4224,1,12.66179621375601,10-15,10-20,30-60
1,4253,1,25.0024695721229,25-30,20-30,60-90.1
1,4272,1,12.810704255274391,10-15,10-20,30-60
1,4303,1,21.020755220135484,20-25,20-30,60-90.1
1,4352,1,9.260043707093978,0-10,,0-30
1,4365,1,24.301692906437108,20-25,20-30,60-90.1
1,4370,1,11.890082066841082,10-15,10-20,60-90.1
1,4444,1,17.434375454604726,15-20,10-20,30-60
1,4486,1,20.87483185578781,20-25,20-30,30-60
1,4514,1,20.77582475389537,20-25,20-30,60-90.1
1,4516,1,24.40368548363216,20-25,20-30,60-90.1
1,4542,1,24.47079267668654,20-25,20-30,30-60
1,4557,1,24.028690086705588,20-25,20-30,30-60
1,4558,1,9.167594537482573,0-10,,0-30
1,4561,1,10.838664819995456,10-15,10-20,60-90.1
1,4612,1,18.62276198154753,15-20,10-20,0-30
1,4619,1,27.02803453685982,25-30,20-30,30-60
1,4644,1,17.363015287946713,15-20,10-20,30-60
1,4653,1,15.31823949194933,15-20,10-20,30-60
1,4756,1,14.550108894948252,10-15,10-20,0-30
1,4787,1,15.138858480969501,15-20,10-20,60-90.1
1,4806,1,16.559622445392492,15-20,10-20,60-90.1
1,4816,1,16.02931171280423,15-20,10-20,60-90.1
1,4820,1,17.802877684205626,15-20,10-20,60-90.1
1,4850,1,17.772980548818314,15-20,10-20,30-60
1,4863,1,19.621995399121346,15-20,10-20,30-60
1,4866,1,22.637052139827794,20-25,20-30,60-90.1
1,4882,1,21.39242792133612,20-25,20-30,30-60
1,4893,1,23.4045461395457,20-25,20-30,30-60
1,4904,1,21.945248749598342,20-25,20-30,30-60
1,4920,1,21.084616023131197,20-25,20-30,60-90.1
1,4924,1,26.028571739154188,25-30,20-30,30-60
1,4982,1,20.37316954885561,20-25,20-30,30-60
1,4993,1,25.9422068508397,25-30,20-30,60-90.1
1,5016,1,15.83858205154478,15-20,10-20,60-90.1
1,5041,1,24.355639919452436,20-25,20-30,60-90.1
1,5057,1,27.19240243490546,25-30,20-30,60-90.1
1,5074,1,25.75897626870568,25-30,20-30,0-30
1,5078,1,26.802532601687535,25-30,20-30,30-60
1,5095,1,20.39776220351716,20-25,20-30,30-60
1,5100,1,25.44129486315838,25-30,20-30,30-60
1,5146,1,17.395141101676174,15-20,10-20,60-90.1
1,5215,1,19.95889402411675,15-20,10-20,60-90.1
1,5224,1,19.742377451115182,15-20,10-20,60-90.1
1,5237,1,21.360666997333055,20-25,20-30,60-90.1
1,5274,1,21.8096133060815,20-25,20-30,30-60
1,5303,1,14.76593837562858,10-15,10-20,30-60
1,5345,1,20.577046749444854,20-25,20-30,30-60
1,5368,1,21.456301787054535,20-25,20-30,0-30
1,5373,1,13.446105035758745,10-15,10-20,60-90.1
1,5390,1,9.58217087295839,0-10,,0-30
1,5414,1,18.11676809796732,15-20,10-20,30-60
1,5419,1,27.709078001269887,25-30,20-30,60-90.1
1,5439,1,13.382651138796344,10-15,10-20,60-90.1
1,5491,1,22.53642452125882,20-25,20-30,30-60
1,5529,1,11.39515169267761,10-15,10-20,30-60
1,5587,1,14.310836577089727,10-15,10-20,30-60
1,5598,1,14.939410423565835,10-15,10-20,30-60
1,5644,1,18.4232320101084,15-20,10-20,30-60
1,5662,1,21.492984021159245,20-25,20-30,60-90.1
1,5714,1,14.176350118705257,10-15,10-20,0-30
1,5729,1,15.75790801976728,15-20,10-20,60-90.1
1,5751,1,23.215444338581424,20-25,20-30,0-30
1,5781,1,27.6413605908756,25-30,20-30,60-90.1
1,5784,1,22.241225768444497,20-25,20-30,30-60
1,5786,1,27.319079710067424,25-30,20-30,30-60
1,5807,1,9.834175054941554,0-10,,0-30
1,5813,1,26.870401287882412,25-30,20-30,30-60
1,5842,1,27.46560461111684,25-30,20-30,60-90.1
1,5852,1,20.19880703646266,20-25,20-30,30-60
1,5858,1,29.662907592756547,25-30,20-30,30-60
1,5904,1,29.575588255838404,25-30,20-30,60-90.1
1,5916,1,10.539217831924631,10-15,10-20,60-90.1
1,5935,1,24.60841308676939,20-25,20-30,60-90.1
1,5940,1,28.809176627488668,25-30,20-30,60-90.1
1,5945,1,15.059164817246165,15-20,10-20,30-60
1,5972,1,9.892429754832424,0-10,,60-90.1
1,5993,1,26.645042943540663,25-30,20-30,30-60
1,6025,1,27.11010950597455,25-30,20-30,30-60
1,6034,1,13.640617324820493,10-15,10-20,60-90.1
1,6038,1,16.645916919494738,15-20,10-20,60-90.1
1,6042,1,18.71479775713935,15-20,10-20,30-60
1,6069,1,15.4476890068374,15-20,10-20,30-60
1,6112,1,19.50977547978528,15-20,10-20,60-90.1
1,6115,1,14.599142189457226,10-15,10-20,60-90.1
1,6159,1,20.711807753820498,20-25,20-30,60-90.1
1,6163,1,22.720358078891405,20-25,20-30,30-60
1,6169,1,23.7678729493982,20-25,20-30,60-90.1
1,6173,1,14.823076897716769,10-15,10-20,0-30
1,6210,1,16.89119722960471,15-20,10-20,60-90.1
1,6229,1,26.79836074787922,25-30,20-30,60-90.1
1,6244,1,26.67334791972593,25-30,20-30,60-90.1
1,6246,1,14.750943190989624,10-15,10-20,30-60
1,6283,1,23.669843660102103,20-25,20-30,0-30
1,6290,1,18.652406163776817,15-20,10-20,60-90.1
1,6330,1,21.424044668829286,20-25,20-30,30-60
1,6343,1,12.73485140841305,10-15,10-20,30-60
1,6385,1,16.739759772181035,15-20,10-20,60-90.1
1,6422,1,10.559517808361969,10-15,10-20,60-90.1
1,6426,1,13.278328254324173,10-15,10-20,60-90.1
1,6474,1,29.70225129071086,25-30,20-30,30-60
1,6491,1,21.23849774408753,20-25,20-30,30-60
1,6505,1,28.679490276356876,25-30,20-30,60-90.1
1,6579,1,16.907851704210838,15-20,10-20,60-90.1
1,6611,1,18.354010019449124,15-20,10-20,60-90.1
1,6616,1,17.598118752289977,15-20,10-20,60-90.1
1,6650,1,22.003937460088828,20-25,20-30,30-60
1,6689,1,25.021509207033084,25-30,20-30,60-90.1
1,6695,1,26.16893183886291,25-30,20-30,60-90.1
1,6700,1,22.333599474338445,20-25,20-30,30-60
1,6718,1,25.447465614456313,25-30,20-30,30-60
1,6739,1,23.43535416130272,20-25,20-30,30-60
1,6770,1,18.24230154450995,15-20,10-20,60-90.1
1,6792,1,29.441849884309338,25-30,20-30,30-60
1,6855,1,28.324038072348113,25-30,20-30,0-30
1,6872,1,21.835256548479837,20-25,20-30,0-30
1,6877,1,9.611474551343647,0-10,,0-30
1,6886,1,20.123612497664514,20-25,20-30,30-60
1,6917,1,30.0531568187992,30-40,30-45,30-60
1,6984,1,23.151671932078557,20-25,20-30,30-60
1,7007,1,15.770035102045037,15-20,10-20,30-60
1,7047,1,16.160306408347143,15-20,10-20,30-60
1,7091,1,18.01046053926658,15-20,10-20,60-90.1
1,7096,1,18.66117948628782,15-20,10-20,60-90.1
1,7178,1,17.26508139894434,15-20,10-20,30-60
1,7189,1,24.156391835026405,20-25,20-30,30-60
1,7192,1,15.507297614880423,15-20,10-20,0-30
1,7250,1,15.968252940945112,15-20,10-20,30-60
1,7252,1,18.798727402794142,15-20,10-20,60-90.1
1,7256,1,27.620754491035974,25-30,20-30,30-60
1,7272,1,24.568841620785985,20-25,20-30,0-30
1,7296,1,30.093548083235202,30-40,30-45,60-90.1
1,7299,1,17.003501726850093,15-20,10-20,60-90.1
1,7302,1,22.01287293012262,20-25,20-30,60-90.1
1,7331,1,18.96498160530413,15-20,10-20,30-60
1,7350,1,12.80060621178121,10-15,10-20,60-90.1
1,7400,1,16.57400214663289,15-20,10-20,60-90.1
1,7412,1,29.166843762203406,25-30,20-30,60-90.1
1,7431,1,32.18393183685556,30-40,30-45,60-90.1
1,7435,1,12.82039697314681,10-15,10-20,30-60
1,7450,1,9.534309761129824,0-10,,30-60
1,7483,1,32.0846837580428,30-40,30-45,30-60
1,7506,1,24.59542104531302,20-25,20-30,60-90.1
1,7509,1,27.756229882653486,25-30,20-30,60-90.1
1,7533,1,30.83609468479625,30-40,30-45,30-60
1,7545,1,20.02698534692782,20-25,20-30,60-90.1
1,7603,1,17.333861523653344,15-20,10-20,60-90.1
1,7612,1,17.791127211086536,15-20,10-20,0-30
1,7624,1,17.707225300657253,15-20,10-20,30-60
1,7645,1,17.785413949036787,15-20,10-20,60-90.1
1,7678,1,18.38894514589058,15-20,10-20,60-90.1
1,7722,1,21.239116759020725,20-25,20-30,60-90.1
1,7725,1,15.495398158893504,15-20,10-20,30-60
1,7765,1,28.32174407894087,25-30,20-30,60-90.1
1,7776,1,28.14628175574149,25-30,20-30,60-90.1
1,7858,1,24.410901732111995,20-25,20-30,0-30
1,7870,1,30.196570740020764,30-40,30-45,30-60
1,7873,1,31.61073695061488,30-40,30-45,60-90.1
1,7899,1,10.145820802831931,10-15,10-20,30-60
1,7915,1,16.319492634607425,15-20,10-20,60-90.1
1,7923,1,21.82909846696816,20-25,20-30,0-30
1,7927,1,28.62561523368587,25-30,20-30,0-30
1,7935,1,19.84675464705029,15-20,10-20,30-60
1,7953,1,31.783005208485864,30-40,30-45,60-90.1
1,7972,1,28.646661484612576,25-30,20-30,30-60
1,7978,1,32.213482286058294,30-40,30-45,30-60
1,8004,1,16.12530164908073,15-20,10-20,60-90.1
1,8016,1,33.30652710048371,30-40,30-45,60-90.1
1,8024,1,17.10219677843876,15-20,10-20,30-60
1,8036,1,32.33016706273787,30-40,30-45,60-90.1
1,8037,1,17.541105182258622,15-20,10-20,30-60
1,8045,1,29.6739232837732,25-30,20-30,30-60
1,8061,1,31.371585707251842,30-40,30-45,0-30
1,8104,1,29.24413754655552,25-30,20-30,60-90.1
1,8112,1,16.17565162510102,15-20,10-20,0-30
1,8114,1,18.147650562096146,15-20,10-20,60-90.1
1,8135,1,12.992577890223373,10-15,10-20,0-30
1,8152,1,15.114705601121674,15-20,10-20,30-60
1,8167,1,15.190759794572225,15-20,10-20,60-90.1
1,8213,1,20.047895976371862,20-25,20-30,60-90.1
1,8242,1,20.465902541920908,20-25,20-30,60-90.1
1,8277,1,22.196525763854375,20-25,20-30,60-90.1
1,8279,1,16.1968599955052,15-20,10-20,60-90.1
1,8281,1,20.64421411369916,20-25,20-30,60-90.1
1,8312,1,23.226116709350862,20-25,20-30,30-60
1,8331,1,19.89004436497955,15-20,10-20,30-60
1,8335,1,26.370998116707145,25-30,20-30,30-60
1,8364,1,27.90810681797076,25-30,20-30,30-60
1,8371,1,30.527849579820522,30-40,30-45,60-90.1
1,8404,1,31.16899967583037,30-40,30-45,60-90.1
1,8405,1,18.17131758532055,15-20,10-20,30-60
1,8415,1,21.91250838299156,20-25,20-30,60-90.1
1,8439,1,32.1251369432935,30-40,30-45,60-90.1
1,8487,1,19.4815212622061,15-20,10-20,0-30
1,8505,1,9.748368572710069,0-10,,0-30
1,8523,1,15.672466742864609,15-20,10-20,60-90.1
1,8601,1,27.51811690278925,25-30,20-30,60-90.1
1,8615,1,17.941814393150914,15-20,10-20,30-60
1,8652,1,13.170592322566007,10-15,10-20,0-30
1,8705,1,15.70458541827873,15-20,10-20,60-90.1
1,8730,1,13.090158452342878,10-15,10-20,0-30
1,8777,1,22.023184164239414,20-25,20-30,60-90.1
1,8787,1,20.479143479235045,20-25,20-30,60-90.1
1,8794,1,23.059415500161492,20-25,20-30,60-90.1
1,8825,1,16.095602023070086,15-20,10-20,30-60
1,8835,1,24.507780308831112,20-25,20-30,60-90.1
1,8837,1,18.671511899210994,15-20,10-20,60-90.1
1,8848,1,16.82332123662974,15-20,10-20,30-60
1,8864,1,25.22694382146343,25-30,20-30,30-60
1,8867,1,17.39539107882242,15-20,10-20,30-60
1,8894,1,22.059865124397522,20-25,20-30,60-90.1
1,8895,1,25.57943020391797,25-30,20-30,0-30
1,8913,1,29.954900816549454,25-30,20-30,60-90.1
1,8924,1,24.749861261859856,20-25,20-30,30-60
1,8959,1,19.753820268219236,15-20,10-20,30-60
1,8989,1,31.641256123704434,30-40,30-45,60-90.1
1,9004,1,14.080217717202668,10-15,10-20,60-90.1
1,9015,1,29.248002223591712,25-30,20-30,0-30
1,9022,1,34.14809699176916,30-40,30-45,30-60
1,9033,1,34.9864993893912,30-40,30-45,30-60
1,9079,1,31.694901886715087,30-40,30-45,60-90.1
1,9143,1,24.402702974821974,20-25,20-30,60-90.1
1,9145,1,22.296938114863856,20-25,20-30,60-90.1
1,9177,1,14.098611740161177,10-15,10-20,0-30
1,9209,1,15.940130994072772,15-20,10-20,60-90.1
1,9230,1,17.71958218005459,15-20,10-20,60-90.1
1,9264,1,18.665451744034478,15-20,10-20,60-90.1
1,9369,1,16.77053314437356,15-20,10-20,0-30
1,9382,1,26.288180516268486,25-30,20-30,30-60
1,9389,1,20.468588857938,20-25,20-30,60-90.1
1,9418,1,31.54907069731732,30-40,30-45,60-90.1
1,9430,1,31.21115117321607,30-40,30-45,60-90.1
1,9440,1,18.952288671986885,15-20,10-20,30-60
1,9496,1,34.13257040516018,30-40,30-45,60-90.1
1,9500,1,34.33801342099047,30-40,30-45,60-90.1
1,9504,1,12.045604963030243,10-15,10-20,60-90.1
1,9516,1,31.01685498766134,30-40,30-45,30-60
1,9528,1,18.737752695846208,15-20,10-20,30-60
1,9561,1,15.883145494352345,15-20,10-20,60-90.1
1,9587,1,29.432919896433045,25-30,20-30,0-30
1,9593,1,12.176727955327861,10-15,10-20,30-60
1,9602,1,36.01637403845311,30-40,30-45,60-90.1
1,9686,1,18.181251231810023,15-20,10-20,30-60
1,9721,1,13.111203465184659,10-15,10-20,0-30
1,9732,1,14.505542464379237,10-15,10-20,30-60
1,9749,1,14.857494654781165,10-15,10-20,60-90.1
1,9761,1,17.357099304111717,15-20,10-20,60-90.1
1,9773,1,17.51269977985766,15-20,10-20,60-90.1
1,9798,1,17.07164350270081,15-20,10-20,60-90.1
1,9807,1,20.414790806158706,20-25,20-30,60-90.1
1,9822,1,20.447703788244016,20-25,20-30,0-30
1,9834,1,19.79181556793247,15-20,10-20,0-30
1,9850,1,22.86763130692424,20-25,20-30,60-90.1
1,9854,1,15.59777476668949,15-20,10-20,30-60
1,9872,1,15.827489115010588,15-20,10-20,60-90.1
1,9890,1,22.76063788190322,20-25,20-30,60-90.1
1,9901,1,17.2997668643481,15-20,10-20,60-90.1
1,9918,1,17.21606007179359,15-20,10-20,0-30
1,9921,1,23.73275113593962,20-25,20-30,60-90.1
1,9927,1,19.52119191870542,15-20,10-20,30-60
1,9957,1,27.820983987884123,25-30,20-30,30-60
1,9977,1,22.584495626400397,20-25,20-30,60-90.1
1,9986,1,24.97699838711089,20-25,20-30,30-60
1,9998,1,29.449899934205707,25-30,20-30,30-60
1,10033,1,34.256185745310674,30-40,30-45,60-90.1
1,10038,1,31.83233353853042,30-40,30-45,60-90.1
1,10213,1,30.340028190900718,30-40,30-45,60-90.1
1,10215,1,33.743500488678166,30-40,30-45,60-90.1
1,10229,1,35.79664324773884,30-40,30-45,30-60
1,10259,1,26.53184411239699,25-30,20-30,60-90.1
1,10278,1,18.452157505557153,15-20,10-20,30-60
1,10288,1,19.65215185567724,15-20,10-20,60-90.1
1,10398,1,20.916272430715296,20-25,20-30,60-90.1
1,10400,1,20.763684311409026,20-25,20-30,60-90.1
1,10435,1,25.837205025531244,25-30,20-30,60-90.1
1,10442,1,25.17815206682936,25-30,20-30,60-90.1
1,10477,1,28.784968197472057,25-30,20-30,60-90.1
1,10488,1,25.10857072393754,25-30,20-30,60-90.1
1,10517,1,26.45779427638433,25-30,20-30,30-60
1,10527,1,19.04248640554725,15-20,10-20,30-60
1,10536,1,26.728329215551664,25-30,20-30,0-30
1,10566,1,33.50027384613113,30-40,30-45,60-90.1
1,10571,1,34.51728353531817,30-40,30-45,60-90.1
1,10576,1,21.221186665763344,20-25,20-30,30-60
1,10627,1,35.06744883064347,30-40,30-45,60-90.1
1,10656,1,18.624583788636148,15-20,10-20,60-90.1
1,10681,1,12.097790965256442,10-15,10-20,60-90.1
1,10687,1,16.996395046335927,15-20,10-20,60-90.1
1,10725,1,20.77444177466139,20-25,20-30,60-90.1
1,10748,1,21.0670216480612,20-25,20-30,30-60
1,10750,1,19.8096708562257,15-20,10-20,30-60
1,10771,1,37.921947280635955,30-40,30-45,60-90.1
1,10830,1,21.86906419281506,20-25,20-30,60-90.1
1,10857,1,14.544302456353542,10-15,10-20,30-60
1,10868,1,16.91444272525179,15-20,10-20,60-90.1
1,10882,1,17.356622053589415,15-20,10-20,60-90.1
1,10970,1,16.283699651251787,15-20,10-20,0-30
1,10973,1,24.534825605776934,20-25,20-30,30-60
1,10980,1,26.767884642040542,25-30,20-30,60-90.1
1,11042,1,16.934481254176934,15-20,10-20,0-30
1,11047,1,31.307405434161744,30-40,30-45,60-90.1
1,11054,1,22.422530936499847,20-25,20-30,60-90.1
1,11062,1,17.803468414421683,15-20,10-20,30-60
1,11089,1,29.6673936752975,25-30,20-30,30-60
1,11106,1,20.229208483517116,20-25,20-30,30-60
1,11117,1,30.669006500303425,30-40,30-45,30-60
1,11161,1,34.25279572100688,30-40,30-45,60-90.1
1,11166,1,21.678347995476063,20-25,20-30,0-30
1,11185,1,37.04189176758183,30-40,30-45,60-90.1
1,11197,1,32.141168378065416,30-40,30-45,60-90.1
1,11213,1,16.53144031069003,15-20,10-20,60-90.1
1,11220,1,36.22581805891285,30-40,30-45,60-90.1
1,11245,1,30.671837097861506,30-40,30-45,0-30
1,11264,1,21.17001741387655,20-25,20-30,60-90.1
1,11271,1,38.32091058322665,30-40,30-45,60-90.1
1,11286,1,35.7638062871672,30-40,30-45,60-90.1
1,11293,1,32.0390149707912,30-40,30-45,60-90.1
1,11355,1,18.544741904146257,15-20,10-20,30-60
1,11360,1,29.027559542600393,25-30,20-30,30-60
1,11380,1,23.85338414798221,20-25,20-30,60-90.1
1,11383,1,26.105856668682016,25-30,20-30,60-90.1
1,11403,1,13.89872045759443,10-15,10-20,0-30
1,11465,1,21.96730877516649,20-25,20-30,60-90.1
1,11475,1,16.495890273603298,15-20,10-20,60-90.1
1,11524,1,20.692216833031726,20-25,20-30,60-90.1
1,11527,1,27.50228783699574,25-30,20-30,60-90.1
1,11550,1,26.535266477773,25-30,20-30,60-90.1
1,11596,1,16.89097131782975,15-20,10-20,30-60
1,11648,1,21.804405269121556,20-25,20-30,30-60
1,11678,1,37.49767463210944,30-40,30-45,60-90.1
1,11682,1,37.609474102567205,30-40,30-45,0-30
1,11750,1,39.7457678829473,30-40,30-45,60-90.1
1,11790,1,39.74132950142484,30-40,30-45,60-90.1
1,11792,1,22.537089802757272,20-25,20-30,0-30
1,11857,1,22.03787442225089,20-25,20-30,30-60
1,11916,1,15.148695275734408,15-20,10-20,30-60
1,11931,1,16.859264598833413,15-20,10-20,60-90.1
1,11943,1,20.036342279135912,20-25,20-30,60-90.1
1,11944,1,19.374855491155753,15-20,10-20,60-90.1
1,11952,1,19.188324020420062,15-20,10-20,60-90.1
1,11957,1,20.595917246241104,20-25,20-30,60-90.1
1,11966,1,22.824938942438553,20-25,20-30,60-90.1
1,11978,1,22.633721463369326,20-25,20-30,60-90.1
1,12040,1,17.264502606433737,15-20,10-20,0-30
1,12076,1,27.93425923185673,25-30,20-30,30-60
1,12101,1,33.7333914196398,30-40,30-45,60-90.1
1,12119,1,24.586100572292846,20-25,20-30,60-90.1
1,12122,1,28.384399198387865,25-30,20-30,30-60
1,12125,1,19.831990980741143,15-20,10-20,60-90.1
1,12139,1,26.772866217464536,25-30,20-30,30-60
1,12146,1,30.96912947510033,30-40,30-45,30-60
1,12158,1,31.85111549983561,30-40,30-45,30-60
1,12170,1,36.94694102388521,30-40,30-45,60-90.1
1,12177,1,33.90905671049006,30-40,30-45,60-90.1
1,12213,1,36.44809845108732,30-40,30-45,60-90.1
1,12220,1,21.080597316621265,20-25,20-30,60-90.1
1,12238,1,22.15959443379671,20-25,20-30,60-90.1
1,12263,1,30.940787072805907,30-40,30-45,0-30
1,12322,1,40.946087018094886,40-50,30-45,60-90.1
1,12331,1,33.97105305633909,30-40,30-45,60-90.1
1,12360,1,36.766588283853764,30-40,30-45,30-60
1,12384,1,39.417990542480716,30-40,30-45,60-90.1
1,12390,1,23.495360226616306,20-25,20-30,30-60
1,12438,1,14.60070467829383,10-15,10-20,60-90.1
1,12453,1,16.75617240101542,15-20,10-20,60-90.1
1,12491,1,22.005178704603598,20-25,20-30,60-90.1
1,12499,1,25.7636591626651,25-30,20-30,60-90.1
1,12508,1,17.004116209090995,15-20,10-20,0-30
1,12516,1,21.381630290398224,20-25,20-30,60-90.1
1,12528,1,28.476499193516748,25-30,20-30,60-90.1
1,12532,1,26.38802314859532,25-30,20-30,60-90.1
1,12552,1,30.0175367969051,30-40,30-45,60-90.1
1,12571,1,29.803894618634914,25-30,20-30,60-90.1
1,12579,1,23.846314490011903,20-25,20-30,60-90.1
1,12679,1,23.73836616923958,20-25,20-30,30-60
1,12711,1,34.93907461206043,30-40,30-45,0-30
1,12734,1,33.696216345368285,30-40,30-45,60-90.1
1,12777,1,39.01466672319467,30-40,30-45,60-90.1
1,12865,1,31.15567475649311,30-40,30-45,30-60
1,12906,1,22.832564799237886,20-25,20-30,60-90.1
1,12917,1,29.595268715213418,25-30,20-30,30-60
1,12918,1,21.201864894278934,20-25,20-30,0-30
1,12936,1,14.021303733861632,10-15,10-20,30-60
1,12993,1,17.56368994359633,15-20,10-20,30-60
1,13038,1,23.608523371191954,20-25,20-30,60-90.1
1,13066,1,20.59906947372663,20-25,20-30,30-60
1,13088,1,24.090784670636825,20-25,20-30,60-90.1
1,13122,1,18.67588285436346,15-20,10-20,30-60
1,13147,1,25.992656593599797,25-30,20-30,60-90.1
1,13214,1,22.389630152686625,20-25,20-30,30-60
1,13220,1,31.80418472590768,30-40,30-45,0-30
1,13222,1,24.116861215508383,20-25,20-30,30-60
1,13230,1,32.806064322913436,30-40,30-45,30-60
1,13244,1,38.57591062860967,30-40,30-45,60-90.1
1,13251,1,23.547477430886048,20-25,20-30,60-90.1
1,13268,1,40.224102248536006,40-50,30-45,30-60
1,13302,1,42.095005967133886,40-50,30-45,60-90.1
1,13340,1,34.78637116690587,30-40,30-45,60-90.1
1,13455,1,22.34181426346231,20-25,20-30,60-90.1
1,13456,1,13.602974130130924,10-15,10-20,0-30
1,13479,1,15.392921842526972,15-20,10-20,60-90.1
1,13485,1,17.619456146572965,15-20,10-20,30-60
1,13505,1,17.909997788375538,15-20,10-20,60-90.1
1,13512,1,19.59647794109254,15-20,10-20,60-90.1
1,13597,1,21.258487678625535,20-25,20-30,60-90.1
1,13612,1,23.718233249605742,20-25,20-30,0-30
1,13671,1,27.581376957698623,25-30,20-30,30-60
1,13699,1,32.370935321484176,30-40,30-45,60-90.1
1,13705,1,29.64032375092339,25-30,20-30,30-60
1,13711,1,32.87811854131873,30-40,30-45,60-90.1
1,13732,1,32.208452370925926,30-40,30-45,60-90.1
1,13742,1,30.203001998595784,30-40,30-45,0-30
1,13766,1,28.170662643566043,25-30,20-30,30-60
1,13781,1,36.54938475279169,30-40,30-45,60-90.1
1,13868,1,32.71660693737233,30-40,30-45,30-60
1,14031,1,30.95236294359966,30-40,30-45,0-30
1,14054,1,24.989242773588227,20-25,20-30,60-90.1
1,14059,1,15.497551264039519,15-20,10-20,0-30
1,14086,1,17.899732527460287,15-20,10-20,60-90.1
1,14097,1,18.016403869896813,15-20,10-20,60-90.1
1,14135,1,20.966748418587056,20-25,20-30,60-90.1
1,14149,1,23.212000339933397,20-25,20-30,60-90.1
1,14170,1,23.47161265428931,20-25,20-30,60-90.1
1,14183,1,25.599650051614056,25-30,20-30,60-90.1
1,14186,1,13.282468161066395,10-15,10-20,30-60
1,14205,1,20.335866887684023,20-25,20-30,60-90.1
1,14209,1,25.03888076605308,25-30,20-30,30-60
1,14228,1,28.215360821349314,25-30,20-30,60-90.1
1,14297,1,17.02628989690418,15-20,10-20,0-30
1,14310,1,26.948030530538006,25-30,20-30,60-90.1
1,14322,1,20.578786991315205,20-25,20-30,60-90.1
1,14328,1,25.230955550890137,25-30,20-30,60-90.1
1,14361,1,26.32153033603542,25-30,20-30,60-90.1
1,14393,1,35.02543260424142,30-40,30-45,60-90.1
1,14409,1,21.055845417912426,20-25,20-30,60-90.1
1,14432,1,33.542851541503865,30-40,30-45,60-90.1
1,14456,1,20.582148662943478,20-25,20-30,30-60
1,14469,1,22.75941616476761,20-25,20-30,60-90.1
1,14473,1,38.86371296329583,30-40,30-45,60-90.1
1,14488,1,32.948992523587805,30-40,30-45,0-30
1,14506,1,26.33675873173878,25-30,20-30,30-60
1,14513,1,34.773297940991206,30-40,30-45,30-60
1,14552,1,20.421065060986088,20-25,20-30,60-90.1
1,14558,1,32.36190334497461,30-40,30-45,30-60
1,14594,1,44.23227275944095,40-50,30-45,60-90.1
1,14631,1,19.947145989242564,15-20,10-20,60-90.1
1,14683,1,36.7407052403101,30-40,30-45,30-60
1,14686,1,41.7002124395627,40-50,30-45,60-90.1
1,14726,1,39.41629168111977,30-40,30-45,30-60
1,14800,1,14.158634994775127,10-15,10-20,0-30
1,14803,1,15.641774711996902,15-20,10-20,60-90.1
1,14833,1,17.356929484221535,15-20,10-20,60-90.1
1,14917,1,21.399355206076454,20-25,20-30,60-90.1
1,14958,1,12.467739558573284,10-15,10-20,30-60
1,14959,1,17.377831580040787,15-20,10-20,60-90.1
1,14997,1,16.395439804290426,15-20,10-20,30-60
1,15020,1,27.514376563971506,25-30,20-30,60-90.1
1,15043,1,29.742433210229994,25-30,20-30,30-60
1,15075,1,29.326062457213933,25-30,20-30,30-60
1,15083,1,35.323676292760574,30-40,30-45,60-90.1
1,15105,1,37.31861178741776,30-40,30-45,60-90.1
1,15164,1,25.72173615525066,25-30,20-30,30-60
1,15166,1,41.10208346314874,40-50,30-45,60-90.1
1,15192,1,26.467709482820883,25-30,20-30,30-60
1,15198,1,26.00113606393589,25-30,20-30,30-60
1,15259,1,41.24586671436313,40-50,30-45,60-90.1
1,15279,1,37.440513451773036,30-40,30-45,60-90.1
1,15309,1,22.351267422064286,20-25,20-30,30-60
1,15327,1,33.52125777405066,30-40,30-45,60-90.1
1,15413,1,27.838122577192998,25-30,20-30,60-90.1
1,15459,1,14.633116445914807,10-15,10-20,30-60
1,15508,1,20.07788884144217,20-25,20-30,30-60
1,15522,1,21.134742670527594,20-25,20-30,0-30
1,15526,1,20.16049577832418,20-25,20-30,60-90.1
1,15627,1,27.00804628592846,25-30,20-30,30-60
1,15633,1,23.190671749172594,20-25,20-30,60-90.1
1,15641,1,31.006352610536105,30-40,30-45,60-90.1
1,15684,1,34.224774789040254,30-40,30-45,60-90.1
1,15691,1,20.41793041892351,20-25,20-30,60-90.1
1,15732,1,35.03062386006971,30-40,30-45,30-60
1,15734,1,37.71929003104116,30-40,30-45,60-90.1
1,15744,1,39.36754543046506,30-40,30-45,60-90.1
1,15803,1,44.065456894666724,40-50,30-45,60-90.1
1,15818,1,36.721114641364515,30-40,30-45,30-60
1,15834,1,32.45172993503207,30-40,30-45,30-60
1,15922,1,46.015474704278084,40-50,45-70,60-90.1
1,15934,1,22.464169981314708,20-25,20-30,60-90.1
1,15999,1,31.920324510591,30-40,30-45,0-30
1,16044,1,13.31982517368576,10-15,10-20,0-30
1,16087,1,17.020674220912127,15-20,10-20,60-90.1
1,16103,1,17.873360475739474,15-20,10-20,60-90.1
1,16108,1,15.569743873445246,15-20,10-20,60-90.1
1,16141,1,22.453474670430364,20-25,20-30,60-90.1
1,16174,1,23.888923707153523,20-25,20-30,60-90.1
1,16177,1,25.536729918568216,25-30,20-30,60-90.1
1,16208,1,21.758739595476055,20-25,20-30,60-90.1
1,16213,1,28.200431676088854,25-30,20-30,60-90.1
1,16248,1,30.365759005536916,30-40,30-45,60-90.1
1,16293,1,25.48847189919965,25-30,20-30,60-90.1
1,16296,1,16.80914834825007,15-20,10-20,30-60
1,16363,1,23.392804088478915,20-25,20-30,60-90.1
1,16371,1,41.4464388023055,40-50,30-45,60-90.1
1,16392,1,25.38078458892516,25-30,20-30,30-60
1,16397,1,42.5135002184065,40-50,30-45,60-90.1
1,16420,1,27.882041462266226,25-30,20-30,0-30
1,16430,1,45.40742425538853,40-50,45-70,60-90.1
1,16460,1,36.515639082048686,30-40,30-45,60-90.1
1,16476,1,23.063526733058673,20-25,20-30,60-90.1
1,16486,1,33.12206818772205,30-40,30-45,30-60
1,16494,1,46.0853414640799,40-50,45-70,30-60
1,16573,1,24.698507074865045,20-25,20-30,60-90.1
1,16615,1,19.184656776853764,15-20,10-20,60-90.1
1,16635,1,19.929041476702675,15-20,10-20,30-60
1,16650,1,31.17154823502966,30-40,30-45,60-90.1
1,16688,1,14.454983436681536,10-15,10-20,0-30
1,16693,1,15.233335902025809,15-20,10-20,30-60
1,16706,1,14.474939517972,10-15,10-20,0-30
1,16714,1,17.664658485120743,15-20,10-20,60-90.1
1,16729,1,17.099143405421966,15-20,10-20,60-90.1
1,16735,1,19.08838819979109,15-20,10-20,60-90.1
1,16754,1,20.635102615475486,20-25,20-30,30-60
1,16825,1,23.79465264445262,20-25,20-30,60-90.1
1,16868,1,28.311142605868092,25-30,20-30,0-30
1,16893,1,21.223612746455185,20-25,20-30,60-90.1
1,16897,1,33.281488494601426,30-40,30-45,60-90.1
1,16954,1,24.27909568408322,20-25,20-30,30-60
1,16986,1,36.995828567908276,30-40,30-45,60-90.1
1,16989,1,40.01363805687191,40-50,30-45,60-90.1
1,17020,1,43.40008322883636,40-50,30-45,60-90.1
1,17033,1,35.86254994963063,30-40,30-45,30-60
1,17067,1,20.250204756580054,20-25,20-30,30-60
1,17106,1,26.2849619282629,25-30,20-30,30-60
1,17114,1,25.053042013794432,25-30,20-30,30-60
1,17137,1,39.16846690405087,30-40,30-45,60-90.1
1,17153,1,18.072875490728816,15-20,10-20,60-90.1
1,17195,1,18.12323136007026,15-20,10-20,60-90.1
1,17227,1,40.49850389642806,40-50,30-45,60-90.1
1,17231,1,20.000545280612478,20-25,20-30,0-30
1,17236,1,26.644616194916836,25-30,20-30,0-30
1,17269,1,15.678388653940514,15-20,10-20,60-90.1
1,17316,1,15.724993292094592,15-20,10-20,30-60
1,17343,1,17.181184522077828,15-20,10-20,60-90.1
1,17347,1,14.946824476644924,10-15,10-20,0-30
1,17380,1,17.27183150514132,15-20,10-20,60-90.1
1,17392,1,20.86696533535709,20-25,20-30,60-90.1
1,17396,1,21.20596329417602,20-25,20-30,0-30
1,17426,1,23.910074504512085,20-25,20-30,60-90.1
1,17434,1,15.592415127959557,15-20,10-20,60-90.1
1,17462,1,14.946017377264619,10-15,10-20,60-90.1
1,17513,1,26.552290529883525,25-30,20-30,60-90.1
1,17526,1,17.848613696878374,15-20,10-20,30-60
1,17561,1,26.6021634413425,25-30,20-30,60-90.1
1,17578,1,37.67448518442815,30-40,30-45,60-90.1
1,17581,1,23.36925146945466,20-25,20-30,60-90.1
1,17622,1,41.362317145224914,40-50,30-45,60-90.1
1,17660,1,44.39568408582081,40-50,30-45,60-90.1
1,17666,1,27.047814948638724,25-30,20-30,30-60
1,17711,1,47.08510118162455,40-50,45-70,60-90.1
1,17736,1,28.393002755198538,25-30,20-30,0-30
1,17784,1,33.33429480830407,30-40,30-45,30-60
1,17815,1,44.201652234848304,40-50,30-45,60-90.1
1,17877,1,44.57694465682429,40-50,30-45,60-90.1
1,17911,1,27.11609383255228,25-30,20-30,0-30
1,17938,1,20.406534944282384,20-25,20-30,60-90.1
1,17957,1,27.668116646099975,25-30,20-30,60-90.1
1,18052,1,19.73619588323725,15-20,10-20,60-90.1
1,18125,1,26.908523618976083,25-30,20-30,60-90.1
1,18143,1,19.484477794136144,15-20,10-20,60-90.1
1,18171,1,22.468694571299352,20-25,20-30,60-90.1
1,18186,1,36.42304183995603,30-40,30-45,60-90.1
1,18204,1,20.60953668328106,20-25,20-30,60-90.1
1,18219,1,39.81726314582378,30-40,30-45,60-90.1
1,18227,1,41.76721249401799,40-50,30-45,60-90.1
1,18247,1,38.90207657940826,30-40,30-45,60-90.1
1,18267,1,26.651585624672883,25-30,20-30,60-90.1
1,18305,1,38.13999293309642,30-40,30-45,60-90.1
1,18337,1,25.26891045890253,25-30,20-30,60-90.1
1,18390,1,19.26061082050948,15-20,10-20,60-90.1
1,18413,1,37.69198268890485,30-40,30-45,60-90.1
1,18477,1,35.964092019978985,30-40,30-45,60-90.1
1,18487,1,11.053572365304522,10-15,10-20,30-60
1,18529,1,37.90703792565624,30-40,30-45,30-60
1,18600,1,27.540755645423637,25-30,20-30,0-30
1,18621,1,34.15647888604315,30-40,30-45,60-90.1
1,18625,1,27.391795450836295,25-30,20-30,0-30
1,18626,1,30.238109016563655,30-40,30-45,60-90.1
1,18670,1,17.178183843945032,15-20,10-20,60-90.1
1,18682,1,15.442135558136396,15-20,10-20,30-60
1,18704,1,19.848984739545894,15-20,10-20,60-90.1
1,18705,1,20.73565946854634,20-25,20-30,60-90.1
1,18707,1,15.261262439101781,15-20,10-20,30-60
1,18711,1,19.499542107075527,15-20,10-20,60-90.1
1,18744,1,22.677154985750455,20-25,20-30,30-60
1,18756,1,25.798971415172797,25-30,20-30,60-90.1
1,18771,1,28.36904355689856,25-30,20-30,30-60
1,18798,1,28.90584035944065,25-30,20-30,30-60
1,18845,1,30.00223193423697,30-40,30-45,30-60
1,18882,1,15.784270355339869,15-20,10-20,60-90.1
1,18917,1,26.834023444056527,25-30,20-30,30-60
1,18923,1,43.418748721931664,40-50,30-45,60-90.1
1,18943,1,44.83036827921241,40-50,30-45,60-90.1
1,18947,1,39.95569437314241,30-40,30-45,60-90.1
1,18953,1,43.77655914028431,40-50,30-45,60-90.1
1,18965,1,46.42947371169351,40-50,45-70,60-90.1
1,18981,1,46.24158419697539,40-50,45-70,60-90.1
1,19018,1,40.50448875239038,40-50,30-45,60-90.1
1,19109,1,27.688985199837642,25-30,20-30,0-30
1,19122,1,20.9253744719666,20-25,20-30,60-90.1
1,19131,1,14.894683519425426,10-15,10-20,30-60
1,19143,1,36.843002567281246,30-40,30-45,60-90.1
1,19171,1,10.544131702647164,10-15,10-20,60-90.1
1,19172,1,21.27917481189713,20-25,20-30,60-90.1
1,19234,1,35.7827479810662,30-40,30-45,60-90.1
1,19353,1,16.15326046360852,15-20,10-20,60-90.1
1,19404,1,16.65036466928661,15-20,10-20,60-90.1
1,19412,1,23.45639681993785,20-25,20-30,60-90.1
1,19419,1,22.177301143272768,20-25,20-30,60-90.1
1,19462,1,32.01667762141055,30-40,30-45,30-60
1,19482,1,30.663582658473846,30-40,30-45,60-90.1
1,19523,1,14.791191569900239,10-15,10-20,60-90.1
1,19546,1,17.70351907445651,15-20,10-20,60-90.1
1,19552,1,27.732172703313708,25-30,20-30,60-90.1
1,19571,1,39.508317770320176,30-40,30-45,60-90.1
1,19589,1,13.363586723605001,10-15,10-20,30-60
1,19592,1,18.21480095172086,15-20,10-20,60-90.1
1,19608,1,25.3061906529508,25-30,20-30,60-90.1
1,19636,1,15.625086812027323,15-20,10-20,60-90.1
1,19663,1,43.501596424982765,40-50,30-45,60-90.1
1,19685,1,42.469128043715656,40-50,30-45,60-90.1
1,19691,1,48.399327763383646,40-50,45-70,60-90.1
1,19711,1,48.57092973033713,40-50,45-70,60-90.1
1,19714,1,21.997208494291524,20-25,20-30,60-90.1
1,19743,1,42.949413435232096,40-50,30-45,60-90.1
1,19756,1,26.866929896083736,25-30,20-30,60-90.1
1,19764,1,50.66537630690999,50-60,45-70,60-90.1
1,19844,1,16.58448616704495,15-20,10-20,60-90.1
1,19850,1,22.28114549020185,20-25,20-30,60-90.1
1,19908,1,17.01560695753774,15-20,10-20,30-60
1,19917,1,41.35633686501824,40-50,30-45,60-90.1
1,19952,1,11.5128548594334,10-15,10-20,0-30
1,19960,1,48.14977218702305,40-50,45-70,60-90.1
1,19976,1,34.425485277657586,30-40,30-45,30-60
1,19999,1,18.788309193007592,15-20,10-20,30-60
1,20019,1,22.391633121095346,20-25,20-30,60-90.1
1,20037,1,32.76917271397814,30-40,30-45,60-90.1
1,20056,1,18.266926287180773,15-20,10-20,60-90.1
1,20076,1,15.525531252074888,15-20,10-20,60-90.1
1,20095,1,18.12948906398173,15-20,10-20,60-90.1
1,20102,1,18.302593863743166,15-20,10-20,60-90.1
1,20112,1,17.221831384362932,15-20,10-20,60-90.1
1,20116,1,20.362129235767615,20-25,20-30,60-90.1
1,20157,1,20.672855245298763,20-25,20-30,60-90.1
1,20173,1,25.076480781046417,25-30,20-30,60-90.1
1,20222,1,34.20151403979985,30-40,30-45,60-90.1
1,20255,1,19.527763459530494,15-20,10-20,30-60
1,20265,1,15.187950959492666,15-20,10-20,60-90.1
1,20299,1,19.226376771091832,15-20,10-20,30-60
1,20322,1,12.954025228133432,10-15,10-20,0-30
1,20331,1,31.245138756568576,30-40,30-45,30-60
1,20342,1,21.76468216416752,20-25,20-30,60-90.1
1,20354,1,41.42796329749925,40-50,30-45,60-90.1
1,20382,1,17.80270287155606,15-20,10-20,60-90.1
1,20401,1,28.760296963899197,25-30,20-30,0-30
1,20410,1,28.329274931191325,25-30,20-30,30-60
1,20432,1,46.1726291708441,40-50,45-70,30-60
1,20448,1,50.16517286069562,50-60,45-70,60-90.1
1,20454,1,43.94610872179691,40-50,30-45,60-90.1
1,20459,1,47.997837762111644,40-50,45-70,30-60
1,20502,1,51.358781222192206,50-60,45-70,60-90.1
1,20516,1,16.599102534078725,15-20,10-20,60-90.1
1,20522,1,39.77544149690235,30-40,30-45,60-90.1
1,20581,1,38.94498544452033,30-40,30-45,30-60
1,20627,1,45.88835353827124,40-50,45-70,60-90.1
1,20669,1,45.43454668886997,40-50,45-70,30-60
1,20709,1,14.270613209811284,10-15,10-20,30-60
1,20735,1,14.117416673849535,10-15,10-20,0-30
1,20804,1,19.62206500470015,15-20,10-20,60-90.1
1,20806,1,21.65871637587761,20-25,20-30,60-90.1
1,20814,1,23.542119929794254,20-25,20-30,60-90.1
1,20825,1,23.640745575636988,20-25,20-30,30-60
1,20829,1,25.736635096199866,25-30,20-30,60-90.1
1,20839,1,27.616170117932825,25-30,20-30,60-90.1
1,20860,1,30.44621037471116,30-40,30-45,60-90.1
1,20866,1,17.201748203193134,15-20,10-20,30-60
1,20898,1,30.19724509256217,30-40,30-45,60-90.1
1,20929,1,17.732190979784214,15-20,10-20,60-90.1
1,20943,1,36.54165110354691,30-40,30-45,30-60
1,20945,1,13.93088974158413,10-15,10-20,0-30
1,20965,1,23.572751630525744,20-25,20-30,60-90.1
1,20967,1,33.269604069372896,30-40,30-45,30-60
1,21016,1,20.26347620163776,20-25,20-30,60-90.1
1,21019,1,22.991989145555316,20-25,20-30,60-90.1
1,21036,1,43.91350411407966,40-50,30-45,60-90.1
1,21046,1,27.25358042288274,25-30,20-30,30-60
1,21050,1,14.386755819980758,10-15,10-20,30-60
1,21061,1,45.228371003497294,40-50,45-70,60-90.1
1,21101,1,26.67475879493977,25-30,20-30,60-90.1
1,21120,1,46.994805820534005,40-50,45-70,60-90.1
1,21139,1,19.808357078141952,15-20,10-20,60-90.1
1,21143,1,45.15768423189609,40-50,45-70,60-90.1
1,21150,1,51.49101466029989,50-60,45-70,60-90.1
1,21169,1,49.34955130166753,40-50,45-70,60-90.1
1,21230,1,19.06228414261812,15-20,10-20,60-90.1
1,21269,1,41.35097961326762,40-50,30-45,0-30
1,21300,1,35.01514888474598,30-40,30-45,30-60
1,21309,1,15.919914639905036,15-20,10-20,60-90.1
1,21327,1,28.851521424612272,25-30,20-30,0-30
1,21331,1,35.66002238509186,30-40,30-45,60-90.1
1,21351,1,30.58036044585818,30-40,30-45,30-60
1,21432,1,15.890561498890225,15-20,10-20,60-90.1
1,21443,1,21.718022447023976,20-25,20-30,60-90.1
1,21491,1,26.44161785697285,25-30,20-30,60-90.1
1,21534,1,15.304403118054235,15-20,10-20,0-30
1,21535,1,21.149049830439417,20-25,20-30,30-60
1,21567,1,38.72848564327772,30-40,30-45,30-60
1,21594,1,14.954807103542109,10-15,10-20,60-90.1
1,21596,1,28.44598706765088,25-30,20-30,60-90.1
1,21614,1,14.541317416710543,10-15,10-20,60-90.1
1,21649,1,22.639339750241547,20-25,20-30,60-90.1
1,21652,1,25.371304329040225,25-30,20-30,60-90.1
1,21668,1,20.573385521149522,20-25,20-30,60-90.1
1,21681,1,28.375211249242955,25-30,20-30,30-60
1,21684,1,47.33400664694914,40-50,45-70,30-60
1,21706,1,50.15720017330444,50-60,45-70,30-60
1,21740,1,24.26011557857316,20-25,20-30,60-90.1
1,21781,1,48.45992229023176,40-50,45-70,60-90.1
1,21803,1,16.694534595494044,15-20,10-20,60-90.1
1,21876,1,21.661082098289604,20-25,20-30,0-30
1,21916,1,24.748349911205814,20-25,20-30,60-90.1
1,21953,1,21.070990793820794,20-25,20-30,60-90.1
1,21970,1,16.21435795901285,15-20,10-20,0-30
1,21988,1,15.623598899581317,15-20,10-20,30-60
1,21998,1,18.227095856561657,15-20,10-20,30-60
1,22005,1,17.314960729800358,15-20,10-20,60-90.1
1,22026,1,20.614735227202175,20-25,20-30,60-90.1
1,22046,1,20.907586949220534,20-25,20-30,60-90.1
1,22070,1,23.96948125250107,20-25,20-30,30-60
1,22089,1,24.729911462566534,20-25,20-30,30-60
1,22098,1,22.01599981986898,20-25,20-30,60-90.1
1,22154,1,33.63445412089139,30-40,30-45,30-60
1,22189,1,32.82174333521939,30-40,30-45,30-60
1,22205,1,17.00267983972075,15-20,10-20,60-90.1
1,22233,1,15.554823968306547,15-20,10-20,60-90.1
1,22264,1,31.69358198977374,30-40,30-45,30-60
1,22276,1,17.529657304473897,15-20,10-20,60-90.1
1,22314,1,18.4256726553546,15-20,10-20,60-90.1
1,22348,1,16.447742080449803,15-20,10-20,60-90.1
1,22352,1,48.95734832207663,40-50,45-70,30-60
1,22359,1,14.769899281151439,10-15,10-20,60-90.1
1,22374,1,29.28806916436502,25-30,20-30,0-30
1,22376,1,51.64444824551191,50-60,45-70,60-90.1
1,22385,1,53.183107741750405,50-60,45-70,60-90.1
1,22393,1,54.13654599621277,50-60,45-70,60-90.1
1,22402,1,55.02853874074923,50-60,45-70,30-60
1,22417,1,44.570799636432696,40-50,30-45,60-90.1
1,22428,1,54.37381186749893,50-60,45-70,30-60
1,22452,1,41.46301727586393,40-50,30-45,60-90.1
1,22463,1,15.412737586772312,15-20,10-20,60-90.1
1,22495,1,43.77059635604059,40-50,30-45,30-60
1,22569,1,28.59263033849045,25-30,20-30,30-60
1,22603,1,33.20120384875592,30-40,30-45,60-90.1
1,22640,1,16.62529364704847,15-20,10-20,60-90.1
1,22672,1,19.649282026015207,15-20,10-20,30-60
1,22682,1,16.590258830036994,15-20,10-20,60-90.1
1,22703,1,18.073708654203514,15-20,10-20,60-90.1
1,22709,1,22.459983819318403,20-25,20-30,60-90.1
1,22735,1,25.190306670828214,25-30,20-30,60-90.1
1,22737,1,18.667126259734314,15-20,10-20,60-90.1
1,22755,1,26.93519524832936,25-30,20-30,30-60
1,22764,1,28.736384775526894,25-30,20-30,60-90.1
1,22785,1,31.733148144651466,30-40,30-45,60-90.1
1,22793,1,28.89119764549102,25-30,20-30,60-90.1
1,22831,1,36.454474903535605,30-40,30-45,60-90.1
1,22833,1,17.820540737594705,15-20,10-20,60-90.1
1,22855,1,23.608529315828914,20-25,20-30,30-60
1,22869,1,20.175106197663652,20-25,20-30,60-90.1
1,22884,1,19.7922297312295,15-20,10-20,60-90.1
1,22904,1,18.557717516568207,15-20,10-20,60-90.1
1,22915,1,34.79549559242762,30-40,30-45,0-30
1,22917,1,42.07209792084007,40-50,30-45,60-90.1
1,22926,1,43.56335995554542,40-50,30-45,60-90.1
1,22940,1,17.19834849877194,15-20,10-20,60-90.1
1,22947,1,15.183320316807494,15-20,10-20,30-60
1,22956,1,48.991785949894606,40-50,45-70,30-60
1,22969,1,26.52321205753687,25-30,20-30,60-90.1
1,22987,1,24.500308439786338,20-25,20-30,60-90.1
1,23005,1,22.48413190246454,20-25,20-30,60-90.1
1,23031,1,28.420486767395364,25-30,20-30,30-60
1,23047,1,28.122310303944,25-30,20-30,0-30
1,23076,1,23.264555600010606,20-25,20-30,60-90.1
1,23100,1,53.653675443441585,50-60,45-70,30-60
1,23117,1,52.359883482785676,50-60,45-70,60-90.1
1,23153,1,44.296750075345464,40-50,30-45,30-60
1,23165,1,14.277349017414519,10-15,10-20,60-90.1
1,23179,1,39.7419173420819,30-40,30-45,0-30
1,23206,1,44.93276496928352,40-50,30-45,60-90.1
1,23216,1,19.254277186826716,15-20,10-20,0-30
1,23230,1,35.972373630189544,30-40,30-45,30-60
1,23253,1,23.842430509978954,20-25,20-30,60-90.1
1,23315,1,16.079825249188506,15-20,10-20,30-60
1,23322,1,16.279692086082388,15-20,10-20,60-90.1
1,23343,1,17.901817809877752,15-20,10-20,60-90.1
1,23386,1,15.068822307206736,15-20,10-20,0-30
1,23405,1,21.142102520400897,20-25,20-30,60-90.1
1,23432,1,25.162891905264935,25-30,20-30,30-60
1,23450,1,23.843643621418316,20-25,20-30,60-90.1
1,23553,1,35.8827308806514,30-40,30-45,30-60
1,23567,1,27.833564417809797,25-30,20-30,60-90.1
1,23600,1,46.043895384645516,40-50,45-70,30-60
1,23605,1,47.45669187177987,40-50,45-70,30-60
1,23618,1,48.42808490414276,40-50,45-70,0-30
1,23636,1,50.7227605041069,50-60,45-70,60-90.1
1,23641,1,20.49463444034526,20-25,20-30,60-90.1
1,23695,1,26.646648871617636,25-30,20-30,30-60
1,23728,1,48.50198066937034,40-50,45-70,60-90.1
1,23739,1,23.114318167225893,20-25,20-30,60-90.1
1,23741,1,44.422320896099016,40-50,30-45,60-90.1
1,23793,1,10.74576335409449,10-15,10-20,0-30
1,23831,1,16.22515462108354,15-20,10-20,30-60
1,23843,1,35.30295612103698,30-40,30-45,60-90.1
1,23864,1,27.370931737433754,25-30,20-30,60-90.1
1,23876,1,29.833504080640992,25-30,20-30,30-60
1,23886,1,37.57258154913278,30-40,30-45,30-60
1,23908,1,30.222149776959114,30-40,30-45,0-30
1,23915,1,20.912525507417232,20-25,20-30,60-90.1
1,23923,1,18.917115310906343,15-20,10-20,60-90.1
1,23942,1,15.92342469923614,15-20,10-20,30-60
1,23955,1,19.404857955337302,15-20,10-20,30-60
1,23962,1,15.351835393518929,15-20,10-20,0-30
1,23977,1,20.986156434218152,20-25,20-30,60-90.1
1,23993,1,22.845828855684797,20-25,20-30,30-60
1,24001,1,25.07888222221418,25-30,20-30,60-90.1
1,24014,1,25.054613071245495,25-30,20-30,30-60
1,24061,1,19.303478711052847,15-20,10-20,60-90.1
1,24072,1,35.14145185238778,30-40,30-45,60-90.1
1,24079,1,32.291147869698904,30-40,30-45,60-90.1
1,24118,1,39.43492320280154,30-40,30-45,30-60
1,24122,1,21.747987486916504,20-25,20-30,60-90.1
1,24170,1,31.798951578985697,30-40,30-45,30-60
1,24181,1,21.73125851556164,20-25,20-30,30-60
1,24191,1,20.441717663973797,20-25,20-30,30-60
1,24203,1,19.329492240168012,15-20,10-20,30-60
1,24218,1,13.993288837266487,10-15,10-20,30-60
1,24238,1,52.694318887974774,50-60,45-70,60-90.1
1,24244,1,18.157511824312532,15-20,10-20,60-90.1
1,24249,1,26.858186891567108,25-30,20-30,30-60
1,24263,1,28.70015862829354,25-30,20-30,0-30
1,24282,1,26.538722256225295,25-30,20-30,60-90.1
1,24365,1,38.85161450327916,30-40,30-45,30-60
1,24374,1,36.77911443126607,30-40,30-45,60-90.1
1,24398,1,43.13961246402389,40-50,30-45,0-30
1,24509,1,16.760534882621716,15-20,10-20,60-90.1
1,24518,1,20.743901246202924,20-25,20-30,0-30
1,24560,1,16.515034767936854,15-20,10-20,60-90.1
1,24571,1,23.49463792859138,20-25,20-30,60-90.1
1,24581,1,28.07375763781249,25-30,20-30,30-60
1,24589,1,26.5894132485505,25-30,20-30,0-30
1,24601,1,30.43111295165146,30-40,30-45,30-60
1,24609,1,27.209497083134885,25-30,20-30,60-90.1
1,24661,1,23.44418968007472,20-25,20-30,60-90.1
1,24688,1,41.802215156548904,40-50,30-45,30-60
1,24707,1,42.989223962222006,40-50,30-45,30-60
1,24708,1,22.779496817215637,20-25,20-30,0-30
1,24716,1,34.635563577485364,30-40,30-45,30-60
1,24744,1,50.310347385557385,50-60,45-70,30-60
1,24756,1,16.825108324505795,15-20,10-20,60-90.1
1,24774,1,16.806046167772536,15-20,10-20,60-90.1
1,24783,1,24.978356605402908,20-25,20-30,60-90.1
1,24789,1,11.99930126760914,10-15,10-20,30-60
1,24792,1,14.387017691137748,10-15,10-20,60-90.1
1,24802,1,55.203272321204174,50-60,45-70,60-90.1
1,24808,1,56.24072978266795,50-60,45-70,60-90.1
1,24816,1,57.104292618058246,50-60,45-70,60-90.1
1,24857,1,52.31529265210354,50-60,45-70,60-90.1
1,24861,1,20.008907540373286,20-25,20-30,60-90.1
1,24866,1,24.788614331210148,20-25,20-30,60-90.1
1,24877,1,17.198064855644112,15-20,10-20,60-90.1
1,24885,1,50.23580677416819,50-60,45-70,60-90.1
1,24948,1,35.512024850285435,30-40,30-45,60-90.1
1,24979,1,36.41419260802206,30-40,30-45,30-60
1,24995,1,18.920640870572985,15-20,10-20,30-60
1,25013,1,23.429742100384857,20-25,20-30,60-90.1
1,25015,1,33.65358572122912,30-40,30-45,60-90.1
1,25066,1,16.823433913878635,15-20,10-20,60-90.1
1,25070,1,18.71643520258449,15-20,10-20,60-90.1
1,25071,1,18.620402143865906,15-20,10-20,60-90.1
1,25082,1,16.235793399131648,15-20,10-20,60-90.1
1,25096,1,22.45993300101549,20-25,20-30,60-90.1
1,25098,1,15.190878604363991,15-20,10-20,0-30
1,25101,1,18.91327126580229,15-20,10-20,60-90.1
1,25136,1,19.647177280419598,15-20,10-20,60-90.1
1,25137,1,23.819803394459804,20-25,20-30,60-90.1
1,25141,1,26.239214006701033,25-30,20-30,30-60
1,25149,1,26.111851288867804,25-30,20-30,30-60
1,25178,1,33.16414004319362,30-40,30-45,60-90.1
1,25202,1,38.266497767289025,30-40,30-45,60-90.1
1,25231,1,35.362291619342436,30-40,30-45,30-60
1,25248,1,27.509878397831113,25-30,20-30,60-90.1
1,25255,1,23.366003716883178,20-25,20-30,0-30
1,25262,1,36.25289419527592,30-40,30-45,0-30
1,25279,1,45.15350164671095,40-50,45-70,60-90.1
1,25288,1,47.63914228377205,40-50,45-70,60-90.1
1,25293,1,49.13156647153206,40-50,45-70,30-60
1,25303,1,49.651200343523236,40-50,45-70,0-30
1,25320,1,52.49439488119208,50-60,45-70,60-90.1
1,25323,1,53.874323774738194,50-60,45-70,60-90.1
1,25340,1,23.446874544937458,20-25,20-30,60-90.1
1,25371,1,27.580302557113775,25-30,20-30,30-60
1,25392,1,28.83364711146959,25-30,20-30,0-30
1,25399,1,58.620065371249,50-60,45-70,60-90.1
1,25405,1,56.98669409143203,50-60,45-70,60-90.1
1,25419,1,56.00481303430032,50-60,45-70,30-60
1,25421,1,27.39070012386886,25-30,20-30,60-90.1
1,25477,1,48.899905616093065,40-50,45-70,60-90.1
1,25499,1,11.372349322190358,10-15,10-20,30-60
1,25520,1,47.42834362041157,40-50,45-70,60-90.1
1,25535,1,14.953826856910153,10-15,10-20,60-90.1
1,25549,1,19.547405902070278,15-20,10-20,0-30
1,25572,1,25.92352468142573,25-30,20-30,60-90.1
1,25585,1,17.355901658694915,15-20,10-20,60-90.1
1,25593,1,37.45587889182339,30-40,30-45,60-90.1
1,25612,1,15.520698471935072,15-20,10-20,30-60
1,25625,1,21.469891757941976,20-25,20-30,60-90.1
1,25632,1,19.08385845221646,15-20,10-20,30-60
1,25676,1,20.66798456206402,20-25,20-30,60-90.1
1,25751,1,24.542272063103727,20-25,20-30,60-90.1
1,25767,1,27.426779565816233,25-30,20-30,60-90.1
1,25774,1,22.658243070933715,20-25,20-30,60-90.1
1,25779,1,26.274755568735742,25-30,20-30,60-90.1
1,25828,1,31.913894125951877,30-40,30-45,60-90.1
1,25852,1,40.492018056805605,40-50,30-45,30-60
1,25896,1,14.203563422117789,10-15,10-20,60-90.1
1,25971,1,16.483755781285133,15-20,10-20,60-90.1
1,25984,1,14.379025233671953,10-15,10-20,30-60
1,25999,1,21.26334341030997,20-25,20-30,60-90.1
1,26019,1,56.13824636715915,50-60,45-70,30-60
1,26037,1,13.874674545084542,10-15,10-20,60-90.1
1,26044,1,57.789672597687854,50-60,45-70,30-60
1,26046,1,11.488899778520736,10-15,10-20,30-60
1,26065,1,59.00766260723474,50-60,45-70,30-60
1,26087,1,12.30129465692388,10-15,10-20,60-90.1
1,26092,1,60.735375714832934,60-90,45-70,60-90.1
1,26095,1,29.416874593263536,25-30,20-30,0-30
1,26109,1,61.80320466444286,60-90,45-70,60-90.1
1,26114,1,55.88624240470535,50-60,45-70,30-60
1,26148,1,15.745372611699993,15-20,10-20,60-90.1
1,26260,1,29.21892202111468,25-30,20-30,30-60
1,26289,1,31.290787876585657,30-40,30-45,30-60
1,26345,1,14.906566081518491,10-15,10-20,30-60
1,26382,1,20.928546316125047,20-25,20-30,60-90.1
1,26398,1,22.511499379586482,20-25,20-30,60-90.1
1,26411,1,22.896216300087964,20-25,20-30,60-90.1
1,26419,1,16.415347809873456,15-20,10-20,30-60
1,26426,1,22.448937178039408,20-25,20-30,60-90.1
1,26433,1,16.15847706972153,15-20,10-20,30-60
1,26439,1,19.407073062164013,15-20,10-20,60-90.1
1,26445,1,24.88452332201128,20-25,20-30,60-90.1
1,26449,1,24.920491596769494,20-25,20-30,60-90.1
1,26455,1,24.724572009278116,20-25,20-30,30-60
1,26462,1,20.609512516022363,20-25,20-30,60-90.1
1,26475,1,27.306731881971388,25-30,20-30,60-90.1
1,26480,1,22.01956743559535,20-25,20-30,60-90.1
1,26518,1,25.411279278223905,25-30,20-30,60-90.1
1,26536,1,29.57693067927004,25-30,20-30,30-60
1,26550,1,29.45758489941306,25-30,20-30,60-90.1
1,26562,1,27.26623416301677,25-30,20-30,60-90.1
1,26573,1,17.24039491526662,15-20,10-20,60-90.1
1,26578,1,29.750386836076256,25-30,20-30,60-90.1
1,26596,1,20.911257622294006,20-25,20-30,60-90.1
1,26607,1,37.09067301736776,30-40,30-45,60-90.1
1,26628,1,23.153335975171796,20-25,20-30,30-60
1,26640,1,14.560991025950738,10-15,10-20,60-90.1
1,26655,1,42.34017599187186,40-50,30-45,60-90.1
1,26665,1,23.219822420280185,20-25,20-30,30-60
1,26678,1,17.04342091138742,15-20,10-20,60-90.1
1,26693,1,43.89746423868767,40-50,30-45,30-60
1,26704,1,21.046342657342755,20-25,20-30,60-90.1
1,26710,1,30.99272367717505,30-40,30-45,30-60
1,26741,1,17.48006362927116,15-20,10-20,60-90.1
1,26744,1,20.33719738600598,20-25,20-30,60-90.1
1,26750,1,13.724509481673984,10-15,10-20,60-90.1
1,26764,1,16.35640564398755,15-20,10-20,60-90.1
1,26768,1,20.171434636103008,20-25,20-30,30-60
1,26783,1,50.34866345677251,50-60,45-70,0-30
1,26789,1,18.802935810236285,15-20,10-20,30-60
1,26792,1,51.50946289605821,50-60,45-70,60-90.1
1,26811,1,13.380252524560056,10-15,10-20,30-60
1,26823,1,12.112107541995556,10-15,10-20,0-30
1,26832,1,18.961849843525144,15-20,10-20,60-90.1
1,26841,1,16.115770948517177,15-20,10-20,60-90.1
1,26868,1,25.24877070161228,25-30,20-30,60-90.1
1,26942,1,60.5806275997254,60-90,45-70,30-60
1,26998,0,46.67659347245298,40-50,45-70,60-90.1
1,27020,0,52.379556732697104,50-60,45-70,60-90.1
1,27056,1,24.025187167061443,20-25,20-30,60-90.1
1,27069,0,44.751286569538216,40-50,30-45,60-90.1
1,27078,0,39.113821469349155,30-40,30-45,30-60
1,27081,0,41.87198158941808,40-50,30-45,0-30
1,27111,1,35.88438967844895,30-40,30-45,60-90.1
1,27139,1,36.91055186867869,30-40,30-45,30-60
1,27184,1,33.69553229725902,30-40,30-45,0-30
1,27188,1,37.57768394856548,30-40,30-45,30-60
1,27202,1,16.98485133774559,15-20,10-20,0-30
1,27227,1,16.235761044568736,15-20,10-20,60-90.1
1,27235,1,17.158961887068465,15-20,10-20,60-90.1
1,27239,1,18.444077700744444,15-20,10-20,30-60
1,27247,1,18.687558294374167,15-20,10-20,60-90.1
1,27259,1,20.6306406024695,20-25,20-30,60-90.1
1,27346,1,27.559225070725994,25-30,20-30,60-90.1
1,27348,1,18.868340040313047,15-20,10-20,60-90.1
1,27363,1,29.644553587148184,25-30,20-30,30-60
1,27394,1,13.986504602069719,10-15,10-20,30-60
1,27414,1,32.64128680872936,30-40,30-45,30-60
1,27417,1,18.214627426807024,15-20,10-20,30-60
1,27433,1,15.48388166131573,15-20,10-20,30-60
1,27447,1,16.92788041513678,15-20,10-20,60-90.1
1,27469,1,15.648456428142055,15-20,10-20,60-90.1
1,27474,1,19.935043131647554,15-20,10-20,60-90.1
1,27494,1,38.98488191301284,30-40,30-45,60-90.1
1,27500,1,17.199166124203433,15-20,10-20,60-90.1
1,27503,1,19.86437338728144,15-20,10-20,60-90.1
1,27523,1,41.051807788364925,40-50,30-45,60-90.1
1,27539,1,26.084150795169766,25-30,20-30,60-90.1
1,27552,1,12.238249420857718,10-15,10-20,0-30
1,27574,1,33.58752409743492,30-40,30-45,30-60
1,27576,1,35.14102630250996,30-40,30-45,30-60
1,27585,1,45.94028879389822,40-50,45-70,60-90.1
1,27604,1,48.549491833663915,40-50,45-70,60-90.1
1,27615,1,49.91454096756786,40-50,45-70,0-30
1,27621,1,12.37366048230918,10-15,10-20,30-60
1,27624,1,14.914600314036798,10-15,10-20,60-90.1
1,27635,1,53.69246205007066,50-60,45-70,30-60
1,27660,1,11.566384124002743,10-15,10-20,0-30
1,27669,1,22.802863690906296,20-25,20-30,60-90.1
1,27680,1,20.468936824613166,20-25,20-30,60-90.1
1,27707,1,10.409751678296672,10-15,10-20,0-30
1,27708,1,15.364626585498263,15-20,10-20,60-90.1
1,27711,1,18.132451651493604,15-20,10-20,60-90.1
1,27717,1,28.432842602691455,25-30,20-30,30-60
1,27755,1,58.37245454026723,50-60,45-70,30-60
1,27771,1,54.990349725250724,50-60,45-70,30-60
1,27773,1,56.51703985551547,50-60,45-70,0-30
1,27800,1,29.89253863763671,25-30,20-30,30-60
1,27803,0,44.560330446614216,40-50,30-45,30-60
1,27818,1,26.931887948061537,25-30,20-30,60-90.1
1,27822,0,42.62636170314437,40-50,30-45,60-90.1
1,27853,1,12.493141854503708,10-15,10-20,60-90.1
1,27874,0,47.36405709852373,40-50,45-70,60-90.1
1,27885,0,43.02673297581432,40-50,30-45,60-90.1
1,27903,1,51.22752968963925,50-60,45-70,60-90.1
1,27925,1,44.146912835449626,40-50,30-45,30-60
1,27928,1,11.133739175530156,10-15,10-20,30-60
1,27987,1,29.334432936785536,25-30,20-30,30-60
1,27997,1,26.321687696880538,25-30,20-30,60-90.1
1,28012,1,23.78750905208894,20-25,20-30,60-90.1
1,28083,1,19.653075359521132,15-20,10-20,60-90.1
1,28108,1,17.670882845207593,15-20,10-20,60-90.1
1,28125,1,19.86639872386395,15-20,10-20,60-90.1
1,28155,1,27.336201375572198,25-30,20-30,30-60
1,28179,1,23.112909072872743,20-25,20-30,30-60
1,28221,1,33.138402627769516,30-40,30-45,30-60
1,28223,1,36.02224885198074,30-40,30-45,30-60
1,28233,1,22.844842076944254,20-25,20-30,60-90.1
1,28244,1,13.431715833487502,10-15,10-20,0-30
1,28247,1,35.259389310668176,30-40,30-45,30-60
1,28276,1,29.814241354128242,25-30,20-30,30-60
1,28280,1,36.46132190583702,30-40,30-45,0-30
1,28282,1,43.16082196310208,40-50,30-45,30-60
1,28306,1,11.681843586316282,10-15,10-20,30-60
1,28337,1,11.907387025058787,10-15,10-20,30-60
1,28349,1,27.292173816894916,25-30,20-30,60-90.1
1,28365,1,55.890003323150005,50-60,45-70,60-90.1
1,28367,1,11.960054476497016,10-15,10-20,0-30
1,28373,1,31.117438663985038,30-40,30-45,60-90.1
1,28381,1,27.207346246148482,25-30,20-30,60-90.1
1,28405,1,58.883485160320205,50-60,45-70,30-60
1,28412,0,60.5093095148823,60-90,45-70,60-90.1
1,28435,1,26.082226685195252,25-30,20-30,60-90.1
1,28453,0,62.37466052843106,60-90,45-70,60-90.1
1,28481,0,64.34443484469509,60-90,45-70,60-90.1
1,28492,1,63.64768688673479,60-90,45-70,30-60
1,28496,1,30.854542999409258,30-40,30-45,0-30
1,28557,1,20.31164332481992,20-25,20-30,60-90.1
1,28605,0,40.801560889435656,40-50,30-45,60-90.1
1,28619,0,43.94862770056024,40-50,30-45,60-90.1
1,28640,1,44.495254846107215,40-50,30-45,30-60
1,28649,1,36.2250511504113,30-40,30-45,60-90.1
1,28655,1,47.524398287604825,40-50,45-70,30-60
1,28661,1,15.37296196896266,15-20,10-20,60-90.1
1,28679,1,37.07163237419025,30-40,30-45,30-60
1,28743,1,22.413943836479426,20-25,20-30,60-90.1
1,28752,1,19.74150936642236,15-20,10-20,30-60
1,28765,1,15.758672018162972,15-20,10-20,30-60
1,28772,1,15.66857371753664,15-20,10-20,30-60
1,28774,1,15.973938394673416,15-20,10-20,30-60
1,28789,1,16.922803927304642,15-20,10-20,60-90.1
1,28823,1,22.526092318650146,20-25,20-30,60-90.1
1,28833,1,23.959694720821844,20-25,20-30,60-90.1
1,28854,1,26.552100438804356,25-30,20-30,30-60
1,28864,1,30.139134985142174,30-40,30-45,30-60
1,28871,1,28.136761477595975,25-30,20-30,30-60
1,28888,1,16.238631539171372,15-20,10-20,60-90.1
1,28922,1,20.61777030732807,20-25,20-30,60-90.1
1,28937,1,38.45482590473574,30-40,30-45,60-90.1
1,28979,1,44.18262559089494,40-50,30-45,0-30
1,28982,1,45.074297962226964,40-50,45-70,60-90.1
1,28985,1,32.62795006805988,30-40,30-45,30-60
1,29004,1,11.221352758454605,10-15,10-20,0-30
1,29020,1,20.820191721522267,20-25,20-30,60-90.1
1,29039,1,26.634832565901146,25-30,20-30,60-90.1
1,29049,1,24.178751238928506,20-25,20-30,60-90.1
1,29062,1,21.2078198056472,20-25,20-30,60-90.1
1,29094,1,24.074145355437206,20-25,20-30,60-90.1
1,29105,1,21.63806256547883,20-25,20-30,60-90.1
1,29130,1,34.453189418025474,30-40,30-45,60-90.1
1,29132,1,57.5247119151196,50-60,45-70,0-30
1,29141,1,24.272516864007553,20-25,20-30,60-90.1
1,29163,1,30.344421311287302,30-40,30-45,60-90.1
1,29174,1,27.31543078295451,25-30,20-30,60-90.1
1,29197,1,22.79808934705383,20-25,20-30,60-90.1
1,29208,1,19.622823988719386,15-20,10-20,60-90.1
1,29221,1,13.846080846779572,10-15,10-20,60-90.1
1,29224,1,16.696027539934956,15-20,10-20,60-90.1
1,29230,1,29.03890858066477,25-30,20-30,30-60
1,29232,1,11.01614653281298,10-15,10-20,30-60
1,29254,1,61.905818211774665,60-90,45-70,0-30
1,29269,1,57.87755196781177,50-60,45-70,0-30
1,29270,1,59.106907899899696,50-60,45-70,0-30
1,29339,0,40.76798978391407,40-50,30-45,60-90.1
1,29366,1,51.36823690704983,50-60,45-70,60-90.1
1,29397,1,50.16882887280006,50-60,45-70,60-90.1
1,29439,1,19.06986676962856,15-20,10-20,30-60
1,29449,1,20.309738074211857,20-25,20-30,30-60
1,29462,1,32.18145841274585,30-40,30-45,30-60
1,29481,1,34.524272021908295,30-40,30-45,0-30
1,29537,1,15.248531622177023,15-20,10-20,0-30
1,29553,1,18.392819944234617,15-20,10-20,60-90.1
1,29565,1,19.806319851461335,15-20,10-20,60-90.1
1,29571,1,20.68711261085423,20-25,20-30,60-90.1
1,29583,1,19.47541365093352,15-20,10-20,60-90.1
1,29589,1,22.017822632691207,20-25,20-30,60-90.1
1,29600,1,23.198529455150346,20-25,20-30,60-90.1
1,29613,1,25.257282272461108,25-30,20-30,60-90.1
1,29620,1,27.171259662978255,25-30,20-30,60-90.1
1,29626,1,29.136760219849414,25-30,20-30,60-90.1
1,29650,1,31.695866904270613,30-40,30-45,30-60
1,29657,1,29.77807032378166,25-30,20-30,30-60
1,29679,1,14.354948381403778,10-15,10-20,0-30
1,29683,1,31.63431981565923,30-40,30-45,30-60
1,29702,1,14.364481139322713,10-15,10-20,0-30
1,29725,1,40.07115956957019,40-50,30-45,60-90.1
1,29731,1,40.99705193161834,40-50,30-45,60-90.1
1,29733,1,27.275057052177395,25-30,20-30,60-90.1
1,29742,1,12.33530969518791,10-15,10-20,0-30
1,29764,1,34.72872314609075,30-40,30-45,30-60
1,29775,1,11.381396953920799,10-15,10-20,0-30
1,29783,1,47.06807377929255,40-50,45-70,60-90.1
1,29791,1,20.267784021733707,20-25,20-30,60-90.1
1,29799,1,17.117498874281576,15-20,10-20,60-90.1
1,29809,1,49.12053315934169,40-50,45-70,30-60
1,29819,1,23.0976917511838,20-25,20-30,60-90.1
1,29835,1,50.89563812261573,50-60,45-70,30-60
1,29841,1,17.904193864658662,15-20,10-20,30-60
1,29846,1,52.17324123427308,50-60,45-70,60-90.1
1,29847,1,10.624745702545846,10-15,10-20,0-30
1,29863,1,18.93266701198414,15-20,10-20,60-90.1
1,29865,1,30.21152231108259,30-40,30-45,60-90.1
1,29889,1,33.64272751794076,30-40,30-45,60-90.1
1,29896,1,11.493631056099456,10-15,10-20,0-30
1,29911,1,18.732261704731386,15-20,10-20,60-90.1
1,29938,1,12.485397497893851,10-15,10-20,0-30
1,29940,1,21.647747813091062,20-25,20-30,60-90.1
1,29966,1,34.3549499572752,30-40,30-45,60-90.1
1,29986,1,11.025423265677478,10-15,10-20,0-30
1,29990,1,30.544939752973136,30-40,30-45,60-90.1
1,30087,0,55.41037399774656,50-60,45-70,60-90.1
1,30123,1,30.693174456299662,30-40,30-45,30-60
1,30135,0,39.88888569493119,30-40,30-45,60-90.1
1,30153,1,29.220704885908333,25-30,20-30,60-90.1
1,30167,1,17.093635696137824,15-20,10-20,60-90.1
1,30179,0,39.42311236795952,30-40,30-45,60-90.1
1,30256,1,36.4611235465784,30-40,30-45,60-90.1
1,30311,1,17.767560157314534,15-20,10-20,60-90.1
1,30329,1,38.01541708692139,30-40,30-45,60-90.1
1,30340,1,24.517952053353238,20-25,20-30,60-90.1
1,30342,1,15.546863105113994,15-20,10-20,30-60
1,30350,1,17.00429292846196,15-20,10-20,0-30
1,30365,1,15.0860592728748,15-20,10-20,0-30
1,30407,1,18.60054467029693,15-20,10-20,30-60
1,30429,1,21.108956453764335,20-25,20-30,60-90.1
1,30435,1,20.975820810053246,20-25,20-30,60-90.1
1,30460,1,23.948343592631723,20-25,20-30,30-60
1,30467,1,22.350551542263126,20-25,20-30,60-90.1
1,30469,1,24.069849897553485,20-25,20-30,60-90.1
1,30527,1,13.970560480768574,10-15,10-20,0-30
1,30542,1,34.27474880390504,30-40,30-45,30-60
1,30553,1,19.25010525166609,15-20,10-20,60-90.1
1,30555,1,31.924631224046145,30-40,30-45,30-60
1,30571,1,37.16180422800353,30-40,30-45,30-60
1,30590,1,13.414610470691304,10-15,10-20,0-30
1,30591,1,23.765035823599494,20-25,20-30,60-90.1
1,30644,1,36.01248408311303,30-40,30-45,0-30
1,30647,1,43.593260139286706,40-50,30-45,30-60
1,30657,1,13.495755071731987,10-15,10-20,60-90.1
1,30661,1,16.791913301667375,15-20,10-20,60-90.1
1,30692,1,14.974239578806715,10-15,10-20,30-60
1,30695,1,25.967493997835398,25-30,20-30,60-90.1
1,30714,1,16.035925898896974,15-20,10-20,60-90.1
1,30717,1,29.222479190441824,25-30,20-30,60-90.1
1,30739,1,54.396081104096965,50-60,45-70,60-90.1
1,30744,1,16.18235723277143,15-20,10-20,30-60
1,30774,0,58.13679968780573,50-60,45-70,30-60
1,30777,1,16.160361449884544,15-20,10-20,60-90.1
1,30793,1,38.14681237342689,30-40,30-45,30-60
1,30804,0,60.43984093444663,60-90,45-70,60-90.1
1,30807,1,18.38335286017676,15-20,10-20,60-90.1
1,30814,1,24.04486198604735,20-25,20-30,60-90.1
1,30841,1,27.591492407353353,25-30,20-30,60-90.1
1,30851,0,63.55973899022044,60-90,45-70,60-90.1
1,30863,1,35.01190371918503,30-40,30-45,60-90.1
1,30871,0,65.33560105228148,60-90,45-70,60-90.1
1,30882,1,26.180932009589675,25-30,20-30,60-90.1
1,30895,1,22.766291906211464,20-25,20-30,60-90.1
1,30918,1,60.90660061513142,60-90,45-70,0-30
1,30941,1,59.64225659446369,50-60,45-70,30-60
1,30953,1,31.003589529973198,30-40,30-45,0-30
1,30957,0,45.986804168542015,40-50,45-70,60-90.1
1,30977,0,48.83785630647893,40-50,45-70,30-60
1,30981,1,56.08540445257235,50-60,45-70,60-90.1
1,31025,0,53.00704793367533,50-60,45-70,60-90.1
1,31036,0,48.78972779659657,40-50,45-70,60-90.1
1,31055,0,50.846051306182915,50-60,45-70,30-60
1,31059,1,13.611213608822425,10-15,10-20,60-90.1
1,31072,1,26.38151488273666,25-30,20-30,60-90.1
1,31078,0,49.79857915151707,40-50,45-70,60-90.1
1,31098,0,47.11128086508279,40-50,45-70,60-90.1
1,31100,0,48.65264240177946,40-50,45-70,60-90.1
1,31121,0,46.237949611971736,40-50,45-70,60-90.1
1,31122,1,50.37194244328659,50-60,45-70,60-90.1
1,31179,1,37.37009366146953,30-40,30-45,30-60
1,31190,1,26.73531616518688,25-30,20-30,60-90.1
1,31256,1,16.027098647935624,15-20,10-20,60-90.1
1,31262,1,16.889789527981282,15-20,10-20,30-60
1,31269,1,16.235948205861327,15-20,10-20,60-90.1
1,31272,1,16.65152095338482,15-20,10-20,60-90.1
1,31275,1,17.04793136757922,15-20,10-20,60-90.1
1,31292,1,17.68299502206307,15-20,10-20,60-90.1
1,31298,1,15.788277001995164,15-20,10-20,0-30
1,31301,1,17.585121750466623,15-20,10-20,60-90.1
1,31315,1,17.73992166554757,15-20,10-20,60-90.1
1,31326,1,20.401893513578358,20-25,20-30,60-90.1
1,31361,1,23.657367704151813,20-25,20-30,60-90.1
1,31367,1,23.11712595721126,20-25,20-30,60-90.1
1,31379,1,23.641757284574027,20-25,20-30,60-90.1
1,31395,1,26.204228007724964,25-30,20-30,60-90.1
1,31398,1,26.742914257251353,25-30,20-30,30-60
1,31412,1,27.394411121972528,25-30,20-30,30-60
1,31422,1,32.45545942791916,30-40,30-45,30-60
1,31440,1,15.711278569952087,15-20,10-20,60-90.1
1,31444,1,29.28408654678005,25-30,20-30,60-90.1
1,31464,1,29.099537492423,25-30,20-30,60-90.1
1,31489,1,14.050627198007032,10-15,10-20,0-30
1,31493,1,33.43053611892776,30-40,30-45,60-90.1
1,31511,1,38.65500090446132,30-40,30-45,30-60
1,31523,1,35.965818545357095,30-40,30-45,30-60
1,31526,1,12.937164469808645,10-15,10-20,30-60
1,31529,1,15.96983313040002,15-20,10-20,60-90.1
1,31564,1,19.704684925608916,15-20,10-20,60-90.1
1,31567,1,31.527804289190797,30-40,30-45,30-60
1,31569,1,33.17981747357611,30-40,30-45,30-60
1,31589,1,45.2001267797678,40-50,45-70,0-30
1,31597,1,22.629563550317933,20-25,20-30,60-90.1
1,31608,1,12.400481863810699,10-15,10-20,60-90.1
1,31626,1,13.45380811511839,10-15,10-20,60-90.1
1,31640,1,32.12486470394668,30-40,30-45,60-90.1
1,31654,1,13.647293097521224,10-15,10-20,60-90.1
1,31668,1,37.33091055875035,30-40,30-45,60-90.1
1,31671,1,56.04937493703631,50-60,45-70,30-60
1,31684,1,57.042089775009075,50-60,45-70,30-60
1,31690,1,13.927432841634088,10-15,10-20,60-90.1
1,31716,1,12.94509758908613,10-15,10-20,30-60
1,31719,1,15.953617003466327,15-20,10-20,60-90.1
1,31735,1,21.78322751491296,20-25,20-30,60-90.1
1,31740,1,38.29040198100411,30-40,30-45,30-60
1,31782,1,30.686280987973007,30-40,30-45,60-90.1
1,31802,1,62.40099626773405,60-90,45-70,30-60
1,31810,1,60.81810750374436,60-90,45-70,60-90.1
1,31823,1,19.565545621230466,15-20,10-20,60-90.1
1,31840,1,65.90815895914521,60-90,45-70,30-60
1,31844,1,13.080700541373679,10-15,10-20,60-90.1
1,31847,1,15.858127862864093,15-20,10-20,60-90.1
1,31861,1,29.202332736988154,25-30,20-30,30-60
1,31865,1,62.90772768627836,60-90,45-70,0-30
1,31879,1,58.4138818329705,50-60,45-70,60-90.1
1,31894,0,43.532277411534324,40-50,30-45,60-90.1
1,32010,1,11.600439197402698,10-15,10-20,0-30
1,32024,1,49.13434173270608,40-50,45-70,60-90.1
1,32059,1,29.064173546861905,25-30,20-30,60-90.1
1,32063,1,32.64366082549541,30-40,30-45,0-30
1,32129,1,22.978502325297494,20-25,20-30,30-60
1,32143,1,15.92683672416767,15-20,10-20,30-60
1,32157,1,16.913901691438845,15-20,10-20,60-90.1
1,32159,1,19.50963311956457,15-20,10-20,60-90.1
1,32167,1,19.80264366238146,15-20,10-20,60-90.1
1,32168,1,20.539109197427383,20-25,20-30,60-90.1
1,32180,1,18.33358809698368,15-20,10-20,60-90.1
1,32184,1,19.734520640698776,15-20,10-20,60-90.1
1,32187,1,22.74361378376545,20-25,20-30,60-90.1
1,32189,1,14.807548364030005,10-15,10-20,30-60
1,32221,1,24.190496264349864,20-25,20-30,60-90.1
1,32223,1,15.297943528089283,15-20,10-20,60-90.1
1,32236,1,23.011338410315297,20-25,20-30,60-90.1
1,32238,1,25.524597460082457,25-30,20-30,60-90.1
1,32246,1,18.729652608691612,15-20,10-20,60-90.1
1,32255,1,25.88993672539391,25-30,20-30,30-60
1,32260,1,15.314126010817597,15-20,10-20,60-90.1
1,32290,1,19.2528661481188,15-20,10-20,60-90.1
1,32297,1,23.06321191628324,20-25,20-30,60-90.1
1,32304,1,26.057182684448374,25-30,20-30,60-90.1
1,32311,1,28.00042361555766,25-30,20-30,60-90.1
1,32323,1,22.359189058034485,20-25,20-30,60-90.1
1,32344,1,22.1438646125358,20-25,20-30,60-90.1
1,32366,1,24.79417952321457,20-25,20-30,60-90.1
1,32370,1,26.604788664636544,25-30,20-30,60-90.1
1,32375,1,23.186944351961845,20-25,20-30,60-90.1
1,32390,1,25.692028735989062,25-30,20-30,60-90.1
1,32406,1,25.929735221820504,25-30,20-30,60-90.1
1,32414,1,33.693433527652225,30-40,30-45,30-60
1,32448,1,17.61465553213453,15-20,10-20,60-90.1
1,32453,1,30.117070064774985,30-40,30-45,60-90.1
1,32480,1,21.564578772433517,20-25,20-30,60-90.1
1,32492,1,12.80895987347701,10-15,10-20,0-30
1,32498,1,39.7871851659804,30-40,30-45,60-90.1
1,32517,1,41.65686997272791,40-50,30-45,60-90.1
1,32532,1,45.36417602220339,40-50,45-70,30-60
1,32535,1,29.245895540242362,25-30,20-30,60-90.1
1,32542,1,34.89016701730694,30-40,30-45,30-60
1,32550,1,45.09175949272872,40-50,45-70,0-30
1,32567,1,48.18346721011964,40-50,45-70,60-90.1
1,32594,1,35.08116075723694,30-40,30-45,60-90.1
1,32672,1,17.831972534632282,15-20,10-20,60-90.1
1,32678,1,24.06591763390304,20-25,20-30,60-90.1
1,32692,1,64.79199834795696,60-90,45-70,30-60
1,32762,1,60.48221789993447,60-90,45-70,60-90.1
1,32787,1,60.21727479394569,60-90,45-70,60-90.1
1,32809,0,40.94448555230977,40-50,30-45,60-90.1
1,32816,1,57.89991399379189,50-60,45-70,60-90.1
1,32836,0,44.52779506943689,40-50,30-45,60-90.1
1,32853,0,46.381956347268,40-50,45-70,60-90.1
1,32858,0,51.19636208535962,50-60,45-70,0-30
1,32870,1,22.103426660819107,20-25,20-30,60-90.1
1,32895,0,38.336117865123526,30-40,30-45,60-90.1
1,32932,1,14.507099070501866,10-15,10-20,60-90.1
1,32940,0,37.6071736786162,30-40,30-45,60-90.1
1,32944,1,47.59514458616031,40-50,45-70,30-60
1,32979,1,35.108445410195905,30-40,30-45,30-60
1,33004,1,36.881951018575506,30-40,30-45,30-60
1,33013,1,25.27448853451776,25-30,20-30,60-90.1
1,33024,1,19.56994213261468,15-20,10-20,30-60
1,33056,1,18.36647770468609,15-20,10-20,60-90.1
1,33094,1,17.907818166059176,15-20,10-20,60-90.1
1,33097,1,18.87820762873501,15-20,10-20,60-90.1
1,33099,1,19.597873117456974,15-20,10-20,60-90.1
1,33119,1,22.209246620143958,20-25,20-30,60-90.1
1,33121,1,24.781089319185423,20-25,20-30,60-90.1
1,33163,1,23.293327709408302,20-25,20-30,60-90.1
1,33166,1,25.437005494135438,25-30,20-30,60-90.1
1,33171,1,15.675029162523169,15-20,10-20,60-90.1
1,33176,1,19.13985505715415,15-20,10-20,60-90.1
1,33200,1,28.513091516543984,25-30,20-30,30-60
1,33202,1,29.912079872899834,25-30,20-30,60-90.1
1,33206,1,19.786329574843034,15-20,10-20,60-90.1
1,33214,1,28.984132889603725,25-30,20-30,30-60
1,33225,1,28.604563995814722,25-30,20-30,60-90.1
1,33243,1,23.937756579705496,20-25,20-30,60-90.1
1,33271,1,27.66718078596727,25-30,20-30,60-90.1
1,33277,1,13.920910495155878,10-15,10-20,30-60
1,33287,1,35.53086469617724,30-40,30-45,30-60
1,33297,1,36.57114279528247,30-40,30-45,30-60
1,33306,1,31.626496090202753,30-40,30-45,60-90.1
1,33312,1,20.323184307714556,20-25,20-30,60-90.1
1,33337,1,25.17339942930971,25-30,20-30,60-90.1
1,33369,1,31.909310084015868,30-40,30-45,30-60
1,33376,1,43.41356381316771,40-50,30-45,60-90.1
1,33397,1,23.665982501393795,20-25,20-30,60-90.1
1,33405,1,50.05871552611017,50-60,45-70,60-90.1
1,33407,1,27.572638376162008,25-30,20-30,60-90.1
1,33414,1,51.639727300957034,50-60,45-70,60-90.1
1,33415,1,30.808717601984583,30-40,30-45,60-90.1
1,33445,1,40.70827049487349,40-50,30-45,0-30
1,33448,0,59.06249083733807,50-60,45-70,60-90.1
1,33454,0,61.074732809345846,60-90,45-70,60-90.1
1,33482,1,11.123597847382698,10-15,10-20,30-60
1,33484,1,14.42874857740587,10-15,10-20,60-90.1
1,33491,1,21.37840372001556,20-25,20-30,60-90.1
1,33505,0,64.2893872144622,60-90,45-70,60-90.1
1,33519,1,26.370771203124608,25-30,20-30,60-90.1
1,33537,1,33.392549704665264,30-40,30-45,60-90.1
1,33543,1,29.505030573882706,25-30,20-30,60-90.1
1,33562,1,25.954872516402986,25-30,20-30,60-90.1
1,33574,1,22.057529231066816,20-25,20-30,60-90.1
1,33587,1,14.165496216975827,10-15,10-20,60-90.1
1,33594,1,28.91575062074939,25-30,20-30,60-90.1
1,33604,1,60.03264624554052,60-90,45-70,60-90.1
1,33613,1,31.38622900334665,30-40,30-45,30-60
1,33625,1,31.96520086133643,30-40,30-45,0-30
1,33626,1,54.64894036708029,50-60,45-70,30-60
1,33644,1,30.22144699180101,30-40,30-45,30-60
1,33647,0,39.11389651842671,30-40,30-45,60-90.1
1,33652,0,43.55718456704461,40-50,30-45,30-60
1,33657,0,48.08451661051624,40-50,45-70,30-60
1,33689,1,18.72747487698002,15-20,10-20,60-90.1
1,33712,0,49.267160102483196,40-50,45-70,60-90.1
1,33726,0,45.49413002172801,40-50,45-70,60-90.1
1,33771,1,20.707997399525038,20-25,20-30,60-90.1
1,33778,1,37.993814066682425,30-40,30-45,60-90.1
1,33781,1,29.858652983009783,25-30,20-30,60-90.1
1,33793,1,18.061751148124085,15-20,10-20,60-90.1
1,33795,1,27.906280929055733,25-30,20-30,60-90.1
1,33826,1,16.788728258928256,15-20,10-20,0-30
1,33839,1,17.9652048246788,15-20,10-20,0-30
1,33848,1,19.247420700770352,15-20,10-20,60-90.1
1,33863,1,17.258411178151857,15-20,10-20,60-90.1
1,33867,1,21.0614392903231,20-25,20-30,60-90.1
1,33881,1,22.074447172637388,20-25,20-30,60-90.1
1,33889,1,22.677366557654405,20-25,20-30,60-90.1
1,33906,1,21.22292529755065,20-25,20-30,60-90.1
1,33933,1,24.31427216026387,20-25,20-30,60-90.1
1,33959,1,26.89983898970497,25-30,20-30,60-90.1
1,33995,1,21.480973073823403,20-25,20-30,60-90.1
1,34007,1,33.82782829975532,30-40,30-45,30-60
1,34010,1,13.301114713366088,10-15,10-20,0-30
1,34027,1,25.461944724490866,25-30,20-30,60-90.1
1,34058,1,29.522902731867788,25-30,20-30,60-90.1
1,34064,1,12.855474244454808,10-15,10-20,0-30
1,34071,1,38.1570624840043,30-40,30-45,30-60
1,34097,1,14.689593434836743,10-15,10-20,60-90.1
1,34105,1,35.0670255518892,30-40,30-45,30-60
1,34129,1,32.930119098403075,30-40,30-45,30-60
1,34142,1,20.931892525849555,20-25,20-30,60-90.1
1,34145,1,45.26298412493515,40-50,45-70,0-30
1,34184,1,33.96124296825315,30-40,30-45,60-90.1
1,34186,1,53.78741851072266,50-60,45-70,60-90.1
1,34192,1,39.653863699898395,30-40,30-45,60-90.1
1,34194,1,54.93614985545827,50-60,45-70,30-60
1,34200,1,56.18295188304454,50-60,45-70,0-30
1,34206,0,57.17983859758148,50-60,45-70,30-60
1,34214,1,41.15575273091116,40-50,30-45,30-60
1,34227,1,61.81421815081043,60-90,45-70,0-30
1,34240,1,61.041129908873884,60-90,45-70,0-30
1,34253,1,37.5041986647091,30-40,30-45,60-90.1
1,34281,1,23.08429314020655,20-25,20-30,60-90.1
1,34291,1,59.900446978791926,50-60,45-70,60-90.1
1,34314,1,18.330875218259504,15-20,10-20,60-90.1
1,34325,1,61.614450406855006,60-90,45-70,60-90.1
1,34358,1,61.6496265125127,60-90,45-70,60-90.1
1,34371,1,60.75193483953905,60-90,45-70,60-90.1
1,34382,1,58.71916289725785,50-60,45-70,60-90.1
1,34407,1,55.64288797997671,50-60,45-70,30-60
1,34452,1,27.167554534121866,25-30,20-30,60-90.1
1,34466,0,37.222786419839984,30-40,30-45,60-90.1
1,34477,0,48.40023776469559,40-50,45-70,30-60
1,34496,1,18.541558683239057,15-20,10-20,60-90.1
1,34524,0,46.43662355649007,40-50,45-70,30-60
1,34576,1,15.638006686431172,15-20,10-20,30-60
1,34579,1,35.73917165918368,30-40,30-45,60-90.1
1,34603,1,18.337570079784683,15-20,10-20,30-60
1,34626,1,15.007303874471827,15-20,10-20,30-60
1,34634,1,20.951905309099953,20-25,20-30,60-90.1
1,34658,1,23.475434734905562,20-25,20-30,60-90.1
1,34677,1,20.421560189728268,20-25,20-30,60-90.1
1,34682,1,25.501959450825673,25-30,20-30,60-90.1
1,34708,1,26.784208029594474,25-30,20-30,60-90.1
1,34711,1,21.055339515684793,20-25,20-30,60-90.1
1,34714,1,22.20882983260296,20-25,20-30,60-90.1
1,34717,1,23.447180450664494,20-25,20-30,60-90.1
1,34731,1,27.603092688760746,25-30,20-30,30-60
1,34747,1,16.89234483762107,15-20,10-20,60-90.1
1,34752,1,24.82408165880552,20-25,20-30,60-90.1
1,34755,1,26.223892944359974,25-30,20-30,60-90.1
1,34762,1,23.69804226903497,20-25,20-30,60-90.1
1,34796,1,27.29475533417233,25-30,20-30,60-90.1
1,34799,1,28.900512639973737,25-30,20-30,60-90.1
1,34802,1,30.311174086531782,30-40,30-45,30-60
1,34805,1,30.754073232296527,30-40,30-45,0-30
1,34810,1,14.532879849863814,10-15,10-20,60-90.1
1,34826,1,34.52950715149067,30-40,30-45,0-30
1,34847,1,12.232656813965125,10-15,10-20,0-30
1,34850,1,16.825434243345995,15-20,10-20,60-90.1
1,34872,1,27.650490298935193,25-30,20-30,60-90.1
1,34903,1,39.659447203726934,30-40,30-45,60-90.1
1,34907,1,23.42554999371732,20-25,20-30,60-90.1
1,34909,1,33.01559902328759,30-40,30-45,60-90.1
1,34922,1,41.4910064421244,40-50,30-45,60-90.1
1,34925,1,17.82019276837058,15-20,10-20,60-90.1
1,34939,1,29.377022824933878,25-30,20-30,30-60
1,34960,1,45.842504806660905,40-50,45-70,0-30
1,34985,1,24.961622532295937,20-25,20-30,60-90.1
1,34992,1,28.699018513270346,25-30,20-30,60-90.1
1,35010,1,36.75215019065551,30-40,30-45,60-90.1
1,35035,0,59.95589424562404,50-60,45-70,60-90.1
1,35053,1,61.748596566977646,60-90,45-70,0-30
1,35056,1,40.4028066341317,40-50,30-45,30-60
1,35072,1,13.178579331974246,10-15,10-20,60-90.1
1,35075,1,16.390650755103923,15-20,10-20,60-90.1
1,35118,1,26.078771959770243,25-30,20-30,60-90.1
1,35136,1,60.53176118988406,60-90,45-70,30-60
1,35152,1,24.4706390952826,20-25,20-30,60-90.1
1,35218,1,52.44262503220187,50-60,45-70,30-60
1,35230,0,42.003109463897864,40-50,30-45,30-60
1,35324,0,37.34618889512199,30-40,30-45,60-90.1
1,35352,1,33.45247693920838,30-40,30-45,30-60
1,35377,1,35.06711568651025,30-40,30-45,30-60
1,35426,1,23.843527578216968,20-25,20-30,30-60
1,35433,1,18.363650804637235,15-20,10-20,30-60
1,35441,1,16.209446294403772,15-20,10-20,0-30
1,35444,1,16.249302600180698,15-20,10-20,60-90.1
1,35448,1,19.50764563287386,15-20,10-20,60-90.1
1,35478,1,21.353707127235246,20-25,20-30,60-90.1
1,35514,1,18.01858467456519,15-20,10-20,60-90.1
1,35517,1,19.168578187874367,15-20,10-20,60-90.1
1,35520,1,24.01415373516164,20-25,20-30,60-90.1
1,35535,1,18.541373515565578,15-20,10-20,60-90.1
1,35541,1,25.809006831084428,25-30,20-30,60-90.1
1,35563,1,29.104509760663476,25-30,20-30,60-90.1
1,35580,1,22.116185018860108,20-25,20-30,60-90.1
1,35595,1,29.491024645393956,25-30,20-30,30-60
1,35617,1,24.867425955963228,20-25,20-30,60-90.1
1,35620,1,25.94583048722886,25-30,20-30,60-90.1
1,35651,1,23.227436344337878,20-25,20-30,60-90.1
1,35666,1,34.938617289761545,30-40,30-45,0-30
1,35680,1,30.22038174954637,30-40,30-45,60-90.1
1,35683,1,31.477683804105165,30-40,30-45,30-60
1,35696,1,29.059729003643703,25-30,20-30,60-90.1
1,35724,1,19.484929230078556,15-20,10-20,60-90.1
1,35731,1,12.993060378138459,10-15,10-20,30-60
1,35758,1,15.788090895857653,15-20,10-20,60-90.1
1,35762,1,26.990427102278023,25-30,20-30,60-90.1
1,35777,1,31.678498369014104,30-40,30-45,30-60
1,35781,1,42.81623588724581,40-50,30-45,60-90.1
1,35783,1,45.488618294742224,40-50,45-70,0-30
1,35786,1,46.03372815568017,40-50,45-70,30-60
1,35799,1,18.493929114470305,15-20,10-20,60-90.1
1,35813,1,21.47616105440301,20-25,20-30,60-90.1
1,35815,1,48.72635578551914,40-50,45-70,60-90.1
1,35843,1,52.56427326074356,50-60,45-70,60-90.1
1,35846,1,31.172462597916866,30-40,30-45,60-90.1
1,35858,1,54.110580181306844,50-60,45-70,30-60
1,35861,1,55.18196269021571,50-60,45-70,30-60
1,35867,1,56.13840572957292,50-60,45-70,0-30
1,35874,0,58.0937023998429,50-60,45-70,60-90.1
1,35915,1,18.731856505785384,15-20,10-20,60-90.1
1,35925,1,39.68112190709772,30-40,30-45,60-90.1
1,35943,1,35.939720993555206,30-40,30-45,60-90.1
1,35961,1,31.783436256348253,30-40,30-45,60-90.1
1,35985,1,38.01573273668369,30-40,30-45,60-90.1
1,35991,1,62.69040972034814,60-90,45-70,60-90.1
1,35999,1,20.68130706208716,20-25,20-30,60-90.1
1,36010,1,12.446740002047564,10-15,10-20,60-90.1
1,36014,1,16.121759731515798,15-20,10-20,60-90.1
1,36019,1,28.053762145738354,25-30,20-30,60-90.1
1,36022,1,62.3180923793934,60-90,45-70,60-90.1
1,36042,0,62.18053697811358,60-90,45-70,60-90.1
1,36083,0,48.266055234111754,40-50,45-70,30-60
1,36086,1,51.045169111236234,50-60,45-70,30-60
1,36088,1,52.98227212992442,50-60,45-70,30-60
1,36093,1,57.39326399353024,50-60,45-70,30-60
1,36095,1,14.363242289511764,10-15,10-20,60-90.1
1,36106,0,46.34388374373491,40-50,45-70,0-30
1,36121,1,22.940018885047976,20-25,20-30,60-90.1
1,36174,0,46.95502852343011,40-50,45-70,30-60
1,36205,1,38.65656709148283,30-40,30-45,60-90.1
1,36228,1,21.48011589163592,20-25,20-30,60-90.1
1,36256,1,20.653599385591775,20-25,20-30,60-90.1
1,36266,1,26.402710596477757,25-30,20-30,60-90.1
1,36271,1,19.202780802351974,15-20,10-20,30-60
1,36277,1,21.176616369307816,20-25,20-30,30-60
1,36293,1,17.381129877085336,15-20,10-20,60-90.1
1,36297,1,17.51028226595893,15-20,10-20,30-60
1,36308,1,19.282251978067173,15-20,10-20,60-90.1
1,36318,1,19.739489763153376,15-20,10-20,60-90.1
1,36329,1,14.554591859429818,10-15,10-20,30-60
1,36337,1,21.7086008372155,20-25,20-30,60-90.1
1,36346,1,15.963930199275788,15-20,10-20,60-90.1
1,36370,1,24.239242716050118,20-25,20-30,60-90.1
1,36376,1,17.246798716605962,15-20,10-20,60-90.1
1,36408,1,27.66337157773878,25-30,20-30,30-60
1,36415,1,20.641013354934405,20-25,20-30,60-90.1
1,36419,1,30.42767636248373,30-40,30-45,60-90.1
1,36434,1,18.820444811144274,15-20,10-20,60-90.1
1,36508,1,24.746454515240845,20-25,20-30,60-90.1
1,36512,1,28.034692827714068,25-30,20-30,60-90.1
1,36522,1,35.910225845982275,30-40,30-45,30-60
1,36525,1,16.423282360871323,15-20,10-20,60-90.1
1,36549,1,37.50168773411625,30-40,30-45,30-60
1,36561,1,18.782476413471624,15-20,10-20,60-90.1
1,36576,1,22.35905981357052,20-25,20-30,60-90.1
1,36578,1,30.949465602197044,30-40,30-45,60-90.1
1,36639,1,44.92683545919772,40-50,30-45,30-60
1,36647,1,15.669349206239978,15-20,10-20,60-90.1
1,36655,1,18.594132202478438,15-20,10-20,60-90.1
1,36666,1,22.60636709425707,20-25,20-30,60-90.1
1,36679,1,25.661599390479807,25-30,20-30,60-90.1
1,36682,1,51.023180191966944,50-60,45-70,60-90.1
1,36694,1,28.942908553094114,25-30,20-30,60-90.1
1,36700,1,34.577915549476174,30-40,30-45,60-90.1
1,36719,1,41.81604243424796,40-50,30-45,60-90.1
1,36726,1,43.06339536680282,40-50,30-45,0-30
1,36739,1,43.01375709400239,40-50,30-45,0-30
1,36756,1,15.318095013849607,15-20,10-20,60-90.1
1,36764,1,42.61671971672961,40-50,30-45,30-60
1,36783,1,61.85215494712048,60-90,45-70,30-60
1,36789,1,28.412926060485386,25-30,20-30,60-90.1
1,36809,1,34.274284049483654,30-40,30-45,30-60
1,36814,1,62.36548673364799,60-90,45-70,60-90.1
1,36850,1,36.14473281195615,30-40,30-45,60-90.1
1,36891,1,29.923671453127998,25-30,20-30,30-60
1,36906,1,31.111128355393923,30-40,30-45,0-30
1,36912,1,59.87433893304761,50-60,45-70,0-30
1,36916,1,30.989777857609578,30-40,30-45,60-90.1
1,36917,0,39.34924879835313,30-40,30-45,60-90.1
1,36946,0,45.14481960216551,40-50,45-70,0-30
1,36976,1,12.087891499905007,10-15,10-20,0-30
1,36977,1,18.49820976022402,15-20,10-20,60-90.1
1,36987,1,28.063792710414916,25-30,20-30,30-60
1,36992,0,37.01462262717825,30-40,30-45,60-90.1
1,37001,1,14.416291625239893,10-15,10-20,30-60
1,37040,0,49.10163566655351,40-50,45-70,60-90.1
1,37056,1,29.91705755673834,25-30,20-30,60-90.1
1,37094,1,28.130589762597438,25-30,20-30,60-90.1
1,37102,1,35.95082662747961,30-40,30-45,30-60
1,37129,1,16.87352203009366,15-20,10-20,0-30
1,37149,1,18.361758103602575,15-20,10-20,60-90.1
1,37151,1,20.417517001419263,20-25,20-30,60-90.1
1,37159,1,19.68865812684085,15-20,10-20,60-90.1
1,37163,1,22.067271314464563,20-25,20-30,60-90.1
1,37226,1,25.837073515006928,25-30,20-30,60-90.1
1,37238,1,18.37218980238712,15-20,10-20,60-90.1
1,37244,1,15.053045749166062,15-20,10-20,60-90.1
1,37274,1,22.755552931716835,20-25,20-30,60-90.1
1,37278,1,33.56492445260246,30-40,30-45,60-90.1
1,37292,1,34.115780884149196,30-40,30-45,0-30
1,37294,1,12.160945866960605,10-15,10-20,0-30
1,37298,1,20.871642794954283,20-25,20-30,60-90.1
1,37305,1,31.094480825192175,30-40,30-45,0-30
1,37325,1,14.480089550837482,10-15,10-20,60-90.1
1,37330,1,25.653841514331482,25-30,20-30,60-90.1
1,37368,1,31.196819044584075,30-40,30-45,0-30
1,37371,1,12.390851697765012,10-15,10-20,0-30
1,37387,1,39.00093734182673,30-40,30-45,30-60
1,37402,1,21.548387032249213,20-25,20-30,60-90.1
1,37407,1,13.696599705913746,10-15,10-20,30-60
1,37425,1,26.281858125142165,25-30,20-30,30-60
1,37429,1,29.706440383751087,25-30,20-30,30-60
1,37448,1,12.865250005429264,10-15,10-20,60-90.1
1,37454,1,45.984541932870265,40-50,45-70,0-30
1,37470,1,12.398740976472098,10-15,10-20,30-60
1,37474,1,15.976241527313448,15-20,10-20,60-90.1
1,37486,1,19.401783415694503,15-20,10-20,60-90.1
1,37516,1,23.020945418438437,20-25,20-30,60-90.1
1,37544,1,39.84232774601377,30-40,30-45,60-90.1
1,37562,1,59.29703838286834,50-60,45-70,0-30
1,37567,1,59.3521525027549,50-60,45-70,30-60
1,37572,1,60.71126926880476,60-90,45-70,60-90.1
1,37589,1,61.31384460072862,60-90,45-70,30-60
1,37598,1,20.760463004803267,20-25,20-30,60-90.1
1,37615,1,41.30518956610365,40-50,30-45,30-60
1,37672,1,23.471627628875122,20-25,20-30,60-90.1
1,37685,0,64.78809158294662,60-90,45-70,60-90.1
1,37723,0,64.83989128384778,60-90,45-70,60-90.1
1,37769,0,43.05914001798235,40-50,30-45,0-30
1,37846,0,36.45456992416289,30-40,30-45,60-90.1
1,37875,1,20.895908539877684,20-25,20-30,0-30
1,37899,1,35.00063052052754,30-40,30-45,60-90.1
1,37956,1,15.956832789989214,15-20,10-20,0-30
1,37959,1,16.1425560787202,15-20,10-20,0-30
1,37971,1,16.579971555619196,15-20,10-20,30-60
1,38000,1,21.59070852005443,20-25,20-30,60-90.1
1,38001,1,24.12729810695496,20-25,20-30,60-90.1
1,38018,1,15.121007391903747,15-20,10-20,60-90.1
1,38022,1,22.97008313581462,20-25,20-30,60-90.1
1,38024,1,25.429540790270114,25-30,20-30,60-90.1
1,38042,1,27.293277120487744,25-30,20-30,60-90.1
1,38046,1,25.353843263074044,25-30,20-30,60-90.1
1,38071,1,28.15622342914117,25-30,20-30,60-90.1
1,38078,1,29.285264205245852,25-30,20-30,30-60
1,38085,1,21.351489253220453,20-25,20-30,60-90.1
1,38114,1,34.32837882517811,30-40,30-45,0-30
1,38137,1,31.454139437666242,30-40,30-45,0-30
1,38187,1,30.297313699579668,30-40,30-45,30-60
1,38196,1,27.901777391242703,25-30,20-30,60-90.1
1,38208,1,12.18293834846005,10-15,10-20,0-30
1,38210,1,18.612849005081742,15-20,10-20,60-90.1
1,38217,1,40.66247975073388,40-50,30-45,60-90.1
1,38240,1,27.049579164112217,25-30,20-30,30-60
1,38246,1,42.41005355429124,40-50,30-45,60-90.1
1,38253,1,24.688661216165077,20-25,20-30,30-60
1,38258,1,45.57404727005088,40-50,45-70,0-30
1,38280,1,49.64003020506625,40-50,45-70,60-90.1
1,38286,1,15.69557468052737,15-20,10-20,60-90.1
1,38289,1,51.43412005656039,50-60,45-70,60-90.1
1,38299,1,20.647310648997642,20-25,20-30,60-90.1
1,38304,1,25.715403563656306,25-30,20-30,60-90.1
1,38310,1,31.543642735895936,30-40,30-45,60-90.1
1,38333,1,53.62096361919304,50-60,45-70,0-30
1,38335,1,54.24644399068977,50-60,45-70,0-30
1,38348,1,55.366534377243596,50-60,45-70,0-30
1,38352,0,56.260651635144974,50-60,45-70,60-90.1
1,38368,1,58.526427380263655,50-60,45-70,30-60
1,38401,1,17.434459641757442,15-20,10-20,60-90.1
1,38416,1,23.31666679287044,20-25,20-30,60-90.1
1,38434,1,30.278511885420567,30-40,30-45,60-90.1
1,38455,1,32.306918841518,30-40,30-45,30-60
1,38459,0,64.38669793708232,60-90,45-70,60-90.1
1,38464,1,39.51805473099642,30-40,30-45,30-60
1,38472,1,18.18833829794128,15-20,10-20,60-90.1
1,38488,1,15.051061425851687,15-20,10-20,60-90.1
1,38510,1,10.889861380283879,10-15,10-20,60-90.1
1,38516,1,25.93553666835368,25-30,20-30,60-90.1
1,38535,1,34.48438513175127,30-40,30-45,60-90.1
1,38554,0,63.621273396725506,60-90,45-70,60-90.1
1,38581,0,50.97840898492733,50-60,45-70,30-60
1,38601,0,40.07971134050822,40-50,30-45,30-60
1,38610,0,49.14406328065919,40-50,45-70,30-60
1,38614,0,63.0591329480291,60-90,45-70,60-90.1
1,38641,1,23.333230348577093,20-25,20-30,60-90.1
1,38678,1,17.339914303913982,15-20,10-20,30-60
1,38691,0,38.26871071501973,30-40,30-45,30-60
1,38704,1,32.91268068213453,30-40,30-45,0-30
1,38773,1,36.83017664652509,30-40,30-45,60-90.1
1,38801,1,24.112253964132226,20-25,20-30,30-60
1,38808,1,16.194210851370133,15-20,10-20,0-30
1,38811,1,16.848844127684284,15-20,10-20,0-30
1,38835,1,18.688639251632203,15-20,10-20,60-90.1
1,38851,1,21.10836358023961,20-25,20-30,60-90.1
1,38888,1,28.478013917213833,25-30,20-30,60-90.1
1,38902,1,30.423938940294608,30-40,30-45,60-90.1
1,38914,1,17.3677417647202,15-20,10-20,60-90.1
1,38920,1,32.38845712897454,30-40,30-45,60-90.1
1,38957,1,30.993598929250563,30-40,30-45,30-60
1,38962,1,22.504660174617207,20-25,20-30,60-90.1
1,38970,1,35.52021749724113,30-40,30-45,30-60
1,38985,1,13.02613257360814,10-15,10-20,0-30
1,39007,1,28.89974259208744,25-30,20-30,60-90.1
1,39030,1,16.64456104755161,15-20,10-20,60-90.1
1,39063,1,45.20819776011555,40-50,45-70,0-30
1,39067,1,21.780792783530746,20-25,20-30,60-90.1
1,39087,1,47.01682615714471,40-50,45-70,60-90.1
1,39111,1,12.590629164727558,10-15,10-20,30-60
1,39113,1,17.619936325353027,15-20,10-20,60-90.1
1,39120,1,24.034391622808695,20-25,20-30,60-90.1
1,39125,1,29.03235866206324,25-30,20-30,60-90.1
1,39133,1,36.94491957329851,30-40,30-45,60-90.1
1,39196,1,13.007433600990831,10-15,10-20,60-90.1
1,39205,1,63.679334964099084,60-90,45-70,30-60
1,39211,1,19.958341559628526,15-20,10-20,60-90.1
1,39238,1,26.72923626792739,25-30,20-30,60-90.1
1,39244,0,64.36405633796537,60-90,45-70,30-60
1,39303,1,38.71782962283704,30-40,30-45,60-90.1
1,39312,1,28.007242479657364,25-30,20-30,60-90.1
1,39354,0,61.46120306365593,60-90,45-70,60-90.1
1,39358,0,65.14379570764697,60-90,45-70,60-90.1
1,39377,1,54.46957488479334,50-60,45-70,60-90.1
1,39379,1,56.33145411989758,50-60,45-70,30-60
1,39404,0,45.38842907239167,40-50,45-70,0-30
1,39406,0,47.38811868960549,40-50,45-70,0-30
1,39429,1,15.07881431306427,15-20,10-20,60-90.1
1,39450,0,66.81352926077601,60-90,45-70,60-90.1
1,39465,0,37.39300822817414,30-40,30-45,60-90.1
1,39490,0,56.08939715470154,50-60,45-70,60-90.1
1,39504,0,63.98744702315617,60-90,45-70,60-90.1
1,39518,0,36.21058212000778,30-40,30-45,60-90.1
1,39566,0,37.44612212522545,30-40,30-45,30-60
1,39578,1,29.871561178374545,25-30,20-30,60-90.1
1,39624,1,22.018007866936603,20-25,20-30,60-90.1
1,39636,1,26.858476057622727,25-30,20-30,60-90.1
1,39659,1,15.671207184670955,15-20,10-20,0-30
1,39675,1,16.334006470360457,15-20,10-20,0-30
1,39680,1,18.722483516355762,15-20,10-20,60-90.1
1,39689,1,17.540886916678865,15-20,10-20,60-90.1
1,39706,1,19.866660717898707,15-20,10-20,60-90.1
1,39721,1,22.06326370060845,20-25,20-30,60-90.1
1,39745,1,22.53529375489998,20-25,20-30,60-90.1
1,39761,1,24.626679532422546,20-25,20-30,60-90.1
1,39765,1,16.550914552921416,15-20,10-20,30-60
1,39769,1,23.783035910521853,20-25,20-30,60-90.1
1,39792,1,26.9065871111709,25-30,20-30,60-90.1
1,39809,1,19.77592051781632,15-20,10-20,60-90.1
1,39812,1,28.197274417139017,25-30,20-30,60-90.1
1,39828,1,33.52894176680395,30-40,30-45,30-60
1,39830,1,18.978113228918232,15-20,10-20,60-90.1
1,39847,1,24.12486827758841,20-25,20-30,60-90.1
1,39871,1,36.69504077138155,30-40,30-45,30-60
1,39884,1,14.423707589637358,10-15,10-20,60-90.1
1,39920,1,26.269532309559008,25-30,20-30,60-90.1
1,39969,1,23.749023232966536,20-25,20-30,30-60
1,39980,1,11.681311972967945,10-15,10-20,0-30
1,39987,1,44.32248677536915,40-50,30-45,30-60
1,39990,1,45.33007795180901,40-50,45-70,0-30
1,40007,1,52.28708262362368,50-60,45-70,30-60
1,40026,1,34.70648257856811,30-40,30-45,30-60
1,40051,1,54.456972250779906,50-60,45-70,30-60
1,40058,1,41.54807062207966,40-50,30-45,60-90.1
1,40059,0,55.904101427254176,50-60,45-70,60-90.1
1,40064,1,42.72400362433523,40-50,30-45,60-90.1
1,40076,1,42.94194122803505,40-50,30-45,0-30
1,40087,1,42.35119918288925,40-50,30-45,0-30
1,40089,1,62.36601522492551,60-90,45-70,30-60
1,40184,1,20.949744182724434,20-25,20-30,60-90.1
1,40193,1,16.27880384788385,15-20,10-20,60-90.1
1,40243,1,29.78454174821975,25-30,20-30,30-60
1,40254,0,66.23562539998063,60-90,45-70,60-90.1
1,40273,1,31.025807859815234,30-40,30-45,60-90.1
1,40276,0,58.93186305854057,50-60,45-70,60-90.1
1,40284,0,42.81302659828489,40-50,30-45,30-60
1,40317,0,50.18028950843207,50-60,45-70,30-60
1,40327,0,60.52242853228406,60-90,45-70,60-90.1
1,40351,0,53.06987064537949,50-60,45-70,60-90.1
1,40355,0,57.5852070339071,50-60,45-70,60-90.1
1,40375,1,28.080015085868308,25-30,20-30,30-60
1,40421,0,55.76024503294998,50-60,45-70,60-90.1
1,40424,0,58.66308885115484,50-60,45-70,60-90.1
1,40472,1,22.882239740840927,20-25,20-30,30-60
1,40498,1,34.38113145292214,30-40,30-45,60-90.1
1,40500,1,37.872246084185555,30-40,30-45,60-90.1
1,40506,1,28.328892634944737,25-30,20-30,60-90.1
1,40549,1,19.79495542615119,15-20,10-20,60-90.1
1,40569,1,16.137977978513863,15-20,10-20,0-30
1,40585,1,16.77885248312707,15-20,10-20,30-60
1,40611,1,20.42273209324483,20-25,20-30,60-90.1
1,40623,1,17.00509790970524,15-20,10-20,60-90.1
1,40631,1,22.541307585871266,20-25,20-30,60-90.1
1,40652,1,18.857391581172866,15-20,10-20,60-90.1
1,40686,1,21.23444002144761,20-25,20-30,60-90.1
1,40708,1,22.87363435301264,20-25,20-30,60-90.1
1,40715,1,14.048165070305844,10-15,10-20,60-90.1
1,40723,1,24.963491883778804,20-25,20-30,60-90.1
1,40742,1,15.278044598558727,15-20,10-20,60-90.1
1,40746,1,24.10076385116938,20-25,20-30,60-90.1
1,40763,1,27.434281322162267,25-30,20-30,60-90.1
1,40781,1,34.114743699667144,30-40,30-45,0-30
1,40785,1,22.14423869355417,20-25,20-30,60-90.1
1,40795,1,20.800983341500682,20-25,20-30,60-90.1
1,40798,1,29.225549741417346,25-30,20-30,60-90.1
1,40817,1,30.734331421429207,30-40,30-45,30-60
1,40824,1,27.01955037751556,25-30,20-30,60-90.1
1,40836,1,38.189987137610345,30-40,30-45,60-90.1
1,40841,1,24.226268938660027,20-25,20-30,60-90.1
1,40847,1,33.066460056726434,30-40,30-45,30-60
1,40850,1,12.815749049722992,10-15,10-20,30-60
1,40861,1,32.457442372796024,30-40,30-45,30-60
1,40868,1,14.509579826321636,10-15,10-20,60-90.1
1,40875,1,30.59210569852377,30-40,30-45,60-90.1
1,40887,1,16.730137409479532,15-20,10-20,60-90.1
1,40891,1,25.68338956635214,25-30,20-30,30-60
1,40902,1,15.331195408984978,15-20,10-20,60-90.1
1,40906,1,19.050953453654156,15-20,10-20,60-90.1
1,40915,1,44.928521346158554,40-50,30-45,0-30
1,40917,1,45.07732211516185,40-50,45-70,0-30
1,40919,1,45.84109748236121,40-50,45-70,30-60
1,40926,1,18.07914439847881,15-20,10-20,60-90.1
1,40953,1,48.375531716546845,40-50,45-70,60-90.1
1,40954,1,12.042106493646278,10-15,10-20,0-30
1,40959,1,49.95887631226336,40-50,45-70,60-90.1
1,40976,1,20.98099908829838,20-25,20-30,60-90.1
1,40981,1,25.96758330081944,25-30,20-30,60-90.1
1,40987,1,31.833373558532365,30-40,30-45,60-90.1
1,40991,1,53.23011929702728,50-60,45-70,0-30
1,40995,1,16.303193766401908,15-20,10-20,60-90.1
1,41016,1,38.824541920281725,30-40,30-45,60-90.1
1,41030,1,57.15761040950848,50-60,45-70,30-60
1,41032,1,57.252784968800164,50-60,45-70,0-30
1,41046,1,59.983332782288066,50-60,45-70,60-90.1
1,41069,1,14.836459428616708,10-15,10-20,60-90.1
1,41088,0,66.52613111087926,60-90,45-70,60-90.1
1,41094,1,22.014538675316235,20-25,20-30,60-90.1
1,41098,1,29.024352922672875,25-30,20-30,60-90.1
1,41128,1,30.802382101088934,30-40,30-45,30-60
1,41153,1,12.442984232512018,10-15,10-20,60-90.1
1,41164,1,23.361510996448274,20-25,20-30,60-90.1
1,41171,0,65.16326693502927,60-90,45-70,60-90.1
1,41196,1,33.1257172765203,30-40,30-45,60-90.1
1,41201,1,37.68909837942894,30-40,30-45,30-60
1,41217,0,67.57394620648627,60-90,45-70,60-90.1
1,41229,0,46.02864807118438,40-50,45-70,0-30
1,41231,0,47.98917015584475,40-50,45-70,0-30
1,41267,1,18.96089791099307,15-20,10-20,30-60
1,41278,0,38.578943538538724,30-40,30-45,30-60
1,41291,1,12.03080771867693,10-15,10-20,0-30
1,41308,0,61.378970254956926,60-90,45-70,60-90.1
1,41342,1,14.187637169307033,10-15,10-20,30-60
1,41354,1,21.371341512124193,20-25,20-30,0-30
1,41355,0,36.25615496862787,30-40,30-45,30-60
1,41373,1,32.83516965575694,30-40,30-45,0-30
1,41477,1,15.515701397253615,15-20,10-20,0-30
1,41492,1,17.837464876128937,15-20,10-20,60-90.1
1,41496,1,15.67135235927165,15-20,10-20,0-30
1,41517,1,18.36445606071213,15-20,10-20,60-90.1
1,41532,1,20.363712348987118,20-25,20-30,30-60
1,41537,1,15.937055656618941,15-20,10-20,60-90.1
1,41553,1,23.742617744649486,20-25,20-30,60-90.1
1,41564,1,17.748122812049473,15-20,10-20,60-90.1
1,41580,1,14.731145982578647,10-15,10-20,60-90.1
1,41582,1,19.084930358755226,15-20,10-20,60-90.1
1,41607,1,30.7077869253977,30-40,30-45,60-90.1
1,41647,1,17.8689321372403,15-20,10-20,60-90.1
1,41654,1,34.6551169724578,30-40,30-45,30-60
1,41665,1,19.12571190298643,15-20,10-20,60-90.1
1,41685,1,25.797690870187576,25-30,20-30,60-90.1
1,41691,1,21.57728520835109,20-25,20-30,60-90.1
1,41710,1,39.2869977463706,30-40,30-45,60-90.1
1,41727,1,28.73086530191251,25-30,20-30,60-90.1
1,41738,1,23.631691196144896,20-25,20-30,60-90.1
1,41750,1,41.54788433438452,40-50,30-45,60-90.1
1,41751,1,13.3109064858537,10-15,10-20,30-60
1,41778,1,21.594726957576516,20-25,20-30,30-60
1,41794,1,20.6724817637992,20-25,20-30,0-30
1,41799,1,14.371483047849042,10-15,10-20,60-90.1
1,41802,1,17.08804543918081,15-20,10-20,60-90.1
1,41823,1,16.039628145303332,15-20,10-20,60-90.1
1,41830,1,13.880485238666534,10-15,10-20,60-90.1
1,41840,1,16.548677092539332,15-20,10-20,30-60
1,41858,1,19.333802421601018,15-20,10-20,60-90.1
1,41862,1,23.002532493708472,20-25,20-30,60-90.1
1,41867,1,28.246604525652018,25-30,20-30,60-90.1
1,41875,1,36.147595004771745,30-40,30-45,30-60
1,41901,1,57.899553197262975,50-60,45-70,60-90.1
1,41925,1,40.99698839145772,40-50,30-45,30-60
1,41930,1,11.681261658522997,10-15,10-20,60-90.1
1,41959,1,18.215730373077328,15-20,10-20,60-90.1
1,41979,1,24.953924178643515,20-25,20-30,60-90.1
1,41986,0,66.21094189201806,60-90,45-70,60-90.1
1,42010,0,65.30799041749998,60-90,45-70,60-90.1
1,42024,1,19.65430700799908,15-20,10-20,60-90.1
1,42060,1,25.962231722177656,25-30,20-30,60-90.1
1,42100,0,44.39149086722552,40-50,30-45,30-60
1,42153,0,41.11090509605925,40-50,30-45,30-60
1,42163,1,23.022392228589464,20-25,20-30,60-90.1
1,42174,0,53.631542717850245,50-60,45-70,60-90.1
1,42181,0,36.48807690901379,30-40,30-45,60-90.1
1,42218,1,18.306289825896943,15-20,10-20,30-60
1,42263,0,37.52426432858685,30-40,30-45,30-60
1,42288,1,34.29201589844564,30-40,30-45,60-90.1
1,42325,1,34.40451115871121,30-40,30-45,30-60
1,42344,1,24.67637373166194,20-25,20-30,0-30
1,42352,1,15.544793661658074,15-20,10-20,0-30
1,42364,1,17.082929768111796,15-20,10-20,60-90.1
1,42372,1,15.81704969126124,15-20,10-20,30-60
1,42375,1,19.015456544608504,15-20,10-20,60-90.1
1,42377,1,15.497603479339736,15-20,10-20,0-30
1,42422,1,22.549809574188284,20-25,20-30,0-30
1,42424,1,24.984905125737882,20-25,20-30,60-90.1
1,42434,1,27.035431173081005,25-30,20-30,60-90.1
1,42471,1,17.736724549490294,15-20,10-20,60-90.1
1,42532,1,35.78498206644077,30-40,30-45,30-60
1,42545,1,23.784023468494727,20-25,20-30,60-90.1
1,42572,1,26.20293994549142,25-30,20-30,60-90.1
1,42587,1,33.7050586273806,30-40,30-45,0-30
1,42603,1,42.96553006501832,40-50,30-45,30-60
1,42616,1,30.859525436464992,30-40,30-45,30-60
1,42619,1,32.78968871680384,30-40,30-45,30-60
1,42638,1,19.835987540324137,15-20,10-20,0-30
1,42676,1,30.655905794202774,30-40,30-45,60-90.1
1,42678,1,32.62772854707516,30-40,30-45,60-90.1
1,42726,1,61.90215666356905,60-90,45-70,30-60
1,42733,0,63.92399750757334,60-90,45-70,30-60
1,42758,1,14.284642115278064,10-15,10-20,60-90.1
1,42766,1,39.130415396689976,30-40,30-45,0-30
1,42787,1,20.944320437778572,20-25,20-30,60-90.1
1,42792,1,28.190379625397924,25-30,20-30,30-60
1,42811,1,29.689553010563596,25-30,20-30,30-60
1,42825,1,15.13131850974536,15-20,10-20,60-90.1
1,42849,1,21.694596801116806,20-25,20-30,60-90.1
1,42859,0,66.12743682139381,60-90,45-70,60-90.1
1,42873,1,29.076970368125302,25-30,20-30,60-90.1
1,42893,1,36.66525388247196,30-40,30-45,30-60
1,42900,1,30.375613785487108,30-40,30-45,60-90.1
1,42905,0,47.83890465521456,40-50,45-70,0-30
1,42907,0,49.77032992896553,40-50,45-70,30-60
1,42920,0,52.10697055689722,50-60,45-70,60-90.1
1,42934,0,65.48256038197296,60-90,45-70,60-90.1
1,42978,0,62.36275433686389,60-90,45-70,60-90.1
1,42989,1,28.10467279710356,25-30,20-30,30-60
1,43012,0,60.34203162282307,60-90,45-70,30-60
1,43020,0,57.41232147862375,50-60,45-70,30-60
1,43060,1,30.194098214170573,30-40,30-45,30-60
1,43104,1,28.214000863872165,25-30,20-30,60-90.1
1,43116,1,21.007320492422064,20-25,20-30,60-90.1
1,43121,1,36.13425571057473,30-40,30-45,30-60
1,43132,1,26.98208801070722,25-30,20-30,60-90.1
1,43149,1,19.51450173382684,15-20,10-20,30-60
1,43201,1,14.816339749607753,10-15,10-20,0-30
1,43206,1,20.811975508938907,20-25,20-30,60-90.1
1,43212,1,20.311813704004912,20-25,20-30,60-90.1
1,43218,1,19.943155690608155,15-20,10-20,60-90.1
1,43222,1,22.611187131209874,20-25,20-30,60-90.1
1,43223,1,14.656801347920101,10-15,10-20,0-30
1,43254,1,22.08231545644316,20-25,20-30,60-90.1
1,43263,1,17.437827126021674,15-20,10-20,60-90.1
1,43284,1,24.845780317471835,20-25,20-30,60-90.1
1,43304,1,21.84611810622011,20-25,20-30,60-90.1
1,43306,1,25.34587973925037,25-30,20-30,60-90.1
1,43332,1,31.946333926521422,30-40,30-45,30-60
1,43335,1,31.609021114294844,30-40,30-45,30-60
1,43346,1,14.602741753816805,10-15,10-20,60-90.1
1,43349,1,20.588181264181763,20-25,20-30,60-90.1
1,43351,1,26.797615198351348,25-30,20-30,60-90.1
1,43392,1,18.77796443201998,15-20,10-20,60-90.1
1,43398,1,36.50902662057393,30-40,30-45,30-60
1,43407,1,20.195017059855456,20-25,20-30,60-90.1
1,43409,1,23.67699864151552,20-25,20-30,60-90.1
1,43412,1,32.63371605631583,30-40,30-45,30-60
1,43440,1,22.30174984516654,20-25,20-30,30-60
1,43443,1,28.283452496357157,25-30,20-30,60-90.1
1,43453,1,43.86085107129679,40-50,30-45,0-30
1,43455,1,44.15342175988644,40-50,30-45,0-30
1,43457,1,44.80867599298387,40-50,30-45,30-60
1,43473,1,43.95112198183945,40-50,30-45,30-60
1,43482,1,46.65330357859335,40-50,45-70,60-90.1
1,43489,1,48.31067114194369,40-50,45-70,30-60
1,43504,1,51.8606857405404,50-60,45-70,30-60
1,43507,1,52.87048706746528,50-60,45-70,30-60
1,43514,1,21.059429598994832,20-25,20-30,60-90.1
1,43529,1,17.967734540824708,15-20,10-20,60-90.1
1,43537,1,25.252276844280892,25-30,20-30,60-90.1
1,43544,0,54.28571319076498,50-60,45-70,60-90.1
1,43551,1,39.702984528151795,30-40,30-45,60-90.1
1,43557,1,40.99642158365488,40-50,30-45,60-90.1
1,43570,1,41.113033051545706,40-50,30-45,30-60
1,43644,0,67.12756845823924,60-90,45-70,60-90.1
1,43660,0,65.79004658004483,60-90,45-70,60-90.1
1,43717,1,32.04433885624005,30-40,30-45,60-90.1
1,43735,0,67.09244501266315,60-90,45-70,30-60
1,43748,0,46.51744972496664,40-50,45-70,0-30
1,43769,0,43.31608983469947,40-50,30-45,30-60
1,43777,1,14.581304631469955,10-15,10-20,60-90.1
1,43821,0,37.46564501289972,30-40,30-45,30-60
1,43824,0,39.60489060204049,30-40,30-45,30-60
1,43836,0,55.17925868111476,50-60,45-70,60-90.1
1,43862,0,35.823713871483044,30-40,30-45,60-90.1
1,43879,1,33.40470089337629,30-40,30-45,0-30
1,43884,1,22.18836876238296,20-25,20-30,30-60
1,43891,0,36.19391344668665,30-40,30-45,30-60
1,43951,1,37.70665566535117,30-40,30-45,60-90.1
1,44014,1,16.441870605587653,15-20,10-20,30-60
1,44015,1,16.459621934374113,15-20,10-20,30-60
1,44021,1,15.146060374108556,15-20,10-20,0-30
1,44052,1,14.465315839186514,10-15,10-20,0-30
1,44098,1,24.126018926265676,20-25,20-30,60-90.1
1,44102,1,19.597391227572288,15-20,10-20,60-90.1
1,44164,1,23.566792006381576,20-25,20-30,60-90.1
1,44173,1,15.798876913633581,15-20,10-20,60-90.1
1,44206,1,25.96460013176785,25-30,20-30,60-90.1
1,44212,1,28.231527731268244,25-30,20-30,30-60
1,44234,1,18.637362419552602,15-20,10-20,60-90.1
1,44235,1,24.960807037022843,20-25,20-30,60-90.1
1,44238,1,32.80964980340739,30-40,30-45,30-60
1,44271,1,21.163627340366155,20-25,20-30,60-90.1
1,44272,1,29.62807118059649,25-30,20-30,60-90.1
1,44292,1,17.246284713458806,15-20,10-20,60-90.1
1,44299,1,38.08917907441688,30-40,30-45,60-90.1
1,44344,1,20.32869961565871,20-25,20-30,30-60
1,44376,1,18.32589653249935,15-20,10-20,30-60
1,44386,1,50.47401681845795,50-60,45-70,30-60
1,44397,1,14.999506202288194,10-15,10-20,60-90.1
1,44410,1,37.43194738066732,30-40,30-45,60-90.1
1,44424,1,27.656481381937613,25-30,20-30,60-90.1
1,44449,1,55.24850093622254,50-60,45-70,30-60
1,44459,1,22.44453637146661,20-25,20-30,60-90.1
1,44463,1,56.63120102722306,50-60,45-70,60-90.1
1,44471,1,15.056213260342716,15-20,10-20,60-90.1
1,44476,1,57.93667015987174,50-60,45-70,30-60
1,44483,1,59.54620510865412,50-60,45-70,60-90.1
1,44507,0,65.59935273063437,60-90,45-70,60-90.1
1,44519,1,16.623858056008448,15-20,10-20,60-90.1
1,44535,1,23.62753417982788,20-25,20-30,60-90.1
1,44552,1,38.81667099178793,30-40,30-45,0-30
1,44553,0,66.04646077790038,60-90,45-70,60-90.1
1,44584,1,16.762302914505792,15-20,10-20,60-90.1
1,44597,1,11.900982000283653,10-15,10-20,60-90.1
1,44605,1,23.93893854544471,20-25,20-30,60-90.1
1,44657,0,49.75337378842197,40-50,45-70,30-60
1,44666,0,51.490947891661655,50-60,45-70,30-60
1,44687,0,53.74220082916264,50-60,45-70,60-90.1
1,44689,0,63.391866076159445,60-90,45-70,30-60
1,44727,1,12.364928406924303,10-15,10-20,0-30
1,44773,1,18.177964504862803,15-20,10-20,30-60
1,44776,1,20.588643133986405,20-25,20-30,30-60
1,44885,1,35.53063827325282,30-40,30-45,0-30
1,44893,1,25.298622245843337,25-30,20-30,30-60
1,44913,1,18.500005866096803,15-20,10-20,60-90.1
1,44927,1,17.257851218953512,15-20,10-20,60-90.1
1,44937,1,16.359464094302275,15-20,10-20,60-90.1
1,44957,1,17.908977481934397,15-20,10-20,60-90.1
1,44970,1,16.76000938691995,15-20,10-20,60-90.1
1,44980,1,21.9190907201341,20-25,20-30,60-90.1
1,44989,1,20.900204630199998,20-25,20-30,60-90.1
1,44997,1,18.522373092399732,15-20,10-20,60-90.1
1,45001,1,22.416246084634903,20-25,20-30,60-90.1
1,45016,1,23.924666916065206,20-25,20-30,0-30
1,45018,1,26.174451469890922,25-30,20-30,60-90.1
1,45048,1,19.774650649864846,15-20,10-20,60-90.1
1,45052,1,25.640730904063524,25-30,20-30,60-90.1
1,45105,1,28.53367246655584,25-30,20-30,30-60
1,45112,1,16.902361053708997,15-20,10-20,60-90.1
1,45138,1,33.365204701178754,30-40,30-45,30-60
1,45141,1,13.851020373815805,10-15,10-20,30-60
1,45160,1,19.56140039226749,15-20,10-20,60-90.1
1,45200,1,39.27133826226599,30-40,30-45,60-90.1
1,45204,1,18.60345007040102,15-20,10-20,60-90.1
1,45230,1,41.94341293579089,40-50,30-45,30-60
1,45232,1,42.8201432103534,40-50,30-45,0-30
1,45234,1,43.364890984567246,40-50,30-45,0-30
1,45235,1,43.60006170502174,40-50,30-45,0-30
1,45238,1,19.345746981123924,15-20,10-20,60-90.1
1,45241,1,25.446996821336633,25-30,20-30,60-90.1
1,45307,1,31.846649489908014,30-40,30-45,60-90.1
1,45310,1,34.75818922416315,30-40,30-45,30-60
1,45322,1,29.628568268637757,25-30,20-30,60-90.1
1,45332,1,18.04569545377827,15-20,10-20,60-90.1
1,45343,1,11.67874077994668,10-15,10-20,30-60
1,45368,1,19.392685156371822,15-20,10-20,60-90.1
1,45388,1,12.57495631522763,10-15,10-20,60-90.1
1,45391,1,15.50277260918932,15-20,10-20,60-90.1
1,45401,1,40.41868948501604,40-50,30-45,0-30
1,45413,0,63.13236830774714,60-90,45-70,30-60
1,45428,1,12.602262416908872,10-15,10-20,60-90.1
1,45454,1,18.85206073505896,15-20,10-20,60-90.1
1,45459,1,26.080183084472942,25-30,20-30,30-60
1,45483,0,65.7904987243875,60-90,45-70,60-90.1
1,45499,1,28.833367877370822,25-30,20-30,30-60
1,45501,0,65.94054859711248,60-90,45-70,60-90.1
1,45510,1,19.058744363290185,15-20,10-20,60-90.1
1,45533,1,27.189122706228364,25-30,20-30,60-90.1
1,45547,1,36.258281726209844,30-40,30-45,30-60
1,45565,0,48.26193143307256,40-50,45-70,30-60
1,45577,0,45.658623621684136,40-50,45-70,30-60
1,45611,1,18.951001711846025,15-20,10-20,60-90.1
1,45614,0,42.59898851273381,40-50,30-45,30-60
1,45641,1,23.650102520831926,20-25,20-30,30-60
1,45653,0,61.274120828854,60-90,45-70,0-30
1,45673,0,36.34950234690016,30-40,30-45,60-90.1
1,45679,1,16.065758216368238,15-20,10-20,30-60
1,45705,0,35.59533335193955,30-40,30-45,30-60
1,45707,1,30.78520284802437,30-40,30-45,30-60
1,45711,1,34.11774311997068,30-40,30-45,30-60
1,45752,1,28.820596619461973,25-30,20-30,60-90.1
1,45790,1,27.21592432356767,25-30,20-30,60-90.1
1,45817,1,22.279962690116562,20-25,20-30,0-30
1,45828,1,15.820666971432303,15-20,10-20,30-60
1,45846,1,18.670504023249727,15-20,10-20,60-90.1
1,45847,1,20.027321952859513,20-25,20-30,60-90.1
1,45867,1,16.209517755500062,15-20,10-20,60-90.1
1,45907,1,28.586458244809528,25-30,20-30,30-60
1,45913,1,13.969029716578913,10-15,10-20,60-90.1
1,45918,1,22.69280038310083,20-25,20-30,60-90.1
1,45938,1,29.732604079918936,25-30,20-30,30-60
1,45955,1,22.53274598109495,20-25,20-30,60-90.1
1,45974,1,29.72431863397698,25-30,20-30,30-60
1,45979,1,16.17487776611112,15-20,10-20,60-90.1
1,46001,1,29.207065894145735,25-30,20-30,60-90.1
1,46011,1,27.474281482203487,25-30,20-30,60-90.1
1,46019,1,13.301202024224281,10-15,10-20,30-60
1,46037,1,29.94544907315593,25-30,20-30,60-90.1
1,46048,1,15.537667735739246,15-20,10-20,60-90.1
1,46052,1,21.222165891811994,20-25,20-30,60-90.1
1,46061,1,31.95324087916407,30-40,30-45,30-60
1,46076,1,18.151941273599668,15-20,10-20,60-90.1
1,46096,1,32.39630280515538,30-40,30-45,30-60
1,46098,1,44.34587047941237,40-50,30-45,30-60
1,46108,1,31.278812211433742,30-40,30-45,0-30
1,46110,1,45.584161066115406,40-50,45-70,60-90.1
1,46111,1,16.760864935648076,15-20,10-20,60-90.1
1,46122,1,29.075090899045637,25-30,20-30,30-60
1,46137,1,47.11851505367098,40-50,45-70,60-90.1
1,46139,1,14.63879882495989,10-15,10-20,60-90.1
1,46156,1,15.919293651640544,15-20,10-20,30-60
1,46162,1,50.99456732740355,50-60,45-70,30-60
1,46164,1,13.24802614740858,10-15,10-20,60-90.1
1,46200,1,24.615212840379932,20-25,20-30,60-90.1
1,46270,1,60.98204844286936,60-90,45-70,30-60
1,46272,1,40.41197030832465,40-50,30-45,0-30
1,46294,0,65.75997434767642,60-90,45-70,60-90.1
1,46298,1,15.241953477433642,15-20,10-20,60-90.1
1,46334,0,66.31744218648842,60-90,45-70,60-90.1
1,46339,1,38.38925064420286,30-40,30-45,30-60
1,46410,1,31.4396625413833,30-40,30-45,30-60
1,46417,1,28.439818981070694,25-30,20-30,30-60
1,46430,0,66.03343541275244,60-90,45-70,60-90.1
1,46442,0,50.57342562623541,50-60,45-70,60-90.1
1,46453,0,53.410903808475055,50-60,45-70,60-90.1
1,46479,0,55.293206249158814,50-60,45-70,60-90.1
1,46510,0,38.66853330511362,30-40,30-45,30-60
1,46513,0,41.09576365789875,40-50,30-45,30-60
1,46514,0,56.8829092385071,50-60,45-70,60-90.1
1,46535,0,59.16337249609533,50-60,45-70,30-60
1,46597,1,22.75320098985797,20-25,20-30,30-60
1,46603,0,38.00500059290392,30-40,30-45,30-60
1,46614,1,34.76266983568386,30-40,30-45,30-60
1,46645,1,21.074966892765623,20-25,20-30,60-90.1
1,46648,1,34.93238167081392,30-40,30-45,60-90.1
1,46658,1,37.03107774066319,30-40,30-45,60-90.1
1,46664,1,19.748374971209024,15-20,10-20,30-60
1,46687,1,25.863183815056427,25-30,20-30,30-60
1,46713,1,21.512012954445126,20-25,20-30,60-90.1
1,46715,1,14.050431742276054,10-15,10-20,0-30
1,46727,1,23.52238193050175,20-25,20-30,60-90.1
1,46728,1,14.532517099723027,10-15,10-20,30-60
1,46750,1,17.069230361613144,15-20,10-20,60-90.1
1,46791,1,27.341094376839713,25-30,20-30,30-60
1,46807,1,30.277677959889267,30-40,30-45,30-60
1,46817,1,25.450767361321446,25-30,20-30,60-90.1
1,46854,1,25.183632348688498,25-30,20-30,60-90.1
1,46875,1,31.050940320505067,30-40,30-45,0-30
1,46878,1,34.29992146494584,30-40,30-45,30-60
1,46882,1,17.181657456431946,15-20,10-20,60-90.1
1,46949,1,14.699825488891895,10-15,10-20,60-90.1
1,46966,1,15.790792298399147,15-20,10-20,60-90.1
1,46971,1,21.874077027342466,20-25,20-30,60-90.1
1,47008,1,14.644305734081415,10-15,10-20,60-90.1
1,47014,1,25.250688852154536,25-30,20-30,60-90.1
1,47036,1,12.365310766075291,10-15,10-20,60-90.1
1,47039,1,48.50580305595161,40-50,45-70,60-90.1
1,47044,1,49.98721638448701,40-50,45-70,0-30
1,47054,0,52.35838202238984,50-60,45-70,60-90.1
1,47068,0,53.34282646281027,50-60,45-70,60-90.1
1,47084,1,25.23181539013346,25-30,20-30,60-90.1
1,47087,1,39.51795119132431,30-40,30-45,60-90.1
1,47089,1,55.465451500155794,50-60,45-70,30-60
1,47092,1,20.565610444587257,20-25,20-30,30-60
1,47105,1,56.85014669716245,50-60,45-70,30-60
1,47108,1,17.27156806435466,15-20,10-20,60-90.1
1,47116,1,14.294773036432398,10-15,10-20,60-90.1
1,47123,1,10.674137360281224,10-15,10-20,30-60
1,47130,1,59.02424144493123,50-60,45-70,60-90.1
1,47146,0,63.01991968386025,60-90,45-70,30-60
1,47151,0,64.62220626606522,60-90,45-70,60-90.1
1,47180,1,22.80871957518858,20-25,20-30,60-90.1
1,47217,1,38.7358287516493,30-40,30-45,0-30
1,47228,1,15.026410478515588,15-20,10-20,60-90.1
1,47240,0,65.38481912906816,60-90,45-70,60-90.1
1,47251,1,22.047192627088297,20-25,20-30,60-90.1
1,47285,0,46.78437216383983,40-50,45-70,0-30
1,47287,0,48.743089810259015,40-50,45-70,30-60
1,47301,1,36.37877271391654,30-40,30-45,30-60
1,47303,0,45.32589484353342,40-50,45-70,0-30
1,47346,1,28.98364781479765,25-30,20-30,30-60
1,47405,1,24.326557921238447,20-25,20-30,60-90.1
1,47422,0,35.497082649222584,30-40,30-45,60-90.1
1,47431,1,17.80946018950896,15-20,10-20,30-60
1,47436,1,20.88773236387095,20-25,20-30,0-30
1,47459,0,36.81384706931785,30-40,30-45,30-60
1,47525,1,27.584334123745766,25-30,20-30,60-90.1
1,47554,1,15.765901096010362,15-20,10-20,0-30
1,47561,1,16.786770962160617,15-20,10-20,30-60
1,47562,1,17.02582784442079,15-20,10-20,30-60
1,47574,1,20.365438400326063,20-25,20-30,60-90.1
1,47594,1,22.880015862021388,20-25,20-30,30-60
1,47600,1,18.46745841865654,15-20,10-20,60-90.1
1,47613,1,24.632879039860672,20-25,20-30,30-60
1,47626,1,21.54695344912025,20-25,20-30,60-90.1
1,47641,1,20.354226584576235,20-25,20-30,60-90.1
1,47672,1,31.60587622151298,30-40,30-45,30-60
1,47677,1,22.64148048264823,20-25,20-30,60-90.1
1,47688,1,14.36473909714456,10-15,10-20,60-90.1
1,47711,1,27.782793728683778,25-30,20-30,60-90.1
1,47743,1,27.220877419172584,25-30,20-30,60-90.1
1,47745,1,35.73920166912039,30-40,30-45,60-90.1
1,47756,1,12.933745327984278,10-15,10-20,30-60
1,47764,1,37.28748456505127,30-40,30-45,60-90.1
1,47770,1,28.424139263556516,25-30,20-30,60-90.1
1,47777,1,18.010627143739498,15-20,10-20,60-90.1
1,47782,1,39.299392672927766,30-40,30-45,60-90.1
1,47794,1,40.9559861706219,40-50,30-45,30-60
1,47804,1,42.17315511327849,40-50,30-45,0-30
1,47806,1,42.738412302589644,40-50,30-45,0-30
1,47817,1,43.60010538478311,40-50,30-45,30-60
1,47820,1,12.969208664926866,10-15,10-20,60-90.1
1,47830,1,11.056115578393769,10-15,10-20,60-90.1
1,47854,1,21.798005111382462,20-25,20-30,60-90.1
1,47887,1,32.71452514822737,30-40,30-45,60-90.1
1,47904,1,34.43381372612004,30-40,30-45,60-90.1
1,47907,1,37.33226611951165,30-40,30-45,60-90.1
1,47916,1,27.748141395872345,25-30,20-30,60-90.1
1,48001,1,11.550884354179805,10-15,10-20,30-60
1,48026,1,18.370645700492158,15-20,10-20,60-90.1
1,48046,1,25.019434857865335,25-30,20-30,30-60
1,48056,0,65.28610841768143,60-90,45-70,60-90.1
1,48083,1,28.05092446268233,25-30,20-30,30-60
1,48089,1,24.1603076954814,20-25,20-30,60-90.1
1,48128,1,31.1387494707913,30-40,30-45,30-60
1,48135,0,64.94431945239515,60-90,45-70,60-90.1
1,48148,0,52.05273748397196,50-60,45-70,30-60
1,48160,0,43.668330346565675,40-50,30-45,60-90.1
1,48162,0,54.393040487795744,50-60,45-70,30-60
1,48164,0,56.202196981977785,50-60,45-70,30-60
1,48171,0,62.93366874539635,60-90,45-70,0-30
1,48177,1,14.76705884944346,10-15,10-20,60-90.1
1,48185,0,58.622981228080626,50-60,45-70,30-60
1,48203,1,18.807323804127936,15-20,10-20,60-90.1
1,48232,0,38.35549596403155,30-40,30-45,30-60
1,48246,1,15.448061568788168,15-20,10-20,30-60
1,48275,1,32.0798420834184,30-40,30-45,30-60
1,48312,1,29.348137704959747,25-30,20-30,60-90.1
1,48318,1,37.83975092573561,30-40,30-45,60-90.1
1,48401,1,18.54819661432238,15-20,10-20,60-90.1
1,48437,1,25.05866215805202,25-30,20-30,60-90.1
1,48447,1,15.860154049149907,15-20,10-20,60-90.1
1,48468,1,18.00856819290675,15-20,10-20,60-90.1
1,48501,1,24.634667382224656,20-25,20-30,60-90.1
1,48502,1,28.7428121970712,25-30,20-30,30-60
1,48506,1,20.689491123116316,20-25,20-30,60-90.1
1,48523,1,30.46654520110624,30-40,30-45,30-60
1,48548,1,24.36639834362849,20-25,20-30,60-90.1
1,48555,1,30.613199800908795,30-40,30-45,30-60
1,48579,1,14.708346899949376,10-15,10-20,60-90.1
1,48601,1,25.991668239133478,25-30,20-30,60-90.1
1,48635,1,29.69861856856795,25-30,20-30,60-90.1
1,48646,1,17.82496208116537,15-20,10-20,60-90.1
1,48660,1,44.53796645178902,40-50,30-45,60-90.1
1,48669,1,45.676794172591826,40-50,45-70,60-90.1
1,48689,1,47.07611476714665,40-50,45-70,60-90.1
1,48701,1,48.81427747447409,40-50,45-70,30-60
1,48711,1,49.7117296636275,40-50,45-70,0-30
1,48719,0,52.64481356832321,50-60,45-70,60-90.1
1,48722,1,29.66958362995311,25-30,20-30,60-90.1
1,48764,1,22.653712884842538,20-25,20-30,60-90.1
1,48767,1,40.209154487882806,40-50,30-45,0-30
1,48803,1,58.976475942673744,50-60,45-70,60-90.1
1,48818,1,13.592671021584867,10-15,10-20,60-90.1
1,48825,0,61.323354952257475,60-90,45-70,60-90.1
1,48829,1,38.86901769293649,30-40,30-45,0-30
1,48845,0,65.67124502693738,60-90,45-70,30-60
1,48860,1,14.583237982674017,10-15,10-20,60-90.1
1,48871,0,65.792734628785,60-90,45-70,30-60
1,48899,1,38.69267586989085,30-40,30-45,30-60
1,48915,1,17.369241500578013,15-20,10-20,60-90.1
1,48927,1,13.41447107899991,10-15,10-20,60-90.1
1,48951,1,25.544521755968415,25-30,20-30,60-90.1
1,48958,0,46.130655572928426,40-50,45-70,0-30
1,48960,0,47.993123779692326,40-50,45-70,0-30
1,48962,0,49.929428891545975,40-50,45-70,30-60
1,49015,0,60.79218598536419,60-90,45-70,0-30
1,49045,0,41.15264965008211,40-50,30-45,30-60
1,49060,1,13.971834895294858,10-15,10-20,0-30
1,49113,0,36.558824325763254,30-40,30-45,60-90.1
1,49124,1,23.909551142659968,20-25,20-30,30-60
1,49137,1,32.9580957554146,30-40,30-45,30-60
1,49162,1,22.608865385627887,20-25,20-30,60-90.1
1,49173,1,30.13495778642685,30-40,30-45,60-90.1
1,49192,1,36.19629643478105,30-40,30-45,30-60
1,49195,1,21.159922238404242,20-25,20-30,30-60
1,49196,1,28.65696561444313,25-30,20-30,60-90.1
1,49239,1,16.48628852240064,15-20,10-20,30-60
1,49249,1,18.901041178456698,15-20,10-20,30-60
1,49251,1,20.254043101461995,20-25,20-30,60-90.1
1,49263,1,15.669886018037097,15-20,10-20,60-90.1
1,49269,1,14.75816250423392,10-15,10-20,0-30
1,49273,1,22.280727985122002,20-25,20-30,30-60
1,49299,1,27.13757196072817,25-30,20-30,60-90.1
1,49303,1,19.880506800296814,15-20,10-20,60-90.1
1,49330,1,22.47711361385535,20-25,20-30,60-90.1
1,49360,1,32.73269129920981,30-40,30-45,60-90.1
1,49363,1,21.268278231089415,20-25,20-30,60-90.1
1,49382,1,34.05803698724743,30-40,30-45,30-60
1,49389,1,27.391998992482307,25-30,20-30,60-90.1
1,49397,1,31.77675794540461,30-40,30-45,0-30
1,49492,1,28.98377442348111,25-30,20-30,30-60
1,49509,1,27.04501060260376,25-30,20-30,30-60
1,49532,1,24.48726956595635,20-25,20-30,30-60
1,49539,1,17.64349460725619,15-20,10-20,60-90.1
1,49543,1,21.088147268339004,20-25,20-30,60-90.1
1,49553,0,51.28481409263012,50-60,45-70,60-90.1
1,49577,0,54.10161385362333,50-60,45-70,60-90.1
1,49597,1,24.513978996458185,20-25,20-30,60-90.1
1,49602,1,28.871601756380453,25-30,20-30,30-60
1,49606,0,56.13226130746594,50-60,45-70,60-90.1
1,49609,1,19.36557210468343,15-20,10-20,30-60
1,49637,1,16.478230410603057,15-20,10-20,60-90.1
1,49675,0,62.3237459573513,60-90,45-70,60-90.1
1,49678,1,38.25220759595248,30-40,30-45,0-30
1,49680,0,64.1675761269738,60-90,45-70,60-90.1
1,49701,1,20.893966200049636,20-25,20-30,60-90.1
1,49746,0,63.51876434009242,60-90,45-70,30-60
1,49768,1,19.666195673444363,15-20,10-20,60-90.1
1,49839,1,35.06694784402309,30-40,30-45,30-60
1,49858,1,27.383636063531803,25-30,20-30,60-90.1
1,49866,0,43.90490382919546,40-50,30-45,30-60
1,49905,0,40.67025342109749,40-50,30-45,60-90.1
1,49926,0,37.993007250444926,30-40,30-45,60-90.1
1,49949,1,22.07753415350445,20-25,20-30,0-30
1,49963,1,37.94136112691652,30-40,30-45,60-90.1
1,49978,1,34.060988145611915,30-40,30-45,30-60
1,49997,1,35.11679165701488,30-40,30-45,30-60
1,50039,1,30.574989938022885,30-40,30-45,60-90.1
1,50051,1,36.29032285920371,30-40,30-45,60-90.1
1,50069,1,15.639011648197512,15-20,10-20,0-30
1,50092,1,20.89352566743831,20-25,20-30,30-60
1,50094,1,22.3058266151946,20-25,20-30,60-90.1
1,50133,1,17.8527399670722,15-20,10-20,60-90.1
1,50142,1,25.086428464451235,25-30,20-30,60-90.1
1,50145,1,16.083595344550677,15-20,10-20,30-60
1,50153,1,28.307578400579654,25-30,20-30,30-60
1,50165,1,20.654678846349913,20-25,20-30,60-90.1
1,50171,1,17.60532633101868,15-20,10-20,60-90.1
1,50200,1,24.7130852011083,20-25,20-30,60-90.1
1,50228,1,34.89160382560708,30-40,30-45,60-90.1
1,50233,1,21.422370894807493,20-25,20-30,60-90.1
1,50237,1,29.867216735912503,25-30,20-30,30-60
1,50253,1,36.651781329449165,30-40,30-45,60-90.1
1,50268,1,14.582491753186154,10-15,10-20,60-90.1
1,50280,1,25.208903116010436,25-30,20-30,60-90.1
1,50283,1,40.02384931390324,40-50,30-45,0-30
1,50285,1,40.60344482489592,40-50,30-45,0-30
1,50296,1,42.03182738810009,40-50,30-45,30-60
1,50327,1,17.187444741863352,15-20,10-20,60-90.1
1,50415,1,31.078911207239766,30-40,30-45,60-90.1
1,50417,1,32.68914801634309,30-40,30-45,60-90.1
1,50438,1,26.42387886807191,25-30,20-30,60-90.1
1,50447,1,21.676133806284955,20-25,20-30,60-90.1
1,50454,1,39.96685959146144,30-40,30-45,0-30
1,50466,1,23.573377428203422,20-25,20-30,60-90.1
1,50479,1,18.70933315079785,15-20,10-20,60-90.1
1,50506,1,15.82943104507497,15-20,10-20,60-90.1
1,50554,1,16.55410458213907,15-20,10-20,60-90.1
1,50569,0,64.3160177955753,60-90,45-70,30-60
1,50578,1,23.875619418300865,20-25,20-30,30-60
1,50608,1,38.218328718987124,30-40,30-45,30-60
1,50615,1,27.3926093874328,25-30,20-30,30-60
1,50628,0,48.43682393601614,40-50,45-70,30-60
1,50639,0,45.850680153140544,40-50,45-70,60-90.1
1,50642,0,51.46573009490128,50-60,45-70,30-60
1,50658,0,53.84687387195693,50-60,45-70,30-60
1,50674,0,55.507698236797495,50-60,45-70,30-60
1,50688,1,30.539433965091884,30-40,30-45,60-90.1
1,50701,0,57.89940637474592,50-60,45-70,30-60
1,50724,0,43.01103035932677,40-50,30-45,0-30
1,50750,1,23.247049222279177,20-25,20-30,60-90.1
1,50777,1,15.008785761734769,15-20,10-20,0-30
1,50781,1,18.374667182513075,15-20,10-20,30-60
1,50798,0,37.67804401335396,30-40,30-45,60-90.1
1,50825,1,24.412784873515626,20-25,20-30,60-90.1
1,50826,1,31.680654209974026,30-40,30-45,30-60
1,50830,1,37.52337193626436,30-40,30-45,60-90.1
1,50855,1,33.64215179132456,30-40,30-45,60-90.1
1,50882,1,32.20962880345382,30-40,30-45,30-60
1,50980,1,18.658817994499586,15-20,10-20,60-90.1
1,50994,1,29.720092486641164,25-30,20-30,30-60
1,51011,1,29.004504615146722,25-30,20-30,60-90.1
1,51013,1,31.312932320669283,30-40,30-45,30-60
1,51019,1,22.442660362690457,20-25,20-30,60-90.1
1,51023,1,17.00668849179568,15-20,10-20,60-90.1
1,51040,1,31.05669255394563,30-40,30-45,0-30
1,51059,1,30.808415578457446,30-40,30-45,30-60
1,51083,1,38.10234419984545,30-40,30-45,60-90.1
1,51085,1,11.415784844174967,10-15,10-20,0-30
1,51113,1,14.254480165144434,10-15,10-20,60-90.1
1,51116,1,24.260914905992305,20-25,20-30,60-90.1
1,51120,1,42.9011425082304,40-50,30-45,60-90.1
1,51122,1,10.887232737186048,10-15,10-20,0-30
1,51139,1,44.1406186254397,40-50,30-45,60-90.1
1,51156,1,46.06227178385424,40-50,45-70,60-90.1
1,51174,1,47.95153226344193,40-50,45-70,30-60
1,51177,1,48.87948661203694,40-50,45-70,30-60
1,51181,1,13.910630507182635,10-15,10-20,30-60
1,51219,1,13.421382883482337,10-15,10-20,60-90.1
1,51238,1,34.04142711336796,30-40,30-45,60-90.1
1,51244,0,53.82216011729872,50-60,45-70,60-90.1
1,51302,1,20.58009093700016,20-25,20-30,60-90.1
1,51309,0,60.12567518063808,60-90,45-70,60-90.1
1,51324,1,12.892738028024809,10-15,10-20,60-90.1
1,51337,0,64.65248632429352,60-90,45-70,0-30
1,51342,1,38.36578479013657,30-40,30-45,0-30
1,51349,0,64.37152818497927,60-90,45-70,30-60
1,51407,1,15.36189313939181,15-20,10-20,60-90.1
1,51423,1,21.213780928130717,20-25,20-30,60-90.1
1,51441,0,50.599294467590106,50-60,45-70,30-60
1,51458,0,63.044755094015954,60-90,45-70,60-90.1
1,51459,1,23.193842483431567,20-25,20-30,60-90.1
1,51519,0,59.75482662204123,50-60,45-70,30-60
1,51522,0,62.119428197045316,60-90,45-70,0-30
1,51526,1,27.520067872676353,25-30,20-30,0-30
1,51535,1,14.447114732528943,10-15,10-20,60-90.1
1,51546,1,17.944910988460283,15-20,10-20,60-90.1
1,51560,1,13.318430850877162,10-15,10-20,0-30
1,51566,1,24.97022932613694,20-25,20-30,60-90.1
1,51569,0,40.16314387142412,40-50,30-45,60-90.1
1,51580,0,38.49592490646056,30-40,30-45,60-90.1
1,51622,1,25.48401636779314,25-30,20-30,0-30
1,51631,1,38.55143997450495,30-40,30-45,60-90.1
1,51647,1,38.19147938457412,30-40,30-45,60-90.1
1,51648,1,23.17510245529882,20-25,20-30,30-60
1,51673,1,35.71039001424058,30-40,30-45,0-30
1,51683,1,16.96069470385922,15-20,10-20,30-60
1,51691,1,17.479936999604018,15-20,10-20,30-60
1,51703,1,19.089095787668903,15-20,10-20,30-60
1,51708,1,18.992693879573707,15-20,10-20,30-60
1,51725,1,22.60490222736077,20-25,20-30,60-90.1
1,51730,1,16.04375242950134,15-20,10-20,30-60
1,51743,1,27.03689783951905,25-30,20-30,60-90.1
1,51750,1,25.687214847464226,25-30,20-30,60-90.1
1,51798,1,20.646589449543434,20-25,20-30,60-90.1
1,51809,1,32.428286753587,30-40,30-45,60-90.1
1,51848,1,20.351011803565292,20-25,20-30,60-90.1
1,51906,1,13.826146748798667,10-15,10-20,60-90.1
1,51907,1,23.20795499560366,20-25,20-30,60-90.1
1,51953,0,50.17713880364231,50-60,45-70,60-90.1
1,51968,0,51.83240884178678,50-60,45-70,60-90.1
1,51974,1,17.641771493786425,15-20,10-20,30-60
1,51990,1,35.657895472204935,30-40,30-45,60-90.1
1,52018,0,55.647592032516215,50-60,45-70,60-90.1
1,52032,0,57.4587008581557,50-60,45-70,30-60
1,52037,1,25.028163804421336,25-30,20-30,30-60
1,52039,1,38.365743500629776,30-40,30-45,0-30
1,52063,1,22.950529533944497,20-25,20-30,60-90.1
1,52096,1,13.116373143185731,10-15,10-20,60-90.1
1,52117,1,19.851715457339775,15-20,10-20,60-90.1
1,52144,0,63.07978182484209,60-90,45-70,60-90.1
1,52174,1,37.48082876607067,30-40,30-45,30-60
1,52193,1,27.77712647767862,25-30,20-30,30-60
1,52216,0,45.34455061016779,40-50,45-70,0-30
1,52262,1,32.538352445480136,30-40,30-45,60-90.1
1,52290,0,40.1640151179207,40-50,30-45,30-60
1,52304,1,19.42060101422947,15-20,10-20,60-90.1
1,52328,0,39.276287934621,30-40,30-45,60-90.1
1,52343,1,19.703032948906777,15-20,10-20,30-60
1,52347,0,39.393696608227394,30-40,30-45,60-90.1
1,52351,1,22.582135738535424,20-25,20-30,30-60
1,52366,1,39.431407960353326,30-40,30-45,60-90.1
1,52467,1,24.06816701805173,20-25,20-30,60-90.1
1,52491,1,16.040449184664237,15-20,10-20,60-90.1
1,52540,1,15.590208222880563,15-20,10-20,60-90.1
1,52546,1,25.257803722457364,25-30,20-30,60-90.1
1,52557,1,27.17915530057774,25-30,20-30,60-90.1
1,52564,1,30.62536357460965,30-40,30-45,30-60
1,52567,1,33.64481812652947,30-40,30-45,60-90.1
1,52601,1,19.55544675344712,15-20,10-20,60-90.1
1,52655,1,21.80236023578647,20-25,20-30,60-90.1
1,52712,1,13.126477469306657,10-15,10-20,30-60
1,52724,1,26.71829714284319,25-30,20-30,30-60
1,52751,1,18.07775530415787,15-20,10-20,60-90.1
1,52767,1,16.11671453193524,15-20,10-20,60-90.1
1,52771,1,20.219842162196,20-25,20-30,60-90.1
1,52824,0,63.2514008719412,60-90,45-70,60-90.1
1,52840,1,12.575446087867743,10-15,10-20,30-60
1,52851,1,23.88494698591614,20-25,20-30,30-60
1,52858,1,17.315373948458436,15-20,10-20,60-90.1
1,52884,0,49.47083715060741,40-50,45-70,0-30
1,52887,0,52.353177049896644,50-60,45-70,30-60
1,52896,1,36.804979141954476,30-40,30-45,30-60
1,52902,0,47.42978450850111,40-50,45-70,0-30
1,52905,0,54.31545146719898,50-60,45-70,30-60
1,52907,0,55.9157806254967,50-60,45-70,30-60
1,52909,0,57.6108852679606,50-60,45-70,30-60
1,52935,0,43.20516228450611,40-50,30-45,30-60
1,52967,0,40.85156996915063,40-50,30-45,30-60
1,52980,1,33.06782999768603,30-40,30-45,60-90.1
1,53016,0,39.0780316482996,30-40,30-45,30-60
1,53045,1,16.13827107903029,15-20,10-20,0-30
1,53109,1,24.795172942212627,20-25,20-30,30-60
1,53142,1,15.656954298749064,15-20,10-20,0-30
1,53166,1,18.811189126425248,15-20,10-20,60-90.1
1,53194,1,27.944174191259926,25-30,20-30,60-90.1
1,53196,1,14.39229566020154,10-15,10-20,30-60
1,53238,1,26.845998182019333,25-30,20-30,60-90.1
1,53246,1,23.156206413395644,20-25,20-30,60-90.1
1,53276,1,34.7000854930916,30-40,30-45,60-90.1
1,53277,1,15.127563247866714,15-20,10-20,60-90.1
1,53282,1,36.45374797326966,30-40,30-45,60-90.1
1,53286,1,37.933011680873236,30-40,30-45,30-60
1,53295,1,39.381130455936734,30-40,30-45,0-30
1,53297,1,40.086139184734556,40-50,30-45,0-30
1,53302,1,41.380064201767475,40-50,30-45,30-60
1,53308,1,17.82828365380264,15-20,10-20,60-90.1
1,53312,1,43.222336458157066,40-50,30-45,30-60
1,53342,1,19.860676630132694,15-20,10-20,30-60
1,53354,1,30.82186165013474,30-40,30-45,30-60
1,53378,1,28.469289855569926,25-30,20-30,30-60
1,53406,1,11.313505988350215,10-15,10-20,30-60
1,53423,1,37.9763001957574,30-40,30-45,0-30
1,53452,0,63.14610996373251,60-90,45-70,30-60
1,53458,1,37.77961740817963,30-40,30-45,30-60
1,53475,1,16.07844053989748,15-20,10-20,60-90.1
1,53481,1,12.862725773503543,10-15,10-20,30-60
1,53519,0,62.314947532525466,60-90,45-70,30-60
1,53545,1,19.43976241916389,15-20,10-20,60-90.1
1,53553,0,50.54768270387834,50-60,45-70,0-30
1,53560,0,61.82701711043659,60-90,45-70,60-90.1
1,53586,1,22.011926800088894,20-25,20-30,60-90.1
1,53594,0,59.24366453490905,50-60,45-70,60-90.1
1,53613,1,24.664974614593326,20-25,20-30,30-60
1,53630,1,29.04877790316687,25-30,20-30,30-60
1,53655,1,15.466686202357714,15-20,10-20,60-90.1
1,53657,1,26.820489445854534,25-30,20-30,30-60
1,53662,1,33.33064515173062,30-40,30-45,60-90.1
1,53676,1,38.425305227136434,30-40,30-45,30-60
1,53677,1,39.043927880646585,30-40,30-45,30-60
1,53695,1,21.114369656844385,20-25,20-30,30-60
1,53700,1,14.016752074180577,10-15,10-20,0-30
1,53708,1,24.695537383673248,20-25,20-30,60-90.1
1,53713,0,38.621327839682586,30-40,30-45,60-90.1
1,53745,1,19.749098608079212,15-20,10-20,60-90.1
1,53760,1,26.251186554771586,25-30,20-30,0-30
1,53776,1,26.05673716751584,25-30,20-30,60-90.1
1,53778,1,38.99630063789873,30-40,30-45,60-90.1
1,53842,1,20.725546641132812,20-25,20-30,60-90.1
1,53861,1,23.502749241899235,20-25,20-30,60-90.1
1,53887,1,29.299889808900254,25-30,20-30,30-60
1,53893,1,18.21041424689037,15-20,10-20,60-90.1
1,53894,1,20.339217233679044,20-25,20-30,30-60
1,53963,1,22.54674387203984,20-25,20-30,60-90.1
1,53998,1,24.062741993570153,20-25,20-30,60-90.1
1,54019,1,29.489967159798884,25-30,20-30,60-90.1
1,54048,1,25.58128790652186,25-30,20-30,60-90.1
1,54054,1,30.17112030687428,30-40,30-45,60-90.1
1,54092,1,30.411698987358207,30-40,30-45,30-60
1,54103,1,44.709115518671396,40-50,30-45,60-90.1
1,54104,1,17.477135588572498,15-20,10-20,60-90.1
1,54109,1,46.404289083666974,40-50,45-70,30-60
1,54116,1,47.394890680024034,40-50,45-70,30-60
1,54122,0,48.6553619619949,40-50,45-70,60-90.1
1,54130,0,50.5102162396743,50-60,45-70,60-90.1
1,54138,0,52.20950294503778,50-60,45-70,60-90.1
1,54158,1,36.38926969090546,30-40,30-45,60-90.1
1,54160,0,54.28308596852745,50-60,45-70,60-90.1
1,54188,0,56.48917114457006,50-60,45-70,60-90.1
1,54206,1,24.076452007171113,20-25,20-30,30-60
1,54210,0,58.53476380833896,50-60,45-70,60-90.1
1,54215,1,15.254589469312926,15-20,10-20,0-30
1,54232,0,60.38242573021838,60-90,45-70,60-90.1
1,54259,0,63.6004867969408,60-90,45-70,30-60
1,54322,1,14.241875118036106,10-15,10-20,30-60
1,54335,1,24.283067491966534,20-25,20-30,30-60
1,54368,1,36.329501937932086,30-40,30-45,30-60
1,54373,0,45.72273313013997,40-50,45-70,0-30
1,54375,0,47.38075399397716,40-50,45-70,0-30
1,54394,0,41.622579789442355,40-50,30-45,0-30
1,54417,1,39.433774629452465,30-40,30-45,30-60
1,54429,1,37.39213643093134,30-40,30-45,60-90.1
1,54430,1,38.05940254409459,30-40,30-45,30-60
1,54457,1,33.544218923456626,30-40,30-45,60-90.1
1,54487,1,16.918226634985437,15-20,10-20,60-90.1
1,54537,1,40.09509148471038,40-50,30-45,60-90.1
1,54539,1,17.10921681326141,15-20,10-20,30-60
1,54555,1,23.39806781781415,20-25,20-30,30-60
1,54569,1,40.7635043606761,40-50,30-45,60-90.1
1,54582,1,39.981772270870515,30-40,30-45,60-90.1
1,54602,1,39.72150913203394,30-40,30-45,60-90.1
1,54632,1,16.147153674586278,15-20,10-20,30-60
1,54635,1,16.408465362076775,15-20,10-20,30-60
1,54650,1,17.053902009492965,15-20,10-20,30-60
1,54665,1,19.575867857744722,15-20,10-20,60-90.1
1,54673,1,23.91395548854846,20-25,20-30,60-90.1
1,54694,1,22.470693420486533,20-25,20-30,60-90.1
1,54706,1,22.184374828085037,20-25,20-30,60-90.1
1,54710,1,26.79084516297519,25-30,20-30,30-60
1,54713,1,13.70581259240308,10-15,10-20,0-30
1,54734,1,30.077639130846986,30-40,30-45,60-90.1
1,54763,1,21.826635651469612,20-25,20-30,60-90.1
1,54768,1,27.31069788452737,25-30,20-30,60-90.1
1,54774,1,31.92696705744378,30-40,30-45,30-60
1,54813,1,26.985929823928732,25-30,20-30,60-90.1
1,54826,1,13.797480555426688,10-15,10-20,30-60
1,54879,1,23.54186175593644,20-25,20-30,60-90.1
1,54926,1,29.735125322071138,25-30,20-30,30-60
1,54950,1,16.481135614208206,15-20,10-20,60-90.1
1,54963,1,15.111209569620552,15-20,10-20,60-90.1
1,54976,1,31.639644063381606,30-40,30-45,60-90.1
1,54993,1,12.632795104513725,10-15,10-20,0-30
1,55006,1,27.538685011886585,25-30,20-30,30-60
1,55011,1,25.5124640710503,25-30,20-30,30-60
1,55029,1,21.897929429696415,20-25,20-30,60-90.1
1,55038,1,17.570706565591408,15-20,10-20,60-90.1
1,55062,0,62.29395896126168,60-90,45-70,60-90.1
1,55075,1,37.972470397374636,30-40,30-45,0-30
1,55104,1,20.295900352506994,20-25,20-30,30-60
1,55145,0,48.80172015690298,40-50,45-70,30-60
1,55147,0,50.603998561701786,50-60,45-70,30-60
1,55160,0,43.90165886320512,40-50,30-45,30-60
1,55169,0,52.377238817054085,50-60,45-70,30-60
1,55172,0,55.238233721157755,50-60,45-70,30-60
1,55191,0,53.74402519969079,50-60,45-70,30-60
1,55207,1,27.02474211432632,25-30,20-30,30-60
1,55252,1,34.89149948438505,30-40,30-45,30-60
1,55253,1,35.834654627005364,30-40,30-45,60-90.1
1,55287,1,36.61890338446407,30-40,30-45,60-90.1
1,55300,1,19.08485778706629,15-20,10-20,60-90.1
1,55314,1,15.346301355208306,15-20,10-20,0-30
1,55394,1,27.35814230979366,25-30,20-30,60-90.1
1,55489,1,25.323570875045288,25-30,20-30,60-90.1
1,55576,1,28.810317191939028,25-30,20-30,0-30
1,55593,1,24.268893268908588,20-25,20-30,60-90.1
1,55613,1,32.840480474414896,30-40,30-45,60-90.1
1,55631,1,34.64783599984587,30-40,30-45,60-90.1
1,55670,1,12.96122219619068,10-15,10-20,60-90.1
1,55757,1,26.639434029584738,25-30,20-30,60-90.1
1,55818,1,37.023742475549206,30-40,30-45,30-60
1,55868,1,23.49540834391193,20-25,20-30,30-60
1,55878,1,18.842967087592623,15-20,10-20,60-90.1
1,55886,0,61.887579434167314,60-90,45-70,60-90.1
1,55919,1,37.525655806899685,30-40,30-45,30-60
1,55920,0,63.39400286444237,60-90,45-70,0-30
1,55937,1,13.426720430950489,10-15,10-20,0-30
1,55973,0,59.2372620346056,50-60,45-70,30-60
1,55976,1,15.825661682842707,15-20,10-20,60-90.1
1,55982,1,36.140971442008215,30-40,30-45,0-30
1,55989,0,46.00140201474978,40-50,45-70,30-60
1,55990,0,47.061196158173814,40-50,45-70,30-60
1,55995,0,56.74301460761047,50-60,45-70,30-60
1,56002,1,20.348647730750745,20-25,20-30,60-90.1
1,56008,1,40.53790949123555,40-50,30-45,0-30
1,56015,0,48.58342040721111,40-50,45-70,30-60
1,56017,0,50.590257563634076,50-60,45-70,30-60
1,56019,0,52.379649969105024,50-60,45-70,30-60
1,56037,1,23.639168856780213,20-25,20-30,30-60
1,56058,1,25.353542026515903,25-30,20-30,30-60
1,56069,1,28.81110244083738,25-30,20-30,60-90.1
1,56123,1,24.95597186594053,20-25,20-30,30-60
1,56132,1,21.533981976935692,20-25,20-30,60-90.1
1,56145,1,37.830948992084586,30-40,30-45,60-90.1
1,56171,1,20.673764809036907,20-25,20-30,30-60
1,56175,1,24.25812424316627,20-25,20-30,30-60
1,56180,1,27.349371120032856,25-30,20-30,0-30
1,56191,1,40.64599832040232,40-50,30-45,60-90.1
1,56233,1,16.391417853400448,15-20,10-20,30-60
1,56240,1,17.8732768189231,15-20,10-20,60-90.1
1,56280,1,18.88501845647319,15-20,10-20,60-90.1
1,56305,1,26.945912915339033,25-30,20-30,60-90.1
1,56306,1,21.006022558943354,20-25,20-30,60-90.1
1,56308,1,22.786032251115245,20-25,20-30,60-90.1
1,56340,1,17.137390941775276,15-20,10-20,60-90.1
1,56351,1,13.657898137292454,10-15,10-20,0-30
1,56363,1,28.425118287190255,25-30,20-30,30-60
1,56388,1,18.022974736510545,15-20,10-20,60-90.1
1,56404,1,18.52933172579962,15-20,10-20,60-90.1
1,56415,1,35.89818382443045,30-40,30-45,60-90.1
1,56423,1,37.25713070202729,30-40,30-45,30-60
1,56425,1,18.577286989068593,15-20,10-20,60-90.1
1,56431,1,38.82353486094821,30-40,30-45,0-30
1,56468,1,12.628519743384759,10-15,10-20,30-60
1,56470,1,22.049813083430305,20-25,20-30,60-90.1
1,56475,1,43.62334914130759,40-50,30-45,60-90.1
1,56484,1,33.19766085005565,30-40,30-45,0-30
1,56496,1,45.59684312297986,40-50,45-70,30-60
1,56510,1,46.81823406107572,40-50,45-70,0-30
1,56525,0,48.41274593198756,40-50,45-70,60-90.1
1,56531,1,25.09036614644378,25-30,20-30,60-90.1
1,56549,0,50.21237970268525,50-60,45-70,60-90.1
1,56550,1,11.01127931030277,10-15,10-20,30-60
1,56562,1,22.39358398368392,20-25,20-30,60-90.1
1,56567,0,52.07405716307337,50-60,45-70,60-90.1
1,56631,0,58.0918194051631,50-60,45-70,60-90.1
1,56635,1,25.20748227416826,25-30,20-30,30-60
1,56637,1,37.8629840879456,30-40,30-45,0-30
1,56647,0,60.17145854076216,60-90,45-70,60-90.1
1,56653,1,21.01935187913623,20-25,20-30,60-90.1
1,56685,0,61.73764952758977,60-90,45-70,60-90.1
1,56691,1,16.901206280571937,15-20,10-20,60-90.1
1,56711,1,36.9735935682478,30-40,30-45,0-30
1,56724,1,20.89308907620282,20-25,20-30,30-60
1,56764,1,24.771590220920015,20-25,20-30,30-60
1,56767,1,37.40743070235564,30-40,30-45,0-30
1,56773,0,44.52574312777795,40-50,30-45,30-60
1,56775,0,46.244971813551075,40-50,45-70,30-60
1,56783,0,53.71876527403856,50-60,45-70,30-60
1,56799,0,47.56764659099577,40-50,45-70,30-60
1,56801,0,49.15862289395556,40-50,45-70,30-60
1,56819,1,26.99680589269858,25-30,20-30,30-60
1,56845,1,29.625104103774884,25-30,20-30,60-90.1
1,56887,1,35.582132983210535,30-40,30-45,60-90.1
1,56915,1,17.7680842000073,15-20,10-20,0-30
1,56918,1,39.34172270210986,30-40,30-45,60-90.1
1,56946,1,40.7309495326455,40-50,30-45,60-90.1
1,56959,1,29.28048651738753,25-30,20-30,30-60
1,56977,1,29.895086571716917,25-30,20-30,30-60
1,57019,1,18.31707246458195,15-20,10-20,0-30
1,57031,1,20.47479421813235,20-25,20-30,60-90.1
1,57078,1,27.942463694531384,25-30,20-30,60-90.1
1,57090,1,29.536758330837525,25-30,20-30,60-90.1
1,57108,1,31.19638914625959,30-40,30-45,60-90.1
1,57124,1,32.922116378566294,30-40,30-45,60-90.1
1,57127,1,13.710971113838264,10-15,10-20,30-60
1,57180,1,39.669576414299094,30-40,30-45,0-30
1,57196,1,33.113717019213006,30-40,30-45,0-30
1,57199,1,41.41007070950142,40-50,30-45,60-90.1
1,57244,1,32.20740959831216,30-40,30-45,0-30
1,57251,1,11.588275156071909,10-15,10-20,30-60
1,57318,1,32.8499308731955,30-40,30-45,60-90.1
1,57323,0,53.80255983554699,50-60,45-70,60-90.1
1,57337,1,13.514984633851366,10-15,10-20,30-60
1,57338,1,28.639604091659454,25-30,20-30,30-60
1,57343,0,55.681096744792896,50-60,45-70,60-90.1
1,57384,1,13.350573407337862,10-15,10-20,30-60
1,57401,1,24.249924937991292,20-25,20-30,30-60
1,57469,1,36.68023485437193,30-40,30-45,30-60
1,57471,0,60.17466903068103,60-90,45-70,30-60
1,57498,1,36.73753731357203,30-40,30-45,0-30
1,57510,1,39.979402472731486,30-40,30-45,30-60
1,57513,0,42.71239214760655,40-50,30-45,30-60
1,57523,0,54.88976319306691,50-60,45-70,30-60
1,57534,1,38.69268388413206,30-40,30-45,0-30
1,57547,1,22.557249488981512,20-25,20-30,30-60
1,57599,1,33.82050423566209,30-40,30-45,30-60
1,57614,1,17.17503523552524,15-20,10-20,30-60
1,57620,1,22.448657489440272,20-25,20-30,60-90.1
1,57695,1,36.69092014820393,30-40,30-45,60-90.1
1,57700,1,32.327246903951256,30-40,30-45,60-90.1
1,57753,1,18.416499815078513,15-20,10-20,30-60
1,57783,1,17.043997894663608,15-20,10-20,30-60
1,57786,1,22.518868917046976,20-25,20-30,60-90.1
1,57824,1,25.256198016024534,25-30,20-30,60-90.1
1,57857,1,28.604527425629005,25-30,20-30,60-90.1
1,57881,1,31.327523662475336,30-40,30-45,30-60
1,57890,1,17.672982916329143,15-20,10-20,60-90.1
1,57942,1,19.95436493667458,15-20,10-20,60-90.1
1,57963,1,17.817132350528503,15-20,10-20,60-90.1
1,57967,1,30.234162415930864,30-40,30-45,0-30
1,57986,1,27.722462343420833,25-30,20-30,30-60
1,58004,1,25.82399550906175,25-30,20-30,30-60
1,58022,1,19.365321949938277,15-20,10-20,60-90.1
1,58099,0,60.89355703116823,60-90,45-70,60-90.1
1,58125,0,61.0971761912579,60-90,45-70,60-90.1
1,58140,0,60.91402789633197,60-90,45-70,30-60
1,58180,1,14.687350045467522,10-15,10-20,0-30
1,58184,1,36.55146139587246,30-40,30-45,0-30
1,58201,1,22.492590698952487,20-25,20-30,60-90.1
1,58211,1,19.98405021524241,15-20,10-20,30-60
1,58223,0,44.65204589019782,40-50,30-45,30-60
1,58227,0,52.200889463556,50-60,45-70,30-60
1,58243,0,45.700638442696416,40-50,45-70,60-90.1
1,58248,0,50.41016169084849,50-60,45-70,30-60
1,58251,0,53.20842016343688,50-60,45-70,0-30
1,58266,1,25.187757176004602,25-30,20-30,30-60
1,58273,1,23.63473596697959,20-25,20-30,30-60
1,58289,1,30.80066780643603,30-40,30-45,60-90.1
1,58291,1,24.82888632708493,20-25,20-30,30-60
1,58294,1,32.30952690689631,30-40,30-45,60-90.1
1,58308,1,19.546133691301407,15-20,10-20,60-90.1
1,58325,1,36.35603818904413,30-40,30-45,60-90.1
1,58340,1,38.78418718296302,30-40,30-45,60-90.1
1,58351,1,21.10713553730843,20-25,20-30,30-60
1,58354,1,24.185005622872346,20-25,20-30,60-90.1
1,58358,1,27.467625144109157,25-30,20-30,30-60
1,58359,1,40.58367830089304,40-50,30-45,60-90.1
1,58401,1,40.48424167647173,40-50,30-45,0-30
1,58406,1,15.679940241651945,15-20,10-20,0-30
1,58437,1,22.67907588006352,20-25,20-30,60-90.1
1,58465,1,24.603153109906795,20-25,20-30,30-60
1,58483,1,21.255324552809455,20-25,20-30,60-90.1
1,58507,1,24.772123205137817,20-25,20-30,60-90.1
1,58515,1,34.12420465685164,30-40,30-45,60-90.1
1,58519,1,13.123219688565724,10-15,10-20,30-60
1,58645,1,16.168143474706422,15-20,10-20,60-90.1
1,58675,1,23.374351064074833,20-25,20-30,30-60
1,58699,1,33.59330889423347,30-40,30-45,60-90.1
1,58703,1,37.45407582366943,30-40,30-45,30-60
1,58714,1,30.248373744251786,30-40,30-45,30-60
1,58734,1,12.769736153779153,10-15,10-20,0-30
1,58743,1,27.120099298146776,25-30,20-30,30-60
1,58752,0,59.081861714206106,50-60,45-70,60-90.1
1,58763,1,26.047479973174088,25-30,20-30,30-60
1,58764,1,37.366305137815985,30-40,30-45,0-30
1,58769,1,14.953246563813057,10-15,10-20,60-90.1
1,58791,1,18.25977509826075,15-20,10-20,60-90.1
1,58825,1,17.235783008353636,15-20,10-20,60-90.1
1,58847,1,36.959703318071426,30-40,30-45,0-30
1,58881,1,39.870935550637185,30-40,30-45,30-60
1,58887,0,57.093999406007356,50-60,45-70,30-60
1,58899,0,46.75595129796387,40-50,45-70,30-60
1,58914,1,23.69216242840479,20-25,20-30,60-90.1
1,58916,0,43.802838162811355,40-50,30-45,60-90.1
1,58921,0,48.173009100052774,40-50,45-70,30-60
1,59007,1,18.800844491085005,15-20,10-20,0-30
1,59030,1,34.28910584200228,30-40,30-45,0-30
1,59049,1,38.302444058206895,30-40,30-45,0-30
1,59055,1,30.615926749652605,30-40,30-45,30-60
1,59071,1,17.61892511216413,15-20,10-20,60-90.1
1,59072,1,17.623255276554875,15-20,10-20,30-60
1,59090,1,15.702573747400725,15-20,10-20,0-30
1,59113,1,24.22630247144881,20-25,20-30,30-60
1,59122,1,20.92037768049687,20-25,20-30,60-90.1
1,59125,1,26.243586910774383,25-30,20-30,60-90.1
1,59143,1,26.23491942914868,25-30,20-30,30-60
1,59168,1,27.395962990819314,25-30,20-30,0-30
1,59185,1,35.35163689413096,30-40,30-45,60-90.1
1,59198,1,37.242207675496815,30-40,30-45,30-60
1,59200,1,12.627326338013784,10-15,10-20,0-30
1,59208,1,39.230552183981715,30-40,30-45,0-30
1,59230,1,16.356929592576424,15-20,10-20,60-90.1
1,59234,1,42.30177660370543,40-50,30-45,60-90.1
1,59248,1,33.123864810913794,30-40,30-45,0-30
1,59249,1,44.08253193054906,40-50,30-45,60-90.1
1,59251,1,15.349365910035779,15-20,10-20,60-90.1
1,59264,1,31.977499930145175,30-40,30-45,0-30
1,59267,1,45.99793115413823,40-50,45-70,0-30
1,59270,1,47.31858922573184,40-50,45-70,30-60
1,59296,1,49.2070508878367,40-50,45-70,60-90.1
1,59308,1,51.07812320308546,50-60,45-70,60-90.1
1,59322,0,53.339187836711936,50-60,45-70,60-90.1
1,59350,0,55.14731132000181,50-60,45-70,60-90.1
1,59352,1,15.484189650123229,15-20,10-20,60-90.1
1,59355,1,18.260234588424744,15-20,10-20,60-90.1
1,59359,1,22.07392657867824,20-25,20-30,60-90.1
1,59382,0,56.95990701788105,50-60,45-70,60-90.1
1,59404,1,21.438079307290035,20-25,20-30,60-90.1
1,59457,1,21.00341057054887,20-25,20-30,60-90.1
1,59460,1,23.736994076217727,20-25,20-30,60-90.1
1,59483,0,61.181972768512495,60-90,45-70,60-90.1
1,59536,1,37.24378033340125,30-40,30-45,0-30
1,59548,1,38.22252684267926,30-40,30-45,30-60
1,59552,0,41.442648493648555,40-50,30-45,60-90.1
1,59566,0,42.30916582794739,40-50,30-45,60-90.1
1,59582,0,45.01549979730638,40-50,45-70,30-60
1,59613,1,25.80060336453054,25-30,20-30,30-60
1,59619,1,27.956535513734856,25-30,20-30,30-60
1,59625,1,25.230519773309222,25-30,20-30,0-30
1,59656,1,23.616057393602993,20-25,20-30,60-90.1
1,59660,1,34.88543705171856,30-40,30-45,60-90.1
1,59704,1,27.69474472884536,25-30,20-30,30-60
1,59712,1,23.459827688076878,20-25,20-30,30-60
1,59751,1,18.811220185584077,15-20,10-20,0-30
1,59770,1,17.136446847475728,15-20,10-20,60-90.1
1,59783,1,17.57214592707208,15-20,10-20,60-90.1
1,59808,1,27.419310280834637,25-30,20-30,30-60
1,59816,1,21.09009297566571,20-25,20-30,60-90.1
1,59822,1,28.995303353644584,25-30,20-30,60-90.1
1,59841,1,31.07901398194202,30-40,30-45,30-60
1,59842,1,25.265738920709225,25-30,20-30,60-90.1
1,59847,1,33.13450405579749,30-40,30-45,60-90.1
1,59858,1,30.353040917771384,30-40,30-45,60-90.1
1,59883,1,40.39197584533115,40-50,30-45,30-60
1,59889,1,32.0477849235642,30-40,30-45,30-60
1,59893,1,11.933689241525881,10-15,10-20,0-30
1,59941,1,11.094016979036084,10-15,10-20,0-30
1,59960,1,30.212582330104688,30-40,30-45,30-60
1,59965,1,13.549716552821103,10-15,10-20,60-90.1
1,59967,1,27.143478541999162,25-30,20-30,30-60
1,59990,1,25.011877049696686,25-30,20-30,30-60
1,60005,1,24.09419097948573,20-25,20-30,0-30
1,60035,1,38.2218318890226,30-40,30-45,0-30
1,60043,1,23.991404672544977,20-25,20-30,0-30
1,60058,1,28.183989062833597,25-30,20-30,30-60
1,60064,1,13.627512054458732,10-15,10-20,30-60
1,60069,1,23.469445329372057,20-25,20-30,0-30
1,60081,1,17.242542186694,15-20,10-20,60-90.1
1,60101,0,59.7436214554951,50-60,45-70,60-90.1
1,60113,1,37.20543372865124,30-40,30-45,30-60
1,60133,0,60.26562471463306,60-90,45-70,60-90.1
1,60158,1,37.41857695982693,30-40,30-45,0-30
1,60162,1,37.31790244862437,30-40,30-45,0-30
1,60164,0,57.38588363193934,50-60,45-70,60-90.1
1,60189,1,18.838186190405573,15-20,10-20,60-90.1
1,60221,0,49.691689776618965,40-50,45-70,0-30
1,60226,1,21.297801411291665,20-25,20-30,0-30
1,60258,1,22.23578694512845,20-25,20-30,0-30
1,60302,1,25.901321601310492,25-30,20-30,30-60
1,60303,1,32.543572770058944,30-40,30-45,60-90.1
1,60306,1,20.741788310657913,20-25,20-30,60-90.1
1,60326,1,36.56449849396284,30-40,30-45,60-90.1
1,60341,1,21.030738771636823,20-25,20-30,0-30
1,60342,1,38.92181202480759,30-40,30-45,30-60
1,60373,1,31.78986934181074,30-40,30-45,30-60
1,60396,1,19.46496526984709,15-20,10-20,60-90.1
1,60474,1,24.88209928171062,20-25,20-30,60-90.1
1,60502,1,28.020081836615198,25-30,20-30,60-90.1
1,60503,1,34.583633105961916,30-40,30-45,60-90.1
1,60617,1,12.136698087727627,10-15,10-20,30-60
1,60729,1,37.13210254746017,30-40,30-45,0-30
1,60754,0,53.86873098724123,50-60,45-70,30-60
1,60758,0,50.350949217751065,50-60,45-70,0-30
1,60764,1,41.25615719576258,40-50,30-45,30-60
1,60784,1,46.33623348994698,40-50,45-70,0-30
1,60801,1,23.68585118947984,20-25,20-30,60-90.1
1,60826,1,29.37128825454858,25-30,20-30,30-60
1,60860,1,22.76321026278943,20-25,20-30,60-90.1
1,60888,1,34.988124574184596,30-40,30-45,30-60
1,60916,1,15.502915647372081,15-20,10-20,30-60
1,60933,1,18.837912991799424,15-20,10-20,30-60
1,60946,1,14.716192400938738,10-15,10-20,0-30
1,60965,1,21.541042241699735,20-25,20-30,60-90.1
1,60982,1,18.139111892110257,15-20,10-20,60-90.1
1,61047,1,36.02226788232744,30-40,30-45,60-90.1
1,61057,1,38.11577745265633,30-40,30-45,30-60
1,61064,1,39.89190609910707,30-40,30-45,0-30
1,61069,1,41.357178457988546,40-50,30-45,60-90.1
1,61138,1,30.368044902627666,30-40,30-45,30-60
1,61147,0,55.64610486134058,50-60,45-70,60-90.1
1,61157,0,57.2196665119112,50-60,45-70,60-90.1
1,61158,1,22.838791413612785,20-25,20-30,30-60
1,61166,1,25.935545747976885,25-30,20-30,30-60
1,61182,1,36.99651968338817,30-40,30-45,0-30
1,61192,1,36.86790293876414,30-40,30-45,0-30
1,61202,0,57.20987152354163,50-60,45-70,30-60
1,61220,1,37.725991871522886,30-40,30-45,30-60
1,61229,1,38.916899441294966,30-40,30-45,30-60
1,61236,1,40.19439953268566,40-50,30-45,30-60
1,61244,1,42.22224331236104,40-50,30-45,60-90.1
1,61287,1,25.296303617782332,25-30,20-30,0-30
1,61302,1,30.900972698495003,30-40,30-45,60-90.1
1,61321,1,26.401385658004767,25-30,20-30,30-60
1,61323,1,34.29082048563471,30-40,30-45,60-90.1
1,61350,1,24.947620003871442,20-25,20-30,30-60
1,61375,1,27.68742327956202,25-30,20-30,0-30
1,61408,1,21.5599769634357,20-25,20-30,60-90.1
1,61412,1,16.102133251595863,15-20,10-20,30-60
1,61444,1,24.31586823119895,20-25,20-30,60-90.1
1,61448,1,21.737004986353654,20-25,20-30,60-90.1
1,61470,1,22.1305002682492,20-25,20-30,60-90.1
1,61494,1,24.280284428998918,20-25,20-30,60-90.1
1,61509,1,26.492918807977695,25-30,20-30,60-90.1
1,61524,1,27.407169738394554,25-30,20-30,60-90.1
1,61538,1,29.969823628839528,25-30,20-30,60-90.1
1,61547,1,42.41176651988803,40-50,30-45,60-90.1
1,61548,1,31.603162758514962,30-40,30-45,30-60
1,61552,1,44.30882967892093,40-50,30-45,60-90.1
1,61555,1,30.708240025033575,30-40,30-45,30-60
1,61565,1,28.285836580676254,25-30,20-30,30-60
1,61568,1,46.18814138968486,40-50,45-70,0-30
1,61575,1,25.76726081840915,25-30,20-30,30-60
1,61584,1,49.612454371575474,40-50,45-70,60-90.1
1,61585,1,23.641179795917232,20-25,20-30,30-60
1,61593,1,33.79430720181384,30-40,30-45,60-90.1
1,61607,0,53.178954640898716,50-60,45-70,60-90.1
1,61615,1,22.804427602197258,20-25,20-30,30-60
1,61656,1,24.142230795163368,20-25,20-30,60-90.1
1,61720,1,47.31490084108953,40-50,45-70,30-60
1,61721,1,43.00850503940457,40-50,30-45,60-90.1
1,61767,1,26.603987034865742,25-30,20-30,0-30
1,61792,1,35.64825930061951,30-40,30-45,30-60
1,61830,1,17.202533417056774,15-20,10-20,30-60
1,61867,1,23.959105101415428,20-25,20-30,30-60
1,61887,1,26.107115354692848,25-30,20-30,60-90.1
1,61897,1,18.733583831933544,15-20,10-20,30-60
1,61903,1,27.895264100273764,25-30,20-30,30-60
1,61911,1,26.67997914505453,25-30,20-30,30-60
1,61943,1,29.86491083943998,25-30,20-30,30-60
1,61948,1,20.86802118065159,20-25,20-30,60-90.1
1,61975,1,22.01443711748304,20-25,20-30,60-90.1
1,62043,1,47.599416138193334,40-50,45-70,30-60
1,62065,0,51.24534529917217,50-60,45-70,60-90.1
1,62066,1,22.575569485158635,20-25,20-30,60-90.1
1,62110,1,27.556737673376432,25-30,20-30,60-90.1
1,62111,1,38.00471926959088,30-40,30-45,0-30
1,62166,0,58.9482339115291,50-60,45-70,0-30
1,62184,0,54.39471157971538,50-60,45-70,30-60
1,62233,1,44.01894310174419,40-50,30-45,30-60
1,62246,1,26.757106606050158,25-30,20-30,60-90.1
1,62272,1,31.251021335994224,30-40,30-45,60-90.1
1,62291,1,28.689410912603705,25-30,20-30,30-60
1,62308,1,31.80212248775096,30-40,30-45,0-30
1,62317,1,15.966318691996689,15-20,10-20,30-60
1,62358,1,17.53721801433516,15-20,10-20,60-90.1
1,62362,1,15.844291160686929,15-20,10-20,0-30
1,62416,1,26.140924772214138,25-30,20-30,30-60
1,62425,1,18.174964701422343,15-20,10-20,30-60
1,62435,1,31.420682677621695,30-40,30-45,30-60
1,62444,1,33.001716413570115,30-40,30-45,60-90.1
1,62453,1,22.6000502346226,20-25,20-30,60-90.1
1,62454,1,34.76674061185602,30-40,30-45,60-90.1
1,62466,1,36.51869447393559,30-40,30-45,60-90.1
1,62477,1,38.467102535463,30-40,30-45,30-60
1,62525,1,26.966404535821248,25-30,20-30,60-90.1
1,62554,1,34.596663348714586,30-40,30-45,60-90.1
1,62572,1,19.500408968101965,15-20,10-20,60-90.1
1,62597,1,20.184791938723897,20-25,20-30,30-60
1,62629,0,58.990770991736866,50-60,45-70,30-60
1,62652,1,37.96789590281819,30-40,30-45,30-60
1,62675,1,51.11483786614148,50-60,45-70,0-30
1,62684,1,47.911400901611465,40-50,45-70,60-90.1
1,62706,1,45.81808206982535,40-50,45-70,30-60
1,62724,1,28.67135288137292,25-30,20-30,60-90.1
1,62740,1,28.105726544786343,25-30,20-30,30-60
1,62787,1,18.51586583805918,15-20,10-20,60-90.1
1,62792,1,17.558140006458295,15-20,10-20,30-60
1,62845,1,18.202496549310162,15-20,10-20,30-60
1,62867,1,18.321700899426713,15-20,10-20,0-30
1,62920,1,18.533001347637363,15-20,10-20,60-90.1
1,62940,1,21.085343390364,20-25,20-30,60-90.1
1,62945,1,25.2732975259853,25-30,20-30,60-90.1
1,62956,1,28.52958937416385,25-30,20-30,60-90.1
1,62965,1,40.158797845320166,40-50,30-45,0-30
1,62980,1,30.562925247351117,30-40,30-45,30-60
1,62984,1,29.715930868247504,25-30,20-30,30-60
1,63000,1,23.512506540222056,20-25,20-30,60-90.1
1,63013,1,20.48123043927806,20-25,20-30,60-90.1
1,63027,1,18.773311560055188,15-20,10-20,60-90.1
1,63036,1,30.633621872293336,30-40,30-45,30-60
1,63081,1,24.508194192314306,20-25,20-30,60-90.1
1,63090,1,21.97485131034181,20-25,20-30,60-90.1
1,63094,1,38.0097139621178,30-40,30-45,0-30
1,63095,0,54.98691423659572,50-60,45-70,60-90.1
1,63108,0,56.98160278654613,50-60,45-70,60-90.1
1,63146,1,39.04133336169219,30-40,30-45,30-60
1,63154,1,39.781935996266675,30-40,30-45,60-90.1
1,63164,1,40.25749277189737,40-50,30-45,60-90.1
1,63170,1,40.811113502032384,40-50,30-45,60-90.1
1,63228,1,31.752433252109586,30-40,30-45,30-60
1,63262,1,17.36959137152405,15-20,10-20,60-90.1
1,63268,1,21.330268198987017,20-25,20-30,60-90.1
1,63272,1,15.480710475865093,15-20,10-20,0-30
1,63293,1,24.86612868830856,20-25,20-30,60-90.1
1,63309,1,22.258564223359482,20-25,20-30,60-90.1
1,63348,1,21.094801614886048,20-25,20-30,30-60
1,63361,1,15.127699541679661,15-20,10-20,30-60
1,63440,1,41.23638619820182,40-50,30-45,30-60
1,63448,1,43.24950783349562,40-50,30-45,60-90.1
1,63458,1,45.029815226569376,40-50,45-70,30-60
1,63510,1,16.646677429689746,15-20,10-20,60-90.1
1,63539,1,15.398868856823787,15-20,10-20,60-90.1
1,63553,0,52.70192964913733,50-60,45-70,60-90.1
1,63593,1,37.292987692213636,30-40,30-45,30-60
1,63602,1,37.778327591745004,30-40,30-45,30-60
1,63608,1,54.52063374735204,50-60,45-70,30-60
1,63632,1,51.06281232808035,50-60,45-70,30-60
1,63651,1,46.806073344524975,40-50,45-70,60-90.1
1,63653,1,40.56958755579348,40-50,30-45,30-60
1,63655,1,41.90747908984677,40-50,30-45,0-30
1,63695,1,15.391444255463764,15-20,10-20,30-60
1,63745,1,21.65386031747413,20-25,20-30,60-90.1
1,63756,1,17.253214415617556,15-20,10-20,30-60
1,63768,1,26.76217723634933,25-30,20-30,60-90.1
1,63771,1,25.593034646032592,25-30,20-30,30-60
1,63779,1,28.4407432000821,25-30,20-30,30-60
1,63781,1,21.266194428639096,20-25,20-30,60-90.1
1,63807,1,17.752924990677094,15-20,10-20,30-60
1,63817,1,27.476136765932473,25-30,20-30,0-30
1,63833,1,20.911995271962514,20-25,20-30,60-90.1
1,63836,1,23.80180866934676,20-25,20-30,30-60
1,63852,1,16.411756868921167,15-20,10-20,60-90.1
1,63879,1,23.623195863968697,20-25,20-30,60-90.1
1,63893,1,39.13890439972572,30-40,30-45,30-60
1,63934,1,28.08358753863326,25-30,20-30,30-60
1,63938,1,46.35145780858355,40-50,45-70,0-30
1,63942,1,17.188274246389195,15-20,10-20,60-90.1
1,63949,1,14.443410579755438,10-15,10-20,60-90.1
1,63953,1,47.309521844610835,40-50,45-70,0-30
1,63960,0,49.044842869171575,40-50,45-70,60-90.1
1,63982,0,51.01188962700437,50-60,45-70,60-90.1
1,63988,1,17.97921722899703,15-20,10-20,60-90.1
1,63992,1,26.71536156097331,25-30,20-30,60-90.1
1,64024,1,37.48700790955439,30-40,30-45,0-30
1,64032,1,37.28912848246376,30-40,30-45,60-90.1
1,64052,1,53.72782071499838,50-60,45-70,30-60
1,64136,1,18.032306313886817,15-20,10-20,0-30
1,64148,1,15.84536889094231,15-20,10-20,30-60
1,64162,1,18.235222091855523,15-20,10-20,60-90.1
1,64210,1,29.66684737979178,25-30,20-30,30-60
1,64238,1,31.189212742233114,30-40,30-45,30-60
1,64240,1,13.546382293238558,10-15,10-20,0-30
1,64246,1,24.664756472263758,20-25,20-30,30-60
1,64257,1,32.56860716985851,30-40,30-45,60-90.1
1,64284,1,19.335548130612185,15-20,10-20,60-90.1
1,64294,1,36.620392608110954,30-40,30-45,60-90.1
1,64300,1,26.437790054688357,25-30,20-30,60-90.1
1,64315,1,40.38042887719579,40-50,30-45,0-30
1,64319,1,29.330636967331763,25-30,20-30,30-60
1,64333,1,19.763944685493897,15-20,10-20,60-90.1
1,64348,1,23.732450016702217,20-25,20-30,60-90.1
1,64386,1,35.55053864605913,30-40,30-45,60-90.1
1,64396,1,30.933128650113687,30-40,30-45,30-60
1,64415,1,20.46814638409757,20-25,20-30,60-90.1
1,64418,1,23.13641833898594,20-25,20-30,60-90.1
1,64452,0,54.760716120002385,50-60,45-70,60-90.1
1,64481,1,47.90180626468478,40-50,45-70,30-60
1,64487,1,37.22032824043222,30-40,30-45,30-60
1,64518,1,43.10420928195082,40-50,30-45,0-30
1,64533,1,15.60703901634079,15-20,10-20,30-60
1,64635,1,24.30943096785493,20-25,20-30,60-90.1
1,64645,1,16.386551049894738,15-20,10-20,60-90.1
1,64697,1,23.381007309048893,20-25,20-30,60-90.1
1,64701,1,26.603752036724607,25-30,20-30,30-60
1,64705,1,14.870920372099723,10-15,10-20,60-90.1
1,64712,1,34.2224553640883,30-40,30-45,60-90.1
1,64756,1,16.46010341630023,15-20,10-20,60-90.1
1,64783,1,25.386697243355115,25-30,20-30,60-90.1
1,64802,1,13.660879796895221,10-15,10-20,0-30
1,64892,1,49.480485301633024,40-50,45-70,60-90.1
1,64897,1,37.51336642931073,30-40,30-45,60-90.1
1,64954,1,43.97522369407067,40-50,30-45,30-60
1,64964,1,34.70929039787511,30-40,30-45,60-90.1
1,64968,1,37.643171002838514,30-40,30-45,30-60
1,65003,1,18.65156701889923,15-20,10-20,60-90.1
1,65021,1,19.809650565043047,15-20,10-20,60-90.1
1,65032,1,15.91359670010567,15-20,10-20,0-30
1,65066,1,19.43413469131629,15-20,10-20,60-90.1
1,65125,1,19.194534347061044,15-20,10-20,60-90.1
1,65177,1,22.35685785534524,20-25,20-30,60-90.1
1,65205,1,40.96982551155029,40-50,30-45,30-60
1,65229,1,20.298630625333423,20-25,20-30,60-90.1
1,65248,1,45.02082598347773,40-50,45-70,30-60
1,65275,1,14.500787738137603,10-15,10-20,30-60
1,65309,1,26.163631932561916,25-30,20-30,30-60
1,65316,0,50.696056946062924,50-60,45-70,60-90.1
1,65325,0,52.604711524681406,50-60,45-70,60-90.1
1,65333,0,54.667972123889136,50-60,45-70,60-90.1
1,65357,1,37.356344892224755,30-40,30-45,60-90.1
1,65377,1,33.780229131364614,30-40,30-45,30-60
1,65385,1,20.41993756091354,20-25,20-30,60-90.1
1,65407,1,46.50325067125467,40-50,45-70,60-90.1
1,65434,1,44.8542945792493,40-50,30-45,60-90.1
1,65454,1,30.531965693696204,30-40,30-45,30-60
1,65494,1,23.486913225384505,20-25,20-30,60-90.1
1,65541,1,15.896327903781946,15-20,10-20,0-30
1,65550,1,17.60506872084256,15-20,10-20,30-60
1,65571,1,21.65959557841503,20-25,20-30,60-90.1
1,65582,1,23.83186351362269,20-25,20-30,60-90.1
1,65588,1,17.095234039009483,15-20,10-20,30-60
1,65601,1,20.239309335156587,20-25,20-30,60-90.1
1,65602,1,23.892828146787537,20-25,20-30,30-60
1,65626,1,28.398946420267677,25-30,20-30,30-60
1,65628,1,21.89845823769982,20-25,20-30,60-90.1
1,65632,1,26.529109344395824,25-30,20-30,30-60
1,65637,1,14.704436735449784,10-15,10-20,30-60
1,65673,1,25.408551114578,25-30,20-30,60-90.1
1,65703,1,28.1079401736241,25-30,20-30,30-60
1,65712,1,25.877161429792466,25-30,20-30,30-60
1,65736,1,36.98102666018635,30-40,30-45,60-90.1
1,65737,1,25.095694560979453,25-30,20-30,60-90.1
1,65763,1,13.898992721591936,10-15,10-20,30-60
1,65769,1,28.454595151884188,25-30,20-30,30-60
1,65770,1,42.26598274996488,40-50,30-45,60-90.1
1,65811,1,45.844408931088566,40-50,45-70,30-60
1,65819,1,46.928605527019926,40-50,45-70,0-30
1,65828,1,31.002672542452036,30-40,30-45,60-90.1
1,65835,1,16.153871837810556,15-20,10-20,60-90.1
1,65860,1,35.487794334619856,30-40,30-45,30-60
1,65863,1,19.02728124414967,15-20,10-20,60-90.1
1,65866,1,21.813930074896014,20-25,20-30,60-90.1
1,65917,1,32.47339238262083,30-40,30-45,30-60
1,65950,1,25.676303523307634,25-30,20-30,60-90.1
1,65985,1,40.205689161507834,40-50,30-45,0-30
1,65987,1,41.963163840869065,40-50,30-45,30-60
1,65990,1,45.81384321006479,40-50,45-70,30-60
1,65999,1,28.26697267360626,25-30,20-30,30-60
1,66002,1,38.375625644775354,30-40,30-45,30-60
1,66149,1,25.89894024286028,25-30,20-30,60-90.1
1,66187,1,25.434914789706728,25-30,20-30,60-90.1
1,66191,1,29.693186870826985,25-30,20-30,30-60
1,66217,1,13.46503494129474,10-15,10-20,0-30
1,66221,1,18.601793079960757,15-20,10-20,60-90.1
1,66227,1,31.33516231302038,30-40,30-45,30-60
1,66233,1,22.076999195575567,20-25,20-30,60-90.1
1,66244,1,32.9501654233269,30-40,30-45,30-60
1,66262,1,18.253919253479882,15-20,10-20,60-90.1
1,66270,1,34.32837946779179,30-40,30-45,60-90.1
1,66294,1,38.34511437385887,30-40,30-45,60-90.1
1,66317,1,26.29190972294067,25-30,20-30,30-60
1,66326,1,17.177332980533368,15-20,10-20,60-90.1
1,66331,1,21.85309722709631,20-25,20-30,60-90.1
1,66376,0,48.215045886778945,40-50,45-70,30-60
1,66478,1,35.841248043688715,30-40,30-45,60-90.1
1,66489,1,47.81976889083176,40-50,45-70,60-90.1
1,66576,1,34.410171096412164,30-40,30-45,30-60
1,66612,1,26.51138108215207,25-30,20-30,0-30
1,66614,1,31.725075815588465,30-40,30-45,0-30
1,66685,1,16.30191199027214,15-20,10-20,30-60
1,66729,1,17.146570655169633,15-20,10-20,30-60
1,66746,1,21.550568574669445,20-25,20-30,60-90.1
1,66803,1,15.280023529670318,15-20,10-20,30-60
1,66843,1,14.85748652939139,10-15,10-20,60-90.1
1,66866,1,21.912765278310165,20-25,20-30,60-90.1
1,66892,1,39.30665171828683,30-40,30-45,30-60
1,66915,1,12.564605760352896,10-15,10-20,30-60
1,66974,1,12.97626467327632,10-15,10-20,30-60
1,66978,1,26.737001602732477,25-30,20-30,30-60
1,67005,1,15.61172593504723,15-20,10-20,60-90.1
1,67025,1,18.4127728544132,15-20,10-20,60-90.1
1,67029,1,22.061110531968474,20-25,20-30,60-90.1
1,67033,1,35.96828214438148,30-40,30-45,60-90.1
1,67051,1,16.553149806840732,15-20,10-20,60-90.1
1,67054,1,35.46024318660275,30-40,30-45,60-90.1
1,67088,1,35.904048672219936,30-40,30-45,60-90.1
1,67095,1,17.415844052990114,15-20,10-20,60-90.1
1,67099,1,20.477506402603417,20-25,20-30,30-60
1,67120,1,35.7249062402229,30-40,30-45,60-90.1
1,67159,1,25.399990247477437,25-30,20-30,60-90.1
1,67164,1,30.290823768179767,30-40,30-45,0-30
1,67177,1,39.32164833541879,30-40,30-45,0-30
1,67183,1,35.92096288114485,30-40,30-45,30-60
1,67192,1,19.40225573018041,15-20,10-20,60-90.1
1,67227,1,25.100770581032712,25-30,20-30,0-30
1,67276,1,42.1105363722302,40-50,30-45,30-60
1,67283,1,20.82359343034338,20-25,20-30,30-60
1,67310,1,41.42494458174315,40-50,30-45,30-60
1,67319,1,15.48363211239729,15-20,10-20,0-30
1,67342,1,18.108486545625443,15-20,10-20,60-90.1
1,67391,1,20.22462053621739,20-25,20-30,60-90.1
1,67470,1,26.906976655290276,25-30,20-30,30-60
1,67473,1,28.743378673902104,25-30,20-30,0-30
1,67492,1,18.352126553123412,15-20,10-20,60-90.1
1,67510,1,24.999121236823783,20-25,20-30,60-90.1
1,67548,1,15.712396689613863,15-20,10-20,60-90.1
1,67563,1,19.523611647866616,15-20,10-20,60-90.1
1,67568,1,23.95504408513627,20-25,20-30,30-60
1,67586,1,12.047356847209322,10-15,10-20,0-30
1,67623,1,30.8215197871397,30-40,30-45,60-90.1
1,67643,1,12.643862619439501,10-15,10-20,30-60
1,67685,1,19.093996854039627,15-20,10-20,60-90.1
1,67690,1,23.142512738120605,20-25,20-30,60-90.1
1,67706,1,13.784009384128217,10-15,10-20,30-60
1,67747,1,48.615989762751916,40-50,45-70,60-90.1
1,67751,1,16.790849307465788,15-20,10-20,60-90.1
1,67829,1,43.71375456438609,40-50,30-45,30-60
1,67853,1,20.059092102220408,20-25,20-30,60-90.1
1,67861,1,32.79958198654892,30-40,30-45,30-60
1,67916,1,40.33265289568728,40-50,30-45,30-60
1,67949,1,17.876232617732043,15-20,10-20,60-90.1
1,67965,1,21.20559457901676,20-25,20-30,60-90.1
1,67974,1,18.1682990838071,15-20,10-20,30-60
1,67976,1,21.590728832332115,20-25,20-30,60-90.1
1,67978,1,23.927884019639286,20-25,20-30,60-90.1
1,67994,1,25.55959327129977,25-30,20-30,60-90.1
1,68010,1,24.307676313144448,20-25,20-30,30-60
1,68061,1,23.246668709931573,20-25,20-30,60-90.1
1,68080,1,29.11477838589577,25-30,20-30,30-60
1,68138,1,24.025697450895002,20-25,20-30,60-90.1
1,68144,1,40.27323549608749,40-50,30-45,30-60
1,68165,1,41.76233141446364,40-50,30-45,60-90.1
1,68185,1,18.070245827060507,15-20,10-20,60-90.1
1,68189,1,21.76783196189081,20-25,20-30,60-90.1
1,68194,1,43.61829897999094,40-50,30-45,60-90.1
1,68203,1,45.326705566134144,40-50,45-70,30-60
1,68209,1,46.44723535852648,40-50,45-70,30-60
1,68238,1,27.03329264710919,25-30,20-30,30-60
1,68298,1,49.54208591451345,40-50,45-70,60-90.1
1,68318,1,19.87759072512692,15-20,10-20,60-90.1
1,68341,1,30.465911416259583,30-40,30-45,0-30
1,68368,1,22.01421069839743,20-25,20-30,60-90.1
1,68373,1,34.868651869673464,30-40,30-45,0-30
1,68399,1,30.6648580286821,30-40,30-45,30-60
1,68410,1,22.43737903226101,20-25,20-30,30-60
1,68439,1,28.043409198663205,25-30,20-30,30-60
1,68442,1,40.09427858624439,40-50,30-45,30-60
1,68559,1,22.263051768635478,20-25,20-30,60-90.1
1,68562,1,27.96687292891368,25-30,20-30,60-90.1
1,68571,1,26.76807852048037,25-30,20-30,30-60
1,68572,1,29.384921819001658,25-30,20-30,60-90.1
1,68578,1,17.053351746425427,15-20,10-20,60-90.1
1,68584,1,26.359088196221748,25-30,20-30,30-60
1,68591,1,13.938949718026674,10-15,10-20,0-30
1,68595,1,19.907499471330407,15-20,10-20,60-90.1
1,68612,1,31.15248932310231,30-40,30-45,30-60
1,68625,1,32.41207898976543,30-40,30-45,30-60
1,68626,1,15.152244816776033,15-20,10-20,60-90.1
1,68647,1,33.8889124704926,30-40,30-45,30-60
1,68667,1,20.466842887183567,20-25,20-30,60-90.1
1,68669,1,35.22677194318694,30-40,30-45,60-90.1
1,68689,1,37.27178150713662,30-40,30-45,60-90.1
1,68704,1,13.198446557403015,10-15,10-20,60-90.1
1,68757,1,11.643963011325077,10-15,10-20,0-30
1,68788,1,48.03833111418379,40-50,45-70,60-90.1
1,68822,0,49.87610980706575,40-50,45-70,60-90.1
1,68826,1,23.32443295538359,20-25,20-30,30-60
1,68863,1,14.316943121272763,10-15,10-20,0-30
1,68881,1,29.426520747438154,25-30,20-30,30-60
1,68915,1,25.183121180115684,25-30,20-30,60-90.1
1,68928,1,43.53940202195178,40-50,30-45,60-90.1
1,68951,1,29.79981952805239,25-30,20-30,30-60
1,68956,1,39.9838520114634,30-40,30-45,30-60
1,68978,1,26.80702825283355,25-30,20-30,0-30
1,69007,1,39.357291274353464,30-40,30-45,30-60
1,69034,1,14.633321201205241,10-15,10-20,30-60
1,69054,1,17.771290663318265,15-20,10-20,0-30
1,69086,1,20.414091643728806,20-25,20-30,30-60
1,69153,1,26.46376256266986,25-30,20-30,60-90.1
1,69176,1,22.9748540689659,20-25,20-30,60-90.1
1,69187,1,25.649845340870936,25-30,20-30,60-90.1
1,69199,1,28.337600724690734,25-30,20-30,0-30
1,69223,1,17.205649991012603,15-20,10-20,60-90.1
1,69246,1,24.07371426851332,20-25,20-30,30-60
1,69251,1,38.3601324905733,30-40,30-45,30-60
1,69267,1,11.636543285812232,10-15,10-20,0-30
1,69274,1,24.367100378919766,20-25,20-30,0-30
1,69283,1,19.914547870454246,15-20,10-20,60-90.1
1,69320,1,31.880798825948283,30-40,30-45,60-90.1
1,69329,1,11.899229839654916,10-15,10-20,0-30
1,69347,1,27.420384921403553,25-30,20-30,30-60
1,69381,1,31.166375575005294,30-40,30-45,60-90.1
1,69416,1,22.45680285027596,20-25,20-30,60-90.1
1,69475,1,17.41019645342551,15-20,10-20,60-90.1
1,69477,1,19.272859862818027,15-20,10-20,60-90.1
1,69480,1,22.22229499004886,20-25,20-30,60-90.1
1,69497,1,36.92993289256533,30-40,30-45,0-30
1,69513,1,20.04742914304511,20-25,20-30,60-90.1
1,69526,1,24.656179851378226,20-25,20-30,30-60
1,69541,1,18.17859831881434,15-20,10-20,60-90.1
1,69568,1,39.869052428792045,30-40,30-45,30-60
1,69642,1,22.428232770395272,20-25,20-30,60-90.1
1,69691,1,23.644443035580714,20-25,20-30,60-90.1
1,69699,1,14.814743455390357,10-15,10-20,30-60
1,69731,1,20.005867077783314,20-25,20-30,60-90.1
1,69748,1,27.89060910369349,25-30,20-30,30-60
1,69753,1,14.858172414584985,10-15,10-20,30-60
1,69779,1,29.534935866783616,25-30,20-30,0-30
1,69817,1,20.950556768492394,20-25,20-30,60-90.1
1,69841,1,39.89282754828918,30-40,30-45,30-60
1,69848,1,15.130788167861766,15-20,10-20,60-90.1
1,69862,1,40.99453175504072,40-50,30-45,30-60
1,69881,1,18.12833765706433,15-20,10-20,60-90.1
1,69887,1,23.21074134914419,20-25,20-30,30-60
1,69888,1,42.90342292601442,40-50,30-45,60-90.1
1,69941,1,13.607284229539077,10-15,10-20,0-30
1,69967,1,25.879562104561142,25-30,20-30,60-90.1
1,69985,1,44.22328464440685,40-50,30-45,60-90.1
1,69987,1,14.437553154665064,10-15,10-20,0-30
1,70013,1,28.05546788482599,25-30,20-30,0-30
1,70018,1,32.67116972774937,30-40,30-45,0-30
1,70078,1,21.11168697862795,20-25,20-30,60-90.1
1,70084,1,18.996720700921387,15-20,10-20,30-60
1,70098,1,36.57736874519237,30-40,30-45,30-60
1,70110,1,37.543902867661544,30-40,30-45,30-60
1,70177,1,23.948231865496965,20-25,20-30,60-90.1
1,70190,1,19.983155961505734,15-20,10-20,60-90.1
1,70219,1,28.008215780458613,25-30,20-30,60-90.1
1,70234,1,16.54890625389773,15-20,10-20,30-60
1,70239,1,26.568251827496432,25-30,20-30,0-30
1,70276,1,16.278022197551397,15-20,10-20,30-60
1,70322,1,14.552850660042534,10-15,10-20,60-90.1
1,70324,1,26.069787888665882,25-30,20-30,30-60
1,70340,1,28.3892718270731,25-30,20-30,30-60
1,70431,1,11.520333693129627,10-15,10-20,0-30
1,70437,1,44.12447006906861,40-50,30-45,60-90.1
1,70448,1,45.40739476219979,40-50,45-70,60-90.1
1,70456,1,45.38362228222714,40-50,45-70,60-90.1
1,70507,1,16.536305625342568,15-20,10-20,60-90.1
1,70581,1,14.963333497388964,10-15,10-20,30-60
1,70594,1,17.57414892300326,15-20,10-20,60-90.1
1,70599,1,18.615789800670225,15-20,10-20,30-60
1,70618,1,20.69211654256277,20-25,20-30,60-90.1
1,70642,1,25.64692911143994,25-30,20-30,30-60
1,70676,1,29.33130844976968,25-30,20-30,30-60
1,70683,1,30.494427138213677,30-40,30-45,30-60
1,70687,1,17.72898131625243,15-20,10-20,30-60
1,70703,1,19.75760649230986,15-20,10-20,60-90.1
1,70721,1,23.030137067520535,20-25,20-30,60-90.1
1,70724,1,31.816670385713564,30-40,30-45,30-60
1,70748,1,33.01637493793285,30-40,30-45,30-60
1,70774,1,17.494276015724093,15-20,10-20,60-90.1
1,70784,1,21.38052993290291,20-25,20-30,60-90.1
1,70791,1,23.76519132232266,20-25,20-30,30-60
1,70800,1,12.263587476448699,10-15,10-20,30-60
1,70814,1,24.83047819534899,20-25,20-30,0-30
1,70835,1,15.44751292722961,15-20,10-20,60-90.1
1,70840,1,20.76871878822587,20-25,20-30,60-90.1
1,70874,1,13.628695857535511,10-15,10-20,0-30
1,70904,1,12.723125345857524,10-15,10-20,0-30
1,70920,1,30.86808298164656,30-40,30-45,0-30
1,70944,1,13.664712213524568,10-15,10-20,0-30
1,70956,1,23.319185562225876,20-25,20-30,30-60
1,70970,1,38.64865996412373,30-40,30-45,30-60
1,70975,1,36.87436891909574,30-40,30-45,60-90.1
1,70977,1,15.938324973262693,15-20,10-20,0-30
1,71021,1,36.293077789802965,30-40,30-45,60-90.1
1,71029,1,16.312733570549383,15-20,10-20,30-60
1,71168,1,13.957322403058669,10-15,10-20,30-60
1,71188,1,28.985794645541112,25-30,20-30,0-30
1,71214,1,33.74241365340786,30-40,30-45,60-90.1
1,71235,1,35.54860638801213,30-40,30-45,60-90.1
1,71245,1,37.390403211213666,30-40,30-45,60-90.1
1,71256,1,38.68685537967301,30-40,30-45,60-90.1
1,71295,1,23.78053406783356,20-25,20-30,30-60
1,71303,1,13.685662191801072,10-15,10-20,30-60
1,71309,1,19.263568310212943,15-20,10-20,60-90.1
1,71393,1,26.094135146466453,25-30,20-30,30-60
1,71396,1,33.555229678547825,30-40,30-45,30-60
1,71413,1,36.45471949699828,30-40,30-45,30-60
1,71469,1,34.11526434265905,30-40,30-45,30-60
1,71499,1,18.25334686778513,15-20,10-20,0-30
1,71537,1,18.958816538877084,15-20,10-20,30-60
1,71554,1,20.517633024490028,20-25,20-30,60-90.1
1,71585,1,26.59164394484896,25-30,20-30,30-60
1,71608,1,15.703998786900437,15-20,10-20,30-60
1,71624,1,17.775531400908303,15-20,10-20,0-30
1,71626,1,19.837789389003383,15-20,10-20,60-90.1
1,71637,1,22.51980795785232,20-25,20-30,30-60
1,71657,1,15.352864922318428,15-20,10-20,60-90.1
1,71659,1,25.408650319798802,25-30,20-30,30-60
1,71720,1,40.1278468769674,40-50,30-45,60-90.1
1,71725,1,22.486109551425642,20-25,20-30,30-60
1,71733,1,17.822364941915186,15-20,10-20,60-90.1
1,71753,1,14.658164219056177,10-15,10-20,30-60
1,71763,1,12.881153970836145,10-15,10-20,30-60
1,71778,1,13.533240671296236,10-15,10-20,0-30
1,71787,1,39.29168963331562,30-40,30-45,30-60
1,71815,1,38.044929935923456,30-40,30-45,0-30
1,71836,1,21.643901123651073,20-25,20-30,60-90.1
1,71849,1,19.348493113224407,15-20,10-20,60-90.1
1,71920,1,20.08816020997838,20-25,20-30,30-60
1,71936,1,23.55501420767882,20-25,20-30,60-90.1
1,71942,1,22.012462004806828,20-25,20-30,60-90.1
1,71959,1,25.63454361211406,25-30,20-30,60-90.1
1,71964,1,23.38705164985823,20-25,20-30,60-90.1
1,71975,1,25.492001211047114,25-30,20-30,30-60
1,71993,1,30.165804800377256,30-40,30-45,30-60
1,72029,1,14.306780563915332,10-15,10-20,0-30
1,72050,1,27.630776307252148,25-30,20-30,30-60
1,72053,1,28.67764550068188,25-30,20-30,0-30
1,72068,1,18.407933407051388,15-20,10-20,60-90.1
1,72079,1,21.210942862875388,20-25,20-30,60-90.1
1,72090,1,23.915812456928023,20-25,20-30,60-90.1
1,72103,1,25.504027288068375,25-30,20-30,0-30
1,72133,1,19.974845548528496,15-20,10-20,60-90.1
1,72136,1,40.68122957915794,40-50,30-45,60-90.1
1,72147,1,40.09159705674694,40-50,30-45,60-90.1
1,72182,1,28.638558589732128,25-30,20-30,30-60
1,72206,1,24.651766259099706,20-25,20-30,60-90.1
1,72233,1,14.58241196742652,10-15,10-20,0-30
1,72253,1,16.135548267036235,15-20,10-20,0-30
1,72260,1,34.93900777932542,30-40,30-45,30-60
1,72265,1,32.94537761001118,30-40,30-45,30-60
1,72320,1,20.640846765592084,20-25,20-30,60-90.1
1,72377,1,27.000645068330797,25-30,20-30,60-90.1
1,72391,1,28.637521903977124,25-30,20-30,30-60
1,72396,1,26.290454069759157,25-30,20-30,30-60
1,72413,1,31.132150034801736,30-40,30-45,30-60
1,72514,1,24.404303213684482,20-25,20-30,30-60
1,72555,1,13.459185686059111,10-15,10-20,30-60
1,72569,1,16.9610753095355,15-20,10-20,30-60
1,72602,1,31.048873825990754,30-40,30-45,30-60
1,72606,1,15.692043147394322,15-20,10-20,30-60
1,72651,1,33.73850704422242,30-40,30-45,30-60
1,72687,1,32.33033463758449,30-40,30-45,0-30
1,72699,1,15.117338414939686,15-20,10-20,0-30
1,72711,1,16.983781522065346,15-20,10-20,60-90.1
1,72833,1,31.557998325122316,30-40,30-45,30-60
1,72846,1,15.77742209724434,15-20,10-20,60-90.1
1,72850,1,27.012014852050118,25-30,20-30,30-60
1,72853,1,32.94232807988364,30-40,30-45,60-90.1
1,72861,1,18.855751127219964,15-20,10-20,60-90.1
1,72869,1,34.26967983403125,30-40,30-45,60-90.1
1,72912,1,22.571313299584627,20-25,20-30,30-60
1,72932,1,20.028759745261155,20-25,20-30,30-60
1,72976,1,18.456603022446235,15-20,10-20,30-60
1,72980,1,27.133241004679412,25-30,20-30,60-90.1
1,73005,1,16.435489218638892,15-20,10-20,30-60
1,73006,1,23.006396210039252,20-25,20-30,60-90.1
1,73010,1,33.27054638776313,30-40,30-45,0-30
1,73028,1,34.85104242066267,30-40,30-45,30-60
1,73031,1,15.075488585533915,15-20,10-20,30-60
1,73032,1,19.97761459981565,15-20,10-20,60-90.1
1,73088,1,16.424025980258936,15-20,10-20,30-60
1,73105,1,19.4024524992573,15-20,10-20,30-60
1,73140,1,23.154935688416966,20-25,20-30,30-60
1,73145,1,24.206712117799214,20-25,20-30,30-60
1,73167,1,27.050287851736616,25-30,20-30,30-60
1,73171,1,14.71393117021694,10-15,10-20,30-60
1,73174,1,17.340392218740817,15-20,10-20,30-60
1,73177,1,19.599201776551418,15-20,10-20,30-60
1,73194,1,21.812733598748935,20-25,20-30,60-90.1
1,73203,1,23.917856193781162,20-25,20-30,60-90.1
1,73216,1,28.223159686802106,25-30,20-30,0-30
1,73256,1,22.309752523585548,20-25,20-30,60-90.1
1,73264,1,24.64212414304022,20-25,20-30,30-60
1,73265,1,35.10830477489876,30-40,30-45,60-90.1
1,73278,1,15.386253655721747,15-20,10-20,60-90.1
1,73317,1,16.350029006289148,15-20,10-20,60-90.1
1,73328,1,22.11469714920575,20-25,20-30,30-60
1,73331,1,20.018323702390823,20-25,20-30,30-60
1,73355,1,29.124096051269575,25-30,20-30,30-60
1,73368,1,25.073483336743536,25-30,20-30,30-60
1,73411,1,16.537519996216975,15-20,10-20,0-30
1,73426,1,29.472216611405308,25-30,20-30,0-30
1,73433,1,30.930000790972507,30-40,30-45,60-90.1
1,73477,1,20.30196499142461,20-25,20-30,0-30
1,73504,1,26.731183397195107,25-30,20-30,60-90.1
1,73514,1,28.461585206687626,25-30,20-30,30-60
1,73625,1,24.489191461081088,20-25,20-30,30-60
1,73626,1,35.57682201784036,30-40,30-45,60-90.1
1,73647,1,23.662908002172042,20-25,20-30,0-30
1,73650,1,12.698343358933878,10-15,10-20,0-30
1,73695,1,34.63570666269215,30-40,30-45,0-30
1,73749,1,30.208502035442518,30-40,30-45,30-60
1,73775,1,15.478466544804602,15-20,10-20,0-30
1,73810,1,23.005424395691502,20-25,20-30,60-90.1
1,73820,1,22.117125366337252,20-25,20-30,30-60
1,73821,1,24.43897089154229,20-25,20-30,60-90.1
1,73855,1,28.881031671058633,25-30,20-30,30-60
1,73882,1,27.310493374704656,25-30,20-30,0-30
1,73885,1,30.12044563046402,30-40,30-45,30-60
1,73892,1,17.55662040540691,15-20,10-20,30-60
1,73901,1,13.82224934797509,10-15,10-20,0-30
1,73925,1,25.90530816611978,25-30,20-30,60-90.1
1,73932,1,16.974004464857057,15-20,10-20,60-90.1
1,73938,1,21.23663879579835,20-25,20-30,60-90.1
1,73977,1,35.462357475504724,30-40,30-45,30-60
1,73991,1,35.17479360880209,30-40,30-45,30-60
1,74016,1,30.715764650788092,30-40,30-45,0-30
1,74031,1,21.040445931844936,20-25,20-30,30-60
1,74034,1,30.89295649376542,30-40,30-45,30-60
1,74038,1,15.017400825463351,15-20,10-20,0-30
1,74049,1,18.149723737094785,15-20,10-20,30-60
1,74095,1,16.690360914664662,15-20,10-20,60-90.1
1,74105,1,18.022925297826962,15-20,10-20,30-60
1,74110,1,19.734392883433163,15-20,10-20,60-90.1
1,74150,1,23.784517467217956,20-25,20-30,30-60
1,74171,1,18.76170260765091,15-20,10-20,30-60
1,74178,1,15.03494595875537,15-20,10-20,30-60
1,74199,1,30.595121327004456,30-40,30-45,30-60
1,74204,1,23.275107978698802,20-25,20-30,60-90.1
1,74219,1,27.61909741999877,25-30,20-30,0-30
1,74312,1,27.160110796721018,25-30,20-30,30-60
1,74362,1,30.054046382444223,30-40,30-45,30-60
1,74376,1,27.024999324266847,25-30,20-30,30-60
1,74411,1,19.352908831737754,15-20,10-20,30-60
1,74443,1,22.394874786987593,20-25,20-30,0-30
1,74453,1,24.676863845856317,20-25,20-30,30-60
1,74477,1,20.499771399756824,20-25,20-30,60-90.1
1,74501,1,27.103028458229655,25-30,20-30,0-30
1,74534,1,25.82092575334055,25-30,20-30,30-60
1,74548,1,27.713062586547963,25-30,20-30,0-30
1,74550,1,31.250799176555343,30-40,30-45,30-60
1,74552,1,21.617020787372716,20-25,20-30,60-90.1
1,74574,1,21.905997421381652,20-25,20-30,60-90.1
1,74583,1,22.189451193678075,20-25,20-30,30-60
1,74591,1,21.218090217121404,20-25,20-30,60-90.1
1,74599,1,19.28384806045025,15-20,10-20,60-90.1
1,74602,1,16.685809534948422,15-20,10-20,60-90.1
1,74617,1,14.797870630584166,10-15,10-20,60-90.1
1,74627,1,28.2992887854839,25-30,20-30,0-30
1,74633,1,23.081170060982625,20-25,20-30,30-60
1,74654,1,30.79019562346839,30-40,30-45,30-60
1,74741,1,23.520669726447682,20-25,20-30,60-90.1
1,74760,1,25.967791490349352,25-30,20-30,30-60
1,74771,1,27.25510440703329,25-30,20-30,30-60
1,74822,1,16.96568427006877,15-20,10-20,30-60
1,74833,1,19.262948943028388,15-20,10-20,30-60
1,74867,1,26.10687644694555,25-30,20-30,30-60
1,74889,1,32.40745159742242,30-40,30-45,30-60
1,74894,1,26.638735204892424,25-30,20-30,30-60
1,74967,1,15.22077855935722,15-20,10-20,0-30
1,74971,1,18.455718728132208,15-20,10-20,0-30
1,74979,1,28.461448273657325,25-30,20-30,0-30
1,75012,1,25.163252263553225,25-30,20-30,30-60
1,75014,1,26.738295932706915,25-30,20-30,60-90.1
1,75070,1,21.51462571908754,20-25,20-30,60-90.1
1,75077,1,21.941031682265084,20-25,20-30,0-30
1,75093,1,23.03150295502335,20-25,20-30,30-60
1,75117,1,25.129199276057506,25-30,20-30,30-60
1,75119,1,28.01859916267402,25-30,20-30,30-60
1,75121,1,17.93494971596933,15-20,10-20,0-30
1,75137,1,22.29612902035712,20-25,20-30,60-90.1
1,75161,1,22.667782521253233,20-25,20-30,60-90.1
1,75180,1,27.54913318940228,25-30,20-30,0-30
1,75216,1,26.81825821906506,25-30,20-30,30-60
1,75220,1,31.838519212853576,30-40,30-45,30-60
1,75247,1,31.98276798240436,30-40,30-45,30-60
1,75260,1,31.642470285761114,30-40,30-45,0-30
1,75280,1,24.326033801337566,20-25,20-30,30-60
1,75297,1,20.30972987640479,20-25,20-30,0-30
1,75319,1,25.883997715089514,25-30,20-30,0-30
1,75372,1,18.95349220902997,15-20,10-20,60-90.1
1,75397,1,20.752814589740673,20-25,20-30,30-60
1,75483,1,26.697797995338217,25-30,20-30,30-60
1,75487,1,18.003303885747194,15-20,10-20,30-60
1,75508,1,22.312985811612116,20-25,20-30,60-90.1
1,75519,1,27.4334760830947,25-30,20-30,30-60
1,75556,1,26.489360036574038,25-30,20-30,60-90.1
1,75575,1,18.349236214015306,15-20,10-20,60-90.1
1,75599,1,14.294443720228118,10-15,10-20,0-30
1,75612,1,25.820131032093354,25-30,20-30,30-60
1,75671,1,14.37888239581616,10-15,10-20,30-60
1,75687,1,15.962644202150665,15-20,10-20,60-90.1
1,75737,1,21.571308249459012,20-25,20-30,30-60
1,75747,1,21.454356352614283,20-25,20-30,30-60
1,75750,1,23.662610438310345,20-25,20-30,60-90.1
1,75760,1,25.47706003263628,25-30,20-30,60-90.1
1,75779,1,19.609016796478617,15-20,10-20,60-90.1
1,75796,1,25.097784232518617,25-30,20-30,30-60
1,75797,1,28.112049647710695,25-30,20-30,30-60
1,75836,1,18.075315669256582,15-20,10-20,60-90.1
1,75858,1,18.965827227662395,15-20,10-20,60-90.1
1,75871,1,27.339853792501664,25-30,20-30,30-60
1,75882,1,18.85129394970917,15-20,10-20,30-60
1,75910,1,15.144676507331686,15-20,10-20,30-60
1,75917,1,25.21831775718439,25-30,20-30,30-60
1,75952,1,16.222744359053863,15-20,10-20,0-30
1,75960,1,21.748625504680874,20-25,20-30,30-60
1,75969,1,25.97457491148708,25-30,20-30,30-60
1,75989,1,24.340128687877527,20-25,20-30,30-60
1,75991,1,26.393045940288697,25-30,20-30,30-60
1,76022,1,14.836216710531701,10-15,10-20,60-90.1
1,76065,1,19.68075578101807,15-20,10-20,30-60
1,76085,1,20.851200405407674,20-25,20-30,30-60
1,76100,1,17.406650648496043,15-20,10-20,30-60
1,76126,1,16.494384613324748,15-20,10-20,30-60
1,76134,1,19.21972711441327,15-20,10-20,60-90.1
1,76159,1,29.001484922295166,25-30,20-30,30-60
1,76194,1,22.78126928143768,20-25,20-30,60-90.1
1,76216,1,22.57351892631337,20-25,20-30,60-90.1
1,76217,1,27.19726372670069,25-30,20-30,30-60
1,76285,1,22.91143760905306,20-25,20-30,30-60
1,76329,1,21.688002250685162,20-25,20-30,30-60
1,76425,1,20.218040147872433,20-25,20-30,30-60
1,76435,1,20.690811600406118,20-25,20-30,60-90.1
1,76457,1,25.49078808298544,25-30,20-30,30-60
1,76482,1,16.179152954272855,15-20,10-20,30-60
1,76497,1,19.40819057121885,15-20,10-20,60-90.1
1,76498,1,25.23437734253894,25-30,20-30,30-60
1,76521,1,29.088123614588618,25-30,20-30,30-60
1,76562,1,21.667305011904062,20-25,20-30,60-90.1
1,76589,1,28.40990763638335,25-30,20-30,30-60
1,76606,1,14.441979881430768,10-15,10-20,0-30
1,76620,1,17.489065070886333,15-20,10-20,0-30
1,76628,1,27.366263932905863,25-30,20-30,30-60
1,76642,1,23.67823787501567,20-25,20-30,30-60
1,76672,1,23.06066261419739,20-25,20-30,60-90.1
1,76723,1,17.37308444227964,15-20,10-20,60-90.1
1,76727,1,15.687475344783403,15-20,10-20,30-60
1,76742,1,16.724814115269588,15-20,10-20,0-30
1,76839,1,24.134051094067814,20-25,20-30,30-60
1,76855,1,15.825852940052318,15-20,10-20,0-30
1,76871,1,19.02338346502649,15-20,10-20,60-90.1
1,76906,1,28.173829971277883,25-30,20-30,60-90.1
1,76916,1,25.802575366663834,25-30,20-30,30-60
1,76921,1,16.305931067299923,15-20,10-20,60-90.1
1,76929,1,15.090642206197085,15-20,10-20,60-90.1
1,76944,1,22.552525871458524,20-25,20-30,30-60
1,76976,1,18.720092058798308,15-20,10-20,0-30
1,76998,1,21.647573077608676,20-25,20-30,0-30
1,77074,1,17.696896782620612,15-20,10-20,60-90.1
1,77082,1,15.850946698857515,15-20,10-20,60-90.1
1,77092,1,19.0391766953024,15-20,10-20,30-60
1,77102,1,21.053947467325663,20-25,20-30,30-60
1,77119,1,18.862724597872706,15-20,10-20,60-90.1
1,77127,1,20.56719770122348,20-25,20-30,60-90.1
1,77139,1,16.133805036824747,15-20,10-20,30-60
1,77164,1,26.149387605184998,25-30,20-30,30-60
1,77200,1,24.05664244393061,20-25,20-30,60-90.1
1,77214,1,15.504419808190393,15-20,10-20,60-90.1
1,77229,1,16.09417106434721,15-20,10-20,30-60
1,77269,1,20.432971619093877,20-25,20-30,60-90.1
1,77282,1,24.27214092373509,20-25,20-30,30-60
1,77323,1,20.025092130306117,20-25,20-30,0-30
1,77329,1,21.09221068657808,20-25,20-30,0-30
1,77334,1,24.609143302179778,20-25,20-30,60-90.1
1,77352,1,19.795619533534595,15-20,10-20,0-30
1,77373,1,14.4500770501321,10-15,10-20,30-60
1,77438,1,19.48118401744871,15-20,10-20,0-30
1,77461,1,20.088243441430137,20-25,20-30,0-30
1,77491,1,15.784568388704688,15-20,10-20,30-60
1,77510,1,26.094143071102536,25-30,20-30,60-90.1
1,77514,1,16.39348603583427,15-20,10-20,60-90.1
1,77541,1,23.5383763619649,20-25,20-30,60-90.1
1,77547,1,18.208185300425455,15-20,10-20,60-90.1
1,77560,1,18.205240178133522,15-20,10-20,60-90.1
1,77625,1,22.271398215618444,20-25,20-30,60-90.1
1,77627,1,24.924108275637256,20-25,20-30,60-90.1
1,77680,1,19.304628884252256,15-20,10-20,0-30
1,77729,1,15.325862071046881,15-20,10-20,60-90.1
1,77731,1,17.561614806291804,15-20,10-20,60-90.1
1,77772,1,21.095075633957883,20-25,20-30,60-90.1
1,77775,1,19.130248448591203,15-20,10-20,30-60
1,77805,1,20.71514906844769,20-25,20-30,30-60
1,77819,1,21.7879696793264,20-25,20-30,60-90.1
1,77858,1,25.837055759339616,25-30,20-30,60-90.1
1,77862,1,23.183437479462835,20-25,20-30,60-90.1
1,77881,1,24.87404649071955,20-25,20-30,60-90.1
1,77884,1,17.442121415477153,15-20,10-20,60-90.1
1,77925,1,20.006164407831886,20-25,20-30,60-90.1
1,77947,1,16.10262245662205,15-20,10-20,0-30
1,77964,1,21.014940811281168,20-25,20-30,60-90.1
1,77993,1,19.804947598855268,15-20,10-20,0-30
1,78003,1,19.772065595758303,15-20,10-20,30-60
1,78035,1,14.802368979471822,10-15,10-20,30-60
1,78089,1,18.896970355502834,15-20,10-20,60-90.1
1,78093,1,18.411658661328502,15-20,10-20,60-90.1
1,78125,1,19.59754481291063,15-20,10-20,0-30
1,78142,1,22.61806374694571,20-25,20-30,30-60
1,78208,1,22.609668523611216,20-25,20-30,60-90.1
1,78219,1,14.34570078008461,10-15,10-20,0-30
1,78234,1,22.393258725065966,20-25,20-30,30-60
1,78284,1,16.751383321845626,15-20,10-20,0-30
1,78306,1,20.682319049312436,20-25,20-30,30-60
1,78332,1,19.368747607729823,15-20,10-20,0-30
1,78335,1,20.572786455100953,20-25,20-30,30-60
1,78359,1,15.133032050762399,15-20,10-20,30-60
1,78434,1,20.388076195430433,20-25,20-30,30-60
1,78449,1,19.93696309691847,15-20,10-20,0-30
1,78466,1,23.141318710103207,20-25,20-30,60-90.1
1,78472,1,19.922927562646297,15-20,10-20,60-90.1
1,78482,1,14.563142837565923,10-15,10-20,0-30
1,78509,1,14.494762470945426,10-15,10-20,0-30
1,78544,1,14.85052445052698,10-15,10-20,30-60
1,78548,1,17.151843605799414,15-20,10-20,60-90.1
1,78591,1,18.23607473104731,15-20,10-20,30-60
1,78630,1,15.373761648789817,15-20,10-20,0-30
1,78633,1,15.410290387654856,15-20,10-20,0-30
1,78666,1,18.361241278588544,15-20,10-20,60-90.1
1,78668,1,19.200311035947717,15-20,10-20,30-60
1,78720,1,20.191404413066255,20-25,20-30,0-30
1,78739,1,22.9629108576672,20-25,20-30,60-90.1
1,78779,1,20.327800882351315,20-25,20-30,30-60
1,78785,1,21.13087212523842,20-25,20-30,60-90.1
1,78825,1,16.50419441235255,15-20,10-20,30-60
1,78831,1,16.414544979184225,15-20,10-20,30-60
1,78851,1,20.159480013408327,20-25,20-30,60-90.1
1,78859,1,19.46916818786509,15-20,10-20,30-60
1,78864,1,19.198184373672134,15-20,10-20,30-60
1,78884,1,18.43644303051284,15-20,10-20,0-30
1,78914,1,18.33292912916316,15-20,10-20,60-90.1
1,78925,1,18.736790805726603,15-20,10-20,60-90.1
1,78931,1,21.75776966935287,20-25,20-30,60-90.1
1,78947,1,21.379721900835868,20-25,20-30,60-90.1
1,78967,1,18.62457620684707,15-20,10-20,0-30
1,79028,1,20.392513901967238,20-25,20-30,60-90.1
1,79052,1,18.832677400714104,15-20,10-20,30-60
1,79076,1,19.046080152269457,15-20,10-20,60-90.1
1,79089,1,18.78987074364134,15-20,10-20,30-60
1,79103,1,18.072288669920404,15-20,10-20,30-60
1,79127,1,18.6703383775136,15-20,10-20,0-30
1,79147,1,17.116723728980464,15-20,10-20,60-90.1
1,79160,1,17.500448069405724,15-20,10-20,60-90.1
1,79177,1,18.326162913867883,15-20,10-20,30-60
1,79194,1,16.893226102994433,15-20,10-20,30-60
1,79204,1,20.199295969044446,20-25,20-30,60-90.1
1,79223,1,19.323097400028708,15-20,10-20,60-90.1
1,79246,1,18.56051686510335,15-20,10-20,30-60
1,79251,1,17.785263707775087,15-20,10-20,0-30
1,79288,1,15.961987853176794,15-20,10-20,0-30
1,79306,1,17.667905140743287,15-20,10-20,60-90.1
1,79429,1,16.87122177325219,15-20,10-20,0-30
1,79444,1,17.890362372162844,15-20,10-20,0-30
1,79451,1,17.35435362776527,15-20,10-20,0-30
1,79459,1,16.958900179163066,15-20,10-20,0-30
1,79477,1,16.134699137264164,15-20,10-20,0-30
1,79482,1,17.710509798712692,15-20,10-20,30-60
1,79499,1,16.87150897355623,15-20,10-20,0-30
1,79512,1,17.12414511328943,15-20,10-20,30-60
1,79515,1,17.003653515204075,15-20,10-20,30-60
1,79550,1,16.262979787963253,15-20,10-20,0-30
1,79823,0,51.880030684621524,50-60,45-70,60-90.1
1,79954,1,25.274167691792716,25-30,20-30,30-60
1,80026,1,24.327592505817055,20-25,20-30,60-90.1
