# Depth below the scalp at full precision and its bins for the targets of g3b_targets_school.csv (commit d3bb1a9), same rows in the same order | commit e3212c3
# cortical: 0 on the medial wall, which every summary of these heads leaves out; depth_mm: the depth [mm] as computed, in the shortest decimal form that reads back as the same double (g3b_targets_school.csv prints it to 2 decimals); bins are half-open, lo <= value < hi (empty: outside every bin); depth_stratum: the depth strata of g3b_summary.json (0-10, 10-15, 15-20, 20-25, 25-30, 30-40, 40-50, 50-60, 60-90 mm; 0-10 = below 10 mm); spike_depth_band: the depth bands of the simulated spikes (10-20, 20-30, 30-45, 45-70 mm); orientation_stratum: the orientation strata of g3b_summary.json and of the simulated spikes (0-30, 30-60, 60-90.1 deg from the inner-skull normal; 90.1 closes the last at 90), from the orientation as computed; the spike locations were drawn among the cortical targets per depth band and orientation stratum
hemi,vertno,cortical,depth_mm,depth_stratum,spike_depth_band,orientation_stratum
0,841,1,16.84852341547457,15-20,10-20,30-60
0,1224,1,16.058662675388515,15-20,10-20,60-90.1
0,1329,1,15.772708288062084,15-20,10-20,60-90.1
0,1609,1,18.765606512266885,15-20,10-20,30-60
0,2103,1,18.816430022993316,15-20,10-20,30-60
0,2121,1,16.629355661798556,15-20,10-20,60-90.1
0,2198,1,19.692069268554206,15-20,10-20,60-90.1
0,2247,1,18.572880184097542,15-20,10-20,60-90.1
0,2252,1,17.3672893247602,15-20,10-20,60-90.1
0,2279,1,17.29328604524973,15-20,10-20,30-60
0,2374,1,18.921113852947027,15-20,10-20,60-90.1
0,2380,1,17.175285678180146,15-20,10-20,30-60
0,2609,1,18.660642119347912,15-20,10-20,30-60
0,2754,1,21.529583528499302,20-25,20-30,60-90.1
0,2760,1,19.148709725874546,15-20,10-20,0-30
0,2796,1,15.586759133871524,15-20,10-20,60-90.1
0,2800,1,21.05970810595152,20-25,20-30,60-90.1
0,2845,1,19.999724705250987,15-20,10-20,60-90.1
0,2891,1,19.13387636124762,15-20,10-20,60-90.1
0,2907,1,17.337962572606646,15-20,10-20,60-90.1
0,2950,1,17.119348927636633,15-20,10-20,60-90.1
0,2983,1,16.2197388755926,15-20,10-20,60-90.1
0,3247,1,19.731528380374332,15-20,10-20,0-30
0,3270,1,21.53831859994833,20-25,20-30,60-90.1
0,3332,1,18.362296460265803,15-20,10-20,60-90.1
0,3400,1,18.4583943707942,15-20,10-20,60-90.1
0,3488,1,20.802248319672145,20-25,20-30,0-30
0,3752,1,17.82242295175044,15-20,10-20,0-30
0,3784,1,18.801920810974703,15-20,10-20,60-90.1
0,3837,1,19.92258902116957,15-20,10-20,30-60
0,3939,1,21.628466639972615,20-25,20-30,30-60
0,3958,1,18.895954380358827,15-20,10-20,60-90.1
0,3962,1,17.03736145404379,15-20,10-20,60-90.1
0,4060,1,20.884253697469813,20-25,20-30,60-90.1
0,4230,1,18.816970524452966,15-20,10-20,60-90.1
0,4422,1,18.116031538840527,15-20,10-20,0-30
0,4526,1,20.876774983700546,20-25,20-30,60-90.1
0,4568,1,20.200262667122647,20-25,20-30,30-60
0,4578,1,22.297695182611857,20-25,20-30,60-90.1
0,4664,1,23.52267910086606,20-25,20-30,60-90.1
0,4922,1,17.290589241499685,15-20,10-20,60-90.1
0,4984,1,16.48058820941394,15-20,10-20,60-90.1
0,5020,1,20.052391205561378,20-25,20-30,60-90.1
0,5219,1,18.34834220543994,15-20,10-20,60-90.1
0,5230,1,18.80127911484615,15-20,10-20,30-60
0,5284,1,17.255621189637377,15-20,10-20,60-90.1
0,5307,1,21.94379434818627,20-25,20-30,60-90.1
0,5370,1,21.103656648021495,20-25,20-30,30-60
0,5430,1,24.476599120217433,20-25,20-30,60-90.1
0,5491,1,21.70820288469417,20-25,20-30,60-90.1
0,5536,1,23.344469601348052,20-25,20-30,60-90.1
0,5636,1,21.438010293731566,20-25,20-30,30-60
0,5675,1,21.828730828883437,20-25,20-30,30-60
0,5750,1,16.61225565816036,15-20,10-20,60-90.1
0,5774,1,22.06925395783803,20-25,20-30,60-90.1
0,5914,1,17.297425742745403,15-20,10-20,30-60
0,6010,1,18.8572658075271,15-20,10-20,60-90.1
0,6038,1,17.316404604024527,15-20,10-20,0-30
0,6044,1,17.206045805041473,15-20,10-20,60-90.1
0,6075,1,19.876358503936988,15-20,10-20,60-90.1
0,6079,1,20.762322852728584,20-25,20-30,60-90.1
0,6089,1,20.433877391478585,20-25,20-30,60-90.1
0,6118,1,19.789554513126983,15-20,10-20,30-60
0,6224,1,24.536183842820492,20-25,20-30,60-90.1
0,6240,1,21.338955400218268,20-25,20-30,60-90.1
0,6291,1,23.600481283358434,20-25,20-30,30-60
0,6317,1,21.468308651866508,20-25,20-30,30-60
0,6474,1,23.784159702192277,20-25,20-30,60-90.1
0,6484,1,16.84141662749967,15-20,10-20,30-60
0,6546,1,22.14578959704053,20-25,20-30,60-90.1
0,6547,1,20.243639999932466,20-25,20-30,60-90.1
0,6646,1,22.811642084200905,20-25,20-30,60-90.1
0,6664,1,21.80882388082682,20-25,20-30,30-60
0,6678,1,22.575866973278988,20-25,20-30,60-90.1
0,6862,1,19.10982962788251,15-20,10-20,30-60
0,6868,1,20.052308655797503,20-25,20-30,60-90.1
0,6931,1,18.866169402433783,15-20,10-20,30-60
0,6936,1,17.6013275328575,15-20,10-20,60-90.1
0,6987,1,18.314153077954586,15-20,10-20,60-90.1
0,7020,1,19.24262470797452,15-20,10-20,60-90.1
0,7024,1,16.085021107198045,15-20,10-20,60-90.1
0,7189,1,20.11086372021463,20-25,20-30,30-60
0,7196,1,26.294013129853855,25-30,20-30,30-60
0,7226,1,25.339526461246034,25-30,20-30,30-60
0,7230,1,18.597027196981873,15-20,10-20,30-60
0,7283,1,22.339864695080152,20-25,20-30,60-90.1
0,7285,1,20.154395164947307,20-25,20-30,60-90.1
0,7555,1,18.609891549688108,15-20,10-20,60-90.1
0,7793,1,22.147877285813887,20-25,20-30,60-90.1
0,7937,1,25.115886782861992,25-30,20-30,60-90.1
0,7944,1,25.689880066024486,25-30,20-30,60-90.1
0,7956,1,18.68555179703006,15-20,10-20,60-90.1
0,8000,1,26.244998720151365,25-30,20-30,60-90.1
0,8029,1,21.952798181939716,20-25,20-30,60-90.1
0,8054,1,26.680542223457408,25-30,20-30,60-90.1
0,8160,1,26.868531400258245,25-30,20-30,60-90.1
0,8234,1,26.26037482942685,25-30,20-30,60-90.1
0,8244,1,19.428857768577924,15-20,10-20,60-90.1
0,8299,1,17.36176170844032,15-20,10-20,60-90.1
0,8464,1,21.001396262019774,20-25,20-30,30-60
0,8548,1,20.11064566824305,20-25,20-30,30-60
0,8610,1,19.301848756263105,15-20,10-20,30-60
0,8620,1,18.864965635409405,15-20,10-20,30-60
0,8649,1,21.616258968209166,20-25,20-30,60-90.1
0,8659,1,22.284731630189373,20-25,20-30,30-60
0,8666,1,20.015805795006678,20-25,20-30,60-90.1
0,8678,1,21.41935977522608,20-25,20-30,60-90.1
0,8790,1,20.785047056581963,20-25,20-30,60-90.1
0,8805,1,22.46519814519173,20-25,20-30,60-90.1
0,8849,1,26.23166522966941,25-30,20-30,30-60
0,8879,1,25.482555443209506,25-30,20-30,60-90.1
0,9053,1,27.09701997532195,25-30,20-30,30-60
0,9063,1,21.18216392012753,20-25,20-30,60-90.1
0,9067,1,19.018501925886643,15-20,10-20,30-60
0,9126,1,19.818690392328588,15-20,10-20,60-90.1
0,9190,1,25.99026102447781,25-30,20-30,30-60
0,9282,1,25.718428413295644,25-30,20-30,60-90.1
0,9362,1,25.466618632371993,25-30,20-30,60-90.1
0,9428,1,22.752802565562234,20-25,20-30,0-30
0,9572,1,22.108467653710584,20-25,20-30,60-90.1
0,9588,1,21.305883108919012,20-25,20-30,30-60
0,9634,1,23.47658342854303,20-25,20-30,60-90.1
0,9662,1,23.65285920045553,20-25,20-30,60-90.1
0,9665,1,23.609048742438212,20-25,20-30,30-60
0,9689,1,23.68864973117096,20-25,20-30,30-60
0,9692,1,22.632557401392745,20-25,20-30,60-90.1
0,9704,1,24.923203510523162,20-25,20-30,60-90.1
0,9740,1,24.803219129412458,20-25,20-30,60-90.1
0,9745,1,24.88336658147417,20-25,20-30,60-90.1
0,9781,1,25.01855005928796,25-30,20-30,30-60
0,9793,1,16.646536263086258,15-20,10-20,60-90.1
0,9802,1,20.572491727296523,20-25,20-30,60-90.1
0,9847,1,27.676417695959568,25-30,20-30,60-90.1
0,9895,1,18.110146387483567,15-20,10-20,30-60
0,9907,1,28.036208431327697,25-30,20-30,60-90.1
0,9954,1,26.831969818400484,25-30,20-30,60-90.1
0,10011,1,23.82465081188142,20-25,20-30,60-90.1
0,10024,1,24.78619032430182,20-25,20-30,30-60
0,10188,1,18.332239977625804,15-20,10-20,30-60
0,10199,1,23.317563141354793,20-25,20-30,0-30
0,10304,1,20.218332741940287,20-25,20-30,30-60
0,10335,1,18.405675399899348,15-20,10-20,60-90.1
0,10346,1,21.699765502047825,20-25,20-30,30-60
0,10356,1,26.55221533998439,25-30,20-30,60-90.1
0,10547,1,17.986203445665268,15-20,10-20,60-90.1
0,10569,1,18.80564362567427,15-20,10-20,60-90.1
0,10626,1,20.562984212692285,20-25,20-30,60-90.1
0,10633,1,24.173933956866264,20-25,20-30,60-90.1
0,10658,1,24.23704944084164,20-25,20-30,60-90.1
0,10717,1,22.6784536141118,20-25,20-30,60-90.1
0,10749,1,25.016021370270753,25-30,20-30,60-90.1
0,10807,1,26.53056000247361,25-30,20-30,30-60
0,10846,1,19.86349540595602,15-20,10-20,60-90.1
0,10857,1,22.691032573308984,20-25,20-30,60-90.1
0,10930,1,21.69484846114454,20-25,20-30,60-90.1
0,10957,1,15.948091449630567,15-20,10-20,60-90.1
0,10967,1,26.47060698697971,25-30,20-30,60-90.1
0,11003,1,19.351615977287885,15-20,10-20,60-90.1
0,11047,1,23.960764352665823,20-25,20-30,60-90.1
0,11127,1,18.984123386156014,15-20,10-20,60-90.1
0,11167,1,24.290592651752256,20-25,20-30,60-90.1
0,11237,1,23.993746911830318,20-25,20-30,30-60
0,11262,1,28.074377645673252,25-30,20-30,60-90.1
0,11324,1,21.704265021705673,20-25,20-30,30-60
0,11330,1,17.903781450369696,15-20,10-20,60-90.1
0,11358,1,23.188779943455778,20-25,20-30,60-90.1
0,11370,1,26.44641363146158,25-30,20-30,60-90.1
0,11398,1,26.434246033848844,25-30,20-30,60-90.1
0,11534,1,20.929880834560866,20-25,20-30,60-90.1
0,11590,1,17.62724447692401,15-20,10-20,0-30
0,11698,1,21.786846730069225,20-25,20-30,60-90.1
0,11701,1,20.101738258401618,20-25,20-30,60-90.1
0,11736,1,24.46439875098037,20-25,20-30,60-90.1
0,11797,1,24.615348760495483,20-25,20-30,30-60
0,11850,1,23.27062724030645,20-25,20-30,60-90.1
0,11861,1,26.274093321156894,25-30,20-30,30-60
0,11898,1,24.45769504995112,20-25,20-30,30-60
0,11903,1,19.267689845590066,15-20,10-20,30-60
0,11963,1,16.260649669027533,15-20,10-20,60-90.1
0,11968,1,25.996852414947327,25-30,20-30,30-60
0,12003,1,18.31116475511971,15-20,10-20,0-30
0,12077,1,24.163826102141588,20-25,20-30,60-90.1
0,12095,1,26.965248024091874,25-30,20-30,60-90.1
0,12168,1,16.3549321003281,15-20,10-20,60-90.1
0,12189,1,31.190438315659687,30-40,30-45,0-30
0,12220,1,23.73744289916826,20-25,20-30,30-60
0,12232,1,28.658616342838123,25-30,20-30,60-90.1
0,12460,1,29.445523460709087,25-30,20-30,60-90.1
0,12540,1,17.922801009772908,15-20,10-20,60-90.1
0,12589,1,18.803583822599457,15-20,10-20,30-60
0,12636,1,19.021237504834147,15-20,10-20,30-60
0,12644,1,25.962029981505975,25-30,20-30,30-60
0,12722,1,19.030461296312176,15-20,10-20,0-30
0,12809,1,18.927322346418123,15-20,10-20,60-90.1
0,12865,1,22.379390775635265,20-25,20-30,60-90.1
0,12877,1,24.608480549510844,20-25,20-30,60-90.1
0,12887,1,23.418069970500525,20-25,20-30,60-90.1
0,12896,1,25.97991319471474,25-30,20-30,60-90.1
0,12922,1,19.444468078466926,15-20,10-20,60-90.1
0,12974,1,19.112610011269062,15-20,10-20,60-90.1
0,12991,1,18.221306151076767,15-20,10-20,0-30
0,13008,1,24.019235452952334,20-25,20-30,60-90.1
0,13137,1,29.036167829994813,25-30,20-30,60-90.1
0,13181,1,30.108350050861542,30-40,30-45,60-90.1
0,13249,1,31.424935715739448,30-40,30-45,60-90.1
0,13364,1,21.982932574796525,20-25,20-30,60-90.1
0,13408,1,30.93085875639174,30-40,30-45,30-60
0,13444,1,31.16472513603208,30-40,30-45,60-90.1
0,13688,1,22.55031421432944,20-25,20-30,30-60
0,13708,1,25.731149391312044,25-30,20-30,30-60
0,13937,1,21.58318729614138,20-25,20-30,60-90.1
0,14141,1,27.79801340481482,25-30,20-30,60-90.1
0,14171,1,16.454944385573786,15-20,10-20,30-60
0,14206,1,28.14424625498828,25-30,20-30,30-60
0,14293,1,18.681477497052807,15-20,10-20,60-90.1
0,14296,1,27.716139879242025,25-30,20-30,60-90.1
0,14394,1,27.3760571192812,25-30,20-30,60-90.1
0,14404,1,17.87204121358118,15-20,10-20,30-60
0,14425,1,21.959980085748562,20-25,20-30,60-90.1
0,14469,1,25.427279040655428,25-30,20-30,60-90.1
0,14507,1,20.01461587793261,20-25,20-30,60-90.1
0,14558,1,16.780853027002408,15-20,10-20,60-90.1
0,14609,1,24.310390490556134,20-25,20-30,60-90.1
0,14632,1,18.849240809596395,15-20,10-20,60-90.1
0,14639,1,23.30933228465273,20-25,20-30,30-60
0,14731,1,17.103862337984204,15-20,10-20,30-60
0,14774,1,19.18759546128431,15-20,10-20,60-90.1
0,14792,1,30.758126906219758,30-40,30-45,60-90.1
0,14820,1,27.206791969646765,25-30,20-30,30-60
0,14863,1,29.617451473269433,25-30,20-30,60-90.1
0,14931,1,27.561221186694212,25-30,20-30,60-90.1
0,15009,1,24.262892121736414,20-25,20-30,30-60
0,15078,1,18.519864156479496,15-20,10-20,30-60
0,15084,1,19.731349577240017,15-20,10-20,60-90.1
0,15121,1,21.559133749285085,20-25,20-30,60-90.1
0,15167,1,21.112257873841244,20-25,20-30,60-90.1
0,15189,1,19.428490230973352,15-20,10-20,60-90.1
0,15221,1,26.960760740348,25-30,20-30,30-60
0,15231,1,27.471190060105407,25-30,20-30,30-60
0,15247,1,28.215350285829206,25-30,20-30,60-90.1
0,15274,1,27.83714098745826,25-30,20-30,60-90.1
0,15331,1,27.386583312796777,25-30,20-30,30-60
0,15426,1,24.224950506845758,20-25,20-30,60-90.1
0,15434,1,29.706843222679744,25-30,20-30,30-60
0,15465,1,25.705960078607124,25-30,20-30,60-90.1
0,15537,1,20.70984261407188,20-25,20-30,60-90.1
0,15538,1,31.384574175141157,30-40,30-45,60-90.1
0,15581,1,31.3640927771016,30-40,30-45,60-90.1
0,15679,1,19.612130076772093,15-20,10-20,60-90.1
0,15749,1,26.47000897956098,25-30,20-30,0-30
0,15782,1,31.666601471159836,30-40,30-45,60-90.1
0,15847,1,23.891407838445883,20-25,20-30,60-90.1
0,15855,1,16.508685855913814,15-20,10-20,60-90.1
0,15869,1,19.9684436024236,15-20,10-20,30-60
0,16038,1,30.845801345059286,30-40,30-45,60-90.1
0,16269,1,21.34207369180738,20-25,20-30,60-90.1
0,16330,1,24.468994461145268,20-25,20-30,30-60
0,16333,1,19.79265749869266,15-20,10-20,60-90.1
0,16378,1,23.695241883174774,20-25,20-30,60-90.1
0,16389,1,25.081525807002155,25-30,20-30,60-90.1
0,16436,1,27.695916060708367,25-30,20-30,60-90.1
0,16448,1,26.486918017109367,25-30,20-30,60-90.1
0,16452,1,25.219982483285836,25-30,20-30,60-90.1
0,16485,1,20.293022454858296,20-25,20-30,60-90.1
0,16490,1,28.879953054723547,25-30,20-30,30-60
0,16524,1,17.343166673536476,15-20,10-20,30-60
0,16545,1,27.6659266657001,25-30,20-30,60-90.1
0,16561,1,29.612928210266002,25-30,20-30,30-60
0,16603,1,29.565531623115593,25-30,20-30,60-90.1
0,16639,1,30.7918280395327,30-40,30-45,30-60
0,16689,1,30.900392132612343,30-40,30-45,30-60
0,16707,1,31.958181047008885,30-40,30-45,0-30
0,16710,1,31.423111642043477,30-40,30-45,60-90.1
0,16806,1,27.296950662832877,25-30,20-30,60-90.1
0,16903,1,23.22019495774354,20-25,20-30,60-90.1
0,16959,1,22.04329187979031,20-25,20-30,60-90.1
0,17082,1,31.209951420515996,30-40,30-45,30-60
0,17095,1,33.61948579831753,30-40,30-45,60-90.1
0,17222,1,29.155664522181773,25-30,20-30,30-60
0,17249,1,20.402841253271607,20-25,20-30,30-60
0,17338,1,24.499448661525633,20-25,20-30,0-30
0,17421,1,21.262372667276498,20-25,20-30,30-60
0,17446,1,17.996304714986625,15-20,10-20,30-60
0,17468,1,16.967036196935688,15-20,10-20,30-60
0,17492,1,20.709260246968462,20-25,20-30,60-90.1
0,17555,1,21.938858172109796,20-25,20-30,60-90.1
0,17574,1,18.41824552657416,15-20,10-20,60-90.1
0,17617,1,23.857698469067813,20-25,20-30,60-90.1
0,17621,1,19.618026169349893,15-20,10-20,60-90.1
0,17742,1,29.74083728337573,25-30,20-30,60-90.1
0,17790,1,28.479653449303395,25-30,20-30,60-90.1
0,17791,1,23.466650294114704,20-25,20-30,60-90.1
0,17831,1,14.96612746475711,10-15,10-20,60-90.1
0,17835,1,30.692729509295184,30-40,30-45,30-60
0,17839,1,30.967819216305116,30-40,30-45,30-60
0,17850,1,23.63633864721872,20-25,20-30,60-90.1
0,17880,1,20.35253894553019,20-25,20-30,30-60
0,17883,1,15.620103514752957,15-20,10-20,60-90.1
0,17900,1,24.4230885450297,20-25,20-30,60-90.1
0,17942,1,28.913101354354993,25-30,20-30,30-60
0,17958,1,23.107882288871966,20-25,20-30,60-90.1
0,17975,1,33.15036046140572,30-40,30-45,60-90.1
0,17979,1,31.411467589418095,30-40,30-45,30-60
0,17982,1,30.4830757632222,30-40,30-45,0-30
0,18035,1,25.62918090092612,25-30,20-30,30-60
0,18051,1,32.11179160261779,30-40,30-45,60-90.1
0,18077,1,21.280920754271854,20-25,20-30,30-60
0,18124,1,35.41725902280413,30-40,30-45,60-90.1
0,18127,1,33.874663056694224,30-40,30-45,30-60
0,18149,1,31.135117144219013,30-40,30-45,30-60
0,18387,1,33.15567937836046,30-40,30-45,30-60
0,18572,1,30.353161207787746,30-40,30-45,30-60
0,18577,1,22.772655624968923,20-25,20-30,60-90.1
0,18583,1,19.154968555515488,15-20,10-20,30-60
0,18598,1,20.540542807238268,20-25,20-30,0-30
0,18674,1,19.559911213669157,15-20,10-20,60-90.1
0,18703,1,20.4760734240179,20-25,20-30,30-60
0,18707,1,18.396275557441363,15-20,10-20,60-90.1
0,18769,1,24.975585329660472,20-25,20-30,30-60
0,18818,1,22.263527377678773,20-25,20-30,60-90.1
0,18838,1,29.372926276195454,25-30,20-30,60-90.1
0,18860,1,27.372847787033457,25-30,20-30,60-90.1
0,18865,1,30.263343083391028,30-40,30-45,30-60
0,18945,1,24.09942929354137,20-25,20-30,60-90.1
0,18966,1,22.025619396146237,20-25,20-30,60-90.1
0,19002,1,31.954996053695986,30-40,30-45,30-60
0,19134,1,33.856429560982356,30-40,30-45,0-30
0,19194,1,23.59197167456911,20-25,20-30,60-90.1
0,19269,1,28.02327122078644,25-30,20-30,0-30
0,19273,1,26.43638013217878,25-30,20-30,30-60
0,19329,1,35.196399267815956,30-40,30-45,60-90.1
0,19401,1,34.03881469022021,30-40,30-45,30-60
0,19610,1,18.47303350589347,15-20,10-20,30-60
0,19677,1,26.238879155657425,25-30,20-30,30-60
0,19789,1,17.36128162905389,15-20,10-20,60-90.1
0,19855,1,17.201409654206447,15-20,10-20,60-90.1
0,19940,1,22.079631970082648,20-25,20-30,60-90.1
0,19960,1,27.857763403033413,25-30,20-30,30-60
0,19966,1,22.744512764954678,20-25,20-30,60-90.1
0,20007,1,26.143809811304234,25-30,20-30,30-60
0,20065,1,30.834615899956287,30-40,30-45,60-90.1
0,20106,1,28.33341039541014,25-30,20-30,30-60
0,20115,1,31.350627124531716,30-40,30-45,60-90.1
0,20124,1,30.056369499654597,30-40,30-45,30-60
0,20166,1,32.90166833297132,30-40,30-45,30-60
0,20186,1,19.361899464510422,15-20,10-20,60-90.1
0,20195,1,29.866994758759656,25-30,20-30,60-90.1
0,20253,1,16.39939960045002,15-20,10-20,60-90.1
0,20282,1,16.397290836127308,15-20,10-20,30-60
0,20335,1,36.033297173273574,30-40,30-45,30-60
0,20339,1,25.95920165134493,25-30,20-30,60-90.1
0,20475,1,36.83330837656569,30-40,30-45,60-90.1
0,20527,1,25.287634412936654,25-30,20-30,60-90.1
0,20647,1,19.099400081371286,15-20,10-20,0-30
0,20758,1,34.416874437355986,30-40,30-45,60-90.1
0,20830,1,31.109062768850713,30-40,30-45,60-90.1
0,20853,1,19.957066944101356,15-20,10-20,60-90.1
0,20999,1,19.773130986707454,15-20,10-20,60-90.1
0,21002,1,19.225523932513884,15-20,10-20,30-60
0,21035,1,19.836747138399804,15-20,10-20,30-60
0,21041,1,24.64974533050997,20-25,20-30,60-90.1
0,21050,1,25.052110846102497,25-30,20-30,30-60
0,21082,1,25.725022827224123,25-30,20-30,30-60
0,21091,1,20.87077510483755,20-25,20-30,60-90.1
0,21093,1,27.106321553567433,25-30,20-30,60-90.1
0,21135,1,26.518286779148028,25-30,20-30,60-90.1
0,21231,1,29.97971051519675,25-30,20-30,60-90.1
0,21261,1,31.24025192179137,30-40,30-45,60-90.1
0,21288,1,32.16532447424121,30-40,30-45,60-90.1
0,21329,1,32.73047754377729,30-40,30-45,30-60
0,21445,1,21.325002259559238,20-25,20-30,30-60
0,21452,1,34.88368294319421,30-40,30-45,0-30
0,21511,1,34.63682597388323,30-40,30-45,60-90.1
0,21610,1,24.85219188910767,20-25,20-30,60-90.1
0,21706,1,21.489360981715137,20-25,20-30,60-90.1
0,21740,1,33.55683576758784,30-40,30-45,60-90.1
0,21811,1,18.207765886849764,15-20,10-20,60-90.1
0,21894,1,16.213931347409062,15-20,10-20,60-90.1
0,21899,1,35.4874366569535,30-40,30-45,30-60
0,21956,1,31.32299749379014,30-40,30-45,30-60
0,22056,1,25.804182512550724,25-30,20-30,30-60
0,22107,1,18.89095244447083,15-20,10-20,30-60
0,22135,1,22.405426519623607,20-25,20-30,30-60
0,22174,1,23.11682411175099,20-25,20-30,60-90.1
0,22208,1,24.169431739277243,20-25,20-30,30-60
0,22296,1,25.14380878219256,25-30,20-30,60-90.1
0,22322,1,17.865069062758028,15-20,10-20,60-90.1
0,22339,1,28.451065489941733,25-30,20-30,60-90.1
0,22374,1,33.12564419957807,30-40,30-45,30-60
0,22412,1,24.065834249224032,20-25,20-30,60-90.1
0,22417,1,16.84215017500516,15-20,10-20,60-90.1
0,22511,1,31.916089910170594,30-40,30-45,30-60
0,22517,1,33.94948076425339,30-40,30-45,60-90.1
0,22568,1,30.120463889729375,30-40,30-45,60-90.1
0,22602,1,25.69385374951754,25-30,20-30,60-90.1
0,22770,1,35.5973192077333,30-40,30-45,60-90.1
0,22778,1,18.85730034384398,15-20,10-20,60-90.1
0,22788,1,37.87859983535331,30-40,30-45,30-60
0,22957,1,24.971096052124537,20-25,20-30,60-90.1
0,22982,1,21.8354117860076,20-25,20-30,60-90.1
0,23010,1,16.759649739943917,15-20,10-20,60-90.1
0,23075,1,30.17940839698807,30-40,30-45,30-60
0,23089,1,34.03239482521523,30-40,30-45,30-60
0,23135,1,35.10646020849038,30-40,30-45,30-60
0,23174,1,28.85580709530732,25-30,20-30,30-60
0,23188,1,23.136725546818,20-25,20-30,30-60
0,23216,1,23.068116179921983,20-25,20-30,60-90.1
0,23275,1,22.924994932169362,20-25,20-30,60-90.1
0,23304,1,18.82215211812386,15-20,10-20,30-60
0,23311,1,23.23002270309519,20-25,20-30,60-90.1
0,23332,1,22.919834017415045,20-25,20-30,60-90.1
0,23360,1,27.93988727329347,25-30,20-30,60-90.1
0,23372,1,24.891982829130303,20-25,20-30,60-90.1
0,23382,1,29.721373456101333,25-30,20-30,30-60
0,23389,1,29.07818088427641,25-30,20-30,0-30
0,23540,1,31.013370567262072,30-40,30-45,60-90.1
0,23547,1,20.13530327677778,20-25,20-30,30-60
0,23660,1,24.171757860478785,20-25,20-30,60-90.1
0,23686,1,21.26714328325337,20-25,20-30,60-90.1
0,23688,1,36.00178310171901,30-40,30-45,30-60
0,23715,1,30.47325654108522,30-40,30-45,60-90.1
0,23753,1,18.22514719877534,15-20,10-20,60-90.1
0,23759,1,29.415474387540826,25-30,20-30,60-90.1
0,23801,1,16.022384290849367,15-20,10-20,60-90.1
0,23835,1,26.07855492311818,25-30,20-30,60-90.1
0,23927,1,27.85545821000761,25-30,20-30,30-60
0,23947,1,19.93965102227001,15-20,10-20,60-90.1
0,23962,1,25.16262919679044,25-30,20-30,60-90.1
0,23975,1,37.959845198234895,30-40,30-45,0-30
0,24068,1,38.74393452154024,30-40,30-45,60-90.1
0,24102,1,37.15139433941936,30-40,30-45,30-60
0,24119,1,38.12696028945365,30-40,30-45,60-90.1
0,24127,1,34.29468949064635,30-40,30-45,30-60
0,24184,1,37.61752395986717,30-40,30-45,0-30
0,24227,1,17.734540345580367,15-20,10-20,60-90.1
0,24273,1,25.921693676677364,25-30,20-30,30-60
0,24313,1,28.562852958843816,25-30,20-30,30-60
0,24415,1,17.462946052922884,15-20,10-20,60-90.1
0,24449,1,18.44385737105147,15-20,10-20,60-90.1
0,24465,1,16.06466248714089,15-20,10-20,0-30
0,24540,1,22.122689644485824,20-25,20-30,30-60
0,24628,1,21.459501703314547,20-25,20-30,60-90.1
0,24676,1,17.01731850343816,15-20,10-20,30-60
0,24699,1,35.05123064411065,30-40,30-45,60-90.1
0,24762,1,25.2945627913277,25-30,20-30,30-60
0,24777,1,35.33423169963742,30-40,30-45,60-90.1
0,24814,1,15.32370899571841,15-20,10-20,60-90.1
0,24854,1,36.17068124138677,30-40,30-45,60-90.1
0,24857,1,28.48003452089339,25-30,20-30,30-60
0,24887,1,29.006621238812922,25-30,20-30,60-90.1
0,24911,1,20.387000926665596,20-25,20-30,60-90.1
0,24928,1,22.7092581513215,20-25,20-30,60-90.1
0,24942,1,38.007981684875176,30-40,30-45,30-60
0,24957,1,35.976634231138775,30-40,30-45,60-90.1
0,24991,1,34.92416902971058,30-40,30-45,30-60
0,25169,1,38.636066667067865,30-40,30-45,0-30
0,25248,1,34.09518778391381,30-40,30-45,30-60
0,25356,1,23.005951975928333,20-25,20-30,60-90.1
0,25518,1,33.35476520788907,30-40,30-45,60-90.1
0,25530,1,25.766325483059173,25-30,20-30,0-30
0,25578,1,19.60287781567621,15-20,10-20,30-60
0,25625,1,18.377712439435076,15-20,10-20,30-60
0,25669,1,22.14361781934536,20-25,20-30,30-60
0,25709,1,26.319180679266516,25-30,20-30,60-90.1
0,25718,1,18.73346941779475,15-20,10-20,30-60
0,25768,1,27.16469370229639,25-30,20-30,60-90.1
0,25795,1,27.126088006884487,25-30,20-30,60-90.1
0,25834,1,32.920719633355176,30-40,30-45,30-60
0,25837,1,32.58708645089837,30-40,30-45,30-60
0,25841,1,27.769017225936896,25-30,20-30,60-90.1
0,25884,1,30.74922832011874,30-40,30-45,60-90.1
0,25930,1,20.193999940141477,20-25,20-30,60-90.1
0,25934,1,16.18871961048141,15-20,10-20,30-60
0,25967,1,35.88946181809152,30-40,30-45,30-60
0,25988,1,23.011594435048025,20-25,20-30,60-90.1
0,26013,1,16.05936439634865,15-20,10-20,60-90.1
0,26042,1,36.290169387366646,30-40,30-45,30-60
0,26057,1,18.956870967420866,15-20,10-20,60-90.1
0,26089,1,36.64423489368002,30-40,30-45,30-60
0,26094,1,34.33220676995108,30-40,30-45,30-60
0,26336,1,28.481977363025223,25-30,20-30,30-60
0,26399,1,15.660613722426937,15-20,10-20,30-60
0,26428,1,23.83699802532737,20-25,20-30,60-90.1
0,26434,1,36.70982352147832,30-40,30-45,30-60
0,26554,1,15.657496810471708,15-20,10-20,60-90.1
0,26565,1,38.13712949178991,30-40,30-45,30-60
0,26672,1,29.602872865126663,25-30,20-30,60-90.1
0,26726,1,23.087558266371413,20-25,20-30,0-30
0,26744,1,34.39936702837649,30-40,30-45,60-90.1
0,26832,1,28.309258347726118,25-30,20-30,0-30
0,26979,1,17.27217001179606,15-20,10-20,30-60
0,27021,1,22.24168774450381,20-25,20-30,60-90.1
0,27034,1,27.112087402268656,25-30,20-30,30-60
0,27059,1,30.318291441976577,30-40,30-45,60-90.1
0,27091,1,21.579963278268778,20-25,20-30,60-90.1
0,27094,1,15.730688100073467,15-20,10-20,30-60
0,27099,1,30.750813786175435,30-40,30-45,60-90.1
0,27262,1,37.57796560387197,30-40,30-45,60-90.1
0,27294,1,33.72810009257837,30-40,30-45,60-90.1
0,27338,1,21.303771371306954,20-25,20-30,60-90.1
0,27410,1,37.85897430846239,30-40,30-45,60-90.1
0,27416,1,35.24812786301809,30-40,30-45,30-60
0,27456,1,16.382610574177495,15-20,10-20,60-90.1
0,27462,1,38.1372483370047,30-40,30-45,0-30
0,27500,1,39.17464358992068,30-40,30-45,30-60
0,27503,1,27.12929352140662,25-30,20-30,60-90.1
0,27577,1,28.433840065340487,25-30,20-30,60-90.1
0,27653,1,20.883101922199018,20-25,20-30,60-90.1
0,27669,1,36.45170844492118,30-40,30-45,30-60
0,27768,1,41.46121886757537,40-50,30-45,30-60
0,27794,1,37.54029692610081,30-40,30-45,0-30
0,27818,1,21.52772428276702,20-25,20-30,60-90.1
0,28118,1,20.511144984205675,20-25,20-30,60-90.1
0,28167,1,24.262167242396124,20-25,20-30,30-60
0,28240,1,18.240465074313253,15-20,10-20,30-60
0,28259,1,18.20036319149428,15-20,10-20,30-60
0,28301,1,21.10510562641797,20-25,20-30,60-90.1
0,28327,1,24.025447520459178,20-25,20-30,60-90.1
0,28381,1,28.480138236559736,25-30,20-30,30-60
0,28434,1,18.03187885778307,15-20,10-20,60-90.1
0,28445,1,31.07726878518456,30-40,30-45,60-90.1
0,28509,1,20.581149586461247,20-25,20-30,60-90.1
0,28525,1,35.87116787680737,30-40,30-45,30-60
0,28566,1,25.155932486757703,25-30,20-30,60-90.1
0,28648,1,38.19302414647389,30-40,30-45,60-90.1
0,28682,1,28.242966729920603,25-30,20-30,30-60
0,28889,1,40.01882622666835,40-50,30-45,30-60
0,28903,1,20.527983804113852,20-25,20-30,30-60
0,28925,1,40.66744736601772,40-50,30-45,60-90.1
0,28949,1,41.17994506562178,40-50,30-45,30-60
0,28964,1,24.37701419600093,20-25,20-30,60-90.1
0,28986,1,41.88346911761296,40-50,30-45,30-60
0,29042,1,21.417762282362915,20-25,20-30,60-90.1
0,29086,1,27.845298694764526,25-30,20-30,30-60
0,29280,1,23.432416116858963,20-25,20-30,60-90.1
0,29319,1,18.409872785115997,15-20,10-20,30-60
0,29348,1,40.562787082237634,40-50,30-45,60-90.1
0,29353,1,35.53072489890007,30-40,30-45,0-30
0,29370,1,38.86256483681855,30-40,30-45,0-30
0,29437,1,33.891409277020465,30-40,30-45,30-60
0,29469,1,36.13160799339163,30-40,30-45,30-60
0,29476,1,25.715896969503063,25-30,20-30,30-60
0,29519,1,18.650342147121638,15-20,10-20,60-90.1
0,29581,1,15.23062009615571,15-20,10-20,0-30
0,29612,1,17.297740360316045,15-20,10-20,30-60
0,29633,1,22.359574353498022,20-25,20-30,60-90.1
0,29674,1,23.351758520457004,20-25,20-30,30-60
0,29678,1,16.46613833574266,15-20,10-20,60-90.1
0,29787,1,26.170526617874998,25-30,20-30,60-90.1
0,29790,1,20.754794978352788,20-25,20-30,30-60
0,29822,1,25.999060269388863,25-30,20-30,60-90.1
0,29884,1,30.015094507405504,30-40,30-45,60-90.1
0,29891,1,19.12342090711039,15-20,10-20,30-60
0,29946,1,16.388104381940845,15-20,10-20,60-90.1
0,30001,1,28.099853036764923,25-30,20-30,60-90.1
0,30039,1,39.320770932118116,30-40,30-45,60-90.1
0,30056,1,25.533692169669166,25-30,20-30,0-30
0,30070,1,39.192089943801484,30-40,30-45,30-60
0,30125,1,19.48690136244751,15-20,10-20,60-90.1
0,30141,1,25.18108358125592,25-30,20-30,30-60
0,30151,1,40.47827435496046,40-50,30-45,30-60
0,30195,1,24.85513504368791,20-25,20-30,60-90.1
0,30244,1,31.20396601089727,30-40,30-45,30-60
0,30269,1,41.40446100194584,40-50,30-45,60-90.1
0,30335,1,40.33894047794646,40-50,30-45,0-30
0,30348,1,42.74809548595149,40-50,30-45,30-60
0,30359,1,25.71119070119705,25-30,20-30,60-90.1
0,30467,1,17.114824170226246,15-20,10-20,30-60
0,30493,1,41.41026553708772,40-50,30-45,30-60
0,30579,1,42.3454110881408,40-50,30-45,60-90.1
0,30684,1,21.575460427329087,20-25,20-30,60-90.1
0,30737,1,28.983546597331433,25-30,20-30,0-30
0,30780,1,33.35320540354851,30-40,30-45,60-90.1
0,30800,1,23.09579455285538,20-25,20-30,60-90.1
0,30968,1,21.523750775073644,20-25,20-30,30-60
0,30973,1,17.592503611008762,15-20,10-20,30-60
0,30983,1,27.60731203447245,25-30,20-30,30-60
0,30990,1,20.489114237223777,20-25,20-30,30-60
0,31078,1,30.481344749512623,30-40,30-45,30-60
0,31108,1,25.661900458916083,25-30,20-30,60-90.1
0,31143,1,23.24140680968219,20-25,20-30,60-90.1
0,31226,1,32.95036366483453,30-40,30-45,60-90.1
0,31264,1,23.947143142020586,20-25,20-30,60-90.1
0,31265,1,20.456040817598236,20-25,20-30,30-60
0,31375,1,22.672760089440768,20-25,20-30,60-90.1
0,31402,1,41.33882455074755,40-50,30-45,60-90.1
0,31411,1,35.25468105234166,30-40,30-45,30-60
0,31448,1,24.051385780485273,20-25,20-30,60-90.1
0,31477,1,41.35015071160745,40-50,30-45,60-90.1
0,31478,1,41.488272357028826,40-50,30-45,30-60
0,31509,1,16.743619855353916,15-20,10-20,60-90.1
0,31684,1,17.373884535446503,15-20,10-20,60-90.1
0,31729,1,43.26044275868564,40-50,30-45,30-60
0,31738,1,23.598139030424257,20-25,20-30,60-90.1
0,31844,1,44.16824110201062,40-50,30-45,60-90.1
0,31877,1,39.79086879951903,30-40,30-45,60-90.1
0,31956,1,40.615837007992546,40-50,30-45,60-90.1
0,31988,1,21.318899030078995,20-25,20-30,60-90.1
0,32070,1,17.522132310457316,15-20,10-20,30-60
0,32093,1,16.845615973903833,15-20,10-20,30-60
0,32100,1,19.570130179976,15-20,10-20,30-60
0,32145,1,19.740673476886624,15-20,10-20,60-90.1
0,32176,1,24.462481437781943,20-25,20-30,60-90.1
0,32267,1,17.482313728812482,15-20,10-20,30-60
0,32352,1,20.568356189280287,20-25,20-30,60-90.1
0,32360,1,32.994818236277716,30-40,30-45,60-90.1
0,32379,1,34.10058255662108,30-40,30-45,60-90.1
0,32383,1,30.277529901609178,30-40,30-45,60-90.1
0,32396,1,34.49562721116179,30-40,30-45,30-60
0,32427,1,34.09206472812923,30-40,30-45,60-90.1
0,32461,1,21.5712433602118,20-25,20-30,60-90.1
0,32566,1,39.358434778686195,30-40,30-45,60-90.1
0,32651,1,23.447040423511375,20-25,20-30,60-90.1
0,32661,1,41.084499668580264,40-50,30-45,60-90.1
0,32669,1,35.50928108147945,30-40,30-45,30-60
0,32687,1,20.35041924981896,20-25,20-30,60-90.1
0,32748,1,33.743867862355614,30-40,30-45,60-90.1
0,32801,1,29.127789774991985,25-30,20-30,60-90.1
0,32808,1,19.904873316654104,15-20,10-20,60-90.1
0,32912,1,43.76358036230692,40-50,30-45,30-60
0,32993,1,44.98506702355943,40-50,30-45,60-90.1
0,33094,1,16.624863422884673,15-20,10-20,60-90.1
0,33170,1,38.24109320893737,30-40,30-45,60-90.1
0,33203,1,35.6143268638508,30-40,30-45,30-60
0,33205,1,29.39829682446433,25-30,20-30,60-90.1
0,33241,1,44.7315980711573,40-50,30-45,60-90.1
0,33270,1,26.332663289381294,25-30,20-30,60-90.1
0,33291,1,43.396661728034964,40-50,30-45,30-60
0,33298,1,33.93378743141331,30-40,30-45,30-60
0,33321,1,31.431657146343426,30-40,30-45,30-60
0,33396,1,24.313896768297724,20-25,20-30,60-90.1
0,33439,1,22.60469258298053,20-25,20-30,30-60
0,33447,1,17.516233795065823,15-20,10-20,60-90.1
0,33480,1,20.58622048135418,20-25,20-30,60-90.1
0,33514,1,22.97026986852468,20-25,20-30,60-90.1
0,33543,1,16.502644329382385,15-20,10-20,30-60
0,33608,1,17.78584768542421,15-20,10-20,60-90.1
0,33614,1,26.273876329345352,25-30,20-30,60-90.1
0,33690,1,25.10809198270514,25-30,20-30,30-60
0,33741,1,37.88435876035095,30-40,30-45,60-90.1
0,33772,1,37.78808507150067,30-40,30-45,0-30
0,33861,1,39.799466131434876,30-40,30-45,30-60
0,33877,1,27.87971055661939,25-30,20-30,60-90.1
0,33882,1,16.98540709084103,15-20,10-20,30-60
0,33923,1,41.03996654744702,40-50,30-45,60-90.1
0,33991,1,42.992865647223795,40-50,30-45,0-30
0,33995,1,42.342541063441224,40-50,30-45,30-60
0,34047,1,16.807704776244947,15-20,10-20,30-60
0,34078,1,43.21996317957967,40-50,30-45,0-30
0,34109,1,23.74666493055369,20-25,20-30,30-60
0,34125,1,26.507484696428563,25-30,20-30,60-90.1
0,34135,1,44.401240394628786,40-50,30-45,0-30
0,34184,1,45.75410998138378,40-50,45-70,30-60
0,34186,1,44.89814821605011,40-50,30-45,30-60
0,34192,1,30.64336497894241,30-40,30-45,60-90.1
0,34234,1,45.12014849735166,40-50,45-70,30-60
0,34245,1,26.986600446771376,25-30,20-30,60-90.1
0,34278,1,45.44189934965216,40-50,45-70,30-60
0,34388,1,27.802072184302034,25-30,20-30,60-90.1
0,34578,1,39.47955723977193,30-40,30-45,60-90.1
0,34672,1,22.64329380617181,20-25,20-30,60-90.1
0,34698,1,24.88041287302317,20-25,20-30,30-60
0,34704,1,23.35736047862143,20-25,20-30,60-90.1
0,34712,1,20.199654828383593,20-25,20-30,60-90.1
0,34752,1,27.24220098636836,25-30,20-30,60-90.1
0,34760,1,15.771822956512173,15-20,10-20,60-90.1
0,34792,1,20.723740915874902,20-25,20-30,30-60
0,34796,1,14.276997981565563,10-15,10-20,60-90.1
0,34799,1,30.197246695311915,30-40,30-45,60-90.1
0,34840,1,25.90825823548409,25-30,20-30,60-90.1
0,34930,1,31.067403590967423,30-40,30-45,60-90.1
0,34977,1,39.53230548159472,30-40,30-45,0-30
0,34988,1,15.863419537380942,15-20,10-20,60-90.1
0,35019,1,34.51482349893408,30-40,30-45,30-60
0,35098,1,31.68918615367126,30-40,30-45,60-90.1
0,35140,1,42.491993545893266,40-50,30-45,0-30
0,35168,1,33.15190370873434,30-40,30-45,60-90.1
0,35185,1,19.717127669620613,15-20,10-20,60-90.1
0,35207,1,23.546473485262762,20-25,20-30,30-60
0,35409,1,42.37506160693076,40-50,30-45,30-60
0,35464,1,22.956629106650105,20-25,20-30,60-90.1
0,35469,1,47.46800170838356,40-50,45-70,30-60
0,35526,1,46.96580291733272,40-50,45-70,0-30
0,35531,1,38.195295503554945,30-40,30-45,60-90.1
0,35656,1,43.38331415397054,40-50,30-45,60-90.1
0,35752,1,23.378617165562666,20-25,20-30,60-90.1
0,35796,1,38.037524282939366,30-40,30-45,60-90.1
0,35839,1,29.36770643960014,25-30,20-30,0-30
0,35885,1,19.042763370923325,15-20,10-20,30-60
0,35940,1,22.192614654214513,20-25,20-30,60-90.1
0,35955,1,26.816408233231318,25-30,20-30,60-90.1
0,35989,1,29.863467528793628,25-30,20-30,60-90.1
0,36032,1,27.76840115749511,25-30,20-30,30-60
0,36116,1,30.083561261838245,30-40,30-45,60-90.1
0,36197,1,30.932686042935487,30-40,30-45,60-90.1
0,36230,1,29.129912306998776,25-30,20-30,60-90.1
0,36233,1,24.94780394898979,20-25,20-30,60-90.1
0,36281,1,23.845985770426825,20-25,20-30,60-90.1
0,36342,1,43.09568173891387,40-50,30-45,60-90.1
0,36352,1,27.26651364634631,25-30,20-30,60-90.1
0,36369,1,36.848108286193835,30-40,30-45,30-60
0,36375,1,43.74788262136255,40-50,30-45,0-30
0,36405,1,45.17528280906533,40-50,45-70,30-60
0,36463,1,44.74027458470976,40-50,30-45,30-60
0,36479,1,17.66495255074068,15-20,10-20,60-90.1
0,36522,1,22.397526655565624,20-25,20-30,60-90.1
0,36525,1,18.713639533037178,15-20,10-20,60-90.1
0,36549,1,43.148251374097796,40-50,30-45,60-90.1
0,36589,1,47.78904832780222,40-50,45-70,60-90.1
0,36634,1,43.68468271253512,40-50,30-45,60-90.1
0,36679,1,43.70331187577048,40-50,30-45,60-90.1
0,36757,1,47.81019727029494,40-50,45-70,60-90.1
0,36789,1,44.489387291184634,40-50,30-45,60-90.1
0,36823,1,18.297228181271418,15-20,10-20,30-60
0,36887,1,41.91396492910789,40-50,30-45,30-60
0,36913,1,27.702948448297295,25-30,20-30,60-90.1
0,36924,1,37.05243159148191,30-40,30-45,30-60
0,36973,1,29.38711535871846,25-30,20-30,0-30
0,37016,1,34.617629368282394,30-40,30-45,0-30
0,37114,1,20.34583975429343,20-25,20-30,60-90.1
0,37129,1,18.43740846467491,15-20,10-20,60-90.1
0,37177,1,25.581448768411512,25-30,20-30,60-90.1
0,37194,1,24.08757712689207,20-25,20-30,30-60
0,37292,1,31.150283600575346,30-40,30-45,30-60
0,37311,1,34.650140125336875,30-40,30-45,60-90.1
0,37335,1,36.71786378543384,30-40,30-45,60-90.1
0,37354,1,15.726847783917394,15-20,10-20,60-90.1
0,37394,1,18.783566918378554,15-20,10-20,60-90.1
0,37411,1,26.81925410022917,25-30,20-30,60-90.1
0,37427,1,38.980699256902646,30-40,30-45,0-30
0,37646,1,16.818820352323993,15-20,10-20,60-90.1
0,37661,1,46.19497654513995,40-50,45-70,60-90.1
0,37668,1,15.556472055035725,15-20,10-20,60-90.1
0,37688,1,47.35416706192221,40-50,45-70,30-60
0,37720,1,29.416021246110358,25-30,20-30,60-90.1
0,37741,1,33.56664070312841,30-40,30-45,0-30
0,37827,1,46.916417455695935,40-50,45-70,60-90.1
0,37919,1,43.72097878420993,40-50,30-45,30-60
0,37958,1,15.370147184053645,15-20,10-20,60-90.1
0,37987,1,39.685139232525394,30-40,30-45,60-90.1
0,38101,1,34.50563813045394,30-40,30-45,60-90.1
0,38181,1,31.420117556678978,30-40,30-45,0-30
0,38199,1,21.774346029525475,20-25,20-30,60-90.1
0,38345,1,23.693954128144416,20-25,20-30,30-60
0,38351,1,21.467193855143915,20-25,20-30,60-90.1
0,38358,1,15.457092209549568,15-20,10-20,60-90.1
0,38412,1,21.54623265261476,20-25,20-30,30-60
0,38440,1,26.534468613895054,25-30,20-30,60-90.1
0,38466,1,16.885093539322714,15-20,10-20,60-90.1
0,38516,1,23.09376105581532,20-25,20-30,30-60
0,38564,1,28.239873906052328,25-30,20-30,60-90.1
0,38633,1,23.46175826813945,20-25,20-30,30-60
0,38695,1,21.970237965881335,20-25,20-30,30-60
0,38730,1,35.55900316091991,30-40,30-45,30-60
0,38740,1,19.10614621894682,15-20,10-20,60-90.1
0,38771,1,15.794265655137053,15-20,10-20,60-90.1
0,38791,1,22.755169771050817,20-25,20-30,60-90.1
0,38848,1,45.04337416134156,40-50,45-70,60-90.1
0,38866,1,46.22569777109877,40-50,45-70,30-60
0,38874,1,21.320950343200746,20-25,20-30,60-90.1
0,38908,1,47.16652919948937,40-50,45-70,0-30
0,38968,1,24.903163139420535,20-25,20-30,30-60
0,38998,1,14.466261623491464,10-15,10-20,60-90.1
0,39038,1,31.89751375038772,30-40,30-45,30-60
0,39057,1,20.46337887137986,20-25,20-30,60-90.1
0,39090,1,49.755941767057706,40-50,45-70,60-90.1
0,39388,1,45.96528873434563,40-50,45-70,60-90.1
0,39406,1,42.51298244873371,40-50,30-45,30-60
0,39441,1,27.34084600503132,25-30,20-30,30-60
0,39466,1,19.26584576898065,15-20,10-20,60-90.1
0,39509,1,27.450500620163538,25-30,20-30,60-90.1
0,39514,1,24.846125331701355,20-25,20-30,60-90.1
0,39541,1,15.360413249838242,15-20,10-20,0-30
0,39552,1,16.694273815397935,15-20,10-20,0-30
0,39606,1,15.07111539604795,15-20,10-20,60-90.1
0,39681,1,25.412743585044737,25-30,20-30,30-60
0,39699,1,22.74396718637674,20-25,20-30,60-90.1
0,39731,1,20.286364649029462,20-25,20-30,30-60
0,39780,1,31.549905723687903,30-40,30-45,60-90.1
0,39785,1,28.598339340292476,25-30,20-30,30-60
0,39817,1,16.89806005128312,15-20,10-20,30-60
0,39855,1,20.970252357274347,20-25,20-30,30-60
0,39948,1,39.94315443782323,30-40,30-45,60-90.1
0,39956,1,20.642926056369387,20-25,20-30,60-90.1
0,39998,1,40.18397487145131,40-50,30-45,30-60
0,40078,1,42.74043158214081,40-50,30-45,60-90.1
0,40098,1,26.41453797358742,25-30,20-30,60-90.1
0,40126,1,31.146689041800776,30-40,30-45,60-90.1
0,40132,1,20.245481432039014,20-25,20-30,60-90.1
0,40136,1,37.260461372256636,30-40,30-45,0-30
0,40157,1,24.219754404187206,20-25,20-30,30-60
0,40226,1,22.058094379912525,20-25,20-30,60-90.1
0,40273,1,48.82807471902803,40-50,45-70,30-60
0,40315,1,50.701240478999004,50-60,45-70,60-90.1
0,40377,1,16.189323687761725,15-20,10-20,30-60
0,40384,1,49.37190446929729,40-50,45-70,60-90.1
0,40404,1,25.833113660800052,25-30,20-30,30-60
0,40433,1,20.539359566031216,20-25,20-30,60-90.1
0,40435,1,17.8528899665344,15-20,10-20,60-90.1
0,40575,1,29.538821397401513,25-30,20-30,60-90.1
0,40579,1,48.44781846244729,40-50,45-70,60-90.1
0,40618,1,40.54434963772297,40-50,30-45,30-60
0,40735,1,39.224342762041275,30-40,30-45,60-90.1
0,40812,1,30.16652675137814,30-40,30-45,60-90.1
0,40847,1,16.49326488024779,15-20,10-20,60-90.1
0,40876,1,17.540982623837827,15-20,10-20,60-90.1
0,40941,1,20.060490041451963,20-25,20-30,30-60
0,40998,1,17.142728698092323,15-20,10-20,30-60
0,41002,1,26.590887273406743,25-30,20-30,30-60
0,41016,1,25.499442521008856,25-30,20-30,60-90.1
0,41031,1,24.921120726465762,20-25,20-30,60-90.1
0,41168,1,13.636023252816717,10-15,10-20,30-60
0,41184,1,32.23097907316484,30-40,30-45,60-90.1
0,41273,1,41.71618511087862,40-50,30-45,60-90.1
0,41289,1,15.938239983849904,15-20,10-20,30-60
0,41310,1,34.377755784868214,30-40,30-45,30-60
0,41366,1,29.09130963540145,25-30,20-30,60-90.1
0,41374,1,46.428535255367294,40-50,45-70,0-30
0,41398,1,45.44570471983845,40-50,45-70,30-60
0,41461,1,47.6590960936533,40-50,45-70,0-30
0,41488,1,48.11559468495466,40-50,45-70,0-30
0,41494,1,17.937191873248064,15-20,10-20,60-90.1
0,41525,1,20.083155102330746,20-25,20-30,60-90.1
0,41629,1,28.535021187112438,25-30,20-30,60-90.1
0,41673,1,48.54949010868971,40-50,45-70,60-90.1
0,41738,1,37.888114127841426,30-40,30-45,60-90.1
0,41740,1,29.797388373304035,25-30,20-30,30-60
0,41877,1,43.38817050030297,40-50,30-45,30-60
0,41926,1,43.424781491587176,40-50,30-45,30-60
0,41967,1,32.609646997148715,30-40,30-45,30-60
0,41981,1,24.696195515432812,20-25,20-30,60-90.1
0,41988,1,37.05968681056559,30-40,30-45,60-90.1
0,42035,1,21.95405245123637,20-25,20-30,30-60
0,42108,1,15.98267112769532,15-20,10-20,30-60
0,42118,1,22.032005983768883,20-25,20-30,60-90.1
0,42181,1,22.70745917611075,20-25,20-30,60-90.1
0,42198,1,13.708242516410568,10-15,10-20,30-60
0,42206,1,19.777856141236633,15-20,10-20,60-90.1
0,42222,1,22.651100380514542,20-25,20-30,60-90.1
0,42243,1,28.89111633664812,25-30,20-30,60-90.1
0,42245,1,27.635076092974145,25-30,20-30,0-30
0,42280,1,20.965703636407742,20-25,20-30,30-60
0,42296,1,24.618011059494588,20-25,20-30,60-90.1
0,42380,1,24.152538783268874,20-25,20-30,60-90.1
0,42398,1,34.72401509261254,30-40,30-45,30-60
0,42412,1,37.6926006800464,30-40,30-45,60-90.1
0,42477,1,30.70595746398657,30-40,30-45,60-90.1
0,42482,1,22.70084543345748,20-25,20-30,30-60
0,42515,1,19.20839845263464,15-20,10-20,30-60
0,42541,1,41.86774036047583,40-50,30-45,60-90.1
0,42571,1,32.128757181289316,30-40,30-45,60-90.1
0,42606,1,43.61238815992582,40-50,30-45,30-60
0,42671,1,34.382978435178686,30-40,30-45,60-90.1
0,42677,1,47.25008838705935,40-50,45-70,30-60
0,42684,1,14.034113124744923,10-15,10-20,60-90.1
0,42703,1,48.90390058572332,40-50,45-70,0-30
0,42729,1,49.30389934827645,40-50,45-70,0-30
0,42751,1,49.67237757237364,40-50,45-70,60-90.1
0,42795,1,32.83253543557726,30-40,30-45,30-60
0,42800,1,15.10637346619711,15-20,10-20,60-90.1
0,42829,1,51.19098468933251,50-60,45-70,30-60
0,42959,1,48.633932634121074,40-50,45-70,60-90.1
0,42962,1,44.73894726187662,40-50,30-45,60-90.1
0,43050,1,47.498530829232415,40-50,45-70,30-60
0,43057,1,23.379330836580486,20-25,20-30,60-90.1
0,43068,1,44.36543846252496,40-50,30-45,30-60
0,43116,1,45.75660241885838,40-50,45-70,30-60
0,43170,1,36.87969976583334,30-40,30-45,0-30
0,43178,1,28.52875918433311,25-30,20-30,60-90.1
0,43180,1,19.445463002351065,15-20,10-20,60-90.1
0,43279,1,27.757203220586494,25-30,20-30,60-90.1
0,43320,1,13.181276540799914,10-15,10-20,0-30
0,43469,1,26.15014726789422,25-30,20-30,30-60
0,43472,1,22.19560622837789,20-25,20-30,30-60
0,43475,1,19.901630210438196,15-20,10-20,60-90.1
0,43479,1,16.907040984024135,15-20,10-20,60-90.1
0,43578,1,33.445476072521856,30-40,30-45,30-60
0,43592,1,18.542496813664084,15-20,10-20,60-90.1
0,43628,1,32.92382537214803,30-40,30-45,60-90.1
0,43665,1,31.07882681601291,30-40,30-45,30-60
0,43741,1,37.86738678681109,30-40,30-45,60-90.1
0,43784,1,41.62052417749735,40-50,30-45,60-90.1
0,43848,1,42.00976635377488,40-50,30-45,60-90.1
0,43854,1,19.64308206288633,15-20,10-20,60-90.1
0,43869,1,46.517281685285575,40-50,45-70,60-90.1
0,43890,1,45.66675109348947,40-50,45-70,60-90.1
0,43904,1,46.551059724499325,40-50,45-70,30-60
0,43916,1,48.67960380924067,40-50,45-70,30-60
0,43965,1,49.467331598478054,40-50,45-70,30-60
0,43974,1,49.07663794646146,40-50,45-70,60-90.1
0,43997,1,22.43943075193649,20-25,20-30,60-90.1
0,44035,1,27.839576114127873,25-30,20-30,60-90.1
0,44042,1,50.59633140724896,50-60,45-70,60-90.1
0,44056,1,18.34281271296393,15-20,10-20,60-90.1
0,44079,1,52.1191973021149,50-60,45-70,0-30
0,44180,1,23.466903539722505,20-25,20-30,60-90.1
0,44186,1,18.11687064332788,15-20,10-20,60-90.1
0,44198,1,53.241229510013284,50-60,45-70,60-90.1
0,44219,1,52.05870736429863,50-60,45-70,60-90.1
0,44222,1,51.12498368666115,50-60,45-70,60-90.1
0,44384,1,21.315852051427918,20-25,20-30,60-90.1
0,44569,1,33.41281771163967,30-40,30-45,30-60
0,44704,1,21.456671509051382,20-25,20-30,60-90.1
0,44732,1,15.546284241766383,15-20,10-20,60-90.1
0,44761,1,20.341928108729572,20-25,20-30,30-60
0,44852,1,17.793264854908962,15-20,10-20,60-90.1
0,44861,1,25.542032279621612,25-30,20-30,60-90.1
0,44863,1,23.962398225323064,20-25,20-30,30-60
0,44886,1,28.31537642872268,25-30,20-30,0-30
0,44904,1,27.16714030916217,25-30,20-30,30-60
0,44909,1,24.5550925890056,20-25,20-30,60-90.1
0,45031,1,14.69370495924294,10-15,10-20,60-90.1
0,45048,1,22.18891758677982,20-25,20-30,60-90.1
0,45190,1,25.128366746189535,25-30,20-30,60-90.1
0,45259,1,49.741690282714984,40-50,45-70,60-90.1
0,45417,1,51.689929061706124,50-60,45-70,0-30
0,45438,1,16.073300996590444,15-20,10-20,30-60
0,45476,1,31.582543230176707,30-40,30-45,30-60
0,45501,1,27.025474407155425,25-30,20-30,60-90.1
0,45559,1,22.992545218197627,20-25,20-30,60-90.1
0,45682,1,47.267927046175565,40-50,45-70,30-60
0,45685,1,40.95964686266045,40-50,30-45,30-60
0,45720,1,27.844487910829066,25-30,20-30,60-90.1
0,45780,1,29.816180095650452,25-30,20-30,0-30
0,45828,1,41.29136757658299,40-50,30-45,0-30
0,45934,1,24.504706683752357,20-25,20-30,60-90.1
0,46021,1,15.270834098898085,15-20,10-20,60-90.1
0,46047,1,18.987044212463346,15-20,10-20,60-90.1
0,46082,1,13.708306652514699,10-15,10-20,30-60
0,46106,1,20.52934570531804,20-25,20-30,60-90.1
0,46118,1,24.823081774115902,20-25,20-30,60-90.1
0,46119,1,24.114732919511805,20-25,20-30,30-60
0,46151,1,20.210255899712916,20-25,20-30,60-90.1
0,46230,1,29.64342234083643,25-30,20-30,30-60
0,46268,1,28.92169512535959,25-30,20-30,60-90.1
0,46279,1,35.80544614552282,30-40,30-45,60-90.1
0,46289,1,28.17046797240771,25-30,20-30,30-60
0,46308,1,21.845134514834502,20-25,20-30,60-90.1
0,46345,1,32.647376584296985,30-40,30-45,30-60
0,46409,1,18.821422221372035,15-20,10-20,60-90.1
0,46414,1,40.30484918336799,40-50,30-45,60-90.1
0,46419,1,27.411656572229116,25-30,20-30,60-90.1
0,46484,1,44.24203910527175,40-50,30-45,60-90.1
0,46516,1,48.520744721559325,40-50,45-70,30-60
0,46523,1,23.965672384988515,20-25,20-30,30-60
0,46578,1,25.630882240269997,25-30,20-30,0-30
0,46588,1,17.219681395187912,15-20,10-20,60-90.1
0,46637,1,52.5735746382262,50-60,45-70,30-60
0,46663,1,18.341152546666176,15-20,10-20,30-60
0,46675,1,51.63005286317599,50-60,45-70,0-30
0,46687,1,24.581534007257844,20-25,20-30,60-90.1
0,46763,1,14.241974800606163,10-15,10-20,30-60
0,46766,1,53.41246163868053,50-60,45-70,60-90.1
0,46797,1,52.37856842824424,50-60,45-70,30-60
0,46852,1,49.047432442931154,40-50,45-70,60-90.1
0,46869,1,15.66204508271964,15-20,10-20,60-90.1
0,46880,1,45.86679778323233,40-50,45-70,30-60
0,46989,1,40.933515165409894,40-50,30-45,60-90.1
0,47046,1,14.896227856852242,10-15,10-20,30-60
0,47098,1,38.44550404139269,30-40,30-45,30-60
0,47129,1,41.81301746937739,40-50,30-45,60-90.1
0,47222,1,25.42025387659864,25-30,20-30,60-90.1
0,47263,1,17.903284361450464,15-20,10-20,60-90.1
0,47273,1,17.058532322559426,15-20,10-20,30-60
0,47338,1,18.970826684147337,15-20,10-20,60-90.1
0,47404,1,16.983645973336568,15-20,10-20,60-90.1
0,47427,1,14.349251706895815,10-15,10-20,60-90.1
0,47456,1,20.997395622506435,20-25,20-30,60-90.1
0,47462,1,29.61436881707691,25-30,20-30,30-60
0,47627,1,16.276063401658792,15-20,10-20,60-90.1
0,47659,1,45.00373199449152,40-50,45-70,30-60
0,47691,1,44.14405731149915,40-50,30-45,60-90.1
0,47734,1,15.618051302912846,15-20,10-20,30-60
0,47743,1,48.01293546376385,40-50,45-70,60-90.1
0,47757,1,19.280809971939682,15-20,10-20,60-90.1
0,47770,1,22.317056596885866,20-25,20-30,60-90.1
0,47817,1,21.3282436209533,20-25,20-30,30-60
0,47826,1,52.16981715570162,50-60,45-70,30-60
0,47841,1,15.796055906624762,15-20,10-20,60-90.1
0,47892,1,14.307540606857891,10-15,10-20,60-90.1
0,47896,1,53.12821955164245,50-60,45-70,60-90.1
0,47905,1,22.057519486793694,20-25,20-30,60-90.1
0,47937,1,53.78638698662313,50-60,45-70,30-60
0,47997,1,50.84744896881994,50-60,45-70,0-30
0,48002,1,50.297033464291744,50-60,45-70,30-60
0,48008,1,27.118071455705344,25-30,20-30,60-90.1
0,48026,1,18.76315994409443,15-20,10-20,30-60
0,48163,1,16.849489074035212,15-20,10-20,60-90.1
0,48165,1,43.76142690216566,40-50,30-45,60-90.1
0,48167,1,43.28233632652576,40-50,30-45,30-60
0,48193,1,42.9515255204448,40-50,30-45,30-60
0,48196,1,38.96529438988333,30-40,30-45,0-30
0,48206,1,42.06885024218756,40-50,30-45,30-60
0,48213,1,22.94085286201723,20-25,20-30,60-90.1
0,48242,1,34.061428113459165,30-40,30-45,60-90.1
0,48299,1,25.115354557798987,25-30,20-30,60-90.1
0,48324,1,17.37822331972844,15-20,10-20,60-90.1
0,48329,1,40.26851949649787,40-50,30-45,60-90.1
0,48360,1,31.56557982310007,30-40,30-45,30-60
0,48376,1,25.536622057328376,25-30,20-30,60-90.1
0,48425,1,16.605955809908124,15-20,10-20,60-90.1
0,48458,1,15.701321117000896,15-20,10-20,60-90.1
0,48492,1,21.739582744356444,20-25,20-30,60-90.1
0,48497,1,16.581181301013906,15-20,10-20,30-60
0,48503,1,21.42186345485014,20-25,20-30,60-90.1
0,48554,1,23.341417592763488,20-25,20-30,60-90.1
0,48567,1,26.623268830594757,25-30,20-30,30-60
0,48590,1,23.572022532167125,20-25,20-30,60-90.1
0,48644,1,24.23282594388827,20-25,20-30,60-90.1
0,48666,1,28.83173169781994,25-30,20-30,60-90.1
0,48669,1,24.267338056491536,20-25,20-30,60-90.1
0,48675,1,34.29598941756807,30-40,30-45,60-90.1
0,48705,1,35.10242882621267,30-40,30-45,0-30
0,48733,1,26.81328698335715,25-30,20-30,60-90.1
0,48758,1,31.01961431183441,30-40,30-45,0-30
0,48763,1,26.673218512657808,25-30,20-30,60-90.1
0,48795,1,40.28302325892236,40-50,30-45,60-90.1
0,48820,1,42.2353157100057,40-50,30-45,60-90.1
0,48866,1,25.185933105316096,25-30,20-30,60-90.1
0,48879,1,30.318359624650714,30-40,30-45,60-90.1
0,48924,1,49.51327948148285,40-50,45-70,60-90.1
0,48970,1,52.820342293667785,50-60,45-70,60-90.1
0,49033,1,30.193494077193378,30-40,30-45,30-60
0,49077,1,19.680927654374685,15-20,10-20,60-90.1
0,49094,1,54.892183558002635,50-60,45-70,0-30
0,49124,1,53.00595819811892,50-60,45-70,30-60
0,49162,1,48.91026589883375,40-50,45-70,30-60
0,49192,1,23.345669878920408,20-25,20-30,30-60
0,49234,1,21.262292032553862,20-25,20-30,30-60
0,49286,1,43.157016562490156,40-50,30-45,30-60
0,49310,1,27.51409652176916,25-30,20-30,30-60
0,49386,1,27.90878725810542,25-30,20-30,60-90.1
0,49483,1,28.360803498012363,25-30,20-30,60-90.1
0,49525,1,19.956432020345765,15-20,10-20,60-90.1
0,49648,1,16.831357387569316,15-20,10-20,60-90.1
0,49716,1,13.614011349862713,10-15,10-20,0-30
0,49862,1,20.891212195277102,20-25,20-30,60-90.1
0,49934,1,36.702351304105576,30-40,30-45,30-60
0,50171,1,51.93989928655915,50-60,45-70,60-90.1
0,50200,1,19.703162346664016,15-20,10-20,60-90.1
0,50202,1,17.941641118212257,15-20,10-20,60-90.1
0,50210,1,53.5035460976063,50-60,45-70,30-60
0,50220,1,15.39741125603842,15-20,10-20,30-60
0,50260,1,19.825466549521103,15-20,10-20,60-90.1
0,50269,1,54.955470972256876,50-60,45-70,0-30
0,50279,1,17.464110752464585,15-20,10-20,60-90.1
0,50325,1,54.83199531041951,50-60,45-70,30-60
0,50355,1,26.081997264293864,25-30,20-30,60-90.1
0,50401,1,17.504639042197002,15-20,10-20,60-90.1
0,50407,0,54.82090085907174,50-60,45-70,0-30
0,50413,1,30.73200486851475,30-40,30-45,0-30
0,50457,1,16.475690250229544,15-20,10-20,60-90.1
0,50493,1,18.87715898280079,15-20,10-20,60-90.1
0,50524,1,46.87522750496002,40-50,45-70,60-90.1
0,50562,1,44.72621085404769,40-50,30-45,30-60
0,50575,1,44.98554134374836,40-50,30-45,60-90.1
0,50748,1,39.333178249260605,30-40,30-45,30-60
0,50762,1,19.0199604486539,15-20,10-20,60-90.1
0,50810,1,34.113419883189685,30-40,30-45,30-60
0,50834,1,17.426507800536776,15-20,10-20,60-90.1
0,50904,1,15.08067337629176,15-20,10-20,60-90.1
0,51004,1,24.402875085080485,20-25,20-30,60-90.1
0,51063,1,17.287277864941533,15-20,10-20,30-60
0,51187,1,30.825998141896154,30-40,30-45,30-60
0,51197,1,21.741508776334182,20-25,20-30,60-90.1
0,51215,1,27.505688908777078,25-30,20-30,60-90.1
0,51239,1,27.50255013916718,25-30,20-30,60-90.1
0,51265,1,25.44564050940553,25-30,20-30,60-90.1
0,51298,1,36.66555825760994,30-40,30-45,30-60
0,51418,1,42.19617207901844,40-50,30-45,60-90.1
0,51422,1,40.42868483820577,40-50,30-45,30-60
0,51472,1,43.9329231794585,40-50,30-45,30-60
0,51479,1,20.261720237280542,20-25,20-30,30-60
0,51493,1,15.017988267044236,15-20,10-20,60-90.1
0,51520,1,45.689091335418254,40-50,45-70,60-90.1
0,51548,1,15.035421612554313,15-20,10-20,30-60
0,51558,1,23.274925317197575,20-25,20-30,0-30
0,51580,1,18.559333782347625,15-20,10-20,60-90.1
0,51623,1,22.819643186635208,20-25,20-30,60-90.1
0,51690,1,21.898222325003164,20-25,20-30,60-90.1
0,51720,1,14.757533409049033,10-15,10-20,30-60
0,51742,0,56.33643756171705,50-60,45-70,0-30
0,51766,1,14.749713886636819,10-15,10-20,30-60
0,51798,1,23.559800945428655,20-25,20-30,60-90.1
0,51830,1,21.457801735277325,20-25,20-30,60-90.1
0,51856,0,52.70406879972394,50-60,45-70,30-60
0,51864,1,24.691992524455117,20-25,20-30,60-90.1
0,51929,1,47.627606472652516,40-50,45-70,30-60
0,51980,1,13.793777101241652,10-15,10-20,60-90.1
0,52098,1,40.11080213915142,40-50,30-45,60-90.1
0,52170,1,30.947551263898163,30-40,30-45,30-60
0,52171,1,21.046215904935853,20-25,20-30,60-90.1
0,52256,1,29.275745244827096,25-30,20-30,60-90.1
0,52307,1,12.830865831730394,10-15,10-20,60-90.1
0,52367,1,17.65003426607883,15-20,10-20,30-60
0,52453,1,25.826802255599766,25-30,20-30,60-90.1
0,52470,1,28.141841311476014,25-30,20-30,60-90.1
0,52499,1,16.817765622716124,15-20,10-20,60-90.1
0,52535,1,23.258644269824654,20-25,20-30,60-90.1
0,52551,1,28.450862902681695,25-30,20-30,0-30
0,52599,1,17.764859531363705,15-20,10-20,60-90.1
0,52682,1,29.202849846125787,25-30,20-30,30-60
0,52764,1,14.77628187761669,10-15,10-20,30-60
0,52771,1,40.25955323346724,40-50,30-45,60-90.1
0,52789,1,39.445152009318676,30-40,30-45,60-90.1
0,52811,1,30.55205756262921,30-40,30-45,0-30
0,52834,1,19.32330663542543,15-20,10-20,60-90.1
0,52884,1,24.67227739393917,20-25,20-30,30-60
0,52934,1,50.118885215624964,50-60,45-70,60-90.1
0,52948,1,19.63239865927632,15-20,10-20,60-90.1
0,52956,1,48.747588846506915,40-50,45-70,30-60
0,52977,1,20.758360630889147,20-25,20-30,60-90.1
0,52995,1,15.677122154992402,15-20,10-20,30-60
0,53003,1,53.62957801172323,50-60,45-70,30-60
0,53042,1,56.12277409331947,50-60,45-70,30-60
0,53060,1,24.837604612850406,20-25,20-30,60-90.1
0,53108,1,19.846806320318034,15-20,10-20,60-90.1
0,53111,1,17.278350973052113,15-20,10-20,60-90.1
0,53154,1,26.927240340118626,25-30,20-30,60-90.1
0,53203,1,49.93110889992438,40-50,45-70,60-90.1
0,53220,1,14.54111270243631,10-15,10-20,60-90.1
0,53229,1,48.542726934617974,40-50,45-70,60-90.1
0,53255,1,27.715889598758732,25-30,20-30,0-30
0,53257,1,45.59517726573016,40-50,45-70,0-30
0,53286,1,19.481680825499808,15-20,10-20,60-90.1
0,53321,1,16.215846780900897,15-20,10-20,30-60
0,53329,1,41.55687775619005,40-50,30-45,60-90.1
0,53407,1,39.04812229547588,30-40,30-45,0-30
0,53472,1,35.954018372301846,30-40,30-45,60-90.1
0,53493,1,36.974133971970986,30-40,30-45,60-90.1
0,53572,1,34.74564998520805,30-40,30-45,60-90.1
0,53647,1,19.245541690563222,15-20,10-20,0-30
0,53651,1,17.54157325198225,15-20,10-20,30-60
0,53663,1,20.261037239290683,20-25,20-30,60-90.1
0,53686,1,18.208381406093377,15-20,10-20,60-90.1
0,53731,1,21.047143295287267,20-25,20-30,30-60
0,53760,1,21.899232671083205,20-25,20-30,60-90.1
0,53770,1,24.62832680820543,20-25,20-30,30-60
0,53798,1,22.192604504319682,20-25,20-30,60-90.1
0,53887,1,31.226033150444408,30-40,30-45,60-90.1
0,53922,1,12.567396004018343,10-15,10-20,0-30
0,53924,1,33.7704470682957,30-40,30-45,60-90.1
0,53925,1,30.09470461630152,30-40,30-45,0-30
0,54019,1,18.217317810797624,15-20,10-20,60-90.1
0,54030,1,35.90796881991173,30-40,30-45,30-60
0,54032,1,28.380676942996534,25-30,20-30,60-90.1
0,54069,1,28.944404075215893,25-30,20-30,60-90.1
0,54104,1,41.98460426969418,40-50,30-45,60-90.1
0,54185,1,16.072824046025406,15-20,10-20,60-90.1
0,54195,1,43.32599830251339,40-50,30-45,60-90.1
0,54366,1,54.00577637034547,50-60,45-70,30-60
0,54401,0,56.68349976256483,50-60,45-70,30-60
0,54500,1,17.765706175158762,15-20,10-20,60-90.1
0,54508,1,22.24429802197984,20-25,20-30,60-90.1
0,54596,1,43.163018477752956,40-50,30-45,60-90.1
0,54624,1,39.48131818149091,30-40,30-45,60-90.1
0,54668,1,40.050172375916546,40-50,30-45,30-60
0,54671,1,40.1875146469133,40-50,30-45,30-60
0,54691,1,30.73437228726073,30-40,30-45,0-30
0,54719,1,25.645909978106044,25-30,20-30,60-90.1
0,54731,1,38.53055751559653,30-40,30-45,0-30
0,54847,1,22.874277984893826,20-25,20-30,60-90.1
0,54895,1,19.460313286965867,15-20,10-20,60-90.1
0,54980,1,15.695342284861667,15-20,10-20,60-90.1
0,54999,1,13.739211946053121,10-15,10-20,60-90.1
0,55106,1,22.341446781266548,20-25,20-30,60-90.1
0,55110,1,14.254906220384548,10-15,10-20,30-60
0,55136,1,26.289810134435502,25-30,20-30,30-60
0,55154,1,26.448805720702563,25-30,20-30,60-90.1
0,55194,1,24.11972599387117,20-25,20-30,30-60
0,55201,1,14.726133944289865,10-15,10-20,60-90.1
0,55248,1,30.71243339473686,30-40,30-45,0-30
0,55312,1,24.047731373426043,20-25,20-30,60-90.1
0,55433,1,41.9400588599369,40-50,30-45,60-90.1
0,55470,1,29.910366636035757,25-30,20-30,60-90.1
0,55521,1,19.42772389338406,15-20,10-20,30-60
0,55526,1,16.00200317231625,15-20,10-20,60-90.1
0,55532,1,46.222968316465966,40-50,45-70,60-90.1
0,55547,1,49.313996098297444,40-50,45-70,30-60
0,55558,1,30.856960068530693,30-40,30-45,60-90.1
0,55575,1,13.87390562425227,10-15,10-20,30-60
0,55640,1,25.36125923500988,25-30,20-30,60-90.1
0,55692,1,21.886719076641153,20-25,20-30,60-90.1
0,55708,0,54.63471247100636,50-60,45-70,60-90.1
0,55720,1,21.435952404551994,20-25,20-30,60-90.1
0,55724,1,15.05596217338758,15-20,10-20,60-90.1
0,55740,0,52.009647639868795,50-60,45-70,60-90.1
0,55786,1,26.715291468839418,25-30,20-30,30-60
0,55793,1,46.307992031034594,40-50,45-70,30-60
0,55798,1,45.6487517680135,40-50,45-70,30-60
0,55813,1,44.22090969800063,40-50,30-45,30-60
0,55871,1,41.22985232252235,40-50,30-45,30-60
0,55901,1,39.489136211434364,30-40,30-45,30-60
0,55949,1,18.150812954944442,15-20,10-20,60-90.1
0,56159,1,27.073995887937553,25-30,20-30,30-60
0,56183,1,15.012114830068906,15-20,10-20,30-60
0,56197,1,13.66483214207636,10-15,10-20,60-90.1
0,56302,1,18.431924096379472,15-20,10-20,0-30
0,56351,1,18.565261331603136,15-20,10-20,60-90.1
0,56443,1,26.944881049898143,25-30,20-30,60-90.1
0,56449,1,21.903855090711854,20-25,20-30,60-90.1
0,56483,1,28.163551264404877,25-30,20-30,60-90.1
0,56550,1,21.03932735045727,20-25,20-30,60-90.1
0,56633,1,38.648704485525904,30-40,30-45,30-60
0,56640,1,23.262696100271995,20-25,20-30,60-90.1
0,56650,1,41.82403920894628,40-50,30-45,30-60
0,56684,1,43.61038774712472,40-50,30-45,60-90.1
0,56729,1,45.57165918383637,40-50,45-70,60-90.1
0,56794,1,48.62585521522822,40-50,45-70,0-30
0,56823,1,51.56198190949945,50-60,45-70,0-30
0,56871,1,22.65557826556211,20-25,20-30,30-60
0,56885,1,56.803896815245125,50-60,45-70,30-60
0,56900,1,27.57917657807779,25-30,20-30,60-90.1
0,56916,1,30.239882167080435,30-40,30-45,60-90.1
0,56925,0,56.9163621259039,50-60,45-70,60-90.1
0,56971,1,26.50439190384648,25-30,20-30,30-60
0,56997,1,14.17391755334929,10-15,10-20,60-90.1
0,57009,0,48.51490956547924,40-50,45-70,30-60
0,57018,1,47.20931582031148,40-50,45-70,30-60
0,57075,1,24.615470130597064,20-25,20-30,60-90.1
0,57223,1,36.82173356172915,30-40,30-45,60-90.1
0,57253,1,36.09489692909127,30-40,30-45,30-60
0,57273,1,18.587769319434805,15-20,10-20,60-90.1
0,57277,1,26.111793891340955,25-30,20-30,60-90.1
0,57283,1,33.91741203872154,30-40,30-45,30-60
0,57332,1,32.84435208368277,30-40,30-45,60-90.1
0,57351,1,22.75897234704545,20-25,20-30,30-60
0,57353,1,19.18860401306278,15-20,10-20,60-90.1
0,57357,1,28.26589535104836,25-30,20-30,60-90.1
0,57433,1,14.255745836772176,10-15,10-20,60-90.1
0,57508,1,15.86287136618305,15-20,10-20,60-90.1
0,57544,1,14.575876340364696,10-15,10-20,60-90.1
0,57576,1,11.724323549518552,10-15,10-20,0-30
0,57612,1,18.00768975395963,15-20,10-20,60-90.1
0,57637,1,15.506432726714731,15-20,10-20,60-90.1
0,57699,1,26.92990341717912,25-30,20-30,30-60
0,57715,1,26.719845671979666,25-30,20-30,60-90.1
0,57733,1,16.703772721595055,15-20,10-20,60-90.1
0,57737,1,36.50075512742962,30-40,30-45,30-60
0,57808,1,24.60174990317501,20-25,20-30,60-90.1
0,57881,1,41.4464559815001,40-50,30-45,60-90.1
0,57903,1,16.238386862700818,15-20,10-20,0-30
0,57988,1,50.189802235987486,50-60,45-70,30-60
0,57997,1,51.57869617167414,50-60,45-70,60-90.1
0,58011,1,19.26896051217863,15-20,10-20,60-90.1
0,58015,1,15.775482709014382,15-20,10-20,30-60
0,58034,1,52.931193001641184,50-60,45-70,0-30
0,58082,0,58.49543284955642,50-60,45-70,60-90.1
0,58100,1,32.481979997063014,30-40,30-45,60-90.1
0,58121,1,23.925599495029143,20-25,20-30,60-90.1
0,58138,1,27.1361225600609,25-30,20-30,30-60
0,58148,1,29.7116704290012,25-30,20-30,60-90.1
0,58153,1,17.345367177230695,15-20,10-20,30-60
0,58164,1,16.432305194895342,15-20,10-20,30-60
0,58186,1,17.021937135387773,15-20,10-20,60-90.1
0,58225,1,45.38652834424493,40-50,45-70,60-90.1
0,58244,1,44.217624031246615,40-50,30-45,30-60
0,58273,1,21.09051262481813,20-25,20-30,60-90.1
0,58288,1,41.94513204106734,40-50,30-45,30-60
0,58311,1,16.14016360975149,15-20,10-20,60-90.1
0,58318,1,41.48606506326969,40-50,30-45,60-90.1
0,58373,1,37.59827243097403,30-40,30-45,0-30
0,58387,1,23.384748036223463,20-25,20-30,30-60
0,58495,1,30.973950878383683,30-40,30-45,30-60
0,58501,1,32.36092174365649,30-40,30-45,30-60
0,58506,1,17.650883084349427,15-20,10-20,30-60
0,58607,1,17.34773885192075,15-20,10-20,60-90.1
0,58664,1,18.345683870920016,15-20,10-20,30-60
0,58682,1,18.72719890345247,15-20,10-20,60-90.1
0,58704,1,22.563008437951346,20-25,20-30,30-60
0,58780,1,21.21320453276725,20-25,20-30,60-90.1
0,58807,1,32.12754245335819,30-40,30-45,0-30
0,58902,1,23.14738280259872,20-25,20-30,60-90.1
0,58994,1,27.957051453498693,25-30,20-30,30-60
0,59004,1,14.990005568331522,10-15,10-20,30-60
0,59042,1,43.15142978365432,40-50,30-45,30-60
0,59066,1,20.403407141045932,20-25,20-30,30-60
0,59112,1,47.48454824603055,40-50,45-70,60-90.1
0,59138,1,29.598053767633775,25-30,20-30,60-90.1
0,59143,1,25.074877289796525,25-30,20-30,60-90.1
0,59146,1,16.236357616224332,15-20,10-20,60-90.1
0,59188,1,52.000265651321435,50-60,45-70,30-60
0,59223,0,56.210053144985075,50-60,45-70,30-60
0,59227,1,54.60643323679383,50-60,45-70,30-60
0,59241,1,28.28264921829345,25-30,20-30,60-90.1
0,59256,1,20.452008825068468,20-25,20-30,60-90.1
0,59305,1,19.89827909675398,15-20,10-20,60-90.1
0,59312,0,54.05283372853833,50-60,45-70,60-90.1
0,59315,1,32.046345670020784,30-40,30-45,60-90.1
0,59356,1,20.885833729155532,20-25,20-30,60-90.1
0,59407,1,46.35687867408374,40-50,45-70,30-60
0,59453,1,25.498459174622937,25-30,20-30,60-90.1
0,59539,1,39.28240669408881,30-40,30-45,30-60
0,59613,1,35.958895396950304,30-40,30-45,60-90.1
0,59636,1,29.192578665097138,25-30,20-30,60-90.1
0,59739,1,30.24921789890794,30-40,30-45,30-60
0,59744,1,20.101170225817068,20-25,20-30,60-90.1
0,59806,1,15.922388474937495,15-20,10-20,30-60
0,59809,1,13.99578149984113,10-15,10-20,60-90.1
0,59880,1,17.334347456419344,15-20,10-20,0-30
0,59936,1,26.10610089516237,25-30,20-30,30-60
0,59982,1,12.48242605337572,10-15,10-20,0-30
0,60036,1,32.92963134620319,30-40,30-45,0-30
0,60054,1,20.586656416838693,20-25,20-30,60-90.1
0,60104,1,38.01374893183725,30-40,30-45,30-60
0,60136,1,42.345346633339176,40-50,30-45,60-90.1
0,60138,1,41.88218475664881,40-50,30-45,0-30
0,60140,1,39.66347208100143,30-40,30-45,30-60
0,60166,1,43.68268982087249,40-50,30-45,30-60
0,60204,1,28.717546085406607,25-30,20-30,60-90.1
0,60272,1,50.05308814109176,50-60,45-70,60-90.1
0,60307,1,21.554894449334817,20-25,20-30,0-30
0,60336,1,24.725648709116328,20-25,20-30,60-90.1
0,60371,1,29.52848516159754,25-30,20-30,30-60
0,60372,0,56.581894977758886,50-60,45-70,60-90.1
0,60401,1,22.31717715586889,20-25,20-30,60-90.1
0,60410,1,14.434866849660512,10-15,10-20,30-60
0,60442,1,25.266403093447252,25-30,20-30,60-90.1
0,60462,0,50.91141716711552,50-60,45-70,60-90.1
0,60530,1,22.47991369465242,20-25,20-30,60-90.1
0,60555,1,42.49239225948353,40-50,30-45,60-90.1
0,60601,1,21.431114374460364,20-25,20-30,60-90.1
0,60685,1,38.53859695583771,30-40,30-45,0-30
0,60696,1,17.86799830996113,15-20,10-20,60-90.1
0,60708,1,37.86271847705838,30-40,30-45,0-30
0,60711,1,15.943991068526804,15-20,10-20,0-30
0,60716,1,36.89722738061898,30-40,30-45,60-90.1
0,60796,1,32.68430550071183,30-40,30-45,0-30
0,60862,1,24.796351067274202,20-25,20-30,30-60
0,60916,1,21.349931527973446,20-25,20-30,30-60
0,60983,1,20.13167850223059,20-25,20-30,60-90.1
0,61026,1,19.54014583088302,15-20,10-20,60-90.1
0,61050,1,12.939778558025651,10-15,10-20,30-60
0,61062,1,16.591364459400978,15-20,10-20,60-90.1
0,61096,1,19.458685993550095,15-20,10-20,60-90.1
0,61115,1,17.245253547972624,15-20,10-20,60-90.1
0,61120,1,15.03805912323263,15-20,10-20,60-90.1
0,61125,1,28.71931377397983,25-30,20-30,60-90.1
0,61167,1,13.361137729257814,10-15,10-20,30-60
0,61223,1,21.39461705901083,20-25,20-30,60-90.1
0,61292,1,34.88348499375742,30-40,30-45,30-60
0,61336,1,22.126037696931963,20-25,20-30,60-90.1
0,61431,1,46.89125106074604,40-50,45-70,60-90.1
0,61484,1,50.656036156336455,50-60,45-70,0-30
0,61491,1,52.47114487667601,50-60,45-70,0-30
0,61509,1,52.63410731766627,50-60,45-70,60-90.1
0,61552,1,34.573363323855915,30-40,30-45,60-90.1
0,61590,1,36.33917130505006,30-40,30-45,60-90.1
0,61606,1,33.264381062934795,30-40,30-45,30-60
0,61627,1,34.53237709908147,30-40,30-45,60-90.1
0,61660,1,17.61266327908432,15-20,10-20,30-60
0,61673,1,28.449344617575008,25-30,20-30,60-90.1
0,61682,1,20.812325149332796,20-25,20-30,30-60
0,61690,1,31.5669703547532,30-40,30-45,60-90.1
0,61728,1,25.361762633414664,25-30,20-30,60-90.1
0,61734,1,16.120177717694688,15-20,10-20,30-60
0,61749,0,47.98669199866809,40-50,45-70,30-60
0,61761,1,46.10412020404267,40-50,45-70,0-30
0,61769,1,44.662030192117356,40-50,30-45,30-60
0,61772,1,27.433917270907575,25-30,20-30,30-60
0,61780,1,43.67023005231111,40-50,30-45,30-60
0,61796,1,24.411655797057065,20-25,20-30,60-90.1
0,61817,1,19.284535036059033,15-20,10-20,60-90.1
0,61864,1,40.09775642581443,40-50,30-45,30-60
0,61876,1,25.3249515412881,25-30,20-30,60-90.1
0,61968,1,36.287760154366225,30-40,30-45,0-30
0,62023,1,33.856626159421296,30-40,30-45,30-60
0,62048,1,32.523910159992596,30-40,30-45,60-90.1
0,62098,1,20.69665582659265,20-25,20-30,60-90.1
0,62116,1,29.56358008309438,25-30,20-30,0-30
0,62153,1,18.56240498566437,15-20,10-20,60-90.1
0,62190,1,14.313537707376776,10-15,10-20,0-30
0,62232,1,15.171074316345123,15-20,10-20,60-90.1
0,62255,1,13.36598664343965,10-15,10-20,60-90.1
0,62308,1,19.96247568932827,15-20,10-20,60-90.1
0,62322,1,20.569356183007734,20-25,20-30,60-90.1
0,62414,1,19.389983591174076,15-20,10-20,60-90.1
0,62459,1,24.607876557203877,20-25,20-30,30-60
0,62512,1,18.59968455344002,15-20,10-20,60-90.1
0,62531,1,25.872227161164165,25-30,20-30,30-60
0,62558,1,17.26228399482773,15-20,10-20,60-90.1
0,62642,1,42.26758155847974,40-50,30-45,60-90.1
0,62694,1,19.535409333777935,15-20,10-20,60-90.1
0,62781,1,19.453128645811066,15-20,10-20,30-60
0,62782,0,56.64358822891235,50-60,45-70,30-60
0,62786,1,54.75186479612762,50-60,45-70,0-30
0,62805,1,26.96868767811948,25-30,20-30,30-60
0,62821,0,58.53706082494846,50-60,45-70,60-90.1
0,62836,1,18.718636205263234,15-20,10-20,60-90.1
0,62908,1,37.547384572639835,30-40,30-45,60-90.1
0,62934,1,34.42087806738539,30-40,30-45,60-90.1
0,62964,1,20.058631512650383,20-25,20-30,60-90.1
0,63013,1,45.07069785350028,40-50,45-70,0-30
0,63039,1,42.56855748810369,40-50,30-45,60-90.1
0,63160,1,39.0267580137024,30-40,30-45,30-60
0,63176,1,37.71241349789606,30-40,30-45,30-60
0,63199,1,23.15034529195715,20-25,20-30,60-90.1
0,63211,1,37.056009208231984,30-40,30-45,60-90.1
0,63256,1,20.814754825310466,20-25,20-30,60-90.1
0,63334,1,28.167566334232212,25-30,20-30,60-90.1
0,63337,1,31.18549093331551,30-40,30-45,0-30
0,63417,1,27.091115214580313,25-30,20-30,30-60
0,63458,1,15.177771107623526,15-20,10-20,60-90.1
0,63481,1,19.240820782549253,15-20,10-20,60-90.1
0,63512,1,22.148184050462675,20-25,20-30,60-90.1
0,63565,1,25.379410883812522,25-30,20-30,60-90.1
0,63601,1,24.191786761352734,20-25,20-30,60-90.1
0,63622,1,23.942573726179475,20-25,20-30,60-90.1
0,63652,1,31.789851781281907,30-40,30-45,30-60
0,63702,1,14.887267178962107,10-15,10-20,60-90.1
0,63729,1,23.717385089583164,20-25,20-30,60-90.1
0,63741,1,13.826889837185963,10-15,10-20,60-90.1
0,63779,1,25.985762078512842,25-30,20-30,60-90.1
0,63840,1,22.23059182326943,20-25,20-30,60-90.1
0,63858,1,14.364157958660279,10-15,10-20,30-60
0,63896,1,27.76308634849773,25-30,20-30,30-60
0,63936,1,29.05337958622718,25-30,20-30,30-60
0,63941,1,15.318699070406117,15-20,10-20,30-60
0,63957,1,25.25257482911025,25-30,20-30,60-90.1
0,63980,1,51.31072827859099,50-60,45-70,30-60
0,63983,1,18.65732000876347,15-20,10-20,30-60
0,64031,1,15.75808762995693,15-20,10-20,60-90.1
0,64059,1,23.074366910062448,20-25,20-30,60-90.1
0,64096,1,38.555739794615356,30-40,30-45,60-90.1
0,64099,1,30.768739173959187,30-40,30-45,30-60
0,64114,1,27.153444370117054,25-30,20-30,30-60
0,64116,0,55.892502976055106,50-60,45-70,60-90.1
0,64118,1,38.859629926349236,30-40,30-45,30-60
0,64127,1,30.459714294488432,30-40,30-45,30-60
0,64141,0,53.614342594049766,50-60,45-70,60-90.1
0,64203,1,23.922235727435037,20-25,20-30,60-90.1
0,64220,1,27.337914509210616,25-30,20-30,60-90.1
0,64265,0,44.388206376737664,40-50,30-45,30-60
0,64307,0,40.86795432761901,40-50,30-45,60-90.1
0,64312,1,41.40660869413239,40-50,30-45,60-90.1
0,64337,0,39.50731496964301,30-40,30-45,60-90.1
0,64340,0,39.70008086360602,30-40,30-45,30-60
0,64357,1,38.13003598322402,30-40,30-45,30-60
0,64412,0,37.850581407477755,30-40,30-45,60-90.1
0,64417,0,37.59127430048103,30-40,30-45,60-90.1
0,64498,1,34.68978746399855,30-40,30-45,60-90.1
0,64508,1,33.69117520371148,30-40,30-45,30-60
0,64530,1,33.67772805688777,30-40,30-45,30-60
0,64607,1,24.352054554187973,20-25,20-30,60-90.1
0,64642,1,28.953251580887013,25-30,20-30,60-90.1
0,64704,1,23.41078788064809,20-25,20-30,60-90.1
0,64728,1,16.535457107268343,15-20,10-20,60-90.1
0,64758,1,18.3710460638347,15-20,10-20,60-90.1
0,64821,1,23.834819285560712,20-25,20-30,30-60
0,64848,1,21.806252383930918,20-25,20-30,60-90.1
0,64894,1,12.32778640012103,10-15,10-20,60-90.1
0,64905,1,31.2318466972598,30-40,30-45,0-30
0,64935,1,31.59786338357394,30-40,30-45,0-30
0,64978,1,16.975647220501997,15-20,10-20,60-90.1
0,65042,1,36.23716355266861,30-40,30-45,60-90.1
0,65097,1,37.697630054809515,30-40,30-45,60-90.1
0,65107,1,23.2966038885167,20-25,20-30,60-90.1
0,65109,1,21.84366895743746,20-25,20-30,60-90.1
0,65202,1,44.82969437086752,40-50,30-45,30-60
0,65205,1,42.95751310282002,40-50,30-45,0-30
0,65208,1,29.705224435281565,25-30,20-30,60-90.1
0,65352,1,22.261926478610846,20-25,20-30,60-90.1
0,65358,1,14.78201876164173,10-15,10-20,60-90.1
0,65369,1,52.71915576528369,50-60,45-70,30-60
0,65405,1,40.56785750120973,40-50,30-45,30-60
0,65422,1,35.93721469149256,30-40,30-45,60-90.1
0,65453,1,16.15679117718997,15-20,10-20,60-90.1
0,65474,1,28.90738497622819,25-30,20-30,30-60
0,65487,0,53.40976081899429,50-60,45-70,30-60
0,65520,0,51.77608729609127,50-60,45-70,0-30
0,65531,0,51.37297554863437,50-60,45-70,60-90.1
0,65567,0,49.32064161762819,40-50,45-70,60-90.1
0,65593,0,48.22672118387612,40-50,45-70,60-90.1
0,65637,1,46.16943663041467,40-50,45-70,30-60
0,65663,1,23.69123946518318,20-25,20-30,30-60
0,65669,1,45.923490578728156,40-50,45-70,30-60
0,65692,0,43.9210179446033,40-50,30-45,30-60
0,65722,0,40.00252454629277,40-50,30-45,60-90.1
0,65733,1,29.80869442419035,25-30,20-30,60-90.1
0,65735,1,26.572049928661983,25-30,20-30,0-30
0,65772,0,37.053785176047036,30-40,30-45,60-90.1
0,65802,1,28.344156860235692,25-30,20-30,60-90.1
0,65860,1,34.628152046434955,30-40,30-45,60-90.1
0,65965,1,30.19463334441028,30-40,30-45,60-90.1
0,66002,1,28.608601111475092,25-30,20-30,60-90.1
0,66021,1,28.387440932482914,25-30,20-30,30-60
0,66037,1,26.349283946178474,25-30,20-30,30-60
0,66163,1,21.232932545055405,20-25,20-30,60-90.1
0,66180,1,18.82925589572391,15-20,10-20,60-90.1
0,66196,1,27.543141903418856,25-30,20-30,30-60
0,66249,1,17.57867234135806,15-20,10-20,60-90.1
0,66303,1,33.081473811627596,30-40,30-45,30-60
0,66325,1,36.31346771109095,30-40,30-45,30-60
0,66377,1,18.98508090387603,15-20,10-20,60-90.1
0,66387,1,38.36010226171371,30-40,30-45,60-90.1
0,66392,1,26.0018440068457,25-30,20-30,60-90.1
0,66414,1,29.68664634133256,25-30,20-30,30-60
0,66428,1,40.93704348196472,40-50,30-45,30-60
0,66444,1,17.31943634223799,15-20,10-20,60-90.1
0,66446,1,42.7215212905809,40-50,30-45,30-60
0,66469,1,41.118886491530596,40-50,30-45,60-90.1
0,66522,1,46.89011835474551,40-50,45-70,60-90.1
0,66549,1,15.645662018630397,15-20,10-20,30-60
0,66560,1,23.974568939429176,20-25,20-30,60-90.1
0,66587,1,20.490155618911956,20-25,20-30,60-90.1
0,66597,1,49.64589002482535,40-50,45-70,60-90.1
0,66616,1,49.92018809544551,40-50,45-70,60-90.1
0,66631,1,18.23024161121293,15-20,10-20,30-60
0,66653,0,54.942295937705154,50-60,45-70,0-30
0,66685,1,19.77368325540043,15-20,10-20,60-90.1
0,66700,0,58.098644391786394,50-60,45-70,60-90.1
0,66706,1,33.174025564251835,30-40,30-45,60-90.1
0,66714,1,21.0453570137237,20-25,20-30,60-90.1
0,66723,1,25.1327072894656,25-30,20-30,30-60
0,66769,1,41.1753275414593,40-50,30-45,60-90.1
0,66776,1,25.846385603624086,25-30,20-30,30-60
0,66818,1,15.61525102405858,15-20,10-20,60-90.1
0,66840,1,19.174552823104825,15-20,10-20,60-90.1
0,66880,1,30.734802732120674,30-40,30-45,60-90.1
0,66892,1,17.865309132523908,15-20,10-20,30-60
0,66907,1,33.14229886358073,30-40,30-45,60-90.1
0,66922,0,47.64315706285227,40-50,45-70,30-60
0,66974,0,41.35929234055983,40-50,30-45,60-90.1
0,66989,0,40.228721799694064,40-50,30-45,60-90.1
0,67102,0,35.88113708128771,30-40,30-45,30-60
0,67139,1,35.237532864705145,30-40,30-45,60-90.1
0,67151,1,21.62177389947045,20-25,20-30,60-90.1
0,67163,1,33.50110194717877,30-40,30-45,60-90.1
0,67204,1,32.7824915683498,30-40,30-45,30-60
0,67213,1,31.82386220495047,30-40,30-45,60-90.1
0,67233,1,29.945755291745673,25-30,20-30,30-60
0,67334,1,25.636055856170415,25-30,20-30,30-60
0,67347,1,25.144318663315424,25-30,20-30,30-60
0,67359,1,19.86629916693244,15-20,10-20,60-90.1
0,67388,1,14.506138023547166,10-15,10-20,30-60
0,67416,1,18.633448686703975,15-20,10-20,60-90.1
0,67462,1,15.917560512028656,15-20,10-20,60-90.1
0,67591,1,22.544591135178003,20-25,20-30,60-90.1
0,67639,1,26.88925663866047,25-30,20-30,60-90.1
0,67663,1,38.54791923516804,30-40,30-45,60-90.1
0,67690,1,39.919306320113044,30-40,30-45,60-90.1
0,67733,1,26.276148674890134,25-30,20-30,60-90.1
0,67799,1,18.469486180904315,15-20,10-20,60-90.1
0,67860,1,48.54349513996291,40-50,45-70,0-30
0,67897,1,14.342797046773748,10-15,10-20,30-60
0,67954,0,56.80518741415764,50-60,45-70,60-90.1
0,67957,1,38.26744446607947,30-40,30-45,60-90.1
0,67967,1,16.588147494842396,15-20,10-20,60-90.1
0,68010,1,30.446611384207646,30-40,30-45,60-90.1
0,68050,1,22.760222360809806,20-25,20-30,60-90.1
0,68055,1,18.269765850279956,15-20,10-20,60-90.1
0,68124,1,37.191109427004804,30-40,30-45,30-60
0,68162,1,22.92599120847255,20-25,20-30,30-60
0,68176,1,36.66877569556251,30-40,30-45,30-60
0,68202,1,26.386025630743184,25-30,20-30,60-90.1
0,68227,1,27.816000498675898,25-30,20-30,30-60
0,68239,0,42.3919886813722,40-50,30-45,60-90.1
0,68279,0,37.6938459220844,30-40,30-45,0-30
0,68308,1,26.15510349400018,25-30,20-30,60-90.1
0,68352,0,34.930177702239675,30-40,30-45,60-90.1
0,68375,0,34.586418426332756,30-40,30-45,30-60
0,68450,1,32.60684038925432,30-40,30-45,60-90.1
0,68465,1,16.594339836950823,15-20,10-20,30-60
0,68469,1,31.80208638475384,30-40,30-45,30-60
0,68475,1,26.630429316448197,25-30,20-30,0-30
0,68477,1,31.283371018797883,30-40,30-45,30-60
0,68484,1,30.739062480340415,30-40,30-45,30-60
0,68538,1,27.197992198883767,25-30,20-30,0-30
0,68564,1,26.438070923129292,25-30,20-30,0-30
0,68603,1,22.801872026689395,20-25,20-30,60-90.1
0,68659,1,16.341708339860705,15-20,10-20,60-90.1
0,68667,1,13.883673118390057,10-15,10-20,30-60
0,68704,1,12.881111424290987,10-15,10-20,60-90.1
0,68715,1,21.01703825787412,20-25,20-30,60-90.1
0,68774,1,15.12094677267333,15-20,10-20,60-90.1
0,68776,1,12.329667029090887,10-15,10-20,60-90.1
0,68813,1,26.234117892287014,25-30,20-30,30-60
0,68835,1,27.483866910881723,25-30,20-30,30-60
0,68870,1,33.308281610285285,30-40,30-45,30-60
0,68908,1,16.69214906713935,15-20,10-20,60-90.1
0,68937,1,37.42799977751826,30-40,30-45,30-60
0,68961,1,37.051567686580874,30-40,30-45,60-90.1
0,69002,1,23.82898984083638,20-25,20-30,60-90.1
0,69013,1,41.63347372481701,40-50,30-45,60-90.1
0,69058,1,44.166864238289584,40-50,30-45,30-60
0,69085,1,14.779642111894606,10-15,10-20,60-90.1
0,69092,1,28.501931914030592,25-30,20-30,30-60
0,69162,1,28.91050578668718,25-30,20-30,60-90.1
0,69195,0,54.06432277004483,50-60,45-70,30-60
0,69199,1,52.851171099561995,50-60,45-70,30-60
0,69226,1,22.125215102814938,20-25,20-30,0-30
0,69253,1,34.86773801032777,30-40,30-45,30-60
0,69270,1,17.632874247569056,15-20,10-20,60-90.1
0,69298,0,55.67447022924659,50-60,45-70,30-60
0,69306,1,27.020778944814378,25-30,20-30,60-90.1
0,69353,1,20.827555989140567,20-25,20-30,60-90.1
0,69368,1,39.378193583746935,30-40,30-45,60-90.1
0,69489,1,21.752761099943125,20-25,20-30,30-60
0,69544,0,38.23299399488324,30-40,30-45,60-90.1
0,69548,0,37.40740692573482,30-40,30-45,60-90.1
0,69581,1,33.34363129479441,30-40,30-45,30-60
0,69632,0,34.05855775901605,30-40,30-45,30-60
0,69640,1,27.225054891384783,25-30,20-30,60-90.1
0,69686,1,32.201829283330255,30-40,30-45,30-60
0,69798,1,17.524622018161782,15-20,10-20,60-90.1
0,69843,1,19.237796619678704,15-20,10-20,30-60
0,69993,1,22.860023497260006,20-25,20-30,60-90.1
0,70059,1,23.493751907881865,20-25,20-30,60-90.1
0,70070,1,25.638278128863238,25-30,20-30,60-90.1
0,70087,1,23.52025696650273,20-25,20-30,60-90.1
0,70119,1,29.24535553658056,25-30,20-30,30-60
0,70144,1,24.45432306257422,20-25,20-30,60-90.1
0,70181,1,17.583525383508086,15-20,10-20,60-90.1
0,70184,1,15.820606509402705,15-20,10-20,30-60
0,70198,1,33.138892351560735,30-40,30-45,30-60
0,70217,1,32.90734287008504,30-40,30-45,30-60
0,70251,1,33.89091621897917,30-40,30-45,60-90.1
0,70329,1,24.514250498744687,20-25,20-30,60-90.1
0,70338,1,14.218300741493984,10-15,10-20,60-90.1
0,70362,1,18.985134669320146,15-20,10-20,60-90.1
0,70376,1,28.14121362351257,25-30,20-30,30-60
0,70406,1,30.214444581441413,30-40,30-45,0-30
0,70420,1,23.63965179377537,20-25,20-30,60-90.1
0,70450,1,46.82453350261418,40-50,45-70,60-90.1
0,70468,1,48.576807097837865,40-50,45-70,0-30
0,70516,1,50.95953521972205,50-60,45-70,30-60
0,70525,1,24.41757306014624,20-25,20-30,60-90.1
0,70587,1,41.71989796325443,40-50,30-45,30-60
0,70594,1,28.358743545946588,25-30,20-30,60-90.1
0,70598,1,21.23109534533817,20-25,20-30,30-60
0,70606,1,32.56784323855441,30-40,30-45,60-90.1
0,70650,1,42.92688624113987,40-50,30-45,0-30
0,70666,1,24.288489279380304,20-25,20-30,60-90.1
0,70674,1,16.372288767836338,15-20,10-20,30-60
0,70711,1,42.15564566921628,40-50,30-45,30-60
0,70723,0,49.04128113820185,40-50,45-70,0-30
0,70763,0,45.973004637223205,40-50,45-70,60-90.1
0,70782,1,29.447853831738012,25-30,20-30,60-90.1
0,70796,0,44.3938398692913,40-50,30-45,60-90.1
0,70819,1,32.26774552045047,30-40,30-45,60-90.1
0,70838,1,18.392295856099025,15-20,10-20,60-90.1
0,70856,1,25.428873887231674,25-30,20-30,30-60
0,70909,1,18.968238869582823,15-20,10-20,30-60
0,70942,0,36.04850416631235,30-40,30-45,30-60
0,71066,1,21.416526390868214,20-25,20-30,30-60
0,71114,1,27.535095356414068,25-30,20-30,30-60
0,71189,1,24.94065867556279,20-25,20-30,60-90.1
0,71192,1,25.054354542157117,25-30,20-30,30-60
0,71193,1,23.515065629811996,20-25,20-30,0-30
0,71245,1,22.55696694984481,20-25,20-30,30-60
0,71249,1,21.209380511770526,20-25,20-30,60-90.1
0,71316,1,21.159551054791883,20-25,20-30,30-60
0,71339,1,17.525221797319382,15-20,10-20,60-90.1
0,71398,1,20.58770467019225,20-25,20-30,60-90.1
0,71408,1,14.648390294564114,10-15,10-20,60-90.1
0,71423,1,17.07100164992144,15-20,10-20,60-90.1
0,71438,1,19.074860141079444,15-20,10-20,60-90.1
0,71454,1,21.261228115911226,20-25,20-30,60-90.1
0,71511,1,18.72734049614783,15-20,10-20,60-90.1
0,71541,1,21.504302587442226,20-25,20-30,60-90.1
0,71561,1,19.471255088716415,15-20,10-20,60-90.1
0,71573,1,24.092614578126216,20-25,20-30,60-90.1
0,71632,1,20.94201768103155,20-25,20-30,60-90.1
0,71649,1,18.406681013984066,15-20,10-20,60-90.1
0,71661,1,24.870415017204284,20-25,20-30,60-90.1
0,71768,1,30.385043690027803,30-40,30-45,30-60
0,71823,1,51.53157775049458,50-60,45-70,30-60
0,71847,1,25.257620367374734,25-30,20-30,60-90.1
0,71861,0,57.50764856898711,50-60,45-70,60-90.1
0,71865,1,35.50007227598391,30-40,30-45,60-90.1
0,71876,1,39.089591053481904,30-40,30-45,60-90.1
0,71908,1,24.548751582707165,20-25,20-30,60-90.1
0,71968,0,50.335427889314666,50-60,45-70,0-30
0,72012,1,33.90547909576834,30-40,30-45,30-60
0,72032,1,17.671593689907905,15-20,10-20,60-90.1
0,72094,0,41.21162103632484,40-50,30-45,60-90.1
0,72122,0,39.337991276899494,30-40,30-45,60-90.1
0,72146,1,29.72353294105326,25-30,20-30,60-90.1
0,72151,1,21.776550663022824,20-25,20-30,60-90.1
0,72179,1,24.577501334321358,20-25,20-30,60-90.1
0,72190,0,35.28896054707799,30-40,30-45,60-90.1
0,72238,0,33.234900170177696,30-40,30-45,0-30
0,72244,0,32.83059836785261,30-40,30-45,30-60
0,72247,0,32.531097927367284,30-40,30-45,0-30
0,72272,1,18.91429066899149,15-20,10-20,30-60
0,72279,0,31.482182217520617,30-40,30-45,60-90.1
0,72289,1,31.73031549553846,30-40,30-45,30-60
0,72314,1,30.460822513087397,30-40,30-45,60-90.1
0,72350,1,27.771997763660934,25-30,20-30,60-90.1
0,72444,1,24.34622930867698,20-25,20-30,60-90.1
0,72518,1,17.37051490583787,15-20,10-20,30-60
0,72531,1,14.326731508758504,10-15,10-20,60-90.1
0,72825,1,38.83175264015267,30-40,30-45,60-90.1
0,72840,1,39.0484357885358,30-40,30-45,30-60
0,72846,1,20.428949925072896,20-25,20-30,60-90.1
0,72916,1,27.926362492912094,25-30,20-30,60-90.1
0,72929,1,46.471253346231684,40-50,45-70,60-90.1
0,72933,1,46.97347687615657,40-50,45-70,0-30
0,72943,1,47.84530626503075,40-50,45-70,60-90.1
0,72971,1,28.64604289667254,25-30,20-30,30-60
0,72996,1,19.589582270279234,15-20,10-20,30-60
0,73062,1,19.37287414796714,15-20,10-20,30-60
0,73067,1,21.975765921483625,20-25,20-30,30-60
0,73080,0,52.531889867223086,50-60,45-70,30-60
0,73106,1,35.809525573135645,30-40,30-45,60-90.1
0,73155,1,20.774785641183733,20-25,20-30,60-90.1
0,73172,1,24.221406231522092,20-25,20-30,60-90.1
0,73182,0,44.71867444757724,40-50,30-45,60-90.1
0,73195,1,34.29675613938822,30-40,30-45,30-60
0,73203,0,42.96564634828616,40-50,30-45,60-90.1
0,73334,1,31.401667545553146,30-40,30-45,60-90.1
0,73359,1,24.313172568837867,20-25,20-30,30-60
0,73392,0,29.805717287986095,25-30,20-30,30-60
0,73408,1,28.84054159187278,25-30,20-30,0-30
0,73422,1,29.02349592831326,25-30,20-30,30-60
0,73434,1,28.10295025044952,25-30,20-30,0-30
0,73461,1,19.70025037780398,15-20,10-20,60-90.1
0,73473,1,25.75174047565284,25-30,20-30,0-30
0,73476,1,25.993117479974234,25-30,20-30,60-90.1
0,73482,1,25.28079648447992,25-30,20-30,0-30
0,73618,1,16.699409371852333,15-20,10-20,30-60
0,73635,1,16.244311829127234,15-20,10-20,60-90.1
0,73685,1,12.449999246586733,10-15,10-20,60-90.1
0,73736,1,28.148913722964167,25-30,20-30,60-90.1
0,73742,1,16.586805651395363,15-20,10-20,60-90.1
0,73762,1,14.438813922993996,10-15,10-20,60-90.1
0,73793,1,25.19051927295679,25-30,20-30,60-90.1
0,73855,1,25.725712793930654,25-30,20-30,60-90.1
0,73880,1,14.599215860503477,10-15,10-20,30-60
0,73941,1,40.114895414553814,40-50,30-45,0-30
0,73952,1,41.73975753721892,40-50,30-45,60-90.1
0,73957,1,26.965244949491673,25-30,20-30,60-90.1
0,73987,1,43.95482288268342,40-50,30-45,60-90.1
0,74033,1,28.405687790182785,25-30,20-30,30-60
0,74047,1,50.20318832611463,50-60,45-70,30-60
0,74072,0,53.42130219074856,50-60,45-70,60-90.1
0,74083,1,22.42817079652173,20-25,20-30,60-90.1
0,74099,0,55.639724300483614,50-60,45-70,60-90.1
0,74115,1,32.80191957669356,30-40,30-45,60-90.1
0,74134,1,30.20521573895619,30-40,30-45,30-60
0,74167,1,26.354110586446904,25-30,20-30,60-90.1
0,74204,1,19.458901153660452,15-20,10-20,60-90.1
0,74250,1,38.93488540604217,30-40,30-45,30-60
0,74266,1,30.682836611250043,30-40,30-45,60-90.1
0,74328,1,27.56943895903706,25-30,20-30,30-60
0,74333,1,19.053359602508305,15-20,10-20,60-90.1
0,74379,1,28.375840208506304,25-30,20-30,60-90.1
0,74398,1,23.107408635741002,20-25,20-30,60-90.1
0,74403,1,18.63682887759163,15-20,10-20,60-90.1
0,74410,0,37.725112479191374,30-40,30-45,60-90.1
0,74430,0,36.26833422421148,30-40,30-45,60-90.1
0,74450,0,33.55190409461965,30-40,30-45,60-90.1
0,74454,0,33.2649196700483,30-40,30-45,30-60
0,74556,1,29.322840433926316,25-30,20-30,30-60
0,74619,1,25.312073326321865,25-30,20-30,0-30
0,74700,1,20.86570164767727,20-25,20-30,60-90.1
0,74707,1,18.02282223956772,15-20,10-20,60-90.1
0,74749,1,18.369157761917965,15-20,10-20,60-90.1
0,74814,1,19.661009258335763,15-20,10-20,60-90.1
0,74841,1,21.327524485570496,20-25,20-30,30-60
0,74913,1,26.11810037159925,25-30,20-30,60-90.1
0,74948,1,26.756428453612166,25-30,20-30,60-90.1
0,74965,1,28.48268700972244,25-30,20-30,0-30
0,74997,1,24.09252050409203,20-25,20-30,60-90.1
0,75035,1,28.30076756402246,25-30,20-30,60-90.1
0,75047,1,36.1414182233608,30-40,30-45,0-30
0,75053,1,21.136468954601334,20-25,20-30,60-90.1
0,75056,1,17.197660120898053,15-20,10-20,60-90.1
0,75091,1,38.07302274086534,30-40,30-45,60-90.1
0,75098,1,17.869943649314976,15-20,10-20,60-90.1
0,75143,1,24.926008389180506,20-25,20-30,30-60
0,75158,1,22.671227765980095,20-25,20-30,30-60
0,75208,1,48.596171884044395,40-50,45-70,30-60
0,75225,0,51.82663935308078,50-60,45-70,60-90.1
0,75238,1,20.143082217874177,20-25,20-30,60-90.1
0,75267,1,17.38121455067954,15-20,10-20,60-90.1
0,75294,1,18.386615694456427,15-20,10-20,60-90.1
0,75314,0,55.30028107402034,50-60,45-70,60-90.1
0,75316,1,41.25749641657529,40-50,30-45,0-30
0,75340,1,22.953657663518737,20-25,20-30,60-90.1
0,75355,1,42.009881668244695,40-50,30-45,30-60
0,75395,1,42.77230384492624,40-50,30-45,0-30
0,75398,1,32.26099915876168,30-40,30-45,30-60
0,75417,0,47.26503770790421,40-50,45-70,30-60
0,75450,1,41.86243797381775,40-50,30-45,60-90.1
0,75509,1,29.892067459699682,25-30,20-30,60-90.1
0,75517,1,15.993195041418758,15-20,10-20,60-90.1
0,75545,0,39.355534788368516,30-40,30-45,30-60
0,75548,1,33.21567887707061,30-40,30-45,30-60
0,75665,1,27.98070210284768,25-30,20-30,60-90.1
0,75705,1,28.905476352102742,25-30,20-30,0-30
0,75821,1,19.33850307244041,15-20,10-20,30-60
0,75825,1,15.551347236306475,15-20,10-20,60-90.1
0,75844,1,22.24910154811137,20-25,20-30,30-60
0,75861,1,19.586071544624676,15-20,10-20,60-90.1
0,75864,1,20.843775946409767,20-25,20-30,60-90.1
0,75870,1,20.841226435546076,20-25,20-30,60-90.1
0,75913,1,18.244215374705945,15-20,10-20,30-60
0,75986,1,13.658913633583154,10-15,10-20,60-90.1
0,75999,1,17.768061332335115,15-20,10-20,60-90.1
0,76015,1,17.107140957178434,15-20,10-20,60-90.1
0,76018,1,21.633486411811802,20-25,20-30,60-90.1
0,76021,1,19.36643769162308,15-20,10-20,60-90.1
0,76041,1,21.7238326912997,20-25,20-30,0-30
0,76044,1,20.208286898748614,20-25,20-30,60-90.1
0,76049,1,25.077229269278273,25-30,20-30,60-90.1
0,76062,1,23.434679563143284,20-25,20-30,60-90.1
0,76074,1,14.049542669908716,10-15,10-20,60-90.1
0,76085,1,29.631563606154817,25-30,20-30,60-90.1
0,76117,1,14.802934352395555,10-15,10-20,60-90.1
0,76147,1,33.19762754854572,30-40,30-45,30-60
0,76161,1,20.792318004400684,20-25,20-30,60-90.1
0,76183,1,15.597794196518356,15-20,10-20,60-90.1
0,76185,1,34.63093349402804,30-40,30-45,60-90.1
0,76317,1,20.43198287551424,20-25,20-30,60-90.1
0,76322,1,16.36606337590662,15-20,10-20,60-90.1
0,76366,1,29.87579059742279,25-30,20-30,30-60
0,76386,1,20.50475533027624,20-25,20-30,60-90.1
0,76401,1,19.298145462556636,15-20,10-20,60-90.1
0,76410,1,30.328472418270206,30-40,30-45,30-60
0,76425,1,45.938600164372346,40-50,45-70,30-60
0,76449,1,25.14039821285163,25-30,20-30,60-90.1
0,76452,1,23.061023224713626,20-25,20-30,60-90.1
0,76492,1,26.21020910507865,25-30,20-30,30-60
0,76503,1,16.84617732173296,15-20,10-20,60-90.1
0,76528,1,14.761864177276614,10-15,10-20,60-90.1
0,76536,1,30.7970342416187,30-40,30-45,60-90.1
0,76540,1,27.24284246641074,25-30,20-30,60-90.1
0,76545,0,57.30300793651881,50-60,45-70,60-90.1
0,76592,1,15.268474367150185,15-20,10-20,60-90.1
0,76613,1,36.36378317973367,30-40,30-45,60-90.1
0,76683,1,34.97358890909491,30-40,30-45,60-90.1
0,76729,1,37.345851439228575,30-40,30-45,30-60
0,76733,1,31.405799626747903,30-40,30-45,30-60
0,76737,1,22.30653679720856,20-25,20-30,60-90.1
0,76814,1,22.422732272151755,20-25,20-30,60-90.1
0,76843,1,33.52703967337941,30-40,30-45,60-90.1
0,76858,0,34.90871091467397,30-40,30-45,60-90.1
0,76885,0,30.87589129808294,30-40,30-45,30-60
0,76934,0,28.666716432781012,25-30,20-30,0-30
0,76970,1,26.455592946738033,25-30,20-30,60-90.1
0,76976,1,25.909472734306508,25-30,20-30,30-60
0,76992,1,22.081146471978837,20-25,20-30,60-90.1
0,76999,1,24.759344447126217,20-25,20-30,60-90.1
0,77051,1,22.746697571377826,20-25,20-30,0-30
0,77093,1,20.94634195065823,20-25,20-30,60-90.1
0,77198,1,13.901474218838397,10-15,10-20,60-90.1
0,77258,1,23.27280883179503,20-25,20-30,60-90.1
0,77337,1,32.58895899800714,30-40,30-45,30-60
0,77342,1,31.25861491704332,30-40,30-45,30-60
0,77350,1,17.708013505974378,15-20,10-20,30-60
0,77368,1,19.566555162758025,15-20,10-20,60-90.1
0,77396,1,34.098425368263776,30-40,30-45,60-90.1
0,77415,1,29.828173446044175,25-30,20-30,30-60
0,77470,1,23.45854849254387,20-25,20-30,30-60
0,77508,1,18.274200825221946,15-20,10-20,60-90.1
0,77555,1,46.00018620293386,40-50,45-70,0-30
0,77563,1,25.397002207102478,25-30,20-30,60-90.1
0,77576,1,28.917018764270424,25-30,20-30,60-90.1
0,77594,1,20.641413056774237,20-25,20-30,60-90.1
0,77614,0,50.06123438453171,50-60,45-70,30-60
0,77630,1,13.951478875270332,10-15,10-20,30-60
0,77648,1,23.83223286168329,20-25,20-30,60-90.1
0,77660,0,53.75982883758643,50-60,45-70,60-90.1
0,77674,0,55.465959017007144,50-60,45-70,60-90.1
0,77685,1,18.557061580408945,15-20,10-20,60-90.1
0,77703,1,21.75841516783258,20-25,20-30,60-90.1
0,77738,1,38.160069342898375,30-40,30-45,60-90.1
0,77742,1,33.925419753139884,30-40,30-45,30-60
0,77747,1,24.346033495708568,20-25,20-30,60-90.1
0,77751,1,20.840920397744174,20-25,20-30,60-90.1
0,77819,1,20.489666072057695,20-25,20-30,30-60
0,77823,1,17.1790964388312,15-20,10-20,30-60
0,77840,0,49.28218466535894,40-50,45-70,60-90.1
0,77891,1,26.239150028444538,25-30,20-30,30-60
0,77913,0,44.024185366150746,40-50,30-45,60-90.1
0,77931,1,25.158795685541985,25-30,20-30,60-90.1
0,77958,0,40.90155669324664,40-50,30-45,60-90.1
0,77992,1,26.935481288568685,25-30,20-30,60-90.1
0,78010,0,37.57505485815647,30-40,30-45,60-90.1
0,78043,1,29.465966428873493,25-30,20-30,60-90.1
0,78051,0,32.604978302809585,30-40,30-45,60-90.1
0,78092,0,29.264840804838858,25-30,20-30,30-60
0,78112,1,28.833764905817937,25-30,20-30,30-60
0,78128,0,28.225685388256924,25-30,20-30,60-90.1
0,78144,1,21.453932968569383,20-25,20-30,60-90.1
0,78215,1,24.731408294059282,20-25,20-30,30-60
0,78249,1,22.611394080962242,20-25,20-30,60-90.1
0,78335,1,19.26915234151581,15-20,10-20,60-90.1
0,78408,1,16.03895977156256,15-20,10-20,30-60
0,78472,1,13.51847897065751,10-15,10-20,60-90.1
0,78481,1,18.840295361568366,15-20,10-20,30-60
0,78529,1,17.839386040812,15-20,10-20,60-90.1
0,78584,1,26.99415550961919,25-30,20-30,60-90.1
0,78635,1,29.88094003076662,25-30,20-30,30-60
0,78763,1,39.28473643577913,30-40,30-45,0-30
0,78777,1,39.963970985275175,30-40,30-45,0-30
0,78802,1,41.85001242884647,40-50,30-45,60-90.1
0,78811,1,13.950035727523735,10-15,10-20,30-60
0,78825,1,43.995776832861154,40-50,30-45,60-90.1
0,78885,1,48.64286963129091,40-50,45-70,30-60
0,78906,0,51.11663361573759,50-60,45-70,30-60
0,78913,1,17.62768272005116,15-20,10-20,60-90.1
0,78933,1,20.383821404645666,20-25,20-30,60-90.1
0,78940,1,19.46583885518424,15-20,10-20,60-90.1
0,78943,1,16.367121591695312,15-20,10-20,60-90.1
0,78960,1,36.72788596958067,30-40,30-45,60-90.1
0,78967,1,25.126157636705024,25-30,20-30,60-90.1
0,79020,1,15.45761761506792,15-20,10-20,60-90.1
0,79026,1,40.998725701427794,40-50,30-45,0-30
0,79037,1,17.721113203879554,15-20,10-20,60-90.1
0,79101,0,52.294232204212044,50-60,45-70,30-60
0,79108,1,33.534974687658625,30-40,30-45,60-90.1
0,79128,1,40.72524823089172,40-50,30-45,0-30
0,79163,0,46.154794696095955,40-50,45-70,60-90.1
0,79205,1,40.01077915761747,40-50,30-45,30-60
0,79216,1,20.771281161802076,20-25,20-30,60-90.1
0,79250,1,18.159078208907875,15-20,10-20,30-60
0,79251,0,39.79309898384146,30-40,30-45,60-90.1
0,79287,0,36.80697082969283,30-40,30-45,60-90.1
0,79306,0,31.525843942537676,30-40,30-45,60-90.1
0,79387,1,28.116185250487543,25-30,20-30,60-90.1
0,79453,1,24.474475233056555,20-25,20-30,0-30
0,79495,1,22.54112829829571,20-25,20-30,0-30
0,79500,1,21.333087683460924,20-25,20-30,30-60
0,79556,1,19.382715087536365,15-20,10-20,60-90.1
0,79592,1,18.767103960527628,15-20,10-20,30-60
0,79623,1,16.891699400134993,15-20,10-20,60-90.1
0,79665,1,15.427141917071522,15-20,10-20,30-60
0,79762,1,14.04689581539646,10-15,10-20,30-60
0,79804,1,17.381984550586555,15-20,10-20,60-90.1
0,79821,1,24.652239617270975,20-25,20-30,60-90.1
0,79852,1,21.42825352131757,20-25,20-30,60-90.1
0,79868,1,26.776107401159898,25-30,20-30,60-90.1
0,79883,1,28.66529582121758,25-30,20-30,60-90.1
0,79890,1,25.2555094743213,25-30,20-30,60-90.1
0,79918,1,19.748392905963552,15-20,10-20,0-30
0,79939,1,12.094336480681399,10-15,10-20,30-60
0,79983,1,29.41799171931977,25-30,20-30,0-30
0,80010,1,18.066583491903913,15-20,10-20,60-90.1
0,80033,1,37.17640315974844,30-40,30-45,60-90.1
0,80040,1,28.24273301709629,25-30,20-30,60-90.1
0,80045,1,13.869424442971242,10-15,10-20,60-90.1
0,80096,1,26.230170340325287,25-30,20-30,60-90.1
0,80129,1,19.391745686990905,15-20,10-20,60-90.1
0,80162,1,44.95942975679242,40-50,30-45,60-90.1
0,80208,1,25.592720947489955,25-30,20-30,60-90.1
0,80211,1,23.042580923839907,20-25,20-30,60-90.1
0,80229,1,18.332914453273236,15-20,10-20,0-30
0,80231,0,49.298883687901366,40-50,45-70,60-90.1
0,80340,1,35.2955801697265,30-40,30-45,30-60
0,80344,1,31.31118869218922,30-40,30-45,30-60
0,80348,0,54.41613507186443,50-60,45-70,60-90.1
0,80374,1,41.46437332886747,40-50,30-45,0-30
0,80415,0,48.76849318198605,40-50,45-70,60-90.1
0,80422,1,28.460208670569944,25-30,20-30,30-60
0,80446,1,42.48236068840148,40-50,30-45,0-30
0,80451,1,31.662846796719816,30-40,30-45,60-90.1
0,80471,1,27.852583548753667,25-30,20-30,30-60
0,80477,1,34.56796842303326,30-40,30-45,30-60
0,80507,1,27.896815646125525,25-30,20-30,60-90.1
0,80518,1,36.2859402819654,30-40,30-45,30-60
0,80543,1,21.601432018281947,20-25,20-30,60-90.1
0,80551,1,31.0187919226819,30-40,30-45,60-90.1
0,80621,0,30.382419210765914,30-40,30-45,30-60
0,80673,0,29.702043552606256,25-30,20-30,30-60
0,80675,0,27.06012606418533,25-30,20-30,0-30
0,80690,1,25.999458713987654,25-30,20-30,60-90.1
0,80719,0,25.77211370843234,25-30,20-30,60-90.1
0,80724,0,26.191680108337827,25-30,20-30,0-30
0,80781,1,15.98607843951278,15-20,10-20,30-60
0,80885,1,18.84709880701375,15-20,10-20,30-60
0,80964,1,13.348533970633733,10-15,10-20,30-60
0,81013,1,15.3939637508336,15-20,10-20,60-90.1
0,81023,1,18.586041961138015,15-20,10-20,30-60
0,81030,1,17.540728521238094,15-20,10-20,60-90.1
0,81039,1,19.710617116986825,15-20,10-20,30-60
0,81101,1,22.172671046676754,20-25,20-30,60-90.1
0,81128,1,20.612590867198314,20-25,20-30,60-90.1
0,81174,1,28.66249125003584,25-30,20-30,30-60
0,81191,1,23.57422787153032,20-25,20-30,60-90.1
0,81198,1,14.267589907173448,10-15,10-20,60-90.1
0,81205,1,27.590215795343504,25-30,20-30,30-60
0,81221,1,31.90146766016848,30-40,30-45,60-90.1
0,81273,1,24.14279249147003,20-25,20-30,60-90.1
0,81286,1,26.54224528523427,25-30,20-30,60-90.1
0,81289,1,20.547611178516657,20-25,20-30,60-90.1
0,81303,1,30.321010444108612,30-40,30-45,0-30
0,81340,1,39.453947735918184,30-40,30-45,0-30
0,81408,1,21.945792638984255,20-25,20-30,60-90.1
0,81420,1,44.82697539767918,40-50,30-45,0-30
0,81434,1,16.269649208863033,15-20,10-20,60-90.1
0,81459,1,30.058261541328584,30-40,30-45,0-30
0,81469,1,19.797860857667466,15-20,10-20,60-90.1
0,81481,1,28.495780875908096,25-30,20-30,60-90.1
0,81580,0,55.81603975958002,50-60,45-70,60-90.1
0,81599,1,28.52752537358739,25-30,20-30,60-90.1
0,81601,0,56.776814977110305,50-60,45-70,60-90.1
0,81648,0,51.00244324776027,50-60,45-70,60-90.1
0,81699,1,22.203042196728788,20-25,20-30,60-90.1
0,81731,0,42.53064688900959,40-50,30-45,60-90.1
0,81745,1,23.67459763298822,20-25,20-30,60-90.1
0,81816,1,33.68598657148777,30-40,30-45,0-30
0,81871,1,26.062581658472183,25-30,20-30,30-60
0,81886,0,32.067014026305884,30-40,30-45,30-60
0,81979,1,25.46124021380238,25-30,20-30,0-30
0,81983,1,25.668531344272814,25-30,20-30,60-90.1
0,82010,1,24.581224127940146,20-25,20-30,60-90.1
0,82053,1,21.963382895392385,20-25,20-30,30-60
0,82065,1,15.102335798275847,15-20,10-20,60-90.1
0,82072,1,18.642497177364447,15-20,10-20,30-60
0,82118,1,18.48489815765287,15-20,10-20,60-90.1
0,82195,1,12.813690610215664,10-15,10-20,60-90.1
0,82296,1,18.813874237694055,15-20,10-20,60-90.1
0,82327,1,19.322122783973164,15-20,10-20,30-60
0,82363,1,24.617587413644422,20-25,20-30,60-90.1
0,82397,1,21.284034699633363,20-25,20-30,60-90.1
0,82435,1,17.76654797404554,15-20,10-20,60-90.1
0,82452,1,26.18595160298066,25-30,20-30,60-90.1
0,82460,1,15.017851264218413,15-20,10-20,60-90.1
0,82477,1,21.188996635810145,20-25,20-30,60-90.1
0,82488,1,36.242005966866856,30-40,30-45,30-60
0,82491,1,34.54650817892679,30-40,30-45,60-90.1
0,82592,1,41.32364577983232,40-50,30-45,60-90.1
0,82617,1,43.504714188568435,40-50,30-45,60-90.1
0,82624,1,14.53647153946027,10-15,10-20,60-90.1
0,82633,1,28.42388251586414,25-30,20-30,60-90.1
0,82715,1,27.95730660706368,25-30,20-30,30-60
0,82718,1,25.647063658192796,25-30,20-30,60-90.1
0,82731,1,16.07457109689131,15-20,10-20,60-90.1
0,82746,0,53.87803706275463,50-60,45-70,60-90.1
0,82749,1,17.757358069146058,15-20,10-20,60-90.1
0,82752,1,14.791549389545132,10-15,10-20,60-90.1
0,82775,1,22.881579233761997,20-25,20-30,60-90.1
0,82780,1,33.97105417696311,30-40,30-45,30-60
0,82797,1,39.33561470074654,30-40,30-45,30-60
0,82817,1,32.41131314209444,30-40,30-45,30-60
0,82885,1,24.35538924480866,20-25,20-30,60-90.1
0,82918,0,44.834905686893144,40-50,30-45,60-90.1
0,82992,1,35.9776015899847,30-40,30-45,60-90.1
0,83002,1,25.34974385064838,25-30,20-30,60-90.1
0,83036,1,30.405737803992196,30-40,30-45,60-90.1
0,83134,0,27.853960113297735,25-30,20-30,0-30
0,83142,1,22.29376022257141,20-25,20-30,60-90.1
0,83282,1,22.053617279999845,20-25,20-30,0-30
0,83340,1,18.489208736944896,15-20,10-20,0-30
0,83345,1,19.39891298060473,15-20,10-20,0-30
0,83356,1,18.540053602260375,15-20,10-20,0-30
0,83398,1,16.62317351116972,15-20,10-20,30-60
0,83497,1,14.376571994450376,10-15,10-20,60-90.1
0,83516,1,19.709831147020914,15-20,10-20,60-90.1
0,83533,1,21.599147505833333,20-25,20-30,30-60
0,83728,1,35.47259054512132,30-40,30-45,60-90.1
0,83755,1,30.234016680060158,30-40,30-45,30-60
0,83762,1,17.17133270841441,15-20,10-20,60-90.1
0,83767,1,38.15804989762054,30-40,30-45,60-90.1
0,83814,1,23.360074945637997,20-25,20-30,60-90.1
0,83865,1,46.91418162795508,40-50,45-70,30-60
0,83873,1,17.5644991693382,15-20,10-20,60-90.1
0,83911,1,20.148821933365557,20-25,20-30,60-90.1
0,83913,1,16.86192457029479,15-20,10-20,30-60
0,83927,0,51.05288900572824,50-60,45-70,60-90.1
0,83979,1,35.79953156165028,30-40,30-45,60-90.1
0,83988,1,20.770024844175076,20-25,20-30,60-90.1
0,84005,1,25.754075753058473,25-30,20-30,60-90.1
0,84040,0,53.94955225420375,50-60,45-70,60-90.1
0,84045,1,39.99324044865186,30-40,30-45,60-90.1
0,84050,1,27.786074716834786,25-30,20-30,60-90.1
0,84078,1,30.621355455820453,30-40,30-45,60-90.1
0,84089,0,47.756223637385524,40-50,45-70,60-90.1
0,84098,1,40.299817445095115,40-50,30-45,30-60
0,84126,1,17.898389415907353,15-20,10-20,60-90.1
0,84158,1,40.433109538759034,40-50,30-45,30-60
0,84195,1,33.474008013388364,30-40,30-45,30-60
0,84227,1,28.46980056864753,25-30,20-30,60-90.1
0,84237,0,38.7070314130558,30-40,30-45,30-60
0,84262,0,30.2383399662239,30-40,30-45,0-30
0,84308,1,26.596429935618826,25-30,20-30,60-90.1
0,84313,1,22.41866966528975,20-25,20-30,60-90.1
0,84317,1,19.021122711660002,15-20,10-20,60-90.1
0,84459,1,20.91165219520494,20-25,20-30,60-90.1
0,84493,1,22.869213193508486,20-25,20-30,30-60
0,84556,1,20.13574041722708,20-25,20-30,60-90.1
0,84578,1,18.65128985948277,15-20,10-20,60-90.1
0,84603,1,16.618486328252203,15-20,10-20,30-60
0,84610,1,15.888173865814723,15-20,10-20,60-90.1
0,84627,1,16.200738775033905,15-20,10-20,30-60
0,84685,1,15.569394510243423,15-20,10-20,30-60
0,84687,1,14.581691193011455,10-15,10-20,30-60
0,84766,1,17.324397607157984,15-20,10-20,60-90.1
0,84795,1,17.24415233162023,15-20,10-20,60-90.1
0,84811,1,23.5867164494583,20-25,20-30,30-60
0,84823,1,18.14864860179145,15-20,10-20,30-60
0,84865,1,18.77451902170516,15-20,10-20,60-90.1
0,84867,1,17.34430846142896,15-20,10-20,30-60
0,84941,1,28.15930893849918,25-30,20-30,60-90.1
0,84946,1,22.46515919065266,20-25,20-30,60-90.1
0,85005,1,13.778558748582073,10-15,10-20,60-90.1
0,85087,1,45.345631641579764,40-50,45-70,30-60
0,85120,1,28.546395133775512,25-30,20-30,60-90.1
0,85246,1,23.09470945736567,20-25,20-30,60-90.1
0,85270,1,29.72589867821884,25-30,20-30,60-90.1
0,85283,1,25.26382416995742,25-30,20-30,60-90.1
0,85332,1,40.86973642320491,40-50,30-45,30-60
0,85373,1,27.437389942757274,25-30,20-30,60-90.1
0,85411,1,23.880920478510927,20-25,20-30,30-60
0,85427,1,30.503301011052102,30-40,30-45,60-90.1
0,85477,1,21.75765079769629,20-25,20-30,0-30
0,85517,1,31.73947170685859,30-40,30-45,30-60
0,85555,0,29.475772544428015,25-30,20-30,0-30
0,85662,0,26.57254235351895,25-30,20-30,0-30
0,85707,0,26.180715618245507,25-30,20-30,30-60
0,85718,1,26.167101657439595,25-30,20-30,0-30
0,85739,0,24.38068222116004,20-25,20-30,60-90.1
0,85743,0,24.42547651100453,20-25,20-30,0-30
0,85786,1,22.217557543208105,20-25,20-30,60-90.1
0,85789,1,22.182954495635112,20-25,20-30,0-30
0,85791,1,21.702529729999206,20-25,20-30,0-30
0,85813,1,21.034068122590234,20-25,20-30,30-60
0,85943,1,16.32743270089183,15-20,10-20,60-90.1
0,86034,1,17.979927905142695,15-20,10-20,60-90.1
0,86111,1,12.438883002724017,10-15,10-20,60-90.1
0,86136,1,25.001444419040702,25-30,20-30,30-60
0,86172,1,27.446330192637664,25-30,20-30,30-60
0,86201,1,21.70213599745661,20-25,20-30,30-60
0,86207,1,13.462829166082358,10-15,10-20,60-90.1
0,86210,1,29.82167873700612,25-30,20-30,60-90.1
0,86230,1,33.963100453031046,30-40,30-45,0-30
0,86265,1,35.04167221483799,30-40,30-45,30-60
0,86269,1,34.09671211447313,30-40,30-45,60-90.1
0,86288,1,27.180152430778694,25-30,20-30,60-90.1
0,86326,1,19.706125295069885,15-20,10-20,60-90.1
0,86333,1,42.714695547568006,40-50,30-45,60-90.1
0,86340,1,25.28167498437283,25-30,20-30,60-90.1
0,86344,1,43.561503394557896,40-50,30-45,30-60
0,86420,1,25.081223828265188,25-30,20-30,60-90.1
0,86427,0,47.657889303980994,40-50,45-70,60-90.1
0,86454,1,26.580033945802267,25-30,20-30,30-60
0,86479,1,14.560806276127959,10-15,10-20,60-90.1
0,86486,1,25.931947626173955,25-30,20-30,60-90.1
0,86513,0,55.45847085695191,50-60,45-70,60-90.1
0,86541,0,56.02461556928625,50-60,45-70,60-90.1
0,86567,1,19.718440818088105,15-20,10-20,60-90.1
0,86597,1,26.94146128364941,25-30,20-30,60-90.1
0,86613,1,36.67818109588259,30-40,30-45,30-60
0,86623,0,50.31027763463531,50-60,45-70,60-90.1
0,86656,1,38.57660997045296,30-40,30-45,30-60
0,86710,1,39.63724371615122,30-40,30-45,30-60
0,86755,0,41.401196330584376,40-50,30-45,60-90.1
0,86763,1,25.166507038753345,25-30,20-30,60-90.1
0,86793,1,35.490946749153366,30-40,30-45,0-30
0,86834,1,23.322915016870457,20-25,20-30,60-90.1
0,86894,0,33.81300647027916,30-40,30-45,60-90.1
0,86963,0,29.08670607584997,25-30,20-30,60-90.1
0,87011,1,26.839173311647546,25-30,20-30,30-60
0,87021,1,17.139857190627133,15-20,10-20,60-90.1
0,87158,1,19.51645913274999,15-20,10-20,30-60
0,87187,1,18.144918781783076,15-20,10-20,30-60
0,87247,1,16.58095957395692,15-20,10-20,60-90.1
0,87337,1,18.169456035945206,15-20,10-20,60-90.1
0,87411,1,20.268212255148942,20-25,20-30,30-60
0,87491,1,28.32160040620395,25-30,20-30,60-90.1
0,87515,1,23.248085084328522,20-25,20-30,30-60
0,87607,1,36.3960743171075,30-40,30-45,30-60
0,87666,1,40.28619062832695,40-50,30-45,60-90.1
0,87709,1,24.154865135403828,20-25,20-30,60-90.1
0,87730,1,14.854773943679689,10-15,10-20,30-60
0,87743,1,27.758899452217964,25-30,20-30,60-90.1
0,87756,1,21.52043604830184,20-25,20-30,60-90.1
0,87776,1,17.422482226813134,15-20,10-20,60-90.1
0,87780,1,14.295552453954283,10-15,10-20,30-60
0,87849,1,38.79045305408645,30-40,30-45,30-60
0,87854,1,33.43969040066581,30-40,30-45,60-90.1
0,87870,1,30.554649315798265,30-40,30-45,30-60
0,87889,1,38.275482644472284,30-40,30-45,60-90.1
0,87911,1,21.662520765266276,20-25,20-30,60-90.1
0,87987,1,20.149814649864567,20-25,20-30,60-90.1
0,88005,0,44.54820511872021,40-50,30-45,60-90.1
0,88030,1,18.8888400207402,15-20,10-20,30-60
0,88066,1,37.03478761465383,30-40,30-45,0-30
0,88117,0,38.2781252367964,30-40,30-45,30-60
0,88188,1,29.404529310754313,25-30,20-30,60-90.1
0,88195,0,28.65998761791147,25-30,20-30,0-30
0,88248,0,27.275900463108993,25-30,20-30,0-30
0,88255,1,27.07632699667096,25-30,20-30,60-90.1
0,88301,1,25.69836803675741,25-30,20-30,60-90.1
0,88380,1,19.794808375641903,15-20,10-20,60-90.1
0,88406,1,20.480779130335435,20-25,20-30,30-60
0,88426,1,18.87260450929355,15-20,10-20,0-30
0,88447,1,16.585965061039833,15-20,10-20,60-90.1
0,88450,1,17.10337080933606,15-20,10-20,0-30
0,88503,1,15.639803826026547,15-20,10-20,30-60
0,88507,1,15.404144702498845,15-20,10-20,30-60
0,88527,1,14.493402526584894,10-15,10-20,0-30
0,88620,1,18.80527935354619,15-20,10-20,60-90.1
0,88623,1,15.534056059919795,15-20,10-20,60-90.1
0,88636,1,15.219973246063052,15-20,10-20,60-90.1
0,88667,1,23.12312331436375,20-25,20-30,60-90.1
0,88693,1,22.761235360150195,20-25,20-30,0-30
0,88711,1,26.006816464342606,25-30,20-30,60-90.1
0,88715,1,15.108776294456273,15-20,10-20,60-90.1
0,88719,1,12.058155391260891,10-15,10-20,60-90.1
0,88735,1,22.476955701932237,20-25,20-30,30-60
0,88762,1,28.75949297039759,25-30,20-30,60-90.1
0,88772,1,17.552836791268277,15-20,10-20,60-90.1
0,88830,1,17.91532622965021,15-20,10-20,60-90.1
0,88870,1,13.702463499413888,10-15,10-20,60-90.1
0,88907,1,27.476419526890826,25-30,20-30,30-60
0,88983,0,46.41924110100709,40-50,45-70,0-30
0,89037,1,21.162173356512916,20-25,20-30,60-90.1
0,89057,0,52.98054494764256,50-60,45-70,60-90.1
0,89067,1,16.191262681534358,15-20,10-20,60-90.1
0,89101,1,35.441496997669994,30-40,30-45,60-90.1
0,89118,1,17.938323773223516,15-20,10-20,30-60
0,89172,0,53.14898332018156,50-60,45-70,60-90.1
0,89190,1,39.7897356578178,30-40,30-45,30-60
0,89211,0,47.20294971958363,40-50,45-70,60-90.1
0,89235,1,23.776508145717724,20-25,20-30,60-90.1
0,89253,1,26.917523503729058,25-30,20-30,0-30
0,89259,1,30.439114647835066,30-40,30-45,60-90.1
0,89279,1,21.269201811287157,20-25,20-30,60-90.1
0,89333,1,25.641959227166332,25-30,20-30,60-90.1
0,89339,1,19.21124563520133,15-20,10-20,30-60
0,89365,1,28.983275735380342,25-30,20-30,60-90.1
0,89425,0,28.12833939742876,25-30,20-30,30-60
0,89533,1,23.33592211270743,20-25,20-30,0-30
0,89568,1,16.47255837421792,15-20,10-20,60-90.1
0,89576,0,23.23434756442968,20-25,20-30,30-60
0,89597,1,20.995899074283265,20-25,20-30,30-60
0,89608,1,20.287508554584104,20-25,20-30,30-60
0,89641,1,19.51056389387282,15-20,10-20,0-30
0,89655,1,18.39960809732147,15-20,10-20,30-60
0,89731,1,15.754867305346739,15-20,10-20,30-60
0,89792,1,16.08750126061655,15-20,10-20,60-90.1
0,89855,1,21.19265935469817,20-25,20-30,30-60
0,89862,1,12.19147784929267,10-15,10-20,60-90.1
0,90016,1,30.765941886513044,30-40,30-45,30-60
0,90035,1,13.716396410702579,10-15,10-20,30-60
0,90039,1,22.643095742685947,20-25,20-30,60-90.1
0,90064,1,21.279720258235304,20-25,20-30,60-90.1
0,90099,1,37.32430403165835,30-40,30-45,0-30
0,90103,1,36.430032757701,30-40,30-45,30-60
0,90123,1,26.069490528659763,25-30,20-30,30-60
0,90126,1,24.307400072139995,20-25,20-30,60-90.1
0,90127,1,16.24099351995238,15-20,10-20,60-90.1
0,90160,1,21.999405003737003,20-25,20-30,60-90.1
0,90192,1,45.22434491200248,40-50,45-70,30-60
0,90233,0,50.109182692379306,50-60,45-70,60-90.1
0,90279,1,26.098242816841605,25-30,20-30,30-60
0,90302,1,22.275556068810545,20-25,20-30,60-90.1
0,90343,0,56.16644633156785,50-60,45-70,60-90.1
0,90363,1,40.807220985550586,40-50,30-45,0-30
0,90372,1,23.810459595449412,20-25,20-30,60-90.1
0,90422,1,38.69677797941977,30-40,30-45,60-90.1
0,90442,1,37.01840664863923,30-40,30-45,0-30
0,90521,1,33.779310895329495,30-40,30-45,60-90.1
0,90570,1,31.000242320027635,30-40,30-45,0-30
0,90654,0,30.657341425958766,30-40,30-45,30-60
0,90671,1,23.88763536694428,20-25,20-30,60-90.1
0,90676,1,19.710532504466034,15-20,10-20,30-60
0,90683,0,25.00970764403458,25-30,20-30,30-60
0,90767,0,22.331936668709172,20-25,20-30,60-90.1
0,90770,0,22.119107402783413,20-25,20-30,30-60
0,90880,1,16.9797870822525,15-20,10-20,30-60
0,90938,1,13.565244972436007,10-15,10-20,30-60
0,91031,1,17.516751806154232,15-20,10-20,60-90.1
0,91039,1,21.164559620935506,20-25,20-30,60-90.1
0,91100,1,20.778732814211676,20-25,20-30,30-60
0,91147,1,18.343831442467202,15-20,10-20,60-90.1
0,91170,1,22.091321098260643,20-25,20-30,60-90.1
0,91224,1,33.57165737242927,30-40,30-45,60-90.1
0,91309,1,39.61765962600892,30-40,30-45,60-90.1
0,91318,1,18.056219845089434,15-20,10-20,60-90.1
0,91335,1,14.93315653725153,10-15,10-20,60-90.1
0,91366,1,19.29355339420007,15-20,10-20,60-90.1
0,91396,0,47.719763241359516,40-50,45-70,30-60
0,91407,1,14.60581615236017,10-15,10-20,30-60
0,91422,1,25.538280119699408,25-30,20-30,60-90.1
0,91450,1,17.99807817766075,15-20,10-20,60-90.1
0,91481,1,18.445637007516044,15-20,10-20,60-90.1
0,91501,1,15.129289145591697,15-20,10-20,30-60
0,91507,1,38.65255993963894,30-40,30-45,60-90.1
0,91526,1,34.186713009122734,30-40,30-45,60-90.1
0,91540,1,31.327211359628404,30-40,30-45,60-90.1
0,91547,1,29.337921350161167,25-30,20-30,60-90.1
0,91551,1,26.140192884032135,25-30,20-30,60-90.1
0,91575,1,19.03841523106395,15-20,10-20,60-90.1
0,91598,0,50.31579225770467,50-60,45-70,60-90.1
0,91667,0,40.42410066332262,40-50,30-45,60-90.1
0,91691,1,20.840064654921854,20-25,20-30,60-90.1
0,91701,1,33.5578011515786,30-40,30-45,30-60
0,91704,1,28.14251586977893,25-30,20-30,60-90.1
0,91778,0,36.59256674654244,30-40,30-45,60-90.1
0,91833,0,28.154859066524896,25-30,20-30,0-30
0,91847,1,16.71325253370028,15-20,10-20,0-30
0,91909,1,24.93635960548479,20-25,20-30,0-30
0,91960,0,25.64965701067663,25-30,20-30,30-60
0,91974,1,23.282431751987566,20-25,20-30,0-30
0,92061,1,17.82809902827042,15-20,10-20,30-60
0,92098,1,16.60051868603556,15-20,10-20,0-30
0,92123,1,14.98354461834001,10-15,10-20,60-90.1
0,92124,1,14.527548905649857,10-15,10-20,60-90.1
0,92193,1,15.716204523362684,15-20,10-20,60-90.1
0,92198,1,12.848394736573239,10-15,10-20,30-60
0,92287,1,12.277744543837777,10-15,10-20,30-60
0,92301,1,14.80934824891345,10-15,10-20,60-90.1
0,92308,1,25.508511050875427,25-30,20-30,60-90.1
0,92374,1,16.81769794149965,15-20,10-20,60-90.1
0,92388,1,31.261031817207506,30-40,30-45,0-30
0,92405,1,31.939771691992817,30-40,30-45,0-30
0,92410,1,25.697951861405436,25-30,20-30,0-30
0,92416,1,13.876879298621333,10-15,10-20,60-90.1
0,92433,1,21.596092614758568,20-25,20-30,60-90.1
0,92456,1,36.64884019604381,30-40,30-45,0-30
0,92502,1,17.714057519168303,15-20,10-20,30-60
0,92519,1,42.01860766519152,40-50,30-45,60-90.1
0,92532,1,43.210513614433395,40-50,30-45,30-60
0,92537,1,16.523067092408247,15-20,10-20,30-60
0,92549,0,46.298955059633585,40-50,45-70,30-60
0,92625,0,54.967757319844154,50-60,45-70,60-90.1
0,92731,1,24.983936480015796,20-25,20-30,60-90.1
0,92733,1,21.95839852038883,20-25,20-30,60-90.1
0,92749,1,28.657300785204498,25-30,20-30,60-90.1
0,92756,1,16.710186302224315,15-20,10-20,60-90.1
0,92791,0,44.02478996221822,40-50,30-45,60-90.1
0,92826,1,37.63795728291136,30-40,30-45,0-30
0,92884,1,31.216591253391226,30-40,30-45,0-30
0,92898,1,22.972454558200205,20-25,20-30,60-90.1
0,93006,1,26.721403870205048,25-30,20-30,60-90.1
0,93021,0,27.292251037194333,25-30,20-30,0-30
0,93039,1,17.034572965341297,15-20,10-20,30-60
0,93159,1,20.610647981170366,20-25,20-30,30-60
0,93167,1,20.1170827399703,20-25,20-30,30-60
0,93170,1,19.271284210354747,15-20,10-20,30-60
0,93183,1,18.231250618489515,15-20,10-20,60-90.1
0,93187,1,17.43500084577012,15-20,10-20,60-90.1
0,93295,1,13.453427118299105,10-15,10-20,60-90.1
0,93346,1,19.49356394943266,15-20,10-20,60-90.1
0,93364,1,18.71132738737704,15-20,10-20,60-90.1
0,93427,1,12.01213909314821,10-15,10-20,30-60
0,93429,1,28.479396111869914,25-30,20-30,60-90.1
0,93466,1,25.648646550308968,25-30,20-30,30-60
0,93537,1,17.183102710752955,15-20,10-20,60-90.1
0,93545,1,21.86660544809653,20-25,20-30,60-90.1
0,93647,1,19.726142469171247,15-20,10-20,60-90.1
0,93693,0,52.76346317644948,50-60,45-70,60-90.1
0,93726,1,15.805542786999968,15-20,10-20,30-60
0,93735,1,35.0112172227272,30-40,30-45,60-90.1
0,93759,1,21.95420664581197,20-25,20-30,60-90.1
0,93792,1,19.62222098409943,15-20,10-20,60-90.1
0,93803,0,53.44062873560661,50-60,45-70,60-90.1
0,93819,1,31.307756682731732,30-40,30-45,60-90.1
0,93848,1,20.54160651953232,20-25,20-30,60-90.1
0,93895,0,46.880216063800624,40-50,45-70,60-90.1
0,93922,1,20.615917981012394,20-25,20-30,60-90.1
0,93955,1,19.62126254162611,15-20,10-20,60-90.1
0,93979,1,25.389516059529203,25-30,20-30,60-90.1
0,94012,1,31.918966786870403,30-40,30-45,60-90.1
0,94042,0,29.402723796742467,25-30,20-30,0-30
0,94124,1,25.960461673127227,25-30,20-30,30-60
0,94185,1,20.083422942986743,20-25,20-30,30-60
0,94199,1,22.47333041170132,20-25,20-30,30-60
0,94228,1,21.25172648744778,20-25,20-30,60-90.1
0,94244,1,19.472549392497367,15-20,10-20,30-60
0,94402,1,18.900770807620095,15-20,10-20,30-60
0,94407,1,15.940145262165517,15-20,10-20,60-90.1
0,94480,1,14.207642535120785,10-15,10-20,60-90.1
0,94490,1,18.49253603660849,15-20,10-20,60-90.1
0,94548,1,17.14809593465452,15-20,10-20,60-90.1
0,94579,1,33.58383408709093,30-40,30-45,30-60
0,94618,1,20.003252558426727,20-25,20-30,60-90.1
0,94656,1,16.22070226355472,15-20,10-20,60-90.1
0,94689,1,26.797059008658806,25-30,20-30,60-90.1
0,94750,1,15.439205848387214,15-20,10-20,30-60
0,94788,1,25.06679261248128,25-30,20-30,30-60
0,94815,0,56.25153657734272,50-60,45-70,60-90.1
0,94844,1,17.102294946001066,15-20,10-20,60-90.1
0,94869,1,40.233609828432826,40-50,30-45,30-60
0,94890,1,20.163274500730086,20-25,20-30,60-90.1
0,94909,1,18.329262172540236,15-20,10-20,60-90.1
0,94923,1,23.336340417950705,20-25,20-30,60-90.1
0,94931,1,39.09867268468377,30-40,30-45,30-60
0,94945,1,19.39395716781961,15-20,10-20,60-90.1
0,94954,1,27.06361171747579,25-30,20-30,60-90.1
0,95002,1,23.944807975384442,20-25,20-30,60-90.1
0,95032,0,40.68551302731064,40-50,30-45,60-90.1
0,95046,1,36.54172649701771,30-40,30-45,0-30
0,95127,0,28.40575882035726,25-30,20-30,60-90.1
0,95194,1,25.003818296441665,25-30,20-30,60-90.1
0,95257,0,23.253753212125574,20-25,20-30,30-60
0,95275,0,21.457914535842672,20-25,20-30,30-60
0,95296,0,19.868297075654173,15-20,10-20,0-30
0,95357,1,15.15989707519292,15-20,10-20,0-30
0,95442,1,14.36967041296745,10-15,10-20,60-90.1
0,95452,1,17.66757391704768,15-20,10-20,60-90.1
0,95533,1,20.472320459439473,20-25,20-30,30-60
0,95606,1,23.669551229317566,20-25,20-30,30-60
0,95707,1,14.899811815182492,10-15,10-20,60-90.1
0,95728,1,38.325701585156835,30-40,30-45,0-30
0,95730,1,36.219739612407245,30-40,30-45,60-90.1
0,95743,1,38.58874204775151,30-40,30-45,0-30
0,95755,1,19.216217979989597,15-20,10-20,0-30
0,95773,1,42.83204908766763,40-50,30-45,0-30
0,95808,1,44.81114482924971,40-50,30-45,30-60
0,95850,0,47.975775776980086,40-50,45-70,30-60
0,95869,0,50.15553197183756,50-60,45-70,60-90.1
0,95870,1,23.497100354017515,20-25,20-30,60-90.1
0,95917,1,36.25213314604712,30-40,30-45,60-90.1
0,95944,1,31.45907804437124,30-40,30-45,60-90.1
0,95975,1,40.19019853337098,40-50,30-45,0-30
0,95976,1,31.154578051202233,30-40,30-45,60-90.1
0,96002,1,22.815523849501353,20-25,20-30,30-60
0,96040,1,29.815466608185197,25-30,20-30,60-90.1
0,96065,1,22.344204923402934,20-25,20-30,60-90.1
0,96086,1,38.85845394609296,30-40,30-45,0-30
0,96098,0,43.68414858196857,40-50,30-45,60-90.1
0,96254,1,29.017597033420184,25-30,20-30,30-60
0,96303,1,21.071516294693296,20-25,20-30,30-60
0,96320,1,26.64767049448777,25-30,20-30,60-90.1
0,96339,1,25.007557139066613,25-30,20-30,60-90.1
0,96349,0,23.59548750976091,20-25,20-30,30-60
0,96412,0,21.329632173081357,20-25,20-30,60-90.1
0,96417,1,21.031177428653233,20-25,20-30,30-60
0,96556,1,13.215866347632213,10-15,10-20,30-60
0,96658,1,21.550560614251847,20-25,20-30,60-90.1
0,96666,1,17.39962564580869,15-20,10-20,60-90.1
0,96691,1,23.24867908979971,20-25,20-30,60-90.1
0,96786,1,15.358805469166809,15-20,10-20,60-90.1
0,96795,1,21.920570415434547,20-25,20-30,60-90.1
0,96831,1,16.02529890560968,15-20,10-20,60-90.1
0,96907,1,39.14365524013998,30-40,30-45,60-90.1
0,96918,1,13.376142686456376,10-15,10-20,60-90.1
0,96940,1,41.953032350339896,40-50,30-45,60-90.1
0,96960,1,22.48723392681828,20-25,20-30,60-90.1
0,96994,1,13.617074941796625,10-15,10-20,30-60
0,97073,1,20.430209205422972,20-25,20-30,60-90.1
0,97095,0,54.47250844807511,50-60,45-70,60-90.1
0,97160,1,28.60249385308664,25-30,20-30,60-90.1
0,97183,0,50.88122829345742,50-60,45-70,60-90.1
0,97218,1,20.04971006785707,20-25,20-30,60-90.1
0,97237,1,25.335200557396558,25-30,20-30,60-90.1
0,97248,1,20.469459254294005,20-25,20-30,60-90.1
0,97331,1,22.54589913566293,20-25,20-30,60-90.1
0,97351,1,33.93322693329752,30-40,30-45,30-60
0,97355,1,28.87761642063418,25-30,20-30,30-60
0,97375,0,35.78522389007758,30-40,30-45,60-90.1
0,97425,1,16.774621355179352,15-20,10-20,0-30
0,97493,0,30.45047941569841,30-40,30-45,60-90.1
0,97590,1,23.17465784384469,20-25,20-30,30-60
0,97592,1,21.68635548868827,20-25,20-30,30-60
0,97653,1,17.771171674589784,15-20,10-20,60-90.1
0,97659,1,18.322848241740395,15-20,10-20,60-90.1
0,97669,1,17.437419238634472,15-20,10-20,60-90.1
0,97696,1,15.052138305491116,15-20,10-20,0-30
0,97720,1,14.262696405122373,10-15,10-20,60-90.1
0,97796,1,14.813375445153609,10-15,10-20,60-90.1
0,97806,1,17.612953723757737,15-20,10-20,30-60
0,97894,1,14.696576596901947,10-15,10-20,60-90.1
0,97904,1,12.984828832020025,10-15,10-20,60-90.1
0,97931,1,27.14701403650491,25-30,20-30,60-90.1
0,97946,1,16.75230105755489,15-20,10-20,60-90.1
0,97962,1,11.517916166440472,10-15,10-20,30-60
0,97978,1,30.170844062802086,30-40,30-45,30-60
0,97985,1,19.275401111352032,15-20,10-20,30-60
0,98032,1,27.91143617704164,25-30,20-30,0-30
0,98037,1,25.54328725087816,25-30,20-30,60-90.1
0,98047,1,12.621218799562383,10-15,10-20,30-60
0,98077,1,15.902726543274213,15-20,10-20,60-90.1
0,98116,1,19.923370319787118,15-20,10-20,30-60
0,98151,1,13.133787428171674,10-15,10-20,30-60
0,98211,1,20.13482872774628,20-25,20-30,60-90.1
0,98217,0,46.392266328397625,40-50,45-70,30-60
0,98250,1,25.033143409969533,25-30,20-30,60-90.1
0,98281,0,52.176677970034206,50-60,45-70,60-90.1
0,98307,1,32.54439385390722,30-40,30-45,30-60
0,98328,1,28.99254386083916,25-30,20-30,30-60
0,98344,0,54.15164506135595,50-60,45-70,60-90.1
0,98347,1,38.80835054173773,30-40,30-45,60-90.1
0,98373,1,23.359903273772943,20-25,20-30,30-60
0,98421,0,46.78460116018634,40-50,45-70,60-90.1
0,98437,1,36.9593652221164,30-40,30-45,60-90.1
0,98484,1,25.437790347354085,25-30,20-30,60-90.1
0,98492,1,30.13754306410729,30-40,30-45,30-60
0,98598,0,30.557365876841764,30-40,30-45,0-30
0,98624,0,29.21370541533134,25-30,20-30,60-90.1
0,98652,1,17.22673005200257,15-20,10-20,0-30
0,98688,0,26.28970941174913,25-30,20-30,30-60
0,98762,0,25.346708092945047,25-30,20-30,0-30
0,98830,0,19.237844613412296,15-20,10-20,60-90.1
0,98877,1,16.76650184697812,15-20,10-20,30-60
0,98929,1,14.743641823241907,10-15,10-20,30-60
0,99018,1,14.872512482227433,10-15,10-20,60-90.1
0,99042,1,18.759277533933776,15-20,10-20,60-90.1
0,99046,1,14.559906765279921,10-15,10-20,60-90.1
0,99082,1,18.908665717467176,15-20,10-20,60-90.1
0,99140,1,25.60480519775167,25-30,20-30,60-90.1
0,99146,1,20.612495161090745,20-25,20-30,60-90.1
0,99255,1,32.814847199764074,30-40,30-45,0-30
0,99282,1,21.581166891268154,20-25,20-30,30-60
0,99288,1,14.891674215005287,10-15,10-20,60-90.1
0,99386,1,23.91541454982396,20-25,20-30,60-90.1
0,99394,1,17.49110129128714,15-20,10-20,60-90.1
0,99424,1,28.49070410117102,25-30,20-30,0-30
0,99473,1,17.827201238302873,15-20,10-20,60-90.1
0,99490,0,50.207030235933324,50-60,45-70,60-90.1
0,99554,1,23.928763928413606,20-25,20-30,30-60
0,99559,0,56.540913929330735,50-60,45-70,60-90.1
0,99594,1,37.02090497097799,30-40,30-45,30-60
0,99596,1,26.27288689698012,25-30,20-30,30-60
0,99629,1,27.726720446083952,25-30,20-30,30-60
0,99742,0,39.437737347979045,30-40,30-45,60-90.1
0,99776,1,31.07014326442612,30-40,30-45,30-60
0,99838,1,30.009667744158772,30-40,30-45,30-60
0,99854,0,29.935082768086158,25-30,20-30,0-30
0,99879,1,21.420589210952937,20-25,20-30,60-90.1
0,99905,0,26.014649850729587,25-30,20-30,60-90.1
0,99954,1,20.073419237039325,20-25,20-30,0-30
0,100016,1,21.571565736514984,20-25,20-30,60-90.1
0,100077,1,18.06754805649479,15-20,10-20,60-90.1
0,100162,1,14.54110626575807,10-15,10-20,60-90.1
0,100305,1,18.896938174049094,15-20,10-20,60-90.1
0,100396,1,18.260328122921546,15-20,10-20,60-90.1
0,100484,1,16.43482127865358,15-20,10-20,60-90.1
0,100488,1,32.207966758549574,30-40,30-45,30-60
0,100538,1,33.86420141885848,30-40,30-45,30-60
0,100546,1,18.805499748134697,15-20,10-20,60-90.1
0,100577,1,23.182307817013605,20-25,20-30,60-90.1
0,100683,1,44.50486927930268,40-50,30-45,30-60
0,100719,1,29.274669845987912,25-30,20-30,30-60
0,100773,1,18.219737293125153,15-20,10-20,30-60
0,100796,1,37.23590562143197,30-40,30-45,0-30
0,100801,1,30.791401200706236,30-40,30-45,60-90.1
0,100839,1,27.56564970018378,25-30,20-30,30-60
0,100867,0,50.857937727893905,50-60,45-70,60-90.1
0,100909,1,22.814428155497293,20-25,20-30,60-90.1
0,100924,0,43.9179908614542,40-50,30-45,60-90.1
0,100931,1,35.634992346879976,30-40,30-45,60-90.1
0,100978,1,19.80924573444163,15-20,10-20,30-60
0,100999,1,26.07246581112429,25-30,20-30,30-60
0,101029,0,31.53356340951844,30-40,30-45,0-30
0,101091,1,30.213269189254436,30-40,30-45,30-60
0,101129,0,30.463118596522456,30-40,30-45,30-60
0,101205,1,24.406735922944566,20-25,20-30,30-60
0,101210,1,24.623025665915666,20-25,20-30,60-90.1
0,101261,0,18.88224075996117,15-20,10-20,30-60
0,101281,1,19.50653808681384,15-20,10-20,30-60
0,101317,1,17.734685384324926,15-20,10-20,0-30
0,101361,1,14.039855080983862,10-15,10-20,60-90.1
0,101513,1,17.545208751035563,15-20,10-20,60-90.1
0,101571,1,23.583319637579088,20-25,20-30,0-30
0,101615,1,29.633538561443586,25-30,20-30,30-60
0,101619,1,21.124584026352707,20-25,20-30,60-90.1
0,101628,1,25.41597120529412,25-30,20-30,60-90.1
0,101726,1,22.107162997771333,20-25,20-30,60-90.1
0,101744,1,37.699056647146286,30-40,30-45,0-30
0,101756,1,37.554027025121044,30-40,30-45,0-30
0,101760,1,36.41966684292286,30-40,30-45,30-60
0,101775,1,27.36722414375458,25-30,20-30,30-60
0,101801,1,14.737130764196682,10-15,10-20,60-90.1
0,101829,1,42.92081453787321,40-50,30-45,0-30
0,101889,0,47.38731888650682,40-50,45-70,30-60
0,101931,1,15.830667131885939,15-20,10-20,30-60
0,101964,1,29.688469351337428,25-30,20-30,30-60
0,101971,1,24.537931820940226,20-25,20-30,60-90.1
0,101989,0,54.81570068646051,50-60,45-70,60-90.1
0,101993,1,34.31049158106524,30-40,30-45,30-60
0,102006,1,15.773629978041294,15-20,10-20,60-90.1
0,102042,1,21.969983030128013,20-25,20-30,60-90.1
0,102057,1,29.839038376756108,25-30,20-30,60-90.1
0,102114,1,35.557386917604816,30-40,30-45,30-60
0,102117,1,22.527620352985643,20-25,20-30,30-60
0,102200,1,35.8983651271919,30-40,30-45,60-90.1
0,102465,0,19.783440675758804,15-20,10-20,30-60
0,102509,1,18.22975961811167,15-20,10-20,30-60
0,102513,1,17.46176810933441,15-20,10-20,30-60
0,102554,1,15.33881780717856,15-20,10-20,60-90.1
0,102701,1,20.219088375502864,20-25,20-30,60-90.1
0,102760,1,14.758310060773573,10-15,10-20,60-90.1
0,102777,1,11.89752284466631,10-15,10-20,60-90.1
0,102793,1,32.36154973737164,30-40,30-45,30-60
0,102813,1,24.380447579467365,20-25,20-30,60-90.1
0,102938,1,18.871862023150918,15-20,10-20,60-90.1
0,102946,1,41.32383132603712,40-50,30-45,60-90.1
0,102957,1,12.845984483208781,10-15,10-20,0-30
0,102963,1,16.862568517710617,15-20,10-20,60-90.1
0,103045,1,19.28526326021915,15-20,10-20,60-90.1
0,103159,1,32.949459368148474,30-40,30-45,30-60
0,103193,0,54.308428373445324,50-60,45-70,60-90.1
0,103200,1,20.094502359515673,20-25,20-30,60-90.1
0,103277,1,24.473038173277455,20-25,20-30,60-90.1
0,103282,1,36.72496681851855,30-40,30-45,30-60
0,103333,1,19.783291828464396,15-20,10-20,60-90.1
0,103426,0,32.2031128360991,30-40,30-45,0-30
0,103449,0,33.97510288514259,30-40,30-45,0-30
0,103501,0,29.573315879724355,25-30,20-30,60-90.1
0,103597,1,20.868368750083633,20-25,20-30,30-60
0,103602,0,20.506575930773934,20-25,20-30,30-60
0,103652,0,18.02039061054594,15-20,10-20,30-60
0,103691,1,15.666465193881505,15-20,10-20,0-30
0,103713,1,14.787815582955943,10-15,10-20,0-30
0,103771,1,19.45201102727924,15-20,10-20,60-90.1
0,103795,1,22.880606669696494,20-25,20-30,0-30
0,103802,1,17.314492139994,15-20,10-20,30-60
0,103818,1,14.020722197206927,10-15,10-20,60-90.1
0,103864,1,26.490247502636937,25-30,20-30,60-90.1
0,103867,1,21.109267902388783,20-25,20-30,60-90.1
0,103926,1,18.57861609580606,15-20,10-20,60-90.1
0,103981,1,22.14131955819934,20-25,20-30,60-90.1
0,103985,1,17.509912111349774,15-20,10-20,60-90.1
0,103991,1,13.389455423288176,10-15,10-20,60-90.1
0,104016,1,24.99965466743054,20-25,20-30,60-90.1
0,104106,1,25.491226518834587,25-30,20-30,60-90.1
0,104126,0,45.84970457340582,40-50,45-70,30-60
0,104194,0,52.377474858426964,50-60,45-70,60-90.1
0,104201,1,17.874343817526185,15-20,10-20,60-90.1
0,104273,1,31.527082708888376,30-40,30-45,60-90.1
0,104323,1,17.92635480840129,15-20,10-20,60-90.1
0,104344,1,24.90030092782381,20-25,20-30,30-60
0,104365,0,48.032078768075735,40-50,45-70,60-90.1
0,104383,1,21.072165509317333,20-25,20-30,30-60
0,104461,0,39.347148235332305,30-40,30-45,60-90.1
0,104489,1,33.582937179616735,30-40,30-45,60-90.1
0,104494,1,22.997412252367393,20-25,20-30,60-90.1
0,104500,0,33.90027443346896,30-40,30-45,30-60
0,104507,0,33.020853916796796,30-40,30-45,30-60
0,104551,0,36.1185781731561,30-40,30-45,60-90.1
0,104599,1,28.415735247927994,25-30,20-30,30-60
0,104638,1,21.87893002861341,20-25,20-30,60-90.1
0,104743,1,17.70858881673351,15-20,10-20,60-90.1
0,104780,1,15.968414179600858,15-20,10-20,60-90.1
0,104862,1,20.81697991989701,20-25,20-30,30-60
0,104920,1,23.26063207269701,20-25,20-30,30-60
0,104967,1,17.393269309174826,15-20,10-20,60-90.1
0,105033,1,32.70553050404909,30-40,30-45,0-30
0,105052,1,33.11334717137818,30-40,30-45,0-30
0,105055,1,27.253441371228483,25-30,20-30,0-30
0,105144,1,15.200424102515393,15-20,10-20,30-60
0,105179,1,28.76318844027458,25-30,20-30,30-60
0,105200,0,49.36313562691744,40-50,45-70,60-90.1
0,105283,1,22.774317657044563,20-25,20-30,60-90.1
0,105290,1,16.84562017238759,15-20,10-20,60-90.1
0,105316,0,56.95841821170981,50-60,45-70,60-90.1
0,105390,1,28.075515992147306,25-30,20-30,60-90.1
0,105393,1,25.70813992020137,25-30,20-30,60-90.1
0,105411,0,51.51014130221852,50-60,45-70,60-90.1
0,105475,1,36.9865244452487,30-40,30-45,0-30
0,105542,1,18.107740226656826,15-20,10-20,30-60
0,105637,0,30.935948706405473,30-40,30-45,30-60
0,105756,1,22.324159731912076,20-25,20-30,30-60
0,105883,1,14.774287424662921,10-15,10-20,30-60
0,105890,1,14.299011733078576,10-15,10-20,60-90.1
0,105915,1,12.264545352927115,10-15,10-20,30-60
0,105947,1,13.156499385177144,10-15,10-20,60-90.1
0,105990,1,18.200943892025613,15-20,10-20,60-90.1
0,106107,1,22.625765236480028,20-25,20-30,60-90.1
0,106111,1,12.853328860166332,10-15,10-20,60-90.1
0,106205,1,34.514917422456364,30-40,30-45,30-60
0,106227,1,39.79743901563048,30-40,30-45,60-90.1
0,106232,1,37.783880234292184,30-40,30-45,30-60
0,106241,1,25.26316596090318,25-30,20-30,60-90.1
0,106256,1,42.213315976724445,40-50,30-45,0-30
0,106277,1,43.208291547741304,40-50,30-45,60-90.1
0,106329,1,14.612202928892833,10-15,10-20,60-90.1
0,106395,1,35.72284776578147,30-40,30-45,60-90.1
0,106442,1,37.5878907623233,30-40,30-45,0-30
0,106447,1,20.57100249602065,20-25,20-30,30-60
0,106507,1,21.766974258159422,20-25,20-30,60-90.1
0,106543,1,20.75631276429332,20-25,20-30,60-90.1
0,106564,0,44.65513005441976,40-50,30-45,60-90.1
0,106609,1,21.914153091887755,20-25,20-30,60-90.1
0,106638,0,34.72735332893487,30-40,30-45,0-30
0,106788,1,24.393951157855682,20-25,20-30,60-90.1
0,106847,1,20.830291898384445,20-25,20-30,30-60
0,106859,1,20.06989024181408,20-25,20-30,0-30
0,106860,1,20.48084439948748,20-25,20-30,30-60
0,106880,1,18.914904700886225,15-20,10-20,60-90.1
0,106939,1,15.523824900423216,15-20,10-20,0-30
0,107075,1,16.570869842331042,15-20,10-20,60-90.1
0,107086,1,19.016398155006595,15-20,10-20,60-90.1
0,107154,1,13.399985920967689,10-15,10-20,60-90.1
0,107204,1,31.091997444716412,30-40,30-45,0-30
0,107214,1,24.468765110031153,20-25,20-30,30-60
0,107216,1,20.255735162983253,20-25,20-30,60-90.1
0,107296,1,38.45714321245987,30-40,30-45,0-30
0,107357,1,23.53502791389059,20-25,20-30,60-90.1
0,107366,0,46.73216323279832,40-50,45-70,0-30
0,107405,1,28.01669735507299,25-30,20-30,60-90.1
0,107428,1,26.808397265078074,25-30,20-30,30-60
0,107442,1,33.58146029952294,30-40,30-45,60-90.1
0,107452,1,32.317554158588855,30-40,30-45,30-60
0,107498,1,22.435724734881344,20-25,20-30,60-90.1
0,107568,0,48.988108284449645,40-50,45-70,60-90.1
0,107593,1,35.99031646936752,30-40,30-45,30-60
0,107605,1,26.408412352107987,25-30,20-30,30-60
0,107658,1,26.659975443467367,25-30,20-30,0-30
0,107660,1,23.603033891198866,20-25,20-30,60-90.1
0,107734,1,28.913539336960163,25-30,20-30,30-60
0,107745,0,33.13795065866066,30-40,30-45,30-60
0,107775,1,29.45301565674531,25-30,20-30,60-90.1
0,107801,0,26.754907961185797,25-30,20-30,60-90.1
0,107817,0,23.734102331238933,20-25,20-30,30-60
0,107907,1,18.835194393194485,15-20,10-20,60-90.1
0,108079,1,15.352982302625495,15-20,10-20,60-90.1
0,108111,1,20.822000859792883,20-25,20-30,60-90.1
0,108175,1,15.226562718241603,15-20,10-20,0-30
0,108244,1,16.806795004752686,15-20,10-20,60-90.1
0,108264,1,23.16675730235436,20-25,20-30,60-90.1
0,108292,1,20.397660811169565,20-25,20-30,60-90.1
0,108314,1,24.51264231960826,20-25,20-30,60-90.1
0,108367,1,20.815623486892722,20-25,20-30,60-90.1
0,108458,0,54.416382853231006,50-60,45-70,60-90.1
0,108515,1,16.513051290772392,15-20,10-20,60-90.1
0,108522,1,29.626368902086483,25-30,20-30,30-60
0,108764,0,30.830673079994284,30-40,30-45,60-90.1
0,108771,1,27.422405612559402,25-30,20-30,0-30
0,108825,1,21.501037547486874,20-25,20-30,60-90.1
0,108865,1,20.385430836956054,20-25,20-30,60-90.1
0,108911,1,17.21573591153278,15-20,10-20,0-30
0,108964,1,16.42114983464837,15-20,10-20,60-90.1
0,108991,1,14.968861054634104,10-15,10-20,60-90.1
0,109053,1,16.41884295199215,15-20,10-20,30-60
0,109085,1,21.264156156471756,20-25,20-30,60-90.1
0,109121,1,12.87151811963386,10-15,10-20,0-30
0,109142,1,26.1410920599226,25-30,20-30,30-60
0,109176,1,24.327545891606384,20-25,20-30,30-60
0,109232,1,33.61610449448291,30-40,30-45,0-30
0,109248,1,33.511074059060874,30-40,30-45,0-30
0,109297,1,19.32889753292394,15-20,10-20,60-90.1
0,109346,1,41.736354713517,40-50,30-45,30-60
0,109372,1,44.19774899101545,40-50,30-45,0-30
0,109412,1,23.49620136783754,20-25,20-30,60-90.1
0,109468,1,31.301119210468116,30-40,30-45,30-60
0,109476,0,55.38149158299435,50-60,45-70,60-90.1
0,109493,1,38.04683856865628,30-40,30-45,0-30
0,109498,1,24.911042928312575,20-25,20-30,60-90.1
0,109538,1,36.85899323794165,30-40,30-45,30-60
0,109557,1,35.05292586763133,30-40,30-45,30-60
0,109619,1,34.07081842376665,30-40,30-45,30-60
0,109635,0,41.05521293791311,40-50,30-45,60-90.1
0,109649,1,38.13957635775332,30-40,30-45,30-60
0,109652,1,37.65072723281962,30-40,30-45,0-30
0,109678,1,37.05002098770466,30-40,30-45,0-30
0,109685,1,35.462299642792814,30-40,30-45,30-60
0,109875,0,21.22552123912897,20-25,20-30,0-30
0,109897,1,21.67565505090916,20-25,20-30,30-60
0,109914,1,21.244603595539044,20-25,20-30,60-90.1
0,109928,0,18.92249154661729,15-20,10-20,0-30
0,109956,1,17.73952898884943,15-20,10-20,30-60
0,109968,1,16.68546636210419,15-20,10-20,30-60
0,110004,1,16.088368405711762,15-20,10-20,30-60
0,110027,1,14.722562401770995,10-15,10-20,30-60
0,110033,1,13.762007060114925,10-15,10-20,0-30
0,110123,1,15.445895798568992,15-20,10-20,0-30
0,110238,1,28.56425003185218,25-30,20-30,60-90.1
0,110265,1,26.24861259378344,25-30,20-30,0-30
0,110269,1,14.471380646665065,10-15,10-20,60-90.1
0,110302,1,26.3587311779676,25-30,20-30,30-60
0,110423,1,28.28335734748055,25-30,20-30,0-30
0,110443,0,49.03995576679718,40-50,45-70,60-90.1
0,110473,0,51.579213595992016,50-60,45-70,60-90.1
0,110504,1,32.96142153060594,30-40,30-45,60-90.1
0,110507,1,24.14385465684419,20-25,20-30,60-90.1
0,110580,1,16.79286504669505,15-20,10-20,60-90.1
0,110597,0,52.04253590928662,50-60,45-70,60-90.1
0,110650,0,45.94206511555837,40-50,45-70,60-90.1
0,110737,1,36.81492810890399,30-40,30-45,0-30
0,110771,1,33.53028924874651,30-40,30-45,30-60
0,110784,1,34.524736447262356,30-40,30-45,0-30
0,110894,0,27.889310851298433,25-30,20-30,60-90.1
0,110914,0,24.521787733298456,20-25,20-30,60-90.1
0,111001,1,20.407680632865745,20-25,20-30,30-60
0,111045,1,16.577911234464846,15-20,10-20,30-60
0,111076,1,14.512946773884488,10-15,10-20,30-60
0,111197,1,21.08040392754045,20-25,20-30,60-90.1
0,111231,1,21.57803889637599,20-25,20-30,60-90.1
0,111239,1,15.169010442568304,15-20,10-20,60-90.1
0,111361,1,32.844032510179396,30-40,30-45,0-30
0,111370,1,17.727505789980345,15-20,10-20,60-90.1
0,111422,1,41.22074760844348,40-50,30-45,60-90.1
0,111432,1,22.801209718126792,20-25,20-30,60-90.1
0,111510,1,18.79936888414886,15-20,10-20,60-90.1
0,111536,1,33.814154950840575,30-40,30-45,60-90.1
0,111558,1,31.363273084421287,30-40,30-45,60-90.1
0,111563,1,20.009824833752287,20-25,20-30,60-90.1
0,111565,0,56.152428296984226,50-60,45-70,60-90.1
0,111624,1,26.80074934549647,25-30,20-30,60-90.1
0,111746,0,40.5323633477988,40-50,30-45,30-60
0,111778,1,36.3461216020206,30-40,30-45,30-60
0,111934,1,23.12086704529309,20-25,20-30,60-90.1
0,111940,0,26.59718370354055,25-30,20-30,60-90.1
0,111970,1,23.650938335496676,20-25,20-30,60-90.1
0,111979,0,22.957572039091925,20-25,20-30,0-30
0,112014,1,21.780930467171366,20-25,20-30,0-30
0,112065,1,18.852405262530475,15-20,10-20,60-90.1
0,112140,1,12.96483861783099,10-15,10-20,0-30
0,112309,1,12.946121320430766,10-15,10-20,60-90.1
0,112325,1,31.377893776287433,30-40,30-45,30-60
0,112354,1,23.82088771336797,20-25,20-30,60-90.1
0,112451,1,11.973022248254992,10-15,10-20,30-60
0,112456,1,34.69649792301673,30-40,30-45,60-90.1
0,112474,1,38.489790059130215,30-40,30-45,0-30
0,112477,1,37.55170080295042,30-40,30-45,0-30
0,112488,1,14.978337186661815,10-15,10-20,60-90.1
0,112505,1,18.947781109772336,15-20,10-20,60-90.1
0,112525,0,45.8506884140625,40-50,45-70,30-60
0,112547,1,25.69437065385642,25-30,20-30,30-60
0,112664,0,55.44899216548605,50-60,45-70,60-90.1
0,112724,1,49.63963711033067,40-50,45-70,60-90.1
0,112729,1,33.57075094198481,30-40,30-45,60-90.1
0,112743,1,32.51433547449697,30-40,30-45,30-60
0,112757,1,18.913607516529563,15-20,10-20,60-90.1
0,112801,1,22.319731895919922,20-25,20-30,30-60
0,112832,1,36.21441579662731,30-40,30-45,30-60
0,112846,1,35.50408577138872,30-40,30-45,60-90.1
0,112887,1,24.57913305682639,20-25,20-30,60-90.1
0,112891,0,36.950999777729066,30-40,30-45,60-90.1
0,112894,0,35.27497095651299,30-40,30-45,30-60
0,112924,1,31.384772282561904,30-40,30-45,60-90.1
0,112927,1,32.08721030584631,30-40,30-45,30-60
0,112947,0,29.546829197573288,25-30,20-30,60-90.1
0,112953,1,29.419232621375734,25-30,20-30,30-60
0,113051,0,21.026161508826313,20-25,20-30,0-30
0,113079,1,20.2879117211878,20-25,20-30,0-30
0,113087,1,20.062007566900295,20-25,20-30,60-90.1
0,113250,1,16.428597491693843,15-20,10-20,60-90.1
0,113253,1,19.837682859536137,15-20,10-20,30-60
0,113336,1,18.08814282985914,15-20,10-20,60-90.1
0,113370,1,14.986516376931501,10-15,10-20,30-60
0,113387,1,17.78447929152915,15-20,10-20,60-90.1
0,113429,1,20.689966397407836,20-25,20-30,60-90.1
0,113454,1,16.225656791278777,15-20,10-20,60-90.1
0,113472,1,15.007151853116355,15-20,10-20,60-90.1
0,113519,1,21.088195181944833,20-25,20-30,30-60
0,113561,1,19.486011066186173,15-20,10-20,60-90.1
0,113602,1,25.868181200187976,25-30,20-30,30-60
0,113695,1,20.091382198573857,20-25,20-30,60-90.1
0,113765,0,53.37655548767915,50-60,45-70,60-90.1
0,113784,1,35.39377671263732,30-40,30-45,30-60
0,113820,1,27.46858997529891,25-30,20-30,60-90.1
0,113829,1,19.271661289453434,15-20,10-20,60-90.1
0,113923,1,34.80967163229448,30-40,30-45,0-30
0,113925,1,22.52895820882182,20-25,20-30,30-60
0,113947,1,40.78383057877285,40-50,30-45,30-60
0,113973,1,37.42683321950784,30-40,30-45,30-60
0,113977,1,37.25721125298968,30-40,30-45,30-60
0,113981,1,36.90372371105822,30-40,30-45,30-60
0,114104,0,30.867599341157614,30-40,30-45,60-90.1
0,114171,0,25.359616925460816,25-30,20-30,60-90.1
0,114277,1,18.9420848969097,15-20,10-20,0-30
0,114287,1,18.7952731583613,15-20,10-20,30-60
0,114308,1,17.902768696990094,15-20,10-20,60-90.1
0,114327,1,16.415074579509586,15-20,10-20,0-30
0,114387,1,17.00310208142245,15-20,10-20,30-60
0,114430,1,18.823523120622333,15-20,10-20,30-60
0,114462,1,14.784857709625438,10-15,10-20,60-90.1
0,114534,1,24.539235112004782,20-25,20-30,30-60
0,114567,1,25.91268861569324,25-30,20-30,30-60
0,114573,1,12.128908365161296,10-15,10-20,0-30
0,114578,1,32.87323195856628,30-40,30-45,0-30
0,114624,1,25.419889233091666,25-30,20-30,60-90.1
0,114685,1,17.398420361527947,15-20,10-20,30-60
0,114764,1,43.65194104521173,40-50,30-45,30-60
0,114862,1,23.133874577008292,20-25,20-30,30-60
0,114872,1,16.644497325013933,15-20,10-20,60-90.1
0,114954,1,21.623839545651464,20-25,20-30,60-90.1
0,115041,1,33.99934833262521,30-40,30-45,30-60
0,115091,1,36.35411163667075,30-40,30-45,0-30
0,115155,1,32.258738553986895,30-40,30-45,60-90.1
0,115180,1,18.6605257859581,15-20,10-20,60-90.1
0,115188,0,29.73330762452613,25-30,20-30,60-90.1
0,115190,1,30.127432684792787,30-40,30-45,60-90.1
0,115210,1,30.371349293594516,30-40,30-45,30-60
0,115248,1,23.499012049876093,20-25,20-30,60-90.1
0,115279,1,26.255413900706596,25-30,20-30,0-30
0,115302,1,21.621082822571523,20-25,20-30,60-90.1
0,115352,1,20.565912501162305,20-25,20-30,30-60
0,115387,1,18.168529638895713,15-20,10-20,30-60
0,115412,1,16.864271011711512,15-20,10-20,0-30
0,115423,1,15.72891780244489,15-20,10-20,30-60
0,115552,1,24.504102340013517,20-25,20-30,60-90.1
0,115564,1,12.348801551169991,10-15,10-20,60-90.1
0,115584,1,25.736942467288713,25-30,20-30,30-60
0,115663,1,20.71798337048624,20-25,20-30,60-90.1
0,115674,1,32.399672303529194,30-40,30-45,30-60
0,115784,1,24.36339464638221,20-25,20-30,30-60
0,115798,1,41.89102074805633,40-50,30-45,0-30
0,115849,1,25.85297831620092,25-30,20-30,30-60
0,115862,1,16.479497197088115,15-20,10-20,60-90.1
0,115866,0,50.57799638310527,50-60,45-70,60-90.1
0,115924,0,55.06334410636606,50-60,45-70,60-90.1
0,115938,1,28.20527430403392,25-30,20-30,30-60
0,115941,1,20.62453972475029,20-25,20-30,60-90.1
0,115947,1,36.22055463220274,30-40,30-45,0-30
0,116001,1,53.06369324201213,50-60,45-70,30-60
0,116103,1,24.39501279879653,20-25,20-30,0-30
0,116127,1,33.85968821584166,30-40,30-45,0-30
0,116176,1,25.800041627311373,25-30,20-30,30-60
0,116201,1,34.090162040004415,30-40,30-45,30-60
0,116222,0,35.05157640273558,30-40,30-45,30-60
0,116282,0,28.753275699002426,25-30,20-30,30-60
0,116285,1,27.712356658442577,25-30,20-30,30-60
0,116318,1,19.858047037026328,15-20,10-20,60-90.1
0,116366,1,22.765259684805372,20-25,20-30,30-60
0,116427,1,19.729945939174424,15-20,10-20,60-90.1
0,116487,1,16.287533312199063,15-20,10-20,0-30
0,116540,1,14.37980719886549,10-15,10-20,60-90.1
0,116594,1,13.796614889657416,10-15,10-20,60-90.1
0,116607,1,16.89174122534089,15-20,10-20,60-90.1
0,116679,1,21.36960153947768,20-25,20-30,60-90.1
0,116683,1,18.46290113401592,15-20,10-20,60-90.1
0,116707,1,28.39104461593293,25-30,20-30,30-60
0,116772,1,33.166402825808774,30-40,30-45,30-60
0,116794,1,14.763849222993839,10-15,10-20,60-90.1
0,116807,1,36.37231469676201,30-40,30-45,30-60
0,116882,1,24.874229480124335,20-25,20-30,60-90.1
0,116906,1,28.763412158291988,25-30,20-30,30-60
0,116985,1,29.311279239509783,25-30,20-30,60-90.1
0,117075,1,23.807104462110594,20-25,20-30,0-30
0,117123,1,45.572706515055444,40-50,45-70,60-90.1
0,117187,1,37.573372978562666,30-40,30-45,60-90.1
0,117217,1,36.93262829850788,30-40,30-45,30-60
0,117230,1,33.89399051505306,30-40,30-45,0-30
0,117233,1,23.321393903486715,20-25,20-30,30-60
0,117255,0,37.73619064607629,30-40,30-45,60-90.1
0,117392,0,24.652012961232842,20-25,20-30,0-30
0,117410,1,23.722464693073277,20-25,20-30,0-30
0,117423,1,22.696989300713582,20-25,20-30,60-90.1
0,117447,1,21.69351645201217,20-25,20-30,60-90.1
0,117488,1,18.14599072017059,15-20,10-20,30-60
0,117630,1,12.977004331986748,10-15,10-20,60-90.1
0,117666,1,22.97570483308168,20-25,20-30,0-30
0,117683,1,18.587139804000785,15-20,10-20,30-60
0,117725,1,15.157214605364048,15-20,10-20,60-90.1
0,117770,1,22.591890010268337,20-25,20-30,60-90.1
0,117820,1,39.82214488612819,30-40,30-45,30-60
0,117824,1,38.073590779942194,30-40,30-45,0-30
0,117892,1,20.12198425626341,20-25,20-30,60-90.1
0,117905,1,45.02960428197276,40-50,45-70,60-90.1
0,117918,0,47.80182956654499,40-50,45-70,60-90.1
0,117955,1,15.887821535168232,15-20,10-20,60-90.1
0,118003,1,31.435154844787398,30-40,30-45,30-60
0,118056,1,37.23515384737093,30-40,30-45,30-60
0,118151,1,20.613200369644176,20-25,20-30,30-60
0,118181,1,38.234552120492566,30-40,30-45,30-60
0,118185,1,38.81856609523945,30-40,30-45,60-90.1
0,118210,1,38.91656577343003,30-40,30-45,60-90.1
0,118214,1,37.57853468389501,30-40,30-45,0-30
0,118221,1,35.75412858065715,30-40,30-45,60-90.1
0,118240,1,34.168920993706216,30-40,30-45,30-60
0,118364,1,28.56749770146407,25-30,20-30,0-30
0,118432,1,23.591743521911063,20-25,20-30,30-60
0,118489,1,18.96748513903998,15-20,10-20,0-30
0,118716,1,17.97238456230029,15-20,10-20,60-90.1
0,118754,1,32.584361514753724,30-40,30-45,60-90.1
0,118782,1,34.227973057218016,30-40,30-45,0-30
0,118813,1,28.471194582547525,25-30,20-30,0-30
0,118854,1,20.5123522840532,20-25,20-30,60-90.1
0,118883,1,14.819225589600922,10-15,10-20,60-90.1
0,118970,1,19.242667977938716,15-20,10-20,60-90.1
0,119026,1,17.080250429191253,15-20,10-20,0-30
0,119038,1,22.833267290361334,20-25,20-30,30-60
0,119053,0,56.67167981047982,50-60,45-70,60-90.1
0,119075,1,37.0143744227037,30-40,30-45,0-30
0,119085,1,24.752605072747986,20-25,20-30,30-60
0,119106,0,49.790487045116436,40-50,45-70,60-90.1
0,119137,1,33.797831596042585,30-40,30-45,0-30
0,119170,1,34.054545195081914,30-40,30-45,0-30
0,119205,1,37.076214549948645,30-40,30-45,60-90.1
0,119209,1,34.63077783354493,30-40,30-45,30-60
0,119272,1,33.18561798926617,30-40,30-45,30-60
0,119281,1,31.90314330080852,30-40,30-45,60-90.1
0,119285,1,26.82651917497498,25-30,20-30,0-30
0,119316,1,30.384473548732586,30-40,30-45,60-90.1
0,119321,1,26.065809583592902,25-30,20-30,0-30
0,119340,1,28.25413147121233,25-30,20-30,30-60
0,119370,1,26.105243156267814,25-30,20-30,60-90.1
0,119422,1,22.09525987567738,20-25,20-30,60-90.1
0,119528,1,16.9398658676812,15-20,10-20,60-90.1
0,119539,1,15.7311928838074,15-20,10-20,60-90.1
0,119596,1,12.303017049493073,10-15,10-20,0-30
0,119646,1,23.22081306187523,20-25,20-30,60-90.1
0,119657,1,21.960862687738086,20-25,20-30,60-90.1
0,119693,1,17.49900488209966,15-20,10-20,60-90.1
0,119933,0,51.807184893651694,50-60,45-70,60-90.1
0,119948,1,33.22414304956443,30-40,30-45,30-60
0,119995,1,31.72493658446248,30-40,30-45,30-60
0,120059,1,36.11727697662358,30-40,30-45,30-60
0,120082,1,32.36779673453288,30-40,30-45,0-30
0,120136,1,38.81905707984085,30-40,30-45,60-90.1
0,120140,1,38.62755308707673,30-40,30-45,60-90.1
0,120150,1,39.59028583904338,30-40,30-45,60-90.1
0,120392,1,22.647974686813473,20-25,20-30,60-90.1
0,120436,1,19.429180186578844,15-20,10-20,60-90.1
0,120552,1,20.70802678889772,20-25,20-30,60-90.1
0,120561,1,17.8447136691342,15-20,10-20,30-60
0,120667,1,26.78960300987554,25-30,20-30,30-60
0,120676,1,33.148301109969545,30-40,30-45,0-30
0,120681,1,21.187189771538296,20-25,20-30,60-90.1
0,120719,1,25.431298795620307,25-30,20-30,60-90.1
0,120727,1,14.880734433491831,10-15,10-20,60-90.1
0,120789,1,41.959722361146206,40-50,30-45,30-60
0,120835,1,21.8478769245131,20-25,20-30,60-90.1
0,120849,0,49.36462239291128,40-50,45-70,60-90.1
0,120851,1,22.496804605225122,20-25,20-30,60-90.1
0,120882,1,34.68954436220894,30-40,30-45,60-90.1
0,120951,1,29.609531403678524,25-30,20-30,60-90.1
0,120967,1,25.891573151405225,25-30,20-30,30-60
0,120972,1,53.05209704486955,50-60,45-70,60-90.1
0,121006,1,33.97268456993474,30-40,30-45,60-90.1
0,121083,1,36.14664140053908,30-40,30-45,30-60
0,121231,1,29.7434495826049,25-30,20-30,60-90.1
0,121283,1,25.142339195319934,25-30,20-30,0-30
0,121306,1,24.791433449598266,20-25,20-30,60-90.1
0,121349,1,22.04143455293601,20-25,20-30,60-90.1
0,121352,1,22.151564836450355,20-25,20-30,60-90.1
0,121453,1,19.909420549646995,15-20,10-20,60-90.1
0,121490,1,14.700105817453291,10-15,10-20,60-90.1
0,121501,1,24.188506072578143,20-25,20-30,60-90.1
0,121604,1,15.04990337530676,15-20,10-20,60-90.1
0,121663,1,34.37129564541228,30-40,30-45,30-60
0,121721,1,37.567206210004095,30-40,30-45,30-60
0,121735,1,41.495678423740415,40-50,30-45,30-60
0,121801,1,25.51303843479917,25-30,20-30,60-90.1
0,121846,1,23.30215861394554,20-25,20-30,60-90.1
0,121852,1,17.41795851672575,15-20,10-20,30-60
0,121933,1,20.583221198817313,20-25,20-30,30-60
0,122041,1,37.79379222031742,30-40,30-45,30-60
0,122078,1,38.68181508999842,30-40,30-45,60-90.1
0,122114,1,24.81613315058335,20-25,20-30,0-30
0,122117,1,22.744513607683697,20-25,20-30,0-30
0,122157,1,19.668160812850196,15-20,10-20,30-60
0,122220,1,27.96003405337227,25-30,20-30,60-90.1
0,122227,1,26.93290927078553,25-30,20-30,30-60
0,122273,1,24.01116911123317,20-25,20-30,30-60
0,122279,1,24.67224863022151,20-25,20-30,60-90.1
0,122334,1,22.512517006713836,20-25,20-30,60-90.1
0,122350,1,21.792472798618086,20-25,20-30,30-60
0,122513,1,16.80563088887062,15-20,10-20,60-90.1
0,122516,1,26.536150065258965,25-30,20-30,30-60
0,122570,1,21.42547155249635,20-25,20-30,60-90.1
0,122583,1,30.66604765922721,30-40,30-45,60-90.1
0,122594,1,33.58402485670137,30-40,30-45,60-90.1
0,122715,1,16.811589525241423,15-20,10-20,60-90.1
0,122725,1,39.313700539223724,30-40,30-45,0-30
0,122734,1,21.18122269517337,20-25,20-30,60-90.1
0,122750,1,25.31983979897056,25-30,20-30,30-60
0,122886,1,36.1785571683253,30-40,30-45,30-60
0,122889,1,31.326525912642822,30-40,30-45,60-90.1
0,122900,0,53.403158288390834,50-60,45-70,60-90.1
0,122910,1,21.74162975652384,20-25,20-30,60-90.1
0,122938,1,25.516692103297245,25-30,20-30,0-30
0,123041,1,19.31116894902642,15-20,10-20,60-90.1
0,123044,1,45.9702578966182,40-50,45-70,60-90.1
0,123065,1,35.202072823876875,30-40,30-45,30-60
0,123070,1,42.30830704099421,40-50,30-45,60-90.1
0,123078,1,41.094022539410446,40-50,30-45,30-60
0,123151,1,36.865687473462444,30-40,30-45,60-90.1
0,123154,1,37.111170726694226,30-40,30-45,30-60
0,123156,1,37.241957228666266,30-40,30-45,60-90.1
0,123166,1,36.1925544754709,30-40,30-45,60-90.1
0,123278,1,26.395106231672482,25-30,20-30,30-60
0,123301,1,26.896393727631867,25-30,20-30,60-90.1
0,123485,1,18.88488292793512,15-20,10-20,30-60
0,123525,1,17.833187202415118,15-20,10-20,60-90.1
0,123617,1,23.400186326356877,20-25,20-30,60-90.1
0,123834,1,16.68810551486513,15-20,10-20,60-90.1
0,123840,1,43.748651823895095,40-50,30-45,60-90.1
0,123857,0,45.5676054794127,40-50,45-70,60-90.1
0,123897,1,30.97427018703761,30-40,30-45,60-90.1
0,123957,1,53.75851309886578,50-60,45-70,60-90.1
0,124047,1,35.271994614076554,30-40,30-45,30-60
0,124092,1,22.82641680895442,20-25,20-30,30-60
0,124101,1,42.34831359141565,40-50,30-45,0-30
0,124226,1,32.83773764991643,30-40,30-45,60-90.1
0,124245,1,30.065396250663646,30-40,30-45,30-60
0,124256,1,27.407848795389828,25-30,20-30,0-30
0,124285,1,27.75740946183986,25-30,20-30,60-90.1
0,124379,1,23.82063973008226,20-25,20-30,60-90.1
0,124528,1,15.3814991268299,15-20,10-20,60-90.1
0,124590,1,18.706013575492697,15-20,10-20,60-90.1
0,124599,1,22.665127182412746,20-25,20-30,30-60
0,124619,1,15.511376812146123,15-20,10-20,60-90.1
0,124703,1,34.337761678163204,30-40,30-45,0-30
0,124706,1,25.72578019693576,25-30,20-30,60-90.1
0,124834,1,18.32510598107099,15-20,10-20,60-90.1
0,124852,1,31.949087469449022,30-40,30-45,60-90.1
0,124874,0,49.836449206026714,40-50,45-70,60-90.1
0,124905,1,28.73917509388253,25-30,20-30,60-90.1
0,124925,1,28.04019494534164,25-30,20-30,30-60
0,124965,1,23.31846446191736,20-25,20-30,30-60
0,124992,1,48.99641002551651,40-50,45-70,60-90.1
0,125036,1,39.096721232751534,30-40,30-45,30-60
0,125166,1,21.024260832812946,20-25,20-30,30-60
0,125188,1,27.824416465371964,25-30,20-30,30-60
0,125207,1,21.448149530882866,20-25,20-30,60-90.1
0,125308,1,26.002070989376644,25-30,20-30,30-60
0,125328,1,25.667683411880176,25-30,20-30,30-60
0,125390,1,17.081705861393573,15-20,10-20,0-30
0,125619,1,17.26269359720583,15-20,10-20,60-90.1
0,125683,1,41.23610047406715,40-50,30-45,0-30
0,125719,1,20.100576883741294,20-25,20-30,60-90.1
0,125824,1,35.74360304969575,30-40,30-45,60-90.1
0,125869,1,26.72462405958058,25-30,20-30,30-60
0,125918,1,33.88327953701852,30-40,30-45,0-30
0,125932,1,39.10845722726245,30-40,30-45,0-30
0,125981,1,41.41910737987637,40-50,30-45,0-30
0,126022,1,40.88386074877051,40-50,30-45,30-60
0,126025,1,40.891610631955714,40-50,30-45,0-30
0,126157,1,31.779103216414196,30-40,30-45,30-60
0,126160,1,31.0093250701546,30-40,30-45,30-60
0,126185,1,29.58670475803932,25-30,20-30,60-90.1
0,126212,1,27.989212198852936,25-30,20-30,30-60
0,126230,1,28.074612984794847,25-30,20-30,60-90.1
0,126234,1,27.570983351164916,25-30,20-30,60-90.1
0,126256,1,25.76844719947188,25-30,20-30,30-60
0,126371,1,18.12248193849887,15-20,10-20,60-90.1
0,126440,1,13.13999716332373,10-15,10-20,30-60
0,126506,1,19.8411794996651,15-20,10-20,60-90.1
0,126548,1,34.043538477581635,30-40,30-45,0-30
0,126578,1,35.659648585916656,30-40,30-45,60-90.1
0,126588,1,38.14586505484354,30-40,30-45,30-60
0,126691,1,15.658660341474315,15-20,10-20,60-90.1
0,126706,0,46.82036276925464,40-50,45-70,60-90.1
0,126711,1,22.312005623018603,20-25,20-30,60-90.1
0,126731,1,29.251130825400093,25-30,20-30,30-60
0,126760,0,51.42005957465042,50-60,45-70,30-60
0,126770,1,23.858291802955158,20-25,20-30,60-90.1
0,126797,1,32.98494925063474,30-40,30-45,60-90.1
0,126816,1,49.36548775710796,40-50,45-70,60-90.1
0,126874,1,45.75306445419554,40-50,45-70,30-60
0,126950,1,21.89440807206685,20-25,20-30,30-60
0,126971,1,39.30319163465731,30-40,30-45,60-90.1
0,126974,1,38.389167085881866,30-40,30-45,30-60
0,127071,1,30.561934100455474,30-40,30-45,0-30
0,127084,1,31.367116442166395,30-40,30-45,30-60
0,127177,1,17.007413639921882,15-20,10-20,30-60
0,127222,1,21.264193186771585,20-25,20-30,60-90.1
0,127272,1,25.27173276946083,25-30,20-30,30-60
0,127278,1,22.46767943933783,20-25,20-30,60-90.1
0,127296,1,26.270341494014133,25-30,20-30,60-90.1
0,127343,1,30.030787400487846,30-40,30-45,60-90.1
0,127350,1,23.098069529005798,20-25,20-30,60-90.1
0,127352,1,20.943108781020793,20-25,20-30,0-30
0,127399,1,13.938762042179452,10-15,10-20,60-90.1
0,127417,1,17.273959440143308,15-20,10-20,0-30
0,127439,1,33.78261249605341,30-40,30-45,60-90.1
0,127466,1,23.39753621000498,20-25,20-30,60-90.1
0,127484,1,21.03934757441331,20-25,20-30,60-90.1
0,127506,1,38.98671259778991,30-40,30-45,30-60
0,127541,1,23.492381623801577,20-25,20-30,30-60
0,127633,1,33.855177513328144,30-40,30-45,60-90.1
0,127706,1,34.63255996872307,30-40,30-45,60-90.1
0,127764,1,32.969296289379905,30-40,30-45,30-60
0,127777,1,38.008912874939014,30-40,30-45,30-60
0,127840,1,44.88301230245009,40-50,30-45,60-90.1
0,127886,1,41.26230454069941,40-50,30-45,60-90.1
0,127917,1,39.53109373473753,30-40,30-45,60-90.1
0,127929,1,25.95998296287547,25-30,20-30,30-60
0,127932,1,38.47752236674603,30-40,30-45,30-60
0,127946,1,24.68407141401718,20-25,20-30,30-60
0,128012,1,31.966348936289517,30-40,30-45,60-90.1
0,128048,1,30.08928942112482,30-40,30-45,60-90.1
0,128055,1,29.899672811784107,25-30,20-30,30-60
0,128156,1,17.857478349384856,15-20,10-20,60-90.1
0,128190,1,18.898732719679604,15-20,10-20,60-90.1
0,128305,1,22.416334383947618,20-25,20-30,60-90.1
0,128376,1,15.914506041259987,15-20,10-20,60-90.1
0,128431,1,15.328303227961166,15-20,10-20,60-90.1
0,128468,1,41.46889389312597,40-50,30-45,60-90.1
0,128472,0,43.33050829365473,40-50,30-45,60-90.1
0,128506,1,29.04387393430871,25-30,20-30,60-90.1
0,128513,1,15.03747064512477,15-20,10-20,30-60
0,128524,1,26.53241686611927,25-30,20-30,60-90.1
0,128543,1,19.106293674697906,15-20,10-20,60-90.1
0,128591,1,26.426799296197064,25-30,20-30,30-60
0,128596,1,18.91974480811539,15-20,10-20,60-90.1
0,128630,1,25.603975729566976,25-30,20-30,30-60
0,128689,1,23.287853414782035,20-25,20-30,60-90.1
0,128692,1,48.55046571141989,40-50,45-70,30-60
0,128695,1,36.20824331111359,30-40,30-45,0-30
0,128724,1,37.284444357980355,30-40,30-45,0-30
0,128785,1,41.3522837642321,40-50,30-45,60-90.1
0,128799,1,46.083921987014925,40-50,45-70,60-90.1
0,128917,1,30.147369640373,30-40,30-45,60-90.1
0,128958,1,32.97360181141751,30-40,30-45,0-30
0,129000,1,30.006496219404667,30-40,30-45,60-90.1
0,129073,1,13.687834917805533,10-15,10-20,30-60
0,129194,1,14.432045968157906,10-15,10-20,60-90.1
0,129253,1,31.3735110246285,30-40,30-45,30-60
0,129301,1,34.04642723005636,30-40,30-45,0-30
0,129394,1,14.55065915705193,10-15,10-20,30-60
0,129489,1,23.382579877006833,20-25,20-30,60-90.1
0,129513,0,48.67780001430176,40-50,45-70,60-90.1
0,129521,1,21.341815811016335,20-25,20-30,60-90.1
0,129552,1,18.862019262197148,15-20,10-20,60-90.1
0,129734,1,40.671321996766196,40-50,30-45,60-90.1
0,129736,1,22.20023003804636,20-25,20-30,60-90.1
0,129742,1,43.62675760038863,40-50,30-45,30-60
0,129918,1,15.819590594143582,15-20,10-20,60-90.1
0,130039,1,18.35892040311963,15-20,10-20,60-90.1
0,130083,1,13.303213258106956,10-15,10-20,60-90.1
0,130108,1,18.574678332582263,15-20,10-20,60-90.1
0,130116,1,25.05143695338508,25-30,20-30,30-60
0,130119,1,22.280704561178105,20-25,20-30,60-90.1
0,130165,1,19.006355459295506,15-20,10-20,60-90.1
0,130219,1,20.25512079979234,20-25,20-30,60-90.1
0,130262,1,39.42516858624253,30-40,30-45,60-90.1
0,130279,1,21.228817588500835,20-25,20-30,60-90.1
0,130282,1,19.163855330342077,15-20,10-20,0-30
0,130322,1,15.646100292367647,15-20,10-20,60-90.1
0,130388,1,33.09350659086835,30-40,30-45,60-90.1
0,130397,1,15.296560863150066,15-20,10-20,60-90.1
0,130442,1,33.278182203916955,30-40,30-45,0-30
0,130562,1,44.2592129713202,40-50,30-45,30-60
0,130593,1,43.69039691174221,40-50,30-45,60-90.1
0,130620,1,43.10662301517797,40-50,30-45,30-60
0,130695,1,35.75753689145281,30-40,30-45,30-60
0,130701,1,31.866635226075516,30-40,30-45,60-90.1
0,130792,1,18.394721441848144,15-20,10-20,60-90.1
0,130911,1,20.654926957275315,20-25,20-30,60-90.1
0,130919,1,13.479562568572874,10-15,10-20,30-60
0,130933,1,16.758620072838724,15-20,10-20,60-90.1
0,130970,1,27.653288344747462,25-30,20-30,0-30
0,131044,1,16.625435031283224,15-20,10-20,60-90.1
0,131069,1,33.893921951888316,30-40,30-45,0-30
0,131104,1,36.05378621320924,30-40,30-45,60-90.1
0,131111,1,37.77748484659699,30-40,30-45,30-60
0,131178,1,29.422850987782223,25-30,20-30,60-90.1
0,131205,0,45.48260007991223,40-50,45-70,60-90.1
0,131228,1,17.523599161302503,15-20,10-20,30-60
0,131262,1,46.775638704341105,40-50,45-70,30-60
0,131289,1,39.19928525107061,30-40,30-45,60-90.1
0,131303,1,39.971636988092996,30-40,30-45,60-90.1
0,131311,1,43.87996431910591,40-50,30-45,60-90.1
0,131326,1,44.255841415578,40-50,30-45,30-60
0,131351,1,24.421057384404897,20-25,20-30,30-60
0,131353,1,44.27500141355924,40-50,30-45,30-60
0,131366,1,28.63977872710825,25-30,20-30,0-30
0,131404,1,43.15559250014521,40-50,30-45,30-60
0,131410,1,40.07104235796106,40-50,30-45,60-90.1
0,131422,1,42.32200524365774,40-50,30-45,60-90.1
0,131478,1,40.66185432200866,40-50,30-45,60-90.1
0,131509,1,26.651562062948386,25-30,20-30,0-30
0,131545,1,35.57667441706028,30-40,30-45,60-90.1
0,131563,1,29.916274326469676,25-30,20-30,30-60
0,131641,1,16.42744291152803,15-20,10-20,60-90.1
0,131679,1,20.727633609990633,20-25,20-30,0-30
0,131724,1,25.246647258799836,25-30,20-30,0-30
0,131903,1,23.63067661291804,20-25,20-30,0-30
0,131908,1,18.94158428405509,15-20,10-20,60-90.1
0,131961,1,20.194719509766998,20-25,20-30,30-60
0,131991,1,26.594393566759326,25-30,20-30,30-60
0,132052,1,35.697804211912,30-40,30-45,60-90.1
0,132105,1,26.863131179305345,25-30,20-30,30-60
0,132165,1,37.87578397307747,30-40,30-45,60-90.1
0,132262,1,42.388295656055796,40-50,30-45,30-60
0,132308,1,23.447106433699947,20-25,20-30,0-30
0,132327,1,26.17197403741051,25-30,20-30,60-90.1
0,132367,1,33.93940222035556,30-40,30-45,60-90.1
0,132385,1,30.807937527892815,30-40,30-45,0-30
0,132415,1,15.073897533618734,15-20,10-20,60-90.1
0,132471,1,15.72566405492834,15-20,10-20,60-90.1
0,132535,1,17.519486960012465,15-20,10-20,60-90.1
0,132602,1,31.236940341147694,30-40,30-45,30-60
0,132614,1,23.88650440626611,20-25,20-30,60-90.1
0,132615,1,19.800971598261967,15-20,10-20,60-90.1
0,132668,1,14.806700970822236,10-15,10-20,60-90.1
0,132744,1,39.84290905014984,30-40,30-45,60-90.1
0,132757,0,42.36994240773993,40-50,30-45,60-90.1
0,132795,1,31.50791798075154,30-40,30-45,60-90.1
0,132805,1,23.71806602128261,20-25,20-30,60-90.1
0,132821,1,19.993689652138595,15-20,10-20,60-90.1
0,132869,1,37.01831688211698,30-40,30-45,60-90.1
0,132894,1,43.31429249582648,40-50,30-45,30-60
0,132911,1,22.868416009458684,20-25,20-30,60-90.1
0,132931,1,30.14789980761323,30-40,30-45,0-30
0,133006,1,28.100433955196067,25-30,20-30,0-30
0,133205,1,34.394736920292786,30-40,30-45,60-90.1
0,133234,1,16.400383977745083,15-20,10-20,60-90.1
0,133287,1,13.905498509549957,10-15,10-20,60-90.1
0,133300,1,21.156432324554224,20-25,20-30,60-90.1
0,133333,1,13.54105597453994,10-15,10-20,30-60
0,133446,1,26.31238328184398,25-30,20-30,0-30
0,133466,1,31.26130043950654,30-40,30-45,0-30
0,133497,1,16.774215612651545,15-20,10-20,60-90.1
0,133685,1,33.50275288837201,30-40,30-45,60-90.1
0,133688,1,44.295194352678344,40-50,30-45,30-60
0,133722,1,33.47061750102898,30-40,30-45,30-60
0,133842,1,35.47222954473131,30-40,30-45,30-60
0,133858,1,41.310450981639995,40-50,30-45,30-60
0,133886,1,40.21697557433783,40-50,30-45,30-60
0,133892,1,31.255118439097224,30-40,30-45,0-30
0,133898,1,40.968723016022174,40-50,30-45,60-90.1
0,133945,1,33.14020820187368,30-40,30-45,60-90.1
0,133960,1,28.790224280160423,25-30,20-30,60-90.1
0,134002,1,37.54650895349306,30-40,30-45,30-60
0,134184,1,12.925474556248137,10-15,10-20,30-60
0,134188,1,22.843861844670148,20-25,20-30,60-90.1
0,134199,1,26.49965291761132,25-30,20-30,30-60
0,134309,1,32.357794923107,30-40,30-45,30-60
0,134391,1,21.03292351725217,20-25,20-30,60-90.1
0,134415,1,35.56872128814517,30-40,30-45,60-90.1
0,134421,1,16.29615868083024,15-20,10-20,60-90.1
0,134427,1,37.11361322799509,30-40,30-45,30-60
0,134465,1,14.846793677630409,10-15,10-20,60-90.1
0,134528,1,15.919526250554425,15-20,10-20,60-90.1
0,134552,1,22.900499038855404,20-25,20-30,30-60
0,134556,1,19.087291655156477,15-20,10-20,30-60
0,134598,1,21.285528647788382,20-25,20-30,30-60
0,134628,1,42.246232470472584,40-50,30-45,30-60
0,134656,1,26.259453034807407,25-30,20-30,60-90.1
0,134673,1,29.416367613045047,25-30,20-30,0-30
0,134706,1,33.74480368203796,30-40,30-45,30-60
0,134725,1,26.362851574304653,25-30,20-30,60-90.1
0,134840,1,40.37069713148415,40-50,30-45,60-90.1
0,134846,1,39.562637513408966,30-40,30-45,0-30
0,134865,1,39.73470062703369,30-40,30-45,30-60
0,134870,1,38.735874882922275,30-40,30-45,60-90.1
0,135034,1,18.98440668462635,15-20,10-20,30-60
0,135087,1,15.777724764050282,15-20,10-20,60-90.1
0,135095,1,18.746559830635434,15-20,10-20,60-90.1
0,135135,1,18.39888654776146,15-20,10-20,30-60
0,135235,1,33.212196935233635,30-40,30-45,30-60
0,135237,1,22.17959038189121,20-25,20-30,60-90.1
0,135245,1,13.244517547560234,10-15,10-20,30-60
0,135272,1,17.691598412748167,15-20,10-20,60-90.1
0,135294,1,12.525307070253527,10-15,10-20,60-90.1
0,135345,1,19.764775760428495,15-20,10-20,60-90.1
0,135365,1,41.21415142273948,40-50,30-45,60-90.1
0,135370,1,27.953803495707366,25-30,20-30,30-60
0,135393,1,25.1528917053843,25-30,20-30,30-60
0,135473,1,32.32111260985,30-40,30-45,30-60
0,135547,1,18.069320976022947,15-20,10-20,60-90.1
0,135590,1,37.83532566592221,30-40,30-45,30-60
0,135669,1,39.95411543516477,30-40,30-45,60-90.1
0,135714,1,39.326825515888956,30-40,30-45,60-90.1
0,135798,1,16.37316844151718,15-20,10-20,60-90.1
0,135810,1,14.163860241253085,10-15,10-20,30-60
0,135872,1,17.823380573679977,15-20,10-20,60-90.1
0,135902,1,25.116147719713933,25-30,20-30,0-30
0,135981,1,21.012162340144116,20-25,20-30,60-90.1
0,135995,1,31.08891032066987,30-40,30-45,30-60
0,136120,1,18.506688685557485,15-20,10-20,60-90.1
0,136196,1,42.54636056191845,40-50,30-45,30-60
0,136214,1,30.269761584290176,30-40,30-45,30-60
0,136253,1,41.30404826458287,40-50,30-45,30-60
0,136275,1,28.1775384384986,25-30,20-30,30-60
0,136295,1,16.693085688864294,15-20,10-20,30-60
0,136377,1,29.136206468464092,25-30,20-30,0-30
0,136400,1,39.858162101021406,30-40,30-45,60-90.1
0,136409,1,38.891559742709475,30-40,30-45,60-90.1
0,136433,1,23.7698366675348,20-25,20-30,30-60
0,136457,1,29.397317800464684,25-30,20-30,30-60
0,136488,1,34.44206304346828,30-40,30-45,30-60
0,136505,1,31.50985907765476,30-40,30-45,0-30
0,136522,1,27.79266502386385,25-30,20-30,60-90.1
0,136622,1,22.30994398923282,20-25,20-30,30-60
0,136722,1,11.900713174837032,10-15,10-20,0-30
0,136740,1,15.944790490881461,15-20,10-20,60-90.1
0,136754,1,30.946406846636776,30-40,30-45,30-60
0,136797,1,22.339944285597113,20-25,20-30,60-90.1
0,136833,1,37.953380400799226,30-40,30-45,60-90.1
0,136846,1,13.84706581930978,10-15,10-20,30-60
0,136866,1,19.110470846216575,15-20,10-20,30-60
0,136926,1,23.782289912885215,20-25,20-30,30-60
0,136929,1,14.288031808393594,10-15,10-20,60-90.1
0,137004,1,39.18458406864884,30-40,30-45,0-30
0,137069,1,38.70746826555718,30-40,30-45,30-60
0,137144,1,35.51225369959468,30-40,30-45,60-90.1
0,137250,1,17.263010021349494,15-20,10-20,60-90.1
0,137268,1,12.811383405696953,10-15,10-20,30-60
0,137292,1,19.781210005864935,15-20,10-20,30-60
0,137352,1,24.353976603759147,20-25,20-30,30-60
0,137382,1,16.33632973618394,15-20,10-20,60-90.1
0,137395,1,23.2739896223135,20-25,20-30,60-90.1
0,137453,1,13.837547862423504,10-15,10-20,30-60
0,137549,1,26.305372606024658,25-30,20-30,30-60
0,137553,1,18.142807354499134,15-20,10-20,30-60
0,137622,1,25.446098606176776,25-30,20-30,60-90.1
0,137639,1,20.535158534127277,20-25,20-30,30-60
0,137706,1,30.368740406894442,30-40,30-45,60-90.1
0,137707,1,23.153060189430093,20-25,20-30,60-90.1
0,137717,1,37.15151269956262,30-40,30-45,0-30
0,137772,1,20.87642297437336,20-25,20-30,30-60
0,137790,1,36.69482993035912,30-40,30-45,60-90.1
0,137797,1,32.17633135498296,30-40,30-45,60-90.1
0,137987,1,21.029425409757355,20-25,20-30,30-60
0,138011,1,26.218969123952363,25-30,20-30,30-60
0,138046,1,24.34485280284609,20-25,20-30,60-90.1
0,138069,1,31.121487371376862,30-40,30-45,30-60
0,138141,1,13.955547962689575,10-15,10-20,60-90.1
0,138217,1,40.4932345523991,40-50,30-45,60-90.1
0,138243,1,17.483395125616408,15-20,10-20,30-60
0,138271,1,15.338761550554295,15-20,10-20,30-60
0,138283,1,31.10504611734028,30-40,30-45,30-60
0,138318,1,35.30893775215651,30-40,30-45,0-30
0,138363,1,18.76022291922266,15-20,10-20,30-60
0,138423,1,35.70111362691795,30-40,30-45,60-90.1
0,138478,1,35.3036764269254,30-40,30-45,30-60
0,138501,1,35.74478782334175,30-40,30-45,30-60
0,138505,1,35.95305286245598,30-40,30-45,30-60
0,138585,1,13.800161043430938,10-15,10-20,60-90.1
0,138701,1,16.232199948552093,15-20,10-20,60-90.1
0,138786,1,17.4818970992802,15-20,10-20,60-90.1
0,138793,1,31.87470699497661,30-40,30-45,30-60
0,138827,1,31.625382976638306,30-40,30-45,0-30
0,138851,1,34.998296444301694,30-40,30-45,60-90.1
0,138862,1,19.317948874080606,15-20,10-20,60-90.1
0,139044,1,33.354249383566206,30-40,30-45,30-60
0,139049,1,26.014891441371557,25-30,20-30,30-60
0,139115,1,32.67155094573579,30-40,30-45,60-90.1
0,139239,1,15.22598660161249,15-20,10-20,60-90.1
0,139275,1,15.295797473118135,15-20,10-20,60-90.1
0,139344,1,24.33151016407304,20-25,20-30,30-60
0,139350,1,23.73511873166019,20-25,20-30,30-60
0,139379,1,17.76574757279951,15-20,10-20,30-60
0,139450,1,18.752098215463825,15-20,10-20,60-90.1
0,139530,1,18.080207130945166,15-20,10-20,30-60
0,139601,1,35.97421282871444,30-40,30-45,60-90.1
0,139616,1,37.544552881032224,30-40,30-45,60-90.1
0,139619,1,18.875384879979737,15-20,10-20,60-90.1
0,139701,1,37.19373863160179,30-40,30-45,60-90.1
0,139817,1,24.085523932912455,20-25,20-30,30-60
0,139880,1,34.85740013217088,30-40,30-45,30-60
0,140002,1,19.510355851057437,15-20,10-20,60-90.1
0,140012,1,12.598991591021495,10-15,10-20,60-90.1
0,140059,1,11.687987644082764,10-15,10-20,60-90.1
0,140073,1,17.95231820640374,15-20,10-20,30-60
0,140135,1,20.10184608569674,20-25,20-30,30-60
0,140172,1,28.493704027667224,25-30,20-30,0-30
0,140255,1,15.164108890621852,15-20,10-20,30-60
0,140336,1,13.238120853657321,10-15,10-20,60-90.1
0,140344,1,33.69077757096848,30-40,30-45,60-90.1
0,140346,1,20.415330776793322,20-25,20-30,0-30
0,140414,1,18.38237551248049,15-20,10-20,60-90.1
0,140418,1,37.612116688305065,30-40,30-45,0-30
0,140470,1,35.84714824983657,30-40,30-45,60-90.1
0,140502,1,26.773629569523937,25-30,20-30,30-60
0,140518,1,35.53084640938911,30-40,30-45,30-60
0,140546,1,19.763157750628892,15-20,10-20,30-60
0,140550,1,34.63114738790286,30-40,30-45,30-60
0,140626,1,33.65955182375246,30-40,30-45,60-90.1
0,140636,1,22.87636140946556,20-25,20-30,30-60
0,140642,1,33.32263340169159,30-40,30-45,30-60
0,140686,1,33.567113567759904,30-40,30-45,30-60
0,140756,1,16.601835289655018,15-20,10-20,0-30
0,140880,1,21.248484416483638,20-25,20-30,30-60
0,140902,1,20.150673013881395,20-25,20-30,60-90.1
0,140923,1,13.632086473993523,10-15,10-20,60-90.1
0,141036,1,23.308635304320653,20-25,20-30,30-60
0,141187,1,17.228436194398405,15-20,10-20,60-90.1
0,141239,1,19.614750864100046,15-20,10-20,60-90.1
0,141280,1,35.903299161056715,30-40,30-45,0-30
0,141307,1,15.072666152971234,15-20,10-20,60-90.1
0,141353,1,31.298504578924412,30-40,30-45,60-90.1
0,141365,1,18.510196600605752,15-20,10-20,60-90.1
0,141473,1,32.40500923123007,30-40,30-45,60-90.1
0,141634,1,19.00095803946623,15-20,10-20,30-60
0,141671,1,15.730095480837338,15-20,10-20,30-60
0,141710,1,13.6676231084861,10-15,10-20,60-90.1
0,141756,1,26.706646911987765,25-30,20-30,30-60
0,141767,1,22.967824550971386,20-25,20-30,60-90.1
0,141773,1,16.474683739338197,15-20,10-20,60-90.1
0,141778,1,29.242431399786874,25-30,20-30,30-60
0,141829,1,30.70352436794673,30-40,30-45,30-60
0,141862,1,12.617429517703256,10-15,10-20,60-90.1
0,141865,1,32.34611748965332,30-40,30-45,30-60
0,141905,1,25.15198201895776,25-30,20-30,0-30
0,141933,1,33.60049769339171,30-40,30-45,30-60
0,141961,1,13.08731366556065,10-15,10-20,30-60
0,142061,1,21.714318930424046,20-25,20-30,0-30
0,142128,1,27.674824929411944,25-30,20-30,60-90.1
0,142187,1,23.129104383714267,20-25,20-30,60-90.1
0,142295,1,31.206918463829002,30-40,30-45,30-60
0,142346,1,14.101029516808756,10-15,10-20,60-90.1
0,142377,1,12.717970492067423,10-15,10-20,60-90.1
0,142477,1,19.527642575527935,15-20,10-20,60-90.1
0,142503,1,17.2971028155382,15-20,10-20,60-90.1
0,142507,1,11.95524815035103,10-15,10-20,30-60
0,142760,1,35.71136635886922,30-40,30-45,30-60
0,142774,1,15.152882855052107,15-20,10-20,60-90.1
0,142798,1,34.3604030456148,30-40,30-45,60-90.1
0,142828,1,17.04270585948304,15-20,10-20,60-90.1
0,142844,1,31.109598565427046,30-40,30-45,60-90.1
0,142871,1,21.199883193590264,20-25,20-30,60-90.1
0,143101,1,14.701793984601249,10-15,10-20,60-90.1
0,143234,1,23.338141139642154,20-25,20-30,30-60
0,143296,1,20.648761235697553,20-25,20-30,60-90.1
0,143301,1,15.517750090319607,15-20,10-20,60-90.1
0,143323,1,28.401657850272553,25-30,20-30,30-60
0,143343,1,24.109841996309033,20-25,20-30,60-90.1
0,143348,1,18.949791124180667,15-20,10-20,30-60
0,143380,1,17.419484433426632,15-20,10-20,60-90.1
0,143405,1,22.60288530479675,20-25,20-30,60-90.1
0,143424,1,33.32434294702581,30-40,30-45,60-90.1
0,143429,1,30.44616151224453,30-40,30-45,60-90.1
0,143470,1,33.05900797999609,30-40,30-45,0-30
0,143476,1,21.408466651797124,20-25,20-30,60-90.1
0,143482,1,34.578269583431876,30-40,30-45,30-60
0,143590,1,24.103823035804936,20-25,20-30,60-90.1
0,143634,1,31.715705725284213,30-40,30-45,60-90.1
0,143827,1,15.023793276968245,15-20,10-20,60-90.1
0,143837,1,14.833238028153316,10-15,10-20,60-90.1
0,143876,1,21.33753295416541,20-25,20-30,60-90.1
0,143882,1,19.382680568181236,15-20,10-20,30-60
0,143934,1,14.09521841558233,10-15,10-20,60-90.1
0,144030,1,30.413609940074664,30-40,30-45,30-60
0,144156,1,32.06913081472168,30-40,30-45,0-30
0,144210,1,30.6785669951135,30-40,30-45,60-90.1
0,144217,1,19.4056849894951,15-20,10-20,60-90.1
0,144247,1,29.56103905285504,25-30,20-30,60-90.1
0,144261,1,19.694878326926645,15-20,10-20,60-90.1
0,144273,1,30.050807172150137,30-40,30-45,30-60
0,144316,1,29.034867116221722,25-30,20-30,30-60
0,144339,1,29.216099374385823,25-30,20-30,60-90.1
0,144431,1,18.34857258657442,15-20,10-20,60-90.1
0,144469,1,18.633168955177833,15-20,10-20,30-60
0,144496,1,16.07534033364451,15-20,10-20,60-90.1
0,144616,1,19.2504974343514,15-20,10-20,60-90.1
0,144682,1,16.259495370911605,15-20,10-20,60-90.1
0,144723,1,31.248744454623345,30-40,30-45,60-90.1
0,144729,1,19.700652364084785,15-20,10-20,60-90.1
0,144778,1,24.37395831943057,20-25,20-30,60-90.1
0,144804,1,30.54835211010456,30-40,30-45,30-60
0,144845,1,28.726370822816403,25-30,20-30,30-60
0,144972,1,14.140126209195142,10-15,10-20,60-90.1
0,144976,1,13.10706224966105,10-15,10-20,30-60
0,145080,1,17.597402049008284,15-20,10-20,60-90.1
0,145130,1,13.693223563637966,10-15,10-20,60-90.1
0,145155,1,24.2369282176191,20-25,20-30,0-30
0,145164,1,11.2169236718298,10-15,10-20,60-90.1
0,145173,1,14.685145194460407,10-15,10-20,60-90.1
0,145186,1,17.150420845429217,15-20,10-20,60-90.1
0,145343,1,31.265618595867426,30-40,30-45,0-30
0,145429,1,27.621690359418317,25-30,20-30,60-90.1
0,145481,1,15.757143971249134,15-20,10-20,60-90.1
0,145536,1,20.91132825128746,20-25,20-30,30-60
0,145568,1,27.44248450604632,25-30,20-30,30-60
0,145700,1,15.563399004484339,15-20,10-20,60-90.1
0,145808,1,20.027286105315376,20-25,20-30,60-90.1
0,145851,1,23.93898404072278,20-25,20-30,0-30
0,145863,1,21.02498322270847,20-25,20-30,60-90.1
0,145890,1,15.615504872791314,15-20,10-20,60-90.1
0,145910,1,12.693833173703153,10-15,10-20,60-90.1
0,145923,1,14.87178509758999,10-15,10-20,60-90.1
0,145932,1,26.180610264484894,25-30,20-30,60-90.1
0,145950,1,22.689993202127386,20-25,20-30,60-90.1
0,145964,1,11.927291303714481,10-15,10-20,30-60
0,145994,1,18.792371172750588,15-20,10-20,60-90.1
0,146048,1,30.255923123958752,30-40,30-45,30-60
0,146073,1,16.77521868211618,15-20,10-20,60-90.1
0,146085,1,19.976767835700958,15-20,10-20,0-30
0,146094,1,29.563460994855703,25-30,20-30,30-60
0,146153,1,17.65274255703381,15-20,10-20,60-90.1
0,146160,1,28.055187533424395,25-30,20-30,60-90.1
0,146299,1,26.476689722887542,25-30,20-30,30-60
0,146374,1,12.98056333375988,10-15,10-20,30-60
0,146578,1,23.674316024991377,20-25,20-30,30-60
0,146659,1,21.394846010362013,20-25,20-30,60-90.1
0,146697,1,15.26674187682693,15-20,10-20,60-90.1
0,146770,1,27.974171276555726,25-30,20-30,30-60
0,146797,1,24.089166965795023,20-25,20-30,60-90.1
0,146823,1,27.504015329645743,25-30,20-30,60-90.1
0,146878,1,27.112057583229507,25-30,20-30,30-60
0,146917,1,26.115943974878224,25-30,20-30,30-60
0,146972,1,13.20357410279547,10-15,10-20,30-60
0,147016,1,16.35276129019543,15-20,10-20,30-60
0,147034,1,19.346184455843687,15-20,10-20,60-90.1
0,147067,1,18.858028919963463,15-20,10-20,60-90.1
0,147199,1,25.671010559233977,25-30,20-30,30-60
0,147250,1,14.093266256706936,10-15,10-20,60-90.1
0,147271,1,27.45132181477583,25-30,20-30,30-60
0,147273,1,20.29040240514237,20-25,20-30,60-90.1
0,147304,1,16.776765228693087,15-20,10-20,60-90.1
0,147308,1,29.541030716708622,25-30,20-30,30-60
0,147357,1,14.45363140603471,10-15,10-20,60-90.1
0,147498,1,25.315690684241947,25-30,20-30,30-60
0,147593,1,18.357007471920237,15-20,10-20,60-90.1
0,147746,1,14.786503356637574,10-15,10-20,30-60
0,147798,1,24.07014237963461,20-25,20-30,30-60
0,147861,1,28.799058314083688,25-30,20-30,0-30
0,147872,1,12.620772625615642,10-15,10-20,30-60
0,147905,1,27.645399753936378,25-30,20-30,30-60
0,147914,1,23.177526399055928,20-25,20-30,30-60
0,147961,1,25.929191308404306,25-30,20-30,30-60
0,147997,1,25.115191721956,25-30,20-30,30-60
0,148029,1,24.217761707880864,20-25,20-30,30-60
0,148117,1,13.623220738018391,10-15,10-20,60-90.1
0,148163,1,14.261597771869598,10-15,10-20,60-90.1
0,148183,1,16.920157723323154,15-20,10-20,30-60
0,148224,1,18.274042919516337,15-20,10-20,60-90.1
0,148229,1,13.048940010785834,10-15,10-20,30-60
0,148245,1,22.78059371040786,20-25,20-30,30-60
0,148296,1,20.23875510296118,20-25,20-30,60-90.1
0,148332,1,15.426079706715846,15-20,10-20,30-60
0,148373,1,11.374121777096162,10-15,10-20,30-60
0,148390,1,22.915136849971923,20-25,20-30,60-90.1
0,148409,1,17.55000447017813,15-20,10-20,30-60
0,148520,1,19.569365245199972,15-20,10-20,60-90.1
0,148563,1,25.758262249724446,25-30,20-30,60-90.1
0,148637,1,13.892821423926296,10-15,10-20,60-90.1
0,148680,1,16.5844708234637,15-20,10-20,30-60
0,148698,1,13.830922316099558,10-15,10-20,60-90.1
0,148739,1,19.597103516213952,15-20,10-20,60-90.1
0,148747,1,14.453669058261205,10-15,10-20,60-90.1
0,148781,1,22.358615242558546,20-25,20-30,30-60
0,148879,1,25.96958331430409,25-30,20-30,0-30
0,148892,1,13.463516880376622,10-15,10-20,30-60
0,148943,1,12.91565633454727,10-15,10-20,60-90.1
0,148949,1,28.07654856319952,25-30,20-30,30-60
0,149013,1,16.863056547765776,15-20,10-20,60-90.1
0,149020,1,24.04258835659609,20-25,20-30,60-90.1
0,149046,1,24.470219116525104,20-25,20-30,30-60
0,149146,1,23.2901022040328,20-25,20-30,60-90.1
0,149287,1,17.392961286651254,15-20,10-20,30-60
0,149342,1,19.483567834433817,15-20,10-20,60-90.1
0,149354,1,16.09374634809393,15-20,10-20,60-90.1
0,149373,1,23.49959470364142,20-25,20-30,30-60
0,149528,1,26.90320792532669,25-30,20-30,0-30
0,149582,1,19.08536916618333,15-20,10-20,60-90.1
0,149718,1,11.798906282829059,10-15,10-20,60-90.1
0,149734,1,12.384813909365398,10-15,10-20,60-90.1
0,149915,1,20.79130167627451,20-25,20-30,60-90.1
0,149945,1,15.087694960677673,15-20,10-20,60-90.1
0,149979,1,18.346447812421328,15-20,10-20,60-90.1
0,149992,1,17.58583627158154,15-20,10-20,30-60
0,150083,1,24.355310986915537,20-25,20-30,60-90.1
0,150090,1,19.014614396905653,15-20,10-20,60-90.1
0,150193,1,22.046340921177826,20-25,20-30,30-60
0,150260,1,14.465688668256309,10-15,10-20,0-30
0,150278,1,12.555486583076064,10-15,10-20,30-60
0,150317,1,17.658934055895653,15-20,10-20,60-90.1
0,150434,1,23.470764943255965,20-25,20-30,60-90.1
0,150461,1,14.33705961418749,10-15,10-20,30-60
0,150492,1,25.695354247109577,25-30,20-30,60-90.1
0,150508,1,14.011947988186984,10-15,10-20,30-60
0,150532,1,20.74540459868629,20-25,20-30,60-90.1
0,150541,1,19.027117319814366,15-20,10-20,60-90.1
0,150550,1,24.073641037783187,20-25,20-30,30-60
0,150567,1,23.42005562719753,20-25,20-30,60-90.1
0,150578,1,14.942716044989165,10-15,10-20,30-60
0,150624,1,24.010121016504407,20-25,20-30,30-60
0,150647,1,21.32308492224308,20-25,20-30,60-90.1
0,150653,1,22.096815117567814,20-25,20-30,30-60
0,150657,1,21.546599764461455,20-25,20-30,30-60
0,150722,1,15.628178910736525,15-20,10-20,60-90.1
0,150757,1,14.001093285246263,10-15,10-20,60-90.1
0,150828,1,20.462905909329475,20-25,20-30,0-30
0,150839,1,21.251857420342734,20-25,20-30,60-90.1
0,150854,1,11.094992598729151,10-15,10-20,30-60
0,150894,1,19.51544024093871,15-20,10-20,60-90.1
0,151185,1,17.419787918749627,15-20,10-20,60-90.1
0,151214,1,18.796779767578638,15-20,10-20,30-60
0,151217,1,17.185582966397885,15-20,10-20,0-30
0,151241,1,10.402075814203783,10-15,10-20,60-90.1
0,151261,1,12.62863543722849,10-15,10-20,60-90.1
0,151356,1,23.624020522620043,20-25,20-30,60-90.1
0,151374,1,21.633545250517127,20-25,20-30,60-90.1
0,151427,1,20.877739501493203,20-25,20-30,60-90.1
0,151562,1,12.980273298237181,10-15,10-20,60-90.1
0,151593,1,14.011714404014386,10-15,10-20,30-60
0,151633,1,14.090179304258376,10-15,10-20,60-90.1
0,151675,1,10.42775266087665,10-15,10-20,60-90.1
0,151740,1,21.250801180012097,20-25,20-30,60-90.1
0,151786,1,16.1155757647947,15-20,10-20,60-90.1
0,151830,1,22.602256631796916,20-25,20-30,30-60
0,151836,1,14.373559614351937,10-15,10-20,60-90.1
0,151885,1,22.19612794944705,20-25,20-30,60-90.1
0,151887,1,19.111786884931703,15-20,10-20,30-60
0,151949,1,13.42639221428998,10-15,10-20,60-90.1
0,151968,1,13.244831915329858,10-15,10-20,60-90.1
0,151977,1,13.266871290305364,10-15,10-20,30-60
0,152051,1,17.177412659965384,15-20,10-20,60-90.1
0,152089,1,17.751481029472313,15-20,10-20,30-60
0,152132,1,12.351614142759306,10-15,10-20,60-90.1
0,152159,1,19.020191574677888,15-20,10-20,30-60
0,152187,1,12.57920039529573,10-15,10-20,60-90.1
0,152215,1,21.78913602325486,20-25,20-30,0-30
0,152224,1,18.075394739818414,15-20,10-20,60-90.1
0,152245,1,14.36790027239848,10-15,10-20,60-90.1
0,152397,1,12.545285263889514,10-15,10-20,60-90.1
0,152491,1,14.500647652438074,10-15,10-20,60-90.1
0,152511,1,15.869145653206845,15-20,10-20,60-90.1
0,152677,1,23.01064191799842,20-25,20-30,60-90.1
0,152716,1,19.455484915351875,15-20,10-20,60-90.1
0,152766,1,17.903986549752894,15-20,10-20,0-30
0,152780,1,18.716187882327933,15-20,10-20,30-60
0,152841,1,13.66995551160056,10-15,10-20,60-90.1
0,152852,1,13.79309343825712,10-15,10-20,60-90.1
0,152907,1,17.328163047993424,15-20,10-20,60-90.1
0,152975,1,17.781291191705627,15-20,10-20,60-90.1
0,152983,1,20.287277563420197,20-25,20-30,30-60
0,153062,1,19.655152995013214,15-20,10-20,60-90.1
0,153119,1,17.734544719303138,15-20,10-20,60-90.1
0,153210,1,15.608320740365391,15-20,10-20,60-90.1
0,153263,1,14.923899361609136,10-15,10-20,30-60
0,153347,1,20.337814769703616,20-25,20-30,30-60
0,153515,1,16.748134991205873,15-20,10-20,60-90.1
0,153528,1,12.570083378312333,10-15,10-20,30-60
0,153592,1,18.193336788103313,15-20,10-20,60-90.1
0,153722,1,15.176189067003788,15-20,10-20,60-90.1
0,153749,1,17.678467946191912,15-20,10-20,30-60
0,153771,1,18.756769258593568,15-20,10-20,60-90.1
0,153785,1,14.523879314628843,10-15,10-20,60-90.1
0,153789,1,19.16450254054637,15-20,10-20,30-60
0,153835,1,18.195465740127382,15-20,10-20,60-90.1
0,153841,1,16.543550272257885,15-20,10-20,60-90.1
0,153929,1,15.378225368219061,15-20,10-20,60-90.1
0,153933,1,16.064132348085135,15-20,10-20,60-90.1
0,154064,1,11.928059017802127,10-15,10-20,30-60
0,154157,1,16.885358256126565,15-20,10-20,60-90.1
0,154239,1,15.366848950378587,15-20,10-20,60-90.1
0,154488,0,28.56306250805793,25-30,20-30,0-30
0,154642,0,26.359112587202702,25-30,20-30,30-60
0,154673,0,24.066548164469957,20-25,20-30,60-90.1
0,154719,0,24.20284932289659,20-25,20-30,30-60
0,154772,0,26.460452736617178,25-30,20-30,60-90.1
0,154814,0,20.703792729987867,20-25,20-30,0-30
0,154840,1,32.923735197502374,30-40,30-45,30-60
0,154855,0,22.391792512810536,20-25,20-30,60-90.1
0,154878,0,21.571918555373095,20-25,20-30,30-60
0,154887,0,18.25546791356501,15-20,10-20,30-60
0,154950,0,20.352388014754386,20-25,20-30,30-60
0,154982,0,25.21188010811904,25-30,20-30,0-30
0,154990,0,21.748965887569163,20-25,20-30,30-60
0,155002,1,15.719563228180942,15-20,10-20,30-60
0,155011,1,14.767445328870618,10-15,10-20,0-30
0,155137,1,38.3339513654247,30-40,30-45,60-90.1
0,155146,1,21.871645361190513,20-25,20-30,60-90.1
0,155181,1,33.205739989147496,30-40,30-45,60-90.1
0,155249,1,35.39959917369993,30-40,30-45,30-60
0,155323,1,13.362337035721637,10-15,10-20,60-90.1
0,155330,1,28.6206596137207,25-30,20-30,60-90.1
1,1512,1,18.48129690307665,15-20,10-20,30-60
1,1988,1,17.61882735961406,15-20,10-20,30-60
1,2023,1,19.50748649099958,15-20,10-20,30-60
1,2048,1,19.358768038019576,15-20,10-20,30-60
1,2065,1,17.751243443917005,15-20,10-20,30-60
1,2159,1,18.58654852403047,15-20,10-20,60-90.1
1,2209,1,18.596371193286846,15-20,10-20,30-60
1,2262,1,18.41406809463823,15-20,10-20,60-90.1
1,2281,1,18.760472293511317,15-20,10-20,60-90.1
1,2504,1,16.649624119108935,15-20,10-20,60-90.1
1,2546,1,17.342053286330643,15-20,10-20,60-90.1
1,2577,1,18.99506582548748,15-20,10-20,60-90.1
1,2609,1,19.603431062048944,15-20,10-20,60-90.1
1,2635,1,17.20538911377326,15-20,10-20,60-90.1
1,2638,1,19.604691914087525,15-20,10-20,30-60
1,2765,1,19.463715349373953,15-20,10-20,30-60
1,2870,1,16.944564758909284,15-20,10-20,30-60
1,2892,1,18.257177434897898,15-20,10-20,60-90.1
1,2976,1,17.43459593607717,15-20,10-20,30-60
1,3247,1,17.882341759571183,15-20,10-20,60-90.1
1,3262,1,17.64969607687181,15-20,10-20,60-90.1
1,3330,1,19.502175135924045,15-20,10-20,60-90.1
1,3357,1,19.401454373006914,15-20,10-20,30-60
1,3388,1,21.34517374131326,20-25,20-30,60-90.1
1,3450,1,18.12976258131657,15-20,10-20,60-90.1
1,3970,1,18.94966535664091,15-20,10-20,30-60
1,4043,1,16.889151504112615,15-20,10-20,60-90.1
1,4208,1,21.819887034827378,20-25,20-30,30-60
1,4266,1,21.348925799096442,20-25,20-30,30-60
1,4300,1,19.54930364333343,15-20,10-20,30-60
1,4323,1,22.076088093185664,20-25,20-30,30-60
1,4333,1,21.764354737694077,20-25,20-30,30-60
1,4368,1,19.753580732477687,15-20,10-20,30-60
1,4376,1,21.714532843433727,20-25,20-30,30-60
1,4574,1,17.403196514314793,15-20,10-20,60-90.1
1,4590,1,19.45049389906846,15-20,10-20,60-90.1
1,4704,1,19.016998399677608,15-20,10-20,0-30
1,4739,1,17.052295128032647,15-20,10-20,60-90.1
1,4762,1,18.227896239681964,15-20,10-20,30-60
1,4771,1,19.415125865423512,15-20,10-20,60-90.1
1,4773,1,18.934958998831835,15-20,10-20,30-60
1,4804,1,19.20577374269277,15-20,10-20,60-90.1
1,4810,1,18.166746280590388,15-20,10-20,60-90.1
1,4875,1,21.732356027440037,20-25,20-30,30-60
1,4878,1,20.62290652795359,20-25,20-30,60-90.1
1,5037,1,17.926700392406314,15-20,10-20,60-90.1
1,5092,1,22.837443763348777,20-25,20-30,60-90.1
1,5166,1,22.302293266846373,20-25,20-30,60-90.1
1,5210,1,18.1750289078235,15-20,10-20,60-90.1
1,5242,1,22.504952687593264,20-25,20-30,30-60
1,5244,1,22.55396676322381,20-25,20-30,60-90.1
1,5271,1,21.558404639554126,20-25,20-30,0-30
1,5294,1,20.12607173685242,20-25,20-30,60-90.1
1,5317,1,22.31811097021447,20-25,20-30,60-90.1
1,5390,1,19.565148880775247,15-20,10-20,30-60
1,5600,1,19.724661477759973,15-20,10-20,60-90.1
1,5632,1,19.940325184412547,15-20,10-20,60-90.1
1,5655,1,19.353320568401536,15-20,10-20,60-90.1
1,5732,1,21.914855491417825,20-25,20-30,60-90.1
1,5769,1,21.953167353088553,20-25,20-30,60-90.1
1,5824,1,22.935958378370525,20-25,20-30,60-90.1
1,5857,1,20.956937921414593,20-25,20-30,60-90.1
1,5909,1,21.812265922491758,20-25,20-30,30-60
1,6003,1,20.47319981999176,20-25,20-30,30-60
1,6028,1,23.308715918234086,20-25,20-30,60-90.1
1,6037,1,22.924415448014084,20-25,20-30,30-60
1,6278,1,22.588574104424325,20-25,20-30,30-60
1,6485,1,18.840055210386947,15-20,10-20,60-90.1
1,6490,1,18.653012975320824,15-20,10-20,30-60
1,6502,1,20.07952326502062,20-25,20-30,30-60
1,6503,1,20.748766216021167,20-25,20-30,30-60
1,6520,1,20.64228976354242,20-25,20-30,60-90.1
1,6586,1,21.110685126509377,20-25,20-30,60-90.1
1,6618,1,21.610049326821684,20-25,20-30,60-90.1
1,6657,1,22.401501925643853,20-25,20-30,60-90.1
1,6661,1,22.42519116805526,20-25,20-30,60-90.1
1,6739,1,21.58109968959795,20-25,20-30,60-90.1
1,6786,1,18.315643096792382,15-20,10-20,30-60
1,6833,1,24.643497570314036,20-25,20-30,60-90.1
1,7132,1,18.552361278708315,15-20,10-20,60-90.1
1,7179,1,23.0600289810942,20-25,20-30,30-60
1,7240,1,23.068627569718448,20-25,20-30,60-90.1
1,7386,1,19.545233323510462,15-20,10-20,60-90.1
1,7398,1,19.7894185303313,15-20,10-20,60-90.1
1,7466,1,18.841814593323907,15-20,10-20,60-90.1
1,7498,1,21.825865289272517,20-25,20-30,60-90.1
1,7531,1,21.201349832877536,20-25,20-30,60-90.1
1,7680,1,19.075904155662915,15-20,10-20,60-90.1
1,7699,1,24.423218669226376,20-25,20-30,60-90.1
1,7732,1,20.978356003847793,20-25,20-30,60-90.1
1,7742,1,17.037535481108158,15-20,10-20,60-90.1
1,7769,1,25.365889035834172,25-30,20-30,60-90.1
1,7784,1,22.25787948146889,20-25,20-30,60-90.1
1,7792,1,18.17659200766961,15-20,10-20,60-90.1
1,7841,1,25.711160888314378,25-30,20-30,60-90.1
1,7877,1,19.150886862896378,15-20,10-20,60-90.1
1,7895,1,25.131197220894922,25-30,20-30,60-90.1
1,7920,1,22.206007117321352,20-25,20-30,30-60
1,7942,1,25.08615967347726,25-30,20-30,60-90.1
1,7974,1,20.74814183660196,20-25,20-30,60-90.1
1,8034,1,24.182364171270773,20-25,20-30,30-60
1,8141,1,19.904072287690212,15-20,10-20,30-60
1,8169,1,18.77088537874394,15-20,10-20,30-60
1,8243,1,21.478382807134015,20-25,20-30,30-60
1,8319,1,16.72885141555307,15-20,10-20,0-30
1,8345,1,18.06630561363417,15-20,10-20,30-60
1,8416,1,19.084266815733837,15-20,10-20,30-60
1,8423,1,22.832617243890223,20-25,20-30,30-60
1,8436,1,21.694572174428405,20-25,20-30,30-60
1,8466,1,22.404807338690283,20-25,20-30,60-90.1
1,8503,1,22.65288285770021,20-25,20-30,60-90.1
1,8520,1,18.809136325416215,15-20,10-20,60-90.1
1,8559,1,23.70365823278138,20-25,20-30,30-60
1,8573,1,23.099489361059685,20-25,20-30,60-90.1
1,8617,1,19.09090607984023,15-20,10-20,60-90.1
1,8640,1,24.56514580998411,20-25,20-30,60-90.1
1,8656,1,25.134199683038414,25-30,20-30,60-90.1
1,8866,1,24.12038860858185,20-25,20-30,0-30
1,8879,1,17.13359883776293,15-20,10-20,60-90.1
1,9022,1,26.18008051986293,25-30,20-30,30-60
1,9074,1,22.285027094664805,20-25,20-30,60-90.1
1,9318,1,18.990578910229086,15-20,10-20,60-90.1
1,9347,1,19.680949811197586,15-20,10-20,30-60
1,9356,1,21.979120050400756,20-25,20-30,60-90.1
1,9381,1,18.16684066302178,15-20,10-20,30-60
1,9383,1,20.333751262787384,20-25,20-30,30-60
1,9451,1,23.26433843245509,20-25,20-30,30-60
1,9497,1,24.58662732754493,20-25,20-30,60-90.1
1,9525,1,21.75549097589643,20-25,20-30,60-90.1
1,9534,1,24.421738807051515,20-25,20-30,60-90.1
1,9593,1,25.462507788521805,25-30,20-30,60-90.1
1,9627,1,17.635903800752125,15-20,10-20,60-90.1
1,9660,1,23.509101140241754,20-25,20-30,60-90.1
1,9680,1,24.883726391422254,20-25,20-30,30-60
1,9691,1,25.938682817383025,25-30,20-30,60-90.1
1,9787,1,21.280939072674435,20-25,20-30,60-90.1
1,10051,1,22.116935409842345,20-25,20-30,30-60
1,10101,1,18.47578993242898,15-20,10-20,30-60
1,10118,1,25.588228509269396,25-30,20-30,30-60
1,10152,1,24.59455269834765,20-25,20-30,60-90.1
1,10157,1,25.43313814331215,25-30,20-30,60-90.1
1,10349,1,19.505459684153553,15-20,10-20,60-90.1
1,10383,1,21.414261492819143,20-25,20-30,60-90.1
1,10442,1,23.053982668433452,20-25,20-30,0-30
1,10447,1,18.456816998873997,15-20,10-20,0-30
1,10462,1,24.811945159627424,20-25,20-30,60-90.1
1,10483,1,21.439433106513384,20-25,20-30,30-60
1,10491,1,23.930298697485107,20-25,20-30,60-90.1
1,10510,1,24.701743048763742,20-25,20-30,30-60
1,10520,1,24.47263790685039,20-25,20-30,60-90.1
1,10542,1,23.659634195418167,20-25,20-30,60-90.1
1,10579,1,20.761232269283738,20-25,20-30,60-90.1
1,10596,1,15.845496027822376,15-20,10-20,0-30
1,10598,1,16.90201080690478,15-20,10-20,30-60
1,10720,1,25.61446603878782,25-30,20-30,30-60
1,10723,1,26.937929955458866,25-30,20-30,60-90.1
1,10740,1,20.188499627216444,20-25,20-30,30-60
1,10812,1,25.171033918560852,25-30,20-30,30-60
1,10845,1,26.728623132688572,25-30,20-30,0-30
1,10909,1,23.90135469797638,20-25,20-30,60-90.1
1,10915,1,27.810264962466754,25-30,20-30,30-60
1,11025,1,18.60385385985225,15-20,10-20,60-90.1
1,11047,1,20.414658961409458,20-25,20-30,60-90.1
1,11288,1,20.117513922255824,20-25,20-30,60-90.1
1,11369,1,22.477097985786195,20-25,20-30,0-30
1,11403,1,18.629950743240155,15-20,10-20,30-60
1,11434,1,19.685526319599973,15-20,10-20,30-60
1,11439,1,19.782386004988457,15-20,10-20,60-90.1
1,11449,1,20.728849532183492,20-25,20-30,60-90.1
1,11473,1,22.84265162509417,20-25,20-30,60-90.1
1,11508,1,23.19810224408311,20-25,20-30,30-60
1,11570,1,25.324594462666322,25-30,20-30,60-90.1
1,11573,1,25.605248291106314,25-30,20-30,60-90.1
1,11602,1,25.35450407385063,25-30,20-30,60-90.1
1,11609,1,25.323892696283398,25-30,20-30,60-90.1
1,11658,1,20.14653232371488,20-25,20-30,30-60
1,11716,1,26.70231170017467,25-30,20-30,30-60
1,11739,1,19.207066294870945,15-20,10-20,60-90.1
1,11820,1,27.926521517904412,25-30,20-30,60-90.1
1,11863,1,28.883487707476487,25-30,20-30,60-90.1
1,11878,1,19.990312514044557,15-20,10-20,60-90.1
1,11921,1,29.681830333512245,25-30,20-30,60-90.1
1,11926,1,19.427148877240427,15-20,10-20,60-90.1
1,11958,1,26.292896116307237,25-30,20-30,60-90.1
1,11990,1,20.341971572505923,20-25,20-30,60-90.1
1,12053,1,25.5876087506418,25-30,20-30,0-30
1,12057,1,29.18394410022542,25-30,20-30,30-60
1,12095,1,22.495054493438452,20-25,20-30,60-90.1
1,12150,1,27.179884597443657,25-30,20-30,60-90.1
1,12163,1,20.04148195816519,20-25,20-30,60-90.1
1,12408,1,25.766040408378416,25-30,20-30,30-60
1,12466,1,21.159687928595872,20-25,20-30,30-60
1,12486,1,17.73673873308373,15-20,10-20,30-60
1,12584,1,24.843599435794417,20-25,20-30,60-90.1
1,12589,1,21.27973729109017,20-25,20-30,60-90.1
1,12615,1,24.798098558132317,20-25,20-30,60-90.1
1,12634,1,21.03081956289513,20-25,20-30,60-90.1
1,12651,1,23.06055867349431,20-25,20-30,30-60
1,12725,1,26.74024379882359,25-30,20-30,60-90.1
1,12740,1,22.05448273662023,20-25,20-30,60-90.1
1,12790,1,27.569901455586933,25-30,20-30,60-90.1
1,12836,1,27.6677602153842,25-30,20-30,30-60
1,12885,1,23.327498981081884,20-25,20-30,60-90.1
1,12935,1,22.988791316104685,20-25,20-30,60-90.1
1,12949,1,17.78921629457907,15-20,10-20,30-60
1,13033,1,24.617450714959336,20-25,20-30,60-90.1
1,13119,1,19.947940466200038,15-20,10-20,60-90.1
1,13323,1,29.310576911973133,25-30,20-30,60-90.1
1,13402,1,23.050722851702524,20-25,20-30,30-60
1,13407,1,28.84111514506366,25-30,20-30,60-90.1
1,13469,1,23.753557391894002,20-25,20-30,60-90.1
1,13575,1,27.01652917059874,25-30,20-30,60-90.1
1,13613,1,18.367893027609696,15-20,10-20,60-90.1
1,13614,1,20.971102504563408,20-25,20-30,60-90.1
1,13654,1,19.021591404314563,15-20,10-20,0-30
1,13681,1,20.95462305174239,20-25,20-30,60-90.1
1,13717,1,21.250690141054818,20-25,20-30,60-90.1
1,13727,1,22.685032903500048,20-25,20-30,60-90.1
1,13734,1,23.14074510070685,20-25,20-30,60-90.1
1,13749,1,24.151745984040808,20-25,20-30,60-90.1
1,13813,1,25.147695131918336,25-30,20-30,60-90.1
1,13901,1,27.097706464144927,25-30,20-30,60-90.1
1,13923,1,25.175140121998634,25-30,20-30,60-90.1
1,13939,1,17.51702948972916,15-20,10-20,60-90.1
1,13944,1,20.990981541161986,20-25,20-30,30-60
1,14048,1,28.38557017307434,25-30,20-30,30-60
1,14107,1,27.023199232444835,25-30,20-30,60-90.1
1,14362,1,29.86738225145219,25-30,20-30,60-90.1
1,14414,1,30.331486589354377,30-40,30-45,0-30
1,14490,1,25.481814005120544,25-30,20-30,60-90.1
1,14581,1,20.668430560402786,20-25,20-30,60-90.1
1,14663,1,22.7660670960614,20-25,20-30,60-90.1
1,14739,1,22.883941628704058,20-25,20-30,60-90.1
1,14768,1,28.035662706463835,25-30,20-30,30-60
1,14908,1,19.95511271772587,15-20,10-20,0-30
1,14933,1,20.846352413682062,20-25,20-30,30-60
1,14949,1,17.27835796438576,15-20,10-20,60-90.1
1,14955,1,19.288155216838096,15-20,10-20,60-90.1
1,14980,1,22.99286774591861,20-25,20-30,60-90.1
1,14996,1,22.537207786684014,20-25,20-30,60-90.1
1,15045,1,25.08395358013919,25-30,20-30,30-60
1,15075,1,23.096911981817758,20-25,20-30,60-90.1
1,15129,1,17.40119129653228,15-20,10-20,60-90.1
1,15150,1,24.56473894614225,20-25,20-30,30-60
1,15186,1,28.17598161991007,25-30,20-30,30-60
1,15286,1,17.307400050044016,15-20,10-20,60-90.1
1,15300,1,28.33662722947279,25-30,20-30,30-60
1,15309,1,22.955743116277286,20-25,20-30,30-60
1,15334,1,16.00111569174848,15-20,10-20,60-90.1
1,15386,1,30.68411162331976,30-40,30-45,60-90.1
1,15421,1,18.211612930048698,15-20,10-20,60-90.1
1,15449,1,27.936703978116608,25-30,20-30,30-60
1,15493,1,18.661339485911334,15-20,10-20,30-60
1,15505,1,31.38121221076405,30-40,30-45,60-90.1
1,15571,1,17.16242787191366,15-20,10-20,60-90.1
1,15595,1,31.525706035493503,30-40,30-45,30-60
1,15655,1,18.212164670895966,15-20,10-20,60-90.1
1,15658,1,23.36078098382325,20-25,20-30,60-90.1
1,15699,1,26.911021015755217,25-30,20-30,0-30
1,15784,1,31.44521890935023,30-40,30-45,60-90.1
1,15997,1,27.146046205019207,25-30,20-30,60-90.1
1,16001,1,28.352255751651594,25-30,20-30,60-90.1
1,16059,1,20.390496663499153,20-25,20-30,60-90.1
1,16242,1,16.735730613007163,15-20,10-20,30-60
1,16260,1,20.89692911647358,20-25,20-30,60-90.1
1,16333,1,20.17943110895997,20-25,20-30,60-90.1
1,16337,1,21.924795204816665,20-25,20-30,60-90.1
1,16350,1,23.924387389056786,20-25,20-30,0-30
1,16393,1,26.914424897928725,25-30,20-30,60-90.1
1,16491,1,23.84305127851436,20-25,20-30,60-90.1
1,16533,1,29.072556012624794,25-30,20-30,60-90.1
1,16558,1,28.774563509825107,25-30,20-30,30-60
1,16611,1,24.339468411567385,20-25,20-30,30-60
1,16615,1,26.751292320721348,25-30,20-30,60-90.1
1,16625,1,21.2416047816121,20-25,20-30,30-60
1,16630,1,30.226975819554916,30-40,30-45,60-90.1
1,16645,1,30.63774161584567,30-40,30-45,30-60
1,16651,1,25.86624774025669,25-30,20-30,30-60
1,16654,1,27.138337913250584,25-30,20-30,30-60
1,16676,1,31.308220781369098,30-40,30-45,60-90.1
1,16698,1,20.890327037918823,20-25,20-30,60-90.1
1,16721,1,23.178832515155438,20-25,20-30,30-60
1,16786,1,22.611548799798577,20-25,20-30,60-90.1
1,16836,1,30.355557940360804,30-40,30-45,30-60
1,16907,1,28.368071954700504,25-30,20-30,0-30
1,16947,1,24.467745300917088,20-25,20-30,60-90.1
1,16983,1,26.427502218363184,25-30,20-30,30-60
1,17069,1,22.328793501664148,20-25,20-30,60-90.1
1,17137,1,31.4412248124379,30-40,30-45,60-90.1
1,17195,1,19.3128106117906,15-20,10-20,60-90.1
1,17241,1,21.92458421191254,20-25,20-30,60-90.1
1,17266,1,31.886039459850384,30-40,30-45,60-90.1
1,17346,1,30.963563989575263,30-40,30-45,60-90.1
1,17376,1,19.330843778240148,15-20,10-20,60-90.1
1,17462,1,30.47502908247375,30-40,30-45,0-30
1,17539,1,18.081253596910166,15-20,10-20,60-90.1
1,17544,1,26.28435353719875,25-30,20-30,30-60
1,17556,1,20.354684962461036,20-25,20-30,60-90.1
1,17764,1,18.958256649864218,15-20,10-20,60-90.1
1,17768,1,24.337361555896166,20-25,20-30,0-30
1,17782,1,24.447438257973975,20-25,20-30,60-90.1
1,17802,1,25.41725190594048,25-30,20-30,30-60
1,17893,1,26.948660016054745,25-30,20-30,60-90.1
1,17920,1,25.883243031091546,25-30,20-30,60-90.1
1,17927,1,30.172789162233933,30-40,30-45,60-90.1
1,17957,1,30.136053777133462,30-40,30-45,60-90.1
1,17989,1,25.967575827700152,25-30,20-30,30-60
1,18154,1,16.766436061689706,15-20,10-20,60-90.1
1,18210,1,27.045647196130055,25-30,20-30,60-90.1
1,18285,1,27.25816599094898,25-30,20-30,30-60
1,18322,1,16.350081977593685,15-20,10-20,30-60
1,18327,1,20.08659849530359,20-25,20-30,30-60
1,18379,1,22.21376576574619,20-25,20-30,0-30
1,18543,1,33.019390527176874,30-40,30-45,30-60
1,18573,1,22.85589792557123,20-25,20-30,30-60
1,18623,1,33.66409327032073,30-40,30-45,60-90.1
1,18654,1,17.76647965524192,15-20,10-20,60-90.1
1,18689,1,32.22116421833517,30-40,30-45,60-90.1
1,18765,1,22.470072093171616,20-25,20-30,60-90.1
1,18787,1,27.361017597861544,25-30,20-30,30-60
1,18855,1,19.208120192252217,15-20,10-20,60-90.1
1,18932,1,24.650060734641144,20-25,20-30,30-60
1,19025,1,16.29702034711463,15-20,10-20,30-60
1,19028,1,15.793675262877269,15-20,10-20,60-90.1
1,19135,1,24.1011372029991,20-25,20-30,30-60
1,19141,1,24.130955730831783,20-25,20-30,30-60
1,19153,1,23.943004114014215,20-25,20-30,30-60
1,19168,1,21.81808470499227,20-25,20-30,60-90.1
1,19172,1,23.12022603939606,20-25,20-30,60-90.1
1,19200,1,26.178529940936087,25-30,20-30,0-30
1,19213,1,24.662532178685268,20-25,20-30,60-90.1
1,19255,1,27.65247333757063,25-30,20-30,30-60
1,19286,1,14.927649109372227,10-15,10-20,30-60
1,19297,1,28.912519089873054,25-30,20-30,30-60
1,19320,1,29.861857286391597,25-30,20-30,60-90.1
1,19355,1,16.800790491427254,15-20,10-20,30-60
1,19361,1,30.757643642660128,30-40,30-45,60-90.1
1,19386,1,25.624905879981515,25-30,20-30,60-90.1
1,19402,1,20.504118514032374,20-25,20-30,60-90.1
1,19407,1,30.86359676233992,30-40,30-45,60-90.1
1,19443,1,31.005338090067145,30-40,30-45,60-90.1
1,19554,1,21.46079714551117,20-25,20-30,60-90.1
1,19654,1,29.594217337138847,25-30,20-30,30-60
1,19665,1,17.378850590451524,15-20,10-20,60-90.1
1,19718,1,33.88577289327615,30-40,30-45,30-60
1,19797,1,32.10569536124151,30-40,30-45,30-60
1,19837,1,21.019184942851812,20-25,20-30,60-90.1
1,20044,1,16.243589614655146,15-20,10-20,60-90.1
1,20171,1,32.423723215477196,30-40,30-45,60-90.1
1,20212,1,31.978512531567254,30-40,30-45,30-60
1,20237,1,30.280581465345985,30-40,30-45,30-60
1,20309,1,30.7706695266403,30-40,30-45,30-60
1,20404,1,19.859376911505265,15-20,10-20,60-90.1
1,20419,1,20.588193216034917,20-25,20-30,60-90.1
1,20426,1,21.846935020169735,20-25,20-30,60-90.1
1,20454,1,16.80950522822803,15-20,10-20,30-60
1,20471,1,23.867623592657374,20-25,20-30,60-90.1
1,20489,1,23.844893147843585,20-25,20-30,60-90.1
1,20496,1,18.53574388205254,15-20,10-20,60-90.1
1,20542,1,24.229357086541953,20-25,20-30,60-90.1
1,20569,1,27.78120804972852,25-30,20-30,30-60
1,20667,1,15.251664464751544,15-20,10-20,30-60
1,20728,1,28.437345233617272,25-30,20-30,60-90.1
1,20765,1,32.14176533000582,30-40,30-45,30-60
1,20777,1,18.50339351770588,15-20,10-20,60-90.1
1,20849,1,31.831810732925888,30-40,30-45,60-90.1
1,20868,1,25.618597588784603,25-30,20-30,60-90.1
1,20944,1,34.124399562719965,30-40,30-45,60-90.1
1,20957,1,21.74210667995535,20-25,20-30,60-90.1
1,20994,1,33.6980169421601,30-40,30-45,30-60
1,21013,1,33.02303651045749,30-40,30-45,60-90.1
1,21053,1,24.024428205335088,20-25,20-30,60-90.1
1,21149,1,35.685914743195376,30-40,30-45,60-90.1
1,21200,1,34.40873085550644,30-40,30-45,0-30
1,21207,1,33.0866119173397,30-40,30-45,60-90.1
1,21217,1,20.498327223406104,20-25,20-30,60-90.1
1,21397,1,19.176674704175277,15-20,10-20,60-90.1
1,21437,1,32.88856215759093,30-40,30-45,30-60
1,21448,1,33.58934627795946,30-40,30-45,0-30
1,21513,1,28.98933654598807,25-30,20-30,30-60
1,21698,1,23.38822442494254,20-25,20-30,30-60
1,21730,1,21.310192065180146,20-25,20-30,60-90.1
1,21807,1,28.883724999860892,25-30,20-30,30-60
1,21840,1,20.700298640224688,20-25,20-30,60-90.1
1,21844,1,28.68965259659894,25-30,20-30,60-90.1
1,21845,1,30.739394498024588,30-40,30-45,30-60
1,21999,1,16.221671756805456,15-20,10-20,60-90.1
1,22016,1,32.70820223121495,30-40,30-45,60-90.1
1,22027,1,28.639299323022538,25-30,20-30,30-60
1,22058,1,17.54964070317628,15-20,10-20,60-90.1
1,22091,1,33.321420165675974,30-40,30-45,60-90.1
1,22134,1,21.329576055874245,20-25,20-30,60-90.1
1,22158,1,16.939810964250995,15-20,10-20,60-90.1
1,22329,1,35.53171234347851,30-40,30-45,0-30
1,22359,1,20.58454851892435,20-25,20-30,60-90.1
1,22455,1,17.189167932954266,15-20,10-20,60-90.1
1,22501,1,35.94581334281893,30-40,30-45,60-90.1
1,22775,1,26.217419370041302,25-30,20-30,30-60
1,22785,1,20.63107058741649,20-25,20-30,30-60
1,22803,1,23.459314350148908,20-25,20-30,60-90.1
1,22842,1,16.266837485037893,15-20,10-20,0-30
1,22887,1,20.992620342883153,20-25,20-30,60-90.1
1,22900,1,22.61683312754719,20-25,20-30,30-60
1,22945,1,19.279882694601522,15-20,10-20,60-90.1
1,22961,1,25.411034120575433,25-30,20-30,60-90.1
1,23016,1,27.02548230243408,25-30,20-30,60-90.1
1,23021,1,24.936046498358838,20-25,20-30,60-90.1
1,23025,1,26.29180699218812,25-30,20-30,60-90.1
1,23045,1,27.75901926024881,25-30,20-30,30-60
1,23051,1,24.06183010693083,20-25,20-30,60-90.1
1,23058,1,23.427963854781236,20-25,20-30,60-90.1
1,23084,1,29.57228460220915,25-30,20-30,60-90.1
1,23123,1,15.838334246716057,15-20,10-20,60-90.1
1,23143,1,19.995881876768465,15-20,10-20,60-90.1
1,23144,1,22.23637179549711,20-25,20-30,60-90.1
1,23186,1,19.849889390135765,15-20,10-20,60-90.1
1,23233,1,15.565251760259978,15-20,10-20,30-60
1,23239,1,27.917488496812535,25-30,20-30,60-90.1
1,23314,1,23.04979937262358,20-25,20-30,30-60
1,23323,1,33.35042658081644,30-40,30-45,30-60
1,23350,1,16.45888812685059,15-20,10-20,60-90.1
1,23371,1,29.438478780801823,25-30,20-30,60-90.1
1,23377,1,34.69294041310605,30-40,30-45,30-60
1,23411,1,26.5133151373671,25-30,20-30,60-90.1
1,23414,1,35.0848336203114,30-40,30-45,60-90.1
1,23431,1,35.63274468175089,30-40,30-45,60-90.1
1,23475,1,26.14331729569964,25-30,20-30,30-60
1,23547,1,18.13823920333415,15-20,10-20,60-90.1
1,23577,1,21.976000703690804,20-25,20-30,30-60
1,23677,1,36.2407045366329,30-40,30-45,30-60
1,23793,1,33.69969799880495,30-40,30-45,30-60
1,23848,1,22.759454889908746,20-25,20-30,30-60
1,23914,1,20.608420634605153,20-25,20-30,60-90.1
1,24013,1,34.70679112881208,30-40,30-45,60-90.1
1,24017,1,21.573546587882152,20-25,20-30,30-60
1,24040,1,24.594989954504523,20-25,20-30,30-60
1,24194,1,17.222530433338136,15-20,10-20,60-90.1
1,24211,1,19.720266647590403,15-20,10-20,60-90.1
1,24284,1,18.11322702642289,15-20,10-20,30-60
1,24311,1,25.087826895047495,25-30,20-30,0-30
1,24349,1,20.52449337165736,20-25,20-30,30-60
1,24431,1,28.70950718033523,25-30,20-30,60-90.1
1,24541,1,31.5401385077778,30-40,30-45,60-90.1
1,24612,1,30.916217770139898,30-40,30-45,60-90.1
1,24669,1,34.25062391624644,30-40,30-45,60-90.1
1,24754,1,20.70148379523963,20-25,20-30,60-90.1
1,24811,1,18.43772310372335,15-20,10-20,60-90.1
1,24927,1,26.415728973888232,25-30,20-30,60-90.1
1,24934,1,17.106014306391803,15-20,10-20,30-60
1,24963,1,36.444657762342295,30-40,30-45,30-60
1,25046,1,17.313027055564525,15-20,10-20,60-90.1
1,25083,1,36.73750105432614,30-40,30-45,60-90.1
1,25118,1,37.30314021202117,30-40,30-45,60-90.1
1,25246,1,37.06656216782711,30-40,30-45,60-90.1
1,25279,1,36.84236501538579,30-40,30-45,30-60
1,25297,1,31.31973201489083,30-40,30-45,60-90.1
1,25350,1,33.623435954301186,30-40,30-45,30-60
1,25388,1,28.663137321980546,25-30,20-30,60-90.1
1,25453,1,33.38048116408185,30-40,30-45,30-60
1,25516,1,30.55077432434048,30-40,30-45,60-90.1
1,25525,1,18.674132233981048,15-20,10-20,30-60
1,25605,1,17.002282274401665,15-20,10-20,60-90.1
1,25610,1,19.688650669351073,15-20,10-20,60-90.1
1,25639,1,22.101858833793337,20-25,20-30,60-90.1
1,25674,1,26.056401481620814,25-30,20-30,60-90.1
1,25701,1,16.249664585340906,15-20,10-20,30-60
1,25753,1,19.544933747872676,15-20,10-20,60-90.1
1,25757,1,24.418964264335465,20-25,20-30,60-90.1
1,25785,1,18.024569384057596,15-20,10-20,60-90.1
1,25839,1,23.654279185825224,20-25,20-30,60-90.1
1,25852,1,31.32001761817617,30-40,30-45,60-90.1
1,25900,1,32.192684848719836,30-40,30-45,30-60
1,25919,1,33.16204977228472,30-40,30-45,30-60
1,25927,1,16.51804833798546,15-20,10-20,60-90.1
1,25946,1,34.62317070318694,30-40,30-45,60-90.1
1,25957,1,27.239503231861597,25-30,20-30,60-90.1
1,25989,1,35.03253912750894,30-40,30-45,30-60
1,25997,1,16.25106465977988,15-20,10-20,60-90.1
1,26006,1,23.937624619675173,20-25,20-30,60-90.1
1,26027,1,28.557412664580944,25-30,20-30,0-30
1,26034,1,35.167794641307076,30-40,30-45,60-90.1
1,26061,1,35.61057873949495,30-40,30-45,60-90.1
1,26111,1,21.889150509445052,20-25,20-30,60-90.1
1,26163,1,35.82713076979469,30-40,30-45,60-90.1
1,26243,1,14.797609076668989,10-15,10-20,60-90.1
1,26274,1,37.45148774228148,30-40,30-45,60-90.1
1,26301,1,22.989895042700965,20-25,20-30,60-90.1
1,26305,1,34.217698329255846,30-40,30-45,30-60
1,26312,1,37.420611107158486,30-40,30-45,60-90.1
1,26319,1,26.181550587365106,25-30,20-30,30-60
1,26349,1,38.84400083553961,30-40,30-45,0-30
1,26374,1,34.13014605555548,30-40,30-45,30-60
1,26626,1,31.533038358236766,30-40,30-45,30-60
1,26686,1,38.3180967785907,30-40,30-45,60-90.1
1,26693,1,20.729303751240963,20-25,20-30,30-60
1,26710,1,37.46378425714719,30-40,30-45,30-60
1,26733,1,18.359047375329173,15-20,10-20,60-90.1
1,26802,1,37.40122257838004,30-40,30-45,60-90.1
1,26874,1,31.926652909604947,30-40,30-45,30-60
1,26888,1,18.594098250888,15-20,10-20,60-90.1
1,27066,1,25.60918236615896,25-30,20-30,30-60
1,27092,1,19.313929648668267,15-20,10-20,60-90.1
1,27099,1,26.169829812813138,25-30,20-30,60-90.1
1,27123,1,28.860432577233503,25-30,20-30,60-90.1
1,27203,1,31.349868962451733,30-40,30-45,30-60
1,27228,1,29.35106890548643,25-30,20-30,60-90.1
1,27244,1,33.15528345300396,30-40,30-45,30-60
1,27450,1,16.037692034158926,15-20,10-20,60-90.1
1,27457,1,30.178401675311,30-40,30-45,0-30
1,27463,1,36.73289198384502,30-40,30-45,60-90.1
1,27502,1,26.921936088989597,25-30,20-30,60-90.1
1,27511,1,36.794417816278845,30-40,30-45,30-60
1,27535,1,25.233588193250824,25-30,20-30,60-90.1
1,27604,1,20.38106898709845,20-25,20-30,60-90.1
1,27652,1,38.34737022206939,30-40,30-45,60-90.1
1,27774,1,36.618193996439146,30-40,30-45,30-60
1,27805,1,39.60613498873269,30-40,30-45,0-30
1,27893,1,37.98921086665971,30-40,30-45,30-60
1,27906,1,23.844454203074434,20-25,20-30,60-90.1
1,27948,1,39.296522442657505,30-40,30-45,60-90.1
1,27964,1,39.9259610788399,30-40,30-45,0-30
1,28088,1,36.58897591680517,30-40,30-45,30-60
1,28107,1,27.931943898488846,25-30,20-30,60-90.1
1,28167,1,36.93798886580281,30-40,30-45,0-30
1,28175,1,25.37078180012253,25-30,20-30,30-60
1,28234,1,29.470621924615102,25-30,20-30,30-60
1,28274,1,24.33101734269935,20-25,20-30,60-90.1
1,28331,1,19.71328669927756,15-20,10-20,60-90.1
1,28398,1,22.901111579660267,20-25,20-30,60-90.1
1,28440,1,28.575117245957628,25-30,20-30,30-60
1,28449,1,17.16009014327234,15-20,10-20,60-90.1
1,28460,1,23.51637375274344,20-25,20-30,60-90.1
1,28496,1,28.87005688428825,25-30,20-30,30-60
1,28580,1,28.084570128027355,25-30,20-30,60-90.1
1,28617,1,35.441912707429694,30-40,30-45,30-60
1,28649,1,26.231111985644365,25-30,20-30,60-90.1
1,28748,1,19.716486656717397,15-20,10-20,60-90.1
1,28751,1,27.66200454505363,25-30,20-30,30-60
1,28774,1,37.496092543820296,30-40,30-45,30-60
1,28847,1,36.95228479236194,30-40,30-45,30-60
1,28872,1,30.439505201553736,30-40,30-45,30-60
1,28880,1,38.8413108007432,30-40,30-45,60-90.1
1,28884,1,16.62615450989727,15-20,10-20,60-90.1
1,28980,1,38.19025259367589,30-40,30-45,0-30
1,29041,1,39.63271831828806,30-40,30-45,30-60
1,29104,1,40.75096754612717,40-50,30-45,30-60
1,29147,1,15.55883970383386,15-20,10-20,60-90.1
1,29172,1,22.953244026205763,20-25,20-30,30-60
1,29218,1,40.38480663549477,40-50,30-45,30-60
1,29364,1,38.38494489843507,30-40,30-45,60-90.1
1,29518,1,23.62956882551599,20-25,20-30,30-60
1,29524,1,37.25286383706583,30-40,30-45,0-30
1,29579,1,34.85517094445479,30-40,30-45,0-30
1,29614,1,20.47618074445148,20-25,20-30,60-90.1
1,29694,1,20.699690899889294,20-25,20-30,60-90.1
1,29746,1,23.240274914954952,20-25,20-30,60-90.1
1,29875,1,15.620802873318029,15-20,10-20,60-90.1
1,29911,1,29.2945686954744,25-30,20-30,60-90.1
1,29923,1,24.257838911798334,20-25,20-30,60-90.1
1,29938,1,29.347647256483384,25-30,20-30,60-90.1
1,30004,1,33.05917155049344,30-40,30-45,30-60
1,30012,1,18.571073644448703,15-20,10-20,30-60
1,30086,1,21.210326269404103,20-25,20-30,30-60
1,30088,1,25.722003484625457,25-30,20-30,60-90.1
1,30113,1,34.940408731655516,30-40,30-45,60-90.1
1,30146,1,25.161194282817764,25-30,20-30,60-90.1
1,30151,1,33.15442958863638,30-40,30-45,60-90.1
1,30208,1,38.60940329916909,30-40,30-45,30-60
1,30241,1,22.320415435095132,20-25,20-30,60-90.1
1,30282,1,39.89509316162173,30-40,30-45,30-60
1,30289,1,24.336952089767664,20-25,20-30,60-90.1
1,30313,1,28.76473943083492,25-30,20-30,60-90.1
1,30324,1,39.59846409739371,30-40,30-45,60-90.1
1,30402,1,27.972323115173456,25-30,20-30,30-60
1,30444,1,20.19467022451088,20-25,20-30,60-90.1
1,30449,1,24.370750984988454,20-25,20-30,60-90.1
1,30590,1,38.89948094033161,30-40,30-45,30-60
1,30733,1,34.35384175126324,30-40,30-45,60-90.1
1,30823,1,21.736272679721115,20-25,20-30,30-60
1,30866,1,34.23285671906513,30-40,30-45,0-30
1,30918,1,19.472589243548395,15-20,10-20,30-60
1,30998,1,15.20251441715409,15-20,10-20,60-90.1
1,31010,1,16.865735338377693,15-20,10-20,30-60
1,31049,1,18.435891513722794,15-20,10-20,60-90.1
1,31100,1,22.963961237006682,20-25,20-30,60-90.1
1,31113,1,15.976100589261643,15-20,10-20,30-60
1,31121,1,22.585852570314195,20-25,20-30,60-90.1
1,31239,1,21.95526112563356,20-25,20-30,60-90.1
1,31249,1,28.27425063427858,25-30,20-30,60-90.1
1,31254,1,31.407929892286358,30-40,30-45,30-60
1,31296,1,22.915563772950122,20-25,20-30,60-90.1
1,31371,1,14.613057912485186,10-15,10-20,60-90.1
1,31420,1,37.301857194268834,30-40,30-45,30-60
1,31440,1,37.91035408100491,30-40,30-45,30-60
1,31466,1,20.27886290731635,20-25,20-30,30-60
1,31536,1,38.60167544973164,30-40,30-45,60-90.1
1,31582,1,18.676903634134135,15-20,10-20,60-90.1
1,31633,1,40.553056025315264,40-50,30-45,30-60
1,31656,1,38.293539954937,30-40,30-45,60-90.1
1,31741,1,41.729046189256344,40-50,30-45,30-60
1,31759,1,41.41537836552109,40-50,30-45,60-90.1
1,31800,1,41.945813369379735,40-50,30-45,60-90.1
1,31829,1,41.584999506400166,40-50,30-45,60-90.1
1,31901,1,41.784487698009514,40-50,30-45,0-30
1,31966,1,19.406312370305336,15-20,10-20,60-90.1
1,32192,1,31.471247461134055,30-40,30-45,30-60
1,32211,1,41.018493058201415,40-50,30-45,60-90.1
1,32224,1,40.31797367437165,40-50,30-45,0-30
1,32233,1,18.915420082090744,15-20,10-20,60-90.1
1,32322,1,24.01682116181167,20-25,20-30,30-60
1,32434,1,24.091798367203463,20-25,20-30,30-60
1,32439,1,19.3844773914031,15-20,10-20,60-90.1
1,32512,1,26.97196617155813,25-30,20-30,60-90.1
1,32588,1,32.94927086620615,30-40,30-45,60-90.1
1,32662,1,28.301335045248802,25-30,20-30,60-90.1
1,32724,1,34.16505135358421,30-40,30-45,0-30
1,32734,1,17.499933061416737,15-20,10-20,30-60
1,32744,1,13.67163317331832,10-15,10-20,30-60
1,32756,1,33.02458126165784,30-40,30-45,60-90.1
1,32788,1,14.74836773612728,10-15,10-20,60-90.1
1,32842,1,39.502489900324974,30-40,30-45,60-90.1
1,32881,1,33.07551440612223,30-40,30-45,60-90.1
1,32929,1,21.303096611053707,20-25,20-30,60-90.1
1,32946,1,39.82103131314849,30-40,30-45,30-60
1,33002,1,41.16410787515587,40-50,30-45,0-30
1,33030,1,27.252571776495984,25-30,20-30,60-90.1
1,33126,1,42.674447696018895,40-50,30-45,60-90.1
1,33172,1,43.58872273020046,40-50,30-45,30-60
1,33217,1,43.58676922370423,40-50,30-45,30-60
1,33340,1,23.59753558041637,20-25,20-30,60-90.1
1,33349,1,35.363531033689924,30-40,30-45,0-30
1,33380,1,38.140805979601346,30-40,30-45,0-30
1,33386,1,42.75047993659839,40-50,30-45,60-90.1
1,33499,1,17.59755026059294,15-20,10-20,60-90.1
1,33510,1,42.97257680628521,40-50,30-45,60-90.1
1,33596,1,39.55939129873579,30-40,30-45,0-30
1,33663,1,20.03844894101682,20-25,20-30,60-90.1
1,33670,1,28.547602910577364,25-30,20-30,0-30
1,33777,1,22.081643957975732,20-25,20-30,30-60
1,33790,1,21.502778113386928,20-25,20-30,60-90.1
1,33817,1,23.419290623609015,20-25,20-30,60-90.1
1,33830,1,16.384593897673,15-20,10-20,60-90.1
1,33877,1,26.657153156648565,25-30,20-30,60-90.1
1,33889,1,20.25176771513225,20-25,20-30,60-90.1
1,33904,1,27.80284338796712,25-30,20-30,60-90.1
1,33933,1,29.92833340852934,25-30,20-30,60-90.1
1,33954,1,27.415189160214865,25-30,20-30,60-90.1
1,33958,1,30.446207097562677,30-40,30-45,30-60
1,34040,1,22.02601158003227,20-25,20-30,60-90.1
1,34049,1,35.69733674581385,30-40,30-45,30-60
1,34086,1,36.764394659366815,30-40,30-45,60-90.1
1,34106,1,17.790805575543434,15-20,10-20,30-60
1,34114,1,37.66772712815012,30-40,30-45,60-90.1
1,34209,1,18.079455355113502,15-20,10-20,60-90.1
1,34234,1,36.37907972609782,30-40,30-45,0-30
1,34274,1,22.257847612372945,20-25,20-30,30-60
1,34296,1,40.685240291809855,40-50,30-45,30-60
1,34305,1,25.642839650380235,25-30,20-30,60-90.1
1,34319,1,14.536957703763418,10-15,10-20,60-90.1
1,34340,1,41.4707241752932,40-50,30-45,60-90.1
1,34348,1,41.24891509304423,40-50,30-45,60-90.1
1,34426,1,40.599581965550065,40-50,30-45,30-60
1,34465,1,42.90464095051491,40-50,30-45,30-60
1,34469,1,15.165837364098074,15-20,10-20,60-90.1
1,34490,1,30.239347704986336,30-40,30-45,30-60
1,34557,1,39.649760410756556,30-40,30-45,60-90.1
1,34571,1,30.062871247319627,30-40,30-45,60-90.1
1,34623,1,26.661586327623333,25-30,20-30,60-90.1
1,34641,1,22.1541657548903,20-25,20-30,60-90.1
1,34666,1,18.379371287249388,15-20,10-20,60-90.1
1,34731,1,33.97427763844584,30-40,30-45,30-60
1,34820,1,43.27917659337591,40-50,30-45,60-90.1
1,34909,1,25.550760077046835,25-30,20-30,60-90.1
1,34910,1,42.793156098334485,40-50,30-45,0-30
1,34962,1,39.57976032608979,30-40,30-45,30-60
1,35005,1,24.075165479775038,20-25,20-30,60-90.1
1,35254,1,23.588197550282526,20-25,20-30,30-60
1,35305,1,25.309836111464364,25-30,20-30,60-90.1
1,35354,1,13.88526531265027,10-15,10-20,0-30
1,35392,1,18.391233525582884,15-20,10-20,60-90.1
1,35423,1,19.215854193238656,15-20,10-20,60-90.1
1,35434,1,26.51612536844429,25-30,20-30,60-90.1
1,35479,1,35.58475875460442,30-40,30-45,30-60
1,35526,1,27.680757401656972,25-30,20-30,60-90.1
1,35625,1,22.05128370146675,20-25,20-30,30-60
1,35693,1,14.285366540390477,10-15,10-20,60-90.1
1,35706,1,32.495191271231334,30-40,30-45,60-90.1
1,35711,1,41.13607306287518,40-50,30-45,30-60
1,35728,1,17.697654868024703,15-20,10-20,60-90.1
1,35819,1,25.161261938663003,25-30,20-30,60-90.1
1,35831,1,15.489600143214853,15-20,10-20,60-90.1
1,35934,1,43.422832534491306,40-50,30-45,30-60
1,35950,1,44.33150980077452,40-50,30-45,60-90.1
1,35961,1,42.54409534241985,40-50,30-45,60-90.1
1,35989,1,45.29119027160443,40-50,45-70,30-60
1,36038,1,40.21885018564679,40-50,30-45,60-90.1
1,36182,1,44.57702609029255,40-50,30-45,60-90.1
1,36212,1,16.869904621752017,15-20,10-20,60-90.1
1,36243,1,27.310100777609836,25-30,20-30,30-60
1,36269,1,38.81519708296184,30-40,30-45,60-90.1
1,36441,1,36.9703440122587,30-40,30-45,0-30
1,36456,1,18.869927769159027,15-20,10-20,60-90.1
1,36481,1,30.985125887333048,30-40,30-45,30-60
1,36498,1,38.63842781659565,30-40,30-45,60-90.1
1,36531,1,25.43966259915192,25-30,20-30,30-60
1,36600,1,21.084161657843353,20-25,20-30,30-60
1,36606,1,19.785850594433274,15-20,10-20,60-90.1
1,36624,1,20.506637142726998,20-25,20-30,60-90.1
1,36661,1,20.17107824862775,20-25,20-30,60-90.1
1,36734,1,23.213902082080935,20-25,20-30,60-90.1
1,36805,1,28.172014287416584,25-30,20-30,30-60
1,36915,1,35.10311170716358,30-40,30-45,60-90.1
1,36951,1,38.98566232431977,30-40,30-45,30-60
1,36963,1,38.15392714080631,30-40,30-45,60-90.1
1,36975,1,26.42053137023222,25-30,20-30,60-90.1
1,36996,1,17.371282132897683,15-20,10-20,60-90.1
1,37002,1,32.94912889692694,30-40,30-45,60-90.1
1,37056,1,14.997351955804495,10-15,10-20,0-30
1,37091,1,20.188489864848183,20-25,20-30,60-90.1
1,37106,1,42.19959639204647,40-50,30-45,0-30
1,37137,1,42.16596799678894,40-50,30-45,30-60
1,37235,1,29.9063617568904,25-30,20-30,60-90.1
1,37401,1,42.93207850746373,40-50,30-45,60-90.1
1,37407,1,44.879779914793524,40-50,30-45,60-90.1
1,37455,1,46.12501698138566,40-50,45-70,60-90.1
1,37494,1,15.488849713530943,15-20,10-20,30-60
1,37503,1,40.07599517406509,40-50,30-45,60-90.1
1,37616,1,45.82425366555622,40-50,45-70,60-90.1
1,37749,1,42.793599749086155,40-50,30-45,30-60
1,37792,1,34.38047775583344,30-40,30-45,30-60
1,37857,1,35.733019279375306,30-40,30-45,30-60
1,37863,1,25.17019506960803,25-30,20-30,30-60
1,37885,1,28.659015630000543,25-30,20-30,60-90.1
1,37934,1,17.7538004285245,15-20,10-20,30-60
1,37943,1,17.857587462684073,15-20,10-20,60-90.1
1,38031,1,19.06671688873233,15-20,10-20,60-90.1
1,38039,1,25.695357189417308,25-30,20-30,60-90.1
1,38047,1,16.780938189958693,15-20,10-20,30-60
1,38085,1,20.066522405714863,20-25,20-30,60-90.1
1,38108,1,17.679778723441864,15-20,10-20,60-90.1
1,38126,1,30.828898817561612,30-40,30-45,60-90.1
1,38142,1,24.61179236193454,20-25,20-30,60-90.1
1,38184,1,22.658387790855492,20-25,20-30,60-90.1
1,38219,1,30.839913751423257,30-40,30-45,30-60
1,38223,1,33.09681344707827,30-40,30-45,60-90.1
1,38225,1,15.920157741636167,15-20,10-20,30-60
1,38244,1,23.20424038585872,20-25,20-30,60-90.1
1,38292,1,30.60939925743465,30-40,30-45,30-60
1,38343,1,39.994870745355875,30-40,30-45,60-90.1
1,38365,1,41.5729257920868,40-50,30-45,60-90.1
1,38383,1,41.039967721096886,40-50,30-45,60-90.1
1,38395,1,17.212942262566106,15-20,10-20,60-90.1
1,38398,1,21.791702812956636,20-25,20-30,60-90.1
1,38419,1,41.53230014085868,40-50,30-45,60-90.1
1,38440,1,26.051473666282753,25-30,20-30,60-90.1
1,38449,1,36.504345023651815,30-40,30-45,30-60
1,38476,1,31.78935077096301,30-40,30-45,60-90.1
1,38524,1,24.727105602655538,20-25,20-30,0-30
1,38606,1,44.05107564389092,40-50,30-45,60-90.1
1,38623,1,16.544599084236037,15-20,10-20,60-90.1
1,38638,1,45.016539141684696,40-50,45-70,0-30
1,38646,1,21.44174321283874,20-25,20-30,60-90.1
1,38697,1,17.43310333995085,15-20,10-20,60-90.1
1,38794,1,46.78697890311752,40-50,45-70,60-90.1
1,38826,1,22.803135177245768,20-25,20-30,60-90.1
1,39070,1,38.40817283899211,30-40,30-45,30-60
1,39084,1,22.8759710175016,20-25,20-30,60-90.1
1,39270,1,22.038253905084712,20-25,20-30,60-90.1
1,39383,1,22.889837931948446,20-25,20-30,60-90.1
1,39413,1,22.95600786434322,20-25,20-30,60-90.1
1,39446,1,25.747809779534137,25-30,20-30,60-90.1
1,39462,1,23.876305748214158,20-25,20-30,60-90.1
1,39469,1,27.086029009472327,25-30,20-30,60-90.1
1,39639,1,27.41438201685478,25-30,20-30,30-60
1,39649,1,13.725725319757364,10-15,10-20,0-30
1,39716,1,25.488144591629563,25-30,20-30,60-90.1
1,39908,1,31.375744414571567,30-40,30-45,60-90.1
1,39932,1,43.96390640580498,40-50,30-45,30-60
1,39954,1,16.712886431839134,15-20,10-20,60-90.1
1,39965,1,44.775452412348464,40-50,30-45,60-90.1
1,39976,1,45.76004348481816,40-50,45-70,30-60
1,40033,1,45.881371861189905,40-50,45-70,60-90.1
1,40040,1,32.75810268860346,30-40,30-45,60-90.1
1,40082,1,16.976061130663364,15-20,10-20,60-90.1
1,40105,1,24.7623030276407,20-25,20-30,60-90.1
1,40217,1,20.30808875440934,20-25,20-30,60-90.1
1,40315,1,39.78218817132102,30-40,30-45,60-90.1
1,40325,1,18.73250544536644,15-20,10-20,60-90.1
1,40404,1,22.30573483351429,20-25,20-30,60-90.1
1,40496,1,36.03630359956408,30-40,30-45,30-60
1,40523,1,45.93126303245892,40-50,45-70,60-90.1
1,40564,1,23.25155571273287,20-25,20-30,60-90.1
1,40599,1,28.147339418134777,25-30,20-30,30-60
1,40639,1,32.06551357378194,30-40,30-45,60-90.1
1,40756,1,22.42559571167983,20-25,20-30,60-90.1
1,40784,1,21.789586534359827,20-25,20-30,60-90.1
1,40797,1,17.62643120751797,15-20,10-20,60-90.1
1,40859,1,14.07974401389594,10-15,10-20,60-90.1
1,40885,1,22.436950657666827,20-25,20-30,60-90.1
1,40927,1,26.93613281268666,25-30,20-30,60-90.1
1,40930,1,26.98451429901981,25-30,20-30,0-30
1,41116,1,27.593392577846068,25-30,20-30,60-90.1
1,41171,1,32.99903227393464,30-40,30-45,60-90.1
1,41201,1,31.787484208789657,30-40,30-45,60-90.1
1,41231,1,21.35806466777098,20-25,20-30,60-90.1
1,41254,1,26.149950347647447,25-30,20-30,60-90.1
1,41307,1,17.213324925868648,15-20,10-20,0-30
1,41361,1,19.996378977798955,15-20,10-20,60-90.1
1,41372,1,26.996712504230704,25-30,20-30,60-90.1
1,41528,1,32.482550550595,30-40,30-45,30-60
1,41563,1,48.54093456494565,40-50,45-70,30-60
1,41601,1,47.42583757363534,40-50,45-70,30-60
1,41647,1,27.41757530671909,25-30,20-30,60-90.1
1,41653,1,44.98751559130995,40-50,30-45,30-60
1,41665,1,48.10497196757785,40-50,45-70,60-90.1
1,41669,1,15.11855339928567,15-20,10-20,60-90.1
1,41685,1,46.73782296909463,40-50,45-70,60-90.1
1,41794,1,47.61687956684161,40-50,45-70,60-90.1
1,41841,1,43.26072759966513,40-50,30-45,60-90.1
1,41850,1,19.032375991921093,15-20,10-20,60-90.1
1,41875,1,17.986046412543303,15-20,10-20,60-90.1
1,41887,1,46.57214021744595,40-50,45-70,30-60
1,41908,1,44.089836578556294,40-50,30-45,0-30
1,41950,1,28.88558711414399,25-30,20-30,30-60
1,41968,1,21.516827747912288,20-25,20-30,60-90.1
1,41980,1,41.24905796478219,40-50,30-45,0-30
1,42014,1,32.32079215725674,30-40,30-45,30-60
1,42055,1,18.01930991316797,15-20,10-20,0-30
1,42088,1,14.835091821796242,10-15,10-20,0-30
1,42098,1,15.032204135632998,15-20,10-20,30-60
1,42162,1,16.1817340555655,15-20,10-20,60-90.1
1,42168,1,16.844215571598873,15-20,10-20,60-90.1
1,42277,1,22.137723684107865,20-25,20-30,60-90.1
1,42285,1,26.116544223403327,25-30,20-30,30-60
1,42295,1,24.158565987470915,20-25,20-30,30-60
1,42343,1,30.231589440563567,30-40,30-45,60-90.1
1,42348,1,20.80929623754963,20-25,20-30,60-90.1
1,42349,1,23.28107352738117,20-25,20-30,60-90.1
1,42394,1,13.494063771618945,10-15,10-20,30-60
1,42414,1,29.36050103309249,25-30,20-30,60-90.1
1,42430,1,18.293232327779187,15-20,10-20,60-90.1
1,42558,1,23.33743688362104,20-25,20-30,60-90.1
1,42595,1,43.242904637397615,40-50,30-45,60-90.1
1,42674,1,16.404251341986146,15-20,10-20,30-60
1,42684,1,36.60692121788415,30-40,30-45,0-30
1,42709,1,43.25568305151769,40-50,30-45,60-90.1
1,42740,1,45.37091430205806,40-50,45-70,60-90.1
1,42756,1,23.17125520254978,20-25,20-30,60-90.1
1,42775,1,46.39742235489266,40-50,45-70,60-90.1
1,42786,1,46.81498385749507,40-50,45-70,30-60
1,42827,1,30.74668778448952,30-40,30-45,30-60
1,42844,1,21.213178515754972,20-25,20-30,60-90.1
1,42850,1,47.377280051643446,40-50,45-70,30-60
1,42874,1,19.320704409289405,15-20,10-20,30-60
1,42909,1,48.310095932339074,40-50,45-70,60-90.1
1,42944,1,30.543306576334956,30-40,30-45,60-90.1
1,42951,1,49.37633852975088,40-50,45-70,60-90.1
1,42982,1,15.700388110144653,15-20,10-20,30-60
1,42994,1,45.472777085553865,40-50,45-70,30-60
1,43066,1,49.25998372582872,40-50,45-70,0-30
1,43129,1,44.413804771793494,40-50,30-45,30-60
1,43141,1,16.47623344597454,15-20,10-20,60-90.1
1,43156,1,38.85968845829429,30-40,30-45,60-90.1
1,43253,1,26.83546477985192,25-30,20-30,30-60
1,43403,1,37.49537281527942,30-40,30-45,30-60
1,43510,1,17.338412140420544,15-20,10-20,60-90.1
1,43522,1,15.84540963120465,15-20,10-20,60-90.1
1,43552,1,19.835719460080675,15-20,10-20,60-90.1
1,43618,1,24.216773472368963,20-25,20-30,60-90.1
1,43628,1,18.141723633040638,15-20,10-20,60-90.1
1,43636,1,24.316495217316596,20-25,20-30,30-60
1,43683,1,17.766217038746074,15-20,10-20,60-90.1
1,43713,1,27.10763537854841,25-30,20-30,30-60
1,43729,1,29.590928006090362,25-30,20-30,30-60
1,43776,1,26.556263125343637,25-30,20-30,60-90.1
1,43788,1,24.449403249612047,20-25,20-30,60-90.1
1,43793,1,33.967002828753685,30-40,30-45,30-60
1,43880,1,23.563145375745137,20-25,20-30,60-90.1
1,43898,1,39.044620569246966,30-40,30-45,0-30
1,43911,1,19.653660095226563,15-20,10-20,60-90.1
1,43965,1,30.308947826251146,30-40,30-45,60-90.1
1,44009,1,43.934724355574154,40-50,30-45,30-60
1,44018,1,26.36874884136405,25-30,20-30,60-90.1
1,44075,1,21.087178351781933,20-25,20-30,60-90.1
1,44106,1,31.582855252557664,30-40,30-45,60-90.1
1,44127,1,16.168586671769233,15-20,10-20,30-60
1,44275,1,26.909751666411402,25-30,20-30,60-90.1
1,44324,1,16.051904567549396,15-20,10-20,60-90.1
1,44380,1,18.452044917386104,15-20,10-20,0-30
1,44420,1,20.609166657402643,20-25,20-30,60-90.1
1,44477,1,25.352543844982367,25-30,20-30,60-90.1
1,44520,1,38.4537152999278,30-40,30-45,60-90.1
1,44617,1,40.01246858890267,40-50,30-45,60-90.1
1,44797,1,44.07649566987954,40-50,30-45,60-90.1
1,44800,1,22.39400197749267,20-25,20-30,60-90.1
1,44838,1,22.956090659807614,20-25,20-30,60-90.1
1,44845,1,34.11323752421025,30-40,30-45,30-60
1,44852,1,30.610187893499113,30-40,30-45,0-30
1,44991,1,14.638283421090293,10-15,10-20,60-90.1
1,45077,1,24.426022842631106,20-25,20-30,30-60
1,45143,1,25.530725474953183,25-30,20-30,60-90.1
1,45146,1,27.267120000302896,25-30,20-30,30-60
1,45225,1,27.29817791855154,25-30,20-30,60-90.1
1,45252,1,34.25186493914693,30-40,30-45,30-60
1,45280,1,25.02814730934742,25-30,20-30,30-60
1,45326,1,36.504217331927855,30-40,30-45,30-60
1,45354,1,17.432105848210867,15-20,10-20,60-90.1
1,45384,1,39.909214555753145,30-40,30-45,30-60
1,45413,1,44.44761496158421,40-50,30-45,30-60
1,45479,1,35.578196143259305,30-40,30-45,0-30
1,45568,1,47.871669159932004,40-50,45-70,30-60
1,45581,1,48.16731509060196,40-50,45-70,0-30
1,45618,1,25.721348672903,25-30,20-30,30-60
1,45621,1,48.16119865182129,40-50,45-70,30-60
1,45633,1,19.311501886492838,15-20,10-20,0-30
1,45668,1,17.87103650788012,15-20,10-20,60-90.1
1,45702,1,14.896968713563268,10-15,10-20,30-60
1,45714,1,49.82873468747351,40-50,45-70,30-60
1,45746,1,32.94633088853659,30-40,30-45,30-60
1,45756,1,23.79845696537288,20-25,20-30,60-90.1
1,45875,1,51.22550169500821,50-60,45-70,30-60
1,45891,1,50.990899529852555,50-60,45-70,60-90.1
1,45901,1,51.119784971682456,50-60,45-70,30-60
1,46043,1,50.05303600955733,50-60,45-70,60-90.1
1,46089,1,41.478706552050184,40-50,30-45,60-90.1
1,46201,1,27.19713510464762,25-30,20-30,60-90.1
1,46309,1,14.889530896543793,10-15,10-20,0-30
1,46344,1,16.888701050699943,15-20,10-20,60-90.1
1,46480,1,26.564038165212267,25-30,20-30,30-60
1,46569,1,30.717637645378538,30-40,30-45,0-30
1,46591,1,20.968137784065718,20-25,20-30,60-90.1
1,46690,1,14.917886710032084,10-15,10-20,60-90.1
1,46761,1,14.563399812083425,10-15,10-20,60-90.1
1,46795,1,42.32688063318899,40-50,30-45,60-90.1
1,46837,1,34.63442181411102,30-40,30-45,0-30
1,46858,1,47.415687150001155,40-50,45-70,60-90.1
1,46917,1,14.376866928566299,10-15,10-20,60-90.1
1,46976,1,16.446784459352493,15-20,10-20,60-90.1
1,47010,1,49.54785177261118,40-50,45-70,60-90.1
1,47061,1,28.959310667648833,25-30,20-30,60-90.1
1,47158,1,51.220898996411215,50-60,45-70,30-60
1,47176,1,25.698180051865872,25-30,20-30,60-90.1
1,47240,1,49.088324694239,40-50,45-70,60-90.1
1,47253,1,21.492740050542146,20-25,20-30,60-90.1
1,47311,1,44.90594569963582,40-50,30-45,30-60
1,47348,1,23.90737785879217,20-25,20-30,30-60
1,47380,1,47.403606616774894,40-50,45-70,60-90.1
1,47419,1,23.326088802176482,20-25,20-30,60-90.1
1,47426,1,38.556738669875976,30-40,30-45,60-90.1
1,47468,1,44.97443980202225,40-50,30-45,30-60
1,47516,1,35.43214602874242,30-40,30-45,60-90.1
1,47703,1,18.882232199714785,15-20,10-20,60-90.1
1,47725,1,22.26046177495968,20-25,20-30,60-90.1
1,47730,1,16.54294359236284,15-20,10-20,60-90.1
1,47735,1,19.31035643012147,15-20,10-20,60-90.1
1,47738,1,21.64450784651893,20-25,20-30,60-90.1
1,47767,1,20.230480843468865,20-25,20-30,60-90.1
1,47793,1,20.718474517726808,20-25,20-30,60-90.1
1,47819,1,21.942323390171293,20-25,20-30,30-60
1,47824,1,27.690910467072904,25-30,20-30,60-90.1
1,47858,1,24.026532653088836,20-25,20-30,60-90.1
1,47885,1,17.18015315357765,15-20,10-20,60-90.1
1,47921,1,29.463221476983584,25-30,20-30,60-90.1
1,47923,1,31.33310121080225,30-40,30-45,0-30
1,47944,1,24.846391045715915,20-25,20-30,30-60
1,47962,1,30.023212344060404,30-40,30-45,60-90.1
1,47997,1,28.213375212702214,25-30,20-30,60-90.1
1,48021,1,31.22295371201676,30-40,30-45,30-60
1,48033,1,18.069502311819942,15-20,10-20,60-90.1
1,48038,1,20.985520615706427,20-25,20-30,60-90.1
1,48153,1,29.936766803051437,25-30,20-30,60-90.1
1,48233,1,16.888166902490624,15-20,10-20,60-90.1
1,48239,1,31.60845737927731,30-40,30-45,60-90.1
1,48251,1,48.70351168584569,40-50,45-70,60-90.1
1,48262,1,27.127004999866834,25-30,20-30,60-90.1
1,48268,1,48.36654285551704,40-50,45-70,60-90.1
1,48307,1,49.5926722766356,40-50,45-70,60-90.1
1,48311,1,20.89143923142515,20-25,20-30,60-90.1
1,48360,1,50.92672897038186,50-60,45-70,30-60
1,48404,1,52.25227187614682,50-60,45-70,0-30
1,48423,1,51.781463832535465,50-60,45-70,0-30
1,48430,1,15.599103177943975,15-20,10-20,60-90.1
1,48454,1,18.923258602586547,15-20,10-20,60-90.1
1,48458,1,21.271009241790633,20-25,20-30,60-90.1
1,48485,1,24.581010497973956,20-25,20-30,60-90.1
1,48491,1,29.338169439007526,25-30,20-30,30-60
1,48626,1,49.31672135249817,40-50,45-70,60-90.1
1,48686,1,44.81124931991384,40-50,30-45,60-90.1
1,48772,1,20.50131962409925,20-25,20-30,60-90.1
1,48795,1,27.980881414248223,25-30,20-30,30-60
1,48819,1,39.056201510209,30-40,30-45,30-60
1,48821,1,42.44223704853711,40-50,30-45,60-90.1
1,48823,1,42.82779526881229,40-50,30-45,60-90.1
1,48855,1,20.405161186590885,20-25,20-30,60-90.1
1,48906,1,30.312256563307745,30-40,30-45,60-90.1
1,48962,1,15.195364551514794,15-20,10-20,30-60
1,49029,1,14.813443998820404,10-15,10-20,60-90.1
1,49175,1,20.79647495927739,20-25,20-30,60-90.1
1,49180,1,28.113099426606915,25-30,20-30,30-60
1,49184,1,27.31377588597224,25-30,20-30,30-60
1,49242,1,22.002765526717525,20-25,20-30,60-90.1
1,49245,1,25.879688619631295,25-30,20-30,60-90.1
1,49321,1,22.78549202564108,20-25,20-30,0-30
1,49424,1,41.44193315656416,40-50,30-45,60-90.1
1,49440,1,43.43104434752114,40-50,30-45,60-90.1
1,49452,1,22.92427179774838,20-25,20-30,60-90.1
1,49458,1,26.39905898732725,25-30,20-30,60-90.1
1,49475,1,19.698711449919244,15-20,10-20,60-90.1
1,49480,1,43.48327090987958,40-50,30-45,60-90.1
1,49520,1,43.619343706997455,40-50,30-45,30-60
1,49531,1,30.669642131441915,30-40,30-45,60-90.1
1,49549,1,48.83300453867007,40-50,45-70,30-60
1,49559,1,46.84889363122366,40-50,45-70,60-90.1
1,49607,1,19.091023096427836,15-20,10-20,60-90.1
1,49609,1,21.202700112317473,20-25,20-30,60-90.1
1,49652,1,50.860437183617286,50-60,45-70,0-30
1,49657,1,19.077488563888956,15-20,10-20,60-90.1
1,49675,1,51.942561205167024,50-60,45-70,0-30
1,49678,1,15.984431962479816,15-20,10-20,60-90.1
1,49702,1,16.427928787571048,15-20,10-20,60-90.1
1,49798,1,53.774533048399746,50-60,45-70,0-30
1,49821,1,53.8815253377262,50-60,45-70,60-90.1
1,49854,1,43.08574013853245,40-50,30-45,30-60
1,49890,1,18.34221602235974,15-20,10-20,60-90.1
1,49894,1,38.86304570093933,30-40,30-45,60-90.1
1,49968,1,46.31179721281892,40-50,45-70,60-90.1
1,50108,1,36.527058504229466,30-40,30-45,30-60
1,50116,1,26.636526435068237,25-30,20-30,60-90.1
1,50140,1,24.558159785283827,20-25,20-30,30-60
1,50147,1,32.407936547862924,30-40,30-45,60-90.1
1,50178,1,13.880964798000655,10-15,10-20,30-60
1,50189,1,13.259224197969695,10-15,10-20,60-90.1
1,50203,1,17.894135278321386,15-20,10-20,30-60
1,50245,1,14.837656855113067,10-15,10-20,60-90.1
1,50254,1,21.979055568658797,20-25,20-30,30-60
1,50276,1,22.537390141212175,20-25,20-30,60-90.1
1,50290,1,15.944122678340822,15-20,10-20,60-90.1
1,50375,1,24.5689168030127,20-25,20-30,30-60
1,50420,1,19.010215241108938,15-20,10-20,60-90.1
1,50431,1,14.185684267333148,10-15,10-20,60-90.1
1,50443,1,31.782125427509918,30-40,30-45,60-90.1
1,50469,1,29.421278815318264,25-30,20-30,30-60
1,50639,1,41.84503211979959,40-50,30-45,30-60
1,50689,1,16.945412080390785,15-20,10-20,60-90.1
1,50749,1,34.295274747083646,30-40,30-45,0-30
1,50780,1,49.85870197214018,40-50,45-70,0-30
1,50837,1,25.79272146254557,25-30,20-30,60-90.1
1,50848,1,51.617405707971024,50-60,45-70,0-30
1,50869,1,51.88986676274182,50-60,45-70,0-30
1,50916,1,53.04530321881181,50-60,45-70,30-60
1,50923,1,19.11893001220061,15-20,10-20,60-90.1
1,50955,1,53.58887235551106,50-60,45-70,30-60
1,50986,1,54.23881731415201,50-60,45-70,30-60
1,51010,1,52.6682737491208,50-60,45-70,30-60
1,51016,1,26.94117120587057,25-30,20-30,30-60
1,51023,1,53.093818589271365,50-60,45-70,60-90.1
1,51213,1,36.93744515258884,30-40,30-45,0-30
1,51279,1,33.04682904657957,30-40,30-45,30-60
1,51387,1,29.156484766429642,25-30,20-30,0-30
1,51411,1,13.722148023897876,10-15,10-20,30-60
1,51465,1,15.967082784740745,15-20,10-20,60-90.1
1,51554,1,14.08770227101444,10-15,10-20,30-60
1,51559,1,24.414895792235217,20-25,20-30,30-60
1,51562,1,26.82602751771621,25-30,20-30,60-90.1
1,51615,1,26.165017445833033,25-30,20-30,60-90.1
1,51652,1,28.26511222158707,25-30,20-30,60-90.1
1,51694,1,31.555418108053736,30-40,30-45,0-30
1,51700,1,35.426461028623926,30-40,30-45,0-30
1,51720,1,21.467374381258267,20-25,20-30,60-90.1
1,51743,1,37.138105035548705,30-40,30-45,30-60
1,51773,1,38.55164307022373,30-40,30-45,60-90.1
1,51779,1,16.743088722330235,15-20,10-20,60-90.1
1,51817,1,14.94115285689121,10-15,10-20,30-60
1,51830,1,43.827998912688045,40-50,30-45,60-90.1
1,51859,1,44.49441237531239,40-50,30-45,60-90.1
1,51918,1,32.74319304681331,30-40,30-45,0-30
1,51948,1,47.514466323766726,40-50,45-70,30-60
1,51954,1,49.52153634298642,40-50,45-70,30-60
1,51986,1,51.534060746655996,50-60,45-70,60-90.1
1,52018,1,23.274568466643235,20-25,20-30,60-90.1
1,52028,1,51.95451251506626,50-60,45-70,0-30
1,52053,1,53.14334516678517,50-60,45-70,30-60
1,52068,1,53.20702021744717,50-60,45-70,30-60
1,52075,1,18.527198555909393,15-20,10-20,0-30
1,52095,1,23.186484778686108,20-25,20-30,60-90.1
1,52229,1,48.328062357444516,40-50,45-70,30-60
1,52235,1,49.89131783333997,40-50,45-70,60-90.1
1,52286,1,19.543219976462645,15-20,10-20,30-60
1,52295,1,41.46547105357872,40-50,30-45,30-60
1,52334,1,24.233382009260264,20-25,20-30,30-60
1,52370,1,16.833129474909597,15-20,10-20,60-90.1
1,52383,1,41.22626534664405,40-50,30-45,30-60
1,52387,1,41.92778205820203,40-50,30-45,30-60
1,52495,1,27.837405397933395,25-30,20-30,60-90.1
1,52571,1,21.294097772403834,20-25,20-30,60-90.1
1,52760,1,20.129794263948238,20-25,20-30,60-90.1
1,52790,1,19.086112948644416,15-20,10-20,60-90.1
1,52821,1,23.642492646825776,20-25,20-30,60-90.1
1,52870,1,21.563217838573244,20-25,20-30,30-60
1,52919,1,25.208701976149957,25-30,20-30,60-90.1
1,52921,1,27.924862579059916,25-30,20-30,60-90.1
1,52923,1,30.558972655860526,30-40,30-45,60-90.1
1,52966,1,28.783205482511036,25-30,20-30,60-90.1
1,53021,1,20.88933792364517,20-25,20-30,60-90.1
1,53054,1,43.33212527700292,40-50,30-45,30-60
1,53105,1,14.54907264507497,10-15,10-20,60-90.1
1,53135,1,22.208424828232413,20-25,20-30,60-90.1
1,53187,1,27.523269771948495,25-30,20-30,30-60
1,53193,1,51.48252462932692,50-60,45-70,60-90.1
1,53218,1,52.95793839834472,50-60,45-70,30-60
1,53304,1,17.241619321115124,15-20,10-20,60-90.1
1,53318,1,55.06314450685841,50-60,45-70,30-60
1,53332,1,26.59389351022808,25-30,20-30,60-90.1
1,53342,1,17.731305495689526,15-20,10-20,60-90.1
1,53356,1,55.61876354128165,50-60,45-70,30-60
1,53374,1,27.738673084216334,25-30,20-30,60-90.1
1,53400,1,53.551476136508356,50-60,45-70,60-90.1
1,53427,1,53.27828174183643,50-60,45-70,30-60
1,53441,1,23.85325641489526,20-25,20-30,60-90.1
1,53469,1,44.45040704242226,40-50,30-45,30-60
1,53567,1,46.921930530928364,40-50,45-70,30-60
1,53641,1,41.18160279544905,40-50,30-45,30-60
1,53722,1,31.718692205182684,30-40,30-45,60-90.1
1,53787,1,18.515627334393454,15-20,10-20,60-90.1
1,53813,1,35.132800276231514,30-40,30-45,30-60
1,53900,1,14.300351392519307,10-15,10-20,60-90.1
1,53950,1,18.374855684596103,15-20,10-20,60-90.1
1,53976,1,18.344143741188212,15-20,10-20,60-90.1
1,54003,1,18.51027637296881,15-20,10-20,60-90.1
1,54087,1,18.946035998795086,15-20,10-20,30-60
1,54208,1,30.68719574336344,30-40,30-45,30-60
1,54216,1,26.11493637452998,25-30,20-30,60-90.1
1,54320,1,44.826285279726186,40-50,30-45,30-60
1,54350,1,26.14357748326701,25-30,20-30,60-90.1
1,54355,1,29.128313906357576,25-30,20-30,60-90.1
1,54360,1,44.57327663448293,40-50,30-45,60-90.1
1,54430,1,30.07298660379678,30-40,30-45,30-60
1,54451,1,52.321401434915416,50-60,45-70,30-60
1,54477,1,53.65023528782045,50-60,45-70,60-90.1
1,54511,1,17.48441294026669,15-20,10-20,60-90.1
1,54518,1,21.99685988656813,20-25,20-30,60-90.1
1,54537,1,19.800018067038856,15-20,10-20,0-30
1,54540,1,54.6058987758717,50-60,45-70,30-60
1,54555,1,54.684370223102334,50-60,45-70,30-60
1,54667,1,54.31728977975749,50-60,45-70,30-60
1,54707,1,51.127904508359464,50-60,45-70,60-90.1
1,54742,1,45.672582146758565,40-50,45-70,30-60
1,54786,1,43.45862085048069,40-50,30-45,30-60
1,54829,1,38.14257646533527,30-40,30-45,60-90.1
1,54898,1,26.126029748847255,25-30,20-30,60-90.1
1,54919,1,37.30331378085423,30-40,30-45,30-60
1,54984,1,34.11319801376787,30-40,30-45,60-90.1
1,54998,1,32.177880847479294,30-40,30-45,60-90.1
1,55017,1,26.83128632217945,25-30,20-30,60-90.1
1,55079,1,16.853338372310255,15-20,10-20,30-60
1,55113,1,18.55051254483831,15-20,10-20,60-90.1
1,55161,1,15.726472277818038,15-20,10-20,60-90.1
1,55166,1,14.110692626482292,10-15,10-20,60-90.1
1,55257,1,21.18626512789075,20-25,20-30,60-90.1
1,55262,1,31.14205599793126,30-40,30-45,60-90.1
1,55328,1,22.8232301922346,20-25,20-30,60-90.1
1,55378,1,16.60362229989255,15-20,10-20,60-90.1
1,55484,1,25.35065967901474,25-30,20-30,30-60
1,55592,1,48.259161277432405,40-50,45-70,30-60
1,55605,1,50.28802231962498,50-60,45-70,60-90.1
1,55644,1,53.7805919591608,50-60,45-70,60-90.1
1,55685,1,55.77135319887228,50-60,45-70,30-60
1,55729,1,18.151459351317552,15-20,10-20,30-60
1,55731,0,56.8526271138768,50-60,45-70,60-90.1
1,55742,0,55.1209469088172,50-60,45-70,60-90.1
1,55756,1,22.030835774031974,20-25,20-30,60-90.1
1,55781,0,53.61603043323026,50-60,45-70,30-60
1,55797,1,16.62403766368593,15-20,10-20,60-90.1
1,55836,1,52.19764436546888,50-60,45-70,60-90.1
1,55846,1,27.702854133369406,25-30,20-30,30-60
1,55892,1,22.543624604473404,20-25,20-30,60-90.1
1,55923,1,48.13487159705671,40-50,45-70,30-60
1,55947,1,18.39908789261419,15-20,10-20,60-90.1
1,55959,1,27.987592936853343,25-30,20-30,60-90.1
1,56119,1,40.547979267522315,40-50,30-45,60-90.1
1,56141,1,37.25327314285711,30-40,30-45,0-30
1,56147,1,15.579550846237662,15-20,10-20,60-90.1
1,56165,1,22.09660595340391,20-25,20-30,60-90.1
1,56210,1,28.01100210355856,25-30,20-30,30-60
1,56225,1,30.000905290125672,30-40,30-45,60-90.1
1,56301,1,19.771798250233367,15-20,10-20,60-90.1
1,56312,1,14.997807180059583,10-15,10-20,0-30
1,56385,1,16.781399128401496,15-20,10-20,60-90.1
1,56393,1,21.992909204374683,20-25,20-30,30-60
1,56454,1,25.194516034648284,25-30,20-30,30-60
1,56502,1,12.317931596734722,10-15,10-20,30-60
1,56516,1,14.57812761029488,10-15,10-20,30-60
1,56628,1,34.89772935087529,30-40,30-45,30-60
1,56636,1,19.469740218366415,15-20,10-20,30-60
1,56655,1,35.774527834250506,30-40,30-45,30-60
1,56670,1,23.462151219094387,20-25,20-30,30-60
1,56743,1,16.33269230612044,15-20,10-20,60-90.1
1,56787,1,40.5324224713863,40-50,30-45,60-90.1
1,56800,1,15.480789167116113,15-20,10-20,30-60
1,56819,1,42.887347956244156,40-50,30-45,0-30
1,56850,1,45.344426771891506,40-50,45-70,60-90.1
1,56858,1,19.472167942125047,15-20,10-20,60-90.1
1,56902,1,17.083825667992418,15-20,10-20,60-90.1
1,56923,1,51.97214856729081,50-60,45-70,30-60
1,56926,1,26.333138402355285,25-30,20-30,30-60
1,56950,1,17.621991822425805,15-20,10-20,60-90.1
1,56979,1,20.354483003831646,20-25,20-30,60-90.1
1,56986,1,25.413587834980138,25-30,20-30,60-90.1
1,56997,1,16.70441601206011,15-20,10-20,60-90.1
1,57023,0,56.52614957366417,50-60,45-70,30-60
1,57025,1,15.756959698644664,15-20,10-20,60-90.1
1,57031,1,22.61679347169168,20-25,20-30,60-90.1
1,57033,1,24.1847999532554,20-25,20-30,60-90.1
1,57036,1,26.59370899725871,25-30,20-30,60-90.1
1,57040,1,29.54385669031892,25-30,20-30,60-90.1
1,57108,1,25.904325483894045,25-30,20-30,60-90.1
1,57203,1,51.36422454114607,50-60,45-70,60-90.1
1,57228,1,48.881875908619655,40-50,45-70,30-60
1,57272,1,42.86480978679616,40-50,30-45,30-60
1,57302,1,23.914029981237793,20-25,20-30,60-90.1
1,57321,1,40.88155591188286,40-50,30-45,0-30
1,57380,1,18.160180058924976,15-20,10-20,60-90.1
1,57400,1,22.518775112976506,20-25,20-30,30-60
1,57408,1,41.89998885944744,40-50,30-45,30-60
1,57537,1,24.248066600896983,20-25,20-30,60-90.1
1,57548,1,33.93710341051579,30-40,30-45,60-90.1
1,57594,1,18.81411295835662,15-20,10-20,60-90.1
1,57654,1,16.152072339466404,15-20,10-20,60-90.1
1,57691,1,18.577658583281657,15-20,10-20,30-60
1,57734,1,13.975297286628715,10-15,10-20,60-90.1
1,57737,1,18.463160317355516,15-20,10-20,60-90.1
1,57827,1,23.497462088366838,20-25,20-30,60-90.1
1,57853,1,17.82757403747707,15-20,10-20,30-60
1,57858,1,29.725670839843605,25-30,20-30,60-90.1
1,57918,1,26.67769899861926,25-30,20-30,30-60
1,57979,1,24.5710349026906,20-25,20-30,30-60
1,58041,1,14.620644910973411,10-15,10-20,60-90.1
1,58089,1,28.76760926069126,25-30,20-30,30-60
1,58093,1,39.22925235060754,30-40,30-45,30-60
1,58127,1,22.00978591983934,20-25,20-30,60-90.1
1,58141,1,41.95062158840276,40-50,30-45,60-90.1
1,58201,1,20.170245754511313,20-25,20-30,30-60
1,58217,1,14.796627965689584,10-15,10-20,30-60
1,58222,1,45.61035640411075,40-50,45-70,60-90.1
1,58347,1,53.43497394341159,50-60,45-70,30-60
1,58360,1,15.585644026258962,15-20,10-20,60-90.1
1,58372,0,57.446347379147404,50-60,45-70,30-60
1,58387,1,55.94903608681996,50-60,45-70,30-60
1,58448,1,31.968221089092744,30-40,30-45,60-90.1
1,58457,1,18.13055754975711,15-20,10-20,60-90.1
1,58460,1,20.339882377036265,20-25,20-30,30-60
1,58495,1,34.72489150344552,30-40,30-45,60-90.1
1,58507,1,26.352621964278274,25-30,20-30,60-90.1
1,58513,1,32.005182026029516,30-40,30-45,60-90.1
1,58527,1,24.146445996007305,20-25,20-30,60-90.1
1,58532,1,28.811260591343288,25-30,20-30,60-90.1
1,58548,1,18.159878055512678,15-20,10-20,30-60
1,58563,1,29.68333266830633,25-30,20-30,30-60
1,58587,1,21.02295839690114,20-25,20-30,60-90.1
1,58622,1,52.154270662545215,50-60,45-70,30-60
1,58626,1,16.378262515709693,15-20,10-20,30-60
1,58639,1,49.222969850017904,40-50,45-70,60-90.1
1,58641,1,49.80032991921835,40-50,45-70,30-60
1,58659,1,33.31644952865871,30-40,30-45,30-60
1,58743,1,42.8915910790579,40-50,30-45,60-90.1
1,58820,1,16.966456826132376,15-20,10-20,60-90.1
1,58829,1,35.732948143222295,30-40,30-45,0-30
1,58901,1,33.18733724461366,30-40,30-45,30-60
1,58962,1,25.842739653072222,25-30,20-30,30-60
1,58995,1,30.22371080588771,30-40,30-45,60-90.1
1,59023,1,13.680296655943792,10-15,10-20,0-30
1,59051,1,12.787282595547124,10-15,10-20,30-60
1,59065,1,16.532511185617924,15-20,10-20,60-90.1
1,59079,1,14.253540287882537,10-15,10-20,60-90.1
1,59117,1,19.217822222987905,15-20,10-20,30-60
1,59181,1,22.089297511745816,20-25,20-30,60-90.1
1,59191,1,16.661401421237635,15-20,10-20,30-60
1,59221,1,23.06975932387384,20-25,20-30,60-90.1
1,59299,1,32.450631821575506,30-40,30-45,30-60
1,59308,1,15.926939214088124,15-20,10-20,30-60
1,59328,1,20.19587428756555,20-25,20-30,30-60
1,59337,1,14.122751993998284,10-15,10-20,60-90.1
1,59366,1,28.02651335319931,25-30,20-30,30-60
1,59453,1,18.0990093670426,15-20,10-20,60-90.1
1,59462,1,40.76436174040786,40-50,30-45,30-60
1,59550,1,49.266990763198685,40-50,45-70,60-90.1
1,59553,1,22.28509025921329,20-25,20-30,60-90.1
1,59558,1,25.173168481391233,25-30,20-30,30-60
1,59621,1,53.61095952523949,50-60,45-70,60-90.1
1,59676,1,23.434895855862468,20-25,20-30,60-90.1
1,59684,1,19.45118174537576,15-20,10-20,60-90.1
1,59686,1,20.87585444189914,20-25,20-30,60-90.1
1,59698,1,23.0632216216563,20-25,20-30,60-90.1
1,59701,1,25.515321394476516,25-30,20-30,60-90.1
1,59704,1,27.757692444757602,25-30,20-30,60-90.1
1,59725,1,33.93269148989893,30-40,30-45,60-90.1
1,59740,1,37.54517864058321,30-40,30-45,60-90.1
1,59804,1,20.92164867372356,20-25,20-30,30-60
1,59838,1,16.67907023296398,15-20,10-20,0-30
1,59867,1,25.19048296350553,25-30,20-30,60-90.1
1,59892,0,50.37078456883034,50-60,45-70,30-60
1,59902,1,50.18246366956681,50-60,45-70,30-60
1,59910,1,32.04456988781454,30-40,30-45,0-30
1,59977,1,30.17581706281185,30-40,30-45,60-90.1
1,60007,1,41.67270256505055,40-50,30-45,30-60
1,60018,1,38.0564410731943,30-40,30-45,0-30
1,60035,1,24.31992144707997,20-25,20-30,60-90.1
1,60045,1,37.781802005290096,30-40,30-45,0-30
1,60085,1,37.1137844534517,30-40,30-45,0-30
1,60155,1,33.71034787830582,30-40,30-45,0-30
1,60192,1,32.8805390396578,30-40,30-45,30-60
1,60232,1,28.26846356280044,25-30,20-30,60-90.1
1,60259,1,22.30704422555524,20-25,20-30,60-90.1
1,60421,1,22.807731279821176,20-25,20-30,60-90.1
1,60469,1,25.310312691099217,25-30,20-30,30-60
1,60476,1,20.032427356874553,20-25,20-30,60-90.1
1,60517,1,28.528674500012496,25-30,20-30,30-60
1,60623,1,25.49585530158196,25-30,20-30,30-60
1,60690,1,12.94631369330886,10-15,10-20,60-90.1
1,60743,1,44.90684096151476,40-50,30-45,60-90.1
1,60749,1,46.75665566291256,40-50,45-70,60-90.1
1,60768,1,15.384532315085977,15-20,10-20,60-90.1
1,60811,1,51.66424327134819,50-60,45-70,30-60
1,60814,1,53.19421904150792,50-60,45-70,60-90.1
1,60820,1,51.30643169085904,50-60,45-70,60-90.1
1,60828,1,24.92123612007032,20-25,20-30,30-60
1,60881,1,20.792498201655345,20-25,20-30,60-90.1
1,60895,1,37.056404320675455,30-40,30-45,60-90.1
1,60913,0,58.18626701173013,50-60,45-70,60-90.1
1,60961,0,55.925809587106805,50-60,45-70,60-90.1
1,60980,1,16.65944160477212,15-20,10-20,0-30
1,60983,1,18.894815972270255,15-20,10-20,0-30
1,61005,1,35.132831196226974,30-40,30-45,60-90.1
1,61007,0,53.347035359135745,50-60,45-70,60-90.1
1,61024,1,29.34516424640095,25-30,20-30,60-90.1
1,61027,1,31.553356294369227,30-40,30-45,60-90.1
1,61046,0,51.31382150003047,50-60,45-70,60-90.1
1,61061,1,28.500201043690534,25-30,20-30,60-90.1
1,61126,1,48.906272865369274,40-50,45-70,30-60
1,61154,1,47.08173234441748,40-50,45-70,30-60
1,61182,1,45.959437739794915,40-50,45-70,60-90.1
1,61185,1,47.684380822032516,40-50,45-70,30-60
1,61194,1,43.65753613163724,40-50,30-45,60-90.1
1,61208,1,41.07095992530856,40-50,30-45,30-60
1,61345,1,20.914577729105936,20-25,20-30,60-90.1
1,61368,1,29.715130569102616,25-30,20-30,60-90.1
1,61374,1,33.01153297163379,30-40,30-45,0-30
1,61570,1,15.940100724990144,15-20,10-20,60-90.1
1,61592,1,15.328300785593614,15-20,10-20,30-60
1,61625,1,20.900959327080862,20-25,20-30,60-90.1
1,61647,1,12.917877060724066,10-15,10-20,0-30
1,61658,1,19.9917377606901,15-20,10-20,60-90.1
1,61713,1,26.82563145724144,25-30,20-30,60-90.1
1,61809,1,16.20626400355066,15-20,10-20,60-90.1
1,61869,1,39.313851042834195,30-40,30-45,30-60
1,61882,1,37.679088764076155,30-40,30-45,30-60
1,61919,1,27.86938905701677,25-30,20-30,30-60
1,61926,1,41.61919482412256,40-50,30-45,60-90.1
1,61933,1,15.20711583465627,15-20,10-20,60-90.1
1,61960,1,21.67917877464802,20-25,20-30,60-90.1
1,62022,1,50.500113911864894,50-60,45-70,30-60
1,62026,1,15.03204336575877,15-20,10-20,60-90.1
1,62046,1,20.337610049328887,20-25,20-30,60-90.1
1,62079,1,18.20580429747109,15-20,10-20,60-90.1
1,62086,1,56.048377247710484,50-60,45-70,30-60
1,62091,0,57.73397337778433,50-60,45-70,30-60
1,62140,1,40.25200395453438,40-50,30-45,60-90.1
1,62149,1,30.388294598200922,30-40,30-45,60-90.1
1,62190,1,16.423386344499576,15-20,10-20,30-60
1,62210,1,37.584222709166454,30-40,30-45,60-90.1
1,62247,1,22.556676206006816,20-25,20-30,60-90.1
1,62251,1,25.84655199237371,25-30,20-30,60-90.1
1,62267,1,19.997765313312467,15-20,10-20,30-60
1,62286,1,20.022954177404003,20-25,20-30,60-90.1
1,62325,1,49.73020890029352,40-50,45-70,30-60
1,62347,1,47.71770080954052,40-50,45-70,30-60
1,62357,1,30.371385894884966,30-40,30-45,30-60
1,62381,1,46.262290352728456,40-50,45-70,60-90.1
1,62511,1,38.23959802228608,30-40,30-45,0-30
1,62524,1,36.03273987017371,30-40,30-45,60-90.1
1,62543,1,37.79276221216178,30-40,30-45,60-90.1
1,62562,1,35.96303626386888,30-40,30-45,0-30
1,62619,1,15.662410879487664,15-20,10-20,60-90.1
1,62664,1,22.409846487664232,20-25,20-30,60-90.1
1,62669,1,29.788126094619795,25-30,20-30,60-90.1
1,62701,1,28.38589696641264,25-30,20-30,60-90.1
1,62755,1,22.729385849786713,20-25,20-30,30-60
1,62783,1,13.41617822857374,10-15,10-20,30-60
1,62813,1,18.657381187789763,15-20,10-20,60-90.1
1,62998,1,26.398042785873628,25-30,20-30,30-60
1,63026,1,20.42764515281671,20-25,20-30,60-90.1
1,63044,1,32.74778441441865,30-40,30-45,60-90.1
1,63130,1,25.473395161836915,25-30,20-30,60-90.1
1,63154,1,41.07970759240655,40-50,30-45,0-30
1,63175,1,18.306000687364733,15-20,10-20,60-90.1
1,63197,1,14.2676846686018,10-15,10-20,0-30
1,63205,1,21.995194853963177,20-25,20-30,60-90.1
1,63216,1,18.243751741916,15-20,10-20,30-60
1,63227,1,47.7438249086873,40-50,45-70,60-90.1
1,63236,1,21.183782449369627,20-25,20-30,60-90.1
1,63272,1,24.301202618703535,20-25,20-30,60-90.1
1,63294,1,49.718907163304266,40-50,45-70,30-60
1,63305,1,52.24901046099949,50-60,45-70,30-60
1,63324,1,23.61995594078411,20-25,20-30,30-60
1,63327,1,54.11180642863848,50-60,45-70,30-60
1,63374,1,16.4450465176894,15-20,10-20,60-90.1
1,63409,1,33.095982652737035,30-40,30-45,60-90.1
1,63413,1,35.37202413542934,30-40,30-45,60-90.1
1,63433,1,25.683554237679406,25-30,20-30,60-90.1
1,63455,1,28.883539153794878,25-30,20-30,60-90.1
1,63460,1,40.35493610452422,40-50,30-45,60-90.1
1,63567,1,23.928788114287734,20-25,20-30,60-90.1
1,63581,1,49.25168751816269,40-50,45-70,0-30
1,63599,1,27.57514915673028,25-30,20-30,30-60
1,63608,1,46.227956479827185,40-50,45-70,30-60
1,63633,1,44.2963700972437,40-50,30-45,60-90.1
1,63641,1,18.29832330188236,15-20,10-20,60-90.1
1,63673,1,43.80574123004537,40-50,30-45,60-90.1
1,63699,1,29.06044692690402,25-30,20-30,60-90.1
1,63718,1,16.089177509635245,15-20,10-20,60-90.1
1,63774,1,19.362962823671555,15-20,10-20,60-90.1
1,63804,1,39.52721861851853,30-40,30-45,60-90.1
1,63870,1,31.65516958546147,30-40,30-45,0-30
1,63935,1,30.55796542108916,30-40,30-45,30-60
1,63945,1,25.938787436337353,25-30,20-30,30-60
1,64031,1,25.80172470265669,25-30,20-30,30-60
1,64032,1,19.286307871783713,15-20,10-20,0-30
1,64055,1,14.0146332995382,10-15,10-20,60-90.1
1,64080,1,16.79356591039968,15-20,10-20,60-90.1
1,64106,1,19.533515186404212,15-20,10-20,60-90.1
1,64114,1,17.236854819782067,15-20,10-20,60-90.1
1,64165,1,17.45960836165395,15-20,10-20,60-90.1
1,64201,1,14.412318142740444,10-15,10-20,30-60
1,64225,1,28.257145319931862,25-30,20-30,60-90.1
1,64290,1,26.460995024221713,25-30,20-30,60-90.1
1,64391,1,37.03728851720289,30-40,30-45,60-90.1
1,64405,1,23.15529980973362,20-25,20-30,60-90.1
1,64416,1,16.27179219286919,15-20,10-20,60-90.1
1,64440,1,20.274929019153706,20-25,20-30,30-60
1,64473,1,40.845660681795344,40-50,30-45,0-30
1,64485,1,24.677097829534198,20-25,20-30,60-90.1
1,64632,1,20.140927695444812,20-25,20-30,60-90.1
1,64652,1,23.423467875937305,20-25,20-30,60-90.1
1,64662,1,18.758397727479707,15-20,10-20,30-60
1,64711,1,20.917917261664133,20-25,20-30,30-60
1,64720,1,15.742885106059589,15-20,10-20,60-90.1
1,64743,1,18.67767772569473,15-20,10-20,60-90.1
1,64792,1,23.780149509333864,20-25,20-30,30-60
1,64861,1,31.614198004989657,30-40,30-45,60-90.1
1,64874,0,52.21873123930528,50-60,45-70,60-90.1
1,64887,1,17.300930926198813,15-20,10-20,30-60
1,64902,0,50.47003043690822,50-60,45-70,60-90.1
1,64920,1,30.95864253429515,30-40,30-45,60-90.1
1,64935,1,28.095550522404206,25-30,20-30,60-90.1
1,64952,0,47.8713833895766,40-50,45-70,60-90.1
1,64987,1,47.00631990930562,40-50,45-70,30-60
1,65029,1,32.664902501189786,30-40,30-45,60-90.1
1,65038,1,21.574464186737785,20-25,20-30,60-90.1
1,65043,1,25.39152383548189,25-30,20-30,60-90.1
1,65059,1,43.988553814170864,40-50,30-45,30-60
1,65112,1,35.64714316029976,30-40,30-45,30-60
1,65113,1,42.33918420819919,40-50,30-45,60-90.1
1,65131,1,40.47085575375994,40-50,30-45,60-90.1
1,65139,1,40.994700300312594,40-50,30-45,30-60
1,65153,1,31.748069726859285,30-40,30-45,60-90.1
1,65258,1,31.385601909502217,30-40,30-45,0-30
1,65363,1,28.190646964118134,25-30,20-30,60-90.1
1,65419,1,26.556999792937937,25-30,20-30,60-90.1
1,65491,1,14.205905706650437,10-15,10-20,60-90.1
1,65516,1,21.700004320463236,20-25,20-30,60-90.1
1,65559,1,14.83349590370246,10-15,10-20,60-90.1
1,65567,1,24.59430956846839,20-25,20-30,60-90.1
1,65612,1,24.315425003425847,20-25,20-30,30-60
1,65641,1,30.267627761266414,30-40,30-45,60-90.1
1,65649,1,22.91315631944794,20-25,20-30,60-90.1
1,65716,1,14.552541781903031,10-15,10-20,30-60
1,65770,1,35.44295740415253,30-40,30-45,0-30
1,65784,1,19.151858889931884,15-20,10-20,60-90.1
1,65790,1,24.266193624444142,20-25,20-30,60-90.1
1,65836,1,16.825159798647064,15-20,10-20,30-60
1,65878,1,36.68267468926126,30-40,30-45,60-90.1
1,65963,1,27.821810992463625,25-30,20-30,60-90.1
1,66005,1,14.497082695202508,10-15,10-20,30-60
1,66034,1,25.277382921662504,25-30,20-30,30-60
1,66043,1,48.17956359369954,40-50,45-70,60-90.1
1,66056,1,16.738368222244095,15-20,10-20,30-60
1,66079,1,50.64813962366043,50-60,45-70,60-90.1
1,66083,1,14.154749422378838,10-15,10-20,60-90.1
1,66096,1,50.474198958714304,50-60,45-70,30-60
1,66126,1,51.62191307903293,50-60,45-70,30-60
1,66154,1,54.84521547905846,50-60,45-70,30-60
1,66163,1,25.365450953162906,25-30,20-30,60-90.1
1,66190,1,38.43447441086386,30-40,30-45,60-90.1
1,66207,1,36.65369816707069,30-40,30-45,0-30
1,66212,1,42.456227637185684,40-50,30-45,30-60
1,66222,1,21.612155338385676,20-25,20-30,30-60
1,66225,1,28.678411708169712,25-30,20-30,60-90.1
1,66233,0,57.14394776377821,50-60,45-70,60-90.1
1,66237,1,26.235199315494302,25-30,20-30,30-60
1,66274,1,31.561595184134706,30-40,30-45,60-90.1
1,66288,1,29.0990913135418,25-30,20-30,60-90.1
1,66297,1,43.92724870488378,40-50,30-45,60-90.1
1,66299,0,54.3915417790718,50-60,45-70,60-90.1
1,66302,1,26.375359432727137,25-30,20-30,30-60
1,66377,1,33.867420868232614,30-40,30-45,60-90.1
1,66402,1,25.206490794020894,25-30,20-30,60-90.1
1,66418,1,21.496718471555116,20-25,20-30,60-90.1
1,66471,1,47.58227516702717,40-50,45-70,30-60
1,66474,1,49.04998947711614,40-50,45-70,30-60
1,66510,1,44.77256861783691,40-50,30-45,30-60
1,66525,0,40.96099000820577,40-50,30-45,0-30
1,66616,1,34.779592481664615,30-40,30-45,30-60
1,66678,1,25.381047981479593,25-30,20-30,60-90.1
1,66704,1,15.714683147274249,15-20,10-20,60-90.1
1,66733,1,30.508836552690695,30-40,30-45,30-60
1,66749,1,29.454519031862908,25-30,20-30,30-60
1,66785,1,28.645548358958216,25-30,20-30,0-30
1,66860,1,22.209983339499413,20-25,20-30,30-60
1,66944,1,12.00283110931529,10-15,10-20,60-90.1
1,66973,1,20.699200780032424,20-25,20-30,60-90.1
1,67070,1,20.125669189323364,20-25,20-30,60-90.1
1,67083,1,12.85822410217041,10-15,10-20,30-60
1,67087,1,17.82825382988798,15-20,10-20,60-90.1
1,67116,1,29.576589364158313,25-30,20-30,30-60
1,67187,1,33.269407164219984,30-40,30-45,30-60
1,67206,1,34.61551916440484,30-40,30-45,0-30
1,67267,1,27.552961679982413,25-30,20-30,30-60
1,67275,1,39.92825385863924,30-40,30-45,60-90.1
1,67291,1,39.06683390678342,30-40,30-45,60-90.1
1,67326,1,29.69401195332483,25-30,20-30,60-90.1
1,67347,1,42.9919649605749,40-50,30-45,60-90.1
1,67373,1,44.37505816795119,40-50,30-45,60-90.1
1,67381,1,26.244161245013952,25-30,20-30,60-90.1
1,67385,1,29.285882128872444,25-30,20-30,30-60
1,67412,1,13.916002478513601,10-15,10-20,30-60
1,67487,1,17.293113159728144,15-20,10-20,30-60
1,67492,1,27.1261331272999,25-30,20-30,30-60
1,67501,1,22.175200396724307,20-25,20-30,30-60
1,67505,1,53.99416758703189,50-60,45-70,30-60
1,67534,0,57.70307533254088,50-60,45-70,60-90.1
1,67538,1,19.440805646387684,15-20,10-20,30-60
1,67671,1,34.89733987404875,30-40,30-45,60-90.1
1,67723,1,36.494379730206326,30-40,30-45,60-90.1
1,67791,1,18.47352307846324,15-20,10-20,60-90.1
1,67830,0,45.373636450371635,40-50,45-70,30-60
1,67858,0,41.816252443663004,40-50,30-45,60-90.1
1,67872,1,17.497137216421166,15-20,10-20,60-90.1
1,67875,1,20.781819282839802,20-25,20-30,60-90.1
1,67878,1,31.36639944764489,30-40,30-45,60-90.1
1,67894,0,44.71419733924937,40-50,30-45,60-90.1
1,67918,1,42.12808560400109,40-50,30-45,30-60
1,67941,0,42.114670814865256,40-50,30-45,30-60
1,67968,1,19.493972068260483,15-20,10-20,60-90.1
1,67994,1,23.446341328828414,20-25,20-30,60-90.1
1,68031,1,37.240137306072064,30-40,30-45,30-60
1,68063,1,33.98255570089422,30-40,30-45,30-60
1,68067,1,35.26607650403757,30-40,30-45,30-60
1,68085,1,35.18451521987453,30-40,30-45,30-60
1,68114,1,20.176783087772492,20-25,20-30,60-90.1
1,68128,1,28.063802453641518,25-30,20-30,60-90.1
1,68184,1,18.14436218694683,15-20,10-20,60-90.1
1,68247,1,18.84326292881129,15-20,10-20,60-90.1
1,68294,1,24.20136925786651,20-25,20-30,0-30
1,68317,1,13.333530626552022,10-15,10-20,30-60
1,68338,1,18.15724271673118,15-20,10-20,60-90.1
1,68366,1,18.644471807971417,15-20,10-20,60-90.1
1,68391,1,23.95401562156442,20-25,20-30,60-90.1
1,68400,1,21.906152047246064,20-25,20-30,60-90.1
1,68470,1,30.508725066327184,30-40,30-45,0-30
1,68512,1,21.813204906904254,20-25,20-30,60-90.1
1,68537,1,12.448596719079267,10-15,10-20,30-60
1,68581,1,13.845781185235117,10-15,10-20,60-90.1
1,68612,1,14.355134805231245,10-15,10-20,60-90.1
1,68632,1,18.68855166885414,15-20,10-20,60-90.1
1,68664,1,22.54050108081686,20-25,20-30,60-90.1
1,68757,1,49.07896699480366,40-50,45-70,60-90.1
1,68779,1,19.81267588817675,15-20,10-20,30-60
1,68801,0,55.71861343387512,50-60,45-70,0-30
1,68850,1,39.22607995550559,30-40,30-45,60-90.1
1,68862,1,26.966257251984242,25-30,20-30,30-60
1,68878,1,31.871730749360243,30-40,30-45,0-30
1,68927,1,23.091718065135066,20-25,20-30,30-60
1,68949,1,20.32289727138276,20-25,20-30,30-60
1,68962,1,23.18708512123994,20-25,20-30,30-60
1,68980,1,42.51602340552226,40-50,30-45,0-30
1,68982,0,54.62373536699057,50-60,45-70,0-30
1,69006,1,39.559873618225325,30-40,30-45,30-60
1,69031,0,52.636239200806216,50-60,45-70,60-90.1
1,69074,0,47.91142835303274,40-50,45-70,30-60
1,69079,0,48.70093478198618,40-50,45-70,30-60
1,69090,0,46.40217904610571,40-50,45-70,30-60
1,69096,1,23.875578671978314,20-25,20-30,60-90.1
1,69117,1,35.895017911902514,30-40,30-45,30-60
1,69147,0,42.35381999480501,40-50,30-45,60-90.1
1,69173,0,42.764274174958345,40-50,30-45,30-60
1,69200,1,27.694745749412522,25-30,20-30,60-90.1
1,69201,1,35.90740885604704,30-40,30-45,30-60
1,69205,0,40.1474463731117,40-50,30-45,30-60
1,69258,0,34.412396054667035,30-40,30-45,60-90.1
1,69321,1,32.641986396607415,30-40,30-45,60-90.1
1,69324,1,34.683676765881415,30-40,30-45,30-60
1,69326,1,36.22593820144334,30-40,30-45,60-90.1
1,69447,1,14.97683330081954,10-15,10-20,60-90.1
1,69457,1,26.11163427463521,25-30,20-30,60-90.1
1,69467,1,25.811288539175987,25-30,20-30,30-60
1,69481,1,23.905871133981677,20-25,20-30,30-60
1,69516,1,15.240994949130101,15-20,10-20,60-90.1
1,69596,1,25.753157644678794,25-30,20-30,30-60
1,69600,1,16.78134971263363,15-20,10-20,60-90.1
1,69672,1,25.826225122110937,25-30,20-30,60-90.1
1,69699,1,28.255238938329224,25-30,20-30,30-60
1,69719,1,24.795966433079137,20-25,20-30,30-60
1,69729,1,37.263251681721215,30-40,30-45,60-90.1
1,69741,1,37.237586908944415,30-40,30-45,60-90.1
1,69830,1,22.145966941380998,20-25,20-30,60-90.1
1,69838,1,29.861219764903645,25-30,20-30,30-60
1,69899,1,48.35872186959408,40-50,45-70,60-90.1
1,69907,1,47.98724027190659,40-50,45-70,30-60
1,69917,1,25.65391657812031,25-30,20-30,0-30
1,69936,1,50.199675722667436,50-60,45-70,60-90.1
1,69940,1,17.222909967566743,15-20,10-20,30-60
1,69960,1,51.96850426174437,50-60,45-70,30-60
1,70010,1,35.731884817723994,30-40,30-45,60-90.1
1,70017,1,17.700096196709584,15-20,10-20,30-60
1,70030,1,29.95722702659707,25-30,20-30,60-90.1
1,70046,1,20.52408923355173,20-25,20-30,30-60
1,70096,1,17.145797925541004,15-20,10-20,30-60
1,70119,1,33.28351392592231,30-40,30-45,30-60
1,70121,1,34.94486419782577,30-40,30-45,0-30
1,70122,1,45.298868449288356,40-50,45-70,0-30
1,70143,0,54.32148746907659,50-60,45-70,30-60
1,70182,1,45.711141435137776,40-50,45-70,30-60
1,70188,0,52.52515817528589,50-60,45-70,60-90.1
1,70221,0,50.34453452671931,50-60,45-70,60-90.1
1,70238,1,31.889712613308674,30-40,30-45,60-90.1
1,70264,0,48.077191182455294,40-50,45-70,30-60
1,70270,0,49.17689247967112,40-50,45-70,0-30
1,70279,1,29.42710925966872,25-30,20-30,60-90.1
1,70292,1,26.94353069392351,25-30,20-30,60-90.1
1,70337,0,44.197408283018405,40-50,30-45,60-90.1
1,70342,1,25.220263290071472,25-30,20-30,60-90.1
1,70379,0,37.12100587604726,30-40,30-45,60-90.1
1,70384,1,40.014663936883615,40-50,30-45,60-90.1
1,70427,1,37.64123104924268,30-40,30-45,60-90.1
1,70553,1,13.576203388421929,10-15,10-20,30-60
1,70557,1,27.935465457927002,25-30,20-30,30-60
1,70560,1,28.60402234785244,25-30,20-30,0-30
1,70604,1,24.77548391442882,20-25,20-30,60-90.1
1,70612,1,27.916117902359044,25-30,20-30,60-90.1
1,70722,1,15.723367720697077,15-20,10-20,60-90.1
1,70723,1,18.5258718118712,15-20,10-20,30-60
1,70775,1,16.193376455642404,15-20,10-20,30-60
1,70832,1,13.804789939750934,10-15,10-20,60-90.1
1,70855,1,27.42612000020063,25-30,20-30,0-30
1,70921,1,27.195136449955466,25-30,20-30,30-60
1,70924,1,31.49940512780052,30-40,30-45,30-60
1,70940,1,20.16762327808321,20-25,20-30,60-90.1
1,71026,1,21.795086496761865,20-25,20-30,60-90.1
1,71065,1,39.805524611358834,30-40,30-45,60-90.1
1,71078,1,25.770329493002,25-30,20-30,60-90.1
1,71081,1,27.490639879573486,25-30,20-30,30-60
1,71140,1,28.432177418585447,25-30,20-30,30-60
1,71154,1,45.32469070406562,40-50,45-70,60-90.1
1,71256,1,16.007242083655342,15-20,10-20,30-60
1,71259,1,26.636417122539367,25-30,20-30,0-30
1,71265,1,53.95610830737565,50-60,45-70,30-60
1,71281,1,27.943314912998765,25-30,20-30,30-60
1,71302,0,57.5911867540148,50-60,45-70,60-90.1
1,71355,1,23.83503916294551,20-25,20-30,60-90.1
1,71361,1,34.45257781425663,30-40,30-45,0-30
1,71363,1,43.026645543783516,40-50,30-45,30-60
1,71380,0,56.22589863246925,50-60,45-70,60-90.1
1,71395,0,55.910613868227564,50-60,45-70,60-90.1
1,71405,1,20.046576758152906,20-25,20-30,30-60
1,71442,0,55.273401736857245,50-60,45-70,30-60
1,71507,1,34.5487391991795,30-40,30-45,60-90.1
1,71554,0,46.79929723612284,40-50,45-70,60-90.1
1,71594,1,28.527914107342678,25-30,20-30,60-90.1
1,71669,0,37.86559662248527,30-40,30-45,60-90.1
1,71688,1,16.213319283594014,15-20,10-20,60-90.1
1,71733,1,36.81218962811817,30-40,30-45,0-30
1,71757,1,29.523901321175416,25-30,20-30,60-90.1
1,71821,1,28.97681302520802,25-30,20-30,30-60
1,71917,1,24.586178917539918,20-25,20-30,60-90.1
1,71980,1,22.24797824169054,20-25,20-30,60-90.1
1,72058,1,20.835011255031063,20-25,20-30,60-90.1
1,72073,1,17.949921463155565,15-20,10-20,60-90.1
1,72102,1,13.5590769932205,10-15,10-20,60-90.1
1,72179,1,17.707390986181093,15-20,10-20,30-60
1,72196,1,23.11113454303628,20-25,20-30,60-90.1
1,72226,1,14.38664871054897,10-15,10-20,60-90.1
1,72266,1,18.684781601277358,15-20,10-20,60-90.1
1,72295,1,23.21560060333651,20-25,20-30,60-90.1
1,72297,1,35.786178704488556,30-40,30-45,60-90.1
1,72363,1,18.278966175385605,15-20,10-20,60-90.1
1,72385,1,42.1270839323586,40-50,30-45,60-90.1
1,72464,1,24.667627503563637,20-25,20-30,30-60
1,72469,1,48.32155928375462,40-50,45-70,60-90.1
1,72486,1,48.863475527174835,40-50,45-70,60-90.1
1,72549,0,55.700754027004635,50-60,45-70,60-90.1
1,72580,1,18.53133705181795,15-20,10-20,30-60
1,72587,1,39.75140663708231,30-40,30-45,60-90.1
1,72649,1,30.593343174788803,30-40,30-45,30-60
1,72650,1,33.80676932667717,30-40,30-45,30-60
1,72729,0,50.96968859742178,50-60,45-70,60-90.1
1,72751,1,38.0634102352394,30-40,30-45,30-60
1,72785,1,21.194373925383776,20-25,20-30,60-90.1
1,72791,1,32.436538101528924,30-40,30-45,60-90.1
1,72843,1,18.382639910637042,15-20,10-20,60-90.1
1,72901,0,38.26002260890899,30-40,30-45,30-60
1,72911,1,20.856815671327237,20-25,20-30,60-90.1
1,72935,0,32.39815869934405,30-40,30-45,30-60
1,72996,1,32.592505922333714,30-40,30-45,30-60
1,72999,1,33.500184201329034,30-40,30-45,30-60
1,73111,1,26.621672221198786,25-30,20-30,30-60
1,73124,1,20.442398142689036,20-25,20-30,0-30
1,73158,1,24.967123277589415,20-25,20-30,30-60
1,73178,1,19.199407125529625,15-20,10-20,60-90.1
1,73179,1,21.873493987603595,20-25,20-30,60-90.1
1,73211,1,18.312350932916612,15-20,10-20,30-60
1,73326,1,20.36262404460273,20-25,20-30,60-90.1
1,73361,1,26.630815871011052,25-30,20-30,30-60
1,73418,1,29.695441705738933,25-30,20-30,0-30
1,73429,1,14.221641953874293,10-15,10-20,60-90.1
1,73435,1,24.923076378406257,20-25,20-30,60-90.1
1,73447,1,13.026483779297223,10-15,10-20,60-90.1
1,73455,1,29.84506962320204,25-30,20-30,30-60
1,73484,1,16.760240813419646,15-20,10-20,30-60
1,73554,1,33.619745913034954,30-40,30-45,60-90.1
1,73560,1,16.785559930763238,15-20,10-20,30-60
1,73626,1,24.15031107401989,20-25,20-30,60-90.1
1,73657,1,21.98330312561457,20-25,20-30,60-90.1
1,73661,1,27.825909229556732,25-30,20-30,60-90.1
1,73666,1,45.616102722047934,40-50,45-70,0-30
1,73676,1,29.620949046198206,25-30,20-30,30-60
1,73692,1,47.01350089844682,40-50,45-70,60-90.1
1,73699,1,20.87522616043656,20-25,20-30,60-90.1
1,73727,1,24.176519974318357,20-25,20-30,30-60
1,73742,1,52.008369782275906,50-60,45-70,30-60
1,73810,1,34.15895488075704,30-40,30-45,30-60
1,73825,1,29.9250863980213,25-30,20-30,30-60
1,73831,0,56.605396078180235,50-60,45-70,30-60
1,73863,1,17.080279897562626,15-20,10-20,30-60
1,73919,1,39.04365067971599,30-40,30-45,30-60
1,73923,0,53.060072117100525,50-60,45-70,60-90.1
1,73935,1,41.98227000018405,40-50,30-45,30-60
1,73952,1,28.05080563437113,25-30,20-30,60-90.1
1,73994,0,48.43101855865298,40-50,45-70,60-90.1
1,73995,1,25.832196136490637,25-30,20-30,30-60
1,74014,1,23.43697382415167,20-25,20-30,60-90.1
1,74023,1,17.029666628296745,15-20,10-20,60-90.1
1,74070,1,37.83398257973092,30-40,30-45,0-30
1,74101,0,41.17279007642081,40-50,30-45,30-60
1,74189,1,35.425830596571295,30-40,30-45,60-90.1
1,74206,1,34.81259909389507,30-40,30-45,30-60
1,74232,1,31.242151288100896,30-40,30-45,60-90.1
1,74260,1,30.257878580730114,30-40,30-45,30-60
1,74278,1,23.345399679614747,20-25,20-30,60-90.1
1,74287,1,18.109783401833088,15-20,10-20,60-90.1
1,74343,1,17.86998513598757,15-20,10-20,60-90.1
1,74350,1,25.65659003341564,25-30,20-30,0-30
1,74415,1,23.203754384392433,20-25,20-30,30-60
1,74454,1,20.75858619226982,20-25,20-30,60-90.1
1,74507,1,20.941805560940214,20-25,20-30,60-90.1
1,74514,1,19.854784443597584,15-20,10-20,0-30
1,74543,1,22.80055024635718,20-25,20-30,30-60
1,74585,1,21.49711680509355,20-25,20-30,60-90.1
1,74601,1,18.543495847644543,15-20,10-20,60-90.1
1,74608,1,25.536973509826776,25-30,20-30,30-60
1,74635,1,21.838048418924938,20-25,20-30,60-90.1
1,74661,1,20.062373563542177,20-25,20-30,60-90.1
1,74698,1,31.87316097835885,30-40,30-45,60-90.1
1,74807,1,39.06276866084405,30-40,30-45,30-60
1,74814,1,15.699122040762234,15-20,10-20,30-60
1,74851,1,18.466969310689237,15-20,10-20,30-60
1,74875,1,45.35421246307002,40-50,45-70,60-90.1
1,74924,1,47.92834951704649,40-50,45-70,30-60
1,74957,1,49.30748728990953,40-50,45-70,30-60
1,74986,0,53.602559388810626,50-60,45-70,60-90.1
1,75007,1,16.48298095979174,15-20,10-20,30-60
1,75025,1,36.997902722297646,30-40,30-45,60-90.1
1,75052,1,42.35109696533258,40-50,30-45,30-60
1,75092,1,32.37123333347002,30-40,30-45,30-60
1,75103,1,45.41836537877614,40-50,45-70,0-30
1,75144,0,54.62551168143783,50-60,45-70,30-60
1,75148,1,31.555678698881167,30-40,30-45,60-90.1
1,75155,1,45.629349116460446,40-50,45-70,0-30
1,75214,1,45.10786156661929,40-50,45-70,30-60
1,75246,1,22.062140629457566,20-25,20-30,60-90.1
1,75253,1,32.318981389742305,30-40,30-45,60-90.1
1,75284,1,19.509488263090585,15-20,10-20,60-90.1
1,75330,1,26.166432062798105,25-30,20-30,60-90.1
1,75342,0,43.03238876146452,40-50,30-45,30-60
1,75362,1,22.23662775011102,20-25,20-30,60-90.1
1,75390,1,18.739691529590676,15-20,10-20,60-90.1
1,75399,1,34.09961356560815,30-40,30-45,60-90.1
1,75403,0,34.663437065283595,30-40,30-45,60-90.1
1,75432,1,28.623739815194988,25-30,20-30,60-90.1
1,75440,0,34.11206345854078,30-40,30-45,60-90.1
1,75476,0,32.120227413424615,30-40,30-45,60-90.1
1,75561,1,29.047249746525356,25-30,20-30,30-60
1,75601,1,26.029841786056696,25-30,20-30,60-90.1
1,75627,1,24.98924184311378,20-25,20-30,0-30
1,75761,1,20.333269573120607,20-25,20-30,30-60
1,75779,1,20.145052545196748,20-25,20-30,60-90.1
1,75794,1,15.70147421953751,15-20,10-20,0-30
1,75878,1,16.844770915117845,15-20,10-20,60-90.1
1,75950,1,20.783688337120353,20-25,20-30,60-90.1
1,75987,1,34.67103153356423,30-40,30-45,60-90.1
1,75995,1,23.934493275114953,20-25,20-30,60-90.1
1,76006,1,34.522787977526306,30-40,30-45,60-90.1
1,76028,1,29.70294353815955,25-30,20-30,30-60
1,76049,1,29.373012684984246,25-30,20-30,60-90.1
1,76077,1,36.58706820765179,30-40,30-45,60-90.1
1,76096,1,15.156701984735252,15-20,10-20,30-60
1,76119,1,40.342881900491356,40-50,30-45,0-30
1,76121,1,40.475773666524844,40-50,30-45,30-60
1,76137,1,13.327821559002297,10-15,10-20,60-90.1
1,76148,1,42.469054953747424,40-50,30-45,60-90.1
1,76186,1,15.847074644389988,15-20,10-20,60-90.1
1,76194,1,23.19748323329013,20-25,20-30,60-90.1
1,76223,1,13.66734086173157,10-15,10-20,30-60
1,76256,1,19.042031236366395,15-20,10-20,60-90.1
1,76296,0,51.24363764292592,50-60,45-70,30-60
1,76320,1,22.680277688483645,20-25,20-30,60-90.1
1,76335,1,29.500356619940362,25-30,20-30,0-30
1,76336,0,57.317642866813785,50-60,45-70,60-90.1
1,76408,1,28.052726586229195,25-30,20-30,30-60
1,76565,1,41.25254513305032,40-50,30-45,60-90.1
1,76596,1,30.107030989614742,30-40,30-45,60-90.1
1,76679,0,34.55367408752649,30-40,30-45,30-60
1,76772,0,30.411351937721033,30-40,30-45,30-60
1,76877,1,15.67232562191994,15-20,10-20,60-90.1
1,76902,1,25.939920731596125,25-30,20-30,0-30
1,76941,1,22.635314832440468,20-25,20-30,60-90.1
1,76973,1,15.432607195161594,15-20,10-20,60-90.1
1,76997,1,20.890282256967367,20-25,20-30,60-90.1
1,77028,1,15.285409125299891,15-20,10-20,30-60
1,77057,1,23.037360089022815,20-25,20-30,60-90.1
1,77167,1,15.306833708769847,15-20,10-20,60-90.1
1,77231,1,18.954389926318914,15-20,10-20,60-90.1
1,77235,1,33.08185380467721,30-40,30-45,60-90.1
1,77271,1,26.386840797222614,25-30,20-30,60-90.1
1,77303,1,24.51368874830417,20-25,20-30,60-90.1
1,77351,1,20.33239010402331,20-25,20-30,30-60
1,77393,1,27.22788287431706,25-30,20-30,60-90.1
1,77421,1,46.085753090257214,40-50,45-70,30-60
1,77447,1,27.792904494601327,25-30,20-30,60-90.1
1,77451,1,46.691297339565814,40-50,45-70,60-90.1
1,77463,1,16.328202766266557,15-20,10-20,60-90.1
1,77489,1,19.54173833093116,15-20,10-20,30-60
1,77508,1,26.76200163378229,25-30,20-30,60-90.1
1,77530,1,38.36124255336834,30-40,30-45,30-60
1,77539,1,27.589270154981197,25-30,20-30,60-90.1
1,77561,1,35.71600403610845,30-40,30-45,60-90.1
1,77584,1,25.400010557395333,25-30,20-30,60-90.1
1,77619,1,29.62307734660716,25-30,20-30,0-30
1,77637,1,26.438727412744367,25-30,20-30,60-90.1
1,77669,1,36.42655361082292,30-40,30-45,60-90.1
1,77685,1,24.63747681685481,20-25,20-30,60-90.1
1,77698,1,18.820191003933065,15-20,10-20,60-90.1
1,77739,1,34.713637018718444,30-40,30-45,60-90.1
1,77778,1,24.121854457546704,20-25,20-30,60-90.1
1,77784,0,45.80024361544279,40-50,45-70,30-60
1,77805,1,20.00303582116213,20-25,20-30,60-90.1
1,77821,1,34.746049958417906,30-40,30-45,60-90.1
1,77871,0,39.954174831548556,30-40,30-45,60-90.1
1,77881,0,37.242126182912614,30-40,30-45,60-90.1
1,77963,1,19.1653303909226,15-20,10-20,60-90.1
1,77989,1,23.159695774244717,20-25,20-30,60-90.1
1,78028,1,31.61537495087688,30-40,30-45,60-90.1
1,78042,1,28.66582820196418,25-30,20-30,30-60
1,78045,1,29.624206379263263,25-30,20-30,30-60
1,78055,1,27.191761942680078,25-30,20-30,60-90.1
1,78198,1,20.508772244072244,20-25,20-30,60-90.1
1,78303,1,17.192626703133428,15-20,10-20,60-90.1
1,78318,1,12.811535561910468,10-15,10-20,30-60
1,78322,1,18.001951156725106,15-20,10-20,60-90.1
1,78374,1,17.35807111346767,15-20,10-20,60-90.1
1,78455,1,12.688603079055785,10-15,10-20,60-90.1
1,78494,1,24.67622967227504,20-25,20-30,60-90.1
1,78500,1,12.640525039219558,10-15,10-20,60-90.1
1,78517,1,16.03573937069305,15-20,10-20,60-90.1
1,78532,1,27.807287756524506,25-30,20-30,30-60
1,78559,1,13.448407098671728,10-15,10-20,60-90.1
1,78616,1,27.2950654467955,25-30,20-30,30-60
1,78673,1,17.63257572748331,15-20,10-20,30-60
1,78700,1,23.714367771229764,20-25,20-30,60-90.1
1,78727,1,44.77197476153439,40-50,30-45,60-90.1
1,78739,1,23.19718350401125,20-25,20-30,60-90.1
1,78744,1,29.38978378267231,25-30,20-30,30-60
1,78782,1,48.66130596264085,40-50,45-70,30-60
1,78806,1,15.05838361439889,15-20,10-20,60-90.1
1,78830,0,54.8303887812465,50-60,45-70,60-90.1
1,78845,1,26.01559673011307,25-30,20-30,60-90.1
1,78897,0,56.05758418734492,50-60,45-70,60-90.1
1,78904,1,31.723055234425964,30-40,30-45,60-90.1
1,78930,1,39.14494981994931,30-40,30-45,0-30
1,78951,0,55.10935949625092,50-60,45-70,60-90.1
1,78953,1,23.179118852544153,20-25,20-30,60-90.1
1,78989,0,50.5072922782859,50-60,45-70,60-90.1
1,79017,1,21.544276329223788,20-25,20-30,60-90.1
1,79023,1,39.902843174844584,30-40,30-45,30-60
1,79046,0,47.97916231715394,40-50,45-70,60-90.1
1,79065,1,28.252570557847974,25-30,20-30,60-90.1
1,79076,0,46.70458877893907,40-50,45-70,60-90.1
1,79216,1,34.49262568224016,30-40,30-45,30-60
1,79272,0,34.500337579713175,30-40,30-45,30-60
1,79294,1,31.080189831535183,30-40,30-45,30-60
1,79362,1,17.640018226163463,15-20,10-20,60-90.1
1,79394,1,19.404195872414093,15-20,10-20,30-60
1,79428,1,27.404883362705554,25-30,20-30,30-60
1,79472,1,23.3495411045499,20-25,20-30,0-30
1,79479,1,19.316934432621935,15-20,10-20,60-90.1
1,79523,1,22.442244982222345,20-25,20-30,30-60
1,79572,1,18.764566053176868,15-20,10-20,60-90.1
1,79710,1,15.53664756564678,15-20,10-20,60-90.1
1,79714,1,20.378080868328357,20-25,20-30,60-90.1
1,79756,1,22.61882599685623,20-25,20-30,30-60
1,79760,1,19.31166951417952,15-20,10-20,60-90.1
1,79807,1,20.966112730571762,20-25,20-30,60-90.1
1,79840,1,30.53981981072786,30-40,30-45,30-60
1,79918,1,36.50641885881944,30-40,30-45,0-30
1,79925,1,21.84935568391483,20-25,20-30,60-90.1
1,79988,1,40.295280849234466,40-50,30-45,30-60
1,80010,1,42.78206836203859,40-50,30-45,60-90.1
1,80025,1,14.73538765384643,10-15,10-20,60-90.1
1,80040,1,43.399857579894835,40-50,30-45,0-30
1,80050,1,17.826025331355183,15-20,10-20,60-90.1
1,80067,1,45.73188390676037,40-50,45-70,30-60
1,80108,1,16.11530769199248,15-20,10-20,30-60
1,80131,1,20.229687804189446,20-25,20-30,60-90.1
1,80155,1,22.848576795395417,20-25,20-30,60-90.1
1,80184,0,52.829890021531,50-60,45-70,60-90.1
1,80200,1,18.6135582453249,15-20,10-20,60-90.1
1,80245,1,40.612215631493655,40-50,30-45,30-60
1,80262,1,22.861541801565206,20-25,20-30,60-90.1
1,80263,1,36.42211379831714,30-40,30-45,30-60
1,80299,1,44.26066535192865,40-50,30-45,0-30
1,80366,1,44.44843677414303,40-50,30-45,0-30
1,80368,0,51.984859633366334,50-60,45-70,60-90.1
1,80393,1,45.05146145050112,40-50,45-70,0-30
1,80439,1,30.91379979988736,30-40,30-45,60-90.1
1,80471,1,37.97916854149691,30-40,30-45,30-60
1,80474,1,41.786084361283656,40-50,30-45,60-90.1
1,80496,1,18.07893835707856,15-20,10-20,60-90.1
1,80523,1,38.84043707121089,30-40,30-45,30-60
1,80528,1,26.863775858307775,25-30,20-30,30-60
1,80618,0,32.2113130945315,30-40,30-45,60-90.1
1,80645,0,32.37924479654656,30-40,30-45,30-60
1,80683,1,26.513387109856914,25-30,20-30,30-60
1,80694,0,31.5979353199994,30-40,30-45,30-60
1,80736,0,29.24524770616866,25-30,20-30,30-60
1,80780,1,21.068286223084048,20-25,20-30,0-30
1,80791,1,23.786269081167422,20-25,20-30,0-30
1,80804,1,22.86099366645907,20-25,20-30,0-30
1,80825,1,21.5061617303165,20-25,20-30,60-90.1
1,80831,1,21.393331816060876,20-25,20-30,30-60
1,80893,1,18.56990832713335,15-20,10-20,60-90.1
1,80941,1,17.063769658157266,15-20,10-20,60-90.1
1,81072,1,14.051764166540396,10-15,10-20,60-90.1
1,81119,1,23.622717474672115,20-25,20-30,0-30
1,81122,1,26.443153246546803,25-30,20-30,60-90.1
1,81123,1,17.211885315714724,15-20,10-20,60-90.1
1,81126,1,22.62436791956063,20-25,20-30,30-60
1,81151,1,29.61507664613683,25-30,20-30,0-30
1,81176,1,14.27850373648025,10-15,10-20,60-90.1
1,81246,1,34.281990311078104,30-40,30-45,30-60
1,81283,1,16.619321439524203,15-20,10-20,60-90.1
1,81288,1,37.43606929850537,30-40,30-45,30-60
1,81300,1,29.537792010496005,25-30,20-30,30-60
1,81327,1,41.47216257808937,40-50,30-45,60-90.1
1,81389,1,26.49251952135555,25-30,20-30,60-90.1
1,81441,1,28.276036694315778,25-30,20-30,30-60
1,81444,0,50.22959500566621,50-60,45-70,30-60
1,81509,1,21.977176172214733,20-25,20-30,60-90.1
1,81518,1,35.65205506695475,30-40,30-45,60-90.1
1,81524,0,57.003408466077964,50-60,45-70,60-90.1
1,81568,1,27.05640578929366,25-30,20-30,60-90.1
1,81603,1,19.990457219480522,15-20,10-20,30-60
1,81612,1,29.48587800649216,25-30,20-30,60-90.1
1,81616,1,33.09556359513031,30-40,30-45,30-60
1,81633,1,26.169463785623975,25-30,20-30,60-90.1
1,81642,1,36.30106701862938,30-40,30-45,30-60
1,81744,1,33.926412333006205,30-40,30-45,30-60
1,81783,1,21.437903650259166,20-25,20-30,30-60
1,81788,0,44.560034180127346,40-50,30-45,60-90.1
1,81821,0,43.48386980982839,40-50,30-45,60-90.1
1,81830,0,42.51183178609375,40-50,30-45,60-90.1
1,81858,1,30.78774474985248,30-40,30-45,30-60
1,81890,0,36.45994736756339,30-40,30-45,30-60
1,81916,1,17.367745187508866,15-20,10-20,30-60
1,82069,1,26.372163605306582,25-30,20-30,0-30
1,82105,1,22.435032885378206,20-25,20-30,60-90.1
1,82174,1,19.392012579813787,15-20,10-20,60-90.1
1,82240,1,14.344036192779182,10-15,10-20,0-30
1,82315,1,17.80006957842703,15-20,10-20,60-90.1
1,82318,1,20.393037904019987,20-25,20-30,60-90.1
1,82324,1,16.23655937109104,15-20,10-20,60-90.1
1,82343,1,23.12773015444178,20-25,20-30,60-90.1
1,82367,1,18.693140605814133,15-20,10-20,60-90.1
1,82434,1,30.882951710137025,30-40,30-45,30-60
1,82483,1,34.53393057618094,30-40,30-45,0-30
1,82491,1,16.059748622990387,15-20,10-20,60-90.1
1,82516,1,18.436281772115784,15-20,10-20,60-90.1
1,82527,1,36.19809578036154,30-40,30-45,30-60
1,82540,1,25.313574786013643,25-30,20-30,60-90.1
1,82578,1,31.13393926661455,30-40,30-45,30-60
1,82582,1,19.30126619852601,15-20,10-20,30-60
1,82624,1,21.850613294518748,20-25,20-30,60-90.1
1,82655,1,44.26370803953575,40-50,30-45,60-90.1
1,82665,1,46.269078319965956,40-50,45-70,30-60
1,82727,1,21.323191140883186,20-25,20-30,60-90.1
1,82732,1,25.102301106078592,25-30,20-30,60-90.1
1,82742,0,54.76756870533468,50-60,45-70,60-90.1
1,82747,1,17.111719974533145,15-20,10-20,60-90.1
1,82783,1,33.27518721028295,30-40,30-45,30-60
1,82792,1,20.820842733843907,20-25,20-30,60-90.1
1,82847,1,22.783008960393683,20-25,20-30,60-90.1
1,82873,0,53.99667493462988,50-60,45-70,60-90.1
1,82910,0,48.18580794269731,40-50,45-70,60-90.1
1,82956,0,45.937383110367776,40-50,45-70,60-90.1
1,83028,1,23.48026863340954,20-25,20-30,60-90.1
1,83054,0,39.73726476027199,30-40,30-45,60-90.1
1,83084,1,34.569744214001055,30-40,30-45,30-60
1,83099,0,40.371973976901025,40-50,30-45,60-90.1
1,83115,0,38.23668688048888,30-40,30-45,30-60
1,83169,1,23.10321899057011,20-25,20-30,30-60
1,83209,0,27.999560969809057,25-30,20-30,30-60
1,83230,0,27.126158286697525,25-30,20-30,30-60
1,83239,1,30.25587915368865,30-40,30-45,60-90.1
1,83266,1,27.528076869256452,25-30,20-30,30-60
1,83290,1,22.453849301418806,20-25,20-30,0-30
1,83370,1,18.4820712122049,15-20,10-20,60-90.1
1,83438,1,15.159442470326624,15-20,10-20,0-30
1,83444,1,13.675890617999572,10-15,10-20,60-90.1
1,83449,1,16.888972822641435,15-20,10-20,30-60
1,83463,1,12.957940060796627,10-15,10-20,60-90.1
1,83508,1,20.228758783786557,20-25,20-30,60-90.1
1,83558,1,25.832033472957526,25-30,20-30,60-90.1
1,83621,1,20.279988066453456,20-25,20-30,60-90.1
1,83643,1,12.820093493665112,10-15,10-20,60-90.1
1,83651,1,27.249475199283854,25-30,20-30,60-90.1
1,83675,1,11.807821764307608,10-15,10-20,30-60
1,83703,1,20.096456801162933,20-25,20-30,60-90.1
1,83726,1,30.263370636272022,30-40,30-45,30-60
1,83742,1,25.058810616330437,25-30,20-30,0-30
1,83806,1,43.442990124878314,40-50,30-45,60-90.1
1,83808,1,18.29504896495145,15-20,10-20,60-90.1
1,83827,1,44.44846361630347,40-50,30-45,30-60
1,83880,0,48.43509381749756,40-50,45-70,30-60
1,83895,1,28.473179708287702,25-30,20-30,30-60
1,83924,1,27.35493282427171,25-30,20-30,30-60
1,83927,0,52.38619475621175,50-60,45-70,60-90.1
1,83930,1,15.029953142819185,15-20,10-20,60-90.1
1,84005,1,20.617445234052116,20-25,20-30,60-90.1
1,84020,0,54.89618527882255,50-60,45-70,60-90.1
1,84024,1,17.566545502181125,15-20,10-20,60-90.1
1,84036,1,33.70650049908782,30-40,30-45,30-60
1,84060,1,41.239768954580654,40-50,30-45,60-90.1
1,84104,0,50.21672376418449,50-60,45-70,60-90.1
1,84107,1,43.128389936030516,40-50,30-45,0-30
1,84117,1,18.345201047063178,15-20,10-20,30-60
1,84134,1,37.28659532661939,30-40,30-45,30-60
1,84145,1,24.598171501134207,20-25,20-30,60-90.1
1,84197,1,42.27195690967668,40-50,30-45,0-30
1,84207,1,27.183266633004106,25-30,20-30,60-90.1
1,84239,0,41.29946602757995,40-50,30-45,60-90.1
1,84245,1,35.88503705321739,30-40,30-45,30-60
1,84275,1,30.8105817153679,30-40,30-45,60-90.1
1,84375,0,31.729205072465906,30-40,30-45,60-90.1
1,84395,1,31.483456594321176,30-40,30-45,60-90.1
1,84420,1,19.20104709339653,15-20,10-20,0-30
1,84436,1,28.174677721412525,25-30,20-30,60-90.1
1,84473,0,29.04246940306313,25-30,20-30,60-90.1
1,84504,1,25.585309877144716,25-30,20-30,0-30
1,84540,1,18.446149193397336,15-20,10-20,60-90.1
1,84565,1,21.626720606668343,20-25,20-30,0-30
1,84586,1,20.310074198391522,20-25,20-30,30-60
1,84599,1,15.881695452587945,15-20,10-20,60-90.1
1,84619,1,17.572200359384976,15-20,10-20,30-60
1,84705,1,16.362099460072848,15-20,10-20,30-60
1,84739,1,19.525644229046804,15-20,10-20,30-60
1,84801,1,15.67319789555128,15-20,10-20,60-90.1
1,84805,1,21.468124243056476,20-25,20-30,30-60
1,84813,1,28.21868397137972,25-30,20-30,60-90.1
1,84857,1,24.135773321293684,20-25,20-30,60-90.1
1,84942,1,26.462148063567767,25-30,20-30,60-90.1
1,84948,1,37.39142442753396,30-40,30-45,30-60
1,84983,1,39.08564296481792,30-40,30-45,60-90.1
1,84993,1,25.07792485660193,25-30,20-30,30-60
1,85017,1,42.01544338435008,40-50,30-45,60-90.1
1,85037,1,42.06587233758337,40-50,30-45,0-30
1,85156,1,17.96585237217642,15-20,10-20,30-60
1,85218,1,38.25645751435256,30-40,30-45,30-60
1,85229,1,23.82759006278419,20-25,20-30,60-90.1
1,85268,1,30.544271068455707,30-40,30-45,60-90.1
1,85323,1,33.65883453047881,30-40,30-45,60-90.1
1,85331,1,43.741229510436845,40-50,30-45,30-60
1,85393,1,18.04011471234703,15-20,10-20,30-60
1,85443,1,38.52794683856234,30-40,30-45,60-90.1
1,85449,1,18.92826488978627,15-20,10-20,60-90.1
1,85507,1,26.35679961912285,25-30,20-30,60-90.1
1,85513,0,37.2294310189326,30-40,30-45,60-90.1
1,85531,0,34.889847333899674,30-40,30-45,30-60
1,85674,1,19.688587532624652,15-20,10-20,30-60
1,85689,1,26.752710303432863,25-30,20-30,0-30
1,85701,1,25.697524652817116,25-30,20-30,30-60
1,85787,1,19.633497912893414,15-20,10-20,30-60
1,85801,1,18.59432898115003,15-20,10-20,30-60
1,85818,1,20.193392968089658,20-25,20-30,60-90.1
1,85931,1,16.37473330308973,15-20,10-20,60-90.1
1,85954,1,21.76718491147178,20-25,20-30,30-60
1,85968,1,20.385786833689654,20-25,20-30,60-90.1
1,85983,1,25.573644405928203,25-30,20-30,60-90.1
1,85996,1,23.523492263931246,20-25,20-30,30-60
1,86037,1,29.01111831672254,25-30,20-30,30-60
1,86076,1,31.974934982146,30-40,30-45,60-90.1
1,86086,1,21.812863718290515,20-25,20-30,60-90.1
1,86114,1,13.4442070684194,10-15,10-20,60-90.1
1,86157,1,20.494192374289565,20-25,20-30,60-90.1
1,86172,1,16.4256327118808,15-20,10-20,30-60
1,86194,1,23.73670984021452,20-25,20-30,60-90.1
1,86215,1,14.974336337687141,10-15,10-20,60-90.1
1,86255,1,17.481561536650048,15-20,10-20,60-90.1
1,86256,1,20.997965472080956,20-25,20-30,60-90.1
1,86262,1,24.392116479286294,20-25,20-30,60-90.1
1,86315,1,23.733438722823628,20-25,20-30,60-90.1
1,86318,1,26.496734771592656,25-30,20-30,60-90.1
1,86321,0,50.124370151912835,50-60,45-70,60-90.1
1,86337,1,14.36142649766625,10-15,10-20,30-60
1,86378,0,54.95275775539895,50-60,45-70,60-90.1
1,86382,1,35.2447483698414,30-40,30-45,60-90.1
1,86396,0,56.79719019991127,50-60,45-70,60-90.1
1,86508,1,30.241004938912607,30-40,30-45,60-90.1
1,86573,1,20.34292059627379,20-25,20-30,30-60
1,86581,0,43.856574439848934,40-50,30-45,60-90.1
1,86607,1,30.49443770561535,30-40,30-45,60-90.1
1,86662,1,36.56875604019491,30-40,30-45,30-60
1,86792,0,30.76546540255472,30-40,30-45,30-60
1,86831,1,25.063943909237583,25-30,20-30,60-90.1
1,86874,0,26.95916964920024,25-30,20-30,30-60
1,86900,1,24.345364806576505,20-25,20-30,60-90.1
1,86966,1,19.478050806971353,15-20,10-20,60-90.1
1,87005,1,19.179358192269643,15-20,10-20,60-90.1
1,87022,1,19.096726112022132,15-20,10-20,60-90.1
1,87135,1,12.971014581218375,10-15,10-20,60-90.1
1,87169,1,15.686084292437668,15-20,10-20,60-90.1
1,87187,1,18.018729223143854,15-20,10-20,30-60
1,87335,1,33.67985041285041,30-40,30-45,0-30
1,87358,1,16.445842629353955,15-20,10-20,60-90.1
1,87422,1,12.984678451359612,10-15,10-20,60-90.1
1,87462,1,42.86505956942427,40-50,30-45,30-60
1,87483,1,44.33033782584444,40-50,30-45,60-90.1
1,87495,0,47.69309761258,40-50,45-70,30-60
1,87500,1,46.52906008177595,40-50,45-70,30-60
1,87524,1,15.194578080699635,15-20,10-20,60-90.1
1,87561,1,20.719757253166456,20-25,20-30,60-90.1
1,87565,1,24.200630594309857,20-25,20-30,60-90.1
1,87569,1,26.46031660806262,25-30,20-30,30-60
1,87582,1,17.732922474642862,15-20,10-20,60-90.1
1,87634,1,31.41873360130049,30-40,30-45,30-60
1,87635,1,41.82243890846872,40-50,30-45,0-30
1,87654,1,27.220220445075324,25-30,20-30,60-90.1
1,87656,1,30.979347113655805,30-40,30-45,30-60
1,87678,0,52.38885113165938,50-60,45-70,60-90.1
1,87688,1,40.18901427575734,40-50,30-45,30-60
1,87697,1,27.24334819531488,25-30,20-30,60-90.1
1,87733,1,41.15632988273125,40-50,30-45,30-60
1,87747,0,46.19038961746576,40-50,45-70,60-90.1
1,87772,1,34.08079049975262,30-40,30-45,60-90.1
1,87802,1,23.531738677088217,20-25,20-30,60-90.1
1,87814,1,36.252318152936354,30-40,30-45,60-90.1
1,87871,1,22.8939187733655,20-25,20-30,60-90.1
1,87892,1,34.37360890645959,30-40,30-45,0-30
1,87907,0,32.41447701905439,30-40,30-45,30-60
1,87934,1,30.86917333984177,30-40,30-45,60-90.1
1,87947,0,36.513391765848525,30-40,30-45,30-60
1,87953,0,37.42902397449095,30-40,30-45,60-90.1
1,88053,0,28.74458296201548,25-30,20-30,30-60
1,88059,0,26.360356147942326,25-30,20-30,30-60
1,88062,0,25.73296895986108,25-30,20-30,0-30
1,88106,1,24.15099346798436,20-25,20-30,30-60
1,88113,1,26.896119352572377,25-30,20-30,60-90.1
1,88164,1,20.058339776183956,20-25,20-30,30-60
1,88203,1,18.610139207307498,15-20,10-20,60-90.1
1,88229,1,18.25648228290777,15-20,10-20,0-30
1,88246,1,17.053111730380177,15-20,10-20,60-90.1
1,88326,1,17.64190645146607,15-20,10-20,30-60
1,88348,1,20.039642006221076,20-25,20-30,30-60
1,88427,1,15.927092872053759,15-20,10-20,60-90.1
1,88465,1,21.946147049491692,20-25,20-30,60-90.1
1,88470,1,33.1127026712184,30-40,30-45,0-30
1,88514,1,34.9877947526204,30-40,30-45,30-60
1,88522,1,21.61334362501165,20-25,20-30,60-90.1
1,88551,1,27.774347357975284,25-30,20-30,60-90.1
1,88691,0,51.940083098288994,50-60,45-70,60-90.1
1,88709,1,15.279398185501021,15-20,10-20,30-60
1,88751,1,37.75891149385415,30-40,30-45,60-90.1
1,88811,1,24.265090258595652,20-25,20-30,30-60
1,88862,1,24.253713989191567,20-25,20-30,60-90.1
1,88905,1,43.51197277047076,40-50,30-45,0-30
1,88956,1,27.553722519859313,25-30,20-30,60-90.1
1,88981,1,40.012008782275906,40-50,30-45,60-90.1
1,88993,1,32.593129038973686,30-40,30-45,30-60
1,89000,1,16.551561962494123,15-20,10-20,30-60
1,89017,0,39.934868429809214,30-40,30-45,30-60
1,89031,1,26.84409158866973,25-30,20-30,60-90.1
1,89109,0,30.960831884161248,30-40,30-45,30-60
1,89114,0,33.46814307187205,30-40,30-45,30-60
1,89157,1,20.866208677744748,20-25,20-30,30-60
1,89161,1,29.376279140488137,25-30,20-30,60-90.1
1,89262,1,19.88773468299604,15-20,10-20,60-90.1
1,89317,1,22.4411003263685,20-25,20-30,30-60
1,89319,1,24.557252743398166,20-25,20-30,0-30
1,89331,1,19.628681970422956,15-20,10-20,60-90.1
1,89503,1,18.371009488101006,15-20,10-20,0-30
1,89629,1,16.698880012031072,15-20,10-20,60-90.1
1,89649,1,17.738290368822046,15-20,10-20,60-90.1
1,89658,1,25.878179901022637,25-30,20-30,30-60
1,89710,1,13.561841200456858,10-15,10-20,60-90.1
1,89740,1,34.00436918905639,30-40,30-45,30-60
1,89768,1,29.21401007873971,25-30,20-30,30-60
1,89769,1,37.51248048248171,30-40,30-45,60-90.1
1,89792,1,40.04101818298,40-50,30-45,30-60
1,89840,1,43.0339165083784,40-50,30-45,30-60
1,89854,1,41.46989565372412,40-50,30-45,30-60
1,89866,1,21.08261413965458,20-25,20-30,60-90.1
1,89887,1,45.97663331630704,40-50,45-70,30-60
1,89925,1,21.127913944679403,20-25,20-30,60-90.1
1,89950,1,17.443219247598364,15-20,10-20,30-60
1,89984,1,24.360102324310184,20-25,20-30,60-90.1
1,89999,0,56.83847683574762,50-60,45-70,60-90.1
1,90010,1,35.71590791043091,30-40,30-45,60-90.1
1,90020,1,21.22177262495776,20-25,20-30,60-90.1
1,90021,1,33.65943065481548,30-40,30-45,60-90.1
1,90049,0,54.49447366094973,50-60,45-70,60-90.1
1,90071,1,21.646503306577962,20-25,20-30,60-90.1
1,90094,1,28.979758830913724,25-30,20-30,30-60
1,90134,0,48.86980535547356,40-50,45-70,60-90.1
1,90167,1,30.50101658285711,30-40,30-45,60-90.1
1,90183,1,17.536078558009645,15-20,10-20,60-90.1
1,90253,1,21.104178855579807,20-25,20-30,60-90.1
1,90279,1,30.22856599976267,30-40,30-45,30-60
1,90281,1,34.97129429728791,30-40,30-45,30-60
1,90286,1,36.341359164001446,30-40,30-45,60-90.1
1,90367,1,17.582467943177846,15-20,10-20,0-30
1,90441,0,34.830115864670205,30-40,30-45,60-90.1
1,90512,1,24.65161744430557,20-25,20-30,30-60
1,90579,1,21.629717029330177,20-25,20-30,0-30
1,90699,1,13.08865521781606,10-15,10-20,60-90.1
1,90721,1,16.65493953520243,15-20,10-20,60-90.1
1,90763,1,18.52882552394842,15-20,10-20,60-90.1
1,90791,1,21.82405038863985,20-25,20-30,60-90.1
1,90815,1,16.198506646159927,15-20,10-20,60-90.1
1,90839,1,16.144159977193006,15-20,10-20,60-90.1
1,90847,1,24.547087402176206,20-25,20-30,30-60
1,90850,1,11.97330839136368,10-15,10-20,30-60
1,90871,1,14.21600915782726,10-15,10-20,30-60
1,90897,1,11.894149948521926,10-15,10-20,30-60
1,90916,1,27.960849386447897,25-30,20-30,60-90.1
1,90947,1,30.935713305952167,30-40,30-45,60-90.1
1,90957,1,26.904939121230207,25-30,20-30,60-90.1
1,90994,1,12.421555961227066,10-15,10-20,60-90.1
1,91055,1,21.234921796622967,20-25,20-30,60-90.1
1,91056,1,23.239940885606206,20-25,20-30,0-30
1,91086,1,16.075382175633276,15-20,10-20,60-90.1
1,91089,1,17.781144018338242,15-20,10-20,60-90.1
1,91128,1,41.63134270609311,40-50,30-45,30-60
1,91155,1,14.17896587165241,10-15,10-20,60-90.1
1,91163,1,22.841487534630573,20-25,20-30,30-60
1,91239,1,15.433332351803246,15-20,10-20,60-90.1
1,91297,0,54.38544504342697,50-60,45-70,60-90.1
1,91305,1,20.450464860220027,20-25,20-30,60-90.1
1,91347,1,38.22304880422442,30-40,30-45,60-90.1
1,91366,1,41.53291275276511,40-50,30-45,0-30
1,91397,1,33.09350546649813,30-40,30-45,60-90.1
1,91414,1,43.16403579829546,40-50,30-45,0-30
1,91463,1,20.989253822179645,20-25,20-30,60-90.1
1,91472,1,40.55017853114333,40-50,30-45,60-90.1
1,91493,1,39.88242467519265,30-40,30-45,60-90.1
1,91535,1,39.89623151926979,30-40,30-45,30-60
1,91543,1,20.72176160144888,20-25,20-30,60-90.1
1,91552,0,43.00869816543629,40-50,30-45,60-90.1
1,91579,1,24.882383358621603,20-25,20-30,60-90.1
1,91636,1,33.04043847228894,30-40,30-45,30-60
1,91661,0,34.699752081902496,30-40,30-45,60-90.1
1,91750,0,33.549761298721116,30-40,30-45,60-90.1
1,91797,0,25.91616552298059,25-30,20-30,30-60
1,91801,0,28.061367711279985,25-30,20-30,0-30
1,91810,1,17.075331985150374,15-20,10-20,60-90.1
1,91867,1,24.114658686223756,20-25,20-30,0-30
1,91878,1,23.980756038234997,20-25,20-30,0-30
1,91905,1,20.121801655631227,20-25,20-30,0-30
1,91929,1,18.135856041120704,15-20,10-20,0-30
1,91934,1,17.233325965429973,15-20,10-20,60-90.1
1,92049,1,21.025222525630024,20-25,20-30,30-60
1,92084,1,22.570333315649936,20-25,20-30,30-60
1,92150,1,23.897158107742587,20-25,20-30,30-60
1,92213,1,17.617655715184704,15-20,10-20,60-90.1
1,92233,1,34.336983204350716,30-40,30-45,0-30
1,92239,1,23.661368259332264,20-25,20-30,60-90.1
1,92247,1,35.107849894423694,30-40,30-45,0-30
1,92295,1,18.8735684665414,15-20,10-20,60-90.1
1,92342,1,15.33481658556476,15-20,10-20,60-90.1
1,92345,1,23.559680774626216,20-25,20-30,0-30
1,92383,1,43.94028416868576,40-50,30-45,30-60
1,92396,1,18.655558166622637,15-20,10-20,60-90.1
1,92416,1,16.542740594703538,15-20,10-20,60-90.1
1,92443,1,23.714231984003607,20-25,20-30,30-60
1,92460,0,49.21617881182719,40-50,45-70,60-90.1
1,92512,1,25.575789810933664,25-30,20-30,0-30
1,92563,1,18.333001721354975,15-20,10-20,30-60
1,92575,1,30.020849569207915,30-40,30-45,60-90.1
1,92599,1,35.90090516021181,30-40,30-45,60-90.1
1,92619,0,51.95232659582059,50-60,45-70,60-90.1
1,92623,1,17.55506703752883,15-20,10-20,60-90.1
1,92626,1,25.76259791077186,25-30,20-30,60-90.1
1,92722,1,32.79093523872614,30-40,30-45,30-60
1,92790,0,38.312039866668655,30-40,30-45,60-90.1
1,92821,1,34.14836055792813,30-40,30-45,60-90.1
1,92926,1,24.923676888182843,20-25,20-30,60-90.1
1,92968,0,25.37133350361813,25-30,20-30,0-30
1,92991,1,23.291645013162583,20-25,20-30,30-60
1,93049,1,26.25000568530117,25-30,20-30,60-90.1
1,93075,1,19.73632753643555,15-20,10-20,60-90.1
1,93089,1,19.183187864348344,15-20,10-20,30-60
1,93106,1,18.462739420149468,15-20,10-20,60-90.1
1,93110,1,17.969551217092608,15-20,10-20,30-60
1,93111,1,17.226729152933594,15-20,10-20,30-60
1,93155,1,17.133239804869483,15-20,10-20,60-90.1
1,93162,1,15.986506161104648,15-20,10-20,60-90.1
1,93237,1,16.959951351552732,15-20,10-20,30-60
1,93280,1,26.991245142200793,25-30,20-30,60-90.1
1,93317,1,20.83300281226221,20-25,20-30,60-90.1
1,93341,1,29.167988669344584,25-30,20-30,30-60
1,93366,1,20.884425917557362,20-25,20-30,30-60
1,93368,1,25.81428492469319,25-30,20-30,30-60
1,93378,1,19.363502491101308,15-20,10-20,60-90.1
1,93495,1,41.89095633880111,40-50,30-45,0-30
1,93528,0,46.50952475146169,40-50,45-70,60-90.1
1,93597,1,20.452382685086192,20-25,20-30,60-90.1
1,93663,1,20.66128734478774,20-25,20-30,60-90.1
1,93710,1,36.75117938137763,30-40,30-45,60-90.1
1,93739,1,21.826993102306854,20-25,20-30,60-90.1
1,93818,1,19.704764886654566,15-20,10-20,60-90.1
1,93821,1,23.02455933470828,20-25,20-30,30-60
1,93823,1,41.66570801612351,40-50,30-45,30-60
1,93858,0,45.367780578341815,40-50,45-70,60-90.1
1,93880,1,23.639780342498188,20-25,20-30,60-90.1
1,93884,1,26.49349446171467,25-30,20-30,60-90.1
1,93921,1,29.03448341715461,25-30,20-30,30-60
1,93930,1,19.175637355153594,15-20,10-20,60-90.1
1,93958,1,27.97727607791676,25-30,20-30,30-60
1,93993,0,32.49922731429298,30-40,30-45,30-60
1,94047,1,28.01063774797877,25-30,20-30,30-60
1,94049,1,29.34176954777954,25-30,20-30,60-90.1
1,94117,0,26.30270419053594,25-30,20-30,30-60
1,94183,1,24.075072974198868,20-25,20-30,60-90.1
1,94216,1,20.000839981707955,20-25,20-30,0-30
1,94238,1,22.660201776718246,20-25,20-30,30-60
1,94269,1,17.36046083093081,15-20,10-20,60-90.1
1,94372,1,14.776784995350994,10-15,10-20,30-60
1,94390,1,22.660013559413105,20-25,20-30,60-90.1
1,94405,1,14.445962103242177,10-15,10-20,60-90.1
1,94507,1,12.768727280130285,10-15,10-20,60-90.1
1,94548,1,31.318004040746278,30-40,30-45,30-60
1,94604,1,37.017122127691245,30-40,30-45,30-60
1,94620,1,39.311035445436616,30-40,30-45,60-90.1
1,94665,1,22.606065085539292,20-25,20-30,60-90.1
1,94683,1,44.9839537835058,40-50,30-45,30-60
1,94719,1,21.27926810440512,20-25,20-30,60-90.1
1,94738,0,51.3887930927087,50-60,45-70,60-90.1
1,94771,1,17.223943660052107,15-20,10-20,60-90.1
1,94779,1,35.15383783153128,30-40,30-45,60-90.1
1,94783,0,56.882004903896366,50-60,45-70,60-90.1
1,94808,1,24.829591730330726,20-25,20-30,30-60
1,94820,1,18.061941931975262,15-20,10-20,60-90.1
1,94826,1,32.35869969268956,30-40,30-45,60-90.1
1,94831,0,54.6789058841399,50-60,45-70,60-90.1
1,94890,1,42.05814826775661,40-50,30-45,30-60
1,94897,1,18.74992012063916,15-20,10-20,60-90.1
1,94905,1,27.656285379350287,25-30,20-30,60-90.1
1,94937,1,30.38017996395639,30-40,30-45,60-90.1
1,94967,1,39.335774746454454,30-40,30-45,60-90.1
1,95049,1,38.550695460201865,30-40,30-45,30-60
1,95142,1,24.674459777278322,20-25,20-30,30-60
1,95150,0,30.71819210782478,30-40,30-45,60-90.1
1,95185,1,20.828695592733748,20-25,20-30,30-60
1,95199,0,32.240423778349594,30-40,30-45,0-30
1,95243,1,20.015847449077196,20-25,20-30,30-60
1,95296,0,26.059447312010587,25-30,20-30,30-60
1,95320,1,22.724341638680105,20-25,20-30,30-60
1,95451,1,16.312654623382432,15-20,10-20,60-90.1
1,95474,1,19.40336807070226,15-20,10-20,60-90.1
1,95512,1,13.854032803827975,10-15,10-20,60-90.1
1,95515,1,16.936805563044064,15-20,10-20,60-90.1
1,95623,1,17.845876631379387,15-20,10-20,0-30
1,95638,1,15.674376451295428,15-20,10-20,60-90.1
1,95684,1,25.85854765228833,25-30,20-30,60-90.1
1,95704,1,19.59486769534194,15-20,10-20,60-90.1
1,95720,1,25.290680412726033,25-30,20-30,60-90.1
1,95762,1,20.78019900888004,20-25,20-30,60-90.1
1,95785,1,18.403545994620234,15-20,10-20,60-90.1
1,95798,1,41.1782791619356,40-50,30-45,30-60
1,95805,1,41.03061655653434,40-50,30-45,30-60
1,95826,1,21.92176552727231,20-25,20-30,60-90.1
1,95863,0,49.06111073561715,40-50,45-70,60-90.1
1,95867,1,14.033792669398718,10-15,10-20,30-60
1,95938,1,32.4621722678396,30-40,30-45,60-90.1
1,95968,1,39.832028961833934,30-40,30-45,0-30
1,96016,1,32.61435276624398,30-40,30-45,30-60
1,96062,0,48.9140670630443,40-50,45-70,60-90.1
1,96080,1,20.843395163832046,20-25,20-30,60-90.1
1,96124,0,42.48861645233113,40-50,30-45,60-90.1
1,96127,1,17.315649995802108,15-20,10-20,60-90.1
1,96167,1,22.35572907498917,20-25,20-30,60-90.1
1,96217,1,30.161452708005207,30-40,30-45,0-30
1,96305,0,32.46682830976564,30-40,30-45,60-90.1
1,96397,0,31.048844367521138,30-40,30-45,0-30
1,96410,0,24.37064771437965,20-25,20-30,30-60
1,96436,1,22.140754896245237,20-25,20-30,60-90.1
1,96557,1,15.34643094064047,15-20,10-20,30-60
1,96563,1,13.959848659732113,10-15,10-20,60-90.1
1,96631,1,12.493276807317192,10-15,10-20,60-90.1
1,96671,1,21.593274367314102,20-25,20-30,30-60
1,96704,1,21.413599591870668,20-25,20-30,60-90.1
1,96734,1,11.783157523349402,10-15,10-20,60-90.1
1,96815,1,33.94613200316971,30-40,30-45,60-90.1
1,96818,1,34.75402306553715,30-40,30-45,0-30
1,96825,1,35.37282687249816,30-40,30-45,0-30
1,96840,1,22.22397728818578,20-25,20-30,30-60
1,96847,1,16.242135538420843,15-20,10-20,60-90.1
1,96905,1,43.4375586290377,40-50,30-45,30-60
1,96981,0,54.19749370417052,50-60,45-70,60-90.1
1,97000,1,24.963414901570935,20-25,20-30,30-60
1,97090,0,51.680075704186244,50-60,45-70,60-90.1
1,97091,1,22.2260145257928,20-25,20-30,30-60
1,97113,1,39.55843820382083,30-40,30-45,60-90.1
1,97121,1,24.898520552895626,20-25,20-30,60-90.1
1,97161,0,45.08363995840079,40-50,45-70,60-90.1
1,97165,1,27.98283981776618,25-30,20-30,30-60
1,97166,1,37.58656773883489,30-40,30-45,30-60
1,97197,1,20.614579063639436,20-25,20-30,60-90.1
1,97244,1,30.26152212403036,30-40,30-45,0-30
1,97302,1,21.177632320354142,20-25,20-30,60-90.1
1,97312,0,34.32454062212321,30-40,30-45,0-30
1,97357,1,16.819081314355717,15-20,10-20,30-60
1,97384,1,18.020179422779442,15-20,10-20,0-30
1,97429,0,32.91423289097075,30-40,30-45,30-60
1,97453,0,24.28331877524161,20-25,20-30,0-30
1,97503,1,22.489036859914144,20-25,20-30,0-30
1,97507,1,25.62956263340488,25-30,20-30,30-60
1,97511,1,21.227254881241556,20-25,20-30,30-60
1,97514,1,21.824258993170268,20-25,20-30,60-90.1
1,97546,1,20.28872152183584,20-25,20-30,30-60
1,97561,1,18.385213721052796,15-20,10-20,0-30
1,97564,1,17.336503714096665,15-20,10-20,60-90.1
1,97575,1,17.20248019131999,15-20,10-20,30-60
1,97673,1,15.359420215970546,15-20,10-20,30-60
1,97729,1,25.289169813376713,25-30,20-30,30-60
1,97737,1,18.28383464790419,15-20,10-20,30-60
1,97749,1,21.60076455608461,20-25,20-30,60-90.1
1,97817,1,11.302433551182894,10-15,10-20,60-90.1
1,97833,1,15.768296943992551,15-20,10-20,60-90.1
1,97863,1,36.182213251934016,30-40,30-45,60-90.1
1,97900,1,38.746372758774015,30-40,30-45,60-90.1
1,97914,1,41.27871505476185,40-50,30-45,60-90.1
1,97980,0,46.78671517319443,40-50,45-70,60-90.1
1,97986,1,16.016291660739103,15-20,10-20,60-90.1
1,98016,0,51.201729915937634,50-60,45-70,60-90.1
1,98048,1,33.7180572197767,30-40,30-45,60-90.1
1,98066,1,29.75245450481521,25-30,20-30,30-60
1,98068,1,36.74964540292585,30-40,30-45,30-60
1,98089,1,23.47825607017201,20-25,20-30,30-60
1,98092,1,29.5535152136603,25-30,20-30,30-60
1,98114,1,39.62865106984658,30-40,30-45,60-90.1
1,98142,1,29.638654345100687,25-30,20-30,30-60
1,98227,1,22.535607350804078,20-25,20-30,60-90.1
1,98272,1,25.241134811457854,25-30,20-30,30-60
1,98278,0,37.56835235633962,30-40,30-45,60-90.1
1,98293,1,34.06653247070187,30-40,30-45,60-90.1
1,98301,1,32.642260261005084,30-40,30-45,30-60
1,98329,0,32.16363028144535,30-40,30-45,30-60
1,98386,1,29.89992604724684,25-30,20-30,30-60
1,98484,1,23.916800487501046,20-25,20-30,30-60
1,98497,1,22.647657563085023,20-25,20-30,60-90.1
1,98512,0,24.52877777799765,20-25,20-30,30-60
1,98518,1,18.468579057007904,15-20,10-20,60-90.1
1,98563,1,19.475776374870808,15-20,10-20,60-90.1
1,98583,1,18.614967295028546,15-20,10-20,30-60
1,98603,1,16.61288975420901,15-20,10-20,60-90.1
1,98640,1,13.816010748052147,10-15,10-20,60-90.1
1,98661,1,16.969847681043074,15-20,10-20,30-60
1,98677,1,19.729543482826948,15-20,10-20,60-90.1
1,98778,1,27.595834071436787,25-30,20-30,0-30
1,98783,1,15.910281961478642,15-20,10-20,60-90.1
1,98793,1,27.62483647107116,25-30,20-30,60-90.1
1,98898,1,13.737568147074317,10-15,10-20,60-90.1
1,98924,1,17.755194340778566,15-20,10-20,60-90.1
1,98970,1,40.700611897339776,40-50,30-45,60-90.1
1,98989,1,21.90407399282767,20-25,20-30,60-90.1
1,99032,1,26.358099499756637,25-30,20-30,60-90.1
1,99097,1,19.120675508708317,15-20,10-20,60-90.1
1,99154,0,54.634756943593516,50-60,45-70,60-90.1
1,99205,1,18.941077369156254,15-20,10-20,60-90.1
1,99213,1,27.13437541593215,25-30,20-30,60-90.1
1,99229,1,21.246816892797856,20-25,20-30,60-90.1
1,99240,1,37.58940746635881,30-40,30-45,60-90.1
1,99280,1,24.10865955329323,20-25,20-30,60-90.1
1,99310,0,42.267464794546406,40-50,30-45,60-90.1
1,99324,1,17.18605180765947,15-20,10-20,30-60
1,99466,0,30.34854753590435,30-40,30-45,60-90.1
1,99497,1,26.747941695577733,25-30,20-30,60-90.1
1,99502,0,27.4055185203678,25-30,20-30,60-90.1
1,99655,1,22.568613993875815,20-25,20-30,30-60
1,99668,1,19.300470404219666,15-20,10-20,30-60
1,99675,1,17.78423773880791,15-20,10-20,60-90.1
1,99785,1,17.270458988776518,15-20,10-20,60-90.1
1,99812,1,11.508210965579565,10-15,10-20,0-30
1,99834,1,22.374519989274983,20-25,20-30,30-60
1,99922,1,30.794189165964546,30-40,30-45,60-90.1
1,99984,1,16.937067565492214,15-20,10-20,60-90.1
1,99997,1,40.96379693248673,40-50,30-45,30-60
1,100052,1,44.79860665567672,40-50,30-45,30-60
1,100118,0,49.42893385032874,40-50,45-70,60-90.1
1,100155,1,31.273514959566157,30-40,30-45,60-90.1
1,100163,0,56.48835854536159,50-60,45-70,60-90.1
1,100176,1,23.681444604985433,20-25,20-30,30-60
1,100206,1,39.13007379152947,30-40,30-45,30-60
1,100219,1,21.91108090948454,20-25,20-30,30-60
1,100279,0,48.37518102638818,40-50,45-70,60-90.1
1,100378,1,20.12022558585012,20-25,20-30,60-90.1
1,100407,1,28.275226561643496,25-30,20-30,30-60
1,100448,1,17.64003367060433,15-20,10-20,60-90.1
1,100454,1,32.26117032412927,30-40,30-45,30-60
1,100529,1,23.388790404411342,20-25,20-30,30-60
1,100590,1,17.675525880795288,15-20,10-20,30-60
1,100618,0,23.319675219507797,20-25,20-30,0-30
1,100756,1,15.158932400999825,15-20,10-20,30-60
1,100821,1,12.257171392496964,10-15,10-20,60-90.1
1,100893,1,20.7329477109598,20-25,20-30,30-60
1,100939,1,16.30932825015066,15-20,10-20,60-90.1
1,100958,1,14.486442904937967,10-15,10-20,30-60
1,101018,1,13.843863936420444,10-15,10-20,60-90.1
1,101041,1,21.29981035799152,20-25,20-30,60-90.1
1,101136,1,19.658920038229088,15-20,10-20,60-90.1
1,101157,1,14.017190849125905,10-15,10-20,30-60
1,101198,0,53.88352521146481,50-60,45-70,60-90.1
1,101241,1,20.53879448077758,20-25,20-30,60-90.1
1,101259,1,26.924106601776433,25-30,20-30,30-60
1,101280,0,51.958353304312524,50-60,45-70,60-90.1
1,101281,1,19.00382229844101,15-20,10-20,60-90.1
1,101371,0,45.63763474611957,40-50,45-70,60-90.1
1,101394,1,17.32111043643262,15-20,10-20,60-90.1
1,101408,1,24.457594229098145,20-25,20-30,30-60
1,101479,0,36.27363523388918,30-40,30-45,0-30
1,101503,0,35.67259607717554,30-40,30-45,60-90.1
1,101591,1,20.45692546640921,20-25,20-30,30-60
1,101602,0,33.307995953142104,30-40,30-45,30-60
1,101651,0,24.4216306921298,20-25,20-30,0-30
1,101694,0,25.965177606511887,25-30,20-30,30-60
1,101703,1,22.457910325456638,20-25,20-30,30-60
1,101707,1,22.634795963658366,20-25,20-30,0-30
1,101742,1,19.190340908879197,15-20,10-20,60-90.1
1,101748,1,21.278765644768935,20-25,20-30,0-30
1,101797,1,16.03473656781806,15-20,10-20,30-60
1,101840,1,17.288196626766034,15-20,10-20,30-60
1,101848,1,18.868545687214716,15-20,10-20,60-90.1
1,101860,1,14.140459554814594,10-15,10-20,60-90.1
1,101864,1,19.278644290440642,15-20,10-20,30-60
1,101906,1,20.87855907257533,20-25,20-30,30-60
1,101910,1,23.26937864384845,20-25,20-30,30-60
1,101933,1,16.192339649836736,15-20,10-20,60-90.1
1,101969,1,15.54725696509071,15-20,10-20,60-90.1
1,101981,1,11.89984451741529,10-15,10-20,0-30
1,102072,1,12.97599389378449,10-15,10-20,0-30
1,102075,1,33.02462425983589,30-40,30-45,30-60
1,102077,1,33.78656671265586,30-40,30-45,0-30
1,102086,1,33.116864933724656,30-40,30-45,60-90.1
1,102112,1,37.03203286049581,30-40,30-45,60-90.1
1,102131,1,40.49273904206854,40-50,30-45,60-90.1
1,102207,0,46.64576869813489,40-50,45-70,30-60
1,102231,1,30.35322949768878,30-40,30-45,0-30
1,102265,1,25.442590090025465,25-30,20-30,60-90.1
1,102294,1,23.013135715660706,20-25,20-30,60-90.1
1,102364,1,33.722861369804406,30-40,30-45,30-60
1,102367,1,36.18890057525385,30-40,30-45,60-90.1
1,102406,1,27.94710134800526,25-30,20-30,30-60
1,102414,1,18.607138567818073,15-20,10-20,60-90.1
1,102455,1,39.41987218910677,30-40,30-45,30-60
1,102466,1,25.517874453064863,25-30,20-30,60-90.1
1,102490,1,23.138741681314592,20-25,20-30,60-90.1
1,102515,1,17.48714735527343,15-20,10-20,60-90.1
1,102528,1,37.429546558672385,30-40,30-45,30-60
1,102559,1,19.484124675982194,15-20,10-20,60-90.1
1,102597,1,22.778564001304243,20-25,20-30,30-60
1,102765,0,27.74393422948366,25-30,20-30,60-90.1
1,102776,1,19.039353716593986,15-20,10-20,0-30
1,102841,0,23.95907704939056,20-25,20-30,30-60
1,102851,1,22.457635645480494,20-25,20-30,30-60
1,102853,1,22.49299875039692,20-25,20-30,60-90.1
1,102928,1,17.21060253860873,15-20,10-20,60-90.1
1,103033,1,18.540096775846937,15-20,10-20,60-90.1
1,103151,1,15.58448269667854,15-20,10-20,60-90.1
1,103195,1,21.080504108367496,20-25,20-30,60-90.1
1,103318,1,26.67701167856616,25-30,20-30,60-90.1
1,103331,1,42.86439898153486,40-50,30-45,30-60
1,103351,1,14.92208953785324,10-15,10-20,60-90.1
1,103369,1,20.44660955859526,20-25,20-30,60-90.1
1,103433,0,51.41428948910813,50-60,45-70,60-90.1
1,103479,1,17.56928853144842,15-20,10-20,60-90.1
1,103484,1,15.001030031040388,15-20,10-20,60-90.1
1,103511,1,29.872247580520487,25-30,20-30,60-90.1
1,103533,1,32.62897233115489,30-40,30-45,60-90.1
1,103544,0,54.69405862437418,50-60,45-70,60-90.1
1,103560,1,16.082718388199194,15-20,10-20,0-30
1,103572,1,21.955420189748896,20-25,20-30,60-90.1
1,103599,1,19.2661563182281,15-20,10-20,60-90.1
1,103625,1,36.957931068105935,30-40,30-45,30-60
1,103626,0,49.32733226948422,40-50,45-70,60-90.1
1,103665,1,37.697479673354096,30-40,30-45,30-60
1,103692,0,41.60031010218625,40-50,30-45,60-90.1
1,103739,0,37.4903030015396,30-40,30-45,60-90.1
1,103762,0,35.762305683453484,30-40,30-45,30-60
1,103820,1,25.727556058195383,25-30,20-30,30-60
1,103833,0,37.02913694730172,30-40,30-45,30-60
1,103890,1,29.035088329280924,25-30,20-30,60-90.1
1,103933,0,33.65823410313582,30-40,30-45,0-30
1,103965,1,24.079455546993668,20-25,20-30,60-90.1
1,103981,0,23.346676469080233,20-25,20-30,30-60
1,103994,1,20.52337533818537,20-25,20-30,60-90.1
1,104036,1,20.23803812441042,20-25,20-30,60-90.1
1,104051,1,19.596528962012883,15-20,10-20,60-90.1
1,104056,1,19.54589633566356,15-20,10-20,30-60
1,104064,1,22.96679295364032,20-25,20-30,60-90.1
1,104100,1,16.186878461111792,15-20,10-20,60-90.1
1,104143,1,16.695661323783096,15-20,10-20,60-90.1
1,104148,1,13.509152385584343,10-15,10-20,0-30
1,104235,1,19.96763371054009,15-20,10-20,60-90.1
1,104277,1,20.34065070934433,20-25,20-30,60-90.1
1,104286,1,10.955583681957132,10-15,10-20,30-60
1,104363,1,19.45855760862399,15-20,10-20,60-90.1
1,104373,1,12.642842997645277,10-15,10-20,30-60
1,104428,1,16.12985430217601,15-20,10-20,60-90.1
1,104532,1,17.67118076534669,15-20,10-20,60-90.1
1,104578,1,29.636627299467758,25-30,20-30,30-60
1,104678,1,24.306555479511992,20-25,20-30,60-90.1
1,104752,0,46.24750523906473,40-50,45-70,60-90.1
1,104812,1,26.649125766051323,25-30,20-30,60-90.1
1,104825,1,17.763645622695677,15-20,10-20,60-90.1
1,104877,0,38.158450026691156,30-40,30-45,0-30
1,104887,1,26.745441614406136,25-30,20-30,0-30
1,104916,1,34.893490089124334,30-40,30-45,30-60
1,105020,1,26.42794178983714,25-30,20-30,30-60
1,105045,0,24.58615422585705,20-25,20-30,0-30
1,105320,1,13.316793787804583,10-15,10-20,60-90.1
1,105344,1,26.08978869185396,25-30,20-30,0-30
1,105376,1,26.06953833883242,25-30,20-30,0-30
1,105408,1,28.365272429692943,25-30,20-30,30-60
1,105454,1,24.829781906983488,20-25,20-30,30-60
1,105457,1,32.576955705689606,30-40,30-45,30-60
1,105461,1,33.414512947826374,30-40,30-45,30-60
1,105532,1,21.2759708021763,20-25,20-30,60-90.1
1,105564,1,40.82029813877247,40-50,30-45,30-60
1,105714,0,56.450413227368436,50-60,45-70,60-90.1
1,105717,1,19.636359134889865,15-20,10-20,60-90.1
1,105813,0,51.871931948134886,50-60,45-70,60-90.1
1,105836,1,16.199524220267467,15-20,10-20,60-90.1
1,105893,1,36.05255301448906,30-40,30-45,30-60
1,105896,1,20.072710306091153,20-25,20-30,0-30
1,105961,1,27.9164631150907,25-30,20-30,0-30
1,105972,1,21.845479163134005,20-25,20-30,60-90.1
1,106010,0,38.64207272339516,30-40,30-45,0-30
1,106040,1,31.611833697182117,30-40,30-45,0-30
1,106076,0,32.33099563468267,30-40,30-45,60-90.1
1,106102,1,22.188355783166028,20-25,20-30,60-90.1
1,106112,0,28.161313717244685,25-30,20-30,60-90.1
1,106179,0,26.664988323089787,25-30,20-30,0-30
1,106191,1,22.995313834914356,20-25,20-30,30-60
1,106242,1,20.423316762401296,20-25,20-30,60-90.1
1,106274,1,17.987138793560657,15-20,10-20,60-90.1
1,106305,1,14.87161878320356,10-15,10-20,60-90.1
1,106314,1,15.301398146946505,15-20,10-20,60-90.1
1,106380,1,17.92342547989549,15-20,10-20,60-90.1
1,106393,1,12.578665957256952,10-15,10-20,60-90.1
1,106473,1,18.688603941666823,15-20,10-20,60-90.1
1,106492,1,23.570885300883663,20-25,20-30,0-30
1,106499,1,14.273611660253524,10-15,10-20,60-90.1
1,106532,1,33.779093393877034,30-40,30-45,0-30
1,106564,1,36.08690986434716,30-40,30-45,60-90.1
1,106571,1,18.820055678587156,15-20,10-20,60-90.1
1,106577,1,23.502098257460265,20-25,20-30,30-60
1,106592,1,15.16666898292517,15-20,10-20,60-90.1
1,106661,1,41.6569637372537,40-50,30-45,30-60
1,106681,1,44.82776268738481,40-50,30-45,30-60
1,106723,0,49.050200930387646,40-50,45-70,60-90.1
1,106735,1,16.914373502473836,15-20,10-20,30-60
1,106773,1,21.000514568954088,20-25,20-30,60-90.1
1,106802,1,27.47393684129886,25-30,20-30,60-90.1
1,106852,1,35.92435968703481,30-40,30-45,60-90.1
1,106868,1,38.78379955320017,30-40,30-45,0-30
1,106905,1,26.813750918525578,25-30,20-30,60-90.1
1,106911,1,32.625006871929436,30-40,30-45,60-90.1
1,106966,1,34.760374735473704,30-40,30-45,60-90.1
1,107118,0,39.1183135778362,30-40,30-45,30-60
1,107172,1,32.23481483083279,30-40,30-45,60-90.1
1,107306,0,24.652497237609253,20-25,20-30,0-30
1,107342,1,22.219115896181524,20-25,20-30,0-30
1,107480,1,16.780856221374627,15-20,10-20,60-90.1
1,107508,1,21.648017049375852,20-25,20-30,30-60
1,107532,1,17.428317947945295,15-20,10-20,60-90.1
1,107550,1,16.043958780620713,15-20,10-20,60-90.1
1,107581,1,15.094749301403125,15-20,10-20,60-90.1
1,107637,1,13.256513978630121,10-15,10-20,60-90.1
1,107645,1,11.25180098244391,10-15,10-20,30-60
1,107747,1,38.21107060138576,30-40,30-45,30-60
1,107828,1,27.853455397225485,25-30,20-30,60-90.1
1,107861,1,25.79653910238436,25-30,20-30,60-90.1
1,107900,0,53.97465531701759,50-60,45-70,60-90.1
1,107905,1,16.163075020435087,15-20,10-20,60-90.1
1,107989,0,55.00262117673306,50-60,45-70,60-90.1
1,108016,1,29.510983976338782,25-30,20-30,60-90.1
1,108034,1,39.75147497348786,30-40,30-45,30-60
1,108072,1,18.896666468819838,15-20,10-20,60-90.1
1,108091,0,49.09183214430428,40-50,45-70,60-90.1
1,108160,1,22.383043446657467,20-25,20-30,60-90.1
1,108228,0,38.62186437535491,30-40,30-45,60-90.1
1,108316,0,31.01249047570316,30-40,30-45,30-60
1,108321,1,29.852421128124405,25-30,20-30,30-60
1,108367,1,25.016858664294023,25-30,20-30,30-60
1,108390,0,24.352643537081313,20-25,20-30,30-60
1,108432,1,23.05853024337058,20-25,20-30,60-90.1
1,108433,1,22.463864843869473,20-25,20-30,30-60
1,108462,1,21.154386925874565,20-25,20-30,60-90.1
1,108497,1,18.9003480900062,15-20,10-20,0-30
1,108513,1,17.787956893749843,15-20,10-20,60-90.1
1,108601,1,19.2224393918161,15-20,10-20,60-90.1
1,108612,1,21.184142538890498,20-25,20-30,30-60
1,108619,1,16.836947318686537,15-20,10-20,30-60
1,108766,1,21.16836773206421,20-25,20-30,60-90.1
1,108804,1,11.39651835564605,10-15,10-20,30-60
1,108848,1,17.682767766705275,15-20,10-20,60-90.1
1,108863,1,12.083702946656143,10-15,10-20,60-90.1
1,108905,1,42.93947314904213,40-50,30-45,30-60
1,108934,1,46.31999708546261,40-50,45-70,0-30
1,109043,1,25.73125268607044,25-30,20-30,30-60
1,109071,1,34.75975252098965,30-40,30-45,30-60
1,109080,1,22.865468637227018,20-25,20-30,30-60
1,109090,1,17.012593363121752,15-20,10-20,60-90.1
1,109135,1,24.54130033684734,20-25,20-30,60-90.1
1,109153,1,21.692757839588115,20-25,20-30,60-90.1
1,109154,1,27.209543038896825,25-30,20-30,60-90.1
1,109199,1,33.245030152760584,30-40,30-45,60-90.1
1,109210,1,21.38625844865532,20-25,20-30,30-60
1,109268,1,17.30058770670267,15-20,10-20,0-30
1,109276,1,36.38617702492104,30-40,30-45,30-60
1,109290,0,39.81495867672734,30-40,30-45,30-60
1,109295,0,38.194110930510945,30-40,30-45,60-90.1
1,109338,0,37.15562588037746,30-40,30-45,0-30
1,109351,0,34.82052246978872,30-40,30-45,30-60
1,109440,1,24.387629454731382,20-25,20-30,0-30
1,109458,1,24.03356645209372,20-25,20-30,60-90.1
1,109490,1,19.72902628346831,15-20,10-20,30-60
1,109526,1,24.358819384499625,20-25,20-30,60-90.1
1,109529,1,20.47968068983672,20-25,20-30,60-90.1
1,109625,1,13.532372079201435,10-15,10-20,30-60
1,109661,1,17.02775010697159,15-20,10-20,60-90.1
1,109724,1,25.76309513799933,25-30,20-30,60-90.1
1,109733,1,12.63330000390448,10-15,10-20,30-60
1,109761,1,19.58027357530866,15-20,10-20,60-90.1
1,109778,1,23.12660570004776,20-25,20-30,30-60
1,109879,1,21.086710993957578,20-25,20-30,60-90.1
1,109917,1,35.69568258085846,30-40,30-45,0-30
1,109949,1,40.67405428277127,40-50,30-45,0-30
1,110005,1,22.325221504492795,20-25,20-30,60-90.1
1,110026,0,50.843106083374835,50-60,45-70,60-90.1
1,110109,1,33.40421354948088,30-40,30-45,60-90.1
1,110165,1,29.921170056095153,25-30,20-30,30-60
1,110168,1,39.389316082416734,30-40,30-45,30-60
1,110188,1,16.014770809381165,15-20,10-20,60-90.1
1,110230,1,36.34692202272584,30-40,30-45,0-30
1,110246,0,42.55914779285483,40-50,30-45,60-90.1
1,110297,1,26.96968754410764,25-30,20-30,30-60
1,110306,0,40.68930911684752,40-50,30-45,0-30
1,110316,0,38.29213522523559,30-40,30-45,30-60
1,110348,1,34.796937113952325,30-40,30-45,0-30
1,110418,0,32.49694097379651,30-40,30-45,60-90.1
1,110442,1,25.743730455291093,25-30,20-30,60-90.1
1,110508,1,23.97391797310183,20-25,20-30,30-60
1,110536,1,21.85470138847896,20-25,20-30,60-90.1
1,110670,1,18.754544961908884,15-20,10-20,30-60
1,110741,1,28.349285945714,25-30,20-30,0-30
1,110770,1,29.138954924817778,25-30,20-30,0-30
1,110804,1,31.520246048548668,30-40,30-45,30-60
1,110813,1,13.198572399637255,10-15,10-20,60-90.1
1,110821,1,34.462748749052686,30-40,30-45,30-60
1,110909,1,21.055678716918017,20-25,20-30,60-90.1
1,110942,1,22.449489950193886,20-25,20-30,60-90.1
1,110946,1,28.737237887269266,25-30,20-30,30-60
1,111041,0,55.65739411853599,50-60,45-70,60-90.1
1,111104,0,53.023065005334644,50-60,45-70,60-90.1
1,111124,1,19.292820071587645,15-20,10-20,60-90.1
1,111174,1,36.932009585943696,30-40,30-45,60-90.1
1,111193,0,47.328529365986924,40-50,45-70,60-90.1
1,111220,1,24.65655305706259,20-25,20-30,60-90.1
1,111347,0,35.93041313056408,30-40,30-45,30-60
1,111398,1,26.249186215835795,25-30,20-30,60-90.1
1,111435,1,22.011865900455422,20-25,20-30,30-60
1,111478,0,24.948363465738524,20-25,20-30,30-60
1,111538,1,21.818986185361187,20-25,20-30,30-60
1,111581,1,19.72471262029157,15-20,10-20,60-90.1
1,111599,1,18.65110288418202,15-20,10-20,0-30
1,111683,1,21.356150106826874,20-25,20-30,30-60
1,111712,1,15.754102422279852,15-20,10-20,30-60
1,111747,1,17.24200940537803,15-20,10-20,60-90.1
1,111808,1,34.64336787812648,30-40,30-45,60-90.1
1,111833,1,25.313800437445916,25-30,20-30,0-30
1,111855,1,37.31532321055974,30-40,30-45,60-90.1
1,111872,1,40.537402741733295,40-50,30-45,60-90.1
1,111882,1,25.077472155089275,25-30,20-30,60-90.1
1,111938,1,17.73386508381538,15-20,10-20,60-90.1
1,111967,1,23.57034895764291,20-25,20-30,60-90.1
1,111992,1,32.31969572992088,30-40,30-45,60-90.1
1,112018,1,32.17213052730889,30-40,30-45,60-90.1
1,112045,1,30.182005948202978,30-40,30-45,30-60
1,112116,1,18.87084544131676,15-20,10-20,60-90.1
1,112202,1,36.658257576496204,30-40,30-45,0-30
1,112210,1,27.41378788464055,25-30,20-30,0-30
1,112252,0,42.980596399271654,40-50,30-45,30-60
1,112415,0,26.875176508007176,25-30,20-30,30-60
1,112425,1,22.405442432660916,20-25,20-30,0-30
1,112467,1,24.20800982446359,20-25,20-30,30-60
1,112502,1,24.990602906983156,20-25,20-30,30-60
1,112535,1,21.682577345142068,20-25,20-30,60-90.1
1,112561,1,19.378703800086274,15-20,10-20,30-60
1,112590,1,18.180672821225443,15-20,10-20,60-90.1
1,112680,1,22.756842142533287,20-25,20-30,0-30
1,112705,1,19.775778032515188,15-20,10-20,60-90.1
1,112748,1,21.84826931591846,20-25,20-30,60-90.1
1,112917,1,44.12551626663413,40-50,30-45,30-60
1,112948,0,48.49124367805374,40-50,45-70,60-90.1
1,112986,0,53.01264686551691,50-60,45-70,60-90.1
1,113040,1,30.148035324769676,30-40,30-45,30-60
1,113103,1,28.063166638855268,25-30,20-30,30-60
1,113107,0,50.46563896789522,50-60,45-70,60-90.1
1,113112,1,25.37907502021574,25-30,20-30,60-90.1
1,113129,1,22.15627557110849,20-25,20-30,60-90.1
1,113150,1,34.444096750133696,30-40,30-45,60-90.1
1,113216,1,23.298842189917067,20-25,20-30,30-60
1,113222,1,17.56793308745081,15-20,10-20,30-60
1,113250,1,40.027817526415504,40-50,30-45,0-30
1,113271,1,36.31024824316483,30-40,30-45,30-60
1,113279,1,40.92465540700526,40-50,30-45,30-60
1,113289,1,28.938665982287723,25-30,20-30,0-30
1,113345,0,39.59785216789876,30-40,30-45,60-90.1
1,113360,1,34.12333627210036,30-40,30-45,30-60
1,113361,0,34.562421293296744,30-40,30-45,30-60
1,113369,1,31.495378565271995,30-40,30-45,30-60
1,113430,0,29.564435420471955,25-30,20-30,30-60
1,113462,0,26.94973574228927,25-30,20-30,0-30
1,113559,1,22.01027946470876,20-25,20-30,60-90.1
1,113661,1,20.868298715743144,20-25,20-30,60-90.1
1,113674,1,16.09230900062788,15-20,10-20,60-90.1
1,113739,1,16.78941398874994,15-20,10-20,60-90.1
1,113803,1,19.709760330816454,15-20,10-20,60-90.1
1,113858,1,23.043881061035357,20-25,20-30,60-90.1
1,113916,1,22.636879151137165,20-25,20-30,60-90.1
1,113982,1,42.05651922065237,40-50,30-45,60-90.1
1,114076,1,22.07191711358072,20-25,20-30,60-90.1
1,114098,1,34.35555806937042,30-40,30-45,60-90.1
1,114126,1,20.82353821688821,20-25,20-30,60-90.1
1,114131,0,56.997881415878176,50-60,45-70,60-90.1
1,114196,1,20.840638648247356,20-25,20-30,30-60
1,114293,0,43.67329028776881,40-50,30-45,60-90.1
1,114355,1,41.26105833031192,40-50,30-45,30-60
1,114360,1,42.464062695521505,40-50,30-45,30-60
1,114410,0,37.443859959773256,30-40,30-45,0-30
1,114420,1,27.820930101655552,25-30,20-30,30-60
1,114438,1,23.58813851247887,20-25,20-30,60-90.1
1,114524,1,22.46162733272767,20-25,20-30,30-60
1,114598,1,23.12572653891292,20-25,20-30,60-90.1
1,114599,1,23.96042850671291,20-25,20-30,30-60
1,114627,1,25.75538589289149,25-30,20-30,30-60
1,114636,1,21.114092325473724,20-25,20-30,60-90.1
1,114639,1,21.281773609154644,20-25,20-30,60-90.1
1,114688,1,19.0217745368005,15-20,10-20,60-90.1
1,114780,1,21.710891366253488,20-25,20-30,60-90.1
1,114828,1,12.429586767062798,10-15,10-20,30-60
1,114871,1,16.490308666727525,15-20,10-20,60-90.1
1,114883,1,13.16652318642831,10-15,10-20,60-90.1
1,114952,1,25.968457318973947,25-30,20-30,30-60
1,114969,1,33.617455694239844,30-40,30-45,0-30
1,114992,1,17.523321632413467,15-20,10-20,60-90.1
1,115000,1,32.622139537969225,30-40,30-45,60-90.1
1,115050,1,41.788948421739036,40-50,30-45,0-30
1,115138,0,50.06139784676653,50-60,45-70,60-90.1
1,115146,1,23.514577203772742,20-25,20-30,60-90.1
1,115230,1,16.879681246959755,15-20,10-20,60-90.1
1,115246,1,36.920402072411974,30-40,30-45,0-30
1,115288,0,54.39101513967707,50-60,45-70,60-90.1
1,115389,1,33.64277759992665,30-40,30-45,30-60
1,115395,1,19.182459030234174,15-20,10-20,60-90.1
1,115514,1,39.0885796044291,30-40,30-45,60-90.1
1,115552,1,36.586359831378026,30-40,30-45,0-30
1,115556,1,36.89540119557898,30-40,30-45,60-90.1
1,115681,1,26.040720808285197,25-30,20-30,60-90.1
1,115687,0,28.726537596933728,25-30,20-30,30-60
1,115897,1,17.403893257841837,15-20,10-20,60-90.1
1,115901,1,18.955237010190707,15-20,10-20,60-90.1
1,115942,1,25.55495122628057,25-30,20-30,60-90.1
1,115981,1,26.275220280498203,25-30,20-30,30-60
1,116034,1,33.57256435816596,30-40,30-45,0-30
1,116093,1,36.47750381057447,30-40,30-45,30-60
1,116113,1,39.3821116699032,30-40,30-45,30-60
1,116134,1,16.725976066262483,15-20,10-20,60-90.1
1,116161,1,23.628242344423654,20-25,20-30,60-90.1
1,116187,0,45.875032621995246,40-50,45-70,0-30
1,116193,1,22.28821331928817,20-25,20-30,60-90.1
1,116258,1,17.252508475158287,15-20,10-20,60-90.1
1,116368,1,23.16369757312555,20-25,20-30,60-90.1
1,116413,1,29.27729796683245,25-30,20-30,30-60
1,116501,1,35.81098355284342,30-40,30-45,30-60
1,116503,1,46.57010813630505,40-50,45-70,60-90.1
1,116552,1,41.68419650567826,40-50,30-45,30-60
1,116613,0,38.348233383513914,30-40,30-45,60-90.1
1,116673,1,34.46774102348269,30-40,30-45,60-90.1
1,116689,1,24.374548530690408,20-25,20-30,30-60
1,116736,1,21.860240738510743,20-25,20-30,60-90.1
1,116771,1,26.81417751368146,25-30,20-30,30-60
1,116843,1,21.470566532764966,20-25,20-30,60-90.1
1,116917,1,17.139934985323194,15-20,10-20,60-90.1
1,117019,1,18.311030547272146,15-20,10-20,60-90.1
1,117035,1,21.171535252153685,20-25,20-30,60-90.1
1,117055,1,27.96349584450156,25-30,20-30,30-60
1,117095,1,17.060774914913534,15-20,10-20,60-90.1
1,117151,1,25.114930551053035,25-30,20-30,60-90.1
1,117266,1,17.12634613181526,15-20,10-20,60-90.1
1,117327,0,54.155545692204655,50-60,45-70,60-90.1
1,117345,1,18.096254392982168,15-20,10-20,60-90.1
1,117370,1,32.16972209460681,30-40,30-45,30-60
1,117412,1,25.442597644774064,25-30,20-30,30-60
1,117416,1,31.70250967369691,30-40,30-45,30-60
1,117430,1,38.134025541973024,30-40,30-45,0-30
1,117439,1,30.15823588097445,30-40,30-45,30-60
1,117448,1,21.4797311972144,20-25,20-30,60-90.1
1,117514,0,49.22708860696944,40-50,45-70,30-60
1,117578,1,23.899921764241352,20-25,20-30,30-60
1,117593,1,36.914396158078034,30-40,30-45,30-60
1,117618,1,45.479655382499985,40-50,45-70,30-60
1,117634,1,42.391933714985164,40-50,30-45,30-60
1,117649,1,40.441411937929345,40-50,30-45,0-30
1,117655,1,39.65452870712681,30-40,30-45,60-90.1
1,117659,0,40.23174600862557,40-50,30-45,60-90.1
1,117694,1,27.592659884542545,25-30,20-30,30-60
1,117696,1,36.33254743799192,30-40,30-45,30-60
1,117699,1,36.913480730355,30-40,30-45,30-60
1,117736,1,33.546865039083706,30-40,30-45,60-90.1
1,117757,1,22.963672166904754,20-25,20-30,30-60
1,117807,0,29.036239071166353,25-30,20-30,0-30
1,117810,0,29.621893184497303,25-30,20-30,60-90.1
1,117861,1,27.7362451517868,25-30,20-30,30-60
1,117908,1,24.74370977826389,20-25,20-30,60-90.1
1,117961,1,21.294803602775595,20-25,20-30,30-60
1,118008,1,17.297443840371688,15-20,10-20,60-90.1
1,118010,1,13.091464205522819,10-15,10-20,0-30
1,118057,1,15.224705618807235,15-20,10-20,60-90.1
1,118080,1,12.406397863678915,10-15,10-20,60-90.1
1,118099,1,18.635994905598903,15-20,10-20,60-90.1
1,118169,1,22.316504635658944,20-25,20-30,60-90.1
1,118182,1,14.250965283891153,10-15,10-20,30-60
1,118261,1,27.51747074581792,25-30,20-30,0-30
1,118303,1,18.679728778454837,15-20,10-20,60-90.1
1,118374,1,43.77062547379704,40-50,30-45,30-60
1,118553,1,39.601942579889865,30-40,30-45,0-30
1,118563,0,53.08576426067733,50-60,45-70,30-60
1,118629,1,23.375677952209063,20-25,20-30,60-90.1
1,118690,1,42.279087643784244,40-50,30-45,30-60
1,118692,1,42.723593168094744,40-50,30-45,30-60
1,118700,1,45.27163554677863,40-50,45-70,60-90.1
1,118729,1,37.557400384467996,30-40,30-45,30-60
1,118806,1,29.846088087880595,25-30,20-30,30-60
1,118876,0,31.503433337756988,30-40,30-45,30-60
1,118885,1,28.360364088747186,25-30,20-30,60-90.1
1,118930,1,28.061003930856142,25-30,20-30,60-90.1
1,118953,1,27.05015459484058,25-30,20-30,60-90.1
1,119010,1,28.042229743688026,25-30,20-30,30-60
1,119035,1,23.44514861680728,20-25,20-30,0-30
1,119065,1,22.727297208206835,20-25,20-30,30-60
1,119153,1,16.305291324683076,15-20,10-20,60-90.1
1,119239,1,13.929838338920732,10-15,10-20,60-90.1
1,119327,1,19.6843153452908,15-20,10-20,60-90.1
1,119376,1,35.14607009552063,30-40,30-45,30-60
1,119466,1,22.929760477445736,20-25,20-30,60-90.1
1,119517,0,47.33716362838669,40-50,45-70,60-90.1
1,119593,1,32.34010859018445,30-40,30-45,30-60
1,119627,0,56.363304192875056,50-60,45-70,60-90.1
1,119648,1,28.889278997263872,25-30,20-30,30-60
1,119684,1,24.656196932966793,20-25,20-30,30-60
1,119687,1,27.57214736946026,25-30,20-30,60-90.1
1,119721,1,39.55897925305001,30-40,30-45,30-60
1,119794,1,26.244782900062273,25-30,20-30,30-60
1,119837,1,43.97404700475802,40-50,30-45,60-90.1
1,119857,1,28.534791604570763,25-30,20-30,30-60
1,119872,1,37.45357654225801,30-40,30-45,30-60
1,119874,1,38.682200978982436,30-40,30-45,30-60
1,119941,1,34.03195681938429,30-40,30-45,30-60
1,120019,1,30.25638621793713,30-40,30-45,0-30
1,120043,1,23.657304057684833,20-25,20-30,60-90.1
1,120106,1,25.34301309986863,25-30,20-30,60-90.1
1,120110,1,26.31450144662528,25-30,20-30,30-60
1,120128,1,25.419021561561717,25-30,20-30,60-90.1
1,120139,1,24.23308467389067,20-25,20-30,60-90.1
1,120161,1,23.305570073799142,20-25,20-30,60-90.1
1,120237,1,21.4113638673003,20-25,20-30,30-60
1,120244,1,19.895290762568102,15-20,10-20,30-60
1,120278,1,15.261664582256598,15-20,10-20,60-90.1
1,120341,1,18.824107539474504,15-20,10-20,60-90.1
1,120389,1,30.21022852771166,30-40,30-45,30-60
1,120438,1,36.411427938177084,30-40,30-45,30-60
1,120445,1,34.76903886050498,30-40,30-45,30-60
1,120457,1,24.850559908800115,20-25,20-30,60-90.1
1,120463,1,37.68386005890269,30-40,30-45,30-60
1,120524,1,29.836327416057213,25-30,20-30,0-30
1,120526,1,41.16146300853182,40-50,30-45,0-30
1,120547,1,16.002192908254184,15-20,10-20,60-90.1
1,120583,1,23.291043669004644,20-25,20-30,60-90.1
1,120593,1,20.19866764340296,20-25,20-30,60-90.1
1,120597,0,51.40213972194591,50-60,45-70,60-90.1
1,120600,1,15.681997058899347,15-20,10-20,60-90.1
1,120683,1,31.362449457185594,30-40,30-45,60-90.1
1,120699,0,56.06048060280128,50-60,45-70,30-60
1,120847,1,43.0517364576598,40-50,30-45,30-60
1,120864,1,24.51251338767237,20-25,20-30,30-60
1,120871,1,41.9966274490962,40-50,30-45,30-60
1,120891,1,41.193985175099996,40-50,30-45,60-90.1
1,120918,0,40.83480411255354,40-50,30-45,60-90.1
1,120930,1,37.87490097025338,30-40,30-45,0-30
1,120943,1,37.90434612903859,30-40,30-45,60-90.1
1,120969,1,35.90581017692532,30-40,30-45,60-90.1
1,120985,1,35.52857918534244,30-40,30-45,30-60
1,121008,0,34.74090420178817,30-40,30-45,60-90.1
1,121032,1,26.555792830549777,25-30,20-30,30-60
1,121056,1,31.637439633120852,30-40,30-45,30-60
1,121106,1,29.001430387602678,25-30,20-30,30-60
1,121252,1,13.876502148095836,10-15,10-20,60-90.1
1,121323,1,22.394811436753628,20-25,20-30,0-30
1,121338,1,26.44155774200899,25-30,20-30,60-90.1
1,121364,1,27.081170758130295,25-30,20-30,0-30
1,121528,1,40.854262604214526,40-50,30-45,30-60
1,121614,1,22.633973966481886,20-25,20-30,60-90.1
1,121660,1,32.774005803756594,30-40,30-45,60-90.1
1,121677,1,19.63343024710616,15-20,10-20,60-90.1
1,121788,1,37.97190222557422,30-40,30-45,60-90.1
1,121797,1,36.048631242723424,30-40,30-45,60-90.1
1,121808,1,36.2487682242597,30-40,30-45,0-30
1,121830,1,37.24508957214152,30-40,30-45,0-30
1,121845,1,43.32946412011509,40-50,30-45,30-60
1,121867,1,44.11477495433425,40-50,30-45,60-90.1
1,121878,1,37.76319686604567,30-40,30-45,0-30
1,121880,1,38.73111392020245,30-40,30-45,30-60
1,121916,1,39.3708947261737,30-40,30-45,60-90.1
1,121955,0,38.61905791668792,30-40,30-45,30-60
1,121963,1,27.090428658626145,25-30,20-30,30-60
1,121968,1,37.627235454330254,30-40,30-45,60-90.1
1,122055,1,26.42224256957045,25-30,20-30,60-90.1
1,122082,1,34.014424282995414,30-40,30-45,30-60
1,122098,1,25.412690917301347,25-30,20-30,60-90.1
1,122194,1,24.78121558502323,20-25,20-30,60-90.1
1,122291,1,14.03097551809337,10-15,10-20,60-90.1
1,122386,1,15.5037667304258,15-20,10-20,60-90.1
1,122399,1,24.21392201262963,20-25,20-30,60-90.1
1,122462,1,16.850366273478528,15-20,10-20,60-90.1
1,122483,1,21.242822236268943,20-25,20-30,60-90.1
1,122558,1,17.094437653613962,15-20,10-20,60-90.1
1,122632,1,45.274051768363165,40-50,45-70,60-90.1
1,122736,1,30.705496042157808,30-40,30-45,60-90.1
1,122742,1,21.98833558056978,20-25,20-30,60-90.1
1,122820,1,50.49788198084298,50-60,45-70,60-90.1
1,122859,1,40.222185901695106,40-50,30-45,30-60
1,122861,1,41.69314094913262,40-50,30-45,30-60
1,122863,1,43.49394108107059,40-50,30-45,30-60
1,122864,1,43.77600442527731,40-50,30-45,30-60
1,122999,1,36.867646135199394,30-40,30-45,60-90.1
1,123009,1,33.37257227251551,30-40,30-45,30-60
1,123049,1,34.64819565837892,30-40,30-45,30-60
1,123131,1,28.888808938157954,25-30,20-30,60-90.1
1,123193,1,26.215543818494815,25-30,20-30,60-90.1
1,123233,1,18.276902725218115,15-20,10-20,60-90.1
1,123321,1,17.146628983034326,15-20,10-20,0-30
1,123461,1,26.714131123603472,25-30,20-30,60-90.1
1,123561,1,26.37896892756693,25-30,20-30,30-60
1,123617,0,48.12413690703743,40-50,45-70,60-90.1
1,123667,1,34.592496616884674,30-40,30-45,30-60
1,123675,1,22.985507463134265,20-25,20-30,60-90.1
1,123689,1,25.493433209411894,25-30,20-30,60-90.1
1,123717,1,19.378000923400286,15-20,10-20,30-60
1,123809,1,40.47100555100082,40-50,30-45,30-60
1,123825,1,38.99979682179291,30-40,30-45,0-30
1,123839,1,45.99041605741207,40-50,45-70,0-30
1,123948,1,36.050979106414246,30-40,30-45,60-90.1
1,123983,1,34.87231133598192,30-40,30-45,60-90.1
1,124009,1,30.50944581497823,30-40,30-45,60-90.1
1,124016,1,34.126716186898086,30-40,30-45,60-90.1
1,124055,1,31.507633555935236,30-40,30-45,60-90.1
1,124060,1,27.648918525623568,25-30,20-30,60-90.1
1,124070,1,30.203606487542785,30-40,30-45,30-60
1,124082,1,28.411840250957606,25-30,20-30,30-60
1,124114,1,27.803374012250966,25-30,20-30,30-60
1,124236,1,18.02080150481891,15-20,10-20,30-60
1,124260,1,15.997542261389729,15-20,10-20,60-90.1
1,124282,1,20.135939847528544,20-25,20-30,60-90.1
1,124495,1,41.83634867691208,40-50,30-45,60-90.1
1,124537,1,17.840294713446706,15-20,10-20,60-90.1
1,124575,1,30.29905808206704,30-40,30-45,30-60
1,124608,1,27.260276862555017,25-30,20-30,60-90.1
1,124614,1,35.5672825192467,30-40,30-45,30-60
1,124639,1,35.690754142971905,30-40,30-45,60-90.1
1,124702,1,37.586787199639794,30-40,30-45,30-60
1,124719,1,37.72265770968853,30-40,30-45,0-30
1,124727,1,49.01124117529199,40-50,45-70,0-30
1,124733,1,46.83040784325126,40-50,45-70,60-90.1
1,124740,1,41.666046662870386,40-50,30-45,30-60
1,124743,1,46.82124909069727,40-50,45-70,30-60
1,124777,1,43.70589796873693,40-50,30-45,60-90.1
1,124858,1,29.019406002859796,25-30,20-30,60-90.1
1,125012,1,27.690444767854604,25-30,20-30,0-30
1,125093,1,23.31092397492329,20-25,20-30,60-90.1
1,125102,1,18.74910314114465,15-20,10-20,30-60
1,125216,1,33.827691256757745,30-40,30-45,0-30
1,125226,1,22.48899627392203,20-25,20-30,60-90.1
1,125277,1,16.845671314790398,15-20,10-20,60-90.1
1,125320,1,12.809994160110048,10-15,10-20,60-90.1
1,125349,1,41.62742456764569,40-50,30-45,30-60
1,125384,0,45.700422118818466,40-50,45-70,60-90.1
1,125430,1,18.135748428587704,15-20,10-20,30-60
1,125450,1,15.506985363688589,15-20,10-20,30-60
1,125468,0,52.00524258173119,50-60,45-70,60-90.1
1,125530,1,37.01650921420269,30-40,30-45,0-30
1,125552,1,53.446123918443604,50-60,45-70,60-90.1
1,125650,1,43.30199157881799,40-50,30-45,30-60
1,125658,1,23.42795720815177,20-25,20-30,60-90.1
1,125686,1,27.106312348304893,25-30,20-30,0-30
1,125704,1,30.447926773615073,30-40,30-45,0-30
1,125783,1,33.621328844629744,30-40,30-45,30-60
1,125787,1,33.09428465287666,30-40,30-45,60-90.1
1,125794,1,34.25132075430294,30-40,30-45,60-90.1
1,125798,1,32.49382774218283,30-40,30-45,0-30
1,125867,1,17.676974531337304,15-20,10-20,60-90.1
1,125893,1,18.52391571591928,15-20,10-20,60-90.1
1,125930,1,17.580028774247705,15-20,10-20,60-90.1
1,125981,1,12.46055260246921,10-15,10-20,60-90.1
1,126026,1,27.97027130693541,25-30,20-30,30-60
1,126082,1,24.068228743609012,20-25,20-30,60-90.1
1,126101,1,31.638671677987105,30-40,30-45,60-90.1
1,126135,1,34.93331591318988,30-40,30-45,0-30
1,126137,1,36.68010514408334,30-40,30-45,30-60
1,126152,1,14.673656368707354,10-15,10-20,0-30
1,126164,1,30.308463214962575,30-40,30-45,30-60
1,126173,1,39.05199036135661,30-40,30-45,60-90.1
1,126214,1,17.28509369895292,15-20,10-20,60-90.1
1,126273,1,20.928201988095932,20-25,20-30,60-90.1
1,126292,0,49.329823829972526,40-50,45-70,60-90.1
1,126344,1,28.86622744626778,25-30,20-30,30-60
1,126347,0,53.834151448941384,50-60,45-70,60-90.1
1,126373,1,27.04593257893636,25-30,20-30,30-60
1,126426,1,38.422962700549036,30-40,30-45,60-90.1
1,126433,1,36.3053749238162,30-40,30-45,30-60
1,126452,1,40.37412348659975,40-50,30-45,0-30
1,126502,1,47.42606637936155,40-50,45-70,60-90.1
1,126504,1,38.84780297673958,30-40,30-45,0-30
1,126542,1,44.639801697751274,40-50,30-45,30-60
1,126615,1,36.78923032801181,30-40,30-45,30-60
1,126634,1,26.829073356207015,25-30,20-30,30-60
1,126644,1,35.280520057431275,30-40,30-45,30-60
1,126687,1,30.84484123459472,30-40,30-45,60-90.1
1,126698,1,31.09532823704149,30-40,30-45,60-90.1
1,126775,1,13.085278541943898,10-15,10-20,60-90.1
1,126826,1,14.301329655116872,10-15,10-20,30-60
1,126834,1,21.53239874938199,20-25,20-30,30-60
1,126870,1,28.599304884472502,25-30,20-30,30-60
1,126888,1,17.220007874132673,15-20,10-20,60-90.1
1,126889,1,18.83127877932774,15-20,10-20,60-90.1
1,127075,1,23.216082517973547,20-25,20-30,30-60
1,127125,1,30.641965765060338,30-40,30-45,30-60
1,127179,1,24.111545137185992,20-25,20-30,60-90.1
1,127220,1,52.25294009495774,50-60,45-70,60-90.1
1,127221,1,23.249220953590306,20-25,20-30,60-90.1
1,127237,1,26.288633858531682,25-30,20-30,60-90.1
1,127313,1,50.02787408141564,50-60,45-70,0-30
1,127417,1,27.31053216559935,25-30,20-30,30-60
1,127475,1,30.584357344778514,30-40,30-45,30-60
1,127541,1,33.11849423354545,30-40,30-45,30-60
1,127776,1,25.751472347638895,25-30,20-30,60-90.1
1,127846,1,21.858094003762165,20-25,20-30,60-90.1
1,127875,1,29.615841316444794,25-30,20-30,30-60
1,127907,1,43.312001629812805,40-50,30-45,30-60
1,128121,1,38.65619069286685,30-40,30-45,30-60
1,128159,1,48.137300066577176,40-50,45-70,60-90.1
1,128165,1,49.84961542200099,40-50,45-70,60-90.1
1,128343,1,36.625097361797685,30-40,30-45,30-60
1,128356,1,36.10242007348013,30-40,30-45,60-90.1
1,128421,1,30.44232963633394,30-40,30-45,60-90.1
1,128584,1,23.349849390386403,20-25,20-30,60-90.1
1,128749,1,26.78703436399258,25-30,20-30,30-60
1,128783,0,45.17226909566368,40-50,45-70,30-60
1,128839,1,18.997732856180647,15-20,10-20,60-90.1
1,128844,1,32.05822269036628,30-40,30-45,60-90.1
1,128873,0,50.07914690750337,50-60,45-70,30-60
1,128876,1,21.99889419528615,20-25,20-30,60-90.1
1,128878,1,28.835374612587827,25-30,20-30,30-60
1,128932,1,26.910929608216826,25-30,20-30,60-90.1
1,128951,1,38.10923874785111,30-40,30-45,60-90.1
1,128987,1,37.90855762672718,30-40,30-45,60-90.1
1,128992,1,19.467299808266137,15-20,10-20,60-90.1
1,129044,1,41.33348082383521,40-50,30-45,0-30
1,129088,1,40.43594380653355,40-50,30-45,30-60
1,129089,1,44.02024803268568,40-50,30-45,30-60
1,129127,1,47.65225661658369,40-50,45-70,30-60
1,129177,1,33.23159557030768,30-40,30-45,0-30
1,129180,1,29.67329444745144,25-30,20-30,30-60
1,129266,1,34.56633245344368,30-40,30-45,30-60
1,129320,1,15.139233571558188,15-20,10-20,30-60
1,129329,1,17.774619106480746,15-20,10-20,60-90.1
1,129396,1,16.29424264498316,15-20,10-20,30-60
1,129406,1,20.814691532961593,20-25,20-30,60-90.1
1,129439,1,14.271694299191992,10-15,10-20,60-90.1
1,129638,1,39.57831083749008,30-40,30-45,60-90.1
1,129667,1,39.718395083254606,30-40,30-45,30-60
1,129693,1,13.323630171619463,10-15,10-20,30-60
1,129734,1,18.58802721647366,15-20,10-20,60-90.1
1,129794,1,33.59743660721532,30-40,30-45,60-90.1
1,129819,1,16.893045184452276,15-20,10-20,60-90.1
1,129860,1,35.11761842626645,30-40,30-45,60-90.1
1,129869,1,19.840623538642987,15-20,10-20,30-60
1,129881,0,51.65607681767531,50-60,45-70,60-90.1
1,129890,1,24.12740449141349,20-25,20-30,60-90.1
1,129938,1,22.273173016578784,20-25,20-30,60-90.1
1,129971,1,48.178258464992,40-50,45-70,60-90.1
1,130027,1,46.415869841636884,40-50,45-70,30-60
1,130035,1,46.286403535508384,40-50,45-70,0-30
1,130054,1,47.167660310555725,40-50,45-70,60-90.1
1,130076,1,46.482576110945715,40-50,45-70,60-90.1
1,130187,1,32.515065597169986,30-40,30-45,30-60
1,130202,1,37.5422551483992,30-40,30-45,30-60
1,130207,1,35.649961151655376,30-40,30-45,60-90.1
1,130222,1,35.608848656884604,30-40,30-45,30-60
1,130295,1,19.659654649934705,15-20,10-20,60-90.1
1,130301,1,22.79207448542995,20-25,20-30,60-90.1
1,130371,1,25.957498994611612,25-30,20-30,60-90.1
1,130381,1,18.403155412870444,15-20,10-20,60-90.1
1,130406,1,27.738909182504006,25-30,20-30,60-90.1
1,130430,1,22.85911172661848,20-25,20-30,60-90.1
1,130460,1,33.70781678399035,30-40,30-45,60-90.1
1,130480,1,32.4327241009598,30-40,30-45,60-90.1
1,130544,1,36.50712286237342,30-40,30-45,60-90.1
1,130554,1,27.97175264018402,25-30,20-30,60-90.1
1,130579,1,19.55642440538042,15-20,10-20,60-90.1
1,130584,1,23.409555195386478,20-25,20-30,60-90.1
1,130591,1,11.897050412985095,10-15,10-20,60-90.1
1,130664,1,43.328486308905696,40-50,30-45,60-90.1
1,130701,0,46.88867874864063,40-50,45-70,60-90.1
1,130703,1,14.365946651865686,10-15,10-20,60-90.1
1,130843,1,41.3038674183422,40-50,30-45,30-60
1,130935,1,44.486393817715395,40-50,30-45,60-90.1
1,130953,1,42.41635052530057,40-50,30-45,60-90.1
1,130964,1,46.17890471055882,40-50,45-70,30-60
1,131000,1,30.59098300855479,30-40,30-45,30-60
1,131037,1,34.535933186546174,30-40,30-45,60-90.1
1,131110,1,36.61914221502848,30-40,30-45,60-90.1
1,131170,1,15.988034193877006,15-20,10-20,60-90.1
1,131310,1,31.788084165056656,30-40,30-45,60-90.1
1,131319,1,15.976249497613157,15-20,10-20,60-90.1
1,131339,1,12.920462105056911,10-15,10-20,60-90.1
1,131452,1,16.153612987270712,15-20,10-20,30-60
1,131501,1,17.829192839269357,15-20,10-20,60-90.1
1,131543,1,21.359844997805503,20-25,20-30,30-60
1,131580,1,28.40040873359961,25-30,20-30,30-60
1,131593,1,26.090398972001115,25-30,20-30,60-90.1
1,131697,1,47.50934489467364,40-50,45-70,30-60
1,131727,1,23.272661413627013,20-25,20-30,60-90.1
1,131776,1,29.90309934354215,25-30,20-30,30-60
1,131791,1,26.15338872541978,25-30,20-30,30-60
1,131865,1,42.952061232163686,40-50,30-45,60-90.1
1,131882,1,45.34515307109161,40-50,45-70,0-30
1,131895,1,26.63171426426324,25-30,20-30,60-90.1
1,131919,1,30.249257149419126,30-40,30-45,0-30
1,131954,1,34.549423871296526,30-40,30-45,30-60
1,131998,1,34.87883831734133,30-40,30-45,30-60
1,132047,1,13.243954494711879,10-15,10-20,30-60
1,132306,1,27.63892719350445,25-30,20-30,60-90.1
1,132345,1,26.598763270339788,25-30,20-30,60-90.1
1,132442,0,48.820202998665636,40-50,45-70,60-90.1
1,132494,1,33.61229307991333,30-40,30-45,30-60
1,132519,1,18.954506903844777,15-20,10-20,30-60
1,132561,1,29.830964839487336,25-30,20-30,60-90.1
1,132624,1,27.31126754750677,25-30,20-30,30-60
1,132649,1,44.663600731075164,40-50,30-45,60-90.1
1,132704,1,41.81717745754912,40-50,30-45,60-90.1
1,132717,1,33.32777852305294,30-40,30-45,30-60
1,132847,1,39.8246394511803,30-40,30-45,30-60
1,132862,1,32.21862196958824,30-40,30-45,0-30
1,132866,1,38.43107108607891,30-40,30-45,30-60
1,132884,1,35.95443349322043,30-40,30-45,30-60
1,133013,1,19.051717770827462,15-20,10-20,60-90.1
1,133046,1,18.114314662864704,15-20,10-20,60-90.1
1,133108,1,22.670995882521076,20-25,20-30,60-90.1
1,133113,1,34.01266028715308,30-40,30-45,30-60
1,133152,1,37.0553197453757,30-40,30-45,30-60
1,133187,1,39.54411544909113,30-40,30-45,30-60
1,133215,1,40.65863910060848,40-50,30-45,60-90.1
1,133238,1,15.694843703966455,15-20,10-20,60-90.1
1,133261,1,29.293387542894884,25-30,20-30,60-90.1
1,133301,1,17.01320035263438,15-20,10-20,60-90.1
1,133342,1,31.082771727454194,30-40,30-45,60-90.1
1,133365,1,21.47185722102113,20-25,20-30,60-90.1
1,133374,1,47.29740220908199,40-50,45-70,30-60
1,133423,1,25.50302791590847,25-30,20-30,60-90.1
1,133443,1,38.889070271510946,30-40,30-45,60-90.1
1,133520,1,32.63103213104779,30-40,30-45,0-30
1,133548,1,39.643691764549324,30-40,30-45,30-60
1,133602,1,45.20633982969249,40-50,45-70,60-90.1
1,133640,1,39.511249502069525,30-40,30-45,60-90.1
1,133730,1,36.577266184606,30-40,30-45,60-90.1
1,133800,1,17.117651609688227,15-20,10-20,30-60
1,133876,1,12.870817922780667,10-15,10-20,60-90.1
1,133882,1,21.364969719816823,20-25,20-30,30-60
1,133956,1,23.470400873170654,20-25,20-30,60-90.1
1,134053,1,13.680439037873725,10-15,10-20,30-60
1,134058,1,22.292830343464786,20-25,20-30,60-90.1
1,134121,0,42.98910210818403,40-50,30-45,60-90.1
1,134208,1,31.677690620392468,30-40,30-45,60-90.1
1,134235,1,24.548183222906168,20-25,20-30,30-60
1,134285,1,35.24518843646744,30-40,30-45,60-90.1
1,134326,1,31.689655776103617,30-40,30-45,60-90.1
1,134380,1,30.27674517979797,30-40,30-45,0-30
1,134406,1,37.34796771049817,30-40,30-45,30-60
1,134445,1,42.49836226046474,40-50,30-45,60-90.1
1,134473,1,35.964037959286316,30-40,30-45,30-60
1,134509,1,29.163849389955043,25-30,20-30,0-30
1,134541,1,36.98026434114275,30-40,30-45,30-60
1,134575,1,39.72124497144253,30-40,30-45,60-90.1
1,134591,1,34.295921341222595,30-40,30-45,30-60
1,134600,1,41.77580176817505,40-50,30-45,30-60
1,134784,1,23.03151533026622,20-25,20-30,30-60
1,134850,1,23.724064165977847,20-25,20-30,60-90.1
1,134893,1,31.12154949216735,30-40,30-45,0-30
1,134942,1,17.767814227762486,15-20,10-20,60-90.1
1,135058,1,18.16029875185309,15-20,10-20,60-90.1
1,135086,1,19.56522154488547,15-20,10-20,60-90.1
1,135117,1,26.424260618232893,25-30,20-30,30-60
1,135190,1,28.32353704152806,25-30,20-30,60-90.1
1,135272,1,34.234230445828636,30-40,30-45,30-60
1,135319,1,27.957677957387315,25-30,20-30,30-60
1,135328,1,24.466705741235145,20-25,20-30,60-90.1
1,135336,1,43.1346907926243,40-50,30-45,60-90.1
1,135341,1,41.1054366702918,40-50,30-45,0-30
1,135387,1,41.46634438586309,40-50,30-45,30-60
1,135401,1,40.81120638678275,40-50,30-45,60-90.1
1,135473,1,38.800565791409376,30-40,30-45,30-60
1,135538,1,18.554364418764628,15-20,10-20,60-90.1
1,135572,1,17.06480801508333,15-20,10-20,60-90.1
1,135621,1,25.010651284940543,25-30,20-30,0-30
1,135684,1,27.72126653767561,25-30,20-30,60-90.1
1,135689,1,30.918484653933106,30-40,30-45,30-60
1,135762,1,13.756594704745801,10-15,10-20,60-90.1
1,135783,1,25.23797580580047,25-30,20-30,60-90.1
1,135805,1,34.999657560575834,30-40,30-45,60-90.1
1,135872,1,41.19329494313471,40-50,30-45,60-90.1
1,135912,0,44.53077220970975,40-50,30-45,60-90.1
1,135928,1,15.065985351110564,15-20,10-20,60-90.1
1,135966,1,19.919806961120134,15-20,10-20,30-60
1,135986,1,28.598930960789158,25-30,20-30,30-60
1,136005,0,46.269062089684866,40-50,45-70,30-60
1,136124,1,42.281874611019404,40-50,30-45,60-90.1
1,136197,1,41.77023013417109,40-50,30-45,60-90.1
1,136203,1,31.37075150789437,30-40,30-45,30-60
1,136230,1,40.26494438097951,40-50,30-45,30-60
1,136286,1,35.185459484104356,30-40,30-45,60-90.1
1,136289,1,29.002136804615514,25-30,20-30,60-90.1
1,136338,1,19.554163738256165,15-20,10-20,30-60
1,136402,1,13.971370797501732,10-15,10-20,60-90.1
1,136425,1,18.77548729432385,15-20,10-20,60-90.1
1,136439,1,18.746102596826006,15-20,10-20,60-90.1
1,136454,1,14.355333546596112,10-15,10-20,60-90.1
1,136562,1,14.56323413401024,10-15,10-20,60-90.1
1,136586,1,23.52408934129005,20-25,20-30,60-90.1
1,136617,1,19.451029520206507,15-20,10-20,30-60
1,136622,1,36.98123024183463,30-40,30-45,0-30
1,136636,1,38.643888839918176,30-40,30-45,60-90.1
1,136641,1,14.921189453030136,10-15,10-20,60-90.1
1,136687,1,20.530187912186346,20-25,20-30,60-90.1
1,136747,1,22.71630608891507,20-25,20-30,30-60
1,136790,1,18.04423077092134,15-20,10-20,60-90.1
1,136810,1,26.04686531166759,25-30,20-30,30-60
1,136820,1,22.80989619418287,20-25,20-30,60-90.1
1,136885,1,21.416891423966398,20-25,20-30,60-90.1
1,136968,1,38.392790536740655,30-40,30-45,0-30
1,137064,1,33.31762127068908,30-40,30-45,0-30
1,137083,1,36.13157859290954,30-40,30-45,30-60
1,137110,1,12.687472701500068,10-15,10-20,30-60
1,137214,1,22.369081778554452,20-25,20-30,0-30
1,137258,1,23.273654550030415,20-25,20-30,60-90.1
1,137263,1,12.17879220660411,10-15,10-20,0-30
1,137342,1,18.88307359497366,15-20,10-20,60-90.1
1,137484,0,41.99015386318157,40-50,30-45,60-90.1
1,137522,1,14.22234607204294,10-15,10-20,30-60
1,137622,1,18.604050655936202,15-20,10-20,60-90.1
1,137641,1,25.118092096013417,25-30,20-30,60-90.1
1,137644,1,41.292764011983124,40-50,30-45,60-90.1
1,137664,1,29.4339631305312,25-30,20-30,0-30
1,137709,1,21.080881200286754,20-25,20-30,60-90.1
1,137717,1,35.51674503662555,30-40,30-45,30-60
1,137788,1,39.81246667608894,30-40,30-45,60-90.1
1,137793,1,28.931088900001658,25-30,20-30,60-90.1
1,137794,1,31.88679693605985,30-40,30-45,60-90.1
1,137814,1,38.08204973447174,30-40,30-45,60-90.1
1,137953,1,16.859051610063066,15-20,10-20,30-60
1,138083,1,22.06324144311778,20-25,20-30,0-30
1,138085,1,29.899914776617315,25-30,20-30,60-90.1
1,138088,1,31.46142218372889,30-40,30-45,30-60
1,138104,1,33.17895576819776,30-40,30-45,30-60
1,138190,1,16.252019620356677,15-20,10-20,60-90.1
1,138209,1,22.647335831952788,20-25,20-30,30-60
1,138223,1,15.221286954021261,15-20,10-20,60-90.1
1,138270,1,16.907907391766248,15-20,10-20,60-90.1
1,138294,1,41.953011232036424,40-50,30-45,60-90.1
1,138324,0,44.285973725614554,40-50,30-45,0-30
1,138479,1,38.53938394531691,30-40,30-45,0-30
1,138481,1,39.16638525804762,30-40,30-45,0-30
1,138553,1,34.55613926724995,30-40,30-45,30-60
1,138727,1,17.55782295792006,15-20,10-20,60-90.1
1,138731,1,19.590086233121646,15-20,10-20,60-90.1
1,138774,1,24.371083965230962,20-25,20-30,30-60
1,138787,1,15.189327068624666,15-20,10-20,60-90.1
1,138812,1,25.940930118628213,25-30,20-30,30-60
1,138881,1,15.127833063328161,15-20,10-20,60-90.1
1,138954,1,35.26545309450092,30-40,30-45,60-90.1
1,139006,1,39.54723139591815,30-40,30-45,0-30
1,139054,1,20.67998781585154,20-25,20-30,60-90.1
1,139099,1,41.24666612696741,40-50,30-45,60-90.1
1,139113,1,31.076144682832883,30-40,30-45,0-30
1,139157,1,25.30692553374465,25-30,20-30,60-90.1
1,139236,1,37.26561481377303,30-40,30-45,60-90.1
1,139253,1,38.05006976561402,30-40,30-45,60-90.1
1,139292,1,36.480858932200285,30-40,30-45,0-30
1,139482,1,17.13856907201976,15-20,10-20,60-90.1
1,139605,1,16.944943255908044,15-20,10-20,60-90.1
1,139632,1,36.4233931346134,30-40,30-45,30-60
1,139681,1,22.628972631522874,20-25,20-30,60-90.1
1,139741,1,41.034703810289614,40-50,30-45,60-90.1
1,139796,1,20.791606285903736,20-25,20-30,60-90.1
1,139855,1,33.417074521079705,30-40,30-45,0-30
1,139859,1,35.76643548356775,30-40,30-45,60-90.1
1,139874,1,30.669654321998614,30-40,30-45,60-90.1
1,139939,1,24.382265153654163,20-25,20-30,60-90.1
1,139979,1,36.06322632827917,30-40,30-45,60-90.1
1,139984,1,37.577296649715855,30-40,30-45,60-90.1
1,139986,1,35.69613580961332,30-40,30-45,60-90.1
1,140020,1,14.551305233875022,10-15,10-20,30-60
1,140043,1,12.800484364729439,10-15,10-20,30-60
1,140125,1,12.958957763048227,10-15,10-20,60-90.1
1,140160,1,18.561603151224805,15-20,10-20,30-60
1,140179,1,21.945887878021388,20-25,20-30,60-90.1
1,140208,1,15.559886142227704,15-20,10-20,60-90.1
1,140373,1,36.75939785543055,30-40,30-45,60-90.1
1,140404,1,19.04674591997509,15-20,10-20,60-90.1
1,140432,1,40.66883981699094,40-50,30-45,0-30
1,140471,1,19.59344393551895,15-20,10-20,60-90.1
1,140508,1,23.77198885689445,20-25,20-30,30-60
1,140549,1,37.52826636918578,30-40,30-45,30-60
1,140562,1,17.221684148349098,15-20,10-20,60-90.1
1,140565,1,26.968467042428966,25-30,20-30,60-90.1
1,140598,1,36.584016620392205,30-40,30-45,60-90.1
1,140714,1,36.3242754146509,30-40,30-45,60-90.1
1,140759,1,14.80449845723958,10-15,10-20,30-60
1,140799,1,16.66135454496741,15-20,10-20,60-90.1
1,140951,1,27.995155221491707,25-30,20-30,60-90.1
1,141000,1,20.017301971930607,20-25,20-30,60-90.1
1,141004,1,32.17732623788047,30-40,30-45,0-30
1,141071,1,38.59951790617918,30-40,30-45,30-60
1,141124,1,15.792474780089098,15-20,10-20,60-90.1
1,141136,1,14.814773130867467,10-15,10-20,0-30
1,141223,1,19.574819150138925,15-20,10-20,60-90.1
1,141231,1,32.44440652901383,30-40,30-45,30-60
1,141269,1,23.00001023293263,20-25,20-30,30-60
1,141316,1,21.72208522119257,20-25,20-30,0-30
1,141325,1,36.17993254749195,30-40,30-45,30-60
1,141388,1,37.78846841393511,30-40,30-45,60-90.1
1,141495,1,15.822031710517413,15-20,10-20,60-90.1
1,141527,1,12.031622267696479,10-15,10-20,30-60
1,141562,1,20.67542978669582,20-25,20-30,60-90.1
1,141624,1,21.360518948941372,20-25,20-30,30-60
1,141663,1,14.71110875365218,10-15,10-20,60-90.1
1,141665,1,21.358135357549767,20-25,20-30,60-90.1
1,141721,1,30.342928570020188,30-40,30-45,0-30
1,141829,1,37.90640296449372,30-40,30-45,60-90.1
1,141835,1,18.104044277523418,15-20,10-20,60-90.1
1,141887,1,28.491249984911878,25-30,20-30,60-90.1
1,141968,1,35.419229282454275,30-40,30-45,60-90.1
1,142026,1,24.739631051719314,20-25,20-30,30-60
1,142078,1,31.050532138086265,30-40,30-45,60-90.1
1,142228,1,19.18787608882786,15-20,10-20,0-30
1,142260,1,15.882076939191181,15-20,10-20,60-90.1
1,142304,1,23.565211593313034,20-25,20-30,30-60
1,142355,1,28.80170193235774,25-30,20-30,30-60
1,142481,1,17.039100640486364,15-20,10-20,60-90.1
1,142482,1,17.825657824033918,15-20,10-20,60-90.1
1,142519,1,16.992844137447918,15-20,10-20,60-90.1
1,142580,1,22.787568521978177,20-25,20-30,30-60
1,142624,1,35.74156949300149,30-40,30-45,30-60
1,142627,1,36.0589978337421,30-40,30-45,30-60
1,142733,1,33.79230612062646,30-40,30-45,60-90.1
1,142768,1,33.17229469527123,30-40,30-45,60-90.1
1,142823,1,33.622393334400485,30-40,30-45,30-60
1,142876,1,15.721884653514303,15-20,10-20,60-90.1
1,142902,1,18.778354688223665,15-20,10-20,60-90.1
1,142949,1,21.933395503282814,20-25,20-30,60-90.1
1,142968,1,13.475846530512555,10-15,10-20,30-60
1,142989,1,17.036037794292238,15-20,10-20,60-90.1
1,143097,1,20.952920739516305,20-25,20-30,60-90.1
1,143192,1,20.153211514989618,20-25,20-30,30-60
1,143232,1,37.02934784516938,30-40,30-45,0-30
1,143240,1,35.1681229189627,30-40,30-45,30-60
1,143320,1,26.298827465084507,25-30,20-30,30-60
1,143425,1,32.530571453617725,30-40,30-45,60-90.1
1,143436,1,31.856928945652285,30-40,30-45,60-90.1
1,143443,1,33.54588485869302,30-40,30-45,60-90.1
1,143624,1,21.09372550197304,20-25,20-30,30-60
1,143664,1,16.85454536591647,15-20,10-20,60-90.1
1,143679,1,12.253850203576253,10-15,10-20,60-90.1
1,143761,1,29.618405064963294,25-30,20-30,30-60
1,143777,1,32.43681557651608,30-40,30-45,30-60
1,143786,1,20.378558178391884,20-25,20-30,30-60
1,143928,1,29.239939992795392,25-30,20-30,30-60
1,143953,1,19.897941317990785,15-20,10-20,30-60
1,143995,1,32.75999277326743,30-40,30-45,0-30
1,144000,1,33.052217219966174,30-40,30-45,30-60
1,144005,1,30.630317951940956,30-40,30-45,0-30
1,144071,1,34.09202254413188,30-40,30-45,0-30
1,144235,1,11.332916790334135,10-15,10-20,30-60
1,144238,1,16.80707437678145,15-20,10-20,60-90.1
1,144259,1,14.571806754912034,10-15,10-20,60-90.1
1,144307,1,18.779929909238426,15-20,10-20,60-90.1
1,144401,1,29.7432915781902,25-30,20-30,0-30
1,144411,1,22.054110588306223,20-25,20-30,60-90.1
1,144519,1,25.262516159209692,25-30,20-30,30-60
1,144565,1,33.351719302546044,30-40,30-45,30-60
1,144633,1,18.610107224817416,15-20,10-20,60-90.1
1,144640,1,34.868364295736484,30-40,30-45,30-60
1,144675,1,25.584643586845345,25-30,20-30,60-90.1
1,144783,1,30.77940542044344,30-40,30-45,60-90.1
1,144892,1,12.402796769876836,10-15,10-20,30-60
1,145003,1,11.60090499217048,10-15,10-20,30-60
1,145037,1,12.301171660207364,10-15,10-20,60-90.1
1,145056,1,16.821534016089036,15-20,10-20,30-60
1,145115,1,22.49645524530011,20-25,20-30,30-60
1,145242,1,29.874148138896214,25-30,20-30,60-90.1
1,145258,1,33.564411804758656,30-40,30-45,30-60
1,145311,1,20.89618590196736,20-25,20-30,30-60
1,145316,1,34.50146434943694,30-40,30-45,0-30
1,145354,1,15.297288918428748,15-20,10-20,30-60
1,145357,1,19.196591077639066,15-20,10-20,30-60
1,145425,1,29.010297540005773,25-30,20-30,30-60
1,145462,1,20.443680922065727,20-25,20-30,60-90.1
1,145533,1,30.641464058985182,30-40,30-45,60-90.1
1,145669,1,15.876618034577062,15-20,10-20,30-60
1,145714,1,13.601139107506631,10-15,10-20,60-90.1
1,145777,1,21.220359487889713,20-25,20-30,30-60
1,145779,1,24.162998433608315,20-25,20-30,30-60
1,145836,1,16.435492164440753,15-20,10-20,60-90.1
1,145890,1,15.30541452542089,15-20,10-20,60-90.1
1,145896,1,25.363708741323574,25-30,20-30,30-60
1,145914,1,20.670390027302872,20-25,20-30,60-90.1
1,145921,1,30.269008650024563,30-40,30-45,0-30
1,145948,1,13.989380573210225,10-15,10-20,30-60
1,146000,1,30.4589113687704,30-40,30-45,60-90.1
1,146006,1,16.372953745723596,15-20,10-20,60-90.1
1,146120,1,30.143909156517815,30-40,30-45,30-60
1,146141,1,31.396024894286597,30-40,30-45,30-60
1,146180,1,22.26977884253749,20-25,20-30,30-60
1,146227,1,29.444111861156454,25-30,20-30,60-90.1
1,146294,1,30.538559343388826,30-40,30-45,30-60
1,146351,1,16.043948931542733,15-20,10-20,30-60
1,146435,1,21.673842291612,20-25,20-30,0-30
1,146499,1,16.97800072428966,15-20,10-20,60-90.1
1,146627,1,11.969013166192129,10-15,10-20,60-90.1
1,146798,1,25.00405535731041,25-30,20-30,60-90.1
1,146849,1,18.42655223726201,15-20,10-20,60-90.1
1,146901,1,28.587044776205516,25-30,20-30,60-90.1
1,146908,1,30.97176712789341,30-40,30-45,60-90.1
1,146945,1,27.663432554816385,25-30,20-30,60-90.1
1,146984,1,28.84196386247009,25-30,20-30,30-60
1,147058,1,19.192629902928758,15-20,10-20,30-60
1,147080,1,17.87074650716441,15-20,10-20,60-90.1
1,147093,1,15.134764639603578,15-20,10-20,60-90.1
1,147146,1,11.553166833281601,10-15,10-20,60-90.1
1,147205,1,15.06750803139661,15-20,10-20,60-90.1
1,147232,1,24.463226089655947,20-25,20-30,30-60
1,147259,1,19.011431834954887,15-20,10-20,60-90.1
1,147368,1,19.206738742084124,15-20,10-20,30-60
1,147424,1,15.421649668527056,15-20,10-20,60-90.1
1,147430,1,33.39775019694632,30-40,30-45,30-60
1,147449,1,30.63582238249142,30-40,30-45,30-60
1,147453,1,20.16707591953096,20-25,20-30,60-90.1
1,147537,1,18.77375388556277,15-20,10-20,60-90.1
1,147541,1,23.62968441686876,20-25,20-30,60-90.1
1,147562,1,29.223358880993892,25-30,20-30,30-60
1,147625,1,26.948973028906824,25-30,20-30,30-60
1,147721,1,17.416447553360893,15-20,10-20,30-60
1,147760,1,11.376812135516987,10-15,10-20,30-60
1,147840,1,11.456845554271931,10-15,10-20,60-90.1
1,147852,1,24.196273130036555,20-25,20-30,30-60
1,147940,1,15.829496345692428,15-20,10-20,60-90.1
1,147995,1,23.67838071655762,20-25,20-30,30-60
1,148003,1,15.878554333004633,15-20,10-20,60-90.1
1,148103,1,29.527309284974784,25-30,20-30,30-60
1,148313,1,13.294237153255635,10-15,10-20,60-90.1
1,148387,1,17.376836439935904,15-20,10-20,60-90.1
1,148391,1,21.03868798730463,20-25,20-30,60-90.1
1,148463,1,19.089458813874625,15-20,10-20,60-90.1
1,148470,1,15.224753331748905,15-20,10-20,60-90.1
1,148536,1,11.912686152277102,10-15,10-20,60-90.1
1,148540,1,16.446866963860593,15-20,10-20,60-90.1
1,148544,1,20.784482539566774,20-25,20-30,60-90.1
1,148564,1,27.510498388720848,25-30,20-30,0-30
1,148589,1,20.634961487438083,20-25,20-30,60-90.1
1,148716,1,26.401145093199176,25-30,20-30,60-90.1
1,148723,1,29.572853024483983,25-30,20-30,0-30
1,148802,1,27.35623877521598,25-30,20-30,30-60
1,148959,1,15.174496613293314,15-20,10-20,60-90.1
1,149040,1,24.216263356486532,20-25,20-30,30-60
1,149131,1,12.26149132151342,10-15,10-20,60-90.1
1,149155,1,18.95234104229677,15-20,10-20,60-90.1
1,149196,1,20.851210698506858,20-25,20-30,60-90.1
1,149201,1,25.552549331853914,25-30,20-30,60-90.1
1,149253,1,26.46338470049175,25-30,20-30,60-90.1
1,149346,1,26.466761844843944,25-30,20-30,60-90.1
1,149365,1,12.497466549270786,10-15,10-20,60-90.1
1,149427,1,16.435607862955816,15-20,10-20,60-90.1
1,149466,1,16.722481298220234,15-20,10-20,30-60
1,149522,1,20.625487801235963,20-25,20-30,60-90.1
1,149643,1,27.297786295317486,25-30,20-30,30-60
1,149688,1,28.23724537576689,25-30,20-30,0-30
1,149694,1,16.323411192446578,15-20,10-20,60-90.1
1,149737,1,27.137597101224426,25-30,20-30,30-60
1,149793,1,25.28818139325511,25-30,20-30,30-60
1,149847,1,24.855186188799106,20-25,20-30,30-60
1,149901,1,12.7558348511544,10-15,10-20,60-90.1
1,149923,1,16.476719021653565,15-20,10-20,60-90.1
1,149959,1,16.748955285668572,15-20,10-20,30-60
1,150086,1,13.771052915502812,10-15,10-20,60-90.1
1,150145,1,22.07066197431056,20-25,20-30,30-60
1,150228,1,27.772064579865535,25-30,20-30,30-60
1,150292,1,17.22413687431488,15-20,10-20,60-90.1
1,150351,1,23.720760419956576,20-25,20-30,60-90.1
1,150356,1,25.331859652570923,25-30,20-30,60-90.1
1,150449,1,15.126089270392098,15-20,10-20,30-60
1,150514,1,15.587713518581165,15-20,10-20,30-60
1,150569,1,22.089373827809684,20-25,20-30,60-90.1
1,150631,1,10.68999489677927,10-15,10-20,60-90.1
1,150639,1,24.694948739383108,20-25,20-30,30-60
1,150666,1,11.625915359911414,10-15,10-20,60-90.1
1,150677,1,25.06194391799676,25-30,20-30,60-90.1
1,150704,1,17.080108222747924,15-20,10-20,60-90.1
1,150706,1,18.7302127813939,15-20,10-20,60-90.1
1,150725,1,15.027146647740752,15-20,10-20,60-90.1
1,150804,1,24.81263006199368,20-25,20-30,60-90.1
1,150833,1,21.686055103066156,20-25,20-30,30-60
1,151039,1,18.416123739251724,15-20,10-20,60-90.1
1,151057,1,14.32959905351188,10-15,10-20,60-90.1
1,151135,1,15.750724175759341,15-20,10-20,60-90.1
1,151199,1,21.389476055728995,20-25,20-30,30-60
1,151221,1,26.65756010948748,25-30,20-30,30-60
1,151267,1,27.785013031215012,25-30,20-30,30-60
1,151318,1,22.00934926569918,20-25,20-30,60-90.1
1,151435,1,11.642990083413938,10-15,10-20,0-30
1,151470,1,11.765794040328043,10-15,10-20,0-30
1,151517,1,16.84372926390867,15-20,10-20,60-90.1
1,151626,1,23.800238945774066,20-25,20-30,30-60
1,151684,1,12.552175790419602,10-15,10-20,60-90.1
1,151685,1,13.300506233359528,10-15,10-20,60-90.1
1,151781,1,23.946569434445564,20-25,20-30,30-60
1,151809,1,21.881774913104557,20-25,20-30,30-60
1,151811,1,23.45666568163366,20-25,20-30,60-90.1
1,151833,1,21.728091863029583,20-25,20-30,30-60
1,151922,1,15.492878097441606,15-20,10-20,60-90.1
1,151992,1,21.452671786604068,20-25,20-30,60-90.1
1,151994,1,16.12785459234378,15-20,10-20,60-90.1
1,152041,1,12.829263407482841,10-15,10-20,30-60
1,152057,1,16.120611243292352,15-20,10-20,60-90.1
1,152130,1,19.888443805786274,15-20,10-20,60-90.1
1,152158,1,16.75364325305794,15-20,10-20,30-60
1,152337,1,14.934454560047486,10-15,10-20,60-90.1
1,152344,1,13.963639190289232,10-15,10-20,60-90.1
1,152408,1,18.62302007697149,15-20,10-20,30-60
1,152474,1,20.60078912592332,20-25,20-30,60-90.1
1,152487,1,18.456247014409538,15-20,10-20,60-90.1
1,152582,1,14.015034653337635,10-15,10-20,60-90.1
1,152605,1,24.114022408441386,20-25,20-30,60-90.1
1,152640,1,20.57726930509988,20-25,20-30,60-90.1
1,152648,1,23.530083230631863,20-25,20-30,30-60
1,152720,1,21.59283630412354,20-25,20-30,60-90.1
1,152803,1,10.836680755683336,10-15,10-20,60-90.1
1,152872,1,17.415104634342256,15-20,10-20,30-60
1,152883,1,15.973647526471186,15-20,10-20,60-90.1
1,152920,1,12.454229433271495,10-15,10-20,60-90.1
1,153010,1,23.836890834992776,20-25,20-30,30-60
1,153072,1,15.81520549987159,15-20,10-20,60-90.1
1,153112,1,20.280383926744527,20-25,20-30,60-90.1
1,153221,1,14.574485425668652,10-15,10-20,60-90.1
1,153232,1,13.509309469298778,10-15,10-20,30-60
1,153263,1,13.116558749163326,10-15,10-20,30-60
1,153294,1,13.025815510541547,10-15,10-20,60-90.1
1,153360,1,21.218783039880982,20-25,20-30,30-60
1,153376,1,18.140204225192342,15-20,10-20,60-90.1
1,153416,1,20.845296675347377,20-25,20-30,30-60
1,153441,1,14.507609874520348,10-15,10-20,60-90.1
1,153460,1,20.81237273671646,20-25,20-30,60-90.1
1,153593,1,11.023299162888389,10-15,10-20,30-60
1,153784,1,17.37108823525119,15-20,10-20,30-60
1,153838,1,17.36848654648848,15-20,10-20,60-90.1
1,153871,1,18.68258294483791,15-20,10-20,30-60
1,153907,1,17.791537682364606,15-20,10-20,60-90.1
1,153915,1,18.922596610340854,15-20,10-20,60-90.1
1,153982,1,13.840257619135226,10-15,10-20,30-60
1,153986,1,14.367255579856863,10-15,10-20,30-60
1,154026,1,16.723951434111363,15-20,10-20,60-90.1
1,154047,1,13.264129949918996,10-15,10-20,60-90.1
1,154179,1,20.700773081978046,20-25,20-30,0-30
1,154182,1,22.229327393874883,20-25,20-30,60-90.1
1,154193,1,19.013547634778238,15-20,10-20,60-90.1
1,154245,1,19.287709216580875,15-20,10-20,60-90.1
1,154448,1,19.7708830568919,15-20,10-20,30-60
1,154450,1,20.382934594248894,20-25,20-30,30-60
1,154613,1,10.829825182395576,10-15,10-20,30-60
1,154667,1,13.22631669100863,10-15,10-20,60-90.1
1,154693,1,16.2499091952785,15-20,10-20,60-90.1
1,154716,1,15.245813194635694,15-20,10-20,30-60
1,154723,1,18.007017173261577,15-20,10-20,30-60
1,154726,1,13.858277048470251,10-15,10-20,60-90.1
1,154757,1,15.678990805070926,15-20,10-20,60-90.1
1,154834,1,19.80977905049665,15-20,10-20,30-60
1,154944,1,11.070487750093942,10-15,10-20,0-30
1,154953,1,13.118813782271626,10-15,10-20,60-90.1
1,155053,1,17.220716731176196,15-20,10-20,60-90.1
1,155090,1,16.99076291483747,15-20,10-20,60-90.1
1,155184,1,16.571667271749966,15-20,10-20,30-60
1,155241,1,13.339755676547615,10-15,10-20,60-90.1
1,155396,1,15.955528952071818,15-20,10-20,60-90.1
1,155506,1,15.08696869446699,15-20,10-20,60-90.1
1,155520,1,17.038172681340715,15-20,10-20,60-90.1
1,155534,1,18.097216751242996,15-20,10-20,60-90.1
1,155681,1,12.719216897983989,10-15,10-20,60-90.1
1,155775,1,18.231799990292757,15-20,10-20,60-90.1
1,156030,1,35.27126184589305,30-40,30-45,30-60
1,156088,0,39.31109578313641,30-40,30-45,60-90.1
1,156089,0,38.23264801387383,30-40,30-45,30-60
1,156112,0,39.818644378431,30-40,30-45,30-60
1,156158,1,21.288553663754566,20-25,20-30,60-90.1
1,156199,1,37.481703578562914,30-40,30-45,60-90.1
1,156211,1,38.72139140732724,30-40,30-45,30-60
1,156266,0,33.58148753571126,30-40,30-45,30-60
1,156287,0,31.452781242151936,30-40,30-45,60-90.1
1,156327,0,25.088396334710623,25-30,20-30,30-60
1,156362,0,27.80362964672732,25-30,20-30,30-60
1,156405,0,27.807212673836975,25-30,20-30,60-90.1
1,156412,0,28.98817357599513,25-30,20-30,60-90.1
1,156454,0,31.3713604900559,30-40,30-45,30-60
1,156529,0,29.735924595953932,25-30,20-30,30-60
1,156556,0,31.900055546626678,30-40,30-45,30-60
1,156649,1,13.25664014262624,10-15,10-20,0-30
1,156704,1,43.17115910564894,40-50,30-45,60-90.1
1,156838,1,20.437685414438608,20-25,20-30,30-60
