# NEW (G4 adult: IED detection, G2 noise model in the time domain) | commit ed852b2
location,family,strength_nAm,stretch,depth_band,squid/combined_oracle_z,squid/combined_event_height,squid/grad_oracle_z,squid/grad_event_height,squid/mag_oracle_z,squid/mag_event_height,opm_matched/opm_oracle_z,opm_matched/opm_event_height,opm_dense/opm_oracle_z,opm_dense/opm_event_height
0,focal,10.0,0.75,0,1.052,0.000,1.089,0.000,0.475,0.000,0.097,4.256,1.058,0.000
0,focal,10.0,1.0,0,0.663,4.512,-1.289,4.355,0.792,4.293,-0.725,4.558,0.933,0.000
0,focal,10.0,1.5,0,0.061,0.000,0.467,0.000,-0.726,0.000,-1.300,0.000,-0.491,0.000
0,focal,20.0,0.75,0,0.542,0.000,-0.725,0.000,0.886,0.000,0.990,4.559,1.032,4.168
0,focal,20.0,1.0,0,2.430,0.000,2.171,0.000,1.828,0.000,2.228,4.001,2.012,4.134
0,focal,20.0,1.5,0,2.333,4.231,2.678,0.000,2.005,4.104,2.579,4.048,2.524,0.000
0,focal,40.0,0.75,0,0.733,0.000,0.194,0.000,0.380,0.000,-0.001,4.553,0.305,0.000
0,focal,40.0,1.0,0,1.821,0.000,1.014,0.000,1.665,0.000,2.184,0.000,1.740,4.640
0,focal,40.0,1.5,0,0.407,0.000,0.177,0.000,0.552,0.000,-0.067,4.555,1.206,4.613
0,focal,80.0,0.75,0,3.984,4.431,3.356,4.138,3.357,4.041,3.728,0.000,4.529,5.019
0,focal,80.0,1.0,0,3.663,0.000,2.835,4.507,3.367,0.000,3.710,0.000,3.561,0.000
0,focal,80.0,1.5,0,4.376,4.500,3.319,3.956,3.907,0.000,3.241,0.000,4.322,4.547
0,focal,160.0,0.75,0,4.723,0.000,3.201,0.000,4.055,0.000,4.815,0.000,4.212,4.594
0,focal,160.0,1.0,0,6.837,6.005,4.881,4.535,6.148,5.521,4.987,5.171,6.955,6.183
0,focal,160.0,1.5,0,7.799,7.628,5.246,5.248,7.507,7.225,5.873,6.240,7.329,7.199
0,focal,320.0,0.75,0,13.293,12.695,8.683,8.789,12.584,12.240,11.414,10.903,14.359,13.038
0,focal,320.0,1.0,0,13.226,11.779,9.431,8.826,12.006,10.681,11.942,10.708,14.904,12.999
0,focal,320.0,1.5,0,13.776,12.893,10.627,10.062,12.921,12.194,12.332,10.988,15.323,13.959
1,focal,10.0,0.75,0,-0.474,0.000,-1.826,3.770,0.252,0.000,0.654,0.000,-0.054,0.000
1,focal,10.0,1.0,0,1.463,4.188,1.635,4.112,1.540,4.436,3.126,4.232,3.356,4.882
1,focal,10.0,1.5,0,1.703,0.000,1.361,0.000,1.658,0.000,2.566,0.000,2.177,0.000
1,focal,20.0,0.75,0,2.450,4.923,2.242,0.000,1.763,4.930,4.579,4.748,4.620,0.000
1,focal,20.0,1.0,0,4.946,0.000,4.129,0.000,4.322,0.000,5.330,5.045,7.653,6.803
1,focal,20.0,1.5,0,3.444,3.960,2.328,3.533,3.907,4.349,3.844,4.542,6.271,6.219
1,focal,40.0,0.75,0,4.911,0.000,4.134,0.000,4.499,0.000,6.974,5.675,9.469,7.473
1,focal,40.0,1.0,0,7.258,6.932,6.234,5.915,6.829,6.876,7.868,7.937,9.524,8.801
1,focal,40.0,1.5,0,6.603,5.693,5.065,4.995,6.579,5.831,8.710,7.378,10.936,8.531
1,focal,80.0,0.75,0,11.941,10.730,10.956,9.614,10.934,9.942,15.522,13.878,19.449,16.317
1,focal,80.0,1.0,0,13.188,11.991,10.951,10.113,12.507,11.809,15.503,15.013,18.717,16.677
1,focal,80.0,1.5,0,15.616,12.985,13.713,12.339,14.081,12.546,18.546,16.315,23.469,20.607
1,focal,160.0,0.75,0,22.714,20.738,18.900,17.173,21.522,20.072,28.731,26.486,35.900,32.606
1,focal,160.0,1.0,0,29.265,26.072,24.395,21.575,27.922,25.231,32.561,30.361,41.364,35.903
1,focal,160.0,1.5,0,29.195,25.792,24.831,21.478,27.231,25.384,33.769,30.712,43.403,38.647
1,focal,320.0,0.75,0,49.056,44.225,41.061,36.735,46.642,42.588,58.473,53.963,73.043,63.828
1,focal,320.0,1.0,0,53.093,46.901,43.928,39.225,50.642,45.253,63.418,58.141,80.264,70.940
1,focal,320.0,1.5,0,58.023,49.011,49.592,41.814,53.639,47.465,68.979,61.926,88.159,77.130
2,focal,10.0,0.75,0,-0.257,0.000,0.220,0.000,0.005,4.259,0.219,0.000,-0.389,0.000
2,focal,10.0,1.0,0,-0.779,0.000,0.374,0.000,-1.014,3.656,0.584,4.538,-1.135,0.000
2,focal,10.0,1.5,0,-0.592,0.000,-0.133,0.000,-0.322,0.000,-0.875,5.014,-1.460,4.506
2,focal,20.0,0.75,0,0.419,0.000,0.877,0.000,0.290,0.000,0.268,0.000,-0.008,4.245
2,focal,20.0,1.0,0,0.882,0.000,0.117,4.063,1.440,0.000,-0.740,0.000,0.408,0.000
2,focal,20.0,1.5,0,0.321,4.745,-0.149,3.743,1.066,4.645,-0.504,0.000,1.192,3.753
2,focal,40.0,0.75,0,0.815,0.000,-0.433,0.000,0.670,0.000,-0.233,0.000,-1.613,0.000
2,focal,40.0,1.0,0,0.657,0.000,0.739,0.000,0.836,0.000,0.412,0.000,-0.844,0.000
2,focal,40.0,1.5,0,1.670,0.000,1.278,0.000,1.878,0.000,0.196,0.000,0.042,0.000
2,focal,80.0,0.75,0,-0.092,0.000,-0.337,0.000,-0.110,0.000,-0.174,0.000,-0.501,0.000
2,focal,80.0,1.0,0,0.833,0.000,0.714,0.000,0.587,0.000,1.038,4.146,2.216,0.000
2,focal,80.0,1.5,0,0.773,0.000,0.508,0.000,0.753,0.000,-0.433,0.000,0.994,0.000
2,focal,160.0,0.75,0,-0.147,4.339,0.714,0.000,0.202,0.000,-0.675,3.942,2.189,4.406
2,focal,160.0,1.0,0,1.873,0.000,0.706,0.000,2.303,0.000,-0.309,0.000,0.764,0.000
2,focal,160.0,1.5,0,2.831,3.996,1.943,0.000,2.836,4.410,3.751,4.506,3.085,0.000
2,focal,320.0,0.75,0,3.887,0.000,1.588,0.000,3.569,0.000,1.671,0.000,3.661,0.000
2,focal,320.0,1.0,0,1.931,0.000,2.047,0.000,1.421,0.000,2.606,0.000,5.052,0.000
2,focal,320.0,1.5,0,2.204,0.000,1.017,0.000,3.101,0.000,3.274,0.000,4.732,4.435
3,focal,10.0,0.75,0,1.904,4.238,0.978,0.000,2.212,0.000,1.100,0.000,0.351,0.000
3,focal,10.0,1.0,0,2.495,0.000,2.732,4.245,1.978,0.000,2.531,4.229,1.960,4.664
3,focal,10.0,1.5,0,0.498,4.513,0.543,4.626,0.590,4.486,0.331,4.909,1.099,4.530
3,focal,20.0,0.75,0,2.567,0.000,2.150,0.000,2.203,3.918,2.460,0.000,2.490,0.000
3,focal,20.0,1.0,0,1.212,0.000,0.346,0.000,1.254,0.000,0.681,0.000,0.515,0.000
3,focal,20.0,1.5,0,0.431,4.580,0.280,0.000,0.308,0.000,0.049,4.489,0.378,4.469
3,focal,40.0,0.75,0,-0.047,4.766,-0.003,4.414,-0.153,4.092,0.299,0.000,0.917,0.000
3,focal,40.0,1.0,0,3.899,0.000,3.567,0.000,3.668,0.000,4.598,4.380,4.143,0.000
3,focal,40.0,1.5,0,2.644,0.000,2.721,0.000,2.396,0.000,2.416,0.000,2.145,0.000
3,focal,80.0,0.75,0,5.847,5.640,4.637,4.232,5.667,5.405,6.146,5.764,6.344,5.353
3,focal,80.0,1.0,0,6.834,5.958,6.302,5.705,6.868,6.120,6.998,5.925,7.099,5.780
3,focal,80.0,1.5,0,6.012,5.840,5.550,5.095,5.542,5.638,6.365,6.345,6.613,5.491
3,focal,160.0,0.75,0,11.391,10.060,10.027,8.417,11.164,10.498,13.585,12.966,14.059,11.210
3,focal,160.0,1.0,0,11.446,10.592,9.524,8.703,11.027,10.281,13.025,12.526,12.724,9.914
3,focal,160.0,1.5,0,13.412,11.601,12.000,10.661,13.079,12.087,15.323,14.220,15.138,11.562
3,focal,320.0,0.75,0,22.884,19.608,20.437,17.212,21.707,19.822,26.367,24.426,26.799,21.271
3,focal,320.0,1.0,0,23.689,21.445,21.028,18.276,22.790,21.776,27.454,26.279,27.483,21.846
3,focal,320.0,1.5,0,26.579,24.274,23.470,21.183,25.217,24.154,30.697,29.266,31.409,24.191
4,focal,10.0,0.75,0,1.330,4.184,1.401,4.393,1.504,0.000,1.945,0.000,1.829,4.308
4,focal,10.0,1.0,0,2.002,0.000,1.834,3.946,2.124,0.000,1.844,0.000,2.907,0.000
4,focal,10.0,1.5,0,1.726,4.194,1.591,0.000,1.644,4.376,3.229,4.673,1.968,0.000
4,focal,20.0,0.75,0,2.119,0.000,1.583,0.000,1.872,0.000,1.515,0.000,3.540,0.000
4,focal,20.0,1.0,0,3.089,0.000,3.121,0.000,2.606,0.000,3.320,0.000,3.437,0.000
4,focal,20.0,1.5,0,1.932,4.456,1.339,4.277,1.872,0.000,3.209,0.000,4.633,4.545
4,focal,40.0,0.75,0,3.035,4.371,1.642,4.369,3.587,0.000,3.646,4.780,4.501,0.000
4,focal,40.0,1.0,0,5.359,4.862,4.092,4.458,5.320,4.855,6.047,5.524,7.566,6.255
4,focal,40.0,1.5,0,4.798,5.129,4.293,4.679,4.752,4.952,4.918,5.517,5.443,5.178
4,focal,80.0,0.75,0,8.236,6.094,7.277,6.192,7.856,5.847,9.707,8.509,13.701,7.757
4,focal,80.0,1.0,0,8.323,7.122,6.798,5.674,8.149,6.964,10.815,8.353,13.993,9.740
4,focal,80.0,1.5,0,10.875,8.945,8.965,7.549,10.336,9.046,12.657,11.914,15.475,11.299
4,focal,160.0,0.75,0,16.926,14.029,14.179,12.115,16.176,13.574,22.890,19.773,26.274,19.518
4,focal,160.0,1.0,0,19.148,15.372,15.239,12.760,18.126,14.653,22.610,19.326,30.001,20.865
4,focal,160.0,1.5,0,19.436,15.237,15.710,12.199,18.349,15.097,25.942,21.749,33.946,21.927
4,focal,320.0,0.75,0,32.570,26.835,26.587,22.549,31.546,26.107,41.933,37.280,53.878,38.686
4,focal,320.0,1.0,0,36.277,30.565,28.925,24.483,35.263,29.871,46.490,40.261,58.272,42.603
4,focal,320.0,1.5,0,41.526,33.156,35.205,28.616,39.569,32.534,51.474,44.791,67.002,45.128
5,focal,10.0,0.75,0,1.501,0.000,0.818,0.000,1.066,0.000,2.042,0.000,1.345,0.000
5,focal,10.0,1.0,0,-0.751,4.323,-0.568,0.000,-0.583,4.155,1.461,0.000,0.631,0.000
5,focal,10.0,1.5,0,2.068,4.392,1.947,0.000,1.707,0.000,2.929,0.000,2.880,4.028
5,focal,20.0,0.75,0,1.206,0.000,0.490,0.000,1.564,0.000,2.641,0.000,3.390,4.287
5,focal,20.0,1.0,0,0.969,0.000,1.467,0.000,0.370,0.000,2.569,0.000,3.754,0.000
5,focal,20.0,1.5,0,2.788,0.000,2.524,4.250,2.563,4.315,3.400,0.000,4.081,4.584
5,focal,40.0,0.75,0,5.432,4.760,5.331,4.702,4.799,4.241,6.867,5.396,6.832,5.651
5,focal,40.0,1.0,0,5.229,0.000,5.174,4.727,4.949,4.053,7.966,5.969,9.805,6.226
5,focal,40.0,1.5,0,4.742,4.740,3.309,4.185,4.970,0.000,6.713,5.848,9.552,7.608
5,focal,80.0,0.75,0,11.931,9.190,9.477,7.679,11.542,9.007,13.752,9.456,16.409,12.482
5,focal,80.0,1.0,0,10.258,6.838,7.511,5.110,9.889,6.763,12.408,7.818,16.209,10.748
5,focal,80.0,1.5,0,13.686,8.444,11.182,7.952,13.234,7.836,16.115,10.704,19.756,12.403
5,focal,160.0,0.75,0,19.114,12.602,15.933,10.805,18.201,12.129,24.267,16.058,30.470,20.042
5,focal,160.0,1.0,0,22.892,14.423,19.169,13.253,21.728,13.699,27.755,18.180,32.518,22.329
5,focal,160.0,1.5,0,22.950,15.105,20.385,13.633,21.830,14.304,29.048,18.148,36.679,23.750
5,focal,320.0,0.75,0,41.950,27.995,35.152,23.311,39.756,26.634,49.842,32.195,59.866,41.485
5,focal,320.0,1.0,0,43.076,26.646,37.257,23.858,40.607,25.197,53.887,35.921,66.204,43.630
5,focal,320.0,1.5,0,49.064,31.273,41.815,27.494,46.881,29.872,59.960,37.793,73.260,48.062
6,focal,10.0,0.75,0,0.398,0.000,0.057,0.000,0.344,0.000,0.440,0.000,1.201,0.000
6,focal,10.0,1.0,0,1.990,0.000,1.619,0.000,1.672,0.000,2.738,4.735,2.853,0.000
6,focal,10.0,1.5,0,0.890,4.288,0.576,4.522,0.991,4.500,1.159,4.388,1.796,4.095
6,focal,20.0,0.75,0,1.839,0.000,1.849,0.000,1.916,0.000,3.179,0.000,3.537,4.367
6,focal,20.0,1.0,0,3.697,0.000,3.983,4.617,3.221,0.000,4.450,0.000,3.476,0.000
6,focal,20.0,1.5,0,3.182,0.000,3.210,4.161,3.209,0.000,3.386,0.000,4.878,4.488
6,focal,40.0,0.75,0,4.476,4.314,4.124,4.747,3.673,4.028,4.520,4.842,8.479,8.057
6,focal,40.0,1.0,0,5.570,5.003,4.519,4.227,5.333,5.147,5.314,5.208,7.652,6.472
6,focal,40.0,1.5,0,3.364,0.000,3.050,3.646,3.057,0.000,3.492,4.155,6.077,5.150
6,focal,80.0,0.75,0,10.038,9.271,8.614,8.477,9.182,8.715,10.413,8.925,15.105,12.341
6,focal,80.0,1.0,0,11.103,9.892,10.340,9.705,10.249,9.335,11.139,10.003,16.129,13.344
6,focal,80.0,1.5,0,12.411,10.886,11.238,10.476,11.749,10.121,12.461,10.841,17.167,13.950
6,focal,160.0,0.75,0,20.478,18.589,18.295,16.624,18.814,17.532,21.239,19.394,29.926,25.640
6,focal,160.0,1.0,0,20.555,18.456,18.575,17.397,19.091,17.199,20.951,18.052,30.953,25.426
6,focal,160.0,1.5,0,23.221,20.776,21.577,20.123,21.626,19.679,24.430,21.848,35.012,29.145
6,focal,320.0,0.75,0,37.303,33.111,33.125,30.095,34.918,31.626,37.616,34.270,53.530,44.666
6,focal,320.0,1.0,0,42.995,38.286,39.333,36.186,39.916,35.738,44.491,39.314,63.807,51.983
6,focal,320.0,1.5,0,47.492,43.207,43.260,40.117,45.082,41.152,49.473,43.265,71.210,61.204
7,focal,10.0,0.75,0,-0.229,4.548,0.348,5.021,-0.650,0.000,0.347,0.000,1.231,4.406
7,focal,10.0,1.0,0,2.506,0.000,1.835,0.000,2.411,0.000,2.703,4.685,3.494,0.000
7,focal,10.0,1.5,0,1.684,0.000,1.173,0.000,1.450,0.000,2.278,0.000,1.504,3.902
7,focal,20.0,0.75,0,2.731,3.583,2.576,0.000,2.336,0.000,1.594,0.000,2.301,0.000
7,focal,20.0,1.0,0,-0.294,0.000,-1.044,0.000,-0.196,0.000,1.255,0.000,1.303,0.000
7,focal,20.0,1.5,0,0.137,0.000,0.369,0.000,0.116,0.000,0.663,0.000,0.815,0.000
7,focal,40.0,0.75,0,3.342,3.765,3.128,0.000,3.261,3.668,4.094,0.000,5.043,0.000
7,focal,40.0,1.0,0,4.401,0.000,4.228,0.000,4.519,4.353,6.397,5.205,5.872,4.819
7,focal,40.0,1.5,0,5.102,5.536,3.940,4.958,4.896,5.419,6.371,5.508,6.423,5.257
7,focal,80.0,0.75,0,6.548,6.012,5.602,5.041,6.549,6.076,8.946,7.558,10.466,7.897
7,focal,80.0,1.0,0,9.974,8.643,8.590,7.664,9.389,8.107,10.904,9.505,12.477,10.222
7,focal,80.0,1.5,0,10.564,9.638,9.302,8.617,10.215,9.366,13.299,11.845,14.630,12.514
7,focal,160.0,0.75,0,16.889,14.246,15.376,13.373,15.901,13.618,21.355,18.458,22.751,17.950
7,focal,160.0,1.0,0,19.076,16.057,16.196,14.383,18.355,15.469,22.662,18.674,25.574,20.889
7,focal,160.0,1.5,0,19.087,16.716,17.081,15.862,18.171,16.304,26.260,22.657,28.619,23.203
7,focal,320.0,0.75,0,32.465,28.071,27.648,24.814,30.938,27.167,41.696,35.613,45.391,37.451
7,focal,320.0,1.0,0,35.035,30.157,30.120,26.448,33.626,29.593,45.741,38.594,49.757,40.251
7,focal,320.0,1.5,0,36.578,31.838,33.645,29.523,34.709,31.392,46.215,39.716,52.198,41.795
8,focal,10.0,0.75,0,2.515,0.000,1.971,0.000,3.079,0.000,1.974,0.000,2.743,3.826
8,focal,10.0,1.0,0,0.478,0.000,0.299,0.000,0.897,0.000,2.253,0.000,1.150,0.000
8,focal,10.0,1.5,0,1.021,0.000,1.259,0.000,0.891,0.000,1.226,0.000,2.778,4.193
8,focal,20.0,0.75,0,3.773,4.444,2.854,0.000,3.869,4.413,4.737,4.028,5.266,4.474
8,focal,20.0,1.0,0,3.562,0.000,2.136,5.023,4.049,0.000,6.163,4.934,5.832,5.262
8,focal,20.0,1.5,0,2.731,0.000,2.502,4.612,2.622,0.000,5.291,5.268,4.519,0.000
8,focal,40.0,0.75,0,8.336,7.406,6.468,5.742,7.978,7.004,10.027,8.053,9.647,9.053
8,focal,40.0,1.0,0,5.507,5.416,4.234,4.750,5.442,0.000,8.722,7.360,11.090,10.284
8,focal,40.0,1.5,0,8.629,8.017,8.254,7.655,8.176,7.724,11.583,9.431,13.564,12.270
8,focal,80.0,0.75,0,12.254,10.857,11.407,10.413,11.026,9.786,15.763,11.989,17.837,15.922
8,focal,80.0,1.0,0,12.489,10.650,11.096,9.563,12.376,10.123,17.668,14.358,19.439,17.911
8,focal,80.0,1.5,0,15.989,13.955,12.966,11.705,14.910,12.697,20.854,17.638,24.065,21.560
8,focal,160.0,0.75,0,25.993,22.174,21.193,18.499,25.225,21.082,35.619,28.299,39.392,34.299
8,focal,160.0,1.0,0,28.024,24.066,24.042,21.139,26.239,21.933,37.904,30.863,41.657,37.132
8,focal,160.0,1.5,0,31.460,27.701,26.057,23.463,30.060,26.073,43.767,36.390,48.746,43.494
8,focal,320.0,0.75,0,50.413,42.749,41.149,35.758,48.092,40.200,68.612,53.551,75.490,67.171
8,focal,320.0,1.0,0,57.179,48.541,47.371,41.822,55.027,46.509,77.000,61.262,86.900,77.000
8,focal,320.0,1.5,0,61.682,52.665,51.425,44.437,59.379,50.265,86.165,69.493,94.682,83.809
9,focal,10.0,0.75,0,0.502,3.995,0.610,0.000,0.477,0.000,0.464,0.000,2.014,0.000
9,focal,10.0,1.0,0,-0.781,0.000,-1.026,0.000,-0.422,4.351,-0.580,0.000,0.788,0.000
9,focal,10.0,1.5,0,2.234,0.000,2.274,3.481,2.146,0.000,2.222,0.000,2.815,0.000
9,focal,20.0,0.75,0,3.234,4.332,3.338,0.000,2.821,4.739,3.115,0.000,4.363,4.064
9,focal,20.0,1.0,0,4.183,5.144,3.778,3.981,3.987,5.145,5.373,5.443,5.315,4.584
9,focal,20.0,1.5,0,2.727,0.000,2.230,0.000,2.775,0.000,4.495,0.000,4.069,0.000
9,focal,40.0,0.75,0,4.478,4.677,4.121,4.969,3.901,4.590,6.333,0.000,6.037,5.361
9,focal,40.0,1.0,0,6.270,5.561,5.839,5.583,5.732,4.922,7.540,6.331,8.413,6.326
9,focal,40.0,1.5,0,3.881,4.227,3.498,4.592,3.849,0.000,4.811,6.008,6.126,6.475
9,focal,80.0,0.75,0,7.677,6.627,7.004,6.207,6.962,5.885,10.225,8.552,12.463,10.401
9,focal,80.0,1.0,0,9.589,8.115,7.914,7.049,9.974,8.579,12.583,10.618,14.398,11.889
9,focal,80.0,1.5,0,8.245,7.179,7.050,6.464,8.240,7.050,12.119,11.226,13.869,12.521
9,focal,160.0,0.75,0,16.187,14.125,13.931,12.539,15.893,13.871,21.503,18.258,22.962,19.603
9,focal,160.0,1.0,0,17.521,15.340,14.683,12.894,16.784,14.580,23.982,19.449,26.076,22.256
9,focal,160.0,1.5,0,17.537,15.778,15.165,13.660,16.999,15.052,23.501,20.736,27.987,25.621
9,focal,320.0,0.75,0,34.166,28.303,29.145,24.916,32.539,26.987,44.128,36.526,47.801,40.522
9,focal,320.0,1.0,0,38.568,31.922,33.345,28.500,36.957,30.945,49.294,40.455,55.546,47.264
9,focal,320.0,1.5,0,39.147,33.290,34.108,29.788,37.404,31.976,50.929,43.000,58.768,51.223
10,focal,10.0,0.75,0,1.187,0.000,0.694,3.557,0.519,4.084,0.826,4.425,0.845,0.000
10,focal,10.0,1.0,0,-0.399,0.000,1.002,0.000,-0.586,0.000,0.286,0.000,0.689,0.000
10,focal,10.0,1.5,0,2.093,4.132,2.423,4.074,2.279,3.865,2.204,4.731,1.357,4.638
10,focal,20.0,0.75,0,1.521,0.000,0.600,4.986,1.703,4.892,2.201,0.000,2.018,3.922
10,focal,20.0,1.0,0,1.530,0.000,0.887,4.215,1.685,0.000,1.941,4.138,0.939,3.962
10,focal,20.0,1.5,0,3.225,0.000,2.599,0.000,3.346,0.000,2.728,0.000,3.673,0.000
10,focal,40.0,0.75,0,4.448,0.000,4.292,4.031,3.841,0.000,5.699,0.000,5.791,5.129
10,focal,40.0,1.0,0,4.231,0.000,3.103,0.000,4.567,4.495,6.374,5.414,7.743,6.357
10,focal,40.0,1.5,0,6.617,6.785,5.471,5.979,7.067,7.113,7.614,7.243,7.375,6.535
10,focal,80.0,0.75,0,8.757,7.355,8.346,7.152,8.623,7.381,11.336,10.221,12.396,10.023
10,focal,80.0,1.0,0,8.988,7.412,7.293,6.119,8.885,7.348,12.301,9.575,12.656,9.342
10,focal,80.0,1.5,0,9.366,8.218,8.157,7.904,9.085,7.832,12.510,9.678,14.741,11.877
10,focal,160.0,0.75,0,16.606,13.221,13.869,11.546,16.481,13.380,22.212,18.442,23.887,18.516
10,focal,160.0,1.0,0,18.562,15.675,15.861,13.427,18.158,15.611,25.577,22.332,26.610,20.830
10,focal,160.0,1.5,0,18.999,16.705,17.202,15.283,18.073,15.808,25.785,22.079,27.332,21.625
10,focal,320.0,0.75,0,33.321,27.174,27.755,23.487,32.610,26.386,45.251,36.588,46.697,37.018
10,focal,320.0,1.0,0,37.600,31.066,32.036,27.378,36.046,30.455,49.424,41.195,52.612,42.269
10,focal,320.0,1.5,0,38.942,31.991,34.401,28.275,37.376,31.461,52.667,44.556,53.434,41.065
11,focal,10.0,0.75,0,0.159,0.000,0.111,0.000,0.465,0.000,-0.580,3.649,1.104,0.000
11,focal,10.0,1.0,0,-0.581,4.444,-0.893,0.000,-0.319,4.311,0.054,0.000,0.613,0.000
11,focal,10.0,1.5,0,0.078,0.000,0.400,0.000,-0.042,0.000,-0.703,0.000,0.483,0.000
11,focal,20.0,0.75,0,1.291,4.375,1.406,0.000,1.135,3.088,1.388,4.955,1.492,4.243
11,focal,20.0,1.0,0,0.177,0.000,-0.202,4.738,0.796,0.000,1.525,0.000,0.661,4.656
11,focal,20.0,1.5,0,0.687,0.000,-0.168,0.000,1.386,0.000,0.839,0.000,1.983,0.000
11,focal,40.0,0.75,0,0.824,0.000,0.150,0.000,0.798,3.994,1.850,0.000,2.231,0.000
11,focal,40.0,1.0,0,1.744,0.000,1.566,4.452,1.721,0.000,2.149,0.000,1.195,0.000
11,focal,40.0,1.5,0,2.481,0.000,2.401,0.000,2.440,0.000,2.956,0.000,1.828,0.000
11,focal,80.0,0.75,0,4.414,4.388,1.906,0.000,4.431,4.704,2.786,3.868,3.924,5.138
11,focal,80.0,1.0,0,2.445,3.969,1.882,4.234,2.348,4.076,3.288,4.267,3.394,0.000
11,focal,80.0,1.5,0,3.794,0.000,2.039,4.418,4.148,4.328,3.728,0.000,4.318,4.535
11,focal,160.0,0.75,0,6.993,6.979,3.859,4.978,6.909,6.944,6.493,6.571,7.423,7.309
11,focal,160.0,1.0,0,5.061,5.257,2.182,0.000,5.302,5.590,5.109,5.152,5.752,5.913
11,focal,160.0,1.5,0,8.206,8.289,5.432,5.986,7.794,7.938,7.941,8.027,8.467,8.585
11,focal,320.0,0.75,0,10.823,10.435,6.546,6.388,10.776,10.602,11.240,10.938,12.052,11.756
11,focal,320.0,1.0,0,13.150,13.103,8.509,8.408,12.817,12.787,13.431,13.349,15.094,14.786
11,focal,320.0,1.5,0,16.105,15.758,11.675,11.536,15.390,15.113,16.034,15.743,17.546,17.479
12,focal,10.0,0.75,0,0.945,0.000,0.981,0.000,0.654,0.000,1.734,0.000,2.697,4.445
12,focal,10.0,1.0,0,0.350,4.169,0.077,0.000,0.683,0.000,0.623,4.396,0.949,0.000
12,focal,10.0,1.5,0,0.778,0.000,0.885,0.000,0.726,0.000,1.164,0.000,1.736,0.000
12,focal,20.0,0.75,0,0.680,0.000,-0.216,0.000,0.969,0.000,1.524,0.000,1.159,0.000
12,focal,20.0,1.0,0,2.129,0.000,1.333,0.000,1.714,0.000,2.540,0.000,2.222,0.000
12,focal,20.0,1.5,0,3.044,4.472,2.081,4.163,3.158,5.008,3.426,4.640,3.678,0.000
12,focal,40.0,0.75,0,3.752,0.000,3.730,0.000,3.377,0.000,5.979,5.915,4.707,0.000
12,focal,40.0,1.0,0,5.748,4.862,5.242,0.000,5.607,4.827,7.492,6.576,6.773,5.478
12,focal,40.0,1.5,0,6.156,5.923,4.451,4.411,6.611,6.375,7.204,6.867,8.189,7.213
12,focal,80.0,0.75,0,9.953,7.447,8.561,6.442,9.931,8.158,12.814,10.644,12.231,9.061
12,focal,80.0,1.0,0,11.166,9.775,9.785,8.543,10.867,9.759,13.578,10.863,13.581,10.338
12,focal,80.0,1.5,0,11.190,9.893,9.892,8.907,10.927,9.577,14.572,12.156,14.662,11.962
12,focal,160.0,0.75,0,16.931,13.118,14.700,11.371,16.366,13.461,23.897,19.682,23.407,18.424
12,focal,160.0,1.0,0,20.857,17.327,17.464,14.181,20.481,17.210,27.961,23.186,28.612,22.625
12,focal,160.0,1.5,0,21.650,18.291,18.869,16.180,21.182,18.002,29.046,24.336,29.472,24.746
12,focal,320.0,0.75,0,37.881,30.394,32.580,26.659,37.162,31.472,50.032,41.282,50.622,40.940
12,focal,320.0,1.0,0,43.135,34.938,37.477,29.884,42.516,35.073,56.221,45.904,57.461,46.351
12,focal,320.0,1.5,0,43.313,36.587,37.761,31.688,42.868,36.661,57.526,47.614,58.304,48.069
13,focal,10.0,0.75,0,2.135,4.640,1.547,4.152,2.120,4.358,2.688,3.949,3.462,3.979
13,focal,10.0,1.0,0,2.003,0.000,1.255,0.000,1.087,0.000,-0.200,0.000,3.014,0.000
13,focal,10.0,1.5,0,-1.500,0.000,-2.035,0.000,-0.656,0.000,-0.825,4.226,0.702,0.000
13,focal,20.0,0.75,0,0.886,0.000,1.263,0.000,1.035,0.000,0.833,0.000,4.945,0.000
13,focal,20.0,1.0,0,4.402,0.000,4.180,0.000,3.870,0.000,3.918,0.000,7.339,5.425
13,focal,20.0,1.5,0,3.211,0.000,2.739,0.000,3.220,0.000,2.414,3.999,5.221,3.783
13,focal,40.0,0.75,0,6.776,5.859,5.861,4.881,6.475,5.572,5.996,4.639,10.750,8.237
13,focal,40.0,1.0,0,9.163,7.487,7.749,7.284,8.345,6.989,6.744,6.396,12.956,9.719
13,focal,40.0,1.5,0,7.723,5.598,6.978,5.544,6.517,4.772,6.037,4.257,13.244,9.636
13,focal,80.0,0.75,0,14.860,12.535,13.011,11.621,14.189,11.992,11.405,10.048,22.730,17.378
13,focal,80.0,1.0,0,15.450,13.256,14.044,12.340,14.235,12.138,12.090,10.371,24.864,17.784
13,focal,80.0,1.5,0,17.292,14.240,15.897,14.104,15.358,12.506,12.312,10.063,26.612,20.431
13,focal,160.0,0.75,0,28.406,24.468,25.093,22.701,25.664,21.794,23.499,19.604,43.474,32.109
13,focal,160.0,1.0,0,29.934,25.932,27.670,24.587,26.929,23.259,24.470,20.289,47.903,35.465
13,focal,160.0,1.5,0,30.485,25.806,27.801,24.864,27.932,23.308,25.065,20.797,49.227,36.023
13,focal,320.0,0.75,0,51.736,44.355,46.489,41.965,46.712,39.671,41.900,35.009,85.849,64.472
13,focal,320.0,1.0,0,56.766,47.554,51.430,45.541,51.044,42.503,46.644,37.796,92.841,69.115
13,focal,320.0,1.5,0,63.242,53.198,57.508,50.936,56.940,47.017,49.370,40.350,100.013,74.128
14,focal,10.0,0.75,0,1.298,0.000,2.057,0.000,0.816,0.000,1.085,4.492,2.631,0.000
14,focal,10.0,1.0,0,1.721,0.000,1.419,0.000,1.620,0.000,2.361,4.164,3.109,0.000
14,focal,10.0,1.5,0,1.006,3.677,0.926,0.000,0.657,0.000,2.096,0.000,2.873,0.000
14,focal,20.0,0.75,0,4.070,3.910,3.533,0.000,3.325,0.000,3.315,4.673,5.143,4.590
14,focal,20.0,1.0,0,5.867,0.000,5.246,4.666,5.096,4.105,5.696,4.964,7.144,6.286
14,focal,20.0,1.5,0,3.898,0.000,3.642,4.546,4.000,0.000,5.643,0.000,7.954,6.838
14,focal,40.0,0.75,0,4.926,4.304,4.360,5.213,3.846,3.587,7.553,4.791,10.568,9.810
14,focal,40.0,1.0,0,6.476,5.678,5.136,4.797,6.654,5.978,8.707,6.486,13.732,13.275
14,focal,40.0,1.5,0,5.673,5.521,5.145,5.129,5.389,5.431,7.665,6.523,12.775,11.147
14,focal,80.0,0.75,0,11.830,10.196,9.225,7.759,11.158,9.934,15.679,11.042,22.034,20.536
14,focal,80.0,1.0,0,13.598,12.648,10.785,9.849,13.022,12.356,18.013,13.379,25.696,24.107
14,focal,80.0,1.5,0,13.657,11.739,11.006,9.807,13.394,11.429,17.968,13.344,26.668,24.131
14,focal,160.0,0.75,0,23.447,20.454,18.502,16.327,22.003,19.361,32.809,23.877,44.565,41.355
14,focal,160.0,1.0,0,25.758,23.021,20.868,19.283,24.603,22.278,36.621,27.310,50.110,46.441
14,focal,160.0,1.5,0,31.346,27.545,27.462,24.827,28.839,25.335,39.589,30.070,56.593,51.660
14,focal,320.0,0.75,0,43.678,38.044,35.719,32.190,41.316,35.827,62.053,45.357,86.774,80.353
14,focal,320.0,1.0,0,50.141,43.864,39.593,35.693,48.469,42.601,69.119,50.570,98.531,91.032
14,focal,320.0,1.5,0,55.842,48.741,46.485,40.971,52.587,45.839,73.209,53.834,106.877,96.991
15,focal,10.0,0.75,0,2.784,0.000,1.824,3.998,2.609,0.000,2.900,4.060,3.613,5.202
15,focal,10.0,1.0,0,1.835,0.000,2.447,0.000,1.244,0.000,2.202,0.000,3.362,4.752
15,focal,10.0,1.5,0,0.643,0.000,0.752,0.000,0.440,0.000,3.079,4.154,2.969,4.133
15,focal,20.0,0.75,0,6.876,5.693,5.366,4.699,6.612,6.261,7.224,6.728,6.043,5.524
15,focal,20.0,1.0,0,2.649,4.131,2.774,4.038,2.486,0.000,4.798,4.591,4.725,0.000
15,focal,20.0,1.5,0,4.981,5.102,3.584,4.615,4.728,4.886,7.681,6.654,8.314,7.262
15,focal,40.0,0.75,0,9.183,7.650,7.770,6.672,8.829,7.407,12.684,10.874,13.889,11.329
15,focal,40.0,1.0,0,9.406,7.914,8.382,7.347,8.548,7.369,13.456,11.643,14.317,12.114
15,focal,40.0,1.5,0,8.602,7.837,7.084,6.971,8.189,7.888,12.478,10.560,13.429,11.062
15,focal,80.0,0.75,0,14.632,12.700,12.602,10.969,13.804,11.946,22.668,19.685,24.627,20.984
15,focal,80.0,1.0,0,15.873,13.422,13.862,11.929,14.899,12.669,26.724,22.784,28.183,23.239
15,focal,80.0,1.5,0,14.358,12.187,12.521,10.606,13.347,11.342,28.109,24.140,29.985,25.074
15,focal,160.0,0.75,0,28.816,24.008,23.898,19.862,27.329,23.134,46.586,40.106,49.694,41.141
15,focal,160.0,1.0,0,30.506,25.268,25.711,21.247,29.283,24.785,51.392,43.139,56.358,45.900
15,focal,160.0,1.5,0,35.747,29.970,29.478,24.373,34.895,29.642,55.412,47.416,63.160,52.660
15,focal,320.0,0.75,0,60.725,50.710,50.297,41.616,58.528,49.948,94.140,80.483,101.235,82.801
15,focal,320.0,1.0,0,67.037,54.740,56.257,45.746,64.005,54.202,104.619,87.347,113.775,93.373
15,focal,320.0,1.5,0,70.152,58.758,59.054,49.396,67.071,57.422,112.133,95.152,122.082,99.777
16,focal,10.0,0.75,0,1.816,0.000,1.859,0.000,1.546,0.000,2.100,0.000,2.769,0.000
16,focal,10.0,1.0,0,2.811,0.000,2.369,0.000,2.822,0.000,2.166,0.000,2.100,4.479
16,focal,10.0,1.5,0,3.154,0.000,2.651,0.000,3.068,0.000,2.564,0.000,3.707,3.693
16,focal,20.0,0.75,0,1.864,0.000,1.934,0.000,1.441,0.000,1.454,0.000,4.185,0.000
16,focal,20.0,1.0,0,2.187,0.000,2.628,3.901,1.633,0.000,1.593,0.000,4.599,4.176
16,focal,20.0,1.5,0,5.016,5.229,4.497,5.299,4.485,4.871,4.039,4.725,6.030,4.897
16,focal,40.0,0.75,0,4.450,4.061,4.284,0.000,4.279,0.000,4.446,0.000,7.005,5.257
16,focal,40.0,1.0,0,8.405,7.208,8.052,7.147,6.263,5.446,6.195,4.515,10.584,8.414
16,focal,40.0,1.5,0,6.810,6.120,6.223,5.734,5.317,4.592,4.506,3.732,10.018,7.672
16,focal,80.0,0.75,0,14.546,12.529,13.907,12.761,11.730,9.730,10.187,8.034,19.741,15.431
16,focal,80.0,1.0,0,15.627,13.017,15.067,13.471,13.128,10.212,11.888,8.898,21.641,15.962
16,focal,80.0,1.5,0,15.333,13.341,14.871,13.657,13.388,11.429,11.897,8.276,20.196,15.040
16,focal,160.0,0.75,0,27.891,24.377,26.434,23.966,23.729,20.200,20.247,14.374,40.043,29.335
16,focal,160.0,1.0,0,31.016,26.445,30.010,27.001,25.670,20.552,22.172,15.305,41.759,31.767
16,focal,160.0,1.5,0,32.114,27.104,31.005,27.575,26.636,21.669,21.953,15.142,42.914,31.916
16,focal,320.0,0.75,0,54.840,46.088,52.122,46.360,46.651,37.752,41.027,28.125,76.162,55.221
16,focal,320.0,1.0,0,59.861,50.054,56.802,50.370,50.501,40.330,42.550,29.791,81.941,60.825
16,focal,320.0,1.5,0,64.121,54.530,61.673,55.492,52.907,43.423,44.933,30.872,85.555,63.897
17,focal,10.0,0.75,0,-0.654,0.000,-0.979,0.000,0.510,0.000,0.270,4.505,1.150,4.292
17,focal,10.0,1.0,0,2.444,0.000,2.441,0.000,2.243,0.000,2.991,0.000,2.520,0.000
17,focal,10.0,1.5,0,-0.337,0.000,0.265,0.000,-0.423,0.000,0.855,0.000,0.943,0.000
17,focal,20.0,0.75,0,2.946,0.000,3.099,3.800,3.397,0.000,2.885,0.000,4.950,4.604
17,focal,20.0,1.0,0,3.016,0.000,3.457,0.000,2.440,4.606,2.423,0.000,4.226,4.883
17,focal,20.0,1.5,0,4.408,4.688,4.235,4.286,3.952,0.000,3.460,4.616,5.411,0.000
17,focal,40.0,0.75,0,6.410,5.997,5.712,5.812,6.106,5.376,6.202,6.525,8.214,7.330
17,focal,40.0,1.0,0,5.580,5.439,5.301,5.506,5.822,5.315,5.648,5.218,6.640,6.021
17,focal,40.0,1.5,0,8.340,7.963,7.755,8.126,7.952,7.059,7.253,7.136,11.302,9.718
17,focal,80.0,0.75,0,11.063,9.343,10.506,9.444,9.259,7.616,8.685,7.522,15.932,12.224
17,focal,80.0,1.0,0,10.857,10.443,10.440,9.849,8.498,8.374,8.879,8.662,15.149,13.099
17,focal,80.0,1.5,0,11.689,9.868,11.083,9.651,9.830,8.959,9.372,8.166,18.810,14.866
17,focal,160.0,0.75,0,19.893,16.598,18.818,16.194,16.960,14.630,16.830,14.020,29.334,23.187
17,focal,160.0,1.0,0,23.963,19.825,21.997,19.663,20.275,16.917,18.627,15.833,34.249,26.671
17,focal,160.0,1.5,0,24.050,19.293,22.096,19.204,21.388,17.057,19.516,16.542,35.350,27.063
17,focal,320.0,0.75,0,42.532,34.568,39.138,33.611,37.169,31.021,35.488,29.237,61.839,47.640
17,focal,320.0,1.0,0,46.180,38.530,42.569,36.817,41.949,35.501,38.851,32.070,66.783,51.765
17,focal,320.0,1.5,0,50.710,42.109,48.009,42.166,44.732,37.535,42.046,34.652,72.481,58.004
18,focal,10.0,0.75,1,-2.288,0.000,-2.623,0.000,-1.928,0.000,-1.381,0.000,-0.635,0.000
18,focal,10.0,1.0,1,-1.144,0.000,-0.066,0.000,-1.303,0.000,-0.721,0.000,0.228,0.000
18,focal,10.0,1.5,1,-1.015,0.000,-0.833,3.934,-0.754,0.000,-0.370,0.000,0.206,3.972
18,focal,20.0,0.75,1,2.260,0.000,2.318,0.000,1.640,0.000,2.513,0.000,3.513,0.000
18,focal,20.0,1.0,1,0.557,0.000,0.336,0.000,0.555,0.000,1.308,0.000,2.062,0.000
18,focal,20.0,1.5,1,0.648,0.000,0.943,0.000,0.533,4.450,1.462,4.348,1.333,0.000
18,focal,40.0,0.75,1,1.432,0.000,1.912,0.000,1.252,0.000,2.387,0.000,2.981,0.000
18,focal,40.0,1.0,1,1.941,4.633,1.912,4.537,1.918,4.453,1.669,4.565,1.568,4.707
18,focal,40.0,1.5,1,2.168,0.000,2.361,0.000,1.991,0.000,2.484,0.000,2.072,0.000
18,focal,80.0,0.75,1,0.585,0.000,0.469,4.076,0.526,0.000,0.532,0.000,1.992,0.000
18,focal,80.0,1.0,1,3.395,0.000,2.967,0.000,3.040,0.000,3.736,0.000,3.932,0.000
18,focal,80.0,1.5,1,2.675,4.784,2.786,0.000,2.455,4.474,2.587,3.822,3.638,4.283
18,focal,160.0,0.75,1,6.581,0.000,5.312,0.000,6.314,0.000,6.452,0.000,6.165,4.599
18,focal,160.0,1.0,1,7.033,4.626,5.479,0.000,6.915,4.470,7.011,0.000,7.975,0.000
18,focal,160.0,1.5,1,6.377,0.000,5.289,0.000,6.169,0.000,7.179,0.000,7.593,4.656
18,focal,320.0,0.75,1,11.629,6.598,9.510,6.254,11.417,6.233,13.055,7.760,13.464,6.211
18,focal,320.0,1.0,1,11.721,6.581,8.773,6.224,11.564,6.944,12.411,6.781,13.861,7.600
18,focal,320.0,1.5,1,14.651,8.811,11.503,8.341,14.328,8.797,15.342,9.056,16.700,8.402
19,focal,10.0,0.75,1,-0.266,0.000,0.576,0.000,-1.091,0.000,-1.494,0.000,-0.377,0.000
19,focal,10.0,1.0,1,0.405,0.000,0.079,0.000,0.824,4.632,0.668,0.000,2.018,0.000
19,focal,10.0,1.5,1,-0.272,0.000,0.646,0.000,-0.540,0.000,-0.706,0.000,0.013,0.000
19,focal,20.0,0.75,1,3.315,4.454,1.907,4.535,2.421,0.000,1.938,4.222,1.556,3.973
19,focal,20.0,1.0,1,1.504,4.875,1.392,4.723,1.242,4.577,1.775,0.000,2.438,4.239
19,focal,20.0,1.5,1,0.544,0.000,1.326,0.000,0.365,3.560,0.840,0.000,-0.677,3.890
19,focal,40.0,0.75,1,0.586,5.174,0.139,4.133,0.900,5.290,-0.382,4.228,0.562,0.000
19,focal,40.0,1.0,1,0.488,0.000,0.400,0.000,0.302,0.000,0.610,3.305,2.010,3.854
19,focal,40.0,1.5,1,3.695,0.000,3.463,0.000,3.738,0.000,3.003,0.000,4.020,0.000
19,focal,80.0,0.75,1,2.264,0.000,0.733,0.000,2.193,0.000,2.022,0.000,3.433,0.000
19,focal,80.0,1.0,1,3.658,0.000,2.293,0.000,2.965,0.000,2.211,3.761,3.688,4.576
19,focal,80.0,1.5,1,3.320,0.000,2.588,0.000,2.973,0.000,2.783,4.358,4.095,4.623
19,focal,160.0,0.75,1,3.717,4.151,2.970,4.198,3.219,0.000,3.325,0.000,4.790,5.017
19,focal,160.0,1.0,1,5.249,5.412,3.988,4.756,4.166,4.505,4.587,5.408,5.988,6.220
19,focal,160.0,1.5,1,5.939,6.353,5.133,5.952,5.546,5.709,5.524,5.718,8.400,8.534
19,focal,320.0,0.75,1,11.865,11.515,8.534,8.286,11.771,11.465,10.489,10.351,13.612,13.119
19,focal,320.0,1.0,1,12.898,12.854,10.498,10.345,12.337,12.237,11.692,11.712,14.973,14.747
19,focal,320.0,1.5,1,12.473,12.172,9.303,9.201,11.828,11.324,10.455,10.101,15.662,15.398
20,focal,10.0,0.75,1,1.094,3.877,1.719,0.000,0.801,4.207,1.218,0.000,1.146,0.000
20,focal,10.0,1.0,1,0.255,4.173,0.069,0.000,0.489,0.000,0.626,0.000,0.626,0.000
20,focal,10.0,1.5,1,0.246,0.000,0.376,0.000,0.504,0.000,-0.499,4.441,-0.586,0.000
20,focal,20.0,0.75,1,0.358,4.572,1.166,0.000,-0.211,4.741,0.842,4.541,0.335,4.274
20,focal,20.0,1.0,1,1.497,4.516,1.701,0.000,1.192,4.559,1.447,0.000,2.044,0.000
20,focal,20.0,1.5,1,0.651,0.000,1.129,4.366,0.590,0.000,1.703,4.119,0.794,0.000
20,focal,40.0,0.75,1,-0.657,4.472,-0.281,0.000,-0.496,0.000,-1.110,0.000,-1.178,0.000
20,focal,40.0,1.0,1,1.014,0.000,0.525,3.938,1.224,3.328,1.094,4.983,1.126,4.562
20,focal,40.0,1.5,1,2.550,0.000,2.740,4.550,2.413,4.381,3.161,0.000,3.100,0.000
20,focal,80.0,0.75,1,1.553,0.000,2.188,4.225,0.914,4.341,1.938,4.534,2.938,4.620
20,focal,80.0,1.0,1,2.890,4.993,1.899,5.305,3.186,4.420,2.887,4.334,2.892,0.000
20,focal,80.0,1.5,1,1.794,3.901,1.542,3.966,1.710,0.000,2.233,0.000,2.529,4.368
20,focal,160.0,0.75,1,4.922,0.000,4.882,4.995,5.038,4.348,4.910,0.000,5.258,0.000
20,focal,160.0,1.0,1,3.996,4.304,3.710,4.165,3.766,4.378,4.307,0.000,5.008,0.000
20,focal,160.0,1.5,1,4.724,4.541,4.612,4.424,4.569,4.806,4.460,4.779,5.004,4.381
20,focal,320.0,0.75,1,7.591,6.562,6.694,6.440,7.281,6.302,8.060,6.103,9.190,6.029
20,focal,320.0,1.0,1,7.704,6.863,6.778,6.112,7.426,6.849,8.543,6.949,8.821,7.437
20,focal,320.0,1.5,1,9.205,7.059,9.002,7.164,8.914,6.946,9.991,7.110,10.739,7.334
21,focal,10.0,0.75,1,-0.225,0.000,0.132,0.000,-0.509,0.000,-0.225,4.086,-1.121,0.000
21,focal,10.0,1.0,1,-1.068,4.155,-1.277,4.504,-1.435,0.000,-0.612,0.000,-0.942,0.000
21,focal,10.0,1.5,1,0.948,0.000,1.424,4.056,1.088,0.000,1.226,0.000,0.993,4.644
21,focal,20.0,0.75,1,3.160,0.000,2.721,0.000,2.774,0.000,2.896,4.189,3.216,0.000
21,focal,20.0,1.0,1,1.636,4.084,1.032,0.000,2.312,3.903,2.387,3.943,1.445,0.000
21,focal,20.0,1.5,1,-0.095,0.000,-0.195,0.000,0.043,0.000,0.135,0.000,-0.209,0.000
21,focal,40.0,0.75,1,-0.442,0.000,-1.031,0.000,-0.063,0.000,-1.269,0.000,0.839,0.000
21,focal,40.0,1.0,1,1.355,4.524,2.068,4.815,1.388,0.000,1.915,0.000,1.613,4.797
21,focal,40.0,1.5,1,2.462,0.000,1.583,0.000,2.274,0.000,2.634,0.000,2.996,0.000
21,focal,80.0,0.75,1,2.646,4.217,3.617,4.469,2.386,3.855,1.368,0.000,3.172,4.705
21,focal,80.0,1.0,1,3.619,4.387,3.414,4.144,3.154,0.000,2.938,0.000,4.354,4.846
21,focal,80.0,1.5,1,2.249,4.132,1.645,0.000,2.430,4.008,2.368,4.747,3.552,4.431
21,focal,160.0,0.75,1,4.216,4.501,3.885,0.000,3.333,4.431,3.042,0.000,4.373,4.291
21,focal,160.0,1.0,1,4.389,4.881,4.108,4.550,4.227,4.603,3.401,0.000,5.117,5.415
21,focal,160.0,1.5,1,6.729,6.820,5.755,6.038,5.886,6.075,4.239,4.792,7.564,7.462
21,focal,320.0,0.75,1,10.498,10.394,8.523,8.594,9.797,9.583,8.418,7.767,11.859,11.332
21,focal,320.0,1.0,1,9.858,9.107,8.269,7.856,9.770,9.088,8.345,7.547,11.652,10.684
21,focal,320.0,1.5,1,11.664,11.186,9.928,9.742,11.094,10.742,9.762,9.278,14.461,13.106
22,focal,10.0,0.75,1,2.351,3.669,1.053,0.000,1.831,0.000,0.916,0.000,1.530,4.081
22,focal,10.0,1.0,1,0.657,0.000,-0.043,4.138,0.529,0.000,0.795,0.000,1.744,0.000
22,focal,10.0,1.5,1,2.369,4.503,1.337,0.000,1.672,4.536,1.283,4.452,3.269,0.000
22,focal,20.0,0.75,1,-1.022,4.399,-1.762,4.437,-2.416,4.801,-3.251,5.147,-0.448,0.000
22,focal,20.0,1.0,1,1.769,5.055,1.806,4.718,1.284,5.341,0.210,4.305,2.760,0.000
22,focal,20.0,1.5,1,0.727,4.484,-0.056,4.737,1.360,4.373,0.455,0.000,1.063,4.563
22,focal,40.0,0.75,1,2.466,0.000,1.608,3.828,2.049,0.000,0.259,0.000,3.171,0.000
22,focal,40.0,1.0,1,1.861,0.000,1.359,0.000,1.920,3.963,2.215,4.219,1.411,0.000
22,focal,40.0,1.5,1,1.674,0.000,1.109,4.128,0.746,0.000,-0.196,0.000,0.986,0.000
22,focal,80.0,0.75,1,3.638,4.290,2.111,0.000,3.255,0.000,1.485,0.000,5.060,4.831
22,focal,80.0,1.0,1,4.504,4.363,4.712,0.000,3.805,3.950,3.534,0.000,4.905,0.000
22,focal,80.0,1.5,1,2.452,0.000,2.666,4.736,2.185,0.000,0.978,4.642,4.272,5.023
22,focal,160.0,0.75,1,5.131,4.720,4.886,4.390,4.944,4.354,3.536,0.000,6.848,5.715
22,focal,160.0,1.0,1,7.532,6.181,6.220,5.310,6.412,6.053,3.857,4.552,9.610,7.777
22,focal,160.0,1.5,1,7.616,6.641,6.444,5.902,5.839,5.712,5.222,5.724,9.429,8.402
22,focal,320.0,0.75,1,13.256,11.338,10.916,9.146,11.933,11.167,8.970,8.227,17.375,14.638
22,focal,320.0,1.0,1,14.018,12.859,10.973,9.854,12.154,11.421,9.371,8.638,19.798,17.495
22,focal,320.0,1.5,1,14.958,13.702,11.648,10.474,13.579,12.435,9.741,8.957,19.032,16.781
23,focal,10.0,0.75,1,0.573,0.000,1.307,0.000,0.541,4.534,1.179,0.000,0.821,0.000
23,focal,10.0,1.0,1,1.151,0.000,0.852,0.000,1.411,0.000,1.747,0.000,1.848,4.353
23,focal,10.0,1.5,1,-0.168,0.000,-0.013,4.665,-0.285,0.000,-0.367,0.000,-0.416,0.000
23,focal,20.0,0.75,1,0.855,0.000,0.803,0.000,0.933,0.000,1.001,0.000,0.862,0.000
23,focal,20.0,1.0,1,0.444,4.433,-0.067,0.000,0.130,4.365,0.667,0.000,0.279,0.000
23,focal,20.0,1.5,1,0.590,0.000,0.984,4.013,0.472,0.000,1.020,0.000,0.844,0.000
23,focal,40.0,0.75,1,2.311,3.967,1.470,0.000,2.423,4.034,2.656,0.000,2.852,3.906
23,focal,40.0,1.0,1,2.563,0.000,3.220,4.462,2.624,0.000,3.087,4.451,2.433,4.918
23,focal,40.0,1.5,1,1.086,4.827,1.110,4.932,0.687,0.000,0.444,4.982,0.433,4.661
23,focal,80.0,0.75,1,2.139,0.000,1.909,0.000,1.889,4.674,2.250,4.796,3.404,4.354
23,focal,80.0,1.0,1,3.382,0.000,2.962,4.933,3.645,4.805,4.731,4.491,4.067,0.000
23,focal,80.0,1.5,1,4.275,0.000,3.997,0.000,3.758,4.422,4.971,5.720,4.907,4.657
23,focal,160.0,0.75,1,6.335,5.970,5.467,5.247,6.174,5.949,5.292,5.333,7.939,7.163
23,focal,160.0,1.0,1,7.532,6.788,7.219,6.700,7.419,6.527,8.284,7.144,8.352,7.171
23,focal,160.0,1.5,1,7.987,7.043,7.072,6.437,7.624,6.738,7.722,6.759,8.613,7.569
23,focal,320.0,0.75,1,11.660,10.399,10.278,9.050,11.071,9.750,11.142,9.887,13.228,10.820
23,focal,320.0,1.0,1,12.459,11.513,10.960,10.423,12.293,11.081,13.834,11.926,15.121,13.341
23,focal,320.0,1.5,1,12.578,10.912,11.760,10.510,12.432,10.817,13.490,11.438,15.450,12.829
24,focal,10.0,0.75,1,0.693,0.000,0.655,0.000,0.739,0.000,0.517,4.182,0.985,4.446
24,focal,10.0,1.0,1,2.104,0.000,1.784,0.000,2.197,0.000,2.160,0.000,2.896,0.000
24,focal,10.0,1.5,1,1.415,4.369,1.458,4.296,1.612,4.086,1.616,0.000,1.339,3.501
24,focal,20.0,0.75,1,-0.494,4.093,0.052,0.000,-0.843,0.000,-0.641,0.000,-0.444,3.782
24,focal,20.0,1.0,1,0.475,0.000,-0.100,0.000,0.657,4.518,1.065,0.000,1.327,4.425
24,focal,20.0,1.5,1,1.738,4.570,1.747,4.397,1.650,4.700,1.483,0.000,2.007,4.220
24,focal,40.0,0.75,1,4.333,0.000,3.257,0.000,4.340,0.000,3.606,0.000,3.409,0.000
24,focal,40.0,1.0,1,3.224,0.000,2.924,0.000,2.970,0.000,2.678,0.000,3.681,0.000
24,focal,40.0,1.5,1,2.436,4.654,1.576,4.278,2.597,0.000,2.264,4.691,2.733,0.000
24,focal,80.0,0.75,1,5.126,4.992,4.680,4.746,4.723,4.581,4.996,4.566,5.760,5.788
24,focal,80.0,1.0,1,5.273,5.367,5.590,5.578,4.870,5.049,5.125,5.257,6.243,6.039
24,focal,80.0,1.5,1,5.622,5.758,5.112,5.331,5.410,5.547,5.403,5.575,5.484,5.645
24,focal,160.0,0.75,1,12.663,11.407,11.366,10.603,12.058,11.019,11.919,11.048,13.336,11.554
24,focal,160.0,1.0,1,9.737,9.248,8.797,8.612,9.264,8.660,9.238,8.540,11.481,10.501
24,focal,160.0,1.5,1,12.320,12.015,11.081,10.990,11.795,11.287,12.042,11.060,14.163,12.623
24,focal,320.0,0.75,1,23.547,21.248,21.757,20.455,22.766,20.900,22.597,21.218,26.023,22.504
24,focal,320.0,1.0,1,22.368,20.867,20.911,19.561,21.496,20.168,21.860,20.245,24.996,22.034
24,focal,320.0,1.5,1,25.645,24.244,23.873,22.785,24.927,23.513,25.066,23.294,28.753,25.523
25,focal,10.0,0.75,1,1.858,0.000,0.937,0.000,1.697,0.000,1.892,4.154,2.435,0.000
25,focal,10.0,1.0,1,0.551,3.837,1.046,0.000,0.651,0.000,0.674,4.389,1.685,0.000
25,focal,10.0,1.5,1,1.084,4.112,0.678,4.010,0.890,0.000,0.988,4.436,2.005,0.000
25,focal,20.0,0.75,1,0.925,4.246,1.613,0.000,0.869,0.000,-0.068,3.729,0.897,0.000
25,focal,20.0,1.0,1,2.036,0.000,1.044,4.557,1.834,0.000,1.968,0.000,2.194,0.000
25,focal,20.0,1.5,1,1.623,0.000,1.498,0.000,1.824,3.958,1.225,4.540,1.552,0.000
25,focal,40.0,0.75,1,2.289,0.000,1.497,0.000,1.690,0.000,1.733,0.000,2.579,0.000
25,focal,40.0,1.0,1,3.761,0.000,3.692,4.429,3.436,0.000,3.765,0.000,4.367,0.000
25,focal,40.0,1.5,1,0.678,0.000,1.310,0.000,1.013,0.000,1.410,0.000,1.648,0.000
25,focal,80.0,0.75,1,6.042,5.696,4.556,4.704,6.004,5.824,5.004,5.100,6.211,5.983
25,focal,80.0,1.0,1,5.900,5.486,3.991,4.420,6.444,5.755,6.232,5.792,5.906,5.475
25,focal,80.0,1.5,1,6.418,6.184,4.929,0.000,6.064,5.953,5.900,5.750,8.443,6.813
25,focal,160.0,0.75,1,9.612,8.938,7.824,6.961,9.002,8.696,8.310,7.566,12.063,9.540
25,focal,160.0,1.0,1,10.738,10.032,8.315,7.600,10.172,9.577,9.608,9.619,12.385,9.939
25,focal,160.0,1.5,1,12.036,10.240,9.669,8.455,11.243,9.890,10.326,8.942,14.466,11.216
25,focal,320.0,0.75,1,20.159,16.474,15.845,13.653,19.347,16.691,16.972,15.143,23.403,18.617
25,focal,320.0,1.0,1,22.802,18.900,18.295,14.885,21.504,18.634,19.760,17.703,26.318,20.336
25,focal,320.0,1.5,1,23.725,19.899,19.760,16.274,22.592,19.422,20.997,19.037,28.613,22.732
26,focal,10.0,0.75,1,2.223,0.000,1.834,0.000,2.050,3.909,1.391,0.000,2.434,0.000
26,focal,10.0,1.0,1,0.287,4.226,0.081,0.000,0.405,0.000,0.899,0.000,0.288,0.000
26,focal,10.0,1.5,1,1.040,0.000,0.819,0.000,0.941,0.000,1.564,0.000,1.318,0.000
26,focal,20.0,0.75,1,0.269,4.601,-0.597,4.679,0.351,4.439,0.105,0.000,-0.133,0.000
26,focal,20.0,1.0,1,1.069,0.000,0.953,0.000,1.123,4.211,0.826,0.000,1.328,0.000
26,focal,20.0,1.5,1,1.126,0.000,0.680,0.000,1.296,0.000,1.774,0.000,1.329,0.000
26,focal,40.0,0.75,1,0.498,0.000,0.538,0.000,0.499,4.772,0.531,0.000,1.185,0.000
26,focal,40.0,1.0,1,2.103,0.000,1.854,4.574,2.121,4.032,1.910,4.382,2.579,0.000
26,focal,40.0,1.5,1,2.965,0.000,2.408,4.515,2.955,4.396,2.299,0.000,2.894,0.000
26,focal,80.0,0.75,1,5.635,0.000,5.927,4.667,5.479,4.763,6.624,4.915,6.217,4.411
26,focal,80.0,1.0,1,4.868,4.810,4.714,4.573,4.782,4.890,4.973,4.917,5.446,4.749
26,focal,80.0,1.5,1,4.236,0.000,2.945,0.000,4.314,3.957,4.907,0.000,4.746,5.206
26,focal,160.0,0.75,1,8.281,5.415,7.928,5.392,8.206,6.041,8.561,6.485,8.691,6.236
26,focal,160.0,1.0,1,10.185,7.883,9.447,7.441,10.024,7.920,10.480,8.234,10.416,7.234
26,focal,160.0,1.5,1,10.479,8.527,10.000,8.563,10.085,8.650,11.374,9.496,11.313,7.544
26,focal,320.0,0.75,1,17.599,13.370,17.152,13.712,17.143,13.675,17.558,14.136,18.780,12.278
26,focal,320.0,1.0,1,19.147,14.523,17.866,13.912,19.137,15.717,21.475,17.882,21.308,14.465
26,focal,320.0,1.5,1,22.079,18.095,20.944,17.523,21.653,18.579,23.554,19.240,23.328,14.850
27,focal,10.0,0.75,1,1.218,0.000,1.208,4.142,1.126,0.000,0.899,0.000,0.894,0.000
27,focal,10.0,1.0,1,-0.808,0.000,-0.416,3.831,-0.867,0.000,0.220,0.000,0.151,0.000
27,focal,10.0,1.5,1,1.684,0.000,1.173,0.000,2.152,0.000,1.329,4.634,0.614,0.000
27,focal,20.0,0.75,1,2.252,0.000,1.391,0.000,2.688,0.000,1.972,3.695,2.857,4.429
27,focal,20.0,1.0,1,3.054,0.000,3.742,4.329,2.643,4.318,2.285,0.000,4.561,4.977
27,focal,20.0,1.5,1,0.523,0.000,0.872,0.000,0.293,0.000,0.844,0.000,1.248,4.097
27,focal,40.0,0.75,1,4.700,4.464,2.636,0.000,4.728,4.436,6.147,5.070,6.643,5.850
27,focal,40.0,1.0,1,5.411,4.871,4.558,0.000,5.179,0.000,6.066,5.747,6.112,5.345
27,focal,40.0,1.5,1,7.468,6.966,6.574,5.724,6.916,6.557,8.041,7.301,8.348,7.519
27,focal,80.0,0.75,1,8.482,7.602,8.136,7.334,7.691,7.023,9.676,8.711,10.126,8.743
27,focal,80.0,1.0,1,9.482,8.082,8.389,7.374,9.396,8.010,11.658,10.416,12.269,10.980
27,focal,80.0,1.5,1,10.259,9.261,8.782,7.642,9.806,9.146,13.147,12.164,13.775,13.656
27,focal,160.0,0.75,1,17.458,15.432,14.775,13.364,16.726,14.949,21.264,18.006,22.117,19.488
27,focal,160.0,1.0,1,17.048,15.264,14.656,12.972,16.129,14.511,20.232,17.869,23.707,21.713
27,focal,160.0,1.5,1,20.843,18.420,17.824,15.857,19.839,17.478,25.369,20.557,27.284,24.892
27,focal,320.0,0.75,1,33.490,29.026,28.657,25.418,31.407,27.410,39.323,33.369,44.155,39.730
27,focal,320.0,1.0,1,35.499,31.123,29.841,25.953,33.935,29.933,42.601,35.862,48.080,42.970
27,focal,320.0,1.5,1,39.604,35.399,34.935,31.515,37.429,33.233,47.962,40.819,51.861,48.393
28,focal,10.0,0.75,1,-0.625,0.000,-0.382,0.000,-0.756,0.000,-0.534,0.000,0.675,0.000
28,focal,10.0,1.0,1,1.439,0.000,1.497,4.956,1.337,0.000,1.763,0.000,2.657,0.000
28,focal,10.0,1.5,1,0.536,4.371,0.423,4.909,0.529,0.000,0.496,3.738,0.955,4.230
28,focal,20.0,0.75,1,1.413,0.000,1.719,0.000,1.872,4.198,3.219,5.082,2.565,4.253
28,focal,20.0,1.0,1,2.550,0.000,1.962,0.000,2.487,0.000,2.519,0.000,3.275,0.000
28,focal,20.0,1.5,1,3.414,0.000,3.238,0.000,3.166,0.000,3.014,4.351,3.352,0.000
28,focal,40.0,0.75,1,4.690,4.316,4.959,4.830,4.580,0.000,5.089,4.503,4.901,4.796
28,focal,40.0,1.0,1,1.575,0.000,1.753,4.280,1.662,0.000,2.638,4.461,3.122,4.037
28,focal,40.0,1.5,1,3.433,0.000,3.327,4.288,3.393,0.000,3.055,0.000,4.382,0.000
28,focal,80.0,0.75,1,4.943,4.993,4.345,4.576,4.901,4.896,4.713,4.652,5.705,5.555
28,focal,80.0,1.0,1,6.915,5.417,6.763,5.238,6.397,5.504,7.109,5.281,8.617,6.406
28,focal,80.0,1.5,1,6.538,5.620,6.099,5.168,6.248,5.623,6.857,5.915,8.112,6.861
28,focal,160.0,0.75,1,14.082,11.607,13.633,10.966,13.204,11.170,13.922,11.356,16.310,13.226
28,focal,160.0,1.0,1,13.442,10.988,12.119,10.289,13.136,10.901,14.125,11.389,17.441,14.619
28,focal,160.0,1.5,1,14.089,12.030,13.624,11.763,13.694,11.983,14.608,12.257,17.602,14.145
28,focal,320.0,0.75,1,22.467,20.333,20.684,19.103,22.223,20.265,22.883,21.098,28.171,24.700
28,focal,320.0,1.0,1,27.169,24.005,24.682,22.438,26.896,23.732,28.219,24.339,31.948,27.802
28,focal,320.0,1.5,1,31.121,26.319,28.698,24.764,30.192,25.879,32.000,27.145,37.022,30.909
29,focal,10.0,0.75,1,0.249,0.000,0.842,0.000,-0.299,0.000,0.683,0.000,-0.026,0.000
29,focal,10.0,1.0,1,1.924,4.284,1.845,4.411,2.150,4.829,0.996,3.999,1.200,4.292
29,focal,10.0,1.5,1,1.172,0.000,0.878,0.000,1.405,0.000,1.746,0.000,0.310,3.719
29,focal,20.0,0.75,1,3.195,4.232,2.849,0.000,3.745,3.589,3.168,0.000,2.625,0.000
29,focal,20.0,1.0,1,2.254,4.543,1.772,0.000,1.816,4.312,2.181,0.000,2.346,0.000
29,focal,20.0,1.5,1,1.871,0.000,2.705,0.000,1.579,0.000,1.957,0.000,3.045,4.357
29,focal,40.0,0.75,1,3.065,0.000,2.826,0.000,2.782,3.565,2.298,4.317,3.024,0.000
29,focal,40.0,1.0,1,4.281,0.000,3.776,4.458,3.941,0.000,4.244,4.950,4.595,4.864
29,focal,40.0,1.5,1,3.413,0.000,2.893,4.793,3.407,0.000,3.242,0.000,3.047,0.000
29,focal,80.0,0.75,1,5.360,5.279,4.741,4.972,5.136,5.064,5.449,5.456,6.025,6.223
29,focal,80.0,1.0,1,6.762,6.616,6.623,6.510,6.341,6.177,7.152,6.853,7.338,7.141
29,focal,80.0,1.5,1,8.770,8.603,7.594,7.443,8.896,8.789,8.518,8.453,9.317,9.132
29,focal,160.0,0.75,1,14.741,14.533,12.936,12.861,14.015,13.724,14.552,14.252,15.382,15.061
29,focal,160.0,1.0,1,13.371,13.405,12.489,12.404,12.888,12.877,14.177,13.976,14.865,14.702
29,focal,160.0,1.5,1,15.068,14.863,14.085,13.780,14.185,14.080,16.279,15.841,17.397,17.021
29,focal,320.0,0.75,1,28.212,28.033,25.572,25.397,27.083,26.911,28.759,28.388,30.778,30.493
29,focal,320.0,1.0,1,29.014,29.083,26.519,26.387,28.605,28.540,31.190,30.834,33.157,33.103
29,focal,320.0,1.5,1,31.664,31.297,29.323,28.882,29.927,29.683,32.683,31.837,34.178,33.435
30,focal,10.0,0.75,1,0.485,0.000,1.026,0.000,0.135,0.000,-0.064,0.000,0.544,0.000
30,focal,10.0,1.0,1,1.576,4.049,1.561,0.000,1.683,4.434,1.396,4.659,1.801,4.285
30,focal,10.0,1.5,1,1.379,4.371,1.094,4.256,1.400,4.440,1.321,4.639,1.258,5.369
30,focal,20.0,0.75,1,2.446,4.363,2.718,3.944,1.963,4.381,1.746,4.039,2.278,0.000
30,focal,20.0,1.0,1,2.936,0.000,1.944,4.653,2.946,0.000,3.080,0.000,3.626,0.000
30,focal,20.0,1.5,1,2.717,3.989,2.664,0.000,2.723,0.000,3.233,0.000,3.044,0.000
30,focal,40.0,0.75,1,3.191,0.000,3.170,4.603,2.874,0.000,3.144,0.000,4.394,4.610
30,focal,40.0,1.0,1,3.937,0.000,4.135,0.000,3.989,4.150,5.754,5.682,5.883,5.577
30,focal,40.0,1.5,1,2.896,4.135,2.999,4.302,2.542,4.059,4.492,4.725,4.376,0.000
30,focal,80.0,0.75,1,4.654,0.000,4.933,4.497,4.319,0.000,6.077,4.931,5.851,0.000
30,focal,80.0,1.0,1,6.760,6.429,6.473,6.013,6.606,6.327,8.257,7.139,7.594,6.014
30,focal,80.0,1.5,1,6.913,5.943,6.156,5.703,6.869,6.122,7.341,6.241,8.081,6.422
30,focal,160.0,0.75,1,17.343,15.008,14.775,12.744,17.051,15.309,18.933,15.616,18.893,14.829
30,focal,160.0,1.0,1,15.959,13.289,14.757,12.610,15.435,12.842,18.378,14.646,17.386,13.181
30,focal,160.0,1.5,1,16.441,13.134,15.177,12.349,16.198,13.445,19.622,15.327,18.466,13.430
30,focal,320.0,0.75,1,27.208,22.789,25.708,21.580,26.210,22.466,31.658,25.271,31.323,23.609
30,focal,320.0,1.0,1,32.698,27.488,30.368,26.991,31.864,26.817,37.081,29.013,37.098,27.919
30,focal,320.0,1.5,1,31.130,25.598,29.085,24.771,30.649,25.480,36.148,28.229,36.443,27.385
31,focal,10.0,0.75,1,-0.120,3.898,-0.376,0.000,0.119,0.000,0.330,0.000,-0.102,0.000
31,focal,10.0,1.0,1,1.023,0.000,0.787,0.000,0.911,0.000,1.721,0.000,1.212,0.000
31,focal,10.0,1.5,1,1.581,0.000,1.464,4.609,1.758,0.000,1.324,4.248,1.029,4.394
31,focal,20.0,0.75,1,-0.568,0.000,-0.052,0.000,-0.748,0.000,0.289,0.000,0.735,0.000
31,focal,20.0,1.0,1,1.047,0.000,1.302,3.870,0.693,0.000,1.272,4.148,1.593,0.000
31,focal,20.0,1.5,1,2.429,0.000,1.851,0.000,2.363,0.000,1.874,0.000,2.548,3.833
31,focal,40.0,0.75,1,2.674,4.647,3.509,4.210,2.715,0.000,3.715,4.088,3.641,0.000
31,focal,40.0,1.0,1,3.410,0.000,3.663,0.000,3.277,3.370,3.701,4.150,3.849,4.695
31,focal,40.0,1.5,1,4.251,4.481,4.107,4.537,3.885,4.700,3.644,4.446,4.265,4.962
31,focal,80.0,0.75,1,6.529,5.599,5.156,4.519,6.671,6.307,6.506,6.324,6.452,5.678
31,focal,80.0,1.0,1,8.364,6.269,8.241,6.266,8.374,6.165,8.944,6.950,8.901,6.485
31,focal,80.0,1.5,1,9.486,7.430,8.816,7.560,9.168,7.379,9.112,7.443,9.925,6.857
31,focal,160.0,0.75,1,11.163,8.864,10.187,8.396,11.033,9.148,12.193,9.886,12.390,9.375
31,focal,160.0,1.0,1,13.242,10.741,11.569,9.484,13.421,11.500,14.133,12.298,14.489,10.460
31,focal,160.0,1.5,1,14.818,11.823,13.592,10.841,14.512,11.926,15.311,11.901,15.814,11.764
31,focal,320.0,0.75,1,23.482,18.880,21.115,17.950,23.406,18.604,24.781,18.835,25.414,18.464
31,focal,320.0,1.0,1,26.481,19.610,24.835,18.585,25.757,20.038,28.576,21.715,28.577,20.927
31,focal,320.0,1.5,1,28.054,21.741,25.863,20.488,27.585,22.791,29.197,23.822,30.370,21.869
32,focal,10.0,0.75,1,0.702,0.000,0.177,0.000,0.661,0.000,0.722,0.000,0.971,4.121
32,focal,10.0,1.0,1,0.764,3.904,0.703,0.000,0.799,3.913,1.343,0.000,0.845,0.000
32,focal,10.0,1.5,1,1.081,0.000,0.785,4.326,0.872,0.000,0.393,3.844,1.357,4.388
32,focal,20.0,0.75,1,3.519,4.287,3.235,0.000,3.462,0.000,3.474,0.000,4.122,4.489
32,focal,20.0,1.0,1,1.560,0.000,1.675,0.000,1.262,0.000,1.620,0.000,1.022,0.000
32,focal,20.0,1.5,1,-0.438,4.294,-0.366,4.480,-0.723,0.000,-0.826,0.000,-0.739,5.006
32,focal,40.0,0.75,1,0.266,0.000,0.329,0.000,0.358,0.000,0.606,0.000,1.005,0.000
32,focal,40.0,1.0,1,4.306,5.274,3.913,4.969,4.219,5.022,4.315,4.718,4.891,5.366
32,focal,40.0,1.5,1,3.270,0.000,2.859,3.999,3.391,0.000,3.307,0.000,4.319,0.000
32,focal,80.0,0.75,1,5.452,5.179,4.945,4.541,5.612,5.481,5.233,4.981,6.152,5.934
32,focal,80.0,1.0,1,6.999,7.148,6.204,6.302,6.856,7.005,6.933,6.594,7.477,6.923
32,focal,80.0,1.5,1,6.739,6.757,6.077,6.027,6.647,6.714,6.208,6.277,7.373,7.236
32,focal,160.0,0.75,1,11.234,10.778,10.136,9.961,11.247,10.702,11.237,10.545,12.692,11.903
32,focal,160.0,1.0,1,10.883,10.756,10.019,9.978,10.788,10.863,11.053,10.579,12.853,12.460
32,focal,160.0,1.5,1,10.991,10.346,10.922,10.534,10.793,9.950,10.718,9.781,12.010,10.989
32,focal,320.0,0.75,1,22.143,21.168,20.908,20.430,21.432,20.419,21.074,19.923,25.209,23.335
32,focal,320.0,1.0,1,25.768,24.555,24.974,23.770,24.893,23.864,25.585,23.670,28.294,26.228
32,focal,320.0,1.5,1,25.079,23.849,23.813,22.664,24.761,23.511,24.628,22.770,27.264,25.212
33,focal,10.0,0.75,1,1.269,0.000,0.808,0.000,1.424,0.000,0.743,0.000,1.179,0.000
33,focal,10.0,1.0,1,0.757,0.000,0.825,0.000,0.664,0.000,1.137,0.000,0.529,0.000
33,focal,10.0,1.5,1,2.271,0.000,2.239,4.155,1.895,0.000,2.821,0.000,2.770,0.000
33,focal,20.0,0.75,1,2.883,0.000,1.994,0.000,3.046,0.000,3.960,3.699,3.753,0.000
33,focal,20.0,1.0,1,2.066,0.000,1.172,3.813,2.146,0.000,2.290,4.017,2.263,3.936
33,focal,20.0,1.5,1,2.701,0.000,2.602,4.786,2.129,0.000,3.149,0.000,4.076,3.693
33,focal,40.0,0.75,1,2.387,4.174,1.786,0.000,2.615,0.000,4.703,4.599,4.748,4.237
33,focal,40.0,1.0,1,2.400,0.000,2.058,0.000,2.488,0.000,3.871,0.000,4.160,0.000
33,focal,40.0,1.5,1,5.794,5.416,5.484,5.177,5.464,5.237,5.177,0.000,5.974,5.034
33,focal,80.0,0.75,1,8.468,7.255,7.135,6.509,8.316,7.039,9.959,8.279,9.472,7.573
33,focal,80.0,1.0,1,10.758,9.694,9.288,8.754,10.239,9.336,12.077,10.949,13.193,10.885
33,focal,80.0,1.5,1,10.283,9.493,9.613,8.898,9.944,9.270,12.278,11.018,12.413,11.159
33,focal,160.0,0.75,1,17.736,16.484,16.448,15.389,17.001,16.015,19.170,18.182,20.455,18.481
33,focal,160.0,1.0,1,20.912,18.463,18.723,16.061,20.322,18.462,22.512,20.120,23.574,19.909
33,focal,160.0,1.5,1,18.892,16.964,17.593,15.691,17.945,16.177,21.720,19.000,23.366,19.457
33,focal,320.0,0.75,1,32.261,29.086,29.165,26.571,31.466,28.597,38.370,34.429,39.874,34.212
33,focal,320.0,1.0,1,37.979,34.174,34.713,31.235,36.574,33.338,42.756,38.153,44.941,38.636
33,focal,320.0,1.5,1,39.847,35.939,37.628,33.342,38.001,34.761,46.653,40.946,47.248,40.541
34,focal,10.0,0.75,1,-0.183,3.866,-0.188,0.000,-0.411,3.970,0.492,0.000,-0.051,4.826
34,focal,10.0,1.0,1,0.850,0.000,0.434,0.000,0.734,0.000,0.556,0.000,1.214,0.000
34,focal,10.0,1.5,1,0.467,4.478,-0.001,4.338,0.740,4.332,0.428,0.000,-0.012,0.000
34,focal,20.0,0.75,1,0.651,4.258,1.127,0.000,1.149,4.093,2.171,4.945,2.386,4.831
34,focal,20.0,1.0,1,1.101,0.000,1.257,4.592,1.164,4.439,1.989,4.150,2.567,4.118
34,focal,20.0,1.5,1,0.869,4.577,0.118,0.000,0.654,0.000,0.636,3.578,0.321,4.213
34,focal,40.0,0.75,1,5.246,0.000,4.453,4.546,5.036,0.000,5.624,4.633,4.486,4.219
34,focal,40.0,1.0,1,4.234,4.450,4.184,4.479,3.988,0.000,4.757,4.700,5.114,4.883
34,focal,40.0,1.5,1,5.995,5.425,4.727,0.000,6.469,5.817,7.185,6.565,6.428,5.909
34,focal,80.0,0.75,1,7.253,6.513,6.065,5.497,7.174,6.325,7.670,6.723,9.191,8.615
34,focal,80.0,1.0,1,9.536,8.699,9.705,8.803,8.496,8.036,9.715,9.283,10.363,9.978
34,focal,80.0,1.5,1,10.232,9.799,8.547,8.122,10.107,9.896,9.573,9.221,11.578,11.063
34,focal,160.0,0.75,1,16.477,15.544,14.871,14.097,15.568,15.013,17.914,16.926,20.137,18.895
34,focal,160.0,1.0,1,18.825,18.023,17.207,16.609,18.010,17.488,20.110,19.404,21.030,20.218
34,focal,160.0,1.5,1,19.546,18.110,17.594,16.273,18.969,18.134,20.321,19.372,23.642,21.758
34,focal,320.0,0.75,1,34.202,31.947,30.365,28.702,32.687,30.970,35.751,33.360,39.741,36.566
34,focal,320.0,1.0,1,37.547,35.125,33.350,31.572,35.831,34.045,39.317,36.881,43.453,40.622
34,focal,320.0,1.5,1,41.312,38.967,36.237,34.442,39.473,37.780,42.203,40.344,47.407,44.237
35,focal,10.0,0.75,1,0.895,0.000,0.377,3.702,1.478,0.000,1.473,0.000,0.790,0.000
35,focal,10.0,1.0,1,0.504,4.341,0.091,0.000,0.728,0.000,0.711,4.162,0.132,0.000
35,focal,10.0,1.5,1,0.747,0.000,0.750,4.155,0.455,0.000,1.064,0.000,1.735,0.000
35,focal,20.0,0.75,1,2.949,4.581,3.137,0.000,2.506,4.318,2.263,4.408,2.443,0.000
35,focal,20.0,1.0,1,1.258,0.000,0.883,0.000,1.116,0.000,0.429,0.000,0.786,0.000
35,focal,20.0,1.5,1,1.483,4.329,1.466,0.000,1.770,4.194,2.867,4.074,2.639,0.000
35,focal,40.0,0.75,1,2.692,0.000,2.854,4.247,2.695,3.934,2.089,0.000,3.125,4.383
35,focal,40.0,1.0,1,2.221,0.000,2.302,4.093,2.098,4.155,2.783,0.000,3.364,0.000
35,focal,40.0,1.5,1,4.647,0.000,4.735,0.000,4.390,0.000,4.814,4.806,5.930,5.246
35,focal,80.0,0.75,1,6.286,5.929,6.054,5.617,6.009,5.622,6.740,5.951,8.171,5.980
35,focal,80.0,1.0,1,5.522,4.777,4.413,0.000,5.308,5.063,4.876,0.000,5.736,4.522
35,focal,80.0,1.5,1,6.360,5.335,6.545,5.613,6.338,5.322,6.468,5.750,7.459,5.915
35,focal,160.0,0.75,1,10.770,8.777,10.194,9.229,10.601,8.400,11.448,9.445,12.838,9.661
35,focal,160.0,1.0,1,12.829,10.778,11.783,9.876,13.059,11.280,14.161,12.156,16.463,12.228
35,focal,160.0,1.5,1,13.697,11.024,13.364,11.025,13.236,10.672,14.258,10.764,15.364,11.056
35,focal,320.0,0.75,1,23.500,19.223,22.687,18.815,23.038,18.711,24.654,18.635,28.104,18.876
35,focal,320.0,1.0,1,24.547,20.227,23.268,19.453,23.595,19.133,25.307,19.317,29.852,21.433
35,focal,320.0,1.5,1,26.125,21.637,24.189,20.737,24.960,20.522,27.239,21.523,31.666,23.262
36,focal,10.0,0.75,2,0.669,4.421,-0.650,3.993,0.612,5.166,0.323,4.522,1.789,0.000
36,focal,10.0,1.0,2,-0.676,0.000,-0.507,3.610,-0.915,0.000,-0.641,0.000,-1.696,0.000
36,focal,10.0,1.5,2,0.866,0.000,-0.490,0.000,1.241,0.000,0.758,0.000,0.685,0.000
36,focal,20.0,0.75,2,-0.722,4.336,-1.119,0.000,-0.757,4.231,-1.799,4.362,0.701,0.000
36,focal,20.0,1.0,2,0.753,0.000,-0.419,0.000,0.967,0.000,0.574,4.521,0.713,4.281
36,focal,20.0,1.5,2,1.854,4.635,1.306,5.324,1.274,4.393,0.885,5.176,0.259,4.151
36,focal,40.0,0.75,2,0.689,3.983,-0.012,0.000,0.125,0.000,-0.102,0.000,2.181,3.530
36,focal,40.0,1.0,2,0.476,4.284,0.647,0.000,0.682,4.078,1.666,0.000,1.148,0.000
36,focal,40.0,1.5,2,-0.450,4.236,0.370,4.725,-1.229,0.000,0.290,4.498,1.480,0.000
36,focal,80.0,0.75,2,2.198,4.448,2.085,0.000,1.990,0.000,2.740,0.000,2.526,0.000
36,focal,80.0,1.0,2,1.208,0.000,1.798,0.000,1.094,0.000,2.220,0.000,1.031,0.000
36,focal,80.0,1.5,2,1.373,0.000,0.921,0.000,1.302,0.000,0.831,0.000,1.416,4.655
36,focal,160.0,0.75,2,4.793,4.557,3.288,0.000,4.693,4.920,3.813,0.000,4.906,0.000
36,focal,160.0,1.0,2,4.511,0.000,3.812,0.000,4.351,4.054,5.562,4.877,5.411,5.107
36,focal,160.0,1.5,2,4.592,4.527,2.662,0.000,4.733,4.782,5.404,4.922,5.004,4.573
36,focal,320.0,0.75,2,8.049,6.928,4.397,3.856,8.164,7.004,8.461,7.017,9.756,8.413
36,focal,320.0,1.0,2,8.513,7.783,6.465,5.839,7.917,7.183,7.899,6.681,10.593,9.957
36,focal,320.0,1.5,2,10.751,9.681,8.285,7.508,10.013,8.805,8.475,7.787,11.753,10.904
37,focal,10.0,0.75,2,-1.480,0.000,-1.506,0.000,-1.767,0.000,-1.382,4.103,-0.823,0.000
37,focal,10.0,1.0,2,2.030,0.000,1.273,4.594,1.936,0.000,2.448,0.000,1.955,0.000
37,focal,10.0,1.5,2,0.346,3.543,-0.241,4.631,0.691,0.000,0.737,0.000,0.508,4.233
37,focal,20.0,0.75,2,0.961,3.438,0.501,0.000,0.974,0.000,0.209,0.000,0.355,4.088
37,focal,20.0,1.0,2,0.524,4.504,0.446,0.000,0.324,0.000,0.381,0.000,0.774,4.105
37,focal,20.0,1.5,2,1.912,3.549,1.100,0.000,2.084,0.000,2.184,0.000,1.748,0.000
37,focal,40.0,0.75,2,-1.430,3.900,-1.943,4.572,-1.159,3.742,-1.362,0.000,-1.563,4.308
37,focal,40.0,1.0,2,-0.433,0.000,0.077,0.000,-0.421,0.000,0.765,0.000,0.806,0.000
37,focal,40.0,1.5,2,2.008,0.000,1.595,0.000,2.040,0.000,2.180,0.000,1.971,0.000
37,focal,80.0,0.75,2,0.631,0.000,0.364,0.000,0.678,0.000,1.097,4.559,1.252,4.458
37,focal,80.0,1.0,2,2.567,4.418,2.744,0.000,2.553,0.000,3.083,0.000,1.962,0.000
37,focal,80.0,1.5,2,3.601,4.459,2.771,0.000,3.777,4.406,3.480,4.402,2.993,0.000
37,focal,160.0,0.75,2,5.098,4.765,4.589,4.573,5.195,4.873,5.737,4.747,5.576,4.558
37,focal,160.0,1.0,2,4.854,4.597,4.240,4.252,4.609,0.000,4.338,4.370,4.577,4.518
37,focal,160.0,1.5,2,4.473,4.826,3.804,4.314,4.497,5.125,4.804,4.887,4.592,0.000
37,focal,320.0,0.75,2,7.763,6.845,6.921,6.286,7.638,6.681,7.694,7.151,7.666,6.619
37,focal,320.0,1.0,2,7.277,6.798,6.628,6.085,7.083,6.869,7.305,5.758,8.062,6.794
37,focal,320.0,1.5,2,11.318,9.105,10.400,9.094,11.117,8.903,11.441,9.302,10.917,9.065
38,focal,10.0,0.75,2,-0.241,4.901,0.098,4.855,-0.262,4.722,-0.668,5.162,-0.114,0.000
38,focal,10.0,1.0,2,0.404,0.000,1.038,0.000,0.195,4.601,1.235,0.000,1.055,0.000
38,focal,10.0,1.5,2,-1.300,4.029,-1.495,0.000,-1.500,3.953,-1.810,0.000,-0.931,0.000
38,focal,20.0,0.75,2,-1.018,0.000,-1.083,0.000,-1.005,4.433,-1.015,4.383,-0.624,3.940
38,focal,20.0,1.0,2,-0.663,4.098,-0.360,4.066,-0.716,4.304,-0.226,4.275,-1.033,3.761
38,focal,20.0,1.5,2,0.512,0.000,0.690,4.412,1.232,0.000,0.746,4.376,1.186,4.076
38,focal,40.0,0.75,2,-0.317,3.962,-1.054,0.000,-0.308,0.000,-1.030,4.252,0.840,0.000
38,focal,40.0,1.0,2,-0.182,0.000,0.068,0.000,-0.228,0.000,-0.062,0.000,1.215,4.276
38,focal,40.0,1.5,2,0.428,0.000,0.459,4.368,0.768,4.127,1.374,0.000,0.466,0.000
38,focal,80.0,0.75,2,0.293,0.000,0.985,0.000,-0.253,0.000,-0.602,0.000,0.102,0.000
38,focal,80.0,1.0,2,1.985,4.221,3.033,4.424,1.714,0.000,2.945,4.041,2.479,0.000
38,focal,80.0,1.5,2,1.215,3.515,0.643,3.622,1.132,0.000,0.376,0.000,0.876,4.250
38,focal,160.0,0.75,2,-0.777,0.000,-0.728,4.603,-0.863,0.000,1.054,0.000,0.770,0.000
38,focal,160.0,1.0,2,1.335,4.686,0.396,0.000,1.083,0.000,0.038,4.576,0.042,4.838
38,focal,160.0,1.5,2,2.877,4.591,1.942,0.000,2.696,4.529,2.496,0.000,3.177,0.000
38,focal,320.0,0.75,2,2.803,0.000,2.977,0.000,2.591,3.775,3.564,0.000,2.438,4.699
38,focal,320.0,1.0,2,2.691,3.808,1.047,0.000,2.383,3.865,2.487,4.008,2.877,0.000
38,focal,320.0,1.5,2,2.220,0.000,1.909,4.275,1.843,4.206,2.165,0.000,2.571,0.000
39,focal,10.0,0.75,2,0.499,0.000,0.197,0.000,0.581,0.000,0.451,3.877,0.653,0.000
39,focal,10.0,1.0,2,-0.354,0.000,-0.706,4.582,-0.431,0.000,-0.865,4.084,-0.834,0.000
39,focal,10.0,1.5,2,-1.887,0.000,-1.604,0.000,-1.738,0.000,-1.364,4.736,-1.392,0.000
39,focal,20.0,0.75,2,0.928,3.963,0.869,0.000,1.049,0.000,0.653,0.000,1.026,0.000
39,focal,20.0,1.0,2,-0.345,4.258,-0.595,4.071,-0.310,4.375,-0.499,0.000,0.042,0.000
39,focal,20.0,1.5,2,1.857,0.000,2.187,4.250,1.655,4.071,1.169,0.000,1.666,0.000
39,focal,40.0,0.75,2,-0.835,0.000,-0.856,0.000,-0.827,0.000,-1.086,0.000,-0.710,0.000
39,focal,40.0,1.0,2,0.818,3.825,0.985,0.000,1.038,4.181,1.247,0.000,1.085,3.369
39,focal,40.0,1.5,2,0.255,4.770,0.357,0.000,0.311,4.447,0.555,4.346,0.380,4.966
39,focal,80.0,0.75,2,0.205,0.000,0.297,0.000,0.123,0.000,-0.208,0.000,0.442,0.000
39,focal,80.0,1.0,2,2.564,0.000,2.527,0.000,2.537,0.000,2.535,0.000,2.580,0.000
39,focal,80.0,1.5,2,1.305,0.000,1.081,0.000,1.365,0.000,1.151,3.694,1.154,4.574
39,focal,160.0,0.75,2,1.645,3.832,1.717,4.287,1.441,0.000,1.376,0.000,1.211,0.000
39,focal,160.0,1.0,2,1.416,0.000,1.714,0.000,1.260,0.000,1.216,3.879,0.867,4.481
39,focal,160.0,1.5,2,4.875,4.751,4.665,5.003,4.806,4.790,5.171,4.981,5.447,4.679
39,focal,320.0,0.75,2,4.324,5.006,4.172,5.171,4.490,5.018,4.395,5.262,5.027,4.689
39,focal,320.0,1.0,2,4.787,4.606,3.819,4.414,4.819,4.644,4.928,5.078,4.701,4.995
39,focal,320.0,1.5,2,5.251,5.429,4.712,5.229,5.496,5.438,5.834,6.013,6.145,5.731
40,focal,10.0,0.75,2,0.211,4.843,-0.078,4.881,-0.026,4.766,0.290,4.849,0.286,4.318
40,focal,10.0,1.0,2,-0.686,4.171,-1.092,0.000,-0.934,0.000,-1.183,0.000,-1.648,0.000
40,focal,10.0,1.5,2,-1.466,0.000,-1.040,0.000,-1.516,0.000,-1.667,0.000,-1.313,4.300
40,focal,20.0,0.75,2,-0.323,3.828,-0.891,0.000,0.097,0.000,-0.185,0.000,-0.574,0.000
40,focal,20.0,1.0,2,1.336,0.000,1.429,0.000,1.340,0.000,1.220,4.043,2.049,4.366
40,focal,20.0,1.5,2,-1.526,0.000,-1.351,0.000,-1.687,0.000,-1.560,0.000,-0.774,0.000
40,focal,40.0,0.75,2,0.218,0.000,0.286,0.000,0.483,0.000,-0.368,4.886,-0.263,0.000
40,focal,40.0,1.0,2,2.262,4.475,1.630,0.000,2.400,4.696,2.106,0.000,2.223,3.958
40,focal,40.0,1.5,2,-0.870,4.056,-0.851,4.175,-1.216,0.000,-1.769,0.000,-1.164,4.135
40,focal,80.0,0.75,2,2.200,0.000,2.164,4.173,2.429,0.000,2.186,0.000,2.338,4.250
40,focal,80.0,1.0,2,2.056,4.237,1.538,4.695,1.877,4.123,0.823,4.178,0.929,4.296
40,focal,80.0,1.5,2,0.951,0.000,0.353,0.000,1.225,4.253,0.855,0.000,1.826,0.000
40,focal,160.0,0.75,2,5.185,0.000,4.951,0.000,4.881,4.159,5.567,0.000,5.378,0.000
40,focal,160.0,1.0,2,2.317,5.147,2.818,4.985,2.220,4.998,2.880,4.758,3.136,0.000
40,focal,160.0,1.5,2,2.992,0.000,2.739,4.008,3.262,0.000,2.522,0.000,3.368,3.778
40,focal,320.0,0.75,2,5.370,4.434,5.121,4.288,5.367,0.000,4.731,4.632,4.914,4.840
40,focal,320.0,1.0,2,5.168,4.880,5.246,5.251,5.016,0.000,5.365,5.275,5.457,4.942
40,focal,320.0,1.5,2,7.334,6.145,7.242,6.326,7.227,5.831,7.189,5.272,8.083,0.000
41,focal,10.0,0.75,2,0.867,3.896,0.082,0.000,0.895,3.957,-1.240,0.000,-0.972,0.000
41,focal,10.0,1.0,2,-0.309,0.000,-0.142,0.000,-0.204,0.000,0.401,0.000,0.188,0.000
41,focal,10.0,1.5,2,0.503,0.000,0.700,3.655,0.650,0.000,1.135,4.942,-0.207,0.000
41,focal,20.0,0.75,2,1.560,0.000,1.226,0.000,1.895,0.000,1.731,4.674,0.570,0.000
41,focal,20.0,1.0,2,1.274,4.339,1.660,0.000,0.652,0.000,-0.504,4.698,0.570,0.000
41,focal,20.0,1.5,2,0.242,0.000,0.269,0.000,0.181,0.000,0.393,4.446,-0.741,0.000
41,focal,40.0,0.75,2,0.222,0.000,-0.146,0.000,-0.113,0.000,0.156,0.000,1.254,0.000
41,focal,40.0,1.0,2,1.856,0.000,1.394,0.000,1.286,0.000,0.328,4.752,2.442,0.000
41,focal,40.0,1.5,2,2.284,0.000,1.586,0.000,2.586,0.000,2.136,0.000,2.448,0.000
41,focal,80.0,0.75,2,3.252,0.000,2.554,0.000,3.018,0.000,2.377,0.000,2.141,4.650
41,focal,80.0,1.0,2,2.447,4.452,2.390,0.000,2.571,4.149,2.029,4.442,2.486,4.124
41,focal,80.0,1.5,2,2.648,4.118,2.624,0.000,2.485,4.203,1.939,4.565,2.535,0.000
41,focal,160.0,0.75,2,6.005,5.210,5.428,4.995,6.063,5.285,5.774,4.932,7.692,6.518
41,focal,160.0,1.0,2,9.062,8.003,7.579,7.061,9.322,8.417,8.161,7.001,10.608,9.015
41,focal,160.0,1.5,2,6.709,5.442,6.611,5.694,5.972,5.214,5.038,4.573,8.076,6.451
41,focal,320.0,0.75,2,11.470,10.054,10.652,9.382,10.827,10.018,9.420,8.293,14.017,11.349
41,focal,320.0,1.0,2,13.456,11.439,11.017,9.389,12.545,11.073,8.955,7.172,13.793,11.142
41,focal,320.0,1.5,2,16.598,14.345,14.377,12.810,16.209,14.174,13.261,12.025,18.816,15.430
42,focal,10.0,0.75,2,-0.495,0.000,0.662,0.000,-0.589,0.000,-0.812,0.000,-0.497,0.000
42,focal,10.0,1.0,2,-0.399,0.000,0.665,0.000,-0.444,0.000,-0.250,0.000,-0.744,0.000
42,focal,10.0,1.5,2,-0.317,0.000,-0.747,0.000,-0.161,0.000,-0.284,0.000,-0.278,4.722
42,focal,20.0,0.75,2,1.683,4.285,1.954,3.813,2.130,4.221,1.652,0.000,1.215,4.291
42,focal,20.0,1.0,2,1.304,4.782,0.961,0.000,1.525,4.285,1.643,4.030,0.633,4.593
42,focal,20.0,1.5,2,0.363,0.000,0.434,0.000,0.062,0.000,-0.136,0.000,1.538,4.303
42,focal,40.0,0.75,2,3.628,3.895,2.110,4.106,3.249,0.000,2.379,3.615,4.363,4.486
42,focal,40.0,1.0,2,-0.734,0.000,-0.709,0.000,-0.629,3.646,-0.287,3.627,0.424,4.163
42,focal,40.0,1.5,2,1.777,4.296,1.483,0.000,2.204,0.000,2.523,0.000,3.211,0.000
42,focal,80.0,0.75,2,4.903,4.714,4.258,4.365,3.746,4.243,3.447,0.000,5.128,4.858
42,focal,80.0,1.0,2,2.581,4.342,2.025,4.542,2.578,4.473,2.029,4.404,3.725,4.331
42,focal,80.0,1.5,2,4.692,4.669,4.034,0.000,4.388,0.000,3.367,0.000,5.177,5.146
42,focal,160.0,0.75,2,6.094,6.428,5.206,5.119,5.709,5.977,4.841,4.849,7.705,7.618
42,focal,160.0,1.0,2,7.620,8.517,6.287,6.533,6.930,7.855,6.345,6.497,8.037,8.034
42,focal,160.0,1.5,2,10.093,9.917,7.464,7.302,9.411,9.293,5.996,6.235,10.952,10.511
42,focal,320.0,0.75,2,14.040,13.274,9.373,8.892,13.249,12.518,10.315,9.834,15.749,14.823
42,focal,320.0,1.0,2,14.220,13.891,10.468,10.480,13.747,13.482,11.717,11.627,16.802,16.415
42,focal,320.0,1.5,2,16.757,16.565,11.871,11.813,15.769,15.627,13.233,13.196,20.456,19.565
43,focal,10.0,0.75,2,0.978,4.235,0.087,0.000,1.084,4.167,0.753,3.988,0.994,0.000
43,focal,10.0,1.0,2,0.318,0.000,0.296,0.000,0.244,3.654,0.361,0.000,1.419,0.000
43,focal,10.0,1.5,2,0.757,3.923,0.935,0.000,0.821,0.000,0.185,3.886,0.639,0.000
43,focal,20.0,0.75,2,-0.214,0.000,-0.287,4.159,-0.083,4.273,-0.169,4.400,0.269,0.000
43,focal,20.0,1.0,2,1.198,4.293,0.563,0.000,1.286,4.609,1.248,4.845,0.913,4.747
43,focal,20.0,1.5,2,-0.240,0.000,-0.634,4.815,0.137,4.327,-0.600,0.000,0.009,0.000
43,focal,40.0,0.75,2,-0.443,4.881,-1.053,0.000,-0.367,4.545,-0.989,0.000,-0.786,0.000
43,focal,40.0,1.0,2,1.501,0.000,1.633,4.224,1.458,0.000,1.303,4.123,1.971,0.000
43,focal,40.0,1.5,2,1.012,4.628,0.685,4.418,1.116,0.000,1.223,0.000,2.381,0.000
43,focal,80.0,0.75,2,3.077,4.197,3.618,0.000,2.667,4.518,2.962,0.000,2.198,3.899
43,focal,80.0,1.0,2,1.614,0.000,0.972,0.000,1.980,0.000,2.174,4.268,1.727,0.000
43,focal,80.0,1.5,2,3.794,0.000,3.849,0.000,3.663,0.000,3.892,0.000,4.295,0.000
43,focal,160.0,0.75,2,5.412,4.772,5.027,5.004,5.331,4.654,4.946,5.585,5.355,5.430
43,focal,160.0,1.0,2,5.160,4.727,4.438,4.582,5.197,4.810,5.288,4.918,5.750,5.207
43,focal,160.0,1.5,2,5.594,4.990,5.108,4.583,5.426,4.905,5.458,5.400,6.593,6.664
43,focal,320.0,0.75,2,12.614,11.276,12.003,10.565,12.405,11.146,12.962,11.599,13.444,11.742
43,focal,320.0,1.0,2,12.457,11.545,11.728,10.565,12.365,11.436,12.755,11.731,13.414,11.758
43,focal,320.0,1.5,2,12.154,10.754,11.212,9.915,12.267,11.097,11.983,10.682,12.962,11.110
44,focal,10.0,0.75,2,2.300,0.000,2.654,0.000,2.473,0.000,2.724,4.494,2.546,0.000
44,focal,10.0,1.0,2,-0.057,4.393,0.082,0.000,0.160,0.000,0.054,3.705,-0.244,0.000
44,focal,10.0,1.5,2,-1.033,4.637,-0.952,0.000,-1.240,4.686,-1.935,0.000,-1.062,0.000
44,focal,20.0,0.75,2,2.211,0.000,2.137,4.055,2.214,0.000,2.259,4.048,2.907,0.000
44,focal,20.0,1.0,2,1.307,4.118,1.847,0.000,1.331,4.286,1.267,4.535,1.020,4.749
44,focal,20.0,1.5,2,1.098,4.275,1.712,0.000,0.996,4.324,1.237,0.000,1.240,0.000
44,focal,40.0,0.75,2,3.508,0.000,3.981,4.350,3.143,0.000,3.076,0.000,3.950,0.000
44,focal,40.0,1.0,2,0.657,0.000,1.124,0.000,0.767,0.000,1.123,4.088,1.151,0.000
44,focal,40.0,1.5,2,0.961,0.000,0.797,5.199,1.004,0.000,1.030,4.712,1.394,0.000
44,focal,80.0,0.75,2,5.594,5.183,5.168,4.613,5.342,4.984,5.615,5.160,6.225,5.988
44,focal,80.0,1.0,2,6.202,6.134,6.042,6.166,6.193,6.081,6.237,6.491,5.960,6.448
44,focal,80.0,1.5,2,4.206,4.348,3.987,4.673,3.883,4.315,3.978,0.000,4.715,0.000
44,focal,160.0,0.75,2,9.130,8.196,7.936,7.143,9.317,8.226,9.410,8.732,9.094,8.316
44,focal,160.0,1.0,2,10.646,9.534,10.113,8.934,10.616,9.841,10.456,9.831,11.115,9.846
44,focal,160.0,1.5,2,11.975,10.862,11.270,10.162,12.094,11.010,12.751,11.596,12.223,10.592
44,focal,320.0,0.75,2,18.272,16.374,17.075,15.308,18.191,16.390,18.906,16.762,19.329,16.740
44,focal,320.0,1.0,2,20.687,18.231,20.003,17.463,20.627,18.233,20.716,18.251,21.298,18.156
44,focal,320.0,1.5,2,21.875,19.653,20.715,19.064,21.544,19.543,21.635,19.367,22.889,20.183
45,focal,10.0,0.75,2,1.036,0.000,0.334,0.000,0.906,0.000,1.180,0.000,1.562,0.000
45,focal,10.0,1.0,2,1.540,0.000,1.223,4.308,1.284,0.000,1.789,4.574,1.116,4.490
45,focal,10.0,1.5,2,0.775,0.000,0.793,3.708,0.712,0.000,0.984,0.000,1.290,0.000
45,focal,20.0,0.75,2,1.971,4.045,2.564,0.000,1.809,4.107,1.545,0.000,2.502,4.158
45,focal,20.0,1.0,2,4.180,6.384,4.287,5.600,4.116,6.326,4.092,5.941,3.917,5.955
45,focal,20.0,1.5,2,0.332,0.000,0.561,3.389,0.430,0.000,0.766,0.000,1.437,4.245
45,focal,40.0,0.75,2,5.014,4.430,4.950,4.748,4.677,0.000,5.071,4.615,5.551,4.798
45,focal,40.0,1.0,2,3.192,4.570,3.178,0.000,2.915,4.469,3.725,0.000,4.344,3.743
45,focal,40.0,1.5,2,2.595,0.000,2.640,0.000,2.545,0.000,2.937,4.065,3.357,0.000
45,focal,80.0,0.75,2,3.867,4.122,3.117,4.261,3.810,0.000,4.346,0.000,4.995,4.404
45,focal,80.0,1.0,2,5.759,5.700,5.801,5.870,5.601,5.490,5.795,5.657,6.970,6.112
45,focal,80.0,1.5,2,6.865,6.214,6.338,5.943,6.682,6.102,6.954,6.068,7.252,6.107
45,focal,160.0,0.75,2,9.476,7.666,8.665,7.320,9.306,8.087,9.314,7.977,10.682,9.148
45,focal,160.0,1.0,2,12.169,10.546,11.881,9.964,11.746,10.416,11.848,10.002,13.117,10.313
45,focal,160.0,1.5,2,13.095,12.047,11.257,10.461,12.862,11.929,13.492,12.234,14.860,11.940
45,focal,320.0,0.75,2,18.786,17.149,16.709,15.264,18.679,17.094,20.375,18.107,21.703,17.891
45,focal,320.0,1.0,2,23.599,20.808,21.090,18.559,23.611,21.229,24.714,21.794,26.341,21.005
45,focal,320.0,1.5,2,23.191,20.275,20.705,18.238,22.845,20.369,23.845,21.424,25.803,21.424
46,focal,10.0,0.75,2,-0.081,0.000,-0.943,0.000,0.105,0.000,-0.467,0.000,-0.848,0.000
46,focal,10.0,1.0,2,1.236,0.000,0.215,0.000,1.523,4.337,1.345,0.000,1.854,0.000
46,focal,10.0,1.5,2,-1.032,0.000,-2.030,0.000,-0.830,0.000,-0.021,0.000,-0.271,0.000
46,focal,20.0,0.75,2,0.088,0.000,-0.547,0.000,0.571,0.000,-0.016,0.000,0.407,0.000
46,focal,20.0,1.0,2,-0.967,0.000,-0.271,4.228,-1.262,4.199,-0.573,0.000,-0.970,0.000
46,focal,20.0,1.5,2,1.759,4.292,1.375,4.386,1.501,0.000,1.802,4.341,2.350,0.000
46,focal,40.0,0.75,2,1.651,0.000,2.061,0.000,1.254,0.000,2.466,0.000,1.031,0.000
46,focal,40.0,1.0,2,2.575,0.000,2.501,4.618,2.652,0.000,2.879,5.056,2.966,4.446
46,focal,40.0,1.5,2,0.540,0.000,1.430,3.950,0.535,0.000,1.503,0.000,1.413,0.000
46,focal,80.0,0.75,2,2.376,3.966,2.986,0.000,2.371,4.175,3.114,4.167,3.191,4.010
46,focal,80.0,1.0,2,2.884,4.223,3.318,0.000,2.848,0.000,3.885,0.000,3.713,0.000
46,focal,80.0,1.5,2,4.507,4.917,4.609,5.078,4.516,4.778,4.744,4.957,4.979,4.927
46,focal,160.0,0.75,2,7.396,6.768,6.775,6.628,6.696,6.076,8.307,7.396,9.028,8.375
46,focal,160.0,1.0,2,8.854,7.900,6.548,6.108,8.463,7.515,8.618,7.625,9.345,8.141
46,focal,160.0,1.5,2,9.770,8.889,7.655,7.398,9.564,8.750,9.436,8.072,10.168,8.802
46,focal,320.0,0.75,2,14.655,13.594,11.678,11.107,14.951,13.594,14.632,13.069,16.205,13.789
46,focal,320.0,1.0,2,16.480,14.233,13.429,11.827,16.333,14.109,17.442,14.532,18.926,16.032
46,focal,320.0,1.5,2,18.436,16.318,15.083,13.789,17.470,15.828,17.899,15.492,19.569,16.623
47,focal,10.0,0.75,2,0.867,0.000,1.223,0.000,0.733,0.000,1.187,0.000,1.484,0.000
47,focal,10.0,1.0,2,-0.446,0.000,-0.930,4.314,-0.197,4.580,0.643,0.000,0.595,0.000
47,focal,10.0,1.5,2,0.723,0.000,0.913,0.000,0.827,0.000,0.583,0.000,1.485,0.000
47,focal,20.0,0.75,2,3.015,0.000,2.052,0.000,2.731,0.000,2.035,0.000,1.580,0.000
47,focal,20.0,1.0,2,1.926,0.000,1.701,0.000,1.842,0.000,2.684,4.523,1.560,0.000
47,focal,20.0,1.5,2,0.721,0.000,0.684,0.000,0.718,0.000,0.838,0.000,1.267,0.000
47,focal,40.0,0.75,2,2.402,0.000,2.303,4.048,2.347,0.000,2.201,0.000,3.314,0.000
47,focal,40.0,1.0,2,1.781,4.387,2.269,3.761,1.557,4.294,2.265,4.616,1.552,0.000
47,focal,40.0,1.5,2,3.229,0.000,3.506,0.000,3.092,4.729,3.925,4.842,3.231,4.318
47,focal,80.0,0.75,2,4.912,4.513,5.044,4.685,5.117,4.679,5.519,5.055,5.413,0.000
47,focal,80.0,1.0,2,5.842,5.085,5.583,5.128,5.650,4.875,6.925,5.853,7.193,5.834
47,focal,80.0,1.5,2,6.083,5.478,5.810,5.315,5.809,5.391,5.610,5.271,6.289,5.784
47,focal,160.0,0.75,2,10.574,8.492,9.258,8.059,10.351,8.516,10.252,8.806,11.561,9.528
47,focal,160.0,1.0,2,12.232,9.690,10.313,8.850,12.146,9.882,12.204,9.464,12.989,9.931
47,focal,160.0,1.5,2,10.384,8.447,9.474,7.773,9.927,8.393,10.472,8.715,11.649,9.616
47,focal,320.0,0.75,2,22.005,17.645,19.809,16.568,21.911,17.977,23.242,18.710,23.570,18.786
47,focal,320.0,1.0,2,23.468,20.189,21.431,18.978,22.921,20.114,25.376,20.584,25.551,21.178
47,focal,320.0,1.5,2,22.924,18.566,20.650,17.440,22.608,18.579,24.804,19.099,25.648,19.174
48,focal,10.0,0.75,2,-0.032,0.000,0.137,0.000,-0.141,0.000,-0.149,0.000,-0.282,0.000
48,focal,10.0,1.0,2,0.464,0.000,0.625,0.000,0.542,0.000,1.134,4.023,1.316,4.217
48,focal,10.0,1.5,2,0.371,4.758,0.274,4.008,0.270,4.997,0.166,3.801,0.120,0.000
48,focal,20.0,0.75,2,1.314,0.000,1.359,4.496,1.457,4.106,1.592,0.000,1.295,3.889
48,focal,20.0,1.0,2,-0.253,0.000,0.380,0.000,-0.184,3.368,0.007,4.114,-0.018,0.000
48,focal,20.0,1.5,2,1.715,0.000,1.935,0.000,1.872,0.000,1.645,0.000,1.319,0.000
48,focal,40.0,0.75,2,0.884,0.000,0.550,4.497,0.939,0.000,0.564,0.000,0.438,4.564
48,focal,40.0,1.0,2,0.181,0.000,0.293,0.000,0.158,0.000,0.078,0.000,0.316,0.000
48,focal,40.0,1.5,2,0.149,0.000,-0.295,0.000,0.434,0.000,0.032,0.000,0.157,0.000
48,focal,80.0,0.75,2,1.678,0.000,1.368,0.000,1.677,0.000,1.635,0.000,1.437,0.000
48,focal,80.0,1.0,2,2.406,0.000,2.093,0.000,2.496,0.000,2.326,0.000,2.211,0.000
48,focal,80.0,1.5,2,2.600,0.000,1.976,4.507,2.805,0.000,2.544,0.000,2.386,4.582
48,focal,160.0,0.75,2,5.383,5.286,5.201,5.843,5.578,5.339,5.513,4.940,6.114,5.305
48,focal,160.0,1.0,2,2.915,0.000,2.786,0.000,3.008,0.000,3.813,0.000,3.721,0.000
48,focal,160.0,1.5,2,4.291,4.444,3.873,4.589,4.322,4.525,4.308,4.820,4.569,4.750
48,focal,320.0,0.75,2,8.223,7.048,7.619,6.621,7.980,6.934,8.034,7.352,8.374,6.728
48,focal,320.0,1.0,2,9.179,7.931,8.667,7.845,9.121,8.066,9.641,8.182,9.296,7.428
48,focal,320.0,1.5,2,11.720,11.048,11.391,10.848,11.787,11.104,12.242,10.917,12.556,10.718
49,focal,10.0,0.75,2,-0.502,0.000,-0.734,0.000,-0.174,0.000,-0.241,0.000,0.071,0.000
49,focal,10.0,1.0,2,0.708,0.000,0.806,4.469,0.637,0.000,-0.291,0.000,-1.121,0.000
49,focal,10.0,1.5,2,0.795,0.000,0.364,0.000,0.734,3.860,-0.277,0.000,-0.085,0.000
49,focal,20.0,0.75,2,1.622,0.000,1.329,0.000,1.761,0.000,2.155,0.000,2.098,4.362
49,focal,20.0,1.0,2,0.254,0.000,-0.111,0.000,0.234,4.111,0.605,0.000,0.456,4.183
49,focal,20.0,1.5,2,1.623,4.373,2.215,0.000,1.445,3.925,1.688,4.242,1.150,0.000
49,focal,40.0,0.75,2,1.317,4.759,0.961,0.000,1.234,0.000,1.079,4.402,2.624,0.000
49,focal,40.0,1.0,2,0.662,0.000,-0.130,0.000,1.279,0.000,1.339,0.000,2.205,4.290
49,focal,40.0,1.5,2,1.828,0.000,1.522,0.000,1.931,0.000,2.866,0.000,3.374,4.051
49,focal,80.0,0.75,2,4.384,4.414,3.682,4.336,4.062,4.399,4.289,4.802,6.354,6.120
49,focal,80.0,1.0,2,1.944,0.000,1.112,4.155,2.103,0.000,1.872,0.000,2.546,4.087
49,focal,80.0,1.5,2,2.985,0.000,2.349,0.000,3.229,0.000,4.349,0.000,4.130,0.000
49,focal,160.0,0.75,2,6.120,5.441,5.729,5.600,5.803,5.524,5.970,5.725,8.596,6.850
49,focal,160.0,1.0,2,5.641,6.258,4.843,4.867,5.814,6.356,5.062,5.736,7.522,7.070
49,focal,160.0,1.5,2,6.991,6.554,6.714,6.133,6.583,6.068,7.278,6.752,9.464,8.370
49,focal,320.0,0.75,2,11.837,10.537,9.882,9.168,11.661,10.943,11.184,10.868,13.998,11.948
49,focal,320.0,1.0,2,11.569,9.950,10.977,9.485,10.426,9.372,11.176,9.745,14.360,11.824
49,focal,320.0,1.5,2,13.013,11.515,11.331,10.624,12.015,10.460,11.626,10.784,15.486,12.826
50,focal,10.0,0.75,2,3.065,0.000,2.968,0.000,2.732,0.000,3.716,0.000,2.703,0.000
50,focal,10.0,1.0,2,-0.274,0.000,-0.462,0.000,-0.152,0.000,0.079,0.000,0.323,0.000
50,focal,10.0,1.5,2,-1.063,4.506,-0.680,4.493,-1.182,4.063,-0.549,0.000,0.110,0.000
50,focal,20.0,0.75,2,0.306,0.000,0.150,0.000,-0.098,0.000,-0.377,0.000,-0.012,0.000
50,focal,20.0,1.0,2,0.717,0.000,0.349,0.000,0.787,0.000,0.660,0.000,1.809,0.000
50,focal,20.0,1.5,2,1.590,0.000,0.756,0.000,1.415,0.000,2.629,0.000,2.769,0.000
50,focal,40.0,0.75,2,1.888,4.651,1.463,0.000,1.901,0.000,1.259,4.163,3.062,4.294
50,focal,40.0,1.0,2,4.128,0.000,3.222,0.000,3.794,0.000,4.482,4.291,4.195,4.269
50,focal,40.0,1.5,2,3.477,0.000,4.016,4.646,3.291,4.157,4.135,4.483,4.727,0.000
50,focal,80.0,0.75,2,6.182,5.034,4.688,4.570,6.461,5.253,6.486,6.489,6.645,5.251
50,focal,80.0,1.0,2,7.544,7.326,5.998,5.792,7.593,7.447,7.002,6.386,7.549,7.041
50,focal,80.0,1.5,2,9.143,8.517,7.974,7.095,8.699,8.381,9.048,8.693,9.226,8.612
50,focal,160.0,0.75,2,14.133,12.746,11.059,9.646,13.674,12.380,13.101,12.101,17.131,15.801
50,focal,160.0,1.0,2,12.748,11.934,10.288,9.402,12.564,11.611,13.093,12.046,14.880,13.798
50,focal,160.0,1.5,2,14.868,13.310,11.186,9.902,14.353,13.027,13.554,12.013,16.967,14.635
50,focal,320.0,0.75,2,24.580,23.137,19.096,18.191,24.469,22.830,24.758,22.697,27.736,24.897
50,focal,320.0,1.0,2,29.474,25.516,23.292,20.759,28.628,24.579,28.952,25.434,33.547,29.195
50,focal,320.0,1.5,2,28.713,25.382,22.188,19.711,27.734,24.699,26.972,23.655,31.475,27.535
51,focal,10.0,0.75,2,1.072,0.000,1.261,0.000,0.847,0.000,1.646,0.000,1.226,0.000
51,focal,10.0,1.0,2,1.496,0.000,1.636,4.063,1.299,0.000,1.661,0.000,1.527,0.000
51,focal,10.0,1.5,2,-0.244,0.000,-0.116,0.000,-0.253,0.000,0.117,0.000,-0.591,4.123
51,focal,20.0,0.75,2,1.876,4.703,1.151,4.893,2.034,4.114,1.133,0.000,1.425,0.000
51,focal,20.0,1.0,2,0.463,0.000,0.810,0.000,0.356,0.000,-0.317,0.000,0.259,0.000
51,focal,20.0,1.5,2,1.861,4.996,1.723,5.142,1.890,4.997,2.327,4.415,1.968,4.894
51,focal,40.0,0.75,2,0.363,0.000,0.534,4.074,0.522,0.000,0.201,0.000,0.368,0.000
51,focal,40.0,1.0,2,4.406,4.826,4.008,4.748,4.475,4.617,4.553,5.055,4.518,4.786
51,focal,40.0,1.5,2,4.927,4.898,4.208,0.000,4.830,4.778,4.382,4.471,4.703,4.576
51,focal,80.0,0.75,2,4.540,4.433,4.368,4.554,4.672,4.585,5.059,5.033,4.606,0.000
51,focal,80.0,1.0,2,2.149,4.411,2.364,4.586,2.063,4.345,2.011,4.189,2.363,0.000
51,focal,80.0,1.5,2,3.959,0.000,3.841,4.807,4.040,4.703,4.369,4.417,5.134,5.158
51,focal,160.0,0.75,2,7.068,7.246,6.714,6.912,7.090,7.252,7.269,7.212,6.997,6.770
51,focal,160.0,1.0,2,7.912,7.884,7.358,7.281,8.197,8.140,8.459,8.266,7.955,7.858
51,focal,160.0,1.5,2,8.803,8.528,8.736,8.501,8.679,8.440,8.955,8.834,9.170,8.932
51,focal,320.0,0.75,2,15.162,15.112,14.993,15.021,15.323,15.190,15.062,14.853,15.501,15.249
51,focal,320.0,1.0,2,15.084,15.118,13.995,14.031,15.042,14.997,15.512,15.335,15.518,15.506
51,focal,320.0,1.5,2,15.819,15.572,15.359,15.212,15.642,15.380,15.470,15.379,16.211,15.860
52,focal,10.0,0.75,2,0.276,0.000,0.357,0.000,0.636,0.000,0.988,0.000,0.888,3.896
52,focal,10.0,1.0,2,-0.102,0.000,-0.396,0.000,0.406,0.000,0.468,0.000,1.018,0.000
52,focal,10.0,1.5,2,0.506,4.068,1.566,0.000,0.911,0.000,1.108,0.000,1.195,4.216
52,focal,20.0,0.75,2,1.161,4.364,1.283,0.000,1.342,0.000,1.069,0.000,2.006,0.000
52,focal,20.0,1.0,2,-0.200,4.502,0.198,3.597,0.057,4.850,-0.462,0.000,0.125,0.000
52,focal,20.0,1.5,2,1.340,0.000,1.714,4.412,1.080,0.000,0.559,0.000,1.645,0.000
52,focal,40.0,0.75,2,-0.089,4.232,0.311,4.578,-0.338,0.000,0.123,0.000,0.557,4.060
52,focal,40.0,1.0,2,2.244,3.763,1.935,3.972,2.189,3.636,2.011,0.000,2.099,4.091
52,focal,40.0,1.5,2,0.017,3.901,-0.383,0.000,0.335,0.000,-0.638,0.000,0.139,0.000
52,focal,80.0,0.75,2,5.508,5.784,5.257,5.837,4.723,4.999,4.231,4.723,5.360,5.576
52,focal,80.0,1.0,2,4.361,4.854,2.827,4.513,3.838,4.850,3.323,4.179,3.977,4.083
52,focal,80.0,1.5,2,4.524,4.291,3.276,4.512,4.596,4.403,3.530,4.354,4.529,4.545
52,focal,160.0,0.75,2,6.378,6.092,4.105,0.000,6.633,6.387,6.554,6.457,7.360,7.169
52,focal,160.0,1.0,2,5.973,6.313,4.585,5.288,6.201,5.951,5.571,6.234,6.806,6.339
52,focal,160.0,1.5,2,8.153,7.756,6.917,6.778,7.597,7.094,7.917,7.822,9.671,9.025
52,focal,320.0,0.75,2,16.508,16.037,12.914,12.494,15.124,14.963,14.250,13.864,16.825,16.131
52,focal,320.0,1.0,2,19.380,18.549,14.699,13.866,18.847,18.096,16.586,15.944,20.045,18.959
52,focal,320.0,1.5,2,19.593,19.145,14.731,14.430,19.093,18.358,16.942,16.476,20.634,19.914
53,focal,10.0,0.75,2,-1.685,0.000,-1.794,0.000,-1.508,4.164,-1.495,4.321,-1.729,0.000
53,focal,10.0,1.0,2,0.662,0.000,0.652,0.000,0.630,0.000,0.758,0.000,1.187,4.114
53,focal,10.0,1.5,2,0.609,0.000,0.417,0.000,0.677,4.463,0.450,0.000,0.834,0.000
53,focal,20.0,0.75,2,0.400,0.000,0.092,0.000,0.163,0.000,0.493,4.978,0.711,0.000
53,focal,20.0,1.0,2,0.307,0.000,-0.080,0.000,0.306,0.000,-0.368,0.000,0.189,0.000
53,focal,20.0,1.5,2,0.374,3.900,0.180,0.000,0.441,4.369,0.025,0.000,0.561,4.414
53,focal,40.0,0.75,2,2.597,0.000,2.367,0.000,2.543,0.000,2.334,4.338,2.992,4.536
53,focal,40.0,1.0,2,1.969,4.117,2.098,0.000,2.094,4.272,2.074,0.000,2.211,0.000
53,focal,40.0,1.5,2,3.529,4.244,3.089,4.617,3.570,0.000,3.606,4.551,3.905,0.000
53,focal,80.0,0.75,2,2.291,0.000,2.020,0.000,2.623,0.000,2.946,0.000,2.514,0.000
53,focal,80.0,1.0,2,6.032,4.798,5.168,0.000,6.033,5.102,5.457,4.765,6.233,4.476
53,focal,80.0,1.5,2,4.484,0.000,4.236,0.000,4.465,0.000,4.885,4.625,4.915,0.000
53,focal,160.0,0.75,2,7.978,5.923,6.887,5.446,8.124,5.957,8.312,5.617,8.373,5.911
53,focal,160.0,1.0,2,8.378,5.777,7.781,5.539,8.382,6.167,7.854,4.830,8.601,6.120
53,focal,160.0,1.5,2,8.721,5.611,8.642,6.452,8.717,5.833,8.799,6.225,8.801,5.768
53,focal,320.0,0.75,2,16.896,10.787,16.065,11.229,16.924,11.376,16.973,11.202,17.749,10.647
53,focal,320.0,1.0,2,19.035,13.528,18.088,13.345,19.202,13.673,19.621,13.728,19.944,13.750
53,focal,320.0,1.5,2,16.575,11.497,16.127,11.588,16.591,11.502,16.772,12.047,18.291,12.488
54,focal,10.0,0.75,3,-0.193,4.669,-0.504,0.000,-0.422,4.853,-1.381,0.000,-0.348,0.000
54,focal,10.0,1.0,3,1.040,0.000,0.993,4.275,0.969,0.000,0.642,0.000,2.122,4.064
54,focal,10.0,1.5,3,0.794,0.000,0.516,4.276,0.099,0.000,-0.276,0.000,-0.835,0.000
54,focal,20.0,0.75,3,-1.427,0.000,-0.849,0.000,-0.820,0.000,-1.306,0.000,-0.306,4.546
54,focal,20.0,1.0,3,1.067,0.000,0.381,4.228,0.936,0.000,-0.037,4.315,1.370,0.000
54,focal,20.0,1.5,3,0.638,0.000,0.173,0.000,0.236,4.048,0.227,0.000,2.444,4.076
54,focal,40.0,0.75,3,1.914,0.000,1.587,4.039,1.394,0.000,1.745,4.480,1.863,0.000
54,focal,40.0,1.0,3,-0.119,0.000,-0.325,0.000,-0.241,3.567,-0.594,0.000,-0.144,3.667
54,focal,40.0,1.5,3,-0.051,4.862,-0.016,0.000,-0.156,4.512,0.551,0.000,1.576,0.000
54,focal,80.0,0.75,3,-0.264,5.186,-1.510,4.276,-0.454,5.334,-0.711,4.705,-0.387,0.000
54,focal,80.0,1.0,3,0.673,4.326,1.208,0.000,0.948,0.000,1.623,4.733,2.947,0.000
54,focal,80.0,1.5,3,1.988,0.000,1.308,3.835,1.258,0.000,1.185,0.000,2.185,4.231
54,focal,160.0,0.75,3,2.971,0.000,2.023,4.169,2.369,0.000,1.378,0.000,3.474,0.000
54,focal,160.0,1.0,3,1.895,4.450,2.382,4.278,1.756,0.000,1.855,4.537,3.728,4.447
54,focal,160.0,1.5,3,4.457,0.000,4.044,0.000,4.858,0.000,4.376,0.000,5.173,5.405
54,focal,320.0,0.75,3,6.951,6.659,3.820,0.000,6.059,5.796,4.337,4.814,8.284,7.056
54,focal,320.0,1.0,3,5.789,5.282,4.882,5.070,4.927,4.882,5.128,5.628,7.034,6.606
54,focal,320.0,1.5,3,7.433,5.877,6.456,0.000,5.961,4.778,4.692,0.000,8.779,7.137
55,focal,10.0,0.75,3,0.015,0.000,0.473,0.000,0.410,0.000,-0.065,0.000,-0.122,4.124
55,focal,10.0,1.0,3,-0.930,0.000,-0.838,0.000,-0.799,4.605,-0.278,0.000,-0.077,4.014
55,focal,10.0,1.5,3,-0.515,0.000,-0.749,0.000,-0.585,0.000,-0.587,0.000,0.329,3.991
55,focal,20.0,0.75,3,1.175,0.000,1.068,3.715,0.611,0.000,0.633,0.000,0.593,0.000
55,focal,20.0,1.0,3,-1.207,0.000,-1.557,0.000,-1.363,0.000,-1.531,0.000,-1.444,0.000
55,focal,20.0,1.5,3,-1.080,4.620,-0.902,0.000,-1.022,0.000,-0.318,0.000,-1.161,0.000
55,focal,40.0,0.75,3,1.671,0.000,1.108,0.000,1.884,0.000,1.503,0.000,1.237,0.000
55,focal,40.0,1.0,3,-0.537,0.000,-0.408,0.000,-0.364,0.000,0.136,0.000,-0.096,3.954
55,focal,40.0,1.5,3,3.530,0.000,3.978,4.043,3.442,0.000,4.199,4.278,4.323,0.000
55,focal,80.0,0.75,3,1.052,0.000,1.118,4.479,0.924,0.000,1.077,4.815,0.902,0.000
55,focal,80.0,1.0,3,1.721,0.000,1.710,0.000,1.341,0.000,0.770,5.219,0.538,0.000
55,focal,80.0,1.5,3,1.005,0.000,0.654,0.000,1.229,0.000,1.322,0.000,0.939,0.000
55,focal,160.0,0.75,3,2.236,4.314,1.737,3.638,2.459,4.794,1.922,0.000,2.191,0.000
55,focal,160.0,1.0,3,0.013,0.000,-0.306,0.000,0.133,0.000,-0.237,0.000,0.475,0.000
55,focal,160.0,1.5,3,1.969,0.000,2.194,0.000,1.991,0.000,2.556,0.000,3.127,0.000
55,focal,320.0,0.75,3,3.320,0.000,3.554,0.000,3.129,4.027,2.899,4.515,3.362,0.000
55,focal,320.0,1.0,3,3.822,5.029,4.197,0.000,3.687,4.704,3.991,0.000,4.154,4.802
55,focal,320.0,1.5,3,3.555,4.350,2.857,4.375,3.285,4.448,3.612,0.000,4.023,0.000
56,focal,10.0,0.75,3,0.012,0.000,0.356,0.000,-0.074,0.000,-0.135,0.000,0.741,0.000
56,focal,10.0,1.0,3,0.018,0.000,0.454,3.195,-0.219,0.000,0.348,0.000,-0.034,0.000
56,focal,10.0,1.5,3,1.623,0.000,1.518,0.000,1.580,0.000,1.301,0.000,1.163,0.000
56,focal,20.0,0.75,3,0.295,0.000,0.501,0.000,0.290,0.000,0.302,0.000,0.182,0.000
56,focal,20.0,1.0,3,-1.430,0.000,-1.123,4.496,-1.846,4.276,-1.555,0.000,-2.074,5.214
56,focal,20.0,1.5,3,0.013,0.000,-0.087,3.982,0.046,0.000,-0.110,3.940,-0.026,4.286
56,focal,40.0,0.75,3,1.335,4.486,0.552,4.167,1.246,4.409,0.260,4.104,0.927,0.000
56,focal,40.0,1.0,3,1.456,0.000,0.897,4.160,1.529,0.000,0.912,0.000,0.973,0.000
56,focal,40.0,1.5,3,1.850,0.000,1.554,0.000,1.522,0.000,1.491,0.000,1.887,0.000
56,focal,80.0,0.75,3,0.941,0.000,0.749,0.000,0.826,4.124,1.181,0.000,0.787,0.000
56,focal,80.0,1.0,3,1.201,4.233,1.085,0.000,1.155,4.541,1.215,3.972,1.343,0.000
56,focal,80.0,1.5,3,2.979,4.770,3.025,4.488,2.860,0.000,2.914,0.000,2.921,0.000
56,focal,160.0,0.75,3,3.551,0.000,3.136,0.000,3.478,0.000,3.665,0.000,3.063,0.000
56,focal,160.0,1.0,3,3.825,0.000,3.007,4.437,3.977,0.000,4.592,5.102,4.127,4.862
56,focal,160.0,1.5,3,3.669,0.000,3.379,0.000,3.633,0.000,3.146,4.085,3.566,4.124
56,focal,320.0,0.75,3,6.935,6.472,6.615,6.385,6.774,6.381,6.736,6.190,6.817,6.019
56,focal,320.0,1.0,3,9.125,7.500,8.322,7.180,8.845,7.388,8.591,7.347,9.163,7.715
56,focal,320.0,1.5,3,7.104,7.223,6.838,6.921,7.145,7.334,7.405,7.037,7.901,7.322
57,focal,10.0,0.75,3,0.292,0.000,0.346,0.000,0.065,0.000,0.613,0.000,0.441,0.000
57,focal,10.0,1.0,3,0.191,0.000,0.388,0.000,0.161,0.000,0.378,0.000,-0.011,0.000
57,focal,10.0,1.5,3,0.372,0.000,-0.009,4.760,0.331,0.000,-0.394,0.000,-0.431,0.000
57,focal,20.0,0.75,3,-0.614,0.000,-1.005,0.000,-0.497,0.000,-0.237,0.000,-0.118,3.822
57,focal,20.0,1.0,3,1.257,0.000,0.990,0.000,1.453,0.000,1.470,0.000,1.340,0.000
57,focal,20.0,1.5,3,-0.271,0.000,-0.379,0.000,-0.287,4.234,0.167,0.000,0.079,5.056
57,focal,40.0,0.75,3,-0.052,0.000,-0.795,3.561,0.287,0.000,0.024,0.000,-0.112,4.382
57,focal,40.0,1.0,3,1.245,0.000,1.204,4.660,1.289,4.336,1.444,5.158,1.448,0.000
57,focal,40.0,1.5,3,0.696,0.000,-0.053,4.341,0.743,0.000,0.359,3.709,-0.027,0.000
57,focal,80.0,0.75,3,0.672,4.486,1.384,0.000,0.404,4.578,0.707,4.074,0.825,4.368
57,focal,80.0,1.0,3,1.009,0.000,0.723,0.000,1.181,0.000,1.830,0.000,1.787,0.000
57,focal,80.0,1.5,3,1.252,4.046,1.015,3.994,1.479,0.000,1.131,0.000,1.647,0.000
57,focal,160.0,0.75,3,2.566,0.000,2.945,0.000,2.439,0.000,2.565,0.000,2.223,0.000
57,focal,160.0,1.0,3,1.255,0.000,0.752,0.000,1.177,0.000,0.557,4.119,0.416,0.000
57,focal,160.0,1.5,3,1.497,0.000,1.285,0.000,1.601,0.000,1.922,0.000,1.530,0.000
57,focal,320.0,0.75,3,4.361,0.000,4.569,5.089,4.157,0.000,5.124,4.989,4.865,0.000
57,focal,320.0,1.0,3,4.788,5.693,4.845,5.327,4.828,5.808,4.703,4.858,5.015,5.521
57,focal,320.0,1.5,3,4.401,4.090,3.588,3.872,4.476,4.127,4.380,0.000,5.006,4.939
58,focal,10.0,0.75,3,1.026,0.000,1.731,0.000,1.045,3.954,1.161,0.000,1.732,0.000
58,focal,10.0,1.0,3,-1.054,0.000,-1.312,3.987,-1.027,0.000,-1.166,0.000,-0.487,0.000
58,focal,10.0,1.5,3,1.249,4.648,1.123,4.755,0.867,4.349,0.872,0.000,1.437,4.743
58,focal,20.0,0.75,3,1.324,0.000,1.361,0.000,1.579,0.000,0.763,0.000,1.431,0.000
58,focal,20.0,1.0,3,-0.635,0.000,-0.852,0.000,-0.692,0.000,-1.269,0.000,-0.872,4.179
58,focal,20.0,1.5,3,-0.688,4.849,-0.092,4.226,-0.725,4.178,-1.509,4.366,-0.524,0.000
58,focal,40.0,0.75,3,-1.361,0.000,-0.799,0.000,-1.590,0.000,-1.389,0.000,-2.311,0.000
58,focal,40.0,1.0,3,-0.557,3.854,0.025,4.254,-0.449,0.000,0.005,0.000,0.132,0.000
58,focal,40.0,1.5,3,1.800,0.000,1.482,0.000,1.514,4.467,1.575,4.634,1.726,4.690
58,focal,80.0,0.75,3,-0.515,0.000,-1.008,0.000,-0.446,0.000,-0.690,0.000,-1.233,0.000
58,focal,80.0,1.0,3,1.857,0.000,2.116,0.000,1.758,0.000,1.117,0.000,1.747,0.000
58,focal,80.0,1.5,3,0.003,0.000,-0.230,0.000,-0.216,4.288,-0.888,0.000,-0.693,4.115
58,focal,160.0,0.75,3,-0.820,0.000,-0.529,0.000,-0.665,0.000,0.510,0.000,0.531,0.000
58,focal,160.0,1.0,3,2.249,0.000,2.221,4.764,2.212,4.391,1.877,0.000,2.508,0.000
58,focal,160.0,1.5,3,0.113,4.655,-0.203,4.424,0.215,0.000,-0.041,0.000,0.756,0.000
58,focal,320.0,0.75,3,2.193,4.692,1.735,0.000,2.637,4.410,2.322,4.908,2.392,5.028
58,focal,320.0,1.0,3,2.263,4.515,2.422,5.006,2.552,4.266,3.095,4.380,3.317,4.342
58,focal,320.0,1.5,3,2.420,0.000,1.970,0.000,2.293,0.000,2.822,4.319,2.610,0.000
59,focal,10.0,0.75,3,0.259,3.389,1.486,4.551,-0.152,3.939,-0.309,0.000,1.569,3.839
59,focal,10.0,1.0,3,0.363,0.000,1.027,0.000,0.493,4.222,1.248,4.355,0.786,0.000
59,focal,10.0,1.5,3,-0.339,4.124,0.421,0.000,-0.837,0.000,-0.825,0.000,0.486,0.000
59,focal,20.0,0.75,3,0.483,4.622,-0.637,0.000,0.679,4.607,-0.309,0.000,1.197,0.000
59,focal,20.0,1.0,3,0.147,0.000,0.385,4.427,-0.143,0.000,0.625,4.534,-0.615,4.709
59,focal,20.0,1.5,3,-0.070,0.000,0.894,0.000,-0.184,0.000,-0.012,0.000,-0.283,0.000
59,focal,40.0,0.75,3,0.385,0.000,-0.817,0.000,0.740,0.000,0.491,0.000,1.121,0.000
59,focal,40.0,1.0,3,-0.484,0.000,-0.445,0.000,-0.613,0.000,-0.574,0.000,-0.080,0.000
59,focal,40.0,1.5,3,1.106,0.000,1.756,0.000,1.113,0.000,1.837,0.000,1.795,0.000
59,focal,80.0,0.75,3,0.038,0.000,-0.319,0.000,-0.254,4.295,-0.214,0.000,-0.320,0.000
59,focal,80.0,1.0,3,1.819,3.937,1.715,0.000,1.973,3.841,2.642,4.226,3.141,4.514
59,focal,80.0,1.5,3,3.252,0.000,2.731,0.000,3.174,4.439,2.837,3.824,2.224,0.000
59,focal,160.0,0.75,3,2.482,0.000,2.300,0.000,2.128,0.000,2.642,0.000,3.303,0.000
59,focal,160.0,1.0,3,1.397,3.880,-0.141,0.000,1.768,4.174,0.627,0.000,1.155,0.000
59,focal,160.0,1.5,3,2.682,0.000,2.857,0.000,2.249,0.000,2.621,0.000,3.538,4.193
59,focal,320.0,0.75,3,6.444,6.803,5.633,6.129,5.467,5.877,4.534,5.018,6.985,7.448
59,focal,320.0,1.0,3,5.707,5.772,4.858,5.306,5.597,5.644,5.950,6.487,7.254,7.492
59,focal,320.0,1.5,3,6.051,5.866,4.568,0.000,5.828,5.585,5.593,5.413,7.647,7.513
60,focal,10.0,0.75,3,-0.835,0.000,-1.440,0.000,-0.986,0.000,-0.179,4.440,-0.055,4.743
60,focal,10.0,1.0,3,-1.449,4.336,-1.624,4.184,-1.864,4.317,-1.376,0.000,-2.560,0.000
60,focal,10.0,1.5,3,-1.445,0.000,-1.984,4.203,-1.201,0.000,-1.017,4.495,-1.587,0.000
60,focal,20.0,0.75,3,1.176,0.000,-0.294,4.463,1.616,0.000,0.435,4.189,2.120,4.197
60,focal,20.0,1.0,3,1.779,0.000,0.637,0.000,1.192,0.000,0.725,0.000,0.793,0.000
60,focal,20.0,1.5,3,-2.682,4.507,-1.929,4.551,-2.833,4.316,-2.364,3.308,-2.227,4.433
60,focal,40.0,0.75,3,1.508,0.000,1.736,3.267,1.276,0.000,0.998,0.000,0.472,0.000
60,focal,40.0,1.0,3,-0.311,4.060,-0.692,4.299,-0.444,0.000,-0.164,0.000,1.601,0.000
60,focal,40.0,1.5,3,-0.793,0.000,-1.296,0.000,-0.951,0.000,-1.244,0.000,-0.200,0.000
60,focal,80.0,0.75,3,0.609,4.256,-0.221,0.000,0.582,0.000,1.263,5.156,1.249,0.000
60,focal,80.0,1.0,3,0.802,4.073,1.112,3.841,0.510,0.000,0.484,0.000,1.869,0.000
60,focal,80.0,1.5,3,1.694,0.000,1.438,0.000,1.461,0.000,0.650,3.950,1.027,0.000
60,focal,160.0,0.75,3,1.915,0.000,2.215,0.000,2.101,4.165,2.730,0.000,3.280,0.000
60,focal,160.0,1.0,3,2.603,4.368,1.407,0.000,2.172,0.000,1.317,0.000,1.963,0.000
60,focal,160.0,1.5,3,1.937,0.000,1.944,0.000,1.612,0.000,1.628,0.000,1.881,4.289
60,focal,320.0,0.75,3,4.730,4.383,4.053,4.260,4.496,0.000,4.123,0.000,3.002,4.062
60,focal,320.0,1.0,3,3.270,4.393,2.569,4.590,2.432,4.094,1.889,4.151,4.304,4.390
60,focal,320.0,1.5,3,5.300,5.177,5.635,5.371,5.060,0.000,6.570,6.277,6.641,5.486
61,focal,10.0,0.75,3,0.363,0.000,-0.813,0.000,0.682,0.000,0.452,3.411,1.156,0.000
61,focal,10.0,1.0,3,0.181,0.000,0.056,0.000,0.178,4.151,0.330,0.000,0.048,0.000
61,focal,10.0,1.5,3,1.792,0.000,1.946,0.000,1.617,0.000,1.231,0.000,1.202,0.000
61,focal,20.0,0.75,3,-0.480,3.992,-0.840,4.421,-0.332,3.949,-0.300,0.000,0.022,4.220
61,focal,20.0,1.0,3,3.102,0.000,2.577,0.000,3.028,0.000,3.080,4.523,3.172,5.287
61,focal,20.0,1.5,3,-0.373,0.000,-0.457,0.000,-0.362,0.000,-0.236,0.000,-0.031,0.000
61,focal,40.0,0.75,3,0.319,3.732,0.570,0.000,0.371,3.812,0.105,0.000,-0.016,0.000
61,focal,40.0,1.0,3,-1.086,0.000,-0.578,0.000,-1.282,0.000,-0.884,0.000,-1.240,0.000
61,focal,40.0,1.5,3,1.098,0.000,1.021,0.000,0.855,0.000,0.915,0.000,1.932,0.000
61,focal,80.0,0.75,3,0.369,0.000,0.805,0.000,0.649,0.000,1.339,4.069,1.427,0.000
61,focal,80.0,1.0,3,1.585,4.011,1.531,4.354,1.610,4.229,1.226,4.227,1.685,3.827
61,focal,80.0,1.5,3,0.612,0.000,0.613,0.000,0.737,0.000,0.734,0.000,0.375,0.000
61,focal,160.0,0.75,3,1.997,0.000,2.287,4.188,1.762,0.000,1.770,0.000,2.375,0.000
61,focal,160.0,1.0,3,0.908,0.000,0.860,0.000,0.935,0.000,0.896,0.000,0.686,0.000
61,focal,160.0,1.5,3,4.214,4.962,4.394,4.862,4.347,5.018,4.821,3.758,4.453,4.866
61,focal,320.0,0.75,3,4.748,5.197,3.733,4.438,4.922,5.205,4.438,4.827,4.742,5.826
61,focal,320.0,1.0,3,4.074,4.619,3.600,4.860,4.303,5.087,3.537,0.000,4.329,0.000
61,focal,320.0,1.5,3,6.557,6.221,6.193,5.948,6.594,6.179,6.721,6.121,6.740,6.219
62,focal,10.0,0.75,3,-1.191,0.000,-2.303,0.000,-1.370,0.000,-1.565,0.000,-2.610,0.000
62,focal,10.0,1.0,3,1.442,0.000,1.106,0.000,1.711,0.000,1.771,0.000,0.815,0.000
62,focal,10.0,1.5,3,0.664,4.129,0.079,4.264,0.665,0.000,-0.344,0.000,-0.212,0.000
62,focal,20.0,0.75,3,2.640,4.664,2.658,4.487,2.848,4.657,1.687,0.000,2.768,0.000
62,focal,20.0,1.0,3,0.406,0.000,0.650,0.000,0.530,0.000,-0.008,0.000,0.620,0.000
62,focal,20.0,1.5,3,-0.246,0.000,0.083,0.000,-0.532,0.000,-0.009,0.000,0.051,0.000
62,focal,40.0,0.75,3,1.905,4.610,1.198,0.000,2.138,4.491,1.985,4.256,2.730,0.000
62,focal,40.0,1.0,3,1.900,0.000,1.816,0.000,1.951,0.000,1.608,0.000,1.331,3.518
62,focal,40.0,1.5,3,1.946,0.000,1.413,0.000,1.504,0.000,2.050,0.000,1.342,0.000
62,focal,80.0,0.75,3,0.872,0.000,0.916,0.000,0.813,0.000,0.693,0.000,0.684,0.000
62,focal,80.0,1.0,3,3.244,4.053,2.523,4.426,3.101,4.270,3.096,0.000,3.525,0.000
62,focal,80.0,1.5,3,2.980,4.650,3.146,4.885,2.917,4.841,2.730,0.000,3.280,4.523
62,focal,160.0,0.75,3,2.460,0.000,1.953,0.000,2.494,0.000,1.947,5.047,2.290,4.575
62,focal,160.0,1.0,3,3.762,0.000,3.105,0.000,3.860,0.000,3.736,4.331,3.971,4.633
62,focal,160.0,1.5,3,3.379,0.000,2.301,0.000,3.336,0.000,3.266,0.000,3.776,4.444
62,focal,320.0,0.75,3,6.252,5.997,5.280,5.072,6.515,6.195,5.964,5.916,6.244,6.067
62,focal,320.0,1.0,3,6.207,6.142,6.398,6.652,6.155,6.002,6.678,6.687,6.929,6.543
62,focal,320.0,1.5,3,7.505,7.241,6.836,6.664,7.194,6.891,7.162,7.013,7.319,7.104
63,focal,10.0,0.75,3,-0.202,0.000,-0.817,0.000,0.478,0.000,1.048,0.000,-0.408,4.370
63,focal,10.0,1.0,3,-0.885,0.000,-1.878,4.172,-0.875,4.354,-0.740,5.044,0.032,0.000
63,focal,10.0,1.5,3,1.282,0.000,1.182,4.479,1.648,0.000,0.965,4.314,1.557,0.000
63,focal,20.0,0.75,3,0.509,4.390,-0.054,4.022,0.846,0.000,-0.413,0.000,2.413,4.467
63,focal,20.0,1.0,3,-0.480,0.000,1.109,0.000,-1.096,0.000,0.140,0.000,-0.269,0.000
63,focal,20.0,1.5,3,-0.172,0.000,-1.606,0.000,0.178,0.000,-0.584,0.000,-0.274,0.000
63,focal,40.0,0.75,3,0.534,0.000,-0.380,4.387,0.856,0.000,1.149,0.000,-0.229,0.000
63,focal,40.0,1.0,3,-1.620,0.000,-1.052,0.000,-1.448,0.000,-0.262,0.000,-0.374,0.000
63,focal,40.0,1.5,3,-1.194,0.000,-0.386,0.000,-1.294,0.000,-0.771,0.000,-0.805,0.000
63,focal,80.0,0.75,3,2.821,0.000,2.729,0.000,2.825,4.930,3.148,5.103,2.446,4.449
63,focal,80.0,1.0,3,-1.162,4.512,-0.449,0.000,-0.982,4.491,1.123,0.000,0.486,0.000
63,focal,80.0,1.5,3,0.976,4.320,0.843,4.583,0.806,4.012,0.695,4.407,0.651,0.000
63,focal,160.0,0.75,3,2.475,4.242,2.326,0.000,2.646,4.467,3.825,4.950,2.585,4.860
63,focal,160.0,1.0,3,1.977,4.666,2.709,4.275,1.251,4.636,2.739,0.000,0.566,4.897
63,focal,160.0,1.5,3,4.592,5.013,3.501,4.748,4.155,5.200,3.921,0.000,4.501,4.938
63,focal,320.0,0.75,3,4.051,4.341,3.479,4.599,3.832,4.321,2.194,0.000,3.012,4.327
63,focal,320.0,1.0,3,4.704,4.872,2.235,0.000,4.249,4.392,3.154,4.223,3.620,4.509
63,focal,320.0,1.5,3,5.047,5.563,3.788,4.584,5.125,5.656,4.889,5.140,6.945,7.647
64,focal,10.0,0.75,3,0.774,4.425,0.620,0.000,1.032,4.633,1.192,4.108,1.615,4.780
64,focal,10.0,1.0,3,1.009,0.000,1.067,4.621,0.939,0.000,0.767,0.000,0.198,0.000
64,focal,10.0,1.5,3,-0.467,0.000,-0.811,4.293,-0.686,0.000,-1.058,0.000,-1.018,0.000
64,focal,20.0,0.75,3,0.591,4.411,0.461,4.436,0.418,0.000,0.014,4.461,-0.090,4.569
64,focal,20.0,1.0,3,0.929,0.000,0.321,0.000,1.246,0.000,0.680,0.000,0.770,0.000
64,focal,20.0,1.5,3,-0.370,4.219,-0.228,0.000,-0.610,4.262,-0.806,3.910,-0.144,0.000
64,focal,40.0,0.75,3,2.135,0.000,2.177,0.000,2.413,0.000,2.781,0.000,2.386,0.000
64,focal,40.0,1.0,3,0.796,4.319,1.085,0.000,0.714,4.611,0.561,0.000,1.190,0.000
64,focal,40.0,1.5,3,0.792,0.000,0.533,0.000,0.619,0.000,0.834,0.000,1.124,0.000
64,focal,80.0,0.75,3,2.825,0.000,2.683,0.000,2.697,0.000,2.480,0.000,2.294,0.000
64,focal,80.0,1.0,3,0.748,0.000,0.795,3.870,0.816,0.000,0.974,0.000,1.853,0.000
64,focal,80.0,1.5,3,1.373,4.089,1.709,0.000,1.136,3.857,0.770,0.000,1.130,0.000
64,focal,160.0,0.75,3,2.806,0.000,2.593,0.000,3.046,0.000,2.679,0.000,1.631,4.447
64,focal,160.0,1.0,3,2.420,4.390,2.700,0.000,2.743,4.152,2.799,4.243,3.375,0.000
64,focal,160.0,1.5,3,2.583,0.000,2.536,0.000,2.594,0.000,3.023,0.000,3.564,4.271
64,focal,320.0,0.75,3,4.586,4.396,4.515,4.427,4.118,4.516,4.623,4.498,5.462,4.978
64,focal,320.0,1.0,3,6.844,6.238,6.240,5.620,6.831,6.339,6.596,6.082,6.453,5.917
64,focal,320.0,1.5,3,5.684,5.335,5.119,4.757,5.518,0.000,6.284,5.778,6.860,6.523
65,focal,10.0,0.75,3,0.312,0.000,0.368,4.507,0.544,0.000,1.152,0.000,0.787,0.000
65,focal,10.0,1.0,3,0.715,4.440,0.492,0.000,0.896,0.000,0.591,4.327,0.583,0.000
65,focal,10.0,1.5,3,0.389,0.000,0.639,0.000,0.421,0.000,0.451,0.000,1.046,0.000
65,focal,20.0,0.75,3,-0.590,0.000,-0.815,0.000,-1.038,4.448,-1.226,4.516,-1.448,0.000
65,focal,20.0,1.0,3,-1.160,4.713,-1.136,0.000,-1.164,5.090,-0.841,0.000,-1.056,4.178
65,focal,20.0,1.5,3,-1.685,4.114,-1.469,4.079,-1.825,0.000,-2.387,0.000,-1.707,0.000
65,focal,40.0,0.75,3,0.396,0.000,-0.486,0.000,1.024,0.000,1.228,0.000,1.278,0.000
65,focal,40.0,1.0,3,1.296,0.000,2.028,4.457,1.172,0.000,1.693,4.615,1.730,0.000
65,focal,40.0,1.5,3,1.409,3.833,1.716,0.000,1.365,0.000,1.629,0.000,1.589,4.249
65,focal,80.0,0.75,3,2.137,0.000,2.415,0.000,2.112,0.000,1.569,0.000,2.200,0.000
65,focal,80.0,1.0,3,3.418,4.949,3.234,4.703,3.200,5.007,3.534,4.515,3.028,4.535
65,focal,80.0,1.5,3,1.514,0.000,1.994,4.082,1.486,0.000,1.149,0.000,1.647,0.000
65,focal,160.0,0.75,3,2.866,3.959,3.093,0.000,2.718,3.970,2.868,4.053,2.728,0.000
65,focal,160.0,1.0,3,3.658,0.000,3.989,0.000,3.489,0.000,3.663,0.000,3.888,0.000
65,focal,160.0,1.5,3,5.200,5.326,4.935,5.598,5.233,5.449,4.957,5.389,5.582,5.465
65,focal,320.0,0.75,3,7.596,7.732,7.144,7.691,7.699,7.668,7.604,7.467,7.913,7.868
65,focal,320.0,1.0,3,7.154,6.645,6.136,5.754,7.282,6.930,6.507,5.677,6.730,6.429
65,focal,320.0,1.5,3,9.133,8.405,9.003,8.629,9.205,8.483,8.900,8.290,9.313,8.539
66,focal,10.0,0.75,3,1.889,4.438,1.735,0.000,1.847,4.416,1.664,4.545,0.393,4.794
66,focal,10.0,1.0,3,-2.560,0.000,-2.295,0.000,-2.883,0.000,-2.083,4.906,-2.762,0.000
66,focal,10.0,1.5,3,-0.474,0.000,-0.374,4.356,-0.626,0.000,-1.644,3.918,-0.529,4.383
66,focal,20.0,0.75,3,0.222,0.000,0.058,0.000,-0.045,0.000,-1.094,0.000,-1.353,4.404
66,focal,20.0,1.0,3,0.966,0.000,0.026,0.000,1.608,0.000,2.069,0.000,2.643,4.378
66,focal,20.0,1.5,3,0.889,0.000,1.404,0.000,1.319,0.000,1.325,0.000,1.912,0.000
66,focal,40.0,0.75,3,0.474,4.196,0.094,0.000,0.257,4.443,-1.420,4.584,0.450,0.000
66,focal,40.0,1.0,3,0.050,0.000,0.046,4.339,0.320,0.000,0.084,4.673,-0.120,4.355
66,focal,40.0,1.5,3,2.171,0.000,1.549,0.000,1.926,0.000,0.986,4.195,2.408,4.479
66,focal,80.0,0.75,3,1.208,0.000,1.628,0.000,0.416,0.000,0.118,0.000,0.434,0.000
66,focal,80.0,1.0,3,-0.040,0.000,0.229,0.000,0.040,4.452,1.482,0.000,1.008,4.443
66,focal,80.0,1.5,3,0.228,0.000,0.288,0.000,0.224,0.000,0.211,0.000,1.500,4.692
66,focal,160.0,0.75,3,1.136,4.552,0.003,4.484,1.700,4.440,1.053,0.000,1.786,4.769
66,focal,160.0,1.0,3,2.941,4.128,2.166,0.000,2.760,0.000,1.969,3.997,2.547,0.000
66,focal,160.0,1.5,3,4.485,4.813,3.846,4.067,4.712,4.218,4.280,4.067,3.068,4.284
66,focal,320.0,0.75,3,2.906,4.460,2.762,4.509,2.393,4.372,2.149,4.593,4.404,5.026
66,focal,320.0,1.0,3,5.997,5.345,5.152,5.138,5.569,4.995,5.065,5.070,7.339,6.493
66,focal,320.0,1.5,3,4.749,5.165,3.451,0.000,4.519,5.056,2.965,4.451,3.749,5.131
67,focal,10.0,0.75,3,-0.664,4.261,-0.683,4.397,-0.742,3.974,-0.271,4.527,-0.501,0.000
67,focal,10.0,1.0,3,1.580,3.721,1.376,0.000,1.586,0.000,0.479,0.000,0.598,0.000
67,focal,10.0,1.5,3,0.168,0.000,-0.177,0.000,0.146,4.791,0.251,0.000,-0.197,4.641
67,focal,20.0,0.75,3,-0.113,4.146,-0.295,0.000,0.257,0.000,-0.009,0.000,-0.266,0.000
67,focal,20.0,1.0,3,0.313,3.836,0.221,0.000,0.230,4.099,0.712,0.000,0.842,0.000
67,focal,20.0,1.5,3,0.033,4.020,-0.104,0.000,0.092,4.114,0.534,0.000,0.307,4.686
67,focal,40.0,0.75,3,0.431,0.000,0.444,0.000,0.378,4.036,0.390,0.000,0.158,0.000
67,focal,40.0,1.0,3,0.340,0.000,0.619,0.000,0.442,0.000,1.018,0.000,0.846,0.000
67,focal,40.0,1.5,3,0.971,0.000,0.888,0.000,0.710,0.000,0.725,0.000,0.647,4.431
67,focal,80.0,0.75,3,3.174,5.263,2.924,5.241,2.986,5.051,3.166,5.818,3.016,5.287
67,focal,80.0,1.0,3,-0.015,0.000,-0.329,0.000,0.154,0.000,0.786,0.000,0.546,0.000
67,focal,80.0,1.5,3,1.377,3.942,1.041,3.218,1.325,0.000,1.022,0.000,1.781,3.692
67,focal,160.0,0.75,3,1.957,5.064,1.310,4.547,1.812,5.021,1.256,4.275,1.648,0.000
67,focal,160.0,1.0,3,2.521,0.000,1.948,0.000,2.615,0.000,1.798,0.000,2.226,0.000
67,focal,160.0,1.5,3,3.744,0.000,3.663,0.000,3.454,0.000,3.450,0.000,3.340,0.000
67,focal,320.0,0.75,3,4.229,4.784,3.461,4.537,4.459,4.811,4.403,0.000,4.795,5.164
67,focal,320.0,1.0,3,1.447,4.337,1.368,4.084,1.436,4.441,2.096,4.171,1.182,4.260
67,focal,320.0,1.5,3,5.207,5.067,4.983,5.231,5.006,0.000,5.450,5.171,5.860,5.556
68,focal,10.0,0.75,3,1.715,0.000,1.749,0.000,1.520,0.000,1.509,0.000,1.394,4.376
68,focal,10.0,1.0,3,-0.850,0.000,-0.632,0.000,-0.840,0.000,0.720,0.000,0.788,0.000
68,focal,10.0,1.5,3,0.284,0.000,0.421,3.864,-0.125,3.981,1.913,0.000,1.624,3.866
68,focal,20.0,0.75,3,1.754,0.000,0.337,0.000,1.960,0.000,1.979,0.000,2.274,0.000
68,focal,20.0,1.0,3,0.767,4.418,1.859,0.000,0.572,4.609,-0.063,0.000,-0.452,0.000
68,focal,20.0,1.5,3,-2.030,4.432,-1.092,4.295,-2.014,4.467,-2.859,4.748,-1.031,4.358
68,focal,40.0,0.75,3,-0.228,0.000,-0.532,0.000,-0.310,0.000,-0.383,0.000,0.336,0.000
68,focal,40.0,1.0,3,0.682,0.000,0.848,0.000,0.468,4.240,-0.078,0.000,0.201,0.000
68,focal,40.0,1.5,3,0.363,3.851,1.255,0.000,0.245,0.000,1.123,0.000,-0.390,0.000
68,focal,80.0,0.75,3,2.768,0.000,1.657,0.000,3.063,0.000,3.663,0.000,3.235,0.000
68,focal,80.0,1.0,3,0.314,3.876,0.070,0.000,1.087,4.033,1.280,4.003,1.095,4.151
68,focal,80.0,1.5,3,0.864,0.000,1.952,0.000,0.895,0.000,0.968,0.000,0.127,4.236
68,focal,160.0,0.75,3,4.172,0.000,2.459,0.000,4.596,0.000,3.461,0.000,4.035,4.043
68,focal,160.0,1.0,3,2.740,0.000,3.047,4.810,2.264,0.000,1.285,0.000,3.623,0.000
68,focal,160.0,1.5,3,5.252,5.186,3.558,4.893,5.295,5.269,5.463,5.365,5.700,5.770
68,focal,320.0,0.75,3,5.561,5.063,4.938,4.784,5.136,5.283,6.156,5.539,5.746,5.731
68,focal,320.0,1.0,3,7.503,7.499,4.354,4.442,7.235,7.220,5.109,4.671,6.249,5.674
68,focal,320.0,1.5,3,8.121,7.815,5.709,5.283,7.895,7.583,8.436,8.161,9.847,9.143
69,focal,10.0,0.75,3,0.154,0.000,0.165,4.049,-0.047,0.000,0.225,0.000,0.410,4.331
69,focal,10.0,1.0,3,0.932,0.000,0.747,0.000,1.161,3.680,1.596,4.130,0.479,0.000
69,focal,10.0,1.5,3,0.614,0.000,0.322,0.000,0.647,4.365,0.851,0.000,0.716,4.164
69,focal,20.0,0.75,3,1.023,0.000,0.123,4.249,1.201,0.000,0.753,0.000,0.522,0.000
69,focal,20.0,1.0,3,1.902,0.000,2.598,0.000,1.887,0.000,2.887,0.000,1.640,0.000
69,focal,20.0,1.5,3,-0.188,0.000,-0.660,0.000,-0.222,0.000,-0.522,0.000,-0.899,0.000
69,focal,40.0,0.75,3,-1.582,4.442,-1.634,4.603,-1.478,4.650,-1.174,0.000,-0.146,4.124
69,focal,40.0,1.0,3,1.012,4.216,0.860,0.000,0.627,0.000,0.265,0.000,0.358,0.000
69,focal,40.0,1.5,3,2.233,0.000,2.388,0.000,2.110,4.289,2.580,0.000,1.798,0.000
69,focal,80.0,0.75,3,1.759,0.000,1.671,0.000,1.704,0.000,2.103,0.000,2.220,0.000
69,focal,80.0,1.0,3,3.379,4.157,3.350,0.000,3.393,4.028,3.445,0.000,2.623,4.157
69,focal,80.0,1.5,3,-0.228,0.000,0.053,0.000,-0.376,0.000,0.402,0.000,0.239,0.000
69,focal,160.0,0.75,3,2.739,4.257,2.258,0.000,2.703,4.272,1.796,0.000,2.367,0.000
69,focal,160.0,1.0,3,4.667,4.979,3.989,0.000,4.647,4.919,3.907,4.102,5.532,5.110
69,focal,160.0,1.5,3,2.966,0.000,2.543,3.888,2.913,0.000,3.113,0.000,2.817,0.000
69,focal,320.0,0.75,3,6.792,5.965,6.225,5.500,6.875,5.914,6.324,5.463,6.411,5.416
69,focal,320.0,1.0,3,6.014,5.749,5.570,5.165,5.991,5.793,5.819,5.477,6.756,6.318
69,focal,320.0,1.5,3,6.555,5.637,5.869,5.494,6.661,6.079,6.724,5.962,6.997,6.336
70,focal,10.0,0.75,3,1.174,0.000,2.103,0.000,1.421,4.056,1.560,0.000,1.163,0.000
70,focal,10.0,1.0,3,-0.612,0.000,-0.882,0.000,-0.845,0.000,-0.385,0.000,-1.659,0.000
70,focal,10.0,1.5,3,0.545,0.000,0.520,0.000,0.874,0.000,0.154,4.754,0.467,0.000
70,focal,20.0,0.75,3,1.711,0.000,1.970,0.000,0.743,0.000,1.236,0.000,0.813,0.000
70,focal,20.0,1.0,3,2.666,4.529,1.452,0.000,2.457,4.549,2.251,0.000,1.613,4.125
70,focal,20.0,1.5,3,0.593,0.000,0.442,0.000,0.143,0.000,0.252,4.369,0.437,0.000
70,focal,40.0,0.75,3,2.425,5.040,1.663,4.873,2.546,5.335,2.041,4.539,0.899,0.000
70,focal,40.0,1.0,3,0.311,0.000,0.098,0.000,0.276,0.000,-0.524,0.000,1.994,0.000
70,focal,40.0,1.5,3,1.950,0.000,1.767,0.000,1.386,4.267,1.059,0.000,3.381,4.632
70,focal,80.0,0.75,3,4.527,4.646,3.988,0.000,4.100,0.000,3.770,4.491,3.950,4.653
70,focal,80.0,1.0,3,2.015,0.000,1.170,0.000,1.637,0.000,0.457,0.000,2.006,0.000
70,focal,80.0,1.5,3,4.104,0.000,3.566,4.665,3.538,0.000,3.235,0.000,5.178,5.031
70,focal,160.0,0.75,3,7.132,6.797,6.616,6.242,6.661,6.306,6.169,5.867,8.107,7.843
70,focal,160.0,1.0,3,5.691,6.167,3.459,4.974,4.644,5.366,3.130,4.798,6.775,6.975
70,focal,160.0,1.5,3,7.638,7.523,5.578,5.447,7.932,7.799,6.385,6.033,8.068,7.678
70,focal,320.0,0.75,3,13.160,13.182,11.612,11.541,12.132,11.989,9.958,9.877,12.510,12.337
70,focal,320.0,1.0,3,13.531,13.007,10.345,10.064,12.261,11.699,9.144,8.549,15.141,14.338
70,focal,320.0,1.5,3,13.660,13.330,10.765,10.607,12.567,12.241,10.036,9.686,15.576,15.026
71,focal,10.0,0.75,3,-0.867,4.288,-0.352,0.000,-1.072,4.497,-0.354,0.000,-0.717,0.000
71,focal,10.0,1.0,3,1.644,0.000,1.196,0.000,1.525,0.000,1.219,0.000,2.114,0.000
71,focal,10.0,1.5,3,1.624,4.701,1.900,4.625,1.506,4.400,1.204,0.000,1.918,4.373
71,focal,20.0,0.75,3,1.508,4.370,2.200,0.000,0.536,4.331,0.743,0.000,0.936,0.000
71,focal,20.0,1.0,3,0.091,0.000,0.191,0.000,0.459,0.000,0.044,0.000,0.739,0.000
71,focal,20.0,1.5,3,1.364,3.998,1.621,0.000,1.703,0.000,1.688,0.000,1.232,4.430
71,focal,40.0,0.75,3,1.934,0.000,0.524,3.361,2.647,0.000,1.758,4.970,3.246,4.605
71,focal,40.0,1.0,3,0.954,4.483,0.881,0.000,1.296,0.000,-0.077,0.000,1.317,0.000
71,focal,40.0,1.5,3,1.389,4.294,0.150,4.165,2.155,4.324,0.715,4.567,1.704,0.000
71,focal,80.0,0.75,3,2.675,3.788,2.584,4.256,2.148,4.434,1.863,4.693,2.283,4.812
71,focal,80.0,1.0,3,4.229,0.000,4.088,0.000,4.371,0.000,2.952,0.000,4.067,0.000
71,focal,80.0,1.5,3,3.013,4.216,2.555,4.314,3.764,4.497,2.547,0.000,3.792,0.000
71,focal,160.0,0.75,3,6.264,5.972,5.064,5.386,5.263,4.897,3.804,0.000,7.611,6.890
71,focal,160.0,1.0,3,5.330,4.729,5.080,4.842,5.663,5.021,5.143,0.000,6.453,5.648
71,focal,160.0,1.5,3,7.535,7.175,6.774,6.681,6.659,7.104,4.359,4.319,8.282,8.350
71,focal,320.0,0.75,3,12.357,11.751,10.000,9.635,10.873,10.155,7.911,7.399,14.067,12.660
71,focal,320.0,1.0,3,14.570,13.482,11.478,11.041,13.399,12.018,10.008,8.976,15.589,14.290
71,focal,320.0,1.5,3,12.968,12.017,10.864,10.431,11.790,10.611,8.094,6.926,15.761,14.422
0,patch,10.0,1.0,0,0.130,0.000,0.253,0.000,0.376,0.000,0.778,4.327,0.675,4.368
0,patch,20.0,1.0,0,-0.443,0.000,0.811,0.000,-0.155,0.000,1.480,0.000,0.699,0.000
0,patch,40.0,1.0,0,0.727,4.089,0.026,0.000,0.642,0.000,0.736,0.000,0.590,0.000
0,patch,80.0,1.0,0,4.232,4.215,3.397,4.035,4.192,3.943,4.086,0.000,4.015,0.000
0,patch,160.0,1.0,0,6.107,5.930,4.501,0.000,5.553,5.555,4.539,4.494,5.795,5.615
0,patch,320.0,1.0,0,7.221,6.983,6.276,6.063,6.388,6.441,5.445,6.194,7.421,7.496
1,patch,10.0,1.0,0,3.315,4.187,3.041,4.157,3.072,0.000,3.414,4.557,3.521,0.000
1,patch,20.0,1.0,0,3.996,4.102,3.054,0.000,3.876,0.000,3.036,4.436,4.818,0.000
1,patch,40.0,1.0,0,4.767,0.000,4.183,0.000,4.886,4.464,4.896,4.464,6.439,5.364
1,patch,80.0,1.0,0,10.204,9.138,9.852,8.604,9.476,8.531,11.761,10.095,13.444,11.598
1,patch,160.0,1.0,0,21.047,19.177,18.688,17.178,20.342,18.564,24.015,21.568,26.475,22.915
1,patch,320.0,1.0,0,38.553,34.237,33.686,30.160,37.265,33.206,45.804,40.927,51.246,43.689
2,patch,10.0,1.0,0,0.860,0.000,0.515,0.000,0.448,4.029,-0.735,0.000,-0.817,4.500
2,patch,20.0,1.0,0,-0.194,4.344,1.918,3.807,-0.569,4.809,0.526,0.000,0.491,4.243
2,patch,40.0,1.0,0,1.325,0.000,1.422,0.000,0.665,4.762,0.449,5.162,-0.056,5.615
2,patch,80.0,1.0,0,1.973,4.817,2.972,4.815,1.219,4.912,1.798,4.962,0.247,4.880
2,patch,160.0,1.0,0,3.965,0.000,3.558,0.000,3.099,0.000,3.033,0.000,4.232,4.229
2,patch,320.0,1.0,0,6.269,5.975,5.510,5.180,5.822,5.439,5.245,5.352,6.371,6.017
3,patch,10.0,1.0,0,0.597,4.383,0.631,4.534,0.697,0.000,0.236,0.000,1.273,4.474
3,patch,20.0,1.0,0,-0.429,0.000,0.066,0.000,-0.995,0.000,-0.839,4.611,-0.544,0.000
3,patch,40.0,1.0,0,1.416,4.431,1.261,0.000,1.867,4.695,2.475,0.000,1.353,4.619
3,patch,80.0,1.0,0,5.422,0.000,4.324,4.171,5.007,0.000,5.032,4.454,5.638,0.000
3,patch,160.0,1.0,0,5.279,4.745,5.257,4.485,4.731,4.888,5.568,5.343,7.021,5.373
3,patch,320.0,1.0,0,13.883,11.343,12.759,10.010,12.444,11.037,14.673,12.169,15.813,11.839
4,patch,10.0,1.0,0,-0.518,4.370,-1.004,0.000,-0.017,4.257,0.456,0.000,1.420,0.000
4,patch,20.0,1.0,0,2.086,0.000,1.042,0.000,2.265,0.000,0.957,0.000,1.908,0.000
4,patch,40.0,1.0,0,2.734,0.000,2.583,0.000,2.475,0.000,2.468,0.000,3.049,0.000
4,patch,80.0,1.0,0,4.061,4.779,4.498,4.436,2.967,4.327,3.440,4.550,4.381,0.000
4,patch,160.0,1.0,0,6.396,5.723,6.492,5.855,5.807,5.350,7.033,5.779,10.049,6.757
4,patch,320.0,1.0,0,13.554,9.721,11.222,8.933,13.049,10.020,15.244,12.261,18.937,12.047
5,patch,10.0,1.0,0,1.621,0.000,0.939,0.000,1.280,0.000,1.106,0.000,2.141,0.000
5,patch,20.0,1.0,0,1.622,0.000,1.961,4.616,1.617,0.000,2.411,4.476,1.394,0.000
5,patch,40.0,1.0,0,2.598,4.585,2.613,0.000,2.380,4.632,2.362,4.647,2.853,4.330
5,patch,80.0,1.0,0,4.299,4.357,3.849,0.000,3.497,4.698,4.242,0.000,3.112,4.134
5,patch,160.0,1.0,0,7.223,6.100,6.242,5.872,6.929,5.782,8.838,6.091,8.158,6.471
5,patch,320.0,1.0,0,10.684,7.217,8.661,6.124,10.473,6.798,15.091,10.730,15.796,11.869
6,patch,10.0,1.0,0,-0.756,0.000,-0.929,0.000,-1.088,0.000,-0.072,0.000,-0.021,0.000
6,patch,20.0,1.0,0,0.278,0.000,0.313,4.830,-0.286,0.000,-0.003,0.000,-0.360,0.000
6,patch,40.0,1.0,0,1.080,0.000,0.814,0.000,1.255,0.000,1.498,0.000,1.383,0.000
6,patch,80.0,1.0,0,3.245,0.000,3.573,3.840,2.768,0.000,3.606,4.965,5.417,4.489
6,patch,160.0,1.0,0,4.986,4.280,4.370,0.000,4.880,4.252,5.610,0.000,6.804,5.068
6,patch,320.0,1.0,0,10.647,9.478,9.224,8.520,10.327,9.126,12.835,9.893,14.740,11.066
7,patch,10.0,1.0,0,2.605,4.536,1.983,4.723,2.927,4.646,1.633,0.000,1.568,4.758
7,patch,20.0,1.0,0,1.264,0.000,1.528,0.000,1.073,4.120,0.724,4.014,2.404,0.000
7,patch,40.0,1.0,0,0.561,0.000,0.164,4.197,0.353,0.000,0.255,0.000,0.783,4.395
7,patch,80.0,1.0,0,2.332,0.000,1.900,0.000,2.414,0.000,2.162,0.000,2.350,0.000
7,patch,160.0,1.0,0,7.244,6.847,6.906,6.807,7.034,6.779,9.720,8.964,10.079,9.330
7,patch,320.0,1.0,0,13.099,11.016,11.955,11.145,12.315,11.102,16.004,13.430,16.295,13.670
8,patch,10.0,1.0,0,2.972,4.187,2.383,0.000,2.808,0.000,0.765,0.000,2.366,3.925
8,patch,20.0,1.0,0,3.151,0.000,2.903,0.000,2.752,0.000,3.314,0.000,3.270,4.356
8,patch,40.0,1.0,0,4.120,4.281,2.764,0.000,4.685,4.593,4.780,0.000,4.588,4.398
8,patch,80.0,1.0,0,6.246,6.378,5.886,6.050,5.754,5.782,7.321,6.219,7.168,6.043
8,patch,160.0,1.0,0,14.837,13.804,12.158,11.295,14.650,13.643,18.009,16.712,18.367,17.251
8,patch,320.0,1.0,0,28.873,25.554,25.138,22.499,28.137,24.740,36.363,31.729,37.607,33.388
9,patch,10.0,1.0,0,-0.466,0.000,0.315,0.000,-0.676,0.000,-0.454,4.311,-0.928,4.416
9,patch,20.0,1.0,0,-0.072,0.000,0.069,4.072,-0.099,0.000,1.381,0.000,1.669,0.000
9,patch,40.0,1.0,0,4.822,0.000,3.359,0.000,4.674,0.000,4.984,0.000,5.312,0.000
9,patch,80.0,1.0,0,7.565,6.331,7.009,6.133,6.368,5.578,9.060,7.624,10.011,8.720
9,patch,160.0,1.0,0,12.093,10.232,10.895,9.604,11.825,9.909,14.236,11.084,16.395,13.050
9,patch,320.0,1.0,0,24.357,20.603,22.051,18.612,23.071,19.677,26.326,21.064,30.780,25.265
10,patch,10.0,1.0,0,2.644,0.000,2.254,0.000,2.468,5.032,2.810,4.262,2.818,0.000
10,patch,20.0,1.0,0,3.045,0.000,2.424,5.015,3.000,0.000,3.387,4.207,3.806,0.000
10,patch,40.0,1.0,0,1.608,0.000,1.813,4.318,1.256,4.425,2.080,4.858,1.908,3.901
10,patch,80.0,1.0,0,9.473,8.601,8.449,7.755,9.303,8.567,11.417,10.143,11.653,9.703
10,patch,160.0,1.0,0,17.864,15.412,16.099,14.366,17.345,15.668,19.867,16.256,20.882,16.662
10,patch,320.0,1.0,0,35.007,32.235,31.558,29.295,34.425,31.776,40.515,33.173,42.618,35.276
11,patch,10.0,1.0,0,1.634,0.000,1.689,0.000,1.902,0.000,2.556,0.000,1.798,0.000
11,patch,20.0,1.0,0,-2.209,0.000,-0.634,3.392,-1.364,4.374,-0.595,4.636,-1.095,4.779
11,patch,40.0,1.0,0,-0.014,0.000,-0.598,4.245,-0.038,0.000,-0.549,0.000,1.157,0.000
11,patch,80.0,1.0,0,1.533,4.580,1.921,4.267,1.535,4.367,2.504,0.000,1.876,0.000
11,patch,160.0,1.0,0,2.786,0.000,2.775,4.258,2.563,0.000,2.290,0.000,3.653,0.000
11,patch,320.0,1.0,0,9.075,7.912,5.996,5.499,8.735,7.692,8.016,7.352,9.459,8.336
12,patch,10.0,1.0,0,0.496,0.000,0.608,4.192,0.196,0.000,2.109,4.369,1.660,0.000
12,patch,20.0,1.0,0,1.597,0.000,1.443,0.000,1.811,4.543,1.682,0.000,2.233,3.832
12,patch,40.0,1.0,0,1.903,0.000,1.370,0.000,2.120,0.000,2.334,0.000,2.238,0.000
12,patch,80.0,1.0,0,4.187,4.465,3.594,3.810,4.305,4.443,6.398,6.317,6.028,6.370
12,patch,160.0,1.0,0,10.180,9.918,8.390,8.593,9.651,9.294,14.328,13.232,14.440,13.410
12,patch,320.0,1.0,0,20.255,18.516,17.647,15.952,20.017,18.550,29.184,26.233,30.437,28.137
13,patch,10.0,1.0,0,0.862,3.806,0.856,3.718,0.375,4.108,0.224,4.298,0.190,0.000
13,patch,20.0,1.0,0,0.740,0.000,1.379,0.000,0.683,0.000,0.983,4.732,0.237,4.335
13,patch,40.0,1.0,0,-0.129,0.000,0.473,0.000,0.002,0.000,0.770,0.000,1.445,0.000
13,patch,80.0,1.0,0,1.602,4.243,1.357,4.092,1.716,4.413,1.268,0.000,3.013,0.000
13,patch,160.0,1.0,0,3.135,0.000,2.831,0.000,2.278,0.000,1.858,4.324,4.066,0.000
13,patch,320.0,1.0,0,4.867,4.140,4.651,0.000,3.747,0.000,3.938,0.000,9.841,6.224
14,patch,10.0,1.0,0,0.408,0.000,1.041,0.000,0.411,4.445,0.218,4.416,0.299,0.000
14,patch,20.0,1.0,0,1.659,0.000,2.076,0.000,1.206,0.000,1.392,0.000,1.469,0.000
14,patch,40.0,1.0,0,4.075,3.984,4.159,0.000,3.526,3.905,4.205,0.000,4.350,0.000
14,patch,80.0,1.0,0,1.612,0.000,1.522,0.000,1.414,0.000,3.065,0.000,3.455,0.000
14,patch,160.0,1.0,0,7.007,5.698,6.301,4.822,6.999,5.821,9.584,8.166,9.263,6.976
14,patch,320.0,1.0,0,13.039,9.002,11.796,8.501,11.988,8.549,18.367,12.699,17.205,12.689
15,patch,10.0,1.0,0,-1.033,0.000,-0.475,0.000,-1.833,0.000,-1.695,0.000,-1.248,0.000
15,patch,20.0,1.0,0,0.687,3.965,1.457,4.361,0.012,3.784,0.848,0.000,1.229,0.000
15,patch,40.0,1.0,0,0.612,0.000,0.255,0.000,0.417,3.909,0.231,3.921,0.942,0.000
15,patch,80.0,1.0,0,3.768,0.000,3.353,0.000,3.355,0.000,2.567,4.902,1.168,4.335
15,patch,160.0,1.0,0,5.516,0.000,4.784,0.000,4.553,0.000,5.888,4.259,6.842,4.719
15,patch,320.0,1.0,0,7.714,7.475,7.145,7.355,7.889,7.224,11.447,9.288,14.729,12.656
16,patch,10.0,1.0,0,1.009,3.936,1.102,0.000,1.025,0.000,0.718,0.000,0.604,0.000
16,patch,20.0,1.0,0,0.174,0.000,-0.369,0.000,0.905,0.000,0.347,0.000,1.281,4.378
16,patch,40.0,1.0,0,1.792,0.000,2.000,0.000,0.930,0.000,0.816,0.000,2.075,0.000
16,patch,80.0,1.0,0,4.123,4.025,3.874,3.956,4.042,3.902,4.210,4.004,5.363,4.233
16,patch,160.0,1.0,0,5.876,5.241,5.159,4.591,6.566,6.157,6.520,5.808,7.255,6.210
16,patch,320.0,1.0,0,13.630,11.749,12.953,11.591,12.949,11.367,13.895,10.960,16.810,13.223
17,patch,10.0,1.0,0,1.438,3.834,1.635,0.000,1.291,0.000,1.475,0.000,0.997,4.149
17,patch,20.0,1.0,0,-0.517,4.072,-0.559,0.000,-0.122,0.000,0.387,0.000,0.248,0.000
17,patch,40.0,1.0,0,3.031,0.000,2.521,0.000,2.638,0.000,3.150,0.000,2.776,0.000
17,patch,80.0,1.0,0,3.021,0.000,3.467,4.133,2.228,0.000,4.198,0.000,4.213,4.553
17,patch,160.0,1.0,0,7.121,7.041,6.736,6.913,6.657,6.497,7.662,6.997,9.322,7.150
17,patch,320.0,1.0,0,13.602,12.043,12.338,10.873,12.668,11.550,15.375,12.926,17.473,13.586
18,patch,10.0,1.0,1,-1.120,0.000,-1.564,0.000,-1.308,0.000,-0.182,0.000,0.398,0.000
18,patch,20.0,1.0,1,-0.004,0.000,0.594,4.817,-0.012,0.000,0.307,0.000,0.659,4.462
18,patch,40.0,1.0,1,2.535,4.156,1.289,0.000,2.561,4.252,0.901,0.000,2.136,4.448
18,patch,80.0,1.0,1,2.247,4.237,1.931,4.661,2.570,0.000,3.590,0.000,2.550,0.000
18,patch,160.0,1.0,1,4.559,5.512,3.631,4.398,4.041,5.128,5.093,5.126,5.237,5.681
18,patch,320.0,1.0,1,11.065,8.465,9.912,7.757,10.091,7.826,12.407,9.315,14.341,10.986
19,patch,10.0,1.0,1,-0.342,0.000,0.352,0.000,-0.421,0.000,0.051,0.000,-0.633,0.000
19,patch,20.0,1.0,1,0.560,0.000,1.058,0.000,0.909,0.000,1.452,0.000,0.211,3.290
19,patch,40.0,1.0,1,1.265,0.000,-0.042,0.000,1.564,4.362,1.090,0.000,1.879,4.488
19,patch,80.0,1.0,1,0.242,0.000,-0.262,0.000,0.390,0.000,0.686,0.000,1.274,0.000
19,patch,160.0,1.0,1,3.512,4.696,2.964,0.000,3.071,3.477,3.202,4.784,4.847,5.653
19,patch,320.0,1.0,1,7.143,7.329,4.828,5.282,6.684,6.972,4.845,6.007,7.919,8.070
20,patch,10.0,1.0,1,-0.043,0.000,0.614,0.000,0.020,0.000,0.762,0.000,0.987,0.000
20,patch,20.0,1.0,1,-0.058,0.000,0.523,0.000,-0.494,0.000,0.035,3.566,0.696,4.315
20,patch,40.0,1.0,1,0.963,0.000,0.658,4.295,1.374,0.000,1.196,0.000,1.164,0.000
20,patch,80.0,1.0,1,1.360,0.000,1.685,0.000,0.889,3.771,1.711,4.056,1.994,0.000
20,patch,160.0,1.0,1,4.493,4.730,4.487,4.965,4.230,4.585,5.390,5.048,6.437,5.489
20,patch,320.0,1.0,1,12.364,10.800,11.310,9.765,11.859,10.402,12.521,10.946,13.414,10.709
21,patch,10.0,1.0,1,0.347,4.100,0.178,0.000,0.035,0.000,-0.383,0.000,-0.157,0.000
21,patch,20.0,1.0,1,0.837,4.196,1.043,0.000,0.935,4.122,0.721,0.000,1.050,0.000
21,patch,40.0,1.0,1,0.879,0.000,0.887,4.101,0.974,0.000,0.356,0.000,1.246,0.000
21,patch,80.0,1.0,1,1.050,0.000,1.236,0.000,0.875,0.000,0.770,3.390,2.322,0.000
21,patch,160.0,1.0,1,3.301,4.555,3.001,4.186,2.895,4.540,2.748,0.000,2.816,0.000
21,patch,320.0,1.0,1,5.041,5.468,4.236,4.936,4.785,5.078,4.329,4.563,6.278,5.514
22,patch,10.0,1.0,1,-0.050,0.000,0.446,0.000,-0.413,4.428,0.410,0.000,-0.457,0.000
22,patch,20.0,1.0,1,-0.427,0.000,-0.336,3.658,-0.846,3.482,-0.670,3.706,-0.496,0.000
22,patch,40.0,1.0,1,0.815,0.000,0.743,0.000,1.825,0.000,1.138,0.000,2.488,0.000
22,patch,80.0,1.0,1,4.001,0.000,4.544,4.432,3.441,0.000,4.744,5.155,3.118,0.000
22,patch,160.0,1.0,1,4.177,5.142,4.056,5.046,3.632,4.968,2.298,4.424,4.856,5.183
22,patch,320.0,1.0,1,9.220,8.559,7.852,7.291,9.042,8.944,6.178,6.291,11.324,10.898
23,patch,10.0,1.0,1,2.756,4.842,2.812,4.688,2.484,4.665,2.165,5.085,1.360,0.000
23,patch,20.0,1.0,1,0.222,0.000,0.331,0.000,-0.113,0.000,0.621,0.000,1.518,4.499
23,patch,40.0,1.0,1,0.793,4.476,0.335,0.000,0.892,0.000,0.778,0.000,1.169,0.000
23,patch,80.0,1.0,1,4.711,4.694,4.005,4.860,4.590,0.000,4.470,0.000,4.951,4.390
23,patch,160.0,1.0,1,10.323,7.828,9.028,6.864,10.184,7.580,10.300,7.263,11.299,8.150
23,patch,320.0,1.0,1,16.621,12.738,14.989,12.243,16.582,12.356,18.246,12.736,19.888,13.558
24,patch,10.0,1.0,1,0.033,4.525,0.153,0.000,-0.212,0.000,-0.851,0.000,-0.280,0.000
24,patch,20.0,1.0,1,1.620,4.237,1.148,0.000,1.744,0.000,1.417,4.502,1.363,4.502
24,patch,40.0,1.0,1,1.147,0.000,0.645,0.000,1.423,0.000,1.472,0.000,2.505,0.000
24,patch,80.0,1.0,1,3.315,0.000,3.239,0.000,2.708,0.000,2.749,0.000,3.606,4.746
24,patch,160.0,1.0,1,10.339,9.649,9.375,8.760,10.530,9.830,10.960,10.188,12.658,11.483
24,patch,320.0,1.0,1,15.138,13.991,14.345,13.626,14.258,13.131,14.854,13.699,18.269,16.494
25,patch,10.0,1.0,1,-0.116,0.000,-0.974,0.000,0.130,0.000,-0.227,4.073,1.432,0.000
25,patch,20.0,1.0,1,2.010,0.000,2.196,0.000,2.078,3.819,2.122,4.385,1.698,3.917
25,patch,40.0,1.0,1,1.091,0.000,1.649,0.000,0.972,0.000,0.737,4.201,1.857,0.000
25,patch,80.0,1.0,1,2.309,0.000,2.975,0.000,2.114,4.461,1.833,3.918,3.069,0.000
25,patch,160.0,1.0,1,6.358,6.275,4.477,0.000,6.425,6.559,5.317,5.429,7.785,7.434
25,patch,320.0,1.0,1,14.982,14.582,10.618,10.361,14.567,14.067,13.681,13.423,17.427,16.264
26,patch,10.0,1.0,1,1.658,0.000,1.668,0.000,1.584,0.000,1.949,0.000,1.336,0.000
26,patch,20.0,1.0,1,-0.721,0.000,-0.592,0.000,-0.486,3.328,-1.327,0.000,-0.391,0.000
26,patch,40.0,1.0,1,-0.360,0.000,-0.782,0.000,-0.361,3.903,-0.285,0.000,0.647,4.078
26,patch,80.0,1.0,1,2.515,0.000,2.759,4.032,1.963,0.000,1.665,0.000,2.511,0.000
26,patch,160.0,1.0,1,6.919,6.077,6.005,5.677,6.996,6.105,6.898,5.943,6.291,6.041
26,patch,320.0,1.0,1,11.776,9.690,11.209,9.399,11.480,9.381,12.992,10.572,14.103,11.008
27,patch,10.0,1.0,1,1.600,4.711,1.568,3.705,0.875,4.790,1.024,0.000,1.104,0.000
27,patch,20.0,1.0,1,1.903,0.000,1.427,4.401,1.493,0.000,1.156,0.000,2.250,4.042
27,patch,40.0,1.0,1,2.083,0.000,2.092,0.000,2.105,0.000,1.193,0.000,2.470,0.000
27,patch,80.0,1.0,1,4.833,5.296,4.879,5.078,5.268,5.319,5.267,5.203,6.594,5.353
27,patch,160.0,1.0,1,9.699,8.589,9.417,8.399,8.831,7.951,10.920,9.251,12.783,10.166
27,patch,320.0,1.0,1,19.821,16.290,17.326,15.184,19.253,15.873,21.787,16.736,25.070,19.444
28,patch,10.0,1.0,1,-0.597,0.000,-0.508,0.000,-0.338,0.000,-0.069,0.000,-0.549,4.347
28,patch,20.0,1.0,1,1.535,4.304,1.861,0.000,1.207,4.600,1.223,0.000,3.111,4.402
28,patch,40.0,1.0,1,4.051,0.000,3.814,0.000,3.996,0.000,3.522,0.000,4.590,0.000
28,patch,80.0,1.0,1,5.537,5.592,5.013,5.598,5.716,5.881,5.785,5.218,6.105,5.709
28,patch,160.0,1.0,1,9.307,7.840,8.781,7.159,8.910,7.556,9.458,7.836,12.094,10.104
28,patch,320.0,1.0,1,17.540,16.075,16.346,15.168,16.908,15.526,18.377,16.556,22.781,20.360
29,patch,10.0,1.0,1,0.311,0.000,0.618,0.000,0.099,4.301,0.715,0.000,0.243,0.000
29,patch,20.0,1.0,1,1.360,0.000,1.118,0.000,1.612,0.000,1.742,0.000,1.598,0.000
29,patch,40.0,1.0,1,4.134,0.000,3.804,4.437,4.161,0.000,3.543,4.931,3.949,4.640
29,patch,80.0,1.0,1,5.555,5.065,5.219,5.138,5.051,0.000,5.753,4.707,6.323,5.844
29,patch,160.0,1.0,1,12.976,10.989,11.560,10.345,12.485,10.462,14.232,10.947,14.002,11.205
29,patch,320.0,1.0,1,25.049,21.599,22.609,19.874,24.021,20.532,25.718,21.157,27.903,23.845
30,patch,10.0,1.0,1,0.902,0.000,0.181,0.000,0.942,0.000,1.105,4.342,0.892,0.000
30,patch,20.0,1.0,1,3.006,0.000,3.034,0.000,3.003,0.000,3.470,0.000,3.298,0.000
30,patch,40.0,1.0,1,4.074,0.000,2.840,0.000,4.649,0.000,4.420,4.478,4.739,0.000
30,patch,80.0,1.0,1,4.309,4.963,4.247,5.151,4.587,4.768,5.742,5.143,5.933,5.336
30,patch,160.0,1.0,1,6.098,4.675,5.007,4.432,5.982,4.626,7.343,5.823,9.878,7.482
30,patch,320.0,1.0,1,15.982,13.849,14.827,12.628,15.472,13.443,18.586,16.040,20.720,17.027
31,patch,10.0,1.0,1,0.863,4.798,0.874,0.000,0.797,0.000,0.644,0.000,1.151,4.554
31,patch,20.0,1.0,1,-0.083,0.000,0.220,0.000,-0.201,0.000,-0.294,0.000,0.386,0.000
31,patch,40.0,1.0,1,1.346,0.000,1.350,0.000,1.445,0.000,1.512,0.000,1.611,4.438
31,patch,80.0,1.0,1,3.043,0.000,2.662,0.000,3.314,0.000,3.198,0.000,3.078,4.522
31,patch,160.0,1.0,1,10.122,7.182,9.563,7.339,9.748,7.086,9.846,7.212,10.949,7.030
31,patch,320.0,1.0,1,13.673,10.574,12.402,10.071,13.293,10.746,14.109,10.424,15.237,11.323
32,patch,10.0,1.0,1,1.380,4.345,1.394,0.000,1.358,4.406,2.283,4.545,0.781,3.467
32,patch,20.0,1.0,1,1.577,4.166,2.044,0.000,1.244,0.000,1.142,0.000,1.742,0.000
32,patch,40.0,1.0,1,2.691,0.000,2.331,4.882,2.774,0.000,2.545,0.000,2.124,0.000
32,patch,80.0,1.0,1,5.563,5.301,4.790,4.831,5.514,5.210,5.646,5.475,6.456,6.151
32,patch,160.0,1.0,1,9.447,9.183,9.289,9.194,8.704,8.302,9.076,8.714,10.277,9.826
32,patch,320.0,1.0,1,20.150,19.851,18.679,18.488,19.497,19.147,20.599,20.226,22.825,21.862
33,patch,10.0,1.0,1,-0.172,0.000,-0.135,0.000,-0.154,0.000,0.865,0.000,0.735,4.562
33,patch,20.0,1.0,1,1.701,0.000,1.488,0.000,1.645,0.000,1.907,0.000,2.414,0.000
33,patch,40.0,1.0,1,3.315,4.149,3.396,3.949,3.214,4.000,4.683,5.121,3.799,4.370
33,patch,80.0,1.0,1,6.195,6.519,5.438,5.721,5.814,6.396,8.318,8.351,8.216,7.716
33,patch,160.0,1.0,1,15.161,14.497,12.825,12.460,14.998,14.328,17.160,16.463,17.386,16.742
33,patch,320.0,1.0,1,28.564,27.547,25.261,24.623,27.648,26.851,33.344,31.522,33.082,31.682
34,patch,10.0,1.0,1,1.640,0.000,1.896,0.000,1.576,0.000,0.888,0.000,1.297,0.000
34,patch,20.0,1.0,1,-0.410,0.000,-0.393,3.840,-0.291,0.000,0.193,0.000,-0.291,0.000
34,patch,40.0,1.0,1,2.522,0.000,1.535,4.307,2.644,0.000,3.149,4.468,3.145,0.000
34,patch,80.0,1.0,1,3.680,5.169,3.827,4.635,3.812,4.626,4.613,5.343,5.461,5.311
34,patch,160.0,1.0,1,9.064,7.882,7.741,7.730,8.895,7.647,9.165,7.978,10.167,8.755
34,patch,320.0,1.0,1,18.825,17.641,18.167,16.836,17.854,16.784,20.387,19.961,21.405,19.394
35,patch,10.0,1.0,1,-0.353,4.855,-0.345,4.358,-0.075,4.584,0.445,0.000,0.916,4.707
35,patch,20.0,1.0,1,1.655,0.000,1.506,0.000,1.900,3.823,2.783,3.886,2.721,0.000
35,patch,40.0,1.0,1,2.197,0.000,2.624,0.000,2.112,0.000,2.064,4.275,1.686,4.381
35,patch,80.0,1.0,1,3.673,4.459,3.689,4.540,3.786,4.825,5.638,4.552,5.063,4.428
35,patch,160.0,1.0,1,7.646,5.965,7.318,6.176,7.362,5.686,9.117,7.428,9.448,5.922
35,patch,320.0,1.0,1,14.656,11.031,13.358,10.494,14.345,11.046,16.815,13.114,19.551,13.168
36,patch,10.0,1.0,2,-0.346,4.656,-0.935,4.761,-0.312,4.980,-0.385,0.000,-0.204,4.229
36,patch,20.0,1.0,2,1.118,4.147,2.033,4.214,0.680,3.673,1.096,0.000,0.901,0.000
36,patch,40.0,1.0,2,-0.851,0.000,-1.396,0.000,-0.724,0.000,-0.445,0.000,-0.177,0.000
36,patch,80.0,1.0,2,1.771,0.000,1.639,4.402,1.712,4.453,0.901,4.627,0.212,4.392
36,patch,160.0,1.0,2,3.339,0.000,2.658,4.282,3.262,0.000,3.877,4.996,3.616,0.000
36,patch,320.0,1.0,2,5.435,5.705,5.161,5.653,5.617,5.898,6.407,6.435,7.167,7.054
37,patch,10.0,1.0,2,0.150,0.000,0.314,0.000,0.234,0.000,0.605,0.000,0.206,0.000
37,patch,20.0,1.0,2,-0.143,0.000,0.508,0.000,-0.193,0.000,-0.018,0.000,0.947,0.000
37,patch,40.0,1.0,2,-0.935,0.000,-0.809,3.453,-0.857,4.398,-0.598,0.000,-0.280,0.000
37,patch,80.0,1.0,2,1.053,4.342,1.066,0.000,1.166,0.000,1.258,4.471,1.633,0.000
37,patch,160.0,1.0,2,3.019,0.000,2.963,0.000,3.100,0.000,2.828,0.000,2.782,4.261
37,patch,320.0,1.0,2,3.966,5.057,3.516,4.700,3.692,4.896,3.611,0.000,3.874,4.772
38,patch,10.0,1.0,2,-1.101,0.000,-1.038,0.000,-1.399,4.331,-1.403,0.000,-0.904,0.000
38,patch,20.0,1.0,2,0.743,4.333,0.554,0.000,0.448,0.000,0.498,0.000,1.491,0.000
38,patch,40.0,1.0,2,0.704,0.000,1.064,0.000,0.564,0.000,0.351,0.000,0.599,4.420
38,patch,80.0,1.0,2,0.262,4.193,-0.031,0.000,0.341,4.566,0.762,4.647,0.724,4.728
38,patch,160.0,1.0,2,1.163,4.398,1.013,0.000,1.337,4.703,1.077,0.000,1.471,0.000
38,patch,320.0,1.0,2,3.331,0.000,3.419,0.000,3.007,0.000,3.189,4.412,3.479,4.262
39,patch,10.0,1.0,2,0.987,0.000,1.155,4.266,0.829,0.000,0.710,0.000,0.752,0.000
39,patch,20.0,1.0,2,1.592,0.000,1.287,4.653,1.446,0.000,1.452,0.000,1.171,4.311
39,patch,40.0,1.0,2,1.356,4.302,1.833,4.495,1.099,4.017,0.765,4.395,0.972,0.000
39,patch,80.0,1.0,2,1.258,4.746,0.815,4.985,1.485,4.596,1.072,4.663,1.443,0.000
39,patch,160.0,1.0,2,1.341,0.000,1.659,0.000,1.287,0.000,1.050,3.945,1.022,0.000
39,patch,320.0,1.0,2,3.933,4.534,3.238,4.417,4.124,4.864,4.074,4.689,4.837,5.055
40,patch,10.0,1.0,2,-1.225,0.000,-1.042,0.000,-0.891,0.000,-1.442,0.000,-2.283,0.000
40,patch,20.0,1.0,2,2.131,0.000,2.473,0.000,2.005,0.000,1.965,0.000,1.369,0.000
40,patch,40.0,1.0,2,-0.168,4.267,-0.722,0.000,-0.010,0.000,0.360,0.000,0.477,3.720
40,patch,80.0,1.0,2,0.631,0.000,0.782,0.000,0.524,3.596,0.655,3.182,1.171,0.000
40,patch,160.0,1.0,2,3.283,0.000,2.841,0.000,2.778,0.000,3.580,0.000,3.595,0.000
40,patch,320.0,1.0,2,5.964,6.099,5.606,5.962,5.885,5.935,5.919,6.086,6.964,7.038
41,patch,10.0,1.0,2,0.117,0.000,-0.020,4.545,-0.199,0.000,0.410,0.000,-0.556,0.000
41,patch,20.0,1.0,2,0.029,0.000,-0.045,0.000,0.569,0.000,0.675,0.000,-0.277,3.722
41,patch,40.0,1.0,2,3.654,0.000,3.601,0.000,3.672,0.000,3.337,4.284,4.188,4.770
41,patch,80.0,1.0,2,2.513,0.000,2.536,4.857,2.504,0.000,3.404,0.000,3.672,0.000
41,patch,160.0,1.0,2,10.381,8.840,9.444,7.991,10.011,8.736,9.088,8.195,11.858,9.492
41,patch,320.0,1.0,2,17.713,15.549,16.307,13.913,17.021,14.747,15.011,13.422,20.095,16.580
42,patch,10.0,1.0,2,1.191,4.426,0.765,4.522,1.092,0.000,0.998,0.000,0.676,0.000
42,patch,20.0,1.0,2,1.547,4.343,0.277,0.000,1.627,4.391,1.875,4.662,2.822,0.000
42,patch,40.0,1.0,2,3.988,5.201,2.521,4.346,4.547,5.597,4.488,5.340,2.841,5.098
42,patch,80.0,1.0,2,4.350,4.782,3.181,0.000,4.566,4.859,4.527,5.150,3.470,0.000
42,patch,160.0,1.0,2,7.349,6.658,5.205,5.020,7.103,6.565,6.059,6.081,9.553,8.249
42,patch,320.0,1.0,2,15.858,13.763,10.955,9.693,14.550,12.717,11.874,11.201,17.630,15.402
43,patch,10.0,1.0,2,0.841,3.998,0.783,3.914,0.568,0.000,0.285,4.545,0.324,4.166
43,patch,20.0,1.0,2,0.897,0.000,1.402,4.086,0.703,0.000,0.655,3.634,1.514,0.000
43,patch,40.0,1.0,2,3.184,4.681,2.889,0.000,3.457,0.000,3.148,4.565,2.905,4.388
43,patch,80.0,1.0,2,0.335,4.154,0.664,4.468,0.086,4.322,0.078,0.000,0.635,4.696
43,patch,160.0,1.0,2,2.795,0.000,3.203,4.362,2.630,0.000,2.747,4.301,3.337,4.330
43,patch,320.0,1.0,2,5.997,5.477,5.125,4.640,5.918,5.275,5.429,0.000,6.056,4.959
44,patch,10.0,1.0,2,1.152,0.000,0.628,0.000,1.049,4.276,0.721,0.000,0.440,0.000
44,patch,20.0,1.0,2,0.894,4.940,0.279,4.544,0.728,5.154,0.454,4.847,0.460,5.053
44,patch,40.0,1.0,2,-0.183,0.000,-0.175,0.000,-0.113,0.000,-0.338,0.000,0.040,3.955
44,patch,80.0,1.0,2,2.098,4.211,1.094,0.000,1.934,0.000,3.526,4.288,3.380,4.201
44,patch,160.0,1.0,2,3.724,0.000,4.001,4.293,3.170,0.000,3.320,0.000,4.230,0.000
44,patch,320.0,1.0,2,6.680,6.536,6.046,6.053,6.915,6.455,7.488,6.752,7.613,6.636
45,patch,10.0,1.0,2,-0.103,0.000,0.255,0.000,-0.398,0.000,-0.060,0.000,0.303,0.000
45,patch,20.0,1.0,2,1.146,4.845,1.305,4.977,0.486,4.656,0.538,5.042,1.084,0.000
45,patch,40.0,1.0,2,3.358,6.102,3.363,4.813,3.120,5.902,3.221,5.597,3.920,0.000
45,patch,80.0,1.0,2,4.063,0.000,3.854,4.793,4.256,0.000,4.018,4.570,4.162,5.407
45,patch,160.0,1.0,2,6.801,6.462,6.149,5.827,6.496,6.256,7.078,6.523,7.849,6.537
45,patch,320.0,1.0,2,15.094,14.101,13.154,12.294,15.153,14.340,16.795,16.155,18.872,16.755
46,patch,10.0,1.0,2,0.902,0.000,0.211,0.000,1.071,0.000,0.112,4.386,1.502,0.000
46,patch,20.0,1.0,2,0.605,0.000,0.735,4.733,0.599,3.195,1.085,4.116,0.483,0.000
46,patch,40.0,1.0,2,0.724,4.249,0.509,0.000,0.688,4.303,0.364,0.000,1.104,3.720
46,patch,80.0,1.0,2,2.833,0.000,2.362,0.000,3.141,0.000,2.383,0.000,3.717,0.000
46,patch,160.0,1.0,2,5.349,5.980,5.260,5.434,5.185,6.153,5.804,6.011,7.170,6.971
46,patch,320.0,1.0,2,9.649,8.638,7.724,7.158,9.573,8.423,9.703,8.732,10.602,9.358
47,patch,10.0,1.0,2,-0.704,0.000,-0.542,0.000,-0.721,0.000,-0.541,0.000,-0.287,0.000
47,patch,20.0,1.0,2,-0.123,0.000,0.293,0.000,0.119,0.000,0.354,0.000,0.198,0.000
47,patch,40.0,1.0,2,0.506,0.000,-0.578,0.000,0.332,0.000,0.451,4.104,0.516,4.098
47,patch,80.0,1.0,2,4.601,4.306,3.374,4.015,4.596,4.771,5.306,4.957,5.426,4.490
47,patch,160.0,1.0,2,4.856,4.570,4.205,4.569,4.798,4.646,4.869,4.685,4.739,4.621
47,patch,320.0,1.0,2,13.174,10.536,11.736,10.885,12.753,10.130,13.078,10.008,12.853,10.073
48,patch,10.0,1.0,2,-0.296,0.000,0.232,4.131,-0.369,0.000,-0.253,0.000,-0.486,0.000
48,patch,20.0,1.0,2,-0.926,0.000,-0.951,0.000,-0.686,0.000,-0.518,0.000,-0.808,4.304
48,patch,40.0,1.0,2,1.617,0.000,1.210,0.000,1.648,0.000,1.538,0.000,1.295,0.000
48,patch,80.0,1.0,2,1.586,0.000,1.347,0.000,1.383,0.000,1.909,0.000,1.372,0.000
48,patch,160.0,1.0,2,6.882,5.443,6.552,4.949,6.895,5.943,6.268,4.937,5.914,4.632
48,patch,320.0,1.0,2,6.517,7.004,6.376,6.684,6.570,6.971,6.702,6.976,6.643,6.361
49,patch,10.0,1.0,2,-0.587,0.000,-0.581,4.019,-0.670,0.000,-0.388,3.781,-0.864,3.845
49,patch,20.0,1.0,2,1.220,0.000,0.537,4.412,0.848,0.000,0.530,0.000,0.798,4.304
49,patch,40.0,1.0,2,0.784,4.751,0.852,4.564,0.434,4.403,0.547,0.000,0.543,5.083
49,patch,80.0,1.0,2,2.544,0.000,2.041,0.000,2.158,0.000,1.313,0.000,2.554,0.000
49,patch,160.0,1.0,2,4.872,4.355,4.363,4.255,5.062,4.694,5.524,6.185,5.744,4.867
49,patch,320.0,1.0,2,9.820,8.741,7.868,6.772,9.722,8.942,9.547,9.367,10.718,9.063
50,patch,10.0,1.0,2,-0.234,4.168,-0.884,4.320,-0.037,4.175,0.476,4.187,0.163,4.282
50,patch,20.0,1.0,2,0.036,5.225,-0.274,0.000,-0.076,4.667,0.431,4.449,0.782,4.439
50,patch,40.0,1.0,2,3.062,3.952,2.217,4.334,3.295,0.000,3.169,4.651,3.498,0.000
50,patch,80.0,1.0,2,5.339,5.184,4.634,4.059,5.070,5.041,4.656,4.643,5.122,0.000
50,patch,160.0,1.0,2,7.758,7.401,6.734,6.629,7.951,7.378,6.795,6.690,9.081,7.536
50,patch,320.0,1.0,2,14.831,13.632,12.776,11.750,14.165,13.352,15.619,14.402,16.286,13.782
51,patch,10.0,1.0,2,0.926,4.215,1.305,4.753,0.794,3.957,0.880,0.000,1.180,0.000
51,patch,20.0,1.0,2,1.523,5.204,1.806,5.096,1.522,5.057,0.810,0.000,1.796,4.962
51,patch,40.0,1.0,2,0.262,0.000,0.079,0.000,0.541,0.000,1.160,0.000,1.251,0.000
51,patch,80.0,1.0,2,2.685,0.000,2.615,0.000,2.581,0.000,2.755,3.947,3.037,0.000
51,patch,160.0,1.0,2,3.925,5.230,3.640,4.669,4.060,5.231,4.309,4.829,4.489,4.728
51,patch,320.0,1.0,2,12.074,11.160,11.905,11.054,11.889,11.032,12.475,11.419,13.373,12.227
52,patch,10.0,1.0,2,-1.704,0.000,-2.067,0.000,-2.396,0.000,-2.248,0.000,-1.832,0.000
52,patch,20.0,1.0,2,0.588,4.664,1.403,4.458,0.172,4.649,0.826,4.546,1.350,0.000
52,patch,40.0,1.0,2,0.215,0.000,-0.147,0.000,-0.458,0.000,-1.176,0.000,0.612,0.000
52,patch,80.0,1.0,2,3.019,4.647,2.401,0.000,2.809,4.386,2.651,0.000,2.129,0.000
52,patch,160.0,1.0,2,4.413,5.279,2.421,4.248,4.737,5.102,4.621,5.270,4.700,4.574
52,patch,320.0,1.0,2,6.218,5.761,4.861,4.951,6.551,6.252,6.511,6.239,6.936,5.661
53,patch,10.0,1.0,2,-0.889,0.000,-0.756,0.000,-1.155,0.000,-0.813,0.000,-0.531,0.000
53,patch,20.0,1.0,2,-0.172,0.000,-0.334,0.000,-0.269,0.000,-0.332,3.968,-0.130,4.057
53,patch,40.0,1.0,2,-1.035,0.000,-0.794,0.000,-1.086,0.000,-0.383,0.000,-1.229,3.610
53,patch,80.0,1.0,2,1.251,0.000,1.156,0.000,1.228,0.000,0.849,4.618,1.399,0.000
53,patch,160.0,1.0,2,4.711,5.156,4.007,4.657,4.745,5.245,4.663,5.144,5.348,5.479
53,patch,320.0,1.0,2,8.219,7.329,7.361,6.517,8.214,7.426,8.463,7.801,8.746,7.613
54,patch,10.0,1.0,3,-0.434,0.000,-0.292,0.000,-0.167,0.000,0.765,4.090,-0.105,3.183
54,patch,20.0,1.0,3,0.749,0.000,0.292,0.000,0.497,0.000,0.530,0.000,1.167,0.000
54,patch,40.0,1.0,3,0.192,0.000,1.214,0.000,0.100,0.000,0.707,0.000,-1.420,0.000
54,patch,80.0,1.0,3,1.167,0.000,0.103,4.160,1.214,0.000,0.391,0.000,1.040,0.000
54,patch,160.0,1.0,3,1.624,4.248,0.168,0.000,1.426,4.207,0.621,0.000,2.126,0.000
54,patch,320.0,1.0,3,5.252,5.851,2.815,4.626,5.704,5.900,4.472,5.287,5.575,5.493
55,patch,10.0,1.0,3,1.463,4.330,1.437,0.000,1.437,4.255,1.608,0.000,0.991,4.316
55,patch,20.0,1.0,3,0.283,0.000,0.145,0.000,0.237,0.000,0.164,0.000,-0.224,0.000
55,patch,40.0,1.0,3,-0.813,0.000,-0.394,0.000,-0.955,0.000,-0.458,0.000,-0.843,4.745
55,patch,80.0,1.0,3,-0.119,0.000,0.506,0.000,-0.198,4.598,-0.031,5.052,-0.502,5.053
55,patch,160.0,1.0,3,4.926,4.972,5.250,5.353,4.810,5.066,4.948,5.140,4.625,4.928
55,patch,320.0,1.0,3,6.551,6.947,6.516,7.088,6.453,6.886,6.845,7.483,7.238,7.860
56,patch,10.0,1.0,3,0.194,0.000,0.128,4.185,0.336,4.007,0.332,0.000,0.370,4.021
56,patch,20.0,1.0,3,-1.136,4.872,-1.248,4.811,-1.044,0.000,-1.342,0.000,-0.716,4.052
56,patch,40.0,1.0,3,0.904,0.000,0.741,4.843,0.911,0.000,0.949,0.000,1.101,4.730
56,patch,80.0,1.0,3,1.099,0.000,0.937,0.000,1.022,0.000,1.487,3.788,1.191,0.000
56,patch,160.0,1.0,3,2.337,4.317,2.070,0.000,2.414,0.000,2.319,0.000,2.018,0.000
56,patch,320.0,1.0,3,6.083,6.557,5.864,6.100,6.055,6.291,6.806,6.241,6.375,6.367
57,patch,10.0,1.0,3,-0.104,0.000,-0.398,0.000,0.014,0.000,-0.445,0.000,0.100,0.000
57,patch,20.0,1.0,3,0.004,4.162,0.270,0.000,0.139,0.000,-0.057,0.000,-0.325,0.000
57,patch,40.0,1.0,3,0.393,0.000,0.698,0.000,0.457,0.000,0.703,0.000,0.780,4.744
57,patch,80.0,1.0,3,0.385,0.000,0.894,0.000,0.193,0.000,0.494,0.000,0.388,0.000
57,patch,160.0,1.0,3,2.576,0.000,3.282,4.804,2.583,0.000,2.626,4.508,2.741,4.780
57,patch,320.0,1.0,3,2.280,0.000,2.487,0.000,2.057,4.130,2.428,0.000,2.635,4.392
58,patch,10.0,1.0,3,0.909,0.000,0.705,0.000,0.620,0.000,0.817,0.000,-0.101,0.000
58,patch,20.0,1.0,3,0.553,0.000,0.230,4.738,0.576,0.000,0.571,0.000,0.404,0.000
58,patch,40.0,1.0,3,1.748,0.000,1.660,0.000,2.044,0.000,2.246,0.000,1.670,0.000
58,patch,80.0,1.0,3,-0.398,0.000,-0.193,3.580,-0.675,0.000,-0.866,4.315,0.100,0.000
58,patch,160.0,1.0,3,3.539,0.000,3.478,4.319,3.791,0.000,3.598,0.000,3.960,0.000
58,patch,320.0,1.0,3,1.567,0.000,1.466,4.420,1.514,0.000,0.664,0.000,0.605,0.000
59,patch,10.0,1.0,3,-0.295,4.059,-0.922,0.000,-0.300,0.000,0.769,4.138,-1.081,0.000
59,patch,20.0,1.0,3,1.880,0.000,1.665,4.275,1.663,4.409,1.022,4.848,1.809,0.000
59,patch,40.0,1.0,3,1.789,0.000,0.287,3.949,1.693,0.000,1.298,0.000,2.096,0.000
59,patch,80.0,1.0,3,2.096,0.000,1.124,0.000,1.968,0.000,1.520,4.740,1.712,0.000
59,patch,160.0,1.0,3,2.170,4.112,1.528,4.353,2.491,0.000,2.487,0.000,2.321,4.519
59,patch,320.0,1.0,3,2.065,3.844,1.687,3.740,2.453,4.341,2.258,0.000,1.838,0.000
60,patch,10.0,1.0,3,-1.355,4.501,-0.424,0.000,-1.547,4.704,-1.444,0.000,-1.477,4.693
60,patch,20.0,1.0,3,0.349,0.000,0.697,0.000,0.623,0.000,1.218,0.000,-0.483,0.000
60,patch,40.0,1.0,3,0.410,0.000,0.472,0.000,0.733,0.000,0.349,0.000,1.524,0.000
60,patch,80.0,1.0,3,-0.008,4.850,-0.362,4.461,-0.254,5.046,-1.239,4.584,0.276,0.000
60,patch,160.0,1.0,3,1.584,0.000,2.092,0.000,1.660,0.000,0.725,4.622,1.585,0.000
60,patch,320.0,1.0,3,2.948,4.365,3.024,0.000,2.658,0.000,2.242,4.416,3.600,0.000
61,patch,10.0,1.0,3,-1.306,0.000,-1.242,0.000,-1.456,0.000,-1.591,0.000,-0.933,0.000
61,patch,20.0,1.0,3,0.514,4.778,0.774,4.696,0.561,4.787,0.726,5.378,-0.257,4.757
61,patch,40.0,1.0,3,1.201,0.000,1.109,0.000,1.028,0.000,1.127,0.000,0.932,0.000
61,patch,80.0,1.0,3,0.333,0.000,0.448,0.000,0.491,0.000,0.143,0.000,0.599,4.129
61,patch,160.0,1.0,3,1.404,4.447,1.216,0.000,1.676,4.620,1.983,0.000,2.236,0.000
61,patch,320.0,1.0,3,3.822,4.598,3.969,4.332,3.634,4.348,3.559,3.984,3.188,4.073
62,patch,10.0,1.0,3,-0.319,0.000,-0.230,0.000,-0.347,0.000,-0.096,0.000,1.080,0.000
62,patch,20.0,1.0,3,0.530,4.166,0.587,0.000,0.309,0.000,-0.033,3.856,-0.017,4.485
62,patch,40.0,1.0,3,0.076,0.000,-0.436,0.000,-0.241,4.879,-0.488,4.030,0.694,0.000
62,patch,80.0,1.0,3,0.898,0.000,0.147,0.000,1.137,0.000,0.466,0.000,-0.015,0.000
62,patch,160.0,1.0,3,0.426,0.000,-0.010,0.000,0.291,0.000,0.119,0.000,0.867,0.000
62,patch,320.0,1.0,3,1.254,0.000,0.981,0.000,1.526,0.000,2.287,0.000,2.656,4.420
63,patch,10.0,1.0,3,-0.882,0.000,-0.194,0.000,-0.315,4.336,0.016,0.000,-1.110,0.000
63,patch,20.0,1.0,3,-0.999,0.000,-0.442,4.009,-1.264,0.000,0.601,0.000,-0.115,0.000
63,patch,40.0,1.0,3,2.355,4.470,1.167,0.000,2.078,4.255,1.596,4.254,0.143,0.000
63,patch,80.0,1.0,3,-0.569,3.735,0.515,0.000,-0.885,3.620,0.323,3.914,2.181,0.000
63,patch,160.0,1.0,3,2.834,0.000,2.165,0.000,1.873,4.220,0.952,4.308,1.150,4.429
63,patch,320.0,1.0,3,2.660,0.000,1.865,0.000,2.772,0.000,2.545,4.088,1.609,0.000
64,patch,10.0,1.0,3,-0.091,0.000,-0.070,3.926,0.084,0.000,-0.244,0.000,-0.049,0.000
64,patch,20.0,1.0,3,1.157,0.000,1.227,0.000,0.969,0.000,0.907,0.000,0.461,0.000
64,patch,40.0,1.0,3,-1.538,0.000,-1.524,0.000,-1.331,0.000,-0.996,0.000,-1.678,0.000
64,patch,80.0,1.0,3,1.660,0.000,1.336,0.000,1.697,4.479,1.523,4.424,1.125,0.000
64,patch,160.0,1.0,3,2.272,0.000,1.742,0.000,2.230,0.000,1.867,4.345,2.240,0.000
64,patch,320.0,1.0,3,3.725,4.578,3.227,0.000,3.598,4.364,3.570,4.437,3.176,4.435
65,patch,10.0,1.0,3,1.305,4.510,1.367,3.859,1.287,4.515,1.685,0.000,1.431,0.000
65,patch,20.0,1.0,3,-0.635,0.000,-0.890,0.000,-0.577,0.000,-0.833,0.000,-0.093,0.000
65,patch,40.0,1.0,3,-1.169,0.000,-0.609,0.000,-1.201,4.029,-0.496,0.000,-0.413,0.000
65,patch,80.0,1.0,3,-0.025,3.879,-0.475,3.610,-0.167,0.000,-0.390,0.000,-0.449,0.000
65,patch,160.0,1.0,3,0.556,0.000,0.129,4.525,0.852,4.238,0.645,4.309,1.128,0.000
65,patch,320.0,1.0,3,2.992,0.000,2.618,0.000,2.986,0.000,2.862,0.000,3.543,0.000
66,patch,10.0,1.0,3,1.270,0.000,0.932,3.896,0.764,4.172,1.335,4.437,0.757,4.467
66,patch,20.0,1.0,3,0.446,0.000,0.190,3.579,0.389,3.767,0.864,0.000,0.713,0.000
66,patch,40.0,1.0,3,0.922,0.000,0.473,0.000,0.618,0.000,0.878,0.000,0.760,4.591
66,patch,80.0,1.0,3,3.091,4.967,2.095,0.000,2.767,4.816,2.770,5.002,2.893,0.000
66,patch,160.0,1.0,3,3.119,0.000,2.896,0.000,3.032,3.910,2.557,0.000,3.467,4.619
66,patch,320.0,1.0,3,5.522,5.840,4.735,4.838,5.278,5.576,4.974,5.983,5.012,5.501
67,patch,10.0,1.0,3,-0.988,0.000,-0.537,0.000,-0.637,0.000,-0.981,0.000,-0.642,0.000
67,patch,20.0,1.0,3,1.496,0.000,0.651,0.000,1.423,3.585,1.287,0.000,1.293,0.000
67,patch,40.0,1.0,3,-0.998,4.256,-0.988,0.000,-1.090,4.042,-0.751,0.000,-1.280,3.802
67,patch,80.0,1.0,3,1.509,0.000,1.228,0.000,1.319,0.000,1.277,0.000,1.677,0.000
67,patch,160.0,1.0,3,0.782,3.908,1.252,4.536,0.710,3.855,1.107,4.588,0.980,0.000
67,patch,320.0,1.0,3,2.674,0.000,1.934,0.000,2.919,0.000,2.939,0.000,3.165,3.988
68,patch,10.0,1.0,3,-0.519,0.000,-0.447,4.760,-0.652,0.000,-0.786,0.000,-0.395,0.000
68,patch,20.0,1.0,3,-1.978,0.000,-0.531,0.000,-2.210,3.073,-1.787,0.000,-0.643,0.000
68,patch,40.0,1.0,3,-0.620,0.000,0.030,0.000,-0.435,0.000,0.056,0.000,0.137,4.110
68,patch,80.0,1.0,3,0.295,0.000,0.708,0.000,-0.059,4.432,-0.009,4.216,-0.879,0.000
68,patch,160.0,1.0,3,1.643,0.000,0.645,0.000,1.506,0.000,1.304,0.000,1.062,0.000
68,patch,320.0,1.0,3,2.674,4.530,1.611,0.000,2.952,5.118,3.428,0.000,3.171,4.410
69,patch,10.0,1.0,3,-0.755,4.699,-0.363,0.000,-0.689,4.488,-0.791,0.000,-0.473,4.432
69,patch,20.0,1.0,3,0.567,3.700,0.229,0.000,0.421,0.000,0.267,0.000,0.403,4.261
69,patch,40.0,1.0,3,0.676,0.000,-0.137,0.000,0.596,0.000,0.159,4.482,0.142,0.000
69,patch,80.0,1.0,3,0.715,0.000,0.499,0.000,0.718,4.385,0.428,4.211,0.161,4.333
69,patch,160.0,1.0,3,-0.354,0.000,-0.028,0.000,-0.416,0.000,-0.337,0.000,0.063,4.389
69,patch,320.0,1.0,3,1.540,0.000,2.362,0.000,1.453,0.000,1.461,0.000,2.342,0.000
70,patch,10.0,1.0,3,0.978,0.000,-0.135,0.000,0.993,0.000,0.618,0.000,0.430,0.000
70,patch,20.0,1.0,3,1.196,0.000,0.671,0.000,1.147,0.000,0.213,3.896,1.179,0.000
70,patch,40.0,1.0,3,-0.410,0.000,0.327,0.000,-0.242,0.000,0.238,0.000,0.878,0.000
70,patch,80.0,1.0,3,2.470,4.266,0.796,0.000,1.810,4.572,0.778,4.312,3.228,0.000
70,patch,160.0,1.0,3,4.300,0.000,2.801,3.996,3.470,4.482,2.330,3.929,3.632,4.412
70,patch,320.0,1.0,3,8.299,7.963,5.919,5.737,7.365,7.020,4.495,4.839,8.086,7.927
71,patch,10.0,1.0,3,-0.907,0.000,-1.132,0.000,-0.824,0.000,-1.201,0.000,-0.952,0.000
71,patch,20.0,1.0,3,0.321,4.196,-0.333,4.830,0.892,3.961,0.207,0.000,0.466,0.000
71,patch,40.0,1.0,3,-0.124,0.000,0.296,4.555,0.226,0.000,0.290,0.000,1.094,0.000
71,patch,80.0,1.0,3,2.175,0.000,2.402,0.000,2.430,4.200,2.156,0.000,2.690,0.000
71,patch,160.0,1.0,3,3.290,4.135,3.399,4.038,3.558,4.510,1.664,0.000,3.229,4.537
71,patch,320.0,1.0,3,4.442,4.213,4.142,4.503,4.229,0.000,5.202,5.048,5.570,0.000
