# NEW (G4 childB: IED detection, G2 noise model in the time domain) | commit 71de176
location,family,strength_nAm,stretch,depth_band,squid/combined_oracle_z,squid/combined_event_height,squid/grad_oracle_z,squid/grad_event_height,squid/mag_oracle_z,squid/mag_event_height,opm_matched/opm_oracle_z,opm_matched/opm_event_height,opm_dense/opm_oracle_z,opm_dense/opm_event_height
0,focal,10.0,0.75,0,1.341,0.000,-0.363,0.000,1.598,4.152,-0.870,0.000,-0.290,4.685
0,focal,10.0,1.0,0,-0.967,0.000,0.068,0.000,-0.840,0.000,0.845,0.000,2.552,4.789
0,focal,10.0,1.5,0,-1.059,4.577,-1.663,4.709,-0.793,4.421,-0.027,0.000,0.007,0.000
0,focal,20.0,0.75,0,0.530,0.000,0.951,0.000,0.385,0.000,-0.420,4.417,0.195,0.000
0,focal,20.0,1.0,0,0.508,3.965,0.476,4.470,0.245,0.000,-0.335,0.000,0.813,4.477
0,focal,20.0,1.5,0,0.463,4.081,0.423,4.302,0.326,0.000,1.394,0.000,2.988,4.369
0,focal,40.0,0.75,0,1.351,4.149,1.736,3.834,1.626,0.000,1.280,0.000,2.206,4.609
0,focal,40.0,1.0,0,2.671,0.000,3.080,0.000,2.309,4.227,1.848,0.000,3.120,4.688
0,focal,40.0,1.5,0,1.249,0.000,1.975,0.000,0.814,0.000,-0.057,0.000,1.297,0.000
0,focal,80.0,0.75,0,4.168,0.000,2.079,0.000,3.774,0.000,2.046,4.668,5.675,3.952
0,focal,80.0,1.0,0,2.067,0.000,1.122,0.000,2.287,0.000,2.112,4.363,3.693,3.850
0,focal,80.0,1.5,0,3.761,4.328,0.193,0.000,4.128,0.000,2.356,0.000,5.983,4.937
0,focal,160.0,0.75,0,5.417,4.107,2.287,4.355,5.689,4.159,4.808,4.886,6.973,4.897
0,focal,160.0,1.0,0,5.464,4.782,3.205,4.533,4.823,4.661,4.755,4.638,9.974,5.217
0,focal,160.0,1.5,0,7.346,5.071,4.896,0.000,6.589,5.595,6.450,5.922,11.369,7.435
0,focal,320.0,0.75,0,8.909,5.836,5.397,0.000,8.643,0.000,10.306,8.092,17.446,11.448
0,focal,320.0,1.0,0,12.217,7.777,7.832,5.794,11.220,7.280,10.980,9.641,17.991,11.268
0,focal,320.0,1.5,0,15.487,8.985,11.509,8.128,14.128,8.472,13.880,11.119,21.186,12.114
1,focal,10.0,0.75,0,0.430,0.000,0.887,0.000,0.209,0.000,0.507,0.000,-1.119,0.000
1,focal,10.0,1.0,0,-0.001,0.000,-1.050,0.000,0.090,0.000,-0.062,0.000,1.919,0.000
1,focal,10.0,1.5,0,-0.647,4.543,-1.379,4.587,0.057,4.420,0.899,4.889,2.429,0.000
1,focal,20.0,0.75,0,-0.042,0.000,0.105,3.459,0.006,0.000,1.512,0.000,0.765,4.675
1,focal,20.0,1.0,0,0.520,0.000,0.460,0.000,0.122,0.000,1.601,0.000,3.387,0.000
1,focal,20.0,1.5,0,-1.012,3.920,-0.391,0.000,-0.688,4.284,0.647,0.000,0.596,0.000
1,focal,40.0,0.75,0,2.092,0.000,0.307,0.000,2.085,4.243,2.255,4.212,2.541,0.000
1,focal,40.0,1.0,0,1.825,0.000,0.862,4.182,1.948,0.000,3.832,5.137,5.119,0.000
1,focal,40.0,1.5,0,0.876,3.445,0.713,0.000,0.625,3.746,2.486,0.000,2.291,0.000
1,focal,80.0,0.75,0,4.264,0.000,2.865,0.000,3.574,0.000,3.651,0.000,4.434,0.000
1,focal,80.0,1.0,0,1.716,0.000,1.749,3.795,1.497,0.000,3.138,0.000,4.842,0.000
1,focal,80.0,1.5,0,1.715,0.000,1.001,4.058,1.008,4.122,4.353,0.000,5.318,4.829
1,focal,160.0,0.75,0,3.624,4.500,3.171,0.000,3.512,0.000,7.540,5.161,7.940,6.535
1,focal,160.0,1.0,0,5.621,4.386,4.963,4.348,4.976,4.704,9.934,6.887,10.257,7.300
1,focal,160.0,1.5,0,7.321,5.024,4.556,0.000,7.242,4.727,11.046,7.638,11.865,8.300
1,focal,320.0,0.75,0,11.419,8.034,7.385,6.718,11.114,8.131,16.078,11.316,18.609,12.818
1,focal,320.0,1.0,0,11.164,8.079,8.037,7.223,10.140,6.890,15.975,10.137,20.009,13.748
1,focal,320.0,1.5,0,11.715,7.534,7.504,5.009,11.133,7.217,19.232,12.972,23.055,14.826
2,focal,10.0,0.75,0,-0.023,3.958,0.821,4.198,-0.158,3.988,-1.720,4.035,-1.149,0.000
2,focal,10.0,1.0,0,1.646,4.304,1.644,0.000,1.747,4.581,0.543,0.000,0.389,0.000
2,focal,10.0,1.5,0,-0.518,0.000,0.106,4.073,-0.447,0.000,0.279,3.920,-0.171,3.859
2,focal,20.0,0.75,0,2.092,3.871,1.769,0.000,1.835,0.000,0.268,0.000,1.629,3.961
2,focal,20.0,1.0,0,1.634,0.000,0.814,0.000,1.789,0.000,0.466,3.855,2.020,0.000
2,focal,20.0,1.5,0,-1.268,0.000,-1.101,0.000,-0.986,0.000,-0.327,0.000,0.288,0.000
2,focal,40.0,0.75,0,2.452,0.000,2.450,4.667,2.021,0.000,3.551,0.000,2.961,0.000
2,focal,40.0,1.0,0,1.555,4.445,1.664,0.000,1.233,0.000,2.084,0.000,3.130,0.000
2,focal,40.0,1.5,0,0.422,0.000,0.498,0.000,0.742,0.000,1.240,0.000,0.542,4.421
2,focal,80.0,0.75,0,3.372,4.527,3.395,4.075,2.655,4.380,3.656,4.618,5.779,5.585
2,focal,80.0,1.0,0,4.776,4.865,4.489,4.461,3.730,0.000,3.626,4.525,5.810,5.324
2,focal,80.0,1.5,0,4.324,0.000,3.175,0.000,4.492,0.000,4.205,0.000,5.571,5.436
2,focal,160.0,0.75,0,7.570,6.750,6.690,6.534,6.386,5.638,7.264,7.101,10.157,9.245
2,focal,160.0,1.0,0,8.063,6.822,6.742,5.992,7.866,6.777,7.324,7.007,10.545,9.410
2,focal,160.0,1.5,0,9.124,7.973,8.331,7.339,8.837,7.820,8.453,7.941,11.919,10.756
2,focal,320.0,0.75,0,13.262,10.915,10.135,8.473,13.257,10.816,14.527,14.258,20.936,19.080
2,focal,320.0,1.0,0,15.791,13.080,13.958,12.027,15.038,12.317,15.787,15.437,21.273,20.363
2,focal,320.0,1.5,0,16.382,14.394,14.125,12.641,15.843,13.810,14.973,14.565,21.154,19.890
3,focal,10.0,0.75,0,0.013,4.479,0.511,0.000,-0.108,0.000,-0.050,4.661,1.956,0.000
3,focal,10.0,1.0,0,-0.145,0.000,-1.218,0.000,0.087,3.969,1.554,3.773,1.182,0.000
3,focal,10.0,1.5,0,-1.316,0.000,-1.027,0.000,-1.526,4.189,0.932,0.000,-0.616,4.588
3,focal,20.0,0.75,0,2.688,0.000,0.483,4.362,3.092,0.000,1.550,0.000,2.215,0.000
3,focal,20.0,1.0,0,0.257,0.000,1.376,0.000,-0.031,0.000,0.867,0.000,0.368,0.000
3,focal,20.0,1.5,0,0.688,0.000,0.912,0.000,0.475,4.574,1.349,0.000,1.719,0.000
3,focal,40.0,0.75,0,4.554,0.000,2.283,0.000,4.556,0.000,4.655,4.370,4.199,4.499
3,focal,40.0,1.0,0,2.833,4.042,2.280,0.000,2.881,0.000,2.440,0.000,3.288,0.000
3,focal,40.0,1.5,0,2.576,3.450,1.445,0.000,2.827,0.000,4.212,4.558,4.225,0.000
3,focal,80.0,0.75,0,3.524,4.431,2.163,0.000,3.571,4.767,4.713,4.645,5.691,4.675
3,focal,80.0,1.0,0,4.473,4.749,2.470,4.397,4.378,0.000,5.114,5.313,7.855,7.310
3,focal,80.0,1.5,0,3.678,0.000,3.179,0.000,3.235,0.000,6.463,5.632,6.562,5.604
3,focal,160.0,0.75,0,8.864,7.793,4.957,4.381,9.057,7.917,11.886,10.942,14.621,13.275
3,focal,160.0,1.0,0,9.363,8.406,5.481,5.256,9.760,8.536,11.439,10.399,14.593,13.566
3,focal,160.0,1.5,0,9.096,8.046,6.924,6.450,9.049,8.072,10.583,9.478,15.394,13.736
3,focal,320.0,0.75,0,17.021,14.348,10.384,9.206,16.980,14.306,21.235,20.424,24.425,21.955
3,focal,320.0,1.0,0,21.470,18.061,14.422,12.548,20.452,17.273,24.482,22.171,29.719,27.436
3,focal,320.0,1.5,0,24.198,20.342,15.649,13.463,23.137,19.344,27.173,25.309,31.811,28.554
4,focal,10.0,0.75,0,0.341,3.901,-0.596,0.000,1.029,4.044,-0.156,4.265,0.234,4.110
4,focal,10.0,1.0,0,1.369,0.000,1.447,0.000,0.916,0.000,1.315,4.227,0.403,0.000
4,focal,10.0,1.5,0,2.423,0.000,1.947,0.000,2.297,0.000,1.910,0.000,1.448,0.000
4,focal,20.0,0.75,0,2.010,0.000,1.379,3.649,2.445,0.000,2.384,0.000,2.268,0.000
4,focal,20.0,1.0,0,0.915,3.611,1.512,4.348,0.202,0.000,2.531,0.000,1.605,0.000
4,focal,20.0,1.5,0,0.514,0.000,0.310,0.000,0.417,0.000,0.057,0.000,-0.713,0.000
4,focal,40.0,0.75,0,1.769,0.000,2.257,0.000,1.871,3.940,2.651,4.147,2.198,0.000
4,focal,40.0,1.0,0,1.755,0.000,1.386,0.000,1.703,0.000,2.863,4.325,2.147,0.000
4,focal,40.0,1.5,0,0.499,4.963,0.581,0.000,0.345,5.092,0.860,4.768,2.096,5.097
4,focal,80.0,0.75,0,4.365,0.000,3.895,0.000,4.512,0.000,5.840,0.000,5.271,0.000
4,focal,80.0,1.0,0,2.140,0.000,2.149,0.000,1.988,0.000,3.197,0.000,4.111,0.000
4,focal,80.0,1.5,0,4.489,0.000,3.626,0.000,4.150,0.000,5.099,4.205,5.894,4.251
4,focal,160.0,0.75,0,5.246,3.852,4.825,0.000,4.876,0.000,7.547,5.098,9.679,5.134
4,focal,160.0,1.0,0,5.407,4.923,4.258,0.000,5.283,4.945,7.506,4.852,7.953,0.000
4,focal,160.0,1.5,0,6.765,0.000,5.841,4.780,6.433,4.867,9.070,6.932,11.128,5.775
4,focal,320.0,0.75,0,10.683,8.218,9.148,7.422,10.448,8.190,15.760,10.606,16.840,9.736
4,focal,320.0,1.0,0,12.516,10.081,10.580,9.074,12.402,9.871,18.134,12.928,18.731,10.247
4,focal,320.0,1.5,0,15.371,12.589,12.373,11.074,15.115,12.554,20.909,14.614,21.668,11.213
5,focal,10.0,0.75,0,-0.703,0.000,-1.166,0.000,-0.361,0.000,0.337,0.000,-0.184,0.000
5,focal,10.0,1.0,0,-1.306,0.000,-1.579,0.000,-1.030,4.267,-0.085,0.000,-0.199,0.000
5,focal,10.0,1.5,0,0.298,4.276,-0.008,0.000,-0.118,0.000,-0.817,3.907,1.570,4.009
5,focal,20.0,0.75,0,0.680,4.123,-1.028,0.000,1.016,4.392,1.222,4.490,3.990,4.052
5,focal,20.0,1.0,0,1.900,0.000,2.268,0.000,1.255,0.000,0.807,0.000,1.782,0.000
5,focal,20.0,1.5,0,1.685,4.937,1.358,4.950,1.537,4.980,2.782,5.079,2.988,5.174
5,focal,40.0,0.75,0,1.652,0.000,0.276,0.000,2.075,3.197,4.041,0.000,5.347,3.604
5,focal,40.0,1.0,0,3.169,4.314,1.565,4.238,3.164,4.241,3.663,0.000,3.738,0.000
5,focal,40.0,1.5,0,0.753,3.319,1.327,0.000,0.075,3.677,2.171,0.000,4.698,4.478
5,focal,80.0,0.75,0,3.094,4.655,2.208,0.000,3.068,4.285,4.729,0.000,7.778,7.336
5,focal,80.0,1.0,0,3.700,4.621,2.447,4.098,3.821,4.587,7.130,6.166,11.133,8.579
5,focal,80.0,1.5,0,4.488,0.000,2.789,0.000,4.372,0.000,8.189,6.342,9.019,7.995
5,focal,160.0,0.75,0,5.505,5.430,4.330,5.034,5.418,4.849,10.153,8.069,13.912,10.926
5,focal,160.0,1.0,0,7.183,6.912,6.007,5.500,6.400,6.314,12.562,9.036,17.852,13.556
5,focal,160.0,1.5,0,9.261,7.268,5.993,5.092,9.274,6.939,14.618,10.517,20.199,15.741
5,focal,320.0,0.75,0,14.083,11.856,9.757,8.601,13.426,11.336,24.301,17.227,31.033,24.281
5,focal,320.0,1.0,0,16.592,14.792,12.208,11.276,15.924,13.976,25.728,19.513,36.057,29.013
5,focal,320.0,1.5,0,16.487,13.958,10.671,9.105,16.025,13.540,25.756,19.018,38.799,30.211
6,focal,10.0,0.75,0,-1.278,0.000,-1.404,0.000,-1.205,0.000,-0.796,0.000,-1.013,0.000
6,focal,10.0,1.0,0,1.929,0.000,1.876,0.000,2.125,0.000,2.201,0.000,1.602,0.000
6,focal,10.0,1.5,0,1.034,3.998,0.625,4.085,1.193,0.000,0.482,3.835,0.294,4.151
6,focal,20.0,0.75,0,2.306,4.149,2.447,0.000,2.410,4.631,1.660,0.000,1.299,0.000
6,focal,20.0,1.0,0,0.564,0.000,0.602,0.000,0.507,0.000,0.975,4.007,1.398,0.000
6,focal,20.0,1.5,0,1.861,0.000,1.290,0.000,2.066,0.000,2.251,0.000,1.451,0.000
6,focal,40.0,0.75,0,2.812,0.000,2.805,3.893,2.725,0.000,3.412,0.000,3.770,0.000
6,focal,40.0,1.0,0,4.220,4.684,3.395,4.259,4.044,0.000,5.287,5.329,5.061,5.245
6,focal,40.0,1.5,0,3.160,5.140,3.029,5.191,3.000,4.997,4.059,5.144,3.932,4.810
6,focal,80.0,0.75,0,6.107,5.678,6.182,5.758,5.807,5.516,7.195,7.256,6.688,5.111
6,focal,80.0,1.0,0,5.466,4.665,4.967,4.081,5.762,5.213,6.125,5.630,6.227,5.269
6,focal,80.0,1.5,0,5.307,5.595,5.119,5.378,5.152,5.526,6.251,6.552,6.155,5.459
6,focal,160.0,0.75,0,13.167,11.180,11.695,10.094,13.323,12.086,13.143,11.858,13.579,9.919
6,focal,160.0,1.0,0,12.395,10.823,11.985,10.610,12.281,10.496,13.754,12.083,14.027,10.256
6,focal,160.0,1.5,0,13.003,11.680,12.698,11.438,12.631,11.428,13.805,12.495,13.741,10.038
6,focal,320.0,0.75,0,23.940,20.825,22.642,19.285,23.929,20.815,26.166,23.277,25.985,18.789
6,focal,320.0,1.0,0,25.496,21.490,23.494,19.393,25.485,21.885,28.156,24.995,27.836,19.593
6,focal,320.0,1.5,0,25.233,21.224,23.728,19.709,24.925,21.711,27.481,25.112,27.112,19.443
7,focal,10.0,0.75,0,0.599,4.047,0.964,0.000,0.478,4.442,0.641,4.122,1.738,4.233
7,focal,10.0,1.0,0,-0.089,0.000,-0.502,0.000,-0.148,0.000,1.286,0.000,0.871,3.828
7,focal,10.0,1.5,0,0.841,4.416,0.640,4.596,1.146,4.276,2.682,4.773,1.911,3.677
7,focal,20.0,0.75,0,2.442,3.838,2.407,4.052,2.193,0.000,1.801,0.000,3.678,4.014
7,focal,20.0,1.0,0,2.006,0.000,2.156,0.000,1.711,0.000,2.587,0.000,3.048,0.000
7,focal,20.0,1.5,0,2.856,0.000,2.217,0.000,3.434,0.000,2.796,0.000,3.426,0.000
7,focal,40.0,0.75,0,3.089,0.000,2.069,0.000,3.878,0.000,3.635,4.203,4.436,4.288
7,focal,40.0,1.0,0,5.442,4.542,4.780,4.359,4.797,4.453,6.055,5.023,6.923,5.836
7,focal,40.0,1.5,0,3.012,0.000,2.426,0.000,2.655,0.000,3.241,0.000,5.369,5.412
7,focal,80.0,0.75,0,7.728,6.587,7.117,6.166,7.019,6.422,8.628,7.751,10.549,8.840
7,focal,80.0,1.0,0,6.429,5.778,5.411,4.925,5.739,5.223,8.464,7.619,10.794,8.376
7,focal,80.0,1.5,0,8.914,7.736,8.164,7.247,8.246,7.310,10.311,8.360,12.296,9.005
7,focal,160.0,0.75,0,15.084,12.896,12.284,11.244,15.140,13.322,17.039,14.485,20.470,16.460
7,focal,160.0,1.0,0,16.961,15.036,14.941,13.300,15.631,14.446,19.048,16.943,22.606,17.858
7,focal,160.0,1.5,0,17.815,16.663,15.882,14.691,17.112,16.183,21.423,18.555,23.311,19.281
7,focal,320.0,0.75,0,28.554,25.904,25.625,23.549,26.729,24.381,35.000,29.744,42.104,33.535
7,focal,320.0,1.0,0,31.273,29.178,28.217,26.190,29.719,28.054,38.079,32.783,43.495,34.575
7,focal,320.0,1.5,0,32.602,28.634,28.704,25.500,30.531,27.270,37.743,32.737,44.556,35.256
8,focal,10.0,0.75,0,0.528,4.006,1.065,3.944,0.285,4.061,0.213,3.934,0.856,4.323
8,focal,10.0,1.0,0,1.905,4.329,1.319,4.667,1.639,0.000,0.628,0.000,1.819,4.681
8,focal,10.0,1.5,0,0.238,0.000,0.174,0.000,0.238,0.000,-0.068,0.000,1.539,0.000
8,focal,20.0,0.75,0,1.762,0.000,2.531,0.000,1.244,4.567,2.246,0.000,1.690,0.000
8,focal,20.0,1.0,0,0.928,0.000,0.761,0.000,1.125,0.000,1.523,3.767,1.867,0.000
8,focal,20.0,1.5,0,1.149,3.681,1.676,0.000,0.713,3.680,1.863,0.000,2.110,0.000
8,focal,40.0,0.75,0,2.112,0.000,2.023,0.000,1.943,4.159,2.635,3.915,2.445,0.000
8,focal,40.0,1.0,0,5.155,5.225,4.304,5.604,4.739,4.708,7.002,6.479,6.669,6.409
8,focal,40.0,1.5,0,4.738,4.798,4.543,4.644,4.635,4.692,5.893,5.037,6.090,5.385
8,focal,80.0,0.75,0,9.434,9.381,7.928,8.061,9.295,9.273,10.009,9.210,10.199,9.717
8,focal,80.0,1.0,0,8.576,8.095,8.142,7.850,8.129,7.794,9.421,8.021,10.154,8.750
8,focal,80.0,1.5,0,9.940,8.926,8.710,7.991,9.633,8.874,10.894,9.104,12.655,9.922
8,focal,160.0,0.75,0,15.975,15.369,14.073,13.706,15.845,15.286,17.844,15.989,20.218,17.903
8,focal,160.0,1.0,0,17.314,15.714,14.981,14.118,17.134,15.661,19.534,16.176,20.920,17.383
8,focal,160.0,1.5,0,18.224,16.973,16.773,15.779,17.917,16.694,19.590,17.618,20.960,18.346
8,focal,320.0,0.75,0,35.113,33.368,31.200,30.529,34.219,32.800,37.621,32.835,41.322,37.013
8,focal,320.0,1.0,0,35.839,33.708,32.585,31.061,34.472,32.732,39.151,33.874,43.275,36.936
8,focal,320.0,1.5,0,37.881,35.812,34.658,33.223,37.325,35.340,41.260,35.383,45.889,39.146
9,focal,10.0,0.75,0,1.861,0.000,1.177,0.000,2.115,0.000,1.205,0.000,3.290,0.000
9,focal,10.0,1.0,0,1.947,4.176,1.668,4.151,2.087,0.000,1.588,0.000,2.686,0.000
9,focal,10.0,1.5,0,3.624,4.630,3.580,4.283,3.453,4.594,3.300,4.871,3.996,5.389
9,focal,20.0,0.75,0,4.411,4.398,3.750,4.361,3.962,4.230,4.028,0.000,4.491,0.000
9,focal,20.0,1.0,0,5.600,5.240,4.568,4.700,5.461,5.240,5.923,5.001,8.875,6.611
9,focal,20.0,1.5,0,3.754,0.000,2.050,0.000,4.037,0.000,2.859,0.000,5.389,0.000
9,focal,40.0,0.75,0,6.744,5.633,6.822,6.051,6.118,5.236,5.350,0.000,10.510,7.360
9,focal,40.0,1.0,0,7.807,5.600,6.682,4.694,7.160,5.635,6.964,6.163,12.593,8.438
9,focal,40.0,1.5,0,9.465,6.241,7.346,5.305,7.780,6.395,7.210,6.495,15.376,11.134
9,focal,80.0,0.75,0,15.738,11.670,13.595,10.152,14.039,10.909,13.821,10.853,22.962,15.882
9,focal,80.0,1.0,0,15.763,11.762,13.590,9.083,13.678,11.179,14.421,11.386,26.960,18.011
9,focal,80.0,1.5,0,16.787,13.380,14.921,12.007,14.587,12.367,14.383,12.385,26.507,17.581
9,focal,160.0,0.75,0,26.416,21.249,21.675,17.725,23.438,19.820,23.722,20.499,42.057,29.252
9,focal,160.0,1.0,0,29.800,22.448,25.239,18.636,26.375,20.960,26.018,21.070,49.055,32.466
9,focal,160.0,1.5,0,32.710,25.152,27.841,21.496,28.924,23.542,28.371,24.717,51.156,34.169
9,focal,320.0,0.75,0,54.157,41.151,45.101,34.061,48.867,38.562,50.214,41.504,87.403,59.009
9,focal,320.0,1.0,0,61.497,46.453,50.997,37.816,54.845,44.313,54.205,44.647,95.425,64.255
9,focal,320.0,1.5,0,65.668,49.598,55.774,41.209,56.851,46.279,56.327,48.053,104.038,67.560
10,focal,10.0,0.75,0,0.796,0.000,1.442,0.000,0.431,0.000,2.153,0.000,1.880,0.000
10,focal,10.0,1.0,0,2.643,0.000,1.325,0.000,2.506,0.000,2.413,4.489,2.707,4.299
10,focal,10.0,1.5,0,3.470,0.000,2.290,0.000,3.364,3.995,3.614,0.000,3.233,0.000
10,focal,20.0,0.75,0,0.162,0.000,-0.135,4.405,0.016,0.000,3.388,4.587,1.520,0.000
10,focal,20.0,1.0,0,3.057,4.610,2.424,4.516,2.886,4.715,3.930,0.000,4.125,0.000
10,focal,20.0,1.5,0,2.241,4.487,1.367,4.565,1.958,4.284,3.762,3.851,3.639,0.000
10,focal,40.0,0.75,0,4.380,0.000,3.967,4.600,4.657,0.000,7.431,6.682,8.113,7.000
10,focal,40.0,1.0,0,6.322,5.675,5.393,5.219,5.835,5.467,8.787,7.887,8.063,7.313
10,focal,40.0,1.5,0,6.223,6.056,5.454,5.514,6.109,5.911,9.295,9.138,8.218,6.333
10,focal,80.0,0.75,0,9.883,8.878,9.119,7.992,9.366,8.754,14.938,14.054,16.260,13.567
10,focal,80.0,1.0,0,9.969,9.290,8.449,7.682,9.373,8.932,16.666,15.956,17.030,13.384
10,focal,80.0,1.5,0,10.519,9.299,7.959,7.291,10.133,9.025,18.390,16.374,18.398,15.210
10,focal,160.0,0.75,0,16.558,15.082,13.509,12.393,16.489,15.352,29.815,27.798,29.396,24.358
10,focal,160.0,1.0,0,19.717,18.328,16.604,15.523,18.920,17.740,34.031,31.515,32.735,26.912
10,focal,160.0,1.5,0,19.885,18.281,16.110,15.581,19.024,17.327,35.534,32.450,33.308,26.300
10,focal,320.0,0.75,0,33.586,31.488,27.125,25.935,32.620,30.476,57.388,53.289,57.943,45.805
10,focal,320.0,1.0,0,36.949,33.949,29.687,27.971,36.285,33.482,65.004,59.812,64.251,52.154
10,focal,320.0,1.5,0,43.069,39.782,35.969,34.126,41.979,38.889,73.055,67.038,69.167,57.678
11,focal,10.0,0.75,0,1.606,0.000,1.604,0.000,1.495,4.506,1.404,0.000,0.264,4.415
11,focal,10.0,1.0,0,1.814,0.000,1.861,0.000,1.202,4.772,1.264,0.000,1.950,0.000
11,focal,10.0,1.5,0,1.689,0.000,1.150,0.000,1.795,0.000,1.540,0.000,1.005,0.000
11,focal,20.0,0.75,0,0.609,0.000,0.357,4.077,1.110,0.000,1.622,0.000,2.566,4.843
11,focal,20.0,1.0,0,0.928,0.000,0.123,0.000,0.912,0.000,1.214,0.000,3.106,0.000
11,focal,20.0,1.5,0,1.861,4.376,2.146,4.450,1.412,4.265,1.975,0.000,2.326,4.153
11,focal,40.0,0.75,0,2.357,0.000,2.544,4.421,1.983,4.089,1.794,0.000,4.273,0.000
11,focal,40.0,1.0,0,2.805,4.751,2.398,0.000,2.123,4.915,2.891,4.318,5.542,4.374
11,focal,40.0,1.5,0,4.704,4.002,4.304,0.000,4.113,0.000,4.171,0.000,5.395,0.000
11,focal,80.0,0.75,0,8.243,5.834,7.390,5.691,8.676,6.462,8.103,5.728,11.622,7.655
11,focal,80.0,1.0,0,8.089,5.562,7.864,5.438,7.334,5.055,7.573,4.707,10.332,5.439
11,focal,80.0,1.5,0,7.707,5.791,6.706,5.252,7.547,6.023,7.388,5.302,11.593,7.415
11,focal,160.0,0.75,0,13.585,7.871,12.754,8.121,13.085,7.428,13.206,7.378,18.515,10.716
11,focal,160.0,1.0,0,16.557,11.449,15.590,10.950,15.356,11.516,16.186,10.687,22.066,14.200
11,focal,160.0,1.5,0,16.042,11.685,15.509,11.053,15.019,11.070,14.706,9.607,22.750,13.623
11,focal,320.0,0.75,0,28.655,17.648,25.705,16.781,26.951,17.531,28.783,16.276,40.039,23.425
11,focal,320.0,1.0,0,31.579,19.406,28.935,18.789,29.458,18.952,30.190,18.752,42.534,23.855
11,focal,320.0,1.5,0,36.070,23.236,33.839,22.873,34.230,22.418,35.156,20.862,47.237,28.733
12,focal,10.0,0.75,0,-0.544,0.000,-0.989,0.000,-0.369,0.000,1.653,4.151,0.686,3.924
12,focal,10.0,1.0,0,0.653,3.678,0.386,0.000,1.031,0.000,1.535,0.000,1.578,0.000
12,focal,10.0,1.5,0,0.575,0.000,0.393,0.000,0.378,0.000,0.581,0.000,1.007,0.000
12,focal,20.0,0.75,0,3.200,4.154,1.147,3.958,3.467,0.000,4.500,5.167,3.320,0.000
12,focal,20.0,1.0,0,2.565,0.000,2.362,0.000,2.395,0.000,2.940,0.000,2.720,0.000
12,focal,20.0,1.5,0,1.507,4.225,0.647,0.000,1.446,4.415,2.147,4.455,0.902,0.000
12,focal,40.0,0.75,0,5.575,5.379,3.999,4.116,5.815,5.669,8.659,7.984,7.473,6.311
12,focal,40.0,1.0,0,5.397,5.186,4.462,4.305,5.230,5.093,6.949,6.381,5.887,5.377
12,focal,40.0,1.5,0,5.828,5.710,5.623,5.971,5.608,5.607,7.158,7.153,6.075,5.635
12,focal,80.0,0.75,0,8.362,7.513,6.176,5.934,8.359,7.902,13.178,12.205,8.949,7.105
12,focal,80.0,1.0,0,10.951,10.060,8.951,8.426,10.865,10.169,15.743,14.350,12.258,9.272
12,focal,80.0,1.5,0,9.990,9.454,7.931,7.676,9.952,9.496,15.148,13.774,11.670,9.630
12,focal,160.0,0.75,0,15.973,14.227,12.892,11.362,15.372,14.073,25.058,22.183,19.536,14.535
12,focal,160.0,1.0,0,17.931,16.291,14.527,13.333,17.585,16.307,27.133,23.743,19.492,15.250
12,focal,160.0,1.5,0,20.192,17.672,16.362,14.810,19.931,17.771,29.735,26.896,22.484,17.549
12,focal,320.0,0.75,0,33.975,30.471,26.996,24.325,33.374,30.478,51.945,46.135,39.361,31.665
12,focal,320.0,1.0,0,36.829,33.784,29.947,27.499,36.550,33.865,55.339,49.255,41.060,32.699
12,focal,320.0,1.5,0,39.123,34.635,31.602,28.935,38.549,34.690,58.446,51.794,43.901,34.212
13,focal,10.0,0.75,0,0.177,0.000,0.188,4.584,0.466,0.000,0.736,0.000,0.593,0.000
13,focal,10.0,1.0,0,0.845,0.000,1.491,4.459,0.740,0.000,1.196,4.650,1.068,0.000
13,focal,10.0,1.5,0,2.848,0.000,3.175,4.054,3.388,0.000,2.889,4.357,3.933,3.777
13,focal,20.0,0.75,0,0.743,0.000,1.006,0.000,0.314,0.000,0.554,0.000,0.850,0.000
13,focal,20.0,1.0,0,1.964,4.182,2.212,0.000,2.504,4.352,2.733,0.000,2.042,0.000
13,focal,20.0,1.5,0,1.757,0.000,1.660,0.000,1.289,4.176,1.161,4.194,2.508,0.000
13,focal,40.0,0.75,0,3.294,0.000,2.895,0.000,2.979,0.000,2.548,0.000,3.308,4.079
13,focal,40.0,1.0,0,2.687,0.000,2.232,0.000,2.614,3.659,2.441,4.670,2.969,0.000
13,focal,40.0,1.5,0,5.009,5.480,5.090,5.655,4.483,5.110,4.207,0.000,4.535,4.926
13,focal,80.0,0.75,0,6.684,5.258,6.264,6.094,6.276,5.518,5.966,4.783,7.012,5.117
13,focal,80.0,1.0,0,7.541,5.850,7.281,6.106,6.687,5.589,7.134,6.357,9.015,6.582
13,focal,80.0,1.5,0,6.291,5.814,5.920,5.311,5.848,5.804,4.702,0.000,6.681,5.804
13,focal,160.0,0.75,0,12.332,9.448,11.404,9.651,11.854,9.731,11.773,9.424,13.620,8.892
13,focal,160.0,1.0,0,14.252,10.348,13.233,10.371,13.272,11.112,13.673,12.266,15.226,10.921
13,focal,160.0,1.5,0,15.833,13.388,14.992,13.268,15.374,13.002,14.463,11.685,16.587,12.926
13,focal,320.0,0.75,0,24.408,19.585,23.631,20.287,23.167,19.418,23.409,18.968,27.411,19.175
13,focal,320.0,1.0,0,30.455,24.297,28.731,23.610,29.417,24.234,28.455,23.154,32.075,22.128
13,focal,320.0,1.5,0,30.781,24.651,29.053,23.768,29.483,25.003,28.708,22.764,33.500,24.335
14,focal,10.0,0.75,0,1.931,0.000,2.505,4.483,1.884,4.425,1.844,0.000,0.909,0.000
14,focal,10.0,1.0,0,2.584,0.000,1.802,0.000,2.368,0.000,3.019,0.000,3.946,0.000
14,focal,10.0,1.5,0,0.421,0.000,-0.579,0.000,0.490,0.000,1.502,4.622,1.641,3.862
14,focal,20.0,0.75,0,1.289,0.000,1.735,0.000,1.026,4.504,2.476,0.000,1.556,0.000
14,focal,20.0,1.0,0,0.831,0.000,1.032,4.110,0.676,0.000,1.234,0.000,2.024,0.000
14,focal,20.0,1.5,0,2.857,0.000,2.930,0.000,2.990,4.412,2.523,4.859,2.609,4.552
14,focal,40.0,0.75,0,4.041,3.369,3.424,0.000,4.169,4.244,6.541,5.031,5.572,5.145
14,focal,40.0,1.0,0,3.263,0.000,2.764,0.000,3.018,4.537,4.591,0.000,5.609,4.976
14,focal,40.0,1.5,0,4.396,4.507,3.736,4.009,4.589,4.336,4.975,5.311,6.880,5.757
14,focal,80.0,0.75,0,8.777,8.046,6.980,6.772,8.744,7.841,9.573,8.345,11.437,10.048
14,focal,80.0,1.0,0,10.776,9.318,9.732,8.730,10.253,8.938,12.820,10.801,14.836,12.944
14,focal,80.0,1.5,0,8.946,7.666,8.122,7.009,8.621,7.515,11.264,9.586,13.197,10.960
14,focal,160.0,0.75,0,15.569,13.839,12.275,11.046,16.145,14.345,20.220,16.649,23.032,19.474
14,focal,160.0,1.0,0,17.741,15.853,14.836,13.686,17.799,15.710,22.274,19.283,25.726,22.228
14,focal,160.0,1.5,0,18.603,16.614,16.377,14.975,18.451,16.402,21.738,19.797,27.114,24.105
14,focal,320.0,0.75,0,30.147,26.510,26.147,23.357,29.330,25.848,38.855,33.973,46.068,40.066
14,focal,320.0,1.0,0,32.952,29.068,28.323,25.718,32.589,28.596,41.575,36.538,50.635,43.786
14,focal,320.0,1.5,0,36.385,31.691,31.908,27.835,35.623,31.282,44.687,39.321,55.590,46.868
15,focal,10.0,0.75,0,2.912,0.000,1.803,4.713,3.107,4.378,3.667,4.511,2.938,3.881
15,focal,10.0,1.0,0,-0.281,0.000,-0.772,4.521,-0.354,0.000,0.140,0.000,-0.008,0.000
15,focal,10.0,1.5,0,1.406,3.575,2.019,4.471,1.177,0.000,0.880,0.000,1.233,4.140
15,focal,20.0,0.75,0,2.948,0.000,2.933,4.366,2.678,0.000,3.836,0.000,3.047,0.000
15,focal,20.0,1.0,0,2.718,0.000,1.585,0.000,2.475,0.000,0.877,0.000,1.839,0.000
15,focal,20.0,1.5,0,1.974,0.000,1.348,0.000,1.922,0.000,1.770,0.000,1.733,0.000
15,focal,40.0,0.75,0,4.512,4.124,3.511,3.702,4.478,0.000,5.240,4.945,5.384,5.057
15,focal,40.0,1.0,0,4.309,0.000,4.265,0.000,4.015,4.074,4.442,5.581,3.722,5.258
15,focal,40.0,1.5,0,4.438,4.900,3.982,3.764,4.181,4.803,4.968,5.025,5.349,5.331
15,focal,80.0,0.75,0,9.936,8.850,7.812,7.196,9.793,8.817,10.974,9.924,9.802,8.247
15,focal,80.0,1.0,0,7.805,7.076,5.856,5.215,7.659,7.019,6.826,7.136,7.039,7.295
15,focal,80.0,1.5,0,8.798,8.606,8.205,7.952,8.385,8.192,7.850,7.140,8.079,7.574
15,focal,160.0,0.75,0,17.950,15.498,12.927,11.292,17.312,15.309,18.077,16.540,17.142,15.579
15,focal,160.0,1.0,0,18.775,17.045,15.125,13.733,18.629,16.879,18.735,16.804,18.751,16.111
15,focal,160.0,1.5,0,20.987,19.214,15.139,13.183,20.871,19.347,20.317,18.401,19.429,16.290
15,focal,320.0,0.75,0,34.561,31.163,26.031,23.079,33.785,31.283,35.334,31.786,33.545,28.601
15,focal,320.0,1.0,0,36.804,33.460,27.125,24.065,36.430,33.300,36.027,33.148,35.249,30.513
15,focal,320.0,1.5,0,41.021,37.457,31.217,27.164,40.273,37.012,39.663,36.593,38.667,33.625
16,focal,10.0,0.75,0,0.978,0.000,0.195,0.000,1.370,0.000,1.062,3.955,1.209,0.000
16,focal,10.0,1.0,0,1.435,0.000,1.543,0.000,1.166,4.201,1.177,3.858,2.523,0.000
16,focal,10.0,1.5,0,1.086,0.000,0.807,0.000,0.934,0.000,0.155,3.861,2.126,0.000
16,focal,20.0,0.75,0,1.733,0.000,0.145,0.000,1.674,0.000,2.719,0.000,2.935,3.895
16,focal,20.0,1.0,0,4.116,5.036,1.506,3.962,4.455,5.302,2.818,0.000,4.036,5.298
16,focal,20.0,1.5,0,4.428,4.317,4.022,4.036,4.174,0.000,4.697,4.735,4.822,4.568
16,focal,40.0,0.75,0,5.778,5.680,4.732,4.740,5.821,5.481,4.252,0.000,6.729,6.360
16,focal,40.0,1.0,0,7.189,6.688,4.934,4.815,6.941,6.717,4.849,4.686,10.165,9.560
16,focal,40.0,1.5,0,7.137,6.962,6.263,5.906,7.174,7.233,6.964,6.671,9.970,9.248
16,focal,80.0,0.75,0,11.190,10.945,8.582,8.113,10.406,10.355,8.010,8.065,15.773,15.230
16,focal,80.0,1.0,0,12.629,11.964,8.306,7.840,12.482,11.983,11.489,11.475,17.470,16.544
16,focal,80.0,1.5,0,11.978,11.803,7.504,7.337,12.127,12.184,8.880,8.982,17.171,17.126
16,focal,160.0,0.75,0,21.851,21.092,16.975,16.090,21.260,20.760,18.986,18.498,29.928,28.328
16,focal,160.0,1.0,0,22.880,21.978,16.513,15.741,22.630,21.945,20.237,20.113,33.748,32.156
16,focal,160.0,1.5,0,27.717,26.515,20.452,19.091,26.966,26.161,22.812,22.271,34.561,32.705
16,focal,320.0,0.75,0,44.169,41.652,31.873,29.275,43.572,41.886,38.376,37.729,61.613,58.108
16,focal,320.0,1.0,0,47.093,45.061,35.311,33.180,45.688,44.375,40.881,40.375,66.038,62.721
16,focal,320.0,1.5,0,51.288,49.686,38.349,36.606,50.306,49.274,41.652,40.823,68.967,66.466
17,focal,10.0,0.75,0,0.776,0.000,0.529,0.000,1.301,0.000,2.088,0.000,1.439,0.000
17,focal,10.0,1.0,0,0.773,0.000,1.217,0.000,0.762,0.000,-0.198,0.000,1.003,0.000
17,focal,10.0,1.5,0,1.465,0.000,1.517,0.000,1.439,0.000,0.028,0.000,2.293,0.000
17,focal,20.0,0.75,0,1.349,4.087,0.927,0.000,2.141,4.200,2.183,0.000,2.260,4.181
17,focal,20.0,1.0,0,2.426,0.000,1.945,3.917,2.007,0.000,3.136,0.000,2.735,0.000
17,focal,20.0,1.5,0,2.318,0.000,1.966,0.000,2.629,4.437,2.945,4.268,3.431,4.650
17,focal,40.0,0.75,0,5.241,5.622,4.072,0.000,5.193,5.171,3.628,0.000,4.100,4.173
17,focal,40.0,1.0,0,3.888,4.689,3.305,4.039,3.772,4.795,2.584,0.000,4.573,4.569
17,focal,40.0,1.5,0,4.788,0.000,4.741,5.057,3.674,0.000,1.944,3.834,4.494,4.529
17,focal,80.0,0.75,0,5.357,5.516,5.110,4.967,5.111,5.307,5.890,5.907,7.377,7.333
17,focal,80.0,1.0,0,8.113,6.616,7.228,6.390,7.354,6.149,6.059,5.759,9.475,7.667
17,focal,80.0,1.5,0,10.205,9.164,8.697,7.670,9.952,9.015,8.363,7.871,11.310,10.028
17,focal,160.0,0.75,0,13.229,12.406,11.810,10.851,12.250,11.988,11.644,10.538,17.564,16.169
17,focal,160.0,1.0,0,15.183,13.951,13.540,12.263,14.068,13.003,13.074,11.950,18.587,17.348
17,focal,160.0,1.5,0,16.836,15.281,15.657,14.125,15.438,14.603,13.175,12.689,18.404,17.337
17,focal,320.0,0.75,0,29.249,27.774,27.324,25.975,27.440,26.452,26.580,25.455,35.196,33.382
17,focal,320.0,1.0,0,29.534,26.558,27.347,24.822,27.064,24.923,23.879,22.252,34.004,31.384
17,focal,320.0,1.5,0,32.867,29.400,30.434,27.396,29.984,27.566,26.650,24.391,37.993,35.143
18,focal,10.0,0.75,1,-1.271,0.000,-1.523,0.000,-1.246,3.756,-1.018,0.000,-0.039,0.000
18,focal,10.0,1.0,1,0.143,3.823,0.202,0.000,0.126,0.000,0.461,0.000,-0.160,3.909
18,focal,10.0,1.5,1,-1.945,4.244,-2.390,4.247,-2.071,4.243,-1.292,4.047,-2.389,4.345
18,focal,20.0,0.75,1,2.000,3.665,2.549,0.000,1.707,0.000,1.532,3.852,1.586,0.000
18,focal,20.0,1.0,1,-0.072,0.000,0.013,0.000,0.022,0.000,0.987,0.000,0.402,0.000
18,focal,20.0,1.5,1,0.197,0.000,-0.521,0.000,0.534,0.000,1.015,4.024,0.724,4.124
18,focal,40.0,0.75,1,1.819,0.000,2.711,0.000,1.574,0.000,1.483,3.958,1.859,0.000
18,focal,40.0,1.0,1,1.211,4.376,0.388,3.945,1.391,4.255,2.235,4.352,1.157,4.171
18,focal,40.0,1.5,1,0.506,0.000,0.230,0.000,0.392,0.000,-0.350,0.000,-0.422,4.335
18,focal,80.0,0.75,1,2.291,4.040,1.788,0.000,2.121,0.000,1.531,0.000,2.009,0.000
18,focal,80.0,1.0,1,2.684,3.826,2.303,0.000,2.369,0.000,2.651,0.000,3.062,0.000
18,focal,80.0,1.5,1,0.808,4.398,0.729,3.336,0.858,4.055,0.748,4.271,0.589,0.000
18,focal,160.0,0.75,1,1.691,0.000,1.502,0.000,1.535,0.000,0.333,0.000,2.125,4.149
18,focal,160.0,1.0,1,4.068,0.000,3.321,4.287,4.019,0.000,3.577,0.000,5.033,0.000
18,focal,160.0,1.5,1,3.102,3.831,2.534,4.217,3.134,0.000,2.489,4.513,3.145,0.000
18,focal,320.0,0.75,1,5.562,5.758,5.344,5.142,5.459,5.820,4.675,5.015,7.084,7.050
18,focal,320.0,1.0,1,3.405,0.000,2.802,0.000,3.633,4.419,4.402,4.492,5.582,5.193
18,focal,320.0,1.5,1,5.074,4.738,5.170,4.572,5.028,4.801,4.209,0.000,6.044,5.595
19,focal,10.0,0.75,1,0.251,0.000,0.099,3.807,-0.172,0.000,0.418,0.000,-0.124,0.000
19,focal,10.0,1.0,1,0.172,0.000,0.215,4.094,-0.430,3.832,-0.322,0.000,-0.282,4.303
19,focal,10.0,1.5,1,2.395,0.000,2.375,0.000,2.016,0.000,0.120,0.000,2.095,0.000
19,focal,20.0,0.75,1,-1.257,0.000,-1.128,4.233,-0.676,0.000,-0.340,0.000,0.537,0.000
19,focal,20.0,1.0,1,-0.001,0.000,-0.857,4.447,-0.131,0.000,0.460,0.000,1.435,0.000
19,focal,20.0,1.5,1,1.254,4.663,0.704,4.778,1.455,4.269,-0.064,0.000,1.049,4.563
19,focal,40.0,0.75,1,0.695,0.000,0.605,4.168,0.382,0.000,0.444,0.000,2.135,0.000
19,focal,40.0,1.0,1,-1.198,4.526,0.291,0.000,-1.475,5.035,-0.536,0.000,0.379,0.000
19,focal,40.0,1.5,1,0.451,0.000,1.170,0.000,0.380,0.000,1.375,3.815,1.328,4.911
19,focal,80.0,0.75,1,0.698,4.880,1.422,0.000,0.501,5.086,0.588,4.514,2.123,4.281
19,focal,80.0,1.0,1,3.485,0.000,3.462,0.000,3.474,0.000,2.592,0.000,2.918,0.000
19,focal,80.0,1.5,1,2.583,0.000,0.485,0.000,2.657,0.000,2.921,0.000,3.050,4.461
19,focal,160.0,0.75,1,1.556,0.000,1.401,0.000,1.479,0.000,3.293,0.000,4.912,0.000
19,focal,160.0,1.0,1,4.990,4.530,3.416,4.163,4.781,4.450,4.088,4.591,6.582,5.448
19,focal,160.0,1.5,1,4.212,0.000,3.819,0.000,4.256,4.783,4.592,4.952,7.135,5.746
19,focal,320.0,0.75,1,6.881,6.216,6.026,5.333,6.462,6.120,7.898,6.760,11.707,7.864
19,focal,320.0,1.0,1,9.287,7.518,8.214,6.873,9.025,7.526,11.294,9.180,13.480,9.894
19,focal,320.0,1.5,1,9.311,7.163,6.833,5.778,9.012,7.019,10.908,8.636,15.248,11.167
20,focal,10.0,0.75,1,-0.238,0.000,-0.105,0.000,-0.334,0.000,-0.039,0.000,1.022,0.000
20,focal,10.0,1.0,1,-1.197,0.000,-0.469,0.000,-1.323,0.000,-0.468,0.000,-0.422,0.000
20,focal,10.0,1.5,1,0.009,4.804,-0.646,4.804,0.271,0.000,-0.117,0.000,0.059,0.000
20,focal,20.0,0.75,1,-0.207,4.650,0.008,4.198,-0.303,4.276,-0.622,0.000,-0.965,0.000
20,focal,20.0,1.0,1,1.200,0.000,0.936,0.000,1.226,0.000,0.526,0.000,1.312,0.000
20,focal,20.0,1.5,1,0.470,4.098,0.254,4.180,0.355,0.000,0.422,0.000,0.106,0.000
20,focal,40.0,0.75,1,1.479,4.281,1.803,0.000,1.219,4.147,1.000,4.341,0.990,0.000
20,focal,40.0,1.0,1,3.876,0.000,3.549,0.000,3.134,0.000,3.222,0.000,3.170,4.203
20,focal,40.0,1.5,1,0.365,0.000,1.306,4.567,0.002,3.736,0.505,3.895,0.137,0.000
20,focal,80.0,0.75,1,0.887,0.000,0.738,0.000,1.137,0.000,1.670,4.459,1.959,4.569
20,focal,80.0,1.0,1,2.414,0.000,1.962,0.000,2.480,0.000,2.610,0.000,2.784,0.000
20,focal,80.0,1.5,1,0.430,0.000,0.938,0.000,0.362,4.238,0.179,0.000,0.100,0.000
20,focal,160.0,0.75,1,2.209,0.000,1.633,0.000,2.199,0.000,1.857,0.000,2.908,3.941
20,focal,160.0,1.0,1,1.742,0.000,2.027,0.000,1.037,0.000,1.764,0.000,2.105,0.000
20,focal,160.0,1.5,1,-0.144,5.012,0.036,5.224,-0.261,0.000,-0.165,4.824,0.385,4.378
20,focal,320.0,0.75,1,6.178,6.195,5.983,5.487,6.006,6.192,6.430,6.090,6.269,6.379
20,focal,320.0,1.0,1,5.518,5.116,5.517,5.063,5.627,5.301,6.361,5.632,7.318,6.387
20,focal,320.0,1.5,1,5.569,4.918,5.146,4.914,5.439,4.747,5.888,5.233,6.798,5.746
21,focal,10.0,0.75,1,0.710,4.597,1.042,4.282,0.314,4.687,-0.219,0.000,0.132,0.000
21,focal,10.0,1.0,1,-0.837,0.000,-0.709,0.000,-1.124,0.000,-0.839,0.000,-0.329,4.706
21,focal,10.0,1.5,1,1.419,4.242,1.061,0.000,1.594,4.581,1.508,0.000,1.148,0.000
21,focal,20.0,0.75,1,2.859,4.245,3.152,4.051,2.614,0.000,2.601,3.931,2.158,0.000
21,focal,20.0,1.0,1,0.779,4.258,0.449,0.000,0.945,0.000,0.623,0.000,1.049,0.000
21,focal,20.0,1.5,1,0.618,0.000,0.377,0.000,0.386,0.000,0.138,0.000,0.707,0.000
21,focal,40.0,0.75,1,1.769,0.000,2.014,0.000,1.451,0.000,1.533,0.000,1.661,0.000
21,focal,40.0,1.0,1,1.265,0.000,1.719,0.000,0.864,0.000,1.585,0.000,1.688,0.000
21,focal,40.0,1.5,1,0.587,3.913,0.257,4.619,0.645,0.000,0.145,0.000,0.681,0.000
21,focal,80.0,0.75,1,2.152,3.775,2.091,4.025,2.147,3.964,2.189,3.636,2.678,0.000
21,focal,80.0,1.0,1,1.182,0.000,0.136,0.000,1.070,0.000,0.714,0.000,1.417,0.000
21,focal,80.0,1.5,1,3.209,4.340,2.255,0.000,3.033,4.574,3.206,4.630,2.476,4.621
21,focal,160.0,0.75,1,5.653,4.951,5.552,5.077,5.340,5.057,4.343,4.872,5.632,4.284
21,focal,160.0,1.0,1,5.277,0.000,4.052,4.357,4.908,4.794,4.915,5.333,5.082,0.000
21,focal,160.0,1.5,1,4.793,4.676,4.160,0.000,5.083,0.000,5.014,0.000,5.000,0.000
21,focal,320.0,0.75,1,8.450,6.986,7.932,6.628,7.695,6.565,7.987,6.786,9.202,6.943
21,focal,320.0,1.0,1,7.459,6.127,6.218,5.170,7.450,6.160,8.034,6.099,9.758,7.909
21,focal,320.0,1.5,1,9.170,7.830,7.788,7.214,9.170,8.012,8.432,7.577,9.159,7.290
22,focal,10.0,0.75,1,-1.119,0.000,-0.880,0.000,-0.782,4.598,-0.132,0.000,-0.566,0.000
22,focal,10.0,1.0,1,-2.109,0.000,-2.064,0.000,-1.472,0.000,-1.615,0.000,-1.201,4.111
22,focal,10.0,1.5,1,1.126,4.873,1.019,4.602,1.323,4.964,1.771,4.867,1.910,4.727
22,focal,20.0,0.75,1,1.167,4.590,0.807,0.000,1.274,0.000,-1.103,0.000,-0.041,4.677
22,focal,20.0,1.0,1,-0.622,0.000,-0.728,4.646,-0.353,0.000,-1.266,0.000,-0.470,4.067
22,focal,20.0,1.5,1,0.737,0.000,-0.083,0.000,0.194,0.000,-0.298,0.000,-0.050,0.000
22,focal,40.0,0.75,1,2.215,0.000,1.967,0.000,1.743,0.000,0.834,4.150,1.250,0.000
22,focal,40.0,1.0,1,2.869,4.212,2.189,0.000,2.654,0.000,2.475,4.433,2.503,0.000
22,focal,40.0,1.5,1,2.548,3.400,1.587,0.000,1.767,4.705,1.376,4.806,2.250,0.000
22,focal,80.0,0.75,1,2.723,0.000,1.383,0.000,2.404,4.338,1.113,0.000,1.744,3.924
22,focal,80.0,1.0,1,3.470,4.344,2.585,4.107,3.718,4.325,2.298,0.000,2.142,4.804
22,focal,80.0,1.5,1,4.112,0.000,3.719,4.093,3.559,0.000,3.215,0.000,3.649,4.507
22,focal,160.0,0.75,1,7.120,6.418,6.580,6.222,6.772,6.381,3.468,0.000,4.701,0.000
22,focal,160.0,1.0,1,8.591,7.951,6.971,6.868,8.462,7.946,4.292,4.577,6.473,6.218
22,focal,160.0,1.5,1,8.186,7.317,6.725,6.681,8.105,7.361,3.745,4.800,5.986,6.205
22,focal,320.0,0.75,1,14.783,12.518,11.487,10.323,14.284,12.411,8.664,8.035,10.231,9.526
22,focal,320.0,1.0,1,13.212,12.043,10.381,9.817,12.994,11.957,7.676,8.302,9.111,8.559
22,focal,320.0,1.5,1,16.191,14.083,13.921,12.356,15.852,14.419,8.864,8.405,11.282,10.576
23,focal,10.0,0.75,1,1.200,4.479,0.035,0.000,1.092,4.669,0.682,0.000,0.938,0.000
23,focal,10.0,1.0,1,0.583,4.396,0.553,0.000,0.449,0.000,0.943,4.757,1.014,0.000
23,focal,10.0,1.5,1,-0.679,0.000,-0.875,0.000,-0.817,0.000,-0.709,0.000,-0.097,0.000
23,focal,20.0,0.75,1,1.255,0.000,1.292,4.369,1.250,4.271,1.332,0.000,1.057,0.000
23,focal,20.0,1.0,1,0.655,4.168,0.429,4.076,0.625,0.000,0.186,0.000,0.952,0.000
23,focal,20.0,1.5,1,1.022,0.000,0.847,0.000,0.996,0.000,0.782,0.000,0.733,0.000
23,focal,40.0,0.75,1,-0.287,0.000,-1.018,0.000,-0.253,0.000,0.402,4.644,0.504,0.000
23,focal,40.0,1.0,1,-0.496,3.932,-0.170,0.000,-0.394,0.000,-0.073,4.283,0.580,0.000
23,focal,40.0,1.5,1,-0.850,0.000,-0.404,0.000,-0.846,0.000,-1.163,0.000,-0.290,0.000
23,focal,80.0,0.75,1,1.754,0.000,1.563,3.754,1.684,0.000,1.707,0.000,2.324,0.000
23,focal,80.0,1.0,1,4.217,0.000,4.314,0.000,4.162,0.000,4.436,4.078,4.893,4.635
23,focal,80.0,1.5,1,1.308,0.000,1.427,0.000,1.247,0.000,1.453,0.000,1.565,0.000
23,focal,160.0,0.75,1,3.438,4.314,3.417,4.414,3.183,4.593,3.756,0.000,4.324,4.527
23,focal,160.0,1.0,1,3.662,4.316,3.371,4.870,3.543,0.000,3.468,4.036,4.074,4.023
23,focal,160.0,1.5,1,4.517,4.696,4.718,4.543,4.430,4.653,5.344,5.367,5.321,5.397
23,focal,320.0,0.75,1,8.120,7.152,6.905,6.392,8.554,7.240,9.278,7.113,10.546,7.793
23,focal,320.0,1.0,1,8.816,7.855,8.182,7.799,8.763,7.802,9.127,7.634,10.040,8.504
23,focal,320.0,1.5,1,11.599,10.032,11.005,9.518,11.735,10.209,12.136,9.856,12.956,10.461
24,focal,10.0,0.75,1,-1.048,4.351,-1.754,4.404,-0.100,0.000,-0.478,4.583,-1.011,0.000
24,focal,10.0,1.0,1,0.822,0.000,0.853,0.000,0.363,0.000,0.736,0.000,0.883,4.221
24,focal,10.0,1.5,1,1.576,3.559,1.653,0.000,0.874,0.000,0.103,0.000,1.442,3.710
24,focal,20.0,0.75,1,1.354,0.000,1.479,3.759,1.437,0.000,0.613,0.000,1.921,0.000
24,focal,20.0,1.0,1,-0.186,4.634,-0.413,0.000,-0.008,4.812,-0.205,0.000,0.414,0.000
24,focal,20.0,1.5,1,-0.587,0.000,-0.505,0.000,-0.294,0.000,0.277,0.000,-0.446,0.000
24,focal,40.0,0.75,1,1.254,4.214,1.170,4.449,1.218,4.076,0.904,0.000,1.437,4.141
24,focal,40.0,1.0,1,2.182,3.994,2.530,4.171,2.000,4.157,1.907,5.272,2.711,0.000
24,focal,40.0,1.5,1,3.696,4.180,3.637,0.000,3.297,0.000,3.375,0.000,3.844,0.000
24,focal,80.0,0.75,1,4.756,0.000,3.776,0.000,4.564,0.000,4.401,0.000,5.322,4.526
24,focal,80.0,1.0,1,5.060,4.306,4.678,0.000,4.926,4.614,4.990,0.000,5.219,0.000
24,focal,80.0,1.5,1,3.201,0.000,3.386,0.000,3.141,4.416,3.518,0.000,3.928,0.000
24,focal,160.0,0.75,1,7.286,5.144,7.120,5.834,6.798,5.705,6.857,5.398,8.134,5.840
24,focal,160.0,1.0,1,9.851,8.551,8.733,8.213,9.290,8.374,9.281,8.358,10.359,8.789
24,focal,160.0,1.5,1,9.732,6.914,8.979,7.300,8.862,6.857,8.557,6.253,9.679,6.536
24,focal,320.0,0.75,1,17.516,13.091,15.639,12.576,16.552,12.632,16.486,12.231,19.160,13.404
24,focal,320.0,1.0,1,19.445,13.954,18.350,13.748,17.754,13.502,18.067,13.207,19.771,13.709
24,focal,320.0,1.5,1,18.519,13.636,17.833,13.742,17.602,13.347,17.643,13.086,20.119,13.911
25,focal,10.0,0.75,1,-0.397,0.000,-0.526,0.000,-0.585,0.000,-0.273,0.000,0.048,3.781
25,focal,10.0,1.0,1,1.020,4.951,0.869,4.524,0.961,5.033,1.039,0.000,1.450,0.000
25,focal,10.0,1.5,1,3.231,0.000,2.976,0.000,3.024,4.342,3.179,4.409,3.025,0.000
25,focal,20.0,0.75,1,0.242,4.015,0.406,0.000,0.297,3.943,0.123,3.571,0.544,0.000
25,focal,20.0,1.0,1,0.184,0.000,-0.132,0.000,0.270,0.000,0.733,0.000,0.454,0.000
25,focal,20.0,1.5,1,2.073,0.000,1.655,5.041,2.104,4.673,1.869,0.000,1.523,0.000
25,focal,40.0,0.75,1,1.517,0.000,1.993,0.000,1.186,0.000,1.802,4.069,1.772,0.000
25,focal,40.0,1.0,1,1.371,0.000,1.240,0.000,1.306,0.000,1.593,0.000,1.277,0.000
25,focal,40.0,1.5,1,2.037,4.245,1.771,3.593,1.922,4.505,2.221,4.101,1.900,4.682
25,focal,80.0,0.75,1,3.513,4.856,3.275,4.619,3.357,4.912,3.346,0.000,3.333,4.421
25,focal,80.0,1.0,1,4.822,4.376,4.244,4.472,4.327,4.229,3.988,0.000,5.177,0.000
25,focal,80.0,1.5,1,3.415,0.000,2.998,4.029,2.836,0.000,2.898,0.000,3.229,3.967
25,focal,160.0,0.75,1,3.700,0.000,3.188,0.000,3.534,0.000,3.680,0.000,3.331,0.000
25,focal,160.0,1.0,1,6.145,5.949,6.111,5.613,6.106,5.948,6.139,5.550,6.054,5.899
25,focal,160.0,1.5,1,6.213,6.215,5.812,6.195,6.302,6.071,5.789,5.881,6.785,6.878
25,focal,320.0,0.75,1,10.452,9.665,10.370,9.483,10.367,9.563,11.070,10.153,11.992,10.627
25,focal,320.0,1.0,1,11.584,10.775,10.980,10.547,11.057,10.333,10.478,9.942,12.062,10.792
25,focal,320.0,1.5,1,13.432,11.903,12.822,11.715,13.394,11.883,12.896,11.504,14.440,12.826
26,focal,10.0,0.75,1,-0.572,4.698,-0.488,0.000,-1.025,4.662,-0.792,4.388,-0.485,0.000
26,focal,10.0,1.0,1,0.929,4.554,0.706,4.420,0.908,0.000,1.061,4.539,0.374,0.000
26,focal,10.0,1.5,1,0.435,0.000,0.593,0.000,0.301,0.000,0.192,0.000,0.492,0.000
26,focal,20.0,0.75,1,0.278,0.000,0.632,0.000,0.169,5.104,0.407,0.000,0.589,0.000
26,focal,20.0,1.0,1,1.059,0.000,1.084,3.728,1.183,0.000,1.315,4.137,0.423,0.000
26,focal,20.0,1.5,1,-0.251,0.000,-0.168,0.000,-0.238,0.000,-0.222,0.000,-0.156,4.812
26,focal,40.0,0.75,1,0.888,0.000,1.219,0.000,0.813,0.000,0.791,4.167,2.259,0.000
26,focal,40.0,1.0,1,0.763,4.713,0.634,4.684,0.501,4.078,1.057,4.434,1.069,4.112
26,focal,40.0,1.5,1,1.551,0.000,1.531,0.000,1.511,0.000,1.287,0.000,1.173,0.000
26,focal,80.0,0.75,1,3.347,4.557,3.455,4.641,3.731,4.446,3.731,0.000,3.072,4.333
26,focal,80.0,1.0,1,4.185,0.000,4.287,4.366,3.805,0.000,3.883,0.000,5.218,5.085
26,focal,80.0,1.5,1,3.675,0.000,3.723,0.000,3.692,4.392,3.671,0.000,4.517,5.037
26,focal,160.0,0.75,1,7.759,7.804,7.651,7.591,7.585,7.611,6.872,6.919,7.656,7.759
26,focal,160.0,1.0,1,6.856,7.231,6.673,7.138,7.118,7.358,6.953,7.286,7.531,7.604
26,focal,160.0,1.5,1,8.342,8.340,8.197,8.142,8.167,8.190,7.917,7.907,8.466,8.458
26,focal,320.0,0.75,1,14.854,14.601,14.795,14.498,14.495,14.245,14.058,13.833,15.544,15.262
26,focal,320.0,1.0,1,15.781,15.789,15.429,15.417,15.746,15.701,15.753,15.694,17.167,16.981
26,focal,320.0,1.5,1,18.946,18.996,18.715,18.739,18.339,18.340,18.079,18.125,20.242,20.314
27,focal,10.0,0.75,1,0.658,0.000,1.040,0.000,0.537,0.000,0.123,0.000,0.186,0.000
27,focal,10.0,1.0,1,0.720,0.000,0.789,0.000,0.815,0.000,0.187,0.000,0.945,0.000
27,focal,10.0,1.5,1,0.911,4.557,0.577,4.709,0.915,4.225,0.765,0.000,0.809,3.588
27,focal,20.0,0.75,1,2.259,0.000,1.679,0.000,2.362,0.000,1.890,0.000,1.617,4.470
27,focal,20.0,1.0,1,-0.156,0.000,0.772,0.000,-0.548,0.000,-0.769,4.433,-0.693,4.601
27,focal,20.0,1.5,1,-0.069,0.000,-0.325,0.000,0.004,0.000,0.216,0.000,0.237,0.000
27,focal,40.0,0.75,1,0.847,0.000,0.837,0.000,0.901,0.000,1.348,0.000,1.398,0.000
27,focal,40.0,1.0,1,4.365,4.118,3.581,0.000,4.318,4.200,3.941,4.191,4.631,0.000
27,focal,40.0,1.5,1,0.989,0.000,0.818,0.000,0.798,0.000,-0.170,0.000,0.982,0.000
27,focal,80.0,0.75,1,2.831,3.861,2.839,0.000,2.758,0.000,3.194,4.304,2.994,0.000
27,focal,80.0,1.0,1,3.885,0.000,3.591,0.000,3.915,4.294,4.267,0.000,4.109,0.000
27,focal,80.0,1.5,1,2.975,0.000,2.807,0.000,2.920,4.294,3.149,0.000,3.521,4.576
27,focal,160.0,0.75,1,5.387,4.990,5.225,4.997,5.208,5.166,5.662,5.089,6.272,5.431
27,focal,160.0,1.0,1,5.851,5.147,5.076,0.000,5.769,4.961,5.693,4.591,6.043,5.098
27,focal,160.0,1.5,1,7.356,6.527,7.281,6.357,7.213,6.807,8.139,6.560,8.465,6.151
27,focal,320.0,0.75,1,10.849,8.805,11.218,8.488,10.576,8.709,12.253,9.466,11.918,9.251
27,focal,320.0,1.0,1,12.937,10.205,12.230,10.221,12.875,10.009,13.600,10.662,13.858,10.682
27,focal,320.0,1.5,1,13.078,10.819,12.456,10.861,13.061,10.588,14.227,10.444,14.109,10.975
28,focal,10.0,0.75,1,1.383,4.471,1.197,4.565,1.503,0.000,1.698,0.000,0.626,0.000
28,focal,10.0,1.0,1,1.431,0.000,1.208,4.571,1.272,0.000,1.119,4.742,1.380,0.000
28,focal,10.0,1.5,1,1.745,0.000,1.279,4.205,1.758,4.049,1.778,0.000,1.438,5.202
28,focal,20.0,0.75,1,1.012,0.000,0.248,0.000,0.927,0.000,0.128,0.000,-0.084,0.000
28,focal,20.0,1.0,1,0.721,0.000,1.164,3.738,0.676,0.000,0.842,0.000,1.349,0.000
28,focal,20.0,1.5,1,2.920,0.000,2.629,4.506,2.865,0.000,2.710,0.000,3.322,4.075
28,focal,40.0,0.75,1,2.140,4.079,1.734,4.726,2.214,0.000,2.759,0.000,2.773,0.000
28,focal,40.0,1.0,1,2.940,4.570,2.707,0.000,3.123,4.999,3.342,4.537,3.046,0.000
28,focal,40.0,1.5,1,3.203,0.000,3.084,0.000,3.130,0.000,3.914,4.628,4.267,4.589
28,focal,80.0,0.75,1,2.768,3.924,3.049,0.000,2.541,3.798,3.166,0.000,3.474,0.000
28,focal,80.0,1.0,1,2.897,4.423,3.231,0.000,2.907,0.000,3.462,4.307,4.098,0.000
28,focal,80.0,1.5,1,4.973,5.116,5.295,5.265,4.682,4.943,5.522,5.141,5.177,4.918
28,focal,160.0,0.75,1,6.988,6.848,6.648,6.716,6.865,6.567,6.780,6.107,6.510,6.361
28,focal,160.0,1.0,1,6.651,5.427,6.246,5.625,6.754,5.661,7.430,6.819,7.555,5.903
28,focal,160.0,1.5,1,8.338,6.860,8.456,7.784,8.084,6.716,9.023,7.351,9.667,7.485
28,focal,320.0,0.75,1,12.660,10.652,12.257,11.064,12.626,10.686,12.976,10.308,13.113,10.038
28,focal,320.0,1.0,1,15.658,13.113,15.190,12.569,15.828,13.312,16.378,12.836,16.927,13.057
28,focal,320.0,1.5,1,15.720,12.633,15.675,13.018,15.298,12.634,15.992,13.039,16.582,12.879
29,focal,10.0,0.75,1,1.884,0.000,1.693,0.000,1.978,3.175,2.145,4.173,2.135,0.000
29,focal,10.0,1.0,1,-0.099,4.585,0.408,4.397,-0.269,4.296,-0.247,4.358,-0.681,4.491
29,focal,10.0,1.5,1,1.583,0.000,1.717,0.000,1.595,0.000,1.737,0.000,1.574,0.000
29,focal,20.0,0.75,1,1.563,0.000,2.037,4.794,1.298,0.000,1.402,0.000,1.499,4.327
29,focal,20.0,1.0,1,1.076,0.000,0.893,3.512,0.840,3.697,0.954,0.000,0.997,0.000
29,focal,20.0,1.5,1,1.646,0.000,1.411,0.000,1.773,4.371,1.511,0.000,1.780,0.000
29,focal,40.0,0.75,1,3.556,0.000,3.691,0.000,3.465,0.000,4.007,3.910,3.973,4.315
29,focal,40.0,1.0,1,0.874,0.000,0.446,0.000,0.802,0.000,1.448,0.000,2.042,0.000
29,focal,40.0,1.5,1,4.002,4.082,3.963,0.000,3.740,0.000,3.235,4.218,3.195,0.000
29,focal,80.0,0.75,1,4.390,4.598,4.381,4.550,3.774,4.673,4.669,4.523,5.131,0.000
29,focal,80.0,1.0,1,6.098,5.157,6.077,5.283,5.908,5.279,6.655,5.629,6.643,4.750
29,focal,80.0,1.5,1,5.183,4.855,4.764,4.435,5.115,4.702,5.614,0.000,5.640,3.644
29,focal,160.0,0.75,1,9.412,7.279,9.062,7.487,9.084,7.418,9.667,8.085,10.043,7.445
29,focal,160.0,1.0,1,11.370,8.203,10.662,7.660,11.150,8.472,11.895,9.212,11.710,8.193
29,focal,160.0,1.5,1,12.590,8.544,12.114,8.619,12.178,8.949,12.753,9.541,12.987,8.997
29,focal,320.0,0.75,1,19.044,14.423,18.057,13.623,19.037,14.630,20.275,15.569,21.558,15.413
29,focal,320.0,1.0,1,21.804,17.017,20.151,15.708,21.741,17.536,22.770,18.525,23.457,17.538
29,focal,320.0,1.5,1,21.988,17.505,20.518,16.058,21.525,17.506,23.132,19.104,23.438,18.559
30,focal,10.0,0.75,1,1.407,0.000,1.193,0.000,1.542,4.189,1.227,0.000,1.871,4.268
30,focal,10.0,1.0,1,1.686,0.000,1.458,0.000,1.613,0.000,1.638,0.000,1.906,0.000
30,focal,10.0,1.5,1,-0.460,0.000,-0.199,0.000,-0.695,0.000,-0.269,4.612,-0.160,4.793
30,focal,20.0,0.75,1,1.203,0.000,1.299,0.000,1.277,0.000,0.413,4.549,1.115,4.029
30,focal,20.0,1.0,1,4.000,4.683,3.650,4.737,3.814,4.271,3.760,0.000,4.480,4.817
30,focal,20.0,1.5,1,0.923,3.709,0.703,4.426,0.878,0.000,0.746,0.000,0.933,4.044
30,focal,40.0,0.75,1,3.407,0.000,3.016,0.000,3.604,0.000,2.345,0.000,2.980,0.000
30,focal,40.0,1.0,1,1.968,4.470,1.367,0.000,1.866,0.000,2.099,0.000,2.308,0.000
30,focal,40.0,1.5,1,4.628,4.889,4.685,4.867,4.593,4.860,4.918,5.061,4.884,0.000
30,focal,80.0,0.75,1,4.677,0.000,4.100,4.527,4.712,0.000,5.635,4.729,6.291,5.303
30,focal,80.0,1.0,1,5.852,5.206,5.391,5.056,5.819,5.153,6.218,5.903,6.548,5.554
30,focal,80.0,1.5,1,5.962,6.328,5.954,6.274,6.025,6.224,6.022,6.470,6.955,6.415
30,focal,160.0,0.75,1,10.877,10.481,10.038,9.585,10.958,10.668,12.175,11.400,12.204,11.133
30,focal,160.0,1.0,1,13.956,12.765,12.874,11.942,13.241,12.429,14.265,13.256,15.047,13.300
30,focal,160.0,1.5,1,13.796,13.262,13.416,12.869,13.386,13.105,14.333,13.861,14.616,13.982
30,focal,320.0,0.75,1,23.796,22.353,22.147,21.529,23.381,22.111,25.081,23.458,26.365,23.617
30,focal,320.0,1.0,1,26.817,24.757,25.166,23.498,26.254,24.588,26.937,25.198,28.630,25.880
30,focal,320.0,1.5,1,26.737,23.826,25.493,23.018,26.271,23.282,27.410,24.465,29.941,25.492
31,focal,10.0,0.75,1,0.823,0.000,0.408,0.000,0.910,0.000,0.542,0.000,0.802,3.730
31,focal,10.0,1.0,1,-0.160,4.538,0.115,4.938,0.234,4.920,0.292,0.000,0.237,4.658
31,focal,10.0,1.5,1,0.201,3.821,0.371,3.902,-0.008,0.000,-0.025,3.663,0.162,0.000
31,focal,20.0,0.75,1,0.820,0.000,0.826,0.000,0.377,0.000,0.098,0.000,0.930,0.000
31,focal,20.0,1.0,1,-0.828,3.964,-0.869,0.000,-0.549,4.771,-0.462,4.569,0.035,0.000
31,focal,20.0,1.5,1,0.098,4.304,-0.132,0.000,-0.029,4.560,-0.316,4.342,0.427,0.000
31,focal,40.0,0.75,1,1.860,0.000,1.650,0.000,2.223,0.000,2.615,4.535,2.612,0.000
31,focal,40.0,1.0,1,3.828,0.000,4.111,4.194,3.705,0.000,3.702,0.000,3.639,4.179
31,focal,40.0,1.5,1,1.466,4.333,1.246,4.043,1.441,0.000,1.039,0.000,1.320,0.000
31,focal,80.0,0.75,1,1.817,4.225,1.869,4.020,1.854,4.192,1.785,0.000,2.292,0.000
31,focal,80.0,1.0,1,5.738,4.942,5.962,5.384,5.658,5.059,5.959,5.256,5.905,4.790
31,focal,80.0,1.5,1,3.478,4.537,3.822,4.950,3.283,0.000,3.376,0.000,3.726,4.705
31,focal,160.0,0.75,1,8.032,7.102,8.111,7.057,7.656,6.946,6.751,6.303,8.000,6.649
31,focal,160.0,1.0,1,8.700,7.020,8.635,7.021,8.204,6.788,8.306,7.062,8.689,7.279
31,focal,160.0,1.5,1,10.049,8.067,9.822,7.685,9.806,8.591,9.485,8.709,10.357,8.353
31,focal,320.0,0.75,1,16.416,12.560,16.019,12.622,16.438,13.226,15.744,13.035,17.437,13.377
31,focal,320.0,1.0,1,18.336,14.389,18.425,14.918,17.538,14.188,16.585,13.427,19.351,15.519
31,focal,320.0,1.5,1,20.427,15.962,20.420,16.553,19.619,16.421,18.728,15.769,20.953,16.157
32,focal,10.0,0.75,1,0.500,0.000,-0.160,0.000,0.714,0.000,0.497,4.091,1.016,3.815
32,focal,10.0,1.0,1,0.337,0.000,0.172,0.000,0.401,0.000,0.306,4.174,0.762,4.383
32,focal,10.0,1.5,1,2.569,0.000,2.582,0.000,2.550,0.000,2.548,0.000,2.670,0.000
32,focal,20.0,0.75,1,0.596,0.000,-0.587,0.000,0.967,0.000,1.171,0.000,0.853,0.000
32,focal,20.0,1.0,1,3.485,0.000,3.249,4.465,3.495,0.000,3.464,5.101,2.838,0.000
32,focal,20.0,1.5,1,2.837,0.000,2.652,0.000,2.704,0.000,3.028,0.000,3.237,4.575
32,focal,40.0,0.75,1,2.694,4.108,2.214,4.321,2.611,4.096,2.763,0.000,3.610,0.000
32,focal,40.0,1.0,1,4.066,4.682,2.982,0.000,4.135,4.668,4.837,0.000,4.805,4.715
32,focal,40.0,1.5,1,3.033,0.000,3.090,0.000,2.915,0.000,3.139,0.000,4.208,0.000
32,focal,80.0,0.75,1,5.392,5.530,4.840,4.927,4.888,5.414,6.549,6.553,7.595,6.367
32,focal,80.0,1.0,1,6.715,6.525,6.026,6.039,6.636,6.616,7.264,6.627,8.353,6.535
32,focal,80.0,1.5,1,8.667,7.431,7.826,6.935,8.527,7.478,8.984,8.472,10.552,8.193
32,focal,160.0,0.75,1,13.311,11.452,11.951,10.434,12.786,11.451,13.715,11.838,15.687,12.368
32,focal,160.0,1.0,1,12.662,11.879,10.922,10.713,12.659,11.761,14.334,12.252,15.364,12.611
32,focal,160.0,1.5,1,14.752,12.970,12.824,11.052,14.865,13.648,15.106,12.324,17.032,13.243
32,focal,320.0,0.75,1,24.764,20.425,19.949,17.357,24.606,20.795,27.373,21.853,31.230,23.503
32,focal,320.0,1.0,1,27.487,23.411,23.933,20.976,27.155,23.586,29.304,23.847,32.872,24.838
32,focal,320.0,1.5,1,29.684,25.744,26.535,23.381,29.317,25.203,31.713,26.079,34.288,26.450
33,focal,10.0,0.75,1,2.464,0.000,2.112,4.245,2.424,4.109,1.878,0.000,2.688,4.525
33,focal,10.0,1.0,1,0.685,4.456,0.148,4.943,0.632,0.000,-0.464,0.000,0.068,0.000
33,focal,10.0,1.5,1,0.962,0.000,0.662,0.000,1.106,0.000,0.410,4.045,0.786,4.261
33,focal,20.0,0.75,1,1.271,4.473,1.136,0.000,1.223,4.862,1.422,3.872,0.932,0.000
33,focal,20.0,1.0,1,-0.219,0.000,-0.089,0.000,-0.196,0.000,-0.692,0.000,-0.297,0.000
33,focal,20.0,1.5,1,0.017,4.392,0.277,4.532,0.200,4.126,-0.134,4.748,0.011,3.861
33,focal,40.0,0.75,1,0.778,4.372,0.641,0.000,0.640,0.000,0.355,0.000,0.742,0.000
33,focal,40.0,1.0,1,0.984,0.000,0.829,4.192,1.117,0.000,1.757,4.063,1.171,0.000
33,focal,40.0,1.5,1,1.527,0.000,1.253,0.000,1.296,4.518,1.269,0.000,1.280,0.000
33,focal,80.0,0.75,1,3.634,0.000,3.318,0.000,3.600,4.313,3.809,4.052,4.311,3.821
33,focal,80.0,1.0,1,2.705,0.000,2.676,0.000,2.795,3.842,2.777,0.000,2.700,4.274
33,focal,80.0,1.5,1,5.064,4.592,4.504,0.000,4.899,4.904,5.134,4.992,5.464,4.768
33,focal,160.0,0.75,1,8.326,6.266,7.649,5.972,8.513,6.713,8.807,6.633,8.451,5.373
33,focal,160.0,1.0,1,5.755,5.012,6.037,5.206,5.644,4.915,5.736,5.014,6.268,5.874
33,focal,160.0,1.5,1,7.789,7.184,7.882,7.307,7.597,7.068,8.720,8.123,7.752,7.315
33,focal,320.0,0.75,1,11.784,9.479,11.344,9.122,11.892,9.974,12.450,9.356,13.258,9.169
33,focal,320.0,1.0,1,13.177,10.064,12.565,10.184,13.093,10.110,13.205,10.031,14.028,10.474
33,focal,320.0,1.5,1,13.084,11.339,13.152,11.270,13.009,11.565,13.649,11.936,13.691,11.319
34,focal,10.0,0.75,1,2.067,0.000,2.144,0.000,1.808,0.000,1.958,0.000,1.427,0.000
34,focal,10.0,1.0,1,-0.744,0.000,-0.828,0.000,-0.492,0.000,-0.417,4.277,-0.586,4.531
34,focal,10.0,1.5,1,1.020,0.000,1.109,4.628,0.791,0.000,0.898,4.640,0.615,4.425
34,focal,20.0,0.75,1,2.062,0.000,2.348,0.000,1.915,0.000,1.824,4.799,1.772,3.939
34,focal,20.0,1.0,1,0.026,0.000,-0.095,0.000,-0.305,0.000,-0.113,0.000,-0.115,0.000
34,focal,20.0,1.5,1,1.856,4.471,1.808,0.000,1.979,0.000,1.675,0.000,1.282,4.986
34,focal,40.0,0.75,1,1.746,4.405,1.721,4.281,1.741,4.650,2.283,4.064,2.684,0.000
34,focal,40.0,1.0,1,4.062,4.535,3.561,4.210,4.252,4.443,4.068,0.000,4.511,4.687
34,focal,40.0,1.5,1,5.580,5.478,5.628,5.555,5.423,5.207,4.926,4.820,5.482,5.324
34,focal,80.0,0.75,1,5.835,5.562,5.052,4.871,6.378,6.207,6.134,5.953,6.276,6.255
34,focal,80.0,1.0,1,5.957,5.763,5.894,6.170,5.518,5.362,4.833,4.633,6.510,6.241
34,focal,80.0,1.5,1,5.854,5.875,5.539,5.530,5.500,5.431,5.925,5.783,7.818,7.542
34,focal,160.0,0.75,1,10.887,10.270,9.871,9.302,10.845,10.275,10.856,10.144,12.455,11.634
34,focal,160.0,1.0,1,13.218,12.823,12.743,12.294,12.598,12.339,13.353,12.841,14.747,14.138
34,focal,160.0,1.5,1,12.143,11.926,11.289,10.944,11.965,11.739,11.912,11.669,13.108,12.823
34,focal,320.0,0.75,1,21.149,20.573,20.006,19.303,20.654,20.155,21.645,20.868,24.474,23.380
34,focal,320.0,1.0,1,23.950,23.417,22.966,22.421,23.656,23.463,24.117,23.243,27.076,25.957
34,focal,320.0,1.5,1,25.903,25.025,24.519,23.697,25.453,24.705,25.794,24.979,29.430,27.998
35,focal,10.0,0.75,1,0.368,0.000,0.312,0.000,-0.085,0.000,-0.491,0.000,0.547,0.000
35,focal,10.0,1.0,1,1.464,0.000,1.510,0.000,1.764,3.580,2.855,0.000,2.265,3.924
35,focal,10.0,1.5,1,3.072,4.048,2.713,4.267,2.912,4.121,2.476,0.000,2.907,0.000
35,focal,20.0,0.75,1,0.767,0.000,0.226,0.000,0.563,0.000,0.423,0.000,0.560,0.000
35,focal,20.0,1.0,1,1.076,0.000,0.793,0.000,0.821,0.000,0.838,4.091,1.298,4.276
35,focal,20.0,1.5,1,0.761,4.279,0.722,4.199,0.763,4.248,0.970,0.000,1.513,4.657
35,focal,40.0,0.75,1,4.201,4.165,4.012,0.000,4.095,5.033,4.774,4.544,5.561,4.671
35,focal,40.0,1.0,1,3.088,0.000,2.524,0.000,3.659,4.000,3.401,0.000,4.064,4.346
35,focal,40.0,1.5,1,2.982,0.000,2.832,0.000,3.002,0.000,3.466,4.409,4.448,4.340
35,focal,80.0,0.75,1,8.620,6.305,7.970,6.417,8.112,6.873,7.970,6.767,9.048,6.433
35,focal,80.0,1.0,1,5.005,0.000,5.000,4.161,4.582,4.028,4.633,4.738,5.779,4.626
35,focal,80.0,1.5,1,6.991,5.476,6.356,5.277,6.597,5.374,6.407,5.600,8.468,6.263
35,focal,160.0,0.75,1,13.514,10.468,12.027,9.515,13.173,10.287,12.601,10.251,14.140,10.561
35,focal,160.0,1.0,1,13.929,10.710,13.302,10.491,13.750,10.457,13.235,10.470,15.294,11.415
35,focal,160.0,1.5,1,14.372,12.021,13.586,11.648,14.011,11.421,13.798,11.269,15.694,12.697
35,focal,320.0,0.75,1,26.689,20.063,24.532,19.260,25.823,19.108,25.116,18.776,28.988,20.839
35,focal,320.0,1.0,1,28.196,20.506,26.065,19.361,27.195,20.327,26.938,20.731,31.624,22.892
35,focal,320.0,1.5,1,31.683,23.033,29.479,22.281,30.495,22.695,29.251,21.846,34.423,23.929
36,focal,10.0,0.75,2,1.088,3.994,-0.430,0.000,1.047,3.832,0.820,0.000,0.401,3.959
36,focal,10.0,1.0,2,2.838,0.000,2.470,0.000,2.911,0.000,2.146,0.000,2.569,0.000
36,focal,10.0,1.5,2,1.851,0.000,1.984,0.000,1.870,0.000,2.032,0.000,1.515,0.000
36,focal,20.0,0.75,2,0.940,0.000,0.398,4.057,1.212,0.000,-0.222,0.000,0.374,0.000
36,focal,20.0,1.0,2,0.015,0.000,-0.979,0.000,0.220,0.000,0.528,0.000,0.470,0.000
36,focal,20.0,1.5,2,0.762,4.286,0.101,4.054,1.000,4.357,1.177,0.000,1.118,0.000
36,focal,40.0,0.75,2,1.694,0.000,0.789,0.000,1.848,0.000,1.841,0.000,1.106,0.000
36,focal,40.0,1.0,2,-0.512,3.911,0.103,4.096,-0.125,0.000,0.245,0.000,-0.293,0.000
36,focal,40.0,1.5,2,1.579,4.242,2.080,0.000,1.268,0.000,1.728,0.000,0.568,0.000
36,focal,80.0,0.75,2,2.195,4.089,1.500,4.659,2.244,0.000,2.520,0.000,2.755,4.206
36,focal,80.0,1.0,2,1.954,4.353,0.506,0.000,1.975,0.000,3.548,4.614,2.950,0.000
36,focal,80.0,1.5,2,1.553,0.000,0.939,0.000,1.333,0.000,2.941,0.000,2.351,0.000
36,focal,160.0,0.75,2,3.459,5.097,3.205,4.396,3.185,5.014,3.318,4.225,2.647,5.027
36,focal,160.0,1.0,2,4.502,4.697,3.884,4.668,4.731,4.896,4.453,0.000,3.046,0.000
36,focal,160.0,1.5,2,3.249,0.000,2.820,0.000,3.110,0.000,3.930,4.752,4.317,4.878
36,focal,320.0,0.75,2,4.506,4.414,3.042,0.000,4.757,4.558,6.557,6.356,5.712,5.528
36,focal,320.0,1.0,2,7.473,7.264,6.076,5.708,7.652,7.506,8.178,7.794,9.277,8.970
36,focal,320.0,1.5,2,9.192,9.280,7.312,7.369,9.138,9.180,10.258,10.321,11.369,11.526
37,focal,10.0,0.75,2,0.136,3.573,0.605,0.000,0.324,3.746,-0.451,3.748,0.044,4.140
37,focal,10.0,1.0,2,0.938,0.000,1.043,0.000,1.122,0.000,0.930,0.000,0.628,0.000
37,focal,10.0,1.5,2,-1.091,0.000,-0.970,4.464,-1.338,4.080,-1.149,0.000,-0.956,0.000
37,focal,20.0,0.75,2,0.241,0.000,0.232,0.000,0.058,0.000,0.126,0.000,1.232,4.099
37,focal,20.0,1.0,2,-0.565,0.000,-0.682,0.000,-0.664,0.000,-0.464,0.000,-1.147,0.000
37,focal,20.0,1.5,2,-0.531,0.000,-0.598,0.000,-0.405,0.000,-0.250,0.000,-0.540,3.620
37,focal,40.0,0.75,2,-0.770,0.000,-0.212,0.000,-1.305,0.000,-0.923,0.000,-0.727,0.000
37,focal,40.0,1.0,2,1.549,0.000,1.847,0.000,1.469,0.000,2.092,0.000,1.457,0.000
37,focal,40.0,1.5,2,0.021,0.000,-0.245,4.710,0.088,4.459,0.405,3.826,0.969,0.000
37,focal,80.0,0.75,2,2.720,0.000,3.065,0.000,2.571,0.000,2.956,0.000,2.748,4.325
37,focal,80.0,1.0,2,-0.131,4.136,-0.975,0.000,0.714,3.834,0.201,0.000,0.231,0.000
37,focal,80.0,1.5,2,0.902,0.000,0.922,4.033,0.853,0.000,1.111,0.000,1.217,4.490
37,focal,160.0,0.75,2,3.093,0.000,2.928,0.000,3.047,0.000,2.886,0.000,2.883,0.000
37,focal,160.0,1.0,2,2.775,0.000,3.101,0.000,2.210,0.000,2.863,0.000,3.294,0.000
37,focal,160.0,1.5,2,1.418,4.579,1.229,4.485,1.919,4.582,1.795,3.853,2.206,0.000
37,focal,320.0,0.75,2,4.486,4.195,4.449,0.000,3.949,0.000,4.236,0.000,5.019,4.745
37,focal,320.0,1.0,2,6.314,6.610,5.425,6.512,5.901,6.307,5.851,6.396,6.689,6.875
37,focal,320.0,1.5,2,7.086,5.316,6.814,5.424,6.885,5.357,6.788,4.982,7.322,5.370
38,focal,10.0,0.75,2,1.340,4.389,2.011,4.433,0.952,0.000,1.392,0.000,0.647,0.000
38,focal,10.0,1.0,2,-0.502,0.000,-0.599,3.689,-0.484,0.000,0.108,4.748,-0.559,4.599
38,focal,10.0,1.5,2,0.862,0.000,0.567,0.000,0.945,0.000,-0.047,0.000,0.151,4.996
38,focal,20.0,0.75,2,1.559,4.242,1.337,4.209,1.498,0.000,1.532,4.039,1.444,0.000
38,focal,20.0,1.0,2,0.199,0.000,-0.116,0.000,0.099,4.395,-0.066,4.318,0.324,4.345
38,focal,20.0,1.5,2,1.579,0.000,0.844,0.000,1.416,3.818,1.145,3.947,1.339,0.000
38,focal,40.0,0.75,2,0.197,4.082,0.195,4.295,0.286,0.000,0.064,0.000,0.947,0.000
38,focal,40.0,1.0,2,1.247,4.140,1.048,0.000,1.313,3.730,1.690,3.681,1.259,0.000
38,focal,40.0,1.5,2,1.218,0.000,1.097,3.575,1.476,0.000,1.322,3.746,1.065,0.000
38,focal,80.0,0.75,2,1.263,0.000,1.319,0.000,1.193,0.000,1.118,0.000,1.234,0.000
38,focal,80.0,1.0,2,2.139,4.258,1.985,4.428,1.937,0.000,1.699,4.080,2.607,0.000
38,focal,80.0,1.5,2,2.776,4.202,2.056,0.000,2.960,4.168,2.646,4.463,2.666,4.268
38,focal,160.0,0.75,2,3.147,0.000,2.834,3.873,2.594,0.000,2.845,0.000,2.851,0.000
38,focal,160.0,1.0,2,3.893,0.000,4.144,0.000,3.839,3.704,3.259,0.000,4.682,0.000
38,focal,160.0,1.5,2,1.353,0.000,1.262,0.000,1.415,0.000,1.418,3.887,1.070,0.000
38,focal,320.0,0.75,2,6.386,5.844,5.485,5.138,6.219,5.759,4.726,4.974,5.937,5.212
38,focal,320.0,1.0,2,5.635,5.188,4.827,5.226,5.741,5.032,5.598,0.000,5.757,4.783
38,focal,320.0,1.5,2,5.610,4.595,5.293,4.532,5.542,4.314,4.873,4.690,5.624,0.000
39,focal,10.0,0.75,2,0.120,0.000,0.277,0.000,-0.056,0.000,0.600,0.000,0.708,0.000
39,focal,10.0,1.0,2,-0.687,0.000,-1.432,4.027,-0.677,0.000,-0.957,4.240,-0.723,0.000
39,focal,10.0,1.5,2,-1.296,4.734,-1.364,0.000,-1.358,0.000,-1.677,3.993,-2.256,4.405
39,focal,20.0,0.75,2,1.822,4.435,1.387,0.000,1.833,4.389,1.550,0.000,1.058,0.000
39,focal,20.0,1.0,2,0.432,0.000,0.635,4.586,0.665,0.000,-0.325,0.000,0.455,0.000
39,focal,20.0,1.5,2,-2.531,0.000,-2.446,4.582,-2.667,4.493,-2.595,0.000,-2.317,0.000
39,focal,40.0,0.75,2,0.011,4.225,0.007,0.000,0.201,4.629,-0.174,3.967,0.159,0.000
39,focal,40.0,1.0,2,-0.223,4.365,-0.279,0.000,-0.298,4.254,-0.136,3.103,0.327,0.000
39,focal,40.0,1.5,2,2.379,0.000,2.618,4.471,2.234,0.000,2.095,0.000,2.248,0.000
39,focal,80.0,0.75,2,2.381,0.000,2.260,0.000,2.316,3.702,2.050,0.000,2.603,0.000
39,focal,80.0,1.0,2,2.132,4.539,1.807,4.968,1.872,4.204,1.634,3.971,1.817,4.386
39,focal,80.0,1.5,2,1.986,4.363,1.895,0.000,1.869,4.295,1.870,0.000,1.859,0.000
39,focal,160.0,0.75,2,3.107,0.000,2.323,0.000,2.902,3.496,2.691,4.399,3.140,4.486
39,focal,160.0,1.0,2,2.559,3.929,2.349,0.000,2.636,0.000,2.730,4.076,2.233,3.908
39,focal,160.0,1.5,2,2.297,0.000,2.383,0.000,2.241,0.000,3.096,4.541,3.014,0.000
39,focal,320.0,0.75,2,1.869,0.000,2.172,0.000,1.801,0.000,2.066,0.000,2.731,3.983
39,focal,320.0,1.0,2,3.861,0.000,3.669,0.000,3.783,4.212,4.012,4.344,4.464,0.000
39,focal,320.0,1.5,2,4.877,5.345,4.262,5.450,4.994,5.499,4.174,4.443,4.441,5.086
40,focal,10.0,0.75,2,-0.941,0.000,-0.863,0.000,-0.875,4.475,-0.623,0.000,-1.187,4.293
40,focal,10.0,1.0,2,2.810,4.213,2.051,0.000,2.908,4.802,3.216,0.000,2.346,0.000
40,focal,10.0,1.5,2,1.717,0.000,1.165,0.000,1.664,0.000,1.055,4.491,1.309,0.000
40,focal,20.0,0.75,2,-0.169,0.000,-0.101,0.000,0.009,0.000,0.428,0.000,0.438,0.000
40,focal,20.0,1.0,2,0.975,0.000,0.494,0.000,0.932,0.000,1.199,0.000,0.840,0.000
40,focal,20.0,1.5,2,-0.684,0.000,-0.741,3.826,-0.630,4.681,0.656,0.000,-0.044,0.000
40,focal,40.0,0.75,2,-0.286,0.000,-0.469,0.000,-0.535,0.000,-0.500,0.000,-0.327,4.577
40,focal,40.0,1.0,2,1.143,0.000,0.668,0.000,1.094,0.000,1.001,0.000,1.555,0.000
40,focal,40.0,1.5,2,-0.884,0.000,-0.157,0.000,-0.849,4.149,0.185,0.000,-0.084,0.000
40,focal,80.0,0.75,2,0.331,0.000,0.749,0.000,0.438,0.000,0.513,0.000,1.625,0.000
40,focal,80.0,1.0,2,1.670,0.000,1.186,0.000,1.783,0.000,1.454,4.138,1.892,4.536
40,focal,80.0,1.5,2,0.370,0.000,0.652,0.000,0.216,0.000,0.579,0.000,0.063,0.000
40,focal,160.0,0.75,2,-0.276,4.262,0.426,0.000,-0.408,0.000,-0.158,0.000,0.109,4.591
40,focal,160.0,1.0,2,2.765,0.000,2.003,0.000,2.909,0.000,2.847,0.000,2.935,0.000
40,focal,160.0,1.5,2,1.291,0.000,0.968,4.321,1.247,0.000,1.306,3.910,1.221,0.000
40,focal,320.0,0.75,2,2.570,0.000,2.665,0.000,2.447,4.636,2.790,4.520,2.424,0.000
40,focal,320.0,1.0,2,1.982,0.000,2.216,0.000,1.868,0.000,2.276,0.000,2.343,3.827
40,focal,320.0,1.5,2,1.882,0.000,1.903,4.257,1.475,4.108,1.441,0.000,1.284,0.000
41,focal,10.0,0.75,2,0.786,0.000,0.607,0.000,0.986,0.000,0.793,0.000,0.141,4.320
41,focal,10.0,1.0,2,-0.818,0.000,-0.765,0.000,-0.691,0.000,-0.983,0.000,-0.580,0.000
41,focal,10.0,1.5,2,-0.071,0.000,0.113,0.000,-0.096,4.936,-0.138,4.589,-0.678,4.652
41,focal,20.0,0.75,2,-0.597,0.000,-0.224,4.025,-0.998,0.000,-0.225,4.607,-0.133,4.426
41,focal,20.0,1.0,2,2.133,4.025,2.082,3.964,1.791,0.000,1.576,4.569,1.795,0.000
41,focal,20.0,1.5,2,-1.067,4.207,-0.832,0.000,-1.183,4.371,-1.083,0.000,-1.324,4.128
41,focal,40.0,0.75,2,0.318,0.000,-0.461,0.000,0.292,0.000,0.210,4.105,0.741,4.871
41,focal,40.0,1.0,2,3.649,0.000,3.421,0.000,3.901,0.000,4.234,4.613,4.095,5.418
41,focal,40.0,1.5,2,0.695,0.000,-0.034,0.000,0.734,0.000,-0.155,4.300,0.377,0.000
41,focal,80.0,0.75,2,-0.021,0.000,0.472,0.000,-0.043,0.000,0.983,0.000,1.176,0.000
41,focal,80.0,1.0,2,1.606,0.000,1.253,0.000,1.525,0.000,1.785,0.000,1.255,4.265
41,focal,80.0,1.5,2,0.767,0.000,0.436,4.379,0.901,3.423,0.270,4.423,0.814,0.000
41,focal,160.0,0.75,2,2.929,5.086,2.390,0.000,2.769,4.930,1.870,0.000,2.230,4.009
41,focal,160.0,1.0,2,3.676,0.000,3.612,3.999,3.364,4.407,3.500,0.000,4.702,0.000
41,focal,160.0,1.5,2,2.843,0.000,2.196,3.964,2.374,3.950,2.998,0.000,2.857,4.918
41,focal,320.0,0.75,2,6.458,5.742,5.198,4.839,5.760,5.287,4.116,4.552,6.224,5.374
41,focal,320.0,1.0,2,5.142,5.688,2.919,0.000,5.126,5.614,3.481,0.000,4.504,0.000
41,focal,320.0,1.5,2,7.621,7.020,6.967,6.854,7.109,6.780,6.452,5.917,6.778,5.804
42,focal,10.0,0.75,2,0.962,0.000,0.606,0.000,0.749,0.000,0.709,0.000,0.902,0.000
42,focal,10.0,1.0,2,0.225,0.000,0.307,0.000,0.251,0.000,-0.168,0.000,-0.299,0.000
42,focal,10.0,1.5,2,1.149,4.111,1.912,0.000,1.058,4.172,0.097,0.000,0.929,0.000
42,focal,20.0,0.75,2,0.799,0.000,0.848,0.000,0.829,0.000,2.067,0.000,1.055,0.000
42,focal,20.0,1.0,2,0.107,0.000,-0.013,3.568,0.272,0.000,0.490,0.000,0.271,4.000
42,focal,20.0,1.5,2,-0.038,0.000,-0.025,0.000,-0.022,0.000,-0.077,0.000,0.067,0.000
42,focal,40.0,0.75,2,2.746,0.000,2.202,0.000,2.735,0.000,3.031,4.320,3.010,4.739
42,focal,40.0,1.0,2,0.123,0.000,0.350,0.000,0.421,0.000,0.971,0.000,-0.091,0.000
42,focal,40.0,1.5,2,2.135,3.662,2.274,3.244,2.123,3.852,2.201,0.000,2.697,4.060
42,focal,80.0,0.75,2,0.756,4.497,0.108,4.608,0.803,4.685,1.532,0.000,1.090,4.527
42,focal,80.0,1.0,2,3.097,4.442,3.129,0.000,3.117,0.000,4.430,4.406,4.224,4.802
42,focal,80.0,1.5,2,3.813,4.529,2.925,0.000,3.949,5.108,3.791,0.000,4.152,0.000
42,focal,160.0,0.75,2,3.829,0.000,3.500,0.000,3.677,0.000,4.144,0.000,4.303,4.716
42,focal,160.0,1.0,2,4.717,4.820,3.712,0.000,4.715,4.949,5.005,5.310,5.673,5.536
42,focal,160.0,1.5,2,5.063,5.303,4.647,4.922,4.963,5.333,4.604,4.749,4.496,0.000
42,focal,320.0,0.75,2,9.287,9.374,6.686,7.118,9.333,9.461,9.087,8.800,9.090,8.850
42,focal,320.0,1.0,2,9.744,9.573,8.817,8.772,9.661,9.603,8.924,8.648,10.203,9.858
42,focal,320.0,1.5,2,11.411,10.702,9.928,9.520,11.184,10.650,11.409,11.184,12.388,12.086
43,focal,10.0,0.75,2,0.787,0.000,0.925,0.000,0.646,0.000,1.344,4.813,0.686,0.000
43,focal,10.0,1.0,2,0.389,0.000,0.417,0.000,0.194,0.000,0.002,0.000,0.800,0.000
43,focal,10.0,1.5,2,0.727,0.000,1.471,3.669,0.603,0.000,1.447,4.207,0.421,4.225
43,focal,20.0,0.75,2,0.378,3.581,0.480,0.000,-0.194,3.510,0.545,0.000,0.720,3.970
43,focal,20.0,1.0,2,0.278,0.000,-0.122,4.264,0.175,4.890,0.494,0.000,0.765,4.546
43,focal,20.0,1.5,2,0.938,0.000,0.866,0.000,0.784,0.000,1.420,0.000,0.531,4.749
43,focal,40.0,0.75,2,3.310,0.000,2.680,0.000,3.206,0.000,2.998,0.000,2.466,0.000
43,focal,40.0,1.0,2,1.187,4.876,0.383,4.490,1.235,4.351,0.540,4.506,0.862,3.826
43,focal,40.0,1.5,2,2.454,0.000,2.524,0.000,2.516,0.000,1.773,0.000,1.697,0.000
43,focal,80.0,0.75,2,4.444,4.880,3.910,4.828,4.538,4.545,4.886,4.561,5.213,4.799
43,focal,80.0,1.0,2,2.056,0.000,1.392,0.000,2.338,3.918,2.672,4.128,3.341,0.000
43,focal,80.0,1.5,2,4.638,0.000,4.656,0.000,4.764,0.000,4.756,0.000,5.182,0.000
43,focal,160.0,0.75,2,9.135,8.617,8.110,7.780,8.648,7.907,9.175,8.363,9.420,8.744
43,focal,160.0,1.0,2,7.135,7.056,5.780,5.427,7.494,7.322,8.526,8.049,8.774,8.175
43,focal,160.0,1.5,2,9.417,9.134,8.287,8.442,9.016,8.719,9.020,8.282,10.219,9.035
43,focal,320.0,0.75,2,14.316,13.246,13.108,12.606,14.241,13.056,16.261,15.336,15.698,14.399
43,focal,320.0,1.0,2,16.141,14.527,14.072,12.834,15.823,14.248,17.288,15.784,17.785,16.499
43,focal,320.0,1.5,2,15.418,14.652,13.886,13.141,15.517,14.724,16.486,15.378,18.545,16.609
44,focal,10.0,0.75,2,-0.381,3.861,0.267,0.000,-0.611,0.000,0.253,0.000,-0.289,4.220
44,focal,10.0,1.0,2,0.503,4.033,0.583,0.000,0.426,3.579,1.053,0.000,0.783,0.000
44,focal,10.0,1.5,2,0.028,0.000,-0.252,0.000,-0.024,0.000,0.179,0.000,0.096,0.000
44,focal,20.0,0.75,2,2.112,0.000,2.228,0.000,2.167,3.909,2.022,4.362,1.012,3.582
44,focal,20.0,1.0,2,0.381,0.000,-0.120,4.407,0.847,0.000,1.138,0.000,0.743,0.000
44,focal,20.0,1.5,2,1.143,0.000,1.039,0.000,1.131,3.914,0.970,0.000,0.250,0.000
44,focal,40.0,0.75,2,0.069,4.542,-0.152,0.000,0.154,4.524,0.113,0.000,-0.024,4.758
44,focal,40.0,1.0,2,1.609,3.282,1.718,4.262,1.526,4.373,1.320,0.000,1.353,0.000
44,focal,40.0,1.5,2,2.962,0.000,2.375,0.000,3.213,4.202,3.111,4.211,2.735,0.000
44,focal,80.0,0.75,2,2.106,0.000,2.499,0.000,2.340,0.000,2.694,0.000,1.865,0.000
44,focal,80.0,1.0,2,1.652,0.000,1.756,0.000,1.334,0.000,1.480,0.000,1.421,0.000
44,focal,80.0,1.5,2,0.347,4.697,0.342,0.000,0.348,4.716,0.614,4.141,0.251,0.000
44,focal,160.0,0.75,2,2.214,0.000,1.685,0.000,2.587,0.000,2.260,0.000,2.090,0.000
44,focal,160.0,1.0,2,4.167,4.648,4.063,4.616,4.416,4.691,4.179,4.623,4.277,0.000
44,focal,160.0,1.5,2,3.883,0.000,3.765,5.062,3.898,0.000,4.431,0.000,4.202,0.000
44,focal,320.0,0.75,2,4.256,0.000,4.180,4.296,4.679,0.000,4.828,4.802,5.699,4.622
44,focal,320.0,1.0,2,6.361,5.162,6.144,4.799,6.368,5.313,6.394,5.424,6.579,5.247
44,focal,320.0,1.5,2,6.110,4.942,5.693,4.553,6.434,5.426,6.082,5.335,6.358,4.521
45,focal,10.0,0.75,2,-0.455,0.000,-0.386,0.000,-0.373,0.000,-0.525,3.811,-0.399,3.908
45,focal,10.0,1.0,2,0.246,5.006,0.496,4.098,0.082,4.637,0.570,4.467,0.494,4.256
45,focal,10.0,1.5,2,0.734,0.000,0.527,0.000,1.107,0.000,0.625,0.000,0.420,0.000
45,focal,20.0,0.75,2,2.109,0.000,1.640,0.000,1.782,0.000,1.903,0.000,1.863,0.000
45,focal,20.0,1.0,2,0.888,0.000,0.733,0.000,0.740,0.000,0.665,0.000,0.963,0.000
45,focal,20.0,1.5,2,2.096,0.000,2.097,4.364,1.916,0.000,1.548,0.000,1.357,3.960
45,focal,40.0,0.75,2,0.568,4.372,0.885,0.000,0.252,4.439,-0.310,0.000,-0.061,0.000
45,focal,40.0,1.0,2,1.167,0.000,1.084,0.000,1.253,0.000,1.135,0.000,1.480,0.000
45,focal,40.0,1.5,2,0.164,4.008,0.612,0.000,0.107,0.000,0.736,0.000,-0.039,0.000
45,focal,80.0,0.75,2,0.645,0.000,0.700,0.000,0.989,0.000,1.418,0.000,1.667,0.000
45,focal,80.0,1.0,2,1.550,0.000,2.080,0.000,1.384,0.000,1.564,0.000,1.448,0.000
45,focal,80.0,1.5,2,0.939,0.000,1.091,0.000,0.922,0.000,0.777,0.000,0.199,0.000
45,focal,160.0,0.75,2,4.496,0.000,4.958,0.000,3.993,0.000,4.101,4.839,4.251,4.520
45,focal,160.0,1.0,2,3.411,0.000,3.190,4.067,3.280,0.000,3.409,0.000,3.880,0.000
45,focal,160.0,1.5,2,2.848,0.000,2.130,3.015,2.983,4.172,2.887,0.000,2.717,4.398
45,focal,320.0,0.75,2,8.008,6.756,8.357,6.922,7.950,6.976,8.533,7.320,8.872,7.272
45,focal,320.0,1.0,2,5.971,5.069,5.182,5.117,5.835,4.911,6.334,5.207,6.528,5.157
45,focal,320.0,1.5,2,7.400,6.568,7.472,6.457,7.299,6.479,7.372,6.634,7.908,7.010
46,focal,10.0,0.75,2,0.987,0.000,1.222,0.000,0.833,0.000,0.660,0.000,1.200,0.000
46,focal,10.0,1.0,2,0.499,0.000,0.385,3.934,0.551,0.000,0.817,0.000,0.067,0.000
46,focal,10.0,1.5,2,0.324,0.000,0.237,0.000,0.215,0.000,0.268,0.000,0.488,3.783
46,focal,20.0,0.75,2,-0.199,0.000,-0.055,0.000,0.181,0.000,0.153,0.000,0.074,0.000
46,focal,20.0,1.0,2,-0.576,0.000,-0.601,0.000,-0.629,0.000,0.273,0.000,0.258,0.000
46,focal,20.0,1.5,2,1.988,0.000,1.482,0.000,1.812,3.544,1.703,4.339,2.093,0.000
46,focal,40.0,0.75,2,1.708,0.000,1.714,0.000,1.547,0.000,1.338,0.000,1.873,0.000
46,focal,40.0,1.0,2,2.480,0.000,2.336,0.000,2.746,0.000,2.550,4.116,2.498,0.000
46,focal,40.0,1.5,2,1.786,0.000,1.528,4.286,1.764,0.000,1.502,4.677,1.864,3.983
46,focal,80.0,0.75,2,2.708,3.683,3.041,4.624,2.691,3.501,3.053,0.000,2.743,0.000
46,focal,80.0,1.0,2,2.497,5.063,2.497,4.748,2.722,0.000,3.317,4.135,2.220,4.762
46,focal,80.0,1.5,2,1.933,0.000,2.131,0.000,1.665,0.000,1.750,0.000,1.850,0.000
46,focal,160.0,0.75,2,2.128,0.000,2.183,0.000,1.955,3.563,1.994,0.000,2.330,3.777
46,focal,160.0,1.0,2,3.747,4.624,3.537,4.309,3.739,4.688,3.631,4.586,3.914,4.660
46,focal,160.0,1.5,2,3.457,0.000,3.182,0.000,3.593,4.570,3.700,0.000,3.723,0.000
46,focal,320.0,0.75,2,5.294,4.793,4.936,0.000,5.171,4.781,4.695,4.402,5.048,0.000
46,focal,320.0,1.0,2,5.989,6.031,6.471,6.530,6.012,5.952,6.339,6.134,6.655,6.558
46,focal,320.0,1.5,2,7.585,7.184,7.020,6.410,7.619,7.212,7.965,7.349,8.058,7.572
47,focal,10.0,0.75,2,-0.273,4.231,0.043,0.000,-0.154,0.000,-0.429,3.242,1.029,0.000
47,focal,10.0,1.0,2,-1.584,0.000,-1.224,0.000,-1.703,0.000,-0.911,0.000,-1.921,4.741
47,focal,10.0,1.5,2,-0.226,0.000,-0.354,0.000,0.044,0.000,0.141,0.000,0.634,0.000
47,focal,20.0,0.75,2,-0.571,4.038,-0.414,4.187,-0.627,4.285,-0.584,4.408,0.421,4.415
47,focal,20.0,1.0,2,2.420,4.284,2.333,4.513,2.263,0.000,2.334,4.106,1.898,4.040
47,focal,20.0,1.5,2,0.993,4.080,0.379,4.167,1.081,4.577,1.142,3.982,1.268,4.666
47,focal,40.0,0.75,2,1.757,0.000,1.172,0.000,1.755,0.000,1.343,0.000,1.959,4.019
47,focal,40.0,1.0,2,1.185,0.000,0.913,0.000,0.974,0.000,0.762,0.000,0.948,4.477
47,focal,40.0,1.5,2,1.856,0.000,1.973,4.456,1.832,0.000,1.544,4.297,2.290,0.000
47,focal,80.0,0.75,2,2.366,0.000,1.866,4.700,2.022,0.000,2.281,3.903,2.178,0.000
47,focal,80.0,1.0,2,2.513,0.000,3.084,0.000,2.312,0.000,2.205,4.247,3.358,4.759
47,focal,80.0,1.5,2,3.440,0.000,3.182,0.000,3.409,4.054,3.906,4.518,3.400,0.000
47,focal,160.0,0.75,2,4.742,4.789,5.180,4.741,4.736,4.500,5.006,4.594,5.131,0.000
47,focal,160.0,1.0,2,6.471,6.095,6.611,6.246,6.268,6.033,6.512,5.499,6.708,5.486
47,focal,160.0,1.5,2,5.014,5.634,4.859,5.660,5.151,5.698,5.999,6.420,5.298,5.456
47,focal,320.0,0.75,2,9.594,8.860,8.974,8.145,9.731,8.980,10.362,9.277,9.909,9.332
47,focal,320.0,1.0,2,10.986,9.805,10.598,9.571,11.158,9.790,11.136,9.937,12.094,10.039
47,focal,320.0,1.5,2,9.761,9.328,9.172,8.902,9.644,9.042,10.263,9.667,10.997,10.119
48,focal,10.0,0.75,2,0.898,4.078,1.640,3.697,0.913,4.268,1.828,0.000,1.411,4.082
48,focal,10.0,1.0,2,0.759,0.000,1.323,4.525,0.520,0.000,0.970,0.000,-0.131,4.466
48,focal,10.0,1.5,2,-1.923,0.000,-1.922,0.000,-1.902,0.000,-2.202,0.000,-1.714,4.533
48,focal,20.0,0.75,2,0.315,0.000,0.363,0.000,0.451,0.000,0.437,0.000,0.567,0.000
48,focal,20.0,1.0,2,1.034,4.469,1.163,4.112,1.327,4.293,1.285,0.000,1.426,4.243
48,focal,20.0,1.5,2,1.664,0.000,1.352,4.084,1.525,0.000,1.467,3.614,2.033,5.011
48,focal,40.0,0.75,2,1.297,0.000,1.223,0.000,1.501,0.000,0.997,0.000,1.998,0.000
48,focal,40.0,1.0,2,1.907,4.227,2.269,3.937,1.965,4.270,2.037,0.000,2.581,0.000
48,focal,40.0,1.5,2,1.248,0.000,1.835,0.000,1.142,0.000,1.318,0.000,0.896,0.000
48,focal,80.0,0.75,2,4.177,0.000,3.619,0.000,4.342,0.000,3.660,4.477,3.639,0.000
48,focal,80.0,1.0,2,1.623,0.000,1.297,0.000,1.751,0.000,1.054,0.000,1.623,0.000
48,focal,80.0,1.5,2,2.433,3.910,2.840,0.000,2.176,4.403,3.420,4.585,2.906,0.000
48,focal,160.0,0.75,2,5.318,5.766,4.962,5.140,5.201,5.873,5.305,5.413,5.288,5.079
48,focal,160.0,1.0,2,6.326,6.079,5.938,5.961,6.211,5.969,6.516,6.163,7.211,6.737
48,focal,160.0,1.5,2,6.463,6.635,5.888,6.105,6.525,6.694,7.116,7.304,7.034,6.684
48,focal,320.0,0.75,2,10.898,9.848,9.756,9.564,10.997,9.728,11.109,10.120,12.118,10.583
48,focal,320.0,1.0,2,11.434,10.268,10.250,9.113,11.411,10.366,12.967,11.896,13.105,11.332
48,focal,320.0,1.5,2,11.241,9.968,10.726,9.810,11.120,9.894,12.221,11.068,12.947,11.522
49,focal,10.0,0.75,2,1.217,0.000,0.529,0.000,1.310,0.000,0.419,4.233,1.137,0.000
49,focal,10.0,1.0,2,2.136,0.000,2.708,0.000,2.206,3.830,1.991,4.717,1.994,0.000
49,focal,10.0,1.5,2,0.727,0.000,0.875,0.000,0.708,3.562,0.831,0.000,0.766,0.000
49,focal,20.0,0.75,2,-0.891,4.603,-1.152,0.000,-0.576,0.000,-0.604,0.000,-0.647,0.000
49,focal,20.0,1.0,2,-1.481,0.000,-0.755,3.938,-1.653,0.000,-0.822,4.244,0.219,0.000
49,focal,20.0,1.5,2,0.424,0.000,1.055,0.000,0.439,0.000,1.106,0.000,0.623,0.000
49,focal,40.0,0.75,2,2.300,0.000,2.244,0.000,1.944,0.000,1.661,0.000,2.029,0.000
49,focal,40.0,1.0,2,0.947,0.000,1.056,0.000,0.929,4.446,1.593,0.000,1.368,0.000
49,focal,40.0,1.5,2,3.116,4.739,3.003,0.000,3.124,4.424,2.076,0.000,2.663,0.000
49,focal,80.0,0.75,2,4.033,0.000,3.976,4.354,3.765,4.047,3.694,0.000,3.548,0.000
49,focal,80.0,1.0,2,1.852,0.000,2.102,0.000,1.508,4.287,3.159,4.494,1.952,0.000
49,focal,80.0,1.5,2,1.985,0.000,1.785,0.000,1.907,4.531,1.755,4.705,2.009,0.000
49,focal,160.0,0.75,2,5.947,5.376,6.650,6.316,5.998,5.532,6.362,5.872,7.032,6.127
49,focal,160.0,1.0,2,7.048,6.419,6.242,5.753,6.852,6.219,6.146,5.467,6.835,5.918
49,focal,160.0,1.5,2,4.980,5.203,4.075,4.915,5.186,5.275,4.887,4.990,5.034,5.198
49,focal,320.0,0.75,2,12.345,10.416,10.933,9.700,12.157,10.621,12.024,11.099,12.296,11.070
49,focal,320.0,1.0,2,12.479,10.130,11.184,9.448,12.460,10.238,12.534,11.415,13.386,11.483
49,focal,320.0,1.5,2,12.542,10.640,11.739,10.242,12.261,10.923,13.082,12.683,12.905,11.359
50,focal,10.0,0.75,2,-0.318,0.000,0.647,4.606,-0.200,0.000,0.363,0.000,-0.279,0.000
50,focal,10.0,1.0,2,0.913,4.100,1.037,0.000,0.795,4.137,0.537,4.652,1.162,0.000
50,focal,10.0,1.5,2,-0.906,3.931,-0.896,0.000,-0.952,0.000,-1.319,0.000,-0.732,0.000
50,focal,20.0,0.75,2,1.339,4.193,1.021,4.189,1.396,4.177,1.445,0.000,1.528,0.000
50,focal,20.0,1.0,2,0.185,0.000,-0.052,3.709,0.251,4.281,0.243,0.000,0.575,4.428
50,focal,20.0,1.5,2,0.091,0.000,0.154,0.000,0.341,0.000,-0.295,0.000,-0.271,0.000
50,focal,40.0,0.75,2,-0.845,4.461,-1.061,0.000,-0.875,4.222,-0.936,0.000,-0.532,4.514
50,focal,40.0,1.0,2,0.770,4.261,1.148,0.000,0.801,0.000,0.775,0.000,0.739,4.334
50,focal,40.0,1.5,2,1.271,0.000,1.363,0.000,1.225,0.000,1.036,3.797,1.067,4.425
50,focal,80.0,0.75,2,0.992,0.000,1.087,4.395,1.213,3.897,1.714,0.000,2.010,0.000
50,focal,80.0,1.0,2,0.091,0.000,0.379,0.000,0.242,0.000,0.571,0.000,1.509,0.000
50,focal,80.0,1.5,2,1.159,0.000,1.334,0.000,1.142,4.023,1.493,3.929,1.167,4.477
50,focal,160.0,0.75,2,4.208,4.313,3.278,0.000,4.254,0.000,4.155,4.243,4.404,0.000
50,focal,160.0,1.0,2,3.555,4.270,3.759,0.000,3.719,0.000,4.437,0.000,3.714,4.787
50,focal,160.0,1.5,2,5.161,5.103,5.100,5.031,5.185,5.242,5.393,5.229,5.770,5.140
50,focal,320.0,0.75,2,7.020,6.233,6.493,5.613,7.261,6.323,7.589,6.410,7.983,6.847
50,focal,320.0,1.0,2,8.561,6.598,8.280,6.683,8.644,6.805,9.212,7.631,9.657,7.896
50,focal,320.0,1.5,2,10.097,8.769,9.628,9.356,10.319,8.826,10.362,9.137,10.399,8.849
51,focal,10.0,0.75,2,-1.645,3.554,-2.089,3.936,-1.550,3.210,-1.836,3.958,-2.057,4.889
51,focal,10.0,1.0,2,-0.037,4.721,0.301,4.927,0.288,0.000,0.200,0.000,0.373,0.000
51,focal,10.0,1.5,2,-0.160,4.229,-0.463,0.000,0.096,4.501,0.156,0.000,-0.061,4.182
51,focal,20.0,0.75,2,0.611,0.000,0.734,0.000,0.287,0.000,0.483,0.000,0.940,0.000
51,focal,20.0,1.0,2,1.753,4.367,2.272,0.000,1.814,4.164,1.984,0.000,1.430,4.313
51,focal,20.0,1.5,2,-0.209,0.000,0.290,0.000,-0.464,0.000,-0.148,0.000,-0.023,0.000
51,focal,40.0,0.75,2,2.844,0.000,3.304,0.000,2.785,0.000,2.945,0.000,2.393,4.092
51,focal,40.0,1.0,2,-0.355,0.000,0.270,0.000,-0.289,0.000,-0.432,3.726,-0.627,0.000
51,focal,40.0,1.5,2,1.218,0.000,1.888,0.000,1.053,0.000,0.832,3.891,1.241,0.000
51,focal,80.0,0.75,2,1.914,4.476,1.432,4.074,1.873,4.228,1.719,3.546,2.236,4.593
51,focal,80.0,1.0,2,1.356,0.000,1.336,0.000,1.432,4.424,1.618,0.000,1.558,0.000
51,focal,80.0,1.5,2,3.385,3.917,3.072,0.000,3.349,0.000,3.198,0.000,3.445,0.000
51,focal,160.0,0.75,2,4.366,3.957,4.285,4.387,4.392,4.028,4.456,4.086,4.866,0.000
51,focal,160.0,1.0,2,5.908,4.566,5.179,3.806,5.895,0.000,5.882,4.747,6.341,4.982
51,focal,160.0,1.5,2,5.463,4.841,5.028,4.740,5.407,5.123,5.925,5.870,5.878,5.362
51,focal,320.0,0.75,2,8.361,7.262,8.031,7.110,8.203,7.201,8.644,8.259,8.808,7.698
51,focal,320.0,1.0,2,7.582,6.253,7.055,5.916,7.353,6.108,7.712,6.501,8.099,6.895
51,focal,320.0,1.5,2,9.458,8.279,8.880,7.706,9.095,7.905,9.965,8.534,9.882,8.155
52,focal,10.0,0.75,2,-0.404,4.271,-0.451,0.000,-0.338,4.303,-0.317,0.000,0.266,0.000
52,focal,10.0,1.0,2,1.209,0.000,1.077,0.000,0.930,0.000,0.881,0.000,0.118,0.000
52,focal,10.0,1.5,2,1.956,4.622,1.475,4.260,1.924,4.284,1.434,4.684,1.596,4.169
52,focal,20.0,0.75,2,-0.983,0.000,-0.833,0.000,-0.973,0.000,-0.307,0.000,-0.438,0.000
52,focal,20.0,1.0,2,0.492,4.117,0.595,0.000,0.528,0.000,0.707,0.000,0.066,0.000
52,focal,20.0,1.5,2,1.569,0.000,0.825,0.000,1.429,0.000,0.881,0.000,1.580,4.734
52,focal,40.0,0.75,2,0.609,4.051,0.564,4.085,0.374,0.000,0.110,0.000,0.704,4.414
52,focal,40.0,1.0,2,2.026,3.625,2.064,0.000,1.952,3.880,2.065,0.000,1.939,3.817
52,focal,40.0,1.5,2,0.790,4.385,0.930,0.000,0.955,4.516,0.986,4.273,1.113,0.000
52,focal,80.0,0.75,2,3.238,0.000,3.154,0.000,3.230,0.000,3.635,0.000,3.363,0.000
52,focal,80.0,1.0,2,1.238,3.778,0.724,0.000,1.192,3.586,1.525,0.000,1.851,3.956
52,focal,80.0,1.5,2,0.874,0.000,0.048,0.000,0.873,0.000,1.587,4.542,1.323,0.000
52,focal,160.0,0.75,2,5.799,5.187,5.239,5.247,6.124,5.494,6.551,5.842,6.593,5.826
52,focal,160.0,1.0,2,5.899,5.474,5.470,5.957,5.689,5.099,4.908,4.454,6.158,5.246
52,focal,160.0,1.5,2,7.196,6.287,6.425,6.389,6.640,5.748,6.501,6.212,7.642,6.957
52,focal,320.0,0.75,2,8.990,7.686,7.705,7.092,8.782,7.775,8.684,8.259,9.038,8.336
52,focal,320.0,1.0,2,13.095,11.241,12.167,11.426,12.961,11.292,13.656,13.078,13.850,12.312
52,focal,320.0,1.5,2,12.166,10.687,11.034,10.130,12.073,10.976,11.351,10.797,11.833,9.837
53,focal,10.0,0.75,2,-1.287,0.000,-0.535,0.000,-1.329,0.000,-0.528,0.000,-0.832,0.000
53,focal,10.0,1.0,2,1.025,0.000,0.676,0.000,0.592,0.000,0.539,0.000,0.389,0.000
53,focal,10.0,1.5,2,-0.478,4.471,-0.588,0.000,-0.661,4.520,-0.936,4.662,-0.750,4.390
53,focal,20.0,0.75,2,-1.172,0.000,-1.080,4.191,-1.051,0.000,-0.868,0.000,-1.628,3.954
53,focal,20.0,1.0,2,1.603,4.943,0.661,3.966,1.668,0.000,0.739,0.000,1.417,4.628
53,focal,20.0,1.5,2,0.211,0.000,0.287,0.000,0.038,4.408,-0.009,0.000,-0.097,4.462
53,focal,40.0,0.75,2,0.645,0.000,-0.170,0.000,0.509,4.340,0.050,0.000,-0.299,0.000
53,focal,40.0,1.0,2,-0.105,0.000,-0.092,0.000,0.147,0.000,0.608,0.000,0.021,0.000
53,focal,40.0,1.5,2,1.330,0.000,1.752,0.000,1.342,4.750,1.212,0.000,1.154,5.110
53,focal,80.0,0.75,2,1.780,0.000,1.583,4.082,2.241,3.440,1.987,4.463,2.040,0.000
53,focal,80.0,1.0,2,0.227,5.081,-0.053,0.000,0.299,0.000,0.100,0.000,0.157,4.513
53,focal,80.0,1.5,2,1.014,4.476,1.076,3.874,0.753,0.000,0.952,0.000,0.382,0.000
53,focal,160.0,0.75,2,2.538,4.767,3.567,4.612,2.290,4.591,2.780,0.000,2.934,0.000
53,focal,160.0,1.0,2,2.515,0.000,2.634,4.475,2.683,0.000,2.715,0.000,2.342,0.000
53,focal,160.0,1.5,2,4.121,4.468,4.051,4.738,4.051,4.298,4.169,4.517,4.123,0.000
53,focal,320.0,0.75,2,4.016,4.679,3.827,4.793,4.026,4.686,4.245,5.609,4.432,5.374
53,focal,320.0,1.0,2,6.278,6.169,6.013,6.166,6.225,6.054,6.188,6.134,6.435,6.502
53,focal,320.0,1.5,2,6.967,6.118,6.621,5.913,6.788,5.993,6.409,6.090,7.350,6.878
54,focal,10.0,0.75,3,1.401,0.000,1.243,0.000,1.421,0.000,1.206,0.000,1.295,0.000
54,focal,10.0,1.0,3,2.024,0.000,2.237,0.000,2.090,0.000,2.865,0.000,2.171,0.000
54,focal,10.0,1.5,3,0.052,0.000,-0.118,0.000,-0.042,0.000,-0.169,0.000,-0.509,4.210
54,focal,20.0,0.75,3,-0.223,0.000,-0.662,0.000,-0.497,0.000,-0.260,3.478,0.292,0.000
54,focal,20.0,1.0,3,0.734,0.000,1.042,0.000,0.753,0.000,1.360,4.217,0.613,0.000
54,focal,20.0,1.5,3,-0.009,0.000,-0.048,0.000,0.176,0.000,0.242,0.000,0.093,0.000
54,focal,40.0,0.75,3,0.663,0.000,0.290,0.000,0.618,0.000,0.746,0.000,1.169,0.000
54,focal,40.0,1.0,3,0.252,0.000,0.624,0.000,0.377,0.000,0.183,0.000,0.689,0.000
54,focal,40.0,1.5,3,-0.576,3.877,-0.427,3.896,-0.681,3.306,-0.244,0.000,-0.606,0.000
54,focal,80.0,0.75,3,-0.126,0.000,-0.726,0.000,0.165,0.000,0.030,4.648,0.147,0.000
54,focal,80.0,1.0,3,3.400,0.000,3.074,4.091,3.569,0.000,2.993,0.000,3.285,0.000
54,focal,80.0,1.5,3,1.816,0.000,1.165,0.000,1.906,4.057,1.842,0.000,1.886,0.000
54,focal,160.0,0.75,3,2.109,0.000,1.866,0.000,2.247,4.316,2.636,4.462,2.704,0.000
54,focal,160.0,1.0,3,2.178,0.000,1.900,0.000,2.246,0.000,2.026,0.000,1.796,0.000
54,focal,160.0,1.5,3,1.931,3.955,2.051,0.000,1.820,3.934,1.483,0.000,2.016,0.000
54,focal,320.0,0.75,3,5.494,5.295,4.797,4.745,5.363,5.284,5.663,5.527,5.567,5.328
54,focal,320.0,1.0,3,4.010,4.530,4.253,4.551,4.054,0.000,4.465,4.365,4.341,4.273
54,focal,320.0,1.5,3,4.600,5.535,4.519,5.617,4.544,5.389,4.448,5.065,4.871,5.265
55,focal,10.0,0.75,3,0.349,4.643,0.114,4.502,-0.025,4.431,0.353,0.000,0.501,4.083
55,focal,10.0,1.0,3,1.334,0.000,0.845,0.000,1.137,0.000,0.901,0.000,0.187,0.000
55,focal,10.0,1.5,3,-0.178,0.000,-0.088,0.000,-0.132,4.132,-0.661,0.000,-0.731,0.000
55,focal,20.0,0.75,3,-1.268,0.000,-1.086,4.326,-1.213,0.000,-0.861,0.000,-1.227,0.000
55,focal,20.0,1.0,3,0.206,4.255,-0.178,4.289,0.311,4.088,-0.225,4.360,-0.097,4.882
55,focal,20.0,1.5,3,-0.324,4.359,-0.214,4.011,-0.511,4.186,-0.049,3.764,-0.030,4.773
55,focal,40.0,0.75,3,0.890,0.000,0.735,0.000,1.098,0.000,1.176,0.000,1.011,0.000
55,focal,40.0,1.0,3,-0.540,4.599,-1.129,0.000,-0.783,4.252,-0.737,4.400,-0.670,4.660
55,focal,40.0,1.5,3,0.757,3.917,0.636,0.000,0.896,0.000,0.979,0.000,0.474,4.046
55,focal,80.0,0.75,3,0.730,3.608,0.522,3.847,0.741,0.000,1.162,4.500,1.385,0.000
55,focal,80.0,1.0,3,-0.805,0.000,-0.363,0.000,-0.931,0.000,-0.009,0.000,0.133,0.000
55,focal,80.0,1.5,3,0.705,0.000,0.378,0.000,0.700,0.000,1.271,0.000,1.558,0.000
55,focal,160.0,0.75,3,2.003,4.387,2.189,0.000,2.083,0.000,1.798,0.000,2.806,0.000
55,focal,160.0,1.0,3,1.728,4.298,1.696,3.205,1.714,3.910,1.563,0.000,1.755,0.000
55,focal,160.0,1.5,3,2.772,0.000,2.512,0.000,2.713,0.000,2.456,0.000,3.025,4.715
55,focal,320.0,0.75,3,3.969,4.476,3.634,4.259,4.004,4.460,4.484,0.000,4.390,5.054
55,focal,320.0,1.0,3,4.301,4.588,3.553,0.000,4.544,4.652,4.113,4.111,4.479,4.780
55,focal,320.0,1.5,3,3.727,4.764,3.491,4.606,3.490,4.738,3.421,4.374,3.874,0.000
56,focal,10.0,0.75,3,-0.824,0.000,-0.566,0.000,-1.136,0.000,-0.794,4.150,-1.134,4.245
56,focal,10.0,1.0,3,-0.776,0.000,-0.640,0.000,-0.792,0.000,-0.684,4.083,-0.588,0.000
56,focal,10.0,1.5,3,-0.382,0.000,-0.222,0.000,-0.151,0.000,0.008,0.000,-0.074,0.000
56,focal,20.0,0.75,3,1.724,0.000,2.403,0.000,1.632,0.000,1.248,0.000,1.435,0.000
56,focal,20.0,1.0,3,0.601,0.000,0.388,0.000,0.675,0.000,0.966,0.000,1.166,0.000
56,focal,20.0,1.5,3,-0.685,4.194,-0.343,0.000,-0.731,4.308,-1.172,3.918,-1.234,4.168
56,focal,40.0,0.75,3,0.862,4.138,0.798,0.000,0.900,4.856,1.372,0.000,1.017,0.000
56,focal,40.0,1.0,3,1.692,4.216,1.805,0.000,1.800,4.494,1.858,3.612,1.641,3.695
56,focal,40.0,1.5,3,0.939,4.470,1.321,0.000,0.887,4.445,0.907,4.400,0.772,4.858
56,focal,80.0,0.75,3,-0.446,4.503,-0.605,0.000,-0.370,0.000,-0.182,4.619,-0.237,0.000
56,focal,80.0,1.0,3,1.105,0.000,0.981,0.000,1.065,0.000,1.216,0.000,1.604,0.000
56,focal,80.0,1.5,3,-0.900,4.327,-1.380,0.000,-1.006,4.812,-1.422,4.247,-1.159,4.010
56,focal,160.0,0.75,3,0.188,0.000,0.824,0.000,0.350,0.000,0.185,0.000,0.521,4.159
56,focal,160.0,1.0,3,-0.077,0.000,-0.349,0.000,-0.109,0.000,-0.841,0.000,-0.990,0.000
56,focal,160.0,1.5,3,0.947,4.431,1.077,0.000,0.872,5.072,1.318,0.000,0.799,0.000
56,focal,320.0,0.75,3,3.037,4.587,2.492,0.000,3.268,4.589,3.208,4.301,2.805,0.000
56,focal,320.0,1.0,3,1.984,4.693,1.416,0.000,1.907,4.320,1.644,0.000,1.580,4.347
56,focal,320.0,1.5,3,3.778,4.695,3.234,4.184,3.922,5.024,4.188,5.263,4.641,5.151
57,focal,10.0,0.75,3,-0.232,4.176,-0.092,0.000,-0.385,3.943,-0.864,0.000,-0.436,4.469
57,focal,10.0,1.0,3,-1.480,0.000,-1.179,0.000,-1.629,0.000,-0.677,0.000,-0.382,0.000
57,focal,10.0,1.5,3,-1.270,0.000,0.006,0.000,-1.318,4.509,-0.065,3.532,0.537,0.000
57,focal,20.0,0.75,3,1.447,3.830,1.844,0.000,1.324,0.000,1.854,4.158,0.893,4.170
57,focal,20.0,1.0,3,1.280,0.000,0.942,0.000,1.224,0.000,0.020,0.000,-0.477,0.000
57,focal,20.0,1.5,3,0.023,3.731,0.993,0.000,-0.591,0.000,0.207,4.066,1.987,0.000
57,focal,40.0,0.75,3,0.436,0.000,-0.236,4.845,0.369,0.000,-1.987,0.000,1.257,0.000
57,focal,40.0,1.0,3,1.307,4.355,1.276,4.505,1.354,0.000,1.410,4.287,1.606,0.000
57,focal,40.0,1.5,3,1.276,0.000,1.994,4.443,1.613,0.000,2.633,0.000,2.166,0.000
57,focal,80.0,0.75,3,-0.097,0.000,-0.331,0.000,-0.115,0.000,1.120,0.000,1.216,0.000
57,focal,80.0,1.0,3,0.624,0.000,0.627,0.000,0.301,4.131,1.158,0.000,2.980,4.064
57,focal,80.0,1.5,3,1.222,0.000,-0.158,0.000,1.386,0.000,1.869,0.000,0.999,4.375
57,focal,160.0,0.75,3,4.148,0.000,1.562,0.000,4.148,3.727,4.275,3.927,4.277,4.879
57,focal,160.0,1.0,3,3.664,4.134,2.619,0.000,3.235,0.000,3.511,0.000,4.233,4.231
57,focal,160.0,1.5,3,-0.182,0.000,-0.981,0.000,0.144,0.000,1.629,0.000,1.266,0.000
57,focal,320.0,0.75,3,5.784,5.722,2.851,0.000,5.662,5.511,5.752,5.293,7.956,7.854
57,focal,320.0,1.0,3,2.987,4.108,1.203,4.302,2.877,4.247,4.741,5.274,5.311,5.198
57,focal,320.0,1.5,3,4.403,4.503,3.049,0.000,3.960,4.412,7.744,7.682,8.146,7.935
58,focal,10.0,0.75,3,0.951,0.000,0.500,3.904,1.299,3.703,1.145,4.106,1.047,0.000
58,focal,10.0,1.0,3,-1.326,0.000,-1.165,0.000,-1.083,0.000,-1.242,3.824,-1.433,0.000
58,focal,10.0,1.5,3,1.034,0.000,0.871,0.000,1.083,0.000,0.934,0.000,1.045,0.000
58,focal,20.0,0.75,3,-2.364,4.165,-2.717,4.554,-2.346,0.000,-2.037,0.000,-1.517,3.974
58,focal,20.0,1.0,3,0.208,0.000,0.055,3.512,0.228,0.000,-0.103,0.000,0.065,0.000
58,focal,20.0,1.5,3,0.000,0.000,0.295,0.000,-0.063,0.000,-0.180,0.000,0.229,0.000
58,focal,40.0,0.75,3,1.114,0.000,0.562,0.000,1.012,0.000,1.197,4.053,1.265,4.139
58,focal,40.0,1.0,3,-0.978,4.621,-0.474,0.000,-1.067,4.743,-0.921,4.515,0.338,0.000
58,focal,40.0,1.5,3,1.443,0.000,1.627,0.000,1.535,0.000,1.273,3.866,1.775,0.000
58,focal,80.0,0.75,3,-0.592,0.000,-0.396,0.000,-0.424,0.000,-0.312,0.000,-0.665,4.543
58,focal,80.0,1.0,3,-1.664,4.823,-1.728,5.391,-1.463,4.153,-1.319,4.471,-1.629,0.000
58,focal,80.0,1.5,3,0.707,0.000,0.356,0.000,1.020,0.000,1.449,0.000,1.391,0.000
58,focal,160.0,0.75,3,1.477,0.000,1.249,0.000,1.612,0.000,1.779,0.000,2.060,3.996
58,focal,160.0,1.0,3,2.153,4.213,1.248,0.000,2.231,0.000,1.698,0.000,2.691,0.000
58,focal,160.0,1.5,3,0.934,0.000,0.913,3.863,0.908,0.000,1.217,0.000,1.382,0.000
58,focal,320.0,0.75,3,0.559,4.228,0.708,4.023,0.834,0.000,1.082,3.458,1.139,0.000
58,focal,320.0,1.0,3,2.314,0.000,2.665,4.043,2.403,0.000,2.945,0.000,2.815,0.000
58,focal,320.0,1.5,3,3.771,0.000,3.584,0.000,3.740,0.000,3.546,4.554,3.835,0.000
59,focal,10.0,0.75,3,0.358,0.000,0.177,0.000,-0.086,0.000,-0.026,0.000,-0.731,0.000
59,focal,10.0,1.0,3,0.151,4.369,-0.616,4.507,0.004,0.000,0.901,4.328,0.857,0.000
59,focal,10.0,1.5,3,0.192,3.624,-1.011,0.000,-0.012,4.177,-0.972,0.000,-1.049,0.000
59,focal,20.0,0.75,3,0.261,3.936,-0.853,0.000,0.486,4.437,-1.249,0.000,-3.013,4.345
59,focal,20.0,1.0,3,0.552,3.833,1.117,0.000,0.718,4.046,0.213,0.000,0.277,4.683
59,focal,20.0,1.5,3,-1.227,0.000,-0.365,0.000,-1.226,0.000,-0.429,4.064,-0.292,0.000
59,focal,40.0,0.75,3,1.550,0.000,0.492,0.000,1.287,0.000,0.782,0.000,0.565,0.000
59,focal,40.0,1.0,3,-0.379,0.000,-0.450,0.000,-0.192,0.000,1.235,0.000,-0.330,4.140
59,focal,40.0,1.5,3,0.946,0.000,1.324,4.262,0.623,0.000,-0.034,0.000,-0.235,0.000
59,focal,80.0,0.75,3,1.171,0.000,1.011,0.000,0.917,4.636,0.923,0.000,-0.025,4.242
59,focal,80.0,1.0,3,2.498,0.000,1.292,0.000,2.415,0.000,2.220,3.705,1.614,3.713
59,focal,80.0,1.5,3,1.270,0.000,1.609,4.224,1.358,4.248,1.893,0.000,1.208,0.000
59,focal,160.0,0.75,3,3.897,0.000,2.675,0.000,3.933,0.000,4.536,0.000,3.332,0.000
59,focal,160.0,1.0,3,3.057,0.000,1.753,0.000,3.049,4.199,3.255,0.000,3.563,0.000
59,focal,160.0,1.5,3,0.980,0.000,0.244,4.354,1.183,0.000,1.376,0.000,1.275,0.000
59,focal,320.0,0.75,3,3.876,0.000,2.230,0.000,4.007,3.494,4.526,0.000,3.860,4.526
59,focal,320.0,1.0,3,4.064,0.000,3.661,0.000,3.926,0.000,5.704,5.318,5.214,5.301
59,focal,320.0,1.5,3,3.419,0.000,2.621,0.000,3.303,0.000,4.229,4.080,4.488,4.322
60,focal,10.0,0.75,3,-0.302,0.000,-0.285,4.136,-0.347,0.000,-0.354,0.000,1.393,0.000
60,focal,10.0,1.0,3,-0.313,4.594,0.257,0.000,-0.185,4.738,-0.585,0.000,1.257,4.513
60,focal,10.0,1.5,3,0.101,0.000,-0.032,4.612,-0.058,0.000,-0.274,0.000,-0.411,0.000
60,focal,20.0,0.75,3,-0.200,3.764,-0.071,0.000,-0.099,0.000,0.051,0.000,0.588,4.518
60,focal,20.0,1.0,3,0.293,0.000,-0.338,0.000,0.377,4.069,1.700,4.265,-0.504,0.000
60,focal,20.0,1.5,3,-1.092,0.000,-1.076,0.000,-1.135,0.000,-0.865,0.000,-0.231,0.000
60,focal,40.0,0.75,3,0.203,0.000,0.473,4.228,0.274,0.000,0.541,4.178,0.888,0.000
60,focal,40.0,1.0,3,-1.287,0.000,-1.671,0.000,-1.336,0.000,-0.715,0.000,-0.998,0.000
60,focal,40.0,1.5,3,-0.106,0.000,0.086,3.397,-0.108,4.034,0.158,4.208,1.322,3.800
60,focal,80.0,0.75,3,2.401,4.457,1.755,0.000,2.442,4.210,1.320,4.239,3.121,0.000
60,focal,80.0,1.0,3,1.887,0.000,1.580,0.000,1.898,0.000,0.992,0.000,2.651,4.064
60,focal,80.0,1.5,3,1.492,0.000,2.766,0.000,1.343,0.000,3.289,0.000,2.226,0.000
60,focal,160.0,0.75,3,2.813,0.000,1.559,0.000,2.685,4.227,2.889,0.000,2.430,0.000
60,focal,160.0,1.0,3,2.158,0.000,1.604,0.000,2.162,0.000,1.051,0.000,1.939,4.763
60,focal,160.0,1.5,3,1.378,0.000,1.694,0.000,1.351,0.000,3.143,0.000,3.183,0.000
60,focal,320.0,0.75,3,3.521,5.393,3.108,4.840,3.826,5.487,5.814,6.183,7.359,6.617
60,focal,320.0,1.0,3,6.234,5.908,5.574,4.988,5.751,5.577,7.646,7.015,7.634,7.362
60,focal,320.0,1.5,3,5.572,5.585,5.097,4.978,5.400,5.496,7.255,6.343,7.907,6.978
61,focal,10.0,0.75,3,-0.683,0.000,-0.321,0.000,-0.811,4.147,0.418,0.000,-0.067,0.000
61,focal,10.0,1.0,3,-0.605,0.000,-2.117,0.000,-0.152,0.000,-1.408,0.000,-0.858,0.000
61,focal,10.0,1.5,3,-0.992,0.000,-0.678,0.000,-0.969,0.000,0.099,3.994,0.905,0.000
61,focal,20.0,0.75,3,-0.816,0.000,-1.439,0.000,-0.553,0.000,-0.629,0.000,0.534,0.000
61,focal,20.0,1.0,3,0.481,0.000,0.771,0.000,0.440,4.262,0.673,4.549,-0.189,4.632
61,focal,20.0,1.5,3,1.435,0.000,0.981,0.000,1.481,0.000,-0.046,0.000,0.842,0.000
61,focal,40.0,0.75,3,2.542,4.451,1.183,4.886,2.146,0.000,0.072,3.858,1.574,4.003
61,focal,40.0,1.0,3,0.235,4.285,1.303,3.966,-0.052,4.219,-0.377,0.000,-0.881,4.441
61,focal,40.0,1.5,3,1.014,0.000,-0.011,0.000,1.059,0.000,-0.709,0.000,-0.245,0.000
61,focal,80.0,0.75,3,1.218,0.000,2.069,4.525,0.893,0.000,1.576,0.000,3.208,0.000
61,focal,80.0,1.0,3,1.612,0.000,1.177,0.000,1.512,4.707,1.743,0.000,2.297,0.000
61,focal,80.0,1.5,3,0.622,3.695,0.191,4.249,0.584,4.192,0.846,3.641,0.898,0.000
61,focal,160.0,0.75,3,0.249,0.000,1.279,0.000,-0.212,4.071,0.866,0.000,1.561,0.000
61,focal,160.0,1.0,3,0.704,5.216,-0.048,4.702,0.968,4.675,1.786,4.493,1.407,4.055
61,focal,160.0,1.5,3,1.708,4.928,0.186,4.439,1.971,0.000,1.203,0.000,1.962,0.000
61,focal,320.0,0.75,3,4.588,5.473,2.448,4.933,4.220,5.295,3.903,5.491,4.812,5.781
61,focal,320.0,1.0,3,3.691,4.451,1.341,0.000,3.144,0.000,2.817,0.000,3.652,0.000
61,focal,320.0,1.5,3,2.601,4.263,1.746,0.000,2.802,4.113,4.173,0.000,4.735,0.000
62,focal,10.0,0.75,3,0.638,0.000,0.039,0.000,0.828,3.567,0.473,0.000,0.458,4.394
62,focal,10.0,1.0,3,-1.114,0.000,-1.536,3.932,-1.303,0.000,-0.456,0.000,-1.059,0.000
62,focal,10.0,1.5,3,2.328,0.000,2.452,0.000,2.508,0.000,1.852,0.000,1.627,0.000
62,focal,20.0,0.75,3,1.611,0.000,1.451,0.000,1.501,0.000,0.895,3.789,1.944,0.000
62,focal,20.0,1.0,3,0.478,0.000,-0.168,4.500,0.482,0.000,-0.063,0.000,-0.075,0.000
62,focal,20.0,1.5,3,0.254,0.000,-0.218,0.000,-0.127,0.000,1.361,0.000,0.917,0.000
62,focal,40.0,0.75,3,0.568,0.000,0.081,0.000,0.843,0.000,0.420,0.000,2.289,0.000
62,focal,40.0,1.0,3,1.093,4.731,0.132,0.000,1.121,4.697,0.329,4.837,0.774,5.194
62,focal,40.0,1.5,3,-0.366,0.000,0.145,4.871,-0.387,0.000,-0.667,0.000,0.094,0.000
62,focal,80.0,0.75,3,0.314,0.000,1.234,4.492,0.041,0.000,0.124,0.000,0.861,0.000
62,focal,80.0,1.0,3,0.181,0.000,-0.618,0.000,0.042,0.000,-0.421,0.000,-0.665,0.000
62,focal,80.0,1.5,3,1.977,0.000,0.872,0.000,1.749,0.000,3.496,0.000,2.687,0.000
62,focal,160.0,0.75,3,2.689,0.000,1.420,0.000,3.071,0.000,3.363,0.000,4.971,4.573
62,focal,160.0,1.0,3,4.236,4.689,3.772,4.985,3.912,0.000,4.034,0.000,4.813,5.128
62,focal,160.0,1.5,3,3.653,4.198,3.195,0.000,3.573,4.459,2.965,4.273,3.912,0.000
62,focal,320.0,0.75,3,4.401,0.000,3.626,0.000,4.854,0.000,5.946,6.176,6.887,6.565
62,focal,320.0,1.0,3,5.485,4.896,4.012,0.000,5.633,5.069,5.290,5.743,6.067,5.903
62,focal,320.0,1.5,3,6.754,7.409,5.944,6.914,6.799,7.270,8.748,8.677,9.584,8.798
63,focal,10.0,0.75,3,0.515,0.000,0.720,4.224,0.365,0.000,1.887,4.259,0.432,4.551
63,focal,10.0,1.0,3,-0.636,4.392,-0.639,4.330,-0.714,4.294,-0.750,3.981,0.611,4.311
63,focal,10.0,1.5,3,0.714,4.193,1.117,4.304,0.985,0.000,1.566,0.000,0.132,0.000
63,focal,20.0,0.75,3,1.531,0.000,2.004,0.000,1.343,4.235,1.986,0.000,1.022,0.000
63,focal,20.0,1.0,3,1.364,0.000,1.310,0.000,1.577,0.000,1.844,0.000,1.479,4.081
63,focal,20.0,1.5,3,0.039,0.000,-0.126,0.000,0.009,0.000,-0.609,0.000,0.086,4.346
63,focal,40.0,0.75,3,0.926,4.784,1.588,4.805,0.561,0.000,1.439,0.000,0.378,4.829
63,focal,40.0,1.0,3,0.496,0.000,0.303,0.000,0.763,3.470,0.741,4.023,0.215,0.000
63,focal,40.0,1.5,3,1.049,4.318,0.797,0.000,1.290,4.301,1.054,0.000,0.986,0.000
63,focal,80.0,0.75,3,1.085,4.388,1.144,4.694,0.953,0.000,0.451,0.000,0.333,3.946
63,focal,80.0,1.0,3,-0.221,0.000,-0.212,4.283,0.059,4.127,0.640,4.571,0.789,0.000
63,focal,80.0,1.5,3,0.737,0.000,0.047,0.000,0.759,0.000,0.368,0.000,1.624,0.000
63,focal,160.0,0.75,3,4.194,4.723,3.425,0.000,4.325,0.000,3.996,4.132,3.746,0.000
63,focal,160.0,1.0,3,1.340,0.000,1.083,0.000,1.396,0.000,1.603,0.000,1.828,4.544
63,focal,160.0,1.5,3,2.259,0.000,1.918,0.000,2.182,0.000,1.873,3.898,1.876,0.000
63,focal,320.0,0.75,3,4.274,0.000,3.321,4.661,4.300,0.000,4.228,4.766,3.888,0.000
63,focal,320.0,1.0,3,3.756,3.941,3.289,4.302,3.962,4.084,4.665,0.000,3.457,0.000
63,focal,320.0,1.5,3,3.640,0.000,3.656,4.684,3.556,0.000,4.008,0.000,4.310,0.000
64,focal,10.0,0.75,3,-1.054,0.000,-0.151,0.000,-0.632,0.000,-0.195,0.000,0.799,4.289
64,focal,10.0,1.0,3,3.102,0.000,1.845,0.000,3.370,3.930,0.703,0.000,1.219,4.050
64,focal,10.0,1.5,3,-2.716,0.000,-1.740,0.000,-2.139,0.000,-1.471,0.000,-2.441,0.000
64,focal,20.0,0.75,3,0.509,0.000,0.450,0.000,0.382,0.000,0.185,0.000,-0.649,4.184
64,focal,20.0,1.0,3,-0.918,0.000,-0.876,0.000,-0.625,0.000,-1.787,4.218,-0.588,0.000
64,focal,20.0,1.5,3,1.681,5.445,1.702,5.159,1.628,5.507,1.391,5.105,1.373,4.890
64,focal,40.0,0.75,3,1.970,0.000,1.525,0.000,2.020,0.000,1.889,0.000,2.320,0.000
64,focal,40.0,1.0,3,1.214,0.000,0.583,0.000,0.955,4.771,0.403,0.000,1.537,0.000
64,focal,40.0,1.5,3,-0.035,4.212,0.821,0.000,0.153,4.420,0.509,0.000,0.268,0.000
64,focal,80.0,0.75,3,-0.523,4.185,0.770,0.000,-0.689,4.254,0.650,0.000,-0.333,4.199
64,focal,80.0,1.0,3,1.547,3.530,-0.108,0.000,1.822,3.826,2.144,0.000,1.893,0.000
64,focal,80.0,1.5,3,-0.313,0.000,0.142,0.000,-0.411,0.000,0.751,5.085,-0.244,4.386
64,focal,160.0,0.75,3,1.072,0.000,1.219,0.000,0.843,0.000,0.005,0.000,-0.450,0.000
64,focal,160.0,1.0,3,1.313,0.000,1.610,0.000,1.013,0.000,1.853,4.180,1.637,0.000
64,focal,160.0,1.5,3,0.802,4.033,1.529,4.367,0.888,4.144,0.942,0.000,1.364,4.322
64,focal,320.0,0.75,3,0.639,0.000,1.081,0.000,0.675,0.000,1.740,0.000,3.720,0.000
64,focal,320.0,1.0,3,2.030,0.000,2.367,0.000,1.009,0.000,4.151,4.926,2.738,4.358
64,focal,320.0,1.5,3,3.855,4.751,3.324,4.674,3.751,4.819,5.697,5.033,4.992,4.956
65,focal,10.0,0.75,3,1.220,0.000,1.379,0.000,1.083,0.000,1.253,4.368,1.397,4.457
65,focal,10.0,1.0,3,1.289,0.000,0.839,0.000,1.149,0.000,1.224,0.000,1.396,0.000
65,focal,10.0,1.5,3,0.607,0.000,0.413,4.860,0.540,0.000,0.835,0.000,0.761,0.000
65,focal,20.0,0.75,3,-0.074,0.000,-0.568,0.000,-0.270,0.000,0.069,0.000,-0.034,0.000
65,focal,20.0,1.0,3,0.559,0.000,0.774,0.000,0.730,0.000,0.496,0.000,0.489,0.000
65,focal,20.0,1.5,3,0.246,0.000,-0.094,0.000,0.323,0.000,-0.173,3.775,0.292,0.000
65,focal,40.0,0.75,3,-0.231,4.796,-0.491,4.606,-0.220,4.871,-0.060,0.000,0.699,0.000
65,focal,40.0,1.0,3,0.253,0.000,0.474,0.000,0.199,3.667,0.060,0.000,0.001,4.506
65,focal,40.0,1.5,3,-1.314,4.385,-1.426,4.247,-1.364,4.172,-1.715,3.853,-1.554,4.528
65,focal,80.0,0.75,3,1.006,4.674,0.495,0.000,1.082,4.448,0.915,4.152,1.304,4.098
65,focal,80.0,1.0,3,0.795,0.000,1.100,0.000,0.820,0.000,0.920,0.000,0.825,0.000
65,focal,80.0,1.5,3,1.091,0.000,1.105,4.412,0.660,0.000,1.053,0.000,1.130,3.809
65,focal,160.0,0.75,3,2.211,0.000,2.256,4.323,2.356,0.000,2.345,0.000,2.744,0.000
65,focal,160.0,1.0,3,2.737,3.631,2.484,4.446,2.691,0.000,2.651,0.000,3.103,0.000
65,focal,160.0,1.5,3,1.479,0.000,1.402,0.000,1.632,0.000,2.212,0.000,2.006,0.000
65,focal,320.0,0.75,3,4.818,4.606,4.233,4.284,4.835,4.805,4.621,4.744,4.992,4.839
65,focal,320.0,1.0,3,5.918,5.702,5.772,5.591,5.879,5.555,5.614,5.493,6.324,6.288
65,focal,320.0,1.5,3,5.363,5.334,5.384,5.102,5.494,5.382,5.665,5.638,5.779,5.766
66,focal,10.0,0.75,3,0.656,0.000,0.851,0.000,0.485,0.000,0.730,4.384,0.599,0.000
66,focal,10.0,1.0,3,0.638,0.000,1.070,3.560,0.683,0.000,0.970,0.000,1.143,0.000
66,focal,10.0,1.5,3,-0.516,0.000,-0.893,3.667,-0.314,0.000,-0.426,0.000,-0.620,0.000
66,focal,20.0,0.75,3,0.646,0.000,0.426,0.000,0.681,0.000,0.347,0.000,-0.268,0.000
66,focal,20.0,1.0,3,0.542,0.000,-0.443,0.000,0.598,0.000,0.400,5.043,0.513,3.382
66,focal,20.0,1.5,3,0.435,0.000,0.336,0.000,0.269,0.000,0.648,0.000,0.661,0.000
66,focal,40.0,0.75,3,0.944,0.000,1.009,0.000,1.314,0.000,0.519,0.000,1.396,0.000
66,focal,40.0,1.0,3,0.452,0.000,0.258,0.000,0.473,4.257,0.475,0.000,-0.220,0.000
66,focal,40.0,1.5,3,1.917,0.000,1.297,0.000,1.922,0.000,2.069,4.723,1.723,4.578
66,focal,80.0,0.75,3,0.853,4.399,0.385,4.387,0.556,0.000,0.862,0.000,0.917,3.719
66,focal,80.0,1.0,3,0.830,3.591,1.041,0.000,0.668,0.000,1.065,0.000,0.962,0.000
66,focal,80.0,1.5,3,2.330,0.000,2.479,0.000,2.512,0.000,2.433,4.358,2.343,0.000
66,focal,160.0,0.75,3,1.543,0.000,2.160,4.197,1.603,4.237,2.438,0.000,2.590,0.000
66,focal,160.0,1.0,3,3.352,0.000,2.524,0.000,3.338,0.000,3.629,0.000,3.304,0.000
66,focal,160.0,1.5,3,3.417,0.000,3.084,0.000,3.249,0.000,3.536,0.000,3.128,0.000
66,focal,320.0,0.75,3,6.236,5.733,5.839,5.335,6.166,5.612,6.164,5.512,6.579,5.630
66,focal,320.0,1.0,3,7.032,6.431,6.320,5.585,7.006,6.372,7.184,6.521,7.953,7.281
66,focal,320.0,1.5,3,5.694,5.700,6.147,6.086,5.880,5.806,6.992,6.338,7.444,6.785
67,focal,10.0,0.75,3,0.238,0.000,-0.239,0.000,-0.056,0.000,-0.533,0.000,-1.142,4.251
67,focal,10.0,1.0,3,0.222,0.000,-0.306,0.000,0.409,0.000,-0.911,4.202,-0.113,4.239
67,focal,10.0,1.5,3,-0.954,0.000,-1.197,0.000,-0.994,0.000,-0.825,0.000,-0.423,0.000
67,focal,20.0,0.75,3,0.283,3.740,-0.271,0.000,-0.030,0.000,-0.518,4.231,-0.184,0.000
67,focal,20.0,1.0,3,2.023,0.000,1.953,4.486,2.235,0.000,1.889,0.000,1.581,0.000
67,focal,20.0,1.5,3,0.353,0.000,0.289,0.000,0.585,4.644,-0.167,4.552,-0.705,4.637
67,focal,40.0,0.75,3,0.298,0.000,0.267,4.316,0.217,0.000,1.175,4.012,1.015,0.000
67,focal,40.0,1.0,3,-0.011,4.680,0.299,4.377,0.318,4.490,0.152,4.507,0.424,4.089
67,focal,40.0,1.5,3,0.810,4.276,1.314,4.176,0.602,4.301,0.775,0.000,0.762,3.756
67,focal,80.0,0.75,3,1.261,0.000,1.388,0.000,1.605,0.000,0.726,0.000,1.754,0.000
67,focal,80.0,1.0,3,0.959,3.371,1.091,0.000,0.825,0.000,1.040,0.000,2.150,0.000
67,focal,80.0,1.5,3,-0.298,0.000,-0.549,0.000,-0.048,0.000,0.868,0.000,1.319,0.000
67,focal,160.0,0.75,3,3.321,0.000,2.315,0.000,2.901,0.000,2.367,3.455,2.929,0.000
67,focal,160.0,1.0,3,2.724,0.000,2.088,0.000,2.645,0.000,3.083,4.123,3.357,0.000
67,focal,160.0,1.5,3,3.609,4.313,3.084,4.439,3.275,4.269,3.205,0.000,3.208,0.000
67,focal,320.0,0.75,3,6.807,6.428,5.941,5.699,6.684,6.247,5.890,5.990,7.398,6.643
67,focal,320.0,1.0,3,6.063,5.831,5.697,5.277,5.951,5.760,5.723,5.453,6.079,6.460
67,focal,320.0,1.5,3,6.910,6.003,5.686,5.281,6.575,5.966,6.144,5.717,7.905,6.954
68,focal,10.0,0.75,3,0.479,0.000,0.226,0.000,0.131,0.000,0.357,0.000,0.174,3.782
68,focal,10.0,1.0,3,1.672,0.000,1.565,0.000,2.011,0.000,1.955,3.675,1.759,4.106
68,focal,10.0,1.5,3,-0.546,4.349,-0.552,4.229,-0.639,4.269,-0.785,3.784,-0.658,0.000
68,focal,20.0,0.75,3,0.717,0.000,0.868,0.000,0.684,4.453,0.673,0.000,0.430,0.000
68,focal,20.0,1.0,3,-0.278,4.297,-0.355,4.066,-0.600,4.138,-0.544,4.163,-0.080,0.000
68,focal,20.0,1.5,3,-0.185,0.000,-0.152,0.000,-0.151,0.000,0.053,4.070,-0.547,4.076
68,focal,40.0,0.75,3,1.036,5.470,0.891,5.104,1.311,5.494,1.656,5.244,1.987,5.499
68,focal,40.0,1.0,3,2.315,4.610,1.980,4.777,2.510,4.526,2.442,0.000,3.348,0.000
68,focal,40.0,1.5,3,3.735,0.000,3.291,0.000,3.453,0.000,3.218,0.000,3.379,4.618
68,focal,80.0,0.75,3,1.597,3.930,1.969,0.000,2.211,3.835,1.715,0.000,1.211,4.579
68,focal,80.0,1.0,3,1.624,0.000,1.410,0.000,1.779,0.000,1.911,0.000,2.666,0.000
68,focal,80.0,1.5,3,1.358,0.000,1.527,0.000,1.422,0.000,1.912,0.000,1.195,0.000
68,focal,160.0,0.75,3,3.549,4.223,2.524,0.000,3.701,4.337,3.767,4.229,4.566,0.000
68,focal,160.0,1.0,3,2.070,0.000,1.481,0.000,2.179,0.000,2.498,0.000,1.716,0.000
68,focal,160.0,1.5,3,2.696,4.213,2.677,4.253,2.461,0.000,2.856,4.112,3.536,4.536
68,focal,320.0,0.75,3,6.815,6.759,6.693,6.770,6.333,6.173,6.883,6.657,8.013,7.968
68,focal,320.0,1.0,3,7.088,6.637,6.482,5.979,7.368,7.005,7.049,6.767,7.095,6.711
68,focal,320.0,1.5,3,7.711,6.996,7.046,6.413,7.892,7.306,7.620,7.098,7.875,6.982
69,focal,10.0,0.75,3,0.709,0.000,0.910,0.000,0.880,0.000,0.340,0.000,0.758,0.000
69,focal,10.0,1.0,3,0.659,0.000,0.391,0.000,0.333,0.000,0.715,0.000,0.802,0.000
69,focal,10.0,1.5,3,1.955,0.000,2.280,3.980,1.617,0.000,1.810,4.463,2.622,4.513
69,focal,20.0,0.75,3,1.161,0.000,0.796,0.000,0.747,0.000,0.202,0.000,0.095,0.000
69,focal,20.0,1.0,3,0.541,3.259,0.359,0.000,0.551,3.464,0.110,4.581,0.443,4.298
69,focal,20.0,1.5,3,-1.138,3.725,-1.403,0.000,-1.249,0.000,-1.246,0.000,-0.531,0.000
69,focal,40.0,0.75,3,1.402,0.000,1.259,0.000,1.111,3.804,1.418,4.572,1.313,0.000
69,focal,40.0,1.0,3,1.736,4.202,1.432,4.495,1.399,5.059,1.320,3.973,1.958,0.000
69,focal,40.0,1.5,3,0.842,3.915,0.840,0.000,0.948,0.000,0.664,0.000,0.900,0.000
69,focal,80.0,0.75,3,3.040,0.000,2.564,4.379,3.430,0.000,3.330,0.000,2.628,0.000
69,focal,80.0,1.0,3,2.313,0.000,1.904,0.000,2.612,0.000,2.403,0.000,2.865,0.000
69,focal,80.0,1.5,3,2.073,0.000,2.255,0.000,1.811,0.000,1.840,0.000,2.134,4.221
69,focal,160.0,0.75,3,2.366,0.000,2.318,0.000,2.535,0.000,2.823,0.000,2.295,0.000
69,focal,160.0,1.0,3,2.860,0.000,2.320,0.000,2.491,0.000,1.973,0.000,2.983,0.000
69,focal,160.0,1.5,3,2.779,0.000,2.346,0.000,2.574,0.000,2.302,0.000,2.776,4.209
69,focal,320.0,0.75,3,5.303,5.434,5.375,5.817,5.081,5.095,5.247,5.409,5.592,5.903
69,focal,320.0,1.0,3,7.413,6.685,6.939,6.325,7.071,6.070,6.947,6.323,8.200,7.483
69,focal,320.0,1.5,3,7.504,6.811,6.649,6.660,7.362,6.693,7.226,6.436,7.529,6.730
70,focal,10.0,0.75,3,0.698,4.501,0.364,0.000,1.069,0.000,0.828,0.000,0.362,0.000
70,focal,10.0,1.0,3,1.650,0.000,1.466,0.000,1.800,4.727,0.892,0.000,0.936,0.000
70,focal,10.0,1.5,3,0.970,0.000,1.267,0.000,0.945,0.000,0.497,0.000,0.482,0.000
70,focal,20.0,0.75,3,1.689,0.000,2.010,4.206,1.879,3.870,1.381,4.527,1.640,4.135
70,focal,20.0,1.0,3,1.584,0.000,1.595,0.000,1.405,4.403,1.518,4.299,1.435,4.357
70,focal,20.0,1.5,3,0.797,0.000,1.082,0.000,0.911,0.000,0.366,0.000,0.847,0.000
70,focal,40.0,0.75,3,1.040,0.000,1.400,4.558,1.068,3.873,0.518,0.000,1.127,3.914
70,focal,40.0,1.0,3,1.507,0.000,1.602,4.579,1.457,0.000,1.450,0.000,1.662,0.000
70,focal,40.0,1.5,3,0.186,3.829,0.234,0.000,-0.052,3.725,-0.408,3.763,-0.481,3.795
70,focal,80.0,0.75,3,2.730,4.138,2.774,0.000,2.303,4.069,2.082,4.163,2.761,3.796
70,focal,80.0,1.0,3,1.876,0.000,1.364,3.552,1.907,0.000,1.444,4.226,1.341,0.000
70,focal,80.0,1.5,3,1.089,0.000,1.190,0.000,0.916,0.000,1.107,0.000,0.649,4.257
70,focal,160.0,0.75,3,2.841,4.699,2.601,4.646,2.651,0.000,3.444,0.000,3.467,4.873
70,focal,160.0,1.0,3,3.484,4.215,3.179,0.000,2.988,0.000,3.052,4.418,3.121,0.000
70,focal,160.0,1.5,3,3.752,0.000,3.565,0.000,3.873,0.000,4.282,4.308,3.768,4.373
70,focal,320.0,0.75,3,4.575,0.000,3.843,0.000,4.988,0.000,5.323,5.033,4.968,4.977
70,focal,320.0,1.0,3,6.900,6.274,7.387,7.100,6.889,6.217,7.407,6.778,7.511,6.817
70,focal,320.0,1.5,3,5.719,5.686,5.525,5.778,5.582,5.713,5.623,5.755,6.335,6.130
71,focal,10.0,0.75,3,-0.593,0.000,-0.477,3.635,-0.732,0.000,-0.935,4.375,-1.032,5.792
71,focal,10.0,1.0,3,0.957,4.365,0.871,4.346,0.625,0.000,0.193,3.690,0.034,0.000
71,focal,10.0,1.5,3,1.222,0.000,1.532,0.000,1.085,0.000,1.392,0.000,1.346,4.379
71,focal,20.0,0.75,3,-0.158,0.000,-0.493,0.000,-0.229,0.000,-0.067,0.000,-0.340,0.000
71,focal,20.0,1.0,3,0.592,0.000,0.728,0.000,0.805,0.000,0.658,0.000,0.754,0.000
71,focal,20.0,1.5,3,-0.812,0.000,-0.940,0.000,-0.824,0.000,-0.988,0.000,-0.832,0.000
71,focal,40.0,0.75,3,-0.639,0.000,-0.778,0.000,-0.711,0.000,-1.497,0.000,-0.922,0.000
71,focal,40.0,1.0,3,0.556,0.000,0.574,0.000,0.689,0.000,0.758,0.000,-0.362,0.000
71,focal,40.0,1.5,3,2.589,4.192,2.602,4.051,2.527,3.976,2.206,4.139,2.033,0.000
71,focal,80.0,0.75,3,1.759,4.956,1.085,4.308,1.742,4.588,1.307,0.000,1.637,5.004
71,focal,80.0,1.0,3,1.368,0.000,1.452,0.000,1.316,0.000,0.913,0.000,1.073,0.000
71,focal,80.0,1.5,3,1.432,0.000,1.037,0.000,1.141,0.000,0.873,0.000,0.443,0.000
71,focal,160.0,0.75,3,1.885,0.000,1.689,4.134,1.644,3.918,1.668,0.000,2.321,4.763
71,focal,160.0,1.0,3,3.181,0.000,3.442,0.000,3.350,4.144,3.367,4.588,3.648,4.503
71,focal,160.0,1.5,3,3.510,4.554,3.415,0.000,3.679,4.660,3.048,0.000,3.611,0.000
71,focal,320.0,0.75,3,3.402,4.813,3.261,0.000,3.215,4.530,2.682,0.000,3.617,0.000
71,focal,320.0,1.0,3,8.031,7.559,7.890,7.343,7.644,7.106,7.573,6.962,7.587,7.177
71,focal,320.0,1.5,3,5.043,5.828,4.677,5.507,5.211,6.126,5.142,5.544,4.783,5.620
0,patch,10.0,1.0,0,2.184,4.245,0.655,3.995,2.316,4.261,2.527,4.564,0.739,0.000
0,patch,20.0,1.0,0,0.229,0.000,0.660,0.000,0.387,0.000,1.101,0.000,-0.024,4.480
0,patch,40.0,1.0,0,1.353,0.000,1.534,4.984,1.479,0.000,2.020,0.000,2.711,0.000
0,patch,80.0,1.0,0,1.771,0.000,0.107,3.972,2.471,0.000,0.954,0.000,0.141,0.000
0,patch,160.0,1.0,0,2.863,5.362,1.852,4.666,2.885,5.346,3.872,4.509,3.641,5.074
0,patch,320.0,1.0,0,3.369,4.533,1.503,4.840,3.089,0.000,2.009,4.176,3.154,4.425
1,patch,10.0,1.0,0,1.345,0.000,0.283,0.000,1.496,0.000,1.878,0.000,1.897,0.000
1,patch,20.0,1.0,0,2.003,0.000,2.125,0.000,1.609,0.000,2.696,0.000,2.312,0.000
1,patch,40.0,1.0,0,2.376,0.000,1.953,0.000,2.126,0.000,2.498,0.000,2.768,0.000
1,patch,80.0,1.0,0,0.817,0.000,0.821,0.000,0.576,0.000,2.220,0.000,2.980,0.000
1,patch,160.0,1.0,0,6.646,5.849,4.945,0.000,6.322,5.772,10.069,8.468,11.844,10.210
1,patch,320.0,1.0,0,10.326,9.843,8.898,8.542,9.927,9.403,19.181,17.656,21.015,18.543
2,patch,10.0,1.0,0,-1.090,0.000,-1.457,0.000,-1.481,0.000,-0.385,0.000,-0.443,3.985
2,patch,20.0,1.0,0,1.373,0.000,0.535,0.000,1.876,4.437,0.560,0.000,0.906,0.000
2,patch,40.0,1.0,0,0.810,0.000,0.131,0.000,1.085,3.684,0.715,0.000,3.056,4.188
2,patch,80.0,1.0,0,1.483,4.425,1.021,4.415,1.683,4.613,2.015,0.000,4.425,4.896
2,patch,160.0,1.0,0,9.088,8.823,7.765,7.925,8.634,8.166,6.709,6.589,11.740,11.716
2,patch,320.0,1.0,0,16.102,14.615,14.087,12.956,15.042,13.920,12.826,12.523,22.941,22.312
3,patch,10.0,1.0,0,-1.646,0.000,-1.001,0.000,-1.018,0.000,0.737,0.000,-0.423,0.000
3,patch,20.0,1.0,0,0.249,0.000,0.569,4.297,0.372,0.000,1.545,0.000,1.314,4.628
3,patch,40.0,1.0,0,-0.697,0.000,-0.029,0.000,-0.561,0.000,-0.593,0.000,0.279,0.000
3,patch,80.0,1.0,0,-0.223,4.893,-0.271,4.479,0.162,5.012,-1.160,5.039,0.991,4.628
3,patch,160.0,1.0,0,1.268,0.000,0.347,4.214,1.412,0.000,2.786,0.000,2.333,3.913
3,patch,320.0,1.0,0,3.249,0.000,1.795,0.000,2.897,0.000,4.214,0.000,6.439,5.227
4,patch,10.0,1.0,0,-1.629,0.000,-1.502,0.000,-1.806,0.000,-0.926,0.000,-1.945,0.000
4,patch,20.0,1.0,0,2.316,0.000,3.017,4.128,2.118,0.000,1.268,0.000,1.364,5.108
4,patch,40.0,1.0,0,1.400,5.095,1.888,0.000,0.905,4.784,2.291,4.412,2.983,0.000
4,patch,80.0,1.0,0,5.986,5.792,6.168,5.858,5.770,5.694,6.701,6.375,7.315,6.074
4,patch,160.0,1.0,0,8.168,6.048,7.307,5.806,8.047,6.144,9.796,6.645,11.557,7.112
4,patch,320.0,1.0,0,16.109,12.102,14.514,11.698,15.733,12.016,20.816,14.221,22.435,14.519
5,patch,10.0,1.0,0,1.311,4.365,1.232,4.342,1.164,4.428,1.097,4.039,1.441,0.000
5,patch,20.0,1.0,0,0.869,0.000,1.110,3.927,1.144,0.000,1.680,0.000,0.700,0.000
5,patch,40.0,1.0,0,2.639,0.000,1.062,0.000,2.981,0.000,3.440,4.370,3.646,0.000
5,patch,80.0,1.0,0,4.968,5.075,3.543,4.080,4.896,4.791,7.131,5.719,6.516,5.279
5,patch,160.0,1.0,0,8.395,7.194,7.330,6.504,8.135,7.106,13.688,11.431,13.349,10.836
5,patch,320.0,1.0,0,21.097,18.224,17.510,15.393,20.927,18.127,30.196,25.166,29.488,22.809
6,patch,10.0,1.0,0,-0.915,4.573,-0.698,0.000,-1.019,0.000,-0.195,0.000,-0.322,4.454
6,patch,20.0,1.0,0,2.869,4.300,2.703,4.709,2.680,4.001,3.981,0.000,3.338,0.000
6,patch,40.0,1.0,0,2.461,0.000,2.902,0.000,1.909,0.000,2.904,0.000,2.739,0.000
6,patch,80.0,1.0,0,3.484,0.000,3.555,3.894,3.611,0.000,4.931,4.937,4.484,4.494
6,patch,160.0,1.0,0,10.028,8.900,8.490,7.402,10.605,9.778,11.379,11.011,10.527,7.759
6,patch,320.0,1.0,0,16.955,14.400,15.950,13.327,16.720,14.250,20.730,19.427,20.857,14.258
7,patch,10.0,1.0,0,-0.537,4.241,-0.990,4.564,-0.080,0.000,0.259,0.000,0.045,0.000
7,patch,20.0,1.0,0,-1.278,0.000,-1.515,0.000,-1.318,3.495,-1.099,3.562,-0.320,0.000
7,patch,40.0,1.0,0,0.650,4.233,0.758,4.325,0.597,4.302,0.097,0.000,1.503,0.000
7,patch,80.0,1.0,0,1.924,0.000,0.607,0.000,2.106,3.532,1.490,0.000,3.538,4.371
7,patch,160.0,1.0,0,2.400,0.000,2.522,4.539,2.030,0.000,2.262,4.368,3.342,4.321
7,patch,320.0,1.0,0,3.972,0.000,3.327,0.000,4.201,0.000,3.630,0.000,6.080,5.011
8,patch,10.0,1.0,0,0.387,4.479,-0.408,4.218,1.212,4.564,2.049,4.047,2.826,0.000
8,patch,20.0,1.0,0,0.411,4.651,0.858,4.245,0.405,4.431,1.162,4.479,0.479,4.409
8,patch,40.0,1.0,0,2.614,0.000,1.945,0.000,2.357,0.000,1.878,0.000,1.747,0.000
8,patch,80.0,1.0,0,4.354,0.000,2.388,4.845,4.791,4.232,5.767,5.261,5.488,4.320
8,patch,160.0,1.0,0,7.172,5.600,6.736,5.719,6.711,5.425,8.960,5.313,9.505,6.321
8,patch,320.0,1.0,0,16.346,12.982,15.044,11.852,15.333,12.718,17.710,11.493,20.114,14.938
9,patch,10.0,1.0,0,-0.470,3.157,-0.967,0.000,-0.491,0.000,0.057,4.146,0.301,0.000
9,patch,20.0,1.0,0,1.055,0.000,1.394,0.000,0.776,0.000,0.614,0.000,2.148,4.846
9,patch,40.0,1.0,0,3.300,4.223,2.994,3.937,2.989,3.871,2.453,0.000,3.116,4.603
9,patch,80.0,1.0,0,4.971,4.537,4.318,4.438,4.844,4.627,4.942,4.501,7.635,4.900
9,patch,160.0,1.0,0,6.511,6.342,6.113,5.471,6.740,6.503,7.745,7.147,10.855,7.589
9,patch,320.0,1.0,0,18.823,13.645,16.755,11.657,16.975,13.595,18.160,15.050,23.801,16.614
10,patch,10.0,1.0,0,0.386,0.000,1.457,0.000,0.035,4.700,-1.362,4.278,-0.049,4.327
10,patch,20.0,1.0,0,3.553,4.555,2.345,0.000,3.765,0.000,5.131,5.155,4.631,4.666
10,patch,40.0,1.0,0,1.579,0.000,0.318,0.000,1.850,0.000,3.710,0.000,2.429,0.000
10,patch,80.0,1.0,0,4.493,4.656,3.783,0.000,4.536,4.666,7.582,6.353,6.412,5.600
10,patch,160.0,1.0,0,9.367,7.771,7.878,7.392,8.568,7.211,13.783,11.336,13.290,11.642
10,patch,320.0,1.0,0,17.138,15.308,14.967,13.363,16.379,14.752,27.108,21.357,26.631,23.428
11,patch,10.0,1.0,0,1.111,4.337,1.594,0.000,1.081,4.272,1.453,0.000,1.640,0.000
11,patch,20.0,1.0,0,0.094,0.000,0.341,0.000,0.504,4.238,0.485,0.000,-0.302,0.000
11,patch,40.0,1.0,0,2.060,0.000,1.767,3.962,1.645,0.000,2.178,0.000,1.888,0.000
11,patch,80.0,1.0,0,4.542,5.050,3.570,0.000,4.475,4.917,5.904,5.788,5.538,5.256
11,patch,160.0,1.0,0,11.098,10.324,9.437,8.636,10.970,10.323,12.377,11.694,12.966,11.365
11,patch,320.0,1.0,0,21.759,19.305,19.715,16.948,20.863,18.654,24.835,23.237,25.998,22.166
12,patch,10.0,1.0,0,1.531,0.000,1.381,0.000,0.918,0.000,0.369,0.000,1.162,4.127
12,patch,20.0,1.0,0,2.707,0.000,2.390,0.000,2.947,4.356,1.919,4.572,1.543,0.000
12,patch,40.0,1.0,0,1.734,4.021,1.439,4.357,1.784,4.152,2.475,0.000,2.716,4.138
12,patch,80.0,1.0,0,5.066,5.547,4.530,4.798,5.403,5.620,8.014,7.676,7.084,6.614
12,patch,160.0,1.0,0,9.038,9.168,7.865,8.375,7.895,7.993,11.409,11.101,12.181,11.937
12,patch,320.0,1.0,0,17.072,16.340,14.859,14.416,15.559,15.087,24.612,23.311,25.445,24.518
13,patch,10.0,1.0,0,0.644,0.000,0.313,0.000,0.707,0.000,0.286,0.000,0.934,0.000
13,patch,20.0,1.0,0,1.739,4.849,2.087,0.000,1.548,0.000,1.272,0.000,2.289,0.000
13,patch,40.0,1.0,0,1.101,0.000,1.726,4.124,0.578,3.624,1.327,4.357,2.106,4.170
13,patch,80.0,1.0,0,2.781,4.484,2.362,4.392,1.913,4.643,2.039,0.000,2.514,3.564
13,patch,160.0,1.0,0,5.891,6.026,5.453,5.742,5.491,5.490,5.728,6.116,7.986,6.001
13,patch,320.0,1.0,0,17.317,14.061,15.847,13.916,16.647,14.324,16.361,13.455,19.707,13.857
14,patch,10.0,1.0,0,0.005,0.000,0.523,0.000,0.019,0.000,0.855,0.000,0.524,0.000
14,patch,20.0,1.0,0,-0.193,0.000,-0.261,0.000,-0.047,0.000,1.583,0.000,1.197,0.000
14,patch,40.0,1.0,0,1.715,0.000,1.441,0.000,1.532,0.000,2.428,3.863,2.594,4.648
14,patch,80.0,1.0,0,4.053,0.000,3.306,0.000,4.085,3.966,4.911,4.680,4.642,4.754
14,patch,160.0,1.0,0,7.926,7.643,6.579,6.352,8.018,7.617,10.184,9.665,11.949,11.217
14,patch,320.0,1.0,0,17.970,17.431,14.885,14.434,17.188,16.736,21.882,21.138,25.030,24.185
15,patch,10.0,1.0,0,0.614,4.250,0.912,0.000,0.846,0.000,-0.544,0.000,0.480,0.000
15,patch,20.0,1.0,0,-0.562,0.000,-0.660,0.000,-0.345,4.043,0.801,0.000,0.625,4.158
15,patch,40.0,1.0,0,-0.481,0.000,-1.530,0.000,-0.260,0.000,0.452,0.000,0.899,4.506
15,patch,80.0,1.0,0,5.515,5.149,4.455,0.000,5.526,5.315,5.232,5.546,7.025,6.183
15,patch,160.0,1.0,0,10.125,9.651,8.589,8.006,9.477,9.135,8.969,8.050,10.624,9.758
15,patch,320.0,1.0,0,19.794,18.260,14.998,14.183,19.532,18.155,18.340,15.729,21.083,18.722
16,patch,10.0,1.0,0,0.592,0.000,0.161,0.000,0.634,0.000,0.394,0.000,1.455,0.000
16,patch,20.0,1.0,0,1.322,0.000,0.571,0.000,1.344,0.000,-0.151,0.000,2.224,0.000
16,patch,40.0,1.0,0,2.908,0.000,2.594,4.070,3.445,4.982,3.443,0.000,4.513,5.190
16,patch,80.0,1.0,0,6.257,6.112,4.947,5.445,5.780,5.811,3.907,5.399,6.919,6.613
16,patch,160.0,1.0,0,13.433,12.025,11.333,9.471,12.667,11.953,10.646,10.258,16.001,14.357
16,patch,320.0,1.0,0,26.646,22.967,20.584,17.319,26.156,23.590,21.257,19.277,33.491,29.205
17,patch,10.0,1.0,0,-0.898,0.000,-0.882,0.000,-0.533,0.000,-0.833,0.000,-0.120,4.005
17,patch,20.0,1.0,0,2.108,0.000,2.058,0.000,1.501,0.000,0.801,0.000,0.767,0.000
17,patch,40.0,1.0,0,2.317,4.063,2.648,0.000,1.228,4.100,2.186,0.000,2.712,4.387
17,patch,80.0,1.0,0,3.044,4.079,2.912,0.000,2.783,0.000,3.310,0.000,3.541,0.000
17,patch,160.0,1.0,0,8.844,6.315,8.561,6.590,8.284,6.434,7.896,6.714,9.904,6.897
17,patch,320.0,1.0,0,16.288,10.788,15.488,11.973,15.327,9.844,14.518,12.783,19.236,13.691
18,patch,10.0,1.0,1,0.439,4.296,0.555,4.582,0.824,4.499,0.175,4.545,1.001,0.000
18,patch,20.0,1.0,1,-1.114,0.000,-0.188,0.000,-1.733,0.000,-0.842,3.884,-1.414,0.000
18,patch,40.0,1.0,1,2.847,4.206,2.435,0.000,2.803,0.000,2.600,4.267,2.536,0.000
18,patch,80.0,1.0,1,1.369,0.000,1.805,0.000,0.983,0.000,2.681,3.635,3.746,0.000
18,patch,160.0,1.0,1,6.729,6.474,6.429,6.306,6.394,6.083,5.839,5.965,6.364,6.300
18,patch,320.0,1.0,1,12.958,12.337,11.712,10.919,11.859,11.449,12.543,12.130,13.256,12.632
19,patch,10.0,1.0,1,-0.020,0.000,0.222,0.000,-0.121,0.000,-1.141,0.000,-0.033,0.000
19,patch,20.0,1.0,1,-1.187,0.000,-1.069,4.305,-1.344,0.000,-0.463,5.468,-0.734,0.000
19,patch,40.0,1.0,1,2.220,0.000,0.717,0.000,2.576,0.000,0.978,0.000,1.791,3.831
19,patch,80.0,1.0,1,-0.564,0.000,-0.288,0.000,-0.431,4.332,1.702,0.000,0.331,0.000
19,patch,160.0,1.0,1,2.988,0.000,1.317,0.000,3.003,0.000,2.411,0.000,5.092,0.000
19,patch,320.0,1.0,1,3.974,4.190,3.071,0.000,3.347,0.000,4.075,4.217,7.926,6.171
20,patch,10.0,1.0,1,0.828,0.000,0.631,0.000,0.819,0.000,-0.061,0.000,0.882,0.000
20,patch,20.0,1.0,1,0.350,0.000,0.618,0.000,0.135,0.000,0.376,0.000,1.271,0.000
20,patch,40.0,1.0,1,1.239,4.419,0.918,4.708,1.160,0.000,1.527,0.000,1.360,0.000
20,patch,80.0,1.0,1,3.038,4.690,2.322,4.578,3.137,4.547,2.956,0.000,3.256,4.735
20,patch,160.0,1.0,1,3.800,5.246,3.278,0.000,4.060,5.318,3.927,4.886,4.065,5.004
20,patch,320.0,1.0,1,10.397,8.700,9.516,7.963,9.597,8.551,9.934,8.443,11.925,9.386
21,patch,10.0,1.0,1,0.890,0.000,1.123,4.293,0.939,0.000,1.336,3.738,1.135,4.227
21,patch,20.0,1.0,1,-1.320,0.000,-1.536,4.414,-1.338,0.000,-1.719,0.000,-0.662,4.015
21,patch,40.0,1.0,1,-1.990,0.000,-1.342,0.000,-2.032,0.000,-1.311,0.000,-1.617,0.000
21,patch,80.0,1.0,1,1.312,4.143,1.532,4.339,1.588,0.000,2.064,0.000,1.850,4.143
21,patch,160.0,1.0,1,2.717,4.364,2.443,4.554,2.756,3.513,2.531,0.000,3.671,4.289
21,patch,320.0,1.0,1,5.636,4.798,6.023,4.718,5.325,4.661,5.397,4.551,6.617,6.025
22,patch,10.0,1.0,1,0.145,4.214,0.306,4.567,-0.088,0.000,-1.043,4.343,-0.591,0.000
22,patch,20.0,1.0,1,1.239,0.000,0.541,0.000,0.961,0.000,-0.872,0.000,-0.175,0.000
22,patch,40.0,1.0,1,0.797,0.000,-1.253,4.076,0.325,0.000,-0.478,0.000,-0.305,0.000
22,patch,80.0,1.0,1,4.114,4.527,2.902,0.000,4.133,4.337,2.649,0.000,3.653,4.014
22,patch,160.0,1.0,1,5.167,4.870,3.225,4.487,4.897,4.899,3.611,4.130,2.899,4.429
22,patch,320.0,1.0,1,9.896,8.652,7.932,7.108,8.917,8.301,4.926,4.982,6.895,6.266
23,patch,10.0,1.0,1,1.445,0.000,1.349,4.442,1.475,0.000,1.815,0.000,1.707,0.000
23,patch,20.0,1.0,1,0.015,4.031,0.113,4.160,0.215,0.000,1.057,0.000,0.288,4.255
23,patch,40.0,1.0,1,1.090,4.351,1.488,4.609,1.046,3.851,1.592,0.000,2.167,4.920
23,patch,80.0,1.0,1,0.976,0.000,0.982,3.712,0.980,0.000,0.980,0.000,0.658,0.000
23,patch,160.0,1.0,1,2.920,0.000,2.783,0.000,3.230,0.000,3.317,0.000,2.945,0.000
23,patch,320.0,1.0,1,7.520,6.407,6.432,6.180,7.509,6.472,8.589,6.927,9.331,7.308
24,patch,10.0,1.0,1,0.739,0.000,0.662,4.499,0.633,0.000,0.269,4.397,0.514,4.470
24,patch,20.0,1.0,1,2.844,0.000,2.736,4.097,3.708,0.000,3.136,0.000,2.354,4.663
24,patch,40.0,1.0,1,2.689,0.000,3.179,4.199,2.978,0.000,3.002,0.000,2.416,0.000
24,patch,80.0,1.0,1,3.377,0.000,3.332,0.000,4.332,0.000,3.699,0.000,4.959,0.000
24,patch,160.0,1.0,1,9.957,9.109,9.388,8.963,9.357,9.435,8.939,9.004,10.281,9.405
24,patch,320.0,1.0,1,16.409,12.858,16.032,12.844,14.872,12.546,14.713,12.217,18.786,13.756
25,patch,10.0,1.0,1,1.143,0.000,0.844,0.000,1.595,0.000,1.384,0.000,1.325,0.000
25,patch,20.0,1.0,1,1.109,0.000,1.025,0.000,1.221,4.088,0.817,0.000,0.438,0.000
25,patch,40.0,1.0,1,0.796,0.000,0.643,0.000,0.956,4.088,1.113,3.781,1.029,0.000
25,patch,80.0,1.0,1,0.179,4.424,0.231,3.994,0.636,0.000,0.620,0.000,0.481,0.000
25,patch,160.0,1.0,1,0.998,0.000,1.295,0.000,0.870,0.000,0.536,0.000,1.057,0.000
25,patch,320.0,1.0,1,2.156,0.000,2.041,0.000,1.987,0.000,2.628,0.000,2.714,0.000
26,patch,10.0,1.0,1,0.271,4.535,0.053,0.000,0.059,4.559,-0.292,0.000,0.123,0.000
26,patch,20.0,1.0,1,1.110,0.000,1.188,0.000,1.102,0.000,1.637,0.000,0.952,0.000
26,patch,40.0,1.0,1,1.025,4.480,0.193,0.000,1.400,4.351,0.856,4.283,1.419,4.547
26,patch,80.0,1.0,1,1.229,0.000,1.035,4.494,1.088,0.000,0.903,0.000,1.265,0.000
26,patch,160.0,1.0,1,4.485,4.964,4.640,5.079,3.894,0.000,3.720,0.000,4.916,0.000
26,patch,320.0,1.0,1,7.073,6.076,6.819,6.132,6.680,5.949,6.670,6.067,7.675,6.001
27,patch,10.0,1.0,1,0.512,0.000,0.499,0.000,0.498,0.000,1.226,0.000,1.044,0.000
27,patch,20.0,1.0,1,1.493,0.000,1.291,4.353,1.365,0.000,0.751,4.856,1.045,0.000
27,patch,40.0,1.0,1,-1.771,3.981,-0.976,4.423,-1.658,4.632,-1.308,0.000,-0.917,0.000
27,patch,80.0,1.0,1,1.019,0.000,0.809,4.156,1.071,0.000,1.177,4.365,1.120,0.000
27,patch,160.0,1.0,1,1.318,4.238,0.789,4.335,1.449,0.000,1.498,4.351,2.364,4.307
27,patch,320.0,1.0,1,5.776,5.207,5.850,5.341,5.675,4.896,5.863,5.096,6.511,5.471
28,patch,10.0,1.0,1,0.661,0.000,0.863,0.000,0.613,0.000,0.099,4.295,0.391,0.000
28,patch,20.0,1.0,1,0.274,3.499,0.383,3.782,-0.044,0.000,0.162,0.000,0.610,0.000
28,patch,40.0,1.0,1,-0.241,0.000,0.002,0.000,-0.260,0.000,-0.676,0.000,-0.502,0.000
28,patch,80.0,1.0,1,3.474,0.000,3.363,0.000,3.740,0.000,3.628,0.000,3.826,0.000
28,patch,160.0,1.0,1,5.699,6.127,5.188,5.799,5.574,6.192,5.781,5.416,6.213,6.188
28,patch,320.0,1.0,1,10.355,9.657,10.351,9.708,10.286,9.603,10.935,9.825,11.308,9.477
29,patch,10.0,1.0,1,0.096,0.000,-0.066,4.665,0.176,0.000,0.745,0.000,0.769,0.000
29,patch,20.0,1.0,1,1.455,0.000,1.746,0.000,1.440,0.000,1.244,0.000,1.596,4.767
29,patch,40.0,1.0,1,2.786,0.000,2.686,0.000,3.022,0.000,4.130,0.000,5.064,0.000
29,patch,80.0,1.0,1,2.811,0.000,3.357,3.633,2.595,0.000,3.792,0.000,3.676,0.000
29,patch,160.0,1.0,1,6.264,4.573,5.143,0.000,6.439,4.568,7.148,5.158,7.279,5.118
29,patch,320.0,1.0,1,13.113,8.959,11.861,8.025,12.531,9.041,14.177,10.697,15.780,11.061
30,patch,10.0,1.0,1,0.343,4.169,0.208,0.000,0.539,0.000,-0.018,4.132,-0.077,0.000
30,patch,20.0,1.0,1,0.226,0.000,0.181,0.000,0.688,4.062,0.795,0.000,0.297,0.000
30,patch,40.0,1.0,1,-0.401,0.000,0.248,0.000,-0.786,3.233,-1.045,0.000,-1.059,0.000
30,patch,80.0,1.0,1,4.819,5.570,4.256,4.931,4.666,6.129,4.817,5.673,5.477,5.703
30,patch,160.0,1.0,1,7.813,7.530,7.710,7.576,7.548,7.321,8.166,7.652,10.478,9.855
30,patch,320.0,1.0,1,18.402,16.588,17.565,15.972,17.517,16.177,18.686,16.380,21.221,17.432
31,patch,10.0,1.0,1,-1.052,0.000,-1.194,0.000,-1.270,0.000,-0.551,0.000,-1.064,0.000
31,patch,20.0,1.0,1,1.736,0.000,1.626,0.000,0.749,0.000,0.844,0.000,2.633,0.000
31,patch,40.0,1.0,1,3.138,0.000,3.543,0.000,3.326,0.000,3.365,0.000,4.048,0.000
31,patch,80.0,1.0,1,0.253,4.769,0.406,0.000,1.809,4.796,1.350,0.000,-0.114,0.000
31,patch,160.0,1.0,1,2.042,0.000,2.131,0.000,2.483,0.000,2.207,3.796,2.945,0.000
31,patch,320.0,1.0,1,5.215,4.285,5.161,5.032,5.451,4.750,5.024,4.533,5.581,4.675
32,patch,10.0,1.0,1,-0.241,0.000,-0.518,0.000,-0.252,0.000,0.039,0.000,0.674,0.000
32,patch,20.0,1.0,1,1.957,4.265,1.889,4.162,1.824,4.783,1.290,0.000,0.985,4.904
32,patch,40.0,1.0,1,3.398,4.410,3.450,0.000,3.298,0.000,2.727,4.723,3.444,0.000
32,patch,80.0,1.0,1,6.740,6.702,4.965,5.063,6.797,6.681,7.030,6.702,6.862,6.490
32,patch,160.0,1.0,1,10.221,10.043,9.409,8.937,9.908,9.822,12.429,11.102,13.862,12.349
32,patch,320.0,1.0,1,20.851,18.482,17.513,16.056,20.670,18.356,23.590,20.587,26.278,22.867
33,patch,10.0,1.0,1,1.006,0.000,0.882,0.000,0.973,0.000,0.513,0.000,0.752,3.691
33,patch,20.0,1.0,1,0.311,0.000,0.289,4.786,0.252,0.000,0.220,0.000,0.418,4.177
33,patch,40.0,1.0,1,0.529,0.000,1.063,0.000,0.564,0.000,-0.214,4.557,-0.011,4.842
33,patch,80.0,1.0,1,2.384,0.000,2.228,0.000,2.275,0.000,2.365,0.000,2.472,0.000
33,patch,160.0,1.0,1,3.496,4.034,2.920,0.000,3.683,3.865,3.808,0.000,3.734,0.000
33,patch,320.0,1.0,1,7.897,6.525,7.353,6.520,7.834,6.491,7.806,6.244,8.601,6.348
34,patch,10.0,1.0,1,0.527,0.000,0.332,0.000,0.362,0.000,0.009,0.000,-0.283,0.000
34,patch,20.0,1.0,1,0.828,0.000,0.884,0.000,0.959,0.000,1.097,4.054,1.445,4.293
34,patch,40.0,1.0,1,3.210,4.096,2.604,4.034,3.271,4.250,3.463,4.015,3.727,4.042
34,patch,80.0,1.0,1,4.579,5.026,3.858,4.841,4.627,4.845,4.192,4.596,5.431,4.794
34,patch,160.0,1.0,1,7.942,8.595,6.927,7.354,7.657,8.329,8.910,8.861,10.276,9.052
34,patch,320.0,1.0,1,18.616,16.986,17.754,15.999,17.993,16.590,18.650,16.544,21.810,19.089
35,patch,10.0,1.0,1,1.336,4.267,1.258,0.000,1.370,0.000,0.766,0.000,1.784,4.240
35,patch,20.0,1.0,1,2.464,0.000,2.033,0.000,2.149,0.000,2.402,0.000,2.103,0.000
35,patch,40.0,1.0,1,2.240,0.000,1.977,0.000,2.168,0.000,2.547,3.997,3.220,4.827
35,patch,80.0,1.0,1,4.883,4.145,4.195,3.798,4.832,4.727,4.813,4.818,5.512,4.951
35,patch,160.0,1.0,1,9.103,7.115,8.507,6.943,8.395,6.180,7.244,5.823,9.634,7.358
35,patch,320.0,1.0,1,16.889,13.175,15.421,12.495,15.632,12.261,14.681,11.350,19.737,14.604
36,patch,10.0,1.0,2,-1.594,0.000,-1.741,0.000,-1.850,4.119,-1.558,0.000,-1.103,0.000
36,patch,20.0,1.0,2,-0.001,4.740,0.254,0.000,-0.002,4.607,0.812,4.865,0.670,4.276
36,patch,40.0,1.0,2,0.837,0.000,0.503,0.000,0.564,4.638,0.141,0.000,0.033,4.200
36,patch,80.0,1.0,2,2.571,0.000,2.291,0.000,2.572,0.000,2.318,0.000,3.123,4.338
36,patch,160.0,1.0,2,2.901,4.200,2.399,0.000,2.865,0.000,3.124,0.000,3.718,5.019
36,patch,320.0,1.0,2,5.777,6.077,5.235,5.492,5.868,6.056,6.843,6.131,7.803,7.095
37,patch,10.0,1.0,2,0.308,0.000,-0.004,0.000,0.294,0.000,0.461,0.000,0.326,3.950
37,patch,20.0,1.0,2,0.996,3.750,1.382,0.000,0.749,3.945,0.620,0.000,0.920,3.629
37,patch,40.0,1.0,2,-1.391,0.000,-0.760,0.000,-1.590,0.000,-1.285,0.000,-1.826,0.000
37,patch,80.0,1.0,2,1.337,0.000,1.724,0.000,1.289,0.000,1.600,3.739,1.278,0.000
37,patch,160.0,1.0,2,2.223,0.000,2.095,0.000,2.073,0.000,2.235,0.000,3.080,0.000
37,patch,320.0,1.0,2,6.876,6.651,6.835,6.610,6.740,6.567,6.969,6.728,7.431,7.140
38,patch,10.0,1.0,2,1.250,0.000,0.959,0.000,1.173,0.000,1.161,4.242,1.299,0.000
38,patch,20.0,1.0,2,2.039,4.454,2.296,0.000,2.278,4.300,2.090,5.175,2.423,0.000
38,patch,40.0,1.0,2,0.038,0.000,-0.440,0.000,0.201,3.668,0.102,0.000,0.219,0.000
38,patch,80.0,1.0,2,1.170,0.000,1.066,0.000,1.213,0.000,1.465,0.000,0.745,0.000
38,patch,160.0,1.0,2,2.794,0.000,2.732,0.000,2.977,0.000,3.604,0.000,2.533,0.000
38,patch,320.0,1.0,2,7.538,7.062,7.335,6.846,7.554,7.053,7.730,7.124,7.782,7.127
39,patch,10.0,1.0,2,-1.050,0.000,-0.249,0.000,-1.295,3.255,-1.540,0.000,-0.815,5.392
39,patch,20.0,1.0,2,0.062,0.000,-0.434,0.000,0.100,0.000,-0.473,0.000,0.019,0.000
39,patch,40.0,1.0,2,-1.143,4.744,-1.047,4.853,-1.102,0.000,-0.842,4.572,-0.836,0.000
39,patch,80.0,1.0,2,0.538,0.000,0.641,0.000,0.821,4.000,1.238,4.994,0.727,0.000
39,patch,160.0,1.0,2,2.273,0.000,2.052,0.000,2.448,0.000,2.097,0.000,2.255,4.358
39,patch,320.0,1.0,2,4.670,4.554,4.462,4.392,4.775,0.000,4.544,4.592,4.792,4.635
40,patch,10.0,1.0,2,0.191,0.000,0.118,0.000,0.042,0.000,-0.180,0.000,-0.663,0.000
40,patch,20.0,1.0,2,-1.026,0.000,-1.069,0.000,-0.763,4.423,-0.443,0.000,-0.126,0.000
40,patch,40.0,1.0,2,1.510,4.204,0.769,4.180,1.432,0.000,1.436,0.000,1.104,0.000
40,patch,80.0,1.0,2,-0.567,4.530,-0.237,4.727,-0.709,0.000,-0.462,4.776,-0.729,0.000
40,patch,160.0,1.0,2,0.202,0.000,0.128,3.550,0.081,0.000,0.239,0.000,0.026,0.000
40,patch,320.0,1.0,2,0.581,0.000,0.197,0.000,0.697,0.000,1.169,0.000,1.086,0.000
41,patch,10.0,1.0,2,-0.625,0.000,-0.812,0.000,-0.631,0.000,-0.177,0.000,1.096,0.000
41,patch,20.0,1.0,2,1.102,0.000,0.969,0.000,1.540,4.803,0.013,0.000,-0.604,4.857
41,patch,40.0,1.0,2,0.871,3.161,0.768,0.000,1.135,0.000,0.668,3.172,1.181,0.000
41,patch,80.0,1.0,2,-0.107,0.000,-0.750,0.000,0.068,0.000,-1.372,0.000,-0.495,3.550
41,patch,160.0,1.0,2,1.451,4.457,0.578,5.308,1.339,4.953,0.921,0.000,1.210,0.000
41,patch,320.0,1.0,2,2.864,0.000,2.050,0.000,2.967,0.000,3.413,0.000,3.170,0.000
42,patch,10.0,1.0,2,-0.675,4.668,0.118,0.000,-0.886,0.000,-0.651,0.000,-0.520,3.800
42,patch,20.0,1.0,2,1.957,0.000,1.443,0.000,1.826,3.718,1.372,3.896,0.871,0.000
42,patch,40.0,1.0,2,0.224,0.000,0.330,0.000,0.617,0.000,-0.688,4.330,0.490,0.000
42,patch,80.0,1.0,2,2.555,0.000,2.488,0.000,2.531,0.000,2.091,0.000,1.902,0.000
42,patch,160.0,1.0,2,4.332,0.000,3.023,0.000,4.362,4.372,3.592,0.000,3.630,0.000
42,patch,320.0,1.0,2,7.390,6.872,5.967,5.502,7.407,7.216,6.475,6.435,7.080,6.846
43,patch,10.0,1.0,2,-0.762,3.534,-0.564,0.000,-0.539,3.338,-0.886,0.000,-0.491,4.269
43,patch,20.0,1.0,2,0.273,0.000,-0.265,0.000,-0.004,0.000,-0.506,4.662,-0.761,0.000
43,patch,40.0,1.0,2,-0.053,0.000,-1.528,0.000,0.125,0.000,-0.624,0.000,-0.213,4.263
43,patch,80.0,1.0,2,1.407,4.986,2.017,5.011,1.504,4.790,1.255,4.416,2.136,0.000
43,patch,160.0,1.0,2,4.027,4.531,4.078,0.000,4.026,4.363,4.911,4.805,4.453,4.320
43,patch,320.0,1.0,2,7.787,7.615,6.817,6.470,7.610,7.482,7.912,7.433,10.009,9.481
44,patch,10.0,1.0,2,0.673,0.000,0.558,0.000,0.736,0.000,0.328,0.000,0.832,0.000
44,patch,20.0,1.0,2,0.001,0.000,0.856,0.000,-0.092,0.000,0.118,0.000,-0.608,0.000
44,patch,40.0,1.0,2,-0.343,0.000,-0.427,0.000,-0.350,4.221,-0.804,0.000,-0.802,0.000
44,patch,80.0,1.0,2,0.744,4.651,0.942,5.126,0.630,4.642,0.718,4.476,0.380,4.602
44,patch,160.0,1.0,2,3.113,0.000,3.019,4.056,3.244,0.000,3.165,0.000,3.367,0.000
44,patch,320.0,1.0,2,5.905,5.828,6.049,5.944,5.389,5.360,4.872,4.530,7.058,6.891
45,patch,10.0,1.0,2,0.768,0.000,0.798,0.000,0.587,4.008,0.713,0.000,0.671,0.000
45,patch,20.0,1.0,2,0.080,0.000,0.126,0.000,0.257,0.000,-0.397,0.000,0.599,0.000
45,patch,40.0,1.0,2,2.597,4.614,2.511,0.000,2.464,0.000,2.508,0.000,1.936,0.000
45,patch,80.0,1.0,2,0.253,0.000,0.419,0.000,-0.124,0.000,0.425,3.840,0.954,0.000
45,patch,160.0,1.0,2,2.367,0.000,2.614,0.000,2.249,3.892,2.554,0.000,2.941,4.596
45,patch,320.0,1.0,2,6.179,6.078,5.724,5.753,6.463,6.354,6.590,6.199,6.229,5.973
46,patch,10.0,1.0,2,-1.777,0.000,-1.620,4.199,-1.654,0.000,-1.516,4.116,-1.852,0.000
46,patch,20.0,1.0,2,1.505,0.000,1.885,0.000,1.505,0.000,1.640,4.271,1.456,4.963
46,patch,40.0,1.0,2,0.395,4.402,0.368,4.359,0.198,0.000,0.681,0.000,0.286,4.237
46,patch,80.0,1.0,2,0.188,0.000,-0.308,0.000,-0.022,0.000,0.209,0.000,0.336,4.352
46,patch,160.0,1.0,2,0.858,3.959,0.640,3.903,0.477,0.000,0.605,4.157,0.956,4.263
46,patch,320.0,1.0,2,2.700,0.000,2.726,4.471,2.800,0.000,3.255,0.000,3.203,4.308
47,patch,10.0,1.0,2,0.712,0.000,1.143,0.000,0.607,0.000,0.852,0.000,1.181,0.000
47,patch,20.0,1.0,2,0.487,4.719,0.135,0.000,0.705,0.000,0.618,0.000,0.441,0.000
47,patch,40.0,1.0,2,0.645,0.000,0.723,0.000,0.886,0.000,1.778,0.000,1.656,4.514
47,patch,80.0,1.0,2,2.953,0.000,2.087,4.419,2.972,0.000,2.648,4.210,2.816,0.000
47,patch,160.0,1.0,2,2.965,0.000,2.940,3.946,3.028,0.000,3.148,0.000,3.497,0.000
47,patch,320.0,1.0,2,8.129,7.242,7.390,6.183,8.065,7.255,9.391,8.509,8.885,7.993
48,patch,10.0,1.0,2,0.321,4.490,-0.235,4.428,0.451,4.689,0.601,5.104,0.588,4.743
48,patch,20.0,1.0,2,0.014,0.000,0.393,0.000,-0.139,0.000,-0.294,0.000,0.050,0.000
48,patch,40.0,1.0,2,-0.655,0.000,-0.381,3.973,-0.755,0.000,-1.193,4.359,-1.059,4.673
48,patch,80.0,1.0,2,1.271,0.000,1.434,4.075,1.185,0.000,1.202,0.000,2.326,0.000
48,patch,160.0,1.0,2,4.164,5.466,3.353,4.456,4.018,5.341,4.469,5.747,4.432,5.442
48,patch,320.0,1.0,2,5.667,5.838,4.937,5.619,5.588,5.566,5.836,5.818,6.832,6.579
49,patch,10.0,1.0,2,-1.616,0.000,-1.633,3.650,-1.210,0.000,-1.032,0.000,-1.606,0.000
49,patch,20.0,1.0,2,-0.294,0.000,-0.304,3.952,-0.126,3.279,-1.151,0.000,0.332,4.911
49,patch,40.0,1.0,2,-0.757,0.000,-1.093,0.000,-0.617,0.000,0.577,0.000,-0.161,0.000
49,patch,80.0,1.0,2,2.962,0.000,2.156,0.000,3.081,0.000,3.191,0.000,2.401,0.000
49,patch,160.0,1.0,2,2.761,4.441,2.399,4.134,2.653,4.364,3.126,4.916,3.734,4.562
49,patch,320.0,1.0,2,6.758,6.507,6.342,6.327,6.672,6.594,6.573,6.128,6.479,5.827
50,patch,10.0,1.0,2,-0.985,4.469,-0.872,4.057,-0.744,4.445,-0.600,0.000,-0.567,0.000
50,patch,20.0,1.0,2,0.879,4.751,1.162,4.550,0.780,5.236,1.131,0.000,1.305,4.559
50,patch,40.0,1.0,2,-0.424,0.000,0.478,0.000,-0.236,0.000,-0.084,4.340,-0.466,0.000
50,patch,80.0,1.0,2,3.217,4.546,3.096,4.470,3.296,4.626,3.740,0.000,3.100,0.000
50,patch,160.0,1.0,2,2.193,4.320,2.493,0.000,2.328,3.997,3.145,4.156,2.739,0.000
50,patch,320.0,1.0,2,6.622,6.599,6.096,5.763,6.572,6.409,7.018,6.041,7.545,6.450
51,patch,10.0,1.0,2,-0.971,3.961,-0.961,0.000,-0.750,3.900,-0.516,0.000,-0.200,4.335
51,patch,20.0,1.0,2,1.023,0.000,1.254,4.194,1.012,4.604,0.839,4.804,0.949,0.000
51,patch,40.0,1.0,2,1.760,4.195,1.759,4.686,1.769,4.277,1.414,0.000,1.922,4.292
51,patch,80.0,1.0,2,-1.183,4.446,-0.947,3.888,-1.321,0.000,-1.244,4.404,-1.256,0.000
51,patch,160.0,1.0,2,4.749,5.480,4.716,5.100,4.504,4.751,4.655,5.115,4.825,5.289
51,patch,320.0,1.0,2,4.349,0.000,3.913,4.711,4.543,4.490,4.266,0.000,4.940,4.375
52,patch,10.0,1.0,2,-0.880,0.000,-1.583,0.000,-0.506,4.024,-0.552,0.000,-0.246,0.000
52,patch,20.0,1.0,2,-0.172,0.000,-0.701,0.000,-0.251,0.000,-0.136,4.295,0.306,0.000
52,patch,40.0,1.0,2,-0.828,0.000,-0.370,0.000,-0.830,0.000,-0.316,0.000,-0.167,4.200
52,patch,80.0,1.0,2,1.481,0.000,2.175,4.085,1.440,4.277,1.436,0.000,1.975,0.000
52,patch,160.0,1.0,2,0.810,0.000,0.587,0.000,0.731,4.166,0.528,0.000,1.504,0.000
52,patch,320.0,1.0,2,6.062,5.862,4.670,5.126,5.924,6.053,5.916,6.688,6.019,5.832
53,patch,10.0,1.0,2,1.115,3.986,0.759,0.000,0.784,3.949,1.019,0.000,0.840,0.000
53,patch,20.0,1.0,2,0.446,0.000,0.177,0.000,0.447,0.000,0.409,3.929,0.477,4.203
53,patch,40.0,1.0,2,0.754,4.228,0.089,0.000,0.745,4.103,0.330,3.875,0.310,3.888
53,patch,80.0,1.0,2,-0.183,0.000,-0.542,0.000,-0.140,0.000,0.049,0.000,-0.303,0.000
53,patch,160.0,1.0,2,1.207,4.396,1.526,0.000,1.283,0.000,1.848,0.000,1.538,3.913
53,patch,320.0,1.0,2,3.656,0.000,3.711,0.000,3.617,4.659,4.020,0.000,4.439,4.834
54,patch,10.0,1.0,3,0.525,0.000,0.534,4.296,0.390,0.000,0.814,0.000,0.687,0.000
54,patch,20.0,1.0,3,-0.206,4.436,-0.538,4.136,-0.088,4.367,0.068,4.259,-0.167,0.000
54,patch,40.0,1.0,3,1.988,3.883,2.254,0.000,1.916,0.000,1.821,0.000,1.443,3.783
54,patch,80.0,1.0,3,0.220,4.214,0.720,0.000,0.222,4.520,0.664,4.262,0.661,3.990
54,patch,160.0,1.0,3,1.410,0.000,0.975,4.160,1.223,0.000,0.721,4.394,0.930,0.000
54,patch,320.0,1.0,3,4.046,0.000,4.150,0.000,4.202,4.528,3.982,4.802,4.802,5.172
55,patch,10.0,1.0,3,0.162,0.000,-0.079,0.000,0.189,0.000,-0.422,4.189,-0.253,0.000
55,patch,20.0,1.0,3,0.854,0.000,1.019,4.392,0.961,0.000,1.398,0.000,1.103,0.000
55,patch,40.0,1.0,3,0.734,4.205,0.698,4.243,0.737,3.929,0.368,0.000,0.240,0.000
55,patch,80.0,1.0,3,0.666,4.714,0.062,4.255,0.475,0.000,0.462,0.000,0.361,4.825
55,patch,160.0,1.0,3,1.653,0.000,1.521,0.000,1.486,0.000,1.464,0.000,1.287,4.550
55,patch,320.0,1.0,3,5.067,4.973,5.059,5.172,4.854,4.656,5.567,5.107,5.835,5.356
56,patch,10.0,1.0,3,-0.079,4.464,-0.377,0.000,0.134,4.561,0.049,4.360,0.300,0.000
56,patch,20.0,1.0,3,-1.314,0.000,-1.178,0.000,-1.208,0.000,-1.001,0.000,-0.901,0.000
56,patch,40.0,1.0,3,0.094,3.510,-0.324,0.000,-0.057,0.000,0.062,4.402,-0.033,0.000
56,patch,80.0,1.0,3,0.306,0.000,0.187,0.000,0.374,0.000,0.377,0.000,1.042,0.000
56,patch,160.0,1.0,3,2.461,0.000,2.788,0.000,2.431,0.000,2.082,0.000,2.259,0.000
56,patch,320.0,1.0,3,3.857,4.480,3.385,4.042,3.876,4.448,2.988,0.000,3.684,0.000
57,patch,10.0,1.0,3,0.455,4.294,1.103,0.000,0.359,4.242,0.748,4.478,0.214,0.000
57,patch,20.0,1.0,3,1.659,3.731,-0.010,3.985,1.592,3.750,0.801,0.000,1.215,0.000
57,patch,40.0,1.0,3,-0.322,0.000,-0.893,0.000,-0.160,0.000,0.137,4.351,0.345,0.000
57,patch,80.0,1.0,3,1.696,0.000,1.847,0.000,1.636,3.339,1.327,3.656,1.886,0.000
57,patch,160.0,1.0,3,1.594,0.000,1.723,4.541,1.443,0.000,0.854,0.000,1.355,0.000
57,patch,320.0,1.0,3,2.533,4.248,1.811,4.342,2.637,4.452,3.034,5.173,3.687,0.000
58,patch,10.0,1.0,3,1.940,0.000,2.319,4.154,1.743,0.000,1.676,0.000,1.318,0.000
58,patch,20.0,1.0,3,1.301,4.594,1.345,0.000,1.084,4.725,0.439,4.545,0.629,3.831
58,patch,40.0,1.0,3,0.700,4.202,-0.039,0.000,0.451,4.172,0.643,0.000,-0.379,4.273
58,patch,80.0,1.0,3,1.881,3.594,1.646,3.464,1.599,4.088,0.854,0.000,0.877,0.000
58,patch,160.0,1.0,3,2.250,0.000,2.299,4.194,2.390,3.929,3.070,4.099,2.553,4.501
58,patch,320.0,1.0,3,2.660,4.470,2.748,4.940,2.807,4.792,2.620,0.000,3.750,4.620
59,patch,10.0,1.0,3,1.357,0.000,1.178,0.000,1.336,0.000,-0.057,0.000,1.179,0.000
59,patch,20.0,1.0,3,0.273,4.039,-0.326,4.732,0.437,0.000,0.820,4.134,1.635,0.000
59,patch,40.0,1.0,3,-1.773,0.000,-0.842,0.000,-1.558,0.000,-1.312,0.000,-1.010,4.168
59,patch,80.0,1.0,3,0.320,0.000,0.445,0.000,0.126,0.000,-0.235,0.000,0.269,0.000
59,patch,160.0,1.0,3,-0.579,0.000,-0.487,4.282,-0.663,0.000,-0.351,0.000,-0.847,0.000
59,patch,320.0,1.0,3,4.575,4.809,2.442,4.217,4.569,4.693,4.044,0.000,4.097,4.282
60,patch,10.0,1.0,3,0.023,0.000,0.163,0.000,-0.086,0.000,-0.752,4.068,-0.553,0.000
60,patch,20.0,1.0,3,0.036,4.314,0.034,4.380,-0.033,4.033,0.353,4.157,0.248,4.183
60,patch,40.0,1.0,3,1.400,4.277,0.775,4.378,1.237,4.238,1.183,0.000,0.589,0.000
60,patch,80.0,1.0,3,0.247,4.249,1.074,4.244,0.130,0.000,0.340,4.131,0.150,0.000
60,patch,160.0,1.0,3,0.524,0.000,-0.130,0.000,0.533,0.000,0.508,0.000,1.283,0.000
60,patch,320.0,1.0,3,1.301,4.110,0.643,0.000,1.480,0.000,1.286,4.277,1.695,4.362
61,patch,10.0,1.0,3,-1.210,4.425,-0.812,4.634,-1.381,4.350,-1.397,4.428,-1.169,4.298
61,patch,20.0,1.0,3,0.276,3.703,0.555,0.000,0.306,4.551,1.365,0.000,1.233,0.000
61,patch,40.0,1.0,3,1.996,0.000,1.751,0.000,2.113,0.000,0.764,0.000,1.061,0.000
61,patch,80.0,1.0,3,2.165,4.253,1.974,0.000,2.423,0.000,2.087,0.000,2.570,4.013
61,patch,160.0,1.0,3,2.761,0.000,2.812,5.023,2.316,3.888,1.451,0.000,2.088,0.000
61,patch,320.0,1.0,3,2.819,0.000,2.292,3.749,2.629,0.000,2.308,0.000,4.364,4.747
62,patch,10.0,1.0,3,-0.076,0.000,0.587,4.247,-0.216,0.000,0.644,4.679,0.494,0.000
62,patch,20.0,1.0,3,-1.250,0.000,-0.490,0.000,-1.287,4.300,-0.793,0.000,-0.333,0.000
62,patch,40.0,1.0,3,0.402,4.658,0.444,0.000,-0.024,4.586,-1.458,0.000,-0.172,0.000
62,patch,80.0,1.0,3,-0.330,4.342,-0.005,0.000,-0.722,4.352,0.091,4.540,1.302,0.000
62,patch,160.0,1.0,3,0.747,0.000,2.008,4.139,0.809,0.000,0.858,3.811,0.338,0.000
62,patch,320.0,1.0,3,2.076,0.000,1.618,0.000,1.733,0.000,1.389,0.000,2.538,4.051
63,patch,10.0,1.0,3,0.601,0.000,0.569,0.000,0.453,0.000,0.478,0.000,-0.128,0.000
63,patch,20.0,1.0,3,2.154,0.000,2.099,0.000,2.205,0.000,1.748,0.000,1.787,3.887
63,patch,40.0,1.0,3,-0.187,0.000,-1.082,0.000,0.104,0.000,0.747,0.000,-0.009,0.000
63,patch,80.0,1.0,3,-0.664,0.000,-0.211,0.000,-0.640,0.000,0.103,0.000,0.185,0.000
63,patch,160.0,1.0,3,2.428,4.769,1.676,0.000,2.794,4.918,2.623,0.000,2.928,0.000
63,patch,320.0,1.0,3,4.183,4.598,3.735,4.184,4.260,4.733,5.086,4.984,5.308,4.942
64,patch,10.0,1.0,3,0.172,0.000,0.136,0.000,0.288,3.919,-0.032,0.000,0.376,0.000
64,patch,20.0,1.0,3,-0.911,0.000,-0.865,0.000,-0.757,0.000,-0.047,0.000,-0.726,0.000
64,patch,40.0,1.0,3,0.230,3.948,-1.093,3.902,0.411,0.000,-0.201,4.085,0.149,0.000
64,patch,80.0,1.0,3,0.475,4.716,0.139,4.768,0.480,0.000,0.152,4.988,0.583,0.000
64,patch,160.0,1.0,3,1.562,3.747,0.888,4.566,1.789,0.000,2.712,4.486,2.677,0.000
64,patch,320.0,1.0,3,2.916,0.000,2.698,0.000,3.081,0.000,3.279,0.000,3.861,4.261
65,patch,10.0,1.0,3,-0.436,0.000,-0.387,0.000,-0.310,0.000,0.108,0.000,-0.704,0.000
65,patch,20.0,1.0,3,0.711,4.791,0.579,3.780,0.637,4.750,0.342,0.000,0.144,0.000
65,patch,40.0,1.0,3,0.691,0.000,0.521,0.000,0.814,0.000,0.722,0.000,0.401,3.744
65,patch,80.0,1.0,3,0.500,4.229,0.342,0.000,0.424,4.561,0.183,4.735,0.517,4.472
65,patch,160.0,1.0,3,3.691,0.000,3.144,0.000,3.671,0.000,3.849,0.000,3.588,0.000
65,patch,320.0,1.0,3,4.233,4.894,4.234,4.833,4.283,4.949,4.833,5.514,4.825,5.493
66,patch,10.0,1.0,3,0.842,4.655,1.114,0.000,0.986,0.000,1.059,0.000,1.531,4.595
66,patch,20.0,1.0,3,0.502,0.000,0.378,0.000,0.621,0.000,0.874,0.000,1.124,0.000
66,patch,40.0,1.0,3,-0.347,0.000,-0.110,0.000,-0.132,0.000,0.175,0.000,-0.257,0.000
66,patch,80.0,1.0,3,1.096,0.000,0.862,0.000,1.187,0.000,0.782,0.000,0.528,0.000
66,patch,160.0,1.0,3,0.207,0.000,-0.460,0.000,0.281,4.554,0.381,4.199,0.177,0.000
66,patch,320.0,1.0,3,2.778,4.789,2.933,4.549,2.634,4.665,3.305,4.698,3.648,4.761
67,patch,10.0,1.0,3,1.080,0.000,0.978,0.000,1.237,0.000,1.074,0.000,0.783,0.000
67,patch,20.0,1.0,3,1.604,0.000,1.385,0.000,1.184,0.000,0.500,0.000,1.656,4.212
67,patch,40.0,1.0,3,0.631,0.000,0.659,0.000,0.551,0.000,1.114,0.000,0.590,0.000
67,patch,80.0,1.0,3,-0.279,0.000,0.750,4.309,-0.041,0.000,0.102,0.000,0.274,0.000
67,patch,160.0,1.0,3,4.557,5.089,3.276,0.000,4.763,5.258,3.540,0.000,3.551,0.000
67,patch,320.0,1.0,3,3.053,4.294,2.448,4.434,2.850,0.000,4.562,4.977,3.697,4.664
68,patch,10.0,1.0,3,0.703,0.000,0.482,0.000,0.663,0.000,1.067,0.000,0.892,0.000
68,patch,20.0,1.0,3,-0.620,4.177,-0.534,0.000,-0.473,4.105,-0.629,4.534,-0.672,0.000
68,patch,40.0,1.0,3,-1.767,4.099,-1.630,0.000,-1.694,4.231,-1.091,3.732,-1.381,0.000
68,patch,80.0,1.0,3,1.068,0.000,1.126,0.000,1.122,0.000,1.109,4.801,1.778,0.000
68,patch,160.0,1.0,3,2.206,0.000,2.414,0.000,2.162,0.000,1.757,0.000,1.612,0.000
68,patch,320.0,1.0,3,3.676,5.531,4.065,5.217,3.795,4.978,4.038,4.629,3.883,4.857
69,patch,10.0,1.0,3,-0.346,0.000,-0.636,0.000,-0.104,0.000,-0.397,4.505,-0.617,0.000
69,patch,20.0,1.0,3,-0.321,0.000,-0.437,3.735,-0.232,0.000,0.090,0.000,0.204,4.139
69,patch,40.0,1.0,3,3.310,4.548,2.995,4.037,2.989,4.294,2.705,0.000,3.127,4.500
69,patch,80.0,1.0,3,0.371,0.000,0.213,4.106,0.451,0.000,0.013,0.000,0.934,4.259
69,patch,160.0,1.0,3,1.817,4.686,2.113,4.419,2.006,4.583,3.810,5.544,2.729,4.585
69,patch,320.0,1.0,3,4.580,4.635,4.497,0.000,4.728,4.767,5.425,5.021,5.229,5.319
70,patch,10.0,1.0,3,1.959,0.000,1.888,0.000,2.218,0.000,2.456,0.000,2.070,4.070
70,patch,20.0,1.0,3,-0.187,0.000,-0.049,0.000,-0.129,0.000,-0.278,0.000,-0.515,3.883
70,patch,40.0,1.0,3,0.261,0.000,-0.617,0.000,0.375,0.000,0.062,0.000,0.211,0.000
70,patch,80.0,1.0,3,1.125,0.000,1.249,0.000,1.188,0.000,1.438,0.000,1.453,0.000
70,patch,160.0,1.0,3,0.767,3.936,0.612,0.000,0.577,0.000,1.063,0.000,1.627,3.912
70,patch,320.0,1.0,3,2.189,0.000,2.726,4.420,1.985,0.000,2.745,0.000,3.231,0.000
71,patch,10.0,1.0,3,-0.260,0.000,0.185,0.000,-0.220,0.000,0.079,0.000,0.186,0.000
71,patch,20.0,1.0,3,-0.131,0.000,0.330,0.000,-0.265,4.134,0.271,0.000,-0.067,0.000
71,patch,40.0,1.0,3,-0.552,0.000,-0.949,0.000,-0.228,0.000,-0.308,0.000,-0.396,4.182
71,patch,80.0,1.0,3,1.199,0.000,1.520,0.000,1.183,0.000,1.824,0.000,1.138,0.000
71,patch,160.0,1.0,3,2.837,0.000,2.553,0.000,3.063,0.000,2.491,4.343,2.636,0.000
71,patch,320.0,1.0,3,4.812,4.888,4.738,4.728,5.113,4.993,5.025,4.646,6.198,6.053
