# NEW (G4 infant18mo: IED detection, G2 noise model in the time domain) | commit ed852b2
location,family,strength_nAm,stretch,depth_band,squid/combined_oracle_z,squid/combined_event_height,squid/grad_oracle_z,squid/grad_event_height,squid/mag_oracle_z,squid/mag_event_height,opm_matched/opm_oracle_z,opm_matched/opm_event_height,opm_dense/opm_oracle_z,opm_dense/opm_event_height
0,focal,10.0,0.75,0,0.839,0.000,0.872,4.331,0.747,4.277,0.047,0.000,1.925,0.000
0,focal,10.0,1.0,0,0.807,0.000,1.313,0.000,0.158,0.000,0.754,0.000,0.042,0.000
0,focal,10.0,1.5,0,0.953,0.000,-0.569,0.000,0.658,3.973,-0.507,0.000,-0.306,4.300
0,focal,20.0,0.75,0,2.431,0.000,1.745,0.000,1.938,0.000,2.066,0.000,2.412,0.000
0,focal,20.0,1.0,0,-0.168,4.199,1.791,3.290,-1.122,0.000,1.247,0.000,0.067,0.000
0,focal,20.0,1.5,0,1.788,0.000,1.226,0.000,1.936,4.346,1.242,0.000,2.754,0.000
0,focal,40.0,0.75,0,3.201,4.267,3.045,0.000,2.783,3.983,3.655,4.345,4.580,4.274
0,focal,40.0,1.0,0,3.749,0.000,2.493,0.000,3.606,0.000,3.955,3.993,4.902,0.000
0,focal,40.0,1.5,0,4.442,5.219,4.077,4.490,4.345,5.345,4.429,4.660,4.800,5.055
0,focal,80.0,0.75,0,5.824,5.357,4.664,3.988,5.493,5.115,6.829,5.578,7.150,6.441
0,focal,80.0,1.0,0,7.733,6.771,6.953,5.868,6.951,6.047,9.030,7.252,9.120,8.147
0,focal,80.0,1.5,0,6.117,6.448,6.724,6.575,5.451,5.812,8.006,7.316,8.625,7.826
0,focal,160.0,0.75,0,14.567,12.996,11.832,11.034,13.261,12.047,15.195,13.339,14.796,13.862
0,focal,160.0,1.0,0,15.411,14.180,13.507,12.441,14.347,13.353,16.914,13.993,16.961,14.543
0,focal,160.0,1.5,0,17.509,15.506,15.271,13.940,16.517,14.577,17.999,15.181,19.145,16.720
0,focal,320.0,0.75,0,28.060,24.956,22.691,21.394,26.714,23.938,29.733,25.586,31.477,27.817
0,focal,320.0,1.0,0,29.796,26.308,24.071,21.906,27.304,24.380,32.386,26.050,33.275,29.358
0,focal,320.0,1.5,0,34.561,31.004,29.863,27.834,32.151,28.650,36.345,30.645,38.272,33.389
1,focal,10.0,0.75,0,-0.051,0.000,0.011,0.000,-0.020,0.000,-0.191,0.000,-0.184,3.920
1,focal,10.0,1.0,0,1.469,0.000,2.167,0.000,1.104,0.000,2.528,0.000,3.179,0.000
1,focal,10.0,1.5,0,-0.012,4.436,0.267,3.983,-0.211,0.000,-0.546,0.000,-0.592,3.936
1,focal,20.0,0.75,0,0.731,0.000,1.163,0.000,0.778,0.000,2.987,0.000,2.444,4.150
1,focal,20.0,1.0,0,1.639,4.292,2.293,0.000,1.328,4.324,1.627,0.000,1.031,4.183
1,focal,20.0,1.5,0,2.074,4.796,1.716,0.000,1.740,4.384,2.630,4.281,2.267,4.776
1,focal,40.0,0.75,0,2.435,4.471,1.496,0.000,2.143,4.526,2.068,4.053,2.639,4.381
1,focal,40.0,1.0,0,2.936,0.000,2.476,3.815,2.723,0.000,3.823,0.000,3.402,0.000
1,focal,40.0,1.5,0,2.419,0.000,2.418,0.000,2.253,3.764,3.917,0.000,3.284,0.000
1,focal,80.0,0.75,0,5.242,4.085,4.428,4.598,5.168,4.090,9.156,4.964,9.541,5.460
1,focal,80.0,1.0,0,5.608,4.589,3.897,0.000,5.983,4.535,8.720,5.436,8.723,5.037
1,focal,80.0,1.5,0,7.315,6.796,6.161,6.482,7.055,6.367,8.955,6.080,8.759,6.040
1,focal,160.0,0.75,0,12.247,9.376,10.241,8.343,11.574,9.052,16.409,9.515,16.525,8.816
1,focal,160.0,1.0,0,12.332,9.449,10.493,8.006,12.001,9.497,17.627,10.906,16.768,9.968
1,focal,160.0,1.5,0,13.504,10.794,12.417,10.315,12.947,10.664,19.346,11.503,19.268,10.883
1,focal,320.0,0.75,0,24.230,17.782,18.561,14.944,24.082,18.305,33.168,19.778,32.897,19.138
1,focal,320.0,1.0,0,26.563,19.076,22.550,16.625,25.822,18.551,37.277,22.511,36.244,21.578
1,focal,320.0,1.5,0,29.119,21.174,24.468,18.751,28.447,20.906,39.783,23.319,39.351,22.619
2,focal,10.0,0.75,0,1.056,4.636,-0.591,3.832,1.989,0.000,2.717,4.038,2.857,0.000
2,focal,10.0,1.0,0,1.526,4.259,1.361,0.000,1.210,4.250,1.023,0.000,3.592,4.138
2,focal,10.0,1.5,0,1.830,0.000,1.151,0.000,1.652,0.000,2.100,0.000,2.717,0.000
2,focal,20.0,0.75,0,1.887,4.731,0.017,4.361,2.378,0.000,1.901,0.000,2.533,0.000
2,focal,20.0,1.0,0,2.820,0.000,1.996,0.000,2.265,0.000,4.467,4.471,4.351,4.468
2,focal,20.0,1.5,0,0.221,4.592,0.739,4.685,-0.041,0.000,0.666,0.000,1.299,4.069
2,focal,40.0,0.75,0,3.413,0.000,1.439,0.000,3.486,0.000,4.257,4.749,4.826,5.431
2,focal,40.0,1.0,0,5.227,5.431,3.508,0.000,4.746,4.962,7.484,8.185,9.240,9.661
2,focal,40.0,1.5,0,5.306,4.849,4.168,4.273,4.846,4.424,5.299,4.995,8.137,7.539
2,focal,80.0,0.75,0,7.017,6.757,5.702,5.474,6.647,6.567,10.238,10.130,13.541,13.232
2,focal,80.0,1.0,0,7.092,6.856,6.791,6.782,6.262,6.068,9.216,9.118,11.811,11.312
2,focal,80.0,1.5,0,6.808,6.811,5.547,5.286,6.199,6.368,12.233,12.110,15.832,15.611
2,focal,160.0,0.75,0,13.176,12.829,9.467,9.018,12.402,12.044,20.063,19.657,24.067,23.674
2,focal,160.0,1.0,0,14.115,14.163,10.166,10.182,13.800,13.852,25.129,24.976,30.790,30.456
2,focal,160.0,1.5,0,18.877,18.390,15.261,14.838,17.711,17.217,28.358,27.836,35.145,33.983
2,focal,320.0,0.75,0,27.334,27.017,19.834,19.419,25.965,25.621,42.595,42.054,51.725,51.250
2,focal,320.0,1.0,0,30.219,29.860,22.991,22.631,28.650,28.254,48.132,47.503,56.579,55.604
2,focal,320.0,1.5,0,30.614,30.100,23.535,23.204,28.750,28.190,52.475,51.236,62.779,60.923
3,focal,10.0,0.75,0,0.368,0.000,-0.387,0.000,0.708,0.000,0.780,0.000,0.969,0.000
3,focal,10.0,1.0,0,1.271,0.000,0.953,0.000,0.866,3.726,1.171,3.804,1.320,0.000
3,focal,10.0,1.5,0,-0.494,0.000,0.937,0.000,-0.938,0.000,0.834,0.000,-0.270,0.000
3,focal,20.0,0.75,0,-2.382,4.341,-1.950,0.000,-2.315,4.462,-1.082,0.000,-1.781,0.000
3,focal,20.0,1.0,0,-0.053,0.000,0.081,0.000,-0.197,0.000,0.625,0.000,1.311,0.000
3,focal,20.0,1.5,0,0.876,4.930,1.030,4.161,0.666,4.937,2.103,0.000,2.878,0.000
3,focal,40.0,0.75,0,2.125,0.000,0.446,3.842,2.430,3.343,2.242,0.000,2.793,4.229
3,focal,40.0,1.0,0,1.894,4.401,0.637,0.000,1.930,4.507,1.476,0.000,2.953,0.000
3,focal,40.0,1.5,0,1.061,0.000,-1.033,4.325,0.982,0.000,0.233,0.000,1.344,0.000
3,focal,80.0,0.75,0,5.879,4.832,3.955,0.000,5.547,0.000,4.456,4.955,6.405,5.935
3,focal,80.0,1.0,0,2.420,0.000,1.644,3.991,2.126,0.000,0.209,4.498,6.298,6.231
3,focal,80.0,1.5,0,5.779,5.243,4.844,5.089,5.405,0.000,4.875,5.446,7.678,7.921
3,focal,160.0,0.75,0,6.101,5.661,5.230,5.256,5.761,5.379,6.539,5.910,11.285,10.454
3,focal,160.0,1.0,0,7.822,6.923,4.857,4.920,7.470,6.567,7.112,5.958,12.927,11.476
3,focal,160.0,1.5,0,6.733,6.562,4.533,4.580,6.370,6.244,6.635,5.937,14.091,12.465
3,focal,320.0,0.75,0,13.036,11.600,9.422,8.840,12.430,10.929,12.731,10.310,23.533,21.243
3,focal,320.0,1.0,0,14.647,13.234,10.073,9.515,14.170,12.977,14.346,11.467,26.872,24.420
3,focal,320.0,1.5,0,17.049,16.667,13.252,13.328,15.620,15.485,13.643,12.358,28.929,26.607
4,focal,10.0,0.75,0,1.947,4.570,1.176,0.000,2.008,0.000,1.502,0.000,3.478,4.561
4,focal,10.0,1.0,0,0.364,0.000,0.421,0.000,0.313,0.000,-0.944,0.000,-0.634,0.000
4,focal,10.0,1.5,0,1.639,0.000,0.795,4.434,1.817,0.000,0.926,0.000,1.692,4.889
4,focal,20.0,0.75,0,2.471,0.000,2.013,0.000,2.143,0.000,1.743,0.000,0.764,4.125
4,focal,20.0,1.0,0,0.812,0.000,0.915,3.998,1.138,4.353,1.518,0.000,1.909,4.145
4,focal,20.0,1.5,0,0.347,4.192,-0.059,0.000,0.075,0.000,0.064,0.000,-0.205,0.000
4,focal,40.0,0.75,0,2.956,0.000,3.468,4.201,1.652,0.000,1.412,0.000,1.636,0.000
4,focal,40.0,1.0,0,3.625,0.000,2.746,0.000,3.623,0.000,2.408,0.000,3.672,0.000
4,focal,40.0,1.5,0,3.710,0.000,3.592,0.000,3.090,0.000,4.023,0.000,3.464,0.000
4,focal,80.0,0.75,0,3.050,0.000,1.816,3.965,2.939,0.000,4.606,4.393,4.550,5.037
4,focal,80.0,1.0,0,4.589,0.000,2.659,0.000,4.360,0.000,5.928,4.364,6.483,5.615
4,focal,80.0,1.5,0,5.765,4.511,4.273,4.162,4.981,0.000,6.405,5.425,8.770,6.706
4,focal,160.0,0.75,0,7.303,0.000,6.197,4.385,5.683,4.931,7.771,6.518,9.011,5.569
4,focal,160.0,1.0,0,10.324,7.414,8.263,6.379,8.656,6.801,10.440,9.337,13.814,10.518
4,focal,160.0,1.5,0,9.336,7.111,6.741,5.752,9.049,7.219,10.935,7.442,13.295,11.268
4,focal,320.0,0.75,0,16.826,11.988,13.260,10.687,14.296,10.022,18.338,13.905,20.713,16.516
4,focal,320.0,1.0,0,18.837,13.514,13.930,10.620,16.195,11.261,19.432,14.826,23.922,19.080
4,focal,320.0,1.5,0,21.024,14.574,17.105,12.381,18.322,12.982,21.526,16.936,27.771,21.558
5,focal,10.0,0.75,0,0.483,0.000,-0.204,0.000,0.899,0.000,1.390,0.000,0.353,0.000
5,focal,10.0,1.0,0,1.245,0.000,0.882,4.055,1.128,0.000,1.177,0.000,0.290,0.000
5,focal,10.0,1.5,0,-1.437,3.892,-2.579,3.730,-0.893,3.950,-0.718,0.000,-0.445,3.623
5,focal,20.0,0.75,0,1.435,0.000,0.834,3.504,1.463,0.000,2.853,4.115,2.705,0.000
5,focal,20.0,1.0,0,3.223,0.000,2.506,0.000,3.147,0.000,4.099,0.000,3.876,0.000
5,focal,20.0,1.5,0,-0.746,0.000,-1.132,0.000,-0.486,0.000,0.334,0.000,1.456,4.864
5,focal,40.0,0.75,0,1.214,4.333,-0.691,4.404,2.037,4.502,2.534,5.242,2.768,4.377
5,focal,40.0,1.0,0,3.034,0.000,2.970,0.000,2.449,0.000,2.591,0.000,4.838,0.000
5,focal,40.0,1.5,0,1.224,4.326,1.537,0.000,0.622,4.982,1.151,4.807,3.559,4.167
5,focal,80.0,0.75,0,4.287,4.632,2.813,0.000,3.909,5.535,4.592,4.215,3.373,0.000
5,focal,80.0,1.0,0,3.758,4.411,3.967,0.000,3.122,0.000,5.012,5.916,6.196,7.184
5,focal,80.0,1.5,0,5.627,5.320,4.497,4.585,5.522,5.515,6.854,6.427,8.454,7.077
5,focal,160.0,0.75,0,7.880,7.273,5.556,5.178,7.546,7.051,9.890,9.036,12.768,11.059
5,focal,160.0,1.0,0,9.691,7.714,7.258,5.231,9.248,7.949,10.873,9.121,14.784,11.480
5,focal,160.0,1.5,0,8.624,7.917,6.451,6.796,8.391,7.962,10.501,9.660,15.357,12.717
5,focal,320.0,0.75,0,16.542,15.003,13.648,11.905,15.679,14.436,18.145,16.907,26.695,21.764
5,focal,320.0,1.0,0,16.430,15.164,13.862,12.360,15.686,14.995,19.508,18.417,27.646,23.172
5,focal,320.0,1.5,0,19.369,16.172,15.347,13.094,18.612,15.749,22.756,19.275,31.500,26.030
6,focal,10.0,0.75,0,1.029,0.000,1.035,3.983,0.654,0.000,1.297,4.099,2.643,0.000
6,focal,10.0,1.0,0,0.872,0.000,0.981,0.000,0.740,3.980,1.879,0.000,2.792,4.101
6,focal,10.0,1.5,0,1.991,4.700,1.608,0.000,2.102,4.745,1.492,4.714,2.767,0.000
6,focal,20.0,0.75,0,4.583,5.272,3.605,5.385,5.263,5.777,6.607,6.603,6.725,5.752
6,focal,20.0,1.0,0,4.878,4.679,4.090,3.963,4.723,4.708,5.846,5.921,6.901,4.868
6,focal,20.0,1.5,0,4.359,0.000,4.061,0.000,3.457,0.000,5.791,5.566,6.327,5.421
6,focal,40.0,0.75,0,7.603,6.533,7.239,6.038,6.628,6.537,9.115,8.981,10.943,8.871
6,focal,40.0,1.0,0,8.597,8.079,8.404,7.772,8.109,7.340,12.503,11.911,14.364,12.297
6,focal,40.0,1.5,0,7.191,6.549,5.941,5.574,7.082,6.162,11.600,11.473,13.715,11.146
6,focal,80.0,0.75,0,13.392,11.558,10.817,9.716,12.836,11.172,21.179,19.698,22.581,17.905
6,focal,80.0,1.0,0,15.363,12.789,13.744,11.303,14.035,12.326,22.398,21.420,26.521,20.264
6,focal,80.0,1.5,0,17.589,14.783,14.915,13.088,16.205,13.647,24.707,22.955,28.339,22.166
6,focal,160.0,0.75,0,27.576,23.123,23.068,19.638,26.510,23.029,39.549,36.966,45.911,34.228
6,focal,160.0,1.0,0,31.460,26.194,26.683,22.762,29.823,25.601,45.820,42.993,52.598,39.409
6,focal,160.0,1.5,0,33.171,28.586,28.866,25.683,31.285,27.091,48.510,45.738,54.836,42.612
6,focal,320.0,0.75,0,56.612,48.006,48.836,41.908,53.982,47.054,82.920,78.048,94.522,73.159
6,focal,320.0,1.0,0,62.358,52.320,54.204,46.355,58.326,50.187,89.727,83.735,103.756,79.843
6,focal,320.0,1.5,0,67.550,57.447,58.646,50.679,63.961,54.986,96.615,90.569,112.866,86.387
7,focal,10.0,0.75,0,2.000,0.000,1.579,0.000,1.929,4.431,2.120,0.000,3.381,0.000
7,focal,10.0,1.0,0,0.293,0.000,0.494,0.000,0.169,0.000,1.657,0.000,2.355,0.000
7,focal,10.0,1.5,0,1.168,0.000,0.134,0.000,1.055,0.000,1.013,0.000,2.429,0.000
7,focal,20.0,0.75,0,2.639,0.000,0.529,4.138,2.903,0.000,3.267,0.000,6.160,5.914
7,focal,20.0,1.0,0,2.582,3.882,0.801,0.000,2.714,0.000,2.098,4.274,5.536,4.506
7,focal,20.0,1.5,0,3.460,0.000,2.796,4.342,3.420,0.000,3.120,4.447,6.439,6.315
7,focal,40.0,0.75,0,5.221,5.829,3.912,4.687,4.875,5.733,4.764,4.745,8.928,8.449
7,focal,40.0,1.0,0,4.672,0.000,2.149,0.000,4.552,4.623,6.079,5.302,8.672,8.429
7,focal,40.0,1.5,0,4.406,4.297,2.211,4.564,4.446,4.412,4.928,5.078,10.292,9.404
7,focal,80.0,0.75,0,8.485,7.874,5.031,5.451,8.765,8.112,10.122,8.621,18.675,17.116
7,focal,80.0,1.0,0,9.678,9.332,8.627,7.800,8.414,8.348,9.639,8.795,20.035,18.834
7,focal,80.0,1.5,0,9.926,8.972,6.988,5.958,9.275,8.454,10.339,10.125,21.692,20.832
7,focal,160.0,0.75,0,16.867,15.747,10.671,10.158,16.320,15.244,17.307,15.454,37.265,34.248
7,focal,160.0,1.0,0,19.536,16.970,12.611,10.952,18.770,16.434,20.487,17.153,40.302,36.766
7,focal,160.0,1.5,0,21.793,18.852,14.626,12.409,20.660,18.286,21.628,18.194,44.190,41.317
7,focal,320.0,0.75,0,33.072,29.759,22.013,19.385,32.389,29.047,35.608,29.992,74.636,67.080
7,focal,320.0,1.0,0,38.202,33.783,26.207,24.142,36.948,32.729,40.414,34.766,80.159,73.330
7,focal,320.0,1.5,0,42.385,38.083,29.213,26.700,41.000,37.290,42.103,36.100,88.238,81.432
8,focal,10.0,0.75,0,1.313,0.000,0.978,0.000,1.245,0.000,1.301,0.000,0.514,4.851
8,focal,10.0,1.0,0,1.802,0.000,0.948,0.000,1.536,0.000,2.143,0.000,3.055,4.104
8,focal,10.0,1.5,0,1.957,0.000,1.809,0.000,1.522,0.000,2.475,0.000,3.321,0.000
8,focal,20.0,0.75,0,3.655,0.000,2.598,0.000,3.632,4.384,3.673,4.138,4.303,4.180
8,focal,20.0,1.0,0,5.122,4.928,5.730,5.717,3.942,0.000,6.447,5.811,6.881,6.490
8,focal,20.0,1.5,0,4.321,4.912,4.234,4.371,3.616,4.498,3.832,4.386,5.582,5.639
8,focal,40.0,0.75,0,8.364,8.240,8.488,8.627,6.706,6.721,8.194,8.131,11.090,10.839
8,focal,40.0,1.0,0,7.408,7.057,6.401,6.700,6.925,6.721,8.141,7.732,9.880,9.337
8,focal,40.0,1.5,0,8.661,8.867,7.803,7.857,8.218,8.273,8.534,8.678,11.869,11.461
8,focal,80.0,0.75,0,13.887,13.605,11.732,11.512,13.276,12.912,14.165,13.719,17.097,16.662
8,focal,80.0,1.0,0,14.454,14.168,12.387,12.486,13.736,13.204,13.600,13.081,18.900,17.921
8,focal,80.0,1.5,0,15.714,15.171,14.381,14.128,14.837,14.197,15.237,14.766,20.460,19.242
8,focal,160.0,0.75,0,25.430,24.689,22.710,22.031,22.700,22.111,25.077,23.758,33.632,32.035
8,focal,160.0,1.0,0,30.691,29.685,27.210,26.493,28.018,27.338,30.822,29.169,39.657,37.821
8,focal,160.0,1.5,0,32.512,31.658,28.730,28.172,29.813,29.030,32.678,31.114,42.488,40.845
8,focal,320.0,0.75,0,51.992,50.875,45.515,44.610,47.651,46.415,52.939,50.465,70.504,67.459
8,focal,320.0,1.0,0,59.730,57.886,53.278,51.874,53.234,52.078,59.625,56.413,78.767,75.115
8,focal,320.0,1.5,0,65.669,63.698,58.931,57.125,59.160,57.614,63.782,60.892,84.581,80.834
9,focal,10.0,0.75,0,1.621,4.077,2.225,4.101,1.776,0.000,2.000,0.000,3.859,0.000
9,focal,10.0,1.0,0,1.622,4.667,1.815,0.000,1.856,4.603,2.179,3.966,2.585,4.357
9,focal,10.0,1.5,0,3.742,0.000,3.654,3.776,4.068,0.000,4.087,0.000,2.699,0.000
9,focal,20.0,0.75,0,4.753,0.000,4.810,0.000,3.678,0.000,5.550,0.000,5.564,0.000
9,focal,20.0,1.0,0,3.345,0.000,3.118,0.000,2.990,0.000,4.132,3.717,5.159,0.000
9,focal,20.0,1.5,0,5.688,4.545,4.703,0.000,5.386,0.000,4.861,4.872,7.640,4.416
9,focal,40.0,0.75,0,9.763,6.891,8.075,6.354,9.416,6.665,10.594,7.775,10.827,7.322
9,focal,40.0,1.0,0,7.913,6.296,7.267,6.775,7.343,5.793,7.982,6.624,11.308,7.980
9,focal,40.0,1.5,0,10.540,7.551,9.758,7.280,9.700,7.534,10.596,7.669,13.780,7.978
9,focal,80.0,0.75,0,18.074,11.639,15.869,12.712,16.427,11.395,16.366,11.200,22.345,13.719
9,focal,80.0,1.0,0,19.203,12.760,16.596,12.303,18.115,13.155,20.364,14.848,24.925,15.019
9,focal,80.0,1.5,0,19.360,12.382,16.088,12.964,17.652,13.087,18.573,13.758,25.068,14.284
9,focal,160.0,0.75,0,33.934,22.743,29.928,23.295,30.545,21.228,32.949,23.753,46.708,27.584
9,focal,160.0,1.0,0,36.078,23.683,31.706,24.992,32.050,23.637,35.257,26.865,48.435,28.645
9,focal,160.0,1.5,0,40.346,27.428,36.652,29.123,36.324,24.777,39.871,29.310,53.759,31.268
9,focal,320.0,0.75,0,67.079,44.130,57.336,45.297,61.586,44.197,67.370,49.543,90.290,52.755
9,focal,320.0,1.0,0,73.554,48.310,63.137,48.729,66.073,50.002,71.898,56.323,96.797,55.704
9,focal,320.0,1.5,0,78.856,52.195,70.069,54.559,71.348,51.157,77.934,59.050,106.032,61.153
10,focal,10.0,0.75,0,2.386,4.236,1.501,0.000,2.245,4.057,2.735,0.000,3.016,4.170
10,focal,10.0,1.0,0,2.423,0.000,1.934,0.000,2.284,0.000,1.706,0.000,1.850,4.621
10,focal,10.0,1.5,0,1.823,3.676,2.602,3.053,1.265,0.000,1.146,0.000,1.808,0.000
10,focal,20.0,0.75,0,4.289,4.971,3.395,5.186,4.294,4.887,5.683,5.643,6.006,5.984
10,focal,20.0,1.0,0,1.223,0.000,0.367,4.154,1.314,0.000,2.867,4.525,4.324,4.040
10,focal,20.0,1.5,0,1.065,4.227,1.822,4.452,0.596,4.129,2.726,0.000,4.656,4.271
10,focal,40.0,0.75,0,6.924,5.855,5.051,4.624,6.584,5.682,9.898,9.040,10.575,7.983
10,focal,40.0,1.0,0,10.413,8.576,8.363,7.415,9.656,7.887,10.648,8.686,13.168,9.735
10,focal,40.0,1.5,0,8.589,6.367,7.195,6.198,8.003,6.351,9.578,8.411,12.587,8.295
10,focal,80.0,0.75,0,12.207,9.879,11.282,8.805,11.145,9.435,15.308,12.603,18.445,13.417
10,focal,80.0,1.0,0,17.656,14.118,15.074,12.216,16.593,13.786,20.774,17.356,23.316,17.561
10,focal,80.0,1.5,0,16.528,13.274,13.417,10.866,15.634,12.936,20.038,17.300,24.454,17.171
10,focal,160.0,0.75,0,27.519,21.486,22.865,18.146,26.174,20.965,34.954,29.771,39.805,28.137
10,focal,160.0,1.0,0,31.370,25.732,27.098,21.958,29.776,25.048,38.749,31.856,44.400,32.654
10,focal,160.0,1.5,0,35.366,28.342,30.719,24.382,32.290,27.408,43.169,37.586,50.316,35.768
10,focal,320.0,0.75,0,56.062,46.797,47.533,39.483,52.219,45.275,69.195,58.740,78.776,59.541
10,focal,320.0,1.0,0,63.210,49.902,53.566,41.833,59.124,48.402,76.989,63.959,88.859,64.159
10,focal,320.0,1.5,0,71.633,55.382,61.066,46.846,66.172,53.832,83.447,71.075,98.715,69.695
11,focal,10.0,0.75,0,0.499,0.000,-0.049,0.000,1.137,0.000,1.073,0.000,1.844,0.000
11,focal,10.0,1.0,0,2.077,0.000,1.634,4.061,1.886,0.000,1.627,0.000,1.615,0.000
11,focal,10.0,1.5,0,1.374,0.000,0.877,0.000,1.502,0.000,1.361,3.987,2.230,3.602
11,focal,20.0,0.75,0,3.034,0.000,1.609,0.000,2.674,0.000,2.375,0.000,3.572,4.249
11,focal,20.0,1.0,0,1.429,0.000,1.388,0.000,1.079,4.254,2.390,0.000,3.739,0.000
11,focal,20.0,1.5,0,0.763,4.347,0.077,0.000,0.968,3.849,0.720,0.000,2.437,0.000
11,focal,40.0,0.75,0,4.123,4.123,2.322,0.000,4.161,4.109,6.396,4.766,8.322,7.149
11,focal,40.0,1.0,0,4.801,4.854,3.873,4.420,4.271,5.044,6.969,5.100,8.212,6.738
11,focal,40.0,1.5,0,3.437,0.000,2.471,0.000,3.651,4.216,5.107,5.080,8.516,6.595
11,focal,80.0,0.75,0,8.193,7.223,6.558,6.302,8.207,7.466,10.722,8.266,15.863,12.871
11,focal,80.0,1.0,0,6.394,5.924,4.837,4.730,6.517,5.804,10.901,7.782,15.049,11.996
11,focal,80.0,1.5,0,9.652,8.205,7.655,6.771,9.726,8.263,13.923,10.298,17.514,14.309
11,focal,160.0,0.75,0,16.780,13.647,13.254,11.226,16.140,12.900,22.190,16.198,29.616,23.717
11,focal,160.0,1.0,0,18.162,15.443,14.742,13.261,17.327,14.223,23.273,17.047,32.220,24.567
11,focal,160.0,1.5,0,17.023,13.798,13.102,10.357,16.627,13.227,22.706,16.884,32.388,24.785
11,focal,320.0,0.75,0,31.223,26.097,24.486,20.339,30.388,25.109,42.673,30.189,58.197,45.042
11,focal,320.0,1.0,0,32.229,25.951,24.244,19.245,32.040,25.637,44.567,31.499,62.429,49.420
11,focal,320.0,1.5,0,36.947,29.439,30.082,23.767,35.793,28.350,49.554,34.536,69.353,54.867
12,focal,10.0,0.75,0,0.955,0.000,1.285,4.333,0.925,0.000,1.345,0.000,2.516,0.000
12,focal,10.0,1.0,0,2.448,0.000,2.986,0.000,1.984,0.000,1.682,3.956,2.541,4.111
12,focal,10.0,1.5,0,2.634,0.000,2.527,0.000,2.492,0.000,2.573,4.452,2.461,0.000
12,focal,20.0,0.75,0,4.043,0.000,2.791,3.229,4.246,3.981,3.309,0.000,3.538,0.000
12,focal,20.0,1.0,0,3.483,4.813,3.536,5.145,3.541,0.000,4.879,5.470,5.980,5.643
12,focal,20.0,1.5,0,3.241,0.000,2.896,0.000,3.006,0.000,4.515,4.274,5.539,4.971
12,focal,40.0,0.75,0,4.473,0.000,3.969,0.000,4.281,0.000,8.299,7.629,8.214,7.409
12,focal,40.0,1.0,0,5.713,6.309,4.428,4.982,5.729,6.383,6.980,6.615,7.395,6.711
12,focal,40.0,1.5,0,6.513,6.126,4.613,4.564,6.729,6.198,8.587,7.979,9.860,8.640
12,focal,80.0,0.75,0,10.731,9.957,9.914,8.839,10.181,9.489,16.628,14.258,16.812,14.637
12,focal,80.0,1.0,0,11.690,11.143,10.329,9.974,11.344,10.576,15.929,13.267,17.126,14.412
12,focal,80.0,1.5,0,12.448,11.607,9.984,9.870,12.019,11.149,17.523,15.064,18.565,16.520
12,focal,160.0,0.75,0,21.519,19.112,17.616,15.874,20.681,18.352,30.735,24.735,32.591,27.684
12,focal,160.0,1.0,0,23.493,20.755,17.810,15.836,23.491,20.781,33.043,26.967,34.971,29.601
12,focal,160.0,1.5,0,27.423,23.326,22.445,19.312,26.833,23.004,36.802,29.487,39.575,32.695
12,focal,320.0,0.75,0,42.757,37.622,34.493,31.008,41.987,36.529,59.975,49.236,64.229,54.176
12,focal,320.0,1.0,0,45.794,40.160,37.886,34.032,44.617,38.915,65.352,53.529,70.014,59.690
12,focal,320.0,1.5,0,48.679,42.655,40.644,35.885,47.659,41.777,69.447,56.807,76.592,64.688
13,focal,10.0,0.75,0,0.207,4.921,-0.804,0.000,0.530,5.088,0.503,0.000,4.183,4.067
13,focal,10.0,1.0,0,1.958,0.000,1.023,4.265,2.309,0.000,3.530,0.000,4.930,4.228
13,focal,10.0,1.5,0,1.198,0.000,-0.069,0.000,1.788,4.208,0.709,0.000,2.326,4.798
13,focal,20.0,0.75,0,3.774,0.000,2.577,0.000,3.535,0.000,3.625,0.000,5.988,5.039
13,focal,20.0,1.0,0,3.144,4.524,2.737,3.960,2.979,4.565,2.955,0.000,6.185,4.808
13,focal,20.0,1.5,0,5.115,0.000,3.856,4.038,4.708,4.219,4.710,4.449,6.659,5.423
13,focal,40.0,0.75,0,7.545,6.978,5.523,5.322,7.122,6.629,6.892,7.002,11.932,10.321
13,focal,40.0,1.0,0,8.408,6.583,6.619,5.370,7.447,6.023,8.385,6.853,14.862,12.115
13,focal,40.0,1.5,0,9.048,7.148,8.037,6.729,8.135,6.515,8.297,6.779,16.524,12.812
13,focal,80.0,0.75,0,13.276,11.978,10.775,10.258,12.915,11.682,13.957,12.677,25.747,21.464
13,focal,80.0,1.0,0,13.213,12.213,11.611,11.118,11.665,10.978,14.458,13.064,27.618,21.409
13,focal,80.0,1.5,0,15.336,12.670,12.656,10.949,13.941,11.694,15.517,13.371,29.428,22.806
13,focal,160.0,0.75,0,26.849,22.696,20.937,19.322,24.584,21.066,26.229,23.132,49.891,40.122
13,focal,160.0,1.0,0,30.732,26.396,25.358,23.572,28.078,24.386,30.732,27.685,56.563,45.255
13,focal,160.0,1.5,0,33.800,28.175,28.192,25.613,31.410,26.278,33.792,29.074,64.393,50.549
13,focal,320.0,0.75,0,54.410,46.543,43.154,39.722,49.230,42.673,53.235,46.799,99.858,80.349
13,focal,320.0,1.0,0,59.473,50.954,48.490,44.738,54.179,47.198,59.760,52.816,114.090,90.931
13,focal,320.0,1.5,0,67.150,56.826,57.339,51.364,60.492,52.374,66.711,58.173,124.012,97.920
14,focal,10.0,0.75,0,3.040,0.000,2.099,0.000,3.305,0.000,3.475,0.000,3.898,0.000
14,focal,10.0,1.0,0,3.897,4.461,3.181,4.318,3.769,0.000,3.699,0.000,3.686,4.225
14,focal,10.0,1.5,0,1.773,0.000,1.432,4.831,1.641,0.000,2.604,4.206,1.646,4.458
14,focal,20.0,0.75,0,2.786,0.000,2.121,0.000,2.817,0.000,3.883,0.000,4.837,0.000
14,focal,20.0,1.0,0,4.411,4.300,3.455,3.883,4.633,4.653,5.574,5.226,5.439,4.685
14,focal,20.0,1.5,0,4.433,0.000,3.096,4.737,4.485,0.000,5.183,5.314,6.697,5.595
14,focal,40.0,0.75,0,6.847,6.251,6.289,6.103,6.647,6.505,9.923,9.391,10.772,8.568
14,focal,40.0,1.0,0,7.075,6.309,6.503,5.721,6.311,5.917,8.712,7.789,9.179,8.027
14,focal,40.0,1.5,0,7.488,6.253,5.927,5.251,7.097,6.382,10.629,9.158,9.832,7.756
14,focal,80.0,0.75,0,14.171,11.769,12.004,10.098,13.070,11.579,19.434,17.413,19.827,16.581
14,focal,80.0,1.0,0,14.979,13.495,12.286,11.132,14.919,13.966,21.150,19.805,23.124,18.595
14,focal,80.0,1.5,0,17.242,15.206,14.871,13.052,16.444,14.904,23.656,20.988,25.774,21.256
14,focal,160.0,0.75,0,28.790,25.311,22.561,20.038,27.478,25.552,37.177,34.099,40.589,33.182
14,focal,160.0,1.0,0,30.818,26.995,24.471,21.937,29.579,26.949,43.240,38.583,45.349,35.639
14,focal,160.0,1.5,0,34.181,29.533,28.177,24.443,32.351,29.416,45.459,40.069,48.180,37.635
14,focal,320.0,0.75,0,54.815,47.366,45.521,39.174,51.869,47.499,75.347,68.032,79.044,62.865
14,focal,320.0,1.0,0,61.394,51.589,50.272,42.416,57.948,51.880,84.891,75.858,88.914,70.135
14,focal,320.0,1.5,0,67.256,56.943,54.541,46.332,64.022,57.126,91.549,81.903,96.555,77.353
15,focal,10.0,0.75,0,0.699,0.000,-0.689,4.016,1.575,0.000,1.181,0.000,1.796,4.215
15,focal,10.0,1.0,0,3.636,4.977,2.985,4.367,3.538,4.891,3.572,5.004,4.845,4.874
15,focal,10.0,1.5,0,2.299,0.000,1.650,3.459,2.357,4.260,2.705,0.000,4.252,0.000
15,focal,20.0,0.75,0,3.823,0.000,3.199,0.000,3.781,0.000,5.756,4.795,7.324,6.849
15,focal,20.0,1.0,0,4.014,0.000,3.998,4.537,3.295,0.000,5.085,0.000,6.865,6.568
15,focal,20.0,1.5,0,3.293,4.878,2.418,4.309,3.073,4.748,5.281,5.758,6.532,6.288
15,focal,40.0,0.75,0,8.261,8.187,7.497,7.287,7.429,7.574,9.596,9.192,14.201,12.594
15,focal,40.0,1.0,0,7.103,6.442,5.730,5.460,6.703,6.106,9.655,9.005,14.399,12.341
15,focal,40.0,1.5,0,7.446,6.836,6.028,5.783,7.248,6.542,10.053,8.213,15.804,12.366
15,focal,80.0,0.75,0,13.788,13.245,11.164,10.316,13.035,12.559,17.864,16.181,26.073,22.527
15,focal,80.0,1.0,0,16.301,14.997,13.429,12.507,15.329,14.126,20.324,17.714,30.372,25.976
15,focal,80.0,1.5,0,16.181,14.569,14.348,12.900,14.669,13.395,20.396,17.247,30.399,25.258
15,focal,160.0,0.75,0,25.622,24.662,22.682,21.780,24.068,23.128,36.097,31.364,52.904,44.571
15,focal,160.0,1.0,0,31.733,30.417,26.130,25.168,30.563,29.201,40.305,36.317,59.461,51.431
15,focal,160.0,1.5,0,33.614,31.200,28.537,26.609,32.010,29.768,42.481,37.343,61.928,52.701
15,focal,320.0,0.75,0,55.234,53.708,45.442,44.478,52.930,51.197,72.990,65.163,107.433,93.235
15,focal,320.0,1.0,0,62.991,59.308,52.872,49.699,59.811,56.330,81.757,71.814,119.118,102.052
15,focal,320.0,1.5,0,65.619,60.876,56.061,51.826,61.865,57.668,85.882,74.581,127.028,107.023
16,focal,10.0,0.75,0,1.899,4.054,0.928,0.000,1.821,0.000,3.337,0.000,3.100,4.476
16,focal,10.0,1.0,0,1.627,0.000,1.193,0.000,1.712,0.000,2.103,0.000,2.918,4.066
16,focal,10.0,1.5,0,0.609,0.000,-0.042,0.000,0.782,0.000,1.245,3.994,1.630,0.000
16,focal,20.0,0.75,0,3.891,4.396,3.492,3.851,3.329,3.726,5.169,5.480,4.909,0.000
16,focal,20.0,1.0,0,3.335,0.000,3.126,4.633,3.393,0.000,5.776,5.797,6.843,6.548
16,focal,20.0,1.5,0,6.249,5.793,5.609,5.235,5.672,5.297,7.835,7.542,8.412,7.365
16,focal,40.0,0.75,0,7.399,6.547,5.563,5.128,7.172,6.466,11.044,9.652,11.643,10.232
16,focal,40.0,1.0,0,5.782,5.733,3.545,0.000,5.889,5.663,10.437,9.505,11.229,9.824
16,focal,40.0,1.5,0,9.137,9.030,6.444,6.226,9.103,8.905,12.481,11.697,14.070,11.887
16,focal,80.0,0.75,0,16.736,15.734,12.960,12.565,16.224,15.215,21.847,20.532,24.437,22.248
16,focal,80.0,1.0,0,14.469,13.064,11.209,10.433,14.436,13.126,21.972,20.088,24.476,21.231
16,focal,80.0,1.5,0,17.950,16.939,14.292,13.107,17.246,16.640,23.782,21.755,26.562,23.434
16,focal,160.0,0.75,0,29.069,27.681,22.552,21.161,28.648,27.296,41.581,39.154,45.334,41.049
16,focal,160.0,1.0,0,34.167,31.185,26.466,24.186,33.463,30.445,45.688,42.572,51.409,45.357
16,focal,160.0,1.5,0,35.280,32.829,27.584,25.679,34.859,32.317,48.095,44.601,55.398,48.420
16,focal,320.0,0.75,0,59.683,55.993,45.359,41.845,57.949,55.092,81.449,76.039,91.003,82.100
16,focal,320.0,1.0,0,64.743,59.749,50.095,46.428,63.569,58.648,89.505,83.046,100.347,88.455
16,focal,320.0,1.5,0,70.798,65.150,55.911,51.134,69.367,63.681,97.802,90.077,109.793,96.763
17,focal,10.0,0.75,0,1.375,0.000,1.372,4.497,1.360,0.000,1.934,3.817,3.068,0.000
17,focal,10.0,1.0,0,3.250,0.000,2.717,0.000,2.825,4.163,3.230,0.000,4.777,4.768
17,focal,10.0,1.5,0,1.672,5.083,1.645,5.373,1.520,5.262,1.592,5.329,3.492,5.070
17,focal,20.0,0.75,0,3.212,0.000,2.954,0.000,3.113,0.000,3.709,3.973,5.044,4.743
17,focal,20.0,1.0,0,5.197,5.160,4.890,4.871,4.533,4.567,3.440,0.000,5.866,5.371
17,focal,20.0,1.5,0,5.117,0.000,4.607,4.280,4.717,0.000,4.256,0.000,7.926,7.529
17,focal,40.0,0.75,0,7.358,6.680,5.839,5.511,6.922,6.572,6.846,6.167,9.874,9.012
17,focal,40.0,1.0,0,7.912,6.995,5.834,5.453,7.887,7.353,7.886,6.225,12.635,11.509
17,focal,40.0,1.5,0,8.856,8.427,6.334,5.799,9.118,8.982,7.375,6.640,13.727,13.235
17,focal,80.0,0.75,0,12.779,11.861,9.873,9.438,11.965,11.078,11.889,10.296,21.397,19.921
17,focal,80.0,1.0,0,14.896,14.049,12.747,12.222,13.952,13.271,14.029,12.905,23.646,22.510
17,focal,80.0,1.5,0,15.856,14.584,13.517,12.398,14.889,13.908,13.269,11.971,26.218,25.023
17,focal,160.0,0.75,0,27.260,24.712,21.759,19.968,26.479,24.333,26.097,22.826,42.471,39.571
17,focal,160.0,1.0,0,31.342,28.437,26.109,23.851,30.017,27.479,28.190,24.924,48.268,45.124
17,focal,160.0,1.5,0,34.356,31.974,29.581,27.276,32.218,30.510,29.989,26.673,53.473,50.151
17,focal,320.0,0.75,0,55.097,50.485,45.485,42.126,52.448,48.722,50.377,45.257,84.921,79.422
17,focal,320.0,1.0,0,60.222,55.386,50.544,47.139,56.568,52.353,52.881,46.901,93.498,88.133
17,focal,320.0,1.5,0,64.064,60.134,55.094,51.188,60.388,57.519,56.089,50.959,100.340,95.173
18,focal,10.0,0.75,1,-1.829,0.000,-1.518,0.000,-1.657,0.000,-1.082,0.000,-0.540,0.000
18,focal,10.0,1.0,1,0.696,0.000,0.728,0.000,0.668,0.000,-0.001,0.000,0.535,0.000
18,focal,10.0,1.5,1,-0.291,0.000,0.025,0.000,-0.230,0.000,-0.306,4.017,0.340,4.317
18,focal,20.0,0.75,1,1.575,0.000,1.066,0.000,1.563,0.000,0.284,0.000,1.297,0.000
18,focal,20.0,1.0,1,2.936,3.985,2.811,0.000,2.883,0.000,3.003,0.000,2.505,0.000
18,focal,20.0,1.5,1,0.374,0.000,0.538,0.000,0.248,0.000,-0.038,0.000,0.301,4.371
18,focal,40.0,0.75,1,1.678,0.000,1.785,0.000,1.314,0.000,3.975,4.950,3.475,0.000
18,focal,40.0,1.0,1,2.250,0.000,2.205,0.000,2.313,0.000,3.178,0.000,2.989,0.000
18,focal,40.0,1.5,1,2.603,0.000,2.465,0.000,2.049,3.964,3.289,0.000,3.071,0.000
18,focal,80.0,0.75,1,4.542,0.000,4.284,0.000,4.180,0.000,5.960,5.081,5.356,5.198
18,focal,80.0,1.0,1,3.413,0.000,2.917,0.000,2.828,0.000,4.312,4.937,3.523,0.000
18,focal,80.0,1.5,1,3.759,4.378,2.985,4.297,3.517,0.000,4.088,4.431,4.629,0.000
18,focal,160.0,0.75,1,7.387,6.384,7.463,6.272,7.019,6.287,7.298,6.622,7.601,6.199
18,focal,160.0,1.0,1,7.758,6.105,6.880,5.118,7.865,6.754,8.729,7.847,8.571,5.727
18,focal,160.0,1.5,1,6.572,5.111,6.172,4.826,6.339,5.101,7.852,6.580,7.342,4.351
18,focal,320.0,0.75,1,13.488,10.379,12.393,9.430,12.965,10.573,16.309,11.692,15.686,10.269
18,focal,320.0,1.0,1,14.880,10.283,13.221,10.356,14.769,10.568,18.436,13.580,18.494,11.041
18,focal,320.0,1.5,1,13.998,10.524,12.936,9.959,13.439,10.144,18.328,15.151,17.444,10.575
19,focal,10.0,0.75,1,2.591,4.206,2.895,4.729,2.466,3.954,2.209,0.000,2.931,0.000
19,focal,10.0,1.0,1,0.423,0.000,0.382,0.000,0.284,0.000,1.154,3.679,0.613,0.000
19,focal,10.0,1.5,1,-0.354,0.000,-0.543,4.535,-0.463,4.101,-1.131,0.000,-0.616,4.282
19,focal,20.0,0.75,1,0.507,0.000,-0.080,4.428,0.513,0.000,0.846,4.146,1.204,4.434
19,focal,20.0,1.0,1,0.490,0.000,0.852,4.062,1.254,0.000,0.704,0.000,0.323,0.000
19,focal,20.0,1.5,1,1.348,4.362,0.516,3.776,0.960,4.334,0.709,3.946,2.866,4.181
19,focal,40.0,0.75,1,4.307,4.460,3.536,0.000,3.943,4.586,3.726,0.000,4.308,4.239
19,focal,40.0,1.0,1,4.527,4.352,3.113,3.979,4.531,4.382,4.110,4.060,3.825,4.535
19,focal,40.0,1.5,1,4.179,4.325,2.824,3.822,3.979,4.556,4.305,0.000,5.293,5.145
19,focal,80.0,0.75,1,5.837,5.425,3.876,4.641,6.041,5.615,6.206,5.477,6.689,6.185
19,focal,80.0,1.0,1,7.059,7.775,5.847,6.539,7.028,7.911,6.760,7.308,8.615,8.667
19,focal,80.0,1.5,1,8.444,8.282,6.542,6.625,8.251,8.259,8.103,7.902,9.276,9.024
19,focal,160.0,0.75,1,13.573,13.269,9.979,9.932,13.327,13.164,14.320,13.481,16.482,15.155
19,focal,160.0,1.0,1,14.831,13.394,11.060,10.614,14.362,13.239,14.110,13.191,18.552,16.779
19,focal,160.0,1.5,1,16.534,15.829,14.345,14.056,15.971,15.508,16.500,16.133,19.053,18.521
19,focal,320.0,0.75,1,26.804,25.081,20.441,18.943,25.833,24.756,28.685,26.177,34.671,31.268
19,focal,320.0,1.0,1,29.979,27.679,22.956,21.444,28.850,27.162,30.375,28.047,36.336,32.817
19,focal,320.0,1.5,1,31.350,29.394,25.189,23.910,30.174,28.804,31.637,29.531,37.994,34.845
20,focal,10.0,0.75,1,1.004,0.000,1.191,0.000,1.243,0.000,0.793,0.000,1.486,0.000
20,focal,10.0,1.0,1,-0.728,0.000,0.077,0.000,-1.084,0.000,-0.465,0.000,-1.051,0.000
20,focal,10.0,1.5,1,-0.006,0.000,0.513,4.194,-0.573,4.458,1.061,0.000,0.849,0.000
20,focal,20.0,0.75,1,0.699,0.000,0.027,0.000,1.407,0.000,0.936,4.256,1.191,0.000
20,focal,20.0,1.0,1,0.983,0.000,1.324,0.000,0.761,0.000,0.389,0.000,1.028,3.920
20,focal,20.0,1.5,1,1.296,0.000,0.938,0.000,1.538,2.752,1.498,0.000,1.047,0.000
20,focal,40.0,0.75,1,0.407,0.000,1.324,0.000,0.228,0.000,0.786,4.222,0.363,4.309
20,focal,40.0,1.0,1,1.349,4.337,0.709,4.448,1.532,0.000,0.835,0.000,2.020,3.875
20,focal,40.0,1.5,1,1.155,0.000,1.593,0.000,0.897,0.000,0.232,0.000,0.992,0.000
20,focal,80.0,0.75,1,0.836,0.000,0.525,4.399,1.046,0.000,1.117,0.000,1.815,0.000
20,focal,80.0,1.0,1,3.032,4.519,2.814,4.944,3.132,0.000,3.457,4.310,4.059,0.000
20,focal,80.0,1.5,1,1.202,0.000,1.033,4.381,1.044,0.000,2.289,4.173,2.359,4.205
20,focal,160.0,0.75,1,1.622,3.972,1.732,0.000,1.834,3.915,3.328,0.000,4.024,0.000
20,focal,160.0,1.0,1,5.070,4.771,3.761,0.000,5.415,5.152,5.917,4.779,4.183,4.979
20,focal,160.0,1.5,1,3.635,0.000,2.858,3.821,3.731,0.000,4.066,4.555,3.669,3.997
20,focal,320.0,0.75,1,4.770,4.702,3.665,4.884,4.611,0.000,5.721,5.494,6.279,5.314
20,focal,320.0,1.0,1,7.390,6.684,7.130,6.231,6.932,6.645,9.095,7.869,9.642,8.721
20,focal,320.0,1.5,1,10.226,8.682,8.701,8.372,10.548,8.769,12.831,10.304,12.276,9.712
21,focal,10.0,0.75,1,0.510,0.000,0.042,4.074,0.734,0.000,0.165,0.000,-0.333,0.000
21,focal,10.0,1.0,1,0.860,0.000,-0.054,0.000,0.615,0.000,0.014,0.000,0.006,0.000
21,focal,10.0,1.5,1,0.991,0.000,0.626,0.000,1.266,0.000,1.097,4.230,1.190,3.965
21,focal,20.0,0.75,1,0.784,0.000,1.621,4.176,-0.109,0.000,0.358,0.000,0.518,0.000
21,focal,20.0,1.0,1,1.216,4.376,1.097,0.000,1.071,4.123,0.533,0.000,-0.088,4.043
21,focal,20.0,1.5,1,0.493,0.000,0.470,0.000,0.523,0.000,0.962,0.000,0.580,0.000
21,focal,40.0,0.75,1,0.174,0.000,0.679,0.000,0.583,0.000,1.028,0.000,1.529,0.000
21,focal,40.0,1.0,1,0.851,0.000,0.839,0.000,0.707,0.000,0.990,0.000,1.780,0.000
21,focal,40.0,1.5,1,0.832,0.000,0.797,0.000,0.909,0.000,1.405,0.000,1.896,0.000
21,focal,80.0,0.75,1,2.435,0.000,1.596,0.000,2.989,0.000,3.196,0.000,2.804,0.000
21,focal,80.0,1.0,1,2.562,0.000,2.143,0.000,2.373,0.000,2.721,4.798,2.595,4.352
21,focal,80.0,1.5,1,3.043,4.409,2.555,0.000,2.829,4.183,2.871,3.860,3.929,4.190
21,focal,160.0,0.75,1,4.213,4.456,3.889,4.637,4.281,4.799,4.658,4.857,4.256,5.380
21,focal,160.0,1.0,1,5.553,5.748,4.963,5.379,5.052,4.990,4.872,4.618,5.430,4.783
21,focal,160.0,1.5,1,6.117,6.136,5.782,5.457,6.127,6.303,4.615,4.885,6.418,6.775
21,focal,320.0,0.75,1,7.630,7.409,7.514,7.400,7.068,6.828,6.464,6.305,9.611,9.200
21,focal,320.0,1.0,1,11.123,10.066,9.811,9.049,10.679,9.792,10.270,9.461,11.300,9.843
21,focal,320.0,1.5,1,9.970,8.882,9.510,8.518,9.684,8.599,9.697,8.800,11.484,10.466
22,focal,10.0,0.75,1,1.380,0.000,0.871,0.000,1.497,0.000,1.507,0.000,0.020,0.000
22,focal,10.0,1.0,1,1.081,0.000,1.386,0.000,0.754,0.000,0.956,0.000,-0.345,0.000
22,focal,10.0,1.5,1,1.595,0.000,1.710,0.000,1.491,0.000,1.819,0.000,0.714,0.000
22,focal,20.0,0.75,1,2.552,4.636,2.165,0.000,2.685,4.684,2.064,4.435,1.729,4.411
22,focal,20.0,1.0,1,-0.081,3.531,0.388,0.000,-0.450,0.000,-0.229,0.000,-0.133,4.569
22,focal,20.0,1.5,1,0.426,4.376,0.575,0.000,0.545,4.170,0.901,4.376,0.332,4.345
22,focal,40.0,0.75,1,1.044,0.000,2.028,0.000,1.179,0.000,1.077,4.502,0.891,0.000
22,focal,40.0,1.0,1,1.968,0.000,1.964,0.000,1.704,0.000,1.353,0.000,2.172,0.000
22,focal,40.0,1.5,1,3.180,4.340,2.699,0.000,3.169,3.934,1.974,0.000,3.322,0.000
22,focal,80.0,0.75,1,3.196,0.000,2.550,0.000,2.953,0.000,3.659,0.000,2.945,0.000
22,focal,80.0,1.0,1,5.129,5.610,4.180,5.028,4.985,0.000,4.363,4.738,5.084,4.733
22,focal,80.0,1.5,1,3.983,0.000,3.661,0.000,4.002,0.000,3.574,0.000,3.757,0.000
22,focal,160.0,0.75,1,6.083,5.085,6.319,5.035,5.699,0.000,6.126,4.895,6.984,4.609
22,focal,160.0,1.0,1,5.620,4.817,5.331,4.818,5.466,4.727,6.797,5.263,7.545,6.304
22,focal,160.0,1.5,1,6.279,5.507,6.449,5.580,5.490,4.812,6.590,5.211,7.772,5.789
22,focal,320.0,0.75,1,10.594,7.890,10.181,7.701,10.743,8.320,10.938,8.079,11.415,9.000
22,focal,320.0,1.0,1,12.976,9.277,12.288,9.160,12.537,9.193,12.469,9.281,14.468,11.009
22,focal,320.0,1.5,1,12.912,9.727,12.138,9.041,12.682,9.608,13.521,9.886,15.609,10.053
23,focal,10.0,0.75,1,-1.608,0.000,-1.326,4.424,-1.844,0.000,-0.568,4.088,-0.339,3.796
23,focal,10.0,1.0,1,-0.165,3.805,-0.390,3.849,0.172,3.540,-0.865,0.000,-0.915,4.282
23,focal,10.0,1.5,1,0.037,4.083,0.298,0.000,0.132,0.000,0.337,4.126,-0.635,0.000
23,focal,20.0,0.75,1,0.653,0.000,0.544,4.499,0.732,0.000,-0.016,3.918,1.266,0.000
23,focal,20.0,1.0,1,-0.642,3.628,-1.221,0.000,-0.409,0.000,-0.194,0.000,0.829,0.000
23,focal,20.0,1.5,1,2.430,0.000,2.325,3.807,2.326,4.104,2.409,3.941,2.152,0.000
23,focal,40.0,0.75,1,1.430,0.000,1.767,0.000,1.136,4.158,1.791,0.000,0.747,0.000
23,focal,40.0,1.0,1,1.276,0.000,1.340,4.013,1.148,4.503,1.617,4.462,0.239,0.000
23,focal,40.0,1.5,1,0.593,0.000,0.797,0.000,0.721,3.801,0.752,0.000,0.270,0.000
23,focal,80.0,0.75,1,2.465,0.000,1.544,0.000,2.564,0.000,2.555,0.000,2.326,0.000
23,focal,80.0,1.0,1,1.595,5.366,1.441,4.144,1.758,0.000,1.117,4.346,0.834,4.908
23,focal,80.0,1.5,1,1.748,4.790,1.689,4.228,1.426,0.000,2.866,4.219,3.493,4.799
23,focal,160.0,0.75,1,4.272,4.163,4.002,0.000,4.381,4.140,4.422,0.000,5.603,4.386
23,focal,160.0,1.0,1,4.234,0.000,3.810,0.000,3.795,3.715,4.457,4.895,4.926,0.000
23,focal,160.0,1.5,1,5.478,4.525,4.722,4.296,5.278,4.741,5.060,0.000,5.844,4.413
23,focal,320.0,0.75,1,5.971,4.677,5.688,5.277,5.638,4.472,5.932,0.000,7.401,4.472
23,focal,320.0,1.0,1,8.303,7.007,7.016,6.362,8.270,7.301,9.325,6.839,10.696,7.429
23,focal,320.0,1.5,1,8.357,7.283,7.799,6.923,7.968,7.142,8.019,5.880,8.668,6.834
24,focal,10.0,0.75,1,1.772,0.000,1.173,4.174,1.979,3.838,1.899,0.000,2.079,4.015
24,focal,10.0,1.0,1,0.490,4.262,0.589,3.363,0.522,0.000,1.542,0.000,0.766,0.000
24,focal,10.0,1.5,1,-0.558,0.000,-0.677,0.000,-0.656,0.000,-0.617,0.000,-0.954,3.780
24,focal,20.0,0.75,1,1.850,3.648,1.978,0.000,1.409,3.400,2.821,0.000,2.323,4.235
24,focal,20.0,1.0,1,2.343,0.000,2.733,4.045,1.616,0.000,1.617,4.278,1.532,0.000
24,focal,20.0,1.5,1,3.606,4.248,3.487,4.327,2.939,0.000,2.697,5.108,3.699,0.000
24,focal,40.0,0.75,1,3.684,0.000,2.556,0.000,3.792,0.000,2.887,0.000,4.067,4.701
24,focal,40.0,1.0,1,4.614,4.895,4.827,5.095,4.398,0.000,3.105,4.483,5.368,4.611
24,focal,40.0,1.5,1,5.489,4.665,5.233,4.794,5.129,4.764,5.359,0.000,5.664,4.904
24,focal,80.0,0.75,1,6.991,6.074,6.395,5.072,6.656,6.113,5.826,4.511,7.453,6.280
24,focal,80.0,1.0,1,6.676,5.696,5.758,5.161,6.364,5.475,7.054,6.297,7.797,6.747
24,focal,80.0,1.5,1,11.066,9.810,10.314,9.036,10.539,9.302,10.906,9.991,11.109,8.725
24,focal,160.0,0.75,1,16.183,13.135,14.522,11.669,15.455,13.058,15.515,13.084,17.070,13.343
24,focal,160.0,1.0,1,16.170,14.101,14.543,12.442,15.457,13.745,14.527,12.254,17.122,13.597
24,focal,160.0,1.5,1,18.008,15.583,16.768,14.001,16.955,14.637,17.419,15.617,19.440,16.365
24,focal,320.0,0.75,1,31.061,25.355,28.646,23.090,29.020,24.299,29.653,24.455,33.053,26.160
24,focal,320.0,1.0,1,34.789,28.687,31.705,25.621,32.737,27.780,33.130,27.870,37.906,29.923
24,focal,320.0,1.5,1,35.243,29.656,33.267,27.393,33.923,28.574,34.080,29.054,38.395,31.993
25,focal,10.0,0.75,1,1.416,0.000,-0.012,3.904,1.309,0.000,0.345,0.000,1.191,3.595
25,focal,10.0,1.0,1,1.639,0.000,1.851,0.000,1.535,0.000,-0.558,0.000,1.375,0.000
25,focal,10.0,1.5,1,-0.551,0.000,-0.234,3.349,-0.488,0.000,-0.672,0.000,0.128,4.164
25,focal,20.0,0.75,1,-1.410,0.000,-2.781,0.000,-0.699,0.000,-0.572,0.000,-0.125,0.000
25,focal,20.0,1.0,1,2.538,0.000,2.249,0.000,1.930,0.000,1.116,0.000,1.304,4.111
25,focal,20.0,1.5,1,1.524,0.000,-0.051,0.000,1.877,0.000,1.345,0.000,1.996,0.000
25,focal,40.0,0.75,1,2.782,0.000,1.394,0.000,3.428,4.205,3.576,0.000,3.775,0.000
25,focal,40.0,1.0,1,3.492,3.691,2.759,0.000,3.396,0.000,1.606,0.000,4.733,0.000
25,focal,40.0,1.5,1,4.566,4.754,2.892,4.405,4.192,4.384,3.538,0.000,5.030,0.000
25,focal,80.0,0.75,1,7.191,5.975,4.530,4.195,7.126,6.337,4.522,3.972,7.438,5.846
25,focal,80.0,1.0,1,6.562,5.602,4.214,4.147,6.589,5.638,6.271,5.816,7.893,5.688
25,focal,80.0,1.5,1,8.353,6.718,5.691,5.521,8.439,6.652,6.679,5.507,9.876,7.329
25,focal,160.0,0.75,1,11.659,9.205,9.262,7.490,10.606,8.395,9.818,7.935,16.352,12.303
25,focal,160.0,1.0,1,13.073,9.599,9.403,7.249,12.515,9.358,10.803,9.138,17.595,11.913
25,focal,160.0,1.5,1,13.097,10.916,10.148,8.634,12.716,10.229,10.891,9.717,17.238,13.964
25,focal,320.0,0.75,1,23.429,17.472,16.182,13.206,22.879,17.027,19.267,16.004,29.003,20.206
25,focal,320.0,1.0,1,28.020,20.525,20.057,16.306,27.192,20.770,22.774,19.215,34.751,24.934
25,focal,320.0,1.5,1,30.340,24.087,20.942,16.771,29.319,23.733,23.929,19.823,37.357,27.473
26,focal,10.0,0.75,1,0.977,0.000,1.213,0.000,0.956,0.000,1.018,0.000,1.876,0.000
26,focal,10.0,1.0,1,2.195,0.000,1.336,4.769,2.032,0.000,1.980,4.401,2.871,0.000
26,focal,10.0,1.5,1,-0.057,4.651,-0.402,0.000,0.204,0.000,1.336,0.000,0.728,2.831
26,focal,20.0,0.75,1,1.502,0.000,0.564,3.844,1.620,0.000,3.346,0.000,3.262,4.987
26,focal,20.0,1.0,1,1.949,0.000,1.923,0.000,1.927,3.768,2.792,3.873,3.714,0.000
26,focal,20.0,1.5,1,2.799,4.265,0.552,4.122,3.307,0.000,3.933,4.752,4.042,3.693
26,focal,40.0,0.75,1,4.475,4.308,3.116,4.366,4.299,4.357,5.023,5.488,7.638,6.301
26,focal,40.0,1.0,1,5.010,4.607,4.535,4.442,4.932,4.707,6.156,6.490,7.128,5.896
26,focal,40.0,1.5,1,6.816,6.065,5.682,5.447,6.376,5.566,8.990,9.288,9.789,8.482
26,focal,80.0,0.75,1,8.549,7.772,4.916,5.144,7.975,7.353,10.620,10.415,14.214,11.539
26,focal,80.0,1.0,1,9.539,9.292,6.679,6.840,9.097,8.708,11.112,10.755,15.618,12.497
26,focal,80.0,1.5,1,9.498,9.180,8.033,7.553,8.712,8.541,14.958,14.780,17.500,14.551
26,focal,160.0,0.75,1,18.009,16.253,12.623,12.050,17.232,15.582,24.010,23.234,28.209,22.991
26,focal,160.0,1.0,1,20.034,17.726,14.473,12.856,18.786,16.920,27.445,26.099,32.513,25.429
26,focal,160.0,1.5,1,22.773,19.789,16.816,15.016,22.010,19.102,30.343,28.741,34.888,27.426
26,focal,320.0,0.75,1,36.986,33.175,28.454,25.862,34.616,31.291,48.398,46.446,59.396,47.515
26,focal,320.0,1.0,1,38.837,34.376,28.988,26.749,36.787,32.309,54.136,51.705,64.210,51.043
26,focal,320.0,1.5,1,43.088,38.010,31.362,28.579,40.948,36.076,58.115,55.491,70.647,55.574
27,focal,10.0,0.75,1,0.110,0.000,0.188,4.607,-0.173,0.000,-0.281,0.000,-0.045,0.000
27,focal,10.0,1.0,1,2.155,0.000,1.310,0.000,1.706,3.828,1.747,4.432,2.077,0.000
27,focal,10.0,1.5,1,0.548,3.905,1.220,0.000,0.324,0.000,-0.024,0.000,0.935,3.835
27,focal,20.0,0.75,1,2.212,3.923,2.133,0.000,2.395,0.000,2.403,4.256,2.963,4.684
27,focal,20.0,1.0,1,2.242,4.242,2.268,4.388,2.250,4.123,2.805,3.877,2.056,0.000
27,focal,20.0,1.5,1,1.588,0.000,1.454,0.000,1.476,0.000,1.316,0.000,2.300,4.527
27,focal,40.0,0.75,1,4.767,4.879,4.822,4.825,4.401,4.795,4.119,5.128,3.899,4.452
27,focal,40.0,1.0,1,2.144,3.888,1.997,0.000,2.112,0.000,2.314,4.356,3.153,0.000
27,focal,40.0,1.5,1,4.709,4.678,4.755,4.784,4.291,4.694,4.169,4.625,5.293,5.205
27,focal,80.0,0.75,1,6.664,4.731,6.824,5.221,5.674,0.000,7.028,5.786,9.845,7.653
27,focal,80.0,1.0,1,7.751,7.394,7.170,7.024,7.749,7.577,8.068,7.186,10.238,9.248
27,focal,80.0,1.5,1,8.170,7.188,7.468,6.624,7.861,6.993,8.231,6.764,9.004,7.959
27,focal,160.0,0.75,1,15.850,13.641,14.463,13.019,15.250,12.962,15.575,12.047,18.391,15.229
27,focal,160.0,1.0,1,16.606,14.719,15.368,13.768,16.111,14.584,16.670,13.619,19.435,16.539
27,focal,160.0,1.5,1,17.837,15.496,16.020,14.230,17.301,15.116,17.913,14.528,20.953,17.878
27,focal,320.0,0.75,1,30.505,25.204,28.224,23.486,29.361,24.721,30.624,23.787,36.169,29.209
27,focal,320.0,1.0,1,34.502,29.290,32.406,27.844,32.820,28.455,33.973,27.359,40.812,33.689
27,focal,320.0,1.5,1,34.357,29.156,32.211,27.952,33.433,28.422,34.921,27.546,41.273,33.688
28,focal,10.0,0.75,1,-1.248,0.000,-1.299,0.000,-1.383,4.500,-1.354,4.340,-1.342,0.000
28,focal,10.0,1.0,1,0.753,4.565,0.593,4.013,0.905,4.638,0.803,0.000,1.582,3.871
28,focal,10.0,1.5,1,-0.879,0.000,-0.451,4.186,-0.847,4.203,-0.430,0.000,-1.023,4.334
28,focal,20.0,0.75,1,1.255,0.000,1.315,0.000,1.244,0.000,1.724,0.000,2.446,0.000
28,focal,20.0,1.0,1,-0.135,4.393,0.349,4.557,-0.222,4.259,1.371,4.153,0.362,0.000
28,focal,20.0,1.5,1,3.468,0.000,2.937,0.000,2.963,4.184,2.703,3.920,3.530,0.000
28,focal,40.0,0.75,1,3.802,5.307,3.084,4.381,3.906,5.548,4.256,4.499,4.301,4.616
28,focal,40.0,1.0,1,4.075,4.447,3.621,0.000,3.808,4.473,4.696,4.691,4.632,0.000
28,focal,40.0,1.5,1,2.560,0.000,2.485,0.000,2.367,0.000,2.649,0.000,2.744,0.000
28,focal,80.0,0.75,1,5.347,5.353,4.858,4.943,5.254,5.404,5.200,5.533,6.212,6.343
28,focal,80.0,1.0,1,3.769,0.000,3.069,0.000,4.001,0.000,4.796,4.724,5.370,5.243
28,focal,80.0,1.5,1,7.633,7.678,5.949,5.986,7.990,8.076,8.290,8.455,8.992,9.003
28,focal,160.0,0.75,1,11.245,11.106,8.986,8.860,11.500,11.334,12.396,12.326,13.996,13.768
28,focal,160.0,1.0,1,12.325,12.148,11.683,11.649,12.078,11.948,14.069,14.081,14.073,13.910
28,focal,160.0,1.5,1,13.079,12.875,11.169,11.096,12.929,12.706,14.284,14.236,15.941,15.644
28,focal,320.0,0.75,1,21.128,20.801,18.286,17.971,20.840,20.570,23.686,23.396,25.978,25.636
28,focal,320.0,1.0,1,25.482,24.905,22.123,21.767,24.584,24.118,26.841,26.564,29.747,29.097
28,focal,320.0,1.5,1,25.394,25.265,22.128,22.043,24.998,24.881,27.909,27.938,29.451,29.174
29,focal,10.0,0.75,1,0.356,4.260,0.220,3.267,0.385,0.000,0.861,0.000,0.371,0.000
29,focal,10.0,1.0,1,0.657,0.000,0.740,0.000,0.649,0.000,0.723,0.000,0.995,0.000
29,focal,10.0,1.5,1,-0.496,0.000,0.225,3.961,-0.700,0.000,0.284,0.000,0.233,0.000
29,focal,20.0,0.75,1,1.268,0.000,1.014,3.911,1.303,0.000,1.990,3.896,1.393,0.000
29,focal,20.0,1.0,1,1.744,0.000,1.810,4.203,1.793,0.000,2.266,4.141,2.293,4.045
29,focal,20.0,1.5,1,3.437,4.303,3.474,0.000,3.166,4.185,3.434,0.000,2.797,3.640
29,focal,40.0,0.75,1,3.729,4.717,3.749,0.000,3.243,0.000,4.088,0.000,4.551,4.718
29,focal,40.0,1.0,1,4.458,4.339,3.106,3.819,4.475,4.857,5.036,5.402,4.910,4.312
29,focal,40.0,1.5,1,3.511,0.000,2.715,0.000,3.615,3.706,3.988,0.000,4.731,0.000
29,focal,80.0,0.75,1,4.968,4.525,3.903,0.000,4.844,4.408,5.938,4.631,5.441,0.000
29,focal,80.0,1.0,1,8.693,6.673,7.118,5.812,8.455,6.949,8.957,7.026,8.726,6.227
29,focal,80.0,1.5,1,6.677,5.422,6.114,5.844,6.639,5.471,7.716,6.258,8.352,6.141
29,focal,160.0,0.75,1,12.057,10.315,9.150,8.029,11.928,10.477,12.960,10.710,12.711,10.214
29,focal,160.0,1.0,1,12.797,10.108,10.533,9.172,12.507,9.992,15.321,11.602,15.003,10.674
29,focal,160.0,1.5,1,13.663,11.561,11.075,9.517,13.291,11.325,15.719,13.129,15.100,12.517
29,focal,320.0,0.75,1,24.265,19.443,18.978,16.446,23.695,19.336,27.459,22.204,27.223,20.557
29,focal,320.0,1.0,1,27.063,22.768,22.478,19.623,26.229,22.283,30.868,25.872,31.282,24.956
29,focal,320.0,1.5,1,27.855,22.751,23.278,20.049,27.402,22.484,30.038,23.831,31.513,24.277
30,focal,10.0,0.75,1,-1.500,0.000,-0.801,0.000,-1.584,0.000,0.127,0.000,-0.161,0.000
30,focal,10.0,1.0,1,-0.041,4.018,-0.113,4.161,0.058,0.000,1.076,4.113,0.123,3.641
30,focal,10.0,1.5,1,1.633,0.000,0.790,0.000,2.190,4.198,0.803,0.000,0.564,0.000
30,focal,20.0,0.75,1,2.867,0.000,2.513,0.000,3.029,0.000,2.062,0.000,2.495,0.000
30,focal,20.0,1.0,1,0.121,4.317,0.224,0.000,-0.087,3.970,0.849,0.000,0.477,0.000
30,focal,20.0,1.5,1,2.166,0.000,1.794,0.000,2.130,0.000,2.540,0.000,2.916,0.000
30,focal,40.0,0.75,1,1.771,0.000,1.431,4.919,1.320,4.572,2.830,0.000,2.837,4.912
30,focal,40.0,1.0,1,4.236,5.079,3.848,4.462,4.285,4.918,4.680,5.364,5.041,4.629
30,focal,40.0,1.5,1,2.729,5.469,2.050,5.595,2.554,5.080,3.194,4.887,3.705,5.405
30,focal,80.0,0.75,1,6.255,5.705,5.522,5.439,6.464,5.664,6.597,6.419,6.802,5.819
30,focal,80.0,1.0,1,6.498,5.802,5.625,5.378,6.274,5.564,7.277,6.261,7.847,6.259
30,focal,80.0,1.5,1,6.301,5.674,4.915,4.435,6.271,5.731,7.141,5.564,6.985,5.720
30,focal,160.0,0.75,1,13.003,11.083,12.101,10.354,12.914,11.362,14.917,11.634,15.401,12.631
30,focal,160.0,1.0,1,14.834,12.727,13.869,12.175,14.606,12.563,17.447,14.559,17.366,13.584
30,focal,160.0,1.5,1,14.836,12.369,13.214,11.788,14.735,12.538,16.369,14.002,17.533,13.736
30,focal,320.0,0.75,1,25.626,22.224,23.376,20.847,25.262,22.005,29.362,25.083,30.008,23.708
30,focal,320.0,1.0,1,27.166,22.732,24.736,21.111,27.145,22.831,31.259,25.004,31.820,24.154
30,focal,320.0,1.5,1,29.955,25.953,27.815,24.588,29.505,25.740,33.681,28.877,35.514,28.043
31,focal,10.0,0.75,1,0.801,4.187,0.517,0.000,0.854,4.085,0.745,0.000,0.652,4.428
31,focal,10.0,1.0,1,3.008,0.000,3.072,0.000,2.982,0.000,2.880,0.000,3.712,0.000
31,focal,10.0,1.5,1,1.550,0.000,1.750,0.000,1.220,0.000,0.776,0.000,1.585,0.000
31,focal,20.0,0.75,1,3.821,0.000,3.238,0.000,3.819,0.000,3.094,0.000,3.066,0.000
31,focal,20.0,1.0,1,3.417,4.259,3.766,4.522,3.355,4.135,3.881,0.000,3.599,0.000
31,focal,20.0,1.5,1,4.396,0.000,4.227,0.000,3.955,0.000,3.881,0.000,4.756,0.000
31,focal,40.0,0.75,1,6.667,5.044,5.781,0.000,6.049,5.195,5.901,5.488,6.504,0.000
31,focal,40.0,1.0,1,7.774,6.824,6.266,6.051,7.458,6.782,7.166,6.907,8.461,7.067
31,focal,40.0,1.5,1,6.951,5.034,6.361,4.636,6.841,5.249,6.567,5.758,7.534,5.052
31,focal,80.0,0.75,1,13.680,11.032,10.911,9.464,13.841,11.435,14.002,12.750,14.346,11.822
31,focal,80.0,1.0,1,13.069,10.397,11.602,9.501,12.615,10.117,13.679,11.563,15.418,11.540
31,focal,80.0,1.5,1,13.660,11.654,12.446,10.592,13.416,11.716,14.634,12.207,14.266,11.721
31,focal,160.0,0.75,1,24.084,19.346,20.386,16.688,24.065,19.627,25.582,22.386,25.269,19.651
31,focal,160.0,1.0,1,26.984,20.572,24.238,18.905,26.367,20.413,28.224,22.829,29.286,21.333
31,focal,160.0,1.5,1,27.909,20.465,25.415,18.904,27.497,20.700,28.543,23.275,30.217,21.841
31,focal,320.0,0.75,1,48.684,35.848,42.648,32.057,47.504,35.976,49.359,41.025,50.931,36.682
31,focal,320.0,1.0,1,53.598,40.261,46.822,36.378,52.537,40.449,54.539,45.097,57.592,41.962
31,focal,320.0,1.5,1,56.581,40.843,50.597,37.126,55.963,42.175,58.379,47.680,59.994,42.688
32,focal,10.0,0.75,1,0.102,0.000,-0.492,0.000,0.127,3.689,0.613,0.000,-0.671,4.062
32,focal,10.0,1.0,1,1.673,0.000,1.655,4.047,1.464,0.000,1.609,0.000,0.724,0.000
32,focal,10.0,1.5,1,-0.633,0.000,-0.209,0.000,-0.648,0.000,-0.631,3.985,0.793,4.405
32,focal,20.0,0.75,1,-0.028,0.000,-0.512,0.000,-0.452,4.371,2.842,0.000,1.730,0.000
32,focal,20.0,1.0,1,1.531,0.000,1.005,0.000,1.505,0.000,1.570,4.580,2.005,4.161
32,focal,20.0,1.5,1,2.972,4.068,1.889,4.162,2.689,0.000,2.675,4.576,3.067,4.094
32,focal,40.0,0.75,1,3.433,4.393,3.200,0.000,3.295,4.556,4.240,4.756,4.833,0.000
32,focal,40.0,1.0,1,3.866,0.000,2.018,0.000,3.927,0.000,4.435,4.664,6.064,5.508
32,focal,40.0,1.5,1,4.968,4.964,4.077,0.000,4.695,3.886,6.230,6.603,7.127,6.681
32,focal,80.0,0.75,1,5.974,5.833,3.796,0.000,5.711,5.682,8.036,7.905,9.355,8.913
32,focal,80.0,1.0,1,6.705,6.581,2.981,0.000,6.681,6.427,8.339,8.376,9.930,10.299
32,focal,80.0,1.5,1,7.248,7.565,6.864,7.373,6.499,6.577,10.102,10.279,11.652,10.750
32,focal,160.0,0.75,1,12.108,11.124,9.620,9.110,11.201,10.425,16.484,16.433,19.327,17.857
32,focal,160.0,1.0,1,13.224,12.482,9.869,9.691,12.571,11.810,19.125,18.785,20.901,19.456
32,focal,160.0,1.5,1,14.839,14.137,11.565,11.001,14.396,13.741,20.675,20.525,23.050,21.188
32,focal,320.0,0.75,1,26.461,24.647,20.252,18.948,25.617,23.986,36.222,35.576,40.512,38.102
32,focal,320.0,1.0,1,26.687,24.880,20.366,18.908,25.304,24.000,38.340,37.796,42.886,39.923
32,focal,320.0,1.5,1,30.733,29.069,23.133,22.242,30.103,28.433,41.612,41.075,46.728,43.886
33,focal,10.0,0.75,1,-0.266,0.000,-0.431,0.000,-0.099,0.000,0.758,0.000,1.144,0.000
33,focal,10.0,1.0,1,1.804,0.000,1.433,3.496,2.305,0.000,3.194,0.000,3.646,0.000
33,focal,10.0,1.5,1,1.542,4.819,1.700,4.106,1.554,4.782,2.046,4.071,3.166,0.000
33,focal,20.0,0.75,1,2.861,0.000,2.340,0.000,2.956,0.000,3.541,0.000,4.514,0.000
33,focal,20.0,1.0,1,4.402,0.000,4.628,0.000,2.957,0.000,4.617,0.000,5.294,0.000
33,focal,20.0,1.5,1,4.430,4.724,4.509,4.146,4.394,5.249,5.231,0.000,5.314,4.552
33,focal,40.0,0.75,1,7.046,5.653,6.361,5.811,7.320,5.772,7.938,6.183,9.838,8.276
33,focal,40.0,1.0,1,6.968,5.252,6.619,5.683,6.495,4.803,6.480,5.345,7.860,6.244
33,focal,40.0,1.5,1,7.859,6.539,7.511,6.737,7.066,5.972,9.175,6.049,11.201,7.904
33,focal,80.0,0.75,1,12.452,10.400,11.757,10.158,11.597,9.789,13.441,10.282,15.602,12.309
33,focal,80.0,1.0,1,13.010,9.238,11.036,8.957,12.126,8.735,13.603,9.676,16.738,11.606
33,focal,80.0,1.5,1,15.989,11.951,14.240,11.305,15.078,11.558,16.224,11.900,19.983,15.042
33,focal,160.0,0.75,1,26.124,19.294,23.064,18.319,24.303,18.484,26.319,19.229,33.601,24.127
33,focal,160.0,1.0,1,27.128,22.017,24.438,21.295,25.715,21.202,28.145,21.220,35.659,27.624
33,focal,160.0,1.5,1,30.265,21.898,27.424,21.814,27.829,20.714,30.786,21.739,38.524,27.340
33,focal,320.0,0.75,1,48.475,37.745,43.429,36.160,45.398,36.098,50.776,36.906,62.704,47.763
33,focal,320.0,1.0,1,55.498,42.817,49.975,41.316,51.753,41.043,58.179,42.233,71.589,53.687
33,focal,320.0,1.5,1,58.267,45.306,52.450,44.039,54.593,43.523,60.627,43.615,75.951,56.455
34,focal,10.0,0.75,1,2.144,4.363,2.363,3.928,1.602,4.345,1.911,0.000,2.011,0.000
34,focal,10.0,1.0,1,2.983,0.000,2.947,4.255,2.570,0.000,1.590,0.000,2.502,0.000
34,focal,10.0,1.5,1,3.469,4.301,2.256,0.000,3.652,4.225,4.030,0.000,4.127,0.000
34,focal,20.0,0.75,1,3.301,0.000,2.924,3.962,3.443,0.000,4.198,0.000,4.338,0.000
34,focal,20.0,1.0,1,4.375,4.389,3.564,4.456,3.790,4.400,6.198,6.028,4.619,5.196
34,focal,20.0,1.5,1,4.692,4.551,4.212,4.310,4.603,4.531,4.875,4.734,4.067,4.246
34,focal,40.0,0.75,1,5.097,4.808,3.939,0.000,5.057,4.564,8.431,6.955,7.857,6.378
34,focal,40.0,1.0,1,8.145,7.644,5.765,6.203,8.301,7.363,9.761,8.166,9.812,8.000
34,focal,40.0,1.5,1,8.552,8.113,7.555,7.582,7.975,7.206,9.918,9.179,9.982,7.889
34,focal,80.0,0.75,1,14.629,12.176,13.031,10.940,13.748,12.222,16.859,15.193,18.311,13.667
34,focal,80.0,1.0,1,17.302,15.242,14.267,12.626,16.552,15.440,19.509,18.302,19.189,15.323
34,focal,80.0,1.5,1,17.515,16.153,14.474,13.758,17.021,15.763,19.990,18.354,20.012,16.553
34,focal,160.0,0.75,1,31.311,27.471,26.933,23.554,29.858,27.345,34.796,31.722,35.991,28.063
34,focal,160.0,1.0,1,32.081,28.863,27.480,25.141,30.891,28.744,37.093,34.666,36.105,29.366
34,focal,160.0,1.5,1,35.700,30.189,30.357,26.210,33.868,29.697,40.583,35.895,40.000,29.733
34,focal,320.0,0.75,1,56.939,49.605,47.191,41.865,54.597,49.546,65.349,59.222,63.833,50.069
34,focal,320.0,1.0,1,64.461,55.426,53.382,46.753,61.517,55.472,73.094,66.236,72.348,57.035
34,focal,320.0,1.5,1,69.841,60.447,58.951,51.889,66.945,59.984,80.276,70.609,79.614,60.568
35,focal,10.0,0.75,1,1.395,0.000,1.249,0.000,0.892,0.000,1.289,0.000,1.976,0.000
35,focal,10.0,1.0,1,1.568,0.000,1.694,0.000,1.673,0.000,1.528,0.000,1.543,0.000
35,focal,10.0,1.5,1,0.090,4.194,-0.021,0.000,-0.286,0.000,0.028,3.650,0.668,0.000
35,focal,20.0,0.75,1,1.242,4.039,1.190,0.000,0.852,3.968,0.949,3.155,1.928,0.000
35,focal,20.0,1.0,1,2.509,4.986,2.034,0.000,2.711,0.000,3.057,4.757,2.076,0.000
35,focal,20.0,1.5,1,2.179,0.000,2.595,0.000,2.052,0.000,2.840,4.104,2.318,0.000
35,focal,40.0,0.75,1,4.893,4.893,4.803,4.755,4.089,2.959,4.762,0.000,4.102,0.000
35,focal,40.0,1.0,1,5.430,6.437,5.213,6.186,4.616,5.556,5.337,6.224,5.811,5.810
35,focal,40.0,1.5,1,4.915,4.944,4.833,4.881,4.702,4.710,4.426,4.300,5.633,5.491
35,focal,80.0,0.75,1,7.469,7.164,7.216,7.542,6.083,5.724,6.132,5.777,7.163,6.619
35,focal,80.0,1.0,1,8.665,8.187,7.970,7.626,8.675,8.311,7.916,7.947,10.149,9.166
35,focal,80.0,1.5,1,9.303,8.782,8.600,8.412,9.121,8.426,9.157,8.323,10.416,9.389
35,focal,160.0,0.75,1,15.950,15.388,14.197,14.169,15.150,14.726,15.120,14.428,17.659,16.421
35,focal,160.0,1.0,1,18.510,16.656,17.416,16.132,16.806,15.498,16.914,15.514,20.273,18.117
35,focal,160.0,1.5,1,19.566,18.108,18.489,17.132,18.394,17.167,18.283,17.060,21.482,19.231
35,focal,320.0,0.75,1,32.676,30.539,30.369,28.983,30.274,28.837,30.381,28.724,36.768,33.611
35,focal,320.0,1.0,1,37.428,34.392,34.379,32.095,34.815,32.522,34.497,32.400,41.042,37.091
35,focal,320.0,1.5,1,36.109,33.560,34.340,32.084,33.976,31.681,33.308,30.757,39.694,35.704
36,focal,10.0,0.75,2,1.459,4.083,1.856,0.000,1.156,3.903,0.672,0.000,0.764,4.651
36,focal,10.0,1.0,2,1.045,0.000,0.839,0.000,1.183,0.000,1.724,0.000,1.511,4.407
36,focal,10.0,1.5,2,-0.533,4.139,-1.217,4.103,-0.391,0.000,0.036,4.539,1.079,0.000
36,focal,20.0,0.75,2,-0.390,0.000,0.665,4.059,-0.263,4.052,1.468,0.000,0.647,0.000
36,focal,20.0,1.0,2,1.829,0.000,0.875,4.494,1.580,0.000,1.757,0.000,1.241,0.000
36,focal,20.0,1.5,2,1.523,0.000,1.009,0.000,1.604,0.000,0.155,4.409,1.296,4.011
36,focal,40.0,0.75,2,0.831,4.213,1.917,3.803,0.229,4.046,0.128,0.000,2.340,0.000
36,focal,40.0,1.0,2,-0.056,4.268,0.208,4.230,-0.030,4.401,0.413,4.271,1.234,0.000
36,focal,40.0,1.5,2,0.522,0.000,1.222,0.000,0.592,4.112,3.292,0.000,3.249,4.368
36,focal,80.0,0.75,2,2.196,0.000,2.947,0.000,1.880,5.213,2.600,4.248,4.725,4.256
36,focal,80.0,1.0,2,4.449,0.000,4.478,0.000,4.330,0.000,5.329,0.000,4.748,4.817
36,focal,80.0,1.5,2,4.020,4.136,3.053,0.000,4.479,4.604,4.965,4.483,5.209,0.000
36,focal,160.0,0.75,2,5.015,4.683,3.554,0.000,4.976,4.412,6.664,5.095,8.762,6.412
36,focal,160.0,1.0,2,6.220,5.438,5.093,5.040,6.058,5.625,7.568,6.194,9.551,6.789
36,focal,160.0,1.5,2,8.757,6.462,7.153,6.260,8.531,6.338,11.502,8.158,12.263,7.444
36,focal,320.0,0.75,2,12.784,10.254,10.797,9.490,12.514,9.676,15.223,11.977,16.619,11.689
36,focal,320.0,1.0,2,15.689,11.385,13.109,10.693,15.603,11.614,18.521,12.764,20.720,14.137
36,focal,320.0,1.5,2,16.848,13.071,12.984,11.450,16.717,12.843,19.296,14.052,22.026,15.587
37,focal,10.0,0.75,2,-0.292,0.000,0.223,0.000,-0.267,0.000,0.167,0.000,0.051,0.000
37,focal,10.0,1.0,2,1.630,0.000,1.122,0.000,1.518,0.000,1.765,4.397,2.085,0.000
37,focal,10.0,1.5,2,-0.935,0.000,-0.499,0.000,-0.828,0.000,-0.987,3.914,-1.702,3.408
37,focal,20.0,0.75,2,1.184,0.000,1.605,0.000,1.071,0.000,1.889,0.000,1.481,0.000
37,focal,20.0,1.0,2,1.586,0.000,0.581,0.000,1.776,0.000,1.455,4.876,0.562,4.848
37,focal,20.0,1.5,2,1.688,0.000,1.171,0.000,1.830,0.000,1.321,3.885,0.558,0.000
37,focal,40.0,0.75,2,-0.242,0.000,-0.169,0.000,-0.176,0.000,-0.442,0.000,-0.224,4.760
37,focal,40.0,1.0,2,2.326,0.000,2.678,0.000,1.866,0.000,2.831,0.000,2.132,0.000
37,focal,40.0,1.5,2,1.722,0.000,1.140,0.000,1.825,0.000,1.958,0.000,1.426,0.000
37,focal,80.0,0.75,2,3.592,4.772,3.501,5.494,3.657,4.738,4.265,4.493,5.142,5.228
37,focal,80.0,1.0,2,2.534,4.575,1.859,0.000,2.462,0.000,2.400,4.356,3.309,0.000
37,focal,80.0,1.5,2,2.817,0.000,2.734,0.000,2.717,0.000,3.363,0.000,4.068,0.000
37,focal,160.0,0.75,2,5.846,5.813,4.409,0.000,5.827,5.892,5.636,5.790,5.610,5.152
37,focal,160.0,1.0,2,5.653,5.901,4.388,4.586,5.476,5.816,5.864,6.086,6.476,7.051
37,focal,160.0,1.5,2,7.559,7.178,6.630,6.455,7.520,7.156,8.183,8.074,8.490,8.199
37,focal,320.0,0.75,2,12.055,11.292,10.546,10.209,11.815,10.987,11.579,10.688,12.728,11.708
37,focal,320.0,1.0,2,13.180,12.729,12.405,12.018,13.015,12.471,13.707,13.250,14.591,14.106
37,focal,320.0,1.5,2,11.977,12.167,10.548,10.779,11.865,11.926,12.298,12.483,13.325,13.425
38,focal,10.0,0.75,2,-0.598,0.000,-1.446,0.000,-0.402,0.000,-2.155,0.000,-0.817,0.000
38,focal,10.0,1.0,2,3.097,0.000,2.854,0.000,3.044,0.000,3.061,0.000,2.874,0.000
38,focal,10.0,1.5,2,1.091,4.021,-1.107,0.000,1.481,0.000,0.512,0.000,0.556,0.000
38,focal,20.0,0.75,2,2.023,4.103,-0.408,3.983,1.973,0.000,1.780,0.000,0.898,0.000
38,focal,20.0,1.0,2,1.057,4.180,1.805,3.921,0.853,0.000,2.011,3.419,1.292,0.000
38,focal,20.0,1.5,2,2.103,3.819,1.043,0.000,1.749,0.000,0.424,3.368,1.948,4.411
38,focal,40.0,0.75,2,3.013,4.317,2.490,4.369,3.126,4.368,3.663,0.000,3.030,0.000
38,focal,40.0,1.0,2,0.718,0.000,1.470,0.000,0.808,0.000,1.696,0.000,2.938,0.000
38,focal,40.0,1.5,2,3.168,0.000,3.068,4.080,3.188,4.206,1.984,0.000,2.790,4.391
38,focal,80.0,0.75,2,3.785,0.000,1.445,0.000,3.687,0.000,2.121,0.000,4.215,0.000
38,focal,80.0,1.0,2,4.407,0.000,3.456,0.000,4.191,4.693,3.878,0.000,5.120,5.393
38,focal,80.0,1.5,2,6.252,6.301,5.148,5.547,5.873,5.976,4.476,4.794,7.204,7.199
38,focal,160.0,0.75,2,8.660,8.282,4.718,0.000,8.416,8.141,7.829,7.751,11.738,11.277
38,focal,160.0,1.0,2,10.591,10.430,8.080,7.899,10.308,10.269,8.241,8.234,12.812,12.589
38,focal,160.0,1.5,2,11.331,11.275,7.479,7.777,11.015,11.023,9.737,9.806,12.058,12.162
38,focal,320.0,0.75,2,19.603,19.430,11.343,11.529,19.556,19.468,16.356,16.465,20.863,20.889
38,focal,320.0,1.0,2,20.257,20.105,13.504,13.654,20.072,19.991,17.708,17.928,23.245,23.154
38,focal,320.0,1.5,2,22.640,22.217,15.998,15.860,22.330,22.048,20.009,19.509,25.920,25.428
39,focal,10.0,0.75,2,0.417,0.000,-0.088,0.000,0.577,0.000,0.089,0.000,0.550,0.000
39,focal,10.0,1.0,2,0.177,4.272,-0.510,4.033,0.392,4.014,0.254,0.000,0.289,3.548
39,focal,10.0,1.5,2,1.380,0.000,1.231,4.004,1.442,5.184,1.487,0.000,1.607,0.000
39,focal,20.0,0.75,2,-1.801,0.000,-0.993,3.387,-1.627,0.000,-1.262,0.000,-1.834,0.000
39,focal,20.0,1.0,2,2.592,0.000,2.678,4.273,2.477,0.000,2.106,0.000,2.511,0.000
39,focal,20.0,1.5,2,0.107,0.000,0.691,0.000,-0.131,0.000,0.096,0.000,0.472,4.022
39,focal,40.0,0.75,2,0.004,0.000,0.412,0.000,-0.103,0.000,-0.009,0.000,-0.299,0.000
39,focal,40.0,1.0,2,0.445,0.000,0.711,0.000,0.296,0.000,0.869,0.000,0.481,0.000
39,focal,40.0,1.5,2,0.665,0.000,0.865,0.000,0.678,0.000,0.423,0.000,0.827,0.000
39,focal,80.0,0.75,2,1.971,4.812,1.747,0.000,1.814,4.960,2.673,0.000,2.546,0.000
39,focal,80.0,1.0,2,4.066,0.000,3.579,4.322,4.147,0.000,4.631,4.761,4.380,4.719
39,focal,80.0,1.5,2,1.585,0.000,1.998,4.076,1.664,0.000,1.630,0.000,1.439,0.000
39,focal,160.0,0.75,2,3.891,0.000,3.607,4.459,4.014,0.000,3.937,0.000,3.745,4.759
39,focal,160.0,1.0,2,2.521,0.000,2.012,0.000,2.767,0.000,2.593,0.000,2.907,0.000
39,focal,160.0,1.5,2,3.931,4.836,3.512,4.580,3.859,4.918,3.392,3.987,3.985,4.948
39,focal,320.0,0.75,2,6.892,7.002,6.436,6.886,6.718,6.743,7.057,7.420,7.864,7.836
39,focal,320.0,1.0,2,8.002,7.650,7.168,6.979,7.899,7.592,7.964,7.786,8.660,8.121
39,focal,320.0,1.5,2,6.156,6.609,5.450,5.788,6.255,6.788,6.106,6.424,6.397,6.461
40,focal,10.0,0.75,2,0.217,0.000,-0.273,0.000,0.411,0.000,0.248,0.000,-0.148,0.000
40,focal,10.0,1.0,2,1.051,4.340,0.868,0.000,1.127,0.000,0.762,0.000,0.696,0.000
40,focal,10.0,1.5,2,0.888,0.000,1.045,4.529,0.714,0.000,1.300,5.049,1.153,4.719
40,focal,20.0,0.75,2,-0.175,0.000,0.003,4.477,-0.372,0.000,0.727,0.000,0.354,3.281
40,focal,20.0,1.0,2,-0.858,0.000,-0.728,0.000,-0.706,0.000,-0.874,0.000,-0.691,0.000
40,focal,20.0,1.5,2,1.080,0.000,1.101,0.000,0.767,0.000,0.450,0.000,0.462,0.000
40,focal,40.0,0.75,2,-1.499,0.000,-0.535,0.000,-1.933,0.000,-1.381,5.007,-0.393,0.000
40,focal,40.0,1.0,2,0.411,3.875,0.326,4.996,0.177,3.952,0.933,0.000,1.639,3.975
40,focal,40.0,1.5,2,-1.026,4.142,-1.248,0.000,-0.856,4.088,-0.077,0.000,-0.399,3.891
40,focal,80.0,0.75,2,-0.348,0.000,0.253,0.000,-0.226,0.000,0.453,4.512,0.980,0.000
40,focal,80.0,1.0,2,-0.499,0.000,-0.695,4.245,-0.367,4.703,-0.284,4.422,0.531,3.936
40,focal,80.0,1.5,2,1.511,0.000,0.574,0.000,1.687,0.000,1.157,0.000,1.871,0.000
40,focal,160.0,0.75,2,2.460,0.000,1.288,0.000,2.569,0.000,2.621,4.287,2.236,0.000
40,focal,160.0,1.0,2,1.205,0.000,1.620,4.335,0.876,3.596,1.204,0.000,2.083,0.000
40,focal,160.0,1.5,2,2.222,0.000,1.522,0.000,2.169,0.000,1.943,0.000,3.238,4.451
40,focal,320.0,0.75,2,4.738,0.000,2.996,0.000,4.867,4.823,5.314,4.892,5.753,5.088
40,focal,320.0,1.0,2,6.381,6.146,6.018,5.968,6.296,6.193,6.042,5.597,6.654,6.272
40,focal,320.0,1.5,2,7.015,6.673,6.306,6.232,6.790,6.502,6.717,6.495,6.575,6.544
41,focal,10.0,0.75,2,-0.400,0.000,0.207,0.000,-0.575,0.000,0.950,0.000,0.504,4.402
41,focal,10.0,1.0,2,-0.015,0.000,0.830,4.393,-0.229,0.000,-0.721,4.513,-0.120,0.000
41,focal,10.0,1.5,2,0.187,0.000,-0.307,4.748,0.014,0.000,-0.498,0.000,-0.123,4.266
41,focal,20.0,0.75,2,0.969,0.000,1.167,0.000,1.217,0.000,1.198,0.000,0.943,0.000
41,focal,20.0,1.0,2,1.021,0.000,1.571,0.000,0.838,0.000,1.579,0.000,1.772,4.489
41,focal,20.0,1.5,2,0.560,4.070,0.370,0.000,0.467,4.047,-0.210,0.000,-0.519,0.000
41,focal,40.0,0.75,2,1.290,0.000,2.048,4.283,1.041,0.000,0.688,0.000,1.163,0.000
41,focal,40.0,1.0,2,2.484,3.963,1.788,3.166,2.503,4.417,2.547,0.000,1.984,0.000
41,focal,40.0,1.5,2,3.160,4.366,2.895,0.000,2.922,4.458,1.365,3.731,2.761,4.480
41,focal,80.0,0.75,2,3.038,0.000,1.839,0.000,2.926,0.000,2.007,0.000,4.031,0.000
41,focal,80.0,1.0,2,3.246,3.676,3.879,4.559,2.856,3.835,1.526,0.000,2.247,0.000
41,focal,80.0,1.5,2,3.080,0.000,2.342,0.000,3.189,4.214,3.125,0.000,2.269,0.000
41,focal,160.0,0.75,2,3.272,4.186,1.715,4.293,3.353,3.893,3.744,4.123,4.589,4.793
41,focal,160.0,1.0,2,4.297,0.000,3.107,0.000,3.985,0.000,4.317,5.251,5.991,4.974
41,focal,160.0,1.5,2,4.650,4.211,3.252,3.331,4.733,0.000,5.120,5.620,5.107,4.540
41,focal,320.0,0.75,2,9.097,7.295,6.285,5.889,9.359,7.995,9.632,8.192,10.899,8.265
41,focal,320.0,1.0,2,8.350,7.614,6.227,6.187,8.613,7.919,8.638,7.836,10.833,8.788
41,focal,320.0,1.5,2,8.314,7.463,6.390,6.406,8.313,7.517,10.101,9.983,11.254,8.881
42,focal,10.0,0.75,2,1.152,3.885,0.758,3.731,1.429,0.000,1.563,0.000,0.138,0.000
42,focal,10.0,1.0,2,-0.259,4.320,-0.466,0.000,-0.324,0.000,0.096,3.153,-0.069,4.103
42,focal,10.0,1.5,2,-0.472,0.000,-0.071,0.000,-0.101,0.000,-0.586,3.192,-0.729,0.000
42,focal,20.0,0.75,2,0.515,0.000,0.682,0.000,0.201,0.000,1.507,0.000,1.079,0.000
42,focal,20.0,1.0,2,-0.348,4.665,-0.499,0.000,-0.082,4.390,0.856,0.000,1.013,0.000
42,focal,20.0,1.5,2,-0.893,4.528,-0.017,0.000,-0.672,0.000,-0.480,0.000,-0.611,3.720
42,focal,40.0,0.75,2,0.865,0.000,0.004,0.000,0.663,0.000,-0.035,0.000,0.441,0.000
42,focal,40.0,1.0,2,0.823,0.000,1.383,0.000,1.121,4.723,2.243,4.694,1.119,5.044
42,focal,40.0,1.5,2,0.265,0.000,0.672,0.000,0.190,0.000,0.147,0.000,0.704,0.000
42,focal,80.0,0.75,2,2.579,0.000,2.533,0.000,2.333,0.000,2.845,4.383,2.189,4.315
42,focal,80.0,1.0,2,0.845,0.000,0.953,0.000,0.867,0.000,1.002,4.296,-0.505,0.000
42,focal,80.0,1.5,2,0.267,0.000,-1.083,0.000,0.466,0.000,0.789,3.589,1.313,0.000
42,focal,160.0,0.75,2,3.531,4.289,2.367,0.000,3.809,4.332,2.646,4.004,2.572,0.000
42,focal,160.0,1.0,2,2.644,4.448,1.757,4.351,2.211,4.474,0.629,4.710,2.344,0.000
42,focal,160.0,1.5,2,2.157,3.910,2.280,3.914,1.870,3.829,2.307,0.000,3.250,0.000
42,focal,320.0,0.75,2,3.385,4.492,2.622,3.786,2.900,4.286,1.863,0.000,4.609,0.000
42,focal,320.0,1.0,2,4.473,4.593,2.375,4.359,5.005,4.486,2.449,4.867,5.760,5.409
42,focal,320.0,1.5,2,6.135,5.903,4.454,4.898,5.779,5.560,4.498,0.000,7.720,6.889
43,focal,10.0,0.75,2,0.533,0.000,-0.134,0.000,0.718,0.000,0.357,4.062,-0.002,0.000
43,focal,10.0,1.0,2,0.921,0.000,0.719,0.000,0.783,0.000,-0.143,0.000,1.155,0.000
43,focal,10.0,1.5,2,0.974,4.725,0.521,5.094,0.984,0.000,1.400,4.893,1.931,4.425
43,focal,20.0,0.75,2,2.053,0.000,2.076,3.923,1.746,0.000,1.665,4.396,1.648,4.348
43,focal,20.0,1.0,2,0.557,4.479,0.746,0.000,0.171,0.000,0.128,0.000,-0.079,4.072
43,focal,20.0,1.5,2,0.473,0.000,0.132,4.408,0.242,0.000,0.019,5.723,0.632,3.654
43,focal,40.0,0.75,2,-0.012,0.000,0.165,3.628,0.210,0.000,0.012,0.000,1.689,0.000
43,focal,40.0,1.0,2,1.543,0.000,1.116,0.000,1.622,0.000,1.008,0.000,1.283,3.936
43,focal,40.0,1.5,2,1.895,0.000,1.364,0.000,2.130,0.000,1.772,0.000,1.601,0.000
43,focal,80.0,0.75,2,3.306,0.000,3.445,0.000,3.568,0.000,3.935,0.000,3.847,0.000
43,focal,80.0,1.0,2,5.482,5.792,4.714,4.708,5.387,5.535,5.493,5.276,5.501,4.970
43,focal,80.0,1.5,2,2.892,4.029,2.358,0.000,2.905,4.014,3.057,4.235,3.255,4.923
43,focal,160.0,0.75,2,6.118,5.452,5.597,5.289,5.892,5.231,5.752,5.351,6.346,6.002
43,focal,160.0,1.0,2,6.032,5.882,5.334,5.639,5.753,5.630,5.895,5.829,6.291,5.457
43,focal,160.0,1.5,2,7.936,7.518,7.428,7.420,7.617,7.141,8.837,8.286,8.924,7.934
43,focal,320.0,0.75,2,15.957,13.882,14.110,13.190,15.582,13.806,15.008,13.079,17.174,14.914
43,focal,320.0,1.0,2,13.684,11.857,13.142,11.855,13.086,11.659,14.906,12.841,15.902,13.082
43,focal,320.0,1.5,2,16.577,15.550,15.077,14.946,16.264,15.146,16.943,15.336,19.068,16.961
44,focal,10.0,0.75,2,0.661,4.021,0.994,4.228,0.451,3.501,0.804,0.000,0.759,0.000
44,focal,10.0,1.0,2,0.086,0.000,-0.176,0.000,-0.019,3.810,-0.520,0.000,0.060,0.000
44,focal,10.0,1.5,2,0.553,4.676,-0.050,4.981,0.601,0.000,0.505,0.000,1.697,0.000
44,focal,20.0,0.75,2,-0.899,4.709,-0.966,0.000,-0.980,4.558,-0.947,4.370,-0.304,4.287
44,focal,20.0,1.0,2,0.483,4.473,0.342,4.115,0.500,4.782,-0.063,0.000,0.025,4.085
44,focal,20.0,1.5,2,0.791,0.000,0.141,0.000,0.685,0.000,1.026,0.000,2.086,0.000
44,focal,40.0,0.75,2,1.128,0.000,0.560,3.613,0.853,0.000,-0.176,4.431,0.540,0.000
44,focal,40.0,1.0,2,0.867,3.735,0.942,4.924,1.125,0.000,0.114,3.792,1.312,0.000
44,focal,40.0,1.5,2,1.765,0.000,1.937,0.000,1.541,0.000,1.656,3.552,2.184,4.361
44,focal,80.0,0.75,2,3.826,0.000,2.906,4.077,3.953,0.000,4.585,0.000,4.329,4.792
44,focal,80.0,1.0,2,3.450,4.316,3.293,0.000,2.874,4.376,2.972,0.000,2.790,0.000
44,focal,80.0,1.5,2,3.285,0.000,2.876,0.000,3.138,0.000,2.700,0.000,3.970,4.179
44,focal,160.0,0.75,2,6.068,5.085,5.179,4.838,6.519,5.506,6.537,5.333,6.881,5.579
44,focal,160.0,1.0,2,6.324,5.612,5.520,5.488,6.577,5.929,6.063,5.240,7.629,6.322
44,focal,160.0,1.5,2,7.716,6.769,7.270,6.020,7.951,7.029,7.667,6.352,8.987,7.553
44,focal,320.0,0.75,2,12.704,10.905,11.445,9.575,12.509,10.833,13.074,10.836,14.733,11.621
44,focal,320.0,1.0,2,15.449,13.135,14.307,12.315,15.233,12.818,15.627,13.028,16.855,13.396
44,focal,320.0,1.5,2,14.388,11.255,13.069,11.310,14.320,11.367,14.666,11.591,17.638,14.271
45,focal,10.0,0.75,2,-1.243,4.151,-0.868,0.000,-0.932,4.364,-0.824,4.199,-1.668,0.000
45,focal,10.0,1.0,2,0.068,0.000,-0.140,0.000,-0.030,0.000,-0.557,4.619,0.286,0.000
45,focal,10.0,1.5,2,0.695,4.321,1.005,4.440,0.743,4.108,0.569,4.144,0.879,0.000
45,focal,20.0,0.75,2,0.432,0.000,1.646,0.000,0.307,0.000,0.631,0.000,0.450,0.000
45,focal,20.0,1.0,2,2.668,0.000,0.978,0.000,2.738,4.317,2.621,0.000,1.939,0.000
45,focal,20.0,1.5,2,0.486,0.000,0.078,0.000,0.354,0.000,0.256,0.000,0.508,0.000
45,focal,40.0,0.75,2,2.185,4.770,1.099,0.000,2.479,0.000,2.562,0.000,2.816,3.876
45,focal,40.0,1.0,2,3.020,0.000,2.622,3.913,2.931,0.000,4.184,0.000,4.414,0.000
45,focal,40.0,1.5,2,1.152,0.000,0.776,0.000,1.298,0.000,1.003,0.000,1.904,0.000
45,focal,80.0,0.75,2,4.930,5.208,3.384,4.191,4.696,4.947,4.198,0.000,4.906,4.921
45,focal,80.0,1.0,2,5.312,5.274,4.381,4.929,5.069,5.025,4.946,4.814,6.600,6.127
45,focal,80.0,1.5,2,6.518,6.687,5.217,5.496,6.537,6.765,6.906,6.851,6.880,7.017
45,focal,160.0,0.75,2,9.212,8.894,7.517,7.319,8.901,8.581,7.753,7.464,9.763,8.928
45,focal,160.0,1.0,2,10.059,9.617,7.583,7.392,9.851,9.475,9.308,9.039,11.680,10.772
45,focal,160.0,1.5,2,12.208,12.087,9.104,9.160,12.266,12.248,11.011,10.998,12.517,12.020
45,focal,320.0,0.75,2,18.884,18.396,13.341,13.050,18.383,18.112,17.130,17.043,20.811,19.869
45,focal,320.0,1.0,2,17.732,17.488,13.725,13.739,17.110,16.981,17.847,17.367,20.063,18.931
45,focal,320.0,1.5,2,21.538,21.167,15.529,15.385,21.095,20.783,20.183,19.422,22.808,21.615
46,focal,10.0,0.75,2,1.657,0.000,1.575,0.000,1.597,0.000,1.121,0.000,1.170,4.536
46,focal,10.0,1.0,2,1.532,0.000,1.442,0.000,1.662,0.000,2.219,4.102,2.794,0.000
46,focal,10.0,1.5,2,0.012,0.000,-1.044,5.666,0.363,0.000,0.129,4.106,0.169,0.000
46,focal,20.0,0.75,2,0.227,0.000,0.144,0.000,0.124,4.255,1.480,0.000,1.385,4.033
46,focal,20.0,1.0,2,0.518,0.000,0.579,5.162,0.404,0.000,0.358,4.761,0.743,0.000
46,focal,20.0,1.5,2,1.081,0.000,1.078,0.000,1.073,4.334,1.352,4.741,0.931,0.000
46,focal,40.0,0.75,2,2.760,0.000,3.532,0.000,2.517,0.000,3.410,4.159,2.762,0.000
46,focal,40.0,1.0,2,1.836,0.000,1.106,0.000,1.993,0.000,1.869,0.000,2.229,3.858
46,focal,40.0,1.5,2,1.845,4.398,1.304,4.245,1.930,4.367,1.632,0.000,2.315,0.000
46,focal,80.0,0.75,2,3.052,0.000,3.412,0.000,2.366,0.000,3.788,0.000,3.636,0.000
46,focal,80.0,1.0,2,5.749,4.790,5.767,4.496,5.599,5.056,4.714,4.545,5.993,5.022
46,focal,80.0,1.5,2,4.053,4.538,3.955,4.266,3.800,4.586,3.994,4.422,3.891,4.405
46,focal,160.0,0.75,2,7.177,6.382,6.659,6.190,7.145,6.167,7.197,5.641,8.410,6.056
46,focal,160.0,1.0,2,7.197,5.458,6.284,5.528,7.205,5.694,7.551,5.628,8.985,6.712
46,focal,160.0,1.5,2,9.049,7.637,8.065,6.985,9.217,7.750,9.081,6.853,9.700,7.505
46,focal,320.0,0.75,2,16.182,11.629,14.878,11.601,15.613,11.843,16.214,11.965,16.824,12.675
46,focal,320.0,1.0,2,16.815,13.284,15.157,12.217,16.771,13.404,16.581,13.346,18.044,14.109
46,focal,320.0,1.5,2,19.614,14.999,18.051,14.478,19.603,15.017,19.645,15.035,20.137,15.068
47,focal,10.0,0.75,2,0.656,0.000,0.340,4.015,0.567,0.000,0.965,4.718,1.231,3.935
47,focal,10.0,1.0,2,0.331,0.000,0.210,0.000,0.479,0.000,0.172,0.000,0.748,0.000
47,focal,10.0,1.5,2,0.299,0.000,0.357,0.000,0.403,0.000,0.609,0.000,0.385,0.000
47,focal,20.0,0.75,2,-0.063,0.000,-0.021,0.000,0.068,4.112,-0.231,4.147,-0.389,0.000
47,focal,20.0,1.0,2,0.181,4.416,-0.052,0.000,0.216,4.618,0.709,0.000,0.117,4.477
47,focal,20.0,1.5,2,1.352,0.000,1.430,0.000,1.276,0.000,1.244,0.000,1.462,0.000
47,focal,40.0,0.75,2,1.930,3.404,1.734,4.145,1.577,4.474,1.411,4.802,1.866,0.000
47,focal,40.0,1.0,2,0.177,3.871,0.474,0.000,0.237,4.363,0.287,0.000,0.185,0.000
47,focal,40.0,1.5,2,2.237,0.000,2.089,0.000,2.239,0.000,2.147,0.000,1.370,4.275
47,focal,80.0,0.75,2,2.955,0.000,2.820,0.000,2.710,0.000,2.650,0.000,2.983,0.000
47,focal,80.0,1.0,2,3.146,0.000,3.228,0.000,3.186,0.000,3.680,4.007,3.268,0.000
47,focal,80.0,1.5,2,2.216,4.396,2.475,4.159,2.349,0.000,3.106,0.000,2.777,0.000
47,focal,160.0,0.75,2,5.800,5.842,5.086,5.106,5.780,5.763,5.386,5.210,6.787,6.905
47,focal,160.0,1.0,2,6.282,5.452,6.172,5.443,6.329,5.709,6.644,5.355,6.966,5.728
47,focal,160.0,1.5,2,5.293,5.160,4.943,4.500,5.235,5.138,5.087,4.899,5.768,5.450
47,focal,320.0,0.75,2,13.496,10.064,12.725,9.744,13.489,10.146,13.842,10.207,14.283,10.497
47,focal,320.0,1.0,2,12.272,9.440,11.013,8.320,12.265,9.449,11.858,9.237,12.836,9.987
47,focal,320.0,1.5,2,12.440,9.836,12.125,9.372,12.149,9.471,12.517,9.466,12.905,9.923
48,focal,10.0,0.75,2,0.831,4.394,1.114,3.609,0.375,4.340,0.478,0.000,0.239,0.000
48,focal,10.0,1.0,2,0.049,0.000,0.120,0.000,-0.071,3.851,0.305,3.905,0.221,0.000
48,focal,10.0,1.5,2,-0.126,0.000,-0.788,0.000,-0.173,4.376,-0.759,0.000,-0.760,3.619
48,focal,20.0,0.75,2,1.108,4.493,-0.154,0.000,1.074,4.710,1.372,0.000,0.573,0.000
48,focal,20.0,1.0,2,3.300,0.000,3.382,0.000,2.900,0.000,2.987,0.000,2.756,4.271
48,focal,20.0,1.5,2,1.568,4.929,1.409,4.400,1.503,4.743,2.136,0.000,2.202,4.405
48,focal,40.0,0.75,2,2.937,0.000,2.185,4.583,2.837,0.000,4.174,4.259,3.251,0.000
48,focal,40.0,1.0,2,3.551,5.089,3.275,5.015,3.291,4.999,4.248,5.773,4.750,5.599
48,focal,40.0,1.5,2,2.785,4.020,2.851,4.539,2.807,0.000,2.868,4.437,2.914,4.607
48,focal,80.0,0.75,2,3.679,0.000,3.689,0.000,3.628,4.147,4.409,4.909,5.808,5.984
48,focal,80.0,1.0,2,5.684,5.402,5.259,5.238,5.629,5.185,6.999,6.092,7.048,6.088
48,focal,80.0,1.5,2,6.821,6.255,6.330,6.236,6.643,6.097,7.274,6.551,8.030,7.284
48,focal,160.0,0.75,2,9.869,8.718,9.243,8.023,9.723,8.757,11.677,10.224,12.135,10.298
48,focal,160.0,1.0,2,14.287,12.346,12.382,11.136,14.264,12.250,14.706,12.998,15.034,13.340
48,focal,160.0,1.5,2,13.944,12.857,12.717,11.912,13.424,12.249,13.853,12.338,14.893,13.036
48,focal,320.0,0.75,2,20.139,18.143,17.813,16.285,20.173,18.148,22.550,19.755,23.163,20.363
48,focal,320.0,1.0,2,22.759,20.578,20.877,18.962,22.451,20.284,25.393,23.035,27.005,24.040
48,focal,320.0,1.5,2,25.934,22.997,23.047,20.459,25.307,22.449,28.835,25.710,29.978,25.575
49,focal,10.0,0.75,2,-0.308,0.000,-0.126,0.000,-0.454,3.870,-0.346,3.861,-0.843,4.504
49,focal,10.0,1.0,2,1.098,4.012,1.158,4.279,1.044,0.000,0.996,4.330,1.039,0.000
49,focal,10.0,1.5,2,-0.464,0.000,-0.121,0.000,-0.882,0.000,0.217,0.000,-0.376,0.000
49,focal,20.0,0.75,2,0.035,4.204,-0.290,0.000,0.273,0.000,0.059,0.000,1.499,4.317
49,focal,20.0,1.0,2,0.735,3.324,0.100,0.000,0.891,0.000,0.929,4.487,1.487,4.235
49,focal,20.0,1.5,2,2.773,0.000,2.004,3.987,2.733,0.000,3.177,0.000,3.067,4.645
49,focal,40.0,0.75,2,2.520,0.000,1.768,0.000,2.316,3.881,1.770,0.000,3.487,4.121
49,focal,40.0,1.0,2,1.793,4.286,0.624,4.058,1.866,4.373,2.409,5.053,2.376,5.297
49,focal,40.0,1.5,2,2.520,0.000,1.050,4.467,2.510,4.021,2.435,4.428,3.910,0.000
49,focal,80.0,0.75,2,4.427,0.000,3.167,0.000,3.889,0.000,5.654,5.141,6.853,4.594
49,focal,80.0,1.0,2,5.495,0.000,3.828,0.000,5.800,4.677,5.824,5.080,5.819,4.290
49,focal,80.0,1.5,2,6.714,5.764,5.116,4.739,6.411,5.406,6.697,5.752,7.664,5.618
49,focal,160.0,0.75,2,11.524,9.528,9.790,8.385,11.098,9.282,11.748,11.192,14.308,9.714
49,focal,160.0,1.0,2,11.740,9.511,9.511,8.426,11.186,9.222,11.371,9.977,13.114,8.731
49,focal,160.0,1.5,2,13.884,12.134,10.088,9.672,13.121,11.237,12.964,11.929,15.668,12.138
49,focal,320.0,0.75,2,21.394,16.907,16.751,14.451,20.215,16.284,21.395,18.068,24.759,17.630
49,focal,320.0,1.0,2,24.442,20.658,17.537,15.516,23.825,20.438,23.848,20.371,27.879,19.805
49,focal,320.0,1.5,2,26.254,21.659,20.641,16.964,24.904,20.823,25.347,21.833,30.282,21.149
50,focal,10.0,0.75,2,-0.003,0.000,0.527,0.000,-0.245,0.000,0.055,0.000,0.099,0.000
50,focal,10.0,1.0,2,1.346,0.000,1.521,0.000,1.415,3.779,0.991,0.000,1.092,4.131
50,focal,10.0,1.5,2,0.279,0.000,0.216,0.000,0.624,0.000,0.392,0.000,0.105,0.000
50,focal,20.0,0.75,2,0.739,0.000,1.207,3.923,0.830,0.000,0.792,0.000,1.205,4.522
50,focal,20.0,1.0,2,0.741,4.981,1.395,0.000,0.824,4.579,0.887,0.000,0.268,4.328
50,focal,20.0,1.5,2,2.158,4.462,2.403,4.468,2.057,0.000,2.829,4.778,3.207,0.000
50,focal,40.0,0.75,2,0.139,4.225,0.030,0.000,0.424,0.000,0.738,0.000,0.525,0.000
50,focal,40.0,1.0,2,0.586,0.000,0.417,4.173,0.587,0.000,1.259,0.000,0.216,0.000
50,focal,40.0,1.5,2,1.903,0.000,1.647,0.000,1.830,0.000,1.533,0.000,1.796,0.000
50,focal,80.0,0.75,2,3.432,0.000,2.793,0.000,3.331,0.000,2.810,0.000,3.632,0.000
50,focal,80.0,1.0,2,1.817,0.000,1.636,0.000,1.772,0.000,2.496,0.000,2.366,0.000
50,focal,80.0,1.5,2,2.708,4.109,2.376,4.692,2.759,4.331,2.853,4.450,2.826,0.000
50,focal,160.0,0.75,2,5.581,5.107,4.960,4.856,5.332,4.729,5.335,4.824,5.956,5.560
50,focal,160.0,1.0,2,5.910,5.635,5.495,5.131,5.735,5.581,6.280,5.882,6.098,5.331
50,focal,160.0,1.5,2,6.014,6.287,5.804,6.156,5.872,6.042,6.078,6.299,6.589,6.756
50,focal,320.0,0.75,2,11.665,9.493,10.949,9.230,11.449,9.117,12.582,10.098,12.287,10.134
50,focal,320.0,1.0,2,12.959,10.711,12.991,10.888,12.859,10.893,14.239,11.466,14.528,11.730
50,focal,320.0,1.5,2,12.676,10.799,12.355,10.281,12.399,10.482,13.226,10.933,13.869,11.929
51,focal,10.0,0.75,2,1.021,0.000,0.938,0.000,0.920,0.000,1.615,0.000,1.772,0.000
51,focal,10.0,1.0,2,1.434,0.000,1.098,0.000,1.318,0.000,1.365,4.186,1.155,0.000
51,focal,10.0,1.5,2,-0.197,3.684,-0.541,0.000,-0.052,4.176,-0.319,0.000,-0.184,0.000
51,focal,20.0,0.75,2,0.881,0.000,0.940,4.130,0.814,0.000,0.518,0.000,0.608,4.121
51,focal,20.0,1.0,2,1.519,0.000,1.348,0.000,1.260,0.000,1.373,0.000,1.717,0.000
51,focal,20.0,1.5,2,0.578,4.445,0.547,4.595,0.684,0.000,1.163,3.934,1.087,4.419
51,focal,40.0,0.75,2,2.605,4.315,2.308,0.000,2.379,0.000,2.263,4.402,3.334,4.512
51,focal,40.0,1.0,2,2.741,4.216,2.146,4.097,2.690,0.000,2.806,4.422,2.832,3.422
51,focal,40.0,1.5,2,2.680,0.000,2.663,4.201,2.564,0.000,3.633,4.516,3.958,0.000
51,focal,80.0,0.75,2,4.112,0.000,4.393,4.194,4.036,0.000,3.755,0.000,4.793,0.000
51,focal,80.0,1.0,2,5.082,4.729,4.761,4.580,5.195,4.736,6.005,5.488,5.420,4.832
51,focal,80.0,1.5,2,3.383,4.322,2.657,4.635,3.544,0.000,2.936,4.612,3.671,4.746
51,focal,160.0,0.75,2,9.376,7.893,9.178,7.672,9.308,7.771,9.701,7.821,9.751,8.065
51,focal,160.0,1.0,2,8.907,7.278,8.218,6.901,8.830,7.268,9.057,7.918,9.824,8.340
51,focal,160.0,1.5,2,9.901,8.690,9.588,9.479,9.826,8.564,9.784,8.465,10.246,8.775
51,focal,320.0,0.75,2,18.937,15.305,17.296,13.755,18.834,15.270,19.755,16.350,20.392,17.159
51,focal,320.0,1.0,2,18.793,15.248,17.188,15.291,18.596,14.925,19.973,16.529,20.630,17.229
51,focal,320.0,1.5,2,20.074,16.995,18.616,15.637,20.020,17.036,20.950,17.860,21.807,19.202
52,focal,10.0,0.75,2,0.728,3.410,0.379,0.000,0.641,0.000,1.079,0.000,1.103,0.000
52,focal,10.0,1.0,2,-1.219,0.000,-1.599,0.000,-1.032,0.000,-0.603,4.054,0.368,0.000
52,focal,10.0,1.5,2,1.187,4.058,0.677,0.000,1.402,3.798,1.628,3.942,2.051,0.000
52,focal,20.0,0.75,2,2.153,0.000,2.299,0.000,1.886,0.000,2.569,0.000,2.300,4.322
52,focal,20.0,1.0,2,1.055,4.647,1.840,0.000,1.028,4.585,1.148,4.531,2.552,4.483
52,focal,20.0,1.5,2,-0.156,0.000,-0.474,4.372,-0.075,0.000,0.233,4.217,1.817,0.000
52,focal,40.0,0.75,2,3.279,0.000,1.325,0.000,3.104,0.000,1.220,2.916,3.532,0.000
52,focal,40.0,1.0,2,1.293,0.000,0.891,0.000,0.980,3.674,0.625,0.000,3.171,4.844
52,focal,40.0,1.5,2,3.179,4.745,1.553,0.000,2.757,4.317,2.702,0.000,3.837,0.000
52,focal,80.0,0.75,2,4.325,4.170,2.893,0.000,4.386,4.086,4.790,4.745,6.676,5.599
52,focal,80.0,1.0,2,4.564,0.000,2.222,4.529,4.486,0.000,4.666,5.020,6.404,0.000
52,focal,80.0,1.5,2,6.519,6.153,4.535,4.914,6.495,6.386,6.749,6.125,8.581,7.093
52,focal,160.0,0.75,2,10.653,8.772,6.801,6.000,10.270,8.543,10.108,8.675,12.364,9.898
52,focal,160.0,1.0,2,11.887,10.158,8.255,7.515,11.331,9.509,9.988,8.941,12.620,10.989
52,focal,160.0,1.5,2,13.119,11.135,7.725,7.142,12.722,10.824,11.697,10.373,14.202,10.692
52,focal,320.0,0.75,2,20.232,17.282,13.713,11.955,19.300,16.142,17.934,15.613,24.382,18.862
52,focal,320.0,1.0,2,22.167,19.245,15.107,13.205,21.677,18.755,19.613,17.186,27.525,21.305
52,focal,320.0,1.5,2,24.266,21.320,16.740,15.224,23.227,20.388,21.572,18.466,29.007,23.831
53,focal,10.0,0.75,2,1.001,0.000,0.806,0.000,0.922,0.000,0.692,0.000,0.353,0.000
53,focal,10.0,1.0,2,0.522,0.000,0.045,0.000,0.669,0.000,0.654,0.000,1.310,0.000
53,focal,10.0,1.5,2,0.240,3.984,-0.051,0.000,-0.019,0.000,-0.119,4.057,-0.126,0.000
53,focal,20.0,0.75,2,1.277,0.000,1.580,3.848,1.103,0.000,1.153,0.000,1.230,0.000
53,focal,20.0,1.0,2,3.670,4.649,3.503,4.280,3.381,4.458,2.954,3.955,3.223,4.220
53,focal,20.0,1.5,2,1.489,0.000,1.211,4.105,1.355,0.000,1.844,0.000,1.524,0.000
53,focal,40.0,0.75,2,1.453,0.000,1.405,0.000,1.508,0.000,1.820,0.000,2.308,0.000
53,focal,40.0,1.0,2,2.210,4.841,1.918,4.169,1.846,4.694,1.638,4.521,2.110,4.358
53,focal,40.0,1.5,2,3.451,0.000,3.138,0.000,3.224,3.961,2.943,0.000,3.566,3.894
53,focal,80.0,0.75,2,3.026,0.000,2.393,0.000,3.316,4.563,2.428,0.000,2.870,4.412
53,focal,80.0,1.0,2,3.328,0.000,2.706,4.680,3.286,4.402,3.433,3.984,4.007,4.468
53,focal,80.0,1.5,2,5.390,5.376,5.483,5.272,5.103,5.291,4.976,5.335,4.869,5.149
53,focal,160.0,0.75,2,10.488,9.444,9.078,8.403,10.612,9.589,10.259,8.968,11.183,9.829
53,focal,160.0,1.0,2,9.290,8.680,8.253,8.078,9.134,8.644,8.802,8.685,9.413,9.278
53,focal,160.0,1.5,2,11.991,10.469,10.734,10.186,11.563,10.246,11.928,10.321,12.486,10.918
53,focal,320.0,0.75,2,20.519,18.623,17.781,16.518,20.467,18.557,20.076,18.157,22.360,19.577
53,focal,320.0,1.0,2,20.591,18.572,18.416,17.175,20.384,18.457,21.361,19.075,21.803,19.468
53,focal,320.0,1.5,2,23.108,20.158,20.925,18.600,22.755,20.054,22.693,19.551,23.929,20.923
54,focal,10.0,0.75,3,-0.859,0.000,-0.533,3.192,-1.182,0.000,-1.144,0.000,-0.610,5.347
54,focal,10.0,1.0,3,0.451,0.000,-0.521,0.000,0.780,0.000,0.256,3.742,1.184,4.197
54,focal,10.0,1.5,3,0.832,0.000,0.839,0.000,0.832,4.066,0.384,4.481,0.588,0.000
54,focal,20.0,0.75,3,0.172,0.000,0.807,0.000,0.060,0.000,-0.514,4.523,-0.551,0.000
54,focal,20.0,1.0,3,-0.258,4.277,-0.306,4.439,-0.092,3.469,-0.112,0.000,-0.028,0.000
54,focal,20.0,1.5,3,0.092,0.000,0.714,0.000,-0.067,3.832,-0.545,0.000,0.053,0.000
54,focal,40.0,0.75,3,0.514,4.576,0.634,0.000,0.723,0.000,0.447,0.000,0.726,3.893
54,focal,40.0,1.0,3,-0.315,0.000,-0.240,0.000,-0.621,4.603,-0.051,0.000,-0.161,0.000
54,focal,40.0,1.5,3,0.159,4.128,0.415,0.000,0.098,4.045,0.806,4.370,0.398,0.000
54,focal,80.0,0.75,3,3.627,3.944,2.559,4.211,3.123,0.000,3.451,0.000,3.494,0.000
54,focal,80.0,1.0,3,3.809,4.568,2.907,0.000,3.521,4.699,2.610,0.000,3.308,4.579
54,focal,80.0,1.5,3,2.959,0.000,1.347,0.000,3.105,4.760,3.251,0.000,2.439,0.000
54,focal,160.0,0.75,3,4.636,3.909,3.957,3.644,4.330,0.000,4.123,0.000,4.509,0.000
54,focal,160.0,1.0,3,3.953,4.463,3.218,0.000,3.933,4.142,4.102,4.635,3.718,4.064
54,focal,160.0,1.5,3,4.946,4.976,3.883,4.913,4.830,0.000,5.106,4.917,5.580,5.408
54,focal,320.0,0.75,3,8.647,5.901,6.999,4.961,8.527,6.238,7.964,7.128,8.875,6.494
54,focal,320.0,1.0,3,10.244,7.009,9.316,6.894,9.996,7.307,10.015,8.210,10.442,8.203
54,focal,320.0,1.5,3,9.478,7.266,9.037,7.385,9.267,7.368,9.972,8.663,10.060,8.215
55,focal,10.0,0.75,3,-0.697,4.035,-0.857,3.840,-0.545,4.227,-0.667,4.542,-0.345,0.000
55,focal,10.0,1.0,3,-1.536,0.000,-1.656,4.470,-1.427,4.468,-1.567,4.166,-1.426,0.000
55,focal,10.0,1.5,3,1.844,4.862,1.872,4.872,2.170,4.648,2.096,4.963,1.816,0.000
55,focal,20.0,0.75,3,0.536,0.000,0.056,0.000,0.604,3.539,0.972,4.011,0.347,3.321
55,focal,20.0,1.0,3,0.909,0.000,1.263,0.000,0.756,4.153,1.419,3.732,0.805,4.377
55,focal,20.0,1.5,3,-2.755,0.000,-3.150,0.000,-2.652,3.865,-2.261,0.000,-2.076,0.000
55,focal,40.0,0.75,3,0.972,4.395,0.771,0.000,1.174,4.224,1.251,0.000,0.556,4.573
55,focal,40.0,1.0,3,0.560,0.000,0.279,5.258,0.831,4.530,0.613,0.000,0.762,4.255
55,focal,40.0,1.5,3,0.229,4.253,0.355,4.593,0.369,0.000,0.238,4.109,0.618,4.356
55,focal,80.0,0.75,3,0.845,0.000,0.925,0.000,1.018,0.000,1.225,0.000,0.540,0.000
55,focal,80.0,1.0,3,-0.271,0.000,-0.860,3.921,-0.313,0.000,-0.468,4.176,-0.815,0.000
55,focal,80.0,1.5,3,1.144,0.000,1.009,0.000,1.244,0.000,1.716,0.000,1.430,4.151
55,focal,160.0,0.75,3,1.117,0.000,1.431,0.000,0.894,0.000,1.595,4.376,1.804,0.000
55,focal,160.0,1.0,3,2.266,4.014,2.325,0.000,2.405,3.875,2.730,0.000,2.729,0.000
55,focal,160.0,1.5,3,1.165,0.000,0.437,0.000,1.330,0.000,1.091,0.000,1.484,0.000
55,focal,320.0,0.75,3,5.355,4.503,4.869,4.729,5.404,4.711,5.868,4.356,5.042,0.000
55,focal,320.0,1.0,3,6.852,5.745,7.151,5.868,6.855,5.786,7.184,6.099,7.035,6.070
55,focal,320.0,1.5,3,5.588,4.748,5.523,4.499,5.092,4.560,4.945,4.586,5.688,4.636
56,focal,10.0,0.75,3,-0.159,0.000,0.772,0.000,0.006,0.000,0.844,0.000,0.697,4.222
56,focal,10.0,1.0,3,-0.470,0.000,-0.241,0.000,-0.348,0.000,-0.334,4.563,-0.263,3.703
56,focal,10.0,1.5,3,0.017,4.230,0.007,0.000,-0.016,4.265,-0.213,0.000,0.024,0.000
56,focal,20.0,0.75,3,2.460,0.000,2.055,0.000,2.368,0.000,2.281,4.730,1.672,0.000
56,focal,20.0,1.0,3,-0.119,0.000,0.430,0.000,-0.048,0.000,-1.260,0.000,-0.756,4.294
56,focal,20.0,1.5,3,-1.457,0.000,-0.856,0.000,-1.202,0.000,-2.223,4.684,-1.486,4.708
56,focal,40.0,0.75,3,0.942,0.000,1.427,0.000,0.946,0.000,0.473,0.000,1.344,0.000
56,focal,40.0,1.0,3,-2.226,4.277,-1.629,0.000,-2.085,4.189,-1.170,4.600,-2.221,0.000
56,focal,40.0,1.5,3,-0.313,4.184,0.148,0.000,-0.375,0.000,-0.256,0.000,-0.085,3.604
56,focal,80.0,0.75,3,1.050,0.000,1.339,0.000,1.060,4.188,0.954,0.000,1.280,0.000
56,focal,80.0,1.0,3,0.956,5.169,1.696,4.451,0.593,4.763,0.491,0.000,1.703,0.000
56,focal,80.0,1.5,3,-0.035,3.493,-0.154,4.086,0.004,4.193,-0.309,4.105,0.184,0.000
56,focal,160.0,0.75,3,-0.326,4.202,-0.024,3.937,-0.216,4.476,-0.526,0.000,-0.168,4.198
56,focal,160.0,1.0,3,1.716,0.000,0.565,4.224,1.879,0.000,2.563,0.000,2.359,3.639
56,focal,160.0,1.5,3,2.921,4.495,2.907,4.253,3.105,4.413,3.574,0.000,4.098,0.000
56,focal,320.0,0.75,3,2.406,4.722,1.725,4.234,2.293,4.702,2.008,4.460,2.376,4.438
56,focal,320.0,1.0,3,3.664,0.000,3.805,4.470,3.548,4.263,3.200,4.184,3.321,4.642
56,focal,320.0,1.5,3,1.978,4.011,1.710,4.076,2.028,0.000,2.727,0.000,2.712,4.730
57,focal,10.0,0.75,3,0.214,0.000,0.888,0.000,-0.218,0.000,0.364,0.000,-0.250,0.000
57,focal,10.0,1.0,3,0.380,4.011,0.415,3.412,0.333,0.000,0.896,0.000,1.448,0.000
57,focal,10.0,1.5,3,0.581,0.000,-0.175,0.000,0.806,0.000,0.113,0.000,-0.020,0.000
57,focal,20.0,0.75,3,0.169,0.000,1.014,0.000,-0.291,0.000,0.617,0.000,0.533,4.039
57,focal,20.0,1.0,3,1.215,0.000,0.307,0.000,0.960,0.000,0.824,3.921,0.026,0.000
57,focal,20.0,1.5,3,-0.937,4.323,0.841,0.000,-1.425,4.356,-0.833,4.958,-1.007,4.829
57,focal,40.0,0.75,3,0.700,0.000,0.422,0.000,0.583,0.000,-0.023,0.000,0.311,0.000
57,focal,40.0,1.0,3,-0.184,0.000,-0.647,0.000,0.024,0.000,-1.218,0.000,-0.338,4.563
57,focal,40.0,1.5,3,1.866,0.000,2.323,0.000,1.908,0.000,1.823,3.749,2.673,4.627
57,focal,80.0,0.75,3,-0.626,3.993,-1.293,0.000,-0.692,4.430,-0.445,4.163,-0.079,4.301
57,focal,80.0,1.0,3,0.467,0.000,-0.176,0.000,0.439,0.000,0.512,0.000,0.948,0.000
57,focal,80.0,1.5,3,-0.691,4.184,-0.580,4.732,-0.659,0.000,0.116,4.787,0.452,0.000
57,focal,160.0,0.75,3,0.191,0.000,-0.157,3.959,0.043,0.000,0.342,0.000,2.061,4.174
57,focal,160.0,1.0,3,2.036,0.000,1.237,4.185,1.715,0.000,1.716,4.804,2.059,0.000
57,focal,160.0,1.5,3,1.964,4.219,1.346,0.000,1.936,0.000,1.469,0.000,2.632,3.985
57,focal,320.0,0.75,3,2.649,0.000,2.627,0.000,2.789,0.000,2.385,0.000,3.273,0.000
57,focal,320.0,1.0,3,2.833,4.573,2.092,0.000,2.726,0.000,3.286,0.000,4.781,4.680
57,focal,320.0,1.5,3,4.902,5.231,4.117,4.400,4.664,4.871,5.137,4.587,5.021,5.110
58,focal,10.0,0.75,3,-0.249,0.000,-0.545,0.000,-0.314,0.000,0.569,4.409,0.100,4.097
58,focal,10.0,1.0,3,0.179,0.000,0.099,0.000,0.471,0.000,0.563,4.020,0.330,0.000
58,focal,10.0,1.5,3,2.426,0.000,2.920,0.000,2.205,0.000,1.494,0.000,1.129,0.000
58,focal,20.0,0.75,3,0.534,0.000,0.943,0.000,0.237,0.000,1.020,0.000,0.347,0.000
58,focal,20.0,1.0,3,-2.002,4.491,-1.683,4.204,-2.029,0.000,-1.954,0.000,-1.990,4.305
58,focal,20.0,1.5,3,0.665,3.836,1.577,0.000,0.586,0.000,0.526,0.000,0.803,0.000
58,focal,40.0,0.75,3,1.292,4.098,1.507,0.000,1.334,0.000,1.722,3.803,1.407,3.751
58,focal,40.0,1.0,3,1.496,3.574,1.219,0.000,1.292,3.399,1.494,0.000,0.745,0.000
58,focal,40.0,1.5,3,0.607,0.000,0.744,0.000,0.420,0.000,0.426,4.667,0.877,4.928
58,focal,80.0,0.75,3,2.289,4.417,2.064,4.674,1.906,3.991,1.659,3.859,1.117,0.000
58,focal,80.0,1.0,3,0.423,0.000,0.385,0.000,0.438,0.000,1.140,0.000,1.100,3.791
58,focal,80.0,1.5,3,1.113,4.534,0.263,4.145,1.327,0.000,0.890,0.000,1.029,0.000
58,focal,160.0,0.75,3,1.223,0.000,0.171,4.659,1.379,0.000,1.319,0.000,1.731,3.987
58,focal,160.0,1.0,3,0.422,4.312,0.046,3.785,0.454,4.423,-0.147,0.000,1.081,0.000
58,focal,160.0,1.5,3,2.576,0.000,3.100,4.272,2.446,0.000,2.911,4.204,3.692,4.387
58,focal,320.0,0.75,3,2.158,0.000,2.187,0.000,2.225,0.000,2.654,3.698,1.952,0.000
58,focal,320.0,1.0,3,4.319,0.000,3.776,4.141,3.874,0.000,4.658,4.285,5.604,4.502
58,focal,320.0,1.5,3,4.671,4.506,3.544,0.000,4.616,0.000,4.227,0.000,4.194,4.182
59,focal,10.0,0.75,3,0.610,0.000,0.405,0.000,0.521,0.000,0.320,0.000,0.188,0.000
59,focal,10.0,1.0,3,0.136,4.204,0.366,4.251,0.265,4.026,1.478,4.712,1.605,0.000
59,focal,10.0,1.5,3,-0.297,0.000,-0.251,0.000,-0.323,4.264,-1.097,0.000,-1.027,4.190
59,focal,20.0,0.75,3,1.321,0.000,1.801,0.000,1.163,4.272,0.747,0.000,1.510,0.000
59,focal,20.0,1.0,3,1.142,0.000,0.574,4.784,1.122,0.000,1.215,0.000,1.405,4.792
59,focal,20.0,1.5,3,0.179,0.000,-0.168,3.712,0.282,0.000,-0.502,4.042,0.973,3.637
59,focal,40.0,0.75,3,2.148,3.582,2.741,0.000,1.993,3.740,1.973,0.000,2.024,3.898
59,focal,40.0,1.0,3,-0.173,0.000,0.829,0.000,-0.029,0.000,-0.005,3.614,0.640,4.027
59,focal,40.0,1.5,3,-0.531,0.000,-0.433,0.000,-0.434,0.000,0.415,0.000,0.720,4.245
59,focal,80.0,0.75,3,-0.232,0.000,0.646,0.000,-0.465,4.163,-0.317,3.872,-0.434,0.000
59,focal,80.0,1.0,3,-0.120,0.000,0.136,0.000,-0.192,0.000,-1.219,4.231,0.111,0.000
59,focal,80.0,1.5,3,0.048,0.000,-0.146,0.000,-0.035,0.000,0.540,0.000,1.814,0.000
59,focal,160.0,0.75,3,0.626,0.000,0.844,0.000,0.658,0.000,1.052,0.000,1.651,2.916
59,focal,160.0,1.0,3,1.509,0.000,2.609,0.000,1.519,0.000,2.031,0.000,3.507,4.376
59,focal,160.0,1.5,3,0.587,0.000,0.305,0.000,0.652,0.000,1.113,0.000,1.938,0.000
59,focal,320.0,0.75,3,3.163,4.206,2.161,4.338,3.000,0.000,3.636,0.000,4.266,0.000
59,focal,320.0,1.0,3,3.380,0.000,1.918,0.000,3.609,0.000,2.875,0.000,2.752,0.000
59,focal,320.0,1.5,3,3.193,4.735,2.694,0.000,2.898,4.917,3.027,0.000,3.391,4.350
60,focal,10.0,0.75,3,1.046,4.353,0.869,0.000,0.898,4.589,1.730,0.000,1.128,0.000
60,focal,10.0,1.0,3,0.713,0.000,0.598,0.000,0.310,0.000,0.715,0.000,0.746,0.000
60,focal,10.0,1.5,3,0.413,3.654,0.810,3.278,0.370,0.000,0.259,0.000,0.268,0.000
60,focal,20.0,0.75,3,0.877,0.000,0.440,0.000,0.824,0.000,-0.152,0.000,0.396,0.000
60,focal,20.0,1.0,3,2.171,4.471,1.432,0.000,2.157,4.996,2.171,0.000,1.666,4.097
60,focal,20.0,1.5,3,1.023,0.000,0.059,0.000,0.675,4.322,0.882,3.099,1.332,0.000
60,focal,40.0,0.75,3,1.064,0.000,0.196,0.000,1.253,0.000,1.479,0.000,1.041,0.000
60,focal,40.0,1.0,3,2.073,4.047,2.348,4.363,1.752,4.304,2.362,4.284,1.602,0.000
60,focal,40.0,1.5,3,1.953,0.000,1.050,0.000,1.840,0.000,2.064,4.178,1.894,4.080
60,focal,80.0,0.75,3,2.786,0.000,1.657,0.000,2.676,4.417,2.571,5.146,3.446,4.457
60,focal,80.0,1.0,3,4.457,5.421,3.368,4.673,4.413,5.331,3.201,4.707,4.755,5.351
60,focal,80.0,1.5,3,5.019,5.425,3.014,0.000,5.003,5.276,3.896,4.487,4.008,4.426
60,focal,160.0,0.75,3,8.552,8.202,6.169,6.760,7.842,7.734,6.279,5.911,7.416,6.480
60,focal,160.0,1.0,3,7.182,8.236,4.685,5.103,6.598,7.988,5.087,5.831,6.665,7.520
60,focal,160.0,1.5,3,7.366,7.192,4.911,5.223,6.737,6.571,5.371,5.469,5.855,6.145
60,focal,320.0,0.75,3,15.836,15.214,10.947,10.177,15.137,14.819,12.695,12.549,15.536,14.842
60,focal,320.0,1.0,3,17.170,16.382,12.746,12.321,16.932,16.315,13.885,13.408,17.533,16.948
60,focal,320.0,1.5,3,17.666,16.841,13.839,13.283,17.006,16.301,13.935,12.960,17.412,16.229
61,focal,10.0,0.75,3,0.728,4.433,0.125,0.000,0.839,4.149,0.818,0.000,1.957,0.000
61,focal,10.0,1.0,3,-0.681,4.399,0.644,0.000,-0.802,3.931,0.624,3.958,-1.312,0.000
61,focal,10.0,1.5,3,2.865,4.141,1.966,0.000,2.800,3.991,1.429,4.322,2.308,3.943
61,focal,20.0,0.75,3,1.200,0.000,0.668,0.000,1.407,0.000,0.379,0.000,0.135,0.000
61,focal,20.0,1.0,3,0.313,0.000,-0.022,0.000,0.141,0.000,0.615,0.000,1.107,0.000
61,focal,20.0,1.5,3,0.732,0.000,0.751,4.057,0.543,0.000,-0.014,0.000,0.973,0.000
61,focal,40.0,0.75,3,-0.227,0.000,-0.110,0.000,0.013,3.447,0.107,3.797,-0.707,4.284
61,focal,40.0,1.0,3,0.712,0.000,1.310,0.000,0.455,0.000,-0.918,0.000,1.635,4.209
61,focal,40.0,1.5,3,1.427,4.315,0.981,4.254,1.447,3.934,2.155,4.283,0.935,0.000
61,focal,80.0,0.75,3,-1.518,0.000,-0.539,0.000,-1.501,4.191,-1.172,0.000,-0.732,0.000
61,focal,80.0,1.0,3,1.399,4.826,0.786,5.142,1.381,4.565,1.756,0.000,1.206,0.000
61,focal,80.0,1.5,3,2.000,3.743,1.667,4.153,1.839,3.659,1.504,0.000,0.650,0.000
61,focal,160.0,0.75,3,2.614,0.000,1.291,4.268,2.529,0.000,1.612,0.000,3.985,0.000
61,focal,160.0,1.0,3,3.496,0.000,2.574,4.227,3.800,0.000,3.469,0.000,4.505,3.914
61,focal,160.0,1.5,3,2.474,0.000,2.536,0.000,2.623,0.000,3.304,4.191,3.380,0.000
61,focal,320.0,0.75,3,4.672,4.610,4.204,0.000,4.758,4.424,4.243,4.615,6.565,5.406
61,focal,320.0,1.0,3,4.977,0.000,3.013,3.546,4.704,0.000,3.304,0.000,6.120,4.949
61,focal,320.0,1.5,3,5.812,5.057,4.343,0.000,5.509,4.983,4.824,4.900,6.932,5.851
62,focal,10.0,0.75,3,0.734,0.000,0.498,0.000,0.844,0.000,0.078,0.000,0.405,0.000
62,focal,10.0,1.0,3,-0.701,0.000,-1.761,0.000,-0.618,0.000,-1.517,0.000,-0.310,0.000
62,focal,10.0,1.5,3,-0.470,0.000,-0.881,0.000,-0.523,0.000,-0.199,0.000,-0.164,4.500
62,focal,20.0,0.75,3,1.759,0.000,1.918,0.000,1.888,0.000,1.516,0.000,1.856,0.000
62,focal,20.0,1.0,3,-0.207,0.000,0.121,0.000,-0.058,0.000,-0.028,4.736,0.376,0.000
62,focal,20.0,1.5,3,1.496,4.913,1.550,0.000,1.500,4.347,1.687,4.214,1.648,0.000
62,focal,40.0,0.75,3,1.250,0.000,0.210,0.000,1.380,0.000,0.867,0.000,1.725,0.000
62,focal,40.0,1.0,3,-0.451,0.000,-0.651,0.000,-0.457,4.032,-0.229,0.000,-0.458,0.000
62,focal,40.0,1.5,3,1.163,5.016,0.827,0.000,1.156,5.065,0.772,0.000,0.946,0.000
62,focal,80.0,0.75,3,2.085,4.703,2.149,4.367,2.009,4.680,1.865,0.000,2.536,0.000
62,focal,80.0,1.0,3,1.734,4.055,2.457,4.194,1.373,4.326,1.526,4.677,1.725,4.021
62,focal,80.0,1.5,3,1.546,0.000,1.264,0.000,1.499,0.000,1.517,0.000,1.659,0.000
62,focal,160.0,0.75,3,2.891,0.000,2.512,3.675,3.034,0.000,2.117,0.000,1.958,0.000
62,focal,160.0,1.0,3,4.687,5.088,4.812,5.328,4.393,4.847,5.280,5.485,4.994,5.200
62,focal,160.0,1.5,3,3.230,4.038,2.959,0.000,3.260,0.000,3.907,4.501,3.790,4.887
62,focal,320.0,0.75,3,4.992,4.223,5.309,4.794,4.751,4.762,4.879,3.981,5.344,4.958
62,focal,320.0,1.0,3,5.191,6.425,5.138,6.504,5.042,6.284,5.513,5.932,6.133,6.310
62,focal,320.0,1.5,3,6.446,6.833,6.269,6.862,6.234,6.802,6.788,7.047,7.257,7.419
63,focal,10.0,0.75,3,-0.987,0.000,-0.984,0.000,-1.013,0.000,0.892,0.000,0.031,0.000
63,focal,10.0,1.0,3,-1.443,0.000,-1.319,0.000,-1.371,0.000,-0.223,0.000,-0.388,4.889
63,focal,10.0,1.5,3,0.131,0.000,-0.048,0.000,-0.002,0.000,0.245,0.000,0.842,0.000
63,focal,20.0,0.75,3,1.518,0.000,1.305,0.000,1.266,0.000,1.174,0.000,-0.867,0.000
63,focal,20.0,1.0,3,-1.141,0.000,-0.548,0.000,-1.179,0.000,-2.322,0.000,-1.422,0.000
63,focal,20.0,1.5,3,-1.135,0.000,-2.114,0.000,-1.202,0.000,-0.505,0.000,-1.666,0.000
63,focal,40.0,0.75,3,1.009,3.711,0.959,0.000,0.892,0.000,0.175,0.000,-0.569,0.000
63,focal,40.0,1.0,3,-1.088,0.000,-0.646,0.000,-1.007,0.000,2.365,3.786,1.201,3.722
63,focal,40.0,1.5,3,0.414,4.056,-0.870,4.684,0.260,0.000,0.214,4.050,0.863,0.000
63,focal,80.0,0.75,3,1.303,4.314,0.214,0.000,1.152,4.243,-0.973,4.447,-0.493,4.380
63,focal,80.0,1.0,3,1.199,0.000,0.829,4.723,1.671,0.000,2.363,0.000,2.210,5.207
63,focal,80.0,1.5,3,-0.226,4.324,0.518,0.000,-0.434,4.403,0.314,0.000,1.171,0.000
63,focal,160.0,0.75,3,1.997,0.000,1.115,3.997,1.774,0.000,1.871,0.000,1.881,4.458
63,focal,160.0,1.0,3,1.729,0.000,2.339,0.000,1.554,0.000,2.224,3.985,2.935,0.000
63,focal,160.0,1.5,3,2.584,0.000,1.728,4.179,2.606,3.996,2.321,0.000,3.691,0.000
63,focal,320.0,0.75,3,2.689,0.000,1.372,0.000,2.861,0.000,2.288,0.000,4.053,4.334
63,focal,320.0,1.0,3,4.029,0.000,2.360,0.000,4.087,0.000,3.608,0.000,6.273,5.967
63,focal,320.0,1.5,3,3.853,3.973,2.575,4.536,3.651,3.625,3.370,0.000,6.106,5.787
64,focal,10.0,0.75,3,-1.169,0.000,-0.821,0.000,-1.056,0.000,-1.456,0.000,-1.104,0.000
64,focal,10.0,1.0,3,1.395,0.000,0.681,0.000,1.789,0.000,2.231,0.000,1.569,0.000
64,focal,10.0,1.5,3,0.301,0.000,1.332,3.989,0.159,0.000,1.491,0.000,1.372,0.000
64,focal,20.0,0.75,3,-1.376,0.000,-0.771,0.000,-1.375,0.000,-2.373,0.000,0.314,0.000
64,focal,20.0,1.0,3,-1.302,0.000,-0.972,0.000,-1.277,0.000,-0.208,0.000,-0.699,0.000
64,focal,20.0,1.5,3,-0.210,0.000,0.136,0.000,0.233,2.782,1.102,3.424,-0.598,3.784
64,focal,40.0,0.75,3,1.484,4.338,0.940,0.000,1.641,4.168,2.725,0.000,1.095,0.000
64,focal,40.0,1.0,3,-0.776,0.000,-0.804,4.210,-0.665,0.000,0.131,0.000,0.255,3.741
64,focal,40.0,1.5,3,0.451,0.000,-0.177,0.000,0.465,0.000,0.939,4.272,0.472,0.000
64,focal,80.0,0.75,3,2.041,0.000,1.359,4.520,2.121,3.734,2.497,3.777,3.627,0.000
64,focal,80.0,1.0,3,1.698,0.000,2.120,0.000,1.714,0.000,2.061,0.000,2.784,0.000
64,focal,80.0,1.5,3,-0.186,0.000,-0.662,0.000,-0.130,4.010,0.437,0.000,1.503,0.000
64,focal,160.0,0.75,3,-0.772,0.000,-0.596,0.000,-0.770,0.000,0.609,0.000,0.342,0.000
64,focal,160.0,1.0,3,0.726,0.000,1.168,0.000,0.908,0.000,1.165,0.000,1.998,0.000
64,focal,160.0,1.5,3,1.417,4.580,1.299,0.000,1.237,4.794,1.905,4.064,2.828,4.335
64,focal,320.0,0.75,3,3.207,4.285,3.583,4.083,3.024,4.462,1.943,0.000,6.231,5.811
64,focal,320.0,1.0,3,2.454,0.000,2.405,0.000,2.419,0.000,2.564,0.000,4.541,0.000
64,focal,320.0,1.5,3,2.401,0.000,1.915,0.000,2.509,0.000,3.330,0.000,4.129,0.000
65,focal,10.0,0.75,3,0.147,0.000,0.411,0.000,0.042,0.000,0.596,0.000,-0.323,0.000
65,focal,10.0,1.0,3,1.226,0.000,0.929,0.000,1.304,0.000,1.196,4.412,1.057,4.755
65,focal,10.0,1.5,3,1.645,0.000,2.010,3.987,1.465,3.646,1.240,0.000,0.210,4.011
65,focal,20.0,0.75,3,-0.178,0.000,-1.378,4.407,0.072,0.000,-0.573,4.492,0.519,4.318
65,focal,20.0,1.0,3,-0.039,4.440,-0.549,4.406,-0.157,4.280,0.013,5.119,-0.247,4.366
65,focal,20.0,1.5,3,1.384,4.601,1.164,4.327,1.737,4.390,1.494,4.000,1.330,5.257
65,focal,40.0,0.75,3,0.201,0.000,-0.704,0.000,0.311,0.000,0.403,3.834,0.477,0.000
65,focal,40.0,1.0,3,-0.851,0.000,0.202,3.791,-0.714,0.000,0.265,0.000,0.772,0.000
65,focal,40.0,1.5,3,-0.331,4.322,-0.980,0.000,-0.268,4.420,-0.470,4.462,-0.576,0.000
65,focal,80.0,0.75,3,3.370,4.386,3.016,0.000,3.288,0.000,2.332,0.000,2.960,0.000
65,focal,80.0,1.0,3,2.949,0.000,3.259,0.000,2.954,0.000,3.845,0.000,2.619,0.000
65,focal,80.0,1.5,3,3.793,0.000,3.316,0.000,3.193,0.000,3.416,0.000,4.314,0.000
65,focal,160.0,0.75,3,5.057,5.022,3.523,0.000,4.971,4.931,4.718,4.603,5.830,5.705
65,focal,160.0,1.0,3,4.456,4.218,3.265,4.462,4.239,0.000,3.680,0.000,4.286,4.614
65,focal,160.0,1.5,3,3.900,4.854,4.321,0.000,3.785,4.975,4.192,4.378,4.588,5.143
65,focal,320.0,0.75,3,9.264,8.798,7.876,7.277,9.214,8.801,8.969,8.409,10.664,10.280
65,focal,320.0,1.0,3,9.923,9.410,8.014,7.503,9.712,9.277,9.662,8.979,11.429,11.120
65,focal,320.0,1.5,3,9.649,9.302,8.372,7.961,9.593,9.212,9.656,9.148,10.967,10.495
66,focal,10.0,0.75,3,1.284,0.000,-0.147,0.000,1.172,0.000,0.201,3.885,0.441,0.000
66,focal,10.0,1.0,3,-0.537,0.000,-0.638,0.000,-0.236,0.000,0.099,4.194,-0.494,4.037
66,focal,10.0,1.5,3,1.245,0.000,0.480,0.000,1.276,0.000,0.697,4.045,1.549,4.166
66,focal,20.0,0.75,3,2.281,3.831,0.942,3.688,2.042,0.000,1.064,0.000,0.260,4.422
66,focal,20.0,1.0,3,1.901,3.381,1.687,0.000,2.004,4.452,1.577,0.000,0.836,4.426
66,focal,20.0,1.5,3,1.819,0.000,1.331,0.000,1.848,0.000,1.822,0.000,1.997,0.000
66,focal,40.0,0.75,3,1.993,4.342,0.680,4.130,2.467,4.736,1.728,0.000,3.096,0.000
66,focal,40.0,1.0,3,2.259,0.000,1.656,0.000,2.413,0.000,1.956,4.383,3.908,5.415
66,focal,40.0,1.5,3,2.051,0.000,1.953,0.000,2.237,0.000,2.595,0.000,1.358,0.000
66,focal,80.0,0.75,3,4.378,4.662,2.397,4.951,4.679,4.706,3.757,4.383,4.532,4.736
66,focal,80.0,1.0,3,4.241,4.885,2.492,4.153,4.402,4.940,2.879,0.000,3.648,0.000
66,focal,80.0,1.5,3,3.553,0.000,3.200,4.047,3.525,0.000,2.613,0.000,3.918,0.000
66,focal,160.0,0.75,3,9.406,8.620,9.400,8.511,8.861,8.266,9.196,7.931,10.170,9.013
66,focal,160.0,1.0,3,8.103,6.680,6.712,5.789,8.222,6.630,6.849,5.235,7.871,6.849
66,focal,160.0,1.5,3,10.120,8.170,7.404,6.540,10.016,8.204,8.181,7.125,10.043,8.829
66,focal,320.0,0.75,3,16.755,14.297,12.555,10.507,16.617,14.458,14.677,12.595,17.836,15.048
66,focal,320.0,1.0,3,19.863,17.754,15.225,13.452,19.334,17.454,16.933,15.654,20.654,18.172
66,focal,320.0,1.5,3,19.975,16.669,16.792,14.805,19.686,16.745,17.730,15.387,19.477,16.808
67,focal,10.0,0.75,3,-0.018,3.675,0.363,3.672,-0.262,0.000,0.016,0.000,0.283,0.000
67,focal,10.0,1.0,3,-1.061,0.000,-0.748,4.311,-1.080,0.000,-0.111,0.000,-1.426,0.000
67,focal,10.0,1.5,3,1.296,0.000,1.532,0.000,1.263,0.000,1.537,4.330,1.625,4.045
67,focal,20.0,0.75,3,1.607,4.330,0.678,4.536,1.642,0.000,0.457,0.000,1.965,0.000
67,focal,20.0,1.0,3,-0.204,0.000,-0.422,0.000,-0.609,0.000,-1.384,0.000,0.376,0.000
67,focal,20.0,1.5,3,1.487,3.915,1.745,0.000,1.192,3.935,0.815,0.000,1.648,0.000
67,focal,40.0,0.75,3,-0.028,0.000,-0.730,0.000,0.197,0.000,-1.484,0.000,1.132,0.000
67,focal,40.0,1.0,3,-1.286,0.000,0.013,0.000,-1.386,0.000,0.730,0.000,1.347,0.000
67,focal,40.0,1.5,3,2.374,4.142,1.344,0.000,2.188,3.956,2.973,0.000,2.015,0.000
67,focal,80.0,0.75,3,2.771,4.367,3.008,4.674,2.343,4.265,3.501,0.000,2.491,0.000
67,focal,80.0,1.0,3,0.901,0.000,0.979,0.000,0.744,4.108,0.711,0.000,2.118,0.000
67,focal,80.0,1.5,3,2.069,0.000,1.453,0.000,2.350,3.807,1.419,4.342,2.431,0.000
67,focal,160.0,0.75,3,4.274,4.291,3.218,0.000,4.134,0.000,3.834,4.120,5.448,4.906
67,focal,160.0,1.0,3,3.373,4.271,2.726,0.000,3.230,4.273,3.671,0.000,5.268,5.021
67,focal,160.0,1.5,3,3.041,3.915,2.191,0.000,3.058,0.000,4.690,4.304,5.617,4.845
67,focal,320.0,0.75,3,8.982,7.951,7.194,6.432,8.532,7.781,10.280,9.512,9.187,8.486
67,focal,320.0,1.0,3,6.290,5.768,4.589,4.844,6.052,5.540,7.949,7.282,8.523,7.167
67,focal,320.0,1.5,3,8.010,7.908,6.654,6.448,7.496,7.574,9.700,9.106,11.495,9.957
68,focal,10.0,0.75,3,1.561,0.000,2.028,4.011,1.438,0.000,1.927,0.000,0.901,0.000
68,focal,10.0,1.0,3,-0.495,4.080,0.642,0.000,-0.470,0.000,-1.123,0.000,-0.605,0.000
68,focal,10.0,1.5,3,1.178,0.000,1.011,0.000,1.267,0.000,1.191,0.000,1.389,4.179
68,focal,20.0,0.75,3,2.252,4.267,2.641,0.000,2.765,0.000,3.090,0.000,2.410,0.000
68,focal,20.0,1.0,3,0.244,0.000,0.282,0.000,-0.032,0.000,0.105,3.753,0.435,0.000
68,focal,20.0,1.5,3,0.812,0.000,0.242,0.000,0.756,0.000,1.116,0.000,1.615,0.000
68,focal,40.0,0.75,3,1.139,0.000,1.001,0.000,1.134,0.000,1.062,0.000,1.948,0.000
68,focal,40.0,1.0,3,1.364,0.000,0.939,4.510,1.348,4.346,1.532,0.000,0.710,4.430
68,focal,40.0,1.5,3,-0.060,4.600,-0.066,4.130,0.191,0.000,0.962,0.000,0.807,0.000
68,focal,80.0,0.75,3,1.472,0.000,1.991,0.000,1.262,0.000,2.471,0.000,2.512,0.000
68,focal,80.0,1.0,3,3.484,0.000,2.087,0.000,3.501,0.000,2.905,0.000,4.237,0.000
68,focal,80.0,1.5,3,0.877,4.168,0.391,0.000,0.916,4.641,1.736,0.000,2.234,3.657
68,focal,160.0,0.75,3,2.262,0.000,2.221,0.000,1.779,0.000,3.462,0.000,3.363,0.000
68,focal,160.0,1.0,3,1.977,3.401,1.023,4.419,2.007,4.156,2.505,0.000,3.898,0.000
68,focal,160.0,1.5,3,5.035,5.431,4.570,4.853,5.047,5.518,6.133,6.060,5.732,5.754
68,focal,320.0,0.75,3,5.353,4.945,5.074,0.000,5.342,4.833,7.139,6.747,8.101,7.433
68,focal,320.0,1.0,3,8.308,7.741,7.525,7.089,8.087,7.533,8.886,8.161,9.757,9.275
68,focal,320.0,1.5,3,5.307,5.680,4.705,5.136,5.176,5.606,6.170,6.459,7.816,8.036
69,focal,10.0,0.75,3,0.129,4.129,-1.490,0.000,0.229,4.379,0.870,4.328,-0.073,0.000
69,focal,10.0,1.0,3,-1.195,3.925,-1.216,0.000,-1.061,4.014,-0.580,3.934,-0.356,4.163
69,focal,10.0,1.5,3,1.647,0.000,1.574,4.583,1.647,3.972,0.630,3.903,0.853,4.541
69,focal,20.0,0.75,3,0.748,0.000,1.580,0.000,0.580,0.000,1.185,4.166,1.122,0.000
69,focal,20.0,1.0,3,1.476,0.000,1.109,0.000,1.491,0.000,2.174,0.000,1.978,0.000
69,focal,20.0,1.5,3,-0.447,4.350,-0.429,0.000,-0.504,0.000,-1.708,0.000,0.571,0.000
69,focal,40.0,0.75,3,0.653,0.000,-0.262,0.000,0.522,0.000,-0.484,0.000,1.088,4.483
69,focal,40.0,1.0,3,1.044,0.000,1.150,0.000,0.970,0.000,1.233,0.000,0.272,0.000
69,focal,40.0,1.5,3,0.189,0.000,-0.353,0.000,0.163,0.000,0.818,0.000,0.673,4.788
69,focal,80.0,0.75,3,0.565,0.000,-0.532,0.000,0.968,0.000,1.658,0.000,1.182,0.000
69,focal,80.0,1.0,3,1.929,0.000,2.120,0.000,1.938,0.000,2.475,0.000,2.367,0.000
69,focal,80.0,1.5,3,1.186,4.037,0.689,0.000,0.975,4.421,2.032,4.286,2.000,4.362
69,focal,160.0,0.75,3,2.642,4.460,2.245,4.985,2.500,4.591,2.768,3.809,3.344,4.132
69,focal,160.0,1.0,3,4.384,0.000,3.564,0.000,4.375,0.000,4.860,0.000,4.729,0.000
69,focal,160.0,1.5,3,1.838,0.000,1.708,4.305,1.640,0.000,2.454,4.843,3.629,4.404
69,focal,320.0,0.75,3,6.178,5.477,5.434,5.275,6.050,5.384,7.502,6.699,7.945,7.493
69,focal,320.0,1.0,3,7.994,7.945,7.784,7.201,7.434,7.605,7.460,7.690,9.473,8.531
69,focal,320.0,1.5,3,6.703,5.892,5.436,5.548,6.533,5.866,7.011,6.040,8.901,7.614
70,focal,10.0,0.75,3,-1.159,0.000,0.165,0.000,-1.093,0.000,-1.400,3.952,-1.121,4.104
70,focal,10.0,1.0,3,2.099,0.000,1.622,0.000,1.956,0.000,1.232,0.000,1.251,0.000
70,focal,10.0,1.5,3,0.391,0.000,0.386,4.086,0.508,0.000,0.139,4.267,0.826,0.000
70,focal,20.0,0.75,3,1.085,0.000,1.207,0.000,1.252,0.000,0.502,0.000,1.264,0.000
70,focal,20.0,1.0,3,-0.088,0.000,-0.253,4.036,-0.343,3.444,0.010,0.000,0.799,0.000
70,focal,20.0,1.5,3,0.795,4.433,0.696,0.000,0.650,4.482,0.611,0.000,1.678,3.912
70,focal,40.0,0.75,3,-0.386,3.648,-0.030,0.000,-0.771,0.000,0.273,4.791,-0.214,0.000
70,focal,40.0,1.0,3,3.851,4.086,2.599,4.241,3.780,4.043,4.152,0.000,3.359,4.027
70,focal,40.0,1.5,3,-0.936,4.100,-0.173,3.991,-1.020,3.977,0.001,0.000,0.957,0.000
70,focal,80.0,0.75,3,1.356,0.000,0.852,0.000,1.357,0.000,1.477,4.410,1.150,0.000
70,focal,80.0,1.0,3,2.270,4.784,1.961,0.000,1.773,4.505,2.304,4.105,1.981,0.000
70,focal,80.0,1.5,3,0.771,0.000,0.520,0.000,0.531,4.292,0.731,0.000,1.367,4.289
70,focal,160.0,0.75,3,2.746,0.000,3.182,0.000,2.629,0.000,1.999,0.000,2.146,0.000
70,focal,160.0,1.0,3,2.627,4.576,1.389,3.647,2.814,4.548,2.133,3.587,2.876,0.000
70,focal,160.0,1.5,3,3.169,4.497,2.111,4.053,2.953,0.000,2.735,4.426,3.041,0.000
70,focal,320.0,0.75,3,5.280,5.487,5.360,5.445,5.084,5.123,4.011,4.535,6.412,6.413
70,focal,320.0,1.0,3,4.592,0.000,3.788,0.000,4.705,4.744,4.464,4.510,5.065,5.165
70,focal,320.0,1.5,3,4.404,0.000,3.759,0.000,4.265,0.000,3.845,0.000,5.198,0.000
71,focal,10.0,0.75,3,-1.442,0.000,-1.138,0.000,-1.626,3.907,-1.483,0.000,-1.292,0.000
71,focal,10.0,1.0,3,-0.496,0.000,-1.375,0.000,-0.708,0.000,-0.452,4.586,-0.113,5.073
71,focal,10.0,1.5,3,0.989,0.000,0.387,0.000,0.809,0.000,0.913,0.000,0.471,0.000
71,focal,20.0,0.75,3,-1.005,0.000,-0.411,0.000,-1.075,0.000,-0.318,0.000,-0.851,0.000
71,focal,20.0,1.0,3,2.125,4.524,1.878,0.000,1.857,4.467,1.061,0.000,1.234,0.000
71,focal,20.0,1.5,3,0.705,3.921,0.941,0.000,0.716,4.077,0.809,3.116,0.749,4.003
71,focal,40.0,0.75,3,1.876,4.275,1.198,0.000,1.786,0.000,1.027,0.000,1.399,0.000
71,focal,40.0,1.0,3,0.218,0.000,0.315,0.000,0.336,0.000,1.658,4.634,1.168,4.660
71,focal,40.0,1.5,3,-0.295,4.456,-0.797,3.917,-0.156,4.686,-0.040,4.363,-1.116,0.000
71,focal,80.0,0.75,3,1.124,0.000,0.407,0.000,0.893,0.000,0.461,0.000,-0.014,4.451
71,focal,80.0,1.0,3,0.845,0.000,0.888,4.224,1.018,0.000,1.281,4.463,1.879,4.248
71,focal,80.0,1.5,3,1.327,0.000,1.006,0.000,1.440,0.000,1.164,0.000,1.590,3.508
71,focal,160.0,0.75,3,0.563,0.000,0.527,0.000,0.387,0.000,-0.001,4.434,1.206,0.000
71,focal,160.0,1.0,3,3.001,0.000,2.283,4.378,3.131,0.000,2.390,0.000,3.561,0.000
71,focal,160.0,1.5,3,2.657,3.855,1.994,4.537,2.722,0.000,2.594,4.346,2.602,4.399
71,focal,320.0,0.75,3,3.783,0.000,3.402,0.000,3.519,0.000,3.004,0.000,4.440,4.148
71,focal,320.0,1.0,3,5.437,5.972,5.484,5.653,5.330,5.822,4.420,5.009,5.687,6.096
71,focal,320.0,1.5,3,3.670,4.038,3.111,4.083,3.482,4.009,3.119,3.924,4.185,4.665
0,patch,10.0,1.0,0,0.360,3.836,-0.020,0.000,0.354,0.000,0.685,0.000,1.405,3.925
0,patch,20.0,1.0,0,-0.164,0.000,-0.108,0.000,-0.591,4.234,0.301,0.000,0.209,0.000
0,patch,40.0,1.0,0,1.380,0.000,0.509,4.141,1.684,3.985,0.156,4.298,1.505,4.110
0,patch,80.0,1.0,0,2.629,0.000,1.798,0.000,2.498,0.000,1.709,0.000,3.758,0.000
0,patch,160.0,1.0,0,3.465,0.000,3.537,0.000,3.209,0.000,4.060,0.000,5.692,5.456
0,patch,320.0,1.0,0,9.118,7.457,7.606,6.943,9.224,7.308,10.501,8.235,12.535,10.456
1,patch,10.0,1.0,0,-0.257,0.000,-0.103,0.000,0.252,0.000,-0.253,0.000,0.585,4.374
1,patch,20.0,1.0,0,2.485,0.000,2.077,0.000,2.500,0.000,1.152,4.190,2.212,0.000
1,patch,40.0,1.0,0,2.048,0.000,1.643,0.000,1.882,0.000,3.599,3.820,3.709,3.630
1,patch,80.0,1.0,0,5.551,5.207,3.862,4.996,5.710,5.211,7.850,6.341,8.584,7.046
1,patch,160.0,1.0,0,10.876,8.275,9.269,7.650,10.286,7.999,12.958,9.915,14.183,10.869
1,patch,320.0,1.0,0,20.431,15.972,16.692,13.709,19.523,15.597,27.285,18.946,28.451,20.095
2,patch,10.0,1.0,0,-0.347,0.000,0.115,0.000,-0.830,0.000,-0.571,0.000,-0.434,0.000
2,patch,20.0,1.0,0,0.737,4.603,-0.388,0.000,0.608,4.481,0.778,4.733,1.296,4.450
2,patch,40.0,1.0,0,1.318,4.773,1.125,3.617,0.921,4.420,2.679,4.110,2.158,0.000
2,patch,80.0,1.0,0,3.627,0.000,2.865,0.000,3.650,0.000,2.755,0.000,4.747,4.788
2,patch,160.0,1.0,0,4.075,0.000,3.455,4.040,3.652,0.000,8.202,5.986,9.825,6.130
2,patch,320.0,1.0,0,11.547,9.845,8.920,8.213,11.110,9.512,18.670,14.480,18.364,13.862
3,patch,10.0,1.0,0,0.586,0.000,0.625,0.000,0.099,0.000,0.534,0.000,1.108,0.000
3,patch,20.0,1.0,0,0.948,0.000,-0.743,4.482,1.447,0.000,0.285,0.000,-0.164,0.000
3,patch,40.0,1.0,0,0.106,0.000,0.763,0.000,-0.125,0.000,0.043,0.000,1.569,3.502
3,patch,80.0,1.0,0,0.189,0.000,-0.413,0.000,0.400,3.425,1.158,0.000,0.577,4.377
3,patch,160.0,1.0,0,2.467,3.796,2.655,3.919,2.254,0.000,3.261,0.000,4.355,3.974
3,patch,320.0,1.0,0,4.435,0.000,3.783,0.000,3.981,4.162,4.906,0.000,10.106,5.939
4,patch,10.0,1.0,0,1.144,0.000,1.846,4.624,0.353,0.000,0.780,0.000,0.051,0.000
4,patch,20.0,1.0,0,-0.408,4.519,-0.345,4.408,-0.302,4.601,-0.002,4.495,-0.222,0.000
4,patch,40.0,1.0,0,-0.204,0.000,-0.808,0.000,-0.215,0.000,-0.060,0.000,0.104,0.000
4,patch,80.0,1.0,0,5.389,4.663,4.311,4.815,5.182,4.649,4.828,4.417,5.078,4.659
4,patch,160.0,1.0,0,9.306,8.592,8.280,7.533,9.700,9.379,10.252,9.819,11.552,9.628
4,patch,320.0,1.0,0,21.554,19.451,17.975,15.754,19.933,19.232,21.457,20.445,23.466,19.167
5,patch,10.0,1.0,0,1.007,3.602,1.423,0.000,1.459,3.520,1.681,0.000,1.222,0.000
5,patch,20.0,1.0,0,-1.179,0.000,-0.301,0.000,-1.588,0.000,0.009,0.000,-0.890,0.000
5,patch,40.0,1.0,0,1.092,0.000,0.977,4.389,1.065,0.000,1.305,0.000,1.789,0.000
5,patch,80.0,1.0,0,1.029,0.000,0.558,0.000,1.602,0.000,2.508,4.434,2.638,0.000
5,patch,160.0,1.0,0,3.199,0.000,2.319,0.000,3.175,0.000,4.862,5.053,7.068,6.687
5,patch,320.0,1.0,0,6.894,4.391,5.403,0.000,6.131,0.000,10.703,9.489,13.483,8.277
6,patch,10.0,1.0,0,0.882,0.000,0.104,0.000,1.167,0.000,0.205,0.000,0.585,4.197
6,patch,20.0,1.0,0,0.676,4.245,0.643,0.000,0.569,4.522,0.830,4.781,1.855,0.000
6,patch,40.0,1.0,0,0.375,3.798,0.773,0.000,0.270,0.000,0.846,0.000,2.220,0.000
6,patch,80.0,1.0,0,2.918,3.870,2.175,3.937,2.854,4.075,3.761,0.000,3.345,0.000
6,patch,160.0,1.0,0,8.145,7.110,6.954,5.903,7.956,7.524,9.293,8.826,11.894,9.601
6,patch,320.0,1.0,0,16.289,13.423,13.521,11.374,15.478,13.010,19.416,18.027,22.160,17.898
7,patch,10.0,1.0,0,2.211,0.000,1.127,0.000,2.281,0.000,3.195,0.000,1.203,4.157
7,patch,20.0,1.0,0,-0.011,0.000,-0.013,0.000,-0.092,0.000,0.207,0.000,0.078,0.000
7,patch,40.0,1.0,0,1.658,0.000,1.259,0.000,1.842,4.178,2.841,0.000,3.503,0.000
7,patch,80.0,1.0,0,4.846,5.340,4.480,4.522,4.686,5.470,6.119,5.096,7.545,5.209
7,patch,160.0,1.0,0,7.796,6.564,5.811,5.500,7.898,6.862,12.206,10.757,12.934,9.202
7,patch,320.0,1.0,0,19.393,15.106,14.147,12.100,19.124,15.238,24.246,19.391,27.075,18.501
8,patch,10.0,1.0,0,1.425,0.000,1.055,0.000,1.339,4.527,0.379,4.796,0.707,4.187
8,patch,20.0,1.0,0,2.492,0.000,2.137,0.000,2.049,0.000,2.387,0.000,3.840,4.321
8,patch,40.0,1.0,0,2.316,0.000,2.480,3.914,2.008,0.000,1.480,0.000,2.918,5.535
8,patch,80.0,1.0,0,9.219,9.024,7.296,7.394,8.447,8.436,7.396,7.875,10.605,10.803
8,patch,160.0,1.0,0,19.411,19.153,17.391,17.205,17.585,17.443,18.476,17.824,23.819,22.649
8,patch,320.0,1.0,0,35.027,34.512,30.837,30.587,31.662,31.317,35.048,34.102,45.743,44.282
9,patch,10.0,1.0,0,-0.489,0.000,-0.369,0.000,-0.637,0.000,0.240,3.982,0.093,0.000
9,patch,20.0,1.0,0,2.535,0.000,2.577,5.032,1.818,0.000,1.050,0.000,1.189,4.134
9,patch,40.0,1.0,0,2.272,0.000,2.265,0.000,2.192,0.000,1.661,4.537,2.301,5.014
9,patch,80.0,1.0,0,7.432,5.443,6.195,5.053,7.284,5.392,6.298,4.738,8.396,6.065
9,patch,160.0,1.0,0,12.458,9.979,10.769,9.489,11.331,8.964,11.259,8.329,14.576,11.054
9,patch,320.0,1.0,0,24.252,17.686,21.611,16.854,22.506,15.782,24.245,15.429,27.703,18.554
10,patch,10.0,1.0,0,-0.125,4.435,0.120,0.000,0.078,4.477,0.590,0.000,0.178,4.157
10,patch,20.0,1.0,0,0.098,4.080,0.232,0.000,-0.266,0.000,0.028,3.951,-0.345,4.216
10,patch,40.0,1.0,0,0.970,0.000,0.452,4.457,1.273,3.589,0.682,0.000,-0.094,4.200
10,patch,80.0,1.0,0,2.810,4.836,1.541,0.000,3.218,5.005,3.492,0.000,4.126,4.814
10,patch,160.0,1.0,0,7.410,6.480,7.102,6.315,6.979,6.054,9.557,8.239,11.021,7.877
10,patch,320.0,1.0,0,17.791,14.697,14.253,11.493,17.070,14.711,19.838,16.824,21.952,16.642
11,patch,10.0,1.0,0,0.601,4.127,0.787,0.000,0.400,0.000,-0.627,0.000,0.738,3.764
11,patch,20.0,1.0,0,-0.586,3.847,-0.407,4.043,-0.501,4.199,0.999,4.310,-0.681,3.842
11,patch,40.0,1.0,0,0.653,4.524,0.297,4.392,0.596,0.000,2.914,0.000,4.589,0.000
11,patch,80.0,1.0,0,2.004,0.000,1.744,0.000,1.450,0.000,3.197,0.000,4.357,0.000
11,patch,160.0,1.0,0,3.317,0.000,1.710,4.352,3.627,0.000,7.059,4.746,8.745,5.369
11,patch,320.0,1.0,0,10.253,7.245,7.715,5.679,10.142,7.186,14.403,10.609,20.404,13.288
12,patch,10.0,1.0,0,-0.467,0.000,-0.760,0.000,-0.526,4.121,0.542,4.211,0.666,0.000
12,patch,20.0,1.0,0,2.496,5.122,2.759,4.494,2.426,4.948,2.969,0.000,5.466,5.232
12,patch,40.0,1.0,0,3.839,0.000,2.401,4.380,3.723,0.000,4.398,4.508,5.312,4.855
12,patch,80.0,1.0,0,6.158,5.535,4.484,0.000,5.909,5.246,6.308,6.205,9.401,8.504
12,patch,160.0,1.0,0,11.619,11.763,9.667,9.807,11.346,11.479,14.711,14.430,20.663,19.795
12,patch,320.0,1.0,0,24.005,22.606,18.922,17.927,23.581,22.013,30.621,28.501,41.448,38.716
13,patch,10.0,1.0,0,-1.209,0.000,-0.875,0.000,-0.690,0.000,-0.357,0.000,-0.390,0.000
13,patch,20.0,1.0,0,0.111,0.000,0.765,0.000,0.001,0.000,0.403,4.249,0.452,0.000
13,patch,40.0,1.0,0,2.069,0.000,2.236,0.000,1.151,0.000,1.436,0.000,2.318,3.718
13,patch,80.0,1.0,0,2.540,4.402,2.950,4.161,2.590,4.359,4.155,4.468,7.248,5.795
13,patch,160.0,1.0,0,5.925,5.153,4.838,5.009,5.263,5.023,6.497,6.300,11.511,9.087
13,patch,320.0,1.0,0,12.706,11.280,9.852,9.703,11.243,9.815,10.822,9.868,23.850,16.756
14,patch,10.0,1.0,0,1.712,4.410,0.452,0.000,2.044,3.834,1.614,0.000,1.439,3.998
14,patch,20.0,1.0,0,0.914,3.907,1.717,0.000,0.502,3.746,1.490,3.899,3.308,0.000
14,patch,40.0,1.0,0,4.074,4.784,3.840,4.468,3.820,4.664,4.883,5.534,6.024,6.081
14,patch,80.0,1.0,0,8.095,7.619,6.566,6.303,7.980,7.733,9.831,8.977,11.989,10.187
14,patch,160.0,1.0,0,16.925,15.583,13.990,13.082,16.208,15.198,19.859,17.862,24.249,20.917
14,patch,320.0,1.0,0,32.377,29.186,27.339,25.076,30.798,28.257,37.533,33.720,46.256,38.667
15,patch,10.0,1.0,0,0.583,0.000,0.984,0.000,0.411,0.000,0.040,0.000,1.695,4.206
15,patch,20.0,1.0,0,0.331,3.780,0.890,0.000,-0.190,3.856,0.854,0.000,1.516,0.000
15,patch,40.0,1.0,0,1.279,3.828,0.872,4.121,1.246,3.981,1.641,4.287,1.856,3.206
15,patch,80.0,1.0,0,4.434,4.162,3.203,4.034,4.564,4.324,4.914,4.843,6.438,5.023
15,patch,160.0,1.0,0,7.774,6.232,6.679,5.467,7.285,5.936,12.615,9.404,13.201,9.222
15,patch,320.0,1.0,0,16.898,13.936,13.997,12.003,16.420,13.405,22.961,17.301,28.305,19.968
16,patch,10.0,1.0,0,-0.497,0.000,-0.292,0.000,-0.563,0.000,-0.850,4.780,-0.500,0.000
16,patch,20.0,1.0,0,-0.497,0.000,-0.873,3.672,0.065,0.000,-0.485,0.000,0.534,0.000
16,patch,40.0,1.0,0,3.649,3.823,3.142,0.000,3.578,4.928,4.501,4.157,5.524,4.817
16,patch,80.0,1.0,0,4.328,0.000,3.852,0.000,3.993,4.398,5.961,6.127,7.217,4.598
16,patch,160.0,1.0,0,10.648,9.768,8.032,7.816,10.607,9.224,13.798,12.593,15.388,11.873
16,patch,320.0,1.0,0,18.859,16.395,14.934,13.414,18.725,16.316,24.740,20.957,25.611,18.531
17,patch,10.0,1.0,0,-0.524,0.000,-1.329,0.000,0.372,0.000,0.004,3.961,0.608,0.000
17,patch,20.0,1.0,0,2.810,0.000,2.294,0.000,2.773,0.000,3.119,5.155,4.332,4.546
17,patch,40.0,1.0,0,3.788,0.000,2.490,0.000,3.804,0.000,3.162,0.000,7.131,6.944
17,patch,80.0,1.0,0,9.479,9.473,6.637,6.776,9.359,9.358,8.783,8.519,11.832,11.588
17,patch,160.0,1.0,0,16.415,15.661,13.736,13.090,16.004,15.284,15.264,14.176,23.760,22.056
17,patch,320.0,1.0,0,31.848,29.969,25.932,24.797,31.000,29.158,31.096,28.136,46.571,42.779
18,patch,10.0,1.0,1,0.471,0.000,0.916,0.000,0.578,0.000,-0.392,3.805,0.915,0.000
18,patch,20.0,1.0,1,-0.651,0.000,-0.640,4.148,-0.803,3.083,-0.318,0.000,-0.108,0.000
18,patch,40.0,1.0,1,0.611,4.164,0.203,0.000,0.555,0.000,0.673,4.882,0.844,0.000
18,patch,80.0,1.0,1,1.809,4.140,2.035,0.000,1.701,4.338,3.177,4.181,4.034,0.000
18,patch,160.0,1.0,1,4.395,4.117,4.227,0.000,3.986,4.045,4.697,0.000,4.293,0.000
18,patch,320.0,1.0,1,8.085,6.628,6.767,5.487,6.997,5.414,10.955,8.496,9.922,6.244
19,patch,10.0,1.0,1,-0.778,4.043,0.112,0.000,-0.892,0.000,-0.789,0.000,-0.310,0.000
19,patch,20.0,1.0,1,1.642,0.000,-0.969,0.000,2.319,0.000,3.290,4.059,3.313,0.000
19,patch,40.0,1.0,1,1.923,0.000,2.431,3.957,1.534,0.000,2.027,0.000,2.632,0.000
19,patch,80.0,1.0,1,5.181,4.915,3.264,4.233,5.477,5.222,6.625,5.891,7.874,7.427
19,patch,160.0,1.0,1,13.619,12.979,8.723,8.332,13.130,12.851,14.697,13.991,17.323,16.262
19,patch,320.0,1.0,1,23.394,21.671,17.514,16.037,22.561,21.392,24.330,22.403,30.755,28.055
20,patch,10.0,1.0,1,0.335,0.000,0.070,0.000,0.473,4.338,-0.675,0.000,-0.005,0.000
20,patch,20.0,1.0,1,0.294,3.380,0.325,0.000,0.612,0.000,0.818,0.000,0.160,0.000
20,patch,40.0,1.0,1,1.822,4.105,1.073,0.000,2.085,4.264,1.073,3.919,1.784,4.498
20,patch,80.0,1.0,1,2.539,0.000,3.139,0.000,1.780,0.000,2.203,0.000,2.189,0.000
20,patch,160.0,1.0,1,2.403,0.000,1.935,0.000,2.048,0.000,2.789,3.576,4.370,4.904
20,patch,320.0,1.0,1,6.426,5.736,6.132,5.423,6.148,5.586,8.018,6.880,8.971,7.768
21,patch,10.0,1.0,1,0.783,4.146,0.733,4.447,0.812,4.026,1.054,4.369,1.423,4.301
21,patch,20.0,1.0,1,-0.655,4.359,0.935,0.000,-1.455,3.966,-0.397,0.000,0.146,0.000
21,patch,40.0,1.0,1,1.276,4.465,1.107,4.256,0.761,5.305,1.747,0.000,3.322,4.434
21,patch,80.0,1.0,1,2.650,4.512,2.247,0.000,2.374,0.000,3.076,4.784,3.413,4.219
21,patch,160.0,1.0,1,4.513,4.667,4.341,4.729,4.026,4.319,4.972,4.627,4.982,4.602
21,patch,320.0,1.0,1,9.090,6.911,8.345,7.261,8.323,6.593,9.449,6.980,10.709,8.974
22,patch,10.0,1.0,1,1.351,0.000,1.697,0.000,1.190,0.000,0.349,0.000,0.212,0.000
22,patch,20.0,1.0,1,1.586,4.303,1.732,4.444,1.744,4.229,1.574,0.000,1.245,0.000
22,patch,40.0,1.0,1,-0.255,3.301,0.063,0.000,-0.636,4.121,-0.374,0.000,0.218,4.466
22,patch,80.0,1.0,1,1.690,0.000,1.609,0.000,1.399,0.000,1.879,0.000,0.861,0.000
22,patch,160.0,1.0,1,4.345,0.000,4.073,4.781,4.075,0.000,3.871,0.000,5.996,5.622
22,patch,320.0,1.0,1,10.938,9.851,10.644,9.743,10.267,9.620,11.021,9.931,12.221,11.158
23,patch,10.0,1.0,1,-1.570,0.000,-1.419,0.000,-1.582,0.000,-1.362,0.000,-1.300,3.773
23,patch,20.0,1.0,1,-0.314,0.000,0.047,3.989,-0.356,0.000,-0.535,4.515,0.172,0.000
23,patch,40.0,1.0,1,0.297,0.000,0.226,0.000,0.216,0.000,1.146,0.000,0.620,0.000
23,patch,80.0,1.0,1,3.635,0.000,2.661,0.000,3.500,0.000,4.766,0.000,4.375,0.000
23,patch,160.0,1.0,1,4.752,0.000,4.366,0.000,4.768,0.000,7.034,5.110,6.775,4.630
23,patch,320.0,1.0,1,9.867,6.604,9.090,7.217,9.731,6.703,13.335,8.830,15.120,9.182
24,patch,10.0,1.0,1,2.238,0.000,2.254,4.399,1.560,0.000,1.224,0.000,1.978,0.000
24,patch,20.0,1.0,1,0.831,0.000,0.939,0.000,0.464,0.000,0.473,4.490,1.495,0.000
24,patch,40.0,1.0,1,3.865,0.000,3.474,0.000,3.161,0.000,2.977,0.000,4.419,0.000
24,patch,80.0,1.0,1,4.999,5.499,4.534,5.139,4.651,5.509,5.025,5.836,5.612,5.531
24,patch,160.0,1.0,1,10.486,7.313,9.734,6.598,9.883,7.125,10.626,7.570,12.106,7.272
24,patch,320.0,1.0,1,22.145,15.972,20.185,15.251,21.214,16.371,22.265,16.350,25.235,15.617
25,patch,10.0,1.0,1,0.578,0.000,0.564,0.000,0.301,4.159,-0.411,4.467,-0.441,4.131
25,patch,20.0,1.0,1,-0.634,0.000,0.420,4.452,-0.232,0.000,0.128,4.353,0.172,4.462
25,patch,40.0,1.0,1,1.629,0.000,1.326,4.116,1.770,4.258,1.094,4.398,1.511,4.112
25,patch,80.0,1.0,1,3.293,0.000,2.375,4.079,2.943,3.740,2.272,0.000,4.011,3.812
25,patch,160.0,1.0,1,5.503,5.000,3.412,0.000,5.651,4.747,5.487,5.265,9.427,6.882
25,patch,320.0,1.0,1,13.278,11.306,10.212,8.728,12.526,10.848,13.693,12.826,20.710,15.028
26,patch,10.0,1.0,1,0.769,0.000,1.229,0.000,0.562,0.000,0.667,0.000,1.342,0.000
26,patch,20.0,1.0,1,3.782,0.000,3.591,0.000,3.433,0.000,4.702,5.088,2.273,0.000
26,patch,40.0,1.0,1,2.270,0.000,1.809,0.000,1.966,0.000,4.377,0.000,3.399,0.000
26,patch,80.0,1.0,1,4.887,4.676,3.863,0.000,4.744,0.000,6.469,6.362,7.031,6.585
26,patch,160.0,1.0,1,8.327,8.207,6.506,6.464,8.032,7.948,12.354,11.987,13.220,11.927
26,patch,320.0,1.0,1,20.673,19.720,15.898,15.264,19.925,19.036,29.469,28.720,32.977,29.820
27,patch,10.0,1.0,1,1.834,4.258,1.470,4.154,1.527,0.000,1.688,4.127,1.071,5.226
27,patch,20.0,1.0,1,1.943,4.284,2.001,0.000,1.557,0.000,0.788,0.000,2.194,4.339
27,patch,40.0,1.0,1,2.890,0.000,2.703,0.000,2.972,0.000,3.339,4.734,4.093,4.387
27,patch,80.0,1.0,1,3.250,4.076,3.128,4.170,2.941,4.291,3.641,4.198,3.686,4.469
27,patch,160.0,1.0,1,8.778,7.689,6.668,6.502,8.557,7.516,9.034,7.019,9.847,7.501
27,patch,320.0,1.0,1,14.765,12.138,13.289,11.292,13.286,11.157,16.196,12.786,18.056,12.949
28,patch,10.0,1.0,1,-0.514,0.000,-0.218,0.000,-0.457,4.142,-0.397,0.000,0.985,3.562
28,patch,20.0,1.0,1,5.199,5.022,4.871,4.645,4.861,4.847,4.517,4.796,5.194,5.342
28,patch,40.0,1.0,1,1.969,0.000,1.374,0.000,1.972,4.177,2.731,3.831,3.392,4.809
28,patch,80.0,1.0,1,3.461,0.000,2.490,0.000,3.423,0.000,4.663,0.000,5.083,4.512
28,patch,160.0,1.0,1,9.630,9.637,8.365,8.465,9.523,9.509,9.422,9.949,10.870,10.680
28,patch,320.0,1.0,1,19.183,18.907,16.515,16.547,19.136,18.837,20.971,21.002,23.319,22.805
29,patch,10.0,1.0,1,-0.259,0.000,-0.640,0.000,-0.183,0.000,0.539,0.000,0.374,0.000
29,patch,20.0,1.0,1,0.489,3.598,0.498,0.000,0.410,0.000,0.443,0.000,-0.016,4.103
29,patch,40.0,1.0,1,1.664,4.213,1.275,0.000,1.772,4.320,3.056,0.000,2.153,0.000
29,patch,80.0,1.0,1,3.826,0.000,2.818,0.000,4.287,0.000,5.206,0.000,5.586,0.000
29,patch,160.0,1.0,1,7.139,6.649,5.394,5.440,6.959,6.644,8.390,7.637,9.137,8.411
29,patch,320.0,1.0,1,14.794,12.329,12.631,10.563,14.574,12.432,19.619,16.826,20.406,16.246
30,patch,10.0,1.0,1,1.480,4.038,1.197,0.000,1.197,0.000,0.878,4.112,0.584,4.241
30,patch,20.0,1.0,1,2.505,0.000,2.637,0.000,2.643,0.000,1.662,0.000,2.794,0.000
30,patch,40.0,1.0,1,3.174,4.107,2.749,4.325,2.959,4.165,3.533,3.531,3.191,0.000
30,patch,80.0,1.0,1,5.425,5.130,4.744,4.850,5.378,4.958,6.273,5.909,6.554,5.675
30,patch,160.0,1.0,1,10.677,8.991,9.249,7.981,10.778,9.181,12.737,11.001,12.917,10.228
30,patch,320.0,1.0,1,20.940,16.680,19.056,15.587,21.125,16.733,24.256,19.184,24.107,18.714
31,patch,10.0,1.0,1,1.205,0.000,0.738,0.000,1.193,3.675,1.989,0.000,1.763,0.000
31,patch,20.0,1.0,1,4.073,0.000,3.434,0.000,3.787,0.000,2.729,0.000,3.936,4.101
31,patch,40.0,1.0,1,5.435,4.515,3.752,0.000,5.317,4.374,5.128,4.864,4.296,0.000
31,patch,80.0,1.0,1,11.535,9.732,9.675,8.591,11.374,9.923,11.614,10.664,11.750,9.400
31,patch,160.0,1.0,1,20.816,17.037,18.989,16.028,20.021,16.725,21.897,18.593,22.149,17.246
31,patch,320.0,1.0,1,42.055,34.633,37.305,31.426,40.935,34.429,43.352,37.954,45.660,36.530
32,patch,10.0,1.0,1,0.855,0.000,1.798,3.791,0.482,0.000,1.750,0.000,1.902,0.000
32,patch,20.0,1.0,1,-0.230,4.786,-0.189,0.000,-0.614,4.368,0.245,0.000,0.100,4.589
32,patch,40.0,1.0,1,2.471,0.000,0.464,0.000,2.485,3.854,3.808,4.129,4.200,0.000
32,patch,80.0,1.0,1,7.406,7.301,5.293,5.352,7.344,7.236,8.033,7.974,9.098,7.926
32,patch,160.0,1.0,1,13.306,12.443,9.759,9.339,12.743,11.951,17.299,16.488,18.542,16.369
32,patch,320.0,1.0,1,23.706,21.989,17.593,16.479,22.889,21.245,31.167,29.972,36.039,30.669
33,patch,10.0,1.0,1,1.381,0.000,1.025,0.000,1.751,0.000,1.651,4.509,2.335,0.000
33,patch,20.0,1.0,1,0.507,0.000,0.284,0.000,0.530,0.000,0.748,0.000,0.706,0.000
33,patch,40.0,1.0,1,4.106,4.125,3.359,0.000,3.483,0.000,3.341,0.000,4.237,4.569
33,patch,80.0,1.0,1,9.231,9.522,8.790,9.308,8.986,9.324,9.897,9.571,11.205,11.224
33,patch,160.0,1.0,1,17.465,16.678,16.352,16.036,16.388,15.968,17.491,16.468,20.573,19.470
33,patch,320.0,1.0,1,33.773,31.660,31.503,30.079,31.953,30.390,34.531,31.582,40.417,37.809
34,patch,10.0,1.0,1,2.093,4.899,2.077,4.286,1.732,4.837,2.015,0.000,2.275,0.000
34,patch,20.0,1.0,1,1.748,4.053,1.211,4.240,1.886,4.162,1.601,0.000,1.967,0.000
34,patch,40.0,1.0,1,2.971,4.101,3.760,4.487,2.626,0.000,2.430,0.000,2.871,4.426
34,patch,80.0,1.0,1,9.645,8.419,8.213,7.889,9.478,8.626,10.231,9.448,9.881,8.466
34,patch,160.0,1.0,1,18.219,15.987,15.870,15.000,17.446,15.566,18.990,17.124,19.670,16.974
34,patch,320.0,1.0,1,38.056,32.873,33.485,30.511,36.006,31.499,39.614,33.992,41.939,33.792
35,patch,10.0,1.0,1,0.573,4.304,0.493,0.000,0.607,4.335,0.570,0.000,0.237,0.000
35,patch,20.0,1.0,1,3.394,0.000,2.709,4.063,3.383,0.000,3.663,0.000,3.165,0.000
35,patch,40.0,1.0,1,5.663,5.217,4.752,5.027,5.459,5.551,5.387,5.725,5.536,5.347
35,patch,80.0,1.0,1,9.367,9.114,8.557,8.690,8.526,8.244,8.619,8.282,9.619,8.809
35,patch,160.0,1.0,1,18.259,17.505,17.264,16.754,16.588,15.891,16.358,15.367,20.148,18.382
35,patch,320.0,1.0,1,35.615,33.762,32.283,31.008,33.727,32.666,33.149,31.576,39.824,36.613
36,patch,10.0,1.0,2,-1.018,4.690,-0.623,4.621,-1.065,4.996,-0.674,4.924,-0.913,4.554
36,patch,20.0,1.0,2,-0.337,0.000,0.529,0.000,-0.528,0.000,0.087,0.000,1.533,0.000
36,patch,40.0,1.0,2,0.802,0.000,1.279,0.000,0.847,0.000,1.984,0.000,0.894,0.000
36,patch,80.0,1.0,2,3.091,4.483,3.312,0.000,2.589,4.378,3.007,4.288,3.317,0.000
36,patch,160.0,1.0,2,6.132,6.258,4.947,0.000,6.314,6.402,7.714,7.718,8.963,8.661
36,patch,320.0,1.0,2,13.451,13.070,10.855,10.824,13.282,12.835,14.870,14.387,16.514,15.693
37,patch,10.0,1.0,2,-0.037,3.224,-0.059,0.000,-0.017,4.381,-0.127,4.272,-0.402,0.000
37,patch,20.0,1.0,2,-0.187,0.000,0.285,0.000,-0.636,0.000,-0.085,0.000,0.358,0.000
37,patch,40.0,1.0,2,0.029,0.000,-0.275,0.000,0.093,0.000,0.711,0.000,0.685,0.000
37,patch,80.0,1.0,2,1.617,0.000,1.691,3.637,1.718,0.000,2.494,0.000,2.293,4.320
37,patch,160.0,1.0,2,3.430,0.000,2.772,0.000,3.522,4.503,3.895,0.000,4.971,5.007
37,patch,320.0,1.0,2,7.011,6.996,6.778,7.039,6.824,6.783,7.540,7.236,7.638,7.867
38,patch,10.0,1.0,2,-0.124,0.000,-0.379,0.000,-0.131,0.000,0.233,4.450,0.053,0.000
38,patch,20.0,1.0,2,2.782,4.108,1.755,4.406,2.753,0.000,2.964,4.355,3.097,0.000
38,patch,40.0,1.0,2,0.721,0.000,1.365,0.000,0.378,4.266,0.258,4.751,1.690,0.000
38,patch,80.0,1.0,2,2.059,0.000,1.384,4.706,2.300,3.982,2.206,4.119,2.779,0.000
38,patch,160.0,1.0,2,3.494,0.000,4.366,0.000,3.576,0.000,3.880,3.606,5.051,4.513
38,patch,320.0,1.0,2,9.004,6.980,6.992,6.028,8.772,6.975,8.435,6.967,8.273,6.704
39,patch,10.0,1.0,2,0.502,4.574,0.008,3.739,0.407,4.365,0.580,4.001,0.334,4.185
39,patch,20.0,1.0,2,0.947,4.182,1.176,4.495,0.836,4.461,1.245,4.624,1.680,4.470
39,patch,40.0,1.0,2,1.634,0.000,1.174,0.000,1.512,0.000,1.550,0.000,1.911,0.000
39,patch,80.0,1.0,2,1.320,0.000,1.221,4.537,1.350,0.000,1.122,4.071,1.335,4.787
39,patch,160.0,1.0,2,3.763,4.103,4.007,4.319,3.834,4.300,4.385,5.366,3.400,0.000
39,patch,320.0,1.0,2,8.854,8.648,8.132,7.829,8.718,8.569,8.119,7.956,9.379,8.981
40,patch,10.0,1.0,2,0.946,0.000,1.061,0.000,0.898,3.437,1.662,4.360,1.695,4.132
40,patch,20.0,1.0,2,0.267,4.204,0.591,4.350,0.367,0.000,0.464,0.000,0.238,0.000
40,patch,40.0,1.0,2,1.700,0.000,2.268,0.000,1.203,0.000,1.593,3.775,2.148,0.000
40,patch,80.0,1.0,2,1.073,0.000,1.631,0.000,1.297,0.000,2.076,0.000,1.685,0.000
40,patch,160.0,1.0,2,3.766,0.000,3.831,0.000,3.731,0.000,4.420,4.420,4.458,0.000
40,patch,320.0,1.0,2,4.510,5.131,4.276,5.079,4.445,4.917,5.508,5.577,5.651,5.818
41,patch,10.0,1.0,2,-1.123,0.000,-0.672,0.000,-0.932,0.000,-0.685,0.000,-1.425,4.155
41,patch,20.0,1.0,2,1.285,3.980,2.306,4.578,1.128,0.000,0.400,0.000,1.463,4.606
41,patch,40.0,1.0,2,-0.198,0.000,-0.191,0.000,-0.487,3.245,-0.620,0.000,-1.478,3.653
41,patch,80.0,1.0,2,-0.718,3.698,-0.616,3.641,-0.539,0.000,1.516,0.000,2.429,0.000
41,patch,160.0,1.0,2,4.145,0.000,3.246,0.000,3.895,0.000,4.056,0.000,3.657,0.000
41,patch,320.0,1.0,2,4.429,4.581,4.638,4.437,4.208,4.338,4.383,4.596,4.783,0.000
42,patch,10.0,1.0,2,0.217,3.994,0.324,3.813,0.238,0.000,0.238,0.000,0.493,0.000
42,patch,20.0,1.0,2,-0.098,0.000,-0.166,0.000,-0.082,0.000,-1.087,0.000,-0.125,0.000
42,patch,40.0,1.0,2,0.264,0.000,0.774,0.000,0.307,3.799,1.807,3.495,1.461,0.000
42,patch,80.0,1.0,2,1.493,3.532,1.792,0.000,1.348,0.000,3.240,3.485,2.462,0.000
42,patch,160.0,1.0,2,3.376,4.413,2.969,5.050,3.281,4.792,4.313,4.621,3.982,4.511
42,patch,320.0,1.0,2,7.091,5.457,5.482,4.979,7.093,5.436,6.774,6.004,8.331,5.382
43,patch,10.0,1.0,2,-0.222,4.220,0.017,3.720,-0.408,4.305,-0.900,0.000,-1.315,0.000
43,patch,20.0,1.0,2,-0.202,4.025,-0.202,4.029,-0.200,0.000,0.145,3.801,-0.312,0.000
43,patch,40.0,1.0,2,1.389,0.000,0.731,0.000,1.651,0.000,1.501,0.000,1.935,0.000
43,patch,80.0,1.0,2,2.178,0.000,2.044,3.516,2.077,4.200,2.249,0.000,3.099,4.266
43,patch,160.0,1.0,2,4.542,4.328,4.788,4.620,4.502,4.378,5.010,5.298,5.659,5.256
43,patch,320.0,1.0,2,8.654,8.138,8.418,8.200,8.344,7.943,8.735,7.493,9.250,7.614
44,patch,10.0,1.0,2,0.002,0.000,-0.393,0.000,-0.045,0.000,-0.427,0.000,0.101,0.000
44,patch,20.0,1.0,2,0.517,0.000,1.021,0.000,0.513,0.000,0.807,0.000,-0.005,4.588
44,patch,40.0,1.0,2,0.964,0.000,1.701,0.000,0.759,0.000,2.137,0.000,0.957,0.000
44,patch,80.0,1.0,2,1.804,0.000,1.652,0.000,1.790,0.000,1.544,0.000,2.315,3.955
44,patch,160.0,1.0,2,4.568,0.000,4.691,4.646,4.293,4.709,4.923,5.178,4.333,4.671
44,patch,320.0,1.0,2,8.414,7.474,8.180,7.515,8.520,7.643,9.090,7.805,8.941,7.944
45,patch,10.0,1.0,2,-0.413,0.000,0.236,0.000,-0.413,0.000,-0.191,3.562,-0.661,0.000
45,patch,20.0,1.0,2,-0.362,4.171,-0.105,0.000,-0.143,0.000,0.828,0.000,0.722,0.000
45,patch,40.0,1.0,2,0.850,0.000,-0.421,0.000,0.758,4.342,0.434,0.000,2.061,0.000
45,patch,80.0,1.0,2,2.689,0.000,0.924,3.674,2.612,0.000,2.933,0.000,3.384,0.000
45,patch,160.0,1.0,2,3.168,0.000,1.797,0.000,3.360,4.099,3.288,0.000,4.239,4.811
45,patch,320.0,1.0,2,7.329,6.630,5.081,4.719,7.306,6.826,7.568,7.267,8.450,7.083
46,patch,10.0,1.0,2,1.823,0.000,1.829,4.664,1.780,0.000,1.379,3.297,1.037,0.000
46,patch,20.0,1.0,2,1.586,0.000,1.832,0.000,1.439,0.000,1.887,4.086,2.099,0.000
46,patch,40.0,1.0,2,0.984,0.000,0.772,4.034,1.128,0.000,1.000,0.000,1.419,4.552
46,patch,80.0,1.0,2,0.504,0.000,0.464,4.262,0.460,4.195,0.526,5.420,0.319,0.000
46,patch,160.0,1.0,2,2.230,0.000,2.298,0.000,2.380,4.172,3.107,0.000,2.888,4.869
46,patch,320.0,1.0,2,8.838,6.930,8.750,6.651,8.700,7.000,9.044,6.743,9.150,6.785
47,patch,10.0,1.0,2,1.202,4.235,0.613,0.000,1.284,0.000,1.518,4.691,1.433,3.831
47,patch,20.0,1.0,2,-2.211,0.000,-2.340,4.255,-2.216,3.871,-2.242,0.000,-2.207,0.000
47,patch,40.0,1.0,2,-0.047,4.433,-0.037,0.000,0.032,4.523,-0.267,3.969,0.011,0.000
47,patch,80.0,1.0,2,0.981,0.000,0.720,4.405,0.787,0.000,0.848,0.000,0.869,0.000
47,patch,160.0,1.0,2,5.825,5.720,5.739,5.563,5.783,6.050,5.948,6.712,5.952,5.912
47,patch,320.0,1.0,2,7.109,6.192,6.621,5.726,6.853,6.220,7.164,6.215,7.834,6.888
48,patch,10.0,1.0,2,1.046,3.370,1.318,0.000,1.154,0.000,1.596,5.179,1.757,0.000
48,patch,20.0,1.0,2,2.185,4.519,2.095,4.509,2.213,4.634,1.729,0.000,2.548,4.637
48,patch,40.0,1.0,2,3.173,4.109,3.683,4.787,3.023,4.176,3.309,0.000,3.636,3.848
48,patch,80.0,1.0,2,7.072,6.967,6.307,6.479,6.961,6.692,6.917,6.830,7.357,6.793
48,patch,160.0,1.0,2,10.257,8.877,8.035,7.143,10.433,9.060,10.783,9.303,11.429,10.524
48,patch,320.0,1.0,2,21.608,18.851,19.131,16.898,21.305,18.382,23.737,20.382,24.248,20.882
49,patch,10.0,1.0,2,0.076,0.000,-0.026,0.000,-0.256,0.000,-0.530,0.000,-0.144,0.000
49,patch,20.0,1.0,2,2.140,4.157,1.601,0.000,2.142,4.090,1.671,0.000,1.182,4.128
49,patch,40.0,1.0,2,3.018,0.000,3.545,0.000,2.605,0.000,3.198,0.000,2.454,0.000
49,patch,80.0,1.0,2,4.695,4.849,2.888,0.000,4.878,4.875,4.260,0.000,5.340,5.336
49,patch,160.0,1.0,2,12.452,9.710,8.921,6.805,12.403,9.819,10.919,9.065,14.088,9.658
49,patch,320.0,1.0,2,23.786,18.464,16.944,13.510,23.623,18.424,22.046,17.180,26.199,16.797
50,patch,10.0,1.0,2,0.273,0.000,0.597,0.000,0.424,0.000,0.578,0.000,1.048,0.000
50,patch,20.0,1.0,2,-0.087,0.000,-0.380,0.000,0.006,0.000,-0.236,0.000,-0.545,3.707
50,patch,40.0,1.0,2,2.142,0.000,2.214,0.000,2.146,0.000,1.469,0.000,1.787,4.113
50,patch,80.0,1.0,2,1.662,0.000,1.508,0.000,1.744,0.000,1.636,0.000,1.729,4.004
50,patch,160.0,1.0,2,5.144,5.140,4.877,5.376,5.023,4.935,4.707,4.577,5.263,5.211
50,patch,320.0,1.0,2,9.823,9.677,9.655,9.563,9.784,9.729,10.231,10.103,11.185,10.919
51,patch,10.0,1.0,2,1.320,4.002,1.410,4.278,1.214,0.000,1.868,4.649,1.440,4.455
51,patch,20.0,1.0,2,-0.718,4.160,-0.609,4.450,-0.935,4.083,-0.412,4.524,-0.272,3.478
51,patch,40.0,1.0,2,3.643,0.000,3.339,0.000,3.356,0.000,3.868,0.000,3.976,0.000
51,patch,80.0,1.0,2,4.714,5.475,2.888,4.628,4.960,5.350,4.868,4.905,4.710,4.992
51,patch,160.0,1.0,2,9.329,8.055,8.023,6.986,9.458,8.222,9.759,7.846,9.747,8.036
51,patch,320.0,1.0,2,13.555,10.783,12.370,10.566,13.708,10.683,15.363,12.308,15.703,12.396
52,patch,10.0,1.0,2,-0.181,0.000,-0.183,0.000,-0.365,0.000,-1.518,0.000,0.848,0.000
52,patch,20.0,1.0,2,0.053,4.019,0.093,0.000,0.121,4.119,0.305,4.273,-0.315,0.000
52,patch,40.0,1.0,2,1.978,0.000,0.136,0.000,2.212,0.000,0.610,4.107,2.307,4.392
52,patch,80.0,1.0,2,4.748,4.844,3.981,4.840,4.226,0.000,3.720,4.103,5.098,5.180
52,patch,160.0,1.0,2,8.389,7.942,6.446,6.670,7.723,7.333,7.418,6.017,11.033,10.211
52,patch,320.0,1.0,2,19.522,18.292,12.350,11.848,19.098,17.975,16.592,14.271,23.112,20.187
53,patch,10.0,1.0,2,0.760,0.000,-0.101,0.000,1.000,0.000,0.712,0.000,0.504,0.000
53,patch,20.0,1.0,2,1.189,4.361,1.618,4.335,1.244,0.000,1.656,0.000,1.440,0.000
53,patch,40.0,1.0,2,3.489,0.000,3.481,4.259,3.384,0.000,3.570,0.000,3.034,0.000
53,patch,80.0,1.0,2,1.819,0.000,1.375,0.000,2.156,0.000,1.792,4.939,2.214,3.967
53,patch,160.0,1.0,2,8.396,7.217,8.017,7.001,8.276,7.259,8.593,8.029,8.087,7.566
53,patch,320.0,1.0,2,16.350,14.162,14.443,12.816,15.886,13.812,15.640,13.331,17.312,14.941
54,patch,10.0,1.0,3,1.566,4.426,1.421,0.000,1.422,4.386,0.214,4.494,0.728,4.171
54,patch,20.0,1.0,3,2.254,4.143,1.349,0.000,2.395,4.253,1.729,0.000,1.809,0.000
54,patch,40.0,1.0,3,0.567,0.000,-0.441,0.000,0.780,4.768,0.246,0.000,1.182,0.000
54,patch,80.0,1.0,3,3.132,4.670,3.684,4.407,2.797,3.715,3.085,0.000,4.383,5.373
54,patch,160.0,1.0,3,5.517,5.962,3.814,0.000,5.273,5.867,3.964,4.296,4.866,5.302
54,patch,320.0,1.0,3,7.895,7.471,6.454,6.097,7.972,7.681,6.984,6.817,7.810,7.417
55,patch,10.0,1.0,3,1.422,0.000,1.553,4.573,1.422,0.000,0.900,0.000,1.143,0.000
55,patch,20.0,1.0,3,-1.275,4.370,-1.097,4.380,-1.201,4.439,-1.026,3.906,-1.429,0.000
55,patch,40.0,1.0,3,-1.578,0.000,-1.269,3.733,-1.396,0.000,-1.455,0.000,-1.113,0.000
55,patch,80.0,1.0,3,2.429,0.000,2.432,4.277,2.328,0.000,2.408,0.000,2.452,4.094
55,patch,160.0,1.0,3,4.086,4.766,3.997,4.940,3.883,4.727,4.019,4.488,4.243,4.754
55,patch,320.0,1.0,3,7.640,7.235,7.511,6.826,7.504,7.260,7.381,6.715,7.170,6.710
56,patch,10.0,1.0,3,1.205,0.000,1.404,4.172,1.110,0.000,0.503,0.000,1.669,0.000
56,patch,20.0,1.0,3,1.166,4.281,1.164,4.804,0.999,0.000,0.257,3.341,0.094,0.000
56,patch,40.0,1.0,3,-0.670,0.000,-1.135,4.375,-0.489,3.429,0.198,4.030,-1.366,0.000
56,patch,80.0,1.0,3,0.224,0.000,-0.238,0.000,0.282,0.000,0.604,0.000,0.835,0.000
56,patch,160.0,1.0,3,2.322,4.487,1.481,4.069,2.098,0.000,2.458,5.240,2.230,3.826
56,patch,320.0,1.0,3,1.996,0.000,2.125,0.000,1.885,0.000,2.433,0.000,3.399,0.000
57,patch,10.0,1.0,3,0.709,4.010,1.049,0.000,0.654,4.097,0.674,0.000,1.521,0.000
57,patch,20.0,1.0,3,0.383,0.000,1.113,0.000,0.497,0.000,0.147,0.000,-0.682,3.984
57,patch,40.0,1.0,3,-0.011,0.000,-0.749,0.000,-0.314,0.000,-0.561,0.000,0.502,0.000
57,patch,80.0,1.0,3,1.226,0.000,0.967,0.000,1.422,0.000,1.439,0.000,0.782,0.000
57,patch,160.0,1.0,3,2.437,0.000,2.852,0.000,2.247,3.817,4.088,4.116,1.903,4.209
57,patch,320.0,1.0,3,1.422,0.000,1.156,0.000,1.706,0.000,1.854,0.000,1.040,0.000
58,patch,10.0,1.0,3,1.018,0.000,1.270,4.429,0.958,0.000,0.601,0.000,0.339,0.000
58,patch,20.0,1.0,3,0.005,4.060,0.338,0.000,-0.023,4.184,-0.012,0.000,0.625,0.000
58,patch,40.0,1.0,3,0.905,0.000,0.674,0.000,0.691,0.000,0.522,3.901,0.331,0.000
58,patch,80.0,1.0,3,1.340,0.000,1.535,0.000,1.230,0.000,0.928,0.000,1.259,0.000
58,patch,160.0,1.0,3,3.400,0.000,3.194,4.274,3.465,0.000,3.967,0.000,3.906,4.118
58,patch,320.0,1.0,3,5.264,5.315,5.166,6.513,5.002,0.000,5.531,5.871,5.195,5.427
59,patch,10.0,1.0,3,0.670,4.906,0.180,4.476,0.831,5.035,0.010,0.000,0.050,5.054
59,patch,20.0,1.0,3,-0.337,0.000,0.699,0.000,-0.379,0.000,0.688,0.000,0.289,0.000
59,patch,40.0,1.0,3,0.930,0.000,1.181,0.000,1.096,3.702,0.919,0.000,0.084,0.000
59,patch,80.0,1.0,3,0.213,0.000,0.906,0.000,0.232,0.000,0.531,0.000,0.934,4.823
59,patch,160.0,1.0,3,2.363,0.000,2.079,4.285,2.738,0.000,3.796,0.000,3.832,0.000
59,patch,320.0,1.0,3,2.179,0.000,1.776,0.000,2.046,0.000,4.262,4.386,3.703,0.000
60,patch,10.0,1.0,3,0.980,0.000,0.546,0.000,0.720,3.812,-0.176,0.000,-0.072,0.000
60,patch,20.0,1.0,3,1.025,0.000,-0.000,0.000,0.886,0.000,0.474,0.000,0.743,0.000
60,patch,40.0,1.0,3,2.198,0.000,1.361,0.000,2.222,0.000,1.810,0.000,1.602,0.000
60,patch,80.0,1.0,3,1.816,0.000,0.441,4.539,2.046,0.000,0.615,3.899,2.921,0.000
60,patch,160.0,1.0,3,6.371,5.960,5.293,5.044,6.140,5.875,5.218,5.220,6.300,6.055
60,patch,320.0,1.0,3,10.912,10.430,8.603,7.903,10.397,10.169,8.429,7.807,9.667,8.901
61,patch,10.0,1.0,3,1.438,0.000,1.073,0.000,1.699,0.000,0.375,0.000,0.404,0.000
61,patch,20.0,1.0,3,0.508,0.000,0.501,0.000,0.460,0.000,-0.969,0.000,-0.468,0.000
61,patch,40.0,1.0,3,1.058,0.000,0.133,4.543,0.883,0.000,0.711,0.000,1.825,0.000
61,patch,80.0,1.0,3,-1.026,0.000,0.189,0.000,-1.197,0.000,0.345,0.000,-0.055,0.000
61,patch,160.0,1.0,3,-0.640,0.000,0.477,3.848,-1.020,0.000,0.837,0.000,-1.144,0.000
61,patch,320.0,1.0,3,1.758,3.999,0.390,3.661,1.906,0.000,1.670,4.490,3.639,4.739
62,patch,10.0,1.0,3,-1.506,0.000,-1.601,4.519,-1.712,0.000,-1.527,0.000,-1.094,4.292
62,patch,20.0,1.0,3,0.068,0.000,-0.106,0.000,-0.110,0.000,0.165,0.000,0.744,0.000
62,patch,40.0,1.0,3,0.813,0.000,0.496,0.000,0.976,0.000,1.259,3.910,0.753,4.317
62,patch,80.0,1.0,3,2.870,0.000,2.407,0.000,2.991,0.000,3.070,4.453,3.522,4.980
62,patch,160.0,1.0,3,3.901,4.429,3.985,4.806,3.925,4.695,4.102,4.534,3.965,4.392
62,patch,320.0,1.0,3,6.126,5.757,5.968,6.140,6.180,5.813,6.469,6.145,7.122,6.640
63,patch,10.0,1.0,3,0.306,0.000,0.329,3.347,0.300,3.836,-0.146,0.000,0.405,0.000
63,patch,20.0,1.0,3,0.741,0.000,1.163,0.000,0.838,0.000,2.057,0.000,0.539,0.000
63,patch,40.0,1.0,3,0.732,0.000,0.231,0.000,0.671,0.000,1.645,0.000,1.524,0.000
63,patch,80.0,1.0,3,1.306,0.000,0.149,3.912,1.264,0.000,2.166,0.000,1.119,0.000
63,patch,160.0,1.0,3,2.203,0.000,0.853,0.000,2.279,0.000,2.077,0.000,2.075,4.646
63,patch,320.0,1.0,3,2.122,0.000,2.037,0.000,1.705,0.000,3.644,0.000,4.339,4.440
64,patch,10.0,1.0,3,1.469,4.451,1.957,4.394,1.534,0.000,0.798,0.000,-0.761,3.784
64,patch,20.0,1.0,3,0.680,4.414,0.770,4.053,0.567,4.809,1.286,4.027,0.673,4.104
64,patch,40.0,1.0,3,0.488,0.000,0.185,4.894,0.986,0.000,0.970,0.000,1.357,4.091
64,patch,80.0,1.0,3,1.740,0.000,1.317,0.000,1.524,4.096,1.175,0.000,1.291,0.000
64,patch,160.0,1.0,3,0.484,0.000,1.213,0.000,0.265,0.000,1.092,4.692,1.718,4.672
64,patch,320.0,1.0,3,2.192,4.170,1.087,0.000,2.154,0.000,2.782,0.000,2.182,4.134
65,patch,10.0,1.0,3,0.854,0.000,1.191,0.000,0.840,0.000,1.416,3.774,0.531,0.000
65,patch,20.0,1.0,3,2.044,0.000,2.108,4.584,1.714,0.000,1.382,4.840,1.354,4.235
65,patch,40.0,1.0,3,2.483,0.000,1.726,3.860,2.625,0.000,2.059,0.000,1.490,0.000
65,patch,80.0,1.0,3,2.642,0.000,2.615,0.000,2.739,0.000,3.341,4.542,4.077,4.568
65,patch,160.0,1.0,3,3.946,4.380,3.512,0.000,3.904,4.481,4.542,4.605,5.225,5.155
65,patch,320.0,1.0,3,9.316,8.591,8.295,7.654,8.832,8.219,8.612,8.045,10.357,9.886
66,patch,10.0,1.0,3,0.936,4.408,1.761,3.310,0.451,4.518,-0.768,4.209,0.328,0.000
66,patch,20.0,1.0,3,2.795,0.000,1.298,0.000,3.145,0.000,2.037,0.000,1.407,0.000
66,patch,40.0,1.0,3,1.905,4.146,0.955,0.000,1.638,0.000,1.763,0.000,2.495,0.000
66,patch,80.0,1.0,3,5.391,5.802,3.462,4.400,5.290,5.755,4.216,4.607,5.261,5.575
66,patch,160.0,1.0,3,5.812,5.836,3.656,0.000,5.790,5.707,4.331,4.523,5.650,4.866
66,patch,320.0,1.0,3,9.170,8.100,7.366,6.634,8.951,8.016,8.209,7.141,9.840,8.587
67,patch,10.0,1.0,3,0.910,0.000,0.566,4.492,0.775,0.000,0.306,0.000,0.109,3.769
67,patch,20.0,1.0,3,1.928,0.000,1.321,0.000,1.990,0.000,1.806,0.000,2.534,0.000
67,patch,40.0,1.0,3,1.271,0.000,1.177,0.000,1.113,0.000,0.435,0.000,1.792,0.000
67,patch,80.0,1.0,3,0.357,4.110,0.363,4.305,0.475,4.300,-0.756,4.202,0.457,4.503
67,patch,160.0,1.0,3,2.579,0.000,2.706,3.882,2.362,0.000,2.724,0.000,3.404,0.000
67,patch,320.0,1.0,3,3.495,4.956,2.423,4.111,3.585,4.965,5.924,6.001,6.021,5.339
68,patch,10.0,1.0,3,-0.422,0.000,-0.453,0.000,-0.520,4.316,-0.105,4.643,-0.911,0.000
68,patch,20.0,1.0,3,-0.386,0.000,-0.328,0.000,-0.508,0.000,-0.139,0.000,0.005,0.000
68,patch,40.0,1.0,3,0.845,4.122,0.453,0.000,1.218,0.000,0.456,4.436,-0.010,0.000
68,patch,80.0,1.0,3,-0.520,0.000,0.268,0.000,-0.660,0.000,-0.742,0.000,0.407,0.000
68,patch,160.0,1.0,3,2.394,4.048,0.850,0.000,2.655,0.000,2.546,0.000,2.788,0.000
68,patch,320.0,1.0,3,6.758,6.490,6.131,5.986,6.416,6.164,5.929,5.732,7.930,7.234
69,patch,10.0,1.0,3,0.937,0.000,0.481,0.000,0.555,4.435,1.088,0.000,1.109,4.085
69,patch,20.0,1.0,3,1.219,0.000,-0.197,3.848,1.498,0.000,1.448,0.000,1.380,0.000
69,patch,40.0,1.0,3,-1.117,3.964,-1.763,4.485,-1.157,0.000,-0.562,0.000,0.825,0.000
69,patch,80.0,1.0,3,2.414,4.392,1.327,0.000,2.479,4.114,3.347,4.103,2.472,4.116
69,patch,160.0,1.0,3,3.211,4.074,2.299,3.781,2.987,0.000,3.273,0.000,4.350,0.000
69,patch,320.0,1.0,3,5.981,5.211,4.170,0.000,5.976,5.266,6.252,5.569,7.677,6.917
70,patch,10.0,1.0,3,-0.248,3.986,-0.561,4.693,-0.190,4.192,-1.837,4.188,0.014,3.671
70,patch,20.0,1.0,3,-0.772,0.000,-0.596,4.551,-0.969,0.000,-0.523,0.000,-1.108,3.848
70,patch,40.0,1.0,3,2.555,0.000,2.464,0.000,2.621,3.613,2.794,0.000,1.786,4.607
70,patch,80.0,1.0,3,2.086,4.009,1.762,0.000,2.152,3.962,1.791,0.000,1.644,0.000
70,patch,160.0,1.0,3,1.397,0.000,1.328,4.191,1.208,0.000,1.883,0.000,1.857,0.000
70,patch,320.0,1.0,3,2.455,4.077,1.812,0.000,2.362,0.000,1.972,4.311,3.767,0.000
71,patch,10.0,1.0,3,-0.238,4.097,-0.779,3.801,0.107,4.002,0.179,4.288,-0.460,0.000
71,patch,20.0,1.0,3,0.320,0.000,0.141,0.000,0.262,0.000,0.755,0.000,1.223,4.998
71,patch,40.0,1.0,3,1.276,0.000,2.054,4.581,1.391,0.000,2.081,0.000,2.616,0.000
71,patch,80.0,1.0,3,1.599,4.386,1.369,4.396,1.518,4.098,1.450,4.493,1.193,0.000
71,patch,160.0,1.0,3,0.268,0.000,0.411,0.000,0.070,0.000,0.773,4.167,0.481,0.000
71,patch,320.0,1.0,3,3.400,0.000,3.582,0.000,3.497,0.000,3.231,0.000,4.943,5.111
