# NEW (G4 school: bounded localization; 1-layer BEM and 2-mm/2-deg coregistration error in the inverse, 8 draws shared by all arrays) | commit e53bea8
event,location,family,strength_nAm,array,coreg_draw,detected,dspm_error_mm,dspm_peak,support,dspm_mne_error_mm,dspm_mne_peak,ecd_error_mm,ecd_error_sensor_frame_mm,coreg_displacement_mm,ecd_gof,ecd_conf_vol_mm3,ecd_khi2_per_dof,depth_mm
0,0,focal,80.0,squid,0,False,83.39979805089438,3.955287711452706,nan,81.42556285612456,4.086326628139692,41.654047443739024,41.02024454055096,2.2229681371053087,7.211754482330264,9167.716913836557,1.0064611045410452,18.65110288418202
0,0,focal,80.0,opm_matched,0,False,14.22844172844587,4.01703646844149,nan,7.320429034462037,3.698895683308065,43.54491849369008,42.85219584586391,2.2229681371053087,30.746154390478093,4250.513162466008,0.8608426662895753,18.65110288418202
0,0,focal,80.0,opm_dense,0,False,14.22844172844587,3.545516497188878,nan,14.22844172844587,3.800232267362079,2.1618043910133116,3.842150955455074,2.2229681371053087,12.475218009130634,24819.290387431283,1.0194775643952554,18.65110288418202
0,0,focal,80.0,squid_mag,0,False,14.22844172844587,3.4671308232635143,nan,14.22844172844587,3.380737577826751,29.307068840891805,28.342565491793522,2.2229681371053087,18.814232679385174,48037.7683365513,0.8206284436258107,18.65110288418202
0,0,focal,80.0,squid_grad,0,False,77.11859672459519,3.549337131812513,nan,77.11859672459519,3.579305129896642,44.3073291083398,43.640568166915685,2.2229681371053087,11.034179985322396,5202.690092858473,1.0423989189790803,18.65110288418202
1,0,focal,320.0,squid,0,True,14.551564299958553,7.1285754800576075,nan,14.551564299958553,6.407464768708119,13.164943070845702,12.587512402599108,2.2229681371053087,35.805729898970476,3798.284601982498,1.0962932426591785,18.65110288418202
1,0,focal,320.0,opm_matched,0,True,1.7360288486287785,18.84886743789807,nan,4.0821035645276265,19.536140015554743,10.0653490588656,11.320163452748764,2.2229681371053087,76.0417579935365,1127.665362277024,1.629004444114719,18.65110288418202
1,0,focal,320.0,opm_dense,0,True,1.7360288486287785,14.678981901785539,nan,1.7360288486287785,16.315413619132787,3.460276956922643,4.623185850555679,2.2229681371053087,63.7007514005987,497.4418410743849,1.43181472802542,18.65110288418202
1,0,focal,320.0,squid_mag,0,True,18.82780061334313,9.85240324929074,nan,18.82780061334313,10.308335856960593,11.122033433138814,12.809839100500927,2.2229681371053087,64.40262048367977,2430.6821358040097,1.1177686405587275,18.65110288418202
1,0,focal,320.0,squid_grad,0,True,14.551564299958553,6.336940126656015,nan,14.551564299958553,6.257527122776633,6.200207742517673,7.975159805035321,2.2229681371053087,38.65790053619911,4528.90545067912,0.8811034997584865,18.65110288418202
2,0,patch,80.0,squid,0,False,81.29549938796814,3.3439050635920706,0.0,81.54919502426286,3.45907138890667,80.66787331572964,79.12732501194,2.2229681371053087,3.7070939509508176,34645.575912254004,1.0584536588030558,18.65110288418202
2,0,patch,80.0,opm_matched,0,False,70.33335542718768,3.3820369306459175,0.16666666666666666,15.365845628728437,3.2733617376892044,80.77500555482851,79.40165166632669,2.2229681371053087,9.747500744681233,26090.96940014481,0.9146360737480483,18.65110288418202
2,0,patch,80.0,opm_dense,0,True,70.33335542718768,3.862663347907399,0.3333333333333333,70.33335542718768,3.4490466531274,42.942220876851025,41.663359267910586,2.2229681371053087,4.058873427376649,287726.87616072415,1.0559246178569972,18.65110288418202
2,0,patch,80.0,squid_mag,0,False,72.57066327797652,3.4941952741687903,0.0,72.57066327797652,3.5384060082239635,80.5763887695377,80.99804704475912,2.2229681371053087,11.681858727116166,20233.676016475776,0.7727597862291935,18.65110288418202
2,0,patch,80.0,squid_grad,0,False,69.06491692805749,4.458044982632617,0.0,73.47611076520081,4.646265796427707,82.58024217721898,81.13579806611752,2.2229681371053087,5.291958529205379,35471.30997955045,1.1444377255751468,18.65110288418202
3,0,patch,320.0,squid,0,True,21.330276523903038,4.060234702942898,0.0,74.09573055974496,3.7815540072024945,11.51696415845488,13.600705935569838,2.2229681371053087,26.051739241649095,3056.5865270584827,0.8785964521261476,18.65110288418202
3,0,patch,320.0,opm_matched,0,True,10.291489653674383,10.664216125754496,0.3333333333333333,1.7360288486287785,11.051986950404977,6.757097578006735,7.549712873529153,2.2229681371053087,65.51609657629731,2926.5637221647307,0.9606993453376862,18.65110288418202
3,0,patch,320.0,opm_dense,0,True,14.551564299958553,8.972299314101424,0.5,14.551564299958553,8.921465312938478,8.158736558536757,9.379204310587413,2.2229681371053087,47.750559543972294,790.2013039144393,1.0927842841446425,18.65110288418202
3,0,patch,320.0,squid_mag,0,True,18.82780061334313,6.413124737242244,0.3333333333333333,18.82780061334313,6.76558892068741,14.755377272535348,14.64253102349075,2.2229681371053087,43.19251429358283,6037.66679963921,1.0799415971346145,18.65110288418202
3,0,patch,320.0,squid_grad,0,True,69.74363580257193,3.498494414473708,0.0,69.74363580257193,3.3997572762414747,18.05353589258087,18.087195530215617,2.2229681371053087,23.626223486715865,9654.725223924135,0.8743764019061149,18.65110288418202
4,1,focal,80.0,squid,1,True,12.151925313909764,5.435207665599838,nan,12.151925313909764,5.922879767754565,3.1470107740024225,4.361309744281468,4.252848250670891,21.55322897179812,623.25583005137,0.9555178111424187,18.456816998873997
4,1,focal,80.0,opm_matched,1,True,0.736858830460872,6.885432378775506,nan,0.736858830460872,7.143226600237471,2.719558159152201,3.2477798362340677,4.252848250670891,48.18357462261999,1927.0617394373264,0.8647857693596762,18.456816998873997
4,1,focal,80.0,opm_dense,1,True,7.20428675753421,9.897100283651515,nan,7.20428675753421,10.473093194000784,2.8433837982017707,2.6176615966394245,4.252848250670891,49.59002051028966,229.0693439412505,0.8423554125110543,18.456816998873997
4,1,focal,80.0,squid_mag,1,True,0.736858830460872,7.831821150754238,nan,0.736858830460872,8.138981095029969,2.3892414469223837,4.024745235698101,4.252848250670891,47.46472658759288,1419.3031482862737,0.9014413681818774,18.456816998873997
4,1,focal,80.0,squid_grad,1,True,21.45744838169195,3.8853377427853704,nan,28.078440924947632,4.036149073163022,3.4680745540108684,4.083541959852799,4.252848250670891,13.425210987994618,2956.9411398532075,0.9896600938835033,18.456816998873997
5,1,focal,320.0,squid,1,True,11.326272302716465,18.61257548840607,nan,11.326272302716465,20.498240665895867,2.993033826325023,2.0077505029002816,4.252848250670891,70.56365573688883,15.064846980540262,1.2803390533147307,18.456816998873997
5,1,focal,320.0,opm_matched,1,True,0.736858830460872,29.14876911217938,nan,0.736858830460872,30.47909309033555,2.891315535338449,1.9323604829946601,4.252848250670891,90.26125075906347,20.92484443132603,1.4410770189046125,18.456816998873997
5,1,focal,320.0,opm_dense,1,True,0.736858830460872,37.25820417327801,nan,0.736858830460872,39.26256944315053,3.7872387280453896,2.4127001079760806,4.252848250670891,89.4548880088583,3.979382689542145,1.3600191736326488,18.456816998873997
5,1,focal,320.0,squid_mag,1,True,7.20428675753421,20.69530011170732,nan,7.20428675753421,22.003212994490568,3.1894615663021564,2.114411635099104,4.252848250670891,84.90843859094181,38.105157874289304,1.4305323395826304,18.456816998873997
5,1,focal,320.0,squid_grad,1,True,16.64806627926336,17.714804771931384,nan,16.64806627926336,18.61525638023154,3.847171740075454,2.4752712655298783,4.252848250670891,70.99158150345723,34.74749839569204,1.2823790836798958,18.456816998873997
6,1,patch,80.0,squid,1,False,15.287523818650085,3.6514724747038847,0.0,15.287523818650085,3.6344478608751336,71.51374663195486,72.75734369266692,4.252848250670891,5.947544399786559,18897.00319321161,0.9028864088436804,18.456816998873997
6,1,patch,80.0,opm_matched,1,False,44.99824552582562,4.081424435564232,0.0,44.99824552582562,4.006272656382719,34.23371227790699,34.218693722822294,4.252848250670891,18.59173535125811,6170.820657527436,0.8420857128079846,18.456816998873997
6,1,patch,80.0,opm_dense,1,False,6.709085779892419,4.574390660154614,0.2,6.709085779892419,4.504944007602403,72.37084338416425,73.82505441524555,4.252848250670891,13.296638677273599,8090.0627221279565,0.9772017080491955,18.456816998873997
6,1,patch,80.0,squid_mag,1,False,11.628190350109909,3.5778964986957913,0.0,11.628190350109909,3.672711955155873,81.24584269090946,82.43942386428739,4.252848250670891,15.88389568730491,40337.13415295477,0.9276052490834071,18.456816998873997
6,1,patch,80.0,squid_grad,1,False,16.365745926518418,2.9935525010289354,0.0,16.365745926518418,2.9000236921697473,65.76831345205333,67.06059511469533,4.252848250670891,7.355712440286961,45571.9101063246,0.8418609306096915,18.456816998873997
7,1,patch,320.0,squid,1,True,14.709964841524586,8.417433454661335,0.0,14.709964841524586,8.663352088877843,8.480501078488768,9.359239951597194,4.252848250670891,24.750342870524737,808.0958493838741,0.9586854530688379,18.456816998873997
7,1,patch,320.0,opm_matched,1,True,14.830867157242702,9.399011346403318,0.2,11.628190350109909,9.3083689080855,6.510657065793186,8.808381602066333,4.252848250670891,54.00725749511022,1075.9042238877153,1.072766070487054,18.456816998873997
7,1,patch,320.0,opm_dense,1,True,14.709964841524586,10.00802649278295,0.0,14.709964841524586,9.963312992440864,9.041336815787215,10.4728619806905,4.252848250670891,46.33090900619956,295.9187142927927,0.8626555600850243,18.456816998873997
7,1,patch,320.0,squid_mag,1,True,14.709964841524586,8.064527785226593,0.0,14.709964841524586,8.374431930603311,7.744376854523642,9.420482226108714,4.252848250670891,45.55301956386842,1438.161549672644,0.9714869596308963,18.456816998873997
7,1,patch,320.0,squid_grad,1,True,14.709964841524586,8.0631858424034,0.2,14.709964841524586,8.157108967732313,11.044648811797195,10.75136850069761,4.252848250670891,33.624704386038324,779.0877179137663,0.8340317163428869,18.456816998873997
8,2,focal,80.0,squid,2,True,16.739435213410154,5.202078399520384,nan,16.739435213410154,5.528989910906666,20.642068479494842,24.580852060436438,5.2310598694821975,19.634966073636424,628.8757747653445,0.9069235979911012,14.923899361609136
8,2,focal,80.0,opm_matched,2,True,13.434277220001446,6.144549407501607,nan,13.434277220001446,6.27373630196209,5.324954951427471,6.445954711796337,5.2310598694821975,39.65530372126862,2526.37690238666,0.8360192192195537,14.923899361609136
8,2,focal,80.0,opm_dense,2,True,13.434277220001446,8.327272890264894,nan,13.434277220001446,8.29190401062534,31.675290476247163,35.30904826199186,5.2310598694821975,12.8050954763542,1303.5223906177955,1.2241924787077014,14.923899361609136
8,2,focal,80.0,squid_mag,2,True,20.999415168000986,5.8693882984136545,nan,23.304293040967448,6.482562623173502,20.876284078603558,24.849120576832334,5.2310598694821975,35.77903450643552,958.804186937625,1.013649144801368,14.923899361609136
8,2,focal,80.0,squid_grad,2,True,7.938620943751317,4.43823379298856,nan,7.938620943751317,4.426710701091431,22.5042018969723,26.56903375299001,5.2310598694821975,20.622701238175946,1504.4755412765826,0.944252388626224,14.923899361609136
9,2,focal,320.0,squid,2,True,13.434277220001446,15.214086445430416,nan,4.035460089252163,14.967357981503614,14.48394483033775,18.378693481531567,5.2310598694821975,55.15415624972453,26.70400883242627,1.835502547789533,14.923899361609136
9,2,focal,320.0,opm_matched,2,True,7.281161462210333,23.829377483471944,nan,7.281161462210333,24.976997912503247,4.1767640956659,1.7246837818558631,5.2310598694821975,84.9144860330218,61.49326070452599,1.5267727677578562,14.923899361609136
9,2,focal,320.0,opm_dense,2,True,13.434277220001446,29.17546746970197,nan,16.744579235038106,30.88786565695097,4.565288706560477,1.3056890122862603,5.2310598694821975,83.41401731815998,5.6050572934849505,1.5054592423979791,14.923899361609136
9,2,focal,320.0,squid_mag,2,True,13.434277220001446,19.097642250943178,nan,13.434277220001446,19.01692149626916,17.728363590202992,21.874747307383394,5.2310598694821975,63.44383542782006,31.8311631143679,3.2705616284252885,14.923899361609136
9,2,focal,320.0,squid_grad,2,True,7.938620943751317,14.48834780691164,nan,4.035460089252163,14.899547586738358,4.496921614347151,2.367975801722472,5.2310598694821975,76.42113282909752,58.96146685588639,1.0457734893816264,14.923899361609136
10,2,patch,80.0,squid,2,False,26.564609143704192,3.6382893438606847,0.0,26.564609143704192,3.6162828416505612,14.252051875713803,19.42240755638611,5.2310598694821975,3.31758818027902,23251.877377246477,0.840899874665605,14.923899361609136
10,2,patch,80.0,opm_matched,2,False,34.42836495698353,3.387650118226341,0.0,34.42836495698353,3.356304012169112,33.36648893020475,34.089460532332225,5.2310598694821975,7.17791895994995,57278.864306261785,0.9879484505595544,14.923899361609136
10,2,patch,80.0,opm_dense,2,False,129.10761954522346,2.929999747278229,0.0,129.10761954522346,2.9218256158243934,14.293811595732786,12.415809946147014,5.2310598694821975,6.313518296819426,39025.11771019047,0.7524543107783911,14.923899361609136
10,2,patch,80.0,squid_mag,2,False,15.180448763329187,3.041116490982756,0.0,33.98618498045282,2.978954299784564,38.71816888077461,40.85524281304553,5.2310598694821975,8.911042057342522,47988.692527903426,0.7583391889960133,14.923899361609136
10,2,patch,80.0,squid_grad,2,False,70.63831333617003,3.538168603840833,0.0,70.63831333617003,3.568288961271676,20.015241714126617,23.456467364240037,5.2310598694821975,3.44359555342601,41832.862732252695,0.8787586210040306,14.923899361609136
11,2,patch,320.0,squid,2,True,16.739435213410154,6.22703037671631,0.0,16.739435213410154,6.424968866081932,9.718826096551942,5.089166591903059,5.2310598694821975,29.30618065658524,559.3459193257843,1.0190971495689098,14.923899361609136
11,2,patch,320.0,opm_matched,2,True,7.281161462210333,7.997926882544866,0.16666666666666666,7.281161462210333,8.615141345878886,9.97860894577825,7.075452414991366,5.2310598694821975,45.40645976169001,2774.1724943773215,1.2950786050167666,14.923899361609136
11,2,patch,320.0,opm_dense,2,True,16.744579235038106,8.114624985815517,0.16666666666666666,7.938620943751317,8.959731257253335,8.196816652943832,6.74148445787809,5.2310598694821975,41.384016582764204,369.6752246108262,1.1786565773956397,14.923899361609136
11,2,patch,320.0,squid_mag,2,True,7.281161462210333,8.024940043879123,0.3333333333333333,7.938620943751317,8.540345592311937,9.493837184032303,4.828710379116702,5.2310598694821975,54.39536197761499,699.8770983228712,0.9457611730088453,14.923899361609136
11,2,patch,320.0,squid_grad,2,True,16.739435213410154,5.975958346543783,0.16666666666666666,16.739435213410154,6.240509482647059,8.461944373564153,5.457582978305944,5.2310598694821975,31.93945879422998,1167.9004147623566,1.0102831809961899,14.923899361609136
12,3,focal,80.0,squid,3,True,60.17106224139701,4.365005824818532,nan,100.7783126260777,4.212128072683498,5.5152677996802435,4.9220865868287325,2.4912068569126977,13.50603151796086,2968.589199469449,1.172697094089342,17.678467946191912
12,3,focal,80.0,opm_matched,3,True,17.541137355257366,4.985605942299712,nan,11.835357752379728,5.270299054792827,52.70743344354754,53.14856060162697,2.4912068569126977,25.0651484945189,7070.322636060861,0.9340863308056102,17.678467946191912
12,3,focal,80.0,opm_dense,3,True,17.541137355257366,7.0812822338312795,nan,11.835357752379728,7.654740213507309,2.0850777663984124,1.8019320080285595,2.4912068569126977,33.983954393432036,1475.4255263147486,1.0618778451194093,17.678467946191912
12,3,focal,80.0,squid_mag,3,True,17.541137355257366,5.629611754031094,nan,17.541137355257366,5.6887360128707085,6.644591661563966,6.483287709730545,2.4912068569126977,29.634883821876752,4067.3296176231083,1.1885639745704426,17.678467946191912
12,3,focal,80.0,squid_grad,3,True,104.77008625821158,3.869826955878289,nan,104.77008625821158,4.239809942221077,4.609660208544328,6.46270062178239,2.4912068569126977,14.834441249519346,6607.227450425732,1.1423995566639913,17.678467946191912
13,3,focal,320.0,squid,3,True,17.541137355257366,21.061780664091984,nan,17.541137355257366,19.14852993346238,2.7163686039997126,2.2471313737235703,2.4912068569126977,75.10582055644149,46.762214081689486,1.2334179476894547,17.678467946191912
13,3,focal,320.0,opm_matched,3,True,17.541137355257366,19.124844077177222,nan,11.835357752379728,19.727039750858623,7.974308186909584,9.330045616002135,2.4912068569126977,84.69542521909969,165.9953879754053,0.9739188829028574,17.678467946191912
13,3,focal,320.0,opm_dense,3,True,11.835357752379728,31.392650672239586,nan,11.835357752379728,32.78670108784534,3.664831691130226,1.4321561605000084,2.4912068569126977,89.3492500582185,19.869604555673373,1.305333630780711,17.678467946191912
13,3,focal,320.0,squid_mag,3,True,17.541137355257366,24.440208552292702,nan,17.541137355257366,23.49115325752234,3.0687023876771042,2.2830667657925443,2.4912068569126977,87.48467438208904,76.16405186474694,1.4265951624597697,17.678467946191912
13,3,focal,320.0,squid_grad,3,True,17.541137355257366,17.76487696613187,nan,17.541137355257366,16.881184469765582,1.5920369401897654,2.36757063454897,2.4912068569126977,74.02994023463201,121.25624258054941,1.2183519527103566,17.678467946191912
14,3,patch,80.0,squid,3,False,119.61399960885748,3.7944579236441505,0.0,119.61399960885748,3.5579752093633163,72.57395791293303,72.96796181601688,2.4912068569126977,6.370215448977425,18396.57070979624,1.079548218767636,17.678467946191912
14,3,patch,80.0,opm_matched,3,False,84.89439592403036,3.701210179840606,0.0,84.89439592403036,4.048262562010221,82.36461590714957,82.69043708180754,2.4912068569126977,19.274633667989765,3947.375074337554,1.128373250651717,17.678467946191912
14,3,patch,80.0,opm_dense,3,True,15.62709734904846,4.223201312561356,0.0,15.62709734904846,4.314376306377844,9.185556237244734,6.987622071471123,2.4912068569126977,8.922397302316165,25590.86064968031,1.2065676792757603,17.678467946191912
14,3,patch,80.0,squid_mag,3,False,127.47533895650697,4.910541018102264,0.0,134.40258764383182,5.0080807300760535,71.5649945294638,71.89057285936796,2.4912068569126977,13.350351113838933,19722.316087390856,1.4056530360889743,17.678467946191912
14,3,patch,80.0,squid_grad,3,False,78.8511450302403,3.3805039705077595,0.0,78.8511450302403,3.4215323318738515,70.89194332599715,71.29303670951069,2.4912068569126977,9.078326711818123,33406.80662235199,0.9383691343094549,17.678467946191912
15,3,patch,320.0,squid,3,True,16.20746679334202,5.982064334209475,0.2,5.303041447912256,5.242912954627792,6.443238069314853,6.007950700061628,2.4912068569126977,35.70876726314203,865.0956231021459,0.8884053848310622,17.678467946191912
15,3,patch,320.0,opm_matched,3,True,11.296972387860333,9.761302806579177,0.2,11.296972387860333,9.892283486452182,8.140097918754591,8.474524554841148,2.4912068569126977,59.633713370218345,5564.5464086641205,0.85964496481933,17.678467946191912
15,3,patch,320.0,opm_dense,3,True,16.20746679334202,11.661293854265695,0.4,11.296972387860333,11.852970193070002,5.744642842711761,6.393758575479779,2.4912068569126977,54.866118510283826,671.5512780170346,1.0561248002242627,17.678467946191912
15,3,patch,320.0,squid_mag,3,True,11.296972387860333,8.179358711290371,0.0,11.296972387860333,8.126505115210787,6.201109463714289,5.889010350016655,2.4912068569126977,61.92414499082537,1595.2636031512043,0.879137271602617,17.678467946191912
15,3,patch,320.0,squid_grad,3,True,5.303041447912256,5.207994408359877,0.2,5.303041447912256,4.962086696526508,8.094479412368784,7.788900005437183,2.4912068569126977,37.04480141596974,2402.5196154087985,0.8600898052154545,17.678467946191912
16,4,focal,80.0,squid,4,True,18.366314715508974,8.306858352304419,nan,18.366314715508974,8.523773243899171,4.6554649951344125,1.0378376167639138,4.062037099170561,35.66521103013727,521.2911084990233,1.0711508890770711,13.026483779297223
16,4,focal,80.0,opm_matched,4,True,10.46363234160049,11.585609256005476,nan,10.46363234160049,11.46829184861919,3.7828024852128133,1.8940764173595055,4.062037099170561,67.88444299615291,1350.6840056968174,0.8627768960863691,13.026483779297223
16,4,focal,80.0,opm_dense,4,True,10.46363234160049,13.74524725739085,nan,10.46363234160049,13.765126349874446,3.891216467447362,1.6585468610343554,4.062037099170561,59.86854432821575,69.216419578225,1.057972939882459,13.026483779297223
16,4,focal,80.0,squid_mag,4,True,10.46363234160049,10.071243807908807,nan,10.46363234160049,10.110487773153572,4.173713396272859,1.28300475569274,4.062037099170561,58.728606512591,1307.0647128429825,1.0224550668820667,13.026483779297223
16,4,focal,80.0,squid_grad,4,True,17.61653660308431,8.988555067162228,nan,17.61653660308431,9.148517280371157,6.3182626053121975,3.2661340786879105,4.062037099170561,39.70979391265905,1420.698557030776,1.0597271252818852,13.026483779297223
17,4,focal,320.0,squid,4,True,17.61653660308431,36.76575602556595,nan,17.61653660308431,37.94591904200707,4.544958866471405,0.4851977441622007,4.062037099170561,90.1568875685336,5.191426900887939,1.1660383320784553,13.026483779297223
17,4,focal,320.0,opm_matched,4,True,10.46363234160049,48.76760656067262,nan,10.46363234160049,48.61577175976073,3.8389800295749312,0.29033564249575705,4.062037099170561,96.46081381157761,13.341638270200056,1.1617042857569755,13.026483779297223
17,4,focal,320.0,opm_dense,4,True,10.46363234160049,52.38880549712107,nan,10.46363234160049,52.242571443507735,4.646427363027729,0.9786499352340122,4.062037099170561,95.90188312560967,1.0232794477834026,1.0551446452187303,13.026483779297223
17,4,focal,320.0,squid_mag,4,True,10.46363234160049,43.38392336570816,nan,10.46363234160049,44.09044496970657,4.064918182003108,0.45460483174943267,4.062037099170561,95.55104938388834,11.920345871996217,1.2154263308572164,13.026483779297223
17,4,focal,320.0,squid_grad,4,True,17.61653660308431,37.600265970415656,nan,17.61653660308431,38.05785955842179,4.325235062301992,0.36888238245979715,4.062037099170561,91.77765011994485,10.262318424717721,1.1206651956771694,13.026483779297223
18,4,patch,80.0,squid,4,False,77.63095026828553,4.312947825703462,0.0,86.18660313381542,4.055349669669579,78.06005068279327,76.7393429248486,4.062037099170561,4.432750890757102,32592.34712091332,0.9129508894988433,13.026483779297223
18,4,patch,80.0,opm_matched,4,False,81.24167395267679,4.156789286537854,0.0,81.24167395267679,4.27406007633056,89.39685469821826,87.75358287891372,4.062037099170561,18.48628230870925,14265.340050614388,0.9817952780230961,13.026483779297223
18,4,patch,80.0,opm_dense,4,False,81.894904910122,4.447557329247775,0.0,81.894904910122,4.003705076028325,82.84158964277917,81.21206499889692,4.062037099170561,7.816520512402728,6261.650227742635,1.3929763407829152,13.026483779297223
18,4,patch,80.0,squid_mag,4,False,86.18660313381542,4.176264815134657,0.0,86.18660313381542,4.236956366828104,78.31613150749746,77.13748397992137,4.062037099170561,11.561776097968002,30064.8549742796,1.083033713414858,13.026483779297223
18,4,patch,80.0,squid_grad,4,False,87.13260350847521,3.8201989766225943,0.0,69.35647582293574,3.5198546770042918,88.27656520453172,86.40855507878496,4.062037099170561,5.726260055684725,49224.64026716355,0.8090365541443091,13.026483779297223
19,4,patch,320.0,squid,4,True,18.292996877988926,5.368623126432048,0.0,18.292996877988926,5.589003828345681,5.961438564397244,7.480760271681014,4.062037099170561,27.3224675460024,593.4547977116133,0.9517678530239716,13.026483779297223
19,4,patch,320.0,opm_matched,4,True,3.5953334851326755,9.271332295531098,0.5,3.5953334851326755,9.18231491853555,4.626994049274821,6.367925738070925,4.062037099170561,48.12661985202491,1532.8014462375677,1.2379460414605945,13.026483779297223
19,4,patch,320.0,opm_dense,4,True,3.5953334851326755,10.546419692113982,0.25,3.5953334851326755,10.647191852636084,3.183563597416496,4.101289152368276,4.062037099170561,49.077452298453494,141.9038057042994,1.0857627299678336,13.026483779297223
19,4,patch,320.0,squid_mag,4,True,3.5953334851326755,7.138040113735912,0.25,3.5953334851326755,7.399992926796186,5.787666668858632,7.472500457469693,4.062037099170561,46.204471217596534,1327.8306647650209,1.016953899011095,13.026483779297223
19,4,patch,320.0,squid_grad,4,True,16.87156758461906,5.54050009963942,0.25,16.87156758461906,5.719101001861846,5.01953854340623,7.976197113832247,4.062037099170561,37.442606746624705,745.0317382841188,0.8627978065899442,13.026483779297223
20,5,focal,80.0,squid,5,True,17.70594805529449,5.130474720268821,nan,17.70594805529449,4.837841947358585,8.579611636211261,5.941102446742056,3.7022520686937237,23.41762815751256,1305.266829778486,1.029155553033716,19.00382229844101
20,5,focal,80.0,opm_matched,5,True,10.421161709197113,11.286336075539875,nan,10.421161709197113,11.41392282007899,7.175510627930879,3.8376716672150875,3.7022520686937237,63.26510271421927,389.0314576707367,0.9522767742408909,19.00382229844101
20,5,focal,80.0,opm_dense,5,True,10.421161709197113,14.048293561598694,nan,10.421161709197113,13.625395959855547,4.414192196935092,1.4975991014445826,3.7022520686937237,61.68237718725275,89.83873097814968,0.8481250835943267,19.00382229844101
20,5,focal,80.0,squid_mag,5,True,17.70594805529449,7.979730987671616,nan,17.484839487464065,7.809556178087355,7.715582471746972,4.943026846687996,3.7022520686937237,47.14742358689583,1484.5753012038529,1.0701082370188393,19.00382229844101
20,5,focal,80.0,squid_grad,5,True,21.074222094664584,4.4397762244332215,nan,21.074222094664584,4.520822311000945,17.35605475768529,14.89821084852816,3.7022520686937237,24.34568959805766,2702.417846302844,1.0128595585076268,19.00382229844101
21,5,focal,320.0,squid,5,True,17.484839487464065,25.514172354322156,nan,17.484839487464065,24.424590235248047,6.102641078244695,2.6632995065456555,3.7022520686937237,83.08650536259967,16.18788578579999,1.0667738801301903,19.00382229844101
21,5,focal,320.0,opm_matched,5,True,10.421161709197113,46.348242101241745,nan,5.901131138994416,46.24538033835667,5.339114683508681,1.6569192260038328,3.7022520686937237,95.32585293972463,6.065990580179074,1.3903429412140242,19.00382229844101
21,5,focal,320.0,opm_dense,5,True,10.421161709197113,58.928192298694924,nan,10.421161709197113,57.45187902257867,3.956810478742968,0.45870962815509325,3.7022520686937237,94.23436199943109,1.2306443405646124,1.5751466681772086,19.00382229844101
21,5,focal,320.0,squid_mag,5,True,17.484839487464065,31.09442332276895,nan,17.484839487464065,31.32058244791054,6.144017596387163,2.569571042345585,3.7022520686937237,92.16450772625481,21.23472097455277,1.2413433677223629,19.00382229844101
21,5,focal,320.0,squid_grad,5,True,17.484839487464065,22.181951131350992,nan,17.484839487464065,22.207730105611812,5.908744587079939,2.646685341239202,3.7022520686937237,84.05267998953481,32.421565096529996,1.1212338439764113,19.00382229844101
22,5,patch,80.0,squid,5,False,4.5687460584101,3.5149419567130535,0.0,4.5687460584101,3.635231291608253,100.03050972629902,98.48326722773413,3.7022520686937237,4.229962396454857,11504.916901028388,0.9991320691456597,19.00382229844101
22,5,patch,80.0,opm_matched,5,False,64.06209886762129,3.8167519188054735,0.0,96.58290387825355,3.6085601902808038,68.92437234694538,66.48001296765885,3.7022520686937237,10.854303741241809,51726.042809757186,1.2266652175551767,19.00382229844101
22,5,patch,80.0,opm_dense,5,False,97.17386287484763,3.7298196216869792,0.0,97.17386287484763,3.659284989419885,108.49083495368664,106.40647744571245,3.7022520686937237,11.675625675002319,8177.2190485171195,0.8713734963291639,19.00382229844101
22,5,patch,80.0,squid_mag,5,False,87.11833161979128,3.530006948561584,0.0,94.76644452498074,3.499680924768663,108.66618764184057,106.66233630463539,3.7022520686937237,18.542647310914028,18072.505918996165,0.7071256555884932,19.00382229844101
22,5,patch,80.0,squid_grad,5,False,111.34251038894672,3.5347945842936377,0.0,87.65300291691354,3.6589623195316543,100.4722106174932,99.55835195417635,3.7022520686937237,6.211264339647971,9251.325459543295,0.9867914407320224,19.00382229844101
23,5,patch,320.0,squid,5,True,17.484839487464065,6.818787025102612,0.0,15.62263130717435,7.001594681125719,10.258096014019115,6.720245085039175,3.7022520686937237,19.89887673016076,1431.3283599737174,1.1022602917697224,19.00382229844101
23,5,patch,320.0,opm_matched,5,True,7.158897156393578,12.7234693157904,0.3333333333333333,7.158897156393578,12.965218032965343,8.076444347813293,5.620792572681186,3.7022520686937237,63.874548486285676,522.4681307310185,1.1762891942393368,19.00382229844101
23,5,patch,320.0,opm_dense,5,True,17.484839487464065,9.817310082260574,0.0,10.421161709197113,10.088660888961845,7.584862089536389,5.1581744151686255,3.7022520686937237,47.510502637969736,131.88484699632826,0.9631120088347146,19.00382229844101
23,5,patch,320.0,squid_mag,5,True,17.484839487464065,7.899046457326228,0.0,17.484839487464065,7.742683883264549,10.114834275272043,6.851272507623444,3.7022520686937237,45.19334276115204,1810.619271385943,0.928144250980923,19.00382229844101
23,5,patch,320.0,squid_grad,5,True,17.484839487464065,5.270977635478158,0.0,15.62263130717435,5.560763707488664,10.879371735611334,7.392466169486603,3.7022520686937237,21.31650577511264,3034.6679922082176,1.1977985535731586,19.00382229844101
24,6,focal,80.0,squid,6,False,10.611608026865639,3.8624194096630116,nan,10.611608026865639,3.8606592051019506,12.560923384668827,13.17219258669832,3.1664363428477413,6.747546842276911,4169.248768290192,0.9836305487588618,23.93898404072278
24,6,focal,80.0,opm_matched,6,False,14.486218915895307,5.721256409483838,nan,14.486218915895307,5.920344504439085,18.62170631411454,16.45233381844762,3.1664363428477413,31.060668908787786,8063.740815020001,0.9472228163604017,23.93898404072278
24,6,focal,80.0,opm_dense,6,False,16.383689695997184,4.617215651454568,nan,16.383689695997184,4.710669415041235,15.788735643081187,12.629220194502551,3.1664363428477413,16.62035207043455,975.5579612203712,1.0055246072571344,23.93898404072278
24,6,focal,80.0,squid_mag,6,False,6.226886776353519,2.9204884933079485,nan,47.325189582346155,2.9452768322359186,5.149702782579159,4.243452669701558,3.1664363428477413,20.148109173149905,9078.256147460464,0.8382317845206765,23.93898404072278
24,6,focal,80.0,squid_grad,6,False,82.54162048156311,3.5727551386106127,nan,82.54162048156311,3.5126173891665013,9.689034806134114,9.092247647761925,3.1664363428477413,8.747950480377888,9668.04632643545,1.020659093357659,23.93898404072278
25,6,focal,320.0,squid,6,True,9.547687875822392,5.747275647194482,nan,9.547687875822392,6.756455675761461,7.097317738585672,4.135688332642297,3.1664363428477413,36.43169969393009,193.44170235089825,1.0060587054469765,23.93898404072278
25,6,focal,320.0,opm_matched,6,True,10.611608026865639,10.534833461609884,nan,10.611608026865639,11.532920623561074,7.3302289562674,4.464575125392015,3.1664363428477413,60.47288890307615,291.87168567967376,1.3006548440190484,23.93898404072278
25,6,focal,320.0,opm_dense,6,True,13.957407909414467,11.605165288142066,nan,13.957407909414467,12.021565320891217,26.396236471791788,24.863966153046505,3.1664363428477413,32.07122139590693,206.70617916494456,1.5332810832751318,23.93898404072278
25,6,focal,320.0,squid_mag,6,True,10.611608026865639,8.356222409344996,nan,10.611608026865639,9.142502518403274,6.639807565979345,3.7601884896704965,3.1664363428477413,57.792134116449525,265.285436641148,1.2423369387389978,23.93898404072278
25,6,focal,320.0,squid_grad,6,True,4.1425150006929155,5.793654265238816,nan,9.547687875822392,6.198981981346733,8.29611909818796,6.027793694120089,3.1664363428477413,46.516784859972155,311.2531837499542,0.9419418771018377,23.93898404072278
26,6,patch,80.0,squid,6,False,60.41824714726818,3.6368639467761983,0.0,60.41824714726818,3.490413960610247,22.172837202362366,20.784870726329874,3.1664363428477413,5.6917089274146475,9054.019653741043,0.9103912168276415,23.93898404072278
26,6,patch,80.0,opm_matched,6,False,16.940114221295595,3.053813895233363,0.0,16.940114221295595,3.377216049278826,29.881922570095078,32.386405265680295,3.1664363428477413,7.980460645784687,94880.48872621408,0.9398186695914524,23.93898404072278
26,6,patch,80.0,opm_dense,6,False,32.14980039967174,3.427810994269326,0.0,16.47230562358302,3.792223756540411,24.66907892013617,26.77985423462486,3.1664363428477413,6.562189091853495,10099.117482444888,0.8776296584423693,23.93898404072278
26,6,patch,80.0,squid_mag,6,False,8.502456661635428,4.211728493441678,0.2857142857142857,8.502456661635428,3.9940136106445254,17.8794239320432,16.660250448028666,3.1664363428477413,16.26232873574304,9601.895662493309,0.8571951780803491,23.93898404072278
26,6,patch,80.0,squid_grad,6,False,16.47230562358302,3.7766889995422694,0.0,16.47230562358302,3.7298982339039486,26.256950419354755,24.979761963406595,3.1664363428477413,10.459162730173498,5197.937968619994,0.816307304196503,23.93898404072278
27,6,patch,320.0,squid,6,True,9.547687875822392,5.618064472317243,0.0,9.547687875822392,6.096718175221294,21.903632193031026,20.606795578259973,3.1664363428477413,17.739666441325483,1226.1596010684264,1.0441188311820295,23.93898404072278
27,6,patch,320.0,opm_matched,6,True,6.84009207865917,7.582635889415624,0.14285714285714285,6.4657065744439794,8.155396371615362,24.315237833411782,22.932165663514162,3.1664363428477413,35.03198907924222,633.4419211805229,1.3963744768446509,23.93898404072278
27,6,patch,320.0,opm_dense,6,True,8.746366891062635,7.208634904278858,0.14285714285714285,6.84009207865917,8.782404620116845,28.033667969610818,28.919309707726313,3.1664363428477413,27.937028317842227,795.1619586650226,1.149371943934861,23.93898404072278
27,6,patch,320.0,squid_mag,6,True,8.746366891062635,7.527667014056766,0.14285714285714285,8.746366891062635,8.519443217541957,21.840863434465973,20.388610719835672,3.1664363428477413,39.634048426581224,1065.5633151090815,1.2037420791819509,23.93898404072278
27,6,patch,320.0,squid_grad,6,True,9.547687875822392,5.552349320374615,0.0,9.547687875822392,6.267387357151339,2.629072899409809,2.041485055683833,3.1664363428477413,26.962426583174093,1651.8448216182749,0.8642939342185865,23.93898404072278
28,7,focal,80.0,squid,7,False,67.23742267833931,3.3381642562097427,nan,19.607212275218213,3.357086945905948,11.8599771227818,10.484028244935711,1.8032399398423011,6.732083458199914,24216.84120215518,0.9331500717560758,28.63977872710825
28,7,focal,80.0,opm_matched,7,False,18.478465309876132,4.18825882895102,nan,18.478465309876132,4.355195540980979,9.173893759690438,7.639414436277663,1.8032399398423011,26.493741206153725,12531.49748247233,0.7455875166127864,28.63977872710825
28,7,focal,80.0,opm_dense,7,False,64.6644169072395,3.8839993679424336,nan,18.478465309876132,4.287126248102734,14.755037515097653,13.093701430145368,1.8032399398423011,14.197341891931945,12849.977094668304,0.9205652539525094,28.63977872710825
28,7,focal,80.0,squid_mag,7,False,36.660400515582744,3.688014311810658,nan,65.42202873850204,3.555239279677464,4.168443744880759,4.400850793301033,1.8032399398423011,16.052253027362596,31268.230214163974,1.0748607130385408,28.63977872710825
28,7,focal,80.0,squid_grad,7,False,43.73163699036782,2.768521765453638,nan,43.73163699036782,3.0010361567921393,15.099571290209925,13.42680580712591,1.8032399398423011,8.79148334892089,47890.64050846661,0.8388691934975782,28.63977872710825
29,7,focal,320.0,squid,7,True,8.549137195637934,7.087844016499391,nan,8.549137195637934,7.437893969480654,4.842130965759838,5.4544976423012725,1.8032399398423011,34.145688370630005,1394.3807260633112,1.0407923233025198,28.63977872710825
29,7,focal,320.0,opm_matched,7,True,12.115691358880031,10.514824095070113,nan,12.115691358880031,10.0506168107307,7.750256615300355,8.78725210422505,1.8032399398423011,58.26779456359675,923.7725502102173,1.2755198613256349,28.63977872710825
29,7,focal,320.0,opm_dense,7,True,6.6661834895282235,10.479032156153954,nan,6.6661834895282235,11.334775165775676,2.4727967682847254,2.603743930896203,1.8032399398423011,50.31450543510052,306.307401216442,1.211504552207096,28.63977872710825
29,7,focal,320.0,squid_mag,7,True,8.549137195637934,9.789433174693858,nan,8.549137195637934,11.015792058454089,5.184580795692786,5.8450478760061735,1.8032399398423011,55.77172642442553,1692.103382481369,1.232573974455517,28.63977872710825
29,7,focal,320.0,squid_grad,7,True,18.478465309876132,6.722968043006484,nan,18.478465309876132,6.563780358010512,8.053177446598072,7.175567557763494,1.8032399398423011,33.29966952439682,3379.18068130686,1.048825408617931,28.63977872710825
30,7,patch,80.0,squid,7,False,49.159929898822554,4.227166002792898,0.0,49.159929898822554,3.91832221644766,51.50368661885015,49.709630740380454,1.8032399398423011,4.686982392199469,57582.77832252458,0.8631577402298363,28.63977872710825
30,7,patch,80.0,opm_matched,7,False,53.991459466346264,3.715534254297079,0.0,68.59857778812156,3.3025281213132835,77.4445532680423,77.1305395750459,1.8032399398423011,11.30296018537057,22853.36490827061,0.9825161523889853,28.63977872710825
30,7,patch,80.0,opm_dense,7,False,51.350365151364635,4.0167180602243455,0.0,51.350365151364635,4.077933974555613,56.22499628559348,55.55813607718301,1.8032399398423011,9.860841504593253,10486.17669074324,0.8633599526841345,28.63977872710825
30,7,patch,80.0,squid_mag,7,False,51.695577261896936,3.8761911260828907,0.0,59.267531388501595,3.930906918048744,52.17459659245526,50.38135243845003,1.8032399398423011,12.274952635475273,46337.052144052555,0.9890484777737847,28.63977872710825
30,7,patch,80.0,squid_grad,7,False,36.244148113487064,3.292345486118009,0.0,36.244148113487064,3.2402446296774268,75.11758685510591,73.48495510987115,1.8032399398423011,6.330509319853488,65801.93225070047,0.7668340441004675,28.63977872710825
31,7,patch,320.0,squid,7,True,18.478465309876132,4.349350935456068,0.0,43.83666440047498,4.07937506690173,6.1558517347390325,7.819992915689208,1.8032399398423011,33.05651712360791,1636.8873483993102,0.8731746525279448,28.63977872710825
31,7,patch,320.0,opm_matched,7,True,12.115691358880031,9.683474408254614,0.4,12.115691358880031,10.41514367607612,12.873921012638647,13.674013920406592,1.8032399398423011,56.48432328873486,2921.8585733851264,1.0031718376985597,28.63977872710825
31,7,patch,320.0,opm_dense,7,True,12.115691358880031,8.748006628372302,0.6,11.95738086559434,9.54825382474149,14.895127437128599,16.212871095240597,1.8032399398423011,49.783536006667404,333.13183634422495,0.9311733393062984,28.63977872710825
31,7,patch,320.0,squid_mag,7,True,12.115691358880031,6.277170872512332,0.4,12.115691358880031,6.5511661864881185,3.9140353996691353,5.6356800639718,1.8032399398423011,58.16268137147736,2486.1611067655035,0.823010559923695,28.63977872710825
31,7,patch,320.0,squid_grad,7,True,15.357872317913134,4.64064925338318,0.0,18.478465309876132,4.511505716312352,9.072820592393759,10.679411970203958,1.8032399398423011,34.14057013785402,3040.755120345574,0.9252846791748252,28.63977872710825
32,8,focal,80.0,squid,0,True,93.78391645524475,3.944733745527348,nan,93.78391645524475,3.5864693516823736,8.69440999722403,10.216625591999268,4.632986370790921,10.214699105747448,3796.325504268292,0.8512291755612104,28.883724999860892
32,8,focal,80.0,opm_matched,0,True,9.492470361501478,5.224816620030788,nan,9.492470361501478,5.498492636902503,4.427797327218028,3.8358175249330397,4.632986370790921,29.6528721878562,3844.8571847478843,0.938169549870686,28.883724999860892
32,8,focal,80.0,opm_dense,0,True,15.908986183517424,4.36411169369156,nan,8.086040829910138,4.203331975646111,2.881252121334841,2.8807508916030686,4.632986370790921,11.58771623734442,1567.9834650925193,1.2785656037838942,28.883724999860892
32,8,focal,80.0,squid_mag,0,True,9.492470361501478,4.486879039217786,nan,9.492470361501478,4.650201035865297,5.152536671663768,5.959897504846568,4.632986370790921,24.192961200638198,5742.258954007316,0.8666919812604474,28.883724999860892
32,8,focal,80.0,squid_grad,0,True,97.97859777405387,4.158062795542223,nan,97.97859777405387,4.148144245869272,8.09737524889076,7.821635935165997,4.632986370790921,10.251091683359387,8340.721602879283,0.838978153439058,28.883724999860892
33,8,focal,320.0,squid,0,True,10.844685129198808,11.690287563826901,nan,10.844685129198808,11.458191687843653,4.049252078068191,0.6314370019701233,4.632986370790921,57.80466455532854,41.485606502579294,1.0848607610469416,28.883724999860892
33,8,focal,320.0,opm_matched,0,True,6.598085839753756,17.35369042512556,nan,12.106748869445815,17.759374724224266,5.029204032351869,1.446675719229921,4.632986370790921,85.9950823121406,43.910929600884266,0.9722638488948288,28.883724999860892
33,8,focal,320.0,opm_dense,0,True,6.598085839753756,15.81210798231005,nan,6.598085839753756,15.808025666130888,3.8486427175522424,1.4615937245836115,4.632986370790921,74.04787171448586,18.264294602927635,1.0847610855108907,28.883724999860892
33,8,focal,320.0,squid_mag,0,True,15.908986183517424,15.932671830355556,nan,10.844685129198808,15.632137064846399,4.876158643268019,0.7657305989654202,4.632986370790921,78.78751915679634,55.91267606467018,1.2075974306286592,28.883724999860892
33,8,focal,320.0,squid_grad,0,True,10.844685129198808,12.353669314270718,nan,10.844685129198808,12.308575288192129,4.4554515324462,0.6921729435123272,4.632986370790921,64.44592696646441,66.22631930775842,1.0589856819825414,28.883724999860892
34,8,patch,80.0,squid,0,False,8.086040829910138,3.9668515426352893,0.0,8.086040829910138,3.8929913365534947,9.877229872782289,8.897683773533586,4.632986370790921,5.457408254817117,5274.313086777174,0.9096074250751202,28.883724999860892
34,8,patch,80.0,opm_matched,0,False,16.604751833254216,4.248044310203976,0.0,16.604751833254216,4.309431209738982,13.520147281637787,10.815573044865323,4.632986370790921,18.844746920511827,5763.727805816687,0.9501877948383667,28.883724999860892
34,8,patch,80.0,opm_dense,0,False,5.573496686094721,4.7302503599863925,0.0,5.573496686094721,4.60181740431383,13.790599625982654,16.25834081039957,4.632986370790921,11.428159789701066,2651.3236893193925,0.9132402658016572,28.883724999860892
34,8,patch,80.0,squid_mag,0,False,81.68891145043426,3.1154667280190766,0.0,81.68891145043426,3.109749008595718,21.634796849568218,25.283014861765857,4.632986370790921,13.938754793375166,27092.271637764123,0.7938097302899831,28.883724999860892
34,8,patch,80.0,squid_grad,0,False,63.761740068756914,3.2009533754957116,0.0,63.761740068756914,3.1613199883780867,12.843966951373146,11.339070185628472,4.632986370790921,6.184992680476599,12738.850050732703,0.8955105152275674,28.883724999860892
35,8,patch,320.0,squid,0,True,10.844685129198808,8.678069334510422,0.0,10.844685129198808,7.8976313897382,2.321686118365024,4.827923831422298,4.632986370790921,39.09375963112079,182.5776549100393,1.0362798586137085,28.883724999860892
35,8,patch,320.0,opm_matched,0,True,8.086040829910138,12.098436652526306,0.0,8.086040829910138,13.068251109738265,2.7370245804963464,6.1734353319852415,4.632986370790921,77.58283101314805,222.60772056391932,0.7694141106740208,28.883724999860892
35,8,patch,320.0,opm_dense,0,True,10.844685129198808,9.733370418260558,0.2,10.844685129198808,9.469005682987158,2.225941199528062,4.661792510099255,4.632986370790921,58.80995759889803,73.82662525850435,0.9658794851253835,28.883724999860892
35,8,patch,320.0,squid_mag,0,True,10.844685129198808,10.743306400362293,0.2,5.573496686094721,10.135438339676666,2.6173142817483064,5.755434729020803,4.632986370790921,67.1288879989445,319.5740475472822,0.9465154832062059,28.883724999860892
35,8,patch,320.0,squid_grad,0,True,10.844685129198808,9.13286489564421,0.2,10.844685129198808,8.650757402929237,1.9364213512014328,3.500457385107541,4.632986370790921,43.67164078846622,348.4084811445797,0.9330826016517403,28.883724999860892
36,9,focal,80.0,squid,1,False,79.75732563717452,3.4862541378560303,nan,79.75732563717452,3.4755443076795958,11.352370420894076,8.890714445523873,2.5792849483002764,5.050264891747969,50523.25732522134,1.004133596076697,22.660201776718246
36,9,focal,80.0,opm_matched,1,False,15.408148411569476,3.5678591459963136,nan,19.5579639677608,3.7660705622474944,8.228451606254485,6.596888960027762,2.5792849483002764,19.15754208805925,102634.96216241186,0.9994125843935037,22.660201776718246
36,9,focal,80.0,opm_dense,1,True,40.47149127489172,4.100851133889871,nan,40.47149127489172,4.13992502086374,13.514120715866861,14.243989075344933,2.5792849483002764,10.637260909507992,27631.95051937966,0.9937098518781585,22.660201776718246
36,9,focal,80.0,squid_mag,1,False,20.939059054086226,3.6243349056883254,nan,20.939059054086226,3.4257346909124324,14.186810513050837,12.344275357199264,2.5792849483002764,12.998248982363988,42076.183129350895,1.0470255815072316,22.660201776718246
36,9,focal,80.0,squid_grad,1,False,46.136369883795766,3.251457325765982,nan,46.136369883795766,3.228440671842144,56.797500043569684,55.14746168599727,2.5792849483002764,5.12391614143415,24184.094396541135,0.900292993994512,22.660201776718246
37,9,focal,320.0,squid,1,True,19.830055675507108,6.488536859346334,nan,19.830055675507108,6.296496751449879,14.938318203304677,13.533908989565315,2.5792849483002764,25.51255753990464,4251.901199722406,1.0811351655082924,22.660201776718246
37,9,focal,320.0,opm_matched,1,True,19.830055675507108,9.736120263515614,nan,19.830055675507108,10.0301980732902,15.216588703816841,13.749604634731874,2.5792849483002764,63.785047175801246,2617.986252082536,0.9195590639577786,22.660201776718246
37,9,focal,320.0,opm_dense,1,True,20.939059054086226,9.537362890116954,nan,20.939059054086226,10.14572529013989,12.802972456442424,11.23608528931505,2.5792849483002764,44.55537439331154,2235.4034336690206,1.0855039843635796,22.660201776718246
37,9,focal,320.0,squid_mag,1,True,19.830055675507108,7.839189882005839,nan,19.830055675507108,7.766936487347304,16.953794502282186,15.820865248678363,2.5792849483002764,51.86682396299068,3473.6669803989666,1.0108352867859585,22.660201776718246
37,9,focal,320.0,squid_grad,1,True,20.939059054086226,4.789668130573463,nan,20.939059054086226,4.916751920471609,17.66749792443551,16.484561362048225,2.5792849483002764,18.694958794738184,9733.584956158458,1.050943938663116,22.660201776718246
38,9,patch,80.0,squid,1,False,75.90955546263586,3.088389674438843,0.0,75.90955546263586,3.1446149457934602,82.29530727879315,81.80055867647228,2.5792849483002764,3.7167662364291796,15594.47333248473,0.9672412595825038,22.660201776718246
38,9,patch,80.0,opm_matched,1,False,72.79430281900972,3.8307184979323146,0.0,72.79430281900972,3.9012426529246027,82.52163386342812,81.84544347058964,2.5792849483002764,19.868047389002495,9173.246461974739,0.8178556170478845,22.660201776718246
38,9,patch,80.0,opm_dense,1,False,80.71826809406888,3.8956199332757033,0.0,80.71826809406888,3.8597480988180077,77.20510223691173,76.77666382872458,2.5792849483002764,9.264944949294408,3778.9812113402822,0.9804783452701527,22.660201776718246
38,9,patch,80.0,squid_mag,1,False,82.67993646728483,3.2552216693309015,0.0,82.67993646728483,2.959657275159572,89.43993340943491,89.14646557605933,2.5792849483002764,10.723068005117389,27615.543002309416,0.811416561866922,22.660201776718246
38,9,patch,80.0,squid_grad,1,False,67.64483977672941,4.159750955063852,0.0,67.64483977672941,4.209092833841144,83.90798845118103,83.28759882886246,2.5792849483002764,10.18555629335217,7605.860633158488,0.8895957156644472,22.660201776718246
39,9,patch,320.0,squid,1,True,20.612981655877903,4.210948775812542,0.0,20.612981655877903,4.033590211860285,28.467470929415803,26.848624822835987,2.5792849483002764,8.06128743095621,25818.584649003158,1.03020815332803,22.660201776718246
39,9,patch,320.0,opm_matched,1,True,56.55008329865424,4.64436320139373,0.0,56.55008329865424,4.759202823640987,10.030624367040652,7.593524538245885,2.5792849483002764,19.30122355472576,55777.700777853795,1.132256622326358,22.660201776718246
39,9,patch,320.0,opm_dense,1,True,17.900378625155827,3.9280785673581122,0.0,17.900378625155827,3.688747762369514,53.15701172698849,54.52067313428173,2.5792849483002764,10.435763647963455,5861.5842933190825,1.109696026858857,22.660201776718246
39,9,patch,320.0,squid_mag,1,True,25.25471954626568,4.516424423844981,0.0,25.25471954626568,4.599414999793423,26.546954196697314,24.93419483904006,2.5792849483002764,17.4663132560314,70953.54233352265,1.2434742820970661,22.660201776718246
39,9,patch,320.0,squid_grad,1,False,69.68626743040005,3.6273986836240724,0.0,69.68626743040005,3.60195366396939,60.537992529039364,62.130040070274624,2.5792849483002764,8.713673480160168,28412.456663679914,0.9112973749879295,22.660201776718246
40,10,focal,80.0,squid,2,True,25.364733715092463,4.202517267218193,nan,9.16522501671454,4.549266201297979,1.3203610734289137,3.9661125437252496,4.794441801853017,9.910391312684434,3690.716174393581,1.085059522768872,24.09252050409203
40,10,focal,80.0,opm_matched,2,True,3.308858073036394,4.660759263085401,nan,3.308858073036394,4.886329265991765,4.562745576186204,2.8333005154831716,4.794441801853017,20.386116961967566,4701.907357574564,1.116552711953379,24.09252050409203
40,10,focal,80.0,opm_dense,2,True,3.308858073036394,5.045922720002936,nan,3.308858073036394,5.379528122842384,4.669518771946898,0.5403693030093675,4.794441801853017,18.460009817855095,2241.914055409967,0.902919261051945,24.09252050409203
40,10,focal,80.0,squid_mag,2,True,3.308858073036394,4.832947487533851,nan,3.308858073036394,4.920580997095138,3.6118876903506347,1.3708326738152534,4.794441801853017,24.274709834474717,5005.658758364582,0.9811014076992456,24.09252050409203
40,10,focal,80.0,squid_grad,2,True,3.308858073036394,4.009126819770986,nan,3.308858073036394,4.1096885005434585,4.465294161320259,9.041397470492726,4.794441801853017,13.040612932425699,4631.629948857733,1.0778554464470131,24.09252050409203
41,10,focal,320.0,squid,2,True,10.19077500598828,13.457713981485586,nan,10.19077500598828,14.499135716079676,7.0491786234183476,2.345117171140045,4.794441801853017,61.76273465522023,64.0074681860278,1.0601386574401745,24.09252050409203
41,10,focal,320.0,opm_matched,2,True,3.308858073036394,19.8126643674834,nan,3.308858073036394,20.786133971052333,6.108183755712083,1.3978353329823932,4.794441801853017,82.14039854675667,46.14252097234123,1.2448682383961112,24.09252050409203
41,10,focal,320.0,opm_dense,2,True,3.308858073036394,21.796494896784836,nan,3.308858073036394,23.048258216332037,6.354954136521858,1.6635980145773916,4.794441801853017,76.43934124420386,25.125284757424236,1.2074198741999427,24.09252050409203
41,10,focal,320.0,squid_mag,2,True,3.308858073036394,17.452342229235196,nan,3.308858073036394,18.507091428472368,6.582983781890492,2.277956808858585,4.794441801853017,80.07854315016576,74.29733067023045,1.205384271142938,24.09252050409203
41,10,focal,320.0,squid_grad,2,True,10.19077500598828,14.607947763198823,nan,10.19077500598828,15.414951311219221,7.889772853011388,3.388684327049873,4.794441801853017,68.43995679420456,107.5330280447715,1.0993002943971095,24.09252050409203
42,10,patch,80.0,squid,2,True,40.02487781876388,4.365238769781281,0.0,40.02487781876388,4.448143897459873,8.31363965024858,4.501370731690266,4.794441801853017,11.737477132870874,4464.576338843292,0.8896891080174588,24.09252050409203
42,10,patch,80.0,opm_matched,2,True,10.19077500598828,5.667536109322884,0.2,5.047754377210393,5.889056229696778,10.32347361314797,6.192016040075251,4.794441801853017,35.5716654011526,2267.7738641160327,0.952154779556514,24.09252050409203
42,10,patch,80.0,opm_dense,2,True,10.19077500598828,5.5605973846350345,0.2,5.047754377210393,5.730778226861456,11.13419516116934,7.09912855707183,4.794441801853017,21.481130670551142,1127.949855446738,1.0734342080697148,24.09252050409203
42,10,patch,80.0,squid_mag,2,True,10.19077500598828,4.920298180777745,0.2,10.19077500598828,5.100463841956143,8.173204670938768,4.1386797821624555,4.794441801853017,28.667512077924183,4468.185232866311,0.8852286406167028,24.09252050409203
42,10,patch,80.0,squid_grad,2,True,38.30404801164638,4.166782221031913,0.0,38.30404801164638,4.264033541963542,5.920951649563744,4.037365747238524,4.794441801853017,15.731485425953714,6483.094385757941,0.8810179730559432,24.09252050409203
43,10,patch,320.0,squid,2,True,9.16522501671454,14.27462531743535,0.2,9.16522501671454,14.689601794889063,8.872524057902769,4.426078033759597,4.794441801853017,54.62427868667539,129.41223125902297,1.0667307577016771,24.09252050409203
43,10,patch,320.0,opm_matched,2,True,10.19077500598828,17.11565365798824,0.2,10.19077500598828,17.618232137108688,9.52402523410526,4.905126388000197,4.794441801853017,78.03476564966884,97.25255005801596,1.262513030685043,24.09252050409203
43,10,patch,320.0,opm_dense,2,True,10.19077500598828,18.591294967699675,0.2,10.19077500598828,19.841325002341165,9.613974649866574,5.096371025686638,4.794441801853017,73.00990195597818,45.37601768334249,1.082125668318055,24.09252050409203
43,10,patch,320.0,squid_mag,2,True,9.16522501671454,14.687216946275688,0.2,3.308858073036394,15.323289086141456,9.873641046988626,5.230234513882975,4.794441801853017,73.07725624783585,178.48612446928547,1.3111951296623914,24.09252050409203
43,10,patch,320.0,squid_grad,2,True,9.16522501671454,13.331072715742263,0.2,9.16522501671454,13.682999054023725,9.10004337813461,4.781030086565241,4.794441801853017,62.94290130972925,213.84293976880448,1.0224994150595488,24.09252050409203
44,11,focal,80.0,squid,3,True,13.491180522006372,6.359306635662455,nan,9.091683237005627,6.669849969792799,2.432288881744371,2.153935034145871,1.8072949739039403,18.359350078819723,759.4320270731565,0.9280528975005427,24.936046498358838
44,11,focal,80.0,opm_matched,3,True,5.0071007005391355,7.632788863089544,nan,5.0071007005391355,8.001668520529151,2.463145894887401,2.314181459911495,1.8072949739039403,46.3249562791111,738.2058555002794,0.8512899889706478,24.936046498358838
44,11,focal,80.0,opm_dense,3,True,13.491180522006372,7.261904661917559,nan,9.091683237005627,6.834395206022011,4.040585200280011,3.413981402862222,1.8072949739039403,26.474769875845837,466.9508020051801,1.0313912356924382,24.936046498358838
44,11,focal,80.0,squid_mag,3,True,13.491180522006372,7.572511796066762,nan,5.0071007005391355,7.228583780857232,2.20847410888105,2.077880421140618,1.8072949739039403,39.55860125463417,1233.5919101321076,0.8787579344864389,24.936046498358838
44,11,focal,80.0,squid_grad,3,True,13.491180522006372,6.069956115994978,nan,5.0071007005391355,6.376492479657629,2.1234187968507627,2.768512144640542,1.8072949739039403,23.57481587985554,1268.3234450495227,0.9658186954425861,24.936046498358838
45,11,focal,320.0,squid,3,True,9.091683237005627,19.734089289695657,nan,9.091683237005627,21.03766041699182,1.5135313011420821,0.49454064596869435,1.8072949739039403,75.94372654196802,14.270680831177357,0.9513409921305008,24.936046498358838
45,11,focal,320.0,opm_matched,3,True,5.0071007005391355,26.680948762771273,nan,5.0071007005391355,27.92519123479309,1.7069161337367493,0.928964267643038,1.8072949739039403,93.39214919007037,15.516862361768128,0.6625514054828453,24.936046498358838
45,11,focal,320.0,opm_dense,3,True,5.0071007005391355,27.833908848300293,nan,5.0071007005391355,28.96966087213278,1.6703020038695602,0.5041581453314928,1.8072949739039403,85.5672028939098,5.638377348367423,1.103653806484229,24.936046498358838
45,11,focal,320.0,squid_mag,3,True,13.491180522006372,24.849109554485437,nan,5.0071007005391355,26.061734666576744,1.594932200740812,0.9879816560388356,1.8072949739039403,89.00635176069412,26.60972256426213,0.9642620706264121,24.936046498358838
45,11,focal,320.0,squid_grad,3,True,9.091683237005627,21.030730094985778,nan,9.091683237005627,22.085469081633395,1.2108431435703726,0.5996443978722316,1.8072949739039403,81.34789847402155,28.824111272943213,0.9218135426197062,24.936046498358838
46,11,patch,80.0,squid,3,True,5.0071007005391355,4.348967194569162,0.5,5.0071007005391355,4.451124128072991,5.126716600398569,5.93413520325557,1.8072949739039403,11.23547309332213,1842.5119612617905,0.8808500514773189,24.936046498358838
46,11,patch,80.0,opm_matched,3,True,5.0071007005391355,4.5435118347237795,0.16666666666666666,5.0071007005391355,4.459058790184462,7.353645732084517,8.75812879951747,1.8072949739039403,22.603365950596626,5542.640854003922,0.9145306884730152,24.936046498358838
46,11,patch,80.0,opm_dense,3,True,5.0071007005391355,4.62065650280838,0.3333333333333333,5.0071007005391355,4.410971394416239,1.1421317377135645,2.03043766456266,1.8072949739039403,17.28243142530249,960.9493172494269,0.9279035417125836,24.936046498358838
46,11,patch,80.0,squid_mag,3,True,5.0071007005391355,4.601253236196556,0.5,5.0071007005391355,4.586965979917582,3.7838171851352325,5.360290508206885,1.8072949739039403,25.635398255184693,5444.138318246145,0.8006533595693165,24.936046498358838
46,11,patch,80.0,squid_grad,3,True,9.876069195824444,3.9828709065955117,0.3333333333333333,9.876069195824444,3.8702779114024315,7.868949925417947,8.213673689475968,1.8072949739039403,13.70189300192892,3674.2725242051733,0.8822391656064706,24.936046498358838
47,11,patch,320.0,squid,3,True,5.0071007005391355,13.186303966121164,0.3333333333333333,5.0071007005391355,14.033576758551797,4.510135669409275,3.8530089393536886,1.8072949739039403,56.19410778127926,50.08448297174205,0.954378851471923,24.936046498358838
47,11,patch,320.0,opm_matched,3,True,5.0071007005391355,17.019570750783092,0.3333333333333333,5.0071007005391355,17.15821204097066,5.816131959973973,4.811478371204806,1.8072949739039403,76.82257176429394,97.77915372524733,1.1408971235713905,24.936046498358838
47,11,patch,320.0,opm_dense,3,True,5.0071007005391355,17.767203402756294,0.3333333333333333,5.0071007005391355,17.877428462370176,4.890662147613168,4.008918678436587,1.8072949739039403,71.21876432797822,19.869674668126112,1.0263961398862786,24.936046498358838
47,11,patch,320.0,squid_mag,3,True,5.0071007005391355,16.782614893933253,0.5,5.0071007005391355,17.1847248787591,4.802672922941155,4.28082145997242,1.8072949739039403,76.71351109862799,91.87113533590649,1.0039156893643486,24.936046498358838
47,11,patch,320.0,squid_grad,3,True,9.091683237005627,13.129081557910059,0.3333333333333333,9.091683237005627,13.884105532118333,5.5269790482297765,4.768286662247338,1.8072949739039403,61.57372462927134,102.97788086223731,0.947341475807524,24.936046498358838
48,12,focal,80.0,squid,4,False,6.400649747637517,4.087075420189087,nan,6.400649747637517,4.153047388511307,4.894101985993044,5.0779105636935755,1.3995218852223177,5.9549823744817525,14990.576725062865,0.9502323885205669,36.93798886580281
48,12,focal,80.0,opm_matched,4,False,7.506813987468178,5.03268330264145,nan,6.400649747637517,5.147832557483516,4.403579081526153,5.406459032997254,1.3995218852223177,26.422221537401118,3016.001963879312,0.9635512946779691,36.93798886580281
48,12,focal,80.0,opm_dense,4,False,11.7814569107859,4.8535824554703675,nan,11.7814569107859,4.742479951054019,13.067891931960144,12.755694638556196,1.3995218852223177,13.403442491361012,15186.536220503776,0.8731573998569103,36.93798886580281
48,12,focal,80.0,squid_mag,4,False,11.7814569107859,4.017868999402408,nan,7.506813987468178,3.8476835628109454,8.055529613957255,7.9501773447893385,1.3995218852223177,16.116485508663427,17921.800148839644,1.0224695849095617,36.93798886580281
48,12,focal,80.0,squid_grad,4,False,120.01829603804404,3.3189274577514154,nan,120.01829603804404,3.29301759624582,8.213674305397099,9.223063911178773,1.3995218852223177,8.002412396051932,16205.491995034423,0.8477065764588534,36.93798886580281
49,12,focal,320.0,squid,4,True,53.013796359224955,6.922635617022897,nan,10.231732125932753,7.28679293321912,27.583506954559898,26.87929254481946,1.3995218852223177,22.878532140081273,1846.6817201715075,1.2393507293473356,36.93798886580281
49,12,focal,320.0,opm_matched,4,True,10.231732125932753,8.997424519402037,nan,10.231732125932753,9.956839835603244,17.348096893249565,16.59020244469292,1.3995218852223177,43.221978101563685,938.2753250600335,1.684313983819836,36.93798886580281
49,12,focal,320.0,opm_dense,4,True,12.272958964226776,8.754040278364943,nan,12.272958964226776,9.67392538514845,14.230941306525413,13.524398356646788,1.3995218852223177,33.25934012188314,633.6990407496663,1.4386960938429283,36.93798886580281
49,12,focal,320.0,squid_mag,4,True,10.231732125932753,8.543601367961784,nan,10.231732125932753,9.064774203581157,19.549169619034455,18.87070649894748,1.3995218852223177,38.35518720443361,1860.1561988184126,1.6586199822297691,36.93798886580281
49,12,focal,320.0,squid_grad,4,True,11.7814569107859,5.5230791271982005,nan,10.231732125932753,5.754957431725995,16.964674234407056,16.341349348041703,1.3995218852223177,24.34644807522049,3872.1915413738816,1.1529484294225973,36.93798886580281
50,12,patch,80.0,squid,4,False,35.915136318713046,3.4148927748019773,0.0,35.915136318713046,3.522072253067558,112.52150143794127,111.58665774303377,1.3995218852223177,4.879227302857478,7301.922578792646,0.9995292929366099,36.93798886580281
50,12,patch,80.0,opm_matched,4,False,5.268741855623661,3.25530802980808,0.4,14.65533681810088,3.308114197851554,24.47573540126426,24.31810584355962,1.3995218852223177,13.640765833286247,42978.32662359249,0.8493211852796069,36.93798886580281
50,12,patch,80.0,opm_dense,4,False,109.04070090312861,3.2537990318339727,0.0,109.04070090312861,3.1058499919475815,114.95682321314594,114.13870831221875,1.3995218852223177,6.564066775458801,8022.036446092174,0.9118894411022126,36.93798886580281
50,12,patch,80.0,squid_mag,4,False,54.38533426017452,3.21734545564305,0.0,54.38533426017452,3.05626123056617,112.1212059087286,111.17687120497901,1.3995218852223177,14.174742702499621,8399.088952664619,0.9729610705752475,36.93798886580281
50,12,patch,80.0,squid_grad,4,False,62.4960135270225,3.2155601769136206,0.0,62.4960135270225,3.145165416214979,109.34558864489884,108.44769452911122,1.3995218852223177,6.15835220821094,14749.287376571909,0.9085984684713289,36.93798886580281
51,12,patch,320.0,squid,4,True,6.400649747637517,4.726357691654878,0.0,6.400649747637517,3.824715935670246,7.830113365870755,8.633625915190056,1.3995218852223177,13.703623343553318,3448.9919063471084,1.045126321431478,36.93798886580281
51,12,patch,320.0,opm_matched,4,True,15.151065247804311,4.994082644568662,0.0,15.151065247804311,5.256909721015301,6.738014680284679,6.8768103165648595,1.3995218852223177,33.76043614714052,2669.280965772777,1.1928424212501711,36.93798886580281
51,12,patch,320.0,opm_dense,4,True,6.400649747637517,6.633179834058928,0.2,6.400649747637517,6.537651748923961,3.885903723610188,4.565706051008843,1.3995218852223177,25.349479167291623,1408.0064929764442,1.1103616288362164,36.93798886580281
51,12,patch,320.0,squid_mag,4,True,6.400649747637517,5.92209031071568,0.0,6.400649747637517,5.853159770493628,7.7868950670617805,8.564626009470423,1.3995218852223177,29.98812770627858,4267.757170080365,1.0649494405706792,36.93798886580281
51,12,patch,320.0,squid_grad,4,True,69.93017669806862,3.6324031057125086,0.0,69.93017669806862,3.796742804168911,10.864267362789294,11.759848288415824,1.3995218852223177,14.052859580097104,11313.018203852851,1.0887881270408406,36.93798886580281
52,13,focal,80.0,squid,5,False,38.50349518653674,3.4538901360339964,nan,38.50349518653674,3.655780287398864,84.65191016279928,83.7374955296373,2.6593394967380295,2.684460958530568,62874.0670795428,0.9343310408600013,35.96303626386888
52,13,focal,80.0,opm_matched,5,False,42.43276149590967,3.1879673010499623,nan,47.73152166993648,3.066242628479546,46.41183520367887,47.74042582075337,2.6593394967380295,15.491982209042684,32530.82123414019,0.7914580076323172,35.96303626386888
52,13,focal,80.0,opm_dense,5,False,25.367588956394354,3.233859792214409,nan,95.1797677257746,3.0861148696000655,20.818587316480308,22.6548082387664,2.6593394967380295,6.011048390804475,33448.40470179692,0.901893939849605,35.96303626386888
52,13,focal,80.0,squid_mag,5,False,86.17617727927008,3.328682574385865,nan,52.87700729065099,3.176754835220219,29.300260675333334,28.284307226624563,2.6593394967380295,6.236074638228024,664082.3285884322,1.112104482025833,35.96303626386888
52,13,focal,80.0,squid_grad,5,False,51.204307855298474,3.289432371793331,nan,78.36517061295345,3.2793714838857704,69.38733051284055,67.63862621713778,2.6593394967380295,5.483005464998353,27945.493317086577,0.8126416789360792,35.96303626386888
53,13,focal,320.0,squid,5,True,51.86534901370773,5.009372358872185,nan,51.86534901370773,4.972973118479284,43.58091478719466,42.97295944798395,2.6593394967380295,4.297421901870507,24469.440324160805,1.0761383696314695,35.96303626386888
53,13,focal,320.0,opm_matched,5,False,69.34966143582056,3.2033120767619656,nan,72.21589618851917,3.1889640949788354,6.580685069232121,8.217805508651216,2.6593394967380295,14.708089289114398,25960.09856890689,0.9531588223736757,35.96303626386888
53,13,focal,320.0,opm_dense,5,True,7.619893356056552,4.197878134127444,nan,7.619893356056552,4.007783242458223,38.61560325442554,38.82404786920373,2.6593394967380295,11.012755251867896,13246.919489548733,1.0728097359222575,35.96303626386888
53,13,focal,320.0,squid_mag,5,False,95.56696652102127,4.628926613645222,nan,11.255760938313205,4.253156419316678,51.361521267491874,50.51196934447921,2.6593394967380295,25.371396814003315,28488.88899899843,0.8967432961321495,35.96303626386888
53,13,focal,320.0,squid_grad,5,False,62.647999886429645,3.932607065402657,nan,62.647999886429645,3.7154953206291443,71.1628825686175,70.14721706201072,2.6593394967380295,5.373291682941218,46065.51896384433,0.955091040499811,35.96303626386888
54,13,patch,80.0,squid,5,False,77.92681052626128,3.3060497339717885,0.0,77.92681052626128,3.2923450912538064,32.673834164704616,30.05535500344065,2.6593394967380295,6.619227441556329,32241.237527659778,0.9090768153811043,35.96303626386888
54,13,patch,80.0,opm_matched,5,False,53.56524799239658,3.7711898110044557,0.0,53.56524799239658,3.9621623712442995,57.0050089295582,54.44371629708366,2.6593394967380295,16.910372229039872,70957.5036691179,0.9345263829812751,35.96303626386888
54,13,patch,80.0,opm_dense,5,False,11.141423977921919,3.012458366388416,0.0,11.141423977921919,3.4032540135861447,92.46535910898423,90.1836615090479,2.6593394967380295,9.209567575576944,9385.613975453618,0.8013002214260464,35.96303626386888
54,13,patch,80.0,squid_mag,5,False,99.60061334794995,3.1125724698514556,0.0,99.60061334794995,3.2086860623263864,49.19348872646486,46.699585170555764,2.6593394967380295,17.453233890813458,65610.02171440855,0.8096191280818501,35.96303626386888
54,13,patch,80.0,squid_grad,5,False,48.05789811483872,3.309246006509141,0.0,48.05789811483872,3.2968674528128217,31.706953187597612,29.05813246889472,2.6593394967380295,8.079429344533319,94931.5368028436,0.9686384252341518,35.96303626386888
55,13,patch,320.0,squid,5,True,50.130907674183554,3.998378570796109,0.0,50.130907674183554,4.238540585894765,50.309003492329644,48.14850968328455,2.6593394967380295,4.448287347294827,18366.62784719004,1.0078115944453636,35.96303626386888
55,13,patch,320.0,opm_matched,5,True,66.90608509918071,3.577812041664091,0.0,11.672699850687282,3.8952727701169803,43.55827868774083,41.34474176111508,2.6593394967380295,17.337696069857746,5738.095550255889,1.0133894090813207,35.96303626386888
55,13,patch,320.0,opm_dense,5,True,11.672699850687282,3.142841757081793,0.0,23.575048500838967,3.3309346112462763,47.89220122917722,45.75139101950097,2.6593394967380295,9.710050694884874,11817.024933635372,0.855797442922651,35.96303626386888
55,13,patch,320.0,squid_mag,5,True,72.8158816304902,3.7582304089364906,0.0,11.141423977921919,4.004669708582287,47.58183785981475,45.444453846722915,2.6593394967380295,10.031817696444904,27425.10484476839,1.0528306706165431,35.96303626386888
55,13,patch,320.0,squid_grad,5,False,100.09616552721675,3.234336966903311,0.0,20.574188313686875,3.2845164806753275,75.93250910524445,73.98831681533757,2.6593394967380295,6.009007635405669,40190.6016412116,1.0146007361066054,35.96303626386888
56,14,focal,80.0,squid,6,False,62.93375005764125,3.430287627151971,nan,62.93375005764125,3.26537306799315,67.10981280557839,67.28001148130427,2.2101213197521523,3.8771896088961872,24034.878698912362,1.0546477775259278,41.92778205820203
56,14,focal,80.0,opm_matched,6,False,77.53556966361383,3.4604464392423697,nan,77.53556966361383,3.4100602509714637,63.52297473555063,63.7607681214966,2.2101213197521523,10.934309136301643,23653.5779211619,1.07608759609673,41.92778205820203
56,14,focal,80.0,opm_dense,6,False,77.67425448471553,3.7174241956687983,nan,37.69165827683732,3.605461922963737,33.97546297232823,33.502659137343905,2.2101213197521523,8.077615478853598,3752.906179637081,1.144823737366431,41.92778205820203
56,14,focal,80.0,squid_mag,6,False,80.86215051878519,4.00751485453188,nan,80.86215051878519,3.946121437222307,34.857297711131956,34.8137149235749,2.2101213197521523,11.546717207973293,5201.151553193646,1.1734706908844943,41.92778205820203
56,14,focal,80.0,squid_grad,6,False,106.48389753343677,3.849512781613645,nan,106.48389753343677,3.839701335487866,83.2882528543902,82.42561394646148,2.2101213197521523,4.875391326281473,14146.715217661329,1.0590224856272787,41.92778205820203
57,14,focal,320.0,squid,6,True,30.719129470121487,5.194866684717046,nan,30.719129470121487,5.04239169968744,28.173526166329506,26.4256886123412,2.2101213197521523,11.587919731621385,10994.89799692646,0.9375621915967116,41.92778205820203
57,14,focal,320.0,opm_matched,6,True,3.478972079149179,6.179693775778041,nan,9.79415021693813,6.50498343343646,32.01099771046165,30.214515511244745,2.2101213197521523,29.4734010022001,9084.80046283026,1.0510209682749398,41.92778205820203
57,14,focal,320.0,opm_dense,6,True,9.79415021693813,5.401871564563469,nan,9.79415021693813,5.8621195942949385,26.22060558043727,24.33987820422245,2.2101213197521523,14.570288642533647,6114.972924882121,1.0763304739706328,41.92778205820203
57,14,focal,320.0,squid_mag,6,True,9.79415021693813,6.335562524421384,nan,9.79415021693813,5.931483914018614,27.691527325705692,25.997303110769273,2.2101213197521523,26.74916591320251,10654.707538221692,1.0433203780707037,41.92778205820203
57,14,focal,320.0,squid_grad,6,True,9.482390826350379,4.15748291385735,nan,9.482390826350379,4.455326175639239,19.054687329378993,17.417752708632786,2.2101213197521523,12.906933796507142,24449.642394806786,0.9716922289445681,41.92778205820203
58,14,patch,80.0,squid,6,False,64.76773587655295,3.822257510727034,0.0,64.76773587655295,3.888988452026029,32.59368993368475,30.749988828904193,2.2101213197521523,3.596941593822574,36351.31974466688,1.0170375779040128,41.92778205820203
58,14,patch,80.0,opm_matched,6,False,60.58689363401468,3.1992445581930107,0.0,60.58689363401468,3.039197328618675,81.80432154167958,82.69672152916118,2.2101213197521523,11.127573775411113,24663.39757970458,0.8396660939813618,41.92778205820203
58,14,patch,80.0,opm_dense,6,False,19.95109576109913,3.405320390520955,0.2,27.765922847109465,3.31860274101528,28.274038616771897,26.773936947691865,2.2101213197521523,6.586237192375141,32356.991012519484,0.8574457082312652,41.92778205820203
58,14,patch,80.0,squid_mag,6,False,49.98926328309864,3.519825558669788,0.0,49.98926328309864,3.538638777901987,26.372638433614473,24.484896714651654,2.2101213197521523,10.646136519180999,25877.796494298815,0.9564424955298025,41.92778205820203
58,14,patch,80.0,squid_grad,6,False,107.85707367048727,2.949523840813188,0.0,107.85707367048727,2.9845541230035124,39.027638079493066,40.04216265164947,2.2101213197521523,4.481749262907471,29462.511129361665,0.9605364888152982,41.92778205820203
59,14,patch,320.0,squid,6,True,48.29898088876841,3.860062916606894,0.0,39.936491804922404,3.522775147814207,38.17704343428279,36.23575051309535,2.2101213197521523,4.715344083854713,23611.50290163517,1.0192877685522983,41.92778205820203
59,14,patch,320.0,opm_matched,6,True,14.849212977209639,4.568654043308132,0.2,11.095802311885521,4.559975464263744,40.784901044414234,39.634839464102825,2.2101213197521523,20.966732122054932,24814.941362030713,1.0096592241528952,41.92778205820203
59,14,patch,320.0,opm_dense,6,True,13.555141863759458,4.526957550967149,0.2,26.02256520740235,4.839672557093608,34.02459738032715,32.35187673111539,2.2101213197521523,12.082904722365107,34880.51291532612,1.1284299349186013,41.92778205820203
59,14,patch,320.0,squid_mag,6,True,6.317086215243675,3.731082979867777,0.4,8.533664692702448,4.195251138270416,36.132796542100515,34.23085326096025,2.2101213197521523,15.015847941905733,12001.903297965591,1.016594864147827,41.92778205820203
59,14,patch,320.0,squid_grad,6,True,55.923283175396435,3.480771919682285,0.0,55.923283175396435,3.305611635173952,51.079898222579075,49.63500280776927,2.2101213197521523,6.206123770261888,106029.48135214504,1.0676558129402072,41.92778205820203
60,15,focal,80.0,squid,7,False,57.70145181231532,2.88790031290771,nan,57.70145181231532,2.8826175322661705,26.78029921971063,28.299657376328582,3.2633538786391445,3.545180724703694,19248.38299430106,0.962125420287591,36.38617702492104
60,15,focal,80.0,opm_matched,7,False,72.93567631536511,3.148972525414591,nan,72.93567631536511,3.0781706452247493,21.4394078524845,23.60583919746417,3.2633538786391445,11.832114988628136,22320.813370229083,0.8547075094661394,36.38617702492104
60,15,focal,80.0,opm_dense,7,False,69.22899459908925,3.82870645880964,nan,69.22899459908925,4.015846881590356,74.59748379811967,77.50727992241055,3.2633538786391445,7.765769575758259,11513.131071504093,0.8491771545585657,36.38617702492104
60,15,focal,80.0,squid_mag,7,False,20.894178275258344,2.9416718352699553,nan,20.894178275258344,3.132512135369003,22.96498415072786,24.64305921638175,3.2633538786391445,8.786455495017746,30250.335685332586,1.0334730995366883,36.38617702492104
60,15,focal,80.0,squid_grad,7,False,36.72415158805585,2.930127371627677,nan,31.836000817301585,3.091301915414548,21.80051817140858,22.899781081607067,3.2633538786391445,4.348276708349632,48249.300305975295,0.9020132922931334,36.38617702492104
61,15,focal,320.0,squid,7,True,1.3674853284133097,6.5594857830382285,nan,1.3674853284133097,6.647879991460126,11.56524339396669,9.963103375364877,3.2633538786391445,17.40028282491575,2633.1534782652097,1.1012820519356568,36.38617702492104
61,15,focal,320.0,opm_matched,7,True,12.313473256584903,7.338322429775915,nan,15.564742110895187,7.1265158285017005,11.26506325638262,10.444673788406984,3.2633538786391445,45.78804279285658,2390.932968423192,0.9561588325025487,36.38617702492104
61,15,focal,320.0,opm_dense,7,True,1.3674853284133097,7.689418206048924,nan,1.3674853284133097,7.800802256145002,6.235873085536419,6.076732012581176,3.2633538786391445,33.916225478348586,1010.8499833491011,1.0524464714803856,36.38617702492104
61,15,focal,320.0,squid_mag,7,True,1.3674853284133097,5.583127226166619,nan,15.564742110895187,6.1297165751734,11.664235149560284,9.70765076565354,3.2633538786391445,35.877863906630445,2904.629595694884,1.176845247494279,36.38617702492104
61,15,focal,320.0,squid_grad,7,True,1.3674853284133097,6.543378716354732,nan,1.3674853284133097,7.098971568838225,15.931589643971941,15.083043553845467,3.2633538786391445,18.432795707865033,7904.333589273354,1.0819935438165067,36.38617702492104
62,15,patch,80.0,squid,7,False,46.04606383687002,3.7539607952829726,0.0,49.90618979485238,3.7396119194595747,67.78977280770391,69.74485424051215,3.2633538786391445,2.510719105511839,37792.07151254614,0.9654004716390179,36.38617702492104
62,15,patch,80.0,opm_matched,7,False,48.3352614598907,3.5942185438059537,0.0,48.3352614598907,3.791356473027514,71.29427044872855,68.12410613863555,3.2633538786391445,16.22033738223559,17901.673879970385,0.8305685146415958,36.38617702492104
62,15,patch,80.0,opm_dense,7,False,79.09396987352463,2.9260413450486418,0.0,79.09396987352463,2.588825230102017,55.27297454337779,57.86525907558692,3.2633538786391445,5.403479004779191,35321.12603120047,0.8376068140738697,36.38617702492104
62,15,patch,80.0,squid_mag,7,False,50.928192231298425,2.904087489391839,0.0,67.324529415357,2.810367056070349,29.051963741503318,31.99134572894318,3.2633538786391445,8.622854792400512,42910.50300485871,1.0379195217516535,36.38617702492104
62,15,patch,80.0,squid_grad,7,False,49.90618979485238,3.8644910027416914,0.0,49.90618979485238,3.9951755457604676,94.80666327192807,94.23687887008822,3.2633538786391445,5.522095875351635,23478.809635235877,0.9280055510645887,36.38617702492104
63,15,patch,320.0,squid,7,False,41.21464284098724,3.8534575968408036,0.0,35.706766038918836,4.108338815098862,15.405053798845742,17.110165251239057,3.2633538786391445,6.813849353625104,37595.796870546365,1.061751440974126,36.38617702492104
63,15,patch,320.0,opm_matched,7,False,1.3674853284133097,3.627204809835599,0.14285714285714285,15.513116754984493,3.66439308117276,19.345533865343214,19.58328904445285,3.2633538786391445,16.694417478036925,44602.01825129147,1.1359750770767165,36.38617702492104
63,15,patch,320.0,opm_dense,7,True,1.3674853284133097,4.362512686781507,0.14285714285714285,1.3674853284133097,4.2643088254571495,7.877075093978761,8.062142431905292,3.2633538786391445,15.021872876269649,7754.408578066502,0.8919706948836176,36.38617702492104
63,15,patch,320.0,squid_mag,7,False,12.95304183783027,3.9997004284624165,0.0,15.513116754984493,4.036302178194957,25.141980113590396,24.780889863611662,3.2633538786391445,18.647289045928737,37823.7352901994,1.0141350528842306,36.38617702492104
63,15,patch,320.0,squid_grad,7,False,31.272416835126236,4.168681083174329,0.0,34.12980594728029,3.990027463916406,27.425911174081016,28.49854176156556,3.2633538786391445,7.786310538416244,95413.01225121178,1.0215224150020572,36.38617702492104
64,16,focal,80.0,squid,0,True,37.931287376272266,3.356582053827593,nan,37.931287376272266,3.2682340182000784,14.519623584183856,14.824731718922845,3.5700094109933773,7.416410791160106,18272.62047401827,0.9173398703089582,39.224342762041275
64,16,focal,80.0,opm_matched,0,False,12.654502864874251,3.596986903133631,nan,12.654502864874251,3.4269222972589355,17.756894694276443,15.402031156220104,3.5700094109933773,16.639908903806447,9075.762313421135,1.1915617696564105,39.224342762041275
64,16,focal,80.0,opm_dense,0,True,15.804455796320587,3.501608926330391,nan,1.4512555161326677,3.802542400543879,8.472818628209165,6.565987588006911,3.5700094109933773,16.714412397453753,6724.92232413826,0.9109253593084229,39.224342762041275
64,16,focal,80.0,squid_mag,0,True,1.4512555161326677,4.218421468033598,nan,1.4512555161326677,4.4673855199599934,12.923257840226574,12.995874578936657,3.5700094109933773,20.48732941248643,19444.11955851597,0.828155663733848,39.224342762041275
64,16,focal,80.0,squid_grad,0,False,98.42774515406069,3.146509378215304,nan,58.502251590471566,3.1098576093583326,13.634453433110924,11.632067689187307,3.5700094109933773,7.152660791527439,36664.22750157447,0.8829339133240934,39.224342762041275
65,16,focal,320.0,squid,0,True,9.392609020318007,7.509061510597478,nan,9.392609020318007,8.546152506711115,8.619212358560635,6.297892036230069,3.5700094109933773,43.25937961851029,496.03449142202186,1.047127929377103,39.224342762041275
65,16,focal,320.0,opm_matched,0,True,12.654502864874251,10.691590715903995,nan,12.654502864874251,12.149926248314227,7.518192626630195,4.364915539739618,3.5700094109933773,71.64218761956593,346.4300998995509,1.1972520429899043,39.224342762041275
65,16,focal,320.0,opm_dense,0,True,12.654502864874251,10.168408735120556,nan,12.654502864874251,11.857535523201408,7.565146158813513,4.503946713249195,3.5700094109933773,60.74334830976563,234.43942448178402,1.1517539639229721,39.224342762041275
65,16,focal,320.0,squid_mag,0,True,10.850114154925974,9.880221149245616,nan,1.4512555161326677,10.625327707318453,9.207237905927169,6.987876771784495,3.5700094109933773,68.81645602699467,599.8962171134281,1.042456918122377,39.224342762041275
65,16,focal,320.0,squid_grad,0,True,1.4512555161326677,5.970493106094662,nan,12.654502864874251,6.459920243219672,8.989260730731498,6.687774587507204,3.5700094109933773,41.024259409852334,1173.2325358212067,1.1072798135371158,39.224342762041275
66,16,patch,80.0,squid,0,False,58.362986889548225,3.4999675409984397,0.0,58.362986889548225,3.887079238676588,61.77203849649851,62.80562513141889,3.5700094109933773,5.080501781052915,24338.7014889266,0.9813211710222559,39.224342762041275
66,16,patch,80.0,opm_matched,0,False,86.55907402913509,3.3557048516938655,0.0,72.50560027666833,3.2009625016229757,64.33790580398916,65.29489669363963,3.5700094109933773,14.968377881505502,28599.632163014092,0.924694968626406,39.224342762041275
66,16,patch,80.0,opm_dense,0,False,61.22998694673873,4.010013422663795,0.0,61.22998694673873,3.7303357715861467,62.05750289677209,63.02300473076786,3.5700094109933773,9.16687146517053,17037.839683929637,1.0192461284856658,39.224342762041275
66,16,patch,80.0,squid_mag,0,False,73.57260955624203,3.5641014015461177,0.0,76.84006083411896,3.615682112297882,65.64079262369665,66.55780205402694,3.5700094109933773,14.344529233855852,26794.138256343496,0.9983207038021754,39.224342762041275
66,16,patch,80.0,squid_grad,0,False,57.234536518759384,3.6895565184800097,0.0,57.234536518759384,3.583508106764885,59.758745412409134,60.71038765949326,3.5700094109933773,6.288664552095209,43373.06025784933,0.9302305535740515,39.224342762041275
67,16,patch,320.0,squid,0,False,52.31391023807677,3.6583818564823587,0.0,42.8095986382974,3.822681610841089,33.607283793811355,33.1447533624061,3.5700094109933773,7.676280907559385,10485.181362551379,1.0915766436752803,39.224342762041275
67,16,patch,320.0,opm_matched,0,True,10.270847399653853,5.235458710542726,0.5,10.270847399653853,5.331637293184297,8.458037029927603,5.897671447813105,3.5700094109933773,39.66278926815086,3082.2674135446064,0.764669012078947,39.224342762041275
67,16,patch,320.0,opm_dense,0,False,10.850114154925974,3.94404438706609,0.0,10.850114154925974,4.320264086548392,4.161957518175483,5.738840369348155,3.5700094109933773,17.962386953712684,4733.056881303891,0.878545666096205,39.224342762041275
67,16,patch,320.0,squid_mag,0,False,39.19049688147775,4.231384955260178,0.0,39.19049688147775,4.420686740894403,7.887517047278976,5.562059834300235,3.5700094109933773,20.61382511029583,8169.675491218417,1.0056027515526689,39.224342762041275
67,16,patch,320.0,squid_grad,0,False,5.470215760275716,3.59801896708656,0.16666666666666666,34.69579818915698,3.6630302989527386,12.507159579461728,12.014360538648388,3.5700094109933773,9.931827233605668,17319.58845846737,1.0341785670858747,39.224342762041275
68,17,focal,80.0,squid,1,False,81.91858330175174,3.618515709903191,nan,94.46492776406544,3.54136761153577,43.762031244519065,41.53394134094522,3.7264868818603025,5.869208032575518,19407.583247165137,0.9656720675285614,35.731884817723994
68,17,focal,80.0,opm_matched,1,False,35.18072859096584,3.924726484610893,nan,35.18072859096584,3.685391654487771,44.06438147891818,42.26252706074384,3.7264868818603025,16.12612529817213,16928.848521859883,0.9538167393800208,35.731884817723994
68,17,focal,80.0,opm_dense,1,False,36.866368007660284,3.720065267127824,nan,84.48172965765227,3.4272836189759515,42.990621604183396,41.2641791913659,3.7264868818603025,7.088966355530014,5834.192780761948,1.135834814260729,35.731884817723994
68,17,focal,80.0,squid_mag,1,False,37.13172973386937,3.547375107071912,nan,54.71660032077406,3.391147269903574,45.06673885484931,48.65597018584524,3.7264868818603025,15.782171091432806,5566.786195726278,1.1021795242656545,35.731884817723994
68,17,focal,80.0,squid_grad,1,False,96.55183664751617,3.369434369658512,nan,96.55183664751617,3.5777283723146316,48.381847000352515,45.74968264701598,3.7264868818603025,8.82760874292222,19114.430285367554,0.8798715392695116,35.731884817723994
69,17,focal,320.0,squid,1,True,15.374043275404478,5.764238690613053,nan,15.374043275404478,6.780188827632048,5.3152940116254355,3.0069580099840474,3.7264868818603025,23.846296226360636,1243.6120786713702,0.9581270447686127,35.731884817723994
69,17,focal,320.0,opm_matched,1,True,3.280397564678101,8.030827372135185,nan,3.280397564678101,8.199711712895077,8.239722210797357,9.757955414931311,3.7264868818603025,45.44444064053261,2208.6256617399226,1.238748944102887,35.731884817723994
69,17,focal,320.0,opm_dense,1,True,3.280397564678101,7.0967931262874995,nan,3.280397564678101,7.619222024361331,4.521024654633083,3.8252902724005766,3.7264868818603025,28.940698904448304,1422.8468259088693,1.1088981869432892,35.731884817723994
69,17,focal,320.0,squid_mag,1,True,7.208896847092373,7.716107236962269,nan,3.280397564678101,7.7579758797713625,10.382120444001002,11.787542013773685,3.7264868818603025,42.1860105190309,2842.86913996036,1.1195594808982818,35.731884817723994
69,17,focal,320.0,squid_grad,1,True,3.280397564678101,5.996084262741094,nan,3.280397564678101,5.906680156595458,13.644077337502319,14.43646579918198,3.7264868818603025,28.04962578849855,3016.8482421513872,0.9393320957981505,35.731884817723994
70,17,patch,80.0,squid,1,False,73.25075251919787,2.5130792711668652,0.0,58.69519750039423,2.5898872112824187,79.85811914512915,81.28966070577361,3.7264868818603025,2.0604769277800363,337554.7218077352,0.7793902517239725,35.731884817723994
70,17,patch,80.0,opm_matched,1,False,11.294789709080908,3.6764369142759166,0.0,11.294789709080908,3.659600910262976,23.730506826860523,21.23450669186199,3.7264868818603025,17.540839151453213,13576.20856128464,0.809069368751879,35.731884817723994
70,17,patch,80.0,opm_dense,1,False,68.40179042791337,3.251596996246395,0.0,70.32144635457846,3.2711522208187533,19.19792899288572,20.091268046353328,3.7264868818603025,6.320196184216484,15943.748215531981,0.8514086195641004,35.731884817723994
70,17,patch,80.0,squid_mag,1,False,44.982486616478255,2.72362015651205,0.0,44.982486616478255,2.9324043940221327,14.38130371311715,12.450847654322656,3.7264868818603025,8.197253716062269,36065.86469287073,0.6592359817244895,35.731884817723994
70,17,patch,80.0,squid_grad,1,False,38.237685250565754,4.024829674317558,0.0,38.237685250565754,4.101237284423268,12.851473300057684,11.963917339241094,3.7264868818603025,4.338071287993993,38884.109566680825,0.7710081145340789,35.731884817723994
71,17,patch,320.0,squid,1,True,3.280397564678101,6.096028535866114,0.4,3.280397564678101,6.3863639685908415,6.309784346213963,5.649958468593259,3.7264868818603025,15.896340621621446,2830.2230582768325,0.8785439987923896,35.731884817723994
71,17,patch,320.0,opm_matched,1,True,3.280397564678101,6.640118464039952,0.4,3.280397564678101,6.8071939937460755,6.996247678850269,5.147852402346444,3.7264868818603025,38.4340668080437,2336.6040130804868,0.9887073586913241,35.731884817723994
71,17,patch,320.0,opm_dense,1,True,3.280397564678101,7.000763898606543,0.4,3.280397564678101,7.377385332706283,6.3227990012253334,5.620718426086227,3.7264868818603025,30.673676347092755,2023.3381198555944,0.7806026709436958,35.731884817723994
71,17,patch,320.0,squid_mag,1,True,3.280397564678101,6.030097477349814,0.4,3.280397564678101,6.333158570028566,7.349750798858773,6.947371029813002,3.7264868818603025,41.18464337523186,3155.8647412609657,0.7118690744074957,35.731884817723994
71,17,patch,320.0,squid_grad,1,True,3.280397564678101,7.62934874871098,0.4,3.280397564678101,7.757246677622901,6.014815498483623,4.343082358261169,3.7264868818603025,22.95116764443159,2827.2567656701267,0.9007491215259835,35.731884817723994
72,18,focal,80.0,squid,2,False,60.411549116784,3.5462132689155084,nan,60.411549116784,3.4925619144574953,60.06805355536319,57.76168876409647,4.012311537083673,5.459802676009128,89036.48099046922,0.8624885179939258,46.00018620293386
72,18,focal,80.0,opm_matched,2,False,46.04018874203582,3.1237411893123737,nan,57.53120394835011,3.22353464519517,31.311705070983063,28.66583381911368,4.012311537083673,24.887667506245094,9744.263077367674,0.7968485529031547,46.00018620293386
72,18,focal,80.0,opm_dense,2,False,51.3749021216316,3.0958329729153378,nan,63.48878532927253,3.0911302381595545,65.61255740197004,62.672872597148825,4.012311537083673,6.763691006109795,41294.591227472876,0.9545348970011247,46.00018620293386
72,18,focal,80.0,squid_mag,2,False,54.09219639078582,3.0893483629620007,nan,64.0667732408541,3.1057410717326133,68.75099293588015,66.06001461178562,4.012311537083673,16.242180127941737,122769.78398366955,0.6195749423956218,46.00018620293386
72,18,focal,80.0,squid_grad,2,False,74.31766449109863,3.4603207942121545,nan,78.6931345239826,3.491111323532731,80.02492698229247,82.23051069649489,4.012311537083673,7.552532463440749,18515.285206735465,0.8758430535436715,46.00018620293386
73,18,focal,320.0,squid,2,False,29.534981723885284,3.7139811577293913,nan,29.82282787847196,3.6724160185143853,20.813308695876806,18.796007529106987,4.012311537083673,6.028548582197424,11291.609224626298,0.9381841279289798,46.00018620293386
73,18,focal,320.0,opm_matched,2,False,67.30800571370834,3.6342732704221827,nan,67.30800571370834,3.4226249577570065,72.65296686779408,74.89591188052627,4.012311537083673,16.287447756429955,20504.50727098745,0.8429785030157135,46.00018620293386
73,18,focal,320.0,opm_dense,2,False,14.1158023537823,3.6041934119649466,nan,23.80303923340549,3.5850685405284692,87.01590923593997,88.06599987593283,4.012311537083673,7.5124144754095985,44111.29354614645,0.8771646147054046,46.00018620293386
73,18,focal,320.0,squid_mag,2,False,14.1158023537823,2.8415637559669626,nan,14.1158023537823,3.0542390287378893,21.404422642262634,17.853528791428168,4.012311537083673,17.084677313856474,23560.23450947092,0.7506715236355879,46.00018620293386
73,18,focal,320.0,squid_grad,2,False,29.534981723885284,3.207130173257986,nan,29.534981723885284,3.257624776677755,25.28351732490987,24.070875170495178,4.012311537083673,10.073472917544901,11555.8521693929,0.9200190852073243,46.00018620293386
74,18,patch,80.0,squid,2,False,31.711491655228894,3.3652419953755075,0.0,31.711491655228894,3.2768326572589976,47.43557952847526,47.78385235719752,4.012311537083673,4.897638233492044,18174.873390393583,0.9008759794482512,46.00018620293386
74,18,patch,80.0,opm_matched,2,False,39.553136121420295,3.195812427602387,0.0,58.100745588702424,3.2394483108102987,52.768760328140075,52.77951426704824,4.012311537083673,13.02966283653229,115323.4582347562,0.8109823402147005,46.00018620293386
74,18,patch,80.0,opm_dense,2,False,57.934289423126145,2.9766870200725086,0.0,45.42313654425509,2.9081655125588113,51.548343612047574,55.50252732192423,4.012311537083673,4.59550950982445,15313.695758237913,0.9166220930068945,46.00018620293386
74,18,patch,80.0,squid_mag,2,False,41.54327145134943,3.592865797805208,0.0,41.54327145134943,3.5868614513058903,46.57774384173181,47.069228203745226,4.012311537083673,14.322531777706745,39401.49602255494,0.7187703588250948,46.00018620293386
74,18,patch,80.0,squid_grad,2,False,69.15254336299706,2.89920969774594,0.0,24.501926787635185,2.9097189211856738,50.21560212382224,50.79276259265208,4.012311537083673,6.724309663299915,30887.31250174033,0.8398043214778625,46.00018620293386
75,18,patch,320.0,squid,2,True,14.240952227182312,3.919717905985449,0.0,14.240952227182312,3.9274411612646265,9.869852441968854,6.501674329198312,4.012311537083673,9.432723315105335,8732.971042399411,1.0364869807863843,46.00018620293386
75,18,patch,320.0,opm_matched,2,True,8.027928553658757,4.8148452177279735,0.25,8.027928553658757,5.034661986964679,5.784676690990639,2.4643089993325837,4.012311537083673,24.469128460301462,11687.132028200831,1.1580240213625166,46.00018620293386
75,18,patch,320.0,opm_dense,2,True,8.027928553658757,5.649637644188229,0.25,8.027928553658757,6.031092667969295,9.988060406085195,8.192849640185276,4.012311537083673,14.672766196056783,8493.245906546295,1.082827185599643,46.00018620293386
75,18,patch,320.0,squid_mag,2,True,8.027928553658757,4.626537277329206,0.25,8.027928553658757,4.60401006467917,9.944455112994508,7.007245136176426,4.012311537083673,24.750796220451214,8219.233825417676,1.0824023876598767,46.00018620293386
75,18,patch,320.0,squid_grad,2,True,7.578604820856274,4.687590346235391,0.0,7.578604820856274,4.427669669095097,10.342398193403163,6.5499838350416,4.012311537083673,17.34973667143144,5912.2577034421565,0.9459789446177389,46.00018620293386
76,19,focal,80.0,squid,3,False,46.08709391948313,3.2201518074888926,nan,53.50430471665052,3.029876303061605,59.66950515163378,59.80250761264453,1.1975464594705958,3.5434006089440744,14025.951847477814,1.0553732163494278,48.16731509060196
76,19,focal,80.0,opm_matched,3,False,59.940387938090794,3.0128936769713235,nan,67.1759327199922,2.9999421955487393,59.98710694782735,60.067110976214245,1.1975464594705958,12.352258263274893,19075.882134076444,0.6853431815481552,48.16731509060196
76,19,focal,80.0,opm_dense,3,False,93.52114905063523,3.0181631105423983,nan,93.52114905063523,3.3119033367330895,59.83808494548108,60.71422990999934,1.1975464594705958,5.336382850414252,10963.203717493328,0.8821495726402131,48.16731509060196
76,19,focal,80.0,squid_mag,3,False,67.48004427453047,3.9177528836487254,nan,67.48004427453047,3.774825129464302,80.17118569953394,80.09700742547352,1.1975464594705958,9.081685980602575,56981.978294053144,1.0210779648857502,48.16731509060196
76,19,focal,80.0,squid_grad,3,False,60.9979025616078,3.7717877030636657,nan,60.9979025616078,3.7895830606284657,59.000438450816624,59.21828142364394,1.1975464594705958,4.3071544442350715,23812.13996920801,1.0465909028525375,48.16731509060196
77,19,focal,320.0,squid,3,False,37.11729498526401,3.7971127544498007,nan,29.16111548769872,4.0884231805147,52.9412595749241,52.86167627105744,1.1975464594705958,7.943045789210043,8920.590874481335,1.0780315283126003,48.16731509060196
77,19,focal,320.0,opm_matched,3,True,12.66562070017546,4.351366507754568,nan,12.66562070017546,4.384390120018883,50.63491293169722,50.73330462698759,1.1975464594705958,14.238288754139255,13395.585206593647,1.266287072734422,48.16731509060196
77,19,focal,320.0,opm_dense,3,True,35.38789952491096,4.144143985100704,nan,35.38789952491096,3.9954247863254,51.21717202225652,51.199237846051496,1.1975464594705958,14.62468708383955,5456.952207375784,1.0121442954292539,48.16731509060196
77,19,focal,320.0,squid_mag,3,False,42.15586138264819,4.057405671150159,nan,12.66562070017546,4.006007636897338,59.368519947551114,59.24707960316325,1.1975464594705958,21.557854638375964,11262.218936344148,0.9656428769412994,48.16731509060196
77,19,focal,320.0,squid_grad,3,False,86.96507780290477,3.8096332989246706,nan,29.16111548769872,3.809269286862121,48.05217798791293,48.210423140472436,1.1975464594705958,10.851900851469521,31688.98280685696,1.091653844484231,48.16731509060196
78,19,patch,80.0,squid,3,False,59.665580194876746,3.2774811604431853,0.0,86.96507780290477,3.309411685854155,90.72850411279113,90.14096951360419,1.1975464594705958,3.6372757484875615,15811.861119038625,0.9191735487426428,48.16731509060196
78,19,patch,80.0,opm_matched,3,False,45.68567394076476,3.2850496012527755,0.0,45.68567394076476,3.2723417869118663,59.94794582044094,58.97661870478451,1.1975464594705958,10.946444058690393,53274.34335296588,0.8750475958759049,48.16731509060196
78,19,patch,80.0,opm_dense,3,False,29.07720452579827,3.318994653954026,0.0,22.75062389244067,3.377129349601367,60.55985059443486,60.91040047871009,1.1975464594705958,5.071849909819414,7619.664966746903,1.0424391516732046,48.16731509060196
78,19,patch,80.0,squid_mag,3,False,51.9725727295401,3.9389103580329152,0.0,56.448248911009976,3.8890297700843792,64.14843504260108,64.32634543605434,1.1975464594705958,11.341992140145793,59581.735232662024,0.9022330187853437,48.16731509060196
78,19,patch,80.0,squid_grad,3,False,48.85128435327717,3.211170005239935,0.0,48.85128435327717,3.258210187123723,51.805729496804986,52.7442055646595,1.1975464594705958,4.3342686817925085,31731.985919496798,0.9038228292944132,48.16731509060196
79,19,patch,320.0,squid,3,False,88.68938016350972,3.487986675648919,0.0,41.582666780741,3.5618088301766453,19.911291047979322,19.095597090095815,1.1975464594705958,6.072328572837648,9935.190503166044,0.9885783955618518,48.16731509060196
79,19,patch,320.0,opm_matched,3,False,11.792459797868382,4.220750149667829,0.0,11.792459797868382,3.9422565373816525,21.500274923570885,20.763135725551024,1.1975464594705958,17.10129614040051,10911.932520223878,0.9275833728851105,48.16731509060196
79,19,patch,320.0,opm_dense,3,False,31.80763833552653,4.4175340672735635,0.0,31.80763833552653,3.9490936341414273,21.422572725359956,20.96070617642786,1.1975464594705958,7.266243943158313,8343.270004394642,1.1262288417413415,48.16731509060196
79,19,patch,320.0,squid_mag,3,False,17.994946660083794,3.733132497651607,0.0,17.994946660083794,3.8225410897511263,21.040801613545998,20.211845456865124,1.1975464594705958,18.55166706831563,9504.460210403342,0.8955982474146018,48.16731509060196
79,19,patch,320.0,squid_grad,3,False,85.8273340757846,3.711294750842073,0.0,85.8273340757846,3.607075665945258,45.88578590634657,45.14803814198916,1.1975464594705958,10.14844139384111,14799.03701837384,0.9128067000985508,48.16731509060196
80,20,focal,80.0,squid,4,False,81.11539359759773,3.2660881870503746,nan,81.11539359759773,3.3256548819687715,33.121877488359374,32.74288342001825,2.267626352990673,4.4962263805774265,22700.754292654456,1.015460624980423,45.472777085553865
80,20,focal,80.0,opm_matched,4,False,22.17188013366219,3.516784124671548,nan,22.17188013366219,3.6092740308693374,48.322875270529366,46.83143528696663,2.267626352990673,16.18003924898616,9150.42732760428,0.927795329910505,45.472777085553865
80,20,focal,80.0,opm_dense,4,False,63.9991567111048,4.027142078966892,nan,67.98067534237387,3.88064384217916,64.5259932345531,64.90927446326864,2.267626352990673,10.347216115332834,10081.856444935174,0.981743878573701,45.472777085553865
80,20,focal,80.0,squid_mag,4,False,74.31268175989072,3.274306095905629,nan,67.5590699230528,3.283493311642219,34.611356621551785,34.73520800593219,2.267626352990673,11.775614734559397,24874.649071494772,0.9828977921038771,45.472777085553865
80,20,focal,80.0,squid_grad,4,False,47.08945315443658,3.4893232183985705,nan,52.620424176593886,3.5812826003928926,55.80490202243121,54.546946944103674,2.267626352990673,6.914938360152839,25394.1827641788,0.9796517468731938,45.472777085553865
81,20,focal,320.0,squid,4,True,37.77376626230513,5.891573880082293,nan,37.77376626230513,5.8912087635847605,7.604904301800692,7.070652871124368,2.267626352990673,13.570557245525695,2566.6402270996377,1.0778510268036043,45.472777085553865
81,20,focal,320.0,opm_matched,4,True,12.002033067445446,7.13413005029701,nan,12.002033067445446,8.03144425105133,6.527384010263929,5.099485029508954,2.267626352990673,28.967420493236123,2792.025866543359,1.408705550665455,45.472777085553865
81,20,focal,320.0,opm_dense,4,True,9.09325204830237,6.595046546961744,nan,9.09325204830237,7.241161649014083,67.94646121272882,66.54548744231782,2.267626352990673,20.490733492163343,10689.23850039903,1.2689528030954937,45.472777085553865
81,20,focal,320.0,squid_mag,4,True,37.77376626230513,7.015965903715251,nan,9.09325204830237,7.865332949889231,7.753071213910157,7.374652387916351,2.267626352990673,26.1052026807758,2671.4261773196777,1.4272910158064493,45.472777085553865
81,20,focal,320.0,squid_grad,4,True,9.09325204830237,4.9864934468629984,nan,9.09325204830237,5.351779893624566,7.077305237910345,6.451566385808719,2.267626352990673,21.1656151011961,3622.5186267865824,0.9356257994812662,45.472777085553865
82,20,patch,80.0,squid,4,False,55.753779219344686,3.1734754599056947,0.0,55.753779219344686,3.2443868370588063,74.31384811060991,74.62686815021395,2.267626352990673,4.240854638861377,23658.454199115484,0.9090878142706758,45.472777085553865
82,20,patch,80.0,opm_matched,4,False,64.67865295137496,3.3221414518109595,0.0,68.40429421612846,3.347991553318277,76.70853127763081,75.40646669281823,2.267626352990673,11.981678547697689,15841.295858571271,1.055827711628742,45.472777085553865
82,20,patch,80.0,opm_dense,4,False,52.3712666076791,3.9060711776959494,0.0,58.58715961971241,3.9280437898651153,67.83853421943408,67.9759150751426,2.267626352990673,6.601789968774871,8692.71017010181,1.1797936890170733,45.472777085553865
82,20,patch,80.0,squid_mag,4,False,62.60718325174716,3.794501066615979,0.0,62.60718325174716,3.8854866267253843,43.2881625899568,44.25837881745063,2.267626352990673,12.611037317454684,22583.8447891437,0.8262839609428708,45.472777085553865
82,20,patch,80.0,squid_grad,4,False,58.58715961971241,3.7451506448994767,0.0,58.58715961971241,3.689757690143354,59.178860213618314,58.807736829904925,2.267626352990673,4.622823000956876,56177.72355316881,0.9632719157128741,45.472777085553865
83,20,patch,320.0,squid,4,False,59.02127467501327,4.384276385888514,0.0,59.02127467501327,4.7473497244955825,62.87994308129302,60.99448087491444,2.267626352990673,7.799453524600914,6823.550028136105,1.0814744483387753,45.472777085553865
83,20,patch,320.0,opm_matched,4,False,54.82800581765196,4.7654358197336375,0.0,51.62128755948944,4.9524339428384065,58.773319362887676,56.8929143333888,2.267626352990673,25.693121142058956,5297.657382119968,1.166265721992587,45.472777085553865
83,20,patch,320.0,opm_dense,4,True,54.82800581765196,3.623559572036746,0.25,67.7826796947364,3.8579777727254383,60.49683489676704,58.695081636085504,2.267626352990673,14.332195076088281,4162.147650047715,1.0144039014118447,45.472777085553865
83,20,patch,320.0,squid_mag,4,True,19.49407631105958,4.652485984111438,0.0,19.49407631105958,4.992597566031355,61.19798511158266,59.32789109104564,2.267626352990673,16.622884782222034,8092.170121726347,1.4017276633578488,45.472777085553865
83,20,patch,320.0,squid_grad,4,False,22.319582902083756,3.88450480232351,0.0,22.319582902083756,3.9520950787565905,66.11507695411576,64.2097787971891,2.267626352990673,9.989493060565561,10213.02475620697,0.9971732031685969,45.472777085553865
84,21,focal,80.0,squid,5,False,81.8113590407056,3.6686187891298427,nan,81.8113590407056,3.6317235822320537,59.84285283394154,57.44696572574603,3.5224439902158253,7.9042289388719755,22024.32099883254,0.8597978929143596,48.16119865182129
84,21,focal,80.0,opm_matched,5,False,55.51192904309484,3.3434244849896277,nan,63.232261223776355,3.438196468455764,54.87493654550481,52.315180474040226,3.5224439902158253,15.518702888076458,30130.045362372402,0.9431745456296549,48.16119865182129
84,21,focal,80.0,opm_dense,5,False,48.957079718124525,3.3276592063151313,nan,48.957079718124525,3.4710622898333616,53.38016762523009,50.92294931634267,3.5224439902158253,10.210878407660955,18878.946559367007,0.8582139749215945,48.16119865182129
84,21,focal,80.0,squid_mag,5,False,55.51192904309484,3.749241336994986,nan,63.232261223776355,3.8878188877492237,64.92190491510321,62.561104381622364,3.5224439902158253,21.35695697072686,48007.19857500322,0.7420869707238228,48.16119865182129
84,21,focal,80.0,squid_grad,5,False,48.957079718124525,3.4646754072431905,nan,48.957079718124525,3.300075671690184,65.14013796137876,62.999535520055005,3.5224439902158253,12.329896458788776,6570.859258479476,0.8740317965348716,48.16119865182129
85,21,focal,320.0,squid,5,False,73.76060560996055,3.5970981618264624,nan,43.66741919376915,3.561799313390419,93.88354727798034,91.690214518138,3.5224439902158253,6.217692417021867,8953.562397139996,0.9909990449250062,48.16119865182129
85,21,focal,320.0,opm_matched,5,False,86.46681252967916,3.709828937406642,nan,90.27549242655245,3.541549390119107,91.94224610246974,89.38584637923755,3.5224439902158253,14.101937125729869,15429.307092491841,1.0808955176037869,48.16119865182129
85,21,focal,320.0,opm_dense,5,True,52.28747948598506,3.989579091995753,nan,52.28747948598506,3.7125144333854743,79.52134462299277,78.93922468155067,3.5224439902158253,10.073241252251828,30409.797139553884,1.0719884731814644,48.16119865182129
85,21,focal,320.0,squid_mag,5,False,92.36955497286588,3.694332508431024,nan,92.36955497286588,3.738067809339523,66.06937713558582,66.54021273768983,3.5224439902158253,15.167366553375967,31073.300010672298,1.0255486322970873,48.16119865182129
85,21,focal,320.0,squid_grad,5,False,52.89386054544452,3.6608822485351906,nan,52.89386054544452,3.755549978694322,23.189876046074826,20.42165230940816,3.5224439902158253,8.038929409298483,1751.144185281291,0.9540960014079632,48.16119865182129
86,21,patch,80.0,squid,5,False,60.6539233909517,3.3966004677398103,0.0,60.6539233909517,3.3179773240458816,45.099752077948935,46.66043953751515,3.5224439902158253,4.50768563938648,23195.93003548899,1.0484343606017033,48.16119865182129
86,21,patch,80.0,opm_matched,5,False,50.97180861841033,3.2033696394950986,0.0,39.326772524444,3.3247146353121058,48.562631396090914,50.64227260308062,3.5224439902158253,19.29168734032754,10001.460236285673,0.8570508580853761,48.16119865182129
86,21,patch,80.0,opm_dense,5,False,48.84237621253044,3.334529040903588,0.0,51.384575181129385,3.3522375678808816,66.88332845979538,63.991680852716655,3.5224439902158253,9.37562163992958,36930.630713339255,0.8384192994774182,48.16119865182129
86,21,patch,80.0,squid_mag,5,False,35.011675574784086,3.6661460569368627,0.0,39.326772524444,4.168086291388533,45.51237819392815,47.182741693901505,3.5224439902158253,13.706035094384353,22469.939763687373,0.9558577905651731,48.16119865182129
86,21,patch,80.0,squid_grad,5,False,58.28077206835525,3.6530711672708636,0.0,54.81057052821024,3.700514634200972,48.58870027874915,50.03334853515271,3.5224439902158253,5.571160062082224,116962.21465429688,1.0086170125731777,48.16119865182129
87,21,patch,320.0,squid,5,False,43.85558660555878,4.041284263689347,0.0,43.85558660555878,3.8125758742118427,5.750352300826566,5.678050833811629,3.5224439902158253,4.486664307036184,20554.621970413045,1.1049986824706832,48.16119865182129
87,21,patch,320.0,opm_matched,5,False,58.934557560224675,3.576839100022167,0.14285714285714285,58.934557560224675,3.6604875802190167,4.187067366119208,3.2686136293411376,3.5224439902158253,18.172705756513864,13192.287487853235,0.9130643318443332,48.16119865182129
87,21,patch,320.0,opm_dense,5,False,44.31038584053943,4.495187247084674,0.14285714285714285,44.31038584053943,4.388619782954954,3.7703326119178264,2.6205170942172216,3.5224439902158253,11.822750360883926,6221.275191640222,1.042174678646258,48.16119865182129
87,21,patch,320.0,squid_mag,5,False,58.35229757443438,3.7506476173749195,0.0,62.52942910286018,3.5985005384175026,73.96725774392674,72.75409153660414,3.5224439902158253,10.016612096395916,20563.9020301991,1.1234095101237431,48.16119865182129
87,21,patch,320.0,squid_grad,5,False,61.327785808853065,3.8562359952545493,0.0,60.39157716453759,3.7741371494056106,69.72961903500958,68.68558283267082,3.5224439902158253,8.416955927136376,16261.186816963367,1.064391865862423,48.16119865182129
88,22,focal,80.0,squid,6,False,49.020294340277886,3.262051398531265,nan,49.020294340277886,3.405483108929939,40.43506184897491,38.0956477552822,3.1591017850566843,4.478125302074799,20977.09337560144,1.091736197438031,48.17956359369954
88,22,focal,80.0,opm_matched,6,False,82.13743828912257,3.6789390028393445,nan,86.68927299587247,3.6737178921884834,37.17340121147082,34.71888914667676,3.1591017850566843,11.397426877790053,32264.548352572518,1.1145488882840522,48.17956359369954
88,22,focal,80.0,opm_dense,6,False,70.62388801327644,3.3533073033682563,nan,78.19866621551556,3.1643886475575043,45.699006506357165,43.20794914142365,3.1591017850566843,7.591296513204594,15997.445959159038,0.9333458000801095,48.17956359369954
88,22,focal,80.0,squid_mag,6,False,58.55497486512596,3.401054089262341,nan,54.0699538322599,3.1883696521317435,62.2378159816436,60.314636049926946,3.1591017850566843,15.245235822010239,16809.53193783934,0.8587764787793172,48.17956359369954
88,22,focal,80.0,squid_grad,6,False,41.737307291667285,3.7282563332514025,nan,44.47552128639101,3.993539220162121,41.59236992160212,39.22544310907298,3.1591017850566843,6.748573650955554,22073.511464358045,1.1746488700741078,48.17956359369954
89,22,focal,320.0,squid,6,True,71.08841120400466,3.50092659632136,nan,50.44593261330685,3.627970475568304,54.62597790749661,52.414635220359685,3.1591017850566843,5.709955974863576,37018.64636302712,1.0584026989642443,48.17956359369954
89,22,focal,320.0,opm_matched,6,True,7.734232019727382,4.291930312264858,nan,7.734232019727382,4.397790523395121,7.602858028988555,8.83673135589758,3.1591017850566843,24.719573619514062,10702.54975002724,0.8219939831239488,48.17956359369954
89,22,focal,320.0,opm_dense,6,True,5.9815874398322135,3.9478917622982617,nan,7.734232019727382,4.117137741332724,9.83954636304345,11.845887332227488,3.1591017850566843,10.159616597136111,10577.351029880783,1.040703252343873,48.17956359369954
89,22,focal,320.0,squid_mag,6,True,34.04867933621514,4.3265213512920715,nan,34.04867933621514,4.82272054402749,51.82357466077837,49.71257928203008,3.1591017850566843,14.493376553170451,29928.298580961586,1.1225002728365974,48.17956359369954
89,22,focal,320.0,squid_grad,6,True,65.36203184644842,3.049245885839165,nan,21.737369890389026,3.3720537591137867,33.47260600895349,32.428536990781815,3.1591017850566843,10.492840727268522,14802.23163582458,1.0356215114169218,48.17956359369954
90,22,patch,80.0,squid,6,False,55.56940214315155,3.944104135488494,0.0,55.56940214315155,3.8507554132594644,43.20242481428254,44.29343658294865,3.1591017850566843,2.9551161441047955,34578.93086575436,1.1193235217095607,48.17956359369954
90,22,patch,80.0,opm_matched,6,False,48.90200885450681,3.7678609604854874,0.0,54.69501908181226,3.81797656272307,67.31765521907202,65.26048013095658,3.1591017850566843,15.09109473274659,4008.6214861386256,1.1275452865824835,48.17956359369954
90,22,patch,80.0,opm_dense,6,False,64.63577546039477,4.368173312730015,0.0,71.45136941715977,4.315905171743383,70.93672315585437,68.9046728171255,3.1591017850566843,13.533900191755466,7161.638737036558,0.8392986608359476,48.17956359369954
90,22,patch,80.0,squid_mag,6,False,22.536680761462293,2.7784226232796345,0.0,33.883041034555625,2.7796605209708694,65.59663398052135,64.91232240128038,3.1591017850566843,11.57887055213596,29301.733288271167,0.7564928214558766,48.17956359369954
90,22,patch,80.0,squid_grad,6,False,42.771524769373926,3.8040681122199453,0.0,42.771524769373926,3.7425743318815834,63.81830203654017,63.220193719782216,3.1591017850566843,3.9496567244336784,28651.519989183624,1.1479190016418552,48.17956359369954
91,22,patch,320.0,squid,6,False,26.22188505950161,3.687540729489028,0.0,26.22188505950161,3.899569159093764,10.383650831476945,13.225710274253402,3.1591017850566843,6.1588828538906295,9816.019240414656,0.9051653253100382,48.17956359369954
91,22,patch,320.0,opm_matched,6,False,40.89355617264902,3.7526076455765747,0.0,12.42709987423032,3.7160373204698884,10.51287584083814,11.255983056149848,3.1591017850566843,11.791133441398397,30064.23031018961,1.1754542012306872,48.17956359369954
91,22,patch,320.0,opm_dense,6,False,40.89355617264902,4.869612174829457,0.0,48.26465528616397,4.312908376080169,57.27137956407994,56.49197479427353,3.1591017850566843,11.730240169930575,5401.360935302547,1.014022724367809,48.17956359369954
91,22,patch,320.0,squid_mag,6,False,5.9815874398322135,3.8972981195264786,0.0,5.9815874398322135,3.858547091403169,10.263018944384665,13.063557890218833,3.1591017850566843,14.00321454172064,13520.002640605007,0.9988767789914457,48.17956359369954
91,22,patch,320.0,squid_grad,6,True,10.704061100817501,3.3778842154326827,0.0,26.22188505950161,3.4685510614425943,13.02799437120606,15.791637448268478,3.1591017850566843,10.355083343065845,8132.126343416365,0.850060500170817,48.17956359369954
92,23,focal,80.0,squid,7,False,89.36443460458588,3.5019510697509846,nan,57.22412229529445,3.586620807066763,66.63859701291658,63.48335905034064,3.437560761112966,4.7371966108481445,102976.19391558578,0.9629418460225463,53.19421904150792
92,23,focal,80.0,opm_matched,7,False,55.481133564365194,3.9914732666595745,nan,55.481133564365194,4.143138729853814,60.593223588306735,63.63710583261731,3.437560761112966,10.993905152984246,15479.641531196245,1.111851235283626,53.19421904150792
92,23,focal,80.0,opm_dense,7,False,51.20597689979237,3.0979332162102984,nan,53.71369048639499,3.308151822089826,59.364137933047175,58.07222861497219,3.437560761112966,6.766874853906933,13216.253638611113,0.979570129800742,53.19421904150792
92,23,focal,80.0,squid_mag,7,False,55.91425546157782,3.455192670438317,nan,55.91425546157782,3.4745399254964737,72.23285765182173,69.15222696117259,3.437560761112966,17.13884611663362,59505.5963438336,0.8892393428414738,53.19421904150792
92,23,focal,80.0,squid_grad,7,False,92.42958865740377,3.3658478718971017,nan,92.42958865740377,3.416327778286069,25.752099460715083,27.976611768558328,3.437560761112966,7.139800409457731,35940.53642001578,0.9491486698428971,53.19421904150792
93,23,focal,320.0,squid,7,True,49.24235988982652,3.1558735859909377,nan,13.073770795631882,3.5178245903013923,14.498760415449356,17.870798109910954,3.437560761112966,6.707950154742155,12013.736646056654,0.932260527234375,53.19421904150792
93,23,focal,320.0,opm_matched,7,True,13.073770795631882,4.422537450610903,nan,13.073770795631882,4.363465433312954,18.82500917764545,22.14490245394159,3.437560761112966,22.655437581068536,8608.584052813416,0.9388259248464326,53.19421904150792
93,23,focal,320.0,opm_dense,7,True,43.12391709549832,3.7547640148172547,nan,43.12391709549832,3.753912381132121,7.941924137214341,10.690759600848388,3.437560761112966,8.596760006802345,16974.645488564718,0.9917567346033411,53.19421904150792
93,23,focal,320.0,squid_mag,7,True,17.864748999634912,4.457152356506796,nan,17.864748999634912,4.30839568884974,10.019602284892304,13.331004601973113,3.437560761112966,23.30297989059886,13664.251153614543,0.6499715425451192,53.19421904150792
93,23,focal,320.0,squid_grad,7,True,46.814085199672824,3.322116363716671,nan,6.895670144802927,3.709152067845051,11.501766045036144,14.937832604809106,3.437560761112966,9.220047434502131,14172.73520138001,1.0303671440487259,53.19421904150792
94,23,patch,80.0,squid,7,False,55.51858555624251,3.772845913068681,0.0,55.20365692011344,3.657637360020703,24.35823565828453,25.038206015613497,3.437560761112966,6.361276831795953,11953.6267491659,0.931882043906238,53.19421904150792
94,23,patch,80.0,opm_matched,7,False,59.80910084432364,4.087673742746609,0.0,61.31265571548977,3.8103532595108387,29.627162714414613,31.20614744108823,3.437560761112966,14.825121603186082,16525.87649738718,0.9578466505339863,53.19421904150792
94,23,patch,80.0,opm_dense,7,False,60.92563640722568,3.239876941824903,0.0,48.21195384188242,3.2317241621134882,32.88152727522412,31.509120172032542,3.437560761112966,6.988093454872346,88876.18578834884,0.9884613378419453,53.19421904150792
94,23,patch,80.0,squid_mag,7,False,33.315031004092795,4.360274367018341,0.0,33.315031004092795,4.171286229140833,24.329020442652833,24.73137505114628,3.437560761112966,19.395376502530343,12561.754744577847,0.8244066446195781,53.19421904150792
94,23,patch,80.0,squid_grad,7,False,55.51858555624251,3.7766641322905072,0.0,55.51858555624251,3.823392148400171,27.14071071823968,27.420834557994606,3.437560761112966,8.437926155332182,27891.282833732188,0.9147323132901378,53.19421904150792
95,23,patch,320.0,squid,7,False,68.27433757335926,3.7632313639861517,0.0,68.27433757335926,3.655206459016667,33.21129103673052,32.77394232384168,3.437560761112966,3.1722294539755107,13315.086841569395,0.9696812203995752,53.19421904150792
95,23,patch,320.0,opm_matched,7,False,52.93684561037398,3.5091780811273776,0.0,52.93684561037398,3.5994940788206375,37.63481528712308,37.49973055418281,3.437560761112966,13.75232995517797,13150.15279135141,0.8114326335957567,53.19421904150792
95,23,patch,320.0,opm_dense,7,False,50.79709413586487,4.043464998123567,0.0,50.79709413586487,3.994715509129488,36.723933853794456,36.45984332662254,3.437560761112966,5.457032875171067,7351.123460320138,1.0686123592742973,53.19421904150792
95,23,patch,320.0,squid_mag,7,False,37.201895259975544,3.4041621622065246,0.0,37.201895259975544,3.4406745272723227,43.14136043805599,42.731546984535306,3.437560761112966,13.344757213644126,11197.072599626768,0.8066398956709997,53.19421904150792
95,23,patch,320.0,squid_grad,7,False,54.520677078816135,3.9878358189142693,0.0,54.520677078816135,3.8765173660090917,79.58403972846517,82.7988500937411,3.437560761112966,5.826469529485062,32826.53491693333,0.9415709521402428,53.19421904150792
