# NEW (G4 infant2yr: bounded localization; 1-layer BEM and 2-mm/2-deg coregistration error in the inverse, 8 draws shared by all arrays) | commit e53bea8
event,location,family,strength_nAm,array,coreg_draw,detected,dspm_error_mm,dspm_peak,support,dspm_mne_error_mm,dspm_mne_peak,ecd_error_mm,ecd_error_sensor_frame_mm,coreg_displacement_mm,ecd_gof,ecd_conf_vol_mm3,ecd_khi2_per_dof,depth_mm
0,0,focal,80.0,squid,0,False,20.027026709830793,3.1246690086142084,nan,20.027026709830793,3.116639179153431,116.2298850209788,116.69621698747268,4.11445683181716,4.232459405060725,20798.756377001144,0.9623315808928152,10.484150786268552
0,0,focal,80.0,opm_matched,0,True,5.539576331136512,8.528205760940965,nan,5.539576331136512,8.492722047883712,5.594309674682909,4.75260792844439,4.11445683181716,52.69533324256127,26678.25901994197,0.9694478000605138,10.484150786268552
0,0,focal,80.0,opm_dense,0,True,6.138785860287126,8.010650816798778,nan,6.138785860287126,8.231560707315266,1.9499589139638867,3.0932323915423448,4.11445683181716,37.38859695930134,1681.5663123192178,0.960567874758507,10.484150786268552
0,0,focal,80.0,squid_mag,0,False,100.24603329784411,3.0522022310757255,nan,106.90763607503582,2.7913188518775565,80.68594817600375,82.15217111094428,4.11445683181716,11.1312926840022,29413.08887891617,0.8504606958177664,10.484150786268552
0,0,focal,80.0,squid_grad,0,False,20.027026709830793,3.9188026950307173,nan,20.027026709830793,3.618247990647901,120.95453434021067,122.86068821173154,4.11445683181716,6.162426594438268,7845.586561212265,1.0546479500977883,10.484150786268552
1,0,focal,320.0,squid,0,True,20.027026709830793,11.181323325069174,nan,20.027026709830793,9.696579191087364,1.7390519874582608,2.825494834499454,4.11445683181716,45.705677462244246,236.13305436253967,1.0753916085531432,10.484150786268552
1,0,focal,320.0,opm_matched,0,True,6.138785860287126,36.4693381538658,nan,6.138785860287126,35.70086076690955,3.9818031312994564,2.9162932091513625,4.11445683181716,96.49156088164598,157.4645900690059,0.701599873894554,10.484150786268552
1,0,focal,320.0,opm_dense,0,True,6.138785860287126,36.500324014259945,nan,6.138785860287126,37.01355562492387,3.5439150515253037,1.9866198790631375,4.11445683181716,91.0212130237795,25.467923086789746,1.0747763925302654,10.484150786268552
1,0,focal,320.0,squid_mag,0,True,20.027026709830793,13.952735865403977,nan,20.027026709830793,13.17264548456467,0.8746460436132082,4.745672396934801,4.11445683181716,72.9989242368657,378.910192531821,0.9410340206131421,10.484150786268552
1,0,focal,320.0,squid_grad,0,True,20.027026709830793,8.898532590292465,nan,20.027026709830793,8.076323601784443,2.324797905232512,1.9901921760744368,4.11445683181716,43.17231716329716,564.8058174442639,1.0490747327375154,10.484150786268552
2,0,patch,80.0,squid,0,True,18.345847651150724,4.55528247768864,0.0,18.345847651150724,4.149508245768283,5.845493250221615,2.4466817600526363,4.11445683181716,9.265213525831106,3792.2729148889853,0.9742492004815645,10.484150786268552
2,0,patch,80.0,opm_matched,0,True,13.430910006534857,5.526884051832843,0.2857142857142857,13.430910006534857,5.52567176716991,4.61461628699314,5.977589676459204,4.11445683181716,27.67562622734533,4474.651320531414,1.1882228827169599,10.484150786268552
2,0,patch,80.0,opm_dense,0,True,11.784382890453145,5.325663731185529,0.14285714285714285,12.783896438527822,5.398857525825907,7.279471645355514,5.269736183504033,4.11445683181716,21.486093927192186,1631.7777256797037,1.1419504136906653,10.484150786268552
2,0,patch,80.0,squid_mag,0,True,13.11485837322876,4.835519006679677,0.14285714285714285,13.11485837322876,4.580540534201381,6.614676021876792,3.05419009142866,4.11445683181716,19.976847779318316,4897.8697297484605,1.2418930610102956,10.484150786268552
2,0,patch,80.0,squid_grad,0,False,46.356102148689835,3.618534849890035,0.0,46.356102148689835,3.4548263076054404,6.904940092245882,10.972231261733699,4.11445683181716,6.355092872308508,41341.9672605624,0.8917506793845493,10.484150786268552
3,0,patch,320.0,squid,0,True,18.345847651150724,9.956932548081813,0.14285714285714285,18.345847651150724,9.779179893571838,7.971624712097296,4.230954089256632,4.11445683181716,39.1197860382018,196.96697554414993,1.088707998025429,10.484150786268552
3,0,patch,320.0,opm_matched,0,True,6.138785860287126,18.782348638411207,0.14285714285714285,13.430910006534857,19.174115656745567,10.496991839053504,6.718759800942889,4.11445683181716,85.11831954150334,127.0469043871505,0.9300191063916377,10.484150786268552
3,0,patch,320.0,opm_dense,0,True,12.783896438527822,18.714197958045926,0.14285714285714285,6.138785860287126,19.50790950736371,7.941370376742918,4.198914290346867,4.11445683181716,77.85004364217187,35.716199973482425,1.0815015949826827,10.484150786268552
3,0,patch,320.0,squid_mag,0,True,18.345847651150724,11.721431151531712,0.14285714285714285,18.345847651150724,11.632602592972024,9.317345417504194,5.3875281957390895,4.11445683181716,62.74025183235621,296.9120735717098,1.1344575750666415,10.484150786268552
3,0,patch,320.0,squid_grad,0,True,20.027026709830793,10.11681518495166,0.14285714285714285,18.345847651150724,9.832449348472116,7.577415116109412,3.635750337602109,4.11445683181716,44.08319085785274,508.56861642939845,0.989846211530085,10.484150786268552
4,1,focal,80.0,squid,1,False,10.319298996970598,4.170816577116565,nan,10.319298996970598,4.38268747516911,8.712740224944152,4.66280153454071,4.1216177493562975,9.382125918859586,3188.2865908520143,1.0254644769736578,12.783665152057921
4,1,focal,80.0,opm_matched,1,True,3.733379123893125,7.119937040292467,nan,3.733379123893125,7.127640171687549,6.153564946379221,3.7424043235618614,4.1216177493562975,43.264473453599585,4756.436171070538,1.002390651504814,12.783665152057921
4,1,focal,80.0,opm_dense,1,True,17.42794104042463,4.767337123950346,nan,10.319298996970598,4.4441487113061715,25.265292467259616,25.598219885117743,4.1216177493562975,12.002099048334623,4867.5005382667005,1.1574186323985425,12.783665152057921
4,1,focal,80.0,squid_mag,1,False,3.733379123893125,4.438465500636789,nan,3.733379123893125,4.4947843814930675,4.597458400139064,1.3972480305268067,4.1216177493562975,25.75683386628403,5910.486975462709,0.9192124383872197,12.783665152057921
4,1,focal,80.0,squid_grad,1,False,19.36864164378921,3.7839035644380448,nan,19.36864164378921,3.756565786971934,9.095983930373468,5.018656947345614,4.1216177493562975,7.023148320239257,8230.112431121514,1.0214706202649773,12.783665152057921
5,1,focal,320.0,squid,1,True,17.42794104042463,17.330714591586318,nan,12.474106287556525,17.060877237547704,3.1544683620736773,1.0901372278841979,4.1216177493562975,73.2302524605561,19.230944368249613,0.9856126846052852,12.783665152057921
5,1,focal,320.0,opm_matched,1,True,3.733379123893125,32.32955313306081,nan,3.733379123893125,32.318737514226946,2.9924963684986885,1.4817571302112504,4.1216177493562975,92.43735813378524,46.635080845340575,1.2449256613483057,12.783665152057921
5,1,focal,320.0,opm_dense,1,True,3.733379123893125,24.130939217460398,nan,3.733379123893125,24.82538159625086,3.5695753630277087,0.7613930326424432,4.1216177493562975,87.07426703128206,4.522087143618541,1.1479420045776112,12.783665152057921
5,1,focal,320.0,squid_mag,1,True,17.42794104042463,21.31586658896506,nan,3.733379123893125,21.02885297035864,2.8579064821486195,1.6751016987858325,4.1216177493562975,89.04684242439686,51.14368325246109,0.91355169417933,12.783665152057921
5,1,focal,320.0,squid_grad,1,True,12.474106287556525,14.439182576914561,nan,12.474106287556525,15.08724035168055,2.7332143590356908,1.4504264550106385,4.1216177493562975,71.26490213312809,43.979216119897096,0.9516912157607404,12.783665152057921
6,1,patch,80.0,squid,1,False,21.96503366983542,3.0857749803993775,0.0,72.07442796380462,3.084447704045562,51.60652142471973,54.512583546695105,4.1216177493562975,2.8953266744694726,40016.37651032635,0.9767052300477925,12.783665152057921
6,1,patch,80.0,opm_matched,1,False,21.96503366983542,3.479437102342697,0.0,21.96503366983542,3.3427029027402195,76.49558182519282,78.94182291795276,4.1216177493562975,14.119621347344925,113400.42628856596,0.9476220159165767,12.783665152057921
6,1,patch,80.0,opm_dense,1,False,22.93978268838032,3.5884103992682,0.0,22.93978268838032,3.6747014824839557,23.97284303735863,23.155280516123586,4.1216177493562975,6.581219243268286,12047.280210014542,1.0278441491769104,12.783665152057921
6,1,patch,80.0,squid_mag,1,False,66.89364633932581,3.6772092501448594,0.0,66.89364633932581,3.5817740416719435,14.202874503802695,10.620620205793882,4.1216177493562975,12.34339037021417,22069.64793089908,0.793546567558643,12.783665152057921
6,1,patch,80.0,squid_grad,1,False,101.54939894724754,2.6555108343704537,0.0,101.54939894724754,2.7187003729960812,54.51146796082896,57.32155853892872,4.1216177493562975,3.9006565893001146,78476.21306183221,0.9463470865264365,12.783665152057921
7,1,patch,320.0,squid,1,True,17.42794104042463,11.573390684711798,0.0,17.42794104042463,11.89484822723833,6.30755959076643,7.061535531798041,4.1216177493562975,48.023180736195904,77.88961209084553,1.116504180195705,12.783665152057921
7,1,patch,320.0,opm_matched,1,True,17.42794104042463,18.652198954883158,0.2857142857142857,3.733379123893125,18.67028281805186,4.105699524644801,5.445782008632938,4.1216177493562975,86.02070691619137,85.22799448561786,0.951604554614647,12.783665152057921
7,1,patch,320.0,opm_dense,1,True,12.474106287556525,14.713326584802347,0.0,12.474106287556525,14.516062775568177,5.628754356684705,6.301393723054958,4.1216177493562975,70.78139581506494,21.506941376980254,1.150058062218758,12.783665152057921
7,1,patch,320.0,squid_mag,1,True,25.958216612649817,14.544969703061453,0.0,17.42794104042463,14.36932189388822,6.03772532384018,6.949010678401612,4.1216177493562975,71.08084789528489,137.3978699619971,1.2258570399015412,12.783665152057921
7,1,patch,320.0,squid_grad,1,True,25.958216612649817,9.97941923219591,0.0,25.958216612649817,9.798283479194886,7.6049735012515285,8.357751099760069,4.1216177493562975,52.044948757224404,170.66228995755998,1.0769186835363187,12.783665152057921
8,2,focal,80.0,squid,2,True,12.564035566822104,4.6033558689157985,nan,12.564035566822104,4.113474779180135,5.318029225455243,3.646320672119244,2.2124631103489376,24.0307759412764,1582.4237602538478,0.9735550354146628,16.16229476714734
8,2,focal,80.0,opm_matched,2,True,2.7776142295318884,13.326115093664876,nan,8.605033233831264,12.603707671714545,5.371526958944458,4.504245429802981,2.2124631103489376,76.38851941390736,1274.6614706421783,0.9223172943813909,16.16229476714734
8,2,focal,80.0,opm_dense,2,True,2.7776142295318884,14.354583778579949,nan,2.7776142295318884,13.188565346249064,3.026112121742409,2.3488091916945844,2.2124631103489376,65.28877286628126,56.41581945529205,1.0128580140437742,16.16229476714734
8,2,focal,80.0,squid_mag,2,True,19.015156841183515,5.902043491704502,nan,2.7776142295318884,5.2866486818745555,8.377590847128234,6.922754790907067,2.2124631103489376,48.24204999012141,2781.490839751221,0.9390557160458635,16.16229476714734
8,2,focal,80.0,squid_grad,2,True,2.7776142295318884,4.007984812504747,nan,12.564035566822104,3.697964802143458,3.4805289138114346,3.5135039004727275,2.2124631103489376,28.36965833416779,2489.324529834285,0.9639397648205886,16.16229476714734
9,2,focal,320.0,squid,2,True,2.7776142295318884,26.905182152908345,nan,2.7776142295318884,24.775627716745827,3.23401215681663,1.2724067735543445,2.2124631103489376,85.31466200009645,13.8812154479507,1.120467297391028,16.16229476714734
9,2,focal,320.0,opm_matched,2,True,2.7776142295318884,52.73329926916299,nan,2.7776142295318884,49.612730078830914,3.9961027899721246,1.8109199622752168,2.2124631103489376,97.37498112977975,8.270622633590586,1.2340052462104067,16.16229476714734
9,2,focal,320.0,opm_dense,2,True,2.7776142295318884,53.801358855278544,nan,2.7776142295318884,49.7238328024078,3.8048251446927153,1.6191727332355157,2.2124631103489376,95.95403046531567,1.0635682830286453,1.1962307937425056,16.16229476714734
9,2,focal,320.0,squid_mag,2,True,2.7776142295318884,31.944472067847403,nan,2.7776142295318884,31.089264631806387,3.540660796728082,1.5119319592359144,2.2124631103489376,93.80888493619781,18.906242481352905,1.1985129569184116,16.16229476714734
9,2,focal,320.0,squid_grad,2,True,19.015156841183515,19.64419416047685,nan,19.015156841183515,17.97254522524727,2.4610035729787594,0.46503065378432407,2.2124631103489376,84.08072739192491,35.76973366038486,1.0835067980183004,16.16229476714734
10,2,patch,80.0,squid,2,True,9.146759561230663,6.5763705418515155,0.0,9.146759561230663,5.872360690075157,6.720527918768501,4.85816735159158,2.2124631103489376,27.719378451548206,620.0492852288958,1.0281917791021797,16.16229476714734
10,2,patch,80.0,opm_matched,2,True,12.564035566822104,11.56725046285045,0.14285714285714285,19.015156841183515,10.446746966570938,5.6544084277879065,3.8763358688910032,2.2124631103489376,71.99593805981065,190.07030331197376,1.016459719700952,16.16229476714734
10,2,patch,80.0,opm_dense,2,True,11.168016118749016,11.198481051127107,0.14285714285714285,12.564035566822104,9.944935108844797,3.9227728886678266,1.761410566169337,2.2124631103489376,64.21484706274725,65.26923939642133,0.9075068954752493,16.16229476714734
10,2,patch,80.0,squid_mag,2,True,19.015156841183515,8.007375029328632,0.0,19.015156841183515,7.1913120097082,9.206985683794278,7.524235739026951,2.2124631103489376,47.63790936573066,857.3622992242096,1.1388751298948647,16.16229476714734
10,2,patch,80.0,squid_grad,2,True,9.146759561230663,6.976988352262234,0.14285714285714285,9.146759561230663,6.652831860315391,5.525328109993027,3.3927952199272027,2.2124631103489376,31.659972380592727,1308.0117566652905,0.9895562562699215,16.16229476714734
11,2,patch,320.0,squid,2,True,12.564035566822104,21.245703175143284,0.0,12.564035566822104,19.162744957036928,2.750980471915908,1.6413028813686557,2.2124631103489376,79.8886017491437,18.845234871711487,1.124475531521659,16.16229476714734
11,2,patch,320.0,opm_matched,2,True,12.564035566822104,39.074838600450306,0.14285714285714285,12.564035566822104,35.01896112353739,2.078949426955056,1.148214692664142,2.2124631103489376,95.37561228499462,7.272247541435489,1.3213526058396896,16.16229476714734
11,2,patch,320.0,opm_dense,2,True,11.168016118749016,37.83279884404583,0.14285714285714285,12.564035566822104,33.939382932059914,2.384174896535997,0.5174744795777814,2.2124631103489376,93.05399918945554,1.6950329132223318,1.4178442435411514,16.16229476714734
11,2,patch,320.0,squid_mag,2,True,12.564035566822104,25.80111251000074,0.0,12.564035566822104,25.08152724405295,3.1575008490931635,2.0983578631556905,2.2124631103489376,91.40688182576,25.68539880610746,1.1400949214456204,16.16229476714734
11,2,patch,320.0,squid_grad,2,True,11.168016118749016,19.34630105344501,0.0,11.168016118749016,17.522212238019378,2.6799972023436807,1.6000818901335634,2.2124631103489376,80.07774740107774,39.89480233636162,1.1675647446114736,16.16229476714734
12,3,focal,80.0,squid,3,True,12.70506968682429,12.411945382548598,nan,12.70506968682429,11.872116632297859,4.791756511746939,1.159886433525522,4.13951867847574,56.549435704781835,118.51568679755766,0.9298435396571454,11.66089233130405
12,3,focal,80.0,opm_matched,3,True,12.70506968682429,24.397692948053027,nan,12.70506968682429,23.84666732706107,4.3232415577042715,0.4677046365362779,4.13951867847574,90.17888250668196,49.15935212447794,1.0490392684599676,11.66089233130405
12,3,focal,80.0,opm_dense,3,True,12.70506968682429,21.31889215909196,nan,12.70506968682429,19.639660116520485,22.743227054763388,26.095038742051766,4.13951867847574,37.13582621680384,22.519841047738225,5.91719766091856,11.66089233130405
12,3,focal,80.0,squid_mag,3,True,12.70506968682429,14.1139531510443,nan,12.70506968682429,13.744169208193119,4.526103710264842,0.889217386609724,4.13951867847574,76.80843131749798,193.773252620599,0.9516256949702112,11.66089233130405
12,3,focal,80.0,squid_grad,3,True,12.70506968682429,11.30790145249873,nan,12.70506968682429,11.024967519768499,4.40686313066854,1.5559411256718347,4.13951867847574,58.743153141222706,256.4499917105534,0.8909948009669346,11.66089233130405
13,3,focal,320.0,squid,3,True,22.15630489635418,45.297682988528045,nan,19.838221848744663,44.22113564107637,3.521322197883388,0.717388312856886,4.13951867847574,94.57275227498583,2.0708056989380137,1.031151586649983,11.66089233130405
13,3,focal,320.0,opm_matched,3,True,12.70506968682429,90.27257638521358,nan,12.70506968682429,88.51393655767504,4.068882391028767,0.8981609800121954,4.13951867847574,99.0279111175883,1.028303079983986,1.3078887307089015,11.66089233130405
13,3,focal,320.0,opm_dense,3,True,10.03931605049078,84.51835959869828,nan,10.03931605049078,78.82466644291898,23.079343614540235,26.515706024059327,4.13951867847574,41.1215232817071,0.36299086491215643,76.28642600651591,11.66089233130405
13,3,focal,320.0,squid_mag,3,True,22.15630489635418,53.44615159011612,nan,12.70506968682429,51.82545888362518,3.477527671455559,0.8288088361793475,4.13951867847574,98.11755060231462,3.4899168861532415,0.8937522275644205,11.66089233130405
13,3,focal,320.0,squid_grad,3,True,22.15630489635418,43.12332316410157,nan,19.838221848744663,41.99051587862672,3.503949905826317,0.6916070804844806,4.13951867847574,94.31811031810543,4.326388908746388,1.0745061285559658,11.66089233130405
14,3,patch,80.0,squid,3,False,88.52631318740175,2.66348601786444,0.0,68.5753331715965,2.616558642006218,63.90306529624272,60.83147067933814,4.13951867847574,5.454608314140251,11017.644086971111,0.8616109353682352,11.66089233130405
14,3,patch,80.0,opm_matched,3,False,12.824773557255085,3.310726113920858,0.0,76.37694111014642,3.139762915423482,21.846114908880104,25.958446205321454,4.13951867847574,16.040286883533796,29626.09808518381,0.8345294724038886,11.66089233130405
14,3,patch,80.0,opm_dense,3,False,72.53346212449347,3.368049609143253,0.0,72.53346212449347,3.196674116038986,78.20315611759601,78.73334686947554,4.13951867847574,8.152042490366112,116780.41513237962,0.9376903646127906,11.66089233130405
14,3,patch,80.0,squid_mag,3,False,76.37694111014642,4.107317165152259,0.0,76.37694111014642,4.071755377830486,78.1852421922505,75.82123612681407,4.13951867847574,15.646024296199421,17222.609132492275,0.8643981046519322,11.66089233130405
14,3,patch,80.0,squid_grad,3,False,22.60320216125666,3.014410597677079,0.0,22.60320216125666,3.108031772622005,83.28622013147209,83.50888220588322,4.13951867847574,4.4255443483603205,33584.257455402665,0.8627524992417079,11.66089233130405
15,3,patch,320.0,squid,3,False,28.4402773424665,3.953525116493117,0.0,115.46914685999589,3.523588981433,39.65729241736107,41.81103886534074,4.13951867847574,8.750945335281509,21399.271178682684,1.0716528704117367,11.66089233130405
15,3,patch,320.0,opm_matched,3,True,12.824773557255085,8.15257149381417,0.25,12.824773557255085,7.916045146827861,23.425332222644847,24.966003100681206,4.13951867847574,51.03787572611792,2652.3138479388363,0.9958771746896344,11.66089233130405
15,3,patch,320.0,opm_dense,3,True,12.824773557255085,8.253105764157564,0.25,12.824773557255085,8.266866934899555,19.47652463840862,20.794625314278083,4.13951867847574,37.379377923302634,773.5911116297923,1.2695121209891618,11.66089233130405
15,3,patch,320.0,squid_mag,3,False,31.856292283999903,4.709549690847171,0.0,50.549274306189965,4.478122981531345,41.07065923692472,43.27730639659603,4.13951867847574,24.37514111191702,55492.93013979883,0.932935329664099,11.66089233130405
15,3,patch,320.0,squid_grad,3,False,121.58718275230315,3.502636568160907,0.0,121.58718275230315,3.558561024416467,66.44800905163463,69.86044385873177,4.13951867847574,4.595715581433121,55867.248092067675,1.1014748164515105,11.66089233130405
16,4,focal,80.0,squid,4,True,14.562081848030632,12.73669421404849,nan,14.562081848030632,13.205912230046476,6.969559566093994,3.4185970442984766,3.61630823005487,45.97332365520334,164.02088862599066,0.9710552881833969,15.20367475855308
16,4,focal,80.0,opm_matched,4,True,14.562081848030632,12.854572764513714,nan,14.562081848030632,12.624368400963904,6.798074479804134,3.453037742101791,3.61630823005487,71.74135214004555,2970.0640348112483,0.8854774718104366,15.20367475855308
16,4,focal,80.0,opm_dense,4,True,10.403502267611223,16.851316010134067,nan,10.403502267611223,16.73970248595977,4.9263004627586096,1.8150690870712602,3.61630823005487,72.10334074129076,98.02731647428848,1.0305107525849964,15.20367475855308
16,4,focal,80.0,squid_mag,4,True,14.562081848030632,12.51898292354667,nan,14.562081848030632,12.341424203059473,7.90048805049985,5.048428621210322,3.61630823005487,72.93244120374169,990.9544314010907,0.6690407955297217,15.20367475855308
16,4,focal,80.0,squid_grad,4,True,10.403502267611223,11.33095907152696,nan,10.403502267611223,11.870452859509852,6.076147205403924,2.616940345440555,3.61630823005487,46.260599675191706,336.5398571512129,1.0823189486511389,15.20367475855308
17,4,focal,320.0,squid,4,True,14.562081848030632,51.79977070786783,nan,14.562081848030632,55.35613057279305,2.884920540797555,0.7744245328114351,3.61630823005487,92.77960793861193,2.3818052229957476,1.0488377038865255,15.20367475855308
17,4,focal,320.0,opm_matched,4,True,14.562081848030632,51.268459118641246,nan,14.562081848030632,50.83883116268414,3.5550085978330173,0.42362101793664797,3.61630823005487,96.68719060158763,15.810342355619401,1.2033335613203073,15.20367475855308
17,4,focal,320.0,opm_dense,4,True,10.403502267611223,64.93039119196288,nan,10.403502267611223,65.17922429531015,3.7020753532292003,0.19867226907554197,3.61630823005487,97.38051126574251,1.3604129108286758,1.0314638470448734,15.20367475855308
17,4,focal,320.0,squid_mag,4,True,14.562081848030632,51.55248795706554,nan,14.562081848030632,51.74694893964278,2.8841621072917856,0.9329937065305126,3.61630823005487,96.82929676357685,9.526757408304068,0.9980973222348934,15.20367475855308
17,4,focal,320.0,squid_grad,4,True,10.403502267611223,44.94919584712832,nan,10.403502267611223,47.85927980730606,2.644857982306016,1.0996180082777294,3.61630823005487,94.0696243044772,6.4048637013010685,1.0487067249769164,15.20367475855308
18,4,patch,80.0,squid,4,True,16.927069072252873,4.9647684544731305,0.0,16.927069072252873,5.219693161275068,7.6558715739632,4.667617721099414,3.61630823005487,10.403892832430174,5650.087982524132,1.0584538783821176,15.20367475855308
18,4,patch,80.0,opm_matched,4,True,14.562081848030632,4.311638954470105,0.0,14.562081848030632,4.132276190044321,19.455417222269205,21.769349575773948,3.61630823005487,21.82610863465628,13035.570551326924,1.085777295707677,15.20367475855308
18,4,patch,80.0,opm_dense,4,True,10.403502267611223,7.396428097656632,0.2,10.403502267611223,7.219994943802443,6.718889569144198,4.107610250966186,3.61630823005487,25.28941597186715,1395.7501089100065,1.3285851340387018,15.20367475855308
18,4,patch,80.0,squid_mag,4,True,14.562081848030632,4.77696515787004,0.0,10.589476120589449,4.6111899951759625,14.921274093825744,16.661964118475968,3.61630823005487,22.040270604792735,9861.483149726084,1.0002823000262255,15.20367475855308
18,4,patch,80.0,squid_grad,4,True,16.927069072252873,5.3285010070437355,0.0,16.927069072252873,5.593092067028259,9.231483268208992,7.2459417294275354,3.61630823005487,11.85166198223199,12942.588538558854,1.0762309244542883,15.20367475855308
19,4,patch,320.0,squid,4,True,16.927069072252873,25.34279885134067,0.0,16.927069072252873,26.624806305395293,7.92630031948412,6.729525344407801,3.61630823005487,76.1792705428613,41.94962387541155,1.034332260752842,15.20367475855308
19,4,patch,320.0,opm_matched,4,True,14.562081848030632,24.109943827609033,0.0,14.562081848030632,24.111854186049914,6.73959805397786,5.481988201121252,3.61630823005487,88.86457214099764,178.57488328939053,0.9806568405777647,15.20367475855308
19,4,patch,320.0,opm_dense,4,True,16.927069072252873,32.64587233209105,0.2,16.927069072252873,32.29140561805343,8.210399189976606,6.256201617577834,3.61630823005487,91.21207386064151,14.50465714020395,0.9489143976597044,15.20367475855308
19,4,patch,320.0,squid_mag,4,True,14.562081848030632,24.175275240998293,0.0,14.562081848030632,24.277383652346213,7.437975234958696,6.4003776712332385,3.61630823005487,89.70677736320468,118.9184033950407,0.8415814819880814,15.20367475855308
19,4,patch,320.0,squid_grad,4,True,16.927069072252873,23.94206972373783,0.0,16.927069072252873,25.03717340864974,7.860545370782828,6.707372663728864,3.61630823005487,78.81998822782025,85.68405679239251,1.1745297131752175,15.20367475855308
20,5,focal,80.0,squid,5,True,11.26842962705043,6.181924848591095,nan,11.26842962705043,6.442308832996954,4.791772210649327,3.0049463587551126,2.287119574540942,27.348242175269295,525.8530449609481,1.0063527556629805,18.163454646625866
20,5,focal,80.0,opm_matched,5,True,5.973931486931009,11.576893288543989,nan,5.973931486931009,11.619765429515038,5.2658762252399205,3.4486875929875147,2.287119574540942,61.48633299221666,1280.6263651056424,1.0815772157963892,18.163454646625866
20,5,focal,80.0,opm_dense,5,True,5.973931486931009,11.632331387575489,nan,5.973931486931009,11.965015596271064,5.140756504988957,2.9503058140834684,2.287119574540942,49.512305445527204,209.9562928178839,1.1456096274074072,18.163454646625866
20,5,focal,80.0,squid_mag,5,True,11.26842962705043,8.574447103851593,nan,11.26842962705043,8.810909098736577,6.049009096658043,4.288695134774249,2.287119574540942,51.34779816458086,991.7838930356081,0.9868954432601409,18.163454646625866
20,5,focal,80.0,squid_grad,5,True,10.326727628114726,5.54680239097197,nan,10.326727628114726,5.654361734602104,4.250554977873616,2.16207708912665,2.287119574540942,30.219415620811745,742.6988507232807,0.9621455929847716,18.163454646625866
21,5,focal,320.0,squid,5,True,11.26842962705043,24.146474900330013,nan,5.973931486931009,25.65976936114856,3.5018968354347733,1.252861285902123,2.287119574540942,84.03278977261101,8.230175319329224,1.1209412172939839,18.163454646625866
21,5,focal,320.0,opm_matched,5,True,5.973931486931009,42.73685979290345,nan,5.973931486931009,43.48337236311095,3.22391741958817,1.2343072930426866,2.287119574540942,95.09341454800038,23.45856524664235,1.2426689633318997,18.163454646625866
21,5,focal,320.0,opm_dense,5,True,5.973931486931009,48.11037639873633,nan,5.973931486931009,49.58012341690548,3.1122785834269115,0.8704695340931232,2.287119574540942,94.14820624055623,2.8672108220548562,1.1818290551919874,18.163454646625866
21,5,focal,320.0,squid_mag,5,True,5.973931486931009,34.8039895374756,nan,5.973931486931009,35.842318678474484,3.6045418989448637,1.500776705347506,2.287119574540942,93.48560965064546,17.508962816631445,1.1149454932335314,18.163454646625866
21,5,focal,320.0,squid_grad,5,True,5.973931486931009,20.718792801204625,nan,5.973931486931009,21.13880346654736,3.7053345272685205,1.4410262991676643,2.287119574540942,84.7100187694655,10.947044797592108,1.1510787637604731,18.163454646625866
22,5,patch,80.0,squid,5,True,11.273830225425773,5.308212248717171,0.0,11.273830225425773,5.50924514282043,6.556198720496409,6.711473713050888,2.287119574540942,16.886803762847883,1177.0472290222242,1.067007883825135,18.163454646625866
22,5,patch,80.0,opm_matched,5,True,10.326727628114726,8.008245726524287,0.375,10.326727628114726,7.978247120818125,4.698119583908642,4.195834709524375,2.287119574540942,47.30212132699859,2307.44627676433,1.0214173353030276,18.163454646625866
22,5,patch,80.0,opm_dense,5,True,10.326727628114726,8.183120790039121,0.25,10.326727628114726,8.41290752491667,5.740993812075091,4.172978061435256,2.287119574540942,37.16233944160451,916.691492101909,0.9462164970241909,18.163454646625866
22,5,patch,80.0,squid_mag,5,True,11.273830225425773,6.822416883343229,0.25,11.273830225425773,6.86518876918952,5.087017243106258,5.149621499310915,2.287119574540942,41.80780321866744,1733.1298491159841,0.9223786040533173,18.163454646625866
22,5,patch,80.0,squid_grad,5,True,11.273830225425773,4.771960083708407,0.0,11.273830225425773,4.746596053813817,20.02783023216464,18.136026711976413,2.287119574540942,14.88925692278179,5652.409609979104,1.1837743132487222,18.163454646625866
23,5,patch,320.0,squid,5,True,10.326727628114726,20.458655180435912,0.25,10.326727628114726,21.737445787558155,4.665352223417229,2.6164068117739885,2.287119574540942,74.07370573971619,33.5289465591036,1.0171370985529262,18.163454646625866
23,5,patch,320.0,opm_matched,5,True,10.326727628114726,29.746129691646438,0.375,10.326727628114726,29.774757162506653,4.942244331399718,2.896060877395059,2.287119574540942,93.34193435438569,62.202148205544596,0.9283645983510764,18.163454646625866
23,5,patch,320.0,opm_dense,5,True,10.326727628114726,29.518128281841808,0.25,10.326727628114726,30.12270488833427,4.674734036055969,2.654532513203502,2.287119574540942,86.30572251618926,17.456939275512063,1.193252710371507,18.163454646625866
23,5,patch,320.0,squid_mag,5,True,10.326727628114726,23.98024783360726,0.375,10.326727628114726,24.59693466130262,5.5336308285174685,3.461413292620408,2.287119574540942,89.35121761211418,55.68055928764983,0.9777114632566511,18.163454646625866
23,5,patch,320.0,squid_grad,5,True,11.273830225425773,17.19874757606256,0.125,10.326727628114726,17.73952819550418,3.670366244431518,1.6454608713902679,2.287119574540942,76.95152240093859,44.71633790073112,0.9670950348007117,18.163454646625866
24,6,focal,80.0,squid,6,False,72.26607714377509,3.5567332245058942,nan,72.26607714377509,3.316854721342896,3.6947305596218563,3.6506145899084514,2.986108045851033,7.60503558974603,7835.115700795963,1.0974067642026255,22.731497826677533
24,6,focal,80.0,opm_matched,6,False,16.180133316391206,3.657156568991946,nan,16.180133316391206,3.4225093283058485,8.271795853509234,8.783977356581333,2.986108045851033,18.48800260441932,10615.63541180882,0.8925790638467423,22.731497826677533
24,6,focal,80.0,opm_dense,6,False,8.578329060012784,4.530847593791371,nan,8.578329060012784,4.30726430991721,6.493411534248753,5.9735816411481855,2.986108045851033,12.11905905666199,4618.276530221433,1.052019005728307,22.731497826677533
24,6,focal,80.0,squid_mag,6,False,13.721596533875545,3.8845317464898033,nan,16.180133316391206,3.5534018701032655,6.267618591820755,6.762058868212837,2.986108045851033,16.853930051652405,9978.774351058084,1.1160389465971836,22.731497826677533
24,6,focal,80.0,squid_grad,6,False,30.09565642671086,3.8499138568238447,nan,30.09565642671086,3.977171009091558,6.820443215643951,9.298986215060774,2.986108045851033,10.561360205375783,17351.445448914965,1.0405169576337474,22.731497826677533
25,6,focal,320.0,squid,6,True,8.578329060012784,11.991399709086467,nan,8.578329060012784,11.398539319915592,4.603091467647941,3.3588539563824384,2.986108045851033,43.162659599361035,152.81014336808693,1.1187744716202006,22.731497826677533
25,6,focal,320.0,opm_matched,6,True,9.060930336987546,14.604016550889558,nan,9.060930336987546,14.568148141721233,5.5583599822986045,4.764463547275877,2.986108045851033,70.03055105408444,127.5938381793967,1.4453366416779203,22.731497826677533
25,6,focal,320.0,opm_dense,6,True,8.578329060012784,15.215915676883276,nan,8.578329060012784,15.849119171160408,4.441247619588729,2.4325250910944436,2.986108045851033,60.69144286722654,48.59854589489722,1.4357556353996745,22.731497826677533
25,6,focal,320.0,squid_mag,6,True,9.060930336987546,12.055167124715227,nan,8.578329060012784,11.56115230191413,5.2046235410173045,3.97656037237062,2.986108045851033,60.923982161755866,246.16059951831105,1.371890623661171,22.731497826677533
25,6,focal,320.0,squid_grad,6,True,8.578329060012784,10.998898434303198,nan,8.578329060012784,10.768766766762186,3.956102111569622,2.896287785814504,2.986108045851033,49.81538162827716,252.55389736717197,1.1120127021876791,22.731497826677533
26,6,patch,80.0,squid,6,False,39.914979680769456,3.583061865994332,0.0,39.914979680769456,3.520997426947681,10.144806404419231,9.671721035519454,2.986108045851033,6.559245626229626,4524.515925885098,0.9615548016705318,22.731497826677533
26,6,patch,80.0,opm_matched,6,False,2.8961829133826793,2.9733013179696908,0.3333333333333333,8.578329060012784,2.8459300992112717,7.003000948326643,5.573623681055651,2.986108045851033,19.00107339825743,7475.3117882309425,0.869308207599726,22.731497826677533
26,6,patch,80.0,opm_dense,6,False,8.578329060012784,3.966866750252836,0.3333333333333333,8.578329060012784,3.939202721699969,4.4457781770974005,2.353902252986336,2.986108045851033,15.352771187704242,2355.7947107310633,0.9148218793048728,22.731497826677533
26,6,patch,80.0,squid_mag,6,False,45.20912253893187,3.5096779773681526,0.0,41.115286729110046,3.413300693460859,17.48516058783105,17.64120535862179,2.986108045851033,14.777798726809523,8973.146616531256,1.0993542344214047,22.731497826677533
26,6,patch,80.0,squid_grad,6,False,12.892896260437814,3.0681174241974833,0.0,12.892896260437814,3.0336478951097083,95.13223302932651,93.65076703626828,2.986108045851033,6.671492725616816,37255.89479648819,0.90837167688289,22.731497826677533
27,6,patch,320.0,squid,6,True,8.578329060012784,14.56362047321092,0.16666666666666666,8.578329060012784,14.343275884386271,3.649264094469406,2.397439950337498,2.986108045851033,56.4669048282566,71.86384208367006,1.0650058072561461,22.731497826677533
27,6,patch,320.0,opm_matched,6,True,2.8961829133826793,18.260899569706435,0.5,2.8961829133826793,18.14689145680775,3.9015290578573723,3.4584614073234925,2.986108045851033,82.61948449138569,55.496387614412626,1.224284844385026,22.731497826677533
27,6,patch,320.0,opm_dense,6,True,8.578329060012784,20.564004564901772,0.3333333333333333,8.578329060012784,20.824177583378383,4.359651195360596,3.977887860645699,2.986108045851033,80.13210942901551,16.99443722052203,1.006776660914009,22.731497826677533
27,6,patch,320.0,squid_mag,6,True,8.578329060012784,15.59451893472038,0.16666666666666666,8.578329060012784,15.222161689028361,3.2848546613940335,1.715755690194771,2.986108045851033,76.81327432936871,104.74724472359783,1.0409840444913687,22.731497826677533
27,6,patch,320.0,squid_grad,6,True,8.578329060012784,14.20124719392541,0.16666666666666666,8.578329060012784,14.196042459993993,3.718281366053959,1.984639237019423,2.986108045851033,65.25517597636119,110.89080899706585,0.9879975771674243,22.731497826677533
28,7,focal,80.0,squid,7,True,6.3931927702224565,3.673058093016791,nan,74.11360788097357,3.300730385052518,5.797524184693255,6.469234144634425,2.4917139982043484,12.317065771084856,10471.70686197166,1.0290555878810634,28.79051888438163
28,7,focal,80.0,opm_matched,7,True,6.3931927702224565,6.720108636546389,nan,2.495117040136044,6.69379794109991,12.85883488415861,11.5129991143386,2.4917139982043484,37.40458781299459,6342.260437131417,1.0782383412192647,28.79051888438163
28,7,focal,80.0,opm_dense,7,True,6.3931927702224565,5.939808140304869,nan,6.3931927702224565,6.413100601989712,5.264061149969909,4.303774521201882,2.4917139982043484,20.51781048867498,5428.105377061398,1.1757676352567297,28.79051888438163
28,7,focal,80.0,squid_mag,7,True,6.3931927702224565,4.425137830194754,nan,6.3931927702224565,4.484559725941995,16.147593870662735,15.762516850497875,2.4917139982043484,25.003726495988783,15447.754636259155,1.1614548359192192,28.79051888438163
28,7,focal,80.0,squid_grad,7,True,2.495117040136044,4.095933421434372,nan,2.495117040136044,3.782893957592156,12.64037424364385,11.181408154851892,2.4917139982043484,14.847264572447463,21805.598505105376,1.0119441802087283,28.79051888438163
29,7,focal,320.0,squid,7,True,6.3931927702224565,7.999222395909348,nan,6.3931927702224565,7.615472329989228,5.65807340740376,3.350058009067254,2.4917139982043484,51.71549010279337,826.0503327944431,1.0418558724169142,28.79051888438163
29,7,focal,320.0,opm_matched,7,True,6.3931927702224565,18.40218001077525,nan,6.3931927702224565,18.56681959162184,5.088887905343356,2.784797357429246,2.4917139982043484,79.77318083114125,678.2460152598985,1.2911516021683784,28.79051888438163
29,7,focal,320.0,opm_dense,7,True,6.3931927702224565,18.854742183954173,nan,6.3931927702224565,19.52386224584375,5.053314985136882,3.4712889035581966,2.4917139982043484,72.94475657642445,247.4196541531104,1.2340548086249967,28.79051888438163
29,7,focal,320.0,squid_mag,7,True,6.3931927702224565,12.198621495443115,nan,2.495117040136044,11.65348897523251,5.717221622350897,3.5771192241436736,2.4917139982043484,73.40965360144544,851.6492836073778,1.1929888975029421,28.79051888438163
29,7,focal,320.0,squid_grad,7,True,23.484280691984583,6.503776882687066,nan,29.947053587664932,5.740987605654498,7.506695873920888,5.397550401454271,2.4917139982043484,48.049631354956844,2486.473286538078,1.0644808653562452,28.79051888438163
30,7,patch,80.0,squid,7,True,88.19890017114786,3.3118775901316275,0.0,88.19890017114786,3.282075653334131,44.345459007509085,44.62723288481314,2.4917139982043484,8.757193905738685,11431.328433443485,0.8296725182640151,28.79051888438163
30,7,patch,80.0,opm_matched,7,True,6.3931927702224565,5.414754580811397,0.3333333333333333,6.3931927702224565,5.375553287926016,4.04363520878808,5.738349546036101,2.4917139982043484,39.1393215877007,13431.861905039348,0.6862279136863428,28.79051888438163
30,7,patch,80.0,opm_dense,7,True,6.3931927702224565,4.514328577975631,0.16666666666666666,6.3931927702224565,5.299767517731745,12.396451657814005,12.749819075656411,2.4917139982043484,23.038797082366848,14804.70291348648,0.9079990181815011,28.79051888438163
30,7,patch,80.0,squid_mag,7,True,29.42678262232276,2.7957124949072103,0.16666666666666666,29.42678262232276,2.845660553035131,44.701355915988,45.10257153935007,2.4917139982043484,26.75928088929901,11307.106173849896,0.7055125363336276,28.79051888438163
30,7,patch,80.0,squid_grad,7,False,91.79754268283267,3.168291145749081,0.0,91.79754268283267,3.221271122938931,41.6279101839981,41.95443856542764,2.4917139982043484,8.704900121824103,37059.08079706279,0.8406667759294976,28.79051888438163
31,7,patch,320.0,squid,7,True,6.3931927702224565,9.453365380602278,0.3333333333333333,6.3931927702224565,8.652538857354358,3.310490322515289,4.2355018535283335,2.4917139982043484,52.80779127025351,650.8986391252067,0.9660689961306582,28.79051888438163
31,7,patch,320.0,opm_matched,7,True,6.3931927702224565,19.996306523001245,0.6666666666666666,6.3931927702224565,19.990271972775098,2.2440559074548463,2.1043060099236484,2.4917139982043484,83.5587715275657,542.0496753857126,1.0117600539863,28.79051888438163
31,7,patch,320.0,opm_dense,7,True,6.3931927702224565,20.306173094871273,0.5,6.3931927702224565,20.945448920664955,4.232436173055612,4.508496717507155,2.4917139982043484,74.86079589661907,203.11037819858936,1.1143992506497464,28.79051888438163
31,7,patch,320.0,squid_mag,7,True,6.3931927702224565,12.064458629532437,0.3333333333333333,2.495117040136044,11.924402433901928,2.7583964385374156,4.105103974400784,2.4917139982043484,74.11569710238766,778.8847547125525,1.1476151625390978,28.79051888438163
31,7,patch,320.0,squid_grad,7,True,28.021383982633328,6.382666682513848,0.3333333333333333,28.021383982633328,5.623481831920928,7.06560991534158,6.233775007960969,2.4917139982043484,52.956851446796236,1758.7982187820242,0.7827626548232006,28.79051888438163
32,8,focal,80.0,squid,0,True,20.21805296706475,3.4160526709746106,nan,7.005504471974936,3.312157572831031,7.543263461731101,4.892763899962498,2.8487920025246054,12.449917697517915,2346.5013702330953,1.070410864220977,20.63023271138994
32,8,focal,80.0,opm_matched,0,True,7.005504471974936,6.135877554113678,nan,7.005504471974936,6.1900661786421445,6.097278225394792,3.5406071992050494,2.8487920025246054,42.06640096268783,1278.7888851470996,0.9527525847503382,20.63023271138994
32,8,focal,80.0,opm_dense,0,True,3.268873484039232,5.909441188017535,nan,3.268873484039232,6.1540438912618916,3.6931543097085004,1.1728955451674712,2.8487920025246054,33.40524919127994,536.7165169667578,0.8214866322029316,20.63023271138994
32,8,focal,80.0,squid_mag,0,True,7.005504471974936,4.829512605616666,nan,7.005504471974936,4.774826135130077,6.154534940588473,3.651230465434328,2.8487920025246054,29.25784387271555,3607.65125589344,0.9606428494533747,20.63023271138994
32,8,focal,80.0,squid_grad,0,True,40.78637988183369,4.024626993197117,nan,13.650595469848891,4.165756979410565,6.974476885510507,4.428966391157169,2.8487920025246054,14.373584754068421,4330.081025542791,1.1559472595451532,20.63023271138994
33,8,focal,320.0,squid,0,True,15.7089873424612,11.903034738922155,nan,15.7089873424612,10.197995223800854,5.615203846641401,3.684308379093262,2.8487920025246054,64.17599934832623,61.859860868461965,1.013303975549015,20.63023271138994
33,8,focal,320.0,opm_matched,0,True,3.268873484039232,20.891324742257154,nan,3.268873484039232,21.653273601680237,4.005891292949347,1.5128601832573454,2.8487920025246054,89.51484847515773,32.56117900580303,0.9068080062295141,20.63023271138994
33,8,focal,320.0,opm_dense,0,True,3.268873484039232,19.203614323828845,nan,3.268873484039232,20.09522123582942,4.178255408983659,1.732176229000208,2.8487920025246054,80.37442752728184,15.084940034049348,1.175676803595963,20.63023271138994
33,8,focal,320.0,squid_mag,0,True,11.666561273480141,16.699907319326798,nan,11.666561273480141,15.314997807842147,5.512046241211092,3.6305695825171473,2.8487920025246054,84.33904447959884,78.5394061632405,0.9382203266401368,20.63023271138994
33,8,focal,320.0,squid_grad,0,True,15.7089873424612,12.484650621745663,nan,15.7089873424612,11.293573452733192,5.331588468884948,4.183814381402576,2.8487920025246054,68.79727529145406,112.42994269335239,1.0500324459894355,20.63023271138994
34,8,patch,80.0,squid,0,True,88.3344931598484,3.3674190754934865,0.0,83.92818586589006,3.2127825925574656,7.394697209786476,6.8175128924575485,2.8487920025246054,5.675312102080046,7878.516126627463,1.1583252115823282,20.63023271138994
34,8,patch,80.0,opm_matched,0,True,3.268873484039232,4.98865105063957,0.5,3.268873484039232,5.19395096922633,1.1813865340571976,3.1829909607862463,2.8487920025246054,25.655904757339826,2377.920197425432,1.2290573989540081,20.63023271138994
34,8,patch,80.0,opm_dense,0,True,3.268873484039232,5.114178682209265,0.3333333333333333,3.268873484039232,5.394813380689228,2.9674999660007915,1.6546128285879669,2.8487920025246054,20.365872666634015,941.2790945629491,1.0294587898691367,20.63023271138994
34,8,patch,80.0,squid_mag,0,True,15.232551890518584,4.149952589264442,0.0,15.232551890518584,3.79291997468304,6.589147271622206,6.357982554951897,2.8487920025246054,18.415177814722803,7619.76809165264,1.0277424305458212,20.63023271138994
34,8,patch,80.0,squid_grad,0,False,113.66714714341771,3.7123585618533252,0.0,114.98604951149923,3.5071242944833667,10.52421020210453,10.143545926845917,2.8487920025246054,6.4119528039356295,13409.323033870407,1.121293780340327,20.63023271138994
35,8,patch,320.0,squid,0,True,15.232551890518584,13.064532320386114,0.5,3.268873484039232,13.001067347194216,2.4838825073435213,3.0928496236357557,2.8487920025246054,64.66513363789028,59.71673565679526,0.9685379072845446,20.63023271138994
35,8,patch,320.0,opm_matched,0,True,3.268873484039232,23.608495615387756,0.6666666666666666,3.268873484039232,23.744715973479483,3.1099532624173234,3.2292770387339864,2.8487920025246054,87.32278741768467,35.006983731018835,1.1727480631253362,20.63023271138994
35,8,patch,320.0,opm_dense,0,True,3.268873484039232,22.41547289279251,0.6666666666666666,3.268873484039232,23.100045903866032,2.884872649567842,2.616760711335532,2.8487920025246054,82.02873426556752,9.676822473135466,1.1426879754839636,20.63023271138994
35,8,patch,320.0,squid_mag,0,True,11.666561273480141,17.124956432018976,0.5,3.268873484039232,16.672752053788876,2.4712171478691785,2.9949829339871137,2.8487920025246054,84.7387207038896,78.18210329995394,0.907286582755279,20.63023271138994
35,8,patch,320.0,squid_grad,0,True,17.973442466068963,11.559094568006369,0.16666666666666666,15.7089873424612,10.004016409249665,1.351761000513507,2.4217828781568045,2.8487920025246054,64.8000325528645,145.58812145538158,0.9945717246076978,20.63023271138994
36,9,focal,80.0,squid,1,True,17.966202429508527,3.176450230059966,nan,82.90899799436289,3.0617594061121802,10.982120681439651,8.555253190603052,2.435244739040688,6.35601208960475,12661.974416108396,1.173350898522437,28.118327166529053
36,9,focal,80.0,opm_matched,1,True,45.04262627289156,4.602141908468965,nan,40.73275381276729,4.751531164531809,12.720751837244359,10.326045418220765,2.435244739040688,17.529500271514934,15088.589498048277,1.2594770327836449,28.118327166529053
36,9,focal,80.0,opm_dense,1,True,10.680718568441101,4.526785289533799,nan,22.73243618596767,4.3565842717699095,12.47410662619982,10.05677323267679,2.435244739040688,17.010527729262908,4865.551618552192,1.0355447579008572,28.118327166529053
36,9,focal,80.0,squid_mag,1,True,17.583081288346488,4.186907593347151,nan,17.583081288346488,4.196043534671335,16.690533489992067,14.362257948134214,2.435244739040688,16.1375140311172,19271.74521288266,1.1632908960562538,28.118327166529053
36,9,focal,80.0,squid_grad,1,True,20.387688680047635,4.187284501224188,nan,20.387688680047635,3.956913415878983,45.66706785084589,47.566362626285006,2.435244739040688,8.079195614115235,40057.71032591029,1.2262394950905522,28.118327166529053
37,9,focal,320.0,squid,1,True,17.583081288346488,11.632227961615756,nan,17.583081288346488,11.362798675588106,6.140703831383334,3.72588132038513,2.435244739040688,50.90586916829174,213.040770561385,1.187649220010842,28.118327166529053
37,9,focal,320.0,opm_matched,1,True,0.9656300927902914,16.175338320110757,nan,0.9656300927902914,17.4781954730156,2.832830372409355,2.3464123241136057,2.435244739040688,78.88933255096524,177.10972109032656,1.2707356542896444,28.118327166529053
37,9,focal,320.0,opm_dense,1,True,0.9656300927902914,16.745162468920444,nan,0.9656300927902914,18.491284113443662,5.3263904340913735,3.9218783006960827,2.435244739040688,72.94600112291816,107.99365263942481,1.219488703955796,28.118327166529053
37,9,focal,320.0,squid_mag,1,True,19.85017054154226,14.242074580804992,nan,19.85017054154226,13.780171790053217,2.7741502774298876,2.7479011651135647,2.435244739040688,75.38813153836394,302.9475262749633,1.1227314118758063,28.118327166529053
37,9,focal,320.0,squid_grad,1,True,23.629777844797367,12.089724450809953,nan,23.629777844797367,11.424700364737344,7.216764991974314,4.7945175209340904,2.435244739040688,56.27203345233984,388.0353909358211,1.2506884579506083,28.118327166529053
38,9,patch,80.0,squid,1,False,42.64958267228361,3.5918245544689733,0.0,42.64958267228361,3.697297271990024,89.3381261318435,89.69966937221936,2.435244739040688,4.855088782664897,18882.89046066756,1.0745841191842989,28.118327166529053
38,9,patch,80.0,opm_matched,1,False,75.17658153405219,3.9343133206922998,0.0,75.17658153405219,3.781626462321416,76.21378853425841,75.24602279006734,2.435244739040688,11.851938294769232,19429.50836102198,0.9835765166837169,28.118327166529053
38,9,patch,80.0,opm_dense,1,False,27.20086084180135,3.6666934916122775,0.0,27.20086084180135,4.06391581740514,102.10721814357271,101.94786468165891,2.435244739040688,9.394196695376197,7213.006187589724,1.0919931677352206,28.118327166529053
38,9,patch,80.0,squid_mag,1,False,75.24493785086487,4.136784394486639,0.0,75.24493785086487,3.8704026483874734,94.10182701380639,94.49398295963039,2.435244739040688,12.90494571186428,27594.233577713858,1.064192267020091,28.118327166529053
38,9,patch,80.0,squid_grad,1,False,56.911046832837386,3.6820973490176243,0.0,56.911046832837386,3.749560386712389,81.63018000092401,80.57212846467097,2.435244739040688,3.7619329685359713,38107.701461973935,1.0360671994077058,28.118327166529053
39,9,patch,320.0,squid,1,True,17.583081288346488,7.452386085620793,0.42857142857142855,17.966202429508527,7.61950522829947,1.7336592560801767,2.6015224996420403,2.435244739040688,32.391131042500646,840.4592565472936,1.0754514354177354,28.118327166529053
39,9,patch,320.0,opm_matched,1,True,0.9656300927902914,11.329107949125131,0.2857142857142857,0.9656300927902914,11.717661310112828,4.995340354624017,5.293930588520021,2.435244739040688,67.29572200661231,707.3215205695559,0.8665891356179117,28.118327166529053
39,9,patch,320.0,opm_dense,1,True,0.9656300927902914,10.574583947421441,0.2857142857142857,0.9656300927902914,11.267113262389987,3.898798705074942,3.2065311854095304,2.435244739040688,53.57782138946639,333.19001302415603,1.0829584681778464,28.118327166529053
39,9,patch,320.0,squid_mag,1,True,17.583081288346488,9.419987371375145,0.2857142857142857,0.9656300927902914,9.30750386417707,1.1544670994293447,2.9994080270362393,2.435244739040688,56.53027036825347,1017.6625020243414,1.1503102515354962,28.118327166529053
39,9,patch,320.0,squid_grad,1,True,17.583081288346488,7.681228000988806,0.0,17.583081288346488,7.3619036318975795,1.8797808086372338,3.0634080412230116,2.435244739040688,38.36347882507183,1445.8544653818744,1.037784400435529,28.118327166529053
40,10,focal,80.0,squid,2,True,3.6445195969095505,4.665425831028791,nan,3.6445195969095505,4.8446880108979,6.671774105786443,6.464894853618371,2.667030673219631,8.517292482675751,4676.328837864575,1.1616457769231223,20.734557356842743
40,10,focal,80.0,opm_matched,2,True,5.05433495033427,6.7035506530783335,nan,2.99999862909317,7.1149764717562585,7.637907241561642,6.632097980941743,2.667030673219631,46.149227089386656,576.1142809003198,0.8366736473142147,20.734557356842743
40,10,focal,80.0,opm_dense,2,True,5.05433495033427,7.349642620106752,nan,5.05433495033427,7.638426408464416,4.958650162550192,3.665845493764166,2.667030673219631,27.34241904978604,673.8722331541393,1.0786340004365875,20.734557356842743
40,10,focal,80.0,squid_mag,2,True,8.54833871458939,3.9824186944979005,nan,34.270066846358965,3.983368045590809,4.825057454124249,4.790909212241477,2.667030673219631,19.916411324970326,7523.040404704576,1.0159976199764176,20.734557356842743
40,10,focal,80.0,squid_grad,2,True,3.6445195969095505,4.09408912050083,nan,3.6445195969095505,4.308663362111395,10.495504889525481,10.022185666653922,2.667030673219631,14.367619395280268,4059.2491600316466,1.1713563394804278,20.734557356842743
41,10,focal,320.0,squid,2,True,14.719518969630702,15.638989561579026,nan,14.719518969630702,15.040996179306516,3.807241652229023,1.6607056517181027,2.667030673219631,67.03845850970774,43.03716975532947,1.1350470145962956,20.734557356842743
41,10,focal,320.0,opm_matched,2,True,16.041704355220865,25.04149845150897,nan,5.05433495033427,25.985582895508582,2.527736913123578,1.4187348889857483,2.667030673219631,88.4509675932392,12.852140443870995,1.519662591235147,20.734557356842743
41,10,focal,320.0,opm_dense,2,True,5.05433495033427,26.862656135419893,nan,5.05433495033427,29.05819921680204,2.3812934934111305,0.8420104763055843,2.667030673219631,80.75175930889166,7.933881482822555,1.7535707064421189,20.734557356842743
41,10,focal,320.0,squid_mag,2,True,16.041704355220865,20.024399279916178,nan,16.041704355220865,19.368966952540795,3.8971130359200656,1.8716920139121755,2.667030673219631,79.59118305075673,50.482168748776715,1.7156817487388987,20.734557356842743
41,10,focal,320.0,squid_grad,2,True,16.041704355220865,15.525004741475849,nan,16.041704355220865,14.918497788738545,2.9996683320516535,1.3823303896620907,2.667030673219631,73.94819856347434,99.78597771250641,0.967213996023075,20.734557356842743
42,10,patch,80.0,squid,2,True,14.719518969630702,4.937215001645711,0.25,9.938790643500191,4.647885548827801,3.0556060838415515,3.8304782094038816,2.667030673219631,19.790303234294054,1264.9607908725707,0.9735583774160075,20.734557356842743
42,10,patch,80.0,opm_matched,2,True,8.153016573247616,7.099183076762492,0.625,8.153016573247616,7.2709667783477085,3.329153169304041,3.1902989319731048,2.667030673219631,41.055557970217684,634.2224188303092,1.2126884921630472,20.734557356842743
42,10,patch,80.0,opm_dense,2,True,7.217803363190252,8.395922380267509,0.625,7.217803363190252,8.560624483869107,1.503038066394406,1.3104622479547192,2.667030673219631,40.17240084537433,272.5603052994552,1.0010864079851818,20.734557356842743
42,10,patch,80.0,squid_mag,2,True,14.719518969630702,6.596864277768816,0.625,8.54833871458939,6.524255418737965,4.3279726932199925,4.212260961011794,2.667030673219631,44.996729505971615,1357.7350251868522,0.9376800024905413,20.734557356842743
42,10,patch,80.0,squid_grad,2,True,14.719518969630702,4.679600059116828,0.25,14.719518969630702,4.680180665070925,8.373708135787622,9.725234841665841,2.667030673219631,19.873988819042342,3415.0890515040496,0.9660028311922845,20.734557356842743
43,10,patch,320.0,squid,2,True,14.719518969630702,15.837534720162761,0.5,14.719518969630702,14.401094812870456,2.242320128020449,0.8648256904017223,2.667030673219631,63.95916954658046,55.128634571011645,1.1172851403460373,20.734557356842743
43,10,patch,320.0,opm_matched,2,True,8.153016573247616,24.72145033772564,0.5,8.153016573247616,25.882360523974807,3.409438232428647,1.436610188177245,2.667030673219631,87.47566158711004,13.342488374684422,1.4040745814914912,20.734557356842743
43,10,patch,320.0,opm_dense,2,True,5.05433495033427,29.192161326053387,0.625,5.05433495033427,30.416275634969093,3.6185261079819275,1.3030041623776458,2.667030673219631,82.86207133636562,9.88778300969595,1.4086415093847764,20.734557356842743
43,10,patch,320.0,squid_mag,2,True,14.719518969630702,19.018014185886713,0.375,14.719518969630702,18.78837620634885,2.2917635878376856,1.40136033268986,2.667030673219631,82.67155688655188,64.09463218538303,1.2378558913339495,20.734557356842743
43,10,patch,320.0,squid_grad,2,True,14.719518969630702,15.091672077061514,0.5,14.719518969630702,14.412272393006027,2.313453035585857,0.45858697950694977,2.667030673219631,67.00993150454696,124.42772956569479,1.1923748117887725,20.734557356842743
44,11,focal,80.0,squid,3,True,12.819278682701139,4.485759886679787,nan,12.819278682701139,4.717750231056827,7.228212245976515,5.572389657790428,3.4550262470189113,14.101311162932523,2831.7251195720255,0.9957324381278457,28.437045986968904
44,11,focal,80.0,opm_matched,3,True,16.51467246537209,6.021611694954366,nan,16.51467246537209,5.907137182530733,15.242860752201198,12.518793598406639,3.4550262470189113,38.78445971401574,4077.368301490061,0.8069303775666834,28.437045986968904
44,11,focal,80.0,opm_dense,3,True,16.369352217140037,5.437963854318236,nan,1.9252959647799925,5.508058083809512,7.252110666872016,5.82311666649911,3.4550262470189113,22.502324444922824,2879.0628598984035,1.0289905212027597,28.437045986968904
44,11,focal,80.0,squid_mag,3,True,16.369352217140037,5.987859749433391,nan,1.9252959647799925,5.6533506016115895,6.481746167648609,4.331603158343833,3.4550262470189113,32.54736193294077,3863.2227455385396,0.9034472351532438,28.437045986968904
44,11,focal,80.0,squid_grad,3,True,8.035141539108086,4.859812532602112,nan,1.9252959647799925,4.994402412641303,3.723820674255389,1.552723873609324,3.4550262470189113,18.702178271398648,3143.5628415077285,0.9880653441370053,28.437045986968904
45,11,focal,320.0,squid,3,True,1.9252959647799925,15.618197814568058,nan,1.9252959647799925,16.526669526595658,3.724041666816109,0.8895781637294286,3.4550262470189113,61.867896676183875,67.71606192251245,1.067034170175665,28.437045986968904
45,11,focal,320.0,opm_matched,3,True,1.9252959647799925,21.729743645973702,nan,1.9252959647799925,22.476798998922533,4.260272532508205,1.0716852677964792,3.4550262470189113,87.53952229607917,86.62241344045658,0.968837333909311,28.437045986968904
45,11,focal,320.0,opm_dense,3,True,1.9252959647799925,19.191818796921925,nan,1.9252959647799925,20.10391146928042,3.6086287144156475,0.817239386259133,3.4550262470189113,77.7885758937852,51.935236128752194,1.0825525514240162,28.437045986968904
45,11,focal,320.0,squid_mag,3,True,1.9252959647799925,19.457613697150336,nan,1.9252959647799925,20.478037763446974,3.8140143117412446,0.6345510962480418,3.4550262470189113,81.61648256779273,96.07849730205783,1.1229079651281446,28.437045986968904
45,11,focal,320.0,squid_grad,3,True,1.9252959647799925,13.946860795677562,nan,1.9252959647799925,14.764766161119688,3.6254221711212296,1.7631578460305228,3.4550262470189113,70.74714369728959,95.0109582989452,0.9607060919635302,28.437045986968904
46,11,patch,80.0,squid,3,False,5.419288035584354,4.498957702916372,0.6,5.419288035584354,4.504770506764858,10.574278005350328,8.959517088137959,3.4550262470189113,8.866433118697122,2912.4562124730583,1.0601590539027301,28.437045986968904
46,11,patch,80.0,opm_matched,3,False,8.035141539108086,5.114514407714784,0.4,5.419288035584354,4.942816631466913,10.224753508246899,7.645787927822845,3.4550262470189113,24.424403308824836,3388.075974339497,1.063571959549424,28.437045986968904
46,11,patch,80.0,opm_dense,3,False,10.887533693111605,4.1284201087085135,0.4,12.819278682701139,4.103462770814755,11.608034054647964,11.313737938976228,3.4550262470189113,15.262748126960965,3301.3858188325307,1.096664079317233,28.437045986968904
46,11,patch,80.0,squid_mag,3,False,8.035141539108086,4.986616476707066,0.2,8.035141539108086,4.8539630349597465,9.926686228313722,6.6466527885977085,3.4550262470189113,18.19999586569929,3807.6798883082947,1.1923186315383765,28.437045986968904
46,11,patch,80.0,squid_grad,3,False,5.419288035584354,4.802958382670145,0.4,5.419288035584354,4.704004700995521,10.283910408909955,8.407123496023347,3.4550262470189113,11.795670114445365,4161.636588477963,0.9691161967543447,28.437045986968904
47,11,patch,320.0,squid,3,True,8.035141539108086,11.63903944769364,0.4,8.035141539108086,12.16340997173993,4.051968617613788,2.039278663935327,3.4550262470189113,48.54230501751095,131.69995201731217,0.9566977258061382,28.437045986968904
47,11,patch,320.0,opm_matched,3,True,10.887533693111605,14.879847468220119,0.4,10.887533693111605,14.863628940541632,4.102521846722896,3.228895371915326,3.4550262470189113,76.55917018066575,210.5420933910897,0.9844991494229036,28.437045986968904
47,11,patch,320.0,opm_dense,3,True,8.035141539108086,14.266926675994565,0.6,8.035141539108086,14.266964461204566,3.5475090183184212,1.1301829174489428,3.4550262470189113,67.8869990658364,104.01494930712973,0.9020234438346825,28.437045986968904
47,11,patch,320.0,squid_mag,3,True,10.887533693111605,14.473130304896296,0.4,10.887533693111605,14.480380415327684,4.07743256911191,2.9243308501886434,3.4550262470189113,70.10361723591126,197.64758202755237,1.119079362807742,28.437045986968904
47,11,patch,320.0,squid_grad,3,True,8.035141539108086,12.033243777052132,0.4,8.035141539108086,12.3835250686598,4.6637663951318915,2.5091902648167155,3.4550262470189113,59.18222346767605,171.58601420757478,0.8970516703143183,28.437045986968904
48,12,focal,80.0,squid,4,False,37.416872974946635,4.195089886572572,nan,37.416872974946635,4.301984204231907,55.27895915569472,58.71377883750873,3.4823473882666773,5.065013389711201,51584.673341077316,1.002084583494602,32.62654901446216
48,12,focal,80.0,opm_matched,4,False,52.94053704854476,3.144188804694568,nan,52.94053704854476,3.3970895851105594,56.56530640886427,60.03473596131375,3.4823473882666773,13.380683713134205,48581.31141392008,0.8831778122903453,32.62654901446216
48,12,focal,80.0,opm_dense,4,False,30.468647232702754,3.2293069874634592,nan,30.468647232702754,3.1842409216843084,12.471503605901006,11.834953301905083,3.4823473882666773,7.793422869817963,11325.771563257184,0.9897013250211795,32.62654901446216
48,12,focal,80.0,squid_mag,4,False,37.416872974946635,4.711135506593147,nan,37.416872974946635,4.678195640779254,58.012368775814124,61.4401949137908,3.4823473882666773,11.586232735401289,54192.18592112811,1.3178340236082793,32.62654901446216
48,12,focal,80.0,squid_grad,4,False,13.725000271483426,3.8015594890498474,nan,13.725000271483426,3.9355034120304713,60.40269491829327,63.87481816925385,3.4823473882666773,7.231640945543178,39597.343275098494,0.8329270389296605,32.62654901446216
49,12,focal,320.0,squid,4,True,3.1291053601251497,5.429902430816445,nan,3.1291053601251497,6.119205514406507,9.199457667572682,5.8972738621118665,3.4823473882666773,15.593857724775628,1396.173700569157,1.1518972424409506,32.62654901446216
49,12,focal,320.0,opm_matched,4,True,3.1291053601251497,7.221066203205607,nan,3.1291053601251497,7.2188994857612006,7.327476994402836,4.168477436072161,3.4823473882666773,41.68447560435723,2158.6850340901447,1.0397685115393955,32.62654901446216
49,12,focal,320.0,opm_dense,4,True,3.5838223938214955,6.881121023408727,nan,6.470237674083245,7.035920712865813,10.35866155326759,7.296696909197641,3.4823473882666773,33.9418652210074,644.965977756712,0.9440501071145712,32.62654901446216
49,12,focal,320.0,squid_mag,4,True,3.1291053601251497,7.077236664507212,nan,3.1291053601251497,7.28170054309749,8.995744774762043,5.657734269693557,3.4823473882666773,34.990271615382575,2209.4999846633013,1.170407868972673,32.62654901446216
49,12,focal,320.0,squid_grad,4,True,3.1291053601251497,4.763533253605913,nan,11.244617851246675,5.238366464698241,9.568548304033419,6.271678526189059,3.4823473882666773,18.068117670442575,2405.1170065842957,1.0932482742372351,32.62654901446216
50,12,patch,80.0,squid,4,False,53.025252333789645,3.3873414816884226,0.0,53.025252333789645,3.4545112753747746,35.89765153645179,36.2757645954252,3.4823473882666773,3.666992255312175,42734.72523430001,1.012009081261104,32.62654901446216
50,12,patch,80.0,opm_matched,4,False,45.65458938455308,3.3226965320568818,0.0,45.65458938455308,3.37698286140489,48.278250943931326,50.96743675337673,3.4823473882666773,17.27624741828112,13742.901682530382,0.7219923973940422,32.62654901446216
50,12,patch,80.0,opm_dense,4,False,87.6219670796299,3.1625204241899705,0.0,87.6219670796299,3.210433014517607,38.884648604230684,38.59128629067734,3.4823473882666773,9.041447162275436,22466.125004289792,0.807468571521663,32.62654901446216
50,12,patch,80.0,squid_mag,4,False,27.300610964128353,3.465970170026935,0.0,35.277088680381276,3.5641872800689227,46.22010108860939,46.690116529177246,3.4823473882666773,9.490891382797468,35458.59588282982,1.0260260565024586,32.62654901446216
50,12,patch,80.0,squid_grad,4,False,73.08960211001217,3.015312614225698,0.0,73.08960211001217,2.961111388029054,39.1181414620243,38.9039577565864,3.4823473882666773,5.961611202813779,41962.76153733147,0.9991050961302973,32.62654901446216
51,12,patch,320.0,squid,4,True,3.5838223938214955,8.3200472186506,0.75,3.5838223938214955,9.048178339232056,10.507737270222542,7.657610364068618,3.4823473882666773,28.89737526429648,339.85019033177934,1.0466864257034114,32.62654901446216
51,12,patch,320.0,opm_matched,4,True,3.1291053601251497,8.810171641385937,0.625,3.1291053601251497,8.735591947075227,9.99660281582435,7.635450925556263,3.4823473882666773,48.755327905955575,542.5915987513107,1.237762179957782,32.62654901446216
51,12,patch,320.0,opm_dense,4,True,3.5838223938214955,8.496176770050575,0.625,3.5838223938214955,8.757884541820449,9.490712527072965,6.961776808285243,3.4823473882666773,41.703954060626494,266.1422013199339,1.0819174017478022,32.62654901446216
51,12,patch,320.0,squid_mag,4,True,3.1291053601251497,9.048846273037384,0.75,3.1291053601251497,9.024327426778925,10.155413301714695,7.49993593376545,3.4823473882666773,47.6565224437051,530.1518389646409,1.2071160781398493,32.62654901446216
51,12,patch,320.0,squid_grad,4,True,3.5838223938214955,8.494542850682683,0.75,3.5838223938214955,8.883128623304547,11.027498452678056,8.34916418979275,3.4823473882666773,35.259912025953334,694.6751412502928,1.0659937658512262,32.62654901446216
52,13,focal,80.0,squid,5,False,48.51821718429196,2.916695737911123,nan,59.1263722274052,3.077839833409846,40.67081665143586,39.87236484945428,1.4499929271771277,2.8468067888031716,73283.06767535301,0.9958416220100801,44.022198487665946
52,13,focal,80.0,opm_matched,5,False,63.26663797142357,3.249112046231983,nan,70.7990795566411,3.244427097582193,83.21662642508393,83.61929246888877,1.4499929271771277,16.239221006294578,27791.04199220984,0.7896712399374719,44.022198487665946
52,13,focal,80.0,opm_dense,5,False,75.68248662402819,3.2916038571017414,nan,75.68248662402819,3.3818246521462085,72.27703893607193,73.13935956235542,1.4499929271771277,14.081462234649097,1434.5318975738949,0.8541106969413603,44.022198487665946
52,13,focal,80.0,squid_mag,5,False,61.7585034569614,3.1040408427086295,nan,73.53228658539717,3.1760469752748834,37.812607279037636,36.41694299262691,1.4499929271771277,9.053141694314037,17700.80543140693,0.9595008799730625,44.022198487665946
52,13,focal,80.0,squid_grad,5,False,65.06183207358555,3.0775257771658047,nan,65.06183207358555,2.983503814555402,52.030533421509524,50.611170405970775,1.4499929271771277,7.544943754313133,26757.85804804216,0.8861617506879635,44.022198487665946
53,13,focal,320.0,squid,5,False,47.666583967453974,3.889853042524876,nan,47.666583967453974,4.08353086156909,43.202060519607286,41.797438077155746,1.4499929271771277,4.603725573564729,43177.287213793534,0.970162952613086,44.022198487665946
53,13,focal,320.0,opm_matched,5,False,56.993658599461206,3.502669441808493,nan,67.36265305653663,3.386311024835396,53.37459279383308,53.67394521911494,1.4499929271771277,18.752860632222884,6074.427508961502,1.0917013981366317,44.022198487665946
53,13,focal,320.0,opm_dense,5,False,21.50787388377232,3.519577153882714,nan,47.666583967453974,3.383078779158767,65.18592432063889,64.85981727590199,1.4499929271771277,15.705743726646828,3823.9934944162646,1.0178191628821027,44.022198487665946
53,13,focal,320.0,squid_mag,5,False,47.666583967453974,3.3074429323831596,nan,47.666583967453974,3.3457986898672663,42.699144968132465,41.302122578083484,1.4499929271771277,13.386008422262256,34364.59464754435,0.9400808146455517,44.022198487665946
53,13,focal,320.0,squid_grad,5,False,47.666583967453974,3.6631193384100174,nan,47.666583967453974,3.798987717021442,83.89235134956253,84.14178312550223,1.4499929271771277,4.940667162408637,45439.902280681206,0.9342278319306367,44.022198487665946
54,13,patch,80.0,squid,5,False,36.053878209587914,3.785698129499048,0.0,36.053878209587914,3.596635380783916,60.11121987573403,59.96112773220726,1.4499929271771277,3.7153355882173438,76432.93389076288,0.9013720042981467,44.022198487665946
54,13,patch,80.0,opm_matched,5,False,35.63516322306587,2.9025103990565047,0.0,41.49087942224571,2.8868559430813465,49.62108813092592,49.758209368480415,1.4499929271771277,13.545843379916342,50886.17204900232,0.7780206206599203,44.022198487665946
54,13,patch,80.0,opm_dense,5,False,70.55592399810892,3.72931968009762,0.0,70.55592399810892,3.624360349379832,37.1673660265963,37.25540793067667,1.4499929271771277,7.09614133870277,18994.675554630703,0.8122182520259233,44.022198487665946
54,13,patch,80.0,squid_mag,5,False,35.89509274973361,3.5199892976812253,0.0,35.89509274973361,3.3530959502625515,48.83799850468813,49.431608238505156,1.4499929271771277,14.552699303366676,20677.49070135643,0.79689980533819,44.022198487665946
54,13,patch,80.0,squid_grad,5,False,37.1255313688171,3.300292859532361,0.0,81.10559334609675,3.235610926129894,70.40729035534787,71.12152480809618,1.4499929271771277,4.269037906803954,75921.3664749613,0.9115742046571057,44.022198487665946
55,13,patch,320.0,squid,5,True,3.6602011825471537,3.3311985285237022,0.2,3.6602011825471537,3.578196323923218,6.184945441414615,6.810833477739633,1.4499929271771277,9.725984026585378,26771.587010929175,0.9688038828738501,44.022198487665946
55,13,patch,320.0,opm_matched,5,True,12.213283707905008,4.821217376392831,0.6,9.828146853511967,5.0586669299862725,13.296236256650204,14.162710650801603,1.4499929271771277,24.842780991811996,21753.67742817497,1.2115727667852036,44.022198487665946
55,13,patch,320.0,opm_dense,5,True,9.828146853511967,5.5250168419879,0.4,9.828146853511967,5.820055399704081,15.5546502776307,16.144222031661513,1.4499929271771277,17.448791191597866,9870.441328165643,1.1412699353303408,44.022198487665946
55,13,patch,320.0,squid_mag,5,True,3.6602011825471537,4.619832854461464,0.4,3.6602011825471537,4.560222735864104,9.039005627754136,9.745091093416315,1.4499929271771277,23.917197920498822,25231.643564885388,1.0820666458403638,44.022198487665946
55,13,patch,320.0,squid_grad,5,True,3.6602011825471537,3.9378081284318003,0.2,3.6602011825471537,3.905608986392659,4.973356216313856,4.666318166998446,1.4499929271771277,14.333589552976022,13696.179811878197,0.9910879386675381,44.022198487665946
56,14,focal,80.0,squid,6,False,87.66887713776957,4.18891737389415,nan,96.12627548779444,4.088688546400887,94.94867465735966,94.42708665475925,2.1082723526273797,5.814442783558637,51290.15700967419,0.9305868188415927,30.79316922858659
56,14,focal,80.0,opm_matched,6,False,93.29953801420305,2.98949863042414,nan,93.29953801420305,3.227420109061,89.21593066556875,88.68699954804154,2.1082723526273797,14.867919549030184,188693.53933577728,0.8026297233774815,30.79316922858659
56,14,focal,80.0,opm_dense,6,False,43.75801297906287,3.3956923765115388,nan,64.78473364676859,3.3201553401743937,59.79899030084706,59.600065737473756,2.1082723526273797,5.5894898718537895,229445.84459224413,0.9782824604331153,30.79316922858659
56,14,focal,80.0,squid_mag,6,False,87.66887713776957,4.3761755299942315,nan,87.66887713776957,4.378173031594024,93.95838546005398,93.43691592991318,2.1082723526273797,15.546294549052625,39700.97555754388,0.8708142923570328,30.79316922858659
56,14,focal,80.0,squid_grad,6,False,34.20190919713272,3.5820398563080964,nan,34.20190919713272,3.3828115048711673,98.12393090063443,97.72722121073306,2.1082723526273797,4.142639664956977,231011.9142451106,0.9008211205851333,30.79316922858659
57,14,focal,320.0,squid,6,True,14.961819607198118,4.624264667268696,nan,14.961819607198118,4.587442489382641,47.71131229207517,47.1282385986263,2.1082723526273797,17.9682994428775,15924.742022344104,0.9561784519653294,30.79316922858659
57,14,focal,320.0,opm_matched,6,True,57.159217375156935,7.732204764567943,nan,57.159217375156935,7.685396839641725,48.902183591971095,48.23190014306872,2.1082723526273797,48.93708501464572,12881.708674712483,1.1962035180769852,30.79316922858659
57,14,focal,320.0,opm_dense,6,True,52.04538761309098,6.656731826344892,nan,57.159217375156935,6.951283594137395,46.572788276890066,45.6661311051391,2.1082723526273797,36.22866033362803,7740.223974084028,1.2443224368510186,30.79316922858659
57,14,focal,320.0,squid_mag,6,True,43.679274762095915,5.653333644744274,nan,43.679274762095915,5.6202291762175465,56.877610790167836,56.449437118677814,2.1082723526273797,34.65351568530469,49765.374353045176,1.107951245750628,30.79316922858659
57,14,focal,320.0,squid_grad,6,True,9.724340764699775,3.528728016151641,nan,14.743874498991428,3.6262502424351744,57.35104473556368,57.37751210876698,2.1082723526273797,16.327153742990262,48203.504292602964,0.9374686331202974,30.79316922858659
58,14,patch,80.0,squid,6,False,4.656309558532351,3.523366585144986,0.4,4.656309558532351,3.410962795815451,11.01189885280963,12.4419868674848,2.1082723526273797,4.809404370853042,39497.61733269922,0.8503524731137023,30.79316922858659
58,14,patch,80.0,opm_matched,6,False,107.24223814741373,3.0245082514481485,0.4,107.24223814741373,3.11119163347653,43.89934084368562,42.14215905776447,2.1082723526273797,12.901690658982012,20591.790645347537,1.0286825793911032,30.79316922858659
58,14,patch,80.0,opm_dense,6,False,4.656309558532351,2.845165323676001,0.2,14.743874498991428,2.6752159884747524,69.02265025288021,67.8030319503993,2.1082723526273797,5.17224350535295,131514.5578028058,0.834168868128825,30.79316922858659
58,14,patch,80.0,squid_mag,6,False,33.33275734139808,3.1560477350190195,0.2,33.33275734139808,3.2069498887039716,39.888560608046426,37.937270284824606,2.1082723526273797,13.280480191257201,4762.246058788373,0.8207824656426511,30.79316922858659
58,14,patch,80.0,squid_grad,6,False,79.32729980350905,3.0389379363936055,0.0,58.724022776445445,3.08319608265252,6.460447174123987,6.023477168101894,2.1082723526273797,7.41832706787493,29308.42421195403,0.786383138222799,30.79316922858659
59,14,patch,320.0,squid,6,True,9.724340764699775,8.56492214546043,0.4,9.724340764699775,8.210344023197832,4.1291691811687645,4.744225139915392,2.1082723526273797,38.05310141078927,423.12688773082755,1.013713167380305,30.79316922858659
59,14,patch,320.0,opm_matched,6,True,9.724340764699775,11.95907761138539,0.4,9.724340764699775,12.414931419308362,3.126135166976269,2.7985505933735224,2.1082723526273797,63.65452048547776,277.48336754285685,1.4076314582056617,30.79316922858659
59,14,patch,320.0,opm_dense,6,True,3.008460962246243,10.934493362280403,0.6,6.756813613323982,11.24093326776424,6.481775287641066,6.6396308034433895,2.1082723526273797,47.387501479404065,153.3509797558514,1.561040321068,30.79316922858659
59,14,patch,320.0,squid_mag,6,True,9.724340764699775,11.783298318578758,0.4,9.724340764699775,11.261915487974425,5.317062411002801,5.942445745442726,2.1082723526273797,61.69264106419813,444.6877899404172,1.2272919023548166,30.79316922858659
59,14,patch,320.0,squid_grad,6,True,9.724340764699775,7.229418127956695,0.2,9.724340764699775,7.0040037070309005,2.2406560503759154,3.1564374289917265,2.1082723526273797,36.46903274058501,1049.1541599312038,1.0153333540921685,30.79316922858659
60,15,focal,80.0,squid,7,False,47.11452386427642,3.211384384803652,nan,47.11452386427642,3.160592896669621,54.97504601024152,58.39974373830185,3.504372221069584,1.9684887459353002,67813.12315548638,0.9908825981632193,41.50572263638521
60,15,focal,80.0,opm_matched,7,False,28.17971058010937,2.976898553975126,nan,75.28476349632518,2.955505173401401,59.682690385310636,58.44364213503553,3.504372221069584,9.610980458546974,54147.957507992454,0.9181154487486681,41.50572263638521
60,15,focal,80.0,opm_dense,7,False,28.17971058010937,3.4158261761244995,nan,28.17971058010937,3.4005128988065785,30.451217566261004,33.82397893145042,3.504372221069584,9.059482744599983,7518.865201333379,0.876099840656798,41.50572263638521
60,15,focal,80.0,squid_mag,7,False,62.77004475307847,3.418626645570036,nan,62.77004475307847,3.5591064202692144,35.38782372649419,32.21612301370554,3.504372221069584,8.151113760811409,49905.37823373084,0.8790663940667811,41.50572263638521
60,15,focal,80.0,squid_grad,7,False,28.37098931178078,3.593990091534118,nan,28.37098931178078,3.5608052435597575,77.86567011441659,79.24855391582791,3.504372221069584,3.8153679643873595,162340.18054890528,0.9979580913120017,41.50572263638521
61,15,focal,320.0,squid,7,True,3.7024324614869952,4.662805393099679,nan,3.7024324614869952,4.518116041020536,7.099558734588392,5.858085740406197,3.504372221069584,15.921928150122596,5124.3006605346845,1.0508735035074515,41.50572263638521
61,15,focal,320.0,opm_matched,7,True,3.7024324614869952,6.339139546305877,nan,3.7024324614869952,6.490320304598193,9.079855556918199,6.009905517566249,3.504372221069584,36.335451070515006,5298.479361927218,1.1402919418615158,41.50572263638521
61,15,focal,320.0,opm_dense,7,True,3.7024324614869952,7.118066448217741,nan,3.7024324614869952,7.385759032486339,6.2509753175251745,4.557942774583522,3.504372221069584,28.663225766377447,3528.309556376423,1.0050509721538297,41.50572263638521
61,15,focal,320.0,squid_mag,7,True,3.7024324614869952,7.086317804051844,nan,3.7024324614869952,6.852667159302544,5.746967279219149,3.8002193779023905,3.504372221069584,34.75272672059283,5168.077431788103,1.1193781314455824,41.50572263638521
61,15,focal,320.0,squid_grad,7,True,3.7024324614869952,4.389085605858499,nan,3.7024324614869952,4.196996929110953,5.049107739355633,2.874965111118513,3.504372221069584,22.362208854741574,7302.308703227131,0.9357910676558295,41.50572263638521
62,15,patch,80.0,squid,7,False,53.22930084977668,2.945337882977331,0.0,53.22930084977668,2.9612770064043112,54.805286805962496,58.22260181365166,3.504372221069584,3.330725503225017,34454.14695079843,0.9627276313035039,41.50572263638521
62,15,patch,80.0,opm_matched,7,False,70.2675958725075,3.7357146670395625,0.0,76.09360096722718,3.894875511227767,85.95034850366687,86.40083602849697,3.504372221069584,10.839664282155141,30733.316287863454,0.8680038947226427,41.50572263638521
62,15,patch,80.0,opm_dense,7,False,50.81194556489602,3.0747343184644156,0.0,56.05644519410336,3.0655324385791203,55.43577064263258,54.52718224268264,3.504372221069584,7.9558736842657405,25763.271565392668,0.924596873266005,41.50572263638521
62,15,patch,80.0,squid_mag,7,False,32.51356422968355,3.009134306731932,0.0,32.51356422968355,2.829772851739748,55.81678702489859,59.21821803354665,3.504372221069584,7.984062968259563,72186.8232954869,0.9617934409982898,41.50572263638521
62,15,patch,80.0,squid_grad,7,False,58.47782603583102,3.0020242070266567,0.0,61.51529417905588,3.02973803263321,49.137636081328786,49.39549167697558,3.504372221069584,5.872249090629047,35032.71503742425,0.9622097790119888,41.50572263638521
63,15,patch,320.0,squid,7,True,9.110465335096496,6.12024262624037,0.6666666666666666,4.145275186316693,5.92331333521069,8.104865043639176,6.064792316237027,3.504372221069584,19.23534780194043,5294.353776415859,0.996397052089593,41.50572263638521
63,15,patch,320.0,opm_matched,7,True,8.07526566022273,6.812132265200312,0.6666666666666666,8.07526566022273,7.174448534945163,2.1028759819739884,1.539692252703184,3.504372221069584,46.74733031002379,6322.76192358067,0.8849153787618761,41.50572263638521
63,15,patch,320.0,opm_dense,7,True,8.07526566022273,7.073921900078516,0.6666666666666666,9.06034165748386,7.597384605423351,8.970031516124093,7.29651067817116,3.504372221069584,34.53590606900069,3777.8358140841874,1.0607972017221583,41.50572263638521
63,15,patch,320.0,squid_mag,7,True,9.110465335096496,6.332062887354204,0.5,9.110465335096496,5.999840636894384,6.605104402290768,4.491317447977967,3.504372221069584,40.52609827473983,6699.053202135387,0.9868404378300387,41.50572263638521
63,15,patch,320.0,squid_grad,7,True,4.145275186316693,5.974607561307218,0.6666666666666666,4.145275186316693,6.199037082272581,12.84701713467879,12.363744862548531,3.504372221069584,25.151098515817853,5925.479637178337,0.9643645142637891,41.50572263638521
64,16,focal,80.0,squid,0,True,8.833169423325963,5.423445219878794,nan,8.833169423325963,5.534288565952727,9.398850661236683,8.788618505970662,0.9232300110341953,8.27532428928647,8702.791114138012,1.0401610949295914,32.34584646299777
64,16,focal,80.0,opm_matched,0,True,8.833169423325963,4.34700844872705,nan,8.833169423325963,4.709904548608544,9.839980192814767,9.092514230389623,0.9232300110341953,32.80724186204426,4903.881825777956,0.7657269457066038,32.34584646299777
64,16,focal,80.0,opm_dense,0,True,4.472136688039786,4.929443680379897,nan,9.458775215551364,5.401907720238269,9.00038532073724,9.364724774245508,0.9232300110341953,24.398515620318843,1318.4992087055157,0.8894817866923659,32.34584646299777
64,16,focal,80.0,squid_mag,0,False,8.833169423325963,4.744098002041308,nan,21.023442101893565,4.664952742196584,10.707325123088866,10.639882123829484,0.9232300110341953,20.47825840965999,8175.610628200461,1.1347179433758843,32.34584646299777
64,16,focal,80.0,squid_grad,0,False,57.18308106243471,3.9226396068673877,nan,57.18308106243471,3.9125404658293013,12.417523572801253,11.883555627718593,0.9232300110341953,12.01507623009556,34083.657493249455,0.9172242055907252,32.34584646299777
65,16,focal,320.0,squid,0,True,8.833169423325963,8.961432351846886,nan,8.833169423325963,8.53699252401005,5.149480742830503,5.858089680616086,0.9232300110341953,42.75574572712218,331.8130752982784,1.1864262397560894,32.34584646299777
65,16,focal,320.0,opm_matched,0,True,8.833169423325963,16.069050316575844,nan,8.833169423325963,16.292741159441324,4.29793001296414,5.116523016661658,0.9232300110341953,71.84439633280878,82.28297890934508,1.6711081196833313,32.34584646299777
65,16,focal,320.0,opm_dense,0,True,14.605700702578975,15.139583656294022,nan,4.096648024843335,14.509389186732818,4.103382458227856,4.730199519677542,0.9232300110341953,66.45352612323903,59.176777109771464,1.3444236838114865,32.34584646299777
65,16,focal,320.0,squid_mag,0,True,8.833169423325963,13.553097549497544,nan,8.833169423325963,13.31361539486057,4.142450676960604,4.814670922726613,0.9232300110341953,65.76450414177955,390.55476953394077,1.3341529809859674,32.34584646299777
65,16,focal,320.0,squid_grad,0,True,8.833169423325963,8.350189501136812,nan,8.833169423325963,8.21521958113878,4.543617792515729,5.309138453059073,0.9232300110341953,45.369486046628886,819.496362103473,1.154939049869258,32.34584646299777
66,16,patch,80.0,squid,0,True,52.23418392039745,3.021582803148739,0.0,117.35719252620994,2.929772748269771,22.29033301581737,21.953925459750156,0.9232300110341953,6.577745377517694,24742.601412716558,1.0127223939865835,32.34584646299777
66,16,patch,80.0,opm_matched,0,False,38.35077681810937,3.7060630601443667,0.0,38.35077681810937,3.7210488654739717,10.171484299677415,10.702574661553335,0.9232300110341953,20.479350118677605,9435.525384285427,0.8906464540725295,32.34584646299777
66,16,patch,80.0,opm_dense,0,True,56.00159725404776,3.8791733297390243,0.0,56.00159725404776,3.854433350711094,26.324034759284757,25.95901204337621,0.9232300110341953,18.582028981712405,6691.89260257276,0.9439770438365951,32.34584646299777
66,16,patch,80.0,squid_mag,0,True,52.69181535076509,3.4838531594434556,0.0,57.52114210815808,3.301245317780818,18.622182877551033,18.293087201988822,0.9232300110341953,19.37972122948889,27280.385595517364,0.7713857086352295,32.34584646299777
66,16,patch,80.0,squid_grad,0,False,59.93834334889252,3.321331814549465,0.0,59.93834334889252,3.424114883084061,7.709999079365097,8.322052554926746,0.9232300110341953,11.994569760489075,13033.91275921143,1.0081978140379249,32.34584646299777
67,16,patch,320.0,squid,0,True,8.833169423325963,5.8178839253222625,0.0,8.833169423325963,5.624593644483866,4.068897755443088,3.900633272600003,0.9232300110341953,31.65264457941702,971.5285612263523,0.8468552972292206,32.34584646299777
67,16,patch,320.0,opm_matched,0,True,8.833169423325963,9.371703818168537,0.16666666666666666,8.833169423325963,9.329502701052615,2.315329853504733,3.200115451432616,0.9232300110341953,68.46965797044993,332.3184539898562,0.8672281836618313,32.34584646299777
67,16,patch,320.0,opm_dense,0,True,14.605700702578975,9.484923171843453,0.3333333333333333,8.833169423325963,8.871743885173887,1.4491482660687827,2.0891285777540705,0.9232300110341953,54.426233686592425,207.86016639577073,1.1024712240734071,32.34584646299777
67,16,patch,320.0,squid_mag,0,True,8.833169423325963,7.2857510199856295,0.0,8.833169423325963,6.915075426934797,3.4800546046195464,3.1466808750666364,0.9232300110341953,61.02554970099503,1105.0485989591832,0.7335042616020578,32.34584646299777
67,16,patch,320.0,squid_grad,0,True,10.03615255778761,5.574094115028768,0.0,10.03615255778761,5.303518195387008,6.564302588542091,7.127950336390469,0.9232300110341953,37.54773606009898,1842.0822122649365,0.857016837957327,32.34584646299777
68,17,focal,80.0,squid,1,False,47.86450110386348,3.1138512132296623,nan,61.406796736126246,3.1337916772298313,33.51254062308254,34.921802641473924,2.6478236289065653,2.8583709479914905,48432.67353872324,0.980704642931227,41.88629542259592
68,17,focal,80.0,opm_matched,1,False,32.332019944250845,3.436148109213872,nan,32.332019944250845,3.3356694497921473,78.46147600647944,80.44783878936497,2.6478236289065653,9.785133626071495,174049.16907428447,0.9696513831089427,41.88629542259592
68,17,focal,80.0,opm_dense,1,False,71.09453586529769,3.4236168521313375,nan,71.09453586529769,3.295512326017405,72.55959061339931,71.68275096068292,2.6478236289065653,9.070473643038488,17782.75474886771,0.9026046870118525,41.88629542259592
68,17,focal,80.0,squid_mag,1,False,60.13616149814052,3.07051283065675,nan,69.81666656548343,3.080308092968908,30.336466200462567,31.854164697631013,2.6478236289065653,8.354288000651545,50477.58889883122,1.0200020083671548,41.88629542259592
68,17,focal,80.0,squid_grad,1,False,62.738368433466725,2.9450430099431224,nan,14.623822276622926,2.91171900992337,46.07031388568946,46.181243352751096,2.6478236289065653,5.047618395736912,31423.12948784294,0.9336612453776264,41.88629542259592
69,17,focal,320.0,squid,1,True,12.703463907777639,6.2462388920543415,nan,12.703463907777639,6.208084835568162,3.4052150118494695,1.980332890169789,2.6478236289065653,28.180450650089966,2807.689261160081,1.05613694463172,41.88629542259592
69,17,focal,320.0,opm_matched,1,True,5.825846574034777,10.255223073392164,nan,5.825846574034777,10.685586005511237,7.912506261947474,5.828859872810192,2.6478236289065653,53.82893827332469,2546.6194883424487,1.3346648832279817,41.88629542259592
69,17,focal,320.0,opm_dense,1,True,5.825846574034777,9.860829869438986,nan,5.825846574034777,10.027888206688607,10.437196327644088,8.381341580715555,2.6478236289065653,44.35517504279824,1314.0139246375595,1.202764163933269,41.88629542259592
69,17,focal,320.0,squid_mag,1,True,3.2528970299918925,8.826313200605538,nan,3.2528970299918925,8.946604723650932,4.330122491560669,3.108422279863959,2.6478236289065653,49.17647059744837,3065.529581227704,1.3054381028128612,41.88629542259592
69,17,focal,320.0,squid_grad,1,True,12.703463907777639,7.266026644880534,nan,11.540795494681392,7.044660385804555,5.248349725563044,4.24124895135066,2.6478236289065653,36.966435565325,4126.486091692576,0.9021178979657302,41.88629542259592
70,17,patch,80.0,squid,1,False,60.0838914478763,3.310992731301602,0.0,30.73674689617421,3.3252808642562837,48.7039117036564,47.88885902581191,2.6478236289065653,3.044572337669855,40761.795755920284,1.0840133545533897,41.88629542259592
70,17,patch,80.0,opm_matched,1,False,48.356922230073685,3.503076436643326,0.0,48.356922230073685,3.253769441746698,81.32131681709508,83.40189793729179,2.6478236289065653,14.182297089210183,132371.76950572996,1.0664374172423141,41.88629542259592
70,17,patch,80.0,opm_dense,1,False,64.21689977068982,3.13463748184122,0.0,53.80292673426881,3.104020374253074,48.040394629370006,47.37324375697539,2.6478236289065653,8.09354153594944,21789.404896576732,0.9520982193302122,41.88629542259592
70,17,patch,80.0,squid_mag,1,False,44.95439593591177,3.773549547718578,0.0,44.95439593591177,3.416380169404665,46.58032083464301,46.02876011433042,2.6478236289065653,10.760327891043595,41539.20145195747,0.906063283590239,41.88629542259592
70,17,patch,80.0,squid_grad,1,False,70.7459821404222,3.593816262242164,0.0,70.7459821404222,3.561127937567516,67.059600615359,69.69126282731628,2.6478236289065653,7.301874685393877,25922.316970709973,1.0610897525392837,41.88629542259592
71,17,patch,320.0,squid,1,True,5.825846574034777,5.733680476209511,0.8,5.825846574034777,5.741429830550039,6.36636879131169,6.618172807482721,2.6478236289065653,20.596757043870102,4104.291242858047,1.053033490277962,41.88629542259592
71,17,patch,320.0,opm_matched,1,True,5.825846574034777,7.889143368823813,0.6,5.825846574034777,8.111153526574556,11.788732879235004,10.113308097118216,2.6478236289065653,49.157659447519215,6113.133621645738,0.8790973682043866,41.88629542259592
71,17,patch,320.0,opm_dense,1,True,5.825846574034777,7.663775700662724,0.4,5.825846574034777,7.721464037150972,13.356151079640428,11.40517674333678,2.6478236289065653,32.133684871406686,2768.3217205093197,1.1180207831834141,41.88629542259592
71,17,patch,320.0,squid_mag,1,True,5.825846574034777,7.246161576275822,0.2,5.825846574034777,7.3923654207066765,5.378991385657437,5.799323621362084,2.6478236289065653,45.842223933420875,4955.1811989584085,0.8723502866494651,41.88629542259592
71,17,patch,320.0,squid_grad,1,True,12.703463907777639,5.272634595653781,0.4,12.703463907777639,4.953419010439469,13.662487489347956,11.621152936953733,2.6478236289065653,23.83720920791193,4898.857449012191,1.061596877664875,41.88629542259592
72,18,focal,80.0,squid,2,False,58.354115605500205,3.9244741402017835,nan,72.24490229187388,3.6079571446619654,69.56464653287199,67.33699572597337,2.2420269862282596,5.179322080606342,83258.45983676653,0.8937506436392089,49.79767203683723
72,18,focal,80.0,opm_matched,2,False,31.257101455383324,3.4984207949076236,nan,78.16963723429649,3.614002499323943,84.59619354166125,82.4303409218019,2.2420269862282596,22.207039205561273,4860.8381157294925,0.9802005696902281,49.79767203683723
72,18,focal,80.0,opm_dense,2,False,31.257101455383324,3.528578043875024,nan,41.29928177057813,3.4989773118070664,69.44645138762252,67.24160627717941,2.2420269862282596,13.457794300207707,9994.597819723012,0.9478170412285127,49.79767203683723
72,18,focal,80.0,squid_mag,2,False,58.354115605500205,4.062870202167337,nan,72.24490229187388,3.870034000854118,71.7060279924312,69.47145371544711,2.2420269862282596,12.193227405585352,150821.40085725364,0.9704212236014387,49.79767203683723
72,18,focal,80.0,squid_grad,2,False,38.83445127493362,2.9083966954056675,nan,38.83445127493362,2.9787723697306303,77.61773770286028,75.49869772216962,2.2420269862282596,7.314749307486794,59599.08434738797,0.8680381862827714,49.79767203683723
73,18,focal,320.0,squid,2,False,41.54693564571099,3.084325971738972,nan,9.771437131688169,3.3147036963584404,48.84184540373476,47.39199778341264,2.2420269862282596,3.89902643504014,119212.01104746814,0.940978997180863,49.79767203683723
73,18,focal,320.0,opm_matched,2,False,9.771437131688169,3.0394421073757623,nan,9.771437131688169,3.242586382798498,9.82003480270677,10.770259652903635,2.2420269862282596,16.718129883646924,32219.87482498782,0.772038692536383,49.79767203683723
73,18,focal,320.0,opm_dense,2,False,9.771437131688169,3.749903180971613,nan,9.771437131688169,3.7848056521699016,5.3494629847050055,5.583818868521603,2.2420269862282596,10.253491524650455,30963.48989315265,0.7825716122442434,49.79767203683723
73,18,focal,320.0,squid_mag,2,False,43.64722377632471,3.6243138137179294,nan,40.86664652799318,3.6944398078533176,48.25607529437788,46.724547334520615,2.2420269862282596,12.516638241984932,160399.1977255879,0.8091231886835913,49.79767203683723
73,18,focal,320.0,squid_grad,2,False,88.5847458206563,4.130579055632622,nan,88.5847458206563,4.198864081508746,13.067355100646514,13.571446590541607,2.2420269862282596,6.3066453138417184,26484.403629456563,0.9654856240274989,49.79767203683723
74,18,patch,80.0,squid,2,False,32.794181739509774,3.0957628375578907,0.0,32.794181739509774,3.1864511493773695,44.91393241441335,45.14129713064863,2.2420269862282596,3.666973893318327,18697.481335341345,0.8981209872509913,49.79767203683723
74,18,patch,80.0,opm_matched,2,False,56.832205240675144,3.9478209332315646,0.0,56.832205240675144,4.217407868993242,60.87807193959008,60.2317528805244,2.2420269862282596,18.900813468426808,6620.8637291920495,0.971211573956833,49.79767203683723
74,18,patch,80.0,opm_dense,2,False,83.1854979859348,3.0789791624355116,0.0,83.1854979859348,3.1571278325409247,51.78847684705785,52.34023581118591,2.2420269862282596,9.738990036275815,4496.3957090963095,1.0919781102446473,49.79767203683723
74,18,patch,80.0,squid_mag,2,False,39.17988860836126,2.8128023705268155,0.0,35.82079880841632,3.057242759556274,51.148225489209864,51.42682240659449,2.2420269862282596,13.450333136098935,21128.478742046573,0.7468390261113814,49.79767203683723
74,18,patch,80.0,squid_grad,2,False,42.659074325132465,3.0210863259924787,0.0,42.659074325132465,3.3478511681623604,6.932428042779081,5.406238935490043,2.2420269862282596,4.787469624859215,31357.474294914933,0.959757420684441,49.79767203683723
75,18,patch,320.0,squid,2,True,68.77299264057503,3.6483911299440854,0.0,68.77299264057503,3.787747063656027,6.182180632437674,7.296176607918821,2.2420269862282596,9.432082157726486,6815.218560355191,1.1017332572245695,49.79767203683723
75,18,patch,320.0,opm_matched,2,True,50.41323751890851,5.051254084579361,0.0,50.41323751890851,5.222253930100037,6.719603176697868,7.604291928472192,2.2420269862282596,32.4414184996538,7036.881605143182,0.9015769549058487,49.79767203683723
75,18,patch,320.0,opm_dense,2,True,40.86664652799318,5.694403855105489,0.0,43.65073822833556,5.864918359247724,9.125220511785407,9.960980656485338,2.2420269862282596,19.273117392021405,5930.574877401076,0.9928037316112915,49.79767203683723
75,18,patch,320.0,squid_mag,2,True,6.205712654980869,5.2887585434609035,0.5714285714285714,6.205712654980869,5.374499320372416,5.850399896085458,7.217396165905729,2.2420269862282596,24.003449864123947,7540.544051949222,1.0622341506173838,49.79767203683723
75,18,patch,320.0,squid_grad,2,True,26.578079409902447,3.5619742966587866,0.0,26.578079409902447,3.4887492790963233,6.3741784131215065,7.825384565081221,2.2420269862282596,13.098596470377021,7146.549964531181,1.1769037477166988,49.79767203683723
76,19,focal,80.0,squid,3,False,68.99774489752795,2.9793468134577523,nan,55.00767919089223,2.946496058772427,49.639929302934625,47.19235066465868,3.00318147971578,3.1486292771276547,29209.334580105762,0.8837499787690525,49.48226912167679
76,19,focal,80.0,opm_matched,3,False,38.06947248983664,3.358603436653363,nan,38.06947248983664,3.336342835905963,64.03993920140772,63.910278027146774,3.00318147971578,14.35527975449251,20691.97263757037,1.0291513231116598,49.48226912167679
76,19,focal,80.0,opm_dense,3,False,69.57470544264004,3.4364375263464337,nan,69.57470544264004,3.3610762740193794,40.109707910597095,42.97533425063911,3.00318147971578,9.997216669253495,13981.311898357932,0.961122175423803,49.48226912167679
76,19,focal,80.0,squid_mag,3,False,67.71320801243583,2.873711066139151,nan,67.71320801243583,2.979744165894346,48.67276056583283,51.128002592557614,3.00318147971578,14.88522080153575,29984.553437696122,0.657617339849563,49.48226912167679
76,19,focal,80.0,squid_grad,3,False,37.65365272364266,3.3114478060219246,nan,37.65365272364266,3.3282765422471967,62.83742371411196,62.56969791889323,3.00318147971578,6.714290683493913,26931.9681645096,0.9473998624632775,49.48226912167679
77,19,focal,320.0,squid,3,False,49.37391720328155,3.0580525938129366,nan,49.37391720328155,3.1582173348376053,20.951103168225426,23.07102990902698,3.00318147971578,5.579553371673016,11425.777089473342,0.9878472138236153,49.48226912167679
77,19,focal,320.0,opm_matched,3,True,40.04339259660832,3.530143681699776,nan,40.04339259660832,3.390939046131463,46.6432716914526,44.02065754457664,3.00318147971578,16.018866628862515,55567.591441521385,1.0196767243815719,49.48226912167679
77,19,focal,320.0,opm_dense,3,True,45.80971901184879,3.710363954242418,nan,45.80971901184879,3.7181820365969678,55.01035284288299,56.393112714500326,3.00318147971578,11.110371435528213,3758.6143698565324,0.914524028845465,49.48226912167679
77,19,focal,320.0,squid_mag,3,False,43.62711019058836,3.9270442239828363,nan,54.6422125406781,3.998944784250407,17.466396075732998,19.629319200393915,3.00318147971578,15.22423384012696,13287.409607003205,0.9927217852713924,49.48226912167679
77,19,focal,320.0,squid_grad,3,False,45.08118084037217,2.980913219944708,nan,51.30529935144348,2.95935668142096,22.27616799987777,24.57438661646331,3.00318147971578,6.958382061283654,13977.49685905886,1.0440126351420884,49.48226912167679
78,19,patch,80.0,squid,3,False,42.67683125767117,3.536788718450391,0.0,42.67683125767117,3.6363829870783153,39.97166293824294,40.04510519457125,3.00318147971578,2.3965263300128448,20296.974906659838,1.062943745167209,49.48226912167679
78,19,patch,80.0,opm_matched,3,False,70.97130412022669,3.3576256291047617,0.0,78.27254720376548,3.442933769890752,81.1538918143201,83.96337448452022,3.00318147971578,15.191254745021537,10680.002679346007,0.8634793996653611,49.48226912167679
78,19,patch,80.0,opm_dense,3,False,93.09983483586919,3.4598081150492703,0.0,93.09983483586919,3.5162029735205658,94.07220685166929,94.7587263863755,3.00318147971578,9.247084401883884,6621.064629574154,0.9464433687803442,49.48226912167679
78,19,patch,80.0,squid_mag,3,False,80.54598421175503,3.338626978326833,0.0,80.54598421175503,3.407852659123625,45.945958005253495,46.09608765753862,3.00318147971578,8.529609059133925,12327.666972344485,1.0035291876616932,49.48226912167679
78,19,patch,80.0,squid_grad,3,False,63.78136606105885,2.672703452809731,0.0,45.47562998879866,2.772775760604556,86.57046000576247,86.90774615632773,3.00318147971578,4.357975821088142,128203.47124319016,1.0226112348293932,49.48226912167679
79,19,patch,320.0,squid,3,True,3.8923390082520206,4.151384750840759,0.42857142857142855,3.8923390082520206,4.3447927743325625,9.03693986578423,6.197274696013246,3.00318147971578,15.075768347005813,4608.790409670198,0.9182556265825899,49.48226912167679
79,19,patch,320.0,opm_matched,3,True,6.211304949657445,5.621631302621844,0.5714285714285714,6.211304949657445,5.832434367888997,13.990473469197518,12.863457130579791,3.00318147971578,36.51992363953543,4315.272577615109,0.88571534760113,49.48226912167679
79,19,patch,320.0,opm_dense,3,True,6.211304949657445,5.466390390086944,0.42857142857142855,6.211304949657445,5.823917307775168,12.067500702663203,11.04978499049584,3.00318147971578,21.500117834811096,4196.456093419169,1.0543231322574276,49.48226912167679
79,19,patch,320.0,squid_mag,3,True,3.8923390082520206,6.217920366375726,0.7142857142857143,3.8923390082520206,6.1908146567334175,8.445550887231729,5.674893566744743,3.00318147971578,30.87317060769476,5856.520696940171,0.9537804715196966,49.48226912167679
79,19,patch,320.0,squid_grad,3,True,3.8923390082520206,4.915861729525732,0.42857142857142855,3.8923390082520206,4.831308162613029,7.600213635940775,5.102268769745564,3.00318147971578,21.799448766597717,5019.498914806281,0.8536619331286128,49.48226912167679
80,20,focal,80.0,squid,4,False,38.334653572072085,3.4748929752921374,nan,44.02061031173146,3.4075083729269693,44.677114959610456,43.240113689240545,2.7460522196960384,4.945866649094198,29463.410746334277,1.0415156063794093,53.28895152381427
80,20,focal,80.0,opm_matched,4,False,56.214740898032765,3.326590389074437,nan,56.214740898032765,3.2924370843536397,49.67244577906111,48.305176412444354,2.7460522196960384,17.35170861488578,31045.053576042817,0.9067322584235498,53.28895152381427
80,20,focal,80.0,opm_dense,4,False,43.08220494743419,3.8382612330322554,nan,48.597477440368266,3.775654841404139,51.57508362552893,50.14454923864331,2.7460522196960384,9.04218874775165,8752.049234636255,1.0062272977099298,53.28895152381427
80,20,focal,80.0,squid_mag,4,False,36.450248666006175,4.0251941222389105,nan,36.450248666006175,4.308564309134085,48.860265249881536,50.06432986222836,2.7460522196960384,13.057097290919117,59171.11910003015,1.1273288973764672,53.28895152381427
80,20,focal,80.0,squid_grad,4,False,36.10159021324798,3.9492847062221195,nan,36.10159021324798,3.896603181599123,50.50293099476517,49.13229522289973,2.7460522196960384,6.291459766212876,44796.45335242368,1.0368311935436452,53.28895152381427
81,20,focal,320.0,squid,4,True,35.57314504605761,3.495452411778834,nan,35.57314504605761,3.4570379236695667,10.305732892150806,10.841178102585632,2.7460522196960384,16.423542514562996,4034.1783917394764,1.1143862195263434,53.28895152381427
81,20,focal,320.0,opm_matched,4,True,15.702928817807168,4.843267066714994,nan,15.702928817807168,4.878868204749794,9.323847276080587,9.956806535133273,2.7460522196960384,34.03642838294246,4192.44987486149,1.2869310445881967,53.28895152381427
81,20,focal,320.0,opm_dense,4,True,15.702928817807168,5.049528150210649,nan,19.254147320515376,5.003070300362028,10.815488524416814,12.144532618782952,2.7460522196960384,21.714762477826373,4512.454719344543,1.2190031312529075,53.28895152381427
81,20,focal,320.0,squid_mag,4,True,12.009652104295814,5.87835521132836,nan,15.702928817807168,6.2031471803283695,10.690240071879257,10.95920356371113,2.7460522196960384,40.279006085507866,4024.697261938436,1.0652746601358685,53.28895152381427
81,20,focal,320.0,squid_grad,4,True,80.23542038013592,4.109996211419997,nan,80.23542038013592,4.007024090136771,15.629532867539618,15.190143011143153,2.7460522196960384,16.810868042840433,6583.321066120636,1.1036231400804641,53.28895152381427
82,20,patch,80.0,squid,4,False,30.016730851764503,3.323412555785893,0.0,30.016730851764503,3.3323349294234297,62.03828278799356,60.618436761201124,2.7460522196960384,2.9206319891112322,68353.49251503403,0.9450628528106944,53.28895152381427
82,20,patch,80.0,opm_matched,4,False,67.61536364338657,3.0916327208981462,0.0,67.61536364338657,3.1868068658331974,27.86648458025321,28.116507407610406,2.7460522196960384,13.577860196945613,136266.26703574992,0.8035217624591918,53.28895152381427
82,20,patch,80.0,opm_dense,4,False,53.70731234345946,3.3483664030441145,0.0,53.70731234345946,3.4727169198613685,16.695578690802783,15.678173048389775,2.7460522196960384,7.0173786399218425,97079.3203997574,0.9290319162611868,53.28895152381427
82,20,patch,80.0,squid_mag,4,False,58.59527724034257,2.9403785848648836,0.0,58.59527724034257,2.900790715639634,20.50965254306564,19.313276885134357,2.7460522196960384,11.186406644046466,204215.40522221188,0.8545893518754499,53.28895152381427
82,20,patch,80.0,squid_grad,4,False,37.42436228971693,3.210513017633362,0.0,54.401295107703376,3.1123313155623813,61.446522143783355,60.817104322361644,2.7460522196960384,5.740009888802853,45540.33355397002,0.9652290440477806,53.28895152381427
83,20,patch,320.0,squid,4,True,31.26617099293745,3.1245938915862173,0.0,50.96826563717751,3.1546129911616396,33.3812980823794,30.842651610850833,2.7460522196960384,13.98560143783861,6914.925819982222,1.0150921025443733,53.28895152381427
83,20,patch,320.0,opm_matched,4,True,30.016730851764503,4.227297564584624,0.0,30.016730851764503,4.550874623479296,38.418221839634505,35.83133421588465,2.7460522196960384,34.18503949330496,7044.0678643698975,0.8346782635438471,53.28895152381427
83,20,patch,320.0,opm_dense,4,True,22.82432436937722,4.08952948265482,0.0,22.82432436937722,4.315492164207889,39.39432028322068,36.8564672059453,2.7460522196960384,22.16344448376992,6068.437117156793,0.9120128302526719,53.28895152381427
83,20,patch,320.0,squid_mag,4,True,43.679357173817046,3.9193195029597265,0.0,43.679357173817046,3.992087158487559,34.495172584121065,31.95716636294566,2.7460522196960384,34.38044793875817,7904.985672304125,0.9028167148121762,53.28895152381427
83,20,patch,320.0,squid_grad,4,True,31.26617099293745,4.000181895809877,0.0,31.26617099293745,3.78906166209222,37.23933454226165,34.65673156969524,2.7460522196960384,14.132364996140772,10080.63188018279,1.0501570970834935,53.28895152381427
84,21,focal,80.0,squid,5,False,87.58281373867302,2.940780973574071,nan,31.06852458253558,3.1086470995330027,28.491247673441766,30.207802316585443,1.8933496743171538,4.521987227476103,67628.0661618613,0.9022300048910281,47.78055836295692
84,21,focal,80.0,opm_matched,5,False,40.224538270237844,3.2652475995563925,nan,40.224538270237844,3.385786795729698,38.16902616695013,37.68185711614266,1.8933496743171538,17.276106637918158,9678.993783578308,0.7770996755994565,47.78055836295692
84,21,focal,80.0,opm_dense,5,False,16.908463946590988,4.053450555740759,nan,16.908463946590988,4.055130601728045,23.631350211964307,23.580749983320814,1.8933496743171538,9.194550910650591,118549.21809073123,1.0326652132193028,47.78055836295692
84,21,focal,80.0,squid_mag,5,False,16.554993589602734,3.4708420606936072,nan,16.031442515651808,3.500075252343478,24.259223929298397,25.532068290796204,1.8933496743171538,14.586991118529562,111750.49236185853,0.8740361720720345,47.78055836295692
84,21,focal,80.0,squid_grad,5,False,30.840560641949487,3.9519853190243004,nan,35.16636235020776,3.898968490286651,44.83652767306976,44.36608703555358,1.8933496743171538,6.761268598342671,37878.0167156893,0.8552591581464589,47.78055836295692
85,21,focal,320.0,squid,5,True,11.110745519102812,5.38435694803125,nan,11.110745519102812,5.109776433556289,12.01705150971869,12.291551639411624,1.8933496743171538,22.731004587180436,3671.2492250929226,0.9932112162552627,47.78055836295692
85,21,focal,320.0,opm_matched,5,True,11.110745519102812,7.8952206525504565,nan,11.110745519102812,8.147040438824027,9.965434661100522,10.111559421388721,1.8933496743171538,51.400887804333806,4160.777690052102,0.8971881354441334,47.78055836295692
85,21,focal,320.0,opm_dense,5,True,11.110745519102812,8.65890574352723,nan,11.110745519102812,9.09896734475588,9.91164226595625,10.396435602375359,1.8933496743171538,39.985942566477206,2316.072418785973,0.9981667596872293,47.78055836295692
85,21,focal,320.0,squid_mag,5,True,11.110745519102812,6.142627861307482,nan,11.110745519102812,6.232651071407958,12.372908808031953,12.685567021163465,1.8933496743171538,47.47433368428245,4312.614291780895,0.8968897192063963,47.78055836295692
85,21,focal,320.0,squid_grad,5,True,11.110745519102812,5.4349372949696395,nan,11.110745519102812,5.040482499346918,14.719410647499547,15.085489803757417,1.8933496743171538,23.775545430367778,7538.888014877257,1.070678221018494,47.78055836295692
86,21,patch,80.0,squid,5,False,79.23140247347261,3.2219044673876884,0.0,64.75531899984267,3.475607645335645,79.86024427562921,81.02869324620927,1.8933496743171538,8.661417158957601,5660.518658816769,0.7936212726462809,47.78055836295692
86,21,patch,80.0,opm_matched,5,False,84.20420312405668,3.0705505625063427,0.0,88.73882687613855,3.0370772576669323,88.99174118582589,89.45173903060879,1.8933496743171538,15.617902396560476,52282.935224978806,0.6867847118439706,47.78055836295692
86,21,patch,80.0,opm_dense,5,False,73.72593609756045,3.213294379344749,0.0,73.72593609756045,3.3410746144802057,79.06119468803337,80.26661094751958,1.8933496743171538,8.492518426661961,7663.776518078275,0.9597464968942606,47.78055836295692
86,21,patch,80.0,squid_mag,5,False,76.83751551361804,3.654831001711066,0.0,76.83751551361804,3.749091095323664,77.26061334208786,78.36855223945442,1.8933496743171538,16.665178645583843,41558.7253035165,0.773978509670113,47.78055836295692
86,21,patch,80.0,squid_grad,5,False,71.92597220483287,3.4475983896383022,0.0,73.70026317957446,3.3620778945208016,74.38834306768165,75.59457672602863,1.8933496743171538,10.554362147456981,23525.916743600304,0.7695808865055812,47.78055836295692
87,21,patch,320.0,squid,5,True,19.216245120649692,4.053710957380059,0.5,13.961362848081736,3.855655093408313,11.986473653176121,10.265856684363714,1.8933496743171538,18.40031412769381,13142.023028439888,0.8736038508182036,47.78055836295692
87,21,patch,320.0,opm_matched,5,True,11.334582200646718,5.368614137625009,0.25,11.334582200646718,5.609696023860622,4.146069351717338,3.5798120046594355,1.8933496743171538,40.3363481883701,21986.136495252416,0.6889067695749557,47.78055836295692
87,21,patch,320.0,opm_dense,5,True,11.110745519102812,6.24496663965322,0.25,11.110745519102812,6.493185568671614,5.8048923645648545,5.565628061859666,1.8933496743171538,34.37020218872622,7737.7746473896905,0.7841900385770305,47.78055836295692
87,21,patch,320.0,squid_mag,5,True,11.110745519102812,5.5040122020827935,0.25,11.110745519102812,5.369033114008005,8.36156962220172,6.48258179578165,1.8933496743171538,38.78388090687206,15139.021496837897,0.8572659021016276,47.78055836295692
87,21,patch,320.0,squid_grad,5,True,4.305581424373669,4.211760450630306,0.5,4.305581424373669,3.9837087705464573,18.083874252001557,16.404596827484884,1.8933496743171538,18.814108914763562,15417.770176107922,0.8076299092493253,47.78055836295692
88,22,focal,80.0,squid,6,False,14.805997680527758,3.922094693135206,nan,14.805997680527758,4.26611107235121,26.28588643627147,27.895023185294864,1.8638287959635647,6.831273237477302,14488.614672483729,0.9572125088575463,61.66051611340097
88,22,focal,80.0,opm_matched,6,False,51.72074357646656,4.489084358022201,nan,51.83863250967987,4.463472167498924,57.50775675018332,58.45659491182047,1.8638287959635647,23.41959982748433,1076354.2164576452,0.9854223354908113,61.66051611340097
88,22,focal,80.0,opm_dense,6,False,60.10828740350679,3.7611343455666892,nan,57.27388102882476,3.752612750370535,51.24267618198656,49.601165094082766,1.8638287959635647,6.818047072408739,33817.244114475994,0.9509534417383655,61.66051611340097
88,22,focal,80.0,squid_mag,6,False,27.10766987912471,4.3890978515346095,nan,27.842487733238837,4.513351537891819,23.978564294570425,25.462256076760895,1.8638287959635647,13.554147229395774,29901.704722784965,1.0914919764296978,61.66051611340097
88,22,focal,80.0,squid_grad,6,False,84.02341969666743,3.8323319855838345,nan,84.02341969666743,4.007948124227076,83.00787070366658,81.45163808296319,1.8638287959635647,3.9704904475906675,69083.63763740966,0.9205877344546527,61.66051611340097
89,22,focal,320.0,squid,6,True,76.64792330611512,3.533242260460014,nan,76.64792330611512,3.446509461312774,31.587798117795877,29.839611132205533,1.8638287959635647,6.576505003841302,16446.969263207317,0.866516346350712,61.66051611340097
89,22,focal,320.0,opm_matched,6,True,16.041629368132817,4.123767664364475,nan,16.041629368132817,4.084972543104329,29.429125491077706,30.83725017684476,1.8638287959635647,21.918959311139663,10920.333027898214,1.0371676347298147,61.66051611340097
89,22,focal,320.0,opm_dense,6,True,20.997560739806822,5.173906529475672,nan,30.779647560979633,5.019328411495757,48.71405424666472,48.413240279460226,1.8638287959635647,21.455592711541264,19230.314252874443,1.0995068492737121,61.66051611340097
89,22,focal,320.0,squid_mag,6,False,64.78053942798398,4.071156164777768,nan,64.78053942798398,4.040161965569165,33.07097329012053,31.32845927583177,1.8638287959635647,19.018214613029695,20239.099137812795,0.7912574766422618,61.66051611340097
89,22,focal,320.0,squid_grad,6,False,56.30656466357733,3.094140181137747,nan,60.506186193259175,3.078210659356557,28.767449559287858,26.9668087439479,1.8638287959635647,8.475006993292652,19906.699393545143,0.9275790653855529,61.66051611340097
90,22,patch,80.0,squid,6,False,45.39403606020719,3.5813890697593616,0.0,45.39403606020719,3.657103274407694,70.3253322573672,68.69337400659205,1.8638287959635647,4.555991002442813,11853.842405105612,1.0079020361595732,61.66051611340097
90,22,patch,80.0,opm_matched,6,False,58.3275933219134,3.327418987294704,0.0,58.3275933219134,3.2712759589681046,59.688062600947895,58.23057814848003,1.8638287959635647,16.21531887896688,13547.723188510718,0.8845234761229224,61.66051611340097
90,22,patch,80.0,opm_dense,6,False,62.92213045841174,3.266901686082303,0.0,71.876903194296,3.21489578165388,65.27811588164194,63.81857943074608,1.8638287959635647,8.146226956518094,9151.618409274091,0.9800354105783821,61.66051611340097
90,22,patch,80.0,squid_mag,6,False,49.075225905928946,3.2304281024583843,0.0,50.98298863827754,3.3297864403786157,60.80388565432498,59.38848252660783,1.8638287959635647,9.902933180995856,58090.32134145582,0.8122147485945718,61.66051611340097
90,22,patch,80.0,squid_grad,6,False,66.24087832394805,3.937277501871454,0.0,66.24087832394805,3.7943233983611395,72.38998454775988,70.83900681668997,1.8638287959635647,7.502797061858341,8552.170134744401,1.0603195558926308,61.66051611340097
91,22,patch,320.0,squid,6,False,36.911538807429615,3.983862259035043,0.0,46.26750037850101,4.018748530062743,52.825744623707905,54.50558180737865,1.8638287959635647,5.177749165035339,22649.087932581366,1.0612559834430906,61.66051611340097
91,22,patch,320.0,opm_matched,6,True,24.283572045399374,3.6947083798561766,0.0,36.911538807429615,4.1927996209877305,35.922370488075124,37.320849949963616,1.8638287959635647,18.814535159405082,16109.111054541974,1.0850946239912527,61.66051611340097
91,22,patch,320.0,opm_dense,6,True,36.911538807429615,3.810026078721736,0.0,36.911538807429615,4.438175295172218,32.94862691060959,33.79359319383142,1.8638287959635647,13.121488011623686,15522.848120235683,0.8606546705134541,61.66051611340097
91,22,patch,320.0,squid_mag,6,False,36.911538807429615,4.000067410188312,0.0,36.911538807429615,4.319916253161555,55.958082854090065,57.512363452331634,1.8638287959635647,13.236391019858102,79410.06287521472,0.9888115210345615,61.66051611340097
91,22,patch,320.0,squid_grad,6,False,51.09716627499652,3.7599925998025907,0.0,61.11561979301986,3.5941295068351002,68.90608044896975,68.17931847885077,1.8638287959635647,5.137273634401178,106703.13103268897,1.0899178906575562,61.66051611340097
92,23,focal,80.0,squid,7,False,55.888648652404484,3.165760298808867,nan,55.888648652404484,3.308067495714374,37.442719261764054,38.58581060958968,3.0422062487846397,5.375300358700004,32116.441174838525,1.0106197379922108,62.46725107366197
92,23,focal,80.0,opm_matched,7,False,42.12179985984543,3.556382131910498,nan,42.12179985984543,3.729941179557211,36.42481052520018,38.46491852115492,3.0422062487846397,24.780967089936613,22001.09302738632,0.698479425676422,62.46725107366197
92,23,focal,80.0,opm_dense,7,False,40.27384199244996,3.416734149132353,nan,46.94937572714369,3.9095738858252718,37.10094797070156,39.13458125119431,3.0422062487846397,14.443395255920539,14553.17463372865,0.8565446486169721,62.46725107366197
92,23,focal,80.0,squid_mag,7,False,50.13676313866577,2.9389595946510934,nan,57.23592228179714,2.961916673991884,45.230795281053084,47.235347596000864,3.0422062487846397,14.549713764420705,25845.319734129997,1.104539044353166,62.46725107366197
92,23,focal,80.0,squid_grad,7,False,49.96808340845238,3.8169075462533963,nan,46.94937572714369,3.8245407751263616,41.64423154292404,43.00360913157909,3.0422062487846397,9.855358348075807,45727.094183287365,0.9250590176602672,62.46725107366197
93,23,focal,320.0,squid,7,False,25.244129171770997,3.627908476706544,nan,17.814434242504323,3.412004979785834,41.27379483826956,42.03963550714177,3.0422062487846397,6.911555291476949,8540.884966942029,0.9644571838641238,62.46725107366197
93,23,focal,320.0,opm_matched,7,True,50.41045843134006,4.349142017828298,nan,50.41045843134006,4.3909662663643845,41.263332548558246,42.24756230153495,3.0422062487846397,24.144891493308535,7063.868605288272,1.007862485201691,62.46725107366197
93,23,focal,320.0,opm_dense,7,True,50.41045843134006,3.7894899733510954,nan,50.41045843134006,3.892597702308836,36.182537651476416,36.75348871062276,3.0422062487846397,13.842386355593359,5664.370070772977,1.0962078893833116,62.46725107366197
93,23,focal,320.0,squid_mag,7,False,54.379892957301834,3.214000717383666,nan,39.59582279933908,3.3629341580962935,42.69600380301339,43.64470377858518,3.0422062487846397,19.8561858284947,11632.658244553877,0.8448057826988989,62.46725107366197
93,23,focal,320.0,squid_grad,7,False,25.244129171770997,3.787046845298831,nan,25.244129171770997,3.6429504030497433,45.486296726486536,46.05410829583687,3.0422062487846397,12.487760564924521,7272.471363594047,0.9689869389546019,62.46725107366197
94,23,patch,80.0,squid,7,False,69.7233352941796,3.695349030557613,0.0,69.7233352941796,3.484111400345553,76.12336736065195,77.55841607471471,3.0422062487846397,3.7146134661181414,24814.886915854066,0.9298568966745845,62.46725107366197
94,23,patch,80.0,opm_matched,7,False,49.840205624862755,3.2360214358432478,0.0,43.7455159023257,3.0174352932555735,73.57569725675016,74.40540785062313,3.0422062487846397,12.437837975834528,14840.678170049912,0.880774551934575,62.46725107366197
94,23,patch,80.0,opm_dense,7,False,64.77270996451054,3.597639970518623,0.0,64.77270996451054,4.073723493561358,60.509980884158985,61.95151347242331,3.0422062487846397,10.576676239885161,1985.509767306519,1.0433700973095554,62.46725107366197
94,23,patch,80.0,squid_mag,7,False,72.12524643372973,3.8054314704216816,0.0,72.12524643372973,3.870595993723691,79.72755069189317,81.0624151244186,3.0422062487846397,12.480060252807846,16918.516386070016,0.9984606836148138,62.46725107366197
94,23,patch,80.0,squid_grad,7,False,77.56313233004762,3.5025304608688352,0.0,67.88610961157987,3.570902603423276,69.6304060842357,69.74877384248136,3.0422062487846397,5.825439120805411,97852.19710086857,0.8546215366611157,62.46725107366197
95,23,patch,320.0,squid,7,False,45.2715068613665,5.0589721931003675,0.0,45.2715068613665,4.923114540384696,34.123375606664425,35.41961080025139,3.0422062487846397,6.225489904055046,44520.00760582092,0.9545335303468193,62.46725107366197
95,23,patch,320.0,opm_matched,7,False,33.141480525094764,4.0671471782662865,0.0,37.87248409318988,4.104175261420039,59.629301328781395,57.48316881210705,3.0422062487846397,27.80882674232584,33388.70856383598,0.8392639763299704,62.46725107366197
95,23,patch,320.0,opm_dense,7,True,25.902000938679645,4.287250859597429,0.0,33.141480525094764,4.3469117375639375,59.37594775986263,57.31914570143353,3.0422062487846397,21.864171952367503,6588.332619333173,0.8989584869789181,62.46725107366197
95,23,patch,320.0,squid_mag,7,False,45.2715068613665,5.110658492874678,0.0,45.2715068613665,4.909618816956703,38.31190907186241,39.3992074361121,3.0422062487846397,13.667738049283326,83370.1906482146,0.9934713674588656,62.46725107366197
95,23,patch,320.0,squid_grad,7,False,54.379892957301834,3.719888013571624,0.0,54.379892957301834,3.596902010702527,53.10693228736413,54.71075961532801,3.0422062487846397,6.301948745482239,64412.07603032427,0.9302736045627527,62.46725107366197
