# NEW (G4 confirmatory: the declared spike endpoint re-tested with new seeds, newly drawn locations, independent null data, noise replicates and a detector-mismatch variant); infant18mo | commit ae458a9
replicate,event,location,strength_nAm,stretch,squid/combined_oracle_z,opm_matched/opm_oracle_z,opm_dense/opm_oracle_z,squid/combined_height_primary,squid/combined_height_mismatch,opm_matched/opm_height_primary,opm_matched/opm_height_mismatch,opm_dense/opm_height_primary,opm_dense/opm_height_mismatch
0,0,0,10,0.75,-0.5312,0.7610,0.4788,0.0000,3.9902,3.8842,3.9910,0.0000,0.0000
0,1,0,10,1,-1.2176,0.3494,1.1052,0.0000,0.0000,0.0000,0.0000,0.0000,0.0000
0,2,0,10,1.5,0.1962,0.0470,-0.2857,4.4199,0.0000,4.6559,4.7146,4.3219,4.0685
0,3,0,20,0.75,2.0439,3.5068,2.3179,0.0000,4.7703,0.0000,0.0000,0.0000,0.0000
0,4,0,20,1,1.8654,4.8064,4.4105,4.4908,4.4794,4.5364,4.4382,4.2416,0.0000
0,5,0,20,1.5,1.0896,2.7780,2.9875,0.0000,0.0000,4.0481,0.0000,0.0000,0.0000
0,6,0,40,0.75,3.8933,5.3137,5.7831,0.0000,0.0000,5.0452,4.6119,5.2395,4.7023
0,7,0,40,1,4.2360,6.4459,6.3634,4.4868,4.5844,6.1927,5.9292,5.9093,5.8778
0,8,0,40,1.5,4.3292,6.8372,7.1535,0.0000,0.0000,6.8122,6.6314,6.1037,5.6850
0,9,0,80,0.75,9.6447,10.9872,12.1426,9.2499,8.2684,10.7544,9.3277,11.1651,10.2957
0,10,0,80,1,9.7232,11.3334,13.0052,9.4022,9.2182,11.2346,11.2118,11.8268,11.7064
0,11,0,80,1.5,9.4668,10.8754,12.5060,9.0321,9.4244,10.5434,10.9458,11.2415,11.6406
0,12,0,160,0.75,15.4938,18.3394,19.7230,14.7102,12.5213,17.9896,15.3645,17.4273,15.5644
0,13,0,160,1,18.9351,22.5909,25.1729,18.4737,17.4649,22.1977,20.6167,22.9249,22.1508
0,14,0,160,1.5,20.0420,24.5116,28.2198,19.2422,17.5911,23.9176,22.7634,24.4161,23.8585
0,15,0,320,0.75,30.8198,38.7267,42.0374,29.9368,25.1344,37.7956,31.3152,37.8058,33.3658
0,16,0,320,1,35.2025,44.5345,49.7396,34.5546,32.8008,43.8952,42.1693,44.2914,44.2809
0,17,0,320,1.5,37.9548,45.7482,51.0303,36.3253,34.2537,44.9285,42.1606,45.3762,44.7760
0,18,1,10,0.75,-0.4125,0.6594,-0.0678,0.0000,0.0000,0.0000,0.0000,0.0000,0.0000
0,19,1,10,1,2.1630,2.5928,3.5378,0.0000,0.0000,0.0000,0.0000,4.2561,4.4460
0,20,1,10,1.5,0.5481,1.6645,2.9181,0.0000,0.0000,0.0000,0.0000,0.0000,0.0000
0,21,1,20,0.75,0.4292,2.3025,2.5306,0.0000,0.0000,0.0000,4.2543,0.0000,0.0000
0,22,1,20,1,1.4714,0.5082,3.8748,4.0681,4.1326,3.8462,0.0000,0.0000,0.0000
0,23,1,20,1.5,3.3415,4.5653,4.5216,0.0000,4.3117,0.0000,4.3710,4.6607,4.9011
0,24,1,40,0.75,2.5380,6.4598,7.8589,0.0000,0.0000,5.9722,6.1216,7.1117,7.8229
0,25,1,40,1,4.6116,7.9992,10.0328,4.1214,0.0000,6.7516,6.7235,9.3342,8.9630
0,26,1,40,1.5,5.8056,7.9666,11.1005,5.2789,4.6432,7.1148,5.6712,10.1936,8.6107
0,27,1,80,0.75,7.8979,12.9183,15.4150,7.2200,6.1252,11.5795,10.5920,14.8482,13.2950
0,28,1,80,1,7.4071,13.8747,16.1985,7.0663,7.3396,12.3030,12.5061,15.2298,15.1617
0,29,1,80,1.5,8.7074,15.5455,20.5357,6.9943,6.7073,12.0571,11.7328,18.1542,17.0733
0,30,1,160,0.75,15.7018,23.1525,30.6342,14.3869,12.9989,19.9886,18.3319,29.0417,25.7531
0,31,1,160,1,18.6804,27.5328,35.5071,15.7669,15.9639,23.2169,24.0234,32.6624,32.3177
0,32,1,160,1.5,18.6442,31.7111,38.6735,15.6856,15.1054,25.9640,26.6049,35.1500,34.1130
0,33,1,320,0.75,31.4729,50.7432,63.0387,27.4510,24.5168,42.8832,40.5360,58.9496,52.9333
0,34,1,320,1,33.6218,57.3132,69.3389,28.5626,28.8087,47.4778,49.3190,63.6531,62.5732
0,35,1,320,1.5,39.8304,63.9045,77.7126,33.8193,32.7969,51.9623,53.2203,70.8052,68.6617
0,36,2,10,0.75,1.0994,1.2534,2.3828,0.0000,0.0000,0.0000,0.0000,0.0000,0.0000
0,37,2,10,1,1.0595,1.7748,0.9297,3.6485,0.0000,0.0000,0.0000,4.5401,4.5694
0,38,2,10,1.5,1.5248,1.8331,2.4574,0.0000,0.0000,0.0000,3.3629,0.0000,0.0000
0,39,2,20,0.75,1.4654,0.3964,1.2216,0.0000,0.0000,0.0000,3.8732,0.0000,0.0000
0,40,2,20,1,1.5624,1.6708,3.3011,0.0000,0.0000,0.0000,0.0000,0.0000,0.0000
0,41,2,20,1.5,4.2045,2.6665,3.6117,0.0000,0.0000,0.0000,0.0000,0.0000,0.0000
0,42,2,40,0.75,2.9417,1.6126,3.0123,4.4293,0.0000,5.1786,4.8159,4.3465,4.3344
0,43,2,40,1,2.8817,3.0442,4.3084,0.0000,0.0000,0.0000,0.0000,4.1481,4.1503
0,44,2,40,1.5,3.7658,4.3065,4.7072,0.0000,0.0000,0.0000,0.0000,5.0076,4.7285
0,45,2,80,0.75,7.5466,6.3955,9.0389,6.6240,6.4273,6.3494,6.3599,8.4705,7.1625
0,46,2,80,1,8.1323,8.5570,9.9065,7.3237,6.6585,8.0530,7.7152,8.9918,8.2649
0,47,2,80,1.5,7.4324,7.0366,10.4130,6.3719,6.0632,6.1025,6.0859,8.4034,7.3256
0,48,2,160,0.75,12.5236,12.5145,16.0390,10.7022,9.0342,11.2696,9.6039,13.5682,10.6095
0,49,2,160,1,13.2714,12.6587,18.4163,11.5048,10.7976,11.9720,11.3941,15.5301,13.7406
0,50,2,160,1.5,16.7948,16.2248,22.0161,13.8432,13.2144,14.1629,13.7035,17.2570,15.3488
0,51,2,320,0.75,24.5085,25.0171,31.7242,21.1168,17.0877,23.1123,19.6594,27.3629,21.2490
0,52,2,320,1,30.4782,29.5417,37.5303,25.8602,24.9555,26.6766,25.9058,32.3344,29.7143
0,53,2,320,1.5,30.1392,29.3699,39.0662,26.2019,24.7082,27.7375,26.9172,33.6679,30.6733
0,54,3,10,0.75,1.0998,0.8121,3.5552,0.0000,0.0000,4.2939,4.7367,4.3398,4.0564
0,55,3,10,1,-0.8074,0.1962,1.3515,3.8844,4.1658,0.0000,0.0000,0.0000,0.0000
0,56,3,10,1.5,0.8731,1.3115,2.3445,4.4822,0.0000,0.0000,4.6066,0.0000,0.0000
0,57,3,20,0.75,2.8676,2.3041,3.4244,4.6075,4.5625,4.0398,5.1859,0.0000,3.9402
0,58,3,20,1,2.8619,3.0487,4.2111,0.0000,0.0000,0.0000,3.9865,0.0000,0.0000
0,59,3,20,1.5,2.8804,1.3632,2.4210,4.0665,0.0000,4.4979,4.1878,0.0000,0.0000
0,60,3,40,0.75,2.4798,3.6261,5.0065,4.1760,4.3321,0.0000,0.0000,3.9873,0.0000
0,61,3,40,1,5.0271,4.9864,7.0140,4.2783,4.1144,0.0000,0.0000,4.9307,0.0000
0,62,3,40,1.5,4.7897,5.6654,7.0262,3.9783,4.3060,4.2996,4.8093,0.0000,4.1703
0,63,3,80,0.75,8.3835,10.0326,11.4055,6.7733,5.9618,7.0018,6.4176,7.1528,6.8399
0,64,3,80,1,11.0936,12.6803,15.7329,7.5283,7.4501,8.7511,8.4403,8.5673,8.5864
0,65,3,80,1.5,9.8762,11.3570,14.3240,6.2144,6.4243,7.6828,7.3600,7.0930,8.4735
0,66,3,160,0.75,17.8518,20.4963,25.7631,11.8172,10.5443,14.0239,12.5215,13.7888,13.0117
0,67,3,160,1,19.3445,22.9037,27.5653,13.3611,13.5420,15.4814,15.2160,15.1173,15.7660
0,68,3,160,1.5,19.5938,22.5495,31.1866,13.3389,13.6413,16.0399,15.8027,16.2035,16.0748
0,69,3,320,0.75,35.7555,42.8888,51.6520,25.4072,22.8590,29.7414,26.3197,29.7682,27.4316
0,70,3,320,1,38.2752,45.2152,57.6679,27.0144,27.4567,32.1403,31.8190,30.1840,31.3399
0,71,3,320,1.5,42.3068,50.5694,65.8253,30.0600,30.0279,36.0127,34.9525,35.3538,35.9230
0,72,4,10,0.75,-2.1429,-0.7469,-1.2297,0.0000,0.0000,0.0000,0.0000,0.0000,0.0000
0,73,4,10,1,0.6926,0.4472,0.0754,4.2948,4.2870,0.0000,0.0000,3.9662,0.0000
0,74,4,10,1.5,1.9407,2.8957,2.3475,0.0000,0.0000,0.0000,0.0000,0.0000,0.0000
0,75,4,20,0.75,1.1174,1.5445,1.5817,4.6778,4.3507,4.4450,0.0000,0.0000,0.0000
0,76,4,20,1,1.6281,2.0640,2.4754,4.6313,3.9828,0.0000,0.0000,0.0000,0.0000
0,77,4,20,1.5,1.2012,0.2402,3.3990,3.8619,0.0000,0.0000,0.0000,0.0000,0.0000
0,78,4,40,0.75,2.0159,3.3432,4.6531,0.0000,0.0000,0.0000,0.0000,0.0000,0.0000
0,79,4,40,1,2.6304,2.4958,3.5796,4.2170,0.0000,0.0000,0.0000,0.0000,0.0000
0,80,4,40,1.5,3.4644,4.8996,6.0981,4.5604,3.6678,4.4200,0.0000,5.0747,5.3332
0,81,4,80,0.75,5.8481,6.9911,8.1417,5.1066,0.0000,6.2095,5.9560,5.6154,5.8778
0,82,4,80,1,6.5979,7.4496,10.0532,5.9997,5.8657,5.7924,6.2004,7.4218,6.8680
0,83,4,80,1.5,6.6525,5.4000,8.6548,5.0807,4.8324,0.0000,0.0000,6.1209,6.3150
0,84,4,160,0.75,11.1960,13.5592,17.9736,9.3582,9.1702,10.6539,10.9257,13.0438,11.4409
0,85,4,160,1,11.7362,12.8624,18.6761,9.2278,9.6716,9.9772,10.3110,12.7954,12.0994
0,86,4,160,1.5,14.7367,15.8007,21.8298,12.3352,12.5449,12.2436,13.4062,16.5498,15.8658
0,87,4,320,0.75,24.0627,27.6323,36.1743,19.8032,18.0743,21.6080,19.9622,27.4216,22.2176
0,88,4,320,1,27.2016,29.5134,40.4293,21.7145,21.5022,22.8685,23.6196,29.3856,27.1395
0,89,4,320,1.5,28.2882,30.9522,43.3393,23.2914,22.9742,24.9466,25.2033,30.7941,29.1140
0,90,5,10,0.75,1.3883,0.0828,2.5597,0.0000,4.2591,4.3266,4.3614,5.0232,4.7843
0,91,5,10,1,2.0365,2.3112,2.3644,4.2672,4.5599,4.4878,4.1374,0.0000,0.0000
0,92,5,10,1.5,1.5678,1.7484,2.2078,0.0000,0.0000,4.0191,4.0124,0.0000,0.0000
0,93,5,20,0.75,2.3231,4.3408,4.3674,0.0000,0.0000,0.0000,0.0000,0.0000,0.0000
0,94,5,20,1,0.8669,2.5748,3.2354,4.3420,3.7698,4.3971,4.2439,4.6954,4.3578
0,95,5,20,1.5,4.4266,5.2538,6.1154,0.0000,0.0000,4.5041,0.0000,0.0000,0.0000
0,96,5,40,0.75,5.9310,8.9176,8.5031,0.0000,0.0000,5.7659,4.9557,4.7332,0.0000
0,97,5,40,1,4.3085,5.8685,6.9515,4.1870,4.1977,4.8501,4.9786,4.0548,4.1053
0,98,5,40,1.5,6.1759,6.6001,8.6568,0.0000,3.9821,4.5071,4.3844,5.1512,4.4081
0,99,5,80,0.75,8.5052,11.6795,15.4275,5.2855,5.2277,6.4774,6.0746,7.7963,7.2741
0,100,5,80,1,10.6818,13.3556,16.1628,4.8910,4.9120,8.7293,8.6363,8.6559,8.2455
0,101,5,80,1.5,10.7058,14.3671,18.2803,5.3879,4.6638,9.3271,8.7417,9.2886,9.0777
0,102,5,160,0.75,17.5587,24.9819,29.9925,9.3890,8.3358,17.2418,15.4735,15.5774,14.0137
0,103,5,160,1,18.3029,26.6896,32.5860,8.6895,8.8559,16.5599,16.7145,17.6542,18.1126
0,104,5,160,1.5,21.9776,28.8169,36.8709,11.1283,11.1736,19.3346,19.4113,18.6930,17.4222
0,105,5,320,0.75,35.2561,47.9270,57.8961,15.7454,14.3612,31.6913,26.7974,30.1739,26.6741
0,106,5,320,1,38.7983,52.5319,66.6384,17.6949,16.7739,34.1922,32.9203,33.6992,33.4170
0,107,5,320,1.5,42.7132,56.8391,71.3563,18.9889,17.7500,36.0561,34.7699,34.8077,33.7842
0,108,6,10,0.75,-0.9076,0.4187,1.8533,0.0000,4.3846,0.0000,0.0000,0.0000,0.0000
0,109,6,10,1,1.0801,0.6570,1.2015,0.0000,0.0000,0.0000,3.7735,0.0000,0.0000
0,110,6,10,1.5,1.9453,1.7728,1.9774,0.0000,0.0000,0.0000,0.0000,0.0000,0.0000
0,111,6,20,0.75,2.4159,3.8207,3.0845,0.0000,0.0000,0.0000,0.0000,0.0000,3.6712
0,112,6,20,1,1.8088,3.8298,2.8741,3.6778,0.0000,0.0000,4.4477,0.0000,0.0000
0,113,6,20,1.5,2.4698,4.7409,5.7786,0.0000,4.4405,5.0030,5.0337,4.9916,4.5480
0,114,6,40,0.75,4.4488,6.7161,7.5584,4.4245,4.8860,6.3300,6.0972,6.4071,6.4582
0,115,6,40,1,4.0411,6.2370,5.5002,0.0000,4.4114,5.7741,5.8270,4.7728,4.7536
0,116,6,40,1.5,4.1715,5.7228,6.6608,4.9351,5.3274,5.4309,6.0234,5.1196,5.8999
0,117,6,80,0.75,6.1419,11.0784,12.0301,5.9549,5.2262,10.3287,9.7187,9.6824,7.4484
0,118,6,80,1,8.1813,13.3964,13.3195,7.5152,6.7839,12.9843,11.9414,10.7746,8.8510
0,119,6,80,1.5,8.4431,12.3609,14.3682,8.1766,8.3082,11.8110,12.4703,10.6345,11.4825
0,120,6,160,0.75,14.1189,20.3174,23.4061,13.4480,10.5364,19.0989,16.2920,19.5857,14.5554
0,121,6,160,1,17.7539,26.2932,28.2849,16.6334,15.1770,25.3217,24.1364,23.1235,20.1027
0,122,6,160,1.5,18.5115,27.8284,31.3832,17.0125,15.7930,26.6717,25.4366,24.8230,20.9314
0,123,6,320,0.75,28.9957,44.5241,49.4405,26.9184,23.1540,42.5505,37.2535,39.9966,32.7666
0,124,6,320,1,33.7693,50.3711,57.5513,32.2397,29.2217,48.9451,46.9127,46.7850,39.6723
0,125,6,320,1.5,35.0646,55.2172,62.2966,33.6536,30.8704,53.9472,51.1047,49.3806,43.0335
0,126,7,10,0.75,1.1864,1.7362,0.9453,0.0000,0.0000,0.0000,4.1121,0.0000,0.0000
0,127,7,10,1,1.1070,1.7710,2.0242,3.0574,3.2585,4.2742,4.3453,4.1541,4.4620
0,128,7,10,1.5,1.3628,-0.2223,1.6613,0.0000,0.0000,0.0000,0.0000,4.2750,4.5825
0,129,7,20,0.75,4.1187,3.6214,2.0576,5.5036,4.8957,4.6029,4.3195,0.0000,4.3602
0,130,7,20,1,3.1230,3.6548,3.4660,4.3748,4.2112,0.0000,0.0000,4.5024,4.4224
0,131,7,20,1.5,2.7725,2.9332,3.3050,3.8978,3.8643,3.8766,4.0848,0.0000,3.7169
0,132,7,40,0.75,7.9806,7.6987,8.5789,5.9995,5.9789,6.7923,6.2140,6.7939,6.5964
0,133,7,40,1,6.0288,5.7891,7.6020,4.5609,4.3486,5.0489,5.2440,4.2892,5.1294
0,134,7,40,1.5,9.4343,10.1290,11.6479,7.6659,8.3014,8.8714,9.1807,8.0277,8.8460
0,135,7,80,0.75,10.8851,10.2074,13.6962,8.3844,8.2329,9.0206,7.6589,8.5995,8.9336
0,136,7,80,1,12.9768,13.8635,18.6205,10.2309,10.3907,12.5037,12.2169,12.2881,12.8079
0,137,7,80,1.5,14.4364,14.2318,20.5464,11.2905,11.3402,12.8140,12.7167,13.1795,13.9136
0,138,7,160,0.75,21.9513,23.3082,32.9130,18.5301,16.9673,21.5984,19.3896,21.9226,21.3846
0,139,7,160,1,26.0895,27.6023,37.9519,20.4260,21.1014,24.1488,23.8240,24.0761,26.8586
0,140,7,160,1.5,30.3498,29.5068,41.6247,22.3720,23.0324,25.9642,25.5026,25.5549,27.9600
0,141,7,320,0.75,47.8893,48.3486,64.7881,37.1609,33.4634,43.0532,37.4389,42.7834,40.7880
0,142,7,320,1,54.5253,55.7366,75.4017,42.9376,44.2917,49.6853,49.3993,49.3490,53.7939
0,143,7,320,1.5,56.5378,57.8681,82.0094,43.0905,44.3848,50.2628,49.8589,50.1632,54.3471
0,144,8,10,0.75,1.2925,2.9347,2.3096,0.0000,3.5182,0.0000,0.0000,3.2970,0.0000
0,145,8,10,1,0.7567,1.4717,1.1386,0.0000,0.0000,3.8217,0.0000,0.0000,3.8960
0,146,8,10,1.5,4.2897,5.5252,5.1900,0.0000,4.0658,4.6962,4.4774,0.0000,4.0021
0,147,8,20,0.75,1.0876,2.8390,2.8828,0.0000,0.0000,4.3389,0.0000,0.0000,0.0000
0,148,8,20,1,1.9999,4.1124,4.0225,0.0000,0.0000,4.4797,4.9301,4.7595,5.4041
0,149,8,20,1.5,1.9811,7.0831,5.6645,0.0000,3.7728,5.6736,4.7907,4.5120,0.0000
0,150,8,40,0.75,3.2336,9.2925,8.0422,0.0000,0.0000,7.2877,6.5978,6.0673,5.4710
0,151,8,40,1,3.4667,7.6137,7.4181,3.9704,3.5950,6.9339,6.5734,5.4252,5.4972
0,152,8,40,1.5,4.8913,10.8747,9.5035,4.8856,5.0331,7.7419,8.0613,6.3330,6.2147
0,153,8,80,0.75,7.3314,16.6260,14.3457,6.9839,6.0261,12.4458,11.9479,10.6226,9.2023
0,154,8,80,1,9.1178,18.4900,16.0056,8.0451,7.7245,13.4054,14.1953,11.9721,11.5488
0,155,8,80,1.5,9.2485,19.3922,18.5559,7.5002,7.8280,13.7202,14.7366,12.8553,12.3255
0,156,8,160,0.75,15.6689,34.8595,31.1856,14.5222,12.6041,26.5780,24.9023,22.9733,20.8309
0,157,8,160,1,18.7945,38.7856,34.4552,15.8384,15.4146,28.9862,29.6665,24.4098,24.2736
0,158,8,160,1.5,19.8758,41.4285,37.7619,16.6764,16.5040,30.0397,31.1160,25.2679,25.5565
0,159,8,320,0.75,32.9095,69.9994,61.9035,28.4204,24.1758,51.4380,46.9690,43.5501,39.2522
0,160,8,320,1,36.1613,75.5426,68.5304,30.7736,29.9704,56.7985,58.9214,48.0572,48.4905
0,161,8,320,1.5,40.5457,81.4632,73.9163,33.5120,33.2101,59.7721,61.8180,50.0927,50.6975
0,162,9,10,0.75,1.0990,0.6693,0.1611,0.0000,0.0000,0.0000,0.0000,0.0000,0.0000
0,163,9,10,1,0.5154,0.0941,0.1562,0.0000,0.0000,4.1818,0.0000,0.0000,4.1349
0,164,9,10,1.5,0.7608,0.6051,0.1190,0.0000,0.0000,0.0000,4.0098,4.4376,4.0908
0,165,9,20,0.75,3.2398,2.0322,2.7906,3.8626,3.9370,4.4496,4.4078,4.3010,4.1442
0,166,9,20,1,0.7142,0.9052,1.8593,4.5035,4.3461,0.0000,4.5374,3.9962,0.0000
0,167,9,20,1.5,3.4580,3.5064,4.8931,0.0000,3.5999,3.8525,0.0000,4.6644,4.6493
0,168,9,40,0.75,2.5086,4.9203,4.9198,0.0000,0.0000,3.5393,0.0000,4.4385,4.0354
0,169,9,40,1,2.7232,5.0598,4.5706,4.5259,4.7514,4.7396,4.9781,0.0000,4.6136
0,170,9,40,1.5,4.2887,6.1363,6.0677,4.0933,0.0000,4.6452,4.9668,4.6577,4.3673
0,171,9,80,0.75,7.0277,9.3528,9.6751,5.4737,5.3216,6.4200,6.1177,5.8221,5.7566
0,172,9,80,1,8.0639,9.6055,10.3364,5.6593,5.5763,6.5168,6.8063,7.6543,7.8593
0,173,9,80,1.5,10.0374,12.9770,12.0354,6.4307,7.7343,8.0592,9.0708,7.4968,8.0587
0,174,9,160,0.75,14.1731,18.3707,17.7082,9.2705,9.1924,13.0995,12.8549,10.7201,11.1897
0,175,9,160,1,16.9201,21.4972,22.1654,10.9848,11.3765,14.4102,15.2948,14.9908,14.2540
0,176,9,160,1.5,17.4810,21.5827,22.7110,12.1044,12.6417,14.0893,15.0909,15.1610,15.4958
0,177,9,320,0.75,29.5396,36.4716,35.5762,20.4575,19.0487,26.4294,24.6192,23.0416,22.2778
0,178,9,320,1,33.1042,42.1484,43.8383,25.3543,26.4591,31.8753,33.2276,28.3603,31.2913
0,179,9,320,1.5,34.6727,43.8673,45.2358,24.6659,26.3621,31.6728,33.3162,30.2026,30.2262
0,180,10,10,0.75,-0.4398,-0.0223,0.6447,0.0000,0.0000,0.0000,0.0000,3.7044,0.0000
0,181,10,10,1,-1.5010,-0.4895,-0.3405,0.0000,0.0000,0.0000,0.0000,0.0000,0.0000
0,182,10,10,1.5,0.0639,0.0990,2.0263,0.0000,3.9504,3.9668,0.0000,0.0000,0.0000
0,183,10,20,0.75,1.5035,0.5830,1.1986,4.1423,4.1035,0.0000,4.0849,4.3549,4.0484
0,184,10,20,1,0.6378,1.7015,0.8387,4.6436,4.4700,4.5080,4.5434,0.0000,4.7895
0,185,10,20,1.5,-1.4910,0.5759,0.0380,0.0000,0.0000,3.8428,3.6072,4.1232,0.0000
0,186,10,40,0.75,1.0054,0.9633,2.5377,0.0000,4.3598,0.0000,0.0000,4.2203,4.3404
0,187,10,40,1,2.2923,2.1479,3.0966,0.0000,0.0000,0.0000,0.0000,3.4325,0.0000
0,188,10,40,1.5,0.9799,2.9560,3.1102,0.0000,0.0000,0.0000,0.0000,0.0000,0.0000
0,189,10,80,0.75,3.1669,4.0344,3.5707,4.5150,4.4528,0.0000,0.0000,3.8822,3.7340
0,190,10,80,1,4.1589,6.1408,6.0107,0.0000,3.9059,6.1148,5.8344,4.4444,4.8047
0,191,10,80,1.5,2.3206,5.2608,6.1870,0.0000,4.3257,5.4681,5.1822,0.0000,4.4724
0,192,10,160,0.75,4.7760,7.9735,9.9431,4.8031,4.3965,7.3981,5.8412,7.1590,6.6198
0,193,10,160,1,5.6114,7.7192,11.3573,4.9707,4.8387,7.1937,6.2240,8.3156,8.6200
0,194,10,160,1.5,6.9164,11.7814,13.8102,6.2886,6.5548,10.9892,10.2066,10.3354,10.3230
0,195,10,320,0.75,10.6394,18.7840,22.6921,8.6438,8.0262,17.0571,14.1872,16.0185,14.8023
0,196,10,320,1,9.9873,19.4922,24.5922,7.6043,7.5903,16.3235,14.7403,18.2319,17.9319
0,197,10,320,1.5,14.6869,22.0600,28.2878,12.4729,12.6072,18.4077,16.4928,21.0168,21.0062
0,198,11,10,0.75,1.2104,0.7920,0.2797,3.5206,0.0000,0.0000,3.4470,0.0000,3.7992
0,199,11,10,1,0.0481,1.5941,0.4247,4.0892,3.6758,3.8084,0.0000,4.0435,4.0430
0,200,11,10,1.5,0.0428,-0.5780,1.3785,0.0000,3.1644,0.0000,4.1077,0.0000,5.0389
0,201,11,20,0.75,1.9667,1.0705,2.4627,4.1155,0.0000,0.0000,0.0000,0.0000,0.0000
0,202,11,20,1,1.5804,1.8330,2.1981,5.3734,5.0031,4.6420,0.0000,4.5988,4.7416
0,203,11,20,1.5,-0.5589,-0.9479,0.4798,4.6412,4.2617,4.7747,4.5924,5.6011,5.1872
0,204,11,40,0.75,2.3803,3.5903,5.6324,0.0000,4.2742,0.0000,0.0000,4.4804,4.7017
0,205,11,40,1,3.1087,3.5223,6.4113,4.9444,4.4729,4.6285,4.4995,4.7977,4.8597
0,206,11,40,1.5,0.8240,2.0757,4.6309,0.0000,0.0000,4.1582,0.0000,4.4124,4.2184
0,207,11,80,0.75,6.0052,6.8516,9.0076,5.6682,5.8796,6.2452,6.1792,5.7104,5.8075
0,208,11,80,1,4.5202,6.2831,9.8316,0.0000,0.0000,4.9027,0.0000,6.1965,6.1541
0,209,11,80,1.5,6.0772,7.4316,11.3091,4.8323,4.5631,5.7360,5.9052,7.1185,7.1400
0,210,11,160,0.75,10.3989,11.3831,17.8772,8.7695,7.7538,9.0097,8.1477,11.8875,10.7619
0,211,11,160,1,11.5219,14.5106,22.4814,9.0322,9.2649,11.4255,11.6903,15.3149,14.1867
0,212,11,160,1.5,10.8244,12.3801,22.0157,8.7619,8.2592,9.5461,10.0249,14.3020,13.1597
0,213,11,320,0.75,19.5852,25.2686,35.5984,16.3875,14.9166,21.3378,19.3503,23.1532,20.2085
0,214,11,320,1,22.6060,27.3824,41.3253,19.1203,19.4165,22.1080,22.5420,27.8993,25.5586
0,215,11,320,1.5,21.5770,27.3866,43.7264,17.6733,17.2553,21.9250,21.4592,29.1323,25.4075
0,216,12,10,0.75,-0.0047,1.4527,2.5039,0.0000,0.0000,0.0000,0.0000,0.0000,0.0000
0,217,12,10,1,1.9018,0.5294,2.3081,0.0000,0.0000,0.0000,3.6946,0.0000,0.0000
0,218,12,10,1.5,2.3880,2.0989,3.2764,0.0000,0.0000,0.0000,0.0000,4.6546,0.0000
0,219,12,20,0.75,2.7736,3.7589,4.1894,0.0000,4.3074,0.0000,0.0000,4.2305,4.2006
0,220,12,20,1,1.6821,3.0555,4.9235,0.0000,0.0000,4.4325,0.0000,4.6665,4.4578
0,221,12,20,1.5,2.7968,2.8004,5.8217,3.2077,3.8101,4.4296,4.2370,5.0597,5.2640
0,222,12,40,0.75,6.7267,8.7851,10.5792,6.5717,5.6713,8.8318,7.9565,9.5424,8.3207
0,223,12,40,1,5.2383,7.9552,11.0019,4.7037,4.9016,7.7391,7.3625,10.1861,10.0128
0,224,12,40,1.5,5.1965,7.5998,10.5101,4.9936,4.8851,7.4888,7.3306,9.2912,9.1334
0,225,12,80,0.75,9.6762,12.2095,18.3334,9.3322,7.9532,11.7922,10.5897,17.0121,15.3871
0,226,12,80,1,10.5309,15.0226,20.2303,10.4539,10.0063,14.1243,13.8324,18.6700,18.3824
0,227,12,80,1.5,13.0377,16.1203,22.2864,12.2628,11.3210,14.9373,14.6719,20.0774,19.1962
0,228,12,160,0.75,19.8630,26.6371,35.9011,19.2054,17.1548,25.4526,22.2544,33.1428,29.7335
0,229,12,160,1,23.2415,30.7224,38.6145,22.6219,21.7729,29.5481,29.1324,36.6415,36.6381
0,230,12,160,1.5,24.0103,32.0533,43.7622,23.3262,22.2883,30.4159,29.3438,40.0032,39.1808
0,231,12,320,0.75,39.5840,53.8988,71.6838,38.1598,33.8464,51.6584,45.3076,66.8314,59.3316
0,232,12,320,1,43.9380,59.4378,81.8021,42.9410,42.3603,56.7489,55.9919,76.0518,76.1774
0,233,12,320,1.5,50.5874,64.4902,89.3119,48.8986,47.3416,61.9033,60.8337,82.0090,80.9954
0,234,13,10,0.75,1.0132,1.3996,3.4858,0.0000,0.0000,0.0000,0.0000,0.0000,0.0000
0,235,13,10,1,2.7764,1.8006,5.1899,4.2592,0.0000,4.1790,0.0000,0.0000,3.9803
0,236,13,10,1.5,2.2400,2.5215,4.5172,0.0000,3.5888,0.0000,0.0000,4.5200,4.3467
0,237,13,20,0.75,3.8138,4.3404,7.2620,0.0000,0.0000,3.9578,3.8864,5.3082,5.1970
0,238,13,20,1,5.5232,4.8552,8.6045,4.7832,5.0977,4.6192,4.4539,6.7610,6.4004
0,239,13,20,1.5,5.3185,4.1914,8.8463,5.0974,4.5755,0.0000,4.1832,7.2183,6.5793
0,240,13,40,0.75,8.3511,8.1839,14.7136,7.2898,6.7528,6.4786,5.7189,11.2660,9.9152
0,241,13,40,1,9.5320,8.3624,16.2601,9.0086,8.7202,7.4823,6.9150,11.7681,11.6061
0,242,13,40,1.5,9.9635,9.4803,19.8900,8.0546,8.7516,7.7213,8.1523,13.8233,13.6209
0,243,13,80,0.75,16.5305,15.7146,30.2596,13.8096,12.6645,11.6829,10.1805,21.6666,19.1455
0,244,13,80,1,17.8262,16.8048,32.2772,14.4964,13.7119,12.1338,10.8573,23.0794,21.4125
0,245,13,80,1.5,20.6433,18.4994,39.7385,17.9967,16.9296,15.0399,14.3323,30.1372,27.5924
0,246,13,160,0.75,32.7931,33.5661,62.4727,27.8878,24.7719,26.8622,22.5446,46.0823,40.5032
0,247,13,160,1,36.5368,34.3103,67.6103,31.1155,30.2841,27.2418,25.8828,50.4344,47.7040
0,248,13,160,1.5,38.0409,35.1637,76.2161,32.6516,31.6084,28.9235,28.0843,56.0240,52.2468
0,249,13,320,0.75,64.7904,64.1090,121.8066,56.2162,49.4516,51.2364,42.7406,89.6240,78.6251
0,250,13,320,1,72.1845,68.8936,136.2459,61.0581,59.3890,54.6374,51.7661,99.0601,94.2333
0,251,13,320,1.5,78.5736,71.8612,154.7478,66.8289,64.5204,57.8724,54.5010,113.5081,106.4033
0,252,14,10,0.75,2.4422,1.6817,2.9452,0.0000,0.0000,0.0000,0.0000,4.1590,3.7734
0,253,14,10,1,1.3670,1.3503,3.3215,0.0000,0.0000,0.0000,0.0000,0.0000,0.0000
0,254,14,10,1.5,2.2159,1.6950,3.4213,0.0000,0.0000,3.6951,0.0000,4.1995,0.0000
0,255,14,20,0.75,4.8397,4.2820,6.0457,5.1391,4.7998,4.7874,4.2027,5.1025,0.0000
0,256,14,20,1,6.8451,4.7518,6.8969,5.7804,6.0470,4.6135,5.1929,6.1193,6.3618
0,257,14,20,1.5,4.4491,4.2864,6.7918,0.0000,0.0000,0.0000,0.0000,5.8516,5.8355
0,258,14,40,0.75,8.8441,8.8090,11.4080,6.9084,6.1983,6.9802,5.7880,9.0401,8.3034
0,259,14,40,1,10.5718,10.9429,13.0498,9.1005,9.6993,9.7571,9.2727,10.7410,10.8832
0,260,14,40,1.5,10.1857,8.8510,15.1575,8.3892,8.7897,7.7652,7.1048,13.0140,13.5672
0,261,14,80,0.75,16.9621,15.8569,21.5626,14.7859,13.4212,13.5362,12.1363,17.4347,16.4427
0,262,14,80,1,19.9612,17.1462,26.7006,16.0077,17.1460,15.3205,15.0560,22.1169,22.5914
0,263,14,80,1.5,22.1807,20.3566,31.1777,18.7971,19.7798,16.9177,16.9619,25.4115,26.7755
0,264,14,160,0.75,38.1133,35.3335,49.6197,31.5097,29.4987,30.3916,26.7952,39.9571,38.4842
0,265,14,160,1,38.7265,36.4595,54.4329,32.1649,32.6928,30.0827,29.8285,44.4222,46.1521
0,266,14,160,1.5,43.8157,40.5324,60.3896,35.3329,36.3622,33.8777,33.2258,48.6572,50.0791
0,267,14,320,0.75,71.8275,69.9526,97.6810,58.8112,55.3532,57.9934,52.1721,79.1115,75.1070
0,268,14,320,1,80.5080,75.6447,110.4726,65.7001,67.7606,64.3423,63.1733,89.8689,93.0428
0,269,14,320,1.5,83.5624,76.6205,117.5592,68.8252,71.1648,63.9819,63.6936,96.5352,99.9808
0,270,15,10,0.75,3.1083,3.5328,4.0341,0.0000,0.0000,0.0000,0.0000,5.2669,4.6146
0,271,15,10,1,2.6052,2.2485,0.9725,0.0000,0.0000,4.1567,4.1671,4.0220,0.0000
0,272,15,10,1.5,2.0492,4.9900,5.5735,0.0000,0.0000,5.0148,5.0075,5.3426,5.4721
0,273,15,20,0.75,4.0500,6.1543,7.0082,0.0000,3.9990,5.9702,5.5593,6.7692,6.1560
0,274,15,20,1,2.6176,6.4481,5.5401,0.0000,0.0000,6.8613,6.4958,5.8421,5.4545
0,275,15,20,1.5,4.1410,6.8605,7.1825,0.0000,0.0000,6.7153,5.9573,7.0916,6.1809
0,276,15,40,0.75,6.0161,9.8306,9.7213,6.0524,5.3052,9.5569,8.3538,9.7973,9.0151
0,277,15,40,1,7.4469,11.8936,12.3379,7.3912,7.0759,11.6720,11.5999,11.9692,11.7058
0,278,15,40,1.5,7.7535,13.2907,14.3709,7.6187,7.3188,12.6402,11.5660,13.5205,12.4899
0,279,15,80,0.75,13.2076,21.2878,22.4977,13.0273,11.8130,20.5018,18.2832,21.8827,19.4258
0,280,15,80,1,15.3708,24.6055,27.4342,15.4058,14.5820,24.0477,23.4000,26.7043,25.9970
0,281,15,80,1.5,17.1594,25.1276,27.8385,16.6587,15.7305,24.4071,23.0621,26.7445,25.5987
0,282,15,160,0.75,27.7978,43.7304,46.8886,27.7260,24.4201,42.9457,37.3739,45.5743,39.6845
0,283,15,160,1,28.8738,45.7528,49.3845,28.5089,27.5795,44.7465,43.5313,47.6374,46.9532
0,284,15,160,1.5,32.9021,49.7651,54.9709,32.1478,31.0041,48.4719,47.4255,52.5475,51.3947
0,285,15,320,0.75,55.2950,86.9709,93.6461,55.2342,48.2705,85.5337,74.9329,91.3567,80.4690
0,286,15,320,1,59.5903,94.0668,101.7825,59.1282,57.3568,91.9039,90.3872,98.3532,96.7845
0,287,15,320,1.5,63.9812,99.9447,109.6141,62.5359,60.2855,96.8155,94.6961,104.5460,102.4213
0,288,16,10,0.75,-0.3068,1.0350,2.2541,0.0000,3.7854,3.9653,4.2541,0.0000,0.0000
0,289,16,10,1,1.5249,1.2742,2.7386,0.0000,0.0000,4.2332,3.9384,0.0000,4.1744
0,290,16,10,1.5,1.7326,1.9440,3.4977,0.0000,0.0000,0.0000,0.0000,0.0000,0.0000
0,291,16,20,0.75,3.3169,4.9402,4.0641,4.4471,0.0000,4.8440,4.3528,4.4951,0.0000
0,292,16,20,1,3.2236,4.2153,6.6988,4.2458,0.0000,4.7718,4.2486,6.5710,6.4215
0,293,16,20,1.5,2.3685,4.2787,5.7889,0.0000,0.0000,5.0175,4.3889,5.4743,4.6428
0,294,16,40,0.75,4.3898,7.6847,8.5505,4.4475,4.4469,7.3365,6.1068,8.2668,6.8345
0,295,16,40,1,4.4677,7.0915,10.2088,4.5644,0.0000,7.3846,6.8166,9.7328,9.0291
0,296,16,40,1.5,4.8368,9.5486,10.7348,4.6979,4.9374,8.8591,8.1702,9.9272,9.5488
0,297,16,80,0.75,9.1570,15.1781,20.8423,8.7579,7.1536,14.7390,12.5010,19.8730,17.2271
0,298,16,80,1,12.0190,17.9738,23.8306,11.8604,11.4685,17.3853,16.1491,22.6386,21.6667
0,299,16,80,1.5,12.7201,17.0793,23.0373,12.9246,12.2755,16.6292,15.4527,21.9628,21.2131
0,300,16,160,0.75,22.2562,32.3569,39.8360,21.4068,18.5040,30.6424,25.5359,37.2497,32.8537
0,301,16,160,1,23.0892,34.8993,46.0832,22.6448,20.7553,33.3146,30.9051,43.6473,40.7693
0,302,16,160,1.5,26.1722,37.4558,49.2861,25.7546,23.7835,36.0210,34.1509,47.0822,43.7415
0,303,16,320,0.75,43.8392,64.2005,81.6252,42.3991,36.3360,61.8236,51.6429,77.6321,66.8143
0,304,16,320,1,47.2849,70.9551,91.9646,46.3217,43.4235,67.9206,62.9387,86.9754,82.4726
0,305,16,320,1.5,49.9630,72.3443,97.7377,49.0775,45.3910,69.8161,64.6390,94.2158,87.3479
0,306,17,10,0.75,-0.7849,0.1528,2.2820,0.0000,0.0000,0.0000,0.0000,0.0000,0.0000
0,307,17,10,1,0.8865,0.3544,1.3415,0.0000,0.0000,0.0000,0.0000,0.0000,0.0000
0,308,17,10,1.5,0.8870,1.0540,1.8394,0.0000,0.0000,0.0000,0.0000,0.0000,4.8561
0,309,17,20,0.75,0.1946,0.3803,2.4882,0.0000,0.0000,0.0000,4.2256,0.0000,0.0000
0,310,17,20,1,1.3067,0.5988,2.7889,0.0000,0.0000,0.0000,0.0000,0.0000,0.0000
0,311,17,20,1.5,2.0127,1.8476,3.7859,0.0000,3.8391,4.0177,3.1157,0.0000,0.0000
0,312,17,40,0.75,2.2809,3.5619,4.8594,0.0000,0.0000,3.9984,4.2874,4.5518,4.4286
0,313,17,40,1,1.8182,2.0136,3.8709,0.0000,0.0000,0.0000,0.0000,0.0000,3.7237
0,314,17,40,1.5,3.2790,4.2061,5.2789,0.0000,4.0424,5.0255,4.5887,5.3202,4.6364
0,315,17,80,0.75,5.1003,7.5454,9.5583,5.3205,4.8834,6.0187,5.8772,7.6557,7.1938
0,316,17,80,1,6.6775,10.2696,13.9470,5.9415,5.3989,8.3539,8.2356,11.7776,11.4670
0,317,17,80,1.5,7.5522,8.9607,11.1053,6.2944,6.7983,7.2405,7.6886,9.0666,9.0501
0,318,17,160,0.75,10.9027,14.0808,19.0183,9.2923,8.0739,10.6050,9.2160,16.1054,14.8826
0,319,17,160,1,14.7656,19.0451,23.6925,11.3401,11.2349,13.5482,13.7528,18.7008,18.8381
0,320,17,160,1.5,14.6257,18.7765,24.9918,11.8766,12.0944,13.8048,14.1841,19.8950,20.4529
0,321,17,320,0.75,24.8247,32.3191,41.6776,20.9257,18.7654,24.2330,23.0200,34.6504,32.2544
0,322,17,320,1,27.3024,34.0999,46.3332,23.1034,22.9260,26.1789,27.4019,37.6938,38.6790
0,323,17,320,1.5,31.1404,37.0944,51.1105,24.8737,24.8039,27.4098,28.8717,41.1753,41.4329
0,324,18,10,0.75,3.8291,3.1316,3.8985,4.7739,4.3982,0.0000,0.0000,0.0000,0.0000
0,325,18,10,1,4.7075,3.6790,4.7392,5.1287,4.8141,5.0310,4.7197,4.7582,5.7215
0,326,18,10,1.5,2.9096,2.3464,3.3634,0.0000,0.0000,0.0000,0.0000,0.0000,0.0000
0,327,18,20,0.75,6.4354,5.1487,7.0203,5.7435,5.3296,5.2703,4.7527,6.2185,5.2387
0,328,18,20,1,4.4417,5.5994,6.8117,4.8811,4.5927,5.7823,6.1207,6.4185,5.6473
0,329,18,20,1.5,6.2165,5.5750,5.8687,5.7846,5.5822,5.3653,5.6135,6.2270,5.9664
0,330,18,40,0.75,10.9418,9.7149,13.1289,9.8697,8.1748,9.5813,8.1004,11.9467,9.1985
0,331,18,40,1,10.4544,11.3074,14.8327,9.5369,8.9700,11.2566,11.1402,12.0925,10.2997
0,332,18,40,1.5,13.1928,13.2670,17.5768,12.0405,11.0130,13.0370,12.0385,15.0826,12.6049
0,333,18,80,0.75,22.0749,23.7311,27.2612,20.5221,17.5327,23.2408,20.1025,23.3586,18.4914
0,334,18,80,1,23.2314,23.4139,30.9081,21.2812,19.7768,23.1567,22.4102,26.5001,23.2511
0,335,18,80,1.5,24.6195,25.5742,33.1064,22.6862,21.1671,25.1057,24.0857,27.8260,23.9567
0,336,18,160,0.75,39.1301,42.8723,50.9152,36.2446,30.7262,41.9337,36.4285,43.3116,33.6820
0,337,18,160,1,45.6930,47.4028,59.8194,41.2111,38.1190,46.3794,44.7760,49.9390,43.1071
0,338,18,160,1.5,50.4438,51.8203,66.3469,46.1225,42.2433,50.8368,48.5582,56.3125,48.4545
0,339,18,320,0.75,79.4184,87.4634,106.2000,72.4097,61.6682,84.8043,73.7651,90.2907,71.3016
0,340,18,320,1,92.3718,95.8641,120.0127,83.7963,77.4671,93.6702,90.8341,101.2509,87.8855
0,341,18,320,1.5,97.4502,102.6065,130.9826,90.0046,82.2882,100.9401,96.3081,110.7917,95.4838
0,342,19,10,0.75,-0.2618,0.2744,0.6866,4.2949,0.0000,3.6700,3.8741,0.0000,0.0000
0,343,19,10,1,0.5081,1.7954,0.5863,4.9188,5.0812,4.6949,0.0000,4.4203,0.0000
0,344,19,10,1.5,1.7450,1.1752,1.9445,0.0000,0.0000,0.0000,0.0000,4.6655,4.2161
0,345,19,20,0.75,1.5883,1.7160,2.0289,0.0000,0.0000,3.5970,3.5824,4.0771,0.0000
0,346,19,20,1,2.4201,2.2026,2.5892,0.0000,3.4788,0.0000,0.0000,0.0000,0.0000
0,347,19,20,1.5,2.9343,3.5434,3.9520,0.0000,0.0000,0.0000,0.0000,4.3601,3.9057
0,348,19,40,0.75,1.5237,1.8735,3.6978,0.0000,3.7670,0.0000,0.0000,0.0000,0.0000
0,349,19,40,1,3.9707,6.8342,6.8048,0.0000,0.0000,4.9669,4.8389,5.4529,4.7667
0,350,19,40,1.5,3.8834,6.1136,6.5335,0.0000,3.9641,5.8577,4.8422,5.4663,4.6295
0,351,19,80,0.75,7.6525,9.3258,10.0088,6.2787,5.5421,6.4087,6.6880,6.9146,6.2205
0,352,19,80,1,7.9500,11.0254,12.4174,7.0178,6.0989,7.1254,7.9034,9.1516,8.4386
0,353,19,80,1.5,10.0103,13.2691,13.7916,8.6744,7.3442,9.4240,9.3493,10.7418,9.4129
0,354,19,160,0.75,15.0907,19.9886,23.0720,11.8643,9.6445,13.7646,12.7569,16.3231,15.0559
0,355,19,160,1,18.4430,22.7703,24.7488,14.9707,13.1340,15.7470,17.2680,18.3949,16.5122
0,356,19,160,1.5,21.7929,26.1107,27.3671,16.8347,17.0051,17.3643,20.1248,19.2684,19.1952
0,357,19,320,0.75,33.0547,42.7644,44.5059,25.3356,20.4376,30.7149,27.1328,31.2909,26.3396
0,358,19,320,1,37.2893,47.8512,50.3649,28.5172,27.5905,33.9565,34.8468,35.0880,33.4637
0,359,19,320,1.5,40.0132,49.0494,53.1506,30.2812,29.1248,34.2054,35.1313,37.3847,35.2780
0,360,20,10,0.75,1.0879,2.3991,2.9811,4.0236,0.0000,4.5390,4.5231,0.0000,0.0000
0,361,20,10,1,2.5953,2.6926,2.7978,0.0000,0.0000,0.0000,0.0000,4.3703,4.4030
0,362,20,10,1.5,0.5098,2.4617,1.8805,0.0000,0.0000,0.0000,0.0000,0.0000,0.0000
0,363,20,20,0.75,4.0255,5.7682,6.9818,3.4970,3.8064,4.5772,4.2490,4.9528,4.0670
0,364,20,20,1,2.9116,5.9004,5.5150,0.0000,3.8803,4.5087,0.0000,4.3892,0.0000
0,365,20,20,1.5,4.5164,6.8857,7.0250,4.2845,0.0000,5.8588,5.7472,4.7375,5.0932
0,366,20,40,0.75,5.9446,10.1098,9.4339,0.0000,0.0000,7.7788,7.2555,6.3874,6.0367
0,367,20,40,1,7.4765,9.9650,10.1357,5.6072,5.9186,8.3971,8.4043,7.3884,7.1718
0,368,20,40,1.5,7.1144,10.4177,11.0361,6.4804,6.7283,8.7481,9.5694,8.7728,9.7501
0,369,20,80,0.75,11.1983,18.9915,19.4259,10.0099,8.4390,15.0704,13.3666,13.5832,12.1974
0,370,20,80,1,10.8409,20.1795,20.3967,8.4110,8.4282,15.2430,15.6935,13.8596,13.8865
0,371,20,80,1.5,12.4997,21.6961,22.9419,10.0998,10.5208,18.1502,18.3689,15.8746,15.8155
0,372,20,160,0.75,24.8768,38.7272,38.9066,20.6141,18.2764,32.3583,29.8097,29.1304,26.1239
0,373,20,160,1,27.7015,42.8714,44.2426,23.0383,22.5215,36.1969,36.8099,33.1774,33.1264
0,374,20,160,1.5,30.1796,47.3268,49.6868,23.9176,23.1244,38.8591,38.7959,35.0075,34.0024
0,375,20,320,0.75,50.0747,79.5819,79.7506,41.0061,36.2807,65.6465,59.9854,59.4485,53.2699
0,376,20,320,1,52.3656,86.4851,86.7229,42.3277,42.3614,71.9373,72.7389,62.1594,62.4788
0,377,20,320,1.5,59.6165,94.6362,96.7292,47.2367,47.6472,77.8874,78.7294,68.1546,67.8746
0,378,21,10,0.75,1.3381,1.5081,2.1249,0.0000,0.0000,4.2267,3.9559,0.0000,0.0000
0,379,21,10,1,1.2851,1.1761,1.7069,0.0000,0.0000,4.4093,3.9135,4.4155,4.4091
0,380,21,10,1.5,2.3370,2.8021,2.6626,4.4052,4.5139,4.3553,4.3311,4.3690,4.1792
0,381,21,20,0.75,0.6695,0.8283,2.2620,3.6965,4.1346,4.6879,0.0000,0.0000,0.0000
0,382,21,20,1,2.9394,2.9568,3.5525,0.0000,4.3168,0.0000,4.4747,4.5485,4.6197
0,383,21,20,1.5,2.6730,1.8104,2.5901,0.0000,0.0000,0.0000,0.0000,0.0000,4.3565
0,384,21,40,0.75,3.7995,4.8771,4.4561,4.1639,0.0000,0.0000,0.0000,4.4811,0.0000
0,385,21,40,1,4.3037,4.5677,5.9416,4.8769,5.2618,4.8209,5.3497,5.9102,6.3255
0,386,21,40,1.5,5.8548,6.1415,7.5412,5.4850,5.3362,5.8873,5.2361,7.0682,6.0018
0,387,21,80,0.75,8.9946,8.7927,11.1617,8.9023,7.0984,8.1868,6.1756,10.0390,7.2408
0,388,21,80,1,10.3573,11.8979,12.0412,9.2974,7.5280,10.2871,8.9988,10.7714,8.9561
0,389,21,80,1.5,9.6207,11.5980,13.0416,9.0583,8.2636,10.2523,8.7480,11.6538,9.0734
0,390,21,160,0.75,18.2945,20.7430,22.9830,16.7438,12.8642,18.1921,13.0844,20.2674,15.8137
0,391,21,160,1,19.3279,22.3459,24.1724,18.5539,16.6863,19.5960,16.5544,22.1953,18.2893
0,392,21,160,1.5,20.5911,22.7610,24.1962,19.7628,18.2502,20.0206,18.0308,22.1060,19.5107
0,393,21,320,0.75,35.2456,40.2423,44.0096,33.1575,26.9647,35.5583,27.2664,39.1536,30.0723
0,394,21,320,1,36.7416,42.1650,47.2291,34.7293,31.6183,37.2146,32.3288,42.3862,35.9716
0,395,21,320,1.5,43.1814,47.4887,52.6520,40.1678,35.2654,41.5134,35.2211,47.0370,38.8912
0,396,22,10,0.75,2.1879,1.8427,3.2520,4.6778,4.3078,4.4630,4.8651,4.7963,4.9560
0,397,22,10,1,2.5450,1.6934,3.3088,0.0000,4.1328,4.1887,4.3916,0.0000,4.3645
0,398,22,10,1.5,3.2673,3.8026,4.8002,0.0000,0.0000,4.0521,0.0000,0.0000,0.0000
0,399,22,20,0.75,5.3580,5.8046,5.8947,4.5618,4.4785,4.1022,4.0966,0.0000,0.0000
0,400,22,20,1,5.1395,4.4125,5.2889,0.0000,4.6553,4.0426,0.0000,0.0000,0.0000
0,401,22,20,1.5,5.2857,6.6412,7.2736,5.3761,5.3848,4.8682,4.5901,5.0317,4.7442
0,402,22,40,0.75,10.0615,12.2025,13.9664,7.1445,6.3874,7.4886,6.7849,8.3062,7.1482
0,403,22,40,1,8.7757,12.7290,14.0279,6.2793,6.2630,6.5532,6.8420,7.6414,7.6684
0,404,22,40,1.5,9.8558,11.8819,14.1015,6.8861,7.1678,7.8476,8.4243,6.7306,7.6636
0,405,22,80,0.75,16.0377,20.3904,23.8820,10.4647,9.7625,11.6827,10.9934,11.7127,11.3665
0,406,22,80,1,17.7048,21.9432,25.2824,11.7896,11.3566,12.1163,11.0798,13.9317,13.8316
0,407,22,80,1.5,20.0988,23.6502,27.8829,13.1039,13.4139,11.8474,12.0625,14.9816,15.4928
0,408,22,160,0.75,33.0463,41.8823,47.0066,22.4852,20.0565,20.9176,19.3495,27.8558,25.1989
0,409,22,160,1,35.2080,44.2799,50.5987,23.9918,23.5751,21.7285,21.7344,28.3055,28.2479
0,410,22,160,1.5,42.9874,52.9791,59.0950,28.7650,28.6923,27.0959,28.1904,33.6374,33.4757
0,411,22,320,0.75,65.9918,81.3188,94.3582,44.7086,39.9889,41.7016,38.3861,54.1629,48.9021
0,412,22,320,1,73.9782,92.6244,105.4023,51.2525,51.1230,48.0991,49.5088,61.0599,61.9803
0,413,22,320,1.5,82.0189,101.3869,114.9469,56.2194,54.5564,51.3719,51.4313,65.6811,64.7173
0,414,23,10,0.75,1.8201,2.7099,4.9490,0.0000,0.0000,4.6848,4.6073,5.4408,4.5658
0,415,23,10,1,1.8067,1.6411,4.0927,0.0000,0.0000,0.0000,0.0000,0.0000,3.4338
0,416,23,10,1.5,2.0864,1.7874,3.4415,0.0000,4.5144,0.0000,3.1598,4.4230,4.1359
0,417,23,20,0.75,3.1734,4.1172,7.6895,0.0000,0.0000,4.5713,4.4297,7.4041,6.6732
0,418,23,20,1,3.6917,3.8161,9.8550,0.0000,0.0000,0.0000,0.0000,8.5433,9.0261
0,419,23,20,1.5,3.3517,3.9835,7.7790,3.7498,3.6290,4.0205,4.3154,6.5195,6.7374
0,420,23,40,0.75,4.9519,6.4026,12.9260,5.8107,0.0000,6.4434,5.7530,12.2140,10.3919
0,421,23,40,1,6.7242,7.8007,16.8814,5.6477,5.4658,6.5901,6.4646,14.4443,13.3705
0,422,23,40,1.5,6.8484,8.1028,19.0208,5.9110,5.0462,6.9813,6.2644,15.0979,14.1428
0,423,23,80,0.75,10.9569,13.5662,27.6794,8.9045,8.3046,11.2625,9.7385,22.6744,19.8291
0,424,23,80,1,14.5502,15.8173,32.7032,11.1906,11.3806,12.0252,12.4632,26.5844,25.8688
0,425,23,80,1.5,15.5679,17.3827,33.6222,12.2267,12.9502,13.5379,14.4865,27.6228,26.4161
0,426,23,160,0.75,23.8420,28.2179,54.5801,19.2083,16.9583,22.8477,20.6159,44.9352,40.2893
0,427,23,160,1,25.8151,31.8266,62.0074,20.7972,20.3825,26.2496,25.7567,51.6500,49.6917
0,428,23,160,1.5,29.6721,34.6783,68.9799,23.5601,23.7024,27.3767,28.1628,57.4658,53.4273
0,429,23,320,0.75,50.5300,59.0717,110.8605,40.4862,37.3858,47.1577,41.4078,90.2257,80.8575
0,430,23,320,1,55.6426,63.3210,124.9456,44.7639,45.9461,50.5262,50.3020,100.7378,98.5524
0,431,23,320,1.5,60.0155,69.0648,137.4874,47.6398,46.9018,54.6750,54.9941,112.1348,106.6159
0,432,24,10,0.75,1.6184,2.3190,3.7230,0.0000,0.0000,0.0000,0.0000,0.0000,0.0000
0,433,24,10,1,2.0451,1.6265,2.6993,4.4033,0.0000,4.0387,0.0000,4.3852,4.7010
0,434,24,10,1.5,1.4152,1.7985,2.0773,4.8259,4.8305,4.4095,4.3167,5.1935,4.7659
0,435,24,20,0.75,3.1407,5.4835,8.2840,0.0000,4.3446,4.5708,4.1585,5.8498,5.6878
0,436,24,20,1,2.2856,3.1974,4.8810,0.0000,0.0000,4.2837,3.8743,0.0000,0.0000
0,437,24,20,1.5,4.9552,6.3888,7.0103,4.8977,4.7550,5.4910,5.7317,5.7980,5.9221
0,438,24,40,0.75,8.3620,10.7234,13.9667,7.0523,6.0327,7.8973,6.8254,9.9854,8.4553
0,439,24,40,1,10.9201,12.7456,15.7130,9.1546,8.7129,10.1758,9.9541,11.7924,10.9262
0,440,24,40,1.5,7.2928,9.7828,13.3591,7.0453,7.1833,7.6521,8.1806,9.1309,9.4305
0,441,24,80,0.75,16.6435,21.2634,27.1802,13.7904,12.3976,15.5918,14.2721,19.3018,16.4504
0,442,24,80,1,18.8401,23.2117,29.0180,15.1274,15.3945,16.7505,17.4845,20.4406,19.3697
0,443,24,80,1.5,20.1856,25.5402,33.0305,16.4633,14.5311,18.5962,17.5056,23.5706,21.2354
0,444,24,160,0.75,33.0862,41.7666,52.1627,27.9056,24.3604,32.0656,28.0746,39.3472,33.4889
0,445,24,160,1,35.2249,46.6800,59.6641,29.0191,27.6846,33.7980,32.9903,42.1403,39.6063
0,446,24,160,1.5,37.4914,48.7762,64.4704,29.5284,28.5226,33.6958,34.0582,43.8440,40.8467
0,447,24,320,0.75,63.8787,85.8695,108.0724,53.1345,45.3137,61.9390,53.8950,76.4597,63.9555
0,448,24,320,1,69.6742,91.1342,119.2548,56.9746,54.5651,65.8994,65.0347,83.5661,78.6120
0,449,24,320,1.5,78.0401,98.4159,130.3463,62.9573,60.2351,70.2364,68.7656,90.4214,84.7160
0,450,25,10,0.75,1.4690,1.4105,2.4774,0.0000,3.9505,0.0000,0.0000,4.3633,0.0000
0,451,25,10,1,0.9121,1.7974,2.4212,0.0000,4.0594,0.0000,0.0000,4.5702,4.1098
0,452,25,10,1.5,2.4150,3.1509,3.2352,0.0000,0.0000,4.0323,0.0000,0.0000,0.0000
0,453,25,20,0.75,3.8998,6.3312,7.1503,4.3742,4.5916,5.5848,5.7377,5.3455,0.0000
0,454,25,20,1,3.6265,5.5076,6.6175,0.0000,0.0000,5.0948,5.5542,0.0000,4.6395
0,455,25,20,1.5,3.1140,5.2735,6.0345,0.0000,0.0000,0.0000,4.7766,5.5243,5.0499
0,456,25,40,0.75,7.2720,8.9458,10.2007,6.8072,6.1571,7.8233,7.6263,8.9033,7.4026
0,457,25,40,1,7.1662,9.9894,10.5211,7.0930,6.4682,8.5029,8.7110,8.9134,8.4599
0,458,25,40,1.5,8.8709,11.9890,13.6548,8.0693,7.6540,9.9714,9.7713,10.6083,9.9252
0,459,25,80,0.75,12.2527,15.7322,18.2643,11.2189,9.8090,13.4571,11.8226,14.8050,12.8352
0,460,25,80,1,12.5173,16.4977,19.8907,10.9313,10.3087,12.8646,13.1795,16.8001,15.8502
0,461,25,80,1.5,14.9871,19.0070,21.8689,13.5420,13.0022,15.7487,15.2081,18.3980,17.1958
0,462,25,160,0.75,23.2551,31.8417,37.2592,20.3269,17.7713,25.8774,23.3030,28.8919,23.9016
0,463,25,160,1,26.4106,33.3826,38.3706,23.4061,22.1319,27.1871,27.7207,29.9804,28.1898
0,464,25,160,1.5,28.8152,37.4406,44.1167,25.5673,24.7358,29.5263,30.7767,35.6844,33.5167
0,465,25,320,0.75,46.3318,64.6201,73.9781,40.6637,35.2404,51.6487,46.9779,58.5111,48.9124
0,466,25,320,1,51.7015,69.3341,81.5032,44.6405,42.4920,55.0062,56.3809,65.0543,60.7325
0,467,25,320,1.5,56.6321,74.3979,86.4560,49.1219,46.9789,58.8169,59.7715,69.2680,64.4400
0,468,26,10,0.75,1.3685,0.1047,1.8616,0.0000,0.0000,4.4107,0.0000,4.3897,4.4727
0,469,26,10,1,1.4181,0.4168,2.5219,3.6128,3.6947,0.0000,0.0000,0.0000,3.5514
0,470,26,10,1.5,2.3167,1.4929,2.2771,4.4560,4.7263,4.0009,3.9430,4.1870,0.0000
0,471,26,20,0.75,3.3726,3.9278,6.8659,3.9231,0.0000,0.0000,0.0000,6.7025,5.7923
0,472,26,20,1,3.2358,1.6352,5.9550,0.0000,0.0000,0.0000,0.0000,5.4814,5.1903
0,473,26,20,1.5,3.9873,3.8319,5.9690,0.0000,3.8935,4.8562,4.8166,5.8725,5.6330
0,474,26,40,0.75,6.6816,7.5227,11.9533,5.9029,5.1733,7.4672,6.2978,11.5148,10.4207
0,475,26,40,1,8.4287,8.7275,14.3004,8.3528,7.8817,8.4813,7.9250,14.1676,13.0353
0,476,26,40,1.5,7.4891,7.7816,14.5434,6.8997,7.3005,7.7765,7.8333,14.0743,13.9785
0,477,26,80,0.75,14.0524,13.8847,24.2793,13.5500,12.1543,13.6605,11.7906,23.2399,21.0184
0,478,26,80,1,15.1684,16.2668,26.8428,14.8471,14.8517,16.0037,14.9980,26.2155,25.2383
0,479,26,80,1.5,13.9059,15.0504,27.3152,13.1174,12.8905,14.7377,14.6450,26.6243,26.2056
0,480,26,160,0.75,26.5969,27.8980,47.1307,25.1033,22.7606,27.2389,23.5714,45.1433,40.5960
0,481,26,160,1,27.2161,30.4515,51.6386,25.7884,25.2330,29.7140,28.7957,50.0346,48.1009
0,482,26,160,1.5,32.8981,33.9373,58.4396,30.6992,28.6181,32.8310,30.6824,56.5411,52.9764
0,483,26,320,0.75,50.7323,55.7238,93.4069,48.3140,42.6896,54.5563,47.4275,89.5081,79.2640
0,484,26,320,1,58.0167,62.5323,103.4303,55.0115,53.7555,61.2887,59.1832,99.7956,96.2719
0,485,26,320,1.5,62.3713,65.8622,116.3569,59.5336,57.6214,64.6220,61.1644,113.4202,106.9835
0,486,27,10,0.75,-0.2373,0.4530,0.2821,0.0000,0.0000,4.3851,3.7496,0.0000,0.0000
0,487,27,10,1,0.7609,1.0210,0.1874,3.6541,3.4620,4.3413,5.1355,4.3340,5.0099
0,488,27,10,1.5,2.9203,3.5133,3.5329,4.8756,4.3211,0.0000,4.2157,0.0000,4.3845
0,489,27,20,0.75,2.0780,4.1040,3.3578,0.0000,0.0000,4.4689,4.1172,0.0000,0.0000
0,490,27,20,1,1.6458,1.1142,1.6474,4.1255,3.9361,0.0000,0.0000,0.0000,0.0000
0,491,27,20,1.5,2.7872,3.1698,3.2264,4.9436,5.1001,0.0000,5.1972,0.0000,0.0000
0,492,27,40,0.75,5.2202,4.8272,6.6295,4.5467,5.0557,4.8752,0.0000,5.2146,5.1079
0,493,27,40,1,6.9078,7.0159,7.7871,5.3172,5.2169,5.6802,5.7320,5.6845,5.6449
0,494,27,40,1.5,7.7202,7.3897,9.3789,5.5278,5.4118,5.5670,6.1514,6.9799,7.2796
0,495,27,80,0.75,10.1788,12.0724,13.5148,8.0454,7.8727,10.5770,9.7579,10.4216,9.8695
0,496,27,80,1,11.8626,12.7059,14.9726,9.3632,9.5735,11.3332,10.9392,11.1961,11.3647
0,497,27,80,1.5,13.4857,15.0076,17.4255,12.0677,11.9603,13.4416,13.3844,14.7197,14.0828
0,498,27,160,0.75,23.0353,23.7965,28.7988,18.7956,17.5934,20.3487,18.0793,23.3037,21.4454
0,499,27,160,1,24.8023,25.8313,30.2206,20.4600,21.2136,22.0077,22.4753,24.0413,24.4245
0,500,27,160,1.5,23.8413,25.4796,31.1909,20.1675,19.4242,21.6657,20.7955,25.7357,24.6889
0,501,27,320,0.75,43.0867,47.0808,54.7110,35.3263,32.6153,40.2180,36.0862,43.8439,40.4003
0,502,27,320,1,47.8121,52.0991,61.4930,41.4609,41.7127,45.3488,44.7345,51.3340,50.5489
0,503,27,320,1.5,49.4309,53.0124,64.6324,42.6376,41.5904,46.5295,45.3014,53.7679,53.3700
0,504,28,10,0.75,2.7925,2.0008,3.0939,3.8769,0.0000,0.0000,0.0000,0.0000,0.0000
0,505,28,10,1,2.2801,2.4245,3.6602,3.8850,0.0000,4.4621,4.5632,4.6979,4.5556
0,506,28,10,1.5,2.4980,3.2012,2.4065,4.1514,3.9461,0.0000,0.0000,3.8661,0.0000
0,507,28,20,0.75,3.1118,2.8174,5.5395,0.0000,0.0000,0.0000,0.0000,0.0000,4.2631
0,508,28,20,1,6.0083,5.7197,7.5574,5.1928,4.9891,5.2797,5.1804,6.3595,6.9168
0,509,28,20,1.5,6.4284,7.1683,7.6219,5.7112,5.7069,6.0495,5.8123,5.9579,5.8614
0,510,28,40,0.75,8.7021,9.7789,10.5256,8.2459,7.7782,8.3898,7.8633,9.0832,8.3535
0,511,28,40,1,9.3163,10.3937,11.3146,8.2772,8.2432,8.8785,9.8332,9.5437,9.6351
0,512,28,40,1.5,9.6112,11.0092,13.0154,8.0358,8.7383,8.7693,9.4697,10.5274,11.4253
0,513,28,80,0.75,17.2494,19.4120,22.0264,16.2032,14.3341,16.8878,15.2751,19.0494,16.9096
0,514,28,80,1,17.4002,20.0747,24.8263,15.5556,15.4514,17.0337,17.6262,20.2269,20.7503
0,515,28,80,1.5,21.9515,22.5805,27.4323,19.6460,19.9311,20.2130,20.6450,23.2918,23.3502
0,516,28,160,0.75,32.3700,37.5720,43.8119,28.4236,24.8152,32.5233,29.5188,36.2588,32.5592
0,517,28,160,1,34.9770,39.3283,46.7086,30.7637,30.4270,33.2847,33.4593,38.1577,38.9005
0,518,28,160,1.5,41.1826,44.8884,54.1390,35.7421,35.9620,38.4904,39.0620,43.7059,44.4125
0,519,28,320,0.75,67.5345,74.4226,89.7723,60.3712,54.3071,64.0124,57.9384,75.0652,68.5481
0,520,28,320,1,74.7310,82.2809,98.5086,66.1040,66.6813,72.2840,73.3109,81.2660,82.6764
0,521,28,320,1.5,79.2891,88.3064,108.6916,69.2403,70.8918,77.3705,77.9030,87.1894,91.7886
0,522,29,10,0.75,1.0318,1.8758,2.1004,4.2474,4.2267,5.1457,5.0696,0.0000,0.0000
0,523,29,10,1,2.7276,3.6967,4.2691,5.0496,4.5778,0.0000,0.0000,0.0000,0.0000
0,524,29,10,1.5,2.8521,3.1906,3.8530,0.0000,3.4993,0.0000,0.0000,0.0000,3.8043
0,525,29,20,0.75,4.2603,5.4957,5.1087,4.7703,4.6658,5.3523,5.8357,4.9278,4.9658
0,526,29,20,1,4.3792,4.7891,5.4161,4.5787,4.4882,4.8838,4.9287,4.6774,4.2665
0,527,29,20,1.5,3.9110,4.4998,5.4502,0.0000,0.0000,0.0000,4.0455,0.0000,0.0000
0,528,29,40,0.75,9.1584,10.6613,11.8316,7.4151,7.2357,9.5167,8.1442,9.6744,7.4304
0,529,29,40,1,9.5448,11.3617,12.0398,8.1152,8.3533,10.4015,9.9067,10.2446,9.6724
0,530,29,40,1.5,10.1300,11.5744,14.1987,8.4846,7.8413,10.0189,10.1103,10.9625,9.2920
0,531,29,80,0.75,18.2090,21.2016,23.4694,15.2093,14.3407,19.1993,16.5635,19.0688,15.5409
0,532,29,80,1,16.6768,20.6120,23.6269,14.2765,13.1244,18.5206,18.1743,19.9493,17.2718
0,533,29,80,1.5,21.5626,24.4180,27.7584,17.8490,17.8139,21.4980,21.3701,22.4220,19.3525
0,534,29,160,0.75,33.1089,39.8525,44.3744,27.3152,24.8835,34.8413,31.8399,36.1007,27.8532
0,535,29,160,1,37.4431,44.6151,49.2965,30.8112,31.2957,40.1957,40.3472,40.4600,35.4104
0,536,29,160,1.5,39.8808,47.0452,53.5721,33.2929,32.6743,42.4957,41.4595,44.5735,38.7154
0,537,29,320,0.75,65.4349,79.9639,88.3569,54.6235,48.6942,71.5306,63.6789,72.5503,57.1936
0,538,29,320,1,72.5451,87.2782,96.9586,60.5504,60.4703,78.8001,78.5969,80.0642,70.0722
0,539,29,320,1.5,80.3539,95.1400,105.8916,65.8015,65.6477,84.9024,83.9899,87.4602,75.8209
0,540,30,10,0.75,2.6820,2.6681,4.1530,4.1376,4.3736,0.0000,0.0000,0.0000,0.0000
0,541,30,10,1,0.6382,2.0769,3.9637,0.0000,0.0000,4.0038,0.0000,4.2641,4.1964
0,542,30,10,1.5,1.0167,3.1247,4.3717,4.4181,0.0000,0.0000,0.0000,0.0000,0.0000
0,543,30,20,0.75,2.1019,4.8953,6.1315,0.0000,4.2170,4.7429,4.6770,4.7707,4.5727
0,544,30,20,1,3.1260,4.1042,5.0730,3.7942,3.8935,4.1128,4.2639,4.6758,4.5570
0,545,30,20,1.5,2.9048,5.6011,7.6125,3.5852,0.0000,5.4730,4.9917,6.6463,6.3041
0,546,30,40,0.75,6.9115,9.4736,13.7292,6.1971,5.5010,8.7370,7.6265,11.6042,9.7847
0,547,30,40,1,7.3179,9.4745,14.9637,7.4976,7.4074,9.4395,8.8198,12.9618,12.5470
0,548,30,40,1.5,6.7638,12.0978,17.9516,6.9741,7.1699,10.5144,10.8107,14.0961,14.1167
0,549,30,80,0.75,13.3022,19.3088,27.1278,12.0552,10.5806,17.3019,15.0086,22.5330,19.7051
0,550,30,80,1,15.0655,21.4178,28.2878,14.1218,14.0829,19.3410,19.6167,24.0236,24.3390
0,551,30,80,1.5,15.7954,22.7305,31.3374,14.9476,15.5929,20.3576,20.4402,26.1556,25.9795
0,552,30,160,0.75,26.5113,39.3789,53.2720,24.8760,21.7221,36.0088,31.0405,44.5980,38.8051
0,553,30,160,1,28.6275,44.0058,61.0195,26.0554,24.9157,38.6280,37.2733,49.8410,48.8208
0,554,30,160,1.5,32.5636,47.2082,65.3911,29.4885,27.9271,41.5901,40.5118,54.1773,53.2905
0,555,30,320,0.75,52.4766,79.0546,108.1863,48.8522,42.2949,71.1900,60.8984,90.5416,78.4650
0,556,30,320,1,59.1973,88.4947,122.0040,54.7752,53.2341,79.0474,77.3197,101.5851,99.1631
0,557,30,320,1.5,62.5408,93.5321,128.2570,57.6833,56.3559,83.6055,81.6209,107.1684,104.0231
0,558,31,10,0.75,0.7322,0.2158,1.1670,0.0000,0.0000,0.0000,3.5028,4.1161,3.9868
0,559,31,10,1,1.5524,0.5466,3.7677,0.0000,4.0992,0.0000,0.0000,4.4968,4.0686
0,560,31,10,1.5,2.5279,1.3837,2.9033,0.0000,3.5187,0.0000,3.8655,0.0000,0.0000
0,561,31,20,0.75,3.5852,3.2176,4.3084,4.0261,4.4788,3.8834,3.8835,0.0000,0.0000
0,562,31,20,1,1.9029,3.7667,4.7148,3.8682,3.8819,4.1062,0.0000,0.0000,4.5049
0,563,31,20,1.5,2.6702,2.3635,3.4215,0.0000,0.0000,0.0000,0.0000,4.5976,4.2069
0,564,31,40,0.75,3.1349,3.9244,6.6252,0.0000,0.0000,4.0485,0.0000,5.0021,5.3220
0,565,31,40,1,5.3037,4.9582,7.4556,4.6501,0.0000,4.8547,5.1614,6.4594,7.3434
0,566,31,40,1.5,4.0708,3.9538,6.1740,0.0000,0.0000,4.0363,4.2889,0.0000,4.4679
0,567,31,80,0.75,8.8517,9.5770,13.9116,7.4206,6.9576,7.9342,6.9178,9.3563,10.0204
0,568,31,80,1,9.9925,9.8164,15.8055,9.1384,8.5534,8.1263,7.7378,10.7623,12.2341
0,569,31,80,1.5,7.7944,8.2732,14.9033,5.6406,5.7852,6.2085,6.6497,9.3773,12.1646
0,570,31,160,0.75,18.0501,17.6391,27.6381,14.9812,12.1956,14.5567,12.7359,17.7633,20.2847
0,571,31,160,1,19.0781,20.3430,32.4250,14.5071,13.7714,16.0329,15.7051,21.6801,23.7708
0,572,31,160,1.5,19.5560,19.9717,32.2261,14.9247,13.8762,14.4713,15.5056,21.2252,24.8699
0,573,31,320,0.75,32.8979,34.8530,54.6564,26.2440,22.2802,27.6913,24.5075,35.6931,38.1575
0,574,31,320,1,37.7012,38.2355,60.6425,30.8218,28.0417,30.7503,29.6448,40.9215,46.3359
0,575,31,320,1.5,38.6620,38.7000,64.5351,29.6816,25.9683,29.5824,29.4951,42.4537,47.9255
0,576,32,10,0.75,1.5194,3.1980,4.0741,4.2702,0.0000,0.0000,0.0000,4.9907,0.0000
0,577,32,10,1,0.9076,4.4058,3.9414,4.5514,0.0000,4.0810,3.8239,0.0000,4.4381
0,578,32,10,1.5,1.8318,2.9012,2.5010,4.4683,0.0000,4.7581,0.0000,4.2718,4.2186
0,579,32,20,0.75,4.0355,5.4691,5.6459,4.9210,4.9650,5.4858,4.8666,5.2481,4.8320
0,580,32,20,1,2.9451,4.8664,5.5274,4.4227,0.0000,5.2337,5.0896,5.6644,5.7165
0,581,32,20,1.5,4.4822,8.0323,7.4439,5.1471,5.1635,7.3328,7.6562,6.3538,6.9796
0,582,32,40,0.75,6.6935,11.3978,11.6749,6.5150,5.9887,10.2664,9.5282,10.0773,9.3939
0,583,32,40,1,8.8339,13.6306,14.9832,8.1368,8.1203,11.7500,11.7202,11.9812,11.5090
0,584,32,40,1.5,10.1948,14.8335,16.4216,10.0022,9.5184,13.8916,13.4132,13.8377,13.4333
0,585,32,80,0.75,16.8300,24.7216,25.3777,15.9164,13.8328,22.5340,20.0812,20.4643,18.4204
0,586,32,80,1,18.0705,27.8819,28.5341,17.1844,16.2208,24.6181,24.0073,23.1307,22.5181
0,587,32,80,1.5,17.9392,29.2391,30.6388,16.4222,16.0120,25.2463,25.1483,24.6890,24.7256
0,588,32,160,0.75,29.6085,46.9203,48.8737,28.4896,24.4125,42.5557,36.4566,41.1383,35.9764
0,589,32,160,1,32.7949,50.9088,54.3058,30.0467,29.3633,45.0921,44.1895,44.6498,43.5672
0,590,32,160,1.5,36.8489,56.1156,60.1369,33.7398,32.6147,49.8240,49.1183,49.2063,48.3117
0,591,32,320,0.75,60.7280,95.4778,98.8872,57.4938,50.7058,85.3812,75.1892,82.3133,73.6775
0,592,32,320,1,68.4500,106.9841,111.5758,64.3778,62.4591,94.8575,93.1599,92.4144,91.0312
0,593,32,320,1.5,73.8036,112.0884,119.8242,67.7284,65.5902,98.9856,96.7527,98.1396,96.2772
0,594,33,10,0.75,0.8250,0.5071,1.0908,4.1464,4.1551,4.1133,0.0000,4.2640,4.3499
0,595,33,10,1,-0.4982,0.3857,0.8476,0.0000,3.6156,0.0000,0.0000,0.0000,4.1698
0,596,33,10,1.5,0.3139,1.7467,2.2380,3.8356,0.0000,0.0000,0.0000,4.4990,4.2848
0,597,33,20,0.75,2.4775,1.6770,2.1385,4.4191,0.0000,0.0000,0.0000,0.0000,4.1970
0,598,33,20,1,3.0122,2.9087,4.0722,0.0000,4.2513,0.0000,3.4021,0.0000,0.0000
0,599,33,20,1.5,3.3628,5.0245,5.9096,4.4462,0.0000,4.8391,4.7943,5.9075,6.2246
0,600,33,40,0.75,5.1454,6.7696,7.7479,5.0204,0.0000,6.2655,5.3251,6.6150,3.9032
0,601,33,40,1,7.2728,9.8324,11.4581,6.8128,6.5909,8.5730,8.4997,9.9612,8.9816
0,602,33,40,1.5,6.7337,8.1440,10.2791,6.2670,5.3842,7.4700,6.8870,9.5832,8.3791
0,603,33,80,0.75,10.4514,13.5113,16.8301,9.7850,7.9751,12.4113,10.5472,14.5084,11.1946
0,604,33,80,1,11.4508,12.5090,17.0017,10.8263,9.6327,11.2551,10.9298,14.5187,12.4739
0,605,33,80,1.5,13.1951,14.2205,18.4779,12.1220,10.9571,12.7922,11.4938,15.0287,13.1385
0,606,33,160,0.75,23.0972,27.4217,35.0633,21.3315,17.6784,24.2685,19.9578,28.7863,23.0230
0,607,33,160,1,22.3708,28.6093,36.4291,21.0868,19.0035,25.2719,24.6655,30.7459,27.4540
0,608,33,160,1.5,23.9752,28.8720,38.5240,21.6975,19.8151,24.9541,23.3728,32.7559,29.0081
0,609,33,320,0.75,42.5136,51.9311,67.5912,40.0898,32.7055,46.4103,38.0622,54.7970,44.3122
0,610,33,320,1,45.3061,54.4652,72.4759,41.1939,38.8877,47.4017,45.8216,60.7956,55.0458
0,611,33,320,1.5,50.7435,60.5620,77.8500,46.5740,43.9062,52.4990,51.1604,67.5483,60.5296
0,612,34,10,0.75,0.5446,3.2127,3.3637,5.1153,4.8549,5.0811,4.8524,0.0000,0.0000
0,613,34,10,1,3.2524,5.9783,5.7011,4.4974,4.0925,5.7658,5.6385,5.5259,5.1890
0,614,34,10,1.5,2.4090,4.4811,4.3781,0.0000,0.0000,4.9141,4.7216,0.0000,0.0000
0,615,34,20,0.75,4.9872,6.6306,7.1846,5.3464,5.0010,7.2826,6.0050,7.4153,6.4519
0,616,34,20,1,4.2673,4.8108,5.9199,0.0000,0.0000,5.1043,4.8353,5.9478,5.6740
0,617,34,20,1.5,4.3031,8.8733,8.7853,0.0000,0.0000,8.5985,7.7830,8.3209,7.7687
0,618,34,40,0.75,7.0076,12.6425,12.0192,6.7038,5.8574,12.0714,10.5153,11.4750,10.2314
0,619,34,40,1,9.7160,14.3517,15.2777,9.1195,9.0125,13.7173,13.3972,13.9840,13.6885
0,620,34,40,1.5,8.1275,15.2912,14.7327,7.8809,7.0208,14.9063,13.7398,14.6946,13.0769
0,621,34,80,0.75,14.9288,23.6824,25.0989,13.8189,12.4190,22.1967,19.8151,23.5456,19.9194
0,622,34,80,1,16.2097,25.1447,26.9590,15.4200,14.6319,23.9184,23.0538,25.0768,23.8462
0,623,34,80,1.5,17.0636,27.9545,31.5994,16.1441,15.6269,26.4957,25.3297,29.6405,28.0048
0,624,34,160,0.75,28.9094,48.1488,50.5202,27.5611,24.1916,46.3616,40.8081,47.7799,42.3708
0,625,34,160,1,32.4354,51.1228,53.1890,30.5149,29.3349,49.0167,47.0532,49.7049,48.2084
0,626,34,160,1.5,34.1395,55.5111,58.2204,32.3193,30.9689,52.9125,51.2205,54.6419,52.0602
0,627,34,320,0.75,56.7474,93.0816,95.6640,53.7441,47.5207,89.2303,77.9338,90.5981,79.1933
0,628,34,320,1,64.8324,103.1685,108.0110,60.7244,59.1207,98.3340,95.8010,100.5225,97.3267
0,629,34,320,1.5,69.4875,112.9037,117.4913,65.7899,63.3649,107.3433,102.9174,110.2078,104.9380
0,630,35,10,0.75,1.9356,2.1593,3.4041,0.0000,0.0000,0.0000,0.0000,4.4899,4.4095
0,631,35,10,1,1.7555,1.7937,1.2335,0.0000,0.0000,0.0000,0.0000,0.0000,0.0000
0,632,35,10,1.5,0.9592,1.4331,1.9581,0.0000,0.0000,0.0000,0.0000,3.5014,0.0000
0,633,35,20,0.75,1.9486,3.2066,2.7281,0.0000,0.0000,4.1011,0.0000,4.3678,0.0000
0,634,35,20,1,3.7944,3.4813,5.8118,4.8281,0.0000,4.8119,4.3604,5.7028,4.8770
0,635,35,20,1.5,0.4638,1.3983,3.1349,0.0000,0.0000,0.0000,0.0000,0.0000,4.5853
0,636,35,40,0.75,6.1950,6.7056,9.7730,5.4123,5.0844,6.5793,5.4720,8.1818,7.1367
0,637,35,40,1,5.1283,6.7386,10.6720,5.0040,5.3615,6.4337,6.3051,7.9412,8.7868
0,638,35,40,1.5,7.4567,8.2273,11.9639,7.0289,7.5074,7.8859,7.9541,9.6355,10.5175
0,639,35,80,0.75,10.5173,12.6302,16.8126,10.3669,9.2891,11.5247,10.3507,13.8558,12.2787
0,640,35,80,1,16.2748,17.2165,21.2328,14.8555,14.1255,14.7815,15.0521,17.3321,17.0572
0,641,35,80,1.5,14.5696,16.0060,22.8842,14.0849,13.8639,13.2877,14.4190,17.3068,19.1129
0,642,35,160,0.75,24.0603,28.9953,37.6687,21.6542,18.3465,24.4638,21.8436,29.8892,27.8897
0,643,35,160,1,28.5657,32.8480,43.4241,26.4878,25.7829,28.6865,29.0414,35.1006,36.2447
0,644,35,160,1.5,30.4041,32.7908,45.1108,28.4402,28.9012,29.0155,29.6927,35.7832,37.7771
0,645,35,320,0.75,51.9171,58.0559,74.8424,47.6787,41.7567,49.7950,43.8754,59.3029,54.2778
0,646,35,320,1,57.2352,63.5478,84.9061,52.6598,51.5724,54.4812,56.7543,66.4590,70.1112
0,647,35,320,1.5,61.2698,66.9674,89.8784,56.9504,54.5636,57.3710,58.5543,70.0803,73.2563
1,0,0,10,0.75,-0.3139,0.1213,1.0945,0.0000,0.0000,0.0000,0.0000,0.0000,4.3407
1,1,0,10,1,0.4028,0.9918,-0.1424,0.0000,0.0000,0.0000,0.0000,0.0000,0.0000
1,2,0,10,1.5,0.5538,0.5769,1.1615,4.4274,4.0890,4.5680,0.0000,0.0000,0.0000
1,3,0,20,0.75,2.9241,2.2632,2.7227,0.0000,0.0000,0.0000,0.0000,0.0000,0.0000
1,4,0,20,1,0.8808,0.6912,1.6139,0.0000,0.0000,3.3665,0.0000,0.0000,0.0000
1,5,0,20,1.5,3.2632,3.5537,3.3293,0.0000,0.0000,4.2147,0.0000,4.4613,0.0000
1,6,0,40,0.75,5.6409,6.8902,7.5116,5.8621,5.3318,6.9358,5.3947,6.7117,6.0732
1,7,0,40,1,5.9119,7.0695,7.3124,5.7497,5.4205,6.9694,6.2055,6.7126,6.4782
1,8,0,40,1.5,3.6133,5.9419,7.0379,0.0000,0.0000,5.8611,5.6341,5.7102,5.8229
1,9,0,80,0.75,7.5590,8.9331,9.8120,7.2648,5.7670,8.7121,7.3430,9.4828,7.5904
1,10,0,80,1,8.7425,11.4576,11.6030,8.5567,8.7975,11.1144,10.9897,10.7503,11.0416
1,11,0,80,1.5,8.8656,12.9754,12.9893,8.7952,8.3563,12.6686,11.2049,11.7343,11.1025
1,12,0,160,0.75,16.2489,18.7445,22.6760,15.8993,14.0401,18.4110,15.5700,20.1090,17.8153
1,13,0,160,1,17.7062,21.3420,23.2102,17.0133,16.1838,21.2461,20.3470,20.3991,20.4040
1,14,0,160,1.5,18.5830,23.1638,26.3289,17.4858,15.8805,22.6479,21.4204,23.0245,22.1150
1,15,0,320,0.75,29.4671,37.1387,41.4807,28.7396,24.2290,36.7648,31.2463,36.3262,32.2810
1,16,0,320,1,37.7891,45.1011,50.1007,36.9326,35.2312,44.2580,42.2190,45.3090,45.1974
1,17,0,320,1.5,38.7933,47.8478,52.6714,37.4086,35.7753,47.1912,44.4151,46.8707,46.3733
1,18,1,10,0.75,1.3255,0.4991,2.2378,4.1563,0.0000,4.9457,0.0000,0.0000,0.0000
1,19,1,10,1,1.3291,4.1781,5.1293,0.0000,0.0000,0.0000,0.0000,5.3869,5.5720
1,20,1,10,1.5,0.6136,3.2736,2.7175,0.0000,0.0000,0.0000,0.0000,0.0000,0.0000
1,21,1,20,0.75,1.8459,3.6833,4.7109,4.6712,4.4287,4.7690,4.3112,0.0000,4.4838
1,22,1,20,1,0.0278,2.6565,4.1295,4.0021,0.0000,0.0000,4.1044,0.0000,0.0000
1,23,1,20,1.5,1.3008,3.6741,5.4642,0.0000,0.0000,0.0000,0.0000,5.1260,4.9017
1,24,1,40,0.75,5.6497,5.9754,7.0907,5.1235,4.7504,5.3325,4.8113,7.2419,5.9472
1,25,1,40,1,3.3899,7.3819,10.7455,0.0000,4.2636,8.5567,8.3035,10.4992,10.5244
1,26,1,40,1.5,5.0372,7.9485,9.4553,4.7939,4.7590,7.1828,7.3893,8.8032,8.5403
1,27,1,80,0.75,8.4762,12.8823,14.5009,7.1868,6.4600,10.9754,9.8272,13.6234,12.4006
1,28,1,80,1,10.4861,15.0536,19.1967,9.8796,9.4299,14.2222,14.3842,18.5482,18.2279
1,29,1,80,1.5,9.0109,15.9759,20.5843,8.1942,7.7824,12.8160,13.0937,18.7885,18.3408
1,30,1,160,0.75,16.7186,26.1232,31.2029,14.9400,12.7807,22.6316,21.0648,29.4055,26.4170
1,31,1,160,1,18.4856,28.7181,36.1430,16.6427,15.7056,23.4141,24.4728,32.9783,32.4406
1,32,1,160,1.5,19.4277,31.2256,39.2041,17.0231,16.8703,25.8079,26.2657,35.9451,34.9457
1,33,1,320,0.75,31.2618,52.1990,61.3406,27.3941,24.9015,43.6005,41.0501,57.2313,51.1499
1,34,1,320,1,34.0453,58.2905,69.3560,28.8010,28.0896,47.6566,49.0695,63.1776,61.5484
1,35,1,320,1.5,40.3234,63.8026,77.5034,34.5899,34.3765,52.8698,54.1009,70.9346,68.7495
1,36,2,10,0.75,2.9233,3.4064,3.5403,0.0000,0.0000,4.5810,0.0000,4.1248,0.0000
1,37,2,10,1,1.1059,0.2341,0.9713,0.0000,0.0000,0.0000,0.0000,4.1776,0.0000
1,38,2,10,1.5,-0.0785,0.4202,0.9117,0.0000,0.0000,0.0000,0.0000,4.1213,0.0000
1,39,2,20,0.75,1.1483,1.6662,1.9419,0.0000,3.5683,0.0000,0.0000,0.0000,0.0000
1,40,2,20,1,1.0857,2.5170,2.5481,0.0000,4.6242,0.0000,0.0000,0.0000,0.0000
1,41,2,20,1.5,2.8839,1.5862,2.1135,0.0000,3.8774,0.0000,0.0000,0.0000,0.0000
1,42,2,40,0.75,3.9710,3.0333,6.1826,0.0000,0.0000,0.0000,0.0000,4.3362,0.0000
1,43,2,40,1,4.1706,3.9555,3.1111,0.0000,0.0000,0.0000,0.0000,0.0000,0.0000
1,44,2,40,1.5,3.3598,2.6976,5.5097,3.7353,4.1440,3.9284,0.0000,4.5361,3.1060
1,45,2,80,0.75,6.3341,6.2214,9.0157,5.5973,4.7470,5.7646,5.4439,7.7795,6.6761
1,46,2,80,1,5.9151,5.6513,9.2361,5.0556,4.9902,5.3745,5.4720,7.8822,7.3586
1,47,2,80,1.5,9.0355,8.2419,11.4174,6.9175,7.1265,7.6278,7.5587,9.0735,8.2514
1,48,2,160,0.75,12.8769,13.4561,16.1919,12.0448,9.8914,12.5330,10.8071,15.5073,12.3932
1,49,2,160,1,15.4747,14.7076,19.1196,13.3907,11.9210,13.8711,12.6857,17.0011,14.5501
1,50,2,160,1.5,15.4355,15.0294,19.9056,12.4371,11.1938,13.5357,12.0535,16.0020,13.7387
1,51,2,320,0.75,26.0241,26.6586,34.1241,22.8731,19.8478,24.6134,21.0426,29.8253,24.5908
1,52,2,320,1,29.1924,27.8450,36.7709,24.5652,22.5474,25.5702,24.3504,31.1147,27.4577
1,53,2,320,1.5,32.0041,30.9689,41.7906,26.5952,24.3906,27.8103,26.3458,33.9343,30.5311
1,54,3,10,0.75,1.9166,1.9438,2.8016,0.0000,4.3518,0.0000,4.1645,4.3715,3.8914
1,55,3,10,1,0.5842,0.4646,1.3770,0.0000,0.0000,0.0000,0.0000,0.0000,0.0000
1,56,3,10,1.5,1.8104,1.0137,2.0579,0.0000,0.0000,0.0000,0.0000,0.0000,4.2202
1,57,3,20,0.75,2.8337,2.4861,3.7834,0.0000,4.6394,4.3043,4.4416,4.1456,4.4318
1,58,3,20,1,1.6574,2.4184,3.5752,4.1647,0.0000,0.0000,0.0000,0.0000,0.0000
1,59,3,20,1.5,2.3889,4.0426,4.0702,0.0000,0.0000,3.8058,4.3387,0.0000,0.0000
1,60,3,40,0.75,4.3645,4.7148,6.3011,0.0000,0.0000,4.4119,4.4806,0.0000,0.0000
1,61,3,40,1,4.5495,6.2225,6.7424,0.0000,0.0000,5.3211,4.6046,4.0848,0.0000
1,62,3,40,1.5,3.5872,4.3917,6.6533,0.0000,0.0000,4.9537,4.7615,0.0000,0.0000
1,63,3,80,0.75,9.6932,9.5021,14.2899,6.2411,6.3029,6.4196,5.9947,6.9353,6.6507
1,64,3,80,1,9.1970,11.8061,14.3679,6.1977,6.6005,7.8309,7.6922,7.7818,8.5528
1,65,3,80,1.5,9.9958,10.9641,15.7983,7.3342,6.7996,7.7929,7.7244,7.4854,7.7527
1,66,3,160,0.75,16.3666,20.5442,25.7455,11.4671,10.0792,13.8383,10.9759,13.4027,11.9881
1,67,3,160,1,18.3647,22.0235,29.1602,13.2791,12.9667,15.1474,14.3275,14.9019,14.9591
1,68,3,160,1.5,20.6079,26.3582,32.5029,14.1930,13.9575,18.1502,17.5283,17.1495,17.2809
1,69,3,320,0.75,33.6161,39.5862,49.6190,23.9167,21.9875,28.2395,25.0938,27.9657,26.0718
1,70,3,320,1,39.2184,45.9832,57.5986,27.4848,27.7958,32.8738,32.2481,31.8083,32.3570
1,71,3,320,1.5,41.3295,48.2440,64.0751,27.9493,27.9452,33.4954,32.6497,32.8616,33.2382
1,72,4,10,0.75,2.5130,0.3643,2.0505,4.3297,0.0000,0.0000,0.0000,0.0000,0.0000
1,73,4,10,1,1.2166,0.4906,2.6332,4.0410,0.0000,3.4625,3.7565,4.3995,0.0000
1,74,4,10,1.5,1.0735,0.9879,3.2428,0.0000,4.4410,0.0000,4.1922,0.0000,4.1776
1,75,4,20,0.75,2.4654,3.2795,5.0316,0.0000,3.5958,4.4605,0.0000,0.0000,0.0000
1,76,4,20,1,2.5683,1.6214,1.4327,3.9845,0.0000,3.8550,0.0000,4.8303,4.3122
1,77,4,20,1.5,1.3298,1.3747,2.0663,0.0000,0.0000,0.0000,0.0000,0.0000,4.2003
1,78,4,40,0.75,1.7264,1.4680,2.2926,4.0597,4.1675,0.0000,0.0000,4.2898,0.0000
1,79,4,40,1,2.8953,3.6458,6.7456,0.0000,0.0000,0.0000,4.2021,5.3620,5.3745
1,80,4,40,1.5,4.4520,2.9801,5.5511,0.0000,0.0000,0.0000,0.0000,4.9744,4.4658
1,81,4,80,0.75,4.9604,6.6621,9.3035,4.6825,4.5010,5.6012,6.0035,7.1145,6.5707
1,82,4,80,1,7.7502,7.4067,10.0001,7.0872,7.1602,6.1857,6.3493,7.6652,7.3480
1,83,4,80,1.5,7.0848,8.6396,11.8406,6.3025,5.6460,6.7836,6.5841,7.6712,7.4146
1,84,4,160,0.75,9.8902,11.4871,17.0910,8.4094,7.1258,8.3799,7.6545,11.9657,10.0073
1,85,4,160,1,13.9446,16.0418,20.8456,11.2122,11.4805,12.5875,13.2899,16.2132,15.5244
1,86,4,160,1.5,16.7118,17.2538,22.4987,14.2203,14.0163,12.9532,13.3600,15.1392,14.5221
1,87,4,320,0.75,21.9166,24.4496,33.5035,17.7388,15.9844,20.0574,18.4446,25.3553,21.3180
1,88,4,320,1,27.7517,29.7721,40.0288,22.4551,22.0153,23.4991,24.2661,28.9575,27.2537
1,89,4,320,1.5,28.6820,30.5618,44.1047,23.7107,23.0160,24.9139,25.2930,30.6859,29.9274
1,90,5,10,0.75,3.0739,2.7971,2.2652,0.0000,0.0000,0.0000,0.0000,0.0000,0.0000
1,91,5,10,1,-0.6715,1.3234,1.6614,0.0000,0.0000,0.0000,0.0000,0.0000,4.1399
1,92,5,10,1.5,1.9081,3.1734,3.2890,0.0000,4.0417,0.0000,4.5742,0.0000,0.0000
1,93,5,20,0.75,2.9868,2.4565,2.6628,4.2562,4.6504,0.0000,4.5991,4.1300,4.2662
1,94,5,20,1,2.9974,3.7132,4.8576,0.0000,0.0000,5.5574,0.0000,4.8192,4.3186
1,95,5,20,1.5,1.6787,2.2895,3.8255,4.3468,4.3138,0.0000,0.0000,0.0000,0.0000
1,96,5,40,0.75,3.3532,5.3442,7.8614,0.0000,0.0000,4.9615,4.8667,0.0000,0.0000
1,97,5,40,1,3.2567,6.8953,7.3871,3.6878,3.8724,5.6227,5.3851,4.5963,4.5578
1,98,5,40,1.5,5.4079,7.0189,9.4201,4.3220,0.0000,4.7518,4.7691,5.7651,5.1317
1,99,5,80,0.75,7.0711,10.8893,14.1241,4.5274,0.0000,7.6546,6.1881,7.9822,6.9623
1,100,5,80,1,11.4854,14.8777,17.2947,5.7333,5.6072,9.9638,9.6655,8.5151,8.9669
1,101,5,80,1.5,12.1449,15.1971,18.3383,5.9747,5.3671,9.8815,9.0034,9.7946,9.3887
1,102,5,160,0.75,15.4664,22.9403,28.0006,8.8669,7.8757,14.7587,12.6058,14.4887,12.9379
1,103,5,160,1,19.1799,25.4358,31.9319,9.3394,9.8781,15.9080,16.2862,17.4306,18.0316
1,104,5,160,1.5,23.3074,30.7477,38.4118,11.3365,10.5187,19.3140,19.6722,19.7969,18.7585
1,105,5,320,0.75,36.4270,47.6631,59.4089,16.0970,14.4906,31.0707,26.9381,31.2034,26.8411
1,106,5,320,1,40.5982,52.3342,64.4527,17.4034,16.5998,32.6841,31.9422,32.9042,32.2930
1,107,5,320,1.5,44.3321,56.6708,72.2807,19.4935,18.3420,36.1547,34.9687,35.6856,35.7430
1,108,6,10,0.75,-0.4491,0.3743,-0.8297,4.2804,0.0000,0.0000,0.0000,3.7888,0.0000
1,109,6,10,1,2.0418,2.6974,2.4181,4.0810,4.2303,0.0000,0.0000,0.0000,0.0000
1,110,6,10,1.5,1.1591,1.8229,1.9863,4.6481,4.4811,4.8829,4.7933,0.0000,4.7927
1,111,6,20,0.75,1.3096,2.7558,3.4454,0.0000,3.0850,0.0000,0.0000,4.1834,0.0000
1,112,6,20,1,2.1799,5.1742,3.5980,0.0000,0.0000,0.0000,4.8720,4.5656,0.0000
1,113,6,20,1.5,3.0948,4.3210,3.9088,4.9420,4.7257,4.4336,4.0658,0.0000,0.0000
1,114,6,40,0.75,2.9946,4.9263,5.1771,0.0000,0.0000,4.6275,4.3140,4.4255,0.0000
1,115,6,40,1,3.5184,7.0116,7.2212,0.0000,0.0000,6.9367,7.2958,5.6471,4.7304
1,116,6,40,1.5,3.2802,5.9144,6.7554,0.0000,4.4043,7.2945,7.3065,5.3998,5.7036
1,117,6,80,0.75,6.5792,10.1274,9.4472,6.4686,5.8345,9.8421,8.1142,7.8498,6.0004
1,118,6,80,1,9.0500,11.7335,15.2249,8.8194,8.6048,11.3514,11.5110,12.2591,11.5489
1,119,6,80,1.5,7.2758,13.8242,15.8068,7.1489,6.1098,13.3428,12.8017,12.0147,12.2648
1,120,6,160,0.75,15.1529,23.1198,27.6702,14.0507,11.7837,22.4090,19.3948,21.7771,18.0922
1,121,6,160,1,17.0667,25.7030,27.7723,16.0691,15.4498,24.7504,24.0816,22.4271,19.2193
1,122,6,160,1.5,18.5895,28.7824,32.0167,17.7414,16.4674,27.9327,26.7899,25.4544,20.5603
1,123,6,320,0.75,29.3599,42.7935,50.0148,27.0636,23.1179,41.1492,36.2645,40.2533,32.5078
1,124,6,320,1,32.1090,49.8730,56.4848,30.0321,27.9892,48.2440,46.7824,45.1017,39.8523
1,125,6,320,1.5,38.7311,57.0959,65.4028,36.8361,33.3960,55.8806,52.4533,52.2409,45.5511
1,126,7,10,0.75,1.4069,1.6557,1.5627,0.0000,4.3599,3.8399,3.8946,3.7921,0.0000
1,127,7,10,1,0.3297,-0.1029,0.4460,4.6168,5.0251,4.7451,5.0913,5.1798,4.9368
1,128,7,10,1.5,2.8505,2.6788,4.0947,0.0000,3.7016,0.0000,0.0000,0.0000,0.0000
1,129,7,20,0.75,3.9671,4.5087,5.5518,4.4080,0.0000,0.0000,0.0000,0.0000,3.7055
1,130,7,20,1,3.1972,2.8464,3.6915,3.9593,4.0481,4.5664,0.0000,0.0000,4.2749
1,131,7,20,1.5,2.6176,4.0891,4.9151,4.2395,0.0000,0.0000,0.0000,0.0000,0.0000
1,132,7,40,0.75,6.2972,6.2865,9.4680,5.9745,5.2388,6.2632,5.6003,7.1574,6.7315
1,133,7,40,1,7.6555,7.7885,11.2389,6.6734,7.1708,6.9517,7.4325,7.7050,8.6108
1,134,7,40,1.5,6.6628,6.9839,9.4460,0.0000,4.8539,5.5250,5.6327,5.1612,5.9107
1,135,7,80,0.75,11.8947,13.6163,16.4007,9.7837,9.2384,12.2932,11.6735,11.4824,11.5402
1,136,7,80,1,14.8540,14.6555,18.9763,11.0836,11.2617,12.6528,12.2904,12.3454,13.0611
1,137,7,80,1.5,14.3648,14.9085,19.4520,11.2362,10.5358,13.0736,11.9555,12.3345,13.5110
1,138,7,160,0.75,24.2549,24.2407,32.5455,18.3534,16.5518,20.9024,17.4936,20.8065,20.4791
1,139,7,160,1,27.0641,27.9719,37.3870,21.4826,22.0932,25.0552,24.8594,24.6337,26.6743
1,140,7,160,1.5,27.9551,27.5180,39.4607,21.4132,22.7887,24.3078,24.6646,24.7263,27.3933
1,141,7,320,0.75,48.3359,49.8507,65.8075,38.4631,35.0855,44.5701,39.2926,44.4416,42.4716
1,142,7,320,1,53.3082,55.2697,76.7593,42.2320,43.7853,49.0010,48.7859,49.1935,53.5422
1,143,7,320,1.5,59.5042,59.8494,83.5879,45.0235,46.6395,52.3687,52.2858,51.7777,56.5382
1,144,8,10,0.75,0.5063,0.5916,0.2265,4.5050,0.0000,0.0000,0.0000,0.0000,0.0000
1,145,8,10,1,1.1141,2.4844,3.3108,0.0000,0.0000,0.0000,4.0120,0.0000,0.0000
1,146,8,10,1.5,1.3387,2.9648,1.6996,4.6874,4.2936,4.3797,4.4323,0.0000,3.8127
1,147,8,20,0.75,2.5719,4.7170,3.3216,4.4653,5.0409,4.6357,4.7260,4.4501,4.6698
1,148,8,20,1,0.8693,3.4576,5.3757,4.9714,4.5994,4.6892,4.0638,4.3854,0.0000
1,149,8,20,1.5,1.4477,3.7301,2.6565,0.0000,0.0000,4.1897,0.0000,0.0000,0.0000
1,150,8,40,0.75,2.0291,7.1656,6.8714,0.0000,0.0000,6.2528,5.8460,5.1870,4.7247
1,151,8,40,1,6.7898,11.5709,10.4904,6.1268,5.5875,8.6141,8.5497,7.3631,7.5207
1,152,8,40,1.5,5.1461,9.3282,7.8777,5.8520,5.5985,8.2084,8.5554,6.4817,6.5517
1,153,8,80,0.75,7.9273,16.8793,14.3710,6.9707,6.5011,12.8340,11.5476,10.7694,9.3532
1,154,8,80,1,8.0081,16.8658,15.8182,6.6422,6.1711,12.1869,12.5502,10.2864,9.6260
1,155,8,80,1.5,8.9219,20.7819,19.0654,7.6130,7.7019,14.3599,15.2347,12.6717,12.6533
1,156,8,160,0.75,17.4888,35.7258,30.6229,15.2451,14.3118,26.1545,24.5688,21.5893,20.4070
1,157,8,160,1,18.6272,39.0422,33.9198,16.3710,15.6889,29.3122,29.3888,24.7510,24.6700
1,158,8,160,1.5,18.8286,38.9549,35.4263,16.6456,17.1114,29.5810,31.0552,24.4099,25.5554
1,159,8,320,0.75,32.5228,68.9461,60.8974,28.0796,24.3904,51.7233,47.2487,43.2817,39.1255
1,160,8,320,1,37.3535,77.0332,70.2881,31.7722,31.6548,57.4899,59.1647,48.9158,49.3926
1,161,8,320,1.5,40.6256,80.9444,74.4198,34.2585,32.4577,60.2867,60.5325,51.2392,50.5553
1,162,9,10,0.75,-0.2786,0.9682,1.9275,0.0000,0.0000,0.0000,0.0000,0.0000,0.0000
1,163,9,10,1,2.6113,3.0158,2.9646,4.3302,4.2528,4.1285,0.0000,0.0000,0.0000
1,164,9,10,1.5,0.3928,1.1104,0.8481,0.0000,0.0000,0.0000,3.7428,0.0000,0.0000
1,165,9,20,0.75,0.7842,2.4938,2.0232,0.0000,0.0000,0.0000,0.0000,0.0000,0.0000
1,166,9,20,1,2.8262,1.9996,3.4652,4.1860,4.4789,4.7266,4.6006,4.2207,4.1989
1,167,9,20,1.5,1.2201,2.3545,1.2590,0.0000,0.0000,4.2266,0.0000,4.1706,0.0000
1,168,9,40,0.75,3.8196,5.8159,5.6118,3.8853,3.6311,4.5197,4.2823,4.5020,4.8278
1,169,9,40,1,3.8331,5.7694,4.8944,0.0000,0.0000,4.5259,0.0000,4.0506,0.0000
1,170,9,40,1.5,3.8412,7.2684,6.0646,0.0000,0.0000,4.5880,4.2679,0.0000,0.0000
1,171,9,80,0.75,8.0384,9.5039,9.9398,6.0363,5.8197,7.6036,6.5967,6.9572,6.9370
1,172,9,80,1,7.5317,9.4158,10.2118,5.2134,5.1767,6.2311,6.4922,6.9594,6.7086
1,173,9,80,1.5,8.7455,11.2210,13.1287,5.6741,6.2411,8.0971,8.5826,8.2428,8.1308
1,174,9,160,0.75,14.4442,17.9077,19.4839,9.9274,10.0320,13.4876,13.3666,12.0551,12.4780
1,175,9,160,1,15.1928,18.5336,20.6634,10.3674,10.4552,13.1752,13.2165,13.8138,12.6713
1,176,9,160,1.5,17.9821,22.5812,23.5955,11.4325,12.5015,14.7478,15.7517,14.9972,14.1864
1,177,9,320,0.75,29.2477,38.2345,37.4194,21.6930,19.8212,27.7689,25.7128,24.9947,23.3174
1,178,9,320,1,33.4372,42.7675,44.0733,22.4678,23.7125,29.7915,31.1687,29.7091,29.2089
1,179,9,320,1.5,37.0651,44.7626,49.7120,24.3423,24.9934,30.7286,32.1537,34.0537,32.2424
1,180,10,10,0.75,0.9718,-0.6841,0.3331,3.2912,0.0000,0.0000,0.0000,0.0000,0.0000
1,181,10,10,1,1.6595,1.9254,1.7143,0.0000,0.0000,0.0000,0.0000,0.0000,4.0007
1,182,10,10,1.5,0.9184,1.9684,1.5240,4.4528,4.3863,4.0197,0.0000,0.0000,0.0000
1,183,10,20,0.75,0.0783,0.0155,0.3777,0.0000,3.8859,4.0830,0.0000,0.0000,0.0000
1,184,10,20,1,-0.8321,-0.6114,0.2093,0.0000,0.0000,0.0000,3.8709,4.3708,0.0000
1,185,10,20,1.5,1.8719,1.8311,1.6495,0.0000,0.0000,0.0000,0.0000,3.1584,4.4356
1,186,10,40,0.75,0.8869,2.8127,2.1071,3.8717,4.4211,4.1602,4.1618,0.0000,4.3130
1,187,10,40,1,3.1921,4.4403,3.9198,0.0000,0.0000,5.1328,4.7159,4.5850,0.0000
1,188,10,40,1.5,0.1767,1.6458,1.9791,4.1978,3.8741,0.0000,0.0000,0.0000,0.0000
1,189,10,80,0.75,4.0933,5.1939,5.4163,4.6374,4.5886,5.8006,5.1524,5.1065,4.6716
1,190,10,80,1,1.3212,4.3012,5.0999,0.0000,0.0000,5.0486,4.8547,0.0000,0.0000
1,191,10,80,1.5,3.2702,5.3011,8.4913,0.0000,0.0000,0.0000,0.0000,7.0557,7.6467
1,192,10,160,0.75,4.6482,9.8988,10.8864,4.7877,4.8289,8.8362,6.8502,8.4398,7.7440
1,193,10,160,1,5.1191,9.3392,12.7497,0.0000,4.2612,8.1865,7.5806,8.7555,8.9139
1,194,10,160,1.5,6.7624,10.2487,15.0992,5.9649,5.7990,9.5984,8.5259,10.4897,10.3285
1,195,10,320,0.75,10.4960,19.2006,23.0097,8.7733,7.3141,17.3432,14.4546,16.2430,15.6043
1,196,10,320,1,11.5357,19.7142,24.7368,10.7764,10.5643,17.6227,16.8045,17.9438,18.6537
1,197,10,320,1.5,12.5118,21.3363,27.1711,10.2292,10.1078,18.5824,17.9700,19.8382,21.1648
1,198,11,10,0.75,1.8304,1.9695,3.2146,0.0000,0.0000,0.0000,0.0000,3.5858,0.0000
1,199,11,10,1,-1.3047,-1.8910,-1.2952,0.0000,0.0000,0.0000,0.0000,0.0000,0.0000
1,200,11,10,1.5,0.0311,0.5426,0.4700,0.0000,0.0000,0.0000,0.0000,0.0000,0.0000
1,201,11,20,0.75,1.3722,1.4568,1.9518,0.0000,0.0000,0.0000,0.0000,0.0000,0.0000
1,202,11,20,1,1.6652,2.0688,1.3785,3.7572,0.0000,0.0000,4.4103,3.9418,0.0000
1,203,11,20,1.5,1.9452,1.7594,3.4814,0.0000,0.0000,4.3435,4.2697,0.0000,0.0000
1,204,11,40,0.75,4.6950,2.6236,5.1860,4.3684,0.0000,4.2219,4.1964,4.2597,4.2955
1,205,11,40,1,1.7489,2.6969,4.6204,0.0000,0.0000,0.0000,4.0778,4.0009,4.0044
1,206,11,40,1.5,3.6773,4.5859,5.4870,0.0000,0.0000,4.8899,0.0000,0.0000,4.1323
1,207,11,80,0.75,6.7647,8.2086,10.5494,5.4986,5.3581,6.9205,6.5747,7.1274,7.0152
1,208,11,80,1,6.5662,8.5660,11.9846,5.5263,5.5156,6.8950,7.1359,8.5636,8.1886
1,209,11,80,1.5,5.2267,6.4879,11.5589,0.0000,4.0636,5.1700,5.5581,8.0849,7.9251
1,210,11,160,0.75,9.9739,13.7906,18.5156,10.0663,9.2472,11.1837,10.4325,12.3965,11.5328
1,211,11,160,1,10.7696,13.2678,19.7744,8.6203,9.0518,10.8607,10.5986,14.3321,12.8968
1,212,11,160,1.5,11.9689,14.9011,22.8552,10.4183,10.1439,12.2057,11.8798,15.3761,13.8887
1,213,11,320,0.75,19.9935,23.6446,36.2672,16.3476,14.8071,20.0835,17.7604,23.0594,20.5288
1,214,11,320,1,20.5488,26.2878,40.0515,17.2026,18.1030,21.7997,22.2007,25.7599,24.8032
1,215,11,320,1.5,25.2121,28.8417,42.7677,20.7453,21.3132,23.7701,23.9189,28.9210,27.2860
1,216,12,10,0.75,-1.0693,1.9998,1.9499,4.6195,4.5212,0.0000,4.6641,0.0000,0.0000
1,217,12,10,1,2.0928,2.2836,3.5272,0.0000,0.0000,0.0000,0.0000,0.0000,0.0000
1,218,12,10,1.5,0.7193,2.1321,2.6341,0.0000,0.0000,0.0000,0.0000,4.3327,0.0000
1,219,12,20,0.75,1.7751,3.3964,3.9343,0.0000,0.0000,0.0000,0.0000,4.0878,0.0000
1,220,12,20,1,3.4354,3.2711,3.9672,4.3322,0.0000,0.0000,0.0000,0.0000,0.0000
1,221,12,20,1.5,2.7011,3.4823,5.9173,0.0000,0.0000,3.7672,0.0000,5.6994,4.9786
1,222,12,40,0.75,2.2964,5.2264,8.0643,4.9002,5.1911,5.1721,4.7585,7.2628,5.8585
1,223,12,40,1,4.5225,6.9042,9.5137,4.8184,4.4503,6.4417,6.9720,8.7117,8.6549
1,224,12,40,1.5,6.2427,8.0284,10.9069,5.9597,5.9482,7.7248,7.2759,10.0817,9.5862
1,225,12,80,0.75,9.7238,13.1000,16.3035,9.8143,8.8498,12.8487,11.4046,15.2211,13.3731
1,226,12,80,1,14.0637,17.3027,21.9856,14.3768,13.3841,17.0640,16.1817,21.0628,20.3561
1,227,12,80,1.5,11.6866,16.8003,22.2242,11.0642,10.6687,15.6751,14.6780,19.4768,18.3048
1,228,12,160,0.75,20.0648,27.7871,37.0804,19.1419,16.6008,26.3951,23.3933,34.4349,30.7924
1,229,12,160,1,23.8886,30.7321,41.1208,23.1926,22.0175,29.4310,28.7686,37.9751,37.2085
1,230,12,160,1.5,24.4851,31.1353,44.8013,23.5873,22.4947,29.6510,29.1657,40.6339,39.7821
1,231,12,320,0.75,39.0770,52.8656,72.8484,38.0934,33.2885,50.5878,44.2681,67.4377,60.5829
1,232,12,320,1,45.8807,60.8508,80.4472,44.5853,42.7681,58.6008,56.8017,74.9394,73.9373
1,233,12,320,1.5,50.7690,65.4014,87.6163,49.1204,47.2930,63.0641,61.6616,81.0569,78.7479
1,234,13,10,0.75,3.4644,2.3667,3.9193,4.3496,0.0000,0.0000,0.0000,3.6315,3.9238
1,235,13,10,1,1.4652,3.3285,3.1346,3.9045,0.0000,0.0000,0.0000,4.3222,4.1192
1,236,13,10,1.5,2.4597,1.9451,4.8214,0.0000,0.0000,4.1325,3.8116,0.0000,4.7213
1,237,13,20,0.75,3.9981,3.7285,6.8453,0.0000,0.0000,0.0000,3.5963,5.2413,4.6338
1,238,13,20,1,5.1369,5.3320,7.7279,4.6550,4.4663,4.3067,0.0000,6.1876,6.2704
1,239,13,20,1.5,5.4607,4.3418,10.5809,0.0000,4.0628,0.0000,3.9858,7.2890,7.4730
1,240,13,40,0.75,8.6076,9.1288,15.6145,8.1566,7.4659,7.3017,6.6407,11.7955,10.6298
1,241,13,40,1,8.2982,7.6788,16.4231,6.5388,6.1312,5.6358,5.1488,12.3070,11.8425
1,242,13,40,1.5,9.4288,8.8603,19.1757,7.7980,7.6568,7.3429,7.1666,13.7781,12.8657
1,243,13,80,0.75,15.7047,14.2276,30.3624,13.2600,11.3889,12.2463,10.9988,22.5608,19.8745
1,244,13,80,1,18.1294,16.5096,34.9879,15.4883,15.0633,12.8572,11.8837,25.0943,23.8943
1,245,13,80,1.5,20.0003,19.3032,39.3823,16.4979,15.5907,14.6043,13.8548,28.1331,26.3782
1,246,13,160,0.75,34.7722,33.2959,60.6403,30.2082,27.2508,26.9510,23.0151,43.8657,38.3494
1,247,13,160,1,36.1905,34.8020,68.3275,30.0972,29.7524,26.9526,26.1139,49.6518,47.8161
1,248,13,160,1.5,39.3646,36.0813,78.9019,33.0956,31.9193,28.8792,27.0487,58.2054,54.2686
1,249,13,320,0.75,65.8606,62.8703,123.0468,57.5001,50.2450,51.3242,42.8876,90.9495,79.9327
1,250,13,320,1,71.1454,68.4027,137.2057,60.4120,59.0695,54.2256,51.8612,100.6025,96.5104
1,251,13,320,1.5,79.2828,72.7235,153.7233,66.4748,63.5496,57.6228,53.6105,111.0480,104.1830
1,252,14,10,0.75,2.9448,1.5195,3.2380,0.0000,0.0000,4.4453,4.2490,0.0000,0.0000
1,253,14,10,1,0.4520,1.0615,2.8261,0.0000,0.0000,0.0000,0.0000,0.0000,0.0000
1,254,14,10,1.5,2.0582,1.7347,2.8521,3.3983,0.0000,0.0000,0.0000,3.7863,0.0000
1,255,14,20,0.75,4.0457,4.0820,5.9435,0.0000,0.0000,4.4541,4.0764,5.2197,4.5909
1,256,14,20,1,6.2571,5.1297,8.1284,5.5718,5.4714,4.5746,0.0000,6.8474,6.5701
1,257,14,20,1.5,6.2634,5.1610,8.3559,4.6453,4.5263,5.0580,0.0000,6.5339,6.7301
1,258,14,40,0.75,8.4263,8.6902,11.3948,7.4653,6.6689,8.5958,7.5621,8.7718,8.2308
1,259,14,40,1,10.2191,8.7757,14.6679,8.6620,8.0696,7.9766,6.8553,12.4751,12.8139
1,260,14,40,1.5,9.3573,9.6131,13.7581,8.3224,7.2374,8.6640,7.7540,11.6484,11.6350
1,261,14,80,0.75,16.4887,16.9611,24.7355,14.3994,12.8148,14.0833,12.2896,20.8371,19.2898
1,262,14,80,1,18.3413,20.1282,27.0616,15.8318,14.7905,17.9991,16.3901,21.5237,21.7533
1,263,14,80,1.5,22.3814,20.4594,32.1750,18.6819,18.9973,17.2166,17.6909,26.9465,28.1321
1,264,14,160,0.75,35.1054,34.3452,48.7697,28.8543,27.1197,29.5862,26.3037,39.4384,38.0091
1,265,14,160,1,40.6985,37.7821,55.5861,33.2758,33.8187,32.1929,30.6532,45.4973,46.7375
1,266,14,160,1.5,43.2492,40.3350,60.1770,35.4081,36.8101,33.7396,34.2736,49.2056,51.0065
1,267,14,320,0.75,71.2786,68.6128,97.6353,57.9337,54.8639,58.8077,51.4903,78.2850,74.9115
1,268,14,320,1,80.9130,76.7245,109.4724,65.5975,68.6946,65.0871,65.0202,88.4325,92.3394
1,269,14,320,1.5,87.7839,81.0280,120.5145,72.2815,74.6320,67.3277,68.0601,98.4107,101.9094
1,270,15,10,0.75,2.4765,3.7940,4.2432,0.0000,0.0000,0.0000,3.9000,4.6614,4.3127
1,271,15,10,1,3.2789,2.8289,4.4062,0.0000,0.0000,0.0000,0.0000,0.0000,0.0000
1,272,15,10,1.5,2.5056,3.9142,3.3630,4.1114,0.0000,0.0000,0.0000,0.0000,3.8749
1,273,15,20,0.75,2.8282,5.2696,5.6919,4.1861,4.0113,5.0718,4.5936,5.4746,4.8895
1,274,15,20,1,2.9715,5.4389,7.2820,0.0000,3.9336,5.3308,5.4745,6.6667,6.3926
1,275,15,20,1.5,5.0819,6.9412,6.3572,5.1983,5.0737,7.1952,7.5623,6.7702,7.0469
1,276,15,40,0.75,8.1580,12.0292,11.8299,8.1753,7.2134,11.9786,10.3703,11.8058,10.1954
1,277,15,40,1,8.0274,12.6341,13.4789,7.8828,7.6820,12.1680,12.0573,12.8366,12.6149
1,278,15,40,1.5,9.1314,13.1870,12.9295,8.9747,9.1295,12.9361,13.1335,12.7568,12.5788
1,279,15,80,0.75,13.8739,21.1714,23.9084,13.9995,12.7908,20.8975,18.5635,23.3551,20.6899
1,280,15,80,1,14.4676,22.6105,25.5388,14.3212,13.5016,22.1566,21.6546,24.2788,24.1639
1,281,15,80,1.5,17.7368,25.5163,27.6397,17.3871,16.9570,25.0895,24.3905,26.4293,26.0493
1,282,15,160,0.75,27.6628,42.8964,46.1515,27.8079,24.1207,42.0725,36.9802,44.8639,39.3018
1,283,15,160,1,30.3234,48.1725,51.4147,29.9389,29.2714,46.7313,46.1697,49.3328,48.6919
1,284,15,160,1.5,33.2705,51.7203,56.2843,32.2962,31.2045,49.8624,48.6364,53.7026,52.6596
1,285,15,320,0.75,52.3300,85.1493,90.8434,52.6833,45.5863,83.5846,73.0400,88.4821,77.2454
1,286,15,320,1,60.9456,94.8472,101.5008,60.5230,58.6917,92.8285,91.2682,98.2809,96.4726
1,287,15,320,1.5,65.7784,100.6244,111.1734,64.4895,61.9057,97.7351,94.7853,105.7752,103.1596
1,288,16,10,0.75,0.6593,2.0716,2.5157,0.0000,0.0000,4.2062,4.3202,3.9014,3.7505
1,289,16,10,1,-0.6792,1.5012,2.4423,0.0000,4.2391,0.0000,0.0000,0.0000,0.0000
1,290,16,10,1.5,1.1767,1.5737,2.7714,0.0000,0.0000,4.5433,0.0000,0.0000,4.3101
1,291,16,20,0.75,2.1810,2.5335,6.0087,0.0000,0.0000,0.0000,4.2748,5.6026,4.7088
1,292,16,20,1,2.0628,3.3018,4.5343,0.0000,0.0000,0.0000,4.1757,5.1331,4.6944
1,293,16,20,1.5,1.4515,3.7108,5.1408,3.2510,0.0000,4.7816,0.0000,5.1070,5.3528
1,294,16,40,0.75,6.5015,9.2119,10.3822,6.2920,5.7325,8.9615,7.4294,9.9075,8.5222
1,295,16,40,1,5.2614,10.5057,11.7394,5.1403,5.1066,10.1439,9.3823,11.4586,10.2345
1,296,16,40,1.5,5.0477,7.3098,11.5532,5.1774,5.3814,7.0050,6.1857,11.3356,10.2541
1,297,16,80,0.75,10.4964,14.8293,19.9454,10.0075,9.1081,14.4476,12.3049,19.1747,16.7262
1,298,16,80,1,13.1206,17.5775,22.9555,12.9863,12.7247,17.0145,16.0208,22.0663,20.5355
1,299,16,80,1.5,12.4650,18.3819,25.5270,12.2593,11.0892,17.6984,15.9442,24.4702,22.1794
1,300,16,160,0.75,22.3223,30.9479,39.8747,21.2463,19.2735,29.3867,24.7091,37.7900,33.5375
1,301,16,160,1,22.4191,34.3411,44.8922,21.5211,19.7279,32.6435,30.6313,42.2412,40.1444
1,302,16,160,1.5,25.0128,36.6677,49.9151,24.0482,23.3381,34.9392,32.1170,47.8855,43.7177
1,303,16,320,0.75,41.5424,63.0511,80.2611,39.8878,34.7492,60.3261,49.9128,75.8571,65.7112
1,304,16,320,1,47.0654,70.5229,92.0781,45.7084,42.5662,67.5209,62.7438,87.5801,81.7370
1,305,16,320,1.5,51.1746,74.2074,98.5487,50.0627,46.1403,71.5813,66.8781,95.0178,88.5699
1,306,17,10,0.75,-0.4764,0.6296,0.8007,0.0000,0.0000,0.0000,3.7108,0.0000,0.0000
1,307,17,10,1,2.8770,1.8300,1.5504,0.0000,0.0000,4.3377,4.4070,0.0000,0.0000
1,308,17,10,1.5,-0.3099,0.8018,0.4540,0.0000,0.0000,4.2634,4.3877,0.0000,0.0000
1,309,17,20,0.75,0.5111,0.6452,3.8060,0.0000,0.0000,0.0000,0.0000,0.0000,0.0000
1,310,17,20,1,0.7086,-0.3629,0.9472,0.0000,0.0000,0.0000,0.0000,0.0000,0.0000
1,311,17,20,1.5,2.7080,2.7618,4.2152,4.1923,0.0000,0.0000,0.0000,0.0000,0.0000
1,312,17,40,0.75,4.0526,5.1224,5.5520,4.1078,0.0000,0.0000,0.0000,5.9336,4.8782
1,313,17,40,1,2.6314,3.2595,4.1949,0.0000,0.0000,0.0000,0.0000,3.9983,4.0594
1,314,17,40,1.5,1.0179,2.8822,5.0753,0.0000,0.0000,0.0000,4.3651,0.0000,5.1371
1,315,17,80,0.75,6.2158,8.2391,9.1152,5.1929,4.9645,6.4304,5.8280,7.5950,6.9977
1,316,17,80,1,6.4817,8.2801,11.2193,6.0560,5.6829,6.8979,7.2084,9.5069,9.4671
1,317,17,80,1.5,6.3028,8.6900,11.8523,5.2817,5.0296,6.5865,7.3840,9.3101,10.1764
1,318,17,160,0.75,12.3094,17.0796,20.7766,10.1668,9.0031,12.7202,11.7012,17.2408,15.5506
1,319,17,160,1,13.2078,16.7903,22.9299,11.4297,11.2215,13.2479,13.8834,18.3530,18.9845
1,320,17,160,1.5,15.1293,18.9343,25.6288,11.7942,11.2457,13.4584,14.2701,20.6423,21.4407
1,321,17,320,0.75,26.5071,32.0898,42.9407,21.8173,19.7348,23.1551,21.9580,34.8194,32.0896
1,322,17,320,1,28.7587,34.8025,46.4857,24.4559,24.2003,26.3231,27.8533,37.6097,38.5205
1,323,17,320,1.5,31.0258,37.2888,49.4969,25.3798,24.2696,27.2647,28.3391,40.2124,40.4746
1,324,18,10,0.75,2.7869,2.8860,2.8351,0.0000,0.0000,4.2449,0.0000,0.0000,0.0000
1,325,18,10,1,3.0599,3.1799,4.2733,0.0000,0.0000,0.0000,3.9989,4.0656,0.0000
1,326,18,10,1.5,1.8684,1.0049,4.2433,0.0000,0.0000,0.0000,0.0000,3.6340,0.0000
1,327,18,20,0.75,3.9095,4.8655,6.2950,0.0000,4.1311,0.0000,0.0000,5.5405,4.5125
1,328,18,20,1,5.6251,4.5357,8.1738,5.2996,5.3150,4.3915,0.0000,5.9686,4.8409
1,329,18,20,1.5,7.0348,6.9375,8.1791,7.0448,5.8019,6.5940,6.3948,7.6909,6.6664
1,330,18,40,0.75,8.9269,9.4846,13.3271,9.4633,8.8889,9.6313,8.5692,11.6845,9.0089
1,331,18,40,1,9.0784,11.0541,13.9941,9.1844,8.5629,11.3108,11.1317,12.1850,10.7849
1,332,18,40,1.5,14.5077,13.0043,17.3504,13.3746,12.2543,12.8608,12.7450,14.3353,12.2135
1,333,18,80,0.75,23.2507,24.0908,28.5779,22.1626,19.3658,23.7104,21.2657,26.1940,21.3217
1,334,18,80,1,23.8320,26.2816,30.6252,22.3785,21.4577,25.9827,25.3135,26.3923,23.6665
1,335,18,80,1.5,22.5490,23.2678,30.5409,20.1785,19.0263,22.5360,22.5202,24.9758,21.7598
1,336,18,160,0.75,41.3952,44.8840,54.1003,38.5109,32.2803,43.8840,38.6371,45.3265,35.4776
1,337,18,160,1,45.8758,48.4061,61.8129,41.8744,39.0864,47.3240,45.9836,52.1610,44.7641
1,338,18,160,1.5,49.4191,50.9137,65.5305,44.9916,40.7980,49.9673,47.2901,55.8218,47.1999
1,339,18,320,0.75,81.2945,86.5604,105.0509,74.7013,62.7831,84.4395,73.6731,90.6586,71.6747
1,340,18,320,1,90.5129,94.6409,120.3831,82.5494,76.5117,92.6252,89.8693,101.6885,88.3291
1,341,18,320,1.5,98.7408,102.0238,131.3670,91.0594,82.7232,100.3799,95.7503,110.4976,93.9412
1,342,19,10,0.75,0.3473,1.1560,0.6224,3.8696,0.0000,0.0000,0.0000,0.0000,0.0000
1,343,19,10,1,1.9601,1.9565,1.8311,0.0000,4.3101,3.8866,3.8615,3.8253,0.0000
1,344,19,10,1.5,1.8541,2.3475,1.5241,3.9926,4.1165,3.9712,3.9057,4.2565,0.0000
1,345,19,20,0.75,3.2388,2.4907,3.7857,0.0000,0.0000,0.0000,0.0000,0.0000,0.0000
1,346,19,20,1,1.0010,1.4416,1.4202,4.3127,4.1887,4.3233,0.0000,0.0000,3.9247
1,347,19,20,1.5,2.8409,2.7855,3.3078,4.1292,3.8238,0.0000,0.0000,4.2764,0.0000
1,348,19,40,0.75,4.0513,5.7144,5.4696,4.2332,0.0000,0.0000,0.0000,4.4790,0.0000
1,349,19,40,1,4.9983,6.0963,6.4515,0.0000,0.0000,5.2875,4.9611,4.9256,0.0000
1,350,19,40,1.5,5.4592,4.9645,5.6895,5.3554,5.5342,5.1914,5.4160,5.0390,5.2444
1,351,19,80,0.75,9.8157,10.5221,11.6605,7.9292,7.3763,7.6960,7.8895,8.1796,7.0722
1,352,19,80,1,8.1725,11.5772,12.5300,6.6343,6.1880,8.2939,8.1558,8.9812,8.7331
1,353,19,80,1.5,8.3033,11.0856,11.6331,7.8244,6.4350,8.5214,8.2298,8.8502,7.4912
1,354,19,160,0.75,15.8554,20.2694,23.0595,12.3570,10.7850,13.8508,13.0108,16.0591,13.7044
1,355,19,160,1,18.5090,22.6606,24.1668,14.4855,12.9276,15.7111,15.7356,17.3716,15.9734
1,356,19,160,1.5,20.8930,25.4663,27.7311,17.2336,15.4591,17.4252,18.7403,20.2163,18.4492
1,357,19,320,0.75,33.6159,42.3042,44.7801,25.4480,22.0505,30.0317,27.2294,31.0952,25.9618
1,358,19,320,1,35.5339,46.2419,48.3248,27.6629,27.0750,31.8115,34.3811,34.1694,32.9673
1,359,19,320,1.5,39.8646,50.1568,53.4123,29.9941,29.6080,35.1098,36.3733,36.8700,35.3768
1,360,20,10,0.75,0.2102,1.6561,2.5379,0.0000,0.0000,0.0000,0.0000,0.0000,3.6416
1,361,20,10,1,2.4678,6.3070,5.7871,4.1910,0.0000,4.9338,4.8557,0.0000,0.0000
1,362,20,10,1.5,1.4088,2.5113,2.8118,0.0000,0.0000,4.0761,0.0000,0.0000,0.0000
1,363,20,20,0.75,4.1760,6.2824,6.3789,4.3767,4.7781,5.6794,5.5070,4.7279,4.3944
1,364,20,20,1,2.9588,5.0279,5.8506,0.0000,0.0000,4.8792,4.8373,4.9895,4.8364
1,365,20,20,1.5,4.3251,5.3284,5.3799,3.8609,3.9987,4.5997,4.9668,4.1158,4.2017
1,366,20,40,0.75,6.3317,9.6821,9.3712,6.0358,5.3063,8.2495,7.4721,7.9094,7.2509
1,367,20,40,1,6.8260,10.6160,10.7704,5.5423,5.9823,8.6576,8.9542,7.1540,7.4947
1,368,20,40,1.5,8.1868,11.6986,11.4659,5.9748,6.2181,9.0896,8.8507,8.0911,7.5458
1,369,20,80,0.75,12.2783,20.5795,19.5495,10.0536,9.3216,16.8228,15.8053,14.5324,13.5478
1,370,20,80,1,13.2481,21.5447,23.0773,11.0192,10.9847,18.2761,18.4140,16.6908,16.9125
1,371,20,80,1.5,14.5532,22.6829,23.1371,12.0184,12.0907,18.5746,18.7139,16.6274,16.7029
1,372,20,160,0.75,26.4312,40.2150,41.1397,21.9861,20.0339,33.0205,29.9230,31.2623,27.3270
1,373,20,160,1,27.6329,45.2120,45.0838,21.8205,22.7218,37.2188,38.5842,32.2356,32.6012
1,374,20,160,1.5,30.8901,47.6804,49.8069,23.7395,23.2843,38.8834,38.8871,34.7694,34.0349
1,375,20,320,0.75,48.7515,78.8334,80.1256,40.7575,36.6272,64.8488,60.0141,59.6969,53.9995
1,376,20,320,1,53.1151,85.3114,87.4522,43.6360,43.8847,71.1441,71.6768,62.7245,63.0139
1,377,20,320,1.5,60.3664,94.9037,98.1839,47.4278,46.7411,77.5412,78.2430,69.4053,68.8075
1,378,21,10,0.75,0.7050,1.0391,1.5717,4.7070,4.5709,4.5960,4.2174,4.9710,4.1382
1,379,21,10,1,0.8476,0.8754,1.9247,0.0000,0.0000,0.0000,0.0000,0.0000,0.0000
1,380,21,10,1.5,-0.1435,0.8846,2.1217,0.0000,0.0000,0.0000,0.0000,0.0000,0.0000
1,381,21,20,0.75,2.2386,2.6125,2.4089,2.7503,0.0000,0.0000,0.0000,0.0000,4.1175
1,382,21,20,1,3.2074,3.2131,2.1092,4.2366,4.5631,4.3664,4.5800,4.5402,4.4491
1,383,21,20,1.5,2.2914,2.6116,3.1373,0.0000,0.0000,0.0000,0.0000,4.0977,4.4392
1,384,21,40,0.75,3.6274,3.8254,3.7888,0.0000,0.0000,4.7245,0.0000,0.0000,0.0000
1,385,21,40,1,5.4662,6.1986,6.7648,4.9764,4.5338,6.1461,5.2613,6.2126,5.5333
1,386,21,40,1.5,5.3660,5.2320,6.0862,5.0802,5.5117,5.3344,5.6402,5.5040,5.7723
1,387,21,80,0.75,9.7082,11.8122,12.9893,9.4297,8.0746,11.0575,9.7131,11.7141,10.9962
1,388,21,80,1,8.6772,10.2405,11.3285,8.0514,6.9955,9.5109,7.7533,9.7079,8.2185
1,389,21,80,1.5,11.1598,11.5769,13.3357,9.9700,9.1476,9.8808,8.7039,11.4579,9.7741
1,390,21,160,0.75,17.5474,21.3239,22.4188,16.4483,13.4514,18.6423,14.8403,18.9905,15.1293
1,391,21,160,1,18.8411,20.3563,23.7398,17.3844,14.9761,17.9175,15.0089,21.5823,17.8109
1,392,21,160,1.5,20.0283,22.3622,24.7041,18.7069,16.0779,19.6074,16.3813,21.2912,18.6007
1,393,21,320,0.75,33.9877,39.5697,44.0560,32.5492,25.9925,35.0878,27.0162,39.7858,30.2802
1,394,21,320,1,38.6515,44.4976,49.2939,36.8378,32.5557,39.6507,34.3600,43.9934,38.1115
1,395,21,320,1.5,39.0049,44.8910,50.2320,36.3377,31.1722,39.3294,32.6530,43.6212,36.6720
1,396,22,10,0.75,0.5301,1.7417,2.1424,0.0000,0.0000,0.0000,0.0000,0.0000,0.0000
1,397,22,10,1,0.9991,0.9173,2.2123,0.0000,3.8792,4.2048,3.8017,0.0000,0.0000
1,398,22,10,1.5,1.6725,2.8834,2.4980,0.0000,0.0000,3.9319,0.0000,0.0000,0.0000
1,399,22,20,0.75,2.5854,3.4702,3.9837,0.0000,0.0000,4.3434,0.0000,4.7974,0.0000
1,400,22,20,1,4.0575,5.9704,6.5516,0.0000,0.0000,0.0000,0.0000,0.0000,0.0000
1,401,22,20,1.5,5.6030,6.4965,6.9973,4.6985,4.3371,4.8201,4.3778,0.0000,4.5968
1,402,22,40,0.75,9.8260,11.5669,12.5016,6.9714,6.4629,6.7387,6.3024,7.3583,7.5239
1,403,22,40,1,7.8144,10.2819,12.0852,5.3694,5.3504,5.3885,5.6414,7.5369,7.3334
1,404,22,40,1.5,8.0517,12.1612,13.1773,5.5999,5.8394,6.9040,6.5589,6.9602,7.2844
1,405,22,80,0.75,16.3428,20.1422,23.3736,11.7469,10.1461,11.1318,9.7002,13.1144,11.3150
1,406,22,80,1,20.1682,25.2058,26.0092,13.5649,13.3992,12.6322,13.4843,14.9477,15.0714
1,407,22,80,1.5,19.8539,23.9063,27.3642,13.8022,14.2694,11.6890,12.5099,16.3417,16.5162
1,408,22,160,0.75,34.3620,41.1125,48.0411,23.2540,21.8852,21.8943,20.9704,28.0546,26.0434
1,409,22,160,1,36.1351,45.4306,52.1561,25.9372,25.9637,23.0919,23.7495,29.4022,29.7940
1,410,22,160,1.5,38.6125,49.5985,56.0951,25.5310,24.5658,25.0683,25.1743,31.2063,30.6271
1,411,22,320,0.75,66.7944,82.9899,94.9082,45.0736,40.4810,44.2351,40.7761,53.8368,48.9938
1,412,22,320,1,74.5172,92.1175,106.0795,51.5519,51.0097,47.8942,48.9637,60.3866,60.3441
1,413,22,320,1.5,80.2592,100.5768,112.6301,53.8071,52.2491,49.7609,50.7724,63.6589,62.6620
1,414,23,10,0.75,1.5863,0.0742,3.2389,0.0000,0.0000,4.1388,0.0000,5.1802,4.6630
1,415,23,10,1,0.8527,2.1682,2.8441,0.0000,0.0000,4.0113,0.0000,4.0587,0.0000
1,416,23,10,1.5,1.6494,0.8148,2.4777,0.0000,0.0000,0.0000,0.0000,0.0000,3.5711
1,417,23,20,0.75,3.7415,2.4574,6.8641,0.0000,0.0000,0.0000,0.0000,5.4392,0.0000
1,418,23,20,1,3.9018,4.2604,7.5724,0.0000,0.0000,3.8402,0.0000,6.6869,7.1347
1,419,23,20,1.5,2.5928,2.1306,5.6493,0.0000,0.0000,0.0000,0.0000,5.2287,5.2509
1,420,23,40,0.75,6.3453,7.8479,13.9949,6.0275,4.8143,7.8322,6.1283,11.7487,10.1466
1,421,23,40,1,10.0005,11.1901,16.7805,8.1059,8.1945,9.1309,8.6470,14.0618,13.2834
1,422,23,40,1.5,8.8843,8.1834,16.7196,8.0600,8.0939,6.9923,7.0791,14.1513,13.0556
1,423,23,80,0.75,11.6480,15.7063,27.9926,9.3623,7.9877,12.2048,10.9636,23.5741,20.8007
1,424,23,80,1,13.2548,16.3283,32.8281,9.6120,9.4720,12.6584,12.9803,26.8722,25.8095
1,425,23,80,1.5,15.0075,15.7184,34.2236,11.5631,12.5848,12.6672,13.0726,27.3889,26.0767
1,426,23,160,0.75,23.4535,28.7534,54.7643,18.2590,16.6976,23.0355,20.0606,43.8791,39.2004
1,427,23,160,1,27.8449,32.5188,62.0041,22.5359,22.4763,26.3187,25.8002,50.4907,49.6635
1,428,23,160,1.5,30.1467,33.8782,67.3748,24.2031,24.1275,26.8126,27.3616,55.3200,53.6564
1,429,23,320,0.75,49.9851,59.7453,112.3085,40.4681,36.7869,48.9695,42.7448,91.8638,82.4114
1,430,23,320,1,54.4558,65.4532,125.5739,44.0852,44.6095,52.6796,51.9866,103.0713,100.7553
1,431,23,320,1.5,60.8789,69.8648,137.0393,48.0428,47.9892,55.9337,55.3715,112.6809,107.1474
1,432,24,10,0.75,1.2295,1.8928,2.7457,0.0000,0.0000,3.5811,0.0000,0.0000,0.0000
1,433,24,10,1,1.3318,2.2814,3.9873,0.0000,0.0000,0.0000,3.7673,0.0000,4.2396
1,434,24,10,1.5,3.1829,5.0690,4.9040,4.8495,0.0000,4.4601,4.5193,4.7724,5.0611
1,435,24,20,0.75,5.6129,7.3724,8.2153,5.6561,5.9404,6.2737,6.3878,6.8363,7.1929
1,436,24,20,1,3.9875,5.1431,7.2975,3.7633,3.0060,4.3019,4.4802,6.4490,6.2653
1,437,24,20,1.5,4.8617,5.8785,7.5218,4.4283,4.2438,5.1974,4.5620,5.2827,5.4494
1,438,24,40,0.75,8.4139,10.7801,13.4949,7.1621,6.2427,8.2361,7.3858,9.7524,8.8528
1,439,24,40,1,8.5819,11.8764,15.7806,7.2398,7.4980,8.1568,8.3750,9.7093,9.7197
1,440,24,40,1.5,9.2197,11.3347,15.5981,7.5527,6.7905,8.3093,8.0162,10.6119,9.5912
1,441,24,80,0.75,16.7080,22.5445,27.7296,13.7553,11.6162,16.3943,14.2513,19.1980,16.7773
1,442,24,80,1,17.2502,23.1211,30.1692,13.9582,13.3853,15.9861,15.9802,20.9245,20.1469
1,443,24,80,1.5,18.2219,23.6295,32.0125,14.3916,14.4442,16.3615,16.7696,21.2948,20.8824
1,444,24,160,0.75,32.7963,44.7183,55.0907,26.2992,22.9741,31.9899,27.9053,38.8677,33.1570
1,445,24,160,1,34.6885,45.3937,60.3187,28.1425,26.9111,32.8111,32.0569,42.0597,39.2326
1,446,24,160,1.5,38.1318,48.5959,65.3078,30.3604,29.9074,34.1737,35.6713,44.8264,42.2018
1,447,24,320,0.75,63.1638,84.6929,107.7640,52.5259,44.6693,61.2294,52.9652,77.0112,63.9877
1,448,24,320,1,71.5818,90.9784,118.1896,58.6732,55.3803,67.0266,65.5616,84.2385,78.9462
1,449,24,320,1.5,79.1921,99.4737,130.2378,62.8595,60.1919,70.7319,70.1088,89.4843,84.3847
1,450,25,10,0.75,0.3462,2.4613,3.0689,0.0000,3.9754,4.1426,4.3188,4.1359,0.0000
1,451,25,10,1,3.2763,3.0624,3.6853,4.3888,0.0000,5.0858,5.5550,0.0000,4.8065
1,452,25,10,1.5,0.2234,0.6669,0.9036,0.0000,0.0000,4.1128,3.8018,0.0000,3.8185
1,453,25,20,0.75,3.0634,3.8581,4.1063,0.0000,0.0000,4.2823,0.0000,0.0000,3.6607
1,454,25,20,1,3.0635,3.9390,3.9956,0.0000,4.2095,0.0000,0.0000,4.9271,0.0000
1,455,25,20,1.5,3.2761,2.9150,3.2275,4.4226,0.0000,4.5947,0.0000,4.5729,0.0000
1,456,25,40,0.75,4.0680,7.4906,9.4476,4.5898,0.0000,6.5229,5.6679,7.0589,6.2896
1,457,25,40,1,6.5815,9.1085,11.2181,6.1126,5.7472,8.7923,8.7980,9.6516,8.9136
1,458,25,40,1.5,8.1364,8.8916,11.4400,7.4715,7.3738,7.8805,7.9106,9.3411,9.1609
1,459,25,80,0.75,10.0337,15.0415,17.4662,9.0358,7.7874,11.9632,11.2714,13.8768,12.0056
1,460,25,80,1,14.1801,18.1917,21.2123,12.2665,11.5186,14.2289,13.9591,17.1607,15.7161
1,461,25,80,1.5,14.9562,18.5612,22.1445,13.0633,12.0614,14.8073,15.4255,17.9650,16.8675
1,462,25,160,0.75,24.9402,33.7478,39.0428,21.9430,19.3041,27.2069,25.0894,30.2485,25.3283
1,463,25,160,1,27.5602,36.9291,42.4391,24.6472,23.4390,29.3066,30.4610,34.0191,32.2241
1,464,25,160,1.5,28.3217,38.5531,44.7768,25.0680,23.6429,30.4926,30.4794,35.2062,32.4940
1,465,25,320,0.75,45.2083,62.8430,73.9638,39.8023,33.6936,49.7413,45.3137,58.1591,48.3368
1,466,25,320,1,50.8435,70.4476,81.0106,44.2711,41.8922,55.3154,57.1855,63.5491,59.0028
1,467,25,320,1.5,55.2109,74.3069,86.5450,47.1433,44.6169,58.9351,59.8051,68.9848,63.7597
1,468,26,10,0.75,0.2276,0.3791,2.1775,0.0000,3.6483,0.0000,0.0000,0.0000,0.0000
1,469,26,10,1,2.9366,2.9015,4.4998,0.0000,0.0000,4.0189,0.0000,4.9719,4.7243
1,470,26,10,1.5,1.7941,3.4194,3.5933,0.0000,0.0000,0.0000,4.0998,0.0000,0.0000
1,471,26,20,0.75,2.5378,4.3225,6.6457,0.0000,4.2883,4.4776,4.5533,6.1892,6.5469
1,472,26,20,1,3.0430,3.6188,6.4192,0.0000,3.8004,0.0000,0.0000,6.1967,6.8205
1,473,26,20,1.5,3.5327,3.9273,6.7454,4.3581,4.3325,5.0687,4.8578,6.4480,6.9093
1,474,26,40,0.75,7.2567,7.6013,12.5373,7.1527,5.8714,7.5916,6.6606,12.2039,11.0867
1,475,26,40,1,6.5686,5.4391,12.4910,5.9786,5.7130,5.2273,4.7406,11.8291,11.1215
1,476,26,40,1.5,7.2766,7.5074,13.1211,6.8985,7.6738,7.9096,8.6089,13.0126,13.1876
1,477,26,80,0.75,10.8928,11.7134,23.7804,10.6700,9.6077,11.5136,9.9458,22.8086,20.5595
1,478,26,80,1,15.1338,15.5387,26.8553,14.3786,13.7880,15.0431,14.3071,25.5452,24.3340
1,479,26,80,1.5,14.6074,15.0186,28.0726,14.1254,13.1949,14.8002,14.1887,27.2441,25.6120
1,480,26,160,0.75,25.6011,26.8616,45.9017,24.2612,21.5377,26.4172,23.0946,43.6025,38.9950
1,481,26,160,1,30.5418,31.6676,52.7876,28.8374,28.4748,30.9413,29.6287,51.0119,48.7054
1,482,26,160,1.5,32.2377,32.4692,58.3969,30.6572,29.6536,31.9161,30.7389,56.7264,53.8568
1,483,26,320,0.75,51.1027,55.6384,93.1191,48.8396,44.3702,54.6277,47.5634,89.4243,79.7031
1,484,26,320,1,56.8527,59.5165,104.7610,54.5006,52.9775,58.0512,56.0003,101.5140,96.8392
1,485,26,320,1.5,61.7090,63.7081,114.3765,58.7346,57.7236,62.4998,59.7398,111.1428,106.3362
1,486,27,10,0.75,2.2244,1.7169,2.7917,0.0000,0.0000,3.9762,3.6455,0.0000,0.0000
1,487,27,10,1,2.0700,2.8963,3.1164,4.9084,5.1051,0.0000,0.0000,0.0000,4.4491
1,488,27,10,1.5,1.9373,2.2549,2.2530,0.0000,0.0000,4.6276,0.0000,4.7114,0.0000
1,489,27,20,0.75,2.2109,2.3590,3.6553,4.2264,4.5347,0.0000,0.0000,4.2918,4.5239
1,490,27,20,1,3.5607,3.3705,4.9788,4.3193,4.3890,4.7962,0.0000,4.3978,0.0000
1,491,27,20,1.5,4.5046,4.3874,3.9999,0.0000,0.0000,4.0434,4.5399,0.0000,0.0000
1,492,27,40,0.75,5.9464,6.0121,7.6195,5.5456,5.5537,5.9994,5.1773,6.1776,5.8124
1,493,27,40,1,5.8464,6.2314,7.6817,5.5968,5.5171,5.2664,5.6714,6.8252,7.5122
1,494,27,40,1.5,7.4994,7.1512,9.4670,6.1521,6.5438,5.7109,5.9390,7.1483,7.7538
1,495,27,80,0.75,10.0854,9.7007,12.7793,7.8247,7.3662,7.2381,6.5916,9.6856,8.5295
1,496,27,80,1,12.3508,12.8225,15.5271,11.0811,11.3212,11.8811,11.7478,13.6676,13.8538
1,497,27,80,1.5,12.7776,14.4768,17.2185,11.4025,10.5488,12.6594,12.2748,15.2610,14.6696
1,498,27,160,0.75,23.4918,25.7591,28.3647,20.2627,18.2792,22.3415,20.1609,22.2543,19.8927
1,499,27,160,1,22.9001,24.6483,29.3393,18.9865,19.3578,20.9505,20.7667,23.9259,24.0155
1,500,27,160,1.5,24.5692,26.2482,32.1826,21.1483,20.7177,23.0097,22.6416,26.0467,25.4807
1,501,27,320,0.75,43.8736,48.5313,56.3374,36.3030,32.8463,41.2593,36.1967,45.2853,40.6458
1,502,27,320,1,47.0577,50.7560,60.2568,40.3821,40.4494,43.9505,43.6580,49.5068,49.2415
1,503,27,320,1.5,48.5614,52.5562,65.3132,41.3065,41.3757,46.3594,45.6916,55.2635,54.1493
1,504,28,10,0.75,2.3713,2.8225,2.4727,0.0000,0.0000,0.0000,0.0000,0.0000,0.0000
1,505,28,10,1,0.4418,1.4370,1.9767,0.0000,4.2118,0.0000,0.0000,0.0000,0.0000
1,506,28,10,1.5,3.0370,3.5230,5.5405,0.0000,0.0000,5.2139,0.0000,5.4303,4.8851
1,507,28,20,0.75,3.6605,4.7913,6.2408,4.4150,4.7271,5.0011,4.5528,5.0782,5.1110
1,508,28,20,1,4.5434,6.1987,6.5772,4.2818,4.5340,5.2451,5.5391,5.8596,5.6920
1,509,28,20,1.5,2.9962,4.7248,5.4395,4.5600,5.0655,4.3895,5.0952,5.0882,5.1010
1,510,28,40,0.75,7.6767,8.0799,10.1566,5.8693,6.0773,6.9259,6.2074,7.6637,7.5907
1,511,28,40,1,9.7556,10.9457,12.6718,8.6267,9.5332,10.2431,10.4725,10.4915,11.3212
1,512,28,40,1.5,10.8496,10.8285,13.5691,10.1876,9.6530,9.7611,9.1672,11.9394,10.6453
1,513,28,80,0.75,17.9776,19.6520,24.7096,16.7857,14.7136,17.8838,15.9897,20.6319,18.4750
1,514,28,80,1,19.3743,20.5774,24.3020,17.7431,17.1014,18.2171,17.9649,20.8311,19.8073
1,515,28,80,1.5,20.3707,23.1555,28.5871,18.4776,18.5992,20.0649,20.1224,23.5520,24.2381
1,516,28,160,0.75,35.0917,37.6088,44.0677,31.3443,27.6880,33.0151,30.0004,37.6580,33.2329
1,517,28,160,1,34.5375,39.4476,48.0005,30.6541,30.6263,34.5019,35.1897,39.0759,40.4131
1,518,28,160,1.5,41.8684,44.9941,55.2868,36.6850,37.5786,39.6185,39.6218,44.9122,46.3328
1,519,28,320,0.75,67.0649,74.3883,88.5936,60.5867,54.0133,65.2429,59.4323,74.4031,67.4592
1,520,28,320,1,75.3069,83.1526,98.5106,65.6761,65.7066,71.1415,73.1546,81.3396,81.2884
1,521,28,320,1.5,78.3819,86.2576,105.3371,68.8393,70.2474,75.6907,76.6418,85.1466,89.9173
1,522,29,10,0.75,2.2047,1.1911,2.1863,0.0000,0.0000,0.0000,0.0000,0.0000,0.0000
1,523,29,10,1,1.0898,1.8975,1.2519,0.0000,0.0000,0.0000,0.0000,3.5227,3.4023
1,524,29,10,1.5,5.0213,5.1310,5.2205,0.0000,0.0000,5.0001,4.7533,5.6335,0.0000
1,525,29,20,0.75,4.0889,3.7275,4.5140,0.0000,4.8058,0.0000,4.1945,3.9280,4.0408
1,526,29,20,1,4.0271,4.8248,5.7774,0.0000,3.9856,4.9642,4.7220,5.2082,5.0884
1,527,29,20,1.5,5.3062,6.2549,6.5354,4.6497,0.0000,6.5260,5.5293,5.0178,4.2146
1,528,29,40,0.75,8.0103,9.9025,10.1691,7.3792,6.7432,9.4317,8.4742,7.5580,7.0319
1,529,29,40,1,8.9301,10.6713,11.5275,7.4987,6.9786,9.4644,9.6706,9.6579,8.3834
1,530,29,40,1.5,9.6902,12.7349,14.2025,8.1264,7.3665,11.2819,10.7505,11.1667,9.6203
1,531,29,80,0.75,17.6688,21.2891,23.4642,14.8631,12.6323,19.1594,16.9637,19.7134,15.2553
1,532,29,80,1,19.4326,22.6401,25.8655,15.7618,16.0021,19.8931,19.8279,20.9179,17.9893
1,533,29,80,1.5,20.7331,25.4587,27.5960,17.0159,17.3414,22.2120,23.2716,22.0358,19.4818
1,534,29,160,0.75,32.1370,39.4588,44.8124,26.9462,24.2358,35.4358,32.0286,37.6010,29.8502
1,535,29,160,1,36.6802,44.9690,50.4760,30.6656,29.9211,40.0571,40.2785,40.9310,35.7329
1,536,29,160,1.5,38.2873,45.4967,52.6344,30.5472,31.5951,40.0128,40.1686,42.6415,38.4498
1,537,29,320,0.75,69.2361,82.4760,90.8277,59.1839,51.6471,74.7843,65.8752,76.2603,60.4138
1,538,29,320,1,73.3205,87.9325,97.1685,61.6062,60.3848,79.5243,78.2619,80.4721,69.7983
1,539,29,320,1.5,80.7218,95.6858,106.7697,67.2086,65.5976,86.2884,84.2178,89.8346,77.7340
1,540,30,10,0.75,1.3070,1.5149,1.8426,0.0000,4.3072,4.6425,4.0697,0.0000,4.3088
1,541,30,10,1,1.4654,2.7738,4.4235,4.2098,3.8573,0.0000,3.7666,4.3017,0.0000
1,542,30,10,1.5,4.0339,3.7750,5.0767,4.5608,4.4337,0.0000,3.9013,5.2348,0.0000
1,543,30,20,0.75,2.5078,3.5001,5.6271,0.0000,0.0000,0.0000,0.0000,4.8951,5.0244
1,544,30,20,1,3.1139,4.4402,6.9182,4.8098,4.1039,4.3819,3.7434,6.1297,5.3601
1,545,30,20,1.5,3.6950,6.5119,8.8818,4.3948,0.0000,5.5424,5.5893,7.4623,7.1776
1,546,30,40,0.75,5.8253,9.7797,13.5334,6.2509,5.1623,8.7220,7.8201,11.3086,10.4429
1,547,30,40,1,8.0606,11.0130,15.6113,7.7619,7.9339,10.4597,10.3876,13.5743,13.1566
1,548,30,40,1.5,10.0163,13.7890,18.1590,9.4309,8.5935,12.0039,10.8997,15.7497,14.7465
1,549,30,80,0.75,13.5006,18.8864,27.1472,12.9579,10.8033,17.0818,14.3791,22.6380,19.2421
1,550,30,80,1,14.3072,21.6089,29.8396,13.4098,13.1778,19.3756,19.0460,24.9637,24.3422
1,551,30,80,1.5,16.6330,23.7201,32.3549,15.4087,15.1887,20.7885,19.8143,27.2320,26.4033
1,552,30,160,0.75,28.6335,41.0746,56.2248,26.7053,23.8967,37.1374,32.6745,47.4757,41.3635
1,553,30,160,1,30.0960,43.2178,59.2810,27.2737,26.4865,38.5829,37.8073,49.8692,48.4770
1,554,30,160,1.5,31.0864,45.2358,62.7136,28.5622,28.1181,39.6242,38.5319,51.7611,50.5596
1,555,30,320,0.75,52.6764,81.1102,111.0646,49.7694,43.5202,73.5481,63.8717,93.7716,81.5467
1,556,30,320,1,58.4234,87.8456,120.5161,54.0237,52.9823,78.5112,77.1127,100.2396,98.0517
1,557,30,320,1.5,65.4235,93.3393,128.5937,60.1574,57.9878,83.1031,80.9864,107.6229,104.5138
1,558,31,10,0.75,-0.1786,-0.5153,0.9990,3.3976,0.0000,0.0000,0.0000,0.0000,0.0000
1,559,31,10,1,0.0028,0.0943,0.7053,0.0000,0.0000,0.0000,0.0000,0.0000,4.0708
1,560,31,10,1.5,1.2905,1.5211,1.7537,0.0000,0.0000,3.5348,0.0000,4.0932,0.0000
1,561,31,20,0.75,1.4360,1.3477,4.1384,0.0000,0.0000,4.1173,3.8213,4.5210,4.0524
1,562,31,20,1,0.2946,2.2391,2.5048,0.0000,0.0000,0.0000,0.0000,0.0000,0.0000
1,563,31,20,1.5,1.4352,0.8683,3.2747,4.5005,4.5325,4.7630,4.1453,4.3560,0.0000
1,564,31,40,0.75,4.9220,3.6623,5.9099,5.3903,4.4543,4.1941,4.4924,4.7796,4.7216
1,565,31,40,1,4.1769,4.0037,7.1963,4.1908,4.0347,0.0000,0.0000,5.4908,6.0944
1,566,31,40,1.5,3.7332,2.9837,7.5423,0.0000,0.0000,0.0000,0.0000,4.7975,5.5521
1,567,31,80,0.75,9.1302,8.0972,14.1813,6.7970,6.6091,6.8081,6.7576,9.0666,9.8742
1,568,31,80,1,9.1742,7.9788,14.2209,7.4035,6.9075,5.9811,6.1717,9.3837,10.9589
1,569,31,80,1.5,8.9425,9.6969,16.4032,7.0152,6.6008,7.1499,7.0199,11.1967,11.9782
1,570,31,160,0.75,17.8405,18.0817,26.2917,14.2412,12.1949,15.1935,13.9440,18.8226,18.4188
1,571,31,160,1,18.4533,19.8664,29.2647,14.3841,13.0866,15.4587,15.0798,19.5908,21.4830
1,572,31,160,1.5,18.2840,18.3048,30.6527,14.1556,12.3515,14.8388,13.1167,20.7784,22.8714
1,573,31,320,0.75,34.1450,34.4102,55.0215,26.9879,22.3034,27.3229,24.1842,37.3225,38.1328
1,574,31,320,1,36.1661,36.5154,58.4869,28.0524,25.6236,29.0818,28.8301,38.5642,44.5083
1,575,31,320,1.5,38.9913,40.1277,64.6411,31.0980,26.9184,32.8439,31.1697,43.1099,48.3119
1,576,32,10,0.75,2.7547,3.2871,3.6217,0.0000,0.0000,0.0000,0.0000,0.0000,0.0000
1,577,32,10,1,2.1559,3.8881,4.5489,0.0000,0.0000,0.0000,0.0000,0.0000,0.0000
1,578,32,10,1.5,1.5214,1.3076,2.2767,0.0000,4.6583,0.0000,0.0000,0.0000,0.0000
1,579,32,20,0.75,4.4171,5.6376,6.9789,4.6844,0.0000,0.0000,4.1848,5.1227,4.4798
1,580,32,20,1,4.1543,8.2516,8.0666,5.2229,4.9585,7.8304,8.2529,7.7677,8.1179
1,581,32,20,1.5,3.7214,6.0298,6.7921,0.0000,0.0000,5.5144,5.6301,5.7855,6.2217
1,582,32,40,0.75,7.2421,10.7472,12.2324,6.6894,5.3903,9.1812,7.4564,10.0743,8.4615
1,583,32,40,1,6.9257,13.0275,13.4948,6.2973,6.6188,11.1155,10.7124,10.7959,10.3854
1,584,32,40,1.5,8.0903,13.2785,13.7399,7.6711,7.2978,12.1940,11.8227,12.1296,11.9586
1,585,32,80,0.75,15.0399,24.4396,24.5441,13.9529,12.6415,21.5824,19.4161,21.0078,19.1782
1,586,32,80,1,17.5842,26.7396,27.8402,16.7865,16.2662,24.1081,23.4818,23.6700,23.0240
1,587,32,80,1.5,17.5607,27.1957,28.4689,16.0416,15.3355,23.0358,21.7277,22.4511,21.4951
1,588,32,160,0.75,29.0999,46.2947,49.2658,27.6831,24.2050,41.5216,36.2242,41.0893,36.3196
1,589,32,160,1,34.1093,52.0430,56.5598,32.1452,32.0174,46.1974,45.9047,46.7466,46.4901
1,590,32,160,1.5,37.3442,56.6782,60.7906,34.7515,33.4968,50.3281,49.4751,49.7760,49.1133
1,591,32,320,0.75,60.7136,95.0166,98.8039,57.0502,49.4247,84.4146,73.7499,81.8321,72.6116
1,592,32,320,1,67.5080,106.3273,112.0312,64.0768,62.1998,94.8966,93.3394,92.9523,91.4064
1,593,32,320,1.5,72.4587,111.7558,119.7283,67.3590,64.4995,98.3176,95.7006,97.5716,94.7435
1,594,33,10,0.75,2.5736,2.0556,2.4059,4.7590,0.0000,0.0000,0.0000,0.0000,0.0000
1,595,33,10,1,1.8663,2.5002,2.7920,0.0000,4.8606,0.0000,4.6302,0.0000,0.0000
1,596,33,10,1.5,1.1215,0.8655,2.4387,0.0000,4.7254,4.4261,4.4402,0.0000,0.0000
1,597,33,20,0.75,3.0090,3.1024,4.3799,3.8291,0.0000,0.0000,0.0000,0.0000,4.4628
1,598,33,20,1,3.6440,4.8025,5.4002,0.0000,3.0955,3.7483,4.1784,0.0000,0.0000
1,599,33,20,1.5,1.8462,2.8830,4.8226,0.0000,3.9964,4.4160,0.0000,4.8695,4.2234
1,600,33,40,0.75,6.1961,6.1415,9.1414,6.0306,5.6453,5.7605,5.0810,7.2112,5.8242
1,601,33,40,1,5.1348,5.8575,9.4052,5.1100,5.0545,5.7573,5.3199,8.1998,7.2426
1,602,33,40,1.5,7.5476,8.5774,10.9747,7.3922,6.3421,7.7371,7.3195,9.3060,7.7113
1,603,33,80,0.75,9.0566,12.0807,15.8210,8.7543,6.4560,10.4773,9.2065,13.2165,11.2664
1,604,33,80,1,9.8979,10.4799,15.9856,9.3311,9.0138,9.3167,8.8669,12.8581,11.3845
1,605,33,80,1.5,12.3717,14.8029,19.1192,11.3829,11.5418,13.3643,13.2258,16.2704,15.5012
1,606,33,160,0.75,20.6119,24.2021,32.6962,18.7525,15.7925,21.1214,18.4642,27.1147,22.2888
1,607,33,160,1,23.7000,28.2833,37.4585,21.7076,20.1067,24.9614,24.6439,31.7020,28.0160
1,608,33,160,1.5,26.2145,30.4498,38.8459,23.5461,21.0118,26.4771,24.4782,32.8686,28.2951
1,609,33,320,0.75,42.0222,49.4968,65.2825,38.8169,33.1814,43.9716,36.0628,53.7040,43.2654
1,610,33,320,1,44.8152,54.2394,71.9922,41.3497,37.7146,47.6201,45.1991,60.2309,53.2530
1,611,33,320,1.5,50.6806,59.9425,78.3843,46.1565,43.4136,51.9687,48.6615,67.2402,59.5529
1,612,34,10,0.75,2.2759,4.7193,3.6228,0.0000,0.0000,4.4933,0.0000,0.0000,0.0000
1,613,34,10,1,1.4589,2.9259,3.2850,0.0000,0.0000,4.4789,4.5098,0.0000,4.1058
1,614,34,10,1.5,2.4745,3.6089,2.6798,0.0000,0.0000,0.0000,0.0000,4.0106,4.2237
1,615,34,20,0.75,4.2558,5.6410,5.4495,0.0000,0.0000,5.1076,0.0000,5.1162,4.5689
1,616,34,20,1,4.1669,8.3135,7.1902,5.1940,5.2344,8.3018,7.5663,7.0700,6.7709
1,617,34,20,1.5,5.7258,8.9325,8.9864,5.2225,4.5297,8.2136,7.4252,8.0032,7.5788
1,618,34,40,0.75,6.9520,11.1739,12.0462,6.2893,5.4438,10.8027,9.6633,11.1142,9.4057
1,619,34,40,1,8.3914,12.9258,12.9716,7.8219,7.7746,12.5291,11.8551,11.7473,11.6359
1,620,34,40,1.5,7.9124,13.8749,13.7379,7.4876,7.3508,13.1347,12.5670,12.9753,12.4982
1,621,34,80,0.75,14.1012,24.9167,24.6342,12.9443,11.8481,23.5223,20.7147,22.6454,19.6804
1,622,34,80,1,15.4411,25.2190,25.5563,14.2713,13.6592,23.5243,22.7621,23.6368,23.0536
1,623,34,80,1.5,17.2000,28.6379,29.2681,15.9821,14.7089,26.9944,25.2262,27.2029,25.6780
1,624,34,160,0.75,27.4423,46.0211,48.2026,25.7846,23.0502,44.0108,38.9509,45.4281,40.4791
1,625,34,160,1,33.1780,52.5773,54.1179,30.2732,29.3978,49.8636,48.2327,50.0266,48.6015
1,626,34,160,1.5,35.5944,57.0799,59.7365,33.1835,32.0067,54.0409,52.0798,55.3356,53.3162
1,627,34,320,0.75,57.4477,94.8041,96.6399,54.2263,47.3943,90.3128,78.9704,91.7340,80.3124
1,628,34,320,1,64.1098,103.3195,108.1037,59.6634,58.1723,98.3337,94.8427,100.7509,96.9796
1,629,34,320,1.5,70.4125,114.7684,119.3336,66.6231,64.3148,109.3230,104.7679,111.2820,106.5166
1,630,35,10,0.75,0.7520,1.4488,1.6546,4.3318,0.0000,0.0000,0.0000,0.0000,0.0000
1,631,35,10,1,1.6862,2.5374,4.0569,4.0129,4.0190,0.0000,0.0000,0.0000,0.0000
1,632,35,10,1.5,1.2409,0.9123,1.5362,0.0000,4.1392,0.0000,0.0000,4.5950,4.4876
1,633,35,20,0.75,2.0078,3.0123,5.0128,4.0959,4.3134,0.0000,0.0000,0.0000,0.0000
1,634,35,20,1,1.9597,3.1837,3.6723,0.0000,0.0000,0.0000,0.0000,4.3363,4.1621
1,635,35,20,1.5,4.0678,3.5992,6.0004,0.0000,3.5715,0.0000,0.0000,4.9147,5.1066
1,636,35,40,0.75,5.3358,4.9912,8.3063,4.9566,4.5993,5.0037,0.0000,6.5851,6.1797
1,637,35,40,1,7.9113,7.5374,9.5385,7.3867,7.2605,7.0694,6.8611,7.7893,8.0046
1,638,35,40,1.5,7.9493,8.6699,12.9501,8.0773,7.1926,7.4590,7.3035,10.1115,10.4587
1,639,35,80,0.75,14.2049,15.0676,19.3416,13.5066,11.2817,12.5790,11.3127,15.6697,13.9895
1,640,35,80,1,13.8922,15.6434,20.5318,12.7754,12.4127,13.6949,13.8583,16.3181,16.4690
1,641,35,80,1.5,16.2232,18.2291,23.8627,14.9991,14.9427,15.2766,16.1103,18.1400,19.3911
1,642,35,160,0.75,25.6051,28.3636,37.8817,24.1658,21.1105,22.6972,22.6415,28.6432,27.8845
1,643,35,160,1,28.6540,30.0341,41.5064,25.7717,25.4623,27.1298,26.4210,33.2143,34.2184
1,644,35,160,1.5,30.1020,32.6213,44.6084,28.1526,26.8262,28.3456,28.1260,34.9259,37.0517
1,645,35,320,0.75,48.7915,56.3761,74.8255,44.3846,38.3240,49.1721,42.5731,59.5126,54.2070
1,646,35,320,1,57.4838,63.6238,83.8114,52.5075,50.9609,55.2263,54.9910,66.8131,68.6572
1,647,35,320,1.5,63.0090,67.2183,90.5056,58.7313,56.8273,56.7998,58.5523,70.4046,73.9165
2,0,0,10,0.75,1.6025,1.1505,1.2593,0.0000,0.0000,0.0000,4.2463,0.0000,0.0000
2,1,0,10,1,1.3860,2.3502,2.6664,0.0000,0.0000,0.0000,4.0710,0.0000,0.0000
2,2,0,10,1.5,-0.2706,0.4670,1.6266,4.1759,0.0000,0.0000,0.0000,4.3734,4.7054
2,3,0,20,0.75,3.1629,0.5087,1.9948,5.1606,4.2079,4.3906,0.0000,0.0000,0.0000
2,4,0,20,1,1.4258,1.6219,2.2589,0.0000,3.3332,0.0000,0.0000,4.1274,0.0000
2,5,0,20,1.5,1.9188,2.5166,2.6037,0.0000,0.0000,0.0000,0.0000,0.0000,0.0000
2,6,0,40,0.75,3.4475,5.1229,4.7139,0.0000,0.0000,4.9924,4.6008,4.8949,4.1198
2,7,0,40,1,5.7276,7.0870,7.3635,5.5702,5.3637,6.9159,6.5574,7.4841,7.2176
2,8,0,40,1.5,3.1280,4.5397,6.3779,0.0000,0.0000,4.5806,4.2736,5.5872,4.8123
2,9,0,80,0.75,6.9417,10.3684,11.0846,7.2281,6.4523,10.2848,8.8030,10.3541,9.1977
2,10,0,80,1,10.3755,10.9810,12.5690,10.2966,10.0651,10.9668,10.8118,12.0015,11.9179
2,11,0,80,1.5,7.5190,10.2739,11.1771,7.1927,6.8865,10.0949,10.0344,9.5466,9.5616
2,12,0,160,0.75,15.6900,19.3140,21.0392,15.3346,12.9474,19.3669,16.5591,18.8444,17.1558
2,13,0,160,1,18.0049,23.8908,25.5313,17.6526,17.3806,23.3069,21.9418,22.6369,22.8329
2,14,0,160,1.5,18.6912,23.6518,25.7078,17.8908,16.5986,23.1835,21.3838,22.5625,22.5040
2,15,0,320,0.75,30.1355,38.7493,43.4147,29.1073,25.7237,38.2987,33.2295,38.4914,34.8516
2,16,0,320,1,34.8784,43.9654,47.8434,33.4463,31.7724,42.7955,40.4165,42.6994,42.1453
2,17,0,320,1.5,37.3573,47.3527,53.6811,36.0070,33.6899,46.3973,43.2854,46.9469,46.0848
2,18,1,10,0.75,0.8276,0.6794,-0.6350,4.0022,3.8463,4.5424,0.0000,0.0000,4.1590
2,19,1,10,1,0.2750,0.9901,-0.0478,3.9114,3.5845,4.2560,4.3610,4.3882,4.2697
2,20,1,10,1.5,0.1608,3.4114,2.0022,0.0000,0.0000,0.0000,0.0000,0.0000,0.0000
2,21,1,20,0.75,0.8638,1.9686,2.8861,0.0000,4.3704,0.0000,0.0000,0.0000,4.3037
2,22,1,20,1,1.2405,3.0447,3.5470,0.0000,0.0000,0.0000,0.0000,0.0000,0.0000
2,23,1,20,1.5,0.9977,2.1921,3.6854,0.0000,0.0000,4.3360,0.0000,0.0000,0.0000
2,24,1,40,0.75,4.9141,7.0381,11.9329,4.8282,4.7478,6.4928,6.6332,10.8041,10.5969
2,25,1,40,1,3.6933,6.3840,8.4119,3.9301,0.0000,0.0000,4.7762,7.0312,6.7361
2,26,1,40,1.5,4.0726,5.2407,7.6226,4.5695,0.0000,5.0164,4.5957,7.1419,6.8080
2,27,1,80,0.75,7.9501,13.8323,15.2947,6.6398,5.8848,11.5844,10.3390,13.6060,11.4370
2,28,1,80,1,10.0174,14.5792,19.6483,9.7463,9.5485,13.1870,13.6069,18.4056,18.1327
2,29,1,80,1.5,9.1865,16.1379,20.0671,9.2288,8.3977,13.1554,13.9836,18.0959,17.4418
2,30,1,160,0.75,15.6953,26.4630,30.4181,13.9007,12.4515,22.9274,21.0648,28.6679,25.6369
2,31,1,160,1,17.1961,29.0886,35.0755,15.3190,15.4416,24.4769,25.6829,32.3377,32.4147
2,32,1,160,1.5,19.7371,32.4496,39.5655,16.6572,16.7048,26.6618,27.4163,35.5292,34.7209
2,33,1,320,0.75,30.3300,52.0119,61.6713,25.8215,22.4381,43.4582,40.4947,57.1155,50.6119
2,34,1,320,1,36.0551,58.6666,69.3939,31.1190,30.7440,48.6177,50.6218,63.7845,62.3811
2,35,1,320,1.5,39.1993,64.8625,77.1425,32.6387,33.1614,52.3489,54.3931,69.7581,68.6971
2,36,2,10,0.75,1.9229,0.8972,1.1487,0.0000,0.0000,3.6710,0.0000,3.9239,0.0000
2,37,2,10,1,-1.2064,-1.4278,-0.4088,0.0000,4.1516,2.9054,0.0000,0.0000,0.0000
2,38,2,10,1.5,2.7591,2.2831,1.8327,0.0000,0.0000,0.0000,0.0000,4.0597,0.0000
2,39,2,20,0.75,0.5177,-0.2052,1.8711,0.0000,0.0000,0.0000,0.0000,0.0000,0.0000
2,40,2,20,1,1.6118,2.5324,3.0039,0.0000,0.0000,0.0000,0.0000,0.0000,0.0000
2,41,2,20,1.5,1.2459,1.2518,0.5231,0.0000,0.0000,0.0000,0.0000,0.0000,0.0000
2,42,2,40,0.75,3.8863,3.8416,4.6136,0.0000,0.0000,0.0000,0.0000,4.2232,3.8363
2,43,2,40,1,4.3792,4.3897,4.7470,0.0000,0.0000,0.0000,0.0000,5.0246,4.5677
2,44,2,40,1.5,4.3515,3.7310,4.8683,0.0000,4.2115,0.0000,0.0000,3.7975,0.0000
2,45,2,80,0.75,7.1004,7.4508,9.8381,5.8631,4.7471,7.0672,6.0016,7.8445,6.5460
2,46,2,80,1,6.3403,6.4140,8.1322,5.1818,5.1744,5.2247,4.7834,7.0791,5.8444
2,47,2,80,1.5,6.3382,6.6299,9.2481,5.8589,4.8742,6.3532,5.0801,8.2567,6.5666
2,48,2,160,0.75,12.8007,11.2382,16.0468,10.7787,8.6128,10.3777,8.8368,13.7510,10.9877
2,49,2,160,1,13.8690,13.2590,18.1562,11.9118,11.8867,11.1372,11.2483,14.7909,13.7356
2,50,2,160,1.5,15.7712,14.4370,20.6509,13.4350,12.8156,13.5637,12.9919,17.4583,15.7765
2,51,2,320,0.75,25.7619,26.1747,33.0512,22.7348,19.1746,24.1880,20.7536,29.2916,23.2865
2,52,2,320,1,26.2139,26.5898,36.4601,23.6323,22.1519,24.4995,23.5438,30.6610,27.0652
2,53,2,320,1.5,30.9547,30.9277,41.5575,26.1081,24.4017,27.9559,26.5510,33.8496,30.1402
2,54,3,10,0.75,1.0328,0.8199,0.7295,3.9083,0.0000,4.4919,0.0000,0.0000,0.0000
2,55,3,10,1,-0.4846,0.9498,1.6621,0.0000,0.0000,4.1733,3.5829,3.8221,3.4592
2,56,3,10,1.5,1.5580,1.7570,2.2664,0.0000,0.0000,3.8224,3.7300,0.0000,0.0000
2,57,3,20,0.75,1.9062,2.1207,2.5560,4.3863,0.0000,0.0000,0.0000,4.9704,0.0000
2,58,3,20,1,4.9753,3.3130,4.0425,0.0000,0.0000,0.0000,0.0000,4.0317,3.9207
2,59,3,20,1.5,3.7468,3.2613,3.7663,4.5299,4.7549,0.0000,4.2693,0.0000,4.3021
2,60,3,40,0.75,2.8667,3.3005,6.2321,0.0000,0.0000,0.0000,0.0000,4.8697,4.4983
2,61,3,40,1,4.0466,5.3527,7.8846,0.0000,0.0000,4.5815,4.8027,4.5885,5.4118
2,62,3,40,1.5,5.4801,5.4786,7.7854,4.8459,4.2508,4.9122,0.0000,0.0000,5.3399
2,63,3,80,0.75,8.3016,11.0893,12.4893,6.6817,6.3625,8.9089,7.7837,8.7748,7.8136
2,64,3,80,1,10.0711,12.2052,14.6841,7.0169,7.1004,8.3865,8.2659,8.6304,8.5487
2,65,3,80,1.5,9.4233,13.0939,16.4486,6.5183,6.5235,7.4192,7.8303,7.2588,7.9599
2,66,3,160,0.75,18.7255,21.2962,25.2689,12.8526,11.5981,14.5820,13.0733,13.8684,13.5259
2,67,3,160,1,19.8760,23.3529,28.4680,13.7731,13.8121,16.0875,15.6669,15.3336,15.3241
2,68,3,160,1.5,20.0304,24.5930,31.6629,13.7882,13.9167,16.8517,16.3111,15.7738,15.8994
2,69,3,320,0.75,33.5958,39.6419,50.7499,23.3231,20.5435,27.3774,23.2856,27.1901,24.7449
2,70,3,320,1,39.7946,48.0649,59.6905,26.3474,26.5219,31.8991,31.1130,30.5173,31.6517
2,71,3,320,1.5,39.5092,47.0357,63.6475,27.4343,26.9831,32.1313,31.0718,32.3348,32.4131
2,72,4,10,0.75,1.6148,0.8938,1.5750,4.4394,0.0000,0.0000,3.8355,4.3584,4.4226
2,73,4,10,1,0.7314,-0.0628,1.2217,4.2362,4.2173,0.0000,0.0000,3.4792,3.3223
2,74,4,10,1.5,0.4436,0.3529,0.8868,0.0000,0.0000,0.0000,3.3131,3.9583,0.0000
2,75,4,20,0.75,2.1116,1.9397,1.7394,0.0000,0.0000,3.6526,0.0000,0.0000,0.0000
2,76,4,20,1,2.8111,1.3846,2.6131,0.0000,0.0000,0.0000,0.0000,0.0000,3.8773
2,77,4,20,1.5,1.7681,1.9430,3.2764,0.0000,0.0000,3.8027,0.0000,0.0000,0.0000
2,78,4,40,0.75,2.3293,3.5296,4.8214,0.0000,3.6478,0.0000,0.0000,4.2773,4.3139
2,79,4,40,1,2.8655,3.0693,5.4018,0.0000,3.8643,0.0000,4.3689,4.9704,4.8328
2,80,4,40,1.5,3.6670,4.2094,6.3750,4.5300,0.0000,0.0000,4.2186,4.9216,4.5189
2,81,4,80,0.75,4.8299,6.2703,8.5046,5.2062,4.3791,5.3189,4.9842,7.4514,6.1411
2,82,4,80,1,6.7529,8.1913,10.0088,6.2405,6.0598,6.7930,7.1633,8.0925,8.0191
2,83,4,80,1.5,8.0081,7.8500,10.8712,7.2090,6.7795,6.3626,6.9399,7.8466,8.0929
2,84,4,160,0.75,14.9659,14.6205,21.1791,11.3656,10.1952,10.8883,9.9698,15.8839,13.4481
2,85,4,160,1,12.1148,13.9914,19.6951,9.7914,9.2855,11.4451,11.8465,14.6456,13.8042
2,86,4,160,1.5,13.1027,14.4115,21.6224,11.7562,11.4194,11.6556,11.8944,15.4507,14.9067
2,87,4,320,0.75,23.8395,24.9647,36.3447,18.2683,16.0910,18.4127,17.3722,27.6813,22.6897
2,88,4,320,1,25.2902,28.5985,41.5005,20.9144,19.9860,21.8340,22.6178,31.4781,29.0531
2,89,4,320,1.5,29.8006,33.0167,44.9645,23.9492,23.1921,24.9636,25.5623,32.4091,29.9803
2,90,5,10,0.75,-0.1658,0.7935,0.9641,0.0000,4.0521,0.0000,0.0000,0.0000,0.0000
2,91,5,10,1,0.0960,0.5314,1.6575,4.7497,4.4885,4.4664,4.4683,4.3954,4.7160
2,92,5,10,1.5,1.0296,2.2999,2.8449,0.0000,0.0000,4.7817,0.0000,4.3964,0.0000
2,93,5,20,0.75,1.9194,4.1157,3.4352,0.0000,3.2618,4.2615,4.2180,0.0000,0.0000
2,94,5,20,1,3.8337,3.6528,6.5210,4.0582,4.2059,0.0000,0.0000,4.5082,4.4807
2,95,5,20,1.5,1.8026,3.5368,3.7337,4.5621,4.3961,0.0000,4.2071,0.0000,0.0000
2,96,5,40,0.75,4.8378,6.3401,7.5147,4.2317,3.8658,4.3720,4.3171,0.0000,3.9328
2,97,5,40,1,4.4543,6.7057,7.3442,4.2836,4.3183,5.1142,4.7216,4.6080,4.2499
2,98,5,40,1.5,5.3740,6.6033,8.4328,4.2653,0.0000,4.3062,0.0000,0.0000,4.6367
2,99,5,80,0.75,8.4418,10.4092,13.2346,0.0000,4.5955,7.2478,6.6396,7.5149,6.6998
2,100,5,80,1,8.0700,11.4834,14.5138,5.0696,4.9366,7.4279,7.5671,8.3003,7.8843
2,101,5,80,1.5,9.4092,14.1952,16.8500,0.0000,4.7961,8.7426,8.2992,8.7522,8.0245
2,102,5,160,0.75,17.1467,24.0436,29.6501,8.4002,7.2676,16.0607,13.5099,14.3197,12.5196
2,103,5,160,1,18.6011,26.7417,34.4849,10.0132,9.6882,18.5192,17.9482,17.5867,16.6308
2,104,5,160,1.5,22.7358,30.2553,37.1735,10.7370,9.8021,19.4180,17.6917,17.9027,17.6432
2,105,5,320,0.75,35.0259,47.2214,56.9960,15.0253,12.7310,30.7733,25.9668,29.3584,26.1969
2,106,5,320,1,40.6748,54.4177,67.0845,17.6771,17.1186,34.7250,33.7721,33.0356,33.0201
2,107,5,320,1.5,45.7960,58.3258,73.9126,19.6078,19.7024,36.6609,35.8166,36.2685,35.8095
2,108,6,10,0.75,0.4844,0.6733,0.9469,0.0000,3.5046,4.5513,4.4284,0.0000,0.0000
2,109,6,10,1,-0.4438,1.3558,3.2527,0.0000,3.9826,4.0493,4.2158,4.5856,4.7340
2,110,6,10,1.5,0.3993,1.3264,1.3063,4.2708,0.0000,4.3298,4.1895,0.0000,0.0000
2,111,6,20,0.75,3.2980,2.3338,4.3640,4.9579,4.6062,3.6704,3.7228,0.0000,3.6673
2,112,6,20,1,2.9409,3.8889,4.8050,0.0000,0.0000,4.0004,0.0000,4.3947,0.0000
2,113,6,20,1.5,2.5349,2.8264,4.5252,0.0000,0.0000,4.0515,4.0263,4.6921,0.0000
2,114,6,40,0.75,5.2465,6.6765,6.5319,4.9825,4.9421,6.3418,6.1264,5.6083,4.8659
2,115,6,40,1,4.6025,8.6276,8.0344,5.1092,4.5814,8.1793,7.9986,6.9787,5.8269
2,116,6,40,1.5,5.2033,7.0573,6.9113,5.2596,5.1645,7.2766,6.7562,6.8614,5.6848
2,117,6,80,0.75,7.9773,10.9084,13.5289,7.5958,6.4136,10.2516,8.4501,11.7455,8.5394
2,118,6,80,1,8.0173,13.4185,15.0856,7.9171,7.4155,12.7916,12.4657,11.4655,10.5317
2,119,6,80,1.5,9.9004,15.0569,17.0471,9.3530,8.7680,14.7192,13.9376,13.9000,11.7279
2,120,6,160,0.75,14.4198,21.9937,26.7738,13.2803,10.8862,21.0654,18.3473,21.3831,16.8110
2,121,6,160,1,17.8941,26.5382,30.0944,16.9468,15.6051,25.3984,24.0246,25.2572,22.2585
2,122,6,160,1.5,18.1957,27.1860,31.7528,17.1504,15.8081,26.4003,24.6161,25.3672,22.0273
2,123,6,320,0.75,28.6071,44.8359,49.0663,27.6318,23.4124,43.2054,37.3542,39.9031,32.5586
2,124,6,320,1,34.4924,49.8402,56.5455,33.0618,30.7066,48.5465,46.7680,47.4170,39.5017
2,125,6,320,1.5,36.2270,54.5190,63.1416,33.5138,30.9393,52.9063,50.4043,49.7539,43.4334
2,126,7,10,0.75,2.8974,2.7229,2.0534,4.0881,0.0000,3.6834,0.0000,0.0000,0.0000
2,127,7,10,1,1.2616,0.3022,1.9185,4.3353,0.0000,4.4729,4.1702,4.2878,0.0000
2,128,7,10,1.5,0.2434,1.3227,1.4619,0.0000,0.0000,0.0000,0.0000,4.3719,0.0000
2,129,7,20,0.75,1.8936,2.7788,2.3311,4.0114,3.8401,0.0000,3.8907,4.3712,0.0000
2,130,7,20,1,3.4006,3.5553,4.7837,0.0000,0.0000,0.0000,4.2525,0.0000,0.0000
2,131,7,20,1.5,3.3341,3.3597,4.0249,4.4165,0.0000,0.0000,0.0000,0.0000,0.0000
2,132,7,40,0.75,3.4238,4.3278,6.5756,0.0000,4.5517,4.6496,0.0000,0.0000,5.0249
2,133,7,40,1,6.4522,6.9473,9.9211,5.1542,4.9966,6.3478,6.0091,5.8779,6.3391
2,134,7,40,1.5,6.9943,7.4392,11.9234,5.7152,5.6768,6.8038,6.7005,7.2187,7.9361
2,135,7,80,0.75,11.5028,12.4816,17.0752,8.5820,8.0284,10.5016,9.2493,11.3164,11.7338
2,136,7,80,1,15.2457,15.8939,19.3133,11.9486,12.1076,14.2942,13.6898,13.5922,14.3385
2,137,7,80,1.5,13.7979,13.9694,19.8841,10.7799,10.9570,12.2019,11.8104,12.0140,13.9784
2,138,7,160,0.75,23.2374,24.9626,34.0775,18.1986,16.6089,22.1065,19.4701,21.9874,20.9722
2,139,7,160,1,27.0308,28.1598,37.8316,22.6654,22.6019,25.6449,25.1779,26.1808,27.5351
2,140,7,160,1.5,29.2404,28.8813,41.6944,21.7980,22.8000,25.2788,25.1449,25.3477,27.8042
2,141,7,320,0.75,46.8654,49.4473,63.7573,39.0369,35.9648,44.8959,39.6839,44.4498,42.5512
2,142,7,320,1,51.8986,52.5316,72.6514,40.1314,41.0340,46.6995,46.1693,45.9562,50.0308
2,143,7,320,1.5,57.9266,59.1974,81.8391,45.5118,45.4921,52.8810,51.6346,51.9854,54.9199
2,144,8,10,0.75,-0.5124,0.4954,1.8090,4.3243,4.4202,0.0000,0.0000,4.5267,4.0555
2,145,8,10,1,1.5051,2.1564,1.3482,0.0000,0.0000,3.9168,4.0516,0.0000,0.0000
2,146,8,10,1.5,1.6634,3.9676,2.6667,0.0000,4.0834,3.9085,4.6988,3.9335,0.0000
2,147,8,20,0.75,2.0104,4.6428,4.8088,0.0000,0.0000,0.0000,0.0000,0.0000,4.6865
2,148,8,20,1,0.5213,4.1918,2.7558,3.6040,4.2915,4.1504,4.5124,4.3070,0.0000
2,149,8,20,1.5,2.4635,5.1655,4.3709,0.0000,0.0000,4.5116,5.0090,4.3749,4.6964
2,150,8,40,0.75,3.6922,10.4535,9.0102,4.3512,0.0000,7.6472,7.2617,5.6287,5.5047
2,151,8,40,1,2.7198,7.8390,7.3597,0.0000,0.0000,6.1024,6.2646,5.0927,5.0212
2,152,8,40,1.5,5.0827,10.4226,9.2725,5.1289,5.1011,8.5046,8.5635,6.8708,6.8855
2,153,8,80,0.75,8.6601,17.6816,15.9395,7.6953,6.9111,12.9181,12.5485,11.0645,9.8601
2,154,8,80,1,8.7861,18.6787,17.5237,7.7061,7.3214,13.5384,13.5197,11.2862,11.4394
2,155,8,80,1.5,11.0365,20.2374,19.1945,8.8586,8.4586,14.9002,15.1679,13.8545,13.1616
2,156,8,160,0.75,15.8825,34.8512,31.2136,13.7622,13.2034,26.0044,24.4755,21.5101,19.9575
2,157,8,160,1,18.1474,37.3299,34.2504,14.9471,14.8602,27.4131,28.2643,23.3644,22.8036
2,158,8,160,1.5,20.5192,40.6676,37.6906,16.8342,16.3684,29.6352,30.5057,26.4415,26.0731
2,159,8,320,0.75,32.9390,69.6162,61.6240,27.8373,23.9109,51.4142,46.8749,43.1956,38.8117
2,160,8,320,1,37.0733,76.7283,68.1552,32.4445,31.7609,57.2498,58.9129,47.9361,48.3135
2,161,8,320,1.5,40.1427,82.4401,75.4460,33.6873,32.5580,60.4288,61.8691,50.9959,51.3219
2,162,9,10,0.75,0.4373,0.6491,1.8055,4.0699,0.0000,0.0000,0.0000,0.0000,3.9400
2,163,9,10,1,1.9684,0.9438,3.1758,4.8794,0.0000,4.3757,4.5664,3.9988,0.0000
2,164,9,10,1.5,0.9270,1.3327,0.6629,0.0000,0.0000,4.5070,4.4905,4.3209,4.4826
2,165,9,20,0.75,2.2699,3.6852,3.4276,0.0000,0.0000,4.0851,0.0000,0.0000,0.0000
2,166,9,20,1,1.2457,2.6787,3.3266,0.0000,3.5606,0.0000,4.3353,0.0000,4.1845
2,167,9,20,1.5,2.7838,2.5147,3.6809,0.0000,4.3138,4.1770,4.0112,0.0000,0.0000
2,168,9,40,0.75,3.2108,3.1208,3.1880,0.0000,4.0954,4.2857,0.0000,4.4101,4.0153
2,169,9,40,1,4.8428,4.7916,4.7917,4.5142,4.7849,4.5156,0.0000,4.7087,4.5040
2,170,9,40,1.5,3.8745,4.5379,6.4380,3.9031,3.8784,4.6272,4.1853,4.8022,4.3807
2,171,9,80,0.75,8.1221,10.1691,10.0479,6.7319,6.1298,7.5713,6.9534,7.1850,6.4953
2,172,9,80,1,6.5417,8.8543,8.7790,4.6980,4.4865,6.3433,6.4135,6.6364,6.3106
2,173,9,80,1.5,10.4844,12.0124,13.4301,7.2222,7.8654,8.4960,8.9964,8.7816,8.4625
2,174,9,160,0.75,13.6430,16.7358,17.4913,10.0072,9.4922,11.9035,11.4102,11.1131,10.2141
2,175,9,160,1,16.3526,21.6219,22.6908,11.3971,11.9812,15.0285,15.6508,15.5175,15.1929
2,176,9,160,1.5,16.6560,20.9495,21.7812,11.5745,11.6799,12.8261,14.0910,15.3395,15.5898
2,177,9,320,0.75,28.8195,38.2858,37.4232,21.0975,20.1291,27.6795,26.2549,25.4846,23.6775
2,178,9,320,1,31.6999,40.6634,41.6280,21.5055,22.9316,28.1175,29.3974,26.5872,28.0987
2,179,9,320,1.5,34.2918,43.4309,47.4153,23.5268,24.3035,30.7307,31.6105,30.9042,30.0678
2,180,10,10,0.75,0.9589,1.9862,1.3037,0.0000,0.0000,0.0000,4.0037,4.9079,0.0000
2,181,10,10,1,-0.2963,-0.1097,0.3258,3.9519,0.0000,0.0000,0.0000,0.0000,0.0000
2,182,10,10,1.5,0.4382,2.4031,2.8386,0.0000,0.0000,0.0000,0.0000,0.0000,0.0000
2,183,10,20,0.75,-0.4332,0.4082,1.0710,0.0000,0.0000,0.0000,0.0000,4.5029,4.3184
2,184,10,20,1,-0.1698,0.0767,0.2997,0.0000,3.2612,0.0000,0.0000,0.0000,0.0000
2,185,10,20,1.5,1.5775,2.2241,2.0235,0.0000,0.0000,4.0969,4.7083,0.0000,4.3137
2,186,10,40,0.75,1.9259,1.8970,2.5754,0.0000,3.2412,0.0000,0.0000,4.3258,0.0000
2,187,10,40,1,1.2284,2.8618,2.3596,0.0000,0.0000,4.1770,4.3326,0.0000,4.2779
2,188,10,40,1.5,1.6891,5.1570,4.1480,0.0000,3.5620,5.0958,4.1591,4.2117,0.0000
2,189,10,80,0.75,2.6154,4.5732,5.3255,0.0000,0.0000,4.6980,0.0000,0.0000,0.0000
2,190,10,80,1,4.9024,5.3834,6.6399,4.7834,4.5929,5.3384,4.6312,5.4244,5.7376
2,191,10,80,1.5,3.1355,5.3850,7.5911,0.0000,3.2531,5.2638,5.2560,6.0205,6.0537
2,192,10,160,0.75,3.5970,9.1884,10.9408,3.8710,0.0000,8.8470,7.3946,7.6756,6.6867
2,193,10,160,1,5.0829,8.5415,11.2034,4.9608,4.6555,7.6723,7.7006,8.6445,8.8618
2,194,10,160,1.5,6.5448,10.1142,12.6289,7.0872,6.9016,10.0117,9.1218,8.8898,8.8775
2,195,10,320,0.75,12.0934,18.2293,23.4779,9.7536,9.6783,15.6858,12.8929,16.5583,16.0212
2,196,10,320,1,9.9356,18.8957,23.2994,7.6934,7.9403,16.3581,15.6045,17.0973,17.4989
2,197,10,320,1.5,12.9838,20.3736,26.2340,10.2209,9.5536,17.9377,16.0383,19.0196,18.9224
2,198,11,10,0.75,1.6568,2.3872,2.7477,3.3745,0.0000,0.0000,0.0000,4.3888,4.2249
2,199,11,10,1,0.8238,-0.1304,0.2755,0.0000,0.0000,4.0310,0.0000,0.0000,0.0000
2,200,11,10,1.5,-1.1513,-0.5546,0.7070,0.0000,0.0000,0.0000,0.0000,4.1713,0.0000
2,201,11,20,0.75,1.1413,0.9773,2.0088,0.0000,0.0000,3.8696,0.0000,0.0000,4.3042
2,202,11,20,1,1.1555,0.7954,1.8244,0.0000,0.0000,0.0000,0.0000,0.0000,3.5587
2,203,11,20,1.5,2.6194,2.5362,3.1618,3.5943,0.0000,0.0000,0.0000,0.0000,0.0000
2,204,11,40,0.75,3.5668,2.2950,4.8241,4.4512,4.4431,0.0000,0.0000,4.1650,0.0000
2,205,11,40,1,3.7370,3.5298,6.3165,4.4971,4.3440,5.2121,4.8286,5.5692,4.9106
2,206,11,40,1.5,2.5853,3.2314,3.5859,0.0000,0.0000,4.0598,0.0000,4.2444,0.0000
2,207,11,80,0.75,4.7237,5.7967,10.9213,4.4225,4.5391,4.3746,4.9992,7.7356,7.6546
2,208,11,80,1,5.1397,5.7957,9.4436,4.7821,4.4881,5.0002,4.9425,6.4918,6.5920
2,209,11,80,1.5,7.1471,8.2413,11.3910,5.4644,5.5126,7.0038,7.5079,7.7374,7.6997
2,210,11,160,0.75,10.8020,13.3240,18.4166,8.2748,7.8530,10.7940,10.0676,12.0573,10.2606
2,211,11,160,1,11.3748,13.8839,20.7767,10.7501,10.9544,11.8407,11.7941,13.5834,14.2528
2,212,11,160,1.5,9.7660,11.6509,19.9315,7.6006,8.0679,8.6615,9.2498,13.5251,13.3762
2,213,11,320,0.75,21.2256,25.5451,37.3872,16.8023,15.7038,20.0691,18.2210,26.6046,22.0373
2,214,11,320,1,22.0358,27.9553,43.0181,18.0391,18.0723,22.4150,22.7609,29.1377,25.8795
2,215,11,320,1.5,23.0214,27.4101,43.7885,18.3842,18.5233,22.9364,22.0486,29.9803,25.8921
2,216,12,10,0.75,1.4143,1.8688,3.0444,0.0000,0.0000,0.0000,0.0000,0.0000,4.1470
2,217,12,10,1,0.8737,0.1269,-0.0298,0.0000,0.0000,0.0000,0.0000,3.8502,0.0000
2,218,12,10,1.5,1.0563,2.7694,3.3561,4.2397,0.0000,4.3726,4.3582,4.1592,0.0000
2,219,12,20,0.75,3.1144,4.7012,4.6753,4.5234,0.0000,0.0000,0.0000,5.0947,4.7585
2,220,12,20,1,2.5172,4.7080,5.0132,4.5772,4.2619,4.9385,4.7191,4.9673,5.1637
2,221,12,20,1.5,3.8349,5.6810,6.8686,0.0000,4.0798,5.5490,4.9367,6.6693,5.7630
2,222,12,40,0.75,4.2997,6.3287,8.7357,0.0000,4.5822,6.2285,5.9673,8.3588,7.3896
2,223,12,40,1,5.9404,8.4369,10.3704,5.9522,6.0113,8.2288,8.0627,9.6112,9.1656
2,224,12,40,1.5,5.6412,7.7326,9.7972,5.9488,5.7277,7.9656,8.2744,9.3750,9.9743
2,225,12,80,0.75,10.5674,14.2687,17.3858,10.0874,8.6924,13.5985,11.8429,16.3725,14.4668
2,226,12,80,1,11.5472,14.6907,19.2216,11.5536,11.3223,14.4802,13.9270,17.9919,17.6027
2,227,12,80,1.5,12.2282,15.4169,21.8126,11.7747,11.4342,14.3603,14.5115,19.8458,20.1659
2,228,12,160,0.75,19.0125,27.5485,37.5282,18.3892,16.5494,26.7360,23.7803,34.7678,31.4915
2,229,12,160,1,20.2633,28.8702,39.7033,19.0511,18.9057,27.7239,26.9978,36.8322,36.9378
2,230,12,160,1.5,25.8861,32.0141,44.0162,25.0470,23.9730,30.9591,30.0595,41.2146,40.1530
2,231,12,320,0.75,40.0017,54.2406,74.0030,38.5665,33.4171,51.9617,45.0512,68.5126,60.7912
2,232,12,320,1,46.3837,61.4480,82.3215,45.1275,43.5020,58.9918,58.0654,76.2320,76.3920
2,233,12,320,1.5,49.4849,64.0318,88.3013,47.7520,45.8189,61.5818,59.8440,80.7411,78.5952
2,234,13,10,0.75,2.2562,2.9826,5.2217,0.0000,4.5658,4.7568,4.4709,0.0000,4.0509
2,235,13,10,1,3.2509,2.1326,2.9829,4.6005,4.6507,4.1726,4.2292,4.8477,4.4534
2,236,13,10,1.5,2.4217,1.3990,5.3420,0.0000,4.1282,0.0000,0.0000,4.8578,4.5766
2,237,13,20,0.75,4.5458,3.9880,7.6996,0.0000,4.1289,0.0000,3.9088,5.3520,5.2969
2,238,13,20,1,3.7783,3.3944,9.3007,0.0000,0.0000,0.0000,0.0000,6.7762,7.0528
2,239,13,20,1.5,4.5132,3.8490,7.9830,4.5613,0.0000,0.0000,4.5038,6.6769,5.5267
2,240,13,40,0.75,7.4796,7.9811,15.2492,6.1848,5.3261,6.5721,5.8150,11.0664,9.3669
2,241,13,40,1,8.8381,8.7595,16.7921,8.3234,8.0679,7.5063,7.0388,12.4822,11.5415
2,242,13,40,1.5,9.8733,8.4691,18.7650,7.9214,7.4455,6.8624,6.4755,13.2369,12.4815
2,243,13,80,0.75,16.0086,17.0722,30.6206,14.2527,12.7886,13.0574,11.3137,21.9412,20.2224
2,244,13,80,1,19.0797,17.9474,35.5334,15.7784,15.4905,14.3962,13.4346,26.0752,24.8887
2,245,13,80,1.5,18.8093,17.8970,38.1072,15.8131,15.7568,14.5619,14.0780,27.6310,26.1139
2,246,13,160,0.75,35.2229,33.8189,64.2320,30.3016,27.6943,27.6530,24.2422,46.0366,40.2031
2,247,13,160,1,38.1848,36.3613,70.9440,32.7402,32.1908,29.0566,27.5595,51.2109,48.9908
2,248,13,160,1.5,40.6856,38.2161,78.9857,33.6900,32.7720,30.4480,29.2719,56.5443,53.3721
2,249,13,320,0.75,64.8724,64.3535,122.3603,56.2032,49.0372,52.1437,43.7586,88.9830,78.5334
2,250,13,320,1,71.7236,68.8942,137.3798,61.2860,59.3673,55.1160,52.1725,100.1425,95.1622
2,251,13,320,1.5,79.0956,73.9024,153.7210,66.1884,64.6781,58.6827,56.1243,111.4500,105.2814
2,252,14,10,0.75,2.7548,2.5478,3.7170,0.0000,0.0000,3.9967,0.0000,0.0000,0.0000
2,253,14,10,1,1.8305,2.2105,3.7002,4.3180,4.3247,4.3997,4.5015,4.7648,5.1076
2,254,14,10,1.5,4.0776,5.2845,5.5372,0.0000,3.7907,4.7544,4.9503,4.4759,4.5396
2,255,14,20,0.75,3.8240,2.7986,6.2312,0.0000,0.0000,3.7031,0.0000,4.8797,4.4768
2,256,14,20,1,5.1260,4.9507,6.4966,0.0000,4.4696,4.7608,4.4661,5.9337,5.6534
2,257,14,20,1.5,6.8772,6.6003,9.1943,6.0916,5.3527,6.1585,5.1882,7.3745,7.3428
2,258,14,40,0.75,7.8977,7.2828,12.3741,6.8639,6.4170,7.0038,6.0657,9.3490,9.3758
2,259,14,40,1,9.1862,7.6992,11.9730,7.8307,8.1363,6.6478,6.5032,9.8391,9.9603
2,260,14,40,1.5,11.7883,11.0159,15.1053,9.9665,9.3081,10.5039,9.3771,13.0393,12.4512
2,261,14,80,0.75,16.9738,17.2512,23.9114,14.3814,12.9632,14.6160,13.2808,19.4589,18.2825
2,262,14,80,1,19.9928,18.3634,27.0706,15.5387,16.4417,16.2034,15.2041,21.6067,22.5256
2,263,14,80,1.5,21.8072,19.3234,29.7810,19.1160,20.3716,16.9008,17.4934,25.3035,26.5618
2,264,14,160,0.75,36.7480,33.4070,50.4476,31.1387,29.1691,28.8227,26.0582,40.7291,39.5184
2,265,14,160,1,41.0798,37.6004,54.7610,33.7075,34.8809,31.5541,32.0555,44.4265,45.9585
2,266,14,160,1.5,43.8314,40.7169,62.0453,35.3706,36.6172,34.4576,32.8324,50.5064,52.6465
2,267,14,320,0.75,70.8953,66.9702,95.9925,59.1030,55.7708,56.7942,50.9502,78.5164,74.6912
2,268,14,320,1,80.5619,74.4703,108.5520,65.4801,68.1337,62.5649,62.1725,88.9506,92.2500
2,269,14,320,1.5,85.9193,80.4318,118.4690,70.6264,71.8684,66.8985,65.9366,96.7591,99.6469
2,270,15,10,0.75,2.6354,3.9259,3.9203,0.0000,0.0000,3.4441,3.5317,0.0000,3.8740
2,271,15,10,1,2.5262,2.0086,2.3049,0.0000,4.2272,0.0000,0.0000,0.0000,0.0000
2,272,15,10,1.5,2.4182,3.2034,2.7601,0.0000,3.4706,0.0000,2.9590,0.0000,0.0000
2,273,15,20,0.75,3.4708,5.5920,5.2164,3.8927,3.8536,5.5067,4.9086,5.5961,4.9788
2,274,15,20,1,5.4970,5.1538,5.4342,5.5800,5.2520,5.4966,5.2161,5.8471,5.7202
2,275,15,20,1.5,4.1943,5.3424,7.1004,4.3882,4.2713,5.4111,5.1581,6.7794,6.2838
2,276,15,40,0.75,7.3388,11.8607,12.3299,7.2659,6.4268,11.6310,10.3936,11.9391,10.7315
2,277,15,40,1,7.0179,10.9937,11.4061,6.6825,6.2860,10.4830,10.1592,10.3853,10.3664
2,278,15,40,1.5,7.9679,12.7814,14.7238,7.7662,7.1887,12.3884,11.9137,13.8330,13.2749
2,279,15,80,0.75,13.3140,21.5843,23.6860,13.2896,11.6294,21.0711,18.3585,23.0170,20.4219
2,280,15,80,1,14.1265,23.2860,24.3581,14.1195,13.9319,22.6735,22.9248,23.5469,23.7641
2,281,15,80,1.5,16.5798,26.2688,27.5732,16.1504,15.0189,25.2947,24.1602,26.3616,25.6923
2,282,15,160,0.75,24.0720,40.5706,45.4652,23.9996,20.5985,39.6083,34.4019,43.6131,38.5108
2,283,15,160,1,30.5925,46.6183,49.7125,30.4066,29.6504,45.7540,45.1900,48.2747,47.8800
2,284,15,160,1.5,33.2434,50.3027,56.6035,32.4511,31.9627,48.7456,48.2328,53.7139,53.2497
2,285,15,320,0.75,53.1717,85.1179,90.1669,53.3991,47.1792,83.6203,73.3981,87.7780,77.1844
2,286,15,320,1,58.9523,93.9501,102.8040,58.3443,57.2920,91.7109,90.0607,99.1315,97.3851
2,287,15,320,1.5,66.8393,102.1010,113.5285,65.1842,63.5948,98.9686,96.7688,107.8197,105.9171
2,288,16,10,0.75,1.1564,1.2710,1.7491,0.0000,0.0000,0.0000,0.0000,0.0000,0.0000
2,289,16,10,1,2.6707,3.2103,3.0814,3.4131,0.0000,0.0000,2.6966,0.0000,3.8614
2,290,16,10,1.5,1.1096,0.9259,1.7655,0.0000,0.0000,0.0000,0.0000,0.0000,0.0000
2,291,16,20,0.75,1.5130,4.1047,4.8606,0.0000,0.0000,0.0000,0.0000,5.0961,4.6002
2,292,16,20,1,1.4863,3.3290,4.9335,0.0000,4.2954,4.9615,4.1689,4.7140,4.9355
2,293,16,20,1.5,3.0855,4.9385,6.6999,0.0000,0.0000,5.0137,4.4890,6.5332,5.9735
2,294,16,40,0.75,6.5158,9.3993,10.1421,6.3332,5.7403,8.7163,7.8991,10.4103,9.3258
2,295,16,40,1,5.0809,7.8010,11.7480,5.2760,5.7190,7.8008,7.9838,11.0784,11.2722
2,296,16,40,1.5,5.7844,10.1807,13.5715,5.9624,5.4678,9.7850,9.1238,12.9487,11.1755
2,297,16,80,0.75,9.5846,14.8196,20.0498,9.0964,8.3335,13.9691,12.5871,19.0929,17.3023
2,298,16,80,1,10.6783,16.2784,22.1428,10.0319,9.4148,15.4057,14.9573,20.8688,20.0117
2,299,16,80,1.5,11.0227,18.3313,24.5305,10.6831,10.6419,17.6913,17.3865,23.3613,22.0770
2,300,16,160,0.75,22.2757,31.6680,40.5838,21.4475,18.5214,29.9257,25.0896,38.0230,33.0060
2,301,16,160,1,22.0610,33.9816,44.3863,20.8435,20.2532,32.4543,30.6010,42.3096,39.8643
2,302,16,160,1.5,25.1950,37.9578,50.1856,24.8283,23.0054,36.3065,33.6897,47.9977,44.3083
2,303,16,320,0.75,41.2777,62.6370,79.9375,39.9597,33.5252,60.1112,50.1389,76.0564,64.3840
2,304,16,320,1,44.5269,68.0116,88.7188,43.6036,40.7761,65.3677,61.1799,84.1762,78.5317
2,305,16,320,1.5,50.5153,73.3283,98.1818,49.5184,45.4523,70.6091,65.4510,94.4067,86.9334
2,306,17,10,0.75,1.0732,-0.1461,1.0652,4.6333,0.0000,4.3887,4.0936,4.3818,0.0000
2,307,17,10,1,0.2814,1.6786,1.6368,4.3163,4.2546,4.0130,4.1352,0.0000,3.7010
2,308,17,10,1.5,1.3186,1.5518,1.0935,4.4081,4.6113,0.0000,0.0000,0.0000,3.9988
2,309,17,20,0.75,1.0355,1.6018,2.9120,3.2100,0.0000,4.3666,0.0000,0.0000,0.0000
2,310,17,20,1,1.0943,1.5893,2.5939,0.0000,4.0647,4.1864,4.4764,0.0000,0.0000
2,311,17,20,1.5,2.7687,2.7049,3.6248,3.9392,4.1858,3.5910,3.5763,0.0000,0.0000
2,312,17,40,0.75,1.3862,3.6233,4.3719,3.8643,0.0000,3.9459,0.0000,4.9690,4.9229
2,313,17,40,1,4.7208,3.2446,5.1616,4.5384,0.0000,0.0000,4.2176,5.1766,4.9351
2,314,17,40,1.5,2.4283,3.2702,4.1797,0.0000,0.0000,0.0000,0.0000,4.8325,4.8950
2,315,17,80,0.75,5.3625,7.2252,10.5773,4.8155,4.7106,5.8484,5.2667,8.5303,8.3189
2,316,17,80,1,7.5884,9.8516,12.1968,7.4835,7.3660,8.2964,8.3691,10.3319,10.7397
2,317,17,80,1.5,6.8097,8.4384,13.0935,5.6911,5.5910,7.2462,6.6072,9.6850,10.7332
2,318,17,160,0.75,12.3182,16.5225,20.1445,10.3436,8.7016,11.1738,10.7460,16.5157,14.8525
2,319,17,160,1,13.2860,18.0519,22.6974,10.7758,10.6169,13.8896,13.6703,17.7536,18.3648
2,320,17,160,1.5,15.3624,20.3648,26.2041,12.1727,12.3979,14.6848,14.9506,20.5204,21.3269
2,321,17,320,0.75,24.9084,31.2675,40.8023,19.6648,17.7089,23.2433,22.2429,32.8400,30.4668
2,322,17,320,1,28.6152,35.5574,46.9316,22.8193,22.1956,25.2133,26.1307,36.7838,37.5192
2,323,17,320,1.5,28.4492,36.3219,50.8621,23.8267,23.8601,26.9611,28.2343,41.4462,42.3943
2,324,18,10,0.75,4.4984,3.4777,4.6043,0.0000,0.0000,3.8553,0.0000,4.0588,0.0000
2,325,18,10,1,2.9578,2.6984,3.6162,4.3845,0.0000,3.9868,4.1632,4.1324,4.0400
2,326,18,10,1.5,5.8608,5.1352,6.4242,5.9462,5.1368,5.1989,5.3603,5.6275,4.6854
2,327,18,20,0.75,3.3648,2.5483,5.4122,3.9357,3.7564,0.0000,3.9023,0.0000,4.2161
2,328,18,20,1,6.4619,5.9764,8.8952,0.0000,4.9864,5.4999,4.8275,7.0374,6.5719
2,329,18,20,1.5,4.4735,6.0114,8.1370,4.6427,0.0000,6.2198,5.6239,6.6639,5.5938
2,330,18,40,0.75,11.1362,13.2845,13.8809,10.1163,8.7129,13.3299,11.6326,12.5329,10.3515
2,331,18,40,1,9.7242,9.5047,14.2586,9.3113,8.6630,10.4639,9.6706,11.2123,9.5354
2,332,18,40,1.5,12.1214,13.2211,16.1001,11.1205,10.0826,13.0736,12.2417,14.3844,12.5263
2,333,18,80,0.75,20.8801,21.5353,27.0348,18.7531,15.8215,20.8076,17.9508,22.9426,18.2832
2,334,18,80,1,22.9613,23.7026,29.3312,20.7259,18.5661,22.9523,21.9383,25.0002,21.6273
2,335,18,80,1.5,23.9691,25.2876,32.2737,22.2124,21.0602,24.6078,24.4270,27.5537,23.8346
2,336,18,160,0.75,38.6602,42.3346,50.2948,35.2587,30.0358,40.8938,36.0083,42.9092,33.8377
2,337,18,160,1,45.1528,47.5939,61.3784,40.7141,37.9696,46.2423,44.8783,51.4920,44.6687
2,338,18,160,1.5,48.2520,50.1888,64.8505,45.0503,41.3841,49.5416,47.7953,54.9791,47.6508
2,339,18,320,0.75,80.1158,87.8199,105.8205,74.2970,62.7851,85.8559,74.7756,91.8420,72.5308
2,340,18,320,1,90.6000,95.5348,119.7609,82.6448,76.7736,93.2643,90.7153,100.3709,87.7489
2,341,18,320,1.5,98.1567,101.8820,129.6511,90.2624,83.8793,100.2343,96.9584,108.9991,94.2329
2,342,19,10,0.75,2.4998,2.9619,2.9592,0.0000,3.8012,0.0000,0.0000,4.4661,0.0000
2,343,19,10,1,0.1252,1.6563,1.0686,4.8881,5.2435,5.0475,0.0000,4.4800,3.8956
2,344,19,10,1.5,2.8925,3.6686,4.1461,0.0000,0.0000,4.0463,0.0000,0.0000,0.0000
2,345,19,20,0.75,2.4199,4.3261,4.2457,0.0000,0.0000,0.0000,4.7330,4.2354,0.0000
2,346,19,20,1,1.6118,2.1915,2.0330,0.0000,0.0000,3.9029,3.8788,4.1743,3.2523
2,347,19,20,1.5,4.0002,4.0888,4.5107,3.9981,3.8093,5.1475,4.7596,0.0000,0.0000
2,348,19,40,0.75,4.9969,6.6450,6.5753,4.5453,4.7400,5.1105,5.6888,0.0000,4.8563
2,349,19,40,1,4.6646,6.4919,7.3849,4.2127,4.3623,5.4486,6.0270,5.5171,5.4125
2,350,19,40,1.5,4.6255,5.2343,5.5091,3.8801,4.1359,4.2474,4.5711,4.4498,4.8306
2,351,19,80,0.75,6.9612,9.8743,10.7394,6.5622,5.9708,6.6872,6.5201,6.7699,7.2567
2,352,19,80,1,8.6927,10.2893,11.5244,7.3196,7.2577,7.7102,7.1887,8.1219,7.8591
2,353,19,80,1.5,10.7857,12.0092,13.4481,9.4076,7.9356,9.3426,8.4147,10.8607,9.2264
2,354,19,160,0.75,17.7702,20.5611,21.9265,13.0820,12.2551,14.9189,13.0344,14.8835,13.4502
2,355,19,160,1,18.0270,22.9393,25.2773,14.1748,13.3270,16.1778,17.2772,18.1150,17.4807
2,356,19,160,1.5,19.6926,24.8511,26.7597,14.9570,14.1122,18.2677,17.5705,19.5756,18.7513
2,357,19,320,0.75,34.4830,43.6569,46.0381,26.6874,23.2068,30.0057,28.1278,32.9511,27.8322
2,358,19,320,1,36.5844,45.7521,48.7229,28.7200,25.2609,31.2984,33.4167,34.6118,32.5333
2,359,19,320,1.5,38.2670,48.6426,51.7392,30.9620,28.4740,34.0599,35.6233,37.3490,35.2620
2,360,20,10,0.75,0.1745,0.5355,0.7348,0.0000,4.4873,4.7012,0.0000,4.2546,4.5898
2,361,20,10,1,2.6292,3.0441,2.4454,0.0000,3.4402,0.0000,0.0000,0.0000,0.0000
2,362,20,10,1.5,0.8792,3.4600,3.4669,0.0000,0.0000,0.0000,0.0000,0.0000,0.0000
2,363,20,20,0.75,0.3745,3.7956,4.1949,4.4011,4.1215,0.0000,3.2851,0.0000,0.0000
2,364,20,20,1,3.3641,5.6689,4.9167,0.0000,0.0000,4.5276,4.6538,0.0000,0.0000
2,365,20,20,1.5,2.4491,5.4277,6.4355,0.0000,0.0000,4.9110,5.4217,0.0000,4.8841
2,366,20,40,0.75,4.4125,9.3194,9.5495,4.5559,0.0000,8.3545,7.7018,7.9182,7.6088
2,367,20,40,1,7.0321,10.7886,11.3565,6.7926,6.1779,9.0362,9.4190,8.1230,8.3588
2,368,20,40,1.5,8.4025,12.9005,12.7651,6.3768,5.2175,10.2410,9.8292,8.5423,7.8383
2,369,20,80,0.75,12.3380,18.9063,19.8020,10.2234,9.2089,15.6569,14.2786,14.8608,13.4708
2,370,20,80,1,14.9250,21.9100,22.1624,13.2388,13.7519,19.0736,19.9656,17.2610,17.8801
2,371,20,80,1.5,16.2909,24.6751,25.1822,12.8440,13.3124,19.9742,20.2524,18.5628,18.2081
2,372,20,160,0.75,22.9057,37.3122,38.4542,18.2650,16.3494,30.3603,28.0106,27.5404,24.5689
2,373,20,160,1,28.1606,43.6154,44.9268,23.3322,22.9422,36.1286,37.0210,33.6522,33.4678
2,374,20,160,1.5,29.7353,46.8877,48.7391,23.9195,24.1491,39.2155,38.9536,34.4737,33.3741
2,375,20,320,0.75,49.4970,79.0208,79.0152,40.3098,36.7027,64.9329,59.4122,58.6476,52.2218
2,376,20,320,1,53.9615,88.0129,88.4126,42.9898,42.5652,72.5450,73.9705,63.2540,63.5985
2,377,20,320,1.5,60.6174,95.3246,97.9723,47.2576,47.0127,77.8044,78.0578,68.9430,68.1154
2,378,21,10,0.75,-0.0559,-0.4627,1.0987,0.0000,0.0000,0.0000,0.0000,0.0000,0.0000
2,379,21,10,1,2.4821,2.3599,2.9907,0.0000,0.0000,0.0000,0.0000,0.0000,4.6101
2,380,21,10,1.5,-0.3793,0.3286,0.1135,0.0000,0.0000,0.0000,3.9792,4.3308,4.1132
2,381,21,20,0.75,2.8114,2.9825,4.5384,3.9703,0.0000,4.7019,4.3507,4.4655,0.0000
2,382,21,20,1,2.9974,2.6289,3.3476,0.0000,0.0000,4.2430,0.0000,0.0000,0.0000
2,383,21,20,1.5,1.8069,2.2292,2.7218,0.0000,0.0000,0.0000,0.0000,0.0000,0.0000
2,384,21,40,0.75,3.3587,4.8877,5.3823,3.9293,3.9366,4.1985,3.8824,4.5880,4.3166
2,385,21,40,1,6.3230,7.3853,8.4061,5.8836,5.3914,6.5335,5.4233,7.2948,5.5663
2,386,21,40,1.5,5.6443,6.1997,6.5583,5.3905,4.7110,5.5347,0.0000,6.2366,5.5132
2,387,21,80,0.75,8.3058,9.7233,10.9478,7.7308,7.0135,9.1980,8.0195,9.6111,8.7001
2,388,21,80,1,9.1959,10.2105,11.2025,8.4842,7.8348,9.2582,7.6400,10.1198,8.9304
2,389,21,80,1.5,10.1955,11.3370,13.7934,9.4617,9.3463,10.1002,9.3130,12.1040,10.7231
2,390,21,160,0.75,15.8014,18.3691,20.3169,15.2942,11.8273,16.5631,12.6303,18.6182,14.2556
2,391,21,160,1,19.0884,21.3641,24.8065,17.7485,15.7287,19.0755,16.4697,21.8658,18.3044
2,392,21,160,1.5,18.7429,20.6868,24.0435,18.0380,16.7061,18.6470,17.2968,21.8904,18.7486
2,393,21,320,0.75,34.2899,39.9210,44.4457,32.9662,25.7556,35.6312,26.9438,40.1848,30.1276
2,394,21,320,1,38.3451,42.8410,46.7767,36.0887,32.5334,37.6026,32.6322,41.7027,35.6837
2,395,21,320,1.5,42.0381,46.9598,53.7356,39.6672,34.5878,41.5391,34.9792,47.9174,39.6358
2,396,22,10,0.75,3.8042,4.1887,3.9564,3.8185,0.0000,3.3734,3.8918,4.7629,5.0126
2,397,22,10,1,0.3226,2.1635,1.7791,0.0000,0.0000,0.0000,0.0000,0.0000,0.0000
2,398,22,10,1.5,2.3179,1.4102,1.7279,3.7654,0.0000,0.0000,0.0000,0.0000,0.0000
2,399,22,20,0.75,5.1044,7.7799,5.2157,5.0657,0.0000,5.0168,4.7780,0.0000,0.0000
2,400,22,20,1,6.7236,6.0304,8.0139,5.7388,5.8275,5.5359,5.4637,6.0113,6.0593
2,401,22,20,1.5,3.4939,6.1763,5.9321,4.3546,4.1699,4.7610,4.8076,0.0000,4.4923
2,402,22,40,0.75,8.3845,9.5718,13.0845,5.4115,5.3260,5.9031,5.2979,6.4919,6.4349
2,403,22,40,1,8.7115,10.9064,12.4315,5.5329,5.2703,5.6966,5.7673,6.3119,6.1986
2,404,22,40,1.5,8.8894,11.3821,13.0913,6.7456,6.2886,6.4249,6.5225,7.3305,8.1623
2,405,22,80,0.75,17.3067,22.6303,24.1585,11.0050,9.6199,11.3559,10.3907,13.3617,11.7683
2,406,22,80,1,19.0072,22.9183,26.7446,13.5134,12.6701,12.3683,11.9873,14.0855,14.6982
2,407,22,80,1.5,20.8223,24.1434,28.1139,15.2639,14.0629,12.9294,12.7493,16.2467,15.5478
2,408,22,160,0.75,33.0147,42.0942,47.5798,21.5901,19.2751,20.9790,18.7339,25.8629,22.8885
2,409,22,160,1,36.3156,46.4294,51.8323,25.7970,25.6176,22.6006,23.6970,29.4774,29.5201
2,410,22,160,1.5,40.2114,50.3066,56.8396,26.7013,26.6142,24.5723,25.4435,31.4438,31.5480
2,411,22,320,0.75,66.7460,81.9077,94.1832,46.3909,42.0904,43.3822,40.5739,53.5455,49.2622
2,412,22,320,1,74.4809,91.2106,105.1023,51.0622,51.4130,46.5932,48.1129,59.5409,59.9462
2,413,22,320,1.5,81.2184,100.0443,113.6740,55.5860,54.7673,49.6078,50.7197,64.6110,63.9737
2,414,23,10,0.75,1.6152,3.2051,3.0170,0.0000,0.0000,0.0000,0.0000,0.0000,0.0000
2,415,23,10,1,1.6189,2.0658,4.3684,0.0000,4.1754,0.0000,4.5644,0.0000,0.0000
2,416,23,10,1.5,1.1018,2.2253,4.3506,0.0000,4.1929,3.7755,0.0000,0.0000,0.0000
2,417,23,20,0.75,4.4218,5.5873,7.7297,5.2949,4.7600,5.6484,5.3236,6.5578,6.6611
2,418,23,20,1,3.9999,5.0717,8.0030,0.0000,0.0000,4.7041,4.8614,7.3271,6.6971
2,419,23,20,1.5,4.7098,4.2096,9.9884,0.0000,4.3846,0.0000,0.0000,8.3008,7.2760
2,420,23,40,0.75,4.4168,6.6749,12.6234,4.0390,4.2496,6.0809,5.6218,10.6124,9.6546
2,421,23,40,1,5.1714,7.7259,15.0164,5.4372,4.8812,6.8757,6.3484,12.2935,11.6238
2,422,23,40,1.5,7.5700,9.3937,17.1357,6.7636,6.4088,8.5309,8.0553,13.8202,12.4021
2,423,23,80,0.75,11.4889,13.6948,26.9243,9.3612,8.4171,10.8933,9.8904,20.8801,18.5164
2,424,23,80,1,15.2955,18.2276,30.4757,12.6596,12.2077,15.1824,15.2402,25.1668,24.9450
2,425,23,80,1.5,15.1326,17.0972,34.3411,12.7118,12.1065,14.5857,14.6195,28.8502,27.1159
2,426,23,160,0.75,23.2035,29.1901,55.4371,19.2907,18.2008,23.5859,20.7700,45.4896,40.8559
2,427,23,160,1,28.3162,34.3904,62.9336,22.9645,24.3478,27.3474,28.0989,51.0681,49.9949
2,428,23,160,1.5,29.9107,33.9115,68.5084,24.3457,22.9744,27.0333,26.8590,56.5716,53.8497
2,429,23,320,0.75,50.2801,59.9481,113.4283,40.4592,37.5039,48.0843,42.2475,92.5110,82.9746
2,430,23,320,1,53.7060,64.9499,125.7273,41.9122,44.2570,51.3412,50.9679,102.0052,99.5225
2,431,23,320,1.5,61.6071,69.3997,137.0775,48.4051,49.2762,55.2161,54.3526,112.7140,107.9904
2,432,24,10,0.75,3.5069,2.0461,3.4688,4.1450,0.0000,0.0000,0.0000,0.0000,0.0000
2,433,24,10,1,2.2103,4.2074,4.9558,4.3264,3.7432,5.9159,4.9467,6.1403,5.2188
2,434,24,10,1.5,0.5240,2.1514,3.1813,0.0000,0.0000,0.0000,0.0000,0.0000,0.0000
2,435,24,20,0.75,2.1340,4.5920,4.7654,0.0000,0.0000,0.0000,0.0000,0.0000,0.0000
2,436,24,20,1,5.1789,6.3767,7.8062,4.2965,4.2477,4.5971,4.8682,5.3295,5.2358
2,437,24,20,1.5,3.8820,5.1889,6.4403,0.0000,0.0000,0.0000,4.7117,5.0664,5.0306
2,438,24,40,0.75,7.4595,10.1034,13.3665,6.2452,5.1714,7.3164,5.6241,9.3009,7.0451
2,439,24,40,1,8.3682,10.8742,14.1999,7.1941,6.8298,8.3724,7.9496,9.6134,9.5196
2,440,24,40,1.5,7.6519,11.0324,15.2189,6.1199,6.1311,8.3584,7.3679,9.5114,9.1937
2,441,24,80,0.75,14.5666,19.3021,25.6454,11.6923,11.1072,13.7553,12.7390,16.7744,14.1040
2,442,24,80,1,17.0027,21.8633,29.2411,13.5669,13.9598,16.5141,16.3916,20.4410,19.6188
2,443,24,80,1.5,17.6586,24.5380,31.9333,14.4994,13.4166,16.5873,16.1960,21.2906,19.3294
2,444,24,160,0.75,32.3254,41.5158,52.7883,26.8112,23.6374,31.0710,27.7079,37.7214,31.3671
2,445,24,160,1,34.5426,45.9248,59.1813,28.8962,28.2483,33.6379,34.0443,42.0806,39.4329
2,446,24,160,1.5,38.5857,48.5731,63.9521,30.3377,28.2274,34.2666,33.4121,44.5251,41.3042
2,447,24,320,0.75,64.1025,83.2985,106.6067,52.0485,44.3047,59.8267,51.7678,75.8280,63.3424
2,448,24,320,1,70.8839,91.3235,118.5534,58.4734,55.4990,66.1803,65.8441,83.7181,78.5303
2,449,24,320,1.5,77.5698,98.3404,129.9476,61.3461,58.0785,69.6757,67.7122,88.9278,82.6163
2,450,25,10,0.75,1.0382,2.9384,2.0372,0.0000,0.0000,4.6470,0.0000,0.0000,0.0000
2,451,25,10,1,1.2180,1.5503,3.0542,3.6226,0.0000,2.8474,0.0000,3.6919,3.0672
2,452,25,10,1.5,1.3541,3.0190,1.9959,3.9831,0.0000,0.0000,0.0000,0.0000,0.0000
2,453,25,20,0.75,3.6931,4.7115,6.0493,0.0000,0.0000,0.0000,4.3625,4.4770,0.0000
2,454,25,20,1,2.8868,4.1348,4.8117,0.0000,0.0000,4.3397,4.1025,0.0000,0.0000
2,455,25,20,1.5,4.0652,5.7198,5.8312,5.0745,4.7983,5.1230,5.2984,4.8279,4.8911
2,456,25,40,0.75,5.2457,9.4222,10.4913,4.9236,4.2810,7.4607,7.1692,7.7411,6.6590
2,457,25,40,1,6.8356,9.8214,11.6930,6.2549,5.7868,8.0500,8.0612,8.8694,8.2180
2,458,25,40,1.5,6.9264,9.9304,11.3217,6.0721,6.0219,7.9356,7.6933,8.8424,7.9842
2,459,25,80,0.75,11.6592,14.5981,17.7540,10.4915,8.9127,12.0632,10.3180,14.3958,12.5170
2,460,25,80,1,13.0392,16.3861,20.2744,10.9282,10.3615,13.2057,13.4582,15.9526,14.5365
2,461,25,80,1.5,13.0947,16.5788,19.1578,12.0107,11.5907,13.7372,14.0539,15.6108,14.7132
2,462,25,160,0.75,23.3948,31.1389,36.3567,20.9121,18.2422,25.4138,23.3904,28.3738,23.3591
2,463,25,160,1,28.0016,36.0199,40.4185,24.5128,23.3626,29.2639,30.1326,32.4241,30.3419
2,464,25,160,1.5,27.5387,37.2939,42.5319,24.0571,23.0799,30.5038,31.1141,33.7614,30.6197
2,465,25,320,0.75,45.6394,63.9681,73.0883,39.7229,33.9051,49.7710,46.0478,57.6741,47.8437
2,466,25,320,1,50.8291,69.7097,81.1587,44.9056,41.9884,54.8093,56.5370,64.8941,60.4909
2,467,25,320,1.5,56.0900,74.3335,87.9059,50.0986,47.2533,60.0473,60.9532,70.7865,65.5278
2,468,26,10,0.75,1.1753,1.8232,3.9349,0.0000,0.0000,0.0000,0.0000,4.2787,4.3991
2,469,26,10,1,-0.6611,0.9608,3.3400,4.1961,0.0000,3.9303,0.0000,3.8332,4.0298
2,470,26,10,1.5,1.7470,2.1538,1.9793,0.0000,4.4124,0.0000,0.0000,0.0000,0.0000
2,471,26,20,0.75,3.6451,4.1185,7.3893,4.6307,4.4401,4.1176,4.2537,7.4291,6.6968
2,472,26,20,1,3.8363,3.7665,6.9639,3.8719,4.1816,0.0000,4.0772,6.8744,6.4981
2,473,26,20,1.5,4.0804,5.3833,7.0110,0.0000,0.0000,5.4790,5.3706,6.9107,6.8081
2,474,26,40,0.75,6.2878,7.9751,11.8668,6.3114,5.4507,7.5978,6.2552,11.1876,9.6396
2,475,26,40,1,7.3800,7.1030,12.1136,6.7066,7.0302,6.9338,7.2755,11.5697,11.1956
2,476,26,40,1.5,9.1575,9.4562,15.7152,8.8288,8.4652,9.4272,8.7533,15.6218,14.6607
2,477,26,80,0.75,14.6578,15.4599,24.3546,14.0376,12.6105,15.1478,13.2303,23.1437,20.8634
2,478,26,80,1,14.2809,16.4421,26.2406,14.2666,13.7414,16.2839,15.5165,25.5021,24.7436
2,479,26,80,1.5,14.4494,16.7432,28.3802,13.7515,12.4017,16.3393,14.8058,27.7656,26.4838
2,480,26,160,0.75,23.2440,25.3996,46.3758,21.9847,19.2497,24.8717,20.9270,44.4363,39.2899
2,481,26,160,1,28.7953,29.8449,52.6375,27.4190,26.5906,28.9776,28.3626,50.6427,49.1677
2,482,26,160,1.5,31.6995,32.9352,58.0815,30.4623,28.9443,32.2591,30.7764,56.6641,52.9469
2,483,26,320,0.75,51.5473,54.2379,92.7415,49.0239,43.9259,53.0748,46.2990,88.7739,79.4403
2,484,26,320,1,56.0308,60.2471,103.5617,54.1599,53.3951,59.1455,57.1678,99.8920,96.6227
2,485,26,320,1.5,61.9879,65.2700,114.8093,58.6830,56.7121,63.7563,61.6906,111.7200,105.3706
2,486,27,10,0.75,0.9218,1.4707,1.2665,0.0000,0.0000,0.0000,4.0636,0.0000,0.0000
2,487,27,10,1,2.4755,2.4227,2.5572,3.9153,0.0000,0.0000,0.0000,0.0000,0.0000
2,488,27,10,1.5,2.4416,2.4841,2.7591,0.0000,0.0000,0.0000,0.0000,0.0000,0.0000
2,489,27,20,0.75,2.4940,1.7781,2.1516,4.0972,4.2514,0.0000,3.9803,0.0000,0.0000
2,490,27,20,1,3.7617,4.7396,5.1672,4.7239,0.0000,4.5874,4.3635,0.0000,0.0000
2,491,27,20,1.5,1.6688,2.5198,3.2689,0.0000,4.0046,0.0000,0.0000,4.2462,5.0523
2,492,27,40,0.75,6.5860,6.9030,8.4553,5.4987,5.6370,6.2549,5.7123,6.7488,6.0879
2,493,27,40,1,7.0147,8.3785,8.9299,5.9991,6.2629,8.8506,8.5739,7.9650,7.8860
2,494,27,40,1.5,8.0620,8.3882,10.1987,7.2939,6.6719,6.6934,6.2780,8.3410,8.0777
2,495,27,80,0.75,11.2123,12.3601,14.8438,9.3112,8.5514,10.0142,8.9599,11.7827,10.7113
2,496,27,80,1,14.1225,14.6689,16.8912,11.2271,11.4175,11.3202,11.9139,13.0080,13.2732
2,497,27,80,1.5,12.1946,13.6054,15.4963,10.5349,10.1501,12.1357,11.7046,13.2307,13.0685
2,498,27,160,0.75,22.9242,25.0060,29.1218,18.9627,17.2776,20.9071,18.8354,23.7208,21.8768
2,499,27,160,1,22.9313,24.1966,30.2977,18.0989,18.7519,20.2172,20.6236,24.6956,25.2890
2,500,27,160,1.5,23.9531,25.5748,32.8497,21.6719,21.6787,22.8809,22.8811,28.4605,28.0521
2,501,27,320,0.75,43.9027,47.0147,55.2504,35.9719,32.3461,39.8536,34.6061,43.9390,39.7003
2,502,27,320,1,47.8239,50.7816,61.1331,40.0864,39.9679,43.9624,43.7188,50.0698,49.8633
2,503,27,320,1.5,49.0684,52.9757,64.8712,42.1516,43.0261,46.8148,47.1888,54.2148,54.3236
2,504,28,10,0.75,2.9426,3.1627,3.6031,0.0000,0.0000,0.0000,0.0000,0.0000,0.0000
2,505,28,10,1,2.2927,2.1330,3.3093,0.0000,0.0000,0.0000,0.0000,3.6180,0.0000
2,506,28,10,1.5,3.4161,2.6232,2.5567,4.2381,4.0817,0.0000,0.0000,4.4066,0.0000
2,507,28,20,0.75,4.5483,5.3237,6.5244,4.1928,0.0000,5.5749,5.2375,5.1487,5.2252
2,508,28,20,1,5.3006,5.8766,7.1377,4.3126,4.6106,5.4096,6.0196,5.3825,5.9341
2,509,28,20,1.5,3.7089,4.2008,5.1379,0.0000,4.4932,4.8052,4.8030,4.4539,4.7130
2,510,28,40,0.75,6.9714,9.3851,10.7360,7.4998,6.4074,9.0620,8.3805,10.3982,8.9111
2,511,28,40,1,7.2145,8.0601,10.0121,6.8999,6.5794,7.4828,7.0697,8.6270,8.2892
2,512,28,40,1.5,10.4580,11.0115,14.5744,9.6481,10.3848,9.8369,10.4543,12.2679,13.1130
2,513,28,80,0.75,13.8567,16.3221,19.9685,12.7925,12.0732,14.3318,13.0142,16.9713,15.4985
2,514,28,80,1,18.1864,20.4357,24.4551,16.5430,16.4234,18.6276,18.9252,20.7122,20.7324
2,515,28,80,1.5,19.8063,21.7694,25.6292,17.8431,17.7767,19.3277,19.2471,21.4545,21.3974
2,516,28,160,0.75,35.3422,38.6910,45.4191,31.8481,28.3663,33.3487,30.2728,39.0703,33.6816
2,517,28,160,1,37.5734,40.5919,49.2487,32.9849,32.9055,35.4197,35.4626,40.5888,41.3568
2,518,28,160,1.5,39.5796,44.0194,52.6865,35.5766,35.1089,38.7557,38.2126,43.2758,44.2389
2,519,28,320,0.75,65.4771,74.3060,87.0901,58.1362,51.6847,63.2477,57.8349,72.6811,65.8897
2,520,28,320,1,75.0121,82.3441,98.7579,65.8594,66.5863,72.0095,73.2870,81.4257,82.7392
2,521,28,320,1.5,79.4443,87.5899,106.9710,70.5041,70.8289,76.5997,77.5704,87.3053,90.4830
2,522,29,10,0.75,0.8193,1.5958,1.4070,0.0000,0.0000,4.3169,3.8455,0.0000,0.0000
2,523,29,10,1,0.8628,1.6978,3.4463,4.4059,4.2068,0.0000,0.0000,0.0000,0.0000
2,524,29,10,1.5,0.3289,1.8148,1.3001,4.4575,4.5900,0.0000,0.0000,0.0000,3.9659
2,525,29,20,0.75,4.3156,3.5728,4.3939,4.6966,4.4032,5.2627,4.6852,4.5688,4.7019
2,526,29,20,1,5.0922,6.2136,6.8048,4.1887,0.0000,5.2220,4.9585,5.1129,5.7126
2,527,29,20,1.5,5.4941,5.0506,6.2972,4.7251,4.5018,4.8038,4.7006,5.3956,5.1936
2,528,29,40,0.75,9.9848,11.7135,13.0997,9.2053,7.8116,11.0411,9.2744,10.9663,9.2288
2,529,29,40,1,7.3627,10.1442,11.8795,7.2332,7.1503,9.6526,8.9935,10.8137,9.9659
2,530,29,40,1.5,8.1845,11.6444,12.7745,6.5812,6.8281,10.3694,10.1265,10.3346,9.2243
2,531,29,80,0.75,16.7197,19.4151,22.5572,13.7113,12.5940,17.2314,15.1328,18.7464,14.4477
2,532,29,80,1,19.2819,23.7455,24.9239,16.5731,16.6487,21.4853,22.0760,21.0740,19.8257
2,533,29,80,1.5,18.7215,23.2919,25.9804,15.4034,15.1921,20.6529,20.4731,20.7455,18.2601
2,534,29,160,0.75,33.3382,40.1519,44.9685,27.2113,25.5229,35.5296,32.0277,35.4940,28.1847
2,535,29,160,1,37.7942,45.9153,50.0862,31.7939,31.1350,41.0053,41.3682,41.3875,35.9970
2,536,29,160,1.5,41.7195,48.4655,53.0644,34.4680,34.7847,43.9992,42.5368,44.1691,37.6131
2,537,29,320,0.75,67.9123,82.6070,90.3763,56.6820,50.4091,73.5331,65.8320,74.2208,57.7048
2,538,29,320,1,73.6778,89.3924,99.2746,62.5171,60.1720,80.7643,79.8214,82.5481,71.4601
2,539,29,320,1.5,81.1241,95.9489,107.7560,67.3757,67.7693,86.3221,85.7958,89.6263,78.6215
2,540,30,10,0.75,-0.0100,1.4476,2.4608,3.3385,0.0000,4.1380,4.1275,0.0000,0.0000
2,541,30,10,1,1.0995,0.6943,2.2672,4.2404,3.8880,0.0000,0.0000,0.0000,0.0000
2,542,30,10,1.5,2.9742,4.0119,4.2672,3.8982,3.9767,0.0000,4.4401,4.9404,4.1498
2,543,30,20,0.75,2.5997,4.1415,7.1547,0.0000,4.5707,0.0000,0.0000,5.8799,5.1034
2,544,30,20,1,3.5751,4.8579,6.8364,4.1805,0.0000,0.0000,4.4195,5.7410,5.4770
2,545,30,20,1.5,4.4582,6.1460,8.7067,4.7606,4.5393,5.4612,5.3170,7.2001,7.0300
2,546,30,40,0.75,7.6595,11.1417,14.7344,7.7746,6.8095,10.4300,8.9692,12.6546,11.2108
2,547,30,40,1,7.2174,9.3788,14.5707,6.3919,6.3551,8.5302,8.6229,11.8473,11.7308
2,548,30,40,1.5,8.4096,11.1060,16.7803,8.2710,7.2057,10.0537,9.5030,13.5430,12.8647
2,549,30,80,0.75,13.1534,20.9935,27.2429,12.2451,10.2357,18.9333,16.6254,23.4084,20.0446
2,550,30,80,1,14.3154,22.2712,31.1751,13.2720,12.6919,19.9605,19.3779,25.7781,24.6217
2,551,30,80,1.5,15.3023,23.9720,33.0806,14.1280,13.5593,21.0637,20.8620,27.5039,27.1057
2,552,30,160,0.75,29.2278,41.0501,56.3484,27.6039,23.5733,37.6179,32.2868,47.9899,41.2051
2,553,30,160,1,29.7053,43.5375,59.9226,27.8403,26.9870,39.4863,38.3304,49.9728,48.7624
2,554,30,160,1.5,31.6313,45.5812,63.8560,28.8296,28.3890,40.3884,39.6782,52.8672,52.3486
2,555,30,320,0.75,54.5180,79.7817,109.6425,50.4822,43.9894,72.1285,62.0573,91.5712,79.2546
2,556,30,320,1,58.1057,86.2557,120.3019,54.4858,52.9770,77.6288,75.6380,100.1253,97.4559
2,557,30,320,1.5,64.1749,92.1295,127.5083,59.5993,56.7199,81.7533,79.3815,105.7356,102.3903
2,558,31,10,0.75,2.3240,2.3504,2.2770,0.0000,0.0000,0.0000,3.4821,0.0000,0.0000
2,559,31,10,1,0.3187,0.1826,1.4158,0.0000,0.0000,0.0000,0.0000,4.3399,0.0000
2,560,31,10,1.5,1.6133,2.8010,2.6885,0.0000,4.0878,5.0348,5.1254,4.9164,4.4415
2,561,31,20,0.75,1.7969,2.1959,3.7564,0.0000,0.0000,0.0000,0.0000,0.0000,0.0000
2,562,31,20,1,2.9135,2.5020,2.7768,0.0000,0.0000,0.0000,0.0000,0.0000,0.0000
2,563,31,20,1.5,1.9158,1.2700,3.7781,0.0000,0.0000,3.6452,0.0000,0.0000,0.0000
2,564,31,40,0.75,4.9184,4.5212,6.7864,4.9452,4.5557,0.0000,4.1911,5.3630,5.1034
2,565,31,40,1,7.0539,6.1792,8.9713,5.5361,5.2968,5.3158,5.1138,6.3764,6.6565
2,566,31,40,1.5,5.8095,5.6885,8.3713,5.5624,5.3715,5.3487,5.1250,6.1103,6.3737
2,567,31,80,0.75,9.4734,9.5610,13.7214,8.8469,7.8579,8.2075,7.0148,10.5888,8.8802
2,568,31,80,1,9.5788,9.5374,16.1175,7.3603,7.2714,6.7827,7.4523,9.6811,12.5705
2,569,31,80,1.5,7.5313,8.0912,14.8625,6.2155,6.1867,6.9081,7.7337,9.8983,12.3864
2,570,31,160,0.75,15.4556,15.9574,26.4323,13.1821,10.4194,13.2959,11.5351,18.5217,17.6927
2,571,31,160,1,18.7484,17.5527,30.1167,14.5186,13.6458,13.9240,13.7707,19.2735,23.1424
2,572,31,160,1.5,18.5669,18.5615,30.5946,13.9973,13.5050,14.0128,15.1835,19.3626,24.5745
2,573,31,320,0.75,32.6418,33.0524,53.7555,24.7068,19.9176,26.0747,23.4942,35.2738,37.8040
2,574,31,320,1,36.3728,36.9591,60.6245,29.0637,25.5313,29.4029,27.7701,40.1484,45.5161
2,575,31,320,1.5,39.2689,38.5766,65.4589,30.1208,27.2508,30.2678,29.7201,43.2593,49.1634
2,576,32,10,0.75,4.5639,4.0870,4.3504,0.0000,0.0000,0.0000,0.0000,5.0068,4.7500
2,577,32,10,1,3.6983,3.4507,4.3614,4.7552,4.3008,0.0000,0.0000,4.0611,4.2034
2,578,32,10,1.5,2.7602,3.0221,3.4365,3.9318,0.0000,0.0000,0.0000,0.0000,0.0000
2,579,32,20,0.75,3.2311,5.0706,4.3570,4.0114,0.0000,4.7213,4.4919,0.0000,4.1181
2,580,32,20,1,5.1332,5.9422,7.3177,5.4621,5.2773,6.1659,5.9390,6.4959,6.4208
2,581,32,20,1.5,6.0561,8.7058,8.8088,5.8256,5.2067,8.3785,7.6127,7.9187,7.2278
2,582,32,40,0.75,7.3767,12.3205,12.7312,6.6653,7.0232,10.1960,9.8403,10.5264,10.6482
2,583,32,40,1,7.9832,12.2357,11.6833,7.4822,7.6266,10.5296,10.6931,9.1006,9.2700
2,584,32,40,1.5,8.2199,13.8142,13.6334,7.8947,7.1119,12.1460,11.4880,11.4756,10.7344
2,585,32,80,0.75,13.2668,23.0252,23.1167,12.6154,10.9214,20.0984,17.5382,19.3596,16.9031
2,586,32,80,1,18.7669,27.2851,28.8708,17.3702,17.6010,25.0634,24.9372,24.3602,24.3919
2,587,32,80,1.5,21.0409,30.4565,33.0059,19.3560,17.6681,26.8869,25.1499,26.2732,24.8376
2,588,32,160,0.75,31.5660,47.5313,49.7094,30.2001,25.9316,43.6462,38.0708,43.2373,37.8989
2,589,32,160,1,35.1682,53.9623,56.2493,32.1766,31.3728,46.9970,46.5083,46.0126,44.9591
2,590,32,160,1.5,36.6826,55.7500,59.9951,34.1996,33.4616,49.0736,48.4205,48.7929,48.5582
2,591,32,320,0.75,59.8687,95.2250,98.6024,56.8517,49.2898,84.8023,74.3585,82.3377,72.5542
2,592,32,320,1,67.6290,105.0315,111.3884,63.2500,61.1892,92.8884,90.6684,92.1843,90.0611
2,593,32,320,1.5,74.4816,112.0468,118.9015,69.0751,65.2993,99.1484,95.2127,98.3649,94.1953
2,594,33,10,0.75,-0.1236,0.8423,1.1030,4.4354,4.0815,0.0000,0.0000,0.0000,0.0000
2,595,33,10,1,2.2639,1.9409,1.6743,0.0000,0.0000,0.0000,0.0000,0.0000,0.0000
2,596,33,10,1.5,1.4386,1.5400,1.8375,0.0000,0.0000,0.0000,0.0000,0.0000,0.0000
2,597,33,20,0.75,2.6947,3.7606,4.0044,4.0321,4.2490,4.5759,0.0000,4.8691,4.9771
2,598,33,20,1,2.2564,2.3297,3.9308,4.6945,4.4354,4.1930,3.9755,3.8884,3.5260
2,599,33,20,1.5,3.2325,3.2135,5.0592,0.0000,0.0000,4.3653,3.9133,4.4797,0.0000
2,600,33,40,0.75,5.0453,6.9631,10.2935,5.1344,4.5850,5.9137,5.3125,8.0698,6.7509
2,601,33,40,1,5.3609,6.4696,7.4223,5.4620,5.1539,5.8504,5.7945,6.5683,5.0297
2,602,33,40,1.5,5.3876,5.7489,8.4124,5.6186,5.7868,4.9528,4.9939,7.8991,7.4642
2,603,33,80,0.75,9.5544,12.0822,15.6251,9.0346,7.9849,10.9979,9.0681,13.6323,11.1893
2,604,33,80,1,10.6515,12.7245,18.2530,9.9759,9.2633,11.8946,10.6657,15.6127,13.6378
2,605,33,80,1.5,12.4341,14.9225,18.9340,11.6888,9.7034,13.5653,11.8422,16.1035,14.2195
2,606,33,160,0.75,20.3978,25.4953,33.0064,19.3240,16.3266,22.4328,19.6774,27.8727,22.3958
2,607,33,160,1,22.0440,27.2019,35.3119,20.4827,18.9875,23.8271,23.4905,30.0193,26.8805
2,608,33,160,1.5,23.2777,28.7821,38.3175,21.0397,19.7996,24.6898,23.6292,32.3157,29.4575
2,609,33,320,0.75,41.2065,50.3900,65.6351,38.9587,30.9346,45.0378,36.0840,53.1302,42.7188
2,610,33,320,1,45.4925,55.0159,71.7973,42.1192,38.6108,48.2763,45.9369,60.2767,53.6985
2,611,33,320,1.5,50.3838,58.2512,76.2406,45.6488,41.7537,51.3160,47.0944,65.0028,57.9012
2,612,34,10,0.75,-0.1202,1.5966,1.2545,0.0000,0.0000,0.0000,0.0000,0.0000,3.9452
2,613,34,10,1,0.4616,3.1903,2.2442,4.1077,0.0000,0.0000,0.0000,0.0000,0.0000
2,614,34,10,1.5,1.7985,3.2199,4.5883,4.1701,0.0000,0.0000,0.0000,4.6686,4.5633
2,615,34,20,0.75,1.4946,5.0463,4.6503,0.0000,0.0000,0.0000,4.4168,0.0000,0.0000
2,616,34,20,1,5.2130,7.3874,7.6541,4.8560,4.5081,7.0029,6.9620,7.9327,7.3116
2,617,34,20,1.5,5.7723,8.8122,8.7955,5.7171,5.2603,8.4012,7.9733,8.0609,7.1647
2,618,34,40,0.75,5.7062,12.3934,11.6939,5.3174,4.2399,11.4954,9.7583,10.8289,9.5395
2,619,34,40,1,8.4048,14.0197,14.1224,8.6430,8.7289,13.4876,13.3236,13.4362,13.1845
2,620,34,40,1.5,9.6462,15.1802,15.7086,9.3535,8.5116,14.4847,13.7026,14.8227,13.6795
2,621,34,80,0.75,15.5715,22.7475,23.8488,14.5791,12.4377,22.6140,19.4711,22.9367,19.9164
2,622,34,80,1,15.1924,25.5813,26.9773,14.0753,13.3920,23.9564,23.0149,24.3842,23.1597
2,623,34,80,1.5,18.1718,28.3786,29.3780,16.9487,16.6521,26.5872,26.1973,27.0917,26.3233
2,624,34,160,0.75,28.3957,47.0362,48.0371,27.3179,24.2758,45.4069,40.0030,46.1432,40.8801
2,625,34,160,1,33.5557,53.3946,54.5541,31.5628,30.8471,51.0228,49.6564,51.6849,50.2900
2,626,34,160,1.5,36.1560,57.2839,59.7726,34.2299,32.0168,54.6784,51.5627,55.8897,52.9386
2,627,34,320,0.75,56.4167,92.3681,95.1466,53.4504,48.1216,88.6770,78.3761,89.8949,79.0087
2,628,34,320,1,67.0775,105.1904,109.4374,63.1127,62.0583,100.5431,98.1960,102.2511,99.5985
2,629,34,320,1.5,71.1114,114.8599,119.4736,67.2064,64.7220,108.7791,104.0977,111.0000,106.4932
2,630,35,10,0.75,2.6027,2.1980,2.8409,0.0000,0.0000,0.0000,0.0000,4.4826,0.0000
2,631,35,10,1,1.3817,1.1426,1.2009,0.0000,3.7926,4.1229,0.0000,0.0000,0.0000
2,632,35,10,1.5,1.6914,2.2139,3.4999,0.0000,4.0319,4.3819,0.0000,4.0153,3.9146
2,633,35,20,0.75,2.3756,1.9097,3.8696,0.0000,0.0000,0.0000,0.0000,0.0000,0.0000
2,634,35,20,1,4.6018,5.1626,7.0689,4.9174,4.9776,4.9896,5.3160,6.1725,5.9042
2,635,35,20,1.5,4.4738,4.8250,5.5745,4.6716,4.7267,4.5938,4.6758,5.0966,5.5009
2,636,35,40,0.75,7.6870,7.5489,10.1287,6.9453,5.7826,6.0894,6.1140,8.1577,7.8266
2,637,35,40,1,8.0027,8.9697,11.4296,7.6089,7.3147,7.9962,8.7294,9.5272,10.0800
2,638,35,40,1.5,9.4484,9.7463,11.6122,8.0337,7.9197,7.6525,7.4241,8.6632,9.1562
2,639,35,80,0.75,12.7277,15.7196,19.3765,11.8243,10.3930,14.0374,12.6450,15.7732,15.2585
2,640,35,80,1,14.3622,16.6091,20.7197,13.3239,12.3523,14.7716,14.9422,17.1412,17.6105
2,641,35,80,1.5,15.6925,17.0265,23.1756,14.9856,14.3489,14.8078,14.8285,18.7258,19.3589
2,642,35,160,0.75,27.4366,29.7324,38.9205,25.3269,21.9625,25.8598,23.1102,30.8248,29.4145
2,643,35,160,1,30.3510,32.5500,42.5717,28.2557,27.2243,28.2450,28.3984,34.4502,35.2290
2,644,35,160,1.5,31.5245,33.6269,44.1427,29.6133,28.0024,27.9869,29.1155,34.3290,35.9099
2,645,35,320,0.75,52.2253,57.6815,76.4513,47.6567,41.5365,49.7217,44.1926,61.0328,56.5700
2,646,35,320,1,55.9653,61.3499,82.6517,51.0481,49.7713,53.1779,53.9000,65.2308,68.2160
2,647,35,320,1.5,61.9347,67.8920,91.4839,57.9329,56.0904,58.2242,58.7944,71.7435,74.4269
3,0,0,10,0.75,1.6394,0.1922,0.0183,0.0000,0.0000,4.1090,4.1530,0.0000,3.5742
3,1,0,10,1,0.9259,2.3292,0.9503,0.0000,0.0000,0.0000,3.6758,3.8217,3.8475
3,2,0,10,1.5,-0.6050,1.0467,1.5014,0.0000,4.2142,3.9331,3.9945,0.0000,0.0000
3,3,0,20,0.75,0.9605,0.6645,1.4198,4.1255,4.0569,4.0226,3.9154,0.0000,0.0000
3,4,0,20,1,2.2664,1.8332,1.6466,2.9701,0.0000,0.0000,0.0000,0.0000,0.0000
3,5,0,20,1.5,1.0006,2.0781,2.5828,4.7594,0.0000,4.2764,4.2968,0.0000,0.0000
3,6,0,40,0.75,3.0442,3.6504,4.5743,0.0000,0.0000,0.0000,0.0000,0.0000,0.0000
3,7,0,40,1,3.3847,4.1643,5.3980,4.2924,0.0000,5.2492,4.9643,5.5869,5.1565
3,8,0,40,1.5,6.4240,7.6026,8.8750,6.8809,5.7569,7.5008,6.4684,8.4965,6.8674
3,9,0,80,0.75,8.6709,9.6576,11.4999,8.5166,7.2967,9.8273,8.6335,10.2692,9.3692
3,10,0,80,1,8.9188,12.1484,12.6968,8.7798,7.7679,11.8723,11.0753,11.1852,11.0048
3,11,0,80,1.5,10.1786,12.6157,12.5610,10.1696,9.2322,12.5354,11.6115,11.4310,11.1918
3,12,0,160,0.75,15.0576,20.4636,21.6699,14.9742,13.6690,20.0232,16.7496,19.4776,18.2419
3,13,0,160,1,16.7009,21.1511,22.9955,16.2234,15.9005,20.9074,19.8595,20.8217,21.1495
3,14,0,160,1.5,17.8517,21.5933,24.9017,16.8999,15.9234,21.1281,19.1073,21.8627,21.1612
3,15,0,320,0.75,32.4952,39.6393,45.0070,31.8857,27.8658,39.5380,34.4292,40.4268,36.4678
3,16,0,320,1,33.0588,42.9234,46.9658,32.3429,31.0085,42.1039,39.5912,42.1186,41.6726
3,17,0,320,1.5,38.0207,48.2690,53.0174,36.9409,34.0618,47.0549,42.8352,46.4169,45.0205
3,18,1,10,0.75,1.0769,1.4766,2.4716,4.0564,0.0000,0.0000,3.8999,0.0000,0.0000
3,19,1,10,1,0.9453,0.1919,2.2948,0.0000,0.0000,3.7525,0.0000,0.0000,0.0000
3,20,1,10,1.5,1.9933,3.6391,3.5895,4.4510,4.8264,0.0000,0.0000,0.0000,0.0000
3,21,1,20,0.75,2.5836,3.1442,5.0243,0.0000,4.4508,4.1687,3.9998,5.5341,4.5842
3,22,1,20,1,2.2316,2.8729,3.5240,0.0000,4.4902,0.0000,0.0000,0.0000,0.0000
3,23,1,20,1.5,2.3589,4.4812,6.6930,0.0000,0.0000,4.3441,0.0000,6.3232,6.4468
3,24,1,40,0.75,3.8334,6.9334,7.0583,0.0000,0.0000,4.9334,4.8674,6.5128,5.9007
3,25,1,40,1,3.8032,7.2271,10.1732,0.0000,0.0000,5.8832,5.7266,8.8857,8.5257
3,26,1,40,1.5,4.5104,8.0500,10.6309,4.7049,4.7334,6.9954,6.7751,9.8956,9.1786
3,27,1,80,0.75,7.8662,12.6734,15.3851,7.2606,6.4690,11.0669,10.2779,14.7166,13.9248
3,28,1,80,1,10.0433,15.9769,17.9429,8.8457,8.8637,13.1979,13.9367,16.4948,16.5641
3,29,1,80,1.5,8.9149,14.7668,19.3587,7.7320,7.9254,12.5814,13.4367,17.7103,17.4003
3,30,1,160,0.75,17.4702,27.8193,32.8334,15.2213,13.7055,24.2926,22.3564,30.7359,27.0848
3,31,1,160,1,18.6658,30.2182,34.3548,17.0525,16.5781,25.9045,26.5816,32.3793,31.1445
3,32,1,160,1.5,18.5373,31.2587,38.4455,16.1814,15.9922,25.7875,27.1422,35.0726,34.2341
3,33,1,320,0.75,32.8376,50.7553,63.2471,29.1918,26.0217,43.5583,40.5972,59.4990,52.8381
3,34,1,320,1,34.5468,56.7547,70.0802,29.4404,28.9507,46.0091,47.9869,63.6461,62.8593
3,35,1,320,1.5,37.5651,64.3823,78.2274,32.6745,32.5130,52.9175,54.1222,71.4901,68.3225
3,36,2,10,0.75,-0.4692,0.1300,-0.5692,0.0000,0.0000,0.0000,0.0000,0.0000,0.0000
3,37,2,10,1,0.2948,0.4391,1.7016,0.0000,3.9303,0.0000,0.0000,5.2673,5.7354
3,38,2,10,1.5,0.5897,0.9023,2.0411,0.0000,0.0000,3.6073,0.0000,4.6432,0.0000
3,39,2,20,0.75,2.5978,2.3587,2.6623,0.0000,0.0000,0.0000,0.0000,0.0000,0.0000
3,40,2,20,1,3.4153,4.3128,4.0616,0.0000,0.0000,4.2797,4.3811,0.0000,0.0000
3,41,2,20,1.5,3.0480,3.7734,4.5974,0.0000,0.0000,0.0000,0.0000,4.0819,4.3987
3,42,2,40,0.75,3.2971,2.3182,2.7020,0.0000,0.0000,0.0000,0.0000,0.0000,0.0000
3,43,2,40,1,4.2722,3.9918,6.1995,4.6808,0.0000,0.0000,0.0000,4.8299,0.0000
3,44,2,40,1.5,4.3518,4.2282,7.1669,4.1109,4.2514,4.1983,4.0818,5.8548,5.6979
3,45,2,80,0.75,6.4998,5.8830,8.1844,5.2093,4.6965,5.6470,4.5939,6.1797,0.0000
3,46,2,80,1,8.8048,8.3352,9.6784,7.3927,7.2386,8.6476,8.5317,8.1625,7.3489
3,47,2,80,1.5,7.9574,7.4134,10.2950,6.2026,5.7445,6.9031,6.7381,7.9395,6.6356
3,48,2,160,0.75,13.2735,13.1935,16.9418,11.1240,9.4339,11.3368,10.2787,14.2557,11.7626
3,49,2,160,1,14.5688,14.6355,19.3203,12.6415,11.7507,13.6666,12.8921,16.8448,15.2130
3,50,2,160,1.5,16.2708,16.2258,21.7269,14.4775,13.2850,14.6536,14.5646,18.8147,17.0719
3,51,2,320,0.75,27.5271,28.2711,32.9421,23.6559,19.3419,25.3113,21.5521,28.4393,22.5251
3,52,2,320,1,29.5902,29.5960,37.6255,25.5746,24.0391,27.1018,25.8758,32.7526,29.2715
3,53,2,320,1.5,32.8223,32.2534,41.9952,27.7231,25.7974,29.0845,27.3546,35.3463,31.3229
3,54,3,10,0.75,0.4214,-0.0709,2.2720,0.0000,0.0000,0.0000,0.0000,3.8766,0.0000
3,55,3,10,1,0.6283,0.9604,1.1522,0.0000,4.2207,4.0088,4.0706,0.0000,0.0000
3,56,3,10,1.5,-0.2731,-0.0461,-0.1009,0.0000,0.0000,0.0000,0.0000,0.0000,3.8327
3,57,3,20,0.75,3.0558,3.1599,4.7585,0.0000,0.0000,0.0000,0.0000,4.0192,4.1669
3,58,3,20,1,2.7751,2.8493,2.0845,3.8281,0.0000,0.0000,0.0000,0.0000,0.0000
3,59,3,20,1.5,2.2623,2.7217,2.8301,4.1501,4.1162,4.1562,0.0000,0.0000,0.0000
3,60,3,40,0.75,6.6771,7.2002,7.5078,5.2874,5.0020,5.9319,5.3903,5.1363,5.0089
3,61,3,40,1,4.3882,5.2464,7.5197,4.2864,3.9343,4.7069,4.8200,5.0995,5.5653
3,62,3,40,1.5,6.2512,6.7020,8.2924,4.6353,4.2726,4.3567,4.3316,4.5218,0.0000
3,63,3,80,0.75,9.0577,10.9645,13.2921,8.1482,6.7346,9.6905,8.4743,9.3390,8.0348
3,64,3,80,1,9.8863,11.0310,14.3929,7.9624,8.0530,8.9689,8.7718,8.3672,8.6927
3,65,3,80,1.5,10.4901,11.9224,16.1399,7.7493,8.1960,8.5157,8.5523,8.9224,9.5076
3,66,3,160,0.75,18.7045,21.1922,24.9195,13.2946,12.1409,15.2314,13.0996,14.0697,12.4863
3,67,3,160,1,19.0263,22.7082,28.4801,12.4663,12.4915,14.7637,14.6440,14.6823,15.0271
3,68,3,160,1.5,23.5759,26.5510,34.3831,15.6318,15.2536,18.7658,18.0169,18.2544,18.5946
3,69,3,320,0.75,33.8626,40.9813,49.7440,24.8764,22.3140,29.4895,26.0027,28.1669,26.1988
3,70,3,320,1,36.4195,45.1053,56.1496,25.3413,25.2501,30.9927,29.8414,30.0267,30.7745
3,71,3,320,1.5,41.5722,49.1492,63.6917,29.6976,29.0703,35.4461,34.0385,34.3802,34.6024
3,72,4,10,0.75,2.4512,3.5071,3.5035,0.0000,3.9674,0.0000,4.2548,0.0000,4.3407
3,73,4,10,1,2.1539,1.2555,0.9987,3.9365,0.0000,3.6828,3.6522,0.0000,3.6575
3,74,4,10,1.5,0.0160,1.4300,1.2497,4.5410,0.0000,4.4615,0.0000,4.4751,0.0000
3,75,4,20,0.75,0.2198,1.0552,-0.0620,0.0000,3.6578,0.0000,0.0000,0.0000,0.0000
3,76,4,20,1,1.5954,2.9474,3.4027,0.0000,0.0000,0.0000,0.0000,0.0000,3.9634
3,77,4,20,1.5,2.0447,0.7934,0.7469,0.0000,0.0000,0.0000,4.8355,0.0000,0.0000
3,78,4,40,0.75,0.6977,1.4344,3.8147,4.6949,4.5590,0.0000,0.0000,0.0000,4.3931
3,79,4,40,1,3.6127,4.3526,5.3588,4.5721,5.2062,0.0000,4.0655,4.5701,4.6270
3,80,4,40,1.5,2.6433,3.7695,5.3989,5.1258,4.9163,0.0000,4.8600,5.1655,5.1854
3,81,4,80,0.75,5.5419,6.4070,7.9922,0.0000,0.0000,5.1237,5.1587,5.4281,5.4616
3,82,4,80,1,6.7251,8.3098,10.8789,6.3457,6.2044,6.5665,6.9693,7.9920,7.9890
3,83,4,80,1.5,8.4529,8.1052,10.5407,7.2264,6.8205,6.0898,6.3615,7.2457,7.2245
3,84,4,160,0.75,11.1821,12.9075,17.5527,9.0864,7.5705,9.9521,9.4050,12.6008,10.3134
3,85,4,160,1,13.7599,15.7259,22.6024,10.9621,11.3885,12.3850,13.4433,15.7065,14.9764
3,86,4,160,1.5,13.1421,15.0824,21.9247,11.0660,11.1332,12.0024,12.6134,16.3528,15.8774
3,87,4,320,0.75,24.4885,27.7256,35.3968,20.3212,17.7500,21.3669,20.1355,26.3637,21.4460
3,88,4,320,1,28.0897,30.7718,40.5320,23.2687,22.3450,24.0637,24.7132,29.4072,27.0473
3,89,4,320,1.5,30.2376,32.7373,45.2454,23.7536,23.3924,24.8601,25.7096,32.0307,30.1587
3,90,5,10,0.75,1.3577,0.9805,2.1154,4.0221,0.0000,4.1001,0.0000,0.0000,0.0000
3,91,5,10,1,0.1537,1.4854,1.4409,3.9762,0.0000,0.0000,0.0000,4.4174,4.3391
3,92,5,10,1.5,0.9266,3.2931,4.2529,0.0000,3.5381,0.0000,0.0000,0.0000,0.0000
3,93,5,20,0.75,2.0514,3.7692,3.6928,4.2122,0.0000,4.0871,0.0000,4.3457,0.0000
3,94,5,20,1,1.2295,1.8791,3.5148,4.8958,5.0393,4.9876,4.7167,5.0960,4.8379
3,95,5,20,1.5,1.8476,3.1764,4.6846,0.0000,0.0000,0.0000,0.0000,0.0000,0.0000
3,96,5,40,0.75,5.6471,6.1119,8.0025,4.7013,4.4479,4.3920,0.0000,5.5222,5.0916
3,97,5,40,1,4.6784,7.4924,8.7803,0.0000,4.5496,5.5046,5.0001,0.0000,4.7284
3,98,5,40,1.5,4.8172,6.0005,8.6389,0.0000,0.0000,4.1495,4.6723,5.8078,5.3056
3,99,5,80,0.75,9.3014,13.1577,15.5517,4.5072,4.7988,7.9530,6.9229,8.8635,7.3977
3,100,5,80,1,12.1438,14.7770,16.7503,6.1524,6.5982,8.6505,8.6053,8.5008,8.1745
3,101,5,80,1.5,9.7790,12.1716,17.8845,4.6109,4.9235,8.3891,8.0549,9.7522,8.3580
3,102,5,160,0.75,17.5980,24.7889,30.4189,9.4898,8.6395,16.5887,14.2693,17.0348,15.6641
3,103,5,160,1,19.1533,26.5834,33.3988,8.2018,7.9620,17.3480,17.2670,16.5193,16.5641
3,104,5,160,1.5,20.8116,27.9826,34.5375,9.0510,8.8784,17.6565,16.8171,17.1877,17.0986
3,105,5,320,0.75,35.8823,48.0709,60.7149,16.1405,14.4511,30.7346,26.4864,31.4885,27.7399
3,106,5,320,1,41.0435,55.2234,68.0451,19.7187,18.7698,36.5718,34.6697,33.1571,33.6152
3,107,5,320,1.5,43.8244,57.2620,72.2518,19.7300,18.2485,37.2631,35.6384,35.1920,34.0337
3,108,6,10,0.75,0.0133,-0.7257,0.5161,0.0000,0.0000,0.0000,0.0000,4.0384,0.0000
3,109,6,10,1,1.7734,2.0525,3.3722,0.0000,0.0000,0.0000,0.0000,4.1289,4.2846
3,110,6,10,1.5,2.2968,1.4853,3.2059,0.0000,0.0000,0.0000,0.0000,0.0000,0.0000
3,111,6,20,0.75,1.4805,1.0307,2.0407,0.0000,4.2178,4.3725,4.1935,0.0000,0.0000
3,112,6,20,1,2.4364,3.2980,4.1587,0.0000,0.0000,4.3619,0.0000,4.3866,3.5113
3,113,6,20,1.5,2.5606,2.2792,3.5352,4.3919,4.8518,0.0000,4.1424,0.0000,0.0000
3,114,6,40,0.75,4.0471,6.0006,6.1190,0.0000,0.0000,5.7521,5.3074,5.3274,4.7029
3,115,6,40,1,4.8620,5.4188,7.7413,5.2554,5.3747,5.4030,5.8771,6.1636,4.9230
3,116,6,40,1.5,3.5348,6.9318,7.5753,0.0000,0.0000,6.7178,6.8610,6.1428,6.1314
3,117,6,80,0.75,7.7801,9.8336,11.7693,7.2562,6.4645,9.2470,8.1820,9.8011,7.2405
3,118,6,80,1,9.2001,13.5616,16.1416,8.7763,7.9902,13.1295,12.5988,13.5901,14.0415
3,119,6,80,1.5,9.2127,13.6725,15.9774,8.9233,7.3242,13.6714,12.4762,13.3305,10.9050
3,120,6,160,0.75,15.2836,21.9809,24.4848,13.6559,11.7165,21.0473,18.4784,18.5174,16.0202
3,121,6,160,1,16.4481,26.0423,29.0950,15.2373,14.1297,25.1050,23.6989,23.4397,20.3550
3,122,6,160,1.5,18.9506,28.2575,32.2875,18.2266,17.0068,27.5727,26.1666,26.8981,22.4450
3,123,6,320,0.75,30.5445,45.1544,51.5891,28.8931,24.9629,43.2808,38.4918,42.0490,32.6317
3,124,6,320,1,33.5751,49.3452,56.6556,31.7045,29.2767,47.6325,45.9185,45.2719,40.3139
3,125,6,320,1.5,35.7404,53.2633,60.3214,34.1946,31.7569,52.2145,49.9742,48.7356,41.7519
3,126,7,10,0.75,0.5608,1.2018,1.9707,4.2844,4.5079,4.7261,4.7103,3.8394,4.2352
3,127,7,10,1,2.3577,2.1894,3.7587,3.4716,0.0000,4.1409,0.0000,0.0000,3.8926
3,128,7,10,1.5,0.4990,0.6684,3.0077,4.5124,0.0000,0.0000,0.0000,0.0000,4.1661
3,129,7,20,0.75,4.4735,4.7789,4.1031,3.9706,3.8478,4.7060,4.4296,0.0000,0.0000
3,130,7,20,1,3.3663,3.4293,4.5979,3.7150,3.6363,0.0000,0.0000,0.0000,0.0000
3,131,7,20,1.5,3.7291,3.8077,5.1519,0.0000,0.0000,0.0000,0.0000,0.0000,0.0000
3,132,7,40,0.75,4.8688,5.3349,7.5196,0.0000,0.0000,4.6105,0.0000,4.2793,4.2625
3,133,7,40,1,6.4529,7.1990,9.3541,5.4882,5.5667,7.0774,6.7591,6.4951,6.8648
3,134,7,40,1.5,6.1679,6.8707,10.3109,4.2343,4.3072,5.5659,5.0986,5.6346,6.4574
3,135,7,80,0.75,13.2336,11.7219,16.2909,10.2683,9.0331,11.0090,9.4842,10.9713,10.3205
3,136,7,80,1,12.8949,12.8536,17.5819,9.6963,10.0091,11.2675,11.0006,11.1604,12.1844
3,137,7,80,1.5,14.1133,15.2991,19.5377,11.9080,12.0063,13.4532,12.9213,13.5166,14.3364
3,138,7,160,0.75,24.7146,26.1868,33.3173,19.5584,17.9095,23.2133,20.4495,23.1708,21.8175
3,139,7,160,1,28.3549,27.9895,38.2018,22.4414,22.3821,24.9339,24.5777,24.9722,27.1632
3,140,7,160,1.5,28.3662,29.9754,41.3207,21.6098,22.5194,26.2159,26.6196,25.8065,28.0182
3,141,7,320,0.75,44.5598,47.9875,64.0543,35.8704,32.5267,42.7922,37.5364,41.9034,39.8716
3,142,7,320,1,51.7287,53.0104,73.0365,41.9202,42.6675,47.9538,47.1095,46.8875,50.6371
3,143,7,320,1.5,59.7006,60.7958,82.8843,46.1436,46.7942,53.0840,52.1207,52.3694,56.2456
3,144,8,10,0.75,1.5545,3.7315,2.3906,0.0000,0.0000,0.0000,0.0000,4.8452,4.4043
3,145,8,10,1,2.1518,3.0348,3.4436,3.9848,3.3628,0.0000,4.1278,3.8697,0.0000
3,146,8,10,1.5,2.3574,2.2697,2.4002,0.0000,0.0000,0.0000,4.7523,4.3483,0.0000
3,147,8,20,0.75,2.3413,5.8240,3.7527,2.8898,4.3289,5.0609,5.2494,4.6868,4.9683
3,148,8,20,1,1.6410,4.6327,5.9333,0.0000,0.0000,5.3666,5.2211,5.6623,5.0408
3,149,8,20,1.5,2.7610,6.2164,4.3528,4.5030,0.0000,4.2780,4.3053,0.0000,4.4319
3,150,8,40,0.75,5.1907,9.2395,7.9091,4.9031,4.5855,6.9858,6.8089,5.9339,5.5910
3,151,8,40,1,4.1375,7.8008,8.6220,0.0000,3.5779,6.1779,6.5036,6.0206,6.6895
3,152,8,40,1.5,4.4318,10.4220,8.8854,0.0000,0.0000,8.0657,8.1326,6.6277,5.8493
3,153,8,80,0.75,8.6323,16.9109,15.4352,7.1908,7.2184,12.6983,12.2040,11.1860,9.8094
3,154,8,80,1,8.2505,17.6129,16.6534,7.8850,8.5643,14.0700,14.8087,11.8600,12.6117
3,155,8,80,1.5,9.8123,19.7256,18.5912,8.2010,8.1899,14.2382,14.6923,13.9960,13.5347
3,156,8,160,0.75,16.6243,34.5289,30.2525,14.0883,12.2136,25.3116,23.4735,21.3733,19.6419
3,157,8,160,1,19.8182,40.7580,36.2606,16.1737,16.0800,29.9704,31.0168,25.2162,25.1046
3,158,8,160,1.5,18.5107,40.1881,36.9375,14.9241,14.3426,28.0873,28.8740,23.8987,23.7275
3,159,8,320,0.75,31.1255,68.4070,61.5128,28.1329,24.3303,51.2869,45.9784,43.5942,39.3034
3,160,8,320,1,36.1359,75.2100,68.2474,30.6668,29.7630,55.9664,56.9923,47.3065,47.7174
3,161,8,320,1.5,40.7492,81.7985,75.1205,33.3315,32.4856,59.4216,61.3718,51.3990,52.1169
3,162,9,10,0.75,0.1821,1.2697,0.8246,0.0000,0.0000,0.0000,0.0000,4.8837,4.4023
3,163,9,10,1,0.4355,2.5528,0.6643,0.0000,0.0000,0.0000,0.0000,0.0000,0.0000
3,164,9,10,1.5,1.6499,1.3950,1.7202,0.0000,3.6416,0.0000,4.1310,0.0000,3.5946
3,165,9,20,0.75,1.9152,2.5763,0.5955,4.1641,4.8050,0.0000,0.0000,0.0000,0.0000
3,166,9,20,1,1.9565,3.6688,1.9698,0.0000,0.0000,0.0000,0.0000,0.0000,0.0000
3,167,9,20,1.5,0.7539,2.9763,1.0957,0.0000,4.8335,5.2772,5.2980,4.6445,4.7944
3,168,9,40,0.75,3.5687,5.0432,5.2587,0.0000,4.4222,0.0000,0.0000,0.0000,0.0000
3,169,9,40,1,3.8843,6.6606,6.9044,0.0000,0.0000,4.9072,5.3823,4.6018,5.1077
3,170,9,40,1.5,4.3163,5.7597,4.7552,0.0000,0.0000,4.7441,5.2269,3.0140,3.9629
3,171,9,80,0.75,7.9606,10.5138,9.9714,5.9078,5.7262,7.2417,7.3641,7.0208,6.5601
3,172,9,80,1,8.8278,10.8800,11.0214,6.7497,7.1000,8.9031,9.1957,7.5222,8.6178
3,173,9,80,1.5,10.1358,12.2764,11.8641,6.7073,7.5012,8.7897,9.5549,7.7216,8.7015
3,174,9,160,0.75,15.0989,19.1461,20.5766,10.4655,10.2856,13.2344,13.0092,13.4887,12.2376
3,175,9,160,1,15.8993,20.1673,21.5570,11.5209,12.5214,14.5402,15.3185,15.5340,14.6117
3,176,9,160,1.5,18.3140,22.0600,23.7578,12.3483,13.4403,15.7986,17.0677,15.4828,16.4871
3,177,9,320,0.75,27.9586,35.2932,36.6706,20.1467,19.2231,25.7866,24.6670,23.8404,22.5517
3,178,9,320,1,34.2207,41.3953,44.9388,23.4641,24.6874,29.3941,31.3017,28.4285,30.2497
3,179,9,320,1.5,37.2178,45.8260,48.5586,25.0287,26.1880,31.8080,33.2829,31.9290,31.0916
3,180,10,10,0.75,0.4795,0.7653,-0.6324,0.0000,0.0000,0.0000,0.0000,4.2156,0.0000
3,181,10,10,1,-1.0768,0.6086,1.1893,0.0000,0.0000,0.0000,0.0000,0.0000,0.0000
3,182,10,10,1.5,0.6105,1.7399,2.0942,0.0000,0.0000,0.0000,3.8092,0.0000,0.0000
3,183,10,20,0.75,0.5359,1.8338,2.5806,4.9316,0.0000,4.8324,0.0000,0.0000,0.0000
3,184,10,20,1,1.9693,3.4763,3.1789,4.5008,0.0000,4.3604,3.9033,0.0000,0.0000
3,185,10,20,1.5,1.0061,1.2030,2.2110,0.0000,4.3834,4.1823,4.5111,0.0000,0.0000
3,186,10,40,0.75,2.1293,4.7951,4.6474,0.0000,0.0000,4.6629,0.0000,4.7346,5.0811
3,187,10,40,1,3.0531,4.0871,4.7129,4.3706,4.0289,0.0000,0.0000,0.0000,0.0000
3,188,10,40,1.5,2.0033,3.4841,3.4006,0.0000,0.0000,3.9382,0.0000,4.5206,0.0000
3,189,10,80,0.75,2.4582,4.7881,4.5887,0.0000,0.0000,4.6972,4.4104,0.0000,4.0960
3,190,10,80,1,3.2048,6.3665,5.8691,0.0000,0.0000,4.6899,4.6554,3.7794,5.2156
3,191,10,80,1.5,1.0632,4.7088,5.4576,0.0000,0.0000,0.0000,0.0000,0.0000,4.8397
3,192,10,160,0.75,4.3300,8.2612,11.7989,0.0000,4.3370,6.8790,6.1544,9.1168,8.7729
3,193,10,160,1,5.7385,10.8533,11.9588,5.5510,5.1241,9.6025,8.6063,9.2661,9.3451
3,194,10,160,1.5,6.3958,11.9636,13.1403,5.8104,5.9082,10.8294,10.1258,9.7142,10.0897
3,195,10,320,0.75,8.7839,18.1085,22.5195,6.9423,6.2013,16.0165,13.9195,16.3717,15.2514
3,196,10,320,1,11.1391,20.0224,25.4716,8.8792,8.2880,17.9231,16.8204,18.4746,18.5505
3,197,10,320,1.5,13.5867,21.5018,27.2666,11.1381,10.5886,19.0073,17.1497,19.5967,19.9047
3,198,11,10,0.75,2.4782,2.9481,3.3583,0.0000,0.0000,0.0000,4.5642,5.1067,4.7072
3,199,11,10,1,1.5313,1.9091,3.1519,4.3161,4.0824,4.6127,4.1253,4.0993,4.3907
3,200,11,10,1.5,-0.6669,0.8866,2.5187,0.0000,0.0000,4.6787,4.6367,4.5093,4.5220
3,201,11,20,0.75,-1.2964,-0.8914,-0.0303,4.5965,4.4219,0.0000,3.4564,4.8032,0.0000
3,202,11,20,1,1.3782,0.2682,2.5686,0.0000,0.0000,0.0000,0.0000,0.0000,3.5697
3,203,11,20,1.5,2.8656,2.6292,2.5298,4.3039,4.2439,0.0000,0.0000,0.0000,4.5734
3,204,11,40,0.75,2.1838,3.3319,5.0768,0.0000,0.0000,0.0000,0.0000,5.5424,5.0540
3,205,11,40,1,2.6894,3.0110,3.2809,4.1926,4.3074,0.0000,0.0000,0.0000,0.0000
3,206,11,40,1.5,4.0091,4.4854,6.1097,4.3763,4.3946,0.0000,0.0000,4.9571,4.7545
3,207,11,80,0.75,5.4302,5.9738,9.4836,4.9609,4.3893,5.1796,5.4025,6.5464,5.7373
3,208,11,80,1,4.4465,4.0109,8.4498,0.0000,4.1312,4.1981,0.0000,5.3445,5.5586
3,209,11,80,1.5,3.9903,5.9260,10.0242,4.7471,4.4364,4.8267,4.5012,7.3794,7.1342
3,210,11,160,0.75,9.4207,12.4021,16.8769,8.2423,7.8504,9.2355,8.6741,10.2935,8.8863
3,211,11,160,1,11.9916,15.2801,21.4361,9.9751,10.7280,11.7723,12.4665,14.4006,14.8044
3,212,11,160,1.5,11.2961,13.4643,20.8718,8.9357,9.1077,10.9991,10.5627,14.3632,13.0814
3,213,11,320,0.75,19.8921,25.2500,37.7723,17.0459,15.7892,20.3956,18.5716,24.9276,20.6025
3,214,11,320,1,22.2589,27.6994,40.4129,18.0766,19.2893,22.4327,23.3453,26.4661,25.5023
3,215,11,320,1.5,25.5188,30.2584,44.1208,20.6009,21.5040,24.7674,25.4280,29.7979,27.7450
3,216,12,10,0.75,1.3997,1.5720,2.5416,0.0000,0.0000,0.0000,0.0000,0.0000,0.0000
3,217,12,10,1,2.1907,1.9569,2.4596,4.7900,4.4930,0.0000,0.0000,0.0000,4.0655
3,218,12,10,1.5,1.9717,1.8198,3.4488,0.0000,3.9039,0.0000,0.0000,0.0000,4.0770
3,219,12,20,0.75,2.7686,3.9608,4.5001,0.0000,4.8940,4.8312,5.0975,5.2978,5.5179
3,220,12,20,1,2.3003,4.3404,5.8857,4.0247,4.4169,4.5919,0.0000,5.4418,5.2412
3,221,12,20,1.5,2.9739,4.0471,5.0306,0.0000,0.0000,0.0000,0.0000,4.8036,4.5408
3,222,12,40,0.75,5.2474,6.6132,9.2611,5.0104,4.2098,6.4775,5.8383,9.3216,8.4816
3,223,12,40,1,6.8420,7.7766,10.7418,7.0764,6.6719,7.5227,7.5409,10.1469,10.2303
3,224,12,40,1.5,7.2291,8.0471,12.0663,7.0072,6.8848,7.9215,8.0959,11.2942,11.4921
3,225,12,80,0.75,9.0878,11.6029,17.4032,8.9930,7.6389,11.7063,9.8283,17.1932,15.4070
3,226,12,80,1,10.6460,14.5490,20.0727,10.4085,9.9869,13.8453,13.6938,18.9319,18.6334
3,227,12,80,1.5,13.9504,17.4100,23.0199,13.3265,12.7734,16.6173,15.6598,21.1581,20.1865
3,228,12,160,0.75,19.0388,25.0457,34.4803,18.3612,15.9813,23.9622,20.6654,31.7126,28.4443
3,229,12,160,1,22.4153,29.8641,41.0996,22.0137,21.2567,28.5799,27.8416,38.0191,37.4665
3,230,12,160,1.5,24.3252,32.3324,43.1962,23.4271,21.8767,30.9177,29.8369,39.2080,38.4571
3,231,12,320,0.75,40.3002,55.7227,74.3641,39.0699,34.6023,53.6120,47.5269,69.1660,61.9388
3,232,12,320,1,46.9234,60.6782,80.9544,45.9281,44.2518,58.3648,56.6977,75.7375,74.7716
3,233,12,320,1.5,49.1409,63.8883,88.7139,47.6163,45.7797,61.4186,59.4286,81.4218,79.6424
3,234,13,10,0.75,2.2733,0.4471,3.6696,4.3914,0.0000,3.9130,0.0000,4.6694,4.6759
3,235,13,10,1,1.6204,1.2753,4.1841,0.0000,0.0000,4.2515,0.0000,0.0000,0.0000
3,236,13,10,1.5,1.3441,0.8198,3.0593,0.0000,0.0000,0.0000,2.8426,3.3859,0.0000
3,237,13,20,0.75,4.9076,4.2123,8.5705,5.3484,4.9838,4.9246,4.3890,7.2606,6.6245
3,238,13,20,1,4.2585,4.2363,9.1687,4.5489,0.0000,0.0000,4.1119,6.5399,6.3986
3,239,13,20,1.5,4.0032,3.4285,7.8904,4.3487,4.0188,3.8712,0.0000,5.2701,5.3360
3,240,13,40,0.75,7.4871,6.7395,13.8184,6.6010,5.2784,5.8904,4.7694,10.8182,9.1557
3,241,13,40,1,7.8442,7.3664,16.2908,7.7257,7.1776,6.3082,5.8800,11.6340,10.5455
3,242,13,40,1.5,9.4892,8.1876,17.5633,8.1671,7.9541,7.0857,6.9291,12.4585,11.6071
3,243,13,80,0.75,17.5767,17.0851,30.0018,15.4990,13.5958,14.4576,12.0968,21.2410,18.3440
3,244,13,80,1,19.2091,18.8942,34.1028,16.6110,16.7073,15.8580,15.6597,25.6530,24.6759
3,245,13,80,1.5,21.2931,18.6971,39.0556,18.6570,18.2902,14.6816,14.3857,29.3057,27.0354
3,246,13,160,0.75,32.3421,32.0481,62.2476,28.2062,24.8083,26.4155,22.6042,45.8040,40.0614
3,247,13,160,1,38.1848,35.5554,70.3109,32.1574,30.7198,28.6819,27.3552,50.3055,47.6315
3,248,13,160,1.5,37.6214,34.0116,75.5176,31.8839,31.1356,27.5436,25.9048,55.2127,52.1654
3,249,13,320,0.75,65.8781,63.2534,122.5670,55.9484,49.2782,50.2459,42.3942,88.6682,78.1469
3,250,13,320,1,71.8593,68.5936,136.8444,61.7606,60.1999,55.7699,52.9680,100.6311,96.3275
3,251,13,320,1.5,79.4851,73.5384,154.4154,67.5090,64.9806,59.6852,55.8416,113.4774,106.5367
3,252,14,10,0.75,2.5662,1.9073,3.1210,0.0000,0.0000,0.0000,0.0000,4.7936,4.4013
3,253,14,10,1,4.1630,3.5718,5.0692,4.0593,4.0055,0.0000,0.0000,0.0000,4.6680
3,254,14,10,1.5,2.0873,2.5900,3.3383,0.0000,0.0000,0.0000,0.0000,0.0000,0.0000
3,255,14,20,0.75,3.1322,3.9532,6.3320,0.0000,0.0000,4.1526,3.9309,5.5563,6.0670
3,256,14,20,1,5.1292,3.6801,4.7346,4.7784,5.0247,4.4088,0.0000,0.0000,4.5624
3,257,14,20,1.5,4.1993,4.3037,7.8883,4.6904,0.0000,0.0000,4.5795,7.5520,7.1919
3,258,14,40,0.75,8.3402,8.7404,11.8226,7.5616,6.6503,7.8296,6.1004,9.6661,8.4656
3,259,14,40,1,9.9792,9.4090,13.6974,8.7137,8.8118,8.0608,7.9837,10.9928,11.2879
3,260,14,40,1.5,10.7284,10.2565,14.9971,9.5361,9.2855,9.0583,8.7974,12.7569,12.7689
3,261,14,80,0.75,17.0347,17.6883,24.6306,14.9654,14.2461,14.8714,13.4611,19.9710,19.1533
3,262,14,80,1,17.6657,17.0823,27.9726,14.7138,14.0832,14.7753,13.8365,22.3716,23.1698
3,263,14,80,1.5,22.2060,19.7576,28.8861,18.4392,19.0273,16.7595,16.5051,23.2610,24.3478
3,264,14,160,0.75,35.8293,34.0803,48.8654,29.9615,27.9200,28.9795,25.6744,40.9981,38.4384
3,265,14,160,1,40.5139,38.6300,53.5454,33.6558,34.9905,32.6360,32.8871,44.0608,45.9538
3,266,14,160,1.5,42.2727,39.4984,58.4577,34.7154,36.0540,33.2637,32.7830,48.1400,49.8492
3,267,14,320,0.75,72.9098,71.5664,99.7885,60.2660,56.5098,60.7704,55.0785,81.1784,77.8386
3,268,14,320,1,80.4910,74.6012,107.9330,66.5284,68.3988,62.6713,62.6574,87.6721,90.1512
3,269,14,320,1.5,85.5475,81.6882,120.3274,71.2212,71.5002,68.2734,66.6246,98.2771,100.6408
3,270,15,10,0.75,2.4593,1.5605,3.0227,3.6995,3.7680,0.0000,3.5181,0.0000,3.5207
3,271,15,10,1,0.8276,2.0188,3.4175,0.0000,0.0000,0.0000,0.0000,3.9451,0.0000
3,272,15,10,1.5,1.5886,2.2212,2.4211,0.0000,0.0000,0.0000,0.0000,0.0000,0.0000
3,273,15,20,0.75,4.6351,5.0021,4.4678,4.5062,0.0000,0.0000,0.0000,4.4919,4.3557
3,274,15,20,1,3.9399,5.8879,5.2076,4.6751,4.3387,5.9842,5.9398,5.2960,5.3144
3,275,15,20,1.5,3.3685,6.8693,6.5523,4.0597,0.0000,6.2187,6.1820,5.9141,5.6868
3,276,15,40,0.75,5.9438,10.8719,12.5384,5.9413,5.4380,10.6807,9.5723,11.7579,10.9463
3,277,15,40,1,6.9785,10.1454,11.7487,6.8433,6.5418,9.8889,10.1271,10.8990,11.6008
3,278,15,40,1.5,11.0743,15.2947,17.9520,10.9046,10.0701,15.2277,14.5890,17.2640,16.8768
3,279,15,80,0.75,14.5064,23.3481,23.4270,14.2425,12.8897,22.6222,20.0372,22.7616,20.4698
3,280,15,80,1,16.2772,24.8928,25.3017,16.1848,15.4154,24.3837,23.7650,24.7880,23.4271
3,281,15,80,1.5,15.6643,25.5891,28.3523,15.2966,14.7116,24.6918,24.9161,26.7000,26.7237
3,282,15,160,0.75,26.4092,41.3065,46.2150,26.5586,23.0252,40.6561,35.9657,44.7255,39.3514
3,283,15,160,1,31.9742,48.3263,52.4053,31.4573,31.2424,47.1093,46.9131,50.5747,49.9186
3,284,15,160,1.5,31.9633,49.9427,54.7075,31.5536,31.1372,48.6214,47.7718,52.0146,51.1820
3,285,15,320,0.75,51.9573,84.8807,89.9250,51.7143,45.3594,82.9476,72.9013,87.2852,77.1862
3,286,15,320,1,60.2759,94.9188,101.8759,59.4422,57.2812,92.5686,90.6090,98.4379,96.3755
3,287,15,320,1.5,64.8585,100.4093,109.8494,63.4034,61.4486,97.3995,95.3450,104.8052,102.9991
3,288,16,10,0.75,2.0554,2.4467,1.7056,4.0334,4.1223,0.0000,0.0000,0.0000,0.0000
3,289,16,10,1,1.4183,2.9397,3.7721,0.0000,0.0000,4.1613,0.0000,0.0000,0.0000
3,290,16,10,1.5,0.2721,1.9194,1.5992,3.4371,0.0000,0.0000,0.0000,0.0000,0.0000
3,291,16,20,0.75,2.0900,2.7531,4.4545,4.4316,4.2072,4.5340,4.1668,6.1169,5.1823
3,292,16,20,1,3.5046,3.8174,4.8410,4.1680,4.4382,4.4638,4.0266,5.1777,4.9447
3,293,16,20,1.5,2.0897,3.7243,3.6176,4.4674,4.3573,4.1306,3.9566,4.3747,0.0000
3,294,16,40,0.75,5.1012,8.5333,10.6924,5.3012,4.5736,8.0625,7.3606,10.8554,9.4235
3,295,16,40,1,8.4379,11.1830,14.1532,8.3530,8.3300,10.5059,10.2681,13.4261,12.7636
3,296,16,40,1.5,6.1899,9.4238,12.7704,6.3486,5.8576,9.0166,8.5404,12.4666,11.8511
3,297,16,80,0.75,11.2706,15.2960,21.4572,10.9976,10.0307,13.9783,12.2477,20.2607,18.0488
3,298,16,80,1,11.3356,16.1790,20.9260,10.8272,10.2550,15.5428,14.3844,19.6942,18.7155
3,299,16,80,1.5,14.0192,19.2109,25.4118,13.5139,13.1466,18.2872,17.2363,24.0669,23.2478
3,300,16,160,0.75,20.2526,31.5589,39.5134,19.6493,16.6161,30.3586,25.2904,37.1951,31.1924
3,301,16,160,1,23.5915,33.2217,44.7259,22.8021,21.0942,31.7401,29.1997,42.3799,40.2200
3,302,16,160,1.5,25.1533,35.2759,49.3274,24.6860,23.4176,33.6994,31.2901,47.1426,43.9377
3,303,16,320,0.75,40.8931,61.2066,81.1062,39.7032,33.5085,58.5577,48.1265,77.2430,66.0019
3,304,16,320,1,45.0579,68.3521,89.6285,44.1999,41.9941,65.9079,61.7369,85.2286,79.6217
3,305,16,320,1.5,49.3762,73.2374,97.5525,48.5562,44.4569,70.3485,66.0473,93.8544,86.8041
3,306,17,10,0.75,-0.0402,0.6646,1.0591,0.0000,0.0000,0.0000,4.0153,4.2470,0.0000
3,307,17,10,1,0.9299,0.0306,0.0866,0.0000,0.0000,3.7396,3.4809,3.6826,0.0000
3,308,17,10,1.5,0.1827,0.6754,1.1549,0.0000,3.9007,4.0520,3.9193,4.2969,4.2820
3,309,17,20,0.75,2.3795,2.8626,3.1544,3.9691,3.6659,0.0000,3.5139,4.2254,0.0000
3,310,17,20,1,1.9053,1.6714,3.4043,0.0000,0.0000,4.1666,4.1474,4.3847,4.5251
3,311,17,20,1.5,2.4832,2.9737,4.6641,0.0000,0.0000,0.0000,4.2486,4.3223,3.9625
3,312,17,40,0.75,4.3065,4.5558,6.5286,4.7014,4.3059,4.1961,0.0000,5.5124,0.0000
3,313,17,40,1,3.2096,4.1660,6.3589,0.0000,0.0000,0.0000,0.0000,5.1123,5.1294
3,314,17,40,1.5,3.0430,3.6908,4.9452,0.0000,0.0000,0.0000,0.0000,0.0000,4.0093
3,315,17,80,0.75,6.6361,8.5047,10.4567,5.1473,4.8399,5.9317,5.3847,7.8218,8.0204
3,316,17,80,1,6.9019,8.4847,11.4676,5.5678,5.5906,7.0510,6.6161,9.1799,9.0290
3,317,17,80,1.5,7.7779,10.3418,13.6547,6.9965,6.6233,7.6968,7.5657,10.2622,10.9406
3,318,17,160,0.75,11.4326,15.0411,19.9074,8.6031,8.2149,10.8228,9.5170,15.0186,14.5909
3,319,17,160,1,12.7132,16.1434,22.0058,10.2747,9.4998,12.0346,12.0011,17.1527,17.3410
3,320,17,160,1.5,15.8108,19.1236,24.8752,12.0765,12.5592,13.8224,14.8856,19.1584,20.0152
3,321,17,320,0.75,24.3093,30.6500,39.5541,20.2277,17.9338,22.4275,21.2405,32.8494,30.1187
3,322,17,320,1,26.1987,32.7088,44.8624,22.0954,21.7481,24.1906,25.9066,37.5345,38.3820
3,323,17,320,1.5,29.5405,36.9113,50.3771,23.4074,23.3922,26.7265,27.9460,39.5594,40.4370
3,324,18,10,0.75,1.9644,1.6658,3.1104,0.0000,0.0000,3.7260,3.9900,4.3866,0.0000
3,325,18,10,1,4.6965,4.1174,5.4114,4.9015,4.5195,4.8872,4.8073,4.6660,4.2045
3,326,18,10,1.5,4.2344,3.4481,4.4552,4.5495,4.1373,0.0000,3.2383,0.0000,0.0000
3,327,18,20,0.75,4.7114,4.1728,5.2713,4.4282,4.1777,0.0000,0.0000,4.9420,0.0000
3,328,18,20,1,5.7590,6.4800,7.1348,5.3361,5.0717,6.4702,6.4663,6.4259,6.2869
3,329,18,20,1.5,4.6872,4.0067,6.3387,0.0000,4.5997,0.0000,4.3782,5.1115,5.1787
3,330,18,40,0.75,10.5885,11.5141,14.2295,10.5196,10.0529,11.2089,10.6006,12.8721,11.2893
3,331,18,40,1,11.7258,12.8344,14.6485,10.6933,10.0163,12.6680,12.3663,12.2822,10.2610
3,332,18,40,1.5,12.4256,13.1613,17.1330,11.2754,9.9153,12.7622,12.4653,14.1720,12.1523
3,333,18,80,0.75,21.1052,21.1042,26.5492,19.4925,16.4219,20.5513,17.8766,23.7108,18.5322
3,334,18,80,1,23.8949,23.6601,31.1776,21.4139,19.5192,23.0994,21.6378,26.4623,22.4246
3,335,18,80,1.5,25.7857,26.9297,34.4262,23.9268,20.8801,26.6572,24.9981,29.0175,24.4674
3,336,18,160,0.75,40.1115,44.1239,53.0813,37.2760,30.9791,42.9118,37.2080,46.7606,36.4584
3,337,18,160,1,45.1472,46.9680,59.8387,40.4789,38.2075,46.0431,44.6494,50.0359,43.3367
3,338,18,160,1.5,48.0033,50.3618,63.9040,44.5522,40.8590,49.6667,47.8192,54.0987,46.5409
3,339,18,320,0.75,81.0950,87.5009,106.0319,73.7443,62.2349,85.0087,73.8987,90.5050,71.1482
3,340,18,320,1,91.2240,96.2072,120.0604,83.3696,77.5084,94.0032,90.7835,101.7221,88.5731
3,341,18,320,1.5,97.0907,101.6566,130.5758,89.6280,82.4513,100.2364,96.0815,109.6911,94.3791
3,342,19,10,0.75,0.9154,1.6113,1.2265,0.0000,3.8090,4.6281,0.0000,0.0000,0.0000
3,343,19,10,1,3.8259,4.0850,3.8049,4.9783,4.8169,0.0000,4.3650,0.0000,4.2466
3,344,19,10,1.5,0.5441,0.8555,0.1280,0.0000,0.0000,0.0000,0.0000,0.0000,0.0000
3,345,19,20,0.75,2.0722,3.4100,3.5625,4.4116,4.6016,0.0000,0.0000,0.0000,0.0000
3,346,19,20,1,2.6706,3.4017,4.4371,0.0000,0.0000,0.0000,3.4947,4.3217,0.0000
3,347,19,20,1.5,1.8018,4.3049,4.7138,0.0000,4.7690,4.5748,4.8961,5.1266,5.3829
3,348,19,40,0.75,2.6658,4.9961,3.7144,0.0000,0.0000,4.9173,4.7928,3.8875,0.0000
3,349,19,40,1,3.2761,4.0412,3.9850,0.0000,0.0000,3.9453,0.0000,4.0266,3.7438
3,350,19,40,1.5,5.4560,5.9747,6.3942,4.9614,5.3433,0.0000,4.8232,4.5368,5.1901
3,351,19,80,0.75,8.0779,9.7146,10.3310,7.2393,5.1727,7.0474,6.1340,8.4490,6.3450
3,352,19,80,1,9.8078,11.8081,11.0584,7.7646,7.2671,9.0186,8.9437,8.7031,7.4246
3,353,19,80,1.5,11.2158,12.5297,13.2171,9.9882,9.7158,10.0543,10.5686,9.6934,9.7046
3,354,19,160,0.75,16.6765,20.8328,22.6970,13.7939,10.5320,14.5636,13.2917,16.1296,12.9439
3,355,19,160,1,18.7171,23.4958,25.5403,14.8073,13.6707,16.3507,17.2360,18.1557,16.6904
3,356,19,160,1.5,20.3194,24.5094,26.4232,16.0289,14.6341,17.9143,16.9601,19.0953,17.3898
3,357,19,320,0.75,33.5567,41.2256,43.8660,25.2529,21.2503,27.4214,26.9869,30.7009,26.8254
3,358,19,320,1,38.6475,47.3681,50.7669,29.7957,28.8875,32.9253,35.5784,35.5080,35.1156
3,359,19,320,1.5,39.6453,49.3191,54.2079,29.7754,29.1981,34.2034,35.5881,37.6373,35.9918
3,360,20,10,0.75,2.6785,3.6093,4.0762,4.2448,4.0654,4.1884,0.0000,4.5858,4.5958
3,361,20,10,1,1.3486,2.0683,2.2138,4.0501,0.0000,0.0000,0.0000,0.0000,0.0000
3,362,20,10,1.5,2.5163,2.5589,3.0030,0.0000,0.0000,4.7079,0.0000,0.0000,0.0000
3,363,20,20,0.75,2.3804,3.0545,4.7015,4.4744,4.4483,0.0000,0.0000,4.6282,4.6059
3,364,20,20,1,4.5134,5.5131,6.1828,0.0000,0.0000,4.8480,4.9093,4.6855,4.5648
3,365,20,20,1.5,3.3112,6.8836,4.9325,4.0431,4.1988,5.4913,5.7512,0.0000,4.1686
3,366,20,40,0.75,5.1828,8.8387,10.2625,4.5146,4.5893,6.7841,5.4829,5.8409,5.3627
3,367,20,40,1,9.2920,10.7672,10.9928,7.8193,8.3935,9.3735,9.4866,8.9728,9.2597
3,368,20,40,1.5,4.4156,12.1586,11.4592,4.5070,4.2633,10.2875,9.6563,8.1571,7.6988
3,369,20,80,0.75,9.7447,16.9344,19.0224,7.6661,6.6701,13.3272,12.1146,12.5645,10.9536
3,370,20,80,1,11.7455,21.3267,20.1374,9.6732,9.5467,17.1411,17.7055,14.5612,14.4998
3,371,20,80,1.5,14.7982,23.6665,24.9744,11.4939,11.9750,19.0509,19.4191,16.9026,17.0920
3,372,20,160,0.75,25.2611,40.8171,41.2695,21.3953,19.0667,34.7188,31.4272,31.1533,27.5083
3,373,20,160,1,25.3911,42.9525,43.2126,20.4706,20.1657,35.2830,35.2395,30.7471,30.5451
3,374,20,160,1.5,30.5378,47.2784,49.4144,24.0394,24.3372,38.9345,39.0165,34.5387,33.6438
3,375,20,320,0.75,48.2145,79.1490,79.0544,39.2628,34.8048,65.7853,59.8516,58.1158,51.8100
3,376,20,320,1,52.9046,86.0530,86.9565,42.3120,42.5215,70.6369,72.0215,62.5592,62.6389
3,377,20,320,1.5,59.2525,95.1821,98.6648,46.0462,45.9613,77.5899,78.2433,67.8162,67.2903
3,378,21,10,0.75,1.8750,1.7702,2.3460,4.9821,4.2872,0.0000,0.0000,4.8026,0.0000
3,379,21,10,1,1.3970,1.2941,2.0610,4.2966,4.4050,4.4542,0.0000,4.8901,0.0000
3,380,21,10,1.5,1.2674,1.2854,2.3100,4.2748,0.0000,5.1418,4.4089,4.9968,0.0000
3,381,21,20,0.75,3.6924,4.3177,4.6589,4.7657,4.3575,5.0268,4.7274,0.0000,0.0000
3,382,21,20,1,2.1596,1.1966,1.1397,0.0000,0.0000,0.0000,0.0000,0.0000,0.0000
3,383,21,20,1.5,2.1092,2.3128,3.0167,0.0000,4.6955,0.0000,0.0000,4.2110,4.5362
3,384,21,40,0.75,5.6520,5.6469,6.9351,5.4681,4.3395,5.5126,4.6205,6.6890,6.0942
3,385,21,40,1,5.6011,6.1948,7.7598,5.4253,4.3957,5.8980,4.5699,7.1145,5.6805
3,386,21,40,1.5,5.7363,7.2024,7.2277,6.0686,6.2979,6.9882,6.7736,7.1985,6.5510
3,387,21,80,0.75,8.1597,10.5495,10.8354,8.2280,6.9185,9.0472,6.9190,9.2781,7.4637
3,388,21,80,1,10.8630,11.0858,13.5670,10.0529,9.1106,10.1065,8.5065,11.8752,9.9743
3,389,21,80,1.5,11.5756,13.6930,14.1249,10.8061,9.0020,11.9202,9.6844,12.5171,9.6835
3,390,21,160,0.75,17.6911,21.0594,23.7340,17.3045,13.7204,18.9918,14.4655,21.6251,16.2810
3,391,21,160,1,20.4667,21.9272,25.2796,18.9882,16.8110,19.7043,17.0160,22.4691,19.2421
3,392,21,160,1.5,19.9121,22.6941,24.9123,19.0716,16.1026,19.9792,16.9715,22.6747,18.5620
3,393,21,320,0.75,34.9156,40.7445,43.9306,33.3099,26.3650,35.8522,27.4430,38.7597,29.4075
3,394,21,320,1,37.3796,43.3710,47.3877,35.9105,32.2158,38.4171,33.5514,42.7694,36.8247
3,395,21,320,1.5,41.4709,47.5728,53.0672,38.6985,34.4722,41.2977,35.5648,46.8552,38.6625
3,396,22,10,0.75,1.2365,1.2423,0.5948,0.0000,0.0000,0.0000,0.0000,0.0000,0.0000
3,397,22,10,1,3.5171,3.8139,3.9777,0.0000,0.0000,0.0000,0.0000,0.0000,0.0000
3,398,22,10,1.5,1.9240,2.0829,2.3998,0.0000,0.0000,0.0000,0.0000,4.3105,4.5564
3,399,22,20,0.75,3.7586,4.7500,5.5147,0.0000,0.0000,4.3122,3.8731,0.0000,0.0000
3,400,22,20,1,4.0176,5.1335,5.1305,0.0000,0.0000,0.0000,4.3544,0.0000,0.0000
3,401,22,20,1.5,4.9366,5.6875,5.6856,5.3676,5.2829,4.5100,5.1628,0.0000,0.0000
3,402,22,40,0.75,7.7168,8.6050,10.6952,5.8569,5.3219,5.2136,4.9489,6.0380,5.8533
3,403,22,40,1,8.5347,11.9752,13.7471,6.2927,5.9688,5.8641,5.9446,8.2156,8.0661
3,404,22,40,1.5,10.1157,13.0593,12.9863,7.8934,7.7337,7.2006,7.2694,7.5359,7.3907
3,405,22,80,0.75,16.7908,19.1827,23.2269,13.2005,11.4746,11.5680,10.1317,14.1700,12.2412
3,406,22,80,1,18.3032,23.5361,25.6296,12.2965,11.8989,12.8864,12.9287,13.9267,13.8207
3,407,22,80,1.5,20.7663,24.8298,28.1945,13.7424,13.5645,12.4040,12.7592,16.2210,16.1926
3,408,22,160,0.75,33.0082,40.8285,47.5011,22.0427,19.8621,20.6069,18.7700,26.6987,24.2380
3,409,22,160,1,35.5459,45.1364,52.7302,24.8950,24.0031,23.5077,23.6992,31.0465,30.8424
3,410,22,160,1.5,39.6766,49.2415,54.9437,27.7513,27.1907,24.7396,26.3459,31.0346,30.6668
3,411,22,320,0.75,66.2461,82.5460,93.7156,46.0686,41.2248,42.4066,39.2553,53.9700,49.2206
3,412,22,320,1,73.0765,92.6775,104.6612,49.9572,49.4863,45.9808,47.6807,59.9245,60.0775
3,413,22,320,1.5,81.6252,100.8841,114.4008,54.0557,53.3343,49.4554,51.7790,64.0115,63.9976
3,414,23,10,0.75,0.8333,1.5423,2.6096,0.0000,0.0000,0.0000,0.0000,0.0000,0.0000
3,415,23,10,1,1.4611,2.4051,3.4795,0.0000,0.0000,0.0000,0.0000,0.0000,0.0000
3,416,23,10,1.5,1.7368,1.1523,3.6090,0.0000,0.0000,0.0000,0.0000,0.0000,0.0000
3,417,23,20,0.75,4.0630,5.7190,7.6400,4.2275,4.0599,5.1755,5.0720,6.6863,6.4231
3,418,23,20,1,4.4566,4.4837,7.0319,4.6045,4.5680,0.0000,0.0000,6.1793,6.2199
3,419,23,20,1.5,3.1901,3.3988,9.7807,0.0000,0.0000,0.0000,3.9938,7.7315,7.8301
3,420,23,40,0.75,5.8611,6.9358,14.1644,5.7799,5.5764,6.3038,5.5722,10.4903,9.4692
3,421,23,40,1,8.1800,9.5997,15.8256,7.6945,8.0202,9.2501,9.5861,14.0193,14.4210
3,422,23,40,1.5,6.3853,9.1407,16.0051,5.6298,5.6771,7.5902,7.3635,12.5100,11.8108
3,423,23,80,0.75,11.9910,14.7103,27.7810,10.8048,9.4270,12.1810,11.2452,22.7278,19.7766
3,424,23,80,1,14.4428,17.0806,31.1778,11.4016,11.4454,13.5343,13.5398,24.9011,24.3922
3,425,23,80,1.5,15.5036,17.7964,34.8960,11.9085,11.8469,13.8816,13.9937,27.7971,27.2671
3,426,23,160,0.75,24.1522,29.1717,54.4500,19.6537,17.5702,23.5802,20.7756,44.2147,39.2420
3,427,23,160,1,27.1520,32.4457,62.7811,21.7169,21.3942,26.1568,25.0805,49.4810,48.1123
3,428,23,160,1.5,34.0752,36.8863,69.6606,27.2389,27.0601,29.4868,29.1283,56.3100,53.8942
3,429,23,320,0.75,50.4675,59.4078,111.3122,41.3582,38.0062,47.7475,41.9866,90.9996,81.1489
3,430,23,320,1,55.0201,65.1851,125.5990,44.0044,44.4146,52.2352,51.3954,101.5865,99.4043
3,431,23,320,1.5,61.3835,69.1567,137.1999,48.9667,49.2585,55.7892,54.3247,113.0569,107.3446
3,432,24,10,0.75,0.9718,0.8687,-0.1697,4.1487,0.0000,0.0000,0.0000,0.0000,0.0000
3,433,24,10,1,1.7841,3.7579,2.7528,0.0000,0.0000,0.0000,0.0000,0.0000,0.0000
3,434,24,10,1.5,2.5198,3.1141,4.0435,0.0000,0.0000,4.0332,3.6075,4.0881,3.6720
3,435,24,20,0.75,4.8206,6.1077,7.5078,4.4070,3.5895,5.2132,4.6882,5.4706,4.5963
3,436,24,20,1,5.6762,5.6052,6.3924,4.4833,0.0000,4.6301,0.0000,4.8899,4.9158
3,437,24,20,1.5,4.5193,5.6344,8.1971,0.0000,3.8836,4.6170,4.3790,5.1256,4.6003
3,438,24,40,0.75,8.1763,10.0434,12.7132,6.2614,5.9431,7.0531,7.0364,8.5295,8.1712
3,439,24,40,1,9.0617,11.8101,14.0039,7.9679,7.8935,8.8027,9.1873,9.8382,10.0048
3,440,24,40,1.5,9.6568,12.5340,16.8202,7.8115,7.3362,9.0241,8.7666,11.6450,10.6522
3,441,24,80,0.75,16.1680,20.7538,26.1303,12.9457,10.8119,14.9245,12.9066,18.2831,14.6284
3,442,24,80,1,17.8452,23.0843,28.8617,14.6704,14.2641,16.7731,16.7184,20.9625,19.5752
3,443,24,80,1.5,18.7747,24.0471,30.6423,14.8495,14.1413,17.4708,16.5261,20.7754,19.9850
3,444,24,160,0.75,30.6961,42.2637,53.3867,24.9797,21.9914,29.9033,26.5596,37.7486,31.9674
3,445,24,160,1,34.3007,44.3944,59.0544,29.3231,28.3310,33.0389,32.7530,43.4754,41.6538
3,446,24,160,1.5,39.8151,49.3415,64.3243,31.3347,30.6984,35.3252,35.2257,45.1502,43.4660
3,447,24,320,0.75,62.6647,83.8969,107.0612,50.9875,43.5025,59.9473,52.4462,75.8052,63.6849
3,448,24,320,1,69.4738,89.8555,117.5274,56.9304,54.3276,65.4298,64.8348,84.6231,80.1961
3,449,24,320,1.5,77.3426,98.5009,129.6988,61.5087,58.4320,69.5697,68.3996,88.5287,83.1054
3,450,25,10,0.75,0.8023,2.4120,2.1546,0.0000,0.0000,3.9114,4.0405,4.8894,4.1962
3,451,25,10,1,2.8141,3.8172,3.8741,0.0000,0.0000,0.0000,0.0000,0.0000,0.0000
3,452,25,10,1.5,1.6313,1.6537,2.5607,3.8829,0.0000,0.0000,0.0000,0.0000,0.0000
3,453,25,20,0.75,3.2691,4.5928,6.0527,0.0000,0.0000,0.0000,0.0000,4.9581,4.5719
3,454,25,20,1,4.0746,5.2569,6.5709,0.0000,0.0000,5.1162,4.9801,6.0413,5.7425
3,455,25,20,1.5,4.9491,4.0288,5.9138,0.0000,4.4912,0.0000,0.0000,5.5080,5.6740
3,456,25,40,0.75,5.8252,8.9715,9.7152,5.1594,4.6024,7.1488,7.1102,7.2976,6.0863
3,457,25,40,1,5.3365,7.4492,8.1626,4.8445,5.4589,5.9565,5.8735,6.0645,5.9541
3,458,25,40,1.5,5.8628,8.4336,8.8296,5.0776,5.3156,6.5545,7.2931,7.3292,7.1739
3,459,25,80,0.75,11.4612,16.7466,18.9871,9.9060,8.4839,13.2556,12.5277,14.8218,12.5267
3,460,25,80,1,13.7232,19.4021,20.3138,12.2356,11.6590,15.4138,15.6650,15.1609,14.3104
3,461,25,80,1.5,11.9343,17.3874,21.1129,10.4009,10.3778,13.6317,14.0897,16.1695,15.3882
3,462,25,160,0.75,23.8837,33.0920,37.2818,20.9042,17.9486,26.2710,23.9788,30.0159,25.6925
3,463,25,160,1,27.5391,34.0573,40.0874,24.4560,23.4091,27.3961,27.6749,32.2827,30.0734
3,464,25,160,1.5,30.1551,38.8690,45.2710,26.6765,25.1579,31.6618,32.5523,36.6670,34.0245
3,465,25,320,0.75,46.7496,63.9467,75.7935,41.2692,35.6856,51.8812,47.7584,59.2965,49.9023
3,466,25,320,1,50.1973,69.2675,81.0287,44.6333,43.1186,55.6012,57.9602,65.1313,61.4012
3,467,25,320,1.5,55.9176,75.1277,87.8099,49.4207,46.6546,59.9988,60.6054,68.7391,63.1567
3,468,26,10,0.75,0.9063,1.5178,4.5092,0.0000,0.0000,0.0000,0.0000,0.0000,0.0000
3,469,26,10,1,2.5742,3.0021,3.1852,0.0000,0.0000,0.0000,4.1756,0.0000,0.0000
3,470,26,10,1.5,2.3724,1.9475,4.1056,4.4113,4.1690,0.0000,0.0000,4.2481,4.5158
3,471,26,20,0.75,3.4490,5.6448,6.6532,0.0000,0.0000,5.4454,5.2929,6.3635,5.7954
3,472,26,20,1,3.3358,3.8616,7.2943,0.0000,0.0000,4.8529,4.7727,7.0882,6.7076
3,473,26,20,1.5,3.8646,3.9918,8.2409,0.0000,0.0000,4.4914,0.0000,8.0954,7.5381
3,474,26,40,0.75,5.9660,5.6086,10.9615,5.7310,4.9847,5.7136,5.1982,10.5664,9.0753
3,475,26,40,1,8.6210,9.7579,13.7683,8.4620,8.4238,9.7492,9.0746,13.6432,12.8283
3,476,26,40,1.5,8.2139,8.3640,15.2171,7.4538,7.9097,8.0221,7.9508,14.8368,13.8377
3,477,26,80,0.75,13.7210,14.2261,23.5149,12.8005,11.4040,13.7540,12.1106,22.5073,20.5194
3,478,26,80,1,13.6528,15.7290,26.9647,12.7778,12.8615,15.2267,15.0170,25.7435,25.1438
3,479,26,80,1.5,15.6299,16.8019,28.7286,15.1875,14.5706,16.6947,15.4461,28.5057,26.3166
3,480,26,160,0.75,25.3539,28.3281,47.6993,23.7838,22.0366,28.0620,24.6153,46.1337,41.2820
3,481,26,160,1,27.8635,30.2374,51.9068,26.4031,25.7646,29.6320,28.2357,49.9309,48.3453
3,482,26,160,1.5,33.7416,33.6348,57.8942,32.0048,30.8765,32.7642,31.6157,56.0011,53.2378
3,483,26,320,0.75,50.8629,54.3154,94.3470,48.7081,44.3006,53.4643,46.8472,90.6133,80.5754
3,484,26,320,1,55.6244,60.5369,104.4884,52.9020,51.9170,59.3387,57.1878,100.8038,97.1606
3,485,26,320,1.5,61.8474,65.1735,114.3971,58.9423,57.1406,63.9022,61.1369,111.3749,105.9410
3,486,27,10,0.75,1.0077,-0.3766,0.8963,0.0000,3.8507,3.6646,3.7153,4.0454,0.0000
3,487,27,10,1,1.8142,1.5596,2.3738,4.3999,4.8263,0.0000,0.0000,3.8808,0.0000
3,488,27,10,1.5,2.8922,2.4372,3.8765,4.2224,4.3968,4.0011,4.8506,0.0000,4.6204
3,489,27,20,0.75,2.3761,3.9279,4.1788,4.5838,4.5790,4.0594,4.0547,4.5634,4.2936
3,490,27,20,1,2.7749,2.9870,3.3071,5.3596,4.6804,4.3771,4.4225,0.0000,0.0000
3,491,27,20,1.5,2.7954,3.0464,4.4554,0.0000,0.0000,3.0809,0.0000,4.1159,0.0000
3,492,27,40,0.75,5.1296,4.7212,5.9337,4.3907,0.0000,0.0000,0.0000,5.8777,5.0670
3,493,27,40,1,6.9079,7.1723,8.1258,5.1551,5.4808,5.6842,5.6928,5.5415,5.5314
3,494,27,40,1.5,6.7041,7.0588,8.4731,5.4150,4.7752,5.8676,5.8048,6.3648,6.1884
3,495,27,80,0.75,10.7724,12.5209,14.1527,9.1180,8.6472,10.8779,9.3070,11.6508,10.4090
3,496,27,80,1,12.4668,12.3270,14.9555,10.5843,10.3690,11.2034,10.4965,11.8727,11.9348
3,497,27,80,1.5,12.8979,14.0286,16.2025,11.0080,10.4715,11.8958,10.8942,12.7982,12.1422
3,498,27,160,0.75,19.6573,21.8737,26.1775,16.3019,14.4477,18.4677,16.1175,21.3675,18.8847
3,499,27,160,1,23.7880,26.1359,30.8875,19.7260,19.4179,23.0218,22.4061,25.2996,24.8060
3,500,27,160,1.5,26.6123,28.6655,34.1326,22.6369,22.3202,24.3396,23.9134,27.5908,27.1285
3,501,27,320,0.75,43.9533,48.3260,56.7249,35.5212,33.1761,41.8043,37.2728,45.2065,41.0962
3,502,27,320,1,47.7182,50.7639,60.8418,39.8531,40.0719,42.6726,42.9501,50.3899,50.4375
3,503,27,320,1.5,50.0615,54.1040,64.7927,42.7257,42.2267,47.0171,45.8496,54.0199,52.8178
3,504,28,10,0.75,2.4666,1.8200,2.0372,4.6751,4.4334,0.0000,4.3067,0.0000,4.3235
3,505,28,10,1,2.9373,2.6927,3.0113,0.0000,3.4013,0.0000,0.0000,0.0000,0.0000
3,506,28,10,1.5,2.0179,3.1348,2.5291,0.0000,0.0000,0.0000,0.0000,0.0000,0.0000
3,507,28,20,0.75,5.1250,5.0389,6.3380,5.1331,4.7884,5.1995,5.0672,6.0464,5.1167
3,508,28,20,1,2.7748,2.7149,5.2107,3.8174,3.6609,0.0000,4.0594,0.0000,4.4962
3,509,28,20,1.5,6.0829,6.5686,6.7459,6.2515,5.9343,6.0085,5.6125,5.9440,5.7348
3,510,28,40,0.75,9.1701,9.6374,11.1695,8.5014,7.9987,8.7088,8.4162,10.0683,9.4029
3,511,28,40,1,10.7476,10.6845,13.8281,9.4097,9.5908,9.7057,9.8572,11.3901,12.6290
3,512,28,40,1.5,12.5596,13.1603,14.5695,10.9642,11.1287,11.6736,11.6875,12.3051,12.7640
3,513,28,80,0.75,17.8878,19.0358,23.2827,15.4705,14.1059,16.5598,15.1336,19.4171,18.0593
3,514,28,80,1,18.4533,20.6517,24.2427,15.7899,16.7725,17.6605,17.8534,19.7273,20.0004
3,515,28,80,1.5,20.3945,21.8149,27.5938,17.7280,18.1089,19.2533,19.5304,22.2783,23.0747
3,516,28,160,0.75,32.1880,36.2759,43.6675,29.1251,25.6975,31.8512,28.6887,36.5282,33.0148
3,517,28,160,1,38.1596,41.6603,47.3796,33.7701,34.2764,35.9381,36.9466,40.0733,39.0393
3,518,28,160,1.5,38.2404,42.2791,52.1474,33.2919,33.2733,36.3026,36.9013,41.5327,43.3675
3,519,28,320,0.75,66.9270,74.1584,88.5733,59.7422,52.8469,64.4025,58.3579,74.0173,67.1450
3,520,28,320,1,73.3282,83.1886,98.4472,63.8993,64.2108,71.9066,73.5037,80.6129,82.6752
3,521,28,320,1.5,79.9807,87.5143,107.1576,70.3833,70.7269,75.8210,76.5765,86.9346,90.2255
3,522,29,10,0.75,3.1428,2.1658,1.9670,0.0000,4.7926,4.8354,4.9579,4.9363,4.5897
3,523,29,10,1,0.7257,1.0488,0.7749,4.6128,0.0000,0.0000,0.0000,4.4028,4.3310
3,524,29,10,1.5,1.5772,1.9362,2.6448,0.0000,4.7242,0.0000,0.0000,0.0000,0.0000
3,525,29,20,0.75,4.7500,4.6639,7.4055,0.0000,0.0000,0.0000,0.0000,5.9052,4.6627
3,526,29,20,1,3.6255,5.1145,4.9325,0.0000,0.0000,4.7488,5.1876,0.0000,0.0000
3,527,29,20,1.5,7.5120,7.2867,8.3078,6.5299,6.9280,6.9983,6.6767,7.2702,6.4501
3,528,29,40,0.75,8.4957,10.4496,10.4257,8.0527,7.6570,9.6468,9.2590,9.1463,7.8848
3,529,29,40,1,7.9578,10.1319,11.6871,6.7850,6.4289,8.6593,8.5575,8.4947,8.2039
3,530,29,40,1.5,10.3430,11.6873,13.9825,8.5540,9.1203,10.0948,10.8650,11.2831,9.9010
3,531,29,80,0.75,15.4124,19.5122,21.7584,13.5252,11.6232,17.7639,15.9109,18.3829,14.6044
3,532,29,80,1,18.9149,22.0783,25.3645,15.8128,15.6266,19.9410,19.6704,20.6868,18.3775
3,533,29,80,1.5,22.0589,24.5124,27.3523,17.8406,18.4060,22.0066,22.4371,22.9609,20.2116
3,534,29,160,0.75,34.3909,41.5874,46.1509,28.7891,25.9537,37.2369,33.4683,38.0206,30.1438
3,535,29,160,1,36.5324,44.5205,50.8617,31.3268,30.0092,40.5244,40.0308,42.2156,36.9578
3,536,29,160,1.5,39.8997,46.3359,53.0148,33.2177,32.9251,42.2506,40.7093,44.3257,38.1527
3,537,29,320,0.75,66.6319,81.8426,90.3452,55.0668,50.8256,72.8093,65.8151,73.2969,57.1156
3,538,29,320,1,73.1765,89.1554,98.4331,61.9019,60.3959,80.5263,79.9088,82.2570,72.0984
3,539,29,320,1.5,80.9415,94.9196,106.4296,66.5425,65.5512,84.6529,83.6494,87.8833,76.2244
3,540,30,10,0.75,3.3629,3.0481,4.5568,0.0000,0.0000,0.0000,0.0000,4.6724,0.0000
3,541,30,10,1,1.7006,2.9982,3.8461,4.1311,0.0000,0.0000,0.0000,4.0604,0.0000
3,542,30,10,1.5,3.3824,4.2457,5.5964,0.0000,0.0000,5.2154,5.1313,5.5894,5.5977
3,543,30,20,0.75,2.1332,4.7116,5.8170,0.0000,0.0000,4.4302,0.0000,5.2432,4.8593
3,544,30,20,1,4.1078,5.0259,8.3005,4.6634,4.3843,5.3667,5.2284,7.2391,7.2176
3,545,30,20,1.5,4.3125,6.7478,8.7830,4.4858,4.7316,6.1754,6.8569,7.1871,7.4665
3,546,30,40,0.75,7.0146,11.0303,14.9069,7.1624,6.5610,9.7225,8.3547,12.4581,11.3118
3,547,30,40,1,6.4323,9.9865,14.7696,7.0471,7.1408,10.0601,9.7544,12.6920,12.9400
3,548,30,40,1.5,5.8691,10.5209,14.7070,5.7602,5.9068,9.0791,9.1442,12.0195,12.6071
3,549,30,80,0.75,14.6184,20.7118,27.5971,13.9641,12.3293,19.3463,16.7597,24.1211,20.9550
3,550,30,80,1,14.7173,21.5851,29.9377,13.6436,12.8922,19.8784,19.0432,25.9372,25.0089
3,551,30,80,1.5,16.4869,23.9267,32.8081,15.7566,15.0785,21.9843,21.7687,28.5514,28.1548
3,552,30,160,0.75,28.7532,42.3387,55.9190,26.7406,23.4302,38.1309,32.8985,47.5306,41.6108
3,553,30,160,1,28.9822,42.2311,59.4799,26.8936,26.1417,37.8926,36.4845,49.1308,48.2926
3,554,30,160,1.5,30.1151,44.2951,62.9535,27.5679,26.2464,39.9825,38.5474,52.6403,50.8218
3,555,30,320,0.75,53.3361,80.4592,109.0769,49.7694,44.0284,72.4696,62.9252,90.9040,79.3691
3,556,30,320,1,60.0774,87.9106,121.5189,55.6144,53.7261,78.7454,76.4334,101.1590,98.0331
3,557,30,320,1.5,63.9693,92.0818,127.8665,59.3490,58.0507,82.1470,80.5230,106.8387,104.3200
3,558,31,10,0.75,0.3858,0.9788,2.3087,0.0000,3.8946,0.0000,0.0000,4.1131,4.1723
3,559,31,10,1,1.0266,0.8899,1.8463,4.0078,4.3527,3.6210,0.0000,0.0000,0.0000
3,560,31,10,1.5,2.3184,3.4488,4.1474,0.0000,0.0000,0.0000,4.7956,0.0000,0.0000
3,561,31,20,0.75,1.2585,2.9143,2.3485,4.1080,4.3138,0.0000,0.0000,0.0000,0.0000
3,562,31,20,1,1.3704,1.0319,3.3983,0.0000,0.0000,4.1225,0.0000,3.9354,0.0000
3,563,31,20,1.5,2.1596,2.5231,3.9076,0.0000,0.0000,0.0000,0.0000,0.0000,0.0000
3,564,31,40,0.75,4.4957,3.8901,6.5483,4.6852,4.4353,3.6763,0.0000,4.5778,5.5097
3,565,31,40,1,4.6908,4.9667,7.2953,0.0000,0.0000,0.0000,4.6238,5.1217,6.2377
3,566,31,40,1.5,4.0986,5.0329,7.1298,0.0000,0.0000,5.1601,4.7255,4.6841,5.0004
3,567,31,80,0.75,7.4486,7.4007,13.7444,5.8857,5.4821,5.3717,5.2806,8.5095,9.6438
3,568,31,80,1,9.8372,10.6916,16.4557,7.4368,7.6736,8.6409,7.9303,11.2269,11.4305
3,569,31,80,1.5,7.1705,8.0579,14.6911,6.5373,5.8224,7.1819,7.9522,9.9933,12.0473
3,570,31,160,0.75,15.8200,17.6151,27.6770,12.7025,10.5640,14.7769,12.9950,19.2921,18.5415
3,571,31,160,1,19.5323,18.2785,31.0171,15.1108,13.2956,14.0782,13.0833,21.0803,22.6268
3,572,31,160,1.5,20.0282,19.3642,32.4265,16.6163,14.5050,15.5879,14.8181,21.5714,24.0710
3,573,31,320,0.75,32.7601,32.7708,53.2565,27.1502,21.7696,27.2072,23.5034,36.8818,36.3295
3,574,31,320,1,37.4041,37.5022,59.4894,29.5583,26.8103,30.6918,29.5120,40.9718,45.3997
3,575,31,320,1.5,39.2106,39.2113,64.6913,30.2777,27.1107,31.2740,30.8732,42.2459,49.7184
3,576,32,10,0.75,3.7548,5.1678,4.6047,0.0000,4.3972,4.4336,0.0000,3.9865,4.1661
3,577,32,10,1,1.1043,2.9267,3.2145,0.0000,0.0000,4.8909,4.3048,0.0000,0.0000
3,578,32,10,1.5,2.3964,3.5644,4.0900,0.0000,0.0000,4.2142,4.2130,0.0000,0.0000
3,579,32,20,0.75,3.0234,4.1983,4.4521,0.0000,0.0000,0.0000,0.0000,0.0000,0.0000
3,580,32,20,1,3.4427,5.0460,5.9892,0.0000,0.0000,5.2007,5.0538,5.4619,4.9650
3,581,32,20,1.5,5.0707,7.6783,7.6628,4.2925,4.6395,6.1698,6.1159,5.6349,6.2185
3,582,32,40,0.75,6.8341,10.6840,11.8044,6.8739,6.0107,9.6155,8.1472,10.3336,8.8050
3,583,32,40,1,7.3454,12.5293,13.5764,6.8180,6.7407,10.7555,10.6284,11.4399,11.2182
3,584,32,40,1.5,8.6268,13.3716,13.5330,7.9568,8.0652,11.1022,11.6981,10.3436,10.9523
3,585,32,80,0.75,14.0022,22.7037,24.1720,13.4256,11.9938,19.8099,17.2517,20.6005,17.8708
3,586,32,80,1,17.4897,25.8951,27.0152,16.4799,16.4238,23.4127,22.4162,22.7916,22.3657
3,587,32,80,1.5,17.9250,26.6698,28.6633,16.8362,16.5634,24.2584,23.6573,24.5528,24.1004
3,588,32,160,0.75,31.3977,48.8170,50.7150,30.3901,26.6247,44.8258,39.1699,43.1097,37.9857
3,589,32,160,1,34.3923,51.9499,55.2338,32.4088,31.8645,46.4091,45.4423,46.0912,45.3791
3,590,32,160,1.5,37.1315,56.2048,60.6048,34.4590,32.1525,49.7303,47.8293,50.2949,48.0923
3,591,32,320,0.75,60.9084,94.3555,98.9304,57.7314,50.0439,84.5659,72.9939,83.1045,72.3622
3,592,32,320,1,68.0093,104.6035,110.1020,64.2109,61.9475,93.1300,90.6842,91.5111,89.5756
3,593,32,320,1.5,74.1020,112.4919,119.6966,68.8724,65.8620,99.5905,96.9154,99.6618,96.1935
3,594,33,10,0.75,0.4240,1.8997,-0.0042,0.0000,0.0000,0.0000,0.0000,0.0000,0.0000
3,595,33,10,1,1.1231,1.2944,1.5036,0.0000,0.0000,3.2434,0.0000,0.0000,4.1668
3,596,33,10,1.5,1.1671,1.3419,1.1426,0.0000,0.0000,0.0000,0.0000,0.0000,0.0000
3,597,33,20,0.75,0.1095,1.6724,2.8367,4.2842,3.9312,0.0000,0.0000,0.0000,0.0000
3,598,33,20,1,2.6303,2.9361,4.9596,4.3610,0.0000,0.0000,0.0000,0.0000,0.0000
3,599,33,20,1.5,3.5324,5.5485,6.3916,4.6340,4.3363,5.4269,4.8618,5.6250,5.4206
3,600,33,40,0.75,5.2286,6.1926,9.0262,4.8927,4.3303,5.8754,5.1678,6.5768,5.4005
3,601,33,40,1,5.4807,7.3144,8.8824,5.5127,5.0107,6.1648,5.6483,7.5734,6.4538
3,602,33,40,1.5,5.5579,6.4454,9.2117,4.8194,4.4908,5.7869,5.7569,8.4716,7.3978
3,603,33,80,0.75,9.7276,12.2827,15.5025,9.0803,7.4066,10.4920,9.0847,12.7016,10.3429
3,604,33,80,1,11.4495,14.5540,19.3524,10.5245,9.1849,12.6034,11.7586,16.5003,15.1049
3,605,33,80,1.5,10.2818,14.6225,18.5243,9.8153,9.6420,12.6463,12.3031,16.6199,15.0205
3,606,33,160,0.75,21.5018,26.6638,34.9458,19.6577,16.7862,23.4819,19.9471,28.5566,23.5754
3,607,33,160,1,23.8184,28.4468,36.9781,21.7878,19.4297,25.1831,23.2437,30.7156,27.3903
3,608,33,160,1.5,22.6858,28.0450,37.4274,20.8650,19.7553,23.9030,23.5750,32.3143,29.1144
3,609,33,320,0.75,41.0007,50.7336,66.7245,38.3041,30.8891,44.3480,37.1600,54.6855,44.3222
3,610,33,320,1,45.0186,56.6443,73.8748,41.6262,38.1806,49.3835,46.7753,61.0196,53.7949
3,611,33,320,1.5,49.0722,58.9120,77.6734,44.5230,41.5063,51.3869,48.2461,66.8306,60.1095
3,612,34,10,0.75,3.9420,4.7590,4.0643,3.9387,0.0000,4.5383,4.1368,4.4680,4.1191
3,613,34,10,1,2.3353,4.2919,5.3750,3.7694,0.0000,0.0000,0.0000,5.1385,5.0356
3,614,34,10,1.5,3.3384,4.8329,4.1444,4.8312,4.3112,4.6434,4.3947,0.0000,4.0621
3,615,34,20,0.75,4.3501,5.9070,6.2303,0.0000,4.4679,6.0214,6.2787,6.6392,6.2897
3,616,34,20,1,4.2765,7.3426,6.9418,0.0000,4.6018,6.7912,6.8734,6.2815,6.1392
3,617,34,20,1.5,4.9769,8.0104,7.5982,4.5805,4.7365,7.4462,7.4521,6.8303,6.8660
3,618,34,40,0.75,9.6234,13.4592,12.7797,8.8133,7.9758,12.6148,11.1843,11.8348,10.3718
3,619,34,40,1,7.8007,13.1054,13.6851,7.1506,6.8567,12.5512,12.0428,12.4187,11.9573
3,620,34,40,1.5,8.5967,13.5095,14.0898,8.2053,8.4701,12.6780,12.3851,13.0574,12.2571
3,621,34,80,0.75,16.8219,23.7775,25.2371,16.1772,15.3980,22.9407,20.9600,23.9957,21.1933
3,622,34,80,1,16.1317,25.5401,26.5001,14.9426,14.5204,24.2065,23.8759,25.0119,24.4564
3,623,34,80,1.5,17.1339,27.1611,28.4974,16.0866,15.2786,25.9252,25.2211,26.4559,25.7500
3,624,34,160,0.75,28.5858,46.7330,48.4298,26.8327,24.7464,44.7018,39.5736,45.3069,40.0835
3,625,34,160,1,31.7502,50.0855,53.0842,29.7127,28.8657,47.3654,46.1792,48.6681,47.6816
3,626,34,160,1.5,36.1591,57.5668,58.8627,34.3530,33.2362,54.8044,52.2523,54.7981,52.4356
3,627,34,320,0.75,55.9701,94.3569,97.6251,52.4681,46.7946,90.3167,79.4928,91.5994,80.5764
3,628,34,320,1,64.0577,103.5162,107.8344,60.3611,57.9535,99.2334,96.3219,101.1888,98.3184
3,629,34,320,1.5,69.7336,112.9746,118.4427,65.6834,63.2869,107.0059,102.1365,110.0083,105.1609
3,630,35,10,0.75,0.6221,2.2144,2.5095,4.5982,4.0799,4.3914,4.4193,4.5131,4.9855
3,631,35,10,1,2.3786,2.5168,2.2821,0.0000,0.0000,3.9075,3.6118,0.0000,0.0000
3,632,35,10,1.5,1.0636,1.8877,2.3063,3.6283,2.4626,0.0000,0.0000,4.1857,3.7369
3,633,35,20,0.75,5.2406,5.3125,7.5719,4.4845,4.4793,4.3751,4.2885,5.6173,5.1873
3,634,35,20,1,3.5354,2.9777,4.2566,4.0414,4.0989,5.0457,3.6827,4.5679,4.3075
3,635,35,20,1.5,4.5902,4.4871,6.4821,4.6755,4.7756,4.0808,0.0000,5.1601,5.9406
3,636,35,40,0.75,4.8741,6.7515,8.6098,4.5385,4.2965,6.4564,5.3797,7.3425,6.8646
3,637,35,40,1,8.2050,9.0479,12.8890,7.4663,7.1230,8.0923,7.4154,10.4558,10.5966
3,638,35,40,1.5,6.7247,8.2427,11.0560,6.3010,6.0436,7.4379,8.1299,8.9696,10.0883
3,639,35,80,0.75,14.1816,15.4705,19.1768,13.0502,11.6473,14.1030,12.5971,16.1761,14.8045
3,640,35,80,1,15.1378,16.2417,21.2402,14.9967,14.3384,14.4211,14.6190,17.5827,17.4725
3,641,35,80,1.5,16.6418,17.6381,23.2873,14.9876,13.9643,15.1514,14.8759,18.2290,18.4963
3,642,35,160,0.75,26.2463,28.0557,37.8457,24.1172,20.6665,24.4788,21.6892,30.0085,27.5098
3,643,35,160,1,26.9424,29.9622,40.8609,24.8949,24.0972,25.3697,25.6546,31.2560,32.8328
3,644,35,160,1.5,29.1746,31.6881,44.3225,27.3370,25.8634,27.9438,27.4941,34.6740,35.9211
3,645,35,320,0.75,52.4798,58.7574,76.9141,48.5423,42.2741,50.0085,46.3067,60.5149,56.7671
3,646,35,320,1,56.0574,63.0278,83.0766,52.2244,50.3047,53.6748,54.2467,65.0133,67.5094
3,647,35,320,1.5,61.9053,67.4495,89.0148,57.9513,56.5144,57.7039,58.8186,70.4562,72.1165
4,0,0,10,0.75,-1.1434,0.6303,-0.9817,0.0000,3.4985,4.1084,4.2616,0.0000,0.0000
4,1,0,10,1,-0.5312,0.5239,0.2023,0.0000,0.0000,0.0000,0.0000,4.6640,0.0000
4,2,0,10,1.5,1.1663,1.4741,0.7306,4.1845,0.0000,0.0000,0.0000,0.0000,0.0000
4,3,0,20,0.75,0.9625,1.2399,1.1957,3.5629,3.6407,0.0000,0.0000,3.9765,3.7403
4,4,0,20,1,2.7166,1.3121,1.9304,0.0000,0.0000,0.0000,0.0000,0.0000,0.0000
4,5,0,20,1.5,2.0159,3.7847,3.5403,4.8017,0.0000,4.8942,0.0000,4.9358,0.0000
4,6,0,40,0.75,3.4009,4.2429,4.4571,0.0000,3.9032,4.6424,4.4857,0.0000,0.0000
4,7,0,40,1,5.5735,6.4711,6.9764,5.7190,5.6695,6.5390,5.9729,6.4233,6.3134
4,8,0,40,1.5,6.4289,5.7717,7.2565,6.2978,5.3271,5.7102,5.5932,6.5593,6.3373
4,9,0,80,0.75,8.2166,10.5480,11.2278,7.9770,7.2855,10.0300,9.4656,10.3979,9.1010
4,10,0,80,1,9.6109,11.1946,12.0872,8.9003,8.3079,10.7183,9.8097,10.3779,10.1717
4,11,0,80,1.5,8.7044,12.2546,13.3004,8.6860,8.8205,12.1777,12.2371,11.8794,12.5719
4,12,0,160,0.75,15.6053,19.4731,21.1043,14.9737,13.6630,19.2081,16.1411,19.2461,17.1658
4,13,0,160,1,16.5469,20.8918,24.9567,16.2870,15.9918,20.6553,20.1831,22.0044,21.9333
4,14,0,160,1.5,20.5433,22.1613,26.6535,19.2659,18.6559,21.4184,20.3893,23.3712,23.3379
4,15,0,320,0.75,29.8448,40.6449,43.3641,29.3427,25.9714,39.8437,34.0708,38.7861,35.1669
4,16,0,320,1,33.3083,43.5122,47.3853,32.1623,30.9040,42.6350,40.7560,42.2217,42.3274
4,17,0,320,1.5,37.6994,46.9564,52.1555,36.3783,33.2961,45.7094,42.7169,45.9467,45.2140
4,18,1,10,0.75,0.6040,0.1803,1.3423,0.0000,4.3638,4.4485,4.3108,0.0000,4.6842
4,19,1,10,1,1.0945,2.4901,4.1058,0.0000,0.0000,3.8087,0.0000,3.7434,0.0000
4,20,1,10,1.5,2.4794,3.2073,2.2799,0.0000,0.0000,4.0686,0.0000,4.4382,4.4744
4,21,1,20,0.75,3.2087,3.6172,3.9713,0.0000,3.9057,0.0000,0.0000,4.0367,3.8702
4,22,1,20,1,1.9913,3.3793,3.0658,3.5949,0.0000,0.0000,3.8329,4.2255,4.0565
4,23,1,20,1.5,1.6823,4.0024,4.3556,0.0000,0.0000,4.7708,3.9264,0.0000,0.0000
4,24,1,40,0.75,4.7471,6.9528,8.4154,0.0000,0.0000,5.9811,5.3034,7.8804,7.0855
4,25,1,40,1,3.3929,7.7552,10.3823,0.0000,0.0000,6.3822,6.3624,9.3360,8.5009
4,26,1,40,1.5,3.1326,7.6572,10.2681,4.1722,0.0000,6.5384,6.3673,9.3055,9.1974
4,27,1,80,0.75,8.4801,13.1618,17.0806,7.6651,6.6000,11.2704,10.2634,15.6741,13.9389
4,28,1,80,1,8.6298,14.2186,18.8017,6.8956,6.6370,11.0203,11.8472,16.7982,16.5142
4,29,1,80,1.5,8.8072,15.9873,19.1751,7.6439,7.4696,11.9543,12.7688,16.5790,16.0831
4,30,1,160,0.75,15.6835,24.8674,32.5799,13.7403,13.1962,21.3779,20.3901,30.0747,27.2399
4,31,1,160,1,17.6448,27.8000,33.9966,14.6015,14.4144,23.9153,24.1819,31.3574,30.3710
4,32,1,160,1.5,19.1337,32.8180,38.0978,16.2928,15.8978,25.7158,26.6376,33.9673,32.8015
4,33,1,320,0.75,30.6461,51.7307,62.3638,27.0939,24.4398,43.9248,40.4533,58.3524,51.7684
4,34,1,320,1,34.7297,57.7384,68.9633,30.2815,30.4815,47.6678,49.4630,63.6409,62.8190
4,35,1,320,1.5,41.4746,65.9183,78.8695,35.9416,35.0056,54.5927,55.0420,72.5156,69.6050
4,36,2,10,0.75,0.6881,0.6388,0.6892,4.3820,0.0000,0.0000,0.0000,0.0000,0.0000
4,37,2,10,1,2.4334,3.6358,1.7617,0.0000,0.0000,4.4880,4.3306,3.6122,0.0000
4,38,2,10,1.5,0.2452,-0.2175,-0.0193,0.0000,0.0000,0.0000,0.0000,4.5729,4.4421
4,39,2,20,0.75,0.8527,1.3808,1.9317,0.0000,0.0000,0.0000,0.0000,0.0000,0.0000
4,40,2,20,1,2.0098,1.7242,2.0720,4.6228,4.9165,4.1035,0.0000,3.8281,3.9840
4,41,2,20,1.5,2.6528,3.1626,3.0032,0.0000,0.0000,3.8715,0.0000,3.8287,3.9310
4,42,2,40,0.75,2.1820,3.2658,3.8909,0.0000,3.6501,0.0000,0.0000,3.9259,4.0204
4,43,2,40,1,3.5495,3.8318,4.4562,4.2393,3.7549,4.0623,3.8885,4.7129,4.7351
4,44,2,40,1.5,3.4871,4.2273,5.8365,0.0000,0.0000,4.5306,4.7936,5.6457,5.1468
4,45,2,80,0.75,7.6856,7.6819,10.0599,6.2672,5.1709,6.8767,5.6066,8.3280,6.1501
4,46,2,80,1,7.8898,6.4824,8.9717,7.3073,7.2474,5.7633,5.7319,8.6044,8.2087
4,47,2,80,1.5,8.5370,7.6384,9.6255,7.3925,6.6926,6.9282,6.2963,7.4397,6.4387
4,48,2,160,0.75,12.1543,13.4844,15.8035,11.3439,9.7645,12.9510,10.9278,14.3149,12.0481
4,49,2,160,1,13.6630,12.1644,17.0316,11.8997,11.1680,10.7684,10.2770,14.1699,12.9398
4,50,2,160,1.5,15.8902,17.0476,21.6990,14.4816,13.2885,15.8647,14.8586,18.3004,16.0317
4,51,2,320,0.75,25.4902,25.8312,33.0185,22.5261,18.7041,23.2423,19.2749,27.9637,21.5601
4,52,2,320,1,27.8929,27.4626,36.2438,23.6576,22.3334,24.4292,23.3765,30.0937,27.2055
4,53,2,320,1.5,31.3113,29.9173,41.4581,25.6754,24.0862,26.8075,25.5052,33.7435,30.1723
4,54,3,10,0.75,0.3639,0.7183,1.6842,4.3895,0.0000,0.0000,0.0000,0.0000,0.0000
4,55,3,10,1,0.7884,1.3525,1.6814,0.0000,0.0000,0.0000,0.0000,0.0000,0.0000
4,56,3,10,1.5,-0.0112,-0.2154,1.1162,5.4554,3.7061,5.0441,0.0000,5.4260,4.5107
4,57,3,20,0.75,-0.2543,0.9877,1.2482,4.9523,5.1211,3.6471,4.4455,4.5303,5.0149
4,58,3,20,1,2.9476,2.7766,3.3838,4.2454,0.0000,4.1791,3.9209,5.1548,4.1460
4,59,3,20,1.5,1.7591,2.5566,3.3257,0.0000,0.0000,0.0000,0.0000,0.0000,3.7103
4,60,3,40,0.75,4.6422,4.9840,6.5440,0.0000,0.0000,0.0000,0.0000,0.0000,0.0000
4,61,3,40,1,4.8683,5.7277,6.7185,4.5187,4.2945,4.5606,4.5063,4.9289,4.2568
4,62,3,40,1.5,4.5428,5.7521,7.7747,0.0000,0.0000,4.1353,4.9225,0.0000,0.0000
4,63,3,80,0.75,7.4751,10.4531,13.5279,5.4678,5.4451,7.0307,6.6210,6.9021,6.6320
4,64,3,80,1,8.5815,9.7557,13.1808,5.7445,5.8298,6.4795,6.6494,6.3613,6.5800
4,65,3,80,1.5,9.4571,10.9416,15.2520,6.5671,6.9321,7.9373,7.7862,7.0210,7.0654
4,66,3,160,0.75,16.4487,20.2529,25.9093,12.7409,11.4171,15.5886,13.4258,15.0168,13.9549
4,67,3,160,1,19.3186,22.9104,28.4770,13.9691,14.4140,15.7191,15.7857,16.1058,16.4511
4,68,3,160,1.5,21.4812,24.8639,32.6355,15.6353,15.5354,18.5631,18.5230,17.0689,17.8670
4,69,3,320,0.75,33.5005,40.6966,51.1019,23.8681,21.8712,29.3720,25.5457,27.4708,25.7814
4,70,3,320,1,37.1862,43.6285,56.3392,26.1039,25.8804,30.7153,30.2390,30.7614,31.5685
4,71,3,320,1.5,42.7220,49.4887,63.9418,29.0364,28.7828,34.0896,32.9806,33.6944,33.4512
4,72,4,10,0.75,0.6457,0.5179,1.0161,0.0000,0.0000,0.0000,4.3693,0.0000,0.0000
4,73,4,10,1,2.4425,2.5362,0.8683,0.0000,0.0000,3.9841,0.0000,0.0000,0.0000
4,74,4,10,1.5,0.5260,1.1235,1.5428,0.0000,3.5600,0.0000,0.0000,0.0000,0.0000
4,75,4,20,0.75,0.3907,1.5254,1.5491,0.0000,4.4787,0.0000,4.6422,0.0000,0.0000
4,76,4,20,1,1.5441,1.3843,2.2020,0.0000,0.0000,0.0000,0.0000,0.0000,0.0000
4,77,4,20,1.5,1.5631,3.2250,3.0797,0.0000,0.0000,0.0000,0.0000,0.0000,0.0000
4,78,4,40,0.75,1.7824,2.4592,4.0307,0.0000,0.0000,0.0000,0.0000,0.0000,4.1706
4,79,4,40,1,3.3959,3.5704,6.0964,4.7747,4.4629,3.9638,4.0690,4.7113,4.3723
4,80,4,40,1.5,2.6780,3.7624,5.6164,0.0000,0.0000,0.0000,0.0000,4.5211,0.0000
4,81,4,80,0.75,5.7594,6.2655,8.2469,5.0780,0.0000,5.2850,4.8248,5.6636,4.6364
4,82,4,80,1,7.1301,7.4850,11.0030,6.5095,6.4641,6.2865,6.1753,8.6248,8.7394
4,83,4,80,1.5,7.8195,7.9085,11.0872,6.0896,6.5561,6.1390,6.2025,7.5719,6.9121
4,84,4,160,0.75,12.6518,14.3554,18.3456,10.1587,8.6809,11.8880,10.5735,13.7371,10.9808
4,85,4,160,1,13.6733,16.1307,20.0533,10.9898,10.7607,12.4814,13.1222,15.6358,14.4501
4,86,4,160,1.5,12.9013,14.8761,21.5283,11.3612,10.7353,12.0331,11.7397,15.6367,14.4838
4,87,4,320,0.75,22.5613,25.7527,37.0814,19.2215,17.6476,20.5825,19.1075,26.1009,22.0730
4,88,4,320,1,26.4355,27.3035,40.3150,21.7897,21.4547,21.9391,22.1872,28.7818,26.7314
4,89,4,320,1.5,28.7691,30.5867,43.3306,22.5419,22.5432,23.8688,24.8471,30.9494,28.4664
4,90,5,10,0.75,1.5127,1.2014,1.6056,4.2508,0.0000,4.1472,3.8134,0.0000,3.6973
4,91,5,10,1,2.0345,1.5722,2.9635,4.2092,3.9804,0.0000,0.0000,0.0000,0.0000
4,92,5,10,1.5,0.0164,-0.3625,0.8810,0.0000,0.0000,0.0000,0.0000,0.0000,0.0000
4,93,5,20,0.75,1.4375,2.1700,2.4788,0.0000,3.9304,4.1575,4.1207,0.0000,0.0000
4,94,5,20,1,0.4473,1.2978,2.4021,0.0000,0.0000,0.0000,0.0000,0.0000,0.0000
4,95,5,20,1.5,2.7900,3.5830,4.5094,0.0000,3.9728,0.0000,0.0000,0.0000,0.0000
4,96,5,40,0.75,4.9548,8.0229,8.0770,0.0000,4.0780,6.2283,5.2266,0.0000,0.0000
4,97,5,40,1,4.2445,6.2019,7.9401,4.8195,4.6983,5.6257,5.4232,5.7135,5.5401
4,98,5,40,1.5,6.6211,6.6358,8.2497,0.0000,0.0000,5.1449,4.8012,5.1326,4.3656
4,99,5,80,0.75,7.8533,12.6829,15.1433,0.0000,4.4553,8.6209,7.5700,8.1311,6.9253
4,100,5,80,1,8.9437,11.8626,15.8871,5.1035,5.1577,8.8572,8.8065,7.5759,7.4553
4,101,5,80,1.5,8.6689,13.9663,17.5134,4.5139,4.6241,9.0791,8.2070,9.0048,8.7362
4,102,5,160,0.75,17.0302,22.7628,27.6481,7.6362,7.6435,14.6145,12.7042,14.5408,12.7096
4,103,5,160,1,19.5048,26.3247,32.6243,9.1378,8.7156,17.5002,16.7895,16.7241,16.5819
4,104,5,160,1.5,20.7695,27.0573,34.0689,9.2380,9.0226,18.2885,16.7995,17.0839,15.6372
4,105,5,320,0.75,35.5896,50.3529,58.5619,16.3209,14.8564,32.4710,28.3403,31.2298,27.9374
4,106,5,320,1,40.2558,53.5122,66.0635,17.6868,17.2646,34.8104,33.4952,33.9215,33.8470
4,107,5,320,1.5,44.1041,57.9350,74.4468,18.7698,16.6550,36.8136,34.0370,36.9716,34.7546
4,108,6,10,0.75,-1.3487,0.9618,0.9487,0.0000,0.0000,4.4885,0.0000,4.6450,0.0000
4,109,6,10,1,1.0572,-0.0234,0.8174,4.5436,0.0000,4.1660,0.0000,0.0000,4.1410
4,110,6,10,1.5,1.3125,0.9145,1.7767,0.0000,0.0000,0.0000,0.0000,0.0000,3.8552
4,111,6,20,0.75,0.1155,1.2276,1.3098,0.0000,0.0000,4.2281,0.0000,0.0000,0.0000
4,112,6,20,1,1.4864,3.4349,3.1851,0.0000,0.0000,0.0000,0.0000,0.0000,3.9164
4,113,6,20,1.5,4.3817,3.6443,3.9252,0.0000,0.0000,0.0000,3.6873,4.5839,0.0000
4,114,6,40,0.75,3.9284,3.9245,6.7432,3.8992,4.0157,4.5850,0.0000,4.8472,0.0000
4,115,6,40,1,4.5813,4.5213,4.8038,5.1834,0.0000,5.6061,5.4192,4.8654,4.4147
4,116,6,40,1.5,4.4221,6.7908,8.0352,0.0000,0.0000,6.5283,6.8687,6.1248,6.0592
4,117,6,80,0.75,9.1218,12.0866,13.7563,8.6190,7.2289,11.7971,10.5416,11.8081,9.0630
4,118,6,80,1,5.3021,10.5363,13.5052,5.3200,4.6371,10.4180,10.3049,10.1144,8.7863
4,119,6,80,1.5,10.2555,15.1866,15.8357,9.7555,8.6771,14.9440,13.5859,12.7190,10.0309
4,120,6,160,0.75,14.5980,22.0033,25.0239,13.3464,11.4105,21.2179,18.8652,19.4816,16.4846
4,121,6,160,1,15.4835,24.4358,27.5839,14.8924,13.4460,24.0378,23.2829,22.2694,18.8410
4,122,6,160,1.5,17.3674,26.9228,31.3811,16.3030,16.2059,25.9535,25.3403,24.1446,21.6158
4,123,6,320,0.75,30.1714,44.3385,51.1588,28.3188,23.9351,42.6512,37.5946,40.5854,33.3149
4,124,6,320,1,32.4700,49.6085,57.0094,30.5543,28.3993,48.1806,46.6403,45.9040,40.6069
4,125,6,320,1.5,36.1529,55.7317,62.7336,33.9397,30.8502,54.6835,51.5708,49.6334,43.7772
4,126,7,10,0.75,2.6128,1.1340,1.7407,3.9324,0.0000,0.0000,0.0000,4.0254,3.7902
4,127,7,10,1,2.4998,1.2182,1.5069,4.4673,4.3319,0.0000,0.0000,0.0000,0.0000
4,128,7,10,1.5,0.0786,0.9223,1.9730,0.0000,3.3639,0.0000,0.0000,4.1614,0.0000
4,129,7,20,0.75,3.0305,3.2689,4.8766,3.8429,0.0000,0.0000,0.0000,4.6967,0.0000
4,130,7,20,1,3.2369,2.8982,2.9979,0.0000,4.2952,0.0000,4.0930,4.1758,4.1273
4,131,7,20,1.5,3.7540,3.3249,4.9515,4.2141,0.0000,0.0000,0.0000,0.0000,3.7509
4,132,7,40,0.75,6.1838,6.9614,10.2101,5.4844,5.1709,6.5736,5.5317,6.7080,6.4671
4,133,7,40,1,7.1798,7.0621,9.3412,5.9319,5.8364,6.6812,6.7143,7.2246,7.5820
4,134,7,40,1.5,6.5957,8.1879,10.2603,5.3344,5.0557,7.1314,6.8736,5.8779,6.1512
4,135,7,80,0.75,11.1422,12.1240,17.1265,8.6156,8.0364,10.4171,9.2044,9.9504,11.0132
4,136,7,80,1,13.5697,14.3720,18.7197,10.9526,11.4475,13.1914,12.9734,13.1497,14.2841
4,137,7,80,1.5,13.0986,12.5426,18.5841,10.0511,9.9370,11.3169,10.7287,11.7638,12.2127
4,138,7,160,0.75,23.1456,24.0440,32.9062,18.8632,17.0246,21.8491,19.1434,22.2698,21.3298
4,139,7,160,1,24.8863,26.3143,35.9638,19.3155,19.7967,22.9403,22.6860,22.6278,24.7202
4,140,7,160,1.5,29.3957,30.3590,40.7879,22.2881,23.3663,26.2500,26.5406,25.8136,28.4562
4,141,7,320,0.75,47.2566,49.1874,66.3079,37.4776,33.6474,44.4421,38.8936,43.3109,41.2299
4,142,7,320,1,54.5180,55.3879,74.6453,43.5672,44.7014,50.1154,49.6712,49.7781,53.8925
4,143,7,320,1.5,58.0105,59.0871,82.0240,43.5977,43.6859,51.7310,49.8478,50.2725,53.3957
4,144,8,10,0.75,0.9305,2.1046,1.3092,4.0104,4.2622,3.8540,0.0000,0.0000,4.0413
4,145,8,10,1,2.7678,2.9513,2.5440,0.0000,0.0000,4.1461,3.7670,4.2578,0.0000
4,146,8,10,1.5,1.3199,2.0430,0.9993,0.0000,4.4193,0.0000,3.7969,0.0000,0.0000
4,147,8,20,0.75,2.8514,5.7703,4.7426,4.7190,3.6167,4.8528,5.0615,0.0000,0.0000
4,148,8,20,1,2.0490,5.3747,4.6017,0.0000,0.0000,0.0000,0.0000,0.0000,0.0000
4,149,8,20,1.5,2.7931,4.6774,4.6151,0.0000,0.0000,0.0000,4.6300,0.0000,0.0000
4,150,8,40,0.75,1.6238,8.1823,6.4003,5.1111,0.0000,6.1148,5.8053,0.0000,4.5835
4,151,8,40,1,4.5375,9.7610,9.7564,0.0000,4.4449,7.7843,7.7186,6.9664,7.2450
4,152,8,40,1.5,3.7826,8.8841,7.2558,3.3698,3.4636,6.9147,6.6636,5.2698,5.4533
4,153,8,80,0.75,9.0658,17.3016,15.6443,7.7498,7.2022,12.9198,11.9105,10.6404,9.2454
4,154,8,80,1,7.8626,18.3072,17.1670,7.2013,6.9238,13.1126,13.8215,11.5124,11.4669
4,155,8,80,1.5,10.6225,21.1363,18.6878,9.0167,8.6689,15.7905,15.9876,13.3745,13.7198
4,156,8,160,0.75,17.0880,33.6278,31.5436,15.2468,13.1801,25.8298,23.4526,22.4671,19.7208
4,157,8,160,1,18.2775,38.2293,35.1617,15.6228,15.3413,27.5920,28.8434,23.8458,24.0665
4,158,8,160,1.5,20.1586,41.0074,38.4159,16.9329,15.7372,30.6140,31.5443,26.6947,25.4522
4,159,8,320,0.75,33.3136,70.4157,61.6250,28.9158,25.3156,51.8703,47.3531,43.4850,38.9828
4,160,8,320,1,37.2277,75.4261,67.7459,32.4547,31.4896,56.6689,58.2435,48.4555,48.1228
4,161,8,320,1.5,42.8843,84.6603,76.3839,35.8604,34.7168,63.0545,64.2982,53.0547,53.4486
4,162,9,10,0.75,0.0935,-0.4693,1.6696,0.0000,0.0000,0.0000,0.0000,0.0000,0.0000
4,163,9,10,1,0.9272,1.7328,1.4752,0.0000,4.4322,0.0000,0.0000,0.0000,3.8333
4,164,9,10,1.5,2.0144,1.2909,0.9694,0.0000,0.0000,0.0000,0.0000,4.4999,0.0000
4,165,9,20,0.75,3.1110,3.0599,2.8407,4.7177,4.7990,4.9494,4.5448,4.6150,5.0278
4,166,9,20,1,2.6631,2.9456,3.1257,4.0435,4.1852,0.0000,0.0000,0.0000,4.3074
4,167,9,20,1.5,1.7322,3.7508,4.2123,4.0752,4.1750,4.5401,0.0000,4.5730,3.8952
4,168,9,40,0.75,3.1363,3.4236,3.2458,4.1590,4.4387,4.8060,4.9376,0.0000,0.0000
4,169,9,40,1,3.4314,3.9981,5.6503,0.0000,0.0000,0.0000,0.0000,0.0000,0.0000
4,170,9,40,1.5,3.6606,4.9559,5.5689,0.0000,0.0000,0.0000,4.0300,5.1306,4.9115
4,171,9,80,0.75,8.6897,11.0515,10.7279,7.2493,7.4502,8.8982,8.7412,7.9525,7.6890
4,172,9,80,1,6.5777,10.2311,9.7668,0.0000,4.8080,6.8711,7.3392,6.8853,6.5988
4,173,9,80,1.5,9.1841,10.2367,11.4879,6.0979,6.4849,7.3621,7.8889,9.3936,8.6638
4,174,9,160,0.75,14.1865,18.9003,18.7243,10.3103,9.6576,13.4419,12.3822,13.6655,11.7150
4,175,9,160,1,15.9887,19.5629,22.3980,11.6893,12.2166,14.5285,15.7722,14.7983,15.0857
4,176,9,160,1.5,18.7879,22.2152,25.4276,12.8353,13.1916,15.2876,16.3648,17.3245,15.6967
4,177,9,320,0.75,27.8292,35.6809,37.5260,19.0734,18.6235,25.8607,24.3369,24.7332,22.4902
4,178,9,320,1,32.1722,41.2272,42.8863,22.8031,23.9152,29.4862,30.9422,29.3076,28.5454
4,179,9,320,1.5,36.2676,43.8613,48.4082,24.6912,25.9538,31.2729,32.7341,31.7165,30.9691
4,180,10,10,0.75,0.4788,0.0940,-1.1234,3.8056,3.6952,0.0000,3.4296,0.0000,3.1584
4,181,10,10,1,-0.4147,-0.6869,0.4586,0.0000,0.0000,0.0000,0.0000,0.0000,0.0000
4,182,10,10,1.5,-1.4701,0.1344,-0.9737,0.0000,0.0000,0.0000,0.0000,0.0000,3.8257
4,183,10,20,0.75,0.9382,2.0735,1.2585,0.0000,0.0000,4.1592,3.7842,0.0000,0.0000
4,184,10,20,1,1.1532,0.8594,2.7656,0.0000,0.0000,3.4965,0.0000,4.2290,0.0000
4,185,10,20,1.5,1.9919,2.7776,2.1255,3.9062,4.0795,0.0000,0.0000,0.0000,3.9760
4,186,10,40,0.75,-0.1206,1.3692,0.9259,0.0000,0.0000,0.0000,0.0000,0.0000,0.0000
4,187,10,40,1,0.3992,1.4501,3.5193,0.0000,0.0000,0.0000,0.0000,0.0000,0.0000
4,188,10,40,1.5,2.6265,2.7819,2.5795,4.2012,4.2279,4.3754,0.0000,0.0000,0.0000
4,189,10,80,0.75,2.5056,3.4599,5.4393,3.5914,0.0000,3.6591,3.2499,4.4782,3.9194
4,190,10,80,1,1.6484,4.5976,6.7630,3.8436,0.0000,5.1205,5.4853,5.2858,5.1695
4,191,10,80,1.5,4.6723,6.6141,7.0674,4.5668,4.2460,5.6252,5.1326,4.6500,4.9249
4,192,10,160,0.75,2.7441,7.9830,10.4036,0.0000,4.0516,7.5790,6.1148,7.2636,7.3423
4,193,10,160,1,5.5143,9.3066,11.7339,0.0000,4.6877,7.7409,7.2778,9.2904,9.2415
4,194,10,160,1.5,7.1970,12.5450,16.5294,6.7824,6.7831,11.0102,10.3255,12.2318,11.9146
4,195,10,320,0.75,11.6859,19.0548,23.2128,10.3822,9.3948,16.9127,13.9738,16.9881,15.6155
4,196,10,320,1,12.5235,19.7215,23.6388,10.8982,10.9817,17.4213,15.3119,17.4160,17.5046
4,197,10,320,1.5,14.7216,23.7011,28.0630,13.1157,12.4708,20.6781,18.7464,19.6552,20.5333
4,198,11,10,0.75,1.0383,1.3209,2.9939,0.0000,0.0000,0.0000,0.0000,4.1563,4.4612
4,199,11,10,1,0.1312,0.3375,1.1843,0.0000,0.0000,4.6311,4.4291,0.0000,0.0000
4,200,11,10,1.5,1.6203,1.9515,2.1643,0.0000,4.3609,0.0000,0.0000,0.0000,0.0000
4,201,11,20,0.75,3.0736,2.3832,3.1652,3.8210,3.9193,0.0000,0.0000,0.0000,0.0000
4,202,11,20,1,1.5192,1.6162,3.3534,4.3259,4.2513,3.9814,0.0000,5.0253,0.0000
4,203,11,20,1.5,2.7840,3.7794,3.8254,0.0000,0.0000,0.0000,0.0000,4.4063,0.0000
4,204,11,40,0.75,2.9775,3.2093,5.0243,0.0000,4.1505,0.0000,0.0000,0.0000,0.0000
4,205,11,40,1,2.1177,2.2617,6.2466,0.0000,0.0000,0.0000,0.0000,0.0000,4.8637
4,206,11,40,1.5,3.6852,5.3449,5.8391,4.2697,4.5679,5.3305,5.3626,4.9130,5.4265
4,207,11,80,0.75,3.9252,5.4658,7.2135,4.2633,3.9539,4.5930,4.6901,4.9261,5.0221
4,208,11,80,1,7.2799,8.5783,11.5414,7.1229,6.8170,8.3236,7.8248,7.5806,7.8906
4,209,11,80,1.5,5.1673,6.6999,10.8330,4.8597,5.0909,5.3720,4.5544,7.4887,6.5603
4,210,11,160,0.75,9.5186,12.5840,20.0616,7.3782,7.7203,10.8936,9.7656,12.5379,11.5829
4,211,11,160,1,10.1384,13.6532,20.4347,8.0318,8.2757,10.4568,10.0908,15.4083,14.2492
4,212,11,160,1.5,9.9349,12.6555,20.4040,8.4307,8.4388,10.1450,10.4086,15.0138,13.9331
4,213,11,320,0.75,18.4606,24.4473,36.8197,15.4959,14.5711,19.6707,17.7719,24.7507,21.0135
4,214,11,320,1,21.5016,27.6013,41.9636,17.5927,17.9092,21.1427,21.8089,28.6955,25.9204
4,215,11,320,1.5,23.2623,27.7920,42.2011,17.9774,17.9605,21.7599,21.5723,29.4347,25.3526
4,216,12,10,0.75,1.4630,1.1430,2.8265,0.0000,0.0000,3.7984,0.0000,0.0000,0.0000
4,217,12,10,1,1.3241,2.7329,3.6443,0.0000,0.0000,0.0000,3.8007,0.0000,0.0000
4,218,12,10,1.5,0.8531,2.7799,2.4933,4.2364,4.1826,0.0000,0.0000,4.4387,4.3647
4,219,12,20,0.75,1.8038,3.3853,3.5067,0.0000,0.0000,0.0000,3.6989,0.0000,4.2546
4,220,12,20,1,2.4819,3.6184,4.6031,4.2956,4.4837,3.8482,0.0000,4.5215,0.0000
4,221,12,20,1.5,2.8164,5.1276,6.6196,4.1463,0.0000,5.7415,6.0867,6.7257,7.2494
4,222,12,40,0.75,5.0252,6.3002,9.2186,4.9433,4.2674,5.9126,4.8250,8.3602,7.2880
4,223,12,40,1,4.6526,7.3436,9.0243,5.5429,5.9570,7.7429,7.4296,9.0160,8.8154
4,224,12,40,1.5,4.3033,7.1991,9.1722,0.0000,4.2401,6.8165,6.4446,8.2008,7.8422
4,225,12,80,0.75,10.2750,14.1891,21.0012,9.8630,8.5292,13.3675,11.3789,18.8936,16.7788
4,226,12,80,1,10.5464,15.2950,19.8323,10.5954,9.7423,14.6447,14.1062,18.7455,18.2907
4,227,12,80,1.5,11.9161,16.2409,22.5337,12.0012,11.8168,15.6635,15.7225,20.9580,21.1531
4,228,12,160,0.75,19.2387,25.8928,35.7193,18.6176,16.0720,25.2673,21.6977,33.9916,29.3690
4,229,12,160,1,21.9251,28.4968,39.7778,21.1030,20.6459,27.1236,27.0002,36.0950,36.6290
4,230,12,160,1.5,24.6811,32.3032,43.4963,24.3009,23.8990,31.3764,30.5981,40.3280,39.9434
4,231,12,320,0.75,38.9308,53.5187,72.9163,37.8067,33.0359,51.4183,45.0004,67.7488,60.3635
4,232,12,320,1,44.8865,58.0576,80.7019,43.4264,43.2004,55.7208,54.5363,74.7653,74.5281
4,233,12,320,1.5,47.7386,62.8568,87.3898,46.1013,44.3478,60.6598,58.8118,80.7762,79.2981
4,234,13,10,0.75,1.9453,0.4486,5.0597,0.0000,3.8433,0.0000,0.0000,4.9445,0.0000
4,235,13,10,1,3.6281,2.7791,3.9353,0.0000,0.0000,0.0000,0.0000,4.2873,0.0000
4,236,13,10,1.5,3.3992,3.8416,6.1538,4.0408,0.0000,0.0000,0.0000,0.0000,4.1554
4,237,13,20,0.75,3.2621,3.1922,8.0557,0.0000,3.8024,3.9045,3.9691,7.6487,6.8560
4,238,13,20,1,2.7444,3.3898,9.1984,4.0349,4.3285,0.0000,0.0000,5.8039,6.2009
4,239,13,20,1.5,4.7977,4.0099,8.6010,0.0000,0.0000,4.1893,0.0000,6.7004,6.6974
4,240,13,40,0.75,6.9687,6.7990,14.7166,5.3610,4.5793,5.6093,4.7480,10.1812,8.7362
4,241,13,40,1,9.4046,7.7835,16.1425,8.6442,8.5892,6.5859,6.5591,11.1345,11.1897
4,242,13,40,1.5,9.0355,9.8196,18.8412,8.5257,7.8765,8.7488,8.3011,12.9407,13.3960
4,243,13,80,0.75,16.9600,17.4716,31.6087,15.2135,13.0000,14.6806,12.0522,22.9152,20.2006
4,244,13,80,1,18.1857,18.1028,34.2556,14.9432,14.5655,13.7902,12.6430,24.3799,23.2165
4,245,13,80,1.5,18.2933,16.2984,36.6345,15.6091,15.9594,13.5675,13.4478,26.4987,24.8896
4,246,13,160,0.75,32.6202,30.7015,59.6813,27.7393,24.4102,25.2850,21.2681,44.2226,38.9091
4,247,13,160,1,37.3752,35.3151,69.1033,32.2289,31.2063,28.4380,26.7467,51.9280,49.5470
4,248,13,160,1.5,38.5168,35.3984,75.5948,32.0654,30.9070,28.2250,26.5597,54.7485,51.5543
4,249,13,320,0.75,64.4266,62.8675,121.6735,54.9354,47.9395,50.1324,42.2979,89.3427,77.9320
4,250,13,320,1,71.1793,66.0133,135.1929,60.4134,59.3647,52.1630,50.1391,99.4260,95.1660
4,251,13,320,1.5,77.9634,72.2781,151.3190,65.7955,62.7927,57.8516,53.8808,110.5397,103.8423
4,252,14,10,0.75,1.7324,1.5294,2.0764,4.6749,5.2560,4.5069,4.7031,0.0000,4.6751
4,253,14,10,1,1.5044,1.4633,1.9352,0.0000,0.0000,0.0000,2.9660,0.0000,0.0000
4,254,14,10,1.5,2.4507,3.2983,3.7052,0.0000,0.0000,0.0000,0.0000,0.0000,0.0000
4,255,14,20,0.75,4.7378,4.2891,7.0979,4.6267,4.4963,4.3174,4.5767,6.0955,5.4938
4,256,14,20,1,5.3812,4.4456,6.1865,4.4538,4.4692,0.0000,0.0000,5.4690,5.6787
4,257,14,20,1.5,6.5389,5.5555,8.1227,5.0927,6.1965,4.8554,5.0245,6.1174,7.0076
4,258,14,40,0.75,10.2255,9.0716,14.1053,8.3520,8.2335,8.4579,6.7174,11.1681,10.6416
4,259,14,40,1,10.4175,9.8170,13.5320,8.8853,8.5016,8.9389,8.5460,11.8914,11.6020
4,260,14,40,1.5,11.2546,10.1428,15.2080,9.3072,8.7735,8.9867,7.9349,11.8784,12.4858
4,261,14,80,0.75,20.0881,17.8617,25.4373,16.3994,15.1691,15.1933,13.0113,20.5347,19.1750
4,262,14,80,1,19.8125,19.5675,28.0074,17.1655,17.4754,15.9899,16.3898,22.9866,23.1444
4,263,14,80,1.5,21.7320,20.6406,29.6219,17.5013,19.2670,16.9749,17.9258,23.4591,25.6756
4,264,14,160,0.75,35.3006,33.8749,48.1980,30.1914,28.4799,28.6601,25.8749,39.2372,37.7635
4,265,14,160,1,39.7220,36.6774,55.0988,32.0892,32.7633,32.2593,30.2005,44.4748,46.0417
4,266,14,160,1.5,43.9258,41.4694,60.8539,36.8432,37.5916,34.6229,34.5978,50.3183,51.9808
4,267,14,320,0.75,72.9264,69.8233,97.7601,60.5781,56.3232,59.1511,51.8131,78.8230,75.1506
4,268,14,320,1,80.9341,76.0028,109.3191,66.0918,68.8672,64.5081,63.6504,88.5042,92.4596
4,269,14,320,1.5,86.6421,81.0278,120.9187,70.6912,73.1516,67.3606,67.0379,98.5992,102.1121
4,270,15,10,0.75,1.8747,2.9164,3.4691,0.0000,0.0000,4.2488,0.0000,0.0000,0.0000
4,271,15,10,1,2.4718,4.2226,4.9191,0.0000,4.0258,0.0000,4.1715,0.0000,0.0000
4,272,15,10,1.5,2.3035,4.0830,4.9085,4.4770,0.0000,0.0000,4.2615,4.9239,4.5667
4,273,15,20,0.75,2.7719,5.8523,4.7859,0.0000,0.0000,5.3619,5.2404,4.7454,4.6417
4,274,15,20,1,3.2728,4.2658,5.8340,4.2665,0.0000,4.6758,4.4226,5.5467,5.7057
4,275,15,20,1.5,4.1546,6.7622,8.0326,5.4626,5.5117,7.8797,7.6353,7.9198,8.4908
4,276,15,40,0.75,5.9149,12.3515,10.7947,6.0672,5.6163,11.9402,11.0731,10.6163,9.5173
4,277,15,40,1,8.8123,12.3331,13.6726,8.7344,7.7603,12.1430,11.2837,13.2218,12.2236
4,278,15,40,1.5,7.7452,11.5240,13.7157,7.6906,7.0638,11.2300,10.4628,12.8936,12.2186
4,279,15,80,0.75,13.9186,21.2422,24.2319,13.9860,11.9540,20.8507,18.3120,23.4630,20.9229
4,280,15,80,1,15.2907,24.0416,24.9564,15.4109,14.4667,23.7679,22.9106,24.4565,23.8545
4,281,15,80,1.5,17.5783,25.1719,28.1614,17.3191,17.0966,24.7062,24.3689,26.7643,26.6404
4,282,15,160,0.75,27.0401,43.8834,45.9748,27.2431,24.2965,43.0471,38.3132,44.6991,39.7921
4,283,15,160,1,29.5836,46.2262,52.2750,29.3909,28.9347,45.2694,44.7350,50.1350,49.1706
4,284,15,160,1.5,30.9538,49.5791,52.3947,30.1997,28.6651,47.6879,46.4452,50.0092,48.2881
4,285,15,320,0.75,52.7484,84.2982,90.9400,52.7831,46.4497,82.6982,72.7852,87.9420,77.7205
4,286,15,320,1,59.7016,94.2326,102.3976,59.0989,57.6536,92.1156,90.9245,99.0336,97.8146
4,287,15,320,1.5,64.9172,99.8680,110.1154,63.6914,62.0062,96.9555,95.2392,105.0873,103.0284
4,288,16,10,0.75,0.7383,0.8965,0.9675,0.0000,0.0000,0.0000,0.0000,0.0000,0.0000
4,289,16,10,1,0.5696,2.3371,1.5932,0.0000,0.0000,0.0000,0.0000,0.0000,0.0000
4,290,16,10,1.5,-0.1238,0.4416,1.0624,0.0000,0.0000,0.0000,0.0000,0.0000,0.0000
4,291,16,20,0.75,2.3011,3.6949,4.8823,0.0000,0.0000,4.2502,4.0613,4.7797,4.2707
4,292,16,20,1,4.2846,3.5031,3.9593,0.0000,0.0000,0.0000,0.0000,0.0000,0.0000
4,293,16,20,1.5,3.2683,5.0037,6.3723,4.4168,0.0000,4.8528,4.5382,5.7500,5.6121
4,294,16,40,0.75,7.4617,9.4821,10.9485,7.5933,6.4283,9.3795,7.8611,10.6981,9.6241
4,295,16,40,1,5.6491,7.3949,10.0647,5.9293,6.0151,7.3839,6.9577,9.8810,9.0409
4,296,16,40,1.5,5.4090,9.6001,12.4063,5.7145,5.6184,9.5753,9.2968,12.0622,11.6625
4,297,16,80,0.75,11.3082,16.6444,19.6133,11.0465,10.2461,16.0661,13.6785,18.8006,17.4872
4,298,16,80,1,12.3841,17.6669,22.1607,12.1852,11.2831,17.2785,15.3987,20.7938,19.8025
4,299,16,80,1.5,12.2761,18.6529,24.7788,11.6637,11.1776,17.5043,16.9988,23.4896,22.0192
4,300,16,160,0.75,19.9376,30.2740,39.3959,19.2302,16.5536,29.1937,24.7903,37.0744,32.1942
4,301,16,160,1,22.2306,33.5335,45.2029,21.6962,20.6704,31.9556,29.9709,42.9595,40.7190
4,302,16,160,1.5,25.2010,36.7819,49.8393,24.7732,22.6451,35.0047,32.1836,47.9619,44.0853
4,303,16,320,0.75,43.2458,63.1392,83.0192,41.6874,35.6662,60.2213,49.4871,78.8144,66.7719
4,304,16,320,1,48.1323,70.4692,91.4092,47.0898,43.6467,67.7882,62.4232,87.5073,81.5766
4,305,16,320,1.5,52.0766,74.3990,99.4081,51.2562,47.1562,71.3633,65.9449,95.3052,88.1959
4,306,17,10,0.75,-1.0339,-0.2610,0.5666,0.0000,4.3197,0.0000,0.0000,0.0000,4.1572
4,307,17,10,1,1.7009,1.4934,1.0553,4.1335,4.2101,0.0000,0.0000,0.0000,0.0000
4,308,17,10,1.5,1.5624,1.4062,2.1190,0.0000,0.0000,3.7926,3.7826,0.0000,0.0000
4,309,17,20,0.75,2.0728,1.3099,2.4169,0.0000,0.0000,3.9518,3.8620,4.1282,4.2866
4,310,17,20,1,0.8738,2.5232,2.7092,0.0000,0.0000,4.3329,4.5537,0.0000,4.3274
4,311,17,20,1.5,2.7065,3.6356,3.9412,0.0000,0.0000,0.0000,4.0981,0.0000,0.0000
4,312,17,40,0.75,2.7163,2.3110,3.6631,4.1221,3.6865,0.0000,0.0000,4.5179,4.0306
4,313,17,40,1,2.7204,2.6924,3.1681,0.0000,4.5071,0.0000,0.0000,4.3367,3.9668
4,314,17,40,1.5,2.6944,2.7471,4.3129,0.0000,4.2079,4.8817,4.4506,4.7359,4.5669
4,315,17,80,0.75,6.3246,8.1160,9.1605,5.4109,5.3510,6.2335,5.6797,7.7580,6.4320
4,316,17,80,1,8.0242,8.1150,10.2270,5.9197,5.5587,5.8046,5.1258,8.3237,8.3711
4,317,17,80,1.5,7.6363,8.9690,14.0529,6.6175,6.3283,7.2021,6.8468,11.5155,11.7866
4,318,17,160,0.75,11.5914,15.2598,19.5346,9.0984,8.2060,12.4116,10.3141,16.3780,15.0866
4,319,17,160,1,12.6643,17.3866,21.9034,9.2733,9.5549,12.9478,12.3915,16.6927,17.7546
4,320,17,160,1.5,12.8705,17.3268,22.8468,10.2950,10.4931,13.5449,13.3856,18.1871,18.8163
4,321,17,320,0.75,24.7828,30.2746,41.0732,20.0405,18.1691,22.3882,21.0829,33.3445,30.6485
4,322,17,320,1,28.0033,34.6525,46.1497,23.2033,23.4585,26.6932,27.9595,38.3895,39.1523
4,323,17,320,1.5,29.6197,36.4771,50.6997,24.2906,23.5219,27.1078,28.6271,42.1335,42.0102
4,324,18,10,0.75,1.6031,2.8737,3.7864,0.0000,0.0000,0.0000,0.0000,0.0000,2.8318
4,325,18,10,1,4.0852,3.8107,4.9412,0.0000,0.0000,0.0000,0.0000,3.9569,3.7164
4,326,18,10,1.5,3.4317,3.5198,2.9887,0.0000,0.0000,0.0000,0.0000,5.0314,4.4200
4,327,18,20,0.75,4.4047,4.1841,5.3689,0.0000,0.0000,0.0000,0.0000,4.5599,3.7982
4,328,18,20,1,4.1294,5.1613,7.5440,3.9773,3.9453,4.6927,4.7009,6.2428,5.3140
4,329,18,20,1.5,5.7317,5.8597,7.1603,5.3542,5.1252,5.7509,5.2216,5.9147,4.9839
4,330,18,40,0.75,11.4744,10.7044,13.1830,11.0189,9.5531,10.7180,9.6042,11.3281,9.2027
4,331,18,40,1,10.5539,12.5302,14.3914,10.2903,9.1862,12.4568,12.0376,12.5609,10.7339
4,332,18,40,1.5,10.7330,11.9250,14.4251,9.6468,9.5728,11.8937,11.6774,11.8226,10.9087
4,333,18,80,0.75,19.1678,20.8248,26.7153,17.5041,15.5002,19.8978,17.4168,22.5187,17.7384
4,334,18,80,1,22.7291,23.4284,29.6682,20.2186,19.5322,22.9015,22.3186,24.2471,21.0110
4,335,18,80,1.5,24.7995,26.3404,33.3953,22.3801,19.9646,25.4567,23.9793,27.4744,22.9145
4,336,18,160,0.75,41.1311,43.6109,54.2121,36.8881,31.2436,42.2245,36.8183,46.1564,36.5749
4,337,18,160,1,44.6917,46.4250,57.6867,39.8575,37.5359,45.1061,44.2160,48.5118,42.5619
4,338,18,160,1.5,47.3582,50.5322,62.9866,44.2713,41.5148,50.1393,48.5722,53.5329,46.8180
4,339,18,320,0.75,80.4251,86.1415,106.0864,72.7646,61.3357,83.7052,73.2097,90.3283,70.7087
4,340,18,320,1,93.4446,96.7751,121.4543,84.6887,78.9242,94.1129,91.4155,103.0454,89.8323
4,341,18,320,1.5,97.6981,102.1084,130.7970,89.8649,82.0378,100.2774,96.0410,109.0082,92.9848
4,342,19,10,0.75,2.4725,2.5126,2.1450,0.0000,0.0000,0.0000,0.0000,0.0000,0.0000
4,343,19,10,1,0.8696,1.9468,1.8509,0.0000,3.6554,0.0000,4.1112,0.0000,0.0000
4,344,19,10,1.5,1.6181,1.5472,0.8630,0.0000,0.0000,0.0000,0.0000,0.0000,0.0000
4,345,19,20,0.75,3.4686,3.9939,3.5384,3.9725,4.0626,4.0771,4.0152,3.5870,0.0000
4,346,19,20,1,1.3690,2.8075,3.3062,4.0667,0.0000,3.4910,3.6553,4.5808,0.0000
4,347,19,20,1.5,4.4544,5.0392,4.9362,0.0000,0.0000,4.7364,0.0000,4.3904,4.5299
4,348,19,40,0.75,4.3591,6.2151,5.7286,0.0000,0.0000,4.5952,4.4807,0.0000,0.0000
4,349,19,40,1,2.2448,4.2714,4.8599,0.0000,0.0000,0.0000,0.0000,0.0000,0.0000
4,350,19,40,1.5,2.2985,4.4012,4.0356,4.4338,4.3174,4.4381,4.5714,0.0000,0.0000
4,351,19,80,0.75,7.1536,10.3950,11.0890,6.4302,5.4981,8.0167,7.1503,8.6944,6.0943
4,352,19,80,1,9.0115,11.0701,11.8279,6.7631,7.1994,7.8473,7.8018,7.8274,7.8227
4,353,19,80,1.5,11.7434,13.1056,13.8985,9.3084,8.4759,8.9567,9.9658,10.5372,9.6709
4,354,19,160,0.75,16.8983,21.8572,22.5883,12.4662,11.5846,15.5315,14.7781,15.4021,14.8083
4,355,19,160,1,17.6559,21.5005,23.0286,13.1983,13.6890,15.8561,16.0787,16.6933,16.1851
4,356,19,160,1.5,20.6805,25.1607,27.6753,16.0538,14.3907,17.5134,17.1337,19.0714,18.2597
4,357,19,320,0.75,34.8053,43.4175,47.2249,28.1621,22.3982,29.6127,27.7837,33.8804,27.0981
4,358,19,320,1,36.2710,46.7968,49.3958,28.7150,25.7199,32.8953,32.1755,34.9157,32.0601
4,359,19,320,1.5,40.9817,49.1090,53.0815,31.2269,30.3815,33.1068,36.4600,37.2981,35.8630
4,360,20,10,0.75,-0.3062,1.2536,0.4358,0.0000,0.0000,0.0000,0.0000,4.3395,0.0000
4,361,20,10,1,1.7073,3.0078,3.1852,0.0000,0.0000,3.6992,3.3557,3.6842,0.0000
4,362,20,10,1.5,0.4517,1.9464,3.4995,4.3847,4.5108,0.0000,0.0000,4.6264,4.2046
4,363,20,20,0.75,2.3518,5.1416,5.3912,0.0000,0.0000,0.0000,4.3593,4.8086,4.4471
4,364,20,20,1,3.5374,5.3255,7.0697,0.0000,0.0000,4.7525,4.6783,5.6455,5.5342
4,365,20,20,1.5,3.7906,5.7181,5.4991,0.0000,0.0000,4.9497,0.0000,5.1100,0.0000
4,366,20,40,0.75,6.3889,10.5582,9.7274,5.2263,0.0000,8.5908,8.0936,7.9185,7.2697
4,367,20,40,1,7.0842,10.1645,10.4142,5.8921,5.9354,9.8816,9.8517,7.5676,7.5537
4,368,20,40,1.5,7.4862,11.2291,11.7124,5.7313,6.1707,8.5239,8.7089,8.5888,8.9484
4,369,20,80,0.75,12.5485,17.6511,19.8242,10.3514,10.1133,15.1136,14.1510,14.1740,13.0384
4,370,20,80,1,14.7703,22.5601,23.2644,11.8936,12.1977,18.4001,18.7069,16.9168,16.9488
4,371,20,80,1.5,13.1555,21.7492,23.3222,9.2916,10.3779,17.4667,18.3857,14.1290,14.4257
4,372,20,160,0.75,24.1610,39.5944,39.1151,18.7470,17.6136,31.9420,29.3429,28.3130,25.5128
4,373,20,160,1,25.7839,43.7789,43.6086,21.3679,21.3110,35.8740,36.6531,31.5551,31.6965
4,374,20,160,1.5,28.0700,45.5121,47.7619,22.3832,22.0579,37.1880,37.1305,32.8538,31.9667
4,375,20,320,0.75,48.9675,79.2026,78.6013,40.6309,36.0071,65.7445,60.3272,58.6309,52.2091
4,376,20,320,1,54.5481,87.5009,87.9463,44.6270,44.4515,72.0703,73.5875,64.1502,65.1581
4,377,20,320,1.5,59.3613,94.4929,97.6473,45.6144,46.7241,76.6726,78.0091,66.9499,67.1310
4,378,21,10,0.75,0.7283,0.1542,-0.0469,0.0000,0.0000,0.0000,0.0000,0.0000,4.1397
4,379,21,10,1,0.6904,1.8100,0.4760,0.0000,0.0000,0.0000,0.0000,0.0000,0.0000
4,380,21,10,1.5,1.3890,1.0986,1.3003,4.1305,3.9946,0.0000,0.0000,4.8374,4.4647
4,381,21,20,0.75,1.8619,2.3817,4.1778,0.0000,0.0000,0.0000,0.0000,4.2440,0.0000
4,382,21,20,1,1.8464,1.9884,1.6078,4.6509,4.0290,4.4973,4.0582,0.0000,0.0000
4,383,21,20,1.5,3.4656,3.3887,3.6725,4.4853,4.7722,4.8918,4.8073,0.0000,0.0000
4,384,21,40,0.75,3.5827,4.9501,4.8413,0.0000,0.0000,5.1704,4.8152,4.8885,0.0000
4,385,21,40,1,3.7904,4.8455,6.8351,0.0000,0.0000,4.6108,0.0000,6.2546,5.1679
4,386,21,40,1.5,5.8492,6.7076,7.3050,5.5152,5.3663,5.5956,4.8147,6.1868,6.2688
4,387,21,80,0.75,8.1103,9.5892,8.6932,8.6985,7.1966,9.1124,7.0577,8.1880,6.4711
4,388,21,80,1,9.3045,10.2499,11.3995,8.2417,7.0500,8.8671,7.0957,9.7855,7.9209
4,389,21,80,1.5,10.9667,13.1758,14.5391,10.7266,8.6961,12.2405,9.7403,13.5848,10.8529
4,390,21,160,0.75,16.9494,20.5243,21.2814,16.3611,13.7686,18.3014,14.9772,19.2806,14.9391
4,391,21,160,1,20.5372,23.2382,25.0528,19.7234,18.3202,20.6120,17.9833,22.5373,20.1557
4,392,21,160,1.5,20.8314,23.7754,24.8573,19.1869,16.1780,20.6377,17.8269,22.3459,18.3868
4,393,21,320,0.75,35.9314,40.3354,44.5748,34.4731,27.6773,36.4909,28.1336,40.1954,30.9791
4,394,21,320,1,38.6507,45.1440,49.3022,36.5574,32.4425,39.4654,34.0158,43.8657,37.1249
4,395,21,320,1.5,42.6004,47.2028,52.0104,39.5850,34.5574,40.9979,34.2685,45.9670,38.4801
4,396,22,10,0.75,1.2261,-0.0726,1.2397,3.7842,3.0595,0.0000,0.0000,4.0876,0.0000
4,397,22,10,1,2.6520,2.7775,2.6239,0.0000,3.6686,0.0000,0.0000,0.0000,0.0000
4,398,22,10,1.5,2.4731,1.8653,3.3786,4.2360,0.0000,4.6011,4.2669,0.0000,0.0000
4,399,22,20,0.75,4.7229,6.1810,6.8200,0.0000,0.0000,3.9548,4.0384,0.0000,4.7534
4,400,22,20,1,4.6308,5.4597,6.0647,0.0000,0.0000,0.0000,0.0000,4.3993,4.2725
4,401,22,20,1.5,3.7171,4.8774,6.1609,0.0000,0.0000,4.1672,4.5114,4.9998,4.8901
4,402,22,40,0.75,6.9582,8.8942,11.0468,5.2069,4.8198,5.2804,4.5219,5.9171,5.6179
4,403,22,40,1,9.2812,10.6876,12.7623,6.6507,6.4374,5.7120,5.9829,6.4715,6.9200
4,404,22,40,1.5,10.6244,11.7127,13.0039,7.5613,6.5367,6.7275,6.6932,8.1762,7.0947
4,405,22,80,0.75,16.1821,19.6514,22.4488,10.7984,9.5331,11.0417,9.7918,11.8643,10.2490
4,406,22,80,1,17.9713,22.9406,26.0033,12.1185,11.8434,12.0720,11.5319,14.7504,14.9153
4,407,22,80,1.5,19.4104,25.3566,27.9716,12.6435,12.0991,13.2636,12.7422,15.4478,14.8101
4,408,22,160,0.75,33.9197,39.6855,46.3011,22.7518,20.6258,21.7742,20.5045,26.2370,24.2210
4,409,22,160,1,36.4627,44.3582,52.5663,24.7727,24.5716,23.2707,23.8010,30.1898,29.9188
4,410,22,160,1.5,41.9653,53.2777,58.3004,26.3641,25.7172,27.3367,26.3810,32.2960,31.6037
4,411,22,320,0.75,65.8219,81.5478,93.9795,45.7374,41.6184,42.7078,40.4016,53.2296,48.3619
4,412,22,320,1,72.0948,91.5035,104.9198,50.7300,50.2069,47.2654,48.5711,59.6812,59.9592
4,413,22,320,1.5,80.6665,101.1882,113.8618,55.4437,54.7732,49.6015,50.2768,65.2590,65.2533
4,414,23,10,0.75,1.0900,1.5482,5.0782,4.0512,3.9229,0.0000,0.0000,4.4183,4.5986
4,415,23,10,1,2.4921,2.9809,4.9840,0.0000,0.0000,0.0000,0.0000,5.2563,5.0641
4,416,23,10,1.5,0.3521,0.9736,2.9848,0.0000,0.0000,0.0000,0.0000,0.0000,0.0000
4,417,23,20,0.75,3.1074,4.7230,6.6441,4.2171,4.5218,5.7049,5.0183,6.2399,5.7138
4,418,23,20,1,4.4642,5.5154,7.8099,0.0000,0.0000,4.7456,5.3890,7.3276,6.8016
4,419,23,20,1.5,4.2551,6.4628,8.3284,4.3998,0.0000,5.7092,5.2430,7.8441,7.7633
4,420,23,40,0.75,3.9524,6.1252,12.5738,4.0027,4.3213,5.4783,4.7789,10.3847,8.4439
4,421,23,40,1,7.2933,8.6716,15.1422,6.8821,7.2800,7.6058,7.8976,12.7673,12.2090
4,422,23,40,1.5,7.8425,9.9006,18.6140,7.2448,6.5671,8.8036,8.3960,16.3945,16.3521
4,423,23,80,0.75,11.4280,14.4062,27.1025,10.2911,9.2527,12.7192,11.4105,22.7637,20.3158
4,424,23,80,1,14.1157,15.6207,32.2837,11.6795,12.0282,12.5419,13.1759,24.8303,24.7754
4,425,23,80,1.5,14.7530,17.1914,33.3558,12.1015,10.9047,13.9842,14.0677,27.0630,26.7171
4,426,23,160,0.75,23.7614,28.7891,56.4385,18.6798,17.5768,23.4744,20.4169,46.1516,41.5861
4,427,23,160,1,26.4912,29.9836,61.2189,21.7739,21.6065,24.6179,24.3179,50.1812,49.6008
4,428,23,160,1.5,29.3160,34.7084,67.9768,22.9618,23.7858,27.7165,27.3068,55.8090,52.8782
4,429,23,320,0.75,50.8280,58.3798,110.9851,40.9694,37.8994,46.7747,41.8502,90.0355,80.1074
4,430,23,320,1,55.6610,64.7427,124.6424,44.0386,45.5920,52.0410,50.9146,101.2414,98.4490
4,431,23,320,1.5,60.6896,70.1809,137.0264,47.0849,47.8584,55.8061,55.4626,111.9981,107.4186
4,432,24,10,0.75,1.7200,2.1310,2.9753,4.0802,4.2185,3.8664,0.0000,4.6997,4.8484
4,433,24,10,1,2.0719,3.5489,3.6372,0.0000,0.0000,0.0000,0.0000,4.4245,4.4764
4,434,24,10,1.5,2.6290,2.2967,4.2251,0.0000,0.0000,4.0706,4.1355,0.0000,0.0000
4,435,24,20,0.75,3.6714,5.5508,6.7931,0.0000,0.0000,4.5151,0.0000,4.8665,0.0000
4,436,24,20,1,3.8168,6.1344,6.9907,4.6373,4.8200,5.7326,5.5635,5.5142,5.6672
4,437,24,20,1.5,7.2327,7.3271,8.5099,5.1753,5.3286,5.7236,5.8429,6.7308,6.7017
4,438,24,40,0.75,8.6793,11.6611,11.6453,7.4912,6.2045,8.4648,7.1477,8.8897,7.6056
4,439,24,40,1,9.4175,11.1545,15.0611,8.8816,8.4721,8.8851,8.6178,10.6978,10.1190
4,440,24,40,1.5,11.2633,13.5591,17.6483,8.6410,8.7114,10.2301,10.6042,12.8142,12.6120
4,441,24,80,0.75,18.4814,23.4260,29.3431,14.8014,12.4724,16.9203,14.6965,20.5267,16.8964
4,442,24,80,1,18.5192,24.0965,29.3908,15.0826,14.1820,16.8799,15.9344,20.7639,19.3174
4,443,24,80,1.5,20.2780,25.3162,33.2500,15.9848,16.1193,18.3713,18.9264,22.2063,21.3968
4,444,24,160,0.75,30.8577,41.5400,53.1232,25.0940,21.4507,30.9550,26.6773,38.4174,31.8613
4,445,24,160,1,34.5212,44.7628,59.2507,28.4060,27.3980,32.6148,32.2440,42.3217,40.2466
4,446,24,160,1.5,38.2230,47.8184,63.5628,30.3408,29.5752,33.7772,33.2851,43.1054,40.6638
4,447,24,320,0.75,63.1898,85.2148,108.0227,51.6555,44.9907,59.7018,53.9742,76.5365,64.7262
4,448,24,320,1,71.3721,92.4386,118.6018,58.4752,55.7907,66.2941,66.0482,84.0970,79.6181
4,449,24,320,1.5,75.9081,97.0897,128.9935,60.1055,56.9319,68.6319,68.0696,88.3933,82.3334
4,450,25,10,0.75,0.3090,1.4447,0.8951,3.5450,0.0000,0.0000,3.5539,0.0000,0.0000
4,451,25,10,1,1.1194,1.6149,2.3296,4.1899,4.1091,4.6401,0.0000,0.0000,4.3521
4,452,25,10,1.5,0.5241,1.0052,1.4288,3.7588,3.5228,0.0000,0.0000,0.0000,0.0000
4,453,25,20,0.75,3.0371,3.8143,5.1035,4.1348,0.0000,4.4692,4.4276,4.3759,4.1076
4,454,25,20,1,2.1289,3.7495,4.8241,0.0000,0.0000,0.0000,0.0000,4.7272,4.7772
4,455,25,20,1.5,3.0630,3.3014,4.0533,4.5585,4.5618,0.0000,0.0000,4.1793,0.0000
4,456,25,40,0.75,6.9410,7.6066,10.1349,6.6861,6.0465,6.4987,5.9137,8.0588,6.9673
4,457,25,40,1,5.8606,9.4144,11.0265,5.4164,5.1913,7.8287,8.0258,8.6735,8.0886
4,458,25,40,1.5,6.3904,8.0880,9.9284,5.8324,6.1252,6.7517,6.7755,7.8961,7.4141
4,459,25,80,0.75,11.3401,13.8806,16.9938,10.2863,9.3904,11.3168,9.9716,13.8991,11.8513
4,460,25,80,1,13.9598,18.4026,20.8006,12.0478,12.0903,14.7551,15.1354,15.9219,15.4971
4,461,25,80,1.5,13.7966,18.7328,22.3363,12.0733,11.8795,14.3585,15.2859,17.7655,16.7014
4,462,25,160,0.75,24.3145,32.9197,37.9485,21.2317,19.0302,26.9262,24.7615,29.7933,24.9410
4,463,25,160,1,25.4288,35.7065,40.6017,22.4029,20.8935,27.6344,28.0728,32.6726,31.0019
4,464,25,160,1.5,27.2105,36.4154,42.9073,24.8494,24.0151,28.7625,29.4389,34.8382,32.3908
4,465,25,320,0.75,46.5117,63.6428,73.5194,41.2785,35.2665,51.6576,47.0621,58.4691,49.0509
4,466,25,320,1,52.7109,72.0064,83.2209,45.7909,43.8761,57.1601,58.9797,64.9699,61.1296
4,467,25,320,1.5,55.0507,73.4967,86.3029,48.2608,45.8577,58.6002,60.5712,68.7480,63.8057
4,468,26,10,0.75,1.3315,1.3218,3.0458,4.2649,4.2619,0.0000,0.0000,4.6768,0.0000
4,469,26,10,1,2.0527,2.3642,3.4879,4.6650,4.5388,4.4120,0.0000,0.0000,0.0000
4,470,26,10,1.5,1.8150,2.2617,3.7694,4.1102,0.0000,3.2809,0.0000,0.0000,0.0000
4,471,26,20,0.75,3.0285,4.4791,5.7454,0.0000,0.0000,4.6322,0.0000,5.5469,5.2463
4,472,26,20,1,4.2391,3.3898,5.3008,4.7413,4.7075,4.1260,0.0000,5.4321,4.7221
4,473,26,20,1.5,3.5545,4.3840,7.8976,3.7334,0.0000,4.4567,4.3845,7.7110,6.8602
4,474,26,40,0.75,4.2646,5.2227,10.5603,4.1355,0.0000,5.2448,5.0367,10.4638,9.0666
4,475,26,40,1,5.5334,7.5629,13.0867,5.4194,5.6691,7.6233,7.3674,12.8026,12.7696
4,476,26,40,1.5,8.1816,9.6491,15.0291,8.0014,6.9602,9.2788,8.9296,14.3358,13.8250
4,477,26,80,0.75,10.3300,12.6300,21.8126,10.5787,8.5585,12.7865,11.2355,21.2313,18.4966
4,478,26,80,1,12.8202,15.1121,26.2028,11.7916,11.7311,14.7138,13.8693,25.0138,24.1262
4,479,26,80,1.5,15.5672,15.6282,27.3574,14.5837,14.1367,15.2365,14.8793,26.8368,25.6807
4,480,26,160,0.75,24.4835,27.0941,45.9772,23.6103,21.1939,26.7886,23.3429,44.3198,39.5762
4,481,26,160,1,28.7583,31.7258,53.1586,27.8743,27.0643,30.9552,29.8242,51.1118,49.4856
4,482,26,160,1.5,32.0771,33.5628,55.6400,30.1350,28.6183,32.3736,30.9115,54.0059,51.0009
4,483,26,320,0.75,51.9410,55.7494,92.9072,50.0183,44.7522,54.8286,47.5102,89.1857,80.0590
4,484,26,320,1,57.0910,59.5447,102.7316,54.7620,53.2932,58.1499,55.3093,99.2598,95.2859
4,485,26,320,1.5,62.8733,65.3851,113.6508,60.1915,57.9944,64.3096,61.2536,110.9623,105.8797
4,486,27,10,0.75,1.8725,2.4970,1.3966,0.0000,4.5695,0.0000,0.0000,0.0000,0.0000
4,487,27,10,1,1.7783,2.7663,2.7200,0.0000,0.0000,4.3151,4.1201,4.1653,4.3268
4,488,27,10,1.5,1.6038,2.7993,2.6896,4.8824,4.9759,0.0000,0.0000,5.0068,4.4680
4,489,27,20,0.75,3.6148,3.0898,4.6990,4.4705,4.3713,4.0998,4.0213,4.8536,4.6414
4,490,27,20,1,3.4343,3.3461,2.5468,4.8408,4.5700,5.3800,4.9240,4.6969,0.0000
4,491,27,20,1.5,2.7185,2.4557,3.4775,0.0000,0.0000,0.0000,0.0000,4.4612,4.4989
4,492,27,40,0.75,3.9978,5.4969,7.6697,4.3852,0.0000,0.0000,0.0000,6.5270,6.6049
4,493,27,40,1,6.5184,5.6637,6.8010,5.0958,5.2890,5.6221,5.4030,6.1403,6.2122
4,494,27,40,1.5,5.3070,6.0635,7.9824,4.6477,4.9900,0.0000,5.2666,6.3989,6.7524
4,495,27,80,0.75,10.6890,11.5584,13.6517,8.9626,8.0672,10.1570,9.3476,11.3425,10.0291
4,496,27,80,1,11.8568,13.7360,15.6885,10.5765,10.2584,12.3440,12.1514,13.0323,13.3118
4,497,27,80,1.5,11.7375,11.7907,15.1150,9.3592,9.8326,9.5932,9.8766,12.3888,12.3687
4,498,27,160,0.75,22.5267,23.8939,27.8027,18.0682,16.3158,19.9157,17.6909,21.3799,19.6571
4,499,27,160,1,24.4100,26.0385,30.6456,20.9352,21.5548,23.1182,23.6494,25.0957,25.8083
4,500,27,160,1.5,24.3885,26.5962,32.2232,20.9380,20.5892,22.9069,22.3596,26.8142,26.3198
4,501,27,320,0.75,43.0245,47.2240,55.4073,35.6048,32.4744,40.1700,34.9474,44.8620,40.2175
4,502,27,320,1,46.2925,50.7150,60.9289,38.7024,39.3153,43.8262,44.0354,50.0985,50.2458
4,503,27,320,1.5,50.7154,54.1712,64.8070,43.1330,43.2865,46.2564,45.7505,52.5222,51.6945
4,504,28,10,0.75,1.3283,1.6622,1.4967,3.9497,3.9860,0.0000,0.0000,0.0000,0.0000
4,505,28,10,1,3.2028,2.4695,2.4953,4.2708,4.2335,4.6699,4.3753,4.0783,0.0000
4,506,28,10,1.5,3.2148,4.2714,3.4705,4.8126,4.7947,4.5700,4.6507,0.0000,0.0000
4,507,28,20,0.75,4.6219,6.3764,5.6140,4.3090,0.0000,5.6670,5.6710,4.8949,4.4141
4,508,28,20,1,5.1874,5.7631,6.1920,4.8716,4.8960,4.8971,5.3890,5.1641,5.1143
4,509,28,20,1.5,5.2833,5.2038,7.2761,4.4914,4.8174,5.3088,5.3899,5.9177,6.7765
4,510,28,40,0.75,7.1603,7.8897,9.8292,6.6409,5.7517,7.3078,5.9696,8.9001,6.9836
4,511,28,40,1,8.0354,10.3772,12.4915,6.6272,7.1335,8.7563,9.3211,9.6941,10.2812
4,512,28,40,1.5,10.6686,10.7318,13.3200,9.2125,9.7631,9.1355,9.2209,10.7761,10.8500
4,513,28,80,0.75,17.2411,18.8615,22.4865,15.7544,14.0412,16.9068,14.7358,19.2132,17.5726
4,514,28,80,1,19.7143,22.3710,25.6879,16.9511,17.0682,19.6875,19.6981,20.9282,21.2308
4,515,28,80,1.5,20.5250,21.1957,26.0463,18.3913,18.2249,18.2022,18.2801,21.7446,21.1132
4,516,28,160,0.75,33.2768,37.9866,44.7560,29.9727,26.3397,32.0686,29.2059,37.3492,33.2286
4,517,28,160,1,38.6712,42.5462,50.5762,34.2265,33.6268,36.6178,37.4848,41.4390,42.7024
4,518,28,160,1.5,37.7886,42.7751,51.5097,32.5088,33.9310,37.3012,38.2554,40.7969,45.0772
4,519,28,320,0.75,67.1222,73.2002,87.1806,60.0570,53.5871,62.1504,56.7586,73.2387,65.6164
4,520,28,320,1,74.1607,81.4642,97.7893,65.3811,65.5615,70.5894,71.9419,80.9634,82.3859
4,521,28,320,1.5,78.2124,86.9238,106.2584,68.0182,68.9819,75.0675,75.9970,85.0003,89.1556
4,522,29,10,0.75,1.1851,1.9241,2.4314,4.3308,4.2196,0.0000,0.0000,4.1327,4.2474
4,523,29,10,1,2.8885,3.0116,2.8305,4.8245,4.5078,0.0000,4.9907,4.4490,4.4928
4,524,29,10,1.5,2.2818,2.3320,2.6592,0.0000,0.0000,4.5814,4.3283,0.0000,0.0000
4,525,29,20,0.75,3.6584,5.0824,5.8460,0.0000,0.0000,5.0078,0.0000,4.4327,4.3700
4,526,29,20,1,4.1394,5.0399,5.9903,4.2730,4.2383,4.8381,4.6443,4.9352,5.1002
4,527,29,20,1.5,6.1450,7.2434,7.8006,5.1534,4.6898,6.8461,6.6938,5.3477,5.3455
4,528,29,40,0.75,9.1360,10.5031,11.9715,7.6369,7.1988,9.5677,8.0744,9.3602,8.2354
4,529,29,40,1,9.7831,11.0300,12.8360,8.4029,8.7517,9.9675,10.9329,10.8385,9.9984
4,530,29,40,1.5,10.6999,12.5268,14.0330,9.5922,9.4885,10.9416,11.2922,10.7793,9.7442
4,531,29,80,0.75,17.2290,20.0394,22.1673,14.4765,13.1117,18.0836,16.6612,18.7031,15.0515
4,532,29,80,1,17.3937,21.6221,23.8307,14.3588,14.4058,18.8214,19.0323,19.6285,17.2425
4,533,29,80,1.5,19.4560,23.3274,26.2737,15.3233,15.3304,20.0408,19.2567,20.1616,16.7273
4,534,29,160,0.75,34.2472,40.3964,44.7484,28.5119,25.6499,36.6144,31.8340,36.4870,28.5570
4,535,29,160,1,35.9703,43.8562,48.3002,29.4470,29.7009,38.4895,39.1652,39.4709,34.2253
4,536,29,160,1.5,38.9199,45.6552,52.9951,32.5471,32.0304,41.6652,40.7675,44.1674,37.9776
4,537,29,320,0.75,67.1700,81.3303,89.7116,56.3936,50.5885,73.5022,64.8729,74.8288,59.1698
4,538,29,320,1,75.1567,88.8090,99.6972,62.2796,61.3160,79.6918,79.1809,82.0184,71.5819
4,539,29,320,1.5,79.8144,93.9805,105.5987,65.9574,65.8720,84.8832,83.5928,88.0205,76.7880
4,540,30,10,0.75,1.5795,3.3744,3.4552,4.4891,4.3322,4.4690,4.2052,4.6966,4.7168
4,541,30,10,1,0.5019,2.4133,3.4817,3.9237,0.0000,0.0000,0.0000,4.6976,4.6104
4,542,30,10,1.5,1.5814,3.2022,3.7637,0.0000,0.0000,0.0000,0.0000,0.0000,0.0000
4,543,30,20,0.75,2.1445,4.2204,5.4086,3.6423,4.3578,4.6995,4.8536,5.5563,0.0000
4,544,30,20,1,3.5473,4.8667,7.7571,4.1178,0.0000,4.3283,0.0000,6.6634,6.3878
4,545,30,20,1.5,3.4198,6.5059,8.6419,0.0000,0.0000,5.9983,5.6437,7.4998,7.2912
4,546,30,40,0.75,7.1076,10.9418,13.6104,7.0611,6.0834,10.0048,8.8928,11.6332,10.3519
4,547,30,40,1,6.1027,10.7343,14.7850,6.0259,5.4827,9.9025,10.1684,12.5963,12.8447
4,548,30,40,1.5,7.1078,11.0914,16.8767,6.6311,6.3176,9.7924,9.6607,13.5019,12.9665
4,549,30,80,0.75,13.9254,19.5311,27.7646,13.1810,11.3847,18.2627,15.6357,23.4006,20.1276
4,550,30,80,1,15.1440,22.6244,30.2496,14.2902,13.6820,19.7443,18.9623,25.6257,24.8245
4,551,30,80,1.5,16.2493,23.4187,31.9013,15.6490,15.2859,20.8119,20.7795,26.3882,25.9255
4,552,30,160,0.75,25.7353,39.1484,54.5431,24.4573,21.3698,35.2515,30.7990,46.0530,40.6320
4,553,30,160,1,30.1349,43.0269,59.6375,28.5755,27.5119,38.9777,37.8016,50.2193,48.9594
4,554,30,160,1.5,31.1451,44.8779,63.8521,28.6610,28.0614,40.2855,39.2286,52.8600,51.5520
4,555,30,320,0.75,52.3142,79.6137,109.0367,50.0190,43.4537,72.2386,62.5170,92.0984,79.8349
4,556,30,320,1,59.4934,87.9672,119.9116,55.2293,53.6627,79.2265,77.5474,100.5191,98.0333
4,557,30,320,1.5,63.8150,93.6336,128.8675,58.5585,56.5836,83.2082,80.6795,107.0132,103.7531
4,558,31,10,0.75,1.0525,0.3514,2.1486,4.3825,0.0000,0.0000,4.4130,0.0000,0.0000
4,559,31,10,1,3.3604,2.3252,4.0092,4.8074,4.7499,0.0000,0.0000,4.5579,4.4782
4,560,31,10,1.5,0.5679,1.9484,2.7488,0.0000,0.0000,0.0000,0.0000,0.0000,0.0000
4,561,31,20,0.75,1.4133,2.3216,3.1394,0.0000,0.0000,0.0000,3.6432,4.1042,0.0000
4,562,31,20,1,0.7789,1.9957,2.8129,0.0000,0.0000,0.0000,4.0415,0.0000,4.2222
4,563,31,20,1.5,3.4142,3.5149,5.7102,0.0000,0.0000,0.0000,0.0000,4.6303,5.7455
4,564,31,40,0.75,6.0044,4.6956,8.3929,5.2180,5.3463,4.2465,4.3772,6.0569,6.3375
4,565,31,40,1,4.4579,4.4278,6.8858,4.5773,4.8009,0.0000,0.0000,5.7543,5.5204
4,566,31,40,1.5,4.0930,4.3497,8.4262,0.0000,4.4275,0.0000,4.3012,5.1032,6.6556
4,567,31,80,0.75,9.1683,9.0552,13.5348,7.8630,6.5880,7.9790,6.9171,10.5566,9.3324
4,568,31,80,1,8.6135,9.6406,15.2650,7.3018,7.3998,7.5947,7.9619,10.6095,12.0846
4,569,31,80,1.5,8.6360,8.6355,16.3524,7.4566,6.9864,6.6840,6.3188,10.3437,12.3432
4,570,31,160,0.75,15.8480,17.8181,26.3975,13.1978,12.1052,13.8718,13.8170,17.3922,17.9441
4,571,31,160,1,16.8609,18.1651,29.9341,12.4606,11.4967,14.1176,14.3752,21.2251,23.0672
4,572,31,160,1.5,20.6151,20.6838,32.7542,15.4963,14.6288,15.8313,16.4745,21.6809,24.9148
4,573,31,320,0.75,34.0736,34.6029,55.0840,26.4034,21.9579,26.4836,23.7584,36.7748,38.6307
4,574,31,320,1,37.5284,38.4508,60.5228,29.0071,27.2466,29.7340,28.8920,39.0496,45.8284
4,575,31,320,1.5,38.5961,38.2976,63.2512,30.2031,27.9963,30.7047,28.9005,41.9140,48.2002
4,576,32,10,0.75,3.0904,3.5904,3.4203,0.0000,0.0000,0.0000,0.0000,0.0000,0.0000
4,577,32,10,1,3.2331,3.7577,3.8663,0.0000,0.0000,4.1682,0.0000,4.6563,4.5744
4,578,32,10,1.5,0.6689,2.3216,2.6903,0.0000,0.0000,0.0000,0.0000,0.0000,4.3392
4,579,32,20,0.75,4.0595,7.6096,6.9481,4.3209,4.0930,6.4657,6.1823,5.9395,5.9643
4,580,32,20,1,3.8250,6.7760,5.7766,0.0000,0.0000,6.3084,6.0843,4.5788,4.3022
4,581,32,20,1.5,4.4303,7.3650,5.7120,4.4583,4.7001,5.8128,6.0934,4.7660,0.0000
4,582,32,40,0.75,8.4698,12.2662,13.1576,7.8400,6.4990,11.1064,9.1095,11.4315,9.7413
4,583,32,40,1,9.2606,14.8878,15.6122,8.7506,8.5444,13.3897,13.1065,13.3585,12.6888
4,584,32,40,1.5,8.6443,11.6017,13.3258,7.6438,7.2624,10.1386,9.2473,10.7290,10.1537
4,585,32,80,0.75,15.3634,22.7448,23.2476,14.5014,12.6456,20.4597,18.1637,20.3374,18.0103
4,586,32,80,1,17.7569,27.3008,27.5225,16.7886,16.4291,24.5104,24.1580,23.5662,23.3123
4,587,32,80,1.5,18.6270,27.1261,29.1073,17.2296,16.8842,23.8971,23.9910,24.7120,24.6579
4,588,32,160,0.75,30.6308,47.6609,49.1605,28.7461,25.0969,42.8923,37.5247,42.0348,37.2101
4,589,32,160,1,32.8545,51.7507,54.4093,31.2214,29.9676,45.9149,44.5623,45.4058,44.5280
4,590,32,160,1.5,37.6377,56.6850,60.1849,34.6810,33.3205,49.4791,48.1828,48.7789,47.4628
4,591,32,320,0.75,60.3715,94.4205,99.2008,57.4025,49.9281,84.3215,73.1419,83.2501,73.1014
4,592,32,320,1,65.6188,103.4759,109.4855,62.3674,60.5081,91.9716,89.6814,90.5802,88.3472
4,593,32,320,1.5,75.1291,113.8911,122.1779,68.9883,65.8758,100.2797,97.1868,100.3876,97.2217
4,594,33,10,0.75,1.3620,2.3282,2.2274,3.2564,0.0000,0.0000,0.0000,0.0000,0.0000
4,595,33,10,1,2.5939,2.4196,2.5130,4.7746,0.0000,0.0000,4.1255,0.0000,3.9248
4,596,33,10,1.5,2.0621,1.6266,1.7283,4.3110,4.1098,4.3324,4.2143,0.0000,0.0000
4,597,33,20,0.75,3.4708,3.1927,3.4753,0.0000,0.0000,0.0000,0.0000,0.0000,0.0000
4,598,33,20,1,4.2323,4.8595,5.7014,4.9611,4.8109,4.9111,4.7325,5.1538,4.8896
4,599,33,20,1.5,4.7763,4.9175,6.2234,4.9095,0.0000,4.8811,5.4105,6.5095,5.9991
4,600,33,40,0.75,7.0338,7.8241,8.8143,6.8645,6.3187,7.4869,6.3261,7.9927,6.6758
4,601,33,40,1,4.3430,5.8891,9.2073,4.7928,0.0000,5.8693,5.8021,8.3614,7.6158
4,602,33,40,1.5,5.1220,6.6883,9.7330,5.3850,5.3775,6.1120,6.1468,7.6973,6.6235
4,603,33,80,0.75,11.5291,14.5754,17.4421,10.8919,9.8578,13.1525,11.3654,14.5380,11.7780
4,604,33,80,1,11.2050,14.2431,18.7947,10.5570,10.0012,12.3047,11.9561,15.4837,14.2428
4,605,33,80,1.5,12.2048,14.5343,18.6190,11.0971,10.8730,12.6287,12.9981,16.1062,15.5683
4,606,33,160,0.75,19.7304,24.6979,33.7369,18.2394,14.6048,21.3143,18.5608,28.0109,22.5495
4,607,33,160,1,22.6489,29.2042,37.1402,21.4940,18.9167,25.2099,24.5495,31.3169,27.9501
4,608,33,160,1.5,25.2112,29.6012,39.1731,23.1189,21.2429,26.0310,24.5743,34.1371,30.1632
4,609,33,320,0.75,41.4838,49.9576,66.7266,38.3134,30.9553,44.6520,36.6214,54.4371,43.7148
4,610,33,320,1,44.9014,55.4337,71.4450,42.0475,37.4981,48.5204,46.3945,59.9862,54.1134
4,611,33,320,1.5,49.9808,59.4095,77.4140,45.1962,41.2008,51.6399,48.6142,66.7428,58.8586
4,612,34,10,0.75,1.5334,3.5669,1.1087,0.0000,0.0000,0.0000,3.7296,0.0000,0.0000
4,613,34,10,1,1.5087,3.9594,3.9580,3.8673,4.0406,4.4228,4.0241,0.0000,4.3853
4,614,34,10,1.5,3.1080,4.3614,3.5156,4.0602,0.0000,4.4255,4.4256,0.0000,0.0000
4,615,34,20,0.75,4.3009,6.1661,5.9346,4.3777,4.3067,5.4844,4.9880,5.7733,5.7158
4,616,34,20,1,4.3276,6.2420,7.7957,0.0000,0.0000,5.2349,5.3927,6.0137,6.2628
4,617,34,20,1.5,5.5611,7.9701,8.4092,5.3382,5.0180,7.2356,6.3672,7.6733,7.1942
4,618,34,40,0.75,8.5828,11.9357,13.7560,7.9518,7.0055,11.2367,9.5051,12.5129,11.1328
4,619,34,40,1,6.5696,12.8751,12.9202,6.9383,6.7704,12.6154,12.0050,12.3272,12.4965
4,620,34,40,1.5,11.4599,16.3492,15.6530,10.4271,9.7524,15.4451,14.5290,14.7845,13.6003
4,621,34,80,0.75,13.6655,23.2027,24.7948,12.8866,11.1145,22.2698,18.9832,23.1084,19.6733
4,622,34,80,1,15.8107,27.1406,27.7409,14.3915,13.7343,25.8033,24.6345,25.7287,24.6297
4,623,34,80,1.5,17.8148,28.9972,30.1177,16.9755,16.1053,27.7121,26.8525,28.5257,27.3101
4,624,34,160,0.75,28.8274,46.6347,48.5168,27.1110,23.8276,44.2840,38.9796,45.8843,40.2631
4,625,34,160,1,31.7536,50.9998,54.0723,29.5453,29.0103,48.5566,46.9431,49.9716,48.6604
4,626,34,160,1.5,35.7093,58.1477,60.4214,33.6238,32.4686,55.3329,52.9884,56.1038,53.6736
4,627,34,320,0.75,59.2883,94.3522,97.5591,55.8508,50.4008,89.8700,79.6476,92.1988,81.5207
4,628,34,320,1,62.7768,104.2295,107.7340,58.9758,58.1388,99.1328,96.6187,100.0369,97.3246
4,629,34,320,1.5,70.8178,114.1134,121.1464,66.2909,64.4260,108.0936,103.7556,112.3843,107.8489
4,630,35,10,0.75,1.0263,1.3643,2.2052,0.0000,0.0000,0.0000,0.0000,0.0000,4.4525
4,631,35,10,1,1.7352,2.3520,3.4629,4.0139,0.0000,4.6204,0.0000,0.0000,0.0000
4,632,35,10,1.5,1.3672,2.2122,2.4001,0.0000,0.0000,0.0000,0.0000,0.0000,0.0000
4,633,35,20,0.75,0.4187,1.3428,2.8778,4.1940,0.0000,4.2519,3.9371,4.0794,0.0000
4,634,35,20,1,4.9252,5.9130,7.3714,5.3416,5.5652,5.8323,6.0363,6.6988,7.5871
4,635,35,20,1.5,5.5595,5.7403,7.0323,5.4892,4.7496,5.5059,5.5139,6.5118,6.1376
4,636,35,40,0.75,5.3172,6.5402,9.5909,4.9834,0.0000,5.7212,5.6155,7.8436,7.3766
4,637,35,40,1,7.8773,8.1401,10.7508,7.2775,7.2507,6.9791,7.8064,8.8287,9.2551
4,638,35,40,1.5,8.6647,9.3178,11.3162,7.7522,6.9017,7.9505,7.8780,9.0124,8.7169
4,639,35,80,0.75,13.1936,14.3418,18.5326,12.0492,10.4807,12.3569,10.8666,14.4183,14.4885
4,640,35,80,1,14.5347,15.7928,20.7788,13.6113,13.3285,13.1179,14.5535,16.7733,17.3314
4,641,35,80,1.5,15.1585,16.5740,23.3025,13.9332,13.7290,14.3906,14.0666,17.6498,18.8079
4,642,35,160,0.75,24.8146,27.9220,37.3796,22.7603,19.4378,24.0013,21.9142,29.3921,27.3520
4,643,35,160,1,29.0684,31.7139,41.1808,26.4216,25.1568,27.5426,26.6780,32.7714,33.0933
4,644,35,160,1.5,31.0908,34.5514,45.5296,29.0766,27.7327,28.9396,29.7894,35.6049,36.9889
4,645,35,320,0.75,51.3700,56.8797,75.7747,47.1412,41.6302,49.0764,44.2707,59.8503,55.6578
4,646,35,320,1,57.3973,62.2237,83.6255,52.8915,51.2559,53.0596,54.2590,65.7532,67.6202
4,647,35,320,1.5,60.2335,67.0473,90.0355,55.7700,54.1542,57.2970,57.6286,69.8228,73.0635
