# NEW (G4 confirmatory: the declared spike endpoint re-tested with new seeds, newly drawn locations, independent null data, noise replicates and a detector-mismatch variant); infant12mo | commit ae458a9
replicate,event,location,strength_nAm,stretch,squid/combined_oracle_z,opm_matched/opm_oracle_z,opm_dense/opm_oracle_z,squid/combined_height_primary,squid/combined_height_mismatch,opm_matched/opm_height_primary,opm_matched/opm_height_mismatch,opm_dense/opm_height_primary,opm_dense/opm_height_mismatch
0,0,0,10,0.75,-0.1002,0.4306,0.2438,3.5317,0.0000,0.0000,4.4473,0.0000,4.3536
0,1,0,10,1,-0.0682,-0.0237,-0.8380,3.4434,0.0000,0.0000,0.0000,0.0000,0.0000
0,2,0,10,1.5,-0.4121,0.3045,-0.9068,0.0000,0.0000,4.6457,3.9268,0.0000,0.0000
0,3,0,20,0.75,0.3438,1.6658,1.4901,4.3123,4.4504,0.0000,4.2880,4.4139,4.3594
0,4,0,20,1,-0.0581,0.4724,1.3450,0.0000,0.0000,0.0000,3.6110,0.0000,4.7133
0,5,0,20,1.5,0.6171,1.4915,2.0017,4.1411,0.0000,0.0000,4.4588,0.0000,0.0000
0,6,0,40,0.75,-0.3466,3.4479,2.1603,0.0000,0.0000,0.0000,0.0000,4.4966,0.0000
0,7,0,40,1,1.3579,2.2878,2.3549,3.7244,0.0000,3.6323,0.0000,0.0000,3.6449
0,8,0,40,1.5,1.0126,2.9719,1.7738,4.1396,0.0000,4.6064,4.6142,0.0000,0.0000
0,9,0,80,0.75,0.8287,3.3763,2.8027,4.1719,4.4177,4.0956,0.0000,4.1791,4.2191
0,10,0,80,1,2.8325,4.6525,5.3541,0.0000,3.2119,0.0000,0.0000,0.0000,0.0000
0,11,0,80,1.5,4.8126,4.1779,5.1037,4.4631,4.5298,5.0369,5.0325,4.1083,4.4751
0,12,0,160,0.75,3.4958,7.6963,9.3943,0.0000,0.0000,7.0736,6.4740,6.5729,7.2069
0,13,0,160,1,4.9200,9.4149,10.9323,0.0000,0.0000,6.2175,6.5791,6.7816,7.3230
0,14,0,160,1.5,3.9811,9.1718,9.8391,5.0539,5.0428,6.2764,7.0104,6.0811,6.4062
0,15,0,320,0.75,7.5769,14.7958,16.0237,4.8722,0.0000,9.9354,9.5862,9.1175,9.1343
0,16,0,320,1,7.3929,15.5014,15.7696,5.2530,5.7472,10.0508,10.7985,10.8678,10.2654
0,17,0,320,1.5,10.9858,20.9260,21.1423,6.7231,7.2244,13.1170,14.8046,12.6787,14.0626
0,18,1,10,0.75,1.5944,1.7867,1.2847,3.8169,3.6692,0.0000,0.0000,0.0000,3.1778
0,19,1,10,1,0.4627,1.9823,1.0008,0.0000,0.0000,0.0000,0.0000,4.3401,4.2605
0,20,1,10,1.5,0.0884,-0.0678,-0.1370,4.0127,3.8189,0.0000,0.0000,3.9276,0.0000
0,21,1,20,0.75,1.3433,1.8378,1.9461,0.0000,3.8650,4.3509,4.6627,0.0000,0.0000
0,22,1,20,1,1.9428,1.7990,1.4811,0.0000,4.0157,3.5851,0.0000,4.0284,0.0000
0,23,1,20,1.5,2.1958,2.9571,3.6663,0.0000,0.0000,0.0000,0.0000,4.1966,0.0000
0,24,1,40,0.75,2.4576,2.1180,2.2144,5.1523,4.8117,4.9238,5.0590,4.1089,4.5214
0,25,1,40,1,4.4354,5.5340,4.4112,0.0000,4.2647,0.0000,4.5686,0.0000,3.7079
0,26,1,40,1.5,2.3324,2.6480,4.2506,4.0036,0.0000,3.9560,0.0000,0.0000,0.0000
0,27,1,80,0.75,7.1490,7.3054,8.8988,5.5544,5.2702,5.2490,5.2139,5.4793,5.3092
0,28,1,80,1,6.0428,6.4372,7.3315,3.9699,4.1342,4.7708,4.8252,4.1424,3.7763
0,29,1,80,1.5,6.5264,6.6838,7.8023,5.7072,5.8341,7.1706,6.9290,6.3076,6.3174
0,30,1,160,0.75,13.4298,14.3065,16.0237,10.3708,8.9188,11.7757,10.1885,11.3652,11.1859
0,31,1,160,1,14.4569,14.5413,18.0940,10.7475,11.4082,9.4989,10.4654,10.5419,10.9375
0,32,1,160,1.5,16.8451,17.7889,17.5397,11.6357,12.3292,11.8204,12.2472,9.4999,9.9523
0,33,1,320,0.75,25.5904,28.4736,31.4736,18.4216,16.2772,19.9090,18.2553,17.1513,15.8002
0,34,1,320,1,30.3738,32.1243,34.0663,21.5903,22.3924,22.1327,23.4953,19.5751,20.6787
0,35,1,320,1.5,32.6144,35.7734,37.1793,24.2451,24.0992,25.6723,26.0793,22.5970,23.1902
0,36,2,10,0.75,0.3829,0.3004,0.7301,0.0000,0.0000,0.0000,0.0000,0.0000,0.0000
0,37,2,10,1,0.9388,1.7029,1.1915,4.0858,0.0000,4.4649,4.7698,4.1482,3.8924
0,38,2,10,1.5,1.4404,0.7491,1.3643,0.0000,0.0000,0.0000,0.0000,4.3071,0.0000
0,39,2,20,0.75,1.1974,0.9651,2.1145,0.0000,4.1351,4.2828,3.9747,0.0000,3.9499
0,40,2,20,1,0.8792,1.6050,1.6321,4.6872,4.3359,0.0000,4.5257,0.0000,0.0000
0,41,2,20,1.5,1.1946,1.1892,2.6973,0.0000,3.2395,3.9737,0.0000,0.0000,0.0000
0,42,2,40,0.75,1.1046,2.5690,3.0079,0.0000,3.0571,4.5611,2.8286,4.2942,0.0000
0,43,2,40,1,3.7739,4.6571,4.1508,0.0000,4.0178,4.1491,0.0000,3.9437,3.8957
0,44,2,40,1.5,3.2600,3.5726,4.2546,4.3344,4.3992,4.7758,4.5260,4.2823,4.1819
0,45,2,80,0.75,4.8159,5.7479,5.4028,0.0000,0.0000,5.1592,4.7224,4.4131,4.3170
0,46,2,80,1,7.1945,8.0642,9.6288,6.9930,6.6493,7.6817,6.8238,8.4293,7.7580
0,47,2,80,1.5,6.1876,8.5665,10.4669,5.2615,5.4100,7.8028,7.9734,8.0083,8.2632
0,48,2,160,0.75,10.6627,13.1344,14.9222,9.3409,8.3356,11.0898,10.0641,11.0564,9.8317
0,49,2,160,1,11.9569,14.0308,17.2873,10.1707,9.9418,12.5184,12.0040,13.5510,13.9055
0,50,2,160,1.5,12.2868,14.5014,18.5794,9.8783,9.3491,12.6548,11.7119,15.2201,13.9023
0,51,2,320,0.75,21.2781,26.2769,29.5521,18.6453,16.2877,24.2658,21.1444,24.3694,21.9258
0,52,2,320,1,24.9051,28.7131,34.2411,19.9319,19.3242,25.1614,24.1489,25.7171,26.1335
0,53,2,320,1.5,27.1527,32.0749,39.0046,24.2113,23.3664,29.6877,28.8447,31.4693,31.3420
0,54,3,10,0.75,-0.2065,0.5399,0.5240,4.3596,4.3165,0.0000,0.0000,4.1682,0.0000
0,55,3,10,1,-1.0215,2.1937,0.7225,0.0000,0.0000,0.0000,0.0000,4.5031,4.6991
0,56,3,10,1.5,-0.4690,0.4559,0.3082,0.0000,0.0000,0.0000,0.0000,0.0000,0.0000
0,57,3,20,0.75,3.0403,1.8169,2.5770,4.1960,3.9044,0.0000,0.0000,0.0000,0.0000
0,58,3,20,1,2.2692,4.0924,4.6235,4.2911,0.0000,0.0000,0.0000,0.0000,0.0000
0,59,3,20,1.5,2.6248,3.4108,3.3094,0.0000,0.0000,0.0000,0.0000,0.0000,4.2182
0,60,3,40,0.75,2.9698,5.7228,5.0455,0.0000,0.0000,5.2604,4.8091,4.5826,4.8650
0,61,3,40,1,3.7399,6.9980,5.4486,4.3571,0.0000,6.3102,6.4899,0.0000,4.4266
0,62,3,40,1.5,4.3761,5.9602,5.1935,4.9064,0.0000,5.8672,5.3932,4.7947,0.0000
0,63,3,80,0.75,6.5745,12.7585,9.3666,5.7915,4.5856,11.3851,10.0601,7.9798,6.9052
0,64,3,80,1,7.7673,12.9261,11.8601,7.5323,7.2032,12.5370,12.6555,9.5594,9.9783
0,65,3,80,1.5,8.6530,15.4055,13.0532,7.4810,7.4476,13.7960,12.9345,10.8988,10.3322
0,66,3,160,0.75,14.6981,25.6180,21.9455,13.3976,11.9634,23.1806,20.1089,18.8145,15.7104
0,67,3,160,1,15.3149,27.9261,24.6029,12.9754,12.9510,24.5191,23.9627,19.4730,18.8999
0,68,3,160,1.5,18.5090,29.8033,26.6310,15.7722,14.4228,26.3391,25.1320,21.8079,19.4424
0,69,3,320,0.75,27.8487,48.8313,42.4010,24.2132,20.4532,44.1720,38.5965,34.6005,29.6148
0,70,3,320,1,32.4095,53.5470,47.0257,28.3058,27.1921,48.2949,46.5206,38.5841,36.4176
0,71,3,320,1.5,33.8881,57.6278,49.4470,29.0799,28.3425,51.3110,50.9173,39.3069,37.2918
0,72,4,10,0.75,0.4933,-0.0241,1.1012,0.0000,0.0000,4.0392,3.9951,0.0000,0.0000
0,73,4,10,1,-0.3401,-0.7712,-1.0635,0.0000,0.0000,0.0000,0.0000,0.0000,0.0000
0,74,4,10,1.5,0.2174,-0.5595,1.8388,0.0000,0.0000,0.0000,3.6627,0.0000,0.0000
0,75,4,20,0.75,-0.6076,1.1418,1.7087,0.0000,0.0000,0.0000,0.0000,0.0000,0.0000
0,76,4,20,1,2.0636,1.3898,3.0697,0.0000,0.0000,0.0000,0.0000,0.0000,0.0000
0,77,4,20,1.5,-0.2416,-0.2504,1.9630,0.0000,0.0000,0.0000,0.0000,4.4971,4.4748
0,78,4,40,0.75,2.4824,1.4703,3.8579,4.2630,4.3038,4.2997,4.2945,4.5972,0.0000
0,79,4,40,1,2.5635,3.1712,4.8336,3.8943,3.8438,0.0000,0.0000,4.4579,0.0000
0,80,4,40,1.5,3.7026,3.1370,3.9709,4.5349,0.0000,0.0000,0.0000,0.0000,4.3423
0,81,4,80,0.75,5.3653,4.2740,6.1975,4.3565,3.9644,0.0000,0.0000,5.2688,5.2459
0,82,4,80,1,7.1052,6.2006,8.3182,6.2971,6.0839,5.3718,5.3493,7.1035,6.9298
0,83,4,80,1.5,4.9348,3.7839,8.2578,4.3735,4.2180,4.0316,0.0000,6.0412,6.7590
0,84,4,160,0.75,10.3859,9.1383,14.9887,9.1113,8.2057,8.2832,7.6937,12.5191,11.0984
0,85,4,160,1,11.6817,10.6273,18.7566,10.2339,10.0361,10.3311,9.8989,14.5423,14.5220
0,86,4,160,1.5,12.7185,11.5350,19.5228,10.4998,10.0761,9.9315,9.9750,14.2678,14.2410
0,87,4,320,0.75,19.5663,18.6348,30.7699,17.1832,15.2554,16.4356,14.4202,23.9981,21.5937
0,88,4,320,1,24.1155,21.6466,35.5087,21.3084,21.2523,19.3111,19.1288,26.9054,27.0252
0,89,4,320,1.5,25.3535,21.7361,37.4579,20.1507,20.0834,18.8580,19.0689,27.1198,27.7553
0,90,5,10,0.75,1.6794,0.5492,2.0177,0.0000,3.8987,0.0000,0.0000,0.0000,0.0000
0,91,5,10,1,1.7176,1.8214,2.4013,0.0000,0.0000,4.3703,4.4816,0.0000,0.0000
0,92,5,10,1.5,1.5740,2.2903,2.1731,0.0000,0.0000,0.0000,0.0000,0.0000,0.0000
0,93,5,20,0.75,3.1158,2.0886,1.8990,0.0000,0.0000,4.0679,0.0000,0.0000,0.0000
0,94,5,20,1,3.6697,2.3405,4.9760,0.0000,0.0000,0.0000,3.7518,0.0000,3.8115
0,95,5,20,1.5,3.2315,2.1474,3.5357,0.0000,0.0000,4.2389,0.0000,3.6658,0.0000
0,96,5,40,0.75,3.9412,3.2098,6.4529,0.0000,4.5437,0.0000,4.4228,5.2738,5.3149
0,97,5,40,1,4.9362,3.9773,7.4519,4.2499,0.0000,0.0000,0.0000,5.1751,4.9396
0,98,5,40,1.5,7.0337,5.8939,8.9340,4.9333,4.9016,4.3991,4.0203,6.2252,5.4256
0,99,5,80,0.75,10.7705,9.8023,13.6321,8.2648,6.4763,6.9075,5.3729,11.1154,8.9153
0,100,5,80,1,9.5069,7.0931,13.2595,7.9185,8.1857,6.2638,5.5566,11.5258,11.1279
0,101,5,80,1.5,11.7853,8.5369,15.8609,8.5904,7.1647,5.9850,5.3216,12.2393,10.3484
0,102,5,160,0.75,20.3848,16.9116,25.8076,16.8278,14.5528,13.4919,11.2971,21.7151,18.3792
0,103,5,160,1,21.2938,17.3351,27.4732,17.1577,15.9308,13.2684,12.5997,22.1896,20.7681
0,104,5,160,1.5,22.8803,16.8884,30.5135,17.6302,16.8846,12.4909,12.2313,23.9579,22.7400
0,105,5,320,0.75,38.7937,32.6697,52.0398,30.2817,25.4098,24.6824,20.4146,41.7877,34.8090
0,106,5,320,1,43.8232,34.9209,57.1927,34.2686,32.6340,25.8580,24.7333,45.3698,42.7997
0,107,5,320,1.5,49.1301,38.3059,61.2781,38.3685,35.2282,29.1371,27.1924,47.3004,43.6882
0,108,6,10,0.75,-0.1667,0.5698,1.7102,4.2078,4.2865,0.0000,4.0194,4.1392,4.0652
0,109,6,10,1,2.6890,1.7749,2.8830,0.0000,0.0000,0.0000,4.0207,0.0000,0.0000
0,110,6,10,1.5,1.1695,0.4698,1.9286,0.0000,0.0000,4.8476,4.6767,5.2041,0.0000
0,111,6,20,0.75,1.6535,1.4106,2.4703,0.0000,3.8469,4.5501,4.3894,0.0000,0.0000
0,112,6,20,1,2.4680,2.7218,5.1190,0.0000,3.8791,3.8611,4.0048,4.9978,4.5236
0,113,6,20,1.5,2.3901,0.5930,3.8194,0.0000,4.2260,4.3461,0.0000,0.0000,4.3186
0,114,6,40,0.75,2.8226,2.0450,5.5445,0.0000,0.0000,4.4126,4.0993,4.8456,4.4913
0,115,6,40,1,4.7963,6.0867,8.7063,5.0597,4.7614,5.7758,5.6780,8.4360,8.2421
0,116,6,40,1.5,4.9760,4.9529,8.7257,4.8846,4.5099,5.2011,0.0000,7.8701,6.8847
0,117,6,80,0.75,8.0831,7.1840,14.9157,7.6649,7.1139,6.3784,5.3313,13.3826,11.6081
0,118,6,80,1,8.1551,8.5012,16.7207,8.2668,8.1163,8.0231,7.7255,14.6876,13.2854
0,119,6,80,1.5,6.0946,6.5775,17.3347,5.6932,6.1777,5.1209,6.1593,13.8067,13.5086
0,120,6,160,0.75,14.3048,13.3859,27.4294,13.0512,11.0729,12.2675,10.9005,24.2012,20.5708
0,121,6,160,1,15.0476,15.2776,32.6250,13.6356,12.6466,13.5390,12.4566,28.2413,26.3436
0,122,6,160,1.5,18.2477,17.2382,36.1115,16.7054,15.6329,14.8162,14.2024,30.6642,27.7479
0,123,6,320,0.75,28.5211,27.6521,55.7867,26.3115,22.9273,24.1237,20.6095,49.4650,42.4956
0,124,6,320,1,30.0039,28.5408,62.6697,28.2722,26.5905,24.6976,22.2671,55.0021,51.5881
0,125,6,320,1.5,34.5188,33.7958,71.1292,31.8724,30.4118,29.1889,27.8019,61.8150,57.6951
0,126,7,10,0.75,-0.0962,-1.1404,0.1255,0.0000,3.9073,4.0895,3.8252,3.9759,0.0000
0,127,7,10,1,-0.1323,-0.2388,0.5015,5.7464,5.3215,4.7325,0.0000,5.1288,0.0000
0,128,7,10,1.5,0.0104,0.6550,0.3504,0.0000,0.0000,0.0000,0.0000,0.0000,0.0000
0,129,7,20,0.75,3.4676,2.0609,0.7510,4.8154,4.4313,4.1049,4.3424,4.2767,4.5736
0,130,7,20,1,1.7448,2.0620,2.1126,4.0375,3.9940,0.0000,0.0000,0.0000,3.6514
0,131,7,20,1.5,0.7895,0.0761,0.5521,0.0000,0.0000,0.0000,0.0000,0.0000,0.0000
0,132,7,40,0.75,2.5471,1.6734,0.5464,0.0000,0.0000,0.0000,4.1437,0.0000,0.0000
0,133,7,40,1,2.8222,0.6956,2.1129,0.0000,0.0000,0.0000,0.0000,3.7886,0.0000
0,134,7,40,1.5,0.4934,-0.5508,-1.0412,0.0000,4.0683,0.0000,0.0000,0.0000,3.9374
0,135,7,80,0.75,3.8989,2.1627,2.5357,0.0000,0.0000,0.0000,0.0000,3.5456,3.0499
0,136,7,80,1,4.4514,3.8148,3.7096,4.0430,4.0541,0.0000,0.0000,0.0000,3.4687
0,137,7,80,1.5,2.0970,1.7359,3.1179,0.0000,0.0000,4.1897,0.0000,4.2476,0.0000
0,138,7,160,0.75,6.5787,3.6338,7.9499,5.8418,5.1491,3.9911,3.5896,7.1660,5.1694
0,139,7,160,1,8.2725,6.0759,7.7375,7.1937,5.7303,5.2508,4.7622,6.7566,5.2848
0,140,7,160,1.5,8.7246,6.7993,8.6817,8.2700,6.2986,6.5821,5.3367,8.4664,7.0706
0,141,7,320,0.75,15.1574,10.5353,14.1650,12.8861,9.8759,9.5215,7.2288,12.7553,9.4771
0,142,7,320,1,15.2827,10.9290,14.6313,13.0438,10.4321,10.0094,7.8325,13.4839,10.2512
0,143,7,320,1.5,19.3095,12.8944,17.6148,15.6139,12.0362,11.4647,9.1678,15.7456,12.6215
0,144,8,10,0.75,1.4296,1.1839,1.9923,4.4818,4.2855,0.0000,4.0178,0.0000,0.0000
0,145,8,10,1,1.4341,1.5189,1.7016,0.0000,0.0000,0.0000,0.0000,0.0000,0.0000
0,146,8,10,1.5,0.1362,1.4392,1.0633,4.1174,0.0000,4.2535,0.0000,5.2696,0.0000
0,147,8,20,0.75,0.9260,1.7522,2.7227,4.3164,0.0000,3.9582,0.0000,0.0000,0.0000
0,148,8,20,1,1.6901,2.8847,3.0329,3.2794,0.0000,0.0000,0.0000,0.0000,0.0000
0,149,8,20,1.5,2.4637,3.6911,3.1147,0.0000,0.0000,4.3828,4.4875,4.2693,0.0000
0,150,8,40,0.75,1.9066,5.4539,4.3318,0.0000,0.0000,4.6475,4.5758,3.9250,0.0000
0,151,8,40,1,4.7499,5.7199,7.2719,4.3061,3.8355,5.8732,4.8766,6.1255,5.6810
0,152,8,40,1.5,4.0899,5.8894,6.6320,4.0966,0.0000,5.8085,6.1486,5.4760,5.6916
0,153,8,80,0.75,5.6428,9.1137,9.6709,4.7387,4.1207,7.8287,7.2274,7.9485,6.8156
0,154,8,80,1,5.4219,10.2994,11.8602,5.6810,5.4765,9.8722,9.7225,9.7149,9.5044
0,155,8,80,1.5,8.9810,13.8422,12.9785,8.6788,8.2739,12.6874,12.2974,11.0663,10.6783
0,156,8,160,0.75,11.6391,17.9645,21.2253,10.8328,9.2160,16.8671,15.5645,18.1655,15.4687
0,157,8,160,1,13.5806,19.7567,22.6695,12.4883,12.3641,17.3891,16.5219,19.4228,19.0522
0,158,8,160,1.5,18.4259,21.4891,26.7868,16.2686,14.6249,19.2571,18.0141,22.8160,21.4138
0,159,8,320,0.75,25.4992,35.7027,39.9797,22.4109,18.7244,31.3897,26.2312,34.2269,27.8296
0,160,8,320,1,29.6844,39.4361,47.8825,26.4516,24.1557,35.1356,32.9076,39.8635,37.8204
0,161,8,320,1.5,31.5927,43.4502,51.1533,27.9185,26.4477,38.3814,35.9674,43.2386,40.3307
0,162,9,10,0.75,1.1226,1.6730,1.3051,0.0000,4.2900,0.0000,0.0000,0.0000,0.0000
0,163,9,10,1,-0.8481,0.0289,0.7471,0.0000,0.0000,0.0000,3.9404,0.0000,3.7945
0,164,9,10,1.5,1.8849,0.2347,1.7153,0.0000,0.0000,4.2118,3.9668,4.2915,4.0293
0,165,9,20,0.75,0.0313,0.2521,-0.0061,0.0000,0.0000,0.0000,0.0000,0.0000,0.0000
0,166,9,20,1,1.6659,2.1226,2.3168,0.0000,0.0000,3.7185,0.0000,0.0000,0.0000
0,167,9,20,1.5,3.1103,2.6396,2.8534,0.0000,0.0000,0.0000,3.0916,4.4149,3.9894
0,168,9,40,0.75,3.7067,3.6505,4.9838,0.0000,0.0000,4.6049,4.8396,4.2986,4.4767
0,169,9,40,1,2.5033,2.6393,2.6848,0.0000,0.0000,0.0000,0.0000,4.1566,0.0000
0,170,9,40,1.5,3.4522,3.5647,4.3347,0.0000,0.0000,0.0000,0.0000,5.7233,5.4235
0,171,9,80,0.75,5.0315,6.9005,7.6744,5.3207,4.4393,5.7445,5.6009,6.2243,5.3369
0,172,9,80,1,5.9668,7.4378,8.6773,5.3754,4.9542,5.8998,5.8026,6.5282,6.6917
0,173,9,80,1.5,6.0326,6.9017,7.3364,5.4928,5.5356,5.5098,5.6348,5.5071,5.9016
0,174,9,160,0.75,11.5034,13.3148,13.6482,9.3558,9.7623,10.1566,10.1472,10.6481,10.0094
0,175,9,160,1,12.2408,15.0220,15.0855,9.4407,9.8172,11.1186,10.7525,10.6802,10.9549
0,176,9,160,1.5,14.9206,16.1743,17.4366,11.4558,11.2806,12.1101,11.5697,13.3327,12.8408
0,177,9,320,0.75,23.4428,28.1524,28.8604,19.0961,16.6689,20.2186,17.2453,20.3725,18.8207
0,178,9,320,1,27.1070,31.3496,33.0668,20.5054,20.7146,22.8104,22.3190,23.8764,24.5541
0,179,9,320,1.5,26.1386,31.4623,32.8332,19.5602,19.9155,21.9126,21.9111,23.7737,24.0632
0,180,10,10,0.75,-0.7973,-1.0317,-0.0886,0.0000,0.0000,0.0000,0.0000,0.0000,0.0000
0,181,10,10,1,-1.2748,1.3578,1.1329,0.0000,0.0000,0.0000,0.0000,0.0000,0.0000
0,182,10,10,1.5,-0.6721,-2.2534,-0.8463,4.1037,4.3436,0.0000,0.0000,0.0000,0.0000
0,183,10,20,0.75,-0.4753,1.6905,0.9770,3.4778,0.0000,0.0000,3.8456,4.6962,4.2585
0,184,10,20,1,1.7616,0.8510,1.4071,0.0000,4.0386,0.0000,4.2354,0.0000,0.0000
0,185,10,20,1.5,0.7099,0.8907,2.2315,3.4445,0.0000,0.0000,0.0000,0.0000,0.0000
0,186,10,40,0.75,-0.4555,0.4428,2.2928,4.2761,0.0000,0.0000,0.0000,0.0000,3.4902
0,187,10,40,1,0.2215,-0.5269,-0.4071,0.0000,0.0000,3.7986,3.7676,0.0000,0.0000
0,188,10,40,1.5,0.1269,0.0067,1.8597,4.5758,0.0000,4.3948,0.0000,5.2467,0.0000
0,189,10,80,0.75,-0.4543,1.8713,1.9967,4.4788,4.5660,4.2382,4.3099,0.0000,0.0000
0,190,10,80,1,-0.1354,2.1699,2.9015,4.4235,0.0000,0.0000,0.0000,0.0000,0.0000
0,191,10,80,1.5,1.0032,2.2389,2.8265,0.0000,4.1316,0.0000,0.0000,4.3784,4.9807
0,192,10,160,0.75,3.1364,2.2063,1.9844,0.0000,0.0000,0.0000,0.0000,0.0000,0.0000
0,193,10,160,1,2.3553,3.6723,3.9984,4.3303,0.0000,4.4638,4.1869,0.0000,0.0000
0,194,10,160,1.5,1.8773,4.1795,4.5858,4.4116,4.1302,4.1883,0.0000,4.7931,0.0000
0,195,10,320,0.75,4.0052,5.0384,6.2756,3.6324,0.0000,0.0000,0.0000,4.4392,4.3227
0,196,10,320,1,3.4476,3.3311,6.7908,0.0000,0.0000,4.3874,0.0000,4.7067,4.9676
0,197,10,320,1.5,4.9435,5.6760,8.7827,0.0000,0.0000,5.0398,0.0000,6.9691,6.0027
0,198,11,10,0.75,-0.3696,1.5176,0.6124,4.1618,4.5838,0.0000,0.0000,3.7886,0.0000
0,199,11,10,1,0.7312,0.3054,1.7677,0.0000,4.0182,4.7453,0.0000,0.0000,0.0000
0,200,11,10,1.5,1.2273,-0.1109,0.7261,0.0000,0.0000,0.0000,0.0000,0.0000,0.0000
0,201,11,20,0.75,0.0147,0.4398,-0.1669,0.0000,0.0000,0.0000,0.0000,0.0000,0.0000
0,202,11,20,1,0.3639,0.2865,0.5254,3.9831,3.9918,0.0000,0.0000,0.0000,0.0000
0,203,11,20,1.5,1.0179,0.6198,-0.0062,4.4372,4.2480,4.1885,0.0000,4.0133,3.6047
0,204,11,40,0.75,-1.8954,-0.7138,-1.3783,0.0000,0.0000,3.5237,3.6058,0.0000,0.0000
0,205,11,40,1,0.1085,0.0027,3.2778,4.0525,0.0000,4.2396,0.0000,0.0000,4.2193
0,206,11,40,1.5,-0.2173,2.5093,3.0729,0.0000,0.0000,3.7387,3.8089,0.0000,3.7958
0,207,11,80,0.75,2.7498,3.5157,4.3580,4.6680,4.4229,5.3387,0.0000,0.0000,0.0000
0,208,11,80,1,3.4348,3.0027,4.8889,0.0000,0.0000,0.0000,0.0000,0.0000,0.0000
0,209,11,80,1.5,2.1473,2.5213,3.2139,4.8476,4.2276,0.0000,0.0000,0.0000,0.0000
0,210,11,160,0.75,3.1314,4.1008,4.9096,0.0000,0.0000,4.7834,3.9837,0.0000,0.0000
0,211,11,160,1,3.7291,3.3519,7.2146,0.0000,0.0000,0.0000,0.0000,0.0000,0.0000
0,212,11,160,1.5,5.1425,5.6104,9.5369,4.8520,4.9344,0.0000,0.0000,5.0688,5.0424
0,213,11,320,0.75,7.7473,6.7870,12.2556,4.4928,0.0000,4.2221,0.0000,4.7377,4.2181
0,214,11,320,1,8.3437,9.5405,15.4507,5.5365,5.3539,4.8548,5.2418,6.5368,6.9681
0,215,11,320,1.5,10.9472,10.0566,16.4218,6.8313,5.9393,5.8994,5.3514,6.6416,6.9206
0,216,12,10,0.75,2.3257,1.6065,1.6918,0.0000,0.0000,3.7252,0.0000,0.0000,0.0000
0,217,12,10,1,0.5373,0.4996,1.0524,0.0000,0.0000,0.0000,3.8524,0.0000,0.0000
0,218,12,10,1.5,0.6655,1.7991,2.4928,0.0000,3.7928,0.0000,0.0000,0.0000,0.0000
0,219,12,20,0.75,1.9131,1.2206,1.1277,0.0000,0.0000,4.1369,3.7826,0.0000,0.0000
0,220,12,20,1,2.9046,2.4286,3.0018,0.0000,0.0000,4.5379,4.2394,0.0000,0.0000
0,221,12,20,1.5,2.5002,2.9958,3.4295,3.5951,3.2842,3.9544,0.0000,3.9948,0.0000
0,222,12,40,0.75,3.1136,4.6716,3.3987,4.3348,4.0552,4.7915,0.0000,4.1447,4.1852
0,223,12,40,1,5.0086,7.3928,6.4804,4.9746,5.0804,7.0163,6.3964,6.4826,5.8267
0,224,12,40,1.5,1.5988,2.4614,3.0989,0.0000,0.0000,0.0000,0.0000,0.0000,0.0000
0,225,12,80,0.75,7.7123,9.6748,10.0015,7.8970,6.2889,9.6838,7.6825,9.7784,7.7709
0,226,12,80,1,11.2500,12.8400,14.4266,11.2739,10.4486,12.3791,11.4748,13.3513,12.7492
0,227,12,80,1.5,11.1575,12.2723,14.6744,10.4457,10.2048,11.7669,11.1368,13.5296,12.9223
0,228,12,160,0.75,16.6092,18.9246,23.6392,14.6024,12.7103,17.2998,14.9596,20.8655,17.8968
0,229,12,160,1,19.3899,20.9951,23.9509,17.9915,17.4113,19.0677,17.8276,21.8724,20.8210
0,230,12,160,1.5,21.0106,22.9599,26.3821,19.4201,18.6099,21.7165,21.0907,24.0631,22.5961
0,231,12,320,0.75,34.5516,37.6282,45.2498,31.2900,27.1182,34.8714,29.6447,40.3034,34.3175
0,232,12,320,1,37.6179,42.2960,49.7545,33.8707,32.6959,38.6392,36.9240,43.5507,41.7981
0,233,12,320,1.5,41.3428,46.1468,54.1120,38.3943,36.6466,43.2481,41.2293,49.0901,46.2297
0,234,13,10,0.75,1.5996,1.8924,2.7664,0.0000,0.0000,0.0000,3.6500,0.0000,3.4443
0,235,13,10,1,1.9651,2.2941,2.0187,0.0000,4.1461,0.0000,0.0000,4.7207,4.4642
0,236,13,10,1.5,1.4381,0.9496,2.7110,4.9599,5.0755,0.0000,0.0000,0.0000,0.0000
0,237,13,20,0.75,2.3646,3.0927,3.8570,3.7421,0.0000,4.2903,0.0000,0.0000,0.0000
0,238,13,20,1,2.5779,3.1022,3.8278,0.0000,0.0000,0.0000,0.0000,0.0000,0.0000
0,239,13,20,1.5,3.2978,4.1947,4.9273,3.9420,0.0000,0.0000,0.0000,4.3307,4.2997
0,240,13,40,0.75,4.7823,6.8338,7.2507,4.7770,4.5394,6.6057,6.3387,7.0063,6.8599
0,241,13,40,1,6.0283,7.4413,8.6066,5.4788,5.3701,7.1801,6.6747,7.7061,7.2606
0,242,13,40,1.5,7.3737,7.2524,8.5546,6.9294,7.1631,6.8076,7.5654,7.9390,7.9939
0,243,13,80,0.75,11.5878,13.5413,14.2244,10.6975,9.4428,12.9632,11.0591,13.3722,11.6513
0,244,13,80,1,10.7016,12.2124,14.2434,10.2595,10.5859,11.7106,12.2669,13.8860,14.2749
0,245,13,80,1.5,15.0605,18.2075,20.3300,13.6316,13.3196,16.3760,15.9593,18.3423,17.5925
0,246,13,160,0.75,22.5856,26.5039,29.3271,20.9050,18.4343,24.2976,21.9899,26.8111,23.0928
0,247,13,160,1,25.4888,30.8696,34.9595,23.5857,22.8644,28.2247,28.3715,31.7619,31.3438
0,248,13,160,1.5,25.1208,31.2761,35.9703,23.0963,22.8513,28.1079,28.2866,31.9206,31.6299
0,249,13,320,0.75,44.6627,54.0729,60.2866,41.9806,36.8678,50.2486,44.8662,56.0804,49.8457
0,250,13,320,1,50.1275,60.3335,68.6513,46.8797,45.7049,55.7434,55.9902,63.2104,62.6997
0,251,13,320,1.5,52.5630,63.3140,73.3598,48.1667,46.5183,57.4265,56.8747,66.0820,64.7046
0,252,14,10,0.75,1.7316,0.4176,2.0970,0.0000,3.9432,0.0000,0.0000,4.2175,3.9514
0,253,14,10,1,1.2395,0.1866,1.0262,4.3363,4.4998,0.0000,4.5641,0.0000,4.0582
0,254,14,10,1.5,3.4024,2.7287,2.9710,0.0000,0.0000,0.0000,4.9306,0.0000,0.0000
0,255,14,20,0.75,2.4971,1.9128,3.9548,4.0400,3.9206,0.0000,0.0000,0.0000,0.0000
0,256,14,20,1,0.8566,2.1868,5.4986,0.0000,0.0000,4.2108,0.0000,5.6070,5.5845
0,257,14,20,1.5,4.6304,5.3149,5.5522,4.6423,0.0000,5.1148,4.0248,5.2798,4.2857
0,258,14,40,0.75,4.7667,5.2957,7.6541,4.7706,4.0971,5.5670,0.0000,7.4780,6.2595
0,259,14,40,1,4.2407,5.3025,9.9199,4.7147,0.0000,5.6874,5.1835,9.9518,8.9001
0,260,14,40,1.5,6.8581,8.3305,11.2762,6.6727,6.3847,8.0543,7.2535,11.1010,10.2947
0,261,14,80,0.75,11.6680,11.5372,17.5221,11.5435,10.3253,11.4192,9.5397,17.3647,14.7301
0,262,14,80,1,10.5776,10.7980,17.3683,10.4757,9.6607,10.3141,9.0560,16.9772,15.7277
0,263,14,80,1.5,11.3040,13.4202,20.3733,11.3984,10.6890,12.8215,11.0607,20.1454,17.8381
0,264,14,160,0.75,17.8650,21.3133,31.4148,17.3583,14.9595,20.4816,15.9656,30.7467,26.1130
0,265,14,160,1,19.8665,24.8431,37.2694,19.5162,18.2484,24.6084,21.6097,36.6348,33.6105
0,266,14,160,1.5,23.0322,25.6553,41.2339,22.8965,21.1877,24.8662,21.1494,40.8743,37.3608
0,267,14,320,0.75,37.6749,44.3609,67.0016,36.8752,30.9377,43.3462,34.7303,65.9809,56.2291
0,268,14,320,1,41.1953,46.7696,74.9295,40.7323,38.9639,45.6898,41.1778,73.6946,68.7503
0,269,14,320,1.5,43.5884,51.0475,81.2670,43.3061,41.0964,49.2872,43.1028,80.2092,72.7536
0,270,15,10,0.75,-0.0418,1.4324,1.3689,0.0000,4.5080,4.1796,4.3041,0.0000,3.8682
0,271,15,10,1,1.4993,4.0020,5.1347,0.0000,0.0000,4.7707,4.4229,4.5358,4.2846
0,272,15,10,1.5,0.2094,3.1524,3.8576,0.0000,0.0000,4.4767,4.0001,0.0000,0.0000
0,273,15,20,0.75,3.9720,5.0307,6.7466,5.0248,4.9090,4.5927,4.8146,6.2195,6.0290
0,274,15,20,1,1.9586,6.4330,7.3351,4.4878,4.1376,6.2865,6.0361,6.6150,7.0784
0,275,15,20,1.5,3.7293,7.8161,8.0987,0.0000,4.4500,7.5743,6.8531,6.9357,7.2298
0,276,15,40,0.75,6.1813,12.9322,12.2004,6.0914,5.5618,12.1828,10.8844,10.5777,9.6118
0,277,15,40,1,8.0409,13.7736,16.3060,7.2888,6.9269,13.0466,12.7780,14.1735,14.2784
0,278,15,40,1.5,7.5324,14.5360,16.3715,6.9846,6.4171,13.6788,12.5447,12.9742,13.1323
0,279,15,80,0.75,12.8051,24.4923,27.6667,12.2401,10.4464,23.2408,20.3137,23.8504,22.4070
0,280,15,80,1,13.0358,27.0541,30.6429,11.7138,11.0242,25.7402,24.6284,25.2071,25.6605
0,281,15,80,1.5,15.3259,29.7620,33.0897,14.4625,14.2014,27.8879,27.2670,27.3541,29.2223
0,282,15,160,0.75,22.5153,47.5515,53.9232,21.7591,18.8507,45.5662,39.7035,46.3184,42.9869
0,283,15,160,1,25.4660,54.8098,60.2991,23.0907,22.8784,51.5875,49.7976,49.9142,52.1448
0,284,15,160,1.5,28.8397,58.7667,65.0661,26.2008,25.8287,55.2922,53.2987,54.4885,56.5333
0,285,15,320,0.75,48.7177,97.7074,107.8218,45.0432,39.4461,93.0273,81.1026,90.6681,83.9428
0,286,15,320,1,54.0492,111.0841,121.2473,49.3691,48.9397,105.3518,102.1798,100.9025,105.4762
0,287,15,320,1.5,59.9747,120.1632,132.3028,54.9082,52.8567,112.8960,107.8660,110.4378,113.8125
0,288,16,10,0.75,1.6947,0.6765,0.8701,0.0000,3.9833,4.2734,4.2521,0.0000,0.0000
0,289,16,10,1,0.1511,1.5859,1.1828,4.6971,0.0000,0.0000,0.0000,0.0000,0.0000
0,290,16,10,1.5,1.0111,1.8556,1.8744,0.0000,0.0000,0.0000,4.3380,0.0000,0.0000
0,291,16,20,0.75,2.7476,4.3032,3.4686,4.4942,0.0000,0.0000,0.0000,0.0000,0.0000
0,292,16,20,1,6.9669,7.5245,8.0104,5.9850,5.8509,6.2771,6.5405,6.4967,6.4380
0,293,16,20,1.5,1.7347,3.2400,2.8195,4.9800,0.0000,4.3509,0.0000,4.6850,4.3978
0,294,16,40,0.75,6.9612,8.9697,9.4451,4.8494,4.5405,7.5033,6.1362,6.1498,5.3945
0,295,16,40,1,6.8574,8.8186,8.5264,5.1335,5.3045,8.0501,7.8882,5.0226,4.9584
0,296,16,40,1.5,7.4712,9.2234,8.8923,6.1752,5.7385,8.1945,8.1356,7.1435,6.3114
0,297,16,80,0.75,12.9276,15.6963,15.0777,9.6865,8.4774,13.3708,11.4168,10.1378,8.8987
0,298,16,80,1,13.3041,16.6893,16.8695,9.8829,9.4874,13.4068,12.0399,12.3017,11.1351
0,299,16,80,1.5,16.5064,20.7991,18.7049,12.2186,11.8833,17.2476,16.1181,12.7571,11.7616
0,300,16,160,0.75,25.0311,34.1817,31.3032,17.8108,15.4358,29.8582,25.4994,20.5051,16.5142
0,301,16,160,1,28.8999,38.0641,35.5323,19.4156,18.7261,32.9865,31.1528,24.1565,22.4408
0,302,16,160,1.5,31.4022,39.8743,37.2183,22.5450,21.8270,33.8279,31.5746,25.5370,22.9796
0,303,16,320,0.75,52.9663,69.0416,64.6120,39.1666,35.3085,59.5510,49.8099,44.7151,37.5180
0,304,16,320,1,56.2779,71.4116,68.6948,40.1747,39.7060,61.3539,58.0931,45.9839,42.8195
0,305,16,320,1.5,61.6070,78.9031,75.6035,44.9751,43.3650,67.5527,63.1227,50.3971,46.1695
0,306,17,10,0.75,1.4059,2.4037,2.4693,4.5733,0.0000,0.0000,0.0000,0.0000,4.1797
0,307,17,10,1,0.8734,1.9980,2.4421,4.0650,3.8873,0.0000,0.0000,3.9619,3.6415
0,308,17,10,1.5,0.5787,2.3699,2.4852,0.0000,0.0000,0.0000,4.3692,0.0000,4.3541
0,309,17,20,0.75,4.5563,7.3839,6.9517,0.0000,0.0000,6.6988,5.6814,5.9531,5.2946
0,310,17,20,1,2.9012,6.1096,5.9628,4.8305,0.0000,6.2074,5.1877,5.0252,4.8708
0,311,17,20,1.5,3.8270,5.5256,6.3170,3.8371,0.0000,5.7834,6.0304,5.4706,6.1937
0,312,17,40,0.75,4.8826,11.6709,11.5036,0.0000,4.5839,11.1159,8.4661,9.6187,7.9843
0,313,17,40,1,6.0098,10.4809,11.6006,5.6738,5.0696,8.9226,7.3841,10.9564,9.8767
0,314,17,40,1.5,5.9142,10.7809,12.9825,5.2207,5.1861,9.7897,7.5979,11.2793,9.4982
0,315,17,80,0.75,11.1280,21.0526,23.1600,10.3163,8.1290,19.3872,14.8261,20.5154,15.7109
0,316,17,80,1,14.4558,23.9838,26.7321,13.1666,11.8513,21.1728,17.8084,23.9522,20.8138
0,317,17,80,1.5,14.1452,24.9753,27.6272,13.2463,11.9257,22.7416,19.2055,24.5676,22.1602
0,318,17,160,0.75,24.4813,40.6788,46.1379,22.8494,18.2313,36.6754,26.7688,41.8151,33.5592
0,319,17,160,1,26.5170,44.9441,50.1574,24.1102,21.5301,40.7937,34.9695,44.3885,38.9723
0,320,17,160,1.5,30.5719,51.0511,58.3622,28.1097,24.8678,45.6893,37.9847,52.0318,45.6129
0,321,17,320,0.75,49.1290,82.9623,93.7173,45.7279,36.6318,75.1818,57.4412,83.3006,66.4059
0,322,17,320,1,55.0608,91.4992,103.1320,50.5645,45.6830,82.7340,70.7917,92.0951,81.3389
0,323,17,320,1.5,58.6146,99.6474,114.1571,53.1934,46.8306,88.7500,73.7009,101.0827,88.0180
0,324,18,10,0.75,1.5943,0.9335,0.8742,0.0000,0.0000,0.0000,0.0000,4.3832,4.1857
0,325,18,10,1,2.9380,1.2608,1.5114,0.0000,0.0000,4.1392,0.0000,4.5699,4.1583
0,326,18,10,1.5,0.4803,1.0302,2.0444,0.0000,0.0000,4.3348,3.9254,4.2249,4.3622
0,327,18,20,0.75,2.7240,3.4503,3.6309,3.9770,0.0000,3.7379,0.0000,3.7210,0.0000
0,328,18,20,1,1.2920,3.0462,2.6320,3.9692,4.2697,4.5499,4.0098,0.0000,0.0000
0,329,18,20,1.5,1.7336,3.0628,2.6011,4.8831,4.4895,0.0000,0.0000,4.2671,3.8303
0,330,18,40,0.75,4.0313,4.1836,4.4579,4.2910,0.0000,0.0000,3.9482,0.0000,4.0812
0,331,18,40,1,4.9432,5.2695,4.9156,0.0000,4.8298,4.5137,4.3018,4.2275,0.0000
0,332,18,40,1.5,6.4640,7.0395,8.0701,5.5295,4.5120,5.9684,4.9356,6.5776,5.6171
0,333,18,80,0.75,9.4086,11.0497,11.3013,9.3736,8.9552,10.3063,8.8099,10.2725,9.2973
0,334,18,80,1,8.8302,12.0354,12.5382,8.3293,7.5963,10.7513,9.3393,10.3786,9.2120
0,335,18,80,1.5,9.6189,12.6477,12.3068,9.3389,8.3009,10.2760,9.3577,10.5510,9.0008
0,336,18,160,0.75,17.8057,23.4017,23.7540,16.4855,13.5367,20.7343,16.0464,18.6712,15.3771
0,337,18,160,1,19.3121,23.8415,24.3416,17.8422,16.6040,21.2299,18.6402,19.4706,18.5303
0,338,18,160,1.5,22.6888,27.7713,28.8178,20.7281,19.7291,24.7864,21.0980,23.1362,21.9669
0,339,18,320,0.75,35.6629,44.3958,47.3178,33.1994,27.5540,38.9321,30.2075,37.1451,31.7579
0,340,18,320,1,40.2077,50.6576,52.4842,37.8437,35.1815,43.9521,38.4190,41.3015,39.5680
0,341,18,320,1.5,44.1993,53.6325,56.2886,40.8997,37.5523,46.2174,39.9522,44.1367,41.6569
0,342,19,10,0.75,2.3838,1.5860,1.8393,4.3015,0.0000,0.0000,4.3559,4.2328,3.7729
0,343,19,10,1,2.9155,3.5381,2.9539,4.3573,0.0000,0.0000,0.0000,0.0000,0.0000
0,344,19,10,1.5,3.5219,4.0383,4.3708,0.0000,0.0000,0.0000,0.0000,0.0000,4.3817
0,345,19,20,0.75,3.5523,4.2884,4.7760,4.2592,4.4844,4.2050,4.2873,4.4964,4.5433
0,346,19,20,1,3.5204,4.1421,5.8110,0.0000,0.0000,0.0000,4.5312,0.0000,0.0000
0,347,19,20,1.5,3.3606,3.5199,4.4122,0.0000,4.0941,0.0000,3.8037,4.3123,4.0766
0,348,19,40,0.75,7.1811,7.7052,10.4492,4.8278,4.6077,5.0670,4.5619,6.5099,5.3800
0,349,19,40,1,8.2179,9.1137,10.8367,6.6256,5.9702,7.0023,6.2592,7.7605,6.9626
0,350,19,40,1.5,10.8546,9.9694,12.6562,8.0934,6.9258,7.8624,6.9340,8.8026,7.7542
0,351,19,80,0.75,15.8752,15.9712,19.8289,12.7343,10.1092,12.9443,11.1275,14.1601,12.2543
0,352,19,80,1,16.3976,17.7915,22.2357,11.5185,10.9759,12.2177,12.1195,12.9665,13.4774
0,353,19,80,1.5,16.1015,17.4899,22.6561,11.4887,10.5597,12.6064,12.5581,13.9026,12.7428
0,354,19,160,0.75,29.6664,31.8394,38.9670,22.6092,18.8158,22.8938,19.6644,26.1245,21.0750
0,355,19,160,1,32.7983,35.5773,43.4262,23.7519,22.0562,25.3634,24.1057,28.0856,25.2902
0,356,19,160,1.5,35.3197,36.2170,47.6288,24.5526,22.5146,25.6603,24.4978,30.2164,27.2632
0,357,19,320,0.75,61.6095,65.9295,78.0687,45.7487,38.0017,48.0709,39.9879,52.8306,43.2244
0,358,19,320,1,66.9035,71.0654,87.3267,49.4206,45.4665,51.8931,47.4019,57.4705,51.8976
0,359,19,320,1.5,71.1256,74.1847,94.0695,51.1868,47.7617,53.1692,49.9239,60.2012,54.7122
0,360,20,10,0.75,0.4831,0.8636,1.5457,3.2945,0.0000,4.1840,0.0000,0.0000,0.0000
0,361,20,10,1,-0.1496,1.0586,1.3575,0.0000,0.0000,0.0000,0.0000,0.0000,0.0000
0,362,20,10,1.5,2.6143,2.5061,3.1434,4.5524,0.0000,4.5792,0.0000,4.2652,4.1942
0,363,20,20,0.75,2.1363,4.3501,4.4708,0.0000,0.0000,0.0000,0.0000,0.0000,0.0000
0,364,20,20,1,4.6579,5.8900,5.9953,5.0567,5.0073,6.9590,6.9398,6.2905,6.4797
0,365,20,20,1.5,5.2529,5.8278,6.6741,5.2700,4.4145,6.2399,5.7200,6.5873,5.3946
0,366,20,40,0.75,5.5550,9.7481,10.7961,5.4811,5.1186,9.1688,8.1191,9.9842,9.0923
0,367,20,40,1,7.4099,10.3819,10.4572,7.4706,7.3577,9.6559,9.1603,9.9308,10.1442
0,368,20,40,1.5,6.2068,11.2701,12.0036,5.7766,6.0055,10.4645,10.2658,10.6661,10.7008
0,369,20,80,0.75,9.3374,17.9790,18.7144,8.9382,7.8060,16.0016,14.3860,16.0988,15.4951
0,370,20,80,1,11.9466,20.4459,22.0524,11.2982,10.6465,18.0559,17.7797,18.7156,18.8579
0,371,20,80,1.5,12.6137,23.1827,24.6975,12.0927,10.0847,20.5979,18.9743,21.3695,20.5156
0,372,20,160,0.75,22.0256,37.8444,40.8685,21.2631,18.0874,33.4481,29.6335,35.8386,32.4021
0,373,20,160,1,24.5057,42.9181,45.4542,22.9973,21.3229,38.0889,37.4394,39.8673,40.0480
0,374,20,160,1.5,24.6739,42.0436,46.7574,22.9649,21.9494,37.1652,35.4492,40.8389,40.1288
0,375,20,320,0.75,42.3693,73.7177,79.3102,40.8318,34.9475,66.2266,58.5955,70.5483,63.2737
0,376,20,320,1,46.1111,80.1105,86.4129,43.8893,42.1227,71.8112,70.9343,75.7171,76.1084
0,377,20,320,1.5,50.6309,87.7991,94.2890,47.5133,44.4647,78.4396,75.5820,82.5354,81.1568
0,378,21,10,0.75,4.1076,3.6453,4.9734,0.0000,4.3517,0.0000,4.7560,4.6090,4.6231
0,379,21,10,1,0.7025,2.0543,3.5042,4.4936,4.3714,3.9916,4.4482,0.0000,4.4230
0,380,21,10,1.5,1.4967,2.8782,3.4671,0.0000,4.1862,0.0000,0.0000,0.0000,4.5011
0,381,21,20,0.75,3.8387,3.9175,7.1854,4.6494,4.4872,4.3910,4.2778,5.0492,5.2621
0,382,21,20,1,3.3081,3.7620,6.1097,0.0000,0.0000,0.0000,0.0000,0.0000,0.0000
0,383,21,20,1.5,4.4202,6.6479,8.0227,4.2991,0.0000,5.3893,4.7670,4.8726,4.4746
0,384,21,40,0.75,8.3275,9.9334,14.2234,6.6707,6.1396,7.4416,7.3247,7.9944,8.3183
0,385,21,40,1,7.9123,10.0347,12.8487,6.9337,6.7924,8.5242,8.9446,7.9719,9.1711
0,386,21,40,1.5,9.8722,11.9157,15.5393,7.5730,8.1039,8.8546,8.7781,9.4532,9.8625
0,387,21,80,0.75,14.9412,20.1170,23.8557,10.9022,9.7160,15.0931,14.5041,15.2125,15.2172
0,388,21,80,1,18.3708,23.4189,29.5659,13.5944,13.6039,17.8229,18.9246,17.4505,19.7333
0,389,21,80,1.5,19.8455,24.3790,29.9688,14.1391,14.5712,18.5273,19.0094,17.3752,19.5143
0,390,21,160,0.75,30.3978,39.5019,49.3710,24.2520,21.2052,30.9091,27.5630,29.8582,28.8401
0,391,21,160,1,36.5335,45.9574,56.4337,27.5633,27.5445,35.6294,36.4478,34.2835,37.4466
0,392,21,160,1.5,37.7914,47.8150,59.9725,28.7228,28.7495,35.9179,37.1841,35.1859,38.9413
0,393,21,320,0.75,62.9025,81.2264,101.9280,49.9969,44.1060,63.6031,59.0017,64.1881,63.0083
0,394,21,320,1,72.2999,91.0974,113.0328,55.1640,54.1016,70.9299,72.6053,68.9746,75.8061
0,395,21,320,1.5,76.4035,98.1654,121.3279,55.9660,55.9776,74.3858,76.0835,71.1386,78.4221
0,396,22,10,0.75,2.2147,2.2433,3.1338,4.6018,0.0000,0.0000,0.0000,4.2470,0.0000
0,397,22,10,1,1.5004,2.2063,3.4345,0.0000,4.4833,0.0000,0.0000,0.0000,0.0000
0,398,22,10,1.5,1.3348,1.4713,2.3597,0.0000,0.0000,0.0000,0.0000,0.0000,0.0000
0,399,22,20,0.75,3.9905,4.5243,5.5051,0.0000,0.0000,0.0000,0.0000,4.8036,4.3792
0,400,22,20,1,3.0639,4.1891,6.7798,0.0000,0.0000,0.0000,0.0000,5.1656,4.9168
0,401,22,20,1.5,3.0861,4.2393,6.4703,4.5171,4.4362,4.6961,0.0000,5.2460,5.0801
0,402,22,40,0.75,7.2176,7.2460,11.0672,7.0142,5.6715,6.4973,5.4848,8.4258,7.4502
0,403,22,40,1,6.1544,7.9726,13.1107,5.7980,5.8873,6.7464,7.0704,10.8731,11.0217
0,404,22,40,1.5,7.0898,8.9064,12.4958,6.6835,6.7234,7.4027,8.4548,10.9753,12.1060
0,405,22,80,0.75,12.3604,14.5977,20.1796,11.4230,10.0016,12.0319,10.8871,16.6715,15.2621
0,406,22,80,1,10.8583,14.0913,21.2563,10.1066,8.8815,13.1064,12.3183,17.9911,18.6225
0,407,22,80,1.5,13.5932,14.8487,22.9216,11.7825,11.6157,12.9211,12.3797,18.7098,19.1721
0,408,22,160,0.75,23.4549,29.4502,41.6852,20.1965,18.8725,24.5144,21.0786,34.9628,31.9670
0,409,22,160,1,26.1442,31.1009,45.1508,23.4493,23.0440,26.3044,25.4444,36.8124,37.9717
0,410,22,160,1.5,29.1526,34.1188,51.4836,26.6721,26.3568,28.0242,27.7106,42.5711,42.5649
0,411,22,320,0.75,48.0468,58.5421,84.5739,42.0074,38.6950,48.4434,41.7608,69.3489,63.7195
0,412,22,320,1,52.4622,63.8471,93.4872,45.0017,45.3966,53.6813,52.2474,77.2995,79.7445
0,413,22,320,1.5,58.1798,68.1893,100.0574,51.1481,51.1126,58.1975,55.8760,83.5434,85.0333
0,414,23,10,0.75,3.4573,3.1368,4.0745,0.0000,0.0000,4.7109,4.3299,4.6875,4.4374
0,415,23,10,1,3.0746,3.9757,3.4951,4.8058,4.3141,0.0000,0.0000,4.2190,0.0000
0,416,23,10,1.5,0.5088,1.1107,0.8088,4.4932,3.9566,0.0000,3.7741,0.0000,3.9393
0,417,23,20,0.75,1.5370,3.6610,3.9345,0.0000,0.0000,4.1995,4.2180,0.0000,4.2605
0,418,23,20,1,3.6160,4.1914,5.4689,0.0000,0.0000,4.0455,0.0000,5.2393,5.0331
0,419,23,20,1.5,1.7189,3.4925,3.8040,0.0000,0.0000,0.0000,0.0000,0.0000,0.0000
0,420,23,40,0.75,5.9660,7.7835,7.5135,5.7337,5.2936,7.2336,6.8159,7.1509,6.6658
0,421,23,40,1,4.5458,6.6640,6.6950,0.0000,0.0000,6.6517,6.7945,6.3634,6.5939
0,422,23,40,1.5,5.8695,8.9012,9.1281,5.8018,6.2278,8.5437,8.6255,8.4562,8.7368
0,423,23,80,0.75,7.6330,12.4182,12.3531,7.4201,7.1298,11.1942,11.0489,11.3130,11.1587
0,424,23,80,1,10.8009,16.1780,16.4058,10.5773,10.5115,14.8070,15.7068,15.2218,15.4132
0,425,23,80,1.5,12.0537,17.1397,17.5824,11.6232,11.1974,16.1239,16.1253,16.3532,16.1757
0,426,23,160,0.75,17.1682,24.9781,27.8726,16.8813,14.4614,23.4070,21.1044,26.0012,22.6762
0,427,23,160,1,19.3010,28.8751,29.6557,19.1827,18.6997,27.5269,27.2550,27.8540,27.7079
0,428,23,160,1.5,19.8107,30.0034,32.0865,19.5996,19.2245,28.2166,28.4359,29.7029,28.4549
0,429,23,320,0.75,33.8146,52.1219,53.6013,33.5826,29.0544,49.5922,44.0816,50.7284,43.6090
0,430,23,320,1,40.9316,59.8805,63.0167,39.9081,38.1261,56.3906,56.0014,58.3676,57.4144
0,431,23,320,1.5,43.1162,62.6799,66.4583,42.2080,39.7866,59.2677,58.3288,61.8069,59.5683
0,432,24,10,0.75,1.6905,1.2306,0.6860,3.6464,3.8028,4.4704,4.2729,0.0000,0.0000
0,433,24,10,1,-0.5675,0.5530,-0.0695,0.0000,0.0000,0.0000,0.0000,4.7012,0.0000
0,434,24,10,1.5,1.8860,1.9157,2.3290,0.0000,0.0000,3.9270,3.6236,5.0479,4.4213
0,435,24,20,0.75,3.2232,2.8758,3.5944,0.0000,0.0000,4.8746,4.3565,4.3153,4.4053
0,436,24,20,1,3.7803,4.3450,3.9472,0.0000,0.0000,0.0000,0.0000,0.0000,0.0000
0,437,24,20,1.5,3.2561,3.8677,3.3846,0.0000,0.0000,0.0000,0.0000,0.0000,3.7936
0,438,24,40,0.75,5.7552,5.1983,6.0612,5.1675,4.5640,5.2680,4.7823,5.7608,5.0172
0,439,24,40,1,6.2608,7.2033,7.4934,6.4576,6.6083,7.1664,7.2648,7.4803,7.9651
0,440,24,40,1.5,7.3994,7.5775,8.1320,5.9035,5.8709,6.2086,5.6515,6.3600,5.9094
0,441,24,80,0.75,10.3467,11.6092,12.6207,9.4037,8.0232,10.8109,8.9282,10.9959,9.2666
0,442,24,80,1,10.9115,12.3975,13.3611,10.0045,9.1597,11.3818,10.8223,11.5605,10.7066
0,443,24,80,1.5,11.1791,11.9150,12.1950,10.2822,9.9088,10.8385,10.3510,10.9997,10.7250
0,444,24,160,0.75,18.9744,20.9281,21.1742,17.3953,14.9996,19.4616,16.2997,19.2044,16.5795
0,445,24,160,1,23.5573,26.2868,26.9888,21.5033,21.0796,24.1209,23.6769,24.0200,23.8361
0,446,24,160,1.5,23.1191,26.0179,27.2026,21.6167,20.6681,23.9725,22.6395,24.1559,23.0093
0,447,24,320,0.75,42.3990,45.9393,48.1213,38.9336,33.4850,42.6448,36.6397,42.6236,37.0088
0,448,24,320,1,46.4233,52.3140,53.3114,43.7066,42.4916,48.7011,47.3568,48.1640,47.2025
0,449,24,320,1.5,48.9410,53.2912,54.5364,45.1041,42.8689,49.0195,46.5069,48.7551,46.9101
0,450,25,10,0.75,1.7353,2.6546,4.2778,0.0000,0.0000,0.0000,0.0000,0.0000,0.0000
0,451,25,10,1,4.7527,3.7981,5.0071,4.3150,4.2985,4.3630,0.0000,4.6122,4.5817
0,452,25,10,1.5,1.9838,4.2453,2.3936,4.5287,4.0438,4.4162,0.0000,0.0000,0.0000
0,453,25,20,0.75,2.5052,3.2476,3.7345,3.8513,0.0000,2.6918,3.8596,0.0000,4.2369
0,454,25,20,1,2.4748,4.6550,5.9883,0.0000,0.0000,3.5196,0.0000,3.7701,4.5210
0,455,25,20,1.5,4.5831,6.0435,6.6122,0.0000,4.0941,4.9626,5.1064,5.6313,5.6547
0,456,25,40,0.75,6.0137,11.8103,11.9171,5.8513,5.5973,9.2798,8.5114,9.9249,9.1559
0,457,25,40,1,10.7606,13.6228,14.9227,9.7715,9.1397,11.5123,10.9398,12.8519,12.4008
0,458,25,40,1.5,9.5593,12.4961,13.7603,7.7425,8.1061,9.5077,9.9397,10.9114,11.2554
0,459,25,80,0.75,15.0820,20.2385,22.1400,13.8749,12.1046,16.7215,14.3816,18.0809,15.9954
0,460,25,80,1,15.9462,21.3235,24.4117,13.4901,13.6168,17.0258,17.3974,19.4127,20.2234
0,461,25,80,1.5,17.3615,22.7029,26.6042,14.9824,14.7733,19.1727,19.2147,21.2573,21.2807
0,462,25,160,0.75,30.4584,42.4133,45.9541,27.4639,24.4471,36.0054,32.0678,39.5719,35.4880
0,463,25,160,1,33.4127,46.1569,52.0975,29.6664,28.6634,38.2220,37.3071,42.4929,42.3065
0,464,25,160,1.5,36.4407,48.5722,55.1335,31.5168,30.8316,40.2860,39.8527,44.4970,44.9021
0,465,25,320,0.75,59.9324,83.0331,91.6875,52.0905,46.0105,66.2382,59.1112,74.6170,67.7379
0,466,25,320,1,67.5158,90.1601,102.5301,60.1205,59.5264,74.7422,74.8838,84.7100,86.0749
0,467,25,320,1.5,72.2470,96.7712,109.9726,60.7540,60.2526,77.4848,77.1263,87.5967,88.5270
0,468,26,10,0.75,2.9222,3.5746,4.3994,0.0000,0.0000,0.0000,0.0000,0.0000,0.0000
0,469,26,10,1,2.7383,3.7768,4.4853,4.5869,0.0000,0.0000,4.2920,0.0000,4.2799
0,470,26,10,1.5,2.6539,4.2708,5.2798,0.0000,0.0000,0.0000,0.0000,4.4828,4.2308
0,471,26,20,0.75,5.2694,7.0465,9.1279,4.4765,4.1226,6.3021,5.4916,5.6654,5.5390
0,472,26,20,1,7.4731,8.0457,10.2831,5.6916,6.4293,6.4895,7.4131,5.7392,6.4093
0,473,26,20,1.5,6.5113,8.0630,9.4117,5.4250,5.2859,6.1211,6.1217,5.4957,5.5476
0,474,26,40,0.75,12.9633,16.1492,18.9354,9.7761,9.2887,12.9387,11.8052,10.3704,10.5140
0,475,26,40,1,11.5641,17.5296,20.2636,8.9023,8.8519,13.7032,13.7847,11.2449,12.4911
0,476,26,40,1.5,14.4206,18.4320,22.9038,10.7901,11.0613,14.4961,14.5905,12.0583,12.7628
0,477,26,80,0.75,23.6552,31.9422,36.0345,17.9922,16.4878,25.5431,22.5748,20.5095,19.7234
0,478,26,80,1,24.9113,32.5906,38.9467,17.9540,17.9499,25.8698,25.7328,21.3041,22.7817
0,479,26,80,1.5,28.1332,35.2963,44.1890,21.1057,21.0187,28.4706,28.2439,22.9524,25.6200
0,480,26,160,0.75,47.7269,60.3585,71.0674,35.8423,31.9078,49.3610,43.2065,39.4761,38.9248
0,481,26,160,1,52.8563,67.6661,80.3277,40.1227,39.7628,54.5806,53.9833,44.1657,46.7577
0,482,26,160,1.5,55.7089,72.0166,87.8898,41.6808,41.2404,57.2054,56.7339,46.0764,49.7325
0,483,26,320,0.75,93.7266,123.1073,143.9340,70.8733,63.5817,99.3566,88.2999,79.3502,77.3101
0,484,26,320,1,105.5733,136.4802,161.0723,77.6399,78.0230,109.9454,110.1340,87.0463,96.1780
0,485,26,320,1.5,115.1150,145.2666,173.4789,84.5321,84.3183,115.7850,115.5892,93.6380,100.8588
0,486,27,10,0.75,2.2402,2.9436,2.7539,0.0000,4.7465,0.0000,3.9467,4.4016,0.0000
0,487,27,10,1,2.6169,2.1241,4.3365,0.0000,0.0000,4.7655,3.8615,0.0000,4.2376
0,488,27,10,1.5,2.7779,2.3593,3.6536,0.0000,0.0000,4.3103,0.0000,0.0000,0.0000
0,489,27,20,0.75,4.4487,4.5670,5.8503,4.4335,3.8626,4.7407,4.2153,6.0031,5.2868
0,490,27,20,1,5.0006,4.6415,6.6896,4.4316,4.2052,0.0000,0.0000,4.8513,4.6137
0,491,27,20,1.5,3.3051,3.4194,5.2126,0.0000,0.0000,0.0000,0.0000,0.0000,0.0000
0,492,27,40,0.75,6.4315,6.5189,10.3902,5.1762,4.1997,4.3631,3.9616,5.9492,5.4816
0,493,27,40,1,8.8968,9.3018,12.3630,6.2432,6.1710,5.7740,5.9308,6.2304,6.3906
0,494,27,40,1.5,11.1114,10.3831,14.6243,7.2766,6.6418,7.1873,6.7314,9.2890,8.6155
0,495,27,80,0.75,15.8872,15.9753,21.8897,10.9273,9.6591,9.5818,8.5556,11.2347,9.9760
0,496,27,80,1,18.4133,18.2093,25.0064,11.6816,11.7951,10.8758,10.7712,12.7684,12.1283
0,497,27,80,1.5,20.0613,20.1038,28.6058,12.8469,13.6320,11.4139,12.3611,13.5964,13.3577
0,498,27,160,0.75,32.8047,32.7675,45.3765,21.3066,19.2451,19.7536,17.8224,24.2052,20.8800
0,499,27,160,1,34.6853,35.1822,50.1397,21.1066,21.5488,19.7755,19.8935,25.0290,24.2497
0,500,27,160,1.5,38.5694,38.0390,54.8247,24.3044,24.0987,22.8292,22.8606,27.2093,26.7147
0,501,27,320,0.75,64.6073,64.4179,89.7728,41.9792,37.0143,38.2411,34.3117,47.8260,42.2039
0,502,27,320,1,73.4342,72.1255,99.6260,46.6450,46.4173,43.1338,44.0720,50.3883,49.1661
0,503,27,320,1.5,76.4051,74.3031,107.9914,45.6818,45.0354,43.0216,42.6830,53.7969,51.8475
0,504,28,10,0.75,2.1480,2.0237,3.6278,0.0000,0.0000,0.0000,0.0000,4.7303,5.0869
0,505,28,10,1,1.9650,1.2304,2.3451,0.0000,0.0000,0.0000,0.0000,0.0000,0.0000
0,506,28,10,1.5,2.2325,3.4725,5.0417,4.6831,4.6898,4.6280,0.0000,4.5790,4.5953
0,507,28,20,0.75,4.5409,5.1078,6.9700,4.9195,4.4003,0.0000,4.2037,4.6779,4.7671
0,508,28,20,1,5.3242,6.0903,7.1664,5.6228,5.2634,5.1355,5.1765,5.7248,5.6831
0,509,28,20,1.5,4.3880,5.2860,7.8670,4.2390,0.0000,4.6727,0.0000,5.8742,5.8746
0,510,28,40,0.75,7.6545,9.1511,11.4932,6.9271,5.9722,7.5704,6.3069,8.4638,7.4730
0,511,28,40,1,11.1617,12.8433,14.6409,8.8179,9.1618,9.3643,9.4515,11.7881,11.5982
0,512,28,40,1.5,8.6705,9.1769,12.8608,7.6145,7.8933,6.7888,6.1837,9.6039,9.0648
0,513,28,80,0.75,15.7477,17.6736,23.4045,13.8606,12.5366,13.6657,11.7250,16.8299,14.3350
0,514,28,80,1,17.0247,18.8875,24.4236,14.5464,14.0983,13.5196,12.4810,17.8479,17.0798
0,515,28,80,1.5,18.3753,21.4548,27.1755,16.1997,14.8738,15.1473,13.7427,20.1612,19.3968
0,516,28,160,0.75,29.4139,34.8100,45.7804,23.6645,20.9391,24.7015,20.8018,32.6301,29.7036
0,517,28,160,1,33.6184,37.1361,49.7227,28.0137,27.1989,27.3289,26.1319,36.3243,34.7377
0,518,28,160,1.5,35.2455,41.4192,54.4091,30.2434,28.4566,30.6616,28.4795,38.9679,37.0265
0,519,28,320,0.75,58.8341,68.4901,90.0731,47.9926,42.0802,48.8354,40.8617,63.9430,55.8613
0,520,28,320,1,65.5626,74.7606,96.9652,54.9010,52.1777,54.6889,51.0346,69.5350,66.1308
0,521,28,320,1.5,71.6826,80.1285,105.8726,59.8141,56.4762,58.3551,53.7118,74.9402,72.2107
0,522,29,10,0.75,1.9814,2.6563,3.3673,0.0000,0.0000,0.0000,0.0000,4.5650,4.1941
0,523,29,10,1,4.0088,4.3586,4.9067,0.0000,0.0000,0.0000,4.5880,4.2396,4.3590
0,524,29,10,1.5,3.0205,2.1864,3.7292,0.0000,4.0286,0.0000,0.0000,0.0000,0.0000
0,525,29,20,0.75,3.4882,4.0040,6.0002,4.3338,0.0000,0.0000,4.1184,0.0000,4.3224
0,526,29,20,1,4.2733,7.1352,8.6571,4.3310,4.3705,5.8143,6.4504,5.9643,7.5739
0,527,29,20,1.5,6.8425,9.4017,9.5172,5.9081,6.0271,8.1384,8.9879,7.2808,8.4707
0,528,29,40,0.75,6.8576,13.9676,13.1997,6.0072,6.5636,11.3162,10.6086,8.5784,9.9533
0,529,29,40,1,8.7097,15.6185,17.4467,7.5047,8.0027,12.2229,14.3534,10.7066,13.8607
0,530,29,40,1.5,9.8707,16.5412,18.4780,8.2411,8.8430,13.7564,14.2116,12.0993,14.1320
0,531,29,80,0.75,16.1931,27.2685,30.1252,14.2283,14.1113,22.5041,22.6593,18.9052,22.2330
0,532,29,80,1,21.7978,32.6335,36.6282,18.6860,20.4115,26.4420,29.5715,22.7513,29.9621
0,533,29,80,1.5,20.6529,32.0948,36.7122,17.7046,18.9721,25.2278,28.1593,22.7708,28.5119
0,534,29,160,0.75,34.1379,56.5702,62.8670,29.7976,28.6162,44.0156,44.9472,39.3100,45.6178
0,535,29,160,1,38.5585,61.4654,67.0355,32.5818,36.1527,48.5794,54.8526,42.0856,53.9947
0,536,29,160,1.5,40.1185,64.7844,72.9204,34.4095,36.6151,51.4292,56.4027,45.0579,57.0734
0,537,29,320,0.75,66.2554,109.9748,121.5362,56.8446,55.6612,87.0094,87.8953,76.1110,88.1799
0,538,29,320,1,74.6714,122.5639,134.6279,65.0002,70.3023,97.8317,109.9964,85.2157,109.6845
0,539,29,320,1.5,83.0899,133.1106,147.2321,71.1713,76.0239,105.3219,116.7397,93.1576,117.3198
0,540,30,10,0.75,1.5280,1.8859,3.1042,5.2405,5.2631,4.6966,4.5501,5.3442,5.1736
0,541,30,10,1,4.0373,3.9457,4.5234,0.0000,0.0000,0.0000,0.0000,0.0000,0.0000
0,542,30,10,1.5,3.4193,3.0505,4.7796,0.0000,4.1071,0.0000,3.3030,4.6911,3.5398
0,543,30,20,0.75,5.2101,4.1416,5.5227,5.3046,5.2578,4.2014,0.0000,5.3855,4.7294
0,544,30,20,1,6.3679,5.4709,8.8747,5.9892,6.0882,5.9294,5.4841,7.6410,8.0215
0,545,30,20,1.5,5.0798,4.9011,8.0261,5.1564,4.8693,5.2304,5.1803,7.1071,7.1455
0,546,30,40,0.75,9.4873,8.7784,13.2262,8.5829,7.4877,7.9152,6.8962,11.1454,9.9204
0,547,30,40,1,13.0106,11.8401,16.2776,12.1369,11.8522,11.1584,11.2015,13.5094,13.1886
0,548,30,40,1.5,10.6699,8.7317,15.2903,10.4171,9.6471,8.1379,8.0170,12.7946,13.1363
0,549,30,80,0.75,20.7557,20.2332,29.1031,19.8413,17.2573,18.5205,16.6173,24.8552,20.9409
0,550,30,80,1,22.1274,19.7403,30.6470,19.8050,19.1399,17.5792,16.7714,25.0307,24.9628
0,551,30,80,1.5,23.4323,21.5939,32.6333,21.0950,20.8850,20.1441,19.5784,27.4998,27.4567
0,552,30,160,0.75,41.9742,38.9702,57.6586,38.5499,33.4903,35.5088,31.5728,47.9743,42.0967
0,553,30,160,1,44.6807,41.4187,61.4912,40.9863,39.5070,37.2250,36.7567,51.1241,49.3658
0,554,30,160,1.5,49.4569,44.7425,64.9724,45.0756,43.7246,41.4648,40.2965,53.6711,51.7396
0,555,30,320,0.75,81.1264,76.5354,112.0217,75.2448,65.0733,68.0479,60.4582,93.9102,80.2287
0,556,30,320,1,90.4160,82.9608,123.4751,82.6166,79.2351,75.1732,74.3255,101.5730,97.7104
0,557,30,320,1.5,99.0413,89.1281,132.9348,89.3672,87.3196,81.1291,79.9980,109.5768,107.3596
0,558,31,10,0.75,2.2156,3.3721,4.4953,0.0000,0.0000,4.1142,0.0000,4.3871,4.4808
0,559,31,10,1,4.4216,3.4331,3.7671,4.9379,4.9898,0.0000,0.0000,0.0000,4.4571
0,560,31,10,1.5,1.5607,2.2192,3.2057,0.0000,4.6421,0.0000,4.4757,4.5333,4.3852
0,561,31,20,0.75,3.4851,4.9713,6.3534,4.2670,0.0000,4.6470,4.4487,5.2418,4.7977
0,562,31,20,1,2.9009,4.2877,5.2035,0.0000,0.0000,0.0000,0.0000,0.0000,0.0000
0,563,31,20,1.5,3.9725,5.1773,6.2082,4.9166,4.3542,5.1002,4.6757,5.5766,5.7256
0,564,31,40,0.75,5.1866,8.6167,10.7383,0.0000,0.0000,7.2160,6.6306,8.9008,7.4639
0,565,31,40,1,6.3360,8.7864,11.6613,6.1015,6.3174,8.0565,8.1291,9.6920,9.5251
0,566,31,40,1.5,5.0780,9.8553,13.3278,5.5021,5.6050,8.1818,8.5589,10.2324,10.6341
0,567,31,80,0.75,10.4971,16.7154,19.6084,9.6477,8.2985,15.0610,13.7557,15.9575,14.5904
0,568,31,80,1,14.2018,19.8139,24.2708,12.5877,12.2846,18.0294,17.5762,19.6905,18.9064
0,569,31,80,1.5,15.6903,21.3062,25.6956,14.3012,14.2925,19.7803,19.3635,21.7504,21.3900
0,570,31,160,0.75,25.0142,35.5651,42.4015,22.8285,20.5252,31.5629,27.5302,35.1663,30.7847
0,571,31,160,1,26.0606,39.4714,47.7776,24.3369,23.8582,36.0208,35.3335,40.1513,38.6159
0,572,31,160,1.5,28.0276,41.5540,51.3234,24.9087,24.4928,36.9711,36.5378,41.0174,39.6783
0,573,31,320,0.75,48.0199,69.5242,83.4118,44.2893,39.9132,61.9562,56.3230,70.4571,62.6723
0,574,31,320,1,52.1676,74.5462,91.5754,47.6670,47.1699,66.8198,66.1004,75.4420,74.4046
0,575,31,320,1.5,56.3595,81.7121,100.5590,51.0985,50.0613,73.7623,72.1764,82.9489,81.0486
0,576,32,10,0.75,2.8890,3.7934,4.6590,0.0000,0.0000,0.0000,0.0000,4.8561,4.4670
0,577,32,10,1,0.8664,3.5775,3.3815,0.0000,0.0000,4.0812,0.0000,0.0000,3.8373
0,578,32,10,1.5,4.1393,4.2035,4.2658,4.3972,4.6712,4.5146,0.0000,4.3499,4.4373
0,579,32,20,0.75,3.7562,6.8128,7.4957,4.8353,4.1791,4.9991,4.4727,5.0541,4.3742
0,580,32,20,1,5.6496,9.2369,8.6986,5.2360,5.2026,6.6019,6.1805,6.2037,6.1074
0,581,32,20,1.5,5.3828,7.3142,7.9719,5.1177,4.6311,5.5656,5.2079,5.9163,5.1137
0,582,32,40,0.75,7.1929,12.2367,13.5663,6.7089,6.7056,9.4832,8.8933,10.5050,9.7362
0,583,32,40,1,9.2525,16.9798,16.4950,7.7754,7.9172,10.9201,10.5665,11.2929,10.9546
0,584,32,40,1.5,11.0066,17.8195,17.4395,9.4377,9.9319,11.7582,11.3792,11.8432,11.7114
0,585,32,80,0.75,19.6734,29.0565,29.3122,17.4576,15.4931,22.7056,20.0400,23.2857,20.2114
0,586,32,80,1,18.4064,28.0953,28.9694,15.4470,15.1280,19.7844,19.5193,20.7567,20.3832
0,587,32,80,1.5,19.5182,32.5021,33.2409,16.5547,16.2599,21.5599,20.6999,22.6503,21.8497
0,588,32,160,0.75,34.2885,54.9897,54.3503,30.7265,26.2554,40.3070,34.5350,41.4790,35.2112
0,589,32,160,1,38.8373,61.6291,62.9665,34.0769,33.5425,44.4206,43.1674,46.7096,44.9355
0,590,32,160,1.5,41.5771,67.8564,67.4506,35.8439,34.0924,46.4390,44.1621,47.5928,44.8076
0,591,32,320,0.75,68.2753,108.9407,108.3616,60.2112,51.0235,79.2246,66.9775,81.7713,68.9496
0,592,32,320,1,76.5165,121.2254,121.2085,67.1652,64.8505,86.7947,83.6039,89.7302,85.5775
0,593,32,320,1.5,85.2384,133.7465,135.4979,73.3122,70.7083,94.1253,90.5234,97.6440,92.7030
0,594,33,10,0.75,1.2565,4.1165,3.7138,0.0000,0.0000,0.0000,4.5970,0.0000,4.6452
0,595,33,10,1,2.4827,5.0942,5.0976,0.0000,4.6780,4.6027,4.8416,4.2983,4.4161
0,596,33,10,1.5,1.8985,4.4322,4.2849,0.0000,0.0000,5.0605,5.4546,4.2641,4.5815
0,597,33,20,0.75,3.2302,8.6593,8.3146,0.0000,0.0000,8.3851,7.7193,7.3429,7.4925
0,598,33,20,1,6.0441,11.5062,12.0097,5.4940,5.4078,10.3084,10.4936,9.5515,9.9073
0,599,33,20,1.5,5.5130,11.1134,11.2152,5.1888,4.7878,9.6520,10.3563,8.4045,9.2460
0,600,33,40,0.75,8.4019,17.5700,19.3394,7.4903,7.5356,16.8326,13.8464,16.3619,15.4229
0,601,33,40,1,7.7919,18.8149,20.0251,7.1682,7.3907,17.0038,16.1061,15.6337,15.5700
0,602,33,40,1.5,9.7756,22.0190,22.4438,7.9957,8.8300,20.1623,19.8608,17.1208,18.6546
0,603,33,80,0.75,13.9751,35.5072,35.9607,12.2074,11.0542,32.3627,28.8053,28.2370,27.5188
0,604,33,80,1,18.9373,39.1985,41.1729,15.8467,16.3411,35.7308,35.3767,32.5635,34.9321
0,605,33,80,1.5,20.5844,44.1811,46.2900,16.7426,17.4567,40.0815,39.2367,36.6494,38.2036
0,606,33,160,0.75,30.6258,71.2793,72.7933,26.2861,25.0926,65.2398,58.2441,57.6798,55.1897
0,607,33,160,1,35.1317,77.4218,81.5807,29.4472,30.6011,70.0780,69.3560,64.1271,68.0194
0,608,33,160,1.5,41.2014,85.2655,89.8337,34.0588,34.6224,77.9178,74.9749,72.2940,74.1050
0,609,33,320,0.75,63.2169,140.8552,146.7026,54.3830,51.3622,128.6189,114.6105,115.6487,112.2366
0,610,33,320,1,70.3749,155.7034,162.8882,59.2223,61.6040,141.1277,140.0489,128.5250,136.4944
0,611,33,320,1.5,78.1222,170.3119,180.2682,64.9462,66.0898,154.7804,150.0723,143.4403,147.9799
0,612,34,10,0.75,4.6951,4.4298,5.6898,4.3728,0.0000,0.0000,0.0000,4.8960,4.7592
0,613,34,10,1,2.5869,4.9206,5.2014,3.8120,0.0000,4.8166,4.6843,0.0000,0.0000
0,614,34,10,1.5,4.0809,5.5087,5.7641,0.0000,0.0000,5.4854,5.4031,5.6651,5.4737
0,615,34,20,0.75,5.5146,9.4345,10.1329,4.6126,4.5367,8.3154,6.7996,7.2379,6.4901
0,616,34,20,1,7.3830,9.1778,10.7401,6.3134,5.8510,8.5345,8.3966,8.3757,8.0099
0,617,34,20,1.5,6.7840,9.3602,10.1235,5.2114,5.3830,8.3294,8.4410,6.8575,7.4584
0,618,34,40,0.75,9.5917,16.1156,17.9500,8.8306,8.0231,15.1347,13.1350,13.3345,11.7564
0,619,34,40,1,12.6097,17.9552,18.8575,10.5984,10.7543,15.7914,15.7351,13.1323,13.0864
0,620,34,40,1.5,13.8512,19.3566,19.8212,11.9835,11.3093,17.4309,17.2770,12.9823,13.6111
0,621,34,80,0.75,22.9254,33.7359,34.0808,19.6594,17.0866,29.3044,25.3396,23.7515,20.7145
0,622,34,80,1,27.6047,39.4361,39.7478,23.7079,23.0142,34.9063,34.4152,28.7396,27.7736
0,623,34,80,1.5,29.1853,39.5416,42.6206,25.0843,23.6039,35.1748,33.4528,29.7787,28.6244
0,624,34,160,0.75,47.8699,69.3346,71.2525,42.2948,37.4278,62.5465,55.0429,49.6251,44.2581
0,625,34,160,1,52.5858,75.2799,78.2900,44.4076,42.5680,65.7924,63.7476,54.3232,53.1792
0,626,34,160,1.5,56.2210,79.8992,84.5380,47.5792,45.8133,70.3948,68.6407,58.1047,57.9480
0,627,34,320,0.75,92.5275,136.8892,142.2789,80.1055,69.9164,121.1730,105.8601,98.3756,87.9886
0,628,34,320,1,104.6646,151.1535,157.2202,89.4551,85.9862,133.9777,131.1565,108.0332,106.3746
0,629,34,320,1.5,116.1270,162.9001,171.3321,98.0690,93.1320,143.4794,137.9314,117.8013,113.8424
0,630,35,10,0.75,1.0852,1.4102,2.1579,0.0000,0.0000,4.0866,0.0000,0.0000,0.0000
0,631,35,10,1,1.6556,1.8533,2.5183,0.0000,0.0000,0.0000,0.0000,0.0000,0.0000
0,632,35,10,1.5,0.4937,1.2119,1.2147,4.4918,4.2784,0.0000,0.0000,4.9774,4.7272
0,633,35,20,0.75,2.0653,3.5618,4.0077,0.0000,0.0000,3.8178,0.0000,4.0381,4.1043
0,634,35,20,1,3.5815,5.5328,4.9435,0.0000,0.0000,5.5332,4.9439,5.3360,4.8174
0,635,35,20,1.5,3.5735,4.3095,4.5663,4.0687,3.4548,0.0000,0.0000,4.5025,4.9360
0,636,35,40,0.75,4.9136,7.5512,7.7889,4.8007,4.8091,7.3630,6.4177,7.4444,7.0860
0,637,35,40,1,4.7285,6.7221,9.2534,4.9420,4.4608,6.7821,6.9176,9.1795,8.4086
0,638,35,40,1.5,5.8539,8.0670,9.0090,6.0020,6.1031,7.9076,7.4879,8.4959,8.2996
0,639,35,80,0.75,10.2750,13.1330,14.5764,10.2744,8.7369,12.7363,10.8098,13.8104,11.2632
0,640,35,80,1,11.0504,15.1456,17.7577,11.3651,10.6186,15.0729,14.1453,17.1016,16.2586
0,641,35,80,1.5,10.6498,14.9897,17.2852,10.5386,10.1514,14.6663,13.2468,16.7090,15.0939
0,642,35,160,0.75,19.5139,27.0180,30.7886,19.8227,17.4103,26.5625,22.5429,29.8987,25.3154
0,643,35,160,1,22.9825,31.1239,35.9390,22.6679,21.6094,30.1438,29.0299,33.6489,32.1250
0,644,35,160,1.5,24.5862,32.5750,37.5953,24.4587,23.8893,31.3196,29.7197,35.6398,33.0924
0,645,35,320,0.75,44.6818,58.8564,65.0721,44.2570,38.4378,57.4959,48.4359,62.1171,52.6065
0,646,35,320,1,45.1489,59.9827,68.6338,44.5667,43.4467,58.2084,56.1471,64.4260,61.5701
0,647,35,320,1.5,48.4557,64.0637,74.7007,47.7975,44.7795,61.4204,57.0599,71.0110,66.1862
1,0,0,10,0.75,2.1878,1.0937,1.8600,0.0000,0.0000,0.0000,0.0000,0.0000,4.1487
1,1,0,10,1,-0.9842,0.2926,-0.1431,0.0000,4.1030,0.0000,0.0000,0.0000,0.0000
1,2,0,10,1.5,0.7251,1.4717,1.7464,0.0000,0.0000,0.0000,0.0000,0.0000,0.0000
1,3,0,20,0.75,-0.1104,0.3902,-0.2870,4.4613,4.6377,4.8535,4.0701,4.3237,4.5381
1,4,0,20,1,0.9293,-0.1323,1.5821,0.0000,0.0000,4.3618,3.9852,0.0000,0.0000
1,5,0,20,1.5,0.2096,2.5535,0.2701,0.0000,0.0000,0.0000,0.0000,0.0000,0.0000
1,6,0,40,0.75,2.8793,1.4893,2.6211,0.0000,5.0826,4.7201,0.0000,0.0000,5.0424
1,7,0,40,1,-1.1213,2.1926,2.1973,0.0000,0.0000,3.9670,0.0000,0.0000,0.0000
1,8,0,40,1.5,1.9726,2.9608,2.4994,3.9441,0.0000,4.7616,3.9963,3.8938,4.0287
1,9,0,80,0.75,2.5224,4.0169,3.7599,4.0686,4.0144,4.7157,4.9638,4.3940,4.5935
1,10,0,80,1,3.2188,3.4102,4.2767,5.0963,4.7488,4.2916,0.0000,5.1268,4.9085
1,11,0,80,1.5,1.8441,3.1788,5.1026,3.9736,4.1511,4.1496,4.2191,0.0000,4.7010
1,12,0,160,0.75,4.6693,7.3969,6.7497,4.2919,3.9045,6.4049,6.2659,5.5154,4.6393
1,13,0,160,1,4.9463,8.8094,10.3858,0.0000,0.0000,6.1071,6.7984,6.0948,6.9477
1,14,0,160,1.5,6.4673,9.8998,10.5060,0.0000,0.0000,7.1400,7.9468,5.7198,6.7168
1,15,0,320,0.75,7.2153,15.1476,15.2557,4.6437,4.6228,10.3680,10.2541,9.9689,9.2637
1,16,0,320,1,9.5242,16.5382,17.5938,7.0672,6.5637,11.8904,12.9406,10.5832,11.5134
1,17,0,320,1.5,8.9710,18.4624,20.5274,5.4347,5.7222,14.1654,14.7862,12.0743,13.7771
1,18,1,10,0.75,0.2576,1.1303,0.0420,3.9416,0.0000,0.0000,0.0000,0.0000,3.6773
1,19,1,10,1,1.4701,1.9585,1.0418,4.4378,0.0000,0.0000,0.0000,0.0000,0.0000
1,20,1,10,1.5,3.0207,1.7198,2.5981,4.2701,0.0000,3.8524,3.9597,0.0000,0.0000
1,21,1,20,0.75,1.2868,1.1849,1.7367,0.0000,0.0000,0.0000,0.0000,3.9797,0.0000
1,22,1,20,1,1.6111,1.1451,1.1586,0.0000,3.7841,5.0516,4.6732,0.0000,4.5839
1,23,1,20,1.5,1.1711,1.9462,1.4989,0.0000,0.0000,4.5381,3.7358,0.0000,0.0000
1,24,1,40,0.75,3.3774,3.6719,4.5706,0.0000,0.0000,0.0000,0.0000,0.0000,3.9557
1,25,1,40,1,1.3502,2.9072,2.6109,0.0000,0.0000,0.0000,0.0000,0.0000,0.0000
1,26,1,40,1.5,3.8132,4.0398,4.4248,0.0000,0.0000,0.0000,0.0000,0.0000,0.0000
1,27,1,80,0.75,7.8102,7.7362,8.2518,5.7149,6.0425,6.5138,6.6956,6.3485,6.7279
1,28,1,80,1,7.0657,8.4523,7.4806,5.1166,5.0860,5.8668,6.2717,0.0000,4.6391
1,29,1,80,1.5,9.0500,8.8753,10.1516,6.5443,7.2233,6.6796,6.6114,5.8023,6.3302
1,30,1,160,0.75,12.6524,14.8795,16.0235,8.5421,7.9167,10.2861,9.7309,8.8392,8.7441
1,31,1,160,1,14.9368,15.5086,16.0806,10.6567,10.7969,11.8607,12.1828,9.1783,9.0960
1,32,1,160,1.5,14.9355,16.0419,17.6176,11.1906,11.3905,10.3000,11.4154,11.8680,11.7477
1,33,1,320,0.75,28.9916,30.1712,32.7994,21.6365,19.7800,22.8408,21.5090,19.6374,18.9428
1,34,1,320,1,28.5242,32.3895,33.2859,20.9021,20.8547,23.1185,23.6252,20.1015,20.6744
1,35,1,320,1.5,32.7845,33.4630,35.8930,24.6679,24.8705,24.7830,25.6512,22.7685,23.6576
1,36,2,10,0.75,2.5850,3.3814,1.7024,3.8927,3.8427,0.0000,0.0000,3.2308,3.2957
1,37,2,10,1,1.4532,1.0926,1.8744,3.6972,0.0000,0.0000,0.0000,0.0000,0.0000
1,38,2,10,1.5,0.5843,1.0070,-0.0866,0.0000,4.2871,0.0000,0.0000,0.0000,3.8665
1,39,2,20,0.75,2.1407,1.5681,2.5843,0.0000,0.0000,0.0000,0.0000,0.0000,0.0000
1,40,2,20,1,0.4474,0.6705,0.6697,4.7056,4.3331,4.8070,0.0000,0.0000,4.3916
1,41,2,20,1.5,0.9583,1.2622,2.0324,0.0000,0.0000,0.0000,0.0000,4.8317,4.7770
1,42,2,40,0.75,2.0802,3.3767,2.8478,0.0000,0.0000,4.1883,0.0000,4.6480,0.0000
1,43,2,40,1,3.7108,2.0836,4.2335,0.0000,0.0000,0.0000,0.0000,0.0000,0.0000
1,44,2,40,1.5,2.1211,3.6539,4.6382,0.0000,0.0000,4.4027,4.1758,4.5497,4.4906
1,45,2,80,0.75,6.1460,7.3609,8.7967,5.0566,5.0020,6.3244,5.9337,6.7427,6.2587
1,46,2,80,1,5.3182,7.8805,7.6493,4.5927,4.7572,6.8955,6.7167,5.4788,5.3157
1,47,2,80,1.5,4.9277,6.8959,7.8935,4.5127,4.7029,6.4272,6.5756,6.4422,6.8130
1,48,2,160,0.75,10.6432,13.3828,15.5528,8.7325,8.4535,11.6106,10.7665,12.3148,11.8700
1,49,2,160,1,11.1150,14.8635,16.5328,9.1510,8.5157,13.1242,12.8423,12.7811,12.8739
1,50,2,160,1.5,11.5641,14.8722,17.4066,9.7121,9.9998,13.4278,13.3654,13.9735,14.5061
1,51,2,320,0.75,20.6918,26.5008,30.8265,17.6647,15.3962,23.5010,20.6986,25.2621,22.6670
1,52,2,320,1,23.7159,29.9878,35.7995,20.0791,18.8437,26.8267,25.9040,28.3483,28.5192
1,53,2,320,1.5,25.4487,31.3438,38.5957,22.2237,20.7354,28.8740,27.7375,31.1738,30.9310
1,54,3,10,0.75,1.1173,2.0081,2.2312,0.0000,0.0000,0.0000,0.0000,0.0000,0.0000
1,55,3,10,1,0.7577,0.1284,1.5855,0.0000,0.0000,0.0000,0.0000,0.0000,0.0000
1,56,3,10,1.5,1.2075,1.6741,0.7625,3.9451,0.0000,0.0000,0.0000,0.0000,0.0000
1,57,3,20,0.75,3.6850,3.1778,2.4550,4.2160,0.0000,4.0087,0.0000,0.0000,0.0000
1,58,3,20,1,0.7287,3.3409,2.1888,4.4169,0.0000,0.0000,0.0000,4.1351,4.2063
1,59,3,20,1.5,-1.3562,0.1625,0.4674,0.0000,0.0000,0.0000,0.0000,0.0000,4.8255
1,60,3,40,0.75,3.1720,6.8629,5.2507,0.0000,0.0000,6.0600,5.6138,4.3734,4.1662
1,61,3,40,1,4.8670,6.0960,6.3042,4.7174,0.0000,5.8610,6.0285,5.1423,5.4794
1,62,3,40,1.5,3.7974,7.6813,6.4375,4.1222,3.8604,6.8719,6.4839,5.7851,4.9425
1,63,3,80,0.75,4.6201,10.3512,9.5256,4.4030,3.4707,9.5218,7.7188,8.5472,6.9759
1,64,3,80,1,7.9953,13.4559,12.1309,7.4190,7.1401,12.2774,12.0027,11.3494,10.7110
1,65,3,80,1.5,9.6121,14.4792,12.9721,8.5625,8.0472,13.3163,13.1867,10.5755,10.8471
1,66,3,160,0.75,15.5081,24.4931,21.4986,13.5720,12.8865,22.5456,20.1624,18.1358,16.0779
1,67,3,160,1,13.7240,26.0960,22.4239,12.2156,11.8760,23.1453,23.0836,17.9211,17.7599
1,68,3,160,1.5,18.6949,29.5145,26.4213,16.6882,15.9742,26.8192,26.1776,20.4239,20.6251
1,69,3,320,0.75,28.6018,49.1262,42.5841,25.1718,22.4496,44.4386,39.3588,35.0355,30.0178
1,70,3,320,1,31.5556,54.0237,47.2304,26.9532,26.2168,48.3357,46.7412,39.1017,35.8904
1,71,3,320,1.5,36.1967,59.2180,51.8953,30.2787,28.9128,52.4290,51.6186,42.2617,39.5049
1,72,4,10,0.75,0.3169,1.6611,0.9725,0.0000,0.0000,3.9530,0.0000,0.0000,0.0000
1,73,4,10,1,0.3386,0.1852,0.5504,3.4029,3.1716,0.0000,4.4878,0.0000,3.4526
1,74,4,10,1.5,0.8852,-0.2490,0.6074,0.0000,0.0000,4.2959,4.1090,0.0000,0.0000
1,75,4,20,0.75,0.8268,1.2290,2.7515,3.6414,0.0000,4.2484,0.0000,0.0000,3.2496
1,76,4,20,1,1.8533,0.6893,1.6825,0.0000,4.1663,0.0000,3.5480,4.1859,3.9990
1,77,4,20,1.5,1.8745,0.8953,1.8745,0.0000,0.0000,0.0000,3.8975,4.3262,4.2470
1,78,4,40,0.75,2.8204,2.7514,4.9612,0.0000,3.7007,0.0000,3.9236,0.0000,3.8435
1,79,4,40,1,2.6796,2.3433,4.6228,0.0000,0.0000,4.2253,0.0000,0.0000,0.0000
1,80,4,40,1.5,2.8131,3.0133,4.6836,3.7473,3.5629,4.1778,4.7305,0.0000,0.0000
1,81,4,80,0.75,4.9310,5.6957,8.2624,3.9620,0.0000,4.4833,4.5548,6.3524,6.0177
1,82,4,80,1,5.4453,4.4938,7.9102,5.1854,5.0647,5.1519,5.3518,5.7588,5.7931
1,83,4,80,1.5,5.4932,4.4180,9.1554,4.5477,4.4835,4.8528,4.7444,6.4079,6.4795
1,84,4,160,0.75,10.3407,10.1252,16.4595,8.6381,8.1879,8.8758,7.9223,12.6238,11.5935
1,85,4,160,1,10.8756,9.3405,16.8188,9.1282,9.1792,8.4826,8.6354,12.1650,12.5896
1,86,4,160,1.5,11.7095,10.8355,19.1118,9.4929,9.4672,9.4715,9.4371,14.1185,13.8082
1,87,4,320,0.75,18.6370,18.2539,29.9406,15.4505,13.4961,15.9376,13.7484,22.8667,20.5175
1,88,4,320,1,24.3113,21.3929,36.1065,20.3567,20.3363,19.0406,19.1511,27.2174,27.5924
1,89,4,320,1.5,24.5643,20.8585,37.8134,19.6870,19.8971,17.8464,18.2088,27.0044,27.8097
1,90,5,10,0.75,1.0151,0.9347,1.4457,4.2424,3.9632,0.0000,0.0000,0.0000,0.0000
1,91,5,10,1,2.2793,2.3267,2.7215,3.9118,0.0000,0.0000,0.0000,0.0000,0.0000
1,92,5,10,1.5,1.2081,0.6760,1.4104,3.9519,0.0000,3.5825,4.2383,3.6990,4.0596
1,93,5,20,0.75,3.4382,2.2277,4.0757,4.1572,0.0000,0.0000,4.3547,4.3064,4.4546
1,94,5,20,1,2.5266,2.9199,2.8941,0.0000,0.0000,0.0000,0.0000,0.0000,0.0000
1,95,5,20,1.5,4.3704,3.2792,4.4976,0.0000,0.0000,0.0000,0.0000,0.0000,0.0000
1,96,5,40,0.75,4.1069,4.6410,5.6814,0.0000,0.0000,4.8376,0.0000,5.3708,4.8955
1,97,5,40,1,5.2702,3.7728,7.1442,0.0000,0.0000,4.0525,3.7362,5.9163,5.2598
1,98,5,40,1.5,8.6999,7.1603,9.0139,8.0165,8.2982,6.3308,6.2336,8.4123,8.5908
1,99,5,80,0.75,9.2969,6.6573,12.1061,7.6145,6.2801,5.4018,0.0000,10.2096,8.8614
1,100,5,80,1,11.2023,9.4129,12.2309,9.5348,9.2076,8.4577,8.1760,9.9149,9.0212
1,101,5,80,1.5,11.2101,8.3848,16.5713,8.9788,8.1968,7.0440,6.4591,12.7768,11.1916
1,102,5,160,0.75,19.8370,17.9491,28.8040,16.2335,13.9767,14.2776,12.4691,23.5812,19.5946
1,103,5,160,1,20.6807,17.8705,29.3288,16.6032,15.3954,13.8154,12.8191,23.6348,21.6120
1,104,5,160,1.5,23.4148,17.3403,31.0017,17.8837,16.3417,13.7795,12.7008,24.1119,21.8898
1,105,5,320,0.75,39.0875,30.1733,51.7439,32.0982,27.7490,23.9810,20.2536,42.3759,35.8485
1,106,5,320,1,43.8300,35.2775,56.1828,34.2044,32.2884,27.1421,25.5524,44.8910,41.9386
1,107,5,320,1.5,47.2205,36.9805,63.1937,38.1674,35.4197,29.2508,27.6891,50.5772,47.0110
1,108,6,10,0.75,1.0673,1.4020,0.3474,0.0000,0.0000,0.0000,0.0000,0.0000,0.0000
1,109,6,10,1,1.7212,2.8301,2.7639,5.0417,5.0169,0.0000,0.0000,4.2415,4.1431
1,110,6,10,1.5,2.3484,2.9852,3.3293,0.0000,0.0000,4.1883,4.1590,0.0000,0.0000
1,111,6,20,0.75,1.3248,1.8388,3.9805,0.0000,0.0000,0.0000,0.0000,0.0000,0.0000
1,112,6,20,1,2.4986,3.5547,6.0203,0.0000,0.0000,0.0000,0.0000,5.2343,5.0950
1,113,6,20,1.5,2.8216,2.5012,4.0153,0.0000,3.2223,0.0000,0.0000,0.0000,0.0000
1,114,6,40,0.75,4.0638,3.4434,6.3778,0.0000,0.0000,0.0000,0.0000,6.4239,5.6545
1,115,6,40,1,4.5928,4.3650,8.4302,4.8482,4.6959,4.3970,0.0000,6.6628,6.4145
1,116,6,40,1.5,5.5911,4.5187,9.9465,5.7033,5.2984,4.7524,4.5799,8.3093,7.7403
1,117,6,80,0.75,7.4952,7.8870,12.6636,6.7361,5.9928,6.3695,5.3488,12.0416,11.1887
1,118,6,80,1,7.2430,6.7645,14.4491,6.8870,6.4538,6.3597,6.8306,13.5329,12.6186
1,119,6,80,1.5,9.4273,8.5643,18.3305,8.3281,7.9641,7.7197,7.7480,15.4833,14.6105
1,120,6,160,0.75,14.9780,13.9515,28.4160,14.0624,12.1564,12.5523,11.0038,25.3789,21.9764
1,121,6,160,1,14.4127,14.9839,31.6122,13.0627,12.7068,13.7694,12.7760,26.8759,25.4213
1,122,6,160,1.5,17.2271,17.4709,38.3446,15.3139,14.9670,14.1046,13.6890,32.2490,29.7736
1,123,6,320,0.75,27.6058,27.1285,55.4997,25.6563,22.2135,23.6778,20.1299,49.5560,42.6739
1,124,6,320,1,32.0847,31.1023,64.8845,29.6021,28.5189,26.9660,25.5432,56.9331,53.7165
1,125,6,320,1.5,34.6536,33.2987,72.3727,31.5730,29.3048,28.1980,25.9292,61.8477,57.8711
1,126,7,10,0.75,0.7877,-0.3301,0.6608,0.0000,3.0771,0.0000,0.0000,4.0223,0.0000
1,127,7,10,1,0.5040,1.2083,1.1848,0.0000,0.0000,0.0000,0.0000,0.0000,0.0000
1,128,7,10,1.5,-1.6015,-0.7523,-0.9835,0.0000,0.0000,0.0000,0.0000,4.3907,0.0000
1,129,7,20,0.75,1.7758,-0.0543,-0.0401,0.0000,0.0000,0.0000,4.2230,0.0000,0.0000
1,130,7,20,1,2.6654,2.5083,2.1251,0.0000,0.0000,0.0000,0.0000,0.0000,0.0000
1,131,7,20,1.5,2.9336,2.2204,1.9624,4.3879,4.2232,0.0000,0.0000,4.6080,4.7587
1,132,7,40,0.75,1.5831,1.9645,2.7511,0.0000,0.0000,0.0000,0.0000,0.0000,0.0000
1,133,7,40,1,0.1148,-0.3804,0.6270,0.0000,3.8667,0.0000,4.0568,0.0000,0.0000
1,134,7,40,1.5,3.1594,3.1005,3.3323,0.0000,0.0000,0.0000,0.0000,0.0000,0.0000
1,135,7,80,0.75,3.5229,1.0638,2.6101,0.0000,0.0000,0.0000,0.0000,0.0000,0.0000
1,136,7,80,1,4.4315,2.9909,5.1628,0.0000,3.4335,0.0000,4.4365,0.0000,4.2028
1,137,7,80,1.5,4.2717,2.6909,3.2507,0.0000,0.0000,0.0000,0.0000,4.7469,4.1541
1,138,7,160,0.75,7.9056,5.2511,7.1612,6.9210,5.2927,5.1776,0.0000,6.9341,5.4034
1,139,7,160,1,7.8859,4.5298,6.4295,6.0703,5.8785,0.0000,4.2693,5.1122,5.3714
1,140,7,160,1.5,8.7517,6.5689,7.8265,7.0365,6.0619,5.6482,5.0854,6.3879,5.0468
1,141,7,320,0.75,13.4928,9.9549,14.0299,11.7450,8.4791,8.6387,6.7411,12.9671,9.7681
1,142,7,320,1,18.0024,12.9794,17.1476,15.8155,12.2113,11.7458,8.8773,15.1896,11.6800
1,143,7,320,1.5,18.4839,11.9404,15.3615,15.3932,11.4122,10.3494,7.5257,13.7245,9.9396
1,144,8,10,0.75,1.9045,1.1285,1.4671,0.0000,0.0000,3.9580,3.5575,0.0000,0.0000
1,145,8,10,1,0.2595,0.9429,0.0604,0.0000,0.0000,0.0000,0.0000,0.0000,0.0000
1,146,8,10,1.5,2.1468,2.2060,2.5118,0.0000,0.0000,0.0000,0.0000,0.0000,0.0000
1,147,8,20,0.75,0.1415,0.7353,2.1945,4.4117,4.7445,4.5393,4.1532,0.0000,4.4077
1,148,8,20,1,1.5328,2.5254,2.7328,0.0000,0.0000,0.0000,0.0000,0.0000,0.0000
1,149,8,20,1.5,1.5472,4.3866,4.0605,0.0000,0.0000,0.0000,0.0000,0.0000,0.0000
1,150,8,40,0.75,2.5179,4.3064,5.2281,4.3554,0.0000,4.6491,4.0409,4.6321,0.0000
1,151,8,40,1,3.8621,4.9949,8.0128,0.0000,4.5755,4.7204,0.0000,6.7126,6.4995
1,152,8,40,1.5,6.4956,7.3903,8.8410,5.9959,5.1668,6.4274,5.6654,7.7597,7.2759
1,153,8,80,0.75,8.4805,11.1842,12.3388,7.6214,6.5536,9.9831,8.9481,10.3888,9.4723
1,154,8,80,1,8.2092,11.7136,12.8885,7.6712,7.0280,10.2168,9.4374,10.9256,10.1163
1,155,8,80,1.5,7.4305,11.0325,12.5719,7.1421,7.0271,9.7118,9.7076,10.8457,10.7586
1,156,8,160,0.75,12.8007,17.9364,21.5496,11.1884,9.5734,15.0551,13.5480,17.2144,15.0373
1,157,8,160,1,16.5292,21.4747,25.8192,14.7985,13.9355,18.3556,17.3992,21.7775,19.9078
1,158,8,160,1.5,16.3204,21.5751,26.7187,14.4001,13.1003,18.4214,17.2608,21.6951,19.6864
1,159,8,320,0.75,26.0904,36.3669,42.8579,23.3468,19.8466,32.0917,27.5774,35.3379,30.4371
1,160,8,320,1,29.8090,38.6939,47.4237,27.1845,25.5977,34.6692,32.9269,39.9941,38.5705
1,161,8,320,1.5,33.0766,45.5100,52.8187,28.4402,27.1636,39.3566,37.7249,43.8180,40.9217
1,162,9,10,0.75,-1.7585,-1.6095,-1.6792,0.0000,0.0000,3.2906,0.0000,4.3395,3.9935
1,163,9,10,1,-0.0657,-0.1229,-0.6073,0.0000,0.0000,0.0000,0.0000,0.0000,0.0000
1,164,9,10,1.5,0.1255,0.7232,1.8703,3.0094,0.0000,4.0874,0.0000,3.9203,0.0000
1,165,9,20,0.75,1.9178,1.7899,1.8968,4.3277,4.1451,0.0000,0.0000,3.4915,3.8038
1,166,9,20,1,1.6454,1.1482,1.7030,0.0000,0.0000,0.0000,2.7755,4.2339,0.0000
1,167,9,20,1.5,-2.1086,-1.3604,-0.6115,0.0000,0.0000,0.0000,0.0000,0.0000,0.0000
1,168,9,40,0.75,1.7052,3.4967,4.2779,0.0000,3.8239,0.0000,4.0938,0.0000,0.0000
1,169,9,40,1,3.2764,5.0622,5.5492,0.0000,0.0000,4.6492,4.7198,4.1466,4.2888
1,170,9,40,1.5,1.9814,2.8005,3.0771,0.0000,0.0000,4.6224,5.2073,5.2188,4.8348
1,171,9,80,0.75,4.1917,5.8268,5.7383,4.3747,4.0771,4.8680,0.0000,4.8221,4.0944
1,172,9,80,1,8.5419,9.7265,10.3481,6.6262,6.2202,7.3795,6.9839,7.6607,6.9685
1,173,9,80,1.5,6.9218,7.7698,7.7579,6.0360,5.8581,6.2522,6.2116,5.9958,6.2125
1,174,9,160,0.75,13.5139,16.1123,17.0469,9.9802,9.4242,11.8439,10.2102,11.0917,9.7960
1,175,9,160,1,14.0503,16.5903,16.2245,11.0940,10.6004,11.7105,12.0157,11.3524,11.9035
1,176,9,160,1.5,13.2821,14.9380,16.0921,10.8110,10.5995,11.4995,11.0043,12.0652,11.9132
1,177,9,320,0.75,22.0632,25.3426,27.8982,17.8334,15.9062,18.3171,16.9940,20.1564,18.9219
1,178,9,320,1,25.8531,30.7481,32.0076,20.1143,19.6249,21.8579,21.7887,23.2314,23.3698
1,179,9,320,1.5,28.3676,34.1299,35.0307,22.2111,21.6515,23.8014,23.5188,25.9321,26.2951
1,180,10,10,0.75,2.3011,-1.7622,0.1342,0.0000,0.0000,3.7911,0.0000,4.2128,0.0000
1,181,10,10,1,-1.5752,-2.7041,0.1897,4.1991,3.9346,0.0000,0.0000,0.0000,0.0000
1,182,10,10,1.5,-0.1998,0.9337,1.3279,3.8427,0.0000,4.0028,3.9951,0.0000,3.8219
1,183,10,20,0.75,0.9555,-0.9552,0.7917,4.2415,0.0000,0.0000,0.0000,0.0000,0.0000
1,184,10,20,1,-0.4615,0.4029,2.9026,0.0000,4.0778,0.0000,4.3043,0.0000,0.0000
1,185,10,20,1.5,0.2636,1.5357,0.8573,0.0000,0.0000,4.1163,3.8468,0.0000,0.0000
1,186,10,40,0.75,0.8959,1.4236,-0.3857,0.0000,0.0000,0.0000,0.0000,0.0000,0.0000
1,187,10,40,1,1.7554,1.6435,1.6294,3.3892,0.0000,0.0000,0.0000,0.0000,0.0000
1,188,10,40,1.5,-0.1835,1.5728,1.7453,0.0000,0.0000,0.0000,0.0000,0.0000,4.0768
1,189,10,80,0.75,1.9021,1.2592,2.3742,0.0000,0.0000,0.0000,0.0000,0.0000,0.0000
1,190,10,80,1,1.0174,0.1783,1.3003,0.0000,3.8711,0.0000,0.0000,3.4222,3.6781
1,191,10,80,1.5,0.8735,0.8794,1.2261,0.0000,0.0000,0.0000,0.0000,0.0000,3.7486
1,192,10,160,0.75,2.0678,3.4000,4.4218,4.5103,0.0000,3.9065,0.0000,0.0000,0.0000
1,193,10,160,1,2.6667,0.8972,3.1399,0.0000,0.0000,0.0000,0.0000,0.0000,0.0000
1,194,10,160,1.5,3.2019,2.8103,5.2570,3.3910,3.9644,3.6102,0.0000,0.0000,0.0000
1,195,10,320,0.75,4.1326,4.0745,7.1295,0.0000,0.0000,4.4660,4.3648,5.3456,4.5906
1,196,10,320,1,4.7830,5.5163,8.4460,4.3461,3.9098,4.7938,4.4229,6.6066,6.1681
1,197,10,320,1.5,5.2545,4.7214,5.8489,5.0576,0.0000,4.1113,3.9967,4.7328,4.4312
1,198,11,10,0.75,-0.8310,-0.2999,0.7156,4.3910,0.0000,4.3433,0.0000,4.4360,0.0000
1,199,11,10,1,1.0994,-1.1738,1.4918,0.0000,3.6438,0.0000,0.0000,0.0000,0.0000
1,200,11,10,1.5,0.7997,0.8467,0.9893,4.6593,0.0000,4.9357,4.9546,0.0000,0.0000
1,201,11,20,0.75,1.9479,1.0413,1.8316,0.0000,0.0000,4.2728,4.3202,0.0000,0.0000
1,202,11,20,1,-0.2371,0.2598,0.5960,0.0000,0.0000,0.0000,0.0000,0.0000,0.0000
1,203,11,20,1.5,0.1758,0.6645,1.5259,0.0000,4.4171,4.1574,3.9079,0.0000,0.0000
1,204,11,40,0.75,2.0920,2.7087,1.9273,0.0000,4.7381,0.0000,0.0000,4.5517,4.5294
1,205,11,40,1,1.1649,0.0435,0.1773,4.0778,4.4181,0.0000,0.0000,0.0000,0.0000
1,206,11,40,1.5,2.6758,2.7831,3.4249,0.0000,0.0000,0.0000,0.0000,0.0000,0.0000
1,207,11,80,0.75,1.8352,2.0714,3.3259,0.0000,0.0000,0.0000,0.0000,0.0000,0.0000
1,208,11,80,1,1.8550,1.6265,3.4496,4.5549,4.7388,0.0000,0.0000,0.0000,3.5504
1,209,11,80,1.5,2.2290,3.3460,2.1895,0.0000,0.0000,0.0000,4.6761,0.0000,0.0000
1,210,11,160,0.75,4.0766,4.3465,5.7240,4.2327,0.0000,0.0000,0.0000,0.0000,0.0000
1,211,11,160,1,3.8505,2.4032,6.8756,0.0000,3.8689,0.0000,4.3897,4.5631,4.6768
1,212,11,160,1.5,4.5400,6.3917,9.3348,0.0000,3.9637,4.3062,0.0000,5.0010,4.7063
1,213,11,320,0.75,6.7625,8.1349,14.1104,0.0000,4.3751,0.0000,0.0000,6.1229,6.1601
1,214,11,320,1,8.8882,9.8102,14.3115,4.9810,5.3475,5.2928,5.5645,5.7856,6.0208
1,215,11,320,1.5,9.9465,12.2309,18.2957,5.6422,5.3834,6.1272,5.5792,6.9234,6.9347
1,216,12,10,0.75,0.7669,0.5253,2.7671,0.0000,0.0000,0.0000,0.0000,0.0000,4.3600
1,217,12,10,1,0.4794,1.0043,0.7680,0.0000,0.0000,4.2161,0.0000,0.0000,0.0000
1,218,12,10,1.5,0.5588,1.4547,1.4918,4.3127,4.3709,3.6447,3.5800,4.4348,0.0000
1,219,12,20,0.75,2.4079,1.3498,2.7623,0.0000,0.0000,0.0000,0.0000,0.0000,0.0000
1,220,12,20,1,2.6508,1.4515,3.2270,4.2998,4.0560,0.0000,0.0000,3.8457,4.5037
1,221,12,20,1.5,4.1164,4.2721,4.7254,4.4672,0.0000,4.7726,0.0000,4.7351,0.0000
1,222,12,40,0.75,3.6173,4.1335,5.9452,4.4469,0.0000,0.0000,0.0000,5.9077,5.3628
1,223,12,40,1,4.1823,4.2488,5.3947,4.5050,4.7012,0.0000,0.0000,5.2353,5.1023
1,224,12,40,1.5,5.9871,5.9808,7.0452,5.5245,5.5934,5.5442,5.6706,6.2076,6.1761
1,225,12,80,0.75,7.9991,8.7271,10.4088,7.7106,7.1870,7.3906,6.9614,9.0243,7.7063
1,226,12,80,1,9.8587,11.7816,13.2638,8.7162,8.6312,10.4483,10.0484,11.1231,10.6530
1,227,12,80,1.5,10.9084,11.9582,13.7370,11.0930,10.4043,11.9475,10.7713,13.6639,12.8186
1,228,12,160,0.75,18.1646,18.8843,22.4984,16.4913,14.0316,17.0277,14.5134,19.7830,16.8203
1,229,12,160,1,18.6607,21.2513,25.0115,17.5988,16.8119,19.8082,18.7903,22.3969,21.4138
1,230,12,160,1.5,21.9840,23.5368,27.2525,20.6052,19.3626,22.3612,20.5113,24.7208,22.8881
1,231,12,320,0.75,34.3477,39.2464,45.2391,31.4793,27.3312,36.2259,31.6923,40.0747,34.7578
1,232,12,320,1,37.4364,41.6791,50.2342,33.9933,33.1862,38.6342,37.1069,44.5782,43.1258
1,233,12,320,1.5,40.7944,46.2165,54.4917,37.8710,36.0162,43.2015,40.7343,49.6293,46.6366
1,234,13,10,0.75,1.4153,-0.0276,1.1645,0.0000,0.0000,0.0000,0.0000,4.2370,0.0000
1,235,13,10,1,-0.5797,0.5644,1.1363,0.0000,0.0000,0.0000,0.0000,0.0000,0.0000
1,236,13,10,1.5,2.8922,2.1768,3.6996,0.0000,4.1048,4.6045,4.6883,0.0000,4.2249
1,237,13,20,0.75,1.8887,1.3111,2.7545,0.0000,0.0000,4.7034,4.7948,4.3425,4.3001
1,238,13,20,1,3.3594,4.0138,2.7297,4.0220,4.0779,0.0000,0.0000,3.8522,4.2784
1,239,13,20,1.5,3.8001,4.3064,5.0221,0.0000,4.4017,0.0000,0.0000,0.0000,4.1999
1,240,13,40,0.75,6.2097,7.2022,7.6167,5.6487,5.5204,6.4222,6.3574,7.0613,6.4034
1,241,13,40,1,6.1595,6.8149,8.1406,5.8674,6.1971,6.5805,7.3773,7.8253,8.0427
1,242,13,40,1.5,7.4143,6.9208,8.0243,7.2463,7.6277,6.7762,6.6559,8.1470,7.8704
1,243,13,80,0.75,12.1896,13.0574,15.1832,11.7285,10.7565,12.5655,10.8915,14.2615,12.8288
1,244,13,80,1,10.8785,13.3138,14.7981,10.0757,10.6688,12.0885,12.6470,13.6029,14.1165
1,245,13,80,1.5,13.7391,17.2757,19.8989,13.0011,12.7979,16.1004,16.2158,18.4481,18.1224
1,246,13,160,0.75,21.9333,27.2516,30.3818,20.7314,18.3798,24.9986,22.3194,28.1282,25.1830
1,247,13,160,1,24.6736,28.5099,32.4831,22.9773,22.9366,26.9056,27.1019,29.9914,29.8385
1,248,13,160,1.5,27.5953,32.1863,36.6495,25.6950,25.3745,29.8530,29.7842,33.2758,33.0926
1,249,13,320,0.75,44.2565,53.7671,59.1525,42.0054,36.7976,49.7547,44.5853,55.0469,49.3501
1,250,13,320,1,47.3774,57.3980,65.6427,44.2383,43.6831,53.4579,53.7792,60.2348,59.2347
1,251,13,320,1.5,52.4932,62.8365,73.0255,49.1310,48.7873,58.4238,58.1757,66.2347,65.1704
1,252,14,10,0.75,1.0076,1.6738,2.7941,0.0000,3.8667,0.0000,0.0000,0.0000,0.0000
1,253,14,10,1,2.5922,1.0998,2.5764,0.0000,0.0000,0.0000,0.0000,0.0000,0.0000
1,254,14,10,1.5,3.8534,3.1525,3.9156,4.2415,0.0000,0.0000,0.0000,0.0000,0.0000
1,255,14,20,0.75,2.6267,3.3771,5.4279,0.0000,0.0000,0.0000,0.0000,5.2706,4.6050
1,256,14,20,1,2.8689,3.3246,5.7781,0.0000,3.4819,4.3033,3.8365,5.5653,4.9870
1,257,14,20,1.5,3.2433,4.0322,5.4344,0.0000,0.0000,0.0000,0.0000,5.3559,5.0433
1,258,14,40,0.75,5.5851,6.8369,8.0138,5.3662,5.2808,6.2393,5.3275,7.4766,6.3507
1,259,14,40,1,4.8509,5.6508,9.7273,4.7919,4.8325,5.5236,5.2473,9.4395,8.3907
1,260,14,40,1.5,4.4609,6.0313,9.2326,0.0000,4.8064,6.0377,5.3138,9.3414,8.7291
1,261,14,80,0.75,9.0424,10.4065,16.4506,8.8501,7.7581,10.2630,8.5484,16.2928,13.5546
1,262,14,80,1,10.9165,12.1948,21.6106,10.9756,10.7371,12.0925,11.4608,21.5080,20.2533
1,263,14,80,1.5,12.6144,13.8165,21.6530,12.6206,12.2643,13.7142,12.4947,21.6198,20.1578
1,264,14,160,0.75,17.1378,20.6168,32.1400,16.6566,14.2342,20.1896,16.1044,31.7761,27.0129
1,265,14,160,1,20.9991,24.4059,37.2581,20.6787,20.0583,23.9881,21.3666,36.5799,34.4648
1,266,14,160,1.5,19.5499,24.4231,40.3028,19.4192,18.3605,23.7418,21.2197,39.9436,36.6943
1,267,14,320,0.75,35.1713,42.3149,65.1815,34.5009,30.0214,40.6168,31.8288,64.2172,53.9149
1,268,14,320,1,40.5010,47.4780,74.2116,39.8646,37.9215,46.3026,41.6361,73.0053,68.3580
1,269,14,320,1.5,45.1662,52.0530,82.0217,44.6646,41.4100,50.3477,43.7273,81.2189,74.1226
1,270,15,10,0.75,2.4124,3.1826,6.7911,4.0182,4.1079,0.0000,0.0000,5.9882,5.5986
1,271,15,10,1,1.5827,3.6109,4.5830,3.0268,3.4642,4.4451,4.4632,5.1926,4.4859
1,272,15,10,1.5,1.3977,2.2883,3.3776,0.0000,0.0000,0.0000,0.0000,0.0000,4.4650
1,273,15,20,0.75,3.6896,5.6577,6.4197,4.5317,4.2845,5.1032,4.7396,5.2168,4.7048
1,274,15,20,1,3.5994,6.7537,7.8312,0.0000,4.1086,6.7605,6.4095,6.9419,6.6492
1,275,15,20,1.5,3.1907,7.3662,8.4698,4.1772,0.0000,7.0933,6.6981,8.5604,8.7687
1,276,15,40,0.75,5.8314,13.8943,12.3545,5.5479,5.5177,13.0867,11.3848,10.8473,9.6147
1,277,15,40,1,6.3575,13.0458,14.8020,6.2719,5.9278,12.7697,11.5150,12.4578,12.3500
1,278,15,40,1.5,7.3007,16.2211,17.6111,6.4162,6.4778,14.8824,14.8811,14.5335,15.2860
1,279,15,80,0.75,12.0303,22.7239,26.8438,11.1317,10.9373,21.4183,18.6220,23.1257,20.4404
1,280,15,80,1,12.1790,27.3999,30.5431,11.3992,11.2707,26.1458,24.6472,26.1620,27.1693
1,281,15,80,1.5,13.8727,29.4118,30.9499,12.4800,12.0346,27.0666,26.4601,24.9299,26.0119
1,282,15,160,0.75,23.7607,50.0752,55.1657,22.2845,19.7969,47.8489,42.3074,46.6231,43.9120
1,283,15,160,1,27.6488,54.5263,61.1949,25.5331,25.1122,52.0194,50.1163,51.8040,53.0687
1,284,15,160,1.5,30.5058,61.6842,66.9832,27.1396,26.4781,56.9554,53.7523,55.9536,56.9954
1,285,15,320,0.75,47.4567,98.0798,108.0265,44.3504,39.3332,93.8768,82.3718,91.8401,86.1373
1,286,15,320,1,54.0949,109.4382,119.1035,49.5527,48.8472,104.1244,100.9807,99.5854,104.4776
1,287,15,320,1.5,59.3564,119.6394,130.9286,53.9281,53.3533,112.3112,107.4556,109.7070,113.6459
1,288,16,10,0.75,3.7082,3.9363,2.2617,0.0000,3.7770,0.0000,4.4706,0.0000,0.0000
1,289,16,10,1,2.4237,2.0365,3.4237,0.0000,0.0000,0.0000,0.0000,0.0000,4.2418
1,290,16,10,1.5,2.8121,3.3476,2.2933,4.2465,3.8940,3.5927,3.4550,0.0000,0.0000
1,291,16,20,0.75,3.5485,3.5142,4.7749,4.5403,4.3930,4.5622,4.6400,4.9607,4.6973
1,292,16,20,1,4.5072,5.6121,6.0917,4.6190,4.8781,4.9668,4.7863,4.3685,4.4648
1,293,16,20,1.5,5.3682,6.0886,5.5005,0.0000,0.0000,4.9915,0.0000,0.0000,0.0000
1,294,16,40,0.75,5.0060,7.3588,6.5186,4.4494,4.4926,6.8744,6.0584,5.0107,4.7393
1,295,16,40,1,6.7764,8.3803,7.1132,4.8960,5.2897,6.9779,6.7296,5.1812,4.5588
1,296,16,40,1.5,8.6995,10.8608,10.0438,7.0761,6.3911,8.4020,8.1833,7.1734,6.7034
1,297,16,80,0.75,13.4887,16.3363,17.2393,10.5583,9.8038,12.6451,10.8566,13.6918,11.8159
1,298,16,80,1,14.2021,17.3991,17.3283,9.7622,9.7575,15.6938,14.0716,11.0037,10.6622
1,299,16,80,1.5,16.8906,21.1062,20.1412,11.9997,11.6043,17.8298,17.0311,12.6768,11.9065
1,300,16,160,0.75,26.8262,34.2914,33.3102,19.1381,16.7668,29.4270,24.9916,22.7290,18.7975
1,301,16,160,1,28.7334,36.3320,34.3653,19.3667,19.4094,31.2640,29.8742,22.5805,20.9420
1,302,16,160,1.5,29.5238,38.1544,36.6778,20.9014,20.7054,32.4984,30.7337,24.4860,22.9588
1,303,16,320,0.75,51.0957,66.9679,63.3973,36.2153,32.3829,56.9172,48.4835,42.4082,35.3831
1,304,16,320,1,56.8240,73.1952,68.5988,41.5789,40.9860,62.4883,59.2626,46.6611,44.1019
1,305,16,320,1.5,62.1296,78.5989,75.6649,43.6215,42.6224,67.1345,62.0392,49.5841,45.6796
1,306,17,10,0.75,1.4501,3.4743,2.5816,0.0000,0.0000,0.0000,0.0000,4.3601,0.0000
1,307,17,10,1,0.9198,4.9523,2.6188,0.0000,0.0000,4.4992,0.0000,0.0000,0.0000
1,308,17,10,1.5,3.1336,3.0228,4.3416,0.0000,3.6761,0.0000,0.0000,0.0000,4.4521
1,309,17,20,0.75,3.9016,4.1411,6.3079,4.8283,4.5257,0.0000,0.0000,5.9070,5.1646
1,310,17,20,1,4.1836,5.9366,6.4158,4.1752,3.9191,5.4882,4.8978,5.5518,4.9153
1,311,17,20,1.5,4.7985,6.3162,7.3617,4.7740,4.4078,6.0080,5.4788,6.9892,6.6065
1,312,17,40,0.75,5.0002,9.9763,9.6162,5.3948,4.6509,8.9346,6.9503,8.8943,7.2456
1,313,17,40,1,7.1228,12.5874,14.3320,6.7192,5.9674,11.6017,10.2864,13.2500,11.7650
1,314,17,40,1.5,7.4250,11.9815,13.1133,6.4294,6.2017,10.6568,8.9436,11.6278,10.4620
1,315,17,80,0.75,11.7187,20.0294,24.8783,10.9809,9.5156,19.1774,14.6424,22.2044,17.5886
1,316,17,80,1,11.4305,21.3781,25.1035,10.2419,8.9119,19.7924,17.2261,21.9086,19.3017
1,317,17,80,1.5,15.3728,25.8236,29.4949,13.7805,12.8700,23.3757,20.1234,25.9756,22.6547
1,318,17,160,0.75,24.4297,40.0013,45.0956,22.9017,18.7963,36.3150,28.3660,41.0175,32.8208
1,319,17,160,1,27.1702,47.2956,52.2716,24.7223,22.1763,43.2860,37.0776,45.9683,40.6048
1,320,17,160,1.5,29.7089,50.9482,56.9703,26.7554,23.5328,45.8325,37.5528,50.6911,43.8088
1,321,17,320,0.75,48.6769,81.0230,92.8227,45.8335,37.2061,74.0565,56.7274,82.9424,66.2102
1,322,17,320,1,53.1476,92.7238,103.0371,48.8732,43.7816,83.9735,70.8591,91.4918,81.0284
1,323,17,320,1.5,59.3570,100.3100,113.9396,53.2243,47.7581,90.8942,75.3963,100.2190,86.5019
1,324,18,10,0.75,1.8328,2.2746,2.1163,0.0000,4.6137,4.4541,4.3060,0.0000,0.0000
1,325,18,10,1,1.2764,1.8900,1.9764,3.8345,3.9694,0.0000,0.0000,0.0000,0.0000
1,326,18,10,1.5,0.9234,1.8832,2.3076,3.5261,3.5220,3.6097,3.5619,0.0000,4.4712
1,327,18,20,0.75,5.0676,3.7905,4.2779,4.9842,0.0000,0.0000,0.0000,0.0000,0.0000
1,328,18,20,1,1.8190,1.8391,2.6802,4.4153,0.0000,0.0000,3.9313,4.3851,0.0000
1,329,18,20,1.5,1.6385,2.7277,3.4343,0.0000,0.0000,3.8878,0.0000,0.0000,0.0000
1,330,18,40,0.75,4.8053,6.2698,5.3635,4.9626,4.5422,5.6058,4.9947,4.6529,4.3742
1,331,18,40,1,5.0350,5.7179,4.7777,5.1164,5.2097,5.2099,5.0980,5.0503,5.0247
1,332,18,40,1.5,7.2473,8.4280,8.4671,6.7546,6.1104,7.2967,6.1945,7.2073,6.7002
1,333,18,80,0.75,10.3642,11.7993,11.1050,9.5118,7.5027,10.7802,8.0387,9.1751,7.6468
1,334,18,80,1,10.4229,12.2845,13.0009,9.8603,8.9101,11.0359,9.4962,10.0576,9.3803
1,335,18,80,1.5,8.9614,12.1659,12.8534,8.0707,8.3002,10.0684,9.9562,9.7243,9.8122
1,336,18,160,0.75,17.2207,22.3396,23.1951,15.9521,13.1065,19.1037,14.4809,17.9374,14.9987
1,337,18,160,1,19.6765,25.0553,26.7200,18.4029,17.2057,21.5343,18.3596,20.4515,19.7147
1,338,18,160,1.5,22.2214,25.4792,27.2679,20.6882,18.3518,23.0914,19.4979,22.9255,21.0298
1,339,18,320,0.75,35.1166,43.4986,46.4779,33.8602,27.9849,38.6037,29.1426,37.2724,31.6510
1,340,18,320,1,38.0671,49.1415,50.1864,35.3682,33.2711,43.0782,37.9745,38.9655,37.4428
1,341,18,320,1.5,45.2832,56.9010,58.0577,41.4394,37.9067,49.4111,42.9860,45.6896,41.1856
1,342,19,10,0.75,2.1093,2.8609,3.0345,4.8409,0.0000,0.0000,0.0000,4.4615,0.0000
1,343,19,10,1,4.1295,3.7051,3.9029,0.0000,3.7516,0.0000,3.5696,0.0000,0.0000
1,344,19,10,1.5,2.2627,1.4462,1.9190,0.0000,0.0000,0.0000,0.0000,0.0000,4.5635
1,345,19,20,0.75,3.3400,2.2384,3.4701,0.0000,3.7415,0.0000,4.0045,0.0000,0.0000
1,346,19,20,1,3.4175,3.4517,5.4494,3.4639,0.0000,0.0000,3.4220,0.0000,3.9527
1,347,19,20,1.5,4.7532,4.9126,6.7585,4.2024,4.3127,4.3279,4.0627,4.6327,4.7907
1,348,19,40,0.75,5.3070,6.8044,8.5001,0.0000,0.0000,5.6498,4.7500,4.7311,4.0661
1,349,19,40,1,8.1568,8.8584,9.8137,6.2162,5.9401,7.2105,6.7179,5.6550,5.6245
1,350,19,40,1.5,8.3564,8.9325,11.8354,5.8936,5.4901,5.8756,5.2420,7.4141,6.9898
1,351,19,80,0.75,15.7437,17.5340,21.5473,11.6572,9.5984,13.4379,11.9530,13.3895,12.1288
1,352,19,80,1,17.4591,18.1968,21.5353,13.3742,12.2272,14.2709,13.3394,15.1793,13.0928
1,353,19,80,1.5,18.6584,19.1317,24.1660,12.2853,11.3942,13.4082,12.9024,14.5415,13.6238
1,354,19,160,0.75,28.6262,31.5258,38.2203,22.5036,17.9605,23.6136,19.1722,25.8783,20.7802
1,355,19,160,1,32.6653,34.1092,41.6420,23.3570,21.8072,23.6188,23.3696,26.6263,24.4365
1,356,19,160,1.5,35.8654,37.2287,46.8906,25.4606,23.4848,25.7737,25.7632,29.4601,26.7093
1,357,19,320,0.75,57.0104,62.3431,76.2250,42.8596,35.7543,45.3815,37.5752,50.7755,41.4645
1,358,19,320,1,66.8500,71.6481,86.6897,49.3315,45.7125,52.1385,47.8541,57.5490,52.4721
1,359,19,320,1.5,71.8543,75.1005,94.3818,51.4019,47.9681,53.1177,50.7078,60.1334,54.9318
1,360,20,10,0.75,1.8498,3.1306,3.3238,0.0000,0.0000,0.0000,0.0000,0.0000,0.0000
1,361,20,10,1,1.0153,1.5974,2.0446,0.0000,0.0000,4.3105,4.3632,0.0000,3.8758
1,362,20,10,1.5,0.9817,3.7299,3.6148,3.9802,4.0915,0.0000,0.0000,0.0000,3.7185
1,363,20,20,0.75,1.8132,3.3976,4.0238,0.0000,0.0000,4.5399,4.2765,0.0000,0.0000
1,364,20,20,1,0.8919,4.1912,4.0925,4.2113,0.0000,4.1343,4.3406,4.2404,4.5829
1,365,20,20,1.5,3.7934,5.9263,6.5763,0.0000,4.2168,5.4637,5.4617,6.0176,6.5610
1,366,20,40,0.75,4.7403,9.4154,9.5606,4.5207,4.1821,8.1820,6.9152,8.5427,6.9015
1,367,20,40,1,5.2765,10.6736,10.5572,5.9507,5.8114,9.7707,9.7620,9.1025,9.0248
1,368,20,40,1.5,5.6239,12.0425,12.3479,0.0000,4.9769,9.8697,9.7581,10.2844,10.1286
1,369,20,80,0.75,9.8203,18.6170,19.6865,9.7443,8.3781,16.3693,14.2183,16.9420,15.2204
1,370,20,80,1,10.1643,18.3703,19.1808,9.8470,9.3955,16.9301,16.8692,17.2260,17.3142
1,371,20,80,1.5,10.3892,18.9029,22.1936,9.7792,8.8580,17.0888,16.0300,19.5581,18.6501
1,372,20,160,0.75,20.2517,37.7568,38.0393,18.8387,16.4511,33.2911,29.9715,33.3913,30.3058
1,373,20,160,1,21.6978,39.2487,41.9059,20.6300,18.9664,35.0108,34.1437,36.3294,36.2328
1,374,20,160,1.5,27.0286,45.0163,49.2744,25.5022,24.5018,41.0036,40.3860,44.0252,43.6183
1,375,20,320,0.75,42.0052,72.0398,77.5635,40.2906,34.5768,64.4443,57.0741,69.2031,62.0395
1,376,20,320,1,46.1073,81.4078,87.6009,43.0909,40.8543,72.4336,71.5596,76.9278,76.9859
1,377,20,320,1.5,51.6398,88.6168,95.2170,48.8181,45.6208,78.8935,75.8832,83.6752,82.3220
1,378,21,10,0.75,2.2876,2.4600,2.0123,3.8869,3.2541,3.6444,3.3515,0.0000,3.7108
1,379,21,10,1,1.6659,1.6365,2.9112,4.2841,4.2039,0.0000,0.0000,4.1780,0.0000
1,380,21,10,1.5,3.4055,3.6623,4.9630,0.0000,4.2572,0.0000,3.7658,0.0000,0.0000
1,381,21,20,0.75,4.1269,5.4912,5.4320,4.8047,5.1312,4.8630,4.9552,4.8316,5.2440
1,382,21,20,1,4.8261,5.2638,6.8188,4.8944,4.9166,4.7776,4.5797,5.0587,4.8560
1,383,21,20,1.5,5.2749,6.3746,8.7532,0.0000,0.0000,5.1637,5.5178,5.3706,5.8012
1,384,21,40,0.75,7.1937,8.6467,13.2883,5.4803,4.8563,6.9428,6.3943,7.7437,6.7954
1,385,21,40,1,10.0019,12.1808,14.6973,8.0879,8.5735,10.3074,10.2852,9.4695,10.2734
1,386,21,40,1.5,10.5550,13.2479,16.5302,8.5936,8.7213,10.2214,10.9404,10.1065,11.7546
1,387,21,80,0.75,14.8041,19.7071,22.7822,11.9571,10.6737,15.3296,13.9888,14.8782,14.3499
1,388,21,80,1,19.0053,23.5091,29.5134,15.3124,14.5094,18.8291,18.9172,18.4177,19.8057
1,389,21,80,1.5,20.1822,24.4727,29.0548,15.8304,15.0293,17.8086,17.7632,17.6109,18.2280
1,390,21,160,0.75,33.0373,42.5840,52.2555,26.9557,24.0559,32.8170,30.2375,32.9647,32.5654
1,391,21,160,1,34.0972,44.9014,56.5077,25.6973,25.9331,33.7256,35.2421,33.0390,36.8366
1,392,21,160,1.5,41.3792,49.5330,62.9362,30.3747,30.7103,37.0583,38.3300,37.3308,39.8106
1,393,21,320,0.75,62.1663,80.0573,99.5508,49.7322,44.1201,62.2000,57.8294,60.9150,60.3938
1,394,21,320,1,70.7059,90.1529,110.6709,54.5139,54.3547,68.8532,70.6727,67.4911,74.5657
1,395,21,320,1.5,77.8452,96.8602,121.1233,56.5397,55.8460,74.0812,74.8245,72.5550,78.7997
1,396,22,10,0.75,2.1450,2.0162,2.8534,0.0000,0.0000,3.7932,3.7079,4.1679,0.0000
1,397,22,10,1,0.6146,1.1504,2.1957,3.9746,4.3041,4.0053,4.1004,4.4356,3.8642
1,398,22,10,1.5,1.1984,1.4499,2.9662,0.0000,0.0000,0.0000,4.0640,0.0000,0.0000
1,399,22,20,0.75,2.8453,4.2500,6.6568,3.9881,4.0243,4.5238,0.0000,4.7598,4.6601
1,400,22,20,1,3.8838,4.1128,5.0295,0.0000,4.1203,0.0000,4.0932,4.1800,4.3683
1,401,22,20,1.5,3.6613,3.5724,5.8153,0.0000,0.0000,3.9409,0.0000,5.7951,4.6167
1,402,22,40,0.75,7.1193,8.2674,11.6348,7.6011,7.2202,7.3957,6.5985,9.8339,9.1176
1,403,22,40,1,7.2327,8.5154,11.7560,7.1619,7.2192,8.0129,7.4830,9.3679,9.9349
1,404,22,40,1.5,6.4211,7.8309,12.2948,5.8306,5.5011,7.0537,6.3277,9.5352,10.0336
1,405,22,80,0.75,10.7620,13.5469,19.9369,9.6272,8.4051,11.4116,9.7000,15.8074,14.7013
1,406,22,80,1,12.3431,15.4565,23.5175,10.7281,11.0088,12.6810,12.4437,19.2697,19.8308
1,407,22,80,1.5,14.5380,15.7517,24.3881,12.5022,13.3163,13.4175,13.5549,20.4514,20.8604
1,408,22,160,0.75,25.0234,30.3195,42.6905,21.6384,19.0406,25.6421,21.5008,35.6965,32.5024
1,409,22,160,1,25.4192,31.7142,46.6433,22.4517,21.8212,26.7560,26.0962,39.0992,40.1492
1,410,22,160,1.5,27.9848,32.0979,48.9017,23.6276,24.0883,27.8011,26.8647,40.6088,42.1134
1,411,22,320,0.75,47.1186,58.5864,84.1820,41.0420,38.3471,49.0422,42.3634,68.9974,64.2061
1,412,22,320,1,52.1285,62.7877,91.8302,45.5805,46.7332,52.8899,51.5270,75.7735,77.4007
1,413,22,320,1.5,55.8658,65.0950,98.6637,48.3652,48.4824,54.9827,53.2921,81.0438,82.4131
1,414,23,10,0.75,0.8718,2.9585,2.3810,0.0000,0.0000,4.2668,0.0000,4.7298,0.0000
1,415,23,10,1,0.5115,2.2730,1.7907,0.0000,0.0000,0.0000,0.0000,4.4674,0.0000
1,416,23,10,1.5,1.3627,2.2464,3.3356,0.0000,0.0000,0.0000,0.0000,0.0000,0.0000
1,417,23,20,0.75,2.7810,3.6386,4.8254,0.0000,3.4185,3.5638,4.0047,0.0000,0.0000
1,418,23,20,1,2.0959,4.0950,3.4653,0.0000,0.0000,0.0000,0.0000,4.3072,0.0000
1,419,23,20,1.5,1.1607,2.2226,2.6380,0.0000,0.0000,0.0000,0.0000,0.0000,0.0000
1,420,23,40,0.75,4.3759,5.7096,5.3245,4.7046,4.5320,5.5418,3.7610,5.9374,4.9392
1,421,23,40,1,4.6979,6.2694,7.0305,4.5308,4.4239,5.7514,5.7830,6.3500,6.3745
1,422,23,40,1.5,2.8789,5.1361,5.7544,0.0000,0.0000,5.0432,4.7186,5.2196,5.2698
1,423,23,80,0.75,9.5909,13.4338,13.0479,10.0324,8.1152,13.1689,11.0362,13.0449,10.9097
1,424,23,80,1,9.2640,14.0787,14.2613,8.9734,8.5218,12.8518,13.2649,13.4361,12.7264
1,425,23,80,1.5,11.1727,16.1338,17.4991,11.1284,10.0407,15.2000,14.9119,15.8667,16.0068
1,426,23,160,0.75,16.6144,24.4429,23.9733,16.2333,13.1731,22.8905,19.4669,22.3509,19.0103
1,427,23,160,1,19.9802,29.5204,31.5095,19.4726,18.3445,27.5412,27.5095,29.3874,28.1091
1,428,23,160,1.5,20.9694,30.8576,33.7738,20.8294,19.4933,29.8190,29.1682,31.3508,30.5631
1,429,23,320,0.75,35.6252,52.5490,53.8913,35.6672,30.5017,50.0547,44.4241,51.1790,45.2369
1,430,23,320,1,39.8989,59.9846,60.9750,39.0056,37.1706,56.1510,55.7914,56.9174,55.0637
1,431,23,320,1.5,41.5809,61.8409,65.7788,41.3296,38.7972,58.7827,58.4051,61.4893,59.1796
1,432,24,10,0.75,1.2060,1.7898,1.5068,3.8140,0.0000,0.0000,0.0000,4.5259,4.1395
1,433,24,10,1,1.1595,0.9898,1.3810,4.3613,3.8406,3.3132,3.4166,0.0000,0.0000
1,434,24,10,1.5,0.8992,0.9501,1.1273,4.5306,0.0000,4.2505,0.0000,4.3803,0.0000
1,435,24,20,0.75,2.9866,2.8876,3.3065,0.0000,0.0000,4.2942,3.7339,0.0000,0.0000
1,436,24,20,1,3.3731,3.1471,3.7491,0.0000,0.0000,0.0000,0.0000,4.1585,0.0000
1,437,24,20,1.5,3.9774,3.8104,4.0274,0.0000,0.0000,0.0000,0.0000,0.0000,4.3217
1,438,24,40,0.75,4.5834,4.2947,4.4665,0.0000,0.0000,0.0000,0.0000,0.0000,0.0000
1,439,24,40,1,7.1040,7.0604,7.1322,6.7709,6.8076,7.0449,6.9073,6.6687,6.6699
1,440,24,40,1.5,6.9039,7.2114,7.1382,6.7005,6.3001,6.7895,6.4500,6.8881,6.5897
1,441,24,80,0.75,10.3569,11.7459,11.8035,9.6694,8.5636,10.8515,9.4838,10.2537,9.2860
1,442,24,80,1,11.9298,12.6867,13.6308,11.2466,10.3949,11.8701,10.9159,12.1376,11.4765
1,443,24,80,1.5,13.7958,15.3074,15.8071,12.5332,11.8512,14.2352,13.5747,13.9999,13.4727
1,444,24,160,0.75,22.6051,24.4622,24.8357,20.4068,18.1661,22.3306,19.4948,22.1212,19.2898
1,445,24,160,1,24.1093,26.9239,27.1097,22.1833,21.6026,24.5056,23.7735,23.9938,23.4300
1,446,24,160,1.5,24.2375,26.6396,26.8910,22.2798,21.2219,24.3189,23.3098,24.0872,22.8245
1,447,24,320,0.75,42.9279,47.1011,49.4961,39.1521,34.0333,43.2923,37.3932,43.6781,38.2097
1,448,24,320,1,47.2705,52.2333,53.1851,43.0365,42.3418,47.6589,46.2318,47.5539,47.0813
1,449,24,320,1.5,48.0140,53.0860,54.4118,43.5141,41.5361,48.1958,45.7713,48.2337,46.3483
1,450,25,10,0.75,1.4109,2.1139,2.7969,0.0000,3.9135,4.0278,0.0000,0.0000,0.0000
1,451,25,10,1,2.5092,4.2841,4.6417,4.5965,0.0000,0.0000,0.0000,4.6291,4.9995
1,452,25,10,1.5,3.2837,2.8091,3.8327,0.0000,0.0000,0.0000,0.0000,0.0000,0.0000
1,453,25,20,0.75,1.9637,4.4099,5.0022,4.0535,0.0000,4.8176,4.9841,4.8944,5.0803
1,454,25,20,1,3.8083,6.4837,7.3149,0.0000,4.0919,5.6271,5.5925,5.5444,5.7048
1,455,25,20,1.5,5.9339,6.7210,6.6318,5.0215,4.3780,5.1621,4.8275,5.6630,5.0044
1,456,25,40,0.75,7.4371,10.2903,12.2021,7.1838,6.6503,9.1111,8.0443,10.7730,9.7226
1,457,25,40,1,9.8680,13.6618,14.7307,8.4007,7.9157,9.8883,9.3064,11.5412,10.7452
1,458,25,40,1.5,7.8711,11.5275,13.2879,7.5956,7.7911,10.2526,10.7978,10.9267,11.5837
1,459,25,80,0.75,14.8700,21.3134,22.5856,14.6249,12.8365,18.7416,16.8546,19.7558,18.3254
1,460,25,80,1,16.2010,22.2918,25.3670,14.5610,14.8882,18.0808,18.6818,20.6635,21.3644
1,461,25,80,1.5,17.4091,23.7537,26.9250,15.1970,15.7966,18.6406,19.2891,21.3702,22.4408
1,462,25,160,0.75,31.0550,41.5223,46.2672,27.9196,24.5815,34.5195,30.5315,38.1309,34.4879
1,463,25,160,1,32.4695,44.9083,51.1513,27.4213,27.5872,34.7303,35.3271,40.4038,41.3857
1,464,25,160,1.5,36.3748,48.0896,54.4259,30.9602,30.5456,38.7998,38.2803,43.2082,43.8098
1,465,25,320,0.75,59.9094,82.8603,92.4204,51.2123,45.2183,66.9532,59.9087,75.0054,67.8140
1,466,25,320,1,66.8419,89.6869,100.7082,58.2003,58.0376,73.3097,73.5149,82.9406,83.7599
1,467,25,320,1.5,73.5677,98.1061,112.1877,63.0743,63.7185,80.1842,80.7936,89.6626,92.0886
1,468,26,10,0.75,3.0465,4.4813,4.5954,0.0000,0.0000,0.0000,0.0000,0.0000,0.0000
1,469,26,10,1,3.7356,3.9927,3.4494,0.0000,0.0000,0.0000,0.0000,3.7381,0.0000
1,470,26,10,1.5,2.1269,4.0134,4.2978,5.2109,4.7060,4.1297,4.3307,0.0000,4.4474
1,471,26,20,0.75,6.7800,8.0638,9.3351,5.3750,5.0552,6.7328,6.0594,5.2323,5.4820
1,472,26,20,1,6.5089,9.1016,10.4863,5.4196,5.5883,7.5784,7.3401,6.1641,6.7007
1,473,26,20,1.5,5.3186,8.3685,10.1244,0.0000,0.0000,6.5687,6.5233,5.2140,5.1279
1,474,26,40,0.75,12.9520,15.7888,19.4236,9.5969,9.0740,11.4489,11.0497,10.0958,9.6313
1,475,26,40,1,11.7086,14.3259,18.2910,8.9198,8.8840,11.4330,11.5580,10.4355,11.1748
1,476,26,40,1.5,14.5194,19.1367,22.0953,10.8876,10.4091,14.9652,14.2742,12.1241,12.7015
1,477,26,80,0.75,23.7215,31.3089,35.9381,17.7690,15.5110,24.3476,21.1873,19.0983,18.5748
1,478,26,80,1,27.1610,34.6401,39.8721,19.4019,19.5817,27.9508,27.9742,21.6533,24.0476
1,479,26,80,1.5,27.6526,37.1614,44.3163,20.8593,21.2201,29.9094,30.0640,23.7744,27.1316
1,480,26,160,0.75,47.9727,61.4235,70.3528,36.1168,32.2546,49.3632,43.5258,40.6019,38.2283
1,481,26,160,1,51.6475,66.6006,79.7198,38.0514,37.6551,54.4420,54.0950,43.7992,46.8644
1,482,26,160,1.5,55.9172,72.0663,86.3908,40.8718,40.7443,57.0393,56.1751,45.4631,49.2697
1,483,26,320,0.75,94.3854,123.4117,144.1982,71.8104,64.2774,99.4683,88.7538,80.9924,77.7657
1,484,26,320,1,108.0799,137.2017,162.5402,79.7266,79.7035,110.8373,110.4441,89.8892,96.0815
1,485,26,320,1.5,114.1490,144.9532,173.7120,83.3646,82.6363,114.6131,114.2894,92.6025,99.9036
1,486,27,10,0.75,2.3151,3.4743,3.6510,3.2212,0.0000,0.0000,0.0000,0.0000,0.0000
1,487,27,10,1,2.7428,2.8313,3.6885,0.0000,4.1534,0.0000,0.0000,0.0000,4.3537
1,488,27,10,1.5,3.5455,2.2330,3.3002,3.0046,0.0000,4.4508,0.0000,3.7412,3.5265
1,489,27,20,0.75,5.4499,5.3857,7.1446,4.7220,0.0000,4.8416,4.4077,4.4238,4.0267
1,490,27,20,1,3.3919,3.6922,4.5858,4.0061,3.9513,0.0000,0.0000,0.0000,4.1203
1,491,27,20,1.5,5.5335,4.9034,6.7164,4.7305,0.0000,0.0000,0.0000,4.8396,0.0000
1,492,27,40,0.75,8.6210,8.3694,10.3592,6.1343,5.8565,5.9608,5.6342,5.7163,5.1776
1,493,27,40,1,7.8878,7.6240,10.7004,6.0049,5.5991,5.1052,4.6519,6.6961,6.7090
1,494,27,40,1.5,9.5702,9.4470,14.0306,5.3583,5.2524,5.6341,5.4435,6.4276,6.5227
1,495,27,80,0.75,15.1505,14.9272,22.1114,10.5746,9.0591,9.7351,8.4446,12.4293,11.2242
1,496,27,80,1,17.3082,16.1852,26.0332,10.9095,10.1342,9.7429,9.3397,12.8239,12.5067
1,497,27,80,1.5,17.2911,17.5345,25.8096,10.6158,11.3279,9.8706,9.7258,13.0714,12.6863
1,498,27,160,0.75,33.5874,33.1600,44.6185,21.5253,19.3601,19.8653,18.9520,23.2670,21.0857
1,499,27,160,1,35.8640,33.9682,49.2360,21.9097,21.6674,19.3314,19.8251,25.4433,25.6788
1,500,27,160,1.5,39.0638,38.7404,55.3478,23.4994,23.9233,21.9214,22.9038,26.5878,25.9169
1,501,27,320,0.75,64.2612,63.6172,89.9407,42.7494,37.6027,39.9634,35.6128,47.9485,41.9273
1,502,27,320,1,71.8738,70.8088,99.9548,45.4660,45.3268,41.4137,41.6680,51.5486,50.4893
1,503,27,320,1.5,78.4915,75.5939,109.0509,47.5411,47.2588,44.2670,44.5405,53.7519,52.4077
1,504,28,10,0.75,0.7966,0.8215,1.5366,0.0000,0.0000,0.0000,0.0000,0.0000,3.3897
1,505,28,10,1,-0.1908,1.1606,2.7879,4.1831,0.0000,0.0000,4.1792,0.0000,0.0000
1,506,28,10,1.5,1.9832,1.6516,2.4113,0.0000,3.8496,0.0000,0.0000,0.0000,4.0170
1,507,28,20,0.75,3.6250,4.2475,5.5741,4.8090,4.0387,4.4874,4.7439,5.1032,5.1539
1,508,28,20,1,2.4945,3.0446,5.9044,0.0000,0.0000,0.0000,0.0000,5.2120,5.4189
1,509,28,20,1.5,3.4112,4.5010,6.2314,0.0000,0.0000,4.0642,4.3249,4.5960,4.5002
1,510,28,40,0.75,7.4905,8.1137,10.9272,6.0926,5.6371,6.1486,5.4270,8.4438,8.3656
1,511,28,40,1,7.5031,9.9152,13.8374,6.1839,5.9707,6.7091,6.1744,10.2287,10.1705
1,512,28,40,1.5,9.7996,11.5486,14.3028,8.2954,8.1883,9.5073,9.4232,11.5067,10.8359
1,513,28,80,0.75,16.5321,18.0908,22.4429,13.7499,11.8164,13.1337,11.6806,16.4961,14.4547
1,514,28,80,1,16.7484,19.2294,24.6576,14.5764,14.3678,14.4699,13.5042,18.3828,18.5455
1,515,28,80,1.5,18.1675,21.2111,27.2319,14.9724,14.9313,15.5345,14.6610,19.8550,18.6936
1,516,28,160,0.75,30.0971,34.9771,44.9396,24.8432,21.5984,25.4032,20.4004,32.9956,27.2449
1,517,28,160,1,31.2140,36.9320,49.9133,25.1116,24.7989,26.5060,24.3381,36.1064,35.7489
1,518,28,160,1.5,35.4668,40.7251,51.9444,30.1325,29.2451,28.6519,26.0021,36.1647,35.8709
1,519,28,320,0.75,59.9991,70.2105,89.8388,49.2764,42.8979,50.1544,42.3313,63.3351,55.2897
1,520,28,320,1,66.1575,77.4732,99.8149,55.4231,53.6731,57.2395,53.6742,72.2415,68.8233
1,521,28,320,1.5,73.0950,81.3732,106.1787,62.4750,58.9914,58.9632,54.6260,75.9823,72.6821
1,522,29,10,0.75,2.4555,2.3081,2.9219,0.0000,0.0000,4.2312,4.1632,0.0000,0.0000
1,523,29,10,1,1.4258,2.6276,3.1991,0.0000,0.0000,0.0000,0.0000,0.0000,0.0000
1,524,29,10,1.5,2.5571,3.3972,4.0580,0.0000,0.0000,0.0000,4.5208,0.0000,0.0000
1,525,29,20,0.75,4.7766,7.5475,7.2747,4.2312,4.4658,6.0635,6.8402,6.1163,7.2204
1,526,29,20,1,5.1447,7.9751,8.3452,4.8441,4.9926,7.0647,7.7804,5.7366,7.3691
1,527,29,20,1.5,7.0068,10.0996,10.2531,5.9102,5.8151,7.9708,8.3841,7.2365,8.1099
1,528,29,40,0.75,8.2380,16.1887,16.3102,7.2338,7.5368,13.2387,13.3410,9.6221,11.4113
1,529,29,40,1,9.3938,13.2233,15.4058,7.7093,8.5574,10.0989,12.0589,9.6757,12.7083
1,530,29,40,1.5,8.9697,16.9516,18.9168,7.6118,8.8681,13.9198,16.0208,13.8331,16.3411
1,531,29,80,0.75,16.8769,27.0237,31.3865,14.1466,14.2166,21.6484,21.9708,19.3240,22.9624
1,532,29,80,1,18.8525,30.2948,33.6098,15.9373,18.1485,24.6588,27.9422,21.5885,28.0446
1,533,29,80,1.5,21.4675,32.6559,36.6134,17.9943,19.6315,25.7917,28.5441,23.2999,29.4590
1,534,29,160,0.75,34.5288,56.8971,60.9273,30.0317,29.4435,45.3942,45.8732,38.2792,44.4513
1,535,29,160,1,38.0362,60.7660,67.0171,33.1413,35.9545,48.6047,54.5892,42.4646,54.3505
1,536,29,160,1.5,40.1914,65.4498,73.1793,34.0988,36.6547,52.8329,57.6666,45.2904,57.5249
1,537,29,320,0.75,66.8585,112.5375,122.4141,57.0864,56.4714,89.0429,90.9218,76.5368,89.8022
1,538,29,320,1,76.2290,122.6011,134.3383,65.7583,71.5216,97.8410,109.5082,84.3042,109.0712
1,539,29,320,1.5,83.0155,133.1810,147.3564,70.2309,75.6078,107.0677,117.4364,94.0164,117.4976
1,540,30,10,0.75,2.7520,1.2376,1.9131,0.0000,0.0000,0.0000,0.0000,0.0000,0.0000
1,541,30,10,1,1.1714,0.7136,3.2375,0.0000,0.0000,0.0000,0.0000,0.0000,3.6932
1,542,30,10,1.5,3.0866,2.8139,4.2654,0.0000,0.0000,0.0000,0.0000,0.0000,0.0000
1,543,30,20,0.75,4.6937,5.1456,7.7313,4.6283,0.0000,4.6762,4.3549,6.4491,5.8620
1,544,30,20,1,4.6694,4.5371,7.4066,4.8819,5.0674,4.6610,4.3770,6.8248,6.8736
1,545,30,20,1.5,7.4145,7.1432,9.4429,6.9806,7.3325,6.9245,6.9801,7.9597,8.0892
1,546,30,40,0.75,9.1087,9.5940,14.1108,8.3867,8.3387,8.8761,7.8871,11.1708,10.3907
1,547,30,40,1,9.9184,9.5852,14.1394,9.0552,8.8921,8.5201,8.8179,12.0947,11.5308
1,548,30,40,1.5,11.5040,10.6476,15.4463,10.6126,10.2592,10.0429,9.7503,13.2560,12.7103
1,549,30,80,0.75,20.5772,19.4287,27.2171,19.0392,16.4467,17.3120,15.0459,22.7558,20.1149
1,550,30,80,1,19.7316,18.0992,29.2935,17.6951,17.8872,17.2726,17.0231,23.6453,23.4139
1,551,30,80,1.5,25.5038,21.9940,33.0626,23.5355,22.9984,20.4493,20.3529,27.2203,27.5460
1,552,30,160,0.75,40.5331,39.4806,57.0542,36.9329,32.0448,36.1993,31.7471,46.6854,40.8561
1,553,30,160,1,45.3899,42.8326,62.6084,41.8417,40.3437,38.9083,38.7407,51.5657,50.0564
1,554,30,160,1.5,49.0088,43.9732,64.7892,44.7399,42.4820,39.7922,39.2678,53.9212,52.0569
1,555,30,320,0.75,83.2554,79.0685,114.8045,76.8748,65.2786,70.8680,62.1687,96.0937,81.0041
1,556,30,320,1,91.6312,84.8688,126.3549,83.3050,80.4343,76.8258,75.6117,103.5871,99.4632
1,557,30,320,1.5,98.9238,88.9289,133.8568,89.6937,87.6491,81.0924,80.2128,110.7496,108.4066
1,558,31,10,0.75,2.5101,1.6435,3.6946,0.0000,0.0000,0.0000,0.0000,0.0000,0.0000
1,559,31,10,1,0.8594,2.1759,2.1033,0.0000,0.0000,3.2472,0.0000,4.5736,4.3759
1,560,31,10,1.5,2.3360,3.3145,3.0941,4.5031,5.3817,4.4142,4.1828,4.3985,0.0000
1,561,31,20,0.75,2.2563,3.7517,3.4804,4.3133,4.1607,0.0000,0.0000,0.0000,0.0000
1,562,31,20,1,3.1701,5.2597,6.1954,0.0000,0.0000,4.6527,5.3623,4.8085,4.9210
1,563,31,20,1.5,5.9800,7.0612,7.0864,6.0323,5.1296,5.5957,5.3420,6.0589,5.7708
1,564,31,40,0.75,4.7345,7.1316,8.8785,4.4361,0.0000,6.1841,5.3738,7.3530,6.7485
1,565,31,40,1,8.3570,9.5363,12.0218,7.2853,6.9034,8.3133,8.4143,9.0456,9.7115
1,566,31,40,1.5,6.4930,8.1913,12.0861,6.0946,5.2133,7.3346,7.0797,9.4986,9.2217
1,567,31,80,0.75,12.1880,18.3612,21.2776,11.3187,10.0944,16.8232,14.6650,18.5393,16.4604
1,568,31,80,1,14.4957,18.2815,23.4764,13.2102,13.1122,16.4468,16.0667,19.5976,18.9222
1,569,31,80,1.5,15.3566,21.1197,25.8853,13.6704,13.4234,18.7609,18.6195,21.1717,19.9828
1,570,31,160,0.75,23.4082,34.1398,42.3213,20.8838,17.9684,30.5634,25.8457,34.9750,29.8420
1,571,31,160,1,24.9831,36.1643,44.3348,21.9452,22.4302,31.3297,31.0702,36.1264,35.8125
1,572,31,160,1.5,29.0905,41.0270,50.3325,26.3948,25.7837,36.7126,35.9218,40.5213,39.1683
1,573,31,320,0.75,47.9151,68.1087,81.9793,44.3745,39.2484,61.6779,54.5095,69.6428,62.0163
1,574,31,320,1,54.1081,77.9447,93.8419,49.5492,49.0547,70.8098,69.5939,79.2121,77.5228
1,575,31,320,1.5,56.8875,83.0346,101.4361,51.3387,49.9773,74.2708,72.2183,83.0131,80.7402
1,576,32,10,0.75,2.5197,3.1274,2.7935,0.0000,0.0000,0.0000,0.0000,0.0000,3.4853
1,577,32,10,1,3.3875,5.5168,4.5326,0.0000,0.0000,4.4930,4.7288,4.6034,4.6780
1,578,32,10,1.5,2.4003,4.2358,3.1519,0.0000,0.0000,0.0000,0.0000,0.0000,0.0000
1,579,32,20,0.75,4.4902,5.9878,7.7579,4.2354,4.2987,4.5057,4.3980,5.2914,5.1981
1,580,32,20,1,5.1601,6.3741,7.8357,5.2719,4.8195,5.9172,5.2780,6.5633,5.9798
1,581,32,20,1.5,4.7040,7.5164,7.6445,4.3632,0.0000,5.8785,5.4545,5.3003,5.2140
1,582,32,40,0.75,10.2605,13.5732,14.7112,8.9424,8.0685,11.0211,9.8371,11.4231,9.7878
1,583,32,40,1,9.2450,15.7919,15.6904,8.2073,7.9074,11.4462,11.0594,11.3916,10.8658
1,584,32,40,1.5,9.1765,15.8228,17.2905,8.2120,8.2984,11.0780,11.0507,12.2152,11.9079
1,585,32,80,0.75,18.3936,28.3697,28.8011,16.3507,14.2798,21.1855,18.4513,22.0953,18.8290
1,586,32,80,1,19.9964,30.1328,29.0349,17.6553,17.2507,22.0513,21.2402,22.2848,21.3425
1,587,32,80,1.5,20.9376,33.6875,32.7564,17.4197,16.8100,23.0160,21.8713,23.7117,22.5408
1,588,32,160,0.75,36.6789,56.2109,55.1327,32.7350,27.5822,40.8778,34.9564,42.7909,36.5100
1,589,32,160,1,38.3477,61.3383,60.6933,33.6090,33.1386,44.1850,43.1175,45.0455,43.4953
1,590,32,160,1.5,40.2838,64.8018,66.3205,34.5600,33.1991,44.5024,42.9854,47.1210,44.9005
1,591,32,320,0.75,69.8376,109.1303,109.7741,61.9330,54.6978,80.1981,69.4717,82.8856,71.4018
1,592,32,320,1,77.8406,122.3066,122.8845,68.5281,66.5238,88.6501,85.9473,91.2901,87.7825
1,593,32,320,1.5,83.3801,135.6493,135.2113,71.7274,69.0498,93.4990,89.4282,96.4897,91.5481
1,594,33,10,0.75,1.9770,5.0008,4.2083,0.0000,0.0000,4.5826,0.0000,4.3254,4.1214
1,595,33,10,1,3.6584,6.1672,5.7977,4.4901,4.5209,5.7932,5.3766,5.5682,4.9883
1,596,33,10,1.5,1.6497,5.4067,6.0587,4.2776,4.3142,5.0477,5.1373,4.8993,5.0733
1,597,33,20,0.75,5.1956,8.0326,8.7558,4.3801,4.6966,7.1618,6.5064,7.1530,6.9781
1,598,33,20,1,6.0025,11.6665,11.8905,6.2971,5.4402,10.6989,10.3200,9.4648,9.2965
1,599,33,20,1.5,4.5366,9.8006,10.8614,0.0000,0.0000,8.9087,9.1653,8.9252,9.3559
1,600,33,40,0.75,7.3113,17.0325,16.5764,6.0702,5.7397,15.9619,13.3706,13.2153,12.3665
1,601,33,40,1,8.7340,19.0792,19.5681,7.4429,7.2673,17.1270,16.8685,15.6374,16.1444
1,602,33,40,1.5,8.6910,21.1628,23.5181,7.5202,7.5140,18.9479,18.4173,18.1340,19.4288
1,603,33,80,0.75,17.6538,35.2509,37.6884,15.4618,15.4018,32.0337,27.9986,30.7201,27.6383
1,604,33,80,1,18.9817,38.7474,39.4201,15.7870,16.0129,35.3762,34.8983,30.7487,32.2140
1,605,33,80,1.5,19.4187,41.7484,45.5267,16.4111,16.6954,37.5163,36.4930,36.1236,37.8593
1,606,33,160,0.75,30.8950,70.2411,74.4148,26.2232,25.1303,63.8692,57.9112,58.7810,56.8520
1,607,33,160,1,35.7902,78.3002,82.4021,30.6079,31.6146,71.5889,70.3581,64.6256,68.1547
1,608,33,160,1.5,38.0514,82.3248,88.5436,31.1962,31.6739,75.4482,73.1277,71.5463,73.6767
1,609,33,320,0.75,62.6015,141.0279,145.3311,53.1212,50.6733,129.3291,116.0068,113.6078,111.3283
1,610,33,320,1,73.1805,157.4609,165.6389,61.9205,63.2616,143.1779,140.8964,130.2448,137.9294
1,611,33,320,1.5,78.8020,169.0770,180.8911,65.3286,67.4232,153.8961,148.8970,144.9960,149.4982
1,612,34,10,0.75,2.1130,4.2673,3.4957,0.0000,0.0000,0.0000,3.2276,0.0000,0.0000
1,613,34,10,1,3.7408,4.0210,5.0012,0.0000,3.7920,4.1238,4.3373,0.0000,0.0000
1,614,34,10,1.5,2.3103,6.3634,6.1678,4.4389,3.9145,6.1355,6.5465,4.9412,4.8590
1,615,34,20,0.75,4.9183,7.7020,9.4608,5.0667,4.8683,6.9460,5.6243,5.9617,5.4709
1,616,34,20,1,5.9127,7.8111,10.1277,4.7743,5.1132,7.2975,6.7467,7.5003,7.9311
1,617,34,20,1.5,7.1726,9.4866,9.6344,6.9085,7.1405,8.7694,9.4608,7.2592,7.9262
1,618,34,40,0.75,11.0454,17.3258,17.1888,9.1974,7.9217,15.6314,13.9210,12.1545,11.4029
1,619,34,40,1,12.2214,18.7705,19.7294,10.3651,10.2690,16.6428,16.4744,13.4114,13.3806
1,620,34,40,1.5,15.6616,21.7718,23.1504,12.6250,12.5861,19.2166,18.4309,16.5742,16.6448
1,621,34,80,0.75,22.2224,35.0100,33.8111,19.4146,16.6849,31.5412,27.0950,23.4833,20.4987
1,622,34,80,1,26.5109,37.2538,39.0623,23.4734,22.0984,33.6128,33.0268,27.0025,26.1932
1,623,34,80,1.5,29.2013,40.5147,42.4690,24.4179,23.4757,36.1718,34.6054,29.7123,28.1722
1,624,34,160,0.75,46.3476,67.9948,70.5019,40.1345,34.6619,60.0829,52.3401,49.9274,44.3384
1,625,34,160,1,51.7018,75.6052,78.8581,45.0094,43.4556,67.1503,65.8244,54.0587,54.0882
1,626,34,160,1.5,58.8310,81.1277,85.6373,49.5183,47.3798,71.5535,69.0598,59.8929,58.3218
1,627,34,320,0.75,92.4778,137.6224,140.8094,78.8957,68.8341,121.4115,106.1800,97.7036,87.5341
1,628,34,320,1,101.1849,148.5637,155.8016,87.0868,83.9509,131.3582,128.7232,107.0135,107.0669
1,629,34,320,1.5,114.1670,161.1995,170.2485,96.2661,91.9736,142.2399,137.3217,118.5762,114.8547
1,630,35,10,0.75,1.5681,2.5502,3.2558,0.0000,0.0000,0.0000,0.0000,0.0000,0.0000
1,631,35,10,1,1.3356,2.4208,2.7556,3.7509,3.6934,0.0000,0.0000,0.0000,0.0000
1,632,35,10,1.5,1.9553,1.4725,2.2660,4.0146,3.9031,4.4843,4.5033,4.1097,0.0000
1,633,35,20,0.75,2.5191,2.7459,3.6373,4.0371,3.7377,0.0000,0.0000,4.0459,4.2310
1,634,35,20,1,5.1836,4.7151,4.7396,5.2517,5.2466,4.5762,4.5374,4.7460,4.4364
1,635,35,20,1.5,3.2588,4.6655,6.5348,4.5822,4.5076,5.2845,5.8110,6.9563,7.5967
1,636,35,40,0.75,2.1324,4.2773,5.8318,3.7875,0.0000,4.5559,4.0331,6.3181,5.5954
1,637,35,40,1,7.4008,7.2671,9.0745,7.2960,6.9152,7.3682,6.7003,8.6893,8.0694
1,638,35,40,1.5,6.2900,8.8385,9.8630,6.3842,6.1110,8.4250,7.6280,9.4235,8.6237
1,639,35,80,0.75,9.5090,12.9766,15.3084,9.5560,8.2644,12.6704,10.7539,14.7634,12.5500
1,640,35,80,1,11.1177,14.4508,16.8679,10.9689,10.9548,14.3423,13.2132,16.4416,15.1961
1,641,35,80,1.5,10.5857,14.1448,17.1015,10.4843,10.9904,13.5820,14.5383,16.6806,17.0516
1,642,35,160,0.75,20.5486,28.3430,31.8410,20.5625,18.2213,27.5682,23.4832,30.5604,26.1955
1,643,35,160,1,22.6800,29.7787,35.4344,22.3069,20.9787,28.7642,27.5477,33.2939,31.6845
1,644,35,160,1.5,23.8346,32.1276,37.0195,23.6867,22.7108,31.0939,29.0943,35.3092,33.3462
1,645,35,320,0.75,40.2611,54.8837,62.9106,39.7976,34.5584,53.1686,45.1189,59.9105,50.4077
1,646,35,320,1,45.9594,59.7513,68.8054,45.3387,43.5596,57.7737,55.1824,64.8569,61.7175
1,647,35,320,1.5,49.9122,65.3808,75.8016,49.2591,47.5222,62.8692,60.1093,72.4722,68.0126
2,0,0,10,0.75,1.3812,0.8676,-0.1869,3.4660,0.0000,0.0000,0.0000,0.0000,0.0000
2,1,0,10,1,-1.1979,-0.0871,-1.6179,0.0000,0.0000,4.5965,4.1817,0.0000,0.0000
2,2,0,10,1.5,0.5312,0.5769,0.1691,0.0000,3.5603,0.0000,0.0000,0.0000,0.0000
2,3,0,20,0.75,0.7800,1.4610,1.4136,0.0000,0.0000,4.7468,4.7183,0.0000,0.0000
2,4,0,20,1,0.2002,0.6097,-0.0441,0.0000,0.0000,3.6930,0.0000,4.2504,4.0120
2,5,0,20,1.5,-1.2985,0.1299,1.0216,0.0000,0.0000,0.0000,0.0000,0.0000,0.0000
2,6,0,40,0.75,1.2571,1.2335,1.9667,4.4071,0.0000,4.2716,3.9149,0.0000,0.0000
2,7,0,40,1,0.7966,2.1249,1.9255,0.0000,0.0000,3.9122,0.0000,4.3970,0.0000
2,8,0,40,1.5,0.8562,2.6029,2.9668,0.0000,0.0000,3.3040,3.2617,4.2340,4.5253
2,9,0,80,0.75,3.2421,4.7926,2.6975,0.0000,4.1152,3.8620,0.0000,0.0000,3.5875
2,10,0,80,1,2.3729,5.9781,5.9530,0.0000,0.0000,4.6710,5.0038,0.0000,4.5308
2,11,0,80,1.5,3.3627,5.3226,5.0564,4.3190,4.3165,4.9592,5.1011,0.0000,4.3100
2,12,0,160,0.75,2.9748,7.9360,7.3152,0.0000,0.0000,5.3582,5.4203,4.3804,4.5191
2,13,0,160,1,5.8402,8.0669,9.3496,4.7458,0.0000,5.9676,6.4263,7.1854,5.8690
2,14,0,160,1.5,4.3674,8.7846,9.2440,0.0000,4.1753,5.7391,5.9264,5.9888,6.2791
2,15,0,320,0.75,7.7431,15.9376,16.0052,5.7853,5.4489,11.7223,11.6789,9.7092,10.5745
2,16,0,320,1,8.8289,17.1262,16.0662,5.1759,5.4677,11.9431,12.4251,10.7546,10.9553
2,17,0,320,1.5,10.5480,19.9067,21.2007,6.5579,6.6127,15.5170,16.5705,12.7688,13.8035
2,18,1,10,0.75,1.0367,1.0254,1.1872,0.0000,0.0000,3.7120,0.0000,0.0000,0.0000
2,19,1,10,1,1.0706,0.9927,1.6533,3.9005,0.0000,0.0000,0.0000,0.0000,0.0000
2,20,1,10,1.5,0.4439,1.0437,0.4815,0.0000,0.0000,0.0000,0.0000,0.0000,0.0000
2,21,1,20,0.75,2.8976,3.4050,2.6138,0.0000,0.0000,5.1819,4.8887,4.8009,4.5761
2,22,1,20,1,1.8078,1.5630,2.1928,0.0000,0.0000,0.0000,0.0000,0.0000,0.0000
2,23,1,20,1.5,3.9650,2.8494,3.4974,0.0000,0.0000,0.0000,0.0000,0.0000,0.0000
2,24,1,40,0.75,2.2231,3.8951,3.8665,4.5889,4.7110,4.4236,3.9813,0.0000,0.0000
2,25,1,40,1,5.0484,5.6874,5.1938,4.3722,4.5254,4.4065,4.6407,4.1614,4.4511
2,26,1,40,1.5,3.3947,2.8592,2.9266,0.0000,0.0000,0.0000,0.0000,4.0576,0.0000
2,27,1,80,0.75,6.5573,6.5812,7.3568,4.7327,4.8649,4.9228,5.1025,0.0000,4.3125
2,28,1,80,1,8.9425,9.7105,10.6559,7.3076,7.0890,8.3432,8.7609,6.1349,6.5088
2,29,1,80,1.5,8.0958,8.9662,9.1286,7.5087,6.9270,7.5984,6.9524,7.0366,6.2075
2,30,1,160,0.75,12.0448,13.1430,13.0237,8.1991,7.0425,8.4326,7.6200,7.4500,6.8381
2,31,1,160,1,13.6783,14.6845,16.5955,9.6742,10.0561,11.4527,11.3814,9.0499,9.2713
2,32,1,160,1.5,17.1036,16.8942,18.6182,13.2810,13.3523,13.6408,14.2084,12.1898,12.4371
2,33,1,320,0.75,25.2770,28.3016,29.8170,18.7728,16.7736,20.4295,19.0418,16.8422,15.9725
2,34,1,320,1,29.2409,30.9969,33.7213,22.6315,22.8932,23.2818,23.9218,20.3980,20.9541
2,35,1,320,1.5,33.0891,35.1298,37.3255,23.8698,24.4722,24.9254,25.7672,22.6402,23.7405
2,36,2,10,0.75,1.8396,1.2606,1.7280,0.0000,0.0000,4.6551,4.5609,0.0000,0.0000
2,37,2,10,1,0.8327,2.6231,0.6486,0.0000,0.0000,0.0000,0.0000,0.0000,0.0000
2,38,2,10,1.5,-0.0821,0.3534,0.3933,0.0000,0.0000,0.0000,0.0000,0.0000,0.0000
2,39,2,20,0.75,1.6598,1.8775,2.0585,0.0000,0.0000,4.1041,3.9192,0.0000,3.5203
2,40,2,20,1,0.5944,0.3220,0.5751,0.0000,0.0000,0.0000,5.0407,4.2659,4.7211
2,41,2,20,1.5,0.1648,0.0715,-0.1655,0.0000,0.0000,3.2641,4.2481,0.0000,0.0000
2,42,2,40,0.75,4.5592,5.8829,6.0239,0.0000,4.2526,4.8316,4.2251,5.5464,5.0162
2,43,2,40,1,0.1440,2.3926,3.0308,4.0581,4.0875,0.0000,0.0000,4.0496,4.2998
2,44,2,40,1.5,4.7287,5.2054,4.6409,4.8115,0.0000,5.1373,4.3479,4.5569,0.0000
2,45,2,80,0.75,6.7423,7.1199,8.4065,5.9361,5.5346,6.5123,5.5943,7.7261,7.2312
2,46,2,80,1,5.8049,7.1303,8.4373,5.6164,5.6116,7.0608,6.7050,7.2686,7.9713
2,47,2,80,1.5,6.1723,6.3714,8.5302,5.8626,5.3020,5.6221,5.4461,6.5326,6.1863
2,48,2,160,0.75,10.8810,13.5046,16.1431,8.4474,7.9267,11.6399,9.7410,12.5799,11.6859
2,49,2,160,1,11.3899,14.2056,17.5005,9.3759,9.1301,11.8351,11.7034,13.5347,13.4620
2,50,2,160,1.5,13.4158,16.8214,19.6721,11.5509,10.6866,15.6443,14.7445,17.0511,16.5810
2,51,2,320,0.75,21.8847,26.5563,31.4531,19.5273,17.0197,24.6237,21.7323,25.6486,23.5269
2,52,2,320,1,21.9803,28.5642,34.6789,19.2173,18.5454,26.5508,25.3095,28.4770,28.8652
2,53,2,320,1.5,26.6655,30.6820,37.7471,23.3251,21.3554,28.2079,27.0959,30.6561,30.7565
2,54,3,10,0.75,0.4592,2.1160,1.8046,0.0000,0.0000,0.0000,0.0000,0.0000,4.2675
2,55,3,10,1,0.5335,1.8867,1.0628,0.0000,0.0000,0.0000,0.0000,3.4199,0.0000
2,56,3,10,1.5,-0.0293,1.7596,0.1509,0.0000,0.0000,5.3061,5.2208,4.6196,4.3762
2,57,3,20,0.75,2.5319,3.1412,2.5181,0.0000,0.0000,0.0000,0.0000,4.2617,4.0133
2,58,3,20,1,3.7398,3.3966,3.0042,0.0000,4.3743,5.3285,5.6331,4.2331,4.6671
2,59,3,20,1.5,1.3053,4.0358,2.9618,0.0000,0.0000,4.6695,0.0000,4.6952,4.3937
2,60,3,40,0.75,4.4653,6.3063,4.9847,3.9358,0.0000,5.6319,5.2732,4.5966,4.1608
2,61,3,40,1,2.8794,4.1946,4.0297,0.0000,4.2664,4.6963,4.6283,4.9701,5.1019
2,62,3,40,1.5,3.9426,7.4811,5.8246,4.9015,4.5702,6.6524,6.4545,4.9980,5.5220
2,63,3,80,0.75,7.9112,14.0181,12.0381,6.9428,6.6860,12.7693,11.7813,10.2740,9.9007
2,64,3,80,1,7.9835,13.4914,12.1812,7.2817,6.7603,11.9332,11.9710,10.0962,9.5650
2,65,3,80,1.5,7.5774,15.0857,12.6740,6.4828,6.7810,13.2532,12.8275,9.6564,9.4913
2,66,3,160,0.75,14.5829,24.3907,21.1114,12.4412,11.1857,22.3001,20.0749,16.9810,14.2896
2,67,3,160,1,17.4560,29.3567,24.9999,14.9362,14.4873,27.0411,26.5200,20.0967,19.5046
2,68,3,160,1.5,17.7519,29.3041,25.0670,15.1984,14.5893,26.7624,26.3010,19.8984,19.3114
2,69,3,320,0.75,29.3448,50.9231,43.8358,26.3439,23.0329,46.6699,40.1092,35.4260,30.1480
2,70,3,320,1,31.1669,53.9882,47.1056,26.3288,25.4943,48.1402,46.5597,38.3662,35.4575
2,71,3,320,1.5,35.3846,57.9871,51.1083,29.9196,29.0335,51.9222,51.1271,40.4091,37.7671
2,72,4,10,0.75,1.1932,-0.6794,1.7169,4.0055,4.1445,0.0000,4.7172,3.7808,4.2659
2,73,4,10,1,0.0848,-0.7123,2.1869,0.0000,3.5063,0.0000,3.6169,0.0000,0.0000
2,74,4,10,1.5,-0.7196,-0.1700,2.0022,0.0000,0.0000,0.0000,0.0000,0.0000,0.0000
2,75,4,20,0.75,0.1299,0.0427,2.0627,0.0000,0.0000,0.0000,0.0000,0.0000,0.0000
2,76,4,20,1,2.6328,2.2249,1.7263,0.0000,4.2847,4.2152,4.0626,4.3426,0.0000
2,77,4,20,1.5,1.0677,0.7169,0.2231,3.5570,0.0000,4.0286,0.0000,0.0000,3.4173
2,78,4,40,0.75,2.1374,1.4252,3.2179,0.0000,0.0000,0.0000,0.0000,0.0000,3.1054
2,79,4,40,1,1.5865,2.3642,3.4192,0.0000,0.0000,4.4294,0.0000,4.0920,3.8840
2,80,4,40,1.5,2.7998,1.9160,3.9387,0.0000,3.6538,0.0000,3.8688,4.2356,4.3683
2,81,4,80,0.75,5.7682,5.9451,7.9892,5.0663,4.6221,4.8150,4.7389,6.3847,6.0293
2,82,4,80,1,4.8388,3.8899,7.9301,3.9081,0.0000,0.0000,0.0000,5.9451,6.1868
2,83,4,80,1.5,6.0202,5.6025,10.4556,4.8436,4.7669,5.2536,5.4097,7.5236,7.8534
2,84,4,160,0.75,12.1675,11.1019,16.2228,9.4654,8.4300,9.6802,8.7470,12.6646,11.0962
2,85,4,160,1,13.4802,11.5417,17.9024,11.6666,11.0614,10.4904,10.0577,14.5867,14.0960
2,86,4,160,1.5,12.2978,10.8103,18.3850,9.7668,9.1344,8.8976,8.8834,13.0969,13.4257
2,87,4,320,0.75,19.6202,17.6131,30.9011,15.8753,14.2074,15.4029,13.5993,22.5448,20.1848
2,88,4,320,1,22.6824,20.6390,34.7159,19.1033,19.3857,18.0571,18.2430,26.4623,26.8128
2,89,4,320,1.5,24.2542,21.6948,36.8955,20.4808,20.1913,19.3456,19.0008,27.8351,27.3341
2,90,5,10,0.75,0.2287,0.4427,0.7391,0.0000,4.6987,0.0000,0.0000,4.2110,4.5200
2,91,5,10,1,0.7254,0.5319,2.3680,2.8929,3.5292,0.0000,3.8027,4.2763,4.1361
2,92,5,10,1.5,2.6899,2.6034,3.1805,0.0000,0.0000,0.0000,0.0000,0.0000,0.0000
2,93,5,20,0.75,3.2803,3.0397,3.8598,4.7503,0.0000,4.1784,4.0294,5.0314,4.7304
2,94,5,20,1,3.0506,2.7677,3.5609,0.0000,0.0000,4.3940,4.6941,0.0000,3.6666
2,95,5,20,1.5,4.0485,4.2214,4.6944,0.0000,0.0000,4.4948,4.2684,4.0984,4.5235
2,96,5,40,0.75,3.3564,3.6948,5.0506,4.0140,4.0043,3.3288,0.0000,4.2065,0.0000
2,97,5,40,1,5.9553,5.1302,9.1929,5.4630,5.2666,4.3763,4.1999,7.4528,6.6921
2,98,5,40,1.5,4.2745,4.2620,7.5460,4.3925,4.3011,0.0000,0.0000,5.9815,5.7528
2,99,5,80,0.75,8.9835,8.3170,13.1760,7.2061,6.5175,5.8052,5.3345,10.3945,9.8879
2,100,5,80,1,11.3360,9.8235,14.2339,9.5061,8.7761,7.6047,6.7739,12.3075,11.2092
2,101,5,80,1.5,11.6184,9.3342,16.8810,9.0995,8.8344,7.9312,7.6988,13.7051,12.2422
2,102,5,160,0.75,19.7870,16.9012,25.9870,15.9946,13.1873,13.1521,10.5329,20.8962,17.1374
2,103,5,160,1,19.9398,16.0861,26.8410,15.1197,13.7537,11.7874,10.7943,21.4953,19.9910
2,104,5,160,1.5,23.8663,18.3326,31.8991,17.8584,16.6050,13.7135,12.8105,24.5086,23.0834
2,105,5,320,0.75,39.7261,33.4762,52.1167,31.3047,26.2970,25.7785,21.7066,42.9398,36.7664
2,106,5,320,1,41.0511,32.3943,55.5750,31.2709,28.7420,23.6050,21.6475,43.7913,40.5944
2,107,5,320,1.5,47.1150,37.2351,62.3441,37.6331,35.0557,28.1118,27.0251,48.8778,45.3782
2,108,6,10,0.75,-0.9219,-0.7905,1.5111,4.3519,4.2757,3.8691,3.9918,0.0000,0.0000
2,109,6,10,1,1.4293,1.1607,1.9743,0.0000,0.0000,0.0000,0.0000,4.1375,0.0000
2,110,6,10,1.5,0.4480,1.0909,3.0149,0.0000,4.8859,0.0000,4.3849,0.0000,0.0000
2,111,6,20,0.75,2.3932,2.8002,5.3057,4.2465,4.4791,4.2049,4.1945,5.0882,4.8515
2,112,6,20,1,1.6652,2.6304,4.0401,0.0000,0.0000,3.3590,3.4179,0.0000,0.0000
2,113,6,20,1.5,4.5041,4.1773,6.7492,4.2922,4.0496,4.4715,4.3250,5.6050,4.8263
2,114,6,40,0.75,4.2283,4.5601,7.2979,4.8379,4.3080,4.5251,4.5857,7.3317,6.1424
2,115,6,40,1,6.0011,6.0848,9.3445,6.1397,6.0145,5.7863,5.9358,8.0453,7.4251
2,116,6,40,1.5,3.4234,3.5661,9.0536,4.3999,4.5057,0.0000,0.0000,7.8801,8.2551
2,117,6,80,0.75,6.6624,6.9318,14.5430,6.3728,6.1633,6.1324,5.9679,12.7159,10.8936
2,118,6,80,1,7.4959,7.9171,14.4551,6.7500,6.4256,6.9199,6.4438,12.9457,11.4247
2,119,6,80,1.5,7.9055,6.3286,16.9203,7.1485,6.4376,5.7895,4.9987,13.7998,12.6953
2,120,6,160,0.75,12.9932,14.8907,28.0863,12.5296,10.7333,12.5982,11.5425,25.0668,21.4679
2,121,6,160,1,17.7058,16.9715,32.2459,16.4965,15.4357,14.9062,14.2391,29.0126,27.2196
2,122,6,160,1.5,14.2917,14.2678,33.6048,12.9086,12.2961,12.6629,12.0003,28.4743,26.6621
2,123,6,320,0.75,26.4986,27.0853,54.8621,24.6831,21.2962,23.6999,20.2304,49.3467,42.9963
2,124,6,320,1,30.3567,30.6778,65.7286,28.0134,26.7347,26.5803,24.8924,57.1167,53.7014
2,125,6,320,1.5,34.5037,32.6632,70.7860,30.8791,29.4134,27.8429,25.8358,61.0262,57.1845
2,126,7,10,0.75,-1.2629,-0.0995,-0.4501,0.0000,0.0000,0.0000,0.0000,0.0000,0.0000
2,127,7,10,1,0.7953,-0.4147,0.6763,0.0000,0.0000,3.9249,0.0000,4.6531,4.6036
2,128,7,10,1.5,0.3435,-0.8771,-1.3641,0.0000,0.0000,0.0000,0.0000,0.0000,0.0000
2,129,7,20,0.75,-1.3409,-0.6309,-1.3125,0.0000,0.0000,4.0088,3.8245,4.3500,0.0000
2,130,7,20,1,1.6826,1.8138,1.5773,3.7436,3.4857,0.0000,0.0000,0.0000,0.0000
2,131,7,20,1.5,0.5498,1.0708,1.1086,0.0000,0.0000,0.0000,0.0000,4.3072,4.4486
2,132,7,40,0.75,1.9692,2.0826,1.4761,0.0000,0.0000,4.5129,4.5993,4.6198,4.5330
2,133,7,40,1,1.9772,2.8172,3.3132,4.2411,4.3536,3.8786,3.6549,4.3713,0.0000
2,134,7,40,1.5,2.7683,1.1548,1.4902,4.2135,3.9989,0.0000,0.0000,0.0000,0.0000
2,135,7,80,0.75,4.6031,2.9303,3.3282,4.4411,4.0914,3.5831,0.0000,4.8256,4.6072
2,136,7,80,1,2.3226,1.8361,3.2598,0.0000,3.7547,4.5132,4.3491,0.0000,4.5121
2,137,7,80,1.5,3.6854,0.0858,3.0474,0.0000,0.0000,0.0000,4.2257,4.6593,4.4411
2,138,7,160,0.75,6.6265,3.5292,5.4851,5.7342,4.1889,4.3724,3.9790,5.2435,4.7741
2,139,7,160,1,6.8412,4.7123,6.8570,6.5869,5.5441,0.0000,0.0000,6.5370,5.4376
2,140,7,160,1.5,12.0903,7.0743,9.3862,9.4017,7.7136,5.9480,4.9108,8.3547,6.3476
2,141,7,320,0.75,14.9509,10.2443,14.9914,13.1773,9.1612,9.9777,7.9821,14.0683,10.7308
2,142,7,320,1,16.7747,12.0542,16.3623,14.0652,12.7597,10.4107,8.5319,14.5975,10.8807
2,143,7,320,1.5,18.6731,12.3092,17.1450,14.3816,12.2761,10.4959,7.7047,14.7279,10.5967
2,144,8,10,0.75,0.2355,1.0525,0.7152,4.3694,4.0305,0.0000,0.0000,0.0000,0.0000
2,145,8,10,1,1.0675,1.4002,1.1783,4.4256,4.4003,0.0000,0.0000,0.0000,4.1082
2,146,8,10,1.5,1.5409,2.6359,2.3018,0.0000,0.0000,0.0000,0.0000,0.0000,3.5883
2,147,8,20,0.75,0.2673,2.6667,2.3184,4.1711,3.9228,0.0000,0.0000,0.0000,0.0000
2,148,8,20,1,-0.0254,-0.5192,1.6782,0.0000,0.0000,0.0000,0.0000,4.0257,0.0000
2,149,8,20,1.5,2.1375,2.4382,2.6306,0.0000,0.0000,0.0000,0.0000,0.0000,0.0000
2,150,8,40,0.75,3.3351,4.5473,5.2169,0.0000,0.0000,0.0000,4.4187,5.0780,4.1788
2,151,8,40,1,4.0814,5.5784,7.7203,0.0000,0.0000,5.1042,5.4441,7.0281,6.9898
2,152,8,40,1.5,1.8266,4.5099,5.1027,0.0000,4.3650,5.2446,5.1902,5.5952,4.9570
2,153,8,80,0.75,7.4464,7.4063,9.7764,7.4547,5.3757,7.2991,5.4719,9.1249,7.6684
2,154,8,80,1,8.9844,10.6941,13.1033,8.2693,7.9084,9.0952,8.9433,11.6704,10.6475
2,155,8,80,1.5,8.2267,10.9394,12.7247,7.1691,6.2536,9.1265,7.6076,10.0874,8.7545
2,156,8,160,0.75,13.7275,19.2213,21.6563,11.9940,9.4526,16.5165,13.6519,17.7277,14.6620
2,157,8,160,1,13.8230,19.3513,22.9736,12.5104,11.7151,17.8286,16.9271,19.3114,17.9214
2,158,8,160,1.5,15.0591,21.0086,24.3980,13.4439,12.6326,18.0196,16.5178,20.8095,19.6043
2,159,8,320,0.75,28.4756,36.5184,43.7087,25.3686,21.2972,32.1929,27.7002,36.8079,32.3254
2,160,8,320,1,28.8641,39.7962,47.8458,25.7054,24.8377,34.8554,33.7957,39.6430,37.7711
2,161,8,320,1.5,31.6302,43.5899,51.2799,27.4420,26.2436,38.6653,37.0341,43.5699,41.4698
2,162,9,10,0.75,2.0409,2.4242,1.7831,0.0000,0.0000,0.0000,0.0000,0.0000,0.0000
2,163,9,10,1,2.0414,2.6967,2.3569,0.0000,0.0000,4.6252,4.7005,0.0000,4.3630
2,164,9,10,1.5,-0.1428,0.1342,0.2744,0.0000,0.0000,0.0000,0.0000,0.0000,0.0000
2,165,9,20,0.75,0.6512,1.7234,0.8482,3.9548,4.2183,0.0000,0.0000,0.0000,3.8152
2,166,9,20,1,-0.5268,-0.8447,-0.6004,3.3839,4.0783,0.0000,0.0000,0.0000,0.0000
2,167,9,20,1.5,2.0946,2.1550,1.8801,0.0000,0.0000,0.0000,0.0000,0.0000,0.0000
2,168,9,40,0.75,4.0503,3.9602,4.1906,4.3018,0.0000,4.4241,0.0000,4.3680,0.0000
2,169,9,40,1,3.0287,3.6921,4.2599,4.3779,0.0000,0.0000,0.0000,4.4390,0.0000
2,170,9,40,1.5,3.9202,4.4472,4.9503,0.0000,0.0000,0.0000,0.0000,4.0524,3.9572
2,171,9,80,0.75,4.7794,6.6316,6.9628,5.0722,4.7076,5.9709,5.5055,5.8652,5.2988
2,172,9,80,1,6.4677,7.3749,7.0092,5.6288,6.2428,6.4022,6.4131,4.9962,5.8458
2,173,9,80,1.5,8.0215,9.0908,9.2888,6.8894,6.9205,7.2819,7.2811,6.9471,6.9759
2,174,9,160,0.75,11.0443,13.4927,14.4193,8.6804,8.4529,9.9779,8.9820,9.8612,9.6198
2,175,9,160,1,12.3882,13.7466,14.9373,9.8495,10.6583,10.4903,10.5909,11.4024,11.1508
2,176,9,160,1.5,12.9908,16.3445,16.6484,9.7332,9.5032,11.5912,10.6197,12.5329,11.5953
2,177,9,320,0.75,22.4745,26.4514,29.0706,17.0249,14.7598,18.2738,16.6594,20.6576,18.9322
2,178,9,320,1,26.6051,30.7260,32.9341,20.8730,21.1082,22.0463,22.2849,24.5518,25.0256
2,179,9,320,1.5,28.4251,32.5228,34.2805,22.0057,20.8796,23.5355,22.9533,25.1833,25.8360
2,180,10,10,0.75,0.1287,0.2186,-0.5197,0.0000,0.0000,3.3610,0.0000,0.0000,0.0000
2,181,10,10,1,-0.8359,0.1847,0.7405,0.0000,4.2023,0.0000,0.0000,0.0000,0.0000
2,182,10,10,1.5,2.0070,-0.3315,-0.2261,3.9185,0.0000,0.0000,0.0000,4.6071,0.0000
2,183,10,20,0.75,0.5502,0.5594,0.0670,0.0000,0.0000,4.5763,0.0000,0.0000,0.0000
2,184,10,20,1,0.7886,0.1996,0.5798,0.0000,0.0000,0.0000,0.0000,0.0000,0.0000
2,185,10,20,1.5,-0.9372,1.3152,-0.1788,3.5346,4.1800,4.2939,3.9226,0.0000,3.6950
2,186,10,40,0.75,-0.6751,0.5742,-0.3607,4.1615,0.0000,0.0000,0.0000,0.0000,0.0000
2,187,10,40,1,0.1345,-0.2404,0.5341,0.0000,4.1467,3.9614,0.0000,0.0000,0.0000
2,188,10,40,1.5,0.5604,-0.5147,-0.8781,0.0000,4.1390,3.9236,3.9564,3.6320,3.7288
2,189,10,80,0.75,1.7881,0.6623,1.5757,0.0000,0.0000,0.0000,0.0000,0.0000,0.0000
2,190,10,80,1,-0.0912,1.4939,1.6343,0.0000,0.0000,0.0000,0.0000,0.0000,0.0000
2,191,10,80,1.5,0.5720,0.8802,3.7183,3.4304,0.0000,3.5857,3.3940,0.0000,4.1692
2,192,10,160,0.75,1.7582,1.9766,2.8304,0.0000,0.0000,4.3966,0.0000,0.0000,0.0000
2,193,10,160,1,1.0222,2.0810,5.0249,3.9598,4.2107,0.0000,0.0000,4.7012,3.9958
2,194,10,160,1.5,1.7572,2.0937,4.8228,0.0000,4.1880,0.0000,0.0000,4.0743,4.0134
2,195,10,320,0.75,4.7509,5.6758,7.2237,0.0000,4.4364,5.1958,5.2251,5.3047,4.9608
2,196,10,320,1,4.2063,3.6798,7.9564,0.0000,0.0000,0.0000,3.9325,4.9600,4.4159
2,197,10,320,1.5,4.0126,4.6697,7.1214,5.0232,0.0000,0.0000,0.0000,4.3266,0.0000
2,198,11,10,0.75,0.1605,-0.1095,0.7633,0.0000,0.0000,0.0000,0.0000,0.0000,0.0000
2,199,11,10,1,-0.5326,2.0370,1.3509,0.0000,0.0000,0.0000,0.0000,0.0000,3.2899
2,200,11,10,1.5,0.0690,-0.1497,0.5672,3.7633,0.0000,4.2775,0.0000,4.2187,0.0000
2,201,11,20,0.75,0.6113,0.8767,1.0648,4.1536,0.0000,0.0000,0.0000,0.0000,0.0000
2,202,11,20,1,0.7946,0.1585,2.1253,0.0000,4.2991,0.0000,0.0000,0.0000,0.0000
2,203,11,20,1.5,-0.7886,0.3657,1.4045,0.0000,0.0000,0.0000,0.0000,0.0000,3.8247
2,204,11,40,0.75,0.6320,0.9339,-0.4008,0.0000,0.0000,0.0000,0.0000,0.0000,0.0000
2,205,11,40,1,-2.1500,-2.1388,-0.7149,3.5958,3.6038,0.0000,0.0000,4.3800,3.8451
2,206,11,40,1.5,0.6544,1.0621,1.4756,0.0000,0.0000,5.3228,4.3356,4.9271,4.7571
2,207,11,80,0.75,0.3919,1.8726,2.5579,0.0000,4.3085,0.0000,0.0000,0.0000,0.0000
2,208,11,80,1,0.6492,2.2695,2.8217,0.0000,0.0000,4.1229,0.0000,0.0000,0.0000
2,209,11,80,1.5,3.0049,3.8795,5.2220,0.0000,0.0000,4.3398,0.0000,0.0000,0.0000
2,210,11,160,0.75,5.9397,6.3547,7.5925,0.0000,0.0000,4.2531,0.0000,0.0000,4.3012
2,211,11,160,1,6.5945,7.4436,8.9725,4.6799,4.7525,4.6395,0.0000,4.6060,0.0000
2,212,11,160,1.5,5.4493,4.9671,8.7115,4.7155,4.8076,4.6754,4.2377,5.1832,5.3365
2,213,11,320,0.75,8.7540,9.9328,14.2675,5.5841,5.5581,6.0256,4.8320,6.3718,6.1064
2,214,11,320,1,9.1128,9.5383,13.9411,4.9657,4.6240,5.5648,5.6759,4.9920,5.9496
2,215,11,320,1.5,9.2889,10.7657,16.5762,5.2997,4.8064,5.2883,4.4663,6.3388,7.0877
2,216,12,10,0.75,1.5472,1.7733,4.0937,0.0000,4.2698,0.0000,0.0000,4.9065,4.4276
2,217,12,10,1,2.8241,3.8691,3.6026,0.0000,0.0000,0.0000,4.0456,0.0000,3.9319
2,218,12,10,1.5,1.2265,0.9559,1.2360,4.1675,4.2865,4.4315,4.7685,0.0000,4.3460
2,219,12,20,0.75,2.8747,3.8054,4.4497,0.0000,0.0000,0.0000,0.0000,3.7022,0.0000
2,220,12,20,1,1.0903,1.9871,3.4581,0.0000,0.0000,0.0000,0.0000,0.0000,0.0000
2,221,12,20,1.5,2.8455,2.8170,4.1409,0.0000,4.0526,0.0000,0.0000,0.0000,0.0000
2,222,12,40,0.75,3.7060,4.2594,5.0387,0.0000,3.9802,0.0000,0.0000,4.6580,4.1091
2,223,12,40,1,4.5021,4.9320,5.6693,4.7012,0.0000,0.0000,5.0778,4.6500,5.2804
2,224,12,40,1.5,5.5215,6.0244,7.8563,5.3274,5.1832,5.5299,5.5497,6.9468,6.6329
2,225,12,80,0.75,7.8770,9.5940,10.8026,7.1589,6.8076,8.9919,7.9472,10.1502,9.1385
2,226,12,80,1,9.5554,10.0942,12.1539,8.7271,8.6099,8.7725,8.5077,10.5875,10.3184
2,227,12,80,1.5,10.3532,11.8881,14.6605,9.6935,9.4775,11.3772,10.4019,13.5525,12.1003
2,228,12,160,0.75,16.1954,17.7679,22.8948,14.3138,11.9394,15.9383,13.0088,19.6119,16.6778
2,229,12,160,1,19.4394,21.8011,24.3589,17.6000,17.0244,20.1280,19.5173,21.5309,20.9651
2,230,12,160,1.5,21.4424,24.3303,28.6143,20.1550,19.3556,22.8265,21.2045,26.0126,24.6240
2,231,12,320,0.75,35.8206,40.7561,45.4809,32.7256,28.3632,37.6585,32.8820,40.3776,35.2769
2,232,12,320,1,37.9375,42.3602,50.5071,33.9907,33.0461,38.5022,37.4390,43.5719,42.0086
2,233,12,320,1.5,40.7042,44.4812,53.1681,37.6493,36.2587,41.2156,39.2720,47.6151,45.4598
2,234,13,10,0.75,1.4194,2.1520,1.1780,0.0000,0.0000,0.0000,0.0000,0.0000,0.0000
2,235,13,10,1,0.0315,0.8327,2.6420,0.0000,0.0000,0.0000,0.0000,4.6790,4.7304
2,236,13,10,1.5,1.5807,3.1475,2.3695,0.0000,3.7143,3.6609,3.6180,0.0000,0.0000
2,237,13,20,0.75,2.3014,3.0338,2.3815,0.0000,3.9804,0.0000,0.0000,0.0000,0.0000
2,238,13,20,1,1.4980,2.5179,2.7083,4.0894,0.0000,0.0000,0.0000,0.0000,0.0000
2,239,13,20,1.5,5.1342,4.9867,6.1351,5.2645,4.8160,5.6304,5.3578,5.8014,5.1066
2,240,13,40,0.75,5.6811,7.8366,8.7460,5.2325,4.9155,7.0920,6.8415,7.9859,7.9405
2,241,13,40,1,6.5496,7.5331,9.0155,6.2085,6.6666,7.0356,7.1358,8.6096,9.0172
2,242,13,40,1.5,6.2421,7.8209,9.9453,5.9891,6.2339,6.7694,7.5317,8.5470,8.4752
2,243,13,80,0.75,11.1634,14.6953,16.4279,10.6927,9.3750,13.8516,11.7586,15.3008,12.8917
2,244,13,80,1,11.9547,14.0296,16.5073,11.5541,11.5497,13.4540,13.1093,15.3661,15.2871
2,245,13,80,1.5,14.3172,17.2362,18.9444,13.0922,13.0072,15.3592,15.1135,16.5390,16.2415
2,246,13,160,0.75,22.0776,27.1537,29.7959,20.5941,18.5063,24.8360,22.7711,27.1878,24.9069
2,247,13,160,1,25.3910,29.8654,33.2254,23.8449,23.1640,28.0989,27.9475,30.6078,30.5154
2,248,13,160,1.5,25.2627,31.0088,35.3267,22.7489,22.5780,27.8907,28.2953,30.9929,30.7681
2,249,13,320,0.75,44.5475,54.4563,59.7600,41.5397,36.9411,50.4807,45.7904,56.1170,50.6272
2,250,13,320,1,47.7393,58.0534,66.0424,45.1196,44.2199,54.0591,54.2123,61.0106,60.2547
2,251,13,320,1.5,53.2415,63.8734,72.4844,49.3008,48.3009,58.5855,58.3169,65.6299,64.5779
2,252,14,10,0.75,1.5256,1.5753,2.8893,4.3790,4.3359,0.0000,0.0000,0.0000,4.0645
2,253,14,10,1,1.4907,1.8035,2.5766,3.6667,3.7756,0.0000,4.1962,0.0000,0.0000
2,254,14,10,1.5,0.9447,0.7508,2.9674,4.3491,3.9453,4.1100,3.8858,4.8756,3.9987
2,255,14,20,0.75,2.2361,4.8417,6.1250,0.0000,4.1532,4.4736,4.0592,5.8969,4.9352
2,256,14,20,1,3.3448,2.2194,4.1852,0.0000,0.0000,4.3183,0.0000,0.0000,4.2243
2,257,14,20,1.5,1.9988,1.8671,3.7770,4.1437,4.1986,0.0000,0.0000,3.9142,3.4318
2,258,14,40,0.75,5.0777,6.4165,8.6581,4.8399,4.3992,6.2778,5.5988,8.4308,7.4692
2,259,14,40,1,4.9600,4.9292,8.5704,4.9053,4.8471,4.9220,4.2534,8.4395,8.2076
2,260,14,40,1.5,4.1904,6.0083,9.3272,0.0000,4.4771,5.9242,6.2273,9.4031,8.9466
2,261,14,80,0.75,9.0133,11.3249,16.9608,8.7147,7.2110,11.1032,8.6662,16.7724,14.0056
2,262,14,80,1,10.8990,12.2372,19.5045,10.9668,10.0585,12.2042,10.6590,19.3036,17.5853
2,263,14,80,1.5,9.6904,11.8930,19.5789,9.8023,9.8512,11.7531,11.1636,19.4671,17.4819
2,264,14,160,0.75,19.9909,22.6495,34.0172,19.5537,16.7820,21.7525,17.2423,33.4107,28.3378
2,265,14,160,1,21.5212,24.9134,37.9393,21.3013,20.4574,24.4069,22.0933,37.1930,34.7236
2,266,14,160,1.5,22.4423,27.4037,41.0918,22.3068,21.3388,26.6285,23.7710,40.8263,37.8201
2,267,14,320,0.75,36.9715,44.7798,66.9135,36.2958,31.3425,43.7135,33.9516,66.0167,56.0251
2,268,14,320,1,42.0819,49.2350,76.0899,41.3925,39.6138,48.2806,43.5460,74.8519,69.6983
2,269,14,320,1.5,44.1129,52.9571,81.4128,43.6870,40.9735,51.7724,46.2591,80.5514,73.6368
2,270,15,10,0.75,3.2670,2.4704,3.3712,4.5504,0.0000,3.9608,4.1461,0.0000,0.0000
2,271,15,10,1,0.9664,2.6629,3.8961,0.0000,0.0000,0.0000,0.0000,0.0000,0.0000
2,272,15,10,1.5,2.0798,2.9203,4.7127,4.3634,0.0000,0.0000,0.0000,0.0000,4.5152
2,273,15,20,0.75,1.8093,4.9471,5.8821,0.0000,0.0000,4.9045,4.8552,5.1768,5.9498
2,274,15,20,1,1.2204,4.4862,5.2793,3.8711,3.8235,0.0000,4.4800,5.4098,5.1813
2,275,15,20,1.5,5.2501,7.6164,8.4667,4.9561,5.3386,6.9581,6.0328,7.1946,7.3880
2,276,15,40,0.75,5.5233,11.8755,12.2328,4.9835,5.0719,11.5526,9.9423,10.7197,9.8750
2,277,15,40,1,7.8560,15.0722,16.9396,7.7831,7.1717,14.2707,13.8572,14.4941,15.0358
2,278,15,40,1.5,8.6501,15.6679,17.6994,8.1979,7.6584,15.1204,13.8404,15.3316,15.1582
2,279,15,80,0.75,11.3819,24.0871,27.5831,10.6487,9.1222,23.2007,20.2008,23.0157,21.8842
2,280,15,80,1,12.4132,28.9184,31.5322,12.1595,12.4388,28.1101,27.1448,26.4848,27.7177
2,281,15,80,1.5,17.4797,31.5589,34.6765,15.9319,15.6057,29.8270,28.5655,29.3796,30.3275
2,282,15,160,0.75,23.1492,49.5247,55.4642,21.8151,19.3899,47.0878,40.9091,47.0089,43.5475
2,283,15,160,1,26.7512,54.9580,61.4668,25.1341,23.9688,52.6105,50.8581,51.4967,53.1642
2,284,15,160,1.5,28.6403,59.4971,65.3792,25.8433,25.0927,55.3596,52.9199,54.1735,56.6446
2,285,15,320,0.75,46.8371,98.1185,106.9157,43.7512,38.5509,93.5334,81.8337,90.7775,83.5744
2,286,15,320,1,52.8128,109.7012,120.2601,48.4235,47.5231,104.2750,101.3588,100.0345,104.7476
2,287,15,320,1.5,58.6413,122.2638,131.4038,53.6464,51.6305,114.2995,108.6797,108.7015,112.0514
2,288,16,10,0.75,2.6702,2.8784,3.0740,0.0000,0.0000,0.0000,4.0762,0.0000,3.2934
2,289,16,10,1,1.6766,2.7745,3.3158,4.4356,4.6815,4.1665,0.0000,4.0330,4.7130
2,290,16,10,1.5,3.2141,3.0576,3.8796,0.0000,3.9116,0.0000,3.8639,0.0000,0.0000
2,291,16,20,0.75,2.0340,3.0991,3.4929,0.0000,0.0000,0.0000,0.0000,0.0000,0.0000
2,292,16,20,1,1.8417,4.2406,3.4149,0.0000,0.0000,0.0000,0.0000,4.6263,4.2877
2,293,16,20,1.5,2.5441,3.5139,4.1651,4.5348,4.6108,4.5525,4.3943,4.5183,0.0000
2,294,16,40,0.75,6.4535,9.0264,8.3111,5.9148,5.3791,8.0556,7.1239,5.4276,5.2272
2,295,16,40,1,6.9148,9.0776,9.0724,5.7215,5.2177,7.6741,7.5211,5.8743,5.2974
2,296,16,40,1.5,7.7091,9.6485,9.4196,6.0454,5.6283,8.7582,8.0131,6.3815,5.7343
2,297,16,80,0.75,12.9180,16.4035,15.6994,9.6200,8.6168,13.1282,11.0249,10.7976,8.6288
2,298,16,80,1,14.5599,19.2929,17.3239,10.7031,10.3908,15.9331,14.7998,12.4769,11.9590
2,299,16,80,1.5,16.1131,18.2702,19.2855,12.0745,11.7397,15.1788,14.0660,12.7556,10.7994
2,300,16,160,0.75,25.0573,32.7183,31.3432,18.2596,16.8075,27.0940,22.7689,22.7472,19.7101
2,301,16,160,1,29.7000,38.0676,36.1237,20.3577,20.0141,32.4380,30.6586,24.5830,22.3685
2,302,16,160,1.5,30.9506,39.3409,38.3764,22.4558,22.3498,33.4385,31.8354,25.1433,23.9756
2,303,16,320,0.75,50.5193,66.4798,63.2224,37.4468,33.2254,56.2215,47.1607,42.4945,35.1575
2,304,16,320,1,56.6298,74.2162,68.9015,40.8794,39.9291,63.2360,59.3418,47.1095,43.9140
2,305,16,320,1.5,61.5154,77.9760,76.5421,44.0267,42.2111,67.2759,62.7558,50.4847,45.6349
2,306,17,10,0.75,0.9366,2.5069,3.3468,0.0000,0.0000,0.0000,0.0000,0.0000,0.0000
2,307,17,10,1,0.7952,2.3451,2.0283,0.0000,4.3261,0.0000,0.0000,0.0000,4.3463
2,308,17,10,1.5,2.6330,3.7056,5.0579,4.3235,3.8291,4.0203,0.0000,0.0000,4.4378
2,309,17,20,0.75,2.7907,5.4454,8.6355,0.0000,0.0000,5.2557,4.6026,7.7829,6.3350
2,310,17,20,1,1.7695,5.4287,6.7401,3.9474,4.0126,6.1610,5.4800,6.3357,5.3714
2,311,17,20,1.5,3.8559,5.1568,6.7228,0.0000,0.0000,4.3095,0.0000,5.3803,0.0000
2,312,17,40,0.75,5.5331,9.2646,11.3406,4.3548,0.0000,8.1773,6.0162,10.4620,8.2448
2,313,17,40,1,6.9653,11.6724,12.8133,6.3309,5.4456,10.4143,9.2965,11.2010,9.6863
2,314,17,40,1.5,6.6989,12.9215,13.5153,6.5289,6.4458,11.1043,9.1949,12.3654,10.4678
2,315,17,80,0.75,11.1406,19.8605,23.7314,10.9275,9.3053,17.9408,14.0011,21.2491,16.8988
2,316,17,80,1,15.0870,24.1069,26.4935,13.9594,12.3904,22.6299,19.9456,23.8731,21.2410
2,317,17,80,1.5,15.9016,26.4221,28.2812,14.3053,12.7901,23.8862,20.1248,24.6526,21.2028
2,318,17,160,0.75,23.0225,39.5087,43.7530,22.2383,18.5202,35.7757,26.7747,38.9234,31.0300
2,319,17,160,1,26.5379,45.9275,52.0838,24.1503,22.2222,42.0656,35.8873,46.3438,41.3546
2,320,17,160,1.5,29.5239,51.9389,57.6891,27.0645,24.1304,46.3425,38.7727,50.7001,44.2049
2,321,17,320,0.75,46.4573,80.1104,91.0325,43.4269,34.8942,72.9982,55.5373,81.5870,65.1548
2,322,17,320,1,55.2505,93.2823,105.6116,51.2579,46.4877,84.9303,72.6028,95.2333,84.8119
2,323,17,320,1.5,57.9580,100.6135,113.1935,52.4910,46.8861,90.8090,75.6988,100.0635,87.8942
2,324,18,10,0.75,1.7046,2.4757,2.5727,0.0000,0.0000,4.1980,4.4991,4.1014,0.0000
2,325,18,10,1,1.5690,2.6220,2.6617,0.0000,0.0000,4.1862,4.1520,4.2700,0.0000
2,326,18,10,1.5,1.3937,1.6101,1.2030,4.6658,4.2230,0.0000,0.0000,0.0000,0.0000
2,327,18,20,0.75,2.1738,2.2067,1.9293,0.0000,3.8051,4.2336,4.1589,4.3908,4.1449
2,328,18,20,1,2.9371,0.8369,1.9368,3.9629,0.0000,0.0000,0.0000,0.0000,0.0000
2,329,18,20,1.5,2.8200,2.2807,2.4751,0.0000,0.0000,0.0000,3.8602,4.0770,3.9912
2,330,18,40,0.75,5.1455,6.6553,6.3618,5.3901,4.3153,5.5994,5.3180,5.5698,4.6098
2,331,18,40,1,2.7838,4.8634,3.9377,4.0717,3.9181,4.5640,4.8004,4.0790,3.9586
2,332,18,40,1.5,5.0931,5.4235,5.4849,4.6548,4.2425,5.5980,5.3932,5.0947,4.7544
2,333,18,80,0.75,8.7103,11.2094,12.2520,7.7218,7.3009,9.0668,8.3607,9.2148,8.3953
2,334,18,80,1,10.1013,11.6822,12.8242,9.7826,9.6194,10.4635,9.2989,9.9118,10.1184
2,335,18,80,1.5,11.5591,13.3906,14.1762,10.5486,9.7108,12.9379,11.0237,11.2425,9.8512
2,336,18,160,0.75,19.9383,22.7849,24.5671,19.0289,15.4204,19.8165,15.3002,19.8117,16.1473
2,337,18,160,1,20.3292,24.2427,25.9638,19.4803,18.3825,22.0275,19.2719,20.8240,20.0488
2,338,18,160,1.5,21.8467,27.3086,28.3086,20.3695,18.9483,23.8179,20.4183,22.5578,21.3261
2,339,18,320,0.75,36.8513,45.2539,47.9637,33.9670,28.0973,39.9471,31.3565,36.9248,30.7695
2,340,18,320,1,40.0655,50.1441,52.2472,37.4192,34.1984,44.1733,37.5859,41.5961,38.9270
2,341,18,320,1.5,44.5634,54.1927,56.2654,40.9180,37.3616,46.9119,39.8833,44.5091,41.8769
2,342,19,10,0.75,0.3883,0.7489,1.6896,0.0000,0.0000,0.0000,0.0000,0.0000,0.0000
2,343,19,10,1,3.1319,2.0050,3.0183,3.6242,0.0000,3.6745,0.0000,0.0000,3.7470
2,344,19,10,1.5,4.3005,3.7945,3.3079,4.3074,4.5223,0.0000,0.0000,4.9943,5.1464
2,345,19,20,0.75,1.9183,3.2579,3.8806,4.5816,4.7582,0.0000,0.0000,0.0000,4.2577
2,346,19,20,1,2.1460,2.5983,3.9134,0.0000,4.9146,0.0000,4.9573,0.0000,3.8225
2,347,19,20,1.5,3.4558,4.0654,5.3235,3.1865,0.0000,4.1826,4.2116,0.0000,0.0000
2,348,19,40,0.75,6.6267,7.9465,9.7915,5.6092,0.0000,6.1636,5.2544,7.0167,5.9777
2,349,19,40,1,9.5017,8.2571,11.7434,7.0285,7.1942,6.5006,6.7987,7.4329,7.2574
2,350,19,40,1.5,11.6510,10.6525,13.0770,8.8689,7.4349,8.9067,7.8597,9.2776,8.1648
2,351,19,80,0.75,13.5234,14.8394,17.4744,9.7981,8.1533,10.3629,9.3693,10.6093,8.9680
2,352,19,80,1,18.8164,19.5201,23.4824,13.2244,12.4191,13.7492,13.6860,15.6987,14.2547
2,353,19,80,1.5,18.6072,20.5119,24.2331,12.9034,12.1173,14.4272,14.5261,15.3379,14.2340
2,354,19,160,0.75,31.8035,32.5968,39.9341,23.7213,19.7530,24.6365,20.5109,26.7196,22.4541
2,355,19,160,1,33.6739,35.3256,43.4949,24.6357,22.3006,25.4545,23.7671,28.0395,25.4241
2,356,19,160,1.5,36.2407,38.0700,47.2571,26.4488,24.6467,27.7707,25.6364,30.4421,27.3752
2,357,19,320,0.75,59.4906,64.4732,77.6109,43.6198,35.5748,46.5432,38.5271,50.8353,40.4453
2,358,19,320,1,66.6406,70.1071,84.9394,49.5168,45.4131,51.7839,46.6767,56.5120,51.1572
2,359,19,320,1.5,70.5744,74.6816,93.7940,51.0662,46.5141,53.6469,50.4258,60.2529,53.9770
2,360,20,10,0.75,-0.7086,0.7882,1.9560,3.8789,0.0000,0.0000,0.0000,0.0000,0.0000
2,361,20,10,1,1.3132,2.8168,2.4963,0.0000,0.0000,4.1215,4.1081,0.0000,3.8297
2,362,20,10,1.5,2.6889,4.4581,4.0698,0.0000,0.0000,0.0000,4.3902,3.6412,4.0741
2,363,20,20,0.75,1.9567,5.2282,5.8361,0.0000,0.0000,5.0024,5.0706,4.9921,4.8570
2,364,20,20,1,3.0197,5.0174,6.6785,0.0000,4.0516,5.3267,5.5857,6.0969,6.1699
2,365,20,20,1.5,3.1016,4.2490,5.1145,4.1426,4.3901,4.2919,4.2252,5.0669,5.0627
2,366,20,40,0.75,5.0175,10.5389,12.4012,5.1763,4.6744,9.9481,8.7101,10.7636,10.0886
2,367,20,40,1,5.3541,11.0577,12.5067,5.3011,5.0379,9.7540,9.4140,10.6321,11.0408
2,368,20,40,1.5,6.1796,11.2828,12.3604,6.4498,6.4396,10.1134,9.9458,11.0746,11.1276
2,369,20,80,0.75,9.7928,18.7569,18.7118,10.0242,8.0658,16.8918,14.9320,16.5956,15.0461
2,370,20,80,1,11.1157,20.6394,21.7578,10.2469,10.5774,18.2201,18.2594,18.8681,19.1307
2,371,20,80,1.5,12.5903,22.5983,24.4082,11.5751,11.0453,19.1821,18.6123,21.0884,20.8493
2,372,20,160,0.75,21.3721,37.1546,38.5103,20.3950,17.3575,33.6451,29.4981,34.1585,30.2847
2,373,20,160,1,22.8057,40.2940,43.2077,21.1528,20.4596,35.0454,34.5720,37.6169,37.5805
2,374,20,160,1.5,25.6619,44.2153,48.1566,24.2514,22.7710,39.9932,39.1891,42.6093,42.4699
2,375,20,320,0.75,41.0916,73.6970,78.6116,39.0985,32.9510,65.9654,57.7304,69.7446,62.3457
2,376,20,320,1,45.2283,81.3743,87.1146,43.0581,41.6169,72.2058,72.0063,76.7585,78.1692
2,377,20,320,1.5,49.3468,85.6865,92.5690,46.2103,43.2585,75.7795,73.8087,81.6005,81.0162
2,378,21,10,0.75,2.8683,3.5082,4.1668,0.0000,0.0000,4.0403,0.0000,0.0000,0.0000
2,379,21,10,1,2.5779,4.6131,4.2528,0.0000,4.2803,4.2125,4.5411,4.3502,0.0000
2,380,21,10,1.5,1.8395,2.7638,2.0797,0.0000,0.0000,0.0000,0.0000,0.0000,0.0000
2,381,21,20,0.75,4.0774,5.1760,6.1103,4.3487,0.0000,4.4618,4.1888,0.0000,0.0000
2,382,21,20,1,3.8849,4.2698,5.3834,0.0000,0.0000,0.0000,0.0000,0.0000,0.0000
2,383,21,20,1.5,4.8751,5.3580,6.7780,4.4974,0.0000,5.1509,4.6948,4.9955,5.7328
2,384,21,40,0.75,8.3046,10.5844,13.1504,7.2202,6.3337,8.8492,7.7735,9.9127,9.2593
2,385,21,40,1,9.3705,11.9446,14.5771,7.4421,7.1560,10.2536,9.4524,9.6641,9.9582
2,386,21,40,1.5,11.4894,14.0047,15.8529,8.1949,7.8297,10.1196,10.5063,9.5599,10.2344
2,387,21,80,0.75,15.8107,19.6064,25.4287,11.7550,10.1418,14.5231,12.7833,15.1416,14.5571
2,388,21,80,1,17.9893,22.9915,28.7658,13.2989,13.4451,18.1755,18.5854,17.8822,19.6785
2,389,21,80,1.5,18.0331,25.0904,30.4499,13.3247,13.6947,19.2115,19.9410,17.8313,19.8582
2,390,21,160,0.75,31.9376,40.0260,49.1085,25.5556,22.2749,31.7025,29.2542,30.4156,29.4028
2,391,21,160,1,36.8917,48.0140,57.8787,28.4121,28.1709,36.8686,38.2200,34.7994,38.7871
2,392,21,160,1.5,38.5356,47.8878,60.4441,27.7190,27.3833,35.6514,36.5634,34.5001,38.3156
2,393,21,320,0.75,63.2630,80.4951,101.2463,49.3547,43.8712,62.5603,57.4151,62.3237,61.3760
2,394,21,320,1,71.4066,90.6563,112.8544,54.9667,54.9563,70.0482,71.7472,68.2960,75.3393
2,395,21,320,1.5,77.0984,96.8137,120.0258,56.0021,55.9633,73.9692,76.1681,71.7605,78.7407
2,396,22,10,0.75,-0.4203,0.9253,1.1620,0.0000,0.0000,0.0000,0.0000,0.0000,0.0000
2,397,22,10,1,1.0386,1.6030,2.6077,0.0000,0.0000,0.0000,0.0000,0.0000,0.0000
2,398,22,10,1.5,1.8130,1.7359,3.3402,0.0000,4.2043,0.0000,0.0000,0.0000,0.0000
2,399,22,20,0.75,4.3919,4.9734,6.9622,0.0000,0.0000,3.7690,3.7530,6.1318,4.9328
2,400,22,20,1,2.8366,4.8548,6.2123,0.0000,0.0000,4.8618,4.9868,5.8991,5.5541
2,401,22,20,1.5,4.2727,4.8203,7.4052,0.0000,0.0000,4.7244,0.0000,6.1277,6.0510
2,402,22,40,0.75,7.5345,7.8438,12.0762,6.8453,5.1179,6.8719,5.4669,9.8636,8.9537
2,403,22,40,1,4.6803,5.3050,10.7973,4.9711,0.0000,4.6808,4.8229,8.9355,9.1865
2,404,22,40,1.5,6.2980,8.8600,13.0565,5.8062,5.5525,7.2571,7.6802,11.0277,11.3111
2,405,22,80,0.75,10.6469,13.8640,21.0899,9.7232,8.4086,11.2093,9.3870,18.1266,15.7815
2,406,22,80,1,11.6694,15.1718,22.8763,10.4266,10.6567,13.0637,13.0540,18.9280,19.4767
2,407,22,80,1.5,14.0304,16.5028,24.1569,11.9813,12.4475,14.3646,13.4434,19.9995,20.9355
2,408,22,160,0.75,22.8809,26.3694,40.3912,19.8514,18.0044,22.9142,19.3015,32.8712,30.8560
2,409,22,160,1,27.3167,32.9825,46.3248,23.8592,24.2564,28.3500,26.9391,38.3536,38.7526
2,410,22,160,1.5,27.2634,32.3835,47.8172,23.7529,23.9081,27.6679,26.8619,39.0613,39.8156
2,411,22,320,0.75,47.6075,57.8777,84.1250,40.9847,37.3828,47.5979,41.8964,69.1221,64.3525
2,412,22,320,1,53.8864,62.3752,92.5957,46.9765,47.1984,52.7476,50.6950,76.0805,78.2313
2,413,22,320,1.5,56.2158,65.6861,98.6770,49.6657,49.6256,55.7188,54.2385,81.1151,82.7216
2,414,23,10,0.75,0.3967,1.6439,0.9207,0.0000,0.0000,0.0000,3.6052,4.2781,0.0000
2,415,23,10,1,0.9370,1.3031,1.7701,0.0000,4.1197,0.0000,0.0000,0.0000,0.0000
2,416,23,10,1.5,1.4176,2.3067,3.2970,0.0000,0.0000,0.0000,0.0000,0.0000,0.0000
2,417,23,20,0.75,1.1173,2.5351,3.5267,4.2241,4.2112,4.3390,4.1348,4.5004,4.3970
2,418,23,20,1,2.3585,2.4959,2.7825,4.1560,4.4880,4.3917,0.0000,4.1041,4.4750
2,419,23,20,1.5,3.3672,4.5118,4.5470,0.0000,0.0000,4.9345,5.5853,4.4172,4.6777
2,420,23,40,0.75,6.4141,7.1202,8.0249,6.1645,5.6101,6.9083,6.1039,7.6725,7.0176
2,421,23,40,1,3.6798,6.4340,6.7806,4.5482,0.0000,6.1435,6.5958,6.0842,6.2882
2,422,23,40,1.5,3.1744,5.5257,5.5195,3.8902,4.2106,5.4067,4.5077,4.9583,4.7567
2,423,23,80,0.75,9.6098,13.6850,15.2632,9.6344,9.0323,12.8841,12.1266,14.1681,12.8995
2,424,23,80,1,9.9541,15.7944,15.3789,9.8980,9.4478,14.9203,14.4560,14.4314,13.5669
2,425,23,80,1.5,9.8325,13.7828,14.8818,9.7201,9.9883,13.3856,13.3123,14.1605,14.0996
2,426,23,160,0.75,17.3200,26.6934,27.3462,16.9845,14.3528,24.9534,22.4390,25.3973,22.6619
2,427,23,160,1,19.6887,28.9904,31.0018,19.3997,18.5910,27.4057,27.5986,29.0643,28.6455
2,428,23,160,1.5,19.3346,28.6500,32.1855,19.0995,18.7683,27.1363,26.4064,29.5100,28.4153
2,429,23,320,0.75,32.8210,50.1866,53.5505,32.6134,27.7503,48.1004,42.5691,51.1528,43.4681
2,430,23,320,1,38.3085,57.3153,60.4044,37.7159,35.7714,54.1253,53.9353,56.3142,54.9323
2,431,23,320,1.5,41.5517,62.2125,66.3284,40.5400,38.4340,58.4742,57.7190,60.9811,59.3606
2,432,24,10,0.75,1.6191,0.9086,0.6519,0.0000,0.0000,0.0000,0.0000,0.0000,0.0000
2,433,24,10,1,2.4389,1.9432,1.7082,0.0000,0.0000,4.2949,0.0000,4.1498,4.2598
2,434,24,10,1.5,2.3861,2.4516,2.5092,0.0000,0.0000,0.0000,4.6155,0.0000,0.0000
2,435,24,20,0.75,3.1053,2.4651,2.4531,0.0000,0.0000,4.6339,4.4256,0.0000,0.0000
2,436,24,20,1,2.2616,2.7539,2.2934,4.1391,4.4541,4.3523,4.6047,4.6802,4.4178
2,437,24,20,1.5,2.5689,3.3129,3.3372,0.0000,4.5626,4.6417,4.4518,0.0000,0.0000
2,438,24,40,0.75,4.6877,4.6344,5.7879,4.9414,4.9141,0.0000,4.6321,5.3676,5.4289
2,439,24,40,1,4.9235,5.0298,5.6135,5.3534,4.8127,5.7621,5.1474,5.7476,5.3875
2,440,24,40,1.5,7.1751,7.9206,7.6031,7.0494,6.6173,7.4788,6.9758,7.5100,7.0809
2,441,24,80,0.75,12.3424,13.2801,13.5223,11.1364,10.0044,12.3286,10.7918,12.3268,11.0671
2,442,24,80,1,13.2549,14.0685,14.6174,11.9892,11.7642,12.5450,12.1020,12.9551,12.5806
2,443,24,80,1.5,13.5810,14.0487,14.6518,12.2108,12.1894,12.9809,13.1407,13.1552,13.5812
2,444,24,160,0.75,22.7333,25.2050,26.3917,20.8412,17.9571,22.8616,19.9572,23.2715,20.1225
2,445,24,160,1,22.6220,25.1778,26.4054,20.8296,19.7791,22.8901,21.7596,23.2482,22.1760
2,446,24,160,1.5,23.6216,25.5285,25.6172,21.7463,21.2899,23.7416,23.1322,23.2058,22.8308
2,447,24,320,0.75,41.5275,46.1298,48.0408,38.5735,33.0396,42.6843,36.5941,42.3700,36.5787
2,448,24,320,1,44.4568,48.8242,50.0206,40.9243,40.1532,44.6272,43.5577,45.0810,44.0587
2,449,24,320,1.5,47.9682,53.2937,54.9647,43.6919,41.6518,47.9983,45.7543,48.2387,46.2348
2,450,25,10,0.75,2.1496,2.7340,3.8953,0.0000,0.0000,4.0221,4.0040,4.2473,4.5158
2,451,25,10,1,1.7054,3.8721,4.3920,4.4210,4.1769,4.4975,4.7588,4.6872,4.6490
2,452,25,10,1.5,5.3707,6.5328,6.7722,0.0000,0.0000,5.1881,0.0000,5.4758,5.0268
2,453,25,20,0.75,2.2686,5.3961,6.1608,0.0000,0.0000,5.0583,5.1832,4.5760,0.0000
2,454,25,20,1,4.9826,5.6368,6.8270,4.3899,4.5920,5.9360,5.9577,5.6816,5.7976
2,455,25,20,1.5,5.6072,6.7070,7.0430,4.9806,0.0000,5.2519,4.9835,5.3814,5.5660
2,456,25,40,0.75,7.8279,8.8281,10.5727,5.5713,5.1829,6.5938,5.7144,6.9926,6.2288
2,457,25,40,1,9.3808,13.0450,14.0705,9.1783,8.6234,11.1453,11.0503,12.3495,12.3332
2,458,25,40,1.5,9.6579,12.0925,13.9264,7.6438,7.7353,9.5693,9.5887,11.0127,11.0148
2,459,25,80,0.75,17.3266,23.7828,24.8612,15.3439,14.3770,19.7906,18.1135,21.2744,20.0464
2,460,25,80,1,16.4230,22.5575,25.8484,14.3653,14.5433,18.1615,18.2431,20.4849,20.7324
2,461,25,80,1.5,16.9898,23.9260,26.8997,13.6583,13.7953,18.1617,18.3964,20.2070,20.9161
2,462,25,160,0.75,31.8318,41.4557,45.7697,27.3316,24.3830,34.3469,30.7580,38.2773,33.9115
2,463,25,160,1,32.3384,43.7840,50.4041,27.3976,27.6711,35.5503,35.8036,40.4206,41.3404
2,464,25,160,1.5,36.8144,48.5086,54.9268,31.0001,30.5265,39.4324,39.1602,44.1414,44.5123
2,465,25,320,0.75,60.0902,81.1485,91.3423,52.8400,47.0461,67.2952,60.2963,75.4247,68.5102
2,466,25,320,1,66.9356,90.5886,102.2080,57.8747,57.8501,73.9493,73.9939,82.8150,83.9619
2,467,25,320,1.5,72.9788,98.7470,111.5304,62.5181,61.7980,80.2594,80.0318,89.5589,90.8313
2,468,26,10,0.75,3.0887,3.8545,4.6712,0.0000,3.9107,4.4621,4.2555,4.7328,4.6785
2,469,26,10,1,3.6901,3.9543,4.5858,0.0000,0.0000,0.0000,4.5040,0.0000,0.0000
2,470,26,10,1.5,3.0058,4.1140,5.4845,0.0000,0.0000,0.0000,0.0000,4.0114,3.6805
2,471,26,20,0.75,6.5000,8.4560,9.5143,0.0000,4.5081,6.6257,5.9737,4.5554,4.7966
2,472,26,20,1,5.2070,7.8778,9.7323,0.0000,0.0000,7.2152,7.3085,5.9232,6.5769
2,473,26,20,1.5,7.1913,9.0293,12.1176,5.4534,5.3706,7.0992,6.8724,6.4706,7.0997
2,474,26,40,0.75,12.4374,16.1077,19.0211,9.0813,8.1500,12.4001,10.7473,10.0096,9.1081
2,475,26,40,1,14.6090,18.1350,22.6673,10.0095,9.9036,14.4086,14.4965,11.6807,12.4990
2,476,26,40,1.5,14.4530,17.7696,21.9220,11.4437,10.8314,14.2959,14.0910,12.4531,12.6009
2,477,26,80,0.75,22.8629,31.2056,37.2254,16.2712,13.8947,23.8950,20.9753,18.6170,18.5582
2,478,26,80,1,27.2365,34.6386,40.9550,19.0070,18.8986,28.0171,28.0162,22.1385,23.6361
2,479,26,80,1.5,28.0518,35.4700,42.8671,20.2967,19.4847,28.0319,27.7447,22.5878,25.1002
2,480,26,160,0.75,46.4033,61.1241,71.3809,34.8434,31.0218,48.8452,43.7273,39.6582,39.4573
2,481,26,160,1,53.2534,67.7934,80.3183,39.2786,39.2950,54.6355,54.5718,44.3541,48.1857
2,482,26,160,1.5,56.7018,71.8895,86.4083,41.7971,41.5567,57.0358,56.5971,45.7581,49.0574
2,483,26,320,0.75,93.3719,123.4233,143.8321,71.1827,64.5209,99.1030,88.9515,80.4673,77.7885
2,484,26,320,1,103.8185,135.0067,159.1860,76.8848,76.8193,107.3402,107.2367,86.4309,94.1681
2,485,26,320,1.5,113.7496,144.5789,173.8683,83.8127,83.0710,115.3068,114.4009,93.4953,100.6906
2,486,27,10,0.75,1.6928,0.9023,2.3504,0.0000,0.0000,0.0000,0.0000,0.0000,4.3827
2,487,27,10,1,0.8537,0.7323,2.3805,0.0000,3.5362,0.0000,0.0000,3.9340,4.0059
2,488,27,10,1.5,0.6111,1.0286,2.6798,0.0000,0.0000,3.7936,0.0000,4.4261,0.0000
2,489,27,20,0.75,2.2976,1.9016,4.5023,0.0000,0.0000,0.0000,0.0000,0.0000,0.0000
2,490,27,20,1,4.3382,4.5857,6.1358,0.0000,0.0000,4.8139,4.2720,0.0000,4.1118
2,491,27,20,1.5,5.1982,4.5784,7.1268,0.0000,4.5625,4.5487,4.4935,5.3458,5.7752
2,492,27,40,0.75,8.5876,9.5113,12.6689,6.4653,6.1135,5.8336,5.5266,6.1475,5.3085
2,493,27,40,1,8.9809,10.0202,12.5948,5.9938,6.0691,7.1126,7.1584,5.4420,6.2872
2,494,27,40,1.5,9.6536,9.6704,14.0286,6.9137,6.8743,6.5467,6.5753,6.7236,6.1769
2,495,27,80,0.75,16.5489,17.2283,22.2767,11.3415,10.1049,10.5395,9.7890,12.6543,11.6722
2,496,27,80,1,18.8015,18.8034,26.4049,12.2556,12.7041,11.4254,11.7106,13.2045,13.7704
2,497,27,80,1.5,19.5656,19.8731,29.9022,12.3026,11.7889,11.6807,11.0631,13.4632,14.0141
2,498,27,160,0.75,33.1410,32.6006,44.5028,21.3915,19.0074,19.6034,17.7155,23.3142,20.5946
2,499,27,160,1,35.3395,35.4989,49.2562,22.6956,23.0907,21.1524,20.9177,25.4561,25.1759
2,500,27,160,1.5,37.3160,35.0352,53.4429,23.1952,23.8059,20.9552,21.3736,25.7769,25.5620
2,501,27,320,0.75,63.3151,62.1191,88.0631,40.0617,35.4841,37.4074,33.5587,45.0878,40.0957
2,502,27,320,1,71.5078,70.9935,98.5531,45.4907,45.7822,42.6265,43.5786,49.8487,49.0886
2,503,27,320,1.5,79.7191,76.2497,110.1611,49.7469,48.8862,46.4849,45.9698,55.4570,54.6249
2,504,28,10,0.75,1.0625,1.8533,3.0290,3.6595,0.0000,0.0000,0.0000,0.0000,4.1032
2,505,28,10,1,4.8365,4.3804,4.6755,5.0789,4.5765,4.7727,4.3285,4.2983,4.5421
2,506,28,10,1.5,2.5415,1.9345,3.7150,3.6871,3.5637,0.0000,0.0000,0.0000,3.2445
2,507,28,20,0.75,3.7311,3.8387,5.9140,0.0000,0.0000,4.0057,4.1048,4.2621,0.0000
2,508,28,20,1,5.3156,4.3301,5.9828,5.7956,5.7876,4.6249,4.8895,5.3279,4.8489
2,509,28,20,1.5,5.5927,4.8814,7.1616,5.5690,5.0109,4.6630,4.5649,5.5704,4.6116
2,510,28,40,0.75,7.6469,8.1588,10.5935,6.6805,6.1105,6.9838,6.4330,8.6049,7.7638
2,511,28,40,1,8.7277,11.2699,12.5872,8.7250,8.0035,8.0795,7.8646,9.6446,9.5605
2,512,28,40,1.5,8.9717,9.8227,13.4530,7.8772,8.6884,8.2707,8.2109,9.8901,10.1220
2,513,28,80,0.75,15.6093,17.6053,21.8869,13.1071,11.8587,12.8654,10.8041,15.4389,13.6237
2,514,28,80,1,15.6297,18.9218,24.6938,13.2408,11.5611,13.8529,12.5291,17.8604,16.8557
2,515,28,80,1.5,17.6319,20.3950,26.3580,15.1901,14.7597,14.8312,13.9239,18.7977,18.3507
2,516,28,160,0.75,29.5385,33.7397,44.2845,24.2267,21.0789,23.8350,20.0031,30.6114,25.9441
2,517,28,160,1,34.9923,39.0911,49.8986,28.9548,28.0199,28.1404,26.1658,35.5205,33.9061
2,518,28,160,1.5,34.5333,39.7666,51.6306,29.1152,27.9627,28.2860,25.8042,36.8159,36.1906
2,519,28,320,0.75,59.4843,68.6888,88.5376,49.7692,43.7398,50.1786,41.7850,62.9482,54.9862
2,520,28,320,1,65.1081,74.3840,97.4048,54.1514,52.4588,54.4061,51.1956,69.3950,66.3029
2,521,28,320,1.5,70.8981,80.1761,106.2088,59.0838,56.7476,58.9317,54.2665,75.9719,74.2303
2,522,29,10,0.75,1.3376,2.9995,5.4571,0.0000,0.0000,0.0000,4.0785,0.0000,0.0000
2,523,29,10,1,1.2193,2.5575,3.2659,0.0000,0.0000,4.8047,5.2672,4.3215,0.0000
2,524,29,10,1.5,1.4645,3.3233,4.2905,0.0000,4.2195,0.0000,0.0000,4.3835,0.0000
2,525,29,20,0.75,4.5748,8.6416,7.9511,0.0000,0.0000,8.1806,7.8316,5.6251,6.1644
2,526,29,20,1,4.4211,7.2469,7.9790,4.4427,4.2210,5.8522,6.0581,5.8121,5.7200
2,527,29,20,1.5,4.7026,6.7938,7.8001,5.3302,5.2024,5.5465,6.4539,5.0463,5.9606
2,528,29,40,0.75,8.1215,13.4799,15.3759,7.5943,7.5595,10.9065,10.8556,10.6139,11.8878
2,529,29,40,1,7.9275,13.3121,15.4261,6.0794,6.6790,9.9434,10.9146,9.5408,11.3216
2,530,29,40,1.5,9.8998,16.1860,17.6066,8.5828,9.4100,12.9953,14.6216,11.7834,14.3368
2,531,29,80,0.75,16.6265,26.7400,29.7701,13.6759,14.6544,20.7055,21.5280,19.0905,22.8968
2,532,29,80,1,19.5491,30.8729,34.3743,16.5983,18.2989,24.5508,27.6719,21.7322,28.1570
2,533,29,80,1.5,22.1758,33.0905,37.3982,18.7431,19.7034,26.4935,29.2019,23.5943,29.7240
2,534,29,160,0.75,32.4364,54.7865,59.7001,28.3364,27.8606,43.5429,43.7103,37.4115,43.5784
2,535,29,160,1,38.0442,60.8273,67.6152,33.4924,35.9064,48.5197,54.1648,42.4304,54.2790
2,536,29,160,1.5,40.8627,66.1418,73.5952,34.7747,37.6926,53.4536,58.6358,46.4465,58.5869
2,537,29,320,0.75,67.1214,110.6495,122.2356,57.5130,56.5166,87.5660,87.5625,75.8212,88.0391
2,538,29,320,1,75.3657,122.8149,136.2229,64.0830,70.0134,97.6029,109.7193,86.1219,110.4058
2,539,29,320,1.5,82.8372,132.2194,146.8806,70.3937,75.3946,105.0312,114.9737,92.8539,116.3293
2,540,30,10,0.75,3.1664,1.6762,3.5046,3.9425,0.0000,0.0000,4.1794,0.0000,0.0000
2,541,30,10,1,0.9681,1.4129,2.9006,3.9924,4.0527,0.0000,0.0000,0.0000,0.0000
2,542,30,10,1.5,3.5381,3.7860,4.8881,4.1691,4.2013,0.0000,4.2518,4.5138,4.4324
2,543,30,20,0.75,5.3082,5.1647,5.6335,5.1625,0.0000,5.4085,5.0450,4.7257,5.1563
2,544,30,20,1,7.7501,6.0208,9.0445,7.5146,7.0724,6.2855,6.1892,7.6407,7.3787
2,545,30,20,1.5,6.4850,5.5076,8.3798,6.5541,6.6856,5.2973,5.1280,7.7192,7.8236
2,546,30,40,0.75,8.8166,9.1109,12.8009,8.0036,6.3325,8.9702,7.8579,10.3727,9.1621
2,547,30,40,1,11.0706,10.0298,14.5308,9.8102,9.2242,8.7714,8.6393,12.0309,11.9329
2,548,30,40,1.5,12.3553,11.0156,16.0495,11.4927,10.6856,9.8391,8.7690,14.1413,12.9397
2,549,30,80,0.75,19.4807,17.2470,27.8032,18.3872,15.4483,16.0503,13.3880,23.0778,19.8119
2,550,30,80,1,25.2206,23.0855,34.0049,23.3261,22.2605,20.4920,19.9333,28.5680,27.5767
2,551,30,80,1.5,24.8522,22.4791,33.4063,22.6283,21.5786,20.3921,19.7928,27.6088,26.1207
2,552,30,160,0.75,40.7609,37.6074,56.4875,36.7365,32.4434,34.5884,29.8326,46.7438,40.4781
2,553,30,160,1,47.8229,43.9138,65.0903,43.9938,41.3831,39.1758,37.6195,54.5298,50.9874
2,554,30,160,1.5,50.2825,46.1476,67.0014,45.6945,43.9761,42.4817,41.8383,55.7687,54.5550
2,555,30,320,0.75,80.7884,77.4527,112.1928,74.6409,63.9165,69.4434,61.3561,92.9537,79.6203
2,556,30,320,1,91.0660,83.7578,125.1971,82.6287,79.9236,75.6064,74.6090,102.7436,98.8181
2,557,30,320,1.5,98.7118,90.6638,133.1182,89.4954,85.4952,83.2661,80.9319,109.6844,107.6978
2,558,31,10,0.75,1.3767,0.3581,2.4823,0.0000,0.0000,0.0000,3.8722,0.0000,0.0000
2,559,31,10,1,2.0150,2.9303,2.8234,0.0000,0.0000,0.0000,3.4179,0.0000,0.0000
2,560,31,10,1.5,2.1579,3.7619,3.2170,4.5069,0.0000,4.8035,4.3466,4.3382,4.4325
2,561,31,20,0.75,2.4788,4.4396,5.2931,0.0000,4.8595,5.3917,0.0000,5.1390,0.0000
2,562,31,20,1,2.3151,2.4749,4.5268,0.0000,0.0000,0.0000,0.0000,0.0000,0.0000
2,563,31,20,1.5,3.9867,5.2169,6.0548,4.7647,4.7195,0.0000,4.9310,5.6820,6.1839
2,564,31,40,0.75,6.2988,9.7471,10.7167,6.1670,5.9857,8.9379,8.4370,9.0221,8.4095
2,565,31,40,1,6.2040,9.8214,11.6669,5.8553,5.7910,9.1555,8.7867,10.1702,10.1287
2,566,31,40,1.5,7.2971,11.3301,12.8788,6.6529,6.2787,9.4570,9.2818,10.1721,10.1584
2,567,31,80,0.75,11.3788,16.8841,20.7471,10.1714,8.6291,14.9588,12.9689,16.9735,15.0383
2,568,31,80,1,15.8384,21.8419,24.0699,13.9650,14.0780,19.3044,19.0293,20.6373,20.7918
2,569,31,80,1.5,14.9717,21.9784,25.5501,13.3877,12.3910,19.2223,18.8882,20.8487,20.3769
2,570,31,160,0.75,23.1277,33.8252,41.5912,21.1997,19.0186,30.4332,26.6961,34.6201,30.4343
2,571,31,160,1,25.3327,37.2152,45.8654,24.4233,23.5509,34.6982,33.1426,40.4499,38.9419
2,572,31,160,1.5,28.1597,41.8673,50.6125,26.2230,24.8391,38.2966,36.4781,42.7047,40.9880
2,573,31,320,0.75,47.3345,68.2408,82.1396,43.2439,38.3560,61.8152,54.7192,68.7815,60.8275
2,574,31,320,1,52.7643,75.6612,92.1270,48.1878,47.8171,68.3749,67.7655,77.6276,76.0848
2,575,31,320,1.5,56.1559,80.3926,99.7302,50.0351,49.5327,71.4948,69.6203,80.8100,78.6774
2,576,32,10,0.75,1.8772,2.5306,3.8961,0.0000,0.0000,0.0000,0.0000,0.0000,0.0000
2,577,32,10,1,1.2298,2.9284,3.3630,0.0000,0.0000,0.0000,0.0000,3.1253,0.0000
2,578,32,10,1.5,2.7969,3.6314,3.7609,0.0000,0.0000,0.0000,0.0000,0.0000,0.0000
2,579,32,20,0.75,6.0115,8.7787,7.9638,4.9641,4.7542,6.5092,5.9417,5.9350,5.3489
2,580,32,20,1,5.1986,7.7181,8.4567,4.9204,4.9699,5.4551,5.1137,5.7648,5.7860
2,581,32,20,1.5,3.9886,7.3991,6.4994,4.9362,4.7148,4.7016,4.9145,4.3378,4.7924
2,582,32,40,0.75,8.1104,14.6780,13.5336,7.2843,6.4761,9.7287,8.0432,10.1264,8.3305
2,583,32,40,1,9.2161,15.2665,16.2589,8.0313,7.9902,10.8922,10.6359,11.3957,10.9090
2,584,32,40,1.5,9.3511,16.2972,15.3934,8.6589,8.0057,11.2092,9.8048,11.4524,10.1071
2,585,32,80,0.75,15.7945,25.9281,26.7449,13.9158,11.6773,18.6665,15.7900,19.9295,16.5863
2,586,32,80,1,19.7389,29.8207,30.0957,16.9610,16.4044,22.2725,21.3345,22.8618,21.9789
2,587,32,80,1.5,21.7932,33.8901,33.9783,19.0243,18.9669,24.2863,23.9178,24.8755,24.3125
2,588,32,160,0.75,35.0201,55.0740,53.7991,30.9029,26.3725,40.4373,34.2173,41.1028,34.5454
2,589,32,160,1,39.3293,62.1979,61.5859,35.1232,34.3861,44.1674,42.4163,45.5956,43.4169
2,590,32,160,1.5,42.6387,66.5077,66.6405,35.9435,34.8468,45.6957,43.7401,47.3009,44.8323
2,591,32,320,0.75,68.3036,108.0034,107.4937,59.6109,51.8064,78.3001,66.9880,81.3559,69.5847
2,592,32,320,1,77.0554,122.6941,121.8583,67.4257,64.9170,88.0726,84.6598,91.0522,87.1467
2,593,32,320,1.5,83.0710,132.5135,132.7591,70.8304,67.6523,90.5952,86.6185,94.3508,89.8626
2,594,33,10,0.75,0.9290,4.8059,4.2876,0.0000,0.0000,4.6524,0.0000,4.2019,4.5593
2,595,33,10,1,3.0727,7.1557,5.6087,3.9959,3.9073,6.5172,6.4540,5.9505,5.8835
2,596,33,10,1.5,1.8560,4.6198,4.6398,0.0000,0.0000,4.5946,0.0000,0.0000,0.0000
2,597,33,20,0.75,2.2915,7.7145,8.6550,5.0352,0.0000,7.3803,6.1541,6.3378,7.0804
2,598,33,20,1,3.4902,10.0124,10.6808,4.5149,0.0000,9.0171,8.5645,8.9279,8.8320
2,599,33,20,1.5,4.6239,10.5638,10.9762,5.1562,4.3871,9.1231,8.5328,8.2251,8.4979
2,600,33,40,0.75,6.5389,15.7176,15.9843,6.6370,6.2305,14.1502,12.0566,13.5411,11.6258
2,601,33,40,1,9.6817,19.1361,20.4059,8.6680,8.8464,16.9987,16.5766,15.7029,16.7530
2,602,33,40,1.5,10.2421,21.1686,21.9773,9.3163,9.1679,18.2685,19.1299,17.0810,18.1449
2,603,33,80,0.75,15.6789,34.6150,35.3002,13.2334,12.1243,31.7524,28.6292,28.2272,26.9345
2,604,33,80,1,17.3418,37.9294,39.7385,15.0125,15.2135,34.4887,33.6995,31.0149,32.5711
2,605,33,80,1.5,18.7232,42.9297,45.9480,15.4656,15.9989,39.2482,38.0715,37.6052,38.3881
2,606,33,160,0.75,32.1384,69.9764,72.3946,27.7380,25.9670,63.7819,57.4115,58.0907,55.6038
2,607,33,160,1,33.5396,76.4749,81.1511,27.6496,28.7010,70.2575,69.2941,64.7885,68.2036
2,608,33,160,1.5,40.7779,85.5944,91.3055,34.2845,34.4133,77.7141,74.7587,73.2604,74.9336
2,609,33,320,0.75,61.4465,140.0809,145.2597,51.7821,49.8565,128.1846,113.6369,113.9630,110.1720
2,610,33,320,1,70.6201,155.7014,163.7336,58.9123,62.0052,141.7660,139.4070,129.0985,136.2321
2,611,33,320,1.5,77.7605,168.2520,179.1668,64.8877,65.9224,153.1094,147.8955,143.9424,147.7069
2,612,34,10,0.75,0.5719,3.6819,3.2179,0.0000,0.0000,0.0000,3.7859,0.0000,0.0000
2,613,34,10,1,3.3702,4.2889,4.1955,0.0000,0.0000,5.3181,0.0000,4.4100,4.2937
2,614,34,10,1.5,3.3561,3.6521,4.9781,4.5434,4.4440,3.7142,0.0000,0.0000,0.0000
2,615,34,20,0.75,7.1115,9.0752,8.7301,6.9046,6.8473,8.2992,8.0327,6.1759,6.0796
2,616,34,20,1,5.3304,8.5346,9.0583,4.4184,0.0000,8.1185,8.1539,7.1885,7.1190
2,617,34,20,1.5,6.7303,10.2722,9.6579,6.0211,5.6687,9.4895,9.2513,7.7485,7.8313
2,618,34,40,0.75,11.3983,15.5093,18.8028,9.6414,8.9906,13.7147,11.7764,13.0119,11.6540
2,619,34,40,1,13.7759,19.5113,21.2546,11.4724,11.3217,16.9472,17.1729,15.4446,15.4800
2,620,34,40,1.5,14.8439,21.3631,23.2403,11.9387,11.0451,18.5747,17.5457,16.1510,15.7581
2,621,34,80,0.75,22.4405,33.2104,35.6085,20.2342,17.7977,29.7076,26.2356,25.5864,22.8097
2,622,34,80,1,24.9496,36.5924,38.4561,20.8195,20.1814,32.2800,31.8053,26.8083,27.2034
2,623,34,80,1.5,29.9859,40.8056,43.9567,25.7847,24.8819,36.3103,35.5583,30.8146,30.7409
2,624,34,160,0.75,49.1016,69.8974,71.3752,41.9498,36.1759,61.5013,54.5418,49.7804,45.2850
2,625,34,160,1,52.4627,75.0547,78.1956,45.1271,43.7913,66.9145,65.5414,54.1453,53.8023
2,626,34,160,1.5,56.9970,80.3487,85.2262,48.5834,45.9936,70.9271,68.7399,58.6324,57.1183
2,627,34,320,0.75,92.1611,136.8909,139.9471,80.4138,70.0032,121.4822,105.8671,98.2581,87.0538
2,628,34,320,1,103.7174,150.4689,157.3852,89.4480,86.1807,133.1038,130.8489,108.7402,108.6749
2,629,34,320,1.5,112.6685,161.3384,169.4706,94.9227,90.0838,141.2517,136.3080,116.5826,113.7908
2,630,35,10,0.75,2.4419,2.6614,3.6275,0.0000,0.0000,0.0000,0.0000,0.0000,0.0000
2,631,35,10,1,0.9021,1.8067,1.2339,0.0000,0.0000,0.0000,0.0000,0.0000,0.0000
2,632,35,10,1.5,0.9367,1.1426,1.6305,4.2507,0.0000,0.0000,4.2129,0.0000,0.0000
2,633,35,20,0.75,1.6770,2.1726,3.3615,0.0000,0.0000,0.0000,0.0000,3.7164,0.0000
2,634,35,20,1,3.8319,4.9784,4.9948,4.9729,4.4850,5.2043,5.2090,5.0654,5.0479
2,635,35,20,1.5,1.9661,2.5891,4.1206,4.1162,0.0000,0.0000,0.0000,4.1639,0.0000
2,636,35,40,0.75,5.2052,7.3429,8.6077,5.7482,4.6135,7.1400,5.8875,8.0673,6.7437
2,637,35,40,1,5.8601,7.4633,8.7740,6.0756,5.8266,7.2029,6.7538,8.3437,7.9771
2,638,35,40,1.5,6.2316,8.5489,10.1952,6.2828,6.1040,8.1822,7.3449,9.8256,9.3246
2,639,35,80,0.75,9.5531,12.4316,14.9228,9.4813,8.2975,12.0117,10.5111,14.0824,12.2731
2,640,35,80,1,12.9261,15.0785,17.6669,12.7023,11.9773,14.7893,13.9338,16.5190,15.3169
2,641,35,80,1.5,12.2360,16.3033,18.0562,12.4313,12.5683,15.9279,15.5942,17.3113,17.3789
2,642,35,160,0.75,21.2433,28.9924,32.4149,20.8741,18.2849,28.2495,23.8038,31.1096,25.9159
2,643,35,160,1,24.1211,31.2207,35.4381,23.7971,23.0315,30.4455,29.1087,33.4067,31.6259
2,644,35,160,1.5,25.8541,32.7621,37.1025,25.2824,24.2757,31.3377,29.1205,34.6214,32.0961
2,645,35,320,0.75,42.0235,55.8252,63.0926,41.6613,35.4468,54.7052,44.9065,60.2586,50.5130
2,646,35,320,1,46.0876,60.3871,69.8388,45.0371,43.5325,58.3866,55.6177,65.2673,62.0003
2,647,35,320,1.5,49.7244,65.5969,75.9280,49.2943,46.8677,63.1854,59.1421,72.7238,67.5246
3,0,0,10,0.75,-0.2132,-0.0942,0.4281,0.0000,0.0000,0.0000,0.0000,4.4591,0.0000
3,1,0,10,1,1.3552,0.5255,-1.1496,4.3282,4.4387,4.3475,4.6451,4.4999,4.9028
3,2,0,10,1.5,1.0480,1.5409,1.8335,0.0000,0.0000,0.0000,0.0000,0.0000,0.0000
3,3,0,20,0.75,1.2857,-0.1136,-0.0457,0.0000,0.0000,0.0000,0.0000,0.0000,0.0000
3,4,0,20,1,-0.4064,0.7372,1.3184,0.0000,0.0000,0.0000,3.3562,0.0000,0.0000
3,5,0,20,1.5,-0.1006,0.2549,1.0370,0.0000,0.0000,4.3002,3.8812,0.0000,0.0000
3,6,0,40,0.75,2.0572,2.3322,2.2193,0.0000,4.5397,0.0000,0.0000,4.2935,0.0000
3,7,0,40,1,0.2151,1.6527,1.6778,0.0000,0.0000,0.0000,3.9240,0.0000,0.0000
3,8,0,40,1.5,0.4691,0.6491,2.1031,4.1380,0.0000,0.0000,0.0000,0.0000,4.5784
3,9,0,80,0.75,1.4738,3.4694,3.9116,3.8730,0.0000,0.0000,4.6869,0.0000,4.3426
3,10,0,80,1,3.2379,4.3975,5.3694,0.0000,0.0000,0.0000,0.0000,0.0000,4.4230
3,11,0,80,1.5,0.2822,4.0307,3.3565,3.7132,3.6079,0.0000,0.0000,0.0000,4.0792
3,12,0,160,0.75,4.7663,7.6508,8.2652,0.0000,0.0000,4.9174,5.1804,0.0000,5.1934
3,13,0,160,1,6.5772,10.2557,10.1412,4.7726,0.0000,6.9194,7.3896,6.8094,7.7061
3,14,0,160,1.5,4.1643,7.6576,8.8584,0.0000,0.0000,5.9830,7.3431,5.8542,5.8515
3,15,0,320,0.75,7.3374,14.7895,17.3709,4.8792,5.3898,10.0705,9.7795,11.3100,11.6761
3,16,0,320,1,7.8102,16.0068,15.5513,5.4755,4.7588,11.6960,12.4977,8.9135,10.3224
3,17,0,320,1.5,9.8984,17.0435,18.9512,6.0963,5.8010,12.0644,12.1697,10.2666,11.6260
3,18,1,10,0.75,0.5868,1.4524,1.7456,4.1630,3.8943,0.0000,0.0000,4.0046,4.1611
3,19,1,10,1,0.6214,1.9481,1.7824,3.9096,0.0000,4.4123,0.0000,0.0000,0.0000
3,20,1,10,1.5,1.4599,2.0536,1.9788,4.4846,0.0000,4.3358,0.0000,0.0000,0.0000
3,21,1,20,0.75,2.3560,4.1100,4.6057,0.0000,0.0000,4.5567,4.2866,0.0000,0.0000
3,22,1,20,1,0.0742,0.3566,2.5427,4.4150,0.0000,0.0000,0.0000,0.0000,0.0000
3,23,1,20,1.5,1.9075,3.0036,2.6624,4.4347,0.0000,0.0000,0.0000,4.1682,0.0000
3,24,1,40,0.75,4.2484,3.0613,4.5833,4.2921,0.0000,0.0000,0.0000,0.0000,4.0277
3,25,1,40,1,3.2124,3.5079,4.5246,0.0000,0.0000,3.6803,0.0000,4.1489,0.0000
3,26,1,40,1.5,4.8630,3.8674,5.7087,4.6115,0.0000,0.0000,0.0000,0.0000,4.0276
3,27,1,80,0.75,4.5760,5.9774,6.3997,5.2632,5.1095,5.7205,4.9323,4.5328,4.2920
3,28,1,80,1,7.0679,7.2676,7.4088,6.8514,7.3040,6.4385,6.7962,5.3283,5.7815
3,29,1,80,1.5,8.6502,9.7935,9.9706,6.6226,6.6495,6.5310,6.8613,5.8814,5.6440
3,30,1,160,0.75,13.6808,14.3930,16.2219,10.2299,9.4726,10.8603,9.7287,10.3847,9.7041
3,31,1,160,1,16.2107,17.8200,18.4537,11.3853,12.1675,12.7079,13.4672,10.3485,10.9953
3,32,1,160,1.5,15.5350,17.9015,19.6576,11.9577,12.4550,12.8629,13.7557,12.4200,13.1495
3,33,1,320,0.75,27.0860,28.3421,31.1750,19.4282,17.6146,22.0974,20.3893,18.3708,17.4257
3,34,1,320,1,29.7704,32.5792,34.5845,21.5454,22.0225,23.3025,24.6768,21.1402,22.2002
3,35,1,320,1.5,30.8449,34.1208,35.5320,22.9681,23.2095,24.1796,25.1205,21.7063,22.6736
3,36,2,10,0.75,-1.5312,-1.3877,-1.1414,0.0000,4.2865,0.0000,4.2683,0.0000,0.0000
3,37,2,10,1,-0.2654,0.3114,1.7619,0.0000,3.9595,4.1785,4.0227,3.9105,3.6383
3,38,2,10,1.5,-0.6195,1.2173,0.6156,0.0000,0.0000,0.0000,3.8694,0.0000,0.0000
3,39,2,20,0.75,2.1475,1.8366,1.9905,0.0000,0.0000,0.0000,0.0000,4.3460,4.1899
3,40,2,20,1,1.4679,0.7678,2.0792,0.0000,0.0000,0.0000,4.4418,0.0000,0.0000
3,41,2,20,1.5,0.8778,1.1448,1.9485,4.3807,4.2044,0.0000,0.0000,4.4055,0.0000
3,42,2,40,0.75,2.2666,3.2899,4.0122,0.0000,0.0000,4.6125,0.0000,0.0000,0.0000
3,43,2,40,1,2.7681,3.1981,3.7521,0.0000,0.0000,0.0000,0.0000,3.6544,0.0000
3,44,2,40,1.5,2.6520,4.2593,5.1000,3.6287,4.3558,4.6762,4.8809,4.7718,4.8208
3,45,2,80,0.75,4.0581,5.0569,6.9124,4.5232,4.7529,5.4524,4.9617,6.1762,5.9934
3,46,2,80,1,5.8854,6.6553,8.4709,5.3926,5.1168,6.5084,6.2122,7.5583,6.9475
3,47,2,80,1.5,8.2962,8.9160,10.5601,7.7783,7.9750,8.2267,8.2883,9.5278,9.3417
3,48,2,160,0.75,9.9550,12.2832,15.3698,8.9780,7.6950,11.1461,9.1230,12.4204,10.7870
3,49,2,160,1,10.8303,13.6934,17.7517,9.1481,8.5805,12.4510,12.2549,14.0722,13.8199
3,50,2,160,1.5,13.6053,15.4538,19.5965,11.5942,11.3501,14.0828,13.5854,14.9550,15.5694
3,51,2,320,0.75,23.7384,28.3847,32.1857,20.8759,18.1121,25.4251,22.4728,25.2703,23.2130
3,52,2,320,1,25.9467,31.2087,36.6697,22.3516,21.8270,28.0737,27.1997,29.4308,29.6488
3,53,2,320,1.5,26.1341,31.8025,38.3405,23.1834,21.7177,29.4125,27.8945,31.3093,30.8859
3,54,3,10,0.75,0.6388,0.5785,0.3610,0.0000,0.0000,3.1957,0.0000,3.8453,0.0000
3,55,3,10,1,1.3083,0.8889,0.7624,0.0000,0.0000,0.0000,0.0000,0.0000,0.0000
3,56,3,10,1.5,0.9900,3.2682,1.5537,0.0000,0.0000,4.4705,4.3825,0.0000,0.0000
3,57,3,20,0.75,1.9281,4.0310,2.3625,4.1854,4.1149,3.5433,0.0000,0.0000,0.0000
3,58,3,20,1,2.0748,3.7384,2.9670,0.0000,0.0000,4.5589,4.1348,0.0000,4.0427
3,59,3,20,1.5,3.3091,3.5876,4.0719,4.5748,0.0000,4.9211,0.0000,5.5816,4.0388
3,60,3,40,0.75,1.8712,7.1612,6.7106,4.0912,0.0000,6.4903,5.4594,5.7496,4.8279
3,61,3,40,1,4.6181,7.1923,6.2006,4.7062,4.9787,6.1213,6.0301,4.8176,4.5928
3,62,3,40,1.5,6.0772,8.0574,6.3363,5.7387,5.7343,7.7777,7.2036,5.6547,5.3590
3,63,3,80,0.75,6.6362,11.9443,10.6000,6.5502,5.6215,11.1418,9.4366,9.7131,7.8757
3,64,3,80,1,8.0213,13.8820,10.4886,6.8932,7.2164,12.4162,11.6357,8.5902,7.6605
3,65,3,80,1.5,10.7261,15.4350,14.3591,9.0172,8.1624,13.8645,12.9383,11.1864,10.2937
3,66,3,160,0.75,13.8170,23.9606,20.9998,12.2251,10.1326,21.5935,18.1655,17.6266,14.3668
3,67,3,160,1,16.1693,27.7982,25.2239,14.3527,13.9145,24.6699,23.8453,21.0800,19.1991
3,68,3,160,1.5,18.3443,29.6911,26.1757,16.1124,15.0422,26.9403,26.0050,21.0607,19.4324
3,69,3,320,0.75,29.5185,50.0024,43.5249,26.3261,23.7913,45.8693,40.9235,34.9098,31.0884
3,70,3,320,1,29.8975,52.8277,45.7470,26.4101,25.7715,47.7278,46.4707,36.5371,35.1144
3,71,3,320,1.5,33.6028,57.4569,50.5927,28.5527,27.1222,50.2753,49.0297,40.1183,37.8620
3,72,4,10,0.75,0.9872,0.8740,0.7458,0.0000,0.0000,4.4729,0.0000,0.0000,0.0000
3,73,4,10,1,0.3886,0.6961,1.5321,0.0000,4.1790,0.0000,0.0000,0.0000,0.0000
3,74,4,10,1.5,0.4985,0.3351,1.5444,0.0000,0.0000,4.9080,4.4882,0.0000,0.0000
3,75,4,20,0.75,2.0781,1.6379,2.9176,0.0000,0.0000,0.0000,0.0000,0.0000,0.0000
3,76,4,20,1,0.5799,2.3577,2.7801,0.0000,0.0000,4.0249,4.4051,0.0000,0.0000
3,77,4,20,1.5,1.7662,1.1631,3.5670,0.0000,0.0000,0.0000,0.0000,3.1004,0.0000
3,78,4,40,0.75,3.4251,2.6425,3.3098,0.0000,4.6600,4.6580,4.8204,4.2475,4.5828
3,79,4,40,1,1.8370,2.4687,5.1109,3.8602,3.9496,0.0000,4.0252,4.7666,4.9413
3,80,4,40,1.5,1.5307,1.8141,3.6534,0.0000,0.0000,4.9426,4.6956,4.3928,4.1376
3,81,4,80,0.75,3.5932,3.8734,8.5994,0.0000,0.0000,3.9751,4.1376,6.5078,5.9295
3,82,4,80,1,8.1669,5.7100,11.1379,6.2834,6.3268,5.1266,5.1656,8.6188,8.7644
3,83,4,80,1.5,6.7217,6.3588,10.6676,6.0858,5.9200,5.7682,6.0559,7.8583,8.5610
3,84,4,160,0.75,9.1941,9.7141,15.4848,8.9433,7.7418,8.7609,7.7814,11.6781,10.3968
3,85,4,160,1,9.7239,9.5150,17.9728,8.6433,8.0835,8.8447,7.9891,12.8571,12.2896
3,86,4,160,1.5,12.9874,11.2085,19.4978,10.0704,10.2605,9.7767,9.8419,13.6553,14.0700
3,87,4,320,0.75,20.2545,18.6441,31.7101,18.0429,15.5834,17.3879,15.0433,24.7649,22.1373
3,88,4,320,1,23.7607,21.5322,35.9985,20.3271,20.1007,19.1591,18.8197,27.1169,27.1867
3,89,4,320,1.5,24.9441,22.6800,38.8519,20.2011,19.4420,19.5611,18.8700,27.5866,27.3084
3,90,5,10,0.75,1.4311,1.4493,2.1616,4.4401,0.0000,4.1257,3.5807,0.0000,3.8258
3,91,5,10,1,0.5725,0.8050,1.0756,0.0000,4.0587,0.0000,4.1386,3.7340,0.0000
3,92,5,10,1.5,2.0312,1.5032,1.1286,4.6327,4.4453,4.3222,4.7842,0.0000,0.0000
3,93,5,20,0.75,2.7365,2.5368,4.8592,4.0004,3.9903,4.1383,0.0000,0.0000,4.4250
3,94,5,20,1,4.1272,3.2149,5.1416,4.2319,4.0081,4.4983,4.1112,5.5992,5.5320
3,95,5,20,1.5,1.9189,0.4275,2.5216,0.0000,0.0000,0.0000,3.5984,0.0000,4.1345
3,96,5,40,0.75,3.3826,1.6355,4.5259,4.4195,4.1507,0.0000,0.0000,4.7309,4.1332
3,97,5,40,1,4.5719,3.4152,6.4096,4.6911,0.0000,0.0000,0.0000,6.0714,6.1795
3,98,5,40,1.5,5.0361,5.1865,9.2265,0.0000,0.0000,4.5345,4.1692,7.2451,7.0097
3,99,5,80,0.75,10.2012,9.5190,12.9709,8.2755,6.8154,7.7176,6.6815,11.0855,9.3154
3,100,5,80,1,10.6028,8.9422,14.0820,8.4274,8.4748,7.5672,7.3432,10.9498,10.2149
3,101,5,80,1.5,11.4630,8.1740,14.6611,9.0488,8.2729,6.4874,5.8728,11.0178,10.4141
3,102,5,160,0.75,20.3779,15.9717,25.9117,16.3732,13.9851,11.9032,10.1188,21.1678,17.5861
3,103,5,160,1,20.3741,15.9874,27.4242,15.6968,15.4023,11.7855,11.0427,21.0077,18.9042
3,104,5,160,1.5,22.5953,18.5421,30.6583,16.6779,15.9071,13.5316,12.5216,23.8178,21.7239
3,105,5,320,0.75,38.9674,31.0592,50.3666,31.4512,27.7339,23.9707,21.2881,41.5952,35.5025
3,106,5,320,1,41.5685,34.4051,55.8111,31.7948,30.7761,25.9656,25.5806,43.9038,41.8008
3,107,5,320,1.5,45.6770,36.2171,62.2673,34.3798,31.2057,26.2746,24.2067,47.2972,43.3660
3,108,6,10,0.75,-0.3403,-0.2970,1.2672,3.8599,0.0000,0.0000,4.0615,0.0000,4.3809
3,109,6,10,1,0.9418,0.7538,2.7043,0.0000,0.0000,0.0000,0.0000,0.0000,4.1847
3,110,6,10,1.5,1.1114,1.6539,2.8646,4.4976,4.3544,3.3413,0.0000,3.9772,3.6006
3,111,6,20,0.75,3.9769,1.6706,3.1503,0.0000,4.5552,4.1900,0.0000,4.0829,0.0000
3,112,6,20,1,1.2540,2.4603,3.3799,4.3899,0.0000,4.2466,0.0000,0.0000,0.0000
3,113,6,20,1.5,1.6566,1.3015,4.6922,0.0000,0.0000,0.0000,3.6232,4.1510,0.0000
3,114,6,40,0.75,4.3889,4.3985,8.5777,4.5435,4.2164,0.0000,0.0000,7.6343,6.8114
3,115,6,40,1,3.9089,3.6064,8.6030,4.7748,4.2597,4.4807,3.9208,8.1171,8.3279
3,116,6,40,1.5,4.7199,3.9752,8.5055,4.0320,0.0000,0.0000,0.0000,6.9874,6.7927
3,117,6,80,0.75,7.5273,7.7957,11.9601,7.6610,7.0784,7.7933,6.6540,12.4310,11.0689
3,118,6,80,1,8.0277,8.0873,17.0322,8.1884,7.5395,7.2538,6.9081,15.2057,14.6486
3,119,6,80,1.5,7.8591,7.9672,18.0607,7.3644,6.7759,6.6236,6.7263,15.6396,14.7683
3,120,6,160,0.75,14.2355,12.7536,28.9708,12.7344,11.1759,10.6501,9.1371,24.5334,21.7713
3,121,6,160,1,15.9050,16.6133,33.6456,13.7727,14.0947,13.2463,13.9167,29.4540,27.9986
3,122,6,160,1.5,16.0675,16.0256,34.9883,15.3381,15.1715,14.0277,13.3729,30.3208,28.6848
3,123,6,320,0.75,27.5420,26.6094,55.9345,25.6298,22.0131,22.9500,19.5897,49.5972,42.2375
3,124,6,320,1,31.0297,29.0019,63.2686,27.9900,26.5271,24.3252,22.8781,54.1657,50.8391
3,125,6,320,1.5,35.5257,33.1435,73.4907,33.0579,31.1370,29.0929,27.2549,63.1634,58.2668
3,126,7,10,0.75,1.1809,1.6596,1.4567,0.0000,0.0000,3.6527,0.0000,4.0608,4.1324
3,127,7,10,1,0.6406,0.2112,-0.2916,0.0000,3.8194,0.0000,0.0000,4.2415,4.5726
3,128,7,10,1.5,1.5353,0.4906,1.1812,3.6970,4.5098,5.2753,5.2467,5.0662,5.4181
3,129,7,20,0.75,-1.1714,-0.4449,-1.2993,4.1054,4.0062,0.0000,3.9933,0.0000,0.0000
3,130,7,20,1,0.0292,-0.6422,1.1590,3.9799,3.8872,4.4122,0.0000,0.0000,4.5474
3,131,7,20,1.5,1.4431,2.2050,2.7861,0.0000,0.0000,0.0000,0.0000,0.0000,0.0000
3,132,7,40,0.75,2.8154,0.8522,3.0228,3.7711,3.6814,4.3206,4.4987,4.4040,0.0000
3,133,7,40,1,1.5382,0.1622,1.0675,0.0000,0.0000,4.5317,4.2208,3.8404,4.4147
3,134,7,40,1.5,2.6204,2.9834,1.8725,0.0000,0.0000,3.8053,0.0000,0.0000,0.0000
3,135,7,80,0.75,4.9636,4.1995,4.5662,4.1859,4.1753,0.0000,0.0000,4.5095,4.2841
3,136,7,80,1,3.8987,2.4387,3.5508,0.0000,0.0000,4.0755,0.0000,0.0000,0.0000
3,137,7,80,1.5,4.4407,2.4599,3.0983,0.0000,0.0000,3.8128,0.0000,0.0000,0.0000
3,138,7,160,0.75,8.8193,5.4027,8.7318,7.5267,6.0880,5.3570,0.0000,7.6514,5.8917
3,139,7,160,1,8.8681,5.6247,8.1440,7.6536,7.1593,5.0901,0.0000,7.2445,4.6454
3,140,7,160,1.5,6.7457,5.2506,7.8826,6.4326,5.0505,4.8041,4.8832,7.6481,6.5178
3,141,7,320,0.75,14.8219,8.6404,12.7276,12.9245,8.3994,7.9094,6.0016,11.9435,8.1099
3,142,7,320,1,16.6599,12.5211,15.8771,12.9099,11.1545,10.3914,8.9688,13.3989,9.3054
3,143,7,320,1.5,18.5178,11.6151,16.3710,14.5774,12.1159,9.8056,7.8974,13.9312,10.2836
3,144,8,10,0.75,-1.0747,-0.8538,-0.6236,0.0000,0.0000,0.0000,4.4978,0.0000,0.0000
3,145,8,10,1,0.5177,1.3730,2.4048,3.8990,0.0000,0.0000,0.0000,0.0000,4.3806
3,146,8,10,1.5,0.7254,0.9096,1.1961,0.0000,0.0000,4.4974,4.4027,0.0000,0.0000
3,147,8,20,0.75,0.3006,1.6586,1.3905,0.0000,0.0000,4.0556,0.0000,0.0000,0.0000
3,148,8,20,1,1.7486,2.5064,3.0081,4.2928,4.3310,4.2259,4.0425,0.0000,0.0000
3,149,8,20,1.5,2.4846,2.2627,3.9538,4.9100,0.0000,4.3234,0.0000,0.0000,0.0000
3,150,8,40,0.75,2.3185,3.2094,3.3393,4.1909,0.0000,0.0000,0.0000,4.3788,0.0000
3,151,8,40,1,2.5065,5.0117,5.1372,0.0000,4.5940,5.5131,4.9321,5.3889,5.0580
3,152,8,40,1.5,4.7723,6.4785,7.1072,5.1831,4.7131,6.1458,5.8997,6.6067,6.2891
3,153,8,80,0.75,4.5268,7.4354,8.5392,4.2678,4.4577,6.6076,5.5774,6.9962,5.4396
3,154,8,80,1,6.5445,10.5195,12.4207,7.1532,7.1545,9.5202,9.0282,10.0821,9.8104
3,155,8,80,1.5,7.4249,10.7564,12.5077,7.2929,6.4079,9.3450,8.7090,10.8164,10.2289
3,156,8,160,0.75,12.2529,18.3017,20.6523,11.1325,9.5569,16.3973,13.7575,17.3618,15.2580
3,157,8,160,1,16.9125,21.3731,26.0200,15.2464,14.3282,18.6958,17.8696,22.3480,21.4996
3,158,8,160,1.5,15.7608,20.8985,24.0483,13.6954,12.5041,17.9950,16.6735,20.6368,19.2991
3,159,8,320,0.75,27.4349,35.8159,41.8284,24.2668,20.4812,31.4859,26.6762,35.0862,29.2573
3,160,8,320,1,30.3802,42.0797,48.8399,27.0748,25.3443,37.5588,35.7514,41.6388,39.3541
3,161,8,320,1.5,32.6286,43.1277,51.1472,28.7475,26.9067,37.8023,36.6369,42.3753,39.6021
3,162,9,10,0.75,1.3437,1.5532,0.6823,0.0000,0.0000,0.0000,4.1967,0.0000,0.0000
3,163,9,10,1,-0.7443,0.4552,-0.2086,0.0000,0.0000,0.0000,0.0000,0.0000,0.0000
3,164,9,10,1.5,1.7256,2.1665,2.0380,4.5909,0.0000,0.0000,4.4088,4.2359,4.2488
3,165,9,20,0.75,1.2960,0.9156,0.8585,0.0000,0.0000,0.0000,0.0000,0.0000,0.0000
3,166,9,20,1,1.8247,2.4431,3.3089,3.9567,0.0000,4.0774,0.0000,0.0000,0.0000
3,167,9,20,1.5,1.8355,3.1991,2.9741,0.0000,0.0000,0.0000,0.0000,4.6861,3.9925
3,168,9,40,0.75,2.3332,2.6154,2.5451,0.0000,0.0000,0.0000,0.0000,0.0000,0.0000
3,169,9,40,1,2.4568,3.1652,3.4807,4.1807,0.0000,0.0000,4.4116,0.0000,0.0000
3,170,9,40,1.5,3.2769,3.8617,3.9029,0.0000,0.0000,0.0000,0.0000,0.0000,0.0000
3,171,9,80,0.75,5.8407,6.5252,6.3503,5.1589,5.1990,5.3903,5.3875,5.1109,5.0100
3,172,9,80,1,6.3496,7.1486,7.8077,5.3099,4.8032,6.0937,5.3446,5.5319,5.7471
3,173,9,80,1.5,6.7258,7.7346,8.6992,5.9178,6.8306,6.0381,7.2032,6.9112,7.4423
3,174,9,160,0.75,10.2788,14.0102,14.7382,7.6258,7.4596,10.6925,10.2126,10.2542,9.9045
3,175,9,160,1,11.7677,14.2513,15.4434,9.9437,10.4254,11.2343,11.4950,11.9906,13.0290
3,176,9,160,1.5,14.3326,17.7754,18.8544,11.0165,10.9010,13.3397,13.4693,12.4150,12.3973
3,177,9,320,0.75,22.3728,25.6168,27.5562,16.8456,15.8037,17.7144,15.8589,19.6936,17.9664
3,178,9,320,1,25.5061,30.3269,31.6794,20.5026,19.7210,23.1608,21.8191,23.7134,23.6635
3,179,9,320,1.5,27.0834,31.7518,32.9707,21.2054,20.2116,22.8418,22.4469,24.5650,23.9945
3,180,10,10,0.75,0.6016,-0.4751,-2.2029,4.5384,0.0000,4.2036,3.8794,0.0000,0.0000
3,181,10,10,1,-0.1303,-1.2227,-2.1010,0.0000,3.1378,0.0000,0.0000,0.0000,0.0000
3,182,10,10,1.5,-0.5319,-0.5162,0.3896,4.1550,4.1735,0.0000,3.7558,0.0000,0.0000
3,183,10,20,0.75,-1.7003,-2.6956,-0.6835,0.0000,0.0000,0.0000,0.0000,3.8719,4.0219
3,184,10,20,1,0.2301,-0.2521,-0.3044,4.2536,0.0000,4.4216,4.4957,0.0000,0.0000
3,185,10,20,1.5,1.8525,0.3175,0.5409,3.9240,3.9085,0.0000,0.0000,0.0000,0.0000
3,186,10,40,0.75,-1.2380,1.0192,0.5640,0.0000,0.0000,5.4814,4.4118,4.8957,0.0000
3,187,10,40,1,-1.6485,1.2878,0.6013,0.0000,0.0000,0.0000,0.0000,0.0000,0.0000
3,188,10,40,1.5,2.5401,1.8333,2.5827,4.5145,4.8547,0.0000,0.0000,0.0000,4.3612
3,189,10,80,0.75,0.5367,2.5432,1.4002,0.0000,0.0000,0.0000,0.0000,0.0000,0.0000
3,190,10,80,1,0.5400,1.7476,3.5205,4.8460,4.7416,4.3210,4.5100,4.5341,4.8812
3,191,10,80,1.5,0.8442,0.3179,1.0348,0.0000,4.1845,0.0000,4.0579,0.0000,0.0000
3,192,10,160,0.75,3.2604,4.2822,3.6764,0.0000,4.0480,4.9163,4.8344,4.3916,4.5109
3,193,10,160,1,3.2899,3.4672,4.0052,4.6503,0.0000,0.0000,0.0000,4.5704,4.0979
3,194,10,160,1.5,3.0524,2.7375,4.4870,0.0000,0.0000,0.0000,0.0000,0.0000,0.0000
3,195,10,320,0.75,5.3897,4.6119,4.1154,0.0000,0.0000,0.0000,0.0000,0.0000,0.0000
3,196,10,320,1,2.6222,5.2637,6.5941,3.7565,3.8003,4.8281,5.1942,4.7986,4.4453
3,197,10,320,1.5,3.4063,5.1679,6.2884,4.1425,0.0000,0.0000,0.0000,0.0000,0.0000
3,198,11,10,0.75,-1.2772,-1.4496,-2.0736,0.0000,0.0000,0.0000,0.0000,4.5685,4.6469
3,199,11,10,1,0.1154,1.9536,0.5085,0.0000,0.0000,0.0000,4.2985,4.1105,4.1040
3,200,11,10,1.5,1.8995,0.9924,-0.5298,0.0000,0.0000,0.0000,0.0000,0.0000,4.4213
3,201,11,20,0.75,1.8215,1.4075,2.3924,0.0000,0.0000,0.0000,0.0000,0.0000,0.0000
3,202,11,20,1,1.6051,0.6186,0.5312,4.4108,0.0000,0.0000,0.0000,0.0000,4.1176
3,203,11,20,1.5,-1.1185,-0.9889,-0.3811,4.2543,4.1169,0.0000,0.0000,0.0000,0.0000
3,204,11,40,0.75,1.2268,0.5720,0.3901,4.2077,0.0000,0.0000,0.0000,0.0000,3.9927
3,205,11,40,1,0.6994,1.0823,1.9271,0.0000,0.0000,4.1394,0.0000,0.0000,0.0000
3,206,11,40,1.5,0.7993,1.2914,3.1352,4.1990,4.4541,0.0000,0.0000,0.0000,0.0000
3,207,11,80,0.75,1.5379,1.9614,3.6640,0.0000,0.0000,3.7690,3.7489,3.9970,4.0513
3,208,11,80,1,1.5358,1.2376,4.1478,0.0000,0.0000,0.0000,0.0000,0.0000,0.0000
3,209,11,80,1.5,2.6320,2.5892,3.8041,4.5659,4.1446,0.0000,0.0000,4.5210,4.2268
3,210,11,160,0.75,4.9796,3.4001,7.3389,0.0000,0.0000,0.0000,0.0000,4.2014,4.1565
3,211,11,160,1,3.8855,3.7612,6.5235,0.0000,0.0000,0.0000,0.0000,0.0000,4.1949
3,212,11,160,1.5,4.0755,4.4153,7.7254,3.9375,3.3407,0.0000,0.0000,0.0000,0.0000
3,213,11,320,0.75,7.6254,8.9603,15.4152,4.5203,4.7654,4.2912,4.2942,5.4746,5.5609
3,214,11,320,1,8.9466,10.1004,16.8601,4.9957,4.9525,5.9956,5.8139,7.7567,7.5850
3,215,11,320,1.5,9.5713,9.9713,17.3294,5.2072,5.1525,4.4694,0.0000,6.5374,6.5900
3,216,12,10,0.75,1.4655,2.1285,3.0380,4.2574,0.0000,0.0000,3.7331,0.0000,0.0000
3,217,12,10,1,1.3482,1.9678,0.6555,0.0000,0.0000,3.9105,0.0000,0.0000,0.0000
3,218,12,10,1.5,2.5525,1.9371,1.1212,0.0000,0.0000,0.0000,0.0000,0.0000,0.0000
3,219,12,20,0.75,3.8212,3.4993,4.5264,0.0000,0.0000,0.0000,0.0000,4.5380,4.4118
3,220,12,20,1,0.9707,1.2363,1.7038,3.6283,3.5623,0.0000,0.0000,4.1720,4.4619
3,221,12,20,1.5,2.1565,2.5935,2.8581,0.0000,0.0000,0.0000,0.0000,0.0000,3.8675
3,222,12,40,0.75,4.1721,6.7261,7.2714,4.4479,4.2573,6.6499,6.1339,6.7240,6.7443
3,223,12,40,1,3.4641,2.9673,5.1473,4.0955,3.6904,0.0000,0.0000,4.1254,0.0000
3,224,12,40,1.5,5.4195,6.8707,7.6383,5.0105,5.2926,6.7081,7.3082,7.6449,8.0122
3,225,12,80,0.75,6.4194,8.2106,9.0007,5.8548,4.8568,7.1502,6.0964,7.7256,6.3196
3,226,12,80,1,9.8571,10.7092,12.0711,8.5380,8.4956,9.7860,9.7073,10.5152,10.1607
3,227,12,80,1.5,10.5063,12.2685,13.8197,9.9608,9.7689,12.1406,11.2792,12.5911,11.7424
3,228,12,160,0.75,16.4174,19.0303,22.4746,15.1349,13.2050,17.6985,15.6412,20.0241,17.4995
3,229,12,160,1,17.3885,20.1447,22.8094,16.3341,15.3847,19.0761,18.0789,20.8895,19.8388
3,230,12,160,1.5,21.6818,22.6902,28.4857,20.6149,19.8529,21.3480,20.7307,25.7406,25.1739
3,231,12,320,0.75,35.6296,40.1384,46.8171,32.0493,28.1541,36.7148,32.2077,41.2676,35.7082
3,232,12,320,1,38.2409,41.9090,48.8310,35.1507,33.6867,38.4973,36.6691,43.9283,42.3218
3,233,12,320,1.5,41.4577,46.7799,54.8763,38.4039,37.4561,43.9823,42.9367,49.8553,47.2432
3,234,13,10,0.75,0.3888,0.7687,-0.1355,0.0000,4.1058,4.5841,0.0000,0.0000,0.0000
3,235,13,10,1,2.9007,2.3034,2.7134,0.0000,0.0000,0.0000,3.3866,0.0000,0.0000
3,236,13,10,1.5,1.1400,1.5755,1.1419,3.3973,3.0509,0.0000,0.0000,4.0177,3.9204
3,237,13,20,0.75,3.9967,4.8945,4.8564,4.9908,4.8414,4.9430,4.8879,4.5180,4.5090
3,238,13,20,1,2.6907,3.1968,4.2713,0.0000,4.4994,4.4735,3.4719,0.0000,0.0000
3,239,13,20,1.5,3.1914,4.3427,4.7824,4.0556,3.8624,0.0000,0.0000,4.0118,4.3190
3,240,13,40,0.75,6.3604,6.9136,8.4312,6.4275,6.0341,6.8671,6.0557,8.3143,7.4731
3,241,13,40,1,5.0863,5.7774,7.0454,0.0000,4.9524,4.9875,5.3456,6.2209,6.2161
3,242,13,40,1.5,7.3078,8.4819,10.0128,6.8969,7.0109,7.9146,8.2798,9.8731,9.6357
3,243,13,80,0.75,10.6668,12.1632,12.9743,10.2269,9.1487,12.0866,10.3533,12.3822,10.7845
3,244,13,80,1,11.4145,13.5433,15.7933,10.5461,10.1614,12.2364,12.1767,14.5782,13.8504
3,245,13,80,1.5,11.4317,14.8919,16.7761,10.8564,10.4899,13.4822,13.7590,15.2153,15.1059
3,246,13,160,0.75,21.9784,25.7770,29.0466,21.3212,18.4439,24.2782,21.6961,27.6227,24.6604
3,247,13,160,1,24.1223,27.5722,33.0480,22.4163,22.1516,26.2705,26.2493,30.5451,30.1872
3,248,13,160,1.5,26.2102,31.9812,37.4523,24.1106,23.8798,29.0619,29.1069,33.1100,32.5836
3,249,13,320,0.75,44.3116,53.9860,59.7208,41.9087,36.8311,50.4190,44.6579,55.7050,49.5978
3,250,13,320,1,50.2640,59.5932,67.6840,46.8867,45.9674,55.5969,55.5102,62.8461,61.9713
3,251,13,320,1.5,52.9754,63.8916,72.7963,49.4008,48.3068,58.0424,57.9728,65.8678,64.5519
3,252,14,10,0.75,1.9871,2.2874,2.8788,4.1842,3.7571,4.5272,4.1252,4.1873,0.0000
3,253,14,10,1,1.8427,0.8669,1.2892,0.0000,4.2381,0.0000,0.0000,0.0000,3.9254
3,254,14,10,1.5,1.9586,1.4649,1.4738,0.0000,0.0000,3.9385,0.0000,4.2593,0.0000
3,255,14,20,0.75,1.9058,1.4937,4.4383,0.0000,0.0000,0.0000,0.0000,4.5281,0.0000
3,256,14,20,1,2.7368,2.7764,2.4450,4.0264,0.0000,0.0000,4.4960,0.0000,0.0000
3,257,14,20,1.5,2.9911,3.4754,3.9413,0.0000,0.0000,0.0000,0.0000,0.0000,0.0000
3,258,14,40,0.75,6.8886,6.0710,10.2361,6.6396,6.0451,5.8955,4.8829,9.9230,8.5770
3,259,14,40,1,5.9086,6.9340,9.6863,5.7314,5.8257,6.8465,6.5266,9.4976,9.1045
3,260,14,40,1.5,5.5111,6.4088,10.1792,5.4665,4.6086,6.0595,4.8793,9.9682,8.7525
3,261,14,80,0.75,9.1865,10.0624,16.0286,8.8962,7.7408,9.5230,7.0855,15.6907,12.8958
3,262,14,80,1,9.8612,12.0719,19.6973,9.7998,9.8536,12.2253,11.3562,19.3968,18.4119
3,263,14,80,1.5,10.2261,12.7963,19.4363,10.2135,9.2184,12.6273,11.1838,19.0538,17.4917
3,264,14,160,0.75,18.9125,21.7737,33.0089,18.7410,16.8409,21.2125,17.0590,32.4384,27.9834
3,265,14,160,1,20.4431,24.6228,36.6671,20.2202,19.2164,23.5888,21.1977,35.9008,33.7919
3,266,14,160,1.5,21.1137,24.9213,40.7490,20.8825,19.4393,23.8383,20.3115,40.2114,36.1579
3,267,14,320,0.75,37.1572,43.3021,67.0142,36.4918,31.3793,42.2236,33.2473,66.1592,56.3891
3,268,14,320,1,41.1493,47.8049,75.6737,40.6372,38.9831,46.7464,42.3481,74.4231,69.1695
3,269,14,320,1.5,44.3644,51.9889,81.7592,44.0075,40.4674,50.2342,44.0438,80.7636,73.6134
3,270,15,10,0.75,2.7375,4.9005,4.0481,4.3553,4.8687,4.4286,0.0000,0.0000,4.3519
3,271,15,10,1,0.3287,3.0181,2.3149,0.0000,3.0897,4.3933,4.0268,4.3488,0.0000
3,272,15,10,1.5,1.8977,5.1921,4.3412,3.8225,3.9278,4.5523,0.0000,0.0000,0.0000
3,273,15,20,0.75,3.8431,5.8291,7.2499,0.0000,0.0000,6.1232,5.7885,6.7052,6.2371
3,274,15,20,1,3.5768,6.7869,7.9858,4.1559,4.4192,6.9031,6.6776,7.2309,6.7390
3,275,15,20,1.5,1.9344,5.9690,7.0064,0.0000,3.4623,5.0155,5.3501,5.3929,6.2132
3,276,15,40,0.75,4.7271,10.2833,13.1524,5.2419,5.1023,9.8197,8.5161,10.7241,10.3184
3,277,15,40,1,5.4523,14.6853,14.5797,4.7911,4.5634,13.9197,13.0567,12.0299,12.3422
3,278,15,40,1.5,6.7815,15.5108,15.6959,6.1397,5.9824,14.9083,14.5698,13.0876,13.4419
3,279,15,80,0.75,11.7514,23.7425,28.0676,11.1011,9.5380,22.7213,20.5287,23.4421,22.4430
3,280,15,80,1,15.6681,26.7460,29.0440,14.7279,14.8111,25.8565,25.1964,24.8831,24.9266
3,281,15,80,1.5,16.2057,30.0255,32.3750,14.6545,14.3654,28.4009,27.4790,27.1435,27.7080
3,282,15,160,0.75,24.8615,49.7574,54.4890,23.2602,20.9093,48.3358,42.1256,46.6241,43.8424
3,283,15,160,1,26.6362,55.7412,61.4231,24.6377,24.3752,53.1139,51.3298,50.8043,53.6246
3,284,15,160,1.5,30.1956,60.2279,64.6953,27.8195,27.7351,56.2189,54.2584,53.7664,55.7540
3,285,15,320,0.75,47.5326,98.9092,108.1286,44.0227,39.2673,94.9299,83.4674,91.7846,86.7958
3,286,15,320,1,52.9854,108.3477,119.0054,48.5111,47.9836,102.7300,99.2262,99.4438,103.6125
3,287,15,320,1.5,58.7905,121.3827,130.1811,54.3169,52.1878,113.5741,108.6925,109.3990,112.4016
3,288,16,10,0.75,0.7102,1.9870,0.8136,3.5549,3.7213,0.0000,4.4450,0.0000,0.0000
3,289,16,10,1,0.1727,2.4503,1.3769,3.3917,3.4868,0.0000,0.0000,0.0000,0.0000
3,290,16,10,1.5,1.9960,3.2049,2.6261,0.0000,0.0000,0.0000,0.0000,4.4456,3.9173
3,291,16,20,0.75,4.1986,4.4423,3.9140,0.0000,0.0000,0.0000,0.0000,0.0000,0.0000
3,292,16,20,1,2.7539,3.3946,3.8654,4.6588,4.3415,4.3367,0.0000,4.7251,4.6836
3,293,16,20,1.5,4.6076,4.8874,4.3792,4.3916,4.3438,0.0000,0.0000,0.0000,0.0000
3,294,16,40,0.75,6.9097,9.7708,9.8983,5.6168,5.3280,8.5062,6.7055,7.4171,6.6141
3,295,16,40,1,5.3094,7.7570,7.8936,5.3258,4.7340,7.6640,7.4713,6.3738,6.1043
3,296,16,40,1.5,7.2768,10.0485,8.9792,6.5535,5.7354,8.2092,7.1877,5.4160,5.0884
3,297,16,80,0.75,11.3174,15.7019,14.8140,8.6639,8.0338,13.0039,11.5195,10.4678,9.1821
3,298,16,80,1,14.8979,20.0764,18.2289,12.2098,12.0655,16.2434,15.1539,12.3459,11.1203
3,299,16,80,1.5,17.3761,22.0126,19.7902,11.6468,11.3388,19.0951,18.1134,13.7591,12.6120
3,300,16,160,0.75,25.7580,34.5700,31.7365,18.4659,16.0104,29.7376,25.3600,21.6620,17.2673
3,301,16,160,1,28.9294,37.7454,36.1240,20.3330,20.2613,33.1165,31.1289,24.7284,23.1283
3,302,16,160,1.5,30.7887,39.2764,37.4881,23.5005,23.2409,32.9151,31.6118,25.6282,23.2428
3,303,16,320,0.75,52.1324,66.9978,62.8904,38.3325,34.7488,56.6651,48.6548,42.4097,35.9852
3,304,16,320,1,56.3971,72.7259,69.0261,40.0967,39.5917,61.9542,58.1953,47.7025,44.6629
3,305,16,320,1.5,61.7329,78.5939,76.3225,43.9233,41.4818,68.3736,63.6399,50.2269,45.4437
3,306,17,10,0.75,1.8193,4.1349,3.5998,0.0000,0.0000,0.0000,0.0000,0.0000,4.5755
3,307,17,10,1,1.9922,2.4223,2.1990,4.8497,4.7692,0.0000,0.0000,3.7675,0.0000
3,308,17,10,1.5,0.8459,2.0987,2.6342,4.2647,4.1344,4.1607,4.0809,4.4119,4.1794
3,309,17,20,0.75,3.8679,6.8646,8.3800,4.2705,4.2087,6.7644,5.3771,7.7969,6.4166
3,310,17,20,1,3.8879,5.7292,6.8680,0.0000,0.0000,5.0179,4.3927,6.3321,5.3683
3,311,17,20,1.5,3.8020,6.3414,6.8914,4.2532,4.3616,6.1523,5.3403,6.7307,6.3897
3,312,17,40,0.75,7.0629,11.9559,12.2004,6.2382,5.2476,11.3998,9.0197,10.7873,8.4047
3,313,17,40,1,7.7384,13.0878,13.3843,7.1607,6.6615,11.7366,10.4437,12.5735,11.8971
3,314,17,40,1.5,10.0070,15.0567,15.9584,8.7053,6.9773,13.6481,10.9874,14.0221,12.0630
3,315,17,80,0.75,12.8654,21.1135,24.2084,11.5993,9.3083,19.1537,14.1319,21.7862,17.6824
3,316,17,80,1,12.3491,22.9204,25.2750,11.7554,11.0143,21.1673,18.2748,22.7524,20.4885
3,317,17,80,1.5,14.1343,23.7335,26.5165,12.7186,11.8826,21.1120,17.8599,23.2086,20.6037
3,318,17,160,0.75,23.9199,41.8932,47.3726,22.3498,18.8193,38.7385,30.4343,42.2620,33.9715
3,319,17,160,1,28.1416,45.9803,51.6853,26.8446,25.0401,40.9276,34.7584,45.5213,40.5131
3,320,17,160,1.5,29.5631,51.8444,57.7741,26.1649,23.9522,47.3258,39.9762,51.0066,44.5433
3,321,17,320,0.75,49.6710,83.8822,92.6279,46.7168,38.2019,76.0780,58.0086,82.5342,65.7006
3,322,17,320,1,55.4643,92.5724,103.6778,51.4116,46.5129,83.6434,71.2064,92.5014,81.6954
3,323,17,320,1.5,59.7896,100.4376,113.7782,54.4782,49.0834,90.3758,75.6733,100.4763,87.2568
3,324,18,10,0.75,0.6435,1.1044,0.5076,0.0000,3.6945,0.0000,0.0000,0.0000,0.0000
3,325,18,10,1,0.6005,1.7238,2.1148,0.0000,0.0000,4.3202,4.3098,4.4887,4.4203
3,326,18,10,1.5,1.2395,2.5996,2.5447,0.0000,0.0000,3.9644,4.1100,3.7572,0.0000
3,327,18,20,0.75,2.4260,3.8155,3.8162,0.0000,0.0000,4.0565,3.7852,4.7289,4.3772
3,328,18,20,1,1.6946,4.4376,4.8001,0.0000,0.0000,4.8725,4.7294,4.7370,4.8618
3,329,18,20,1.5,3.8411,4.0946,3.2968,4.3226,4.2689,4.5266,4.8236,4.6832,4.5504
3,330,18,40,0.75,3.9041,5.7238,5.4853,5.8032,5.8034,5.0022,4.8141,5.0858,4.6123
3,331,18,40,1,5.6057,5.5811,5.9260,4.9713,0.0000,4.8398,4.7423,5.0432,4.7190
3,332,18,40,1.5,7.4705,9.0936,9.4189,7.0189,6.7187,7.6658,7.1693,8.1004,7.7309
3,333,18,80,0.75,9.7794,11.2146,11.7106,9.1320,7.4188,10.0372,8.5933,9.1258,7.3962
3,334,18,80,1,11.1753,12.9314,12.0703,9.9076,9.4532,11.5530,10.5572,9.7791,9.0121
3,335,18,80,1.5,11.9117,13.0977,13.6835,11.3819,10.1206,11.6649,10.3162,10.6819,10.2919
3,336,18,160,0.75,18.4106,21.9000,22.9649,17.3296,13.9522,20.0683,14.9434,18.7665,14.6473
3,337,18,160,1,18.2879,23.4647,24.1900,17.2714,16.2793,21.2183,18.6618,19.2618,18.7134
3,338,18,160,1.5,22.3829,26.5530,27.2107,21.0888,20.3152,23.1858,19.9025,21.2000,20.4240
3,339,18,320,0.75,35.8187,44.8520,47.5236,33.3950,28.0124,39.7564,31.7788,36.5459,30.8690
3,340,18,320,1,41.0557,49.6696,52.5710,38.3548,34.2338,43.5766,37.6783,41.1359,37.3736
3,341,18,320,1.5,43.3098,52.9093,53.8536,40.5042,37.3797,45.0804,39.4365,42.5057,39.9859
3,342,19,10,0.75,0.7176,1.5130,2.5210,0.0000,0.0000,4.1522,0.0000,4.0644,3.6160
3,343,19,10,1,1.4192,1.9357,2.2339,4.4654,0.0000,0.0000,0.0000,0.0000,4.0725
3,344,19,10,1.5,1.6031,1.3011,2.1453,0.0000,0.0000,0.0000,0.0000,0.0000,4.0027
3,345,19,20,0.75,3.3362,4.0596,6.5223,0.0000,0.0000,0.0000,0.0000,4.7839,4.4628
3,346,19,20,1,3.4406,4.4250,4.3311,0.0000,4.2315,0.0000,4.0815,0.0000,0.0000
3,347,19,20,1.5,4.0678,4.3411,5.0274,4.2757,0.0000,4.0035,0.0000,0.0000,0.0000
3,348,19,40,0.75,5.1910,7.4092,9.2642,4.3884,0.0000,5.9221,5.5616,6.5065,5.7867
3,349,19,40,1,8.7605,8.7016,11.5587,6.0111,5.8838,6.4030,6.2125,7.2968,6.8494
3,350,19,40,1.5,7.2216,6.8668,10.5907,5.4969,5.1746,5.9786,5.4780,6.6941,6.3202
3,351,19,80,0.75,15.2422,16.2680,19.6913,11.3934,8.9660,11.9779,9.7958,13.9292,10.9484
3,352,19,80,1,15.9310,17.9818,21.3165,12.1716,10.7965,13.5218,12.1172,13.7527,12.3284
3,353,19,80,1.5,17.6288,18.7144,23.1829,13.9085,12.1152,14.6748,12.8243,15.9659,13.8923
3,354,19,160,0.75,29.5849,30.6895,37.5490,21.4608,17.5412,22.5585,18.3030,24.9046,19.8104
3,355,19,160,1,33.4125,35.3768,43.1827,23.7356,22.1137,24.3520,23.8874,28.0104,25.4440
3,356,19,160,1.5,36.1276,38.1991,48.1432,25.9820,23.5342,28.0356,26.2586,31.1301,27.6870
3,357,19,320,0.75,59.9318,64.8425,78.7287,43.1920,36.0519,46.1325,38.8508,51.0489,41.6398
3,358,19,320,1,67.7414,70.6624,85.4314,50.6373,46.8486,52.4224,47.8725,58.0906,52.9749
3,359,19,320,1.5,71.3182,74.2371,93.7812,53.3277,49.1597,54.5673,50.3512,61.6135,56.1243
3,360,20,10,0.75,1.0291,1.5349,2.6424,0.0000,0.0000,0.0000,0.0000,4.1692,3.9187
3,361,20,10,1,2.6221,2.5227,2.9357,0.0000,0.0000,0.0000,0.0000,0.0000,0.0000
3,362,20,10,1.5,1.1811,3.5353,2.9418,3.6637,3.4003,0.0000,3.8795,3.5701,0.0000
3,363,20,20,0.75,1.8989,4.6484,4.6733,4.3409,0.0000,4.3221,4.0864,4.4754,0.0000
3,364,20,20,1,2.5992,4.3691,3.9575,0.0000,0.0000,4.7737,4.1916,0.0000,0.0000
3,365,20,20,1.5,4.0384,6.4350,6.7030,4.3243,4.3549,6.4678,6.8289,6.7067,7.1638
3,366,20,40,0.75,3.7416,8.1093,7.6308,0.0000,0.0000,6.8555,6.0082,6.3572,5.8372
3,367,20,40,1,5.7383,9.3659,9.4399,5.1479,5.0062,8.0109,8.3547,7.4072,8.0410
3,368,20,40,1.5,7.3492,9.7540,10.8338,6.8443,7.0641,8.9186,9.5057,9.9427,10.7993
3,369,20,80,0.75,10.3425,18.0224,19.7640,10.4161,8.8510,16.0503,14.2963,17.4528,15.6446
3,370,20,80,1,12.3773,20.9084,22.1299,11.9813,11.5045,19.3161,19.0876,20.1081,20.4312
3,371,20,80,1.5,12.7511,23.1109,25.7764,11.6790,11.2525,19.9375,19.1258,21.8431,20.9123
3,372,20,160,0.75,20.6204,35.9430,37.7635,19.6941,16.4852,32.5903,28.1738,34.0240,29.5985
3,373,20,160,1,23.0417,39.4565,41.9678,21.1277,19.8357,34.5173,34.1170,37.3225,37.1003
3,374,20,160,1.5,23.9428,42.9261,46.7399,22.3931,21.2849,37.5982,36.9618,40.3549,40.3891
3,375,20,320,0.75,40.5435,73.3184,78.4255,38.9512,33.4713,65.6103,58.0824,69.5914,62.4688
3,376,20,320,1,46.5399,80.8558,86.8525,44.6079,42.6221,73.0858,72.3319,77.3568,78.0104
3,377,20,320,1.5,51.2539,87.4190,93.4533,48.0844,44.8412,77.9639,75.5974,81.8113,80.5386
3,378,21,10,0.75,1.7287,3.0764,3.5703,4.1891,4.0718,4.4129,4.1695,0.0000,0.0000
3,379,21,10,1,2.2286,3.8260,3.6570,0.0000,0.0000,0.0000,0.0000,0.0000,0.0000
3,380,21,10,1.5,0.1194,0.6157,2.5736,0.0000,0.0000,0.0000,4.3609,4.4397,0.0000
3,381,21,20,0.75,5.3103,5.2686,7.0880,4.3496,3.4929,4.5858,4.3767,5.7087,5.5455
3,382,21,20,1,2.7763,4.5207,5.8692,4.3185,3.9546,4.8755,4.6817,5.1967,5.1574
3,383,21,20,1.5,5.1216,6.4522,8.5071,4.4638,0.0000,5.6656,5.1831,6.0930,6.4142
3,384,21,40,0.75,8.5829,11.8140,12.7455,7.4126,6.8583,10.8428,9.3847,9.1235,8.7867
3,385,21,40,1,8.7940,10.1663,13.6227,7.4734,7.1908,8.5794,8.5343,8.3922,9.2743
3,386,21,40,1.5,9.7325,11.8336,15.3425,6.6524,6.9867,8.9672,9.6845,8.6387,9.7701
3,387,21,80,0.75,17.1923,20.2994,23.7654,14.1810,12.8827,16.6668,15.4255,15.1537,15.0461
3,388,21,80,1,16.7530,23.4769,28.9477,13.8790,13.8563,19.0820,19.3926,18.6055,20.2266
3,389,21,80,1.5,19.0955,23.2999,30.0191,14.0813,14.7774,18.7846,19.8542,17.9854,20.9044
3,390,21,160,0.75,30.8122,39.2032,49.8783,24.6589,21.7728,30.3758,28.3625,30.5245,30.2550
3,391,21,160,1,35.3235,44.8943,55.4180,26.9560,27.2681,34.6794,35.1464,34.3281,37.5137
3,392,21,160,1.5,37.7141,47.5356,60.9653,26.9309,27.0771,35.6118,37.0539,35.2628,38.9562
3,393,21,320,0.75,62.0516,79.9548,99.6568,48.9256,44.1053,61.3512,56.7179,60.5681,59.4645
3,394,21,320,1,68.8454,89.6418,110.7985,53.7229,53.6065,69.3370,71.1106,68.5636,75.2983
3,395,21,320,1.5,77.6994,96.9253,122.0240,56.8043,56.1803,73.1882,75.3155,72.2268,79.9277
3,396,22,10,0.75,0.9203,1.5898,3.9303,4.5778,4.0253,4.0297,0.0000,4.1804,4.3784
3,397,22,10,1,2.9377,2.3749,2.6342,0.0000,3.9295,4.6015,4.5540,3.9917,0.0000
3,398,22,10,1.5,0.9119,1.9111,1.9259,0.0000,0.0000,0.0000,0.0000,0.0000,0.0000
3,399,22,20,0.75,0.8261,2.2307,3.3891,0.0000,0.0000,0.0000,0.0000,0.0000,0.0000
3,400,22,20,1,3.0887,3.9908,6.2386,0.0000,0.0000,4.2320,4.0862,5.2677,5.2853
3,401,22,20,1.5,2.7102,4.0872,5.9497,0.0000,0.0000,0.0000,0.0000,4.9990,5.5161
3,402,22,40,0.75,5.3962,8.0090,11.3271,5.0924,4.3300,6.9239,5.3068,8.6613,7.5358
3,403,22,40,1,7.0398,8.7571,11.3048,7.3036,6.5827,8.3781,8.1613,8.8178,9.1259
3,404,22,40,1.5,6.7123,7.7938,12.1262,5.7346,5.5444,7.0561,6.6254,9.1364,9.0042
3,405,22,80,0.75,11.2497,14.6513,22.7962,9.8653,8.6628,12.4329,10.8623,18.5021,17.1886
3,406,22,80,1,12.6851,15.1971,22.8662,11.7738,12.1450,12.7202,12.8284,18.2652,19.2635
3,407,22,80,1.5,14.6572,16.5723,24.5270,12.6327,13.1596,13.8604,13.8079,20.8106,21.4309
3,408,22,160,0.75,22.6736,28.8925,41.4769,19.8318,17.4164,24.8077,20.6296,33.8780,31.5271
3,409,22,160,1,28.0056,31.9555,46.0100,24.3843,24.6782,26.7900,25.7113,38.9281,39.4036
3,410,22,160,1.5,28.4075,32.7788,49.8828,24.6242,25.1922,27.8115,27.8076,41.3180,42.0228
3,411,22,320,0.75,48.3005,56.8393,83.9701,41.7157,37.8990,47.0079,40.2656,68.6004,63.4252
3,412,22,320,1,51.6055,61.2752,93.1506,44.5608,44.4302,52.5657,49.9129,76.0094,78.1933
3,413,22,320,1.5,58.3885,66.9049,98.6509,50.8259,50.5921,56.4735,54.7370,80.8773,82.9521
3,414,23,10,0.75,1.8133,1.9210,2.2311,4.0141,0.0000,0.0000,0.0000,4.2197,4.1763
3,415,23,10,1,-0.3026,1.3897,1.4832,0.0000,0.0000,4.8415,4.5018,0.0000,0.0000
3,416,23,10,1.5,0.3569,2.1074,2.0288,0.0000,0.0000,0.0000,0.0000,4.5003,3.4970
3,417,23,20,0.75,1.7809,3.0378,2.7498,0.0000,0.0000,4.3107,4.6857,0.0000,0.0000
3,418,23,20,1,2.6735,4.4803,3.6120,0.0000,4.1918,4.9464,4.4336,0.0000,0.0000
3,419,23,20,1.5,0.2399,2.3691,2.7830,0.0000,0.0000,0.0000,0.0000,0.0000,0.0000
3,420,23,40,0.75,4.4823,6.6614,7.8883,4.5404,0.0000,6.6873,6.5337,7.4540,7.1332
3,421,23,40,1,5.9717,9.1469,8.6045,5.7552,5.7553,8.0444,8.8253,7.9631,7.9379
3,422,23,40,1.5,5.5625,8.9317,8.6150,5.6473,4.9553,8.4118,8.1747,8.0027,7.1655
3,423,23,80,0.75,8.5934,13.9434,14.1812,8.7185,6.9935,13.3625,11.6384,13.1116,11.4560
3,424,23,80,1,10.8863,13.5321,14.0856,10.9439,9.9385,12.9673,12.7157,13.5802,12.9880
3,425,23,80,1.5,10.7241,15.3114,15.7543,10.7737,11.0991,14.4225,15.0426,14.3466,15.0618
3,426,23,160,0.75,13.5314,22.1512,23.9318,13.1911,11.1159,20.3878,18.9726,21.8355,20.2220
3,427,23,160,1,20.2380,29.8377,31.7530,19.7738,18.7557,28.2290,28.0473,29.7105,28.9841
3,428,23,160,1.5,21.1347,30.4884,32.3532,20.8707,18.9929,29.1523,27.8632,30.3005,27.8605
3,429,23,320,0.75,34.9875,51.3926,54.2012,34.6633,29.8018,49.0601,43.6777,51.3250,45.0135
3,430,23,320,1,40.0965,58.1723,60.9084,39.6459,37.8084,55.7120,54.6026,57.7260,56.0552
3,431,23,320,1.5,42.0708,61.3854,65.3973,41.3262,38.7193,57.8017,57.0115,60.2448,57.8321
3,432,24,10,0.75,1.4219,2.0461,1.4447,0.0000,4.0299,3.9885,0.0000,0.0000,0.0000
3,433,24,10,1,2.6011,2.7268,2.5491,0.0000,0.0000,0.0000,3.8858,0.0000,0.0000
3,434,24,10,1.5,1.7309,1.8695,2.2499,3.3941,3.1386,0.0000,0.0000,3.5337,3.4773
3,435,24,20,0.75,2.4987,2.2368,2.6460,0.0000,0.0000,0.0000,0.0000,0.0000,0.0000
3,436,24,20,1,2.9345,3.5679,3.7849,4.0127,3.7294,0.0000,4.6033,0.0000,4.5247
3,437,24,20,1.5,3.5142,3.3158,4.0893,0.0000,0.0000,4.3723,4.3040,4.4252,0.0000
3,438,24,40,0.75,4.9701,4.8119,5.2132,4.7421,4.8722,0.0000,4.8639,0.0000,5.0307
3,439,24,40,1,4.6734,6.0879,6.3402,4.3786,4.2387,5.1535,4.7778,4.8353,4.8386
3,440,24,40,1.5,6.1251,7.1575,7.5867,5.4969,4.6901,6.2890,6.0874,6.5983,5.9232
3,441,24,80,0.75,9.6297,11.0251,11.4239,9.1434,7.7887,10.0564,8.3943,10.0362,8.5034
3,442,24,80,1,9.7360,11.2701,11.9071,8.5318,8.4631,9.4241,9.0954,9.9201,9.7016
3,443,24,80,1.5,11.2735,12.9800,13.5820,9.8186,9.2125,11.2088,10.9550,11.3232,11.0126
3,444,24,160,0.75,21.2282,22.5889,23.5929,19.8089,16.7268,21.1925,17.8219,21.6904,18.4464
3,445,24,160,1,22.8158,24.4314,25.1770,20.9958,20.6570,22.5332,22.0120,22.7324,22.3960
3,446,24,160,1.5,23.4542,25.7515,26.6240,21.7469,20.8756,23.5847,22.9494,23.7569,23.3469
3,447,24,320,0.75,43.7797,47.0753,48.8616,40.1741,34.5801,43.5705,37.0252,44.2171,37.7762
3,448,24,320,1,46.4704,52.4107,53.4206,42.4838,41.6345,47.6978,46.9507,47.3178,46.6615
3,449,24,320,1.5,47.1670,51.7038,53.6750,43.4497,42.2444,47.6318,46.5936,47.8975,47.4248
3,450,25,10,0.75,0.7822,0.7474,1.5544,0.0000,0.0000,0.0000,0.0000,4.1996,4.2925
3,451,25,10,1,0.6822,1.2619,1.2209,4.2715,4.3906,0.0000,4.0637,5.0064,4.9621
3,452,25,10,1.5,0.0571,2.1825,2.3410,0.0000,0.0000,0.0000,0.0000,0.0000,0.0000
3,453,25,20,0.75,2.6700,4.0517,4.7395,0.0000,3.7062,0.0000,4.5569,4.6160,4.4508
3,454,25,20,1,4.9351,6.2450,6.1583,4.9326,5.0968,5.6351,5.6107,5.7709,6.0084
3,455,25,20,1.5,4.4267,5.7059,6.9280,4.6522,4.6131,5.0550,4.9185,5.6246,6.2112
3,456,25,40,0.75,5.4505,7.7684,7.7970,5.2777,5.2798,6.5329,5.9462,7.1651,6.3691
3,457,25,40,1,8.4475,11.0803,13.2834,8.1336,8.2278,10.1683,9.9578,11.3750,11.5697
3,458,25,40,1.5,8.8102,11.1318,12.8576,7.7680,7.8732,9.3520,10.0727,10.4435,11.0065
3,459,25,80,0.75,15.7248,20.5494,22.8413,13.8831,13.1500,16.9931,15.5908,19.0581,17.7865
3,460,25,80,1,15.5106,20.7933,24.2354,14.3859,14.7599,17.8414,18.2201,19.7343,20.5345
3,461,25,80,1.5,18.6088,24.4341,28.2216,16.0902,16.1962,19.9956,19.9869,23.0587,23.1461
3,462,25,160,0.75,28.6600,39.4719,44.4331,25.6627,22.7772,32.2504,29.3702,36.4314,33.7521
3,463,25,160,1,32.4937,46.3674,51.4084,29.0819,28.5171,38.0339,38.3047,42.2467,42.6906
3,464,25,160,1.5,36.5767,48.9394,55.9204,32.9415,32.5145,41.1242,40.9205,46.5260,46.9005
3,465,25,320,0.75,60.4837,83.0549,93.2238,53.1030,47.5739,67.6831,61.0150,76.5226,69.5139
3,466,25,320,1,66.7331,90.0270,102.0599,58.5335,58.3521,74.1015,74.3451,84.0550,85.4428
3,467,25,320,1.5,73.3123,96.8733,109.1486,63.0291,63.7270,79.4223,80.4964,88.1075,90.3617
3,468,26,10,0.75,4.6462,5.1631,5.7660,0.0000,0.0000,0.0000,4.5333,0.0000,0.0000
3,469,26,10,1,4.3560,4.7664,5.8960,5.0849,4.8867,4.7982,4.9107,0.0000,4.0898
3,470,26,10,1.5,3.6559,4.8974,5.6467,4.2733,0.0000,0.0000,0.0000,0.0000,0.0000
3,471,26,20,0.75,4.4947,7.0677,10.4729,0.0000,0.0000,5.1366,4.8418,0.0000,4.3927
3,472,26,20,1,7.5178,9.5378,10.9559,6.2270,6.4103,8.8773,8.9567,7.7639,8.6225
3,473,26,20,1.5,7.1104,9.3057,11.4705,0.0000,5.5572,7.6360,8.1544,6.3590,7.4805
3,474,26,40,0.75,12.1201,15.6399,18.9011,9.3205,8.4006,12.7603,11.5808,9.0738,9.6374
3,475,26,40,1,13.5713,18.3539,20.4413,8.4112,9.6025,13.2846,13.8970,9.7135,10.6142
3,476,26,40,1.5,15.0740,18.0894,22.6365,10.8566,11.1067,14.4506,14.9797,12.5949,13.3506
3,477,26,80,0.75,23.3553,31.7227,38.3019,18.1438,16.1313,25.9446,22.7950,21.9939,20.4059
3,478,26,80,1,26.5932,34.2386,40.6695,18.8046,19.0244,27.2809,27.2855,22.0278,23.6198
3,479,26,80,1.5,28.2957,35.7021,43.9198,20.9594,20.7964,27.7180,27.0524,23.3024,23.9106
3,480,26,160,0.75,46.3439,61.8090,72.2925,34.9460,31.6473,49.8696,44.6854,39.7816,38.6807
3,481,26,160,1,52.5162,66.5802,78.8652,38.1938,38.6777,52.7583,52.9773,41.0610,45.5903
3,482,26,160,1.5,57.5422,73.8009,88.4467,42.9530,42.6444,59.2340,58.5112,48.6155,51.1742
3,483,26,320,0.75,93.0957,123.7817,143.7715,70.6702,63.1892,100.6891,89.4156,80.5002,78.7572
3,484,26,320,1,103.5479,134.4684,158.6205,76.2796,76.4265,107.3079,107.2919,86.7511,93.8334
3,485,26,320,1.5,113.7272,144.9910,173.8599,83.2019,82.7458,114.4236,113.5627,92.7341,98.2174
3,486,27,10,0.75,4.0934,4.7869,4.1966,4.3030,0.0000,0.0000,3.6193,0.0000,4.2310
3,487,27,10,1,2.7185,3.0314,4.0689,5.4025,5.1548,4.1427,0.0000,0.0000,0.0000
3,488,27,10,1.5,1.1014,1.5460,3.3972,0.0000,0.0000,0.0000,0.0000,0.0000,3.6064
3,489,27,20,0.75,3.9038,3.3813,5.0678,4.2455,4.4764,3.8995,4.1800,0.0000,3.8048
3,490,27,20,1,4.8542,3.6887,5.6344,0.0000,3.8930,0.0000,0.0000,0.0000,4.4686
3,491,27,20,1.5,3.9888,4.1884,7.0714,5.3230,4.9317,4.0091,4.4073,0.0000,0.0000
3,492,27,40,0.75,7.6242,7.5443,11.7377,5.3430,4.8181,5.0984,0.0000,6.7561,5.5859
3,493,27,40,1,8.8389,8.5913,12.3069,7.2355,6.8221,6.5126,6.7123,5.8634,5.7055
3,494,27,40,1.5,10.3478,9.6185,13.7435,7.0950,6.8999,6.2051,6.0203,7.4852,7.5577
3,495,27,80,0.75,15.7994,16.3733,22.6866,10.6750,9.8504,10.3534,9.9774,12.8067,11.1518
3,496,27,80,1,16.4856,17.2512,24.6232,9.5772,9.0408,10.5575,9.9749,11.4979,11.4255
3,497,27,80,1.5,21.8202,19.6787,28.8583,14.2908,13.7915,13.2245,12.5392,16.5792,16.3639
3,498,27,160,0.75,32.2772,31.6691,44.4230,19.5467,17.5455,19.8064,17.1444,20.7010,18.0457
3,499,27,160,1,36.5586,35.5341,49.0571,24.1615,24.1923,22.6316,22.8604,25.5862,25.0182
3,500,27,160,1.5,38.7292,36.7371,54.4700,24.1695,24.2262,22.2092,22.5353,25.9874,25.6711
3,501,27,320,0.75,63.6911,61.9874,87.2096,40.8139,37.1134,38.0177,34.7259,45.9519,40.8870
3,502,27,320,1,71.2347,70.0608,99.3546,45.1799,45.2008,42.3570,43.3478,51.7987,51.0424
3,503,27,320,1.5,77.7901,76.1407,110.3965,46.7576,46.4933,43.1852,43.0615,53.7184,52.6280
3,504,28,10,0.75,0.6387,0.1111,0.6798,0.0000,0.0000,0.0000,0.0000,4.6665,4.2337
3,505,28,10,1,2.4492,1.2863,2.9344,0.0000,0.0000,4.1463,3.9474,0.0000,0.0000
3,506,28,10,1.5,2.6919,3.1841,4.2359,0.0000,0.0000,4.1327,0.0000,4.4995,4.1539
3,507,28,20,0.75,5.0947,4.2070,4.9596,4.8618,0.0000,0.0000,0.0000,0.0000,0.0000
3,508,28,20,1,5.5577,5.1080,5.6521,5.2487,5.1513,0.0000,0.0000,4.9458,4.6306
3,509,28,20,1.5,5.1772,6.0389,8.9616,5.0114,0.0000,4.6185,0.0000,6.0480,5.3475
3,510,28,40,0.75,7.2060,7.7242,11.7008,6.2200,5.3932,6.4870,5.1130,9.4004,7.3757
3,511,28,40,1,7.9976,8.7975,13.0019,7.2472,7.3771,8.0776,8.2766,10.3253,10.7220
3,512,28,40,1.5,8.7543,9.7819,12.8024,7.6850,7.4009,7.1927,6.3198,9.3105,8.6937
3,513,28,80,0.75,15.0755,16.4790,20.9150,12.6522,10.7810,13.0055,10.7010,16.3123,13.4605
3,514,28,80,1,15.3057,18.1200,24.8645,12.3345,12.7241,14.0496,13.4060,18.1273,17.5115
3,515,28,80,1.5,16.3900,19.0337,25.6712,14.0113,14.0036,14.0135,13.0839,18.1394,18.1664
3,516,28,160,0.75,29.5143,35.1372,45.0952,24.6551,21.4177,24.7393,20.7970,31.5202,28.0113
3,517,28,160,1,31.5488,37.1908,48.4915,27.2209,26.1414,27.4838,25.2396,34.9365,32.4498
3,518,28,160,1.5,37.1268,42.9352,54.6669,31.6789,30.0537,30.0578,27.3826,38.4636,36.4142
3,519,28,320,0.75,59.1126,68.9983,90.1106,49.4343,43.4804,49.8467,41.8181,63.2501,54.7445
3,520,28,320,1,66.0869,76.3867,99.4243,55.0236,52.7869,56.4378,53.2055,71.8143,68.6527
3,521,28,320,1.5,70.4093,79.9422,105.5820,60.0766,57.1674,57.8081,54.0005,75.6067,74.4602
3,522,29,10,0.75,2.5056,3.4516,3.6366,4.1611,4.2031,0.0000,3.8365,4.4048,4.2415
3,523,29,10,1,4.3902,5.1434,5.2500,4.7236,4.7544,0.0000,5.0807,4.3156,5.7439
3,524,29,10,1.5,2.0786,3.9970,3.5646,0.0000,4.1862,3.9533,0.0000,4.1131,3.6466
3,525,29,20,0.75,4.2469,5.9392,6.4919,0.0000,0.0000,5.0455,4.7738,4.9410,4.6552
3,526,29,20,1,5.6797,7.8908,8.2570,4.8437,5.2681,6.6291,6.9979,5.7467,6.9042
3,527,29,20,1.5,5.4578,9.4688,9.9507,5.1208,5.5422,7.6290,8.2490,7.9552,8.2334
3,528,29,40,0.75,8.6274,15.1486,16.3850,8.0754,8.3819,12.3800,12.6712,11.1985,12.4167
3,529,29,40,1,7.6070,14.0440,15.7688,6.6882,7.0313,11.5806,12.8828,9.1503,12.0152
3,530,29,40,1.5,9.4633,16.9754,17.3747,7.8959,7.7117,13.5966,14.3924,10.6514,13.3998
3,531,29,80,0.75,17.8298,29.3784,31.7346,15.9898,15.7948,23.4976,23.4689,19.2756,23.0904
3,532,29,80,1,18.4519,29.5555,31.9346,15.6826,16.6529,23.5667,25.4634,20.3346,25.9296
3,533,29,80,1.5,20.5139,32.4313,36.2089,16.4131,17.5000,25.4876,28.0148,22.1966,27.9624
3,534,29,160,0.75,32.4432,54.8566,59.7802,28.0458,27.4202,43.9645,43.8995,36.8921,42.6443
3,535,29,160,1,37.9133,62.6241,67.8062,31.5796,34.6860,49.2241,54.5455,42.5179,54.6228
3,536,29,160,1.5,41.3251,67.0047,74.5771,35.7138,38.7288,54.5001,60.2930,47.9338,60.2957
3,537,29,320,0.75,66.4728,110.9556,121.7027,56.8638,55.7862,87.8558,89.4484,76.2072,88.9446
3,538,29,320,1,74.7446,122.3445,133.7641,64.0797,69.7281,97.4076,109.0383,84.9038,108.8356
3,539,29,320,1.5,83.4946,132.8325,146.5065,70.8511,76.6002,106.6376,117.7931,94.6527,117.6807
3,540,30,10,0.75,3.0532,2.2028,3.2713,3.2187,0.0000,0.0000,4.2672,0.0000,4.0926
3,541,30,10,1,3.0704,2.1722,2.2656,4.6352,4.4622,4.6381,4.5945,0.0000,0.0000
3,542,30,10,1.5,2.6445,3.4442,5.2103,4.2942,4.1156,0.0000,5.0878,4.8737,4.9581
3,543,30,20,0.75,4.1584,3.9050,7.1184,0.0000,0.0000,0.0000,0.0000,6.0625,5.7941
3,544,30,20,1,5.7382,6.2280,9.4291,5.4213,5.3322,6.5467,6.3186,7.7565,7.6049
3,545,30,20,1.5,7.5668,8.9215,8.9143,7.2003,7.3444,8.9047,8.4549,8.9503,8.5526
3,546,30,40,0.75,11.8177,11.1914,15.5387,11.5308,10.1148,10.6544,9.2189,13.6714,11.7238
3,547,30,40,1,10.9049,10.4329,15.5831,10.3203,9.9449,9.4698,9.5766,13.2265,12.6642
3,548,30,40,1.5,12.2500,12.9454,16.4762,11.3767,11.8123,12.1813,12.2337,14.0737,14.2610
3,549,30,80,0.75,20.4580,18.6585,29.7567,19.8899,18.2042,16.8362,14.8171,25.0700,22.1125
3,550,30,80,1,22.0450,20.6245,30.8334,20.2422,19.2002,18.6599,18.6236,25.3257,24.2013
3,551,30,80,1.5,25.5728,22.5916,33.1710,23.4618,22.7351,20.2334,20.0887,27.5170,27.8243
3,552,30,160,0.75,41.2547,38.8608,56.1468,37.3631,32.8958,35.3106,30.5164,46.3996,39.9555
3,553,30,160,1,46.7433,42.3021,63.5253,42.7180,40.6321,38.0790,37.5292,52.2015,49.6520
3,554,30,160,1.5,50.3095,44.9444,66.6954,46.1665,43.4965,39.9355,39.8990,55.9636,53.6714
3,555,30,320,0.75,83.5757,77.6534,114.3076,77.1425,66.4797,69.3283,60.6884,94.9359,81.2912
3,556,30,320,1,91.1102,85.9903,126.4568,82.1355,80.2212,77.9187,77.1029,103.6992,99.6653
3,557,30,320,1.5,101.2773,91.9608,135.7087,91.5299,88.7686,84.1074,81.4961,111.6378,109.1197
3,558,31,10,0.75,1.5699,0.8653,2.8555,0.0000,0.0000,0.0000,0.0000,0.0000,0.0000
3,559,31,10,1,1.7913,2.4978,3.1857,0.0000,0.0000,0.0000,0.0000,3.9851,4.0615
3,560,31,10,1.5,1.3341,3.1990,1.8677,0.0000,0.0000,0.0000,0.0000,0.0000,0.0000
3,561,31,20,0.75,3.6909,4.0194,6.7607,0.0000,0.0000,4.1181,3.9346,6.0914,5.1300
3,562,31,20,1,2.1926,4.0908,5.0422,4.5188,0.0000,4.7799,4.0740,4.5885,4.4612
3,563,31,20,1.5,3.7052,5.3475,7.1856,0.0000,0.0000,0.0000,4.6545,5.1749,5.6202
3,564,31,40,0.75,5.5236,9.4897,11.8660,5.4262,5.0678,8.3256,8.1879,9.5210,8.9671
3,565,31,40,1,7.1794,9.8373,11.5117,6.3030,6.2311,8.5586,8.7291,9.5553,9.7666
3,566,31,40,1.5,6.0231,9.0653,11.6960,5.6106,5.5424,7.6750,8.4962,9.1057,9.9014
3,567,31,80,0.75,11.0206,15.8933,19.5076,10.0756,9.1293,14.3391,12.5657,16.0893,14.0762
3,568,31,80,1,14.3111,18.7100,23.9572,12.5380,12.6917,16.3777,15.8613,19.9375,18.9087
3,569,31,80,1.5,13.5258,19.6136,23.7547,12.0428,11.9807,17.0197,16.7639,19.4508,19.3024
3,570,31,160,0.75,24.8084,33.4146,41.4590,22.6170,20.7838,29.9021,27.4977,34.8607,31.6617
3,571,31,160,1,26.4149,36.7494,45.2960,23.5167,23.3236,33.1332,32.9088,38.0076,36.9952
3,572,31,160,1.5,27.6448,40.4489,49.8067,25.5073,25.5923,36.5807,36.2383,41.5939,40.3438
3,573,31,320,0.75,46.5487,66.6479,81.3156,43.0555,37.4511,60.2687,52.2314,68.2164,58.9475
3,574,31,320,1,53.2571,74.2562,90.1875,48.4936,47.1348,67.2172,65.6577,75.4376,73.9205
3,575,31,320,1.5,57.6020,81.4369,100.6865,51.5637,51.4545,72.5185,70.6810,82.1425,79.5074
3,576,32,10,0.75,1.3275,3.3791,3.9297,4.2667,0.0000,0.0000,0.0000,0.0000,3.7711
3,577,32,10,1,3.8099,5.1534,5.0085,0.0000,3.7040,4.6428,4.3392,4.8346,4.1280
3,578,32,10,1.5,5.2015,6.8293,6.4441,4.5166,4.0369,6.1250,5.5630,6.1759,5.6462
3,579,32,20,0.75,6.0965,8.1804,6.3594,5.1020,4.7750,6.0859,5.2942,6.1694,5.3535
3,580,32,20,1,5.3192,7.5180,7.8053,5.1497,4.5894,6.1088,5.5529,6.4251,5.8149
3,581,32,20,1.5,6.0727,7.3559,8.1429,4.6417,4.4401,5.5674,5.3295,6.0206,5.8817
3,582,32,40,0.75,7.4289,13.2127,12.7375,5.9326,5.6157,8.5094,6.7015,8.8440,7.3147
3,583,32,40,1,9.8397,15.1535,16.5279,8.9958,8.6909,11.2388,10.5569,11.8283,11.7047
3,584,32,40,1.5,10.3670,16.2177,16.7156,9.1617,8.5952,11.9217,11.3137,12.3554,11.6439
3,585,32,80,0.75,17.6817,28.8127,28.2206,15.0854,12.9377,20.1499,17.3352,20.6165,17.3903
3,586,32,80,1,20.4879,31.9907,31.4465,17.4909,16.6742,22.8760,22.1499,23.4369,22.4155
3,587,32,80,1.5,20.8794,33.5323,31.8599,18.2677,17.4631,22.6568,22.1122,23.2949,22.4420
3,588,32,160,0.75,35.5300,56.3590,55.4032,32.1895,27.3566,41.9011,35.7219,42.4398,36.0998
3,589,32,160,1,38.6863,61.9284,61.4306,34.0610,32.9957,43.8281,42.3247,44.9306,42.9820
3,590,32,160,1.5,41.0701,66.3956,65.3433,34.8819,34.3461,45.1873,43.6560,46.7708,45.0921
3,591,32,320,0.75,70.3293,110.8281,109.5077,62.0700,53.1371,81.0253,69.1923,83.2075,70.1978
3,592,32,320,1,76.0609,120.3050,120.2685,66.9187,64.4979,86.0517,83.0020,89.2403,85.2013
3,593,32,320,1.5,81.6479,133.2292,134.3773,70.1595,67.6029,91.2085,87.2452,95.1716,90.2571
3,594,33,10,0.75,1.5504,4.8792,4.7146,0.0000,0.0000,4.5371,4.4991,0.0000,0.0000
3,595,33,10,1,1.6948,4.7401,5.9320,0.0000,4.5095,0.0000,4.5875,4.5569,5.2344
3,596,33,10,1.5,1.2562,4.6313,5.9190,4.5353,4.2507,4.2468,0.0000,5.2452,5.4984
3,597,33,20,0.75,4.8271,10.1629,9.3282,4.4351,0.0000,9.1296,8.3792,7.3870,7.0073
3,598,33,20,1,4.5349,9.4002,10.6110,0.0000,0.0000,8.6279,8.6186,8.1692,9.3893
3,599,33,20,1.5,6.1730,10.4457,11.8972,4.7182,5.0858,9.1489,9.0290,9.1550,9.9561
3,600,33,40,0.75,6.7207,17.0285,18.8081,6.0957,4.8757,15.5204,14.3905,14.5964,14.7920
3,601,33,40,1,8.1268,19.2251,19.6469,7.1600,6.9678,17.2179,16.8393,15.3839,15.3594
3,602,33,40,1.5,9.2919,21.1054,23.3492,7.6573,7.0576,19.4591,18.6155,19.4492,19.1026
3,603,33,80,0.75,15.7762,35.5986,37.7273,13.0196,12.8217,32.6640,30.0232,29.9480,29.2822
3,604,33,80,1,18.2015,39.4976,39.6049,15.0074,16.0681,35.7411,35.4742,30.7350,31.5987
3,605,33,80,1.5,19.2819,42.6502,44.1836,15.7404,16.8478,39.0224,38.0571,35.7595,36.6433
3,606,33,160,0.75,31.3541,69.5396,71.8446,27.4822,25.8441,63.2615,56.2206,58.4458,54.2081
3,607,33,160,1,35.2612,77.8096,81.3861,28.7971,30.1182,71.4749,71.1889,65.3451,69.3397
3,608,33,160,1.5,39.1725,83.7143,89.2351,32.1529,34.3241,76.2713,74.9326,71.1862,74.1243
3,609,33,320,0.75,63.6821,139.3600,144.5476,54.4250,51.0155,127.1622,113.0658,115.5370,109.5504
3,610,33,320,1,69.8746,154.8165,163.5287,58.1026,61.1485,140.6362,138.1226,129.1047,136.0946
3,611,33,320,1.5,75.9093,166.3580,176.9702,62.7876,65.0861,151.2922,145.8591,141.8417,145.7647
3,612,34,10,0.75,2.0812,4.6013,5.4149,3.3802,0.0000,4.0787,0.0000,4.7342,4.5583
3,613,34,10,1,3.4179,6.4279,6.7414,0.0000,4.4626,5.7164,5.6225,5.9709,5.7582
3,614,34,10,1.5,3.3058,4.9378,5.1487,3.8944,4.0388,4.3718,0.0000,4.9035,4.9280
3,615,34,20,0.75,6.5464,10.0685,8.4372,6.3525,5.5551,9.2038,8.1180,6.5722,5.8298
3,616,34,20,1,7.6980,9.8298,10.1329,6.2725,5.9475,8.9714,8.3210,7.6081,7.4125
3,617,34,20,1.5,8.2868,11.2303,12.0856,7.0053,6.3429,10.0872,8.7641,8.2963,7.7088
3,618,34,40,0.75,12.1224,16.6667,17.4001,9.2880,7.9494,14.6872,12.2485,12.0729,10.2669
3,619,34,40,1,14.5961,18.4021,19.8953,12.4667,12.1043,16.3302,15.8006,14.2896,13.8901
3,620,34,40,1.5,15.9381,20.3204,22.3284,13.5176,13.6271,18.2118,18.2294,15.1310,15.7617
3,621,34,80,0.75,22.9096,33.4837,35.1261,19.1079,16.5289,29.7967,26.6686,24.5830,22.1607
3,622,34,80,1,26.3672,38.5007,39.6427,22.9380,22.1918,34.2860,33.5211,27.7692,27.1019
3,623,34,80,1.5,28.9247,42.4565,43.3782,24.8683,23.1094,37.3879,35.1130,30.7790,29.1169
3,624,34,160,0.75,45.9111,68.5477,71.2982,40.3922,34.6780,61.2075,53.1182,49.4830,43.8285
3,625,34,160,1,51.6172,76.7457,77.4418,44.2147,42.6931,67.5880,66.3093,55.2735,54.7329
3,626,34,160,1.5,55.0920,78.2472,82.7588,45.6312,43.6587,68.5900,66.2945,57.1114,56.5174
3,627,34,320,0.75,90.8017,135.2482,137.6696,78.4034,68.3003,119.4091,104.5547,94.9190,85.1024
3,628,34,320,1,103.4523,150.0802,156.5507,89.4225,86.3298,133.1198,130.1549,107.7394,105.9716
3,629,34,320,1.5,114.2027,161.1075,170.8640,96.5322,92.4730,142.0932,137.9564,117.6222,114.5640
3,630,35,10,0.75,1.1002,0.9261,1.6074,0.0000,0.0000,0.0000,0.0000,0.0000,0.0000
3,631,35,10,1,2.5282,2.2733,2.0895,4.1977,4.3238,0.0000,0.0000,0.0000,0.0000
3,632,35,10,1.5,2.3897,3.1643,3.0026,0.0000,4.1087,0.0000,0.0000,4.1660,0.0000
3,633,35,20,0.75,3.8121,4.1843,4.3021,4.4059,0.0000,0.0000,3.6202,4.2843,0.0000
3,634,35,20,1,2.6293,4.0157,4.9914,0.0000,0.0000,0.0000,4.4360,5.0179,5.4784
3,635,35,20,1.5,3.5356,4.7855,5.5362,0.0000,0.0000,4.5500,4.6696,5.3906,5.3508
3,636,35,40,0.75,7.2056,6.6303,7.6785,7.1091,7.3881,7.0950,7.0211,7.7718,7.5911
3,637,35,40,1,5.5757,7.4460,7.7010,5.9130,6.2411,7.2578,7.0632,7.6095,7.3340
3,638,35,40,1.5,6.4815,8.7978,9.9463,6.4983,6.7019,8.3947,7.7614,9.5632,8.1445
3,639,35,80,0.75,10.6225,14.4168,16.5738,10.4869,8.7635,14.4121,12.4322,15.5792,13.3606
3,640,35,80,1,10.7251,15.9269,18.2089,10.4678,10.1593,15.7212,14.2208,17.2387,16.1734
3,641,35,80,1.5,11.6128,15.2096,17.8185,11.5271,11.2099,14.6507,13.7458,17.1697,15.8715
3,642,35,160,0.75,22.1900,27.6555,32.5368,22.2061,18.8691,27.7419,23.1844,31.1675,26.3619
3,643,35,160,1,22.6092,30.6070,35.2336,22.2520,21.6483,29.9994,29.1133,33.1298,31.7863
3,644,35,160,1.5,25.5089,33.9525,38.3623,25.3907,23.3530,32.8287,30.2988,36.5990,34.2635
3,645,35,320,0.75,42.7960,56.4081,62.8938,42.4479,37.1337,55.4221,46.9498,60.2244,51.3481
3,646,35,320,1,46.4576,60.8548,70.4605,45.9067,43.8577,59.0643,56.2216,66.4944,63.1497
3,647,35,320,1.5,50.3515,64.1057,76.2432,50.0443,46.9635,61.3716,56.8359,72.9715,67.0639
4,0,0,10,0.75,0.0351,-0.5260,2.6061,0.0000,0.0000,4.5109,4.4713,4.4858,4.0333
4,1,0,10,1,0.1690,-0.0782,1.2407,0.0000,0.0000,0.0000,0.0000,0.0000,0.0000
4,2,0,10,1.5,-0.0840,-0.1850,1.9471,0.0000,4.1584,0.0000,0.0000,0.0000,0.0000
4,3,0,20,0.75,0.3965,1.0122,0.2939,4.2638,4.4211,0.0000,0.0000,0.0000,0.0000
4,4,0,20,1,-0.4573,2.5256,2.1612,0.0000,0.0000,4.6017,0.0000,3.3749,0.0000
4,5,0,20,1.5,-0.1654,0.6345,1.9144,0.0000,0.0000,4.3579,4.1955,0.0000,3.5242
4,6,0,40,0.75,1.3899,2.7837,1.8717,0.0000,3.6130,0.0000,0.0000,0.0000,4.5744
4,7,0,40,1,0.1694,1.3551,1.8888,0.0000,0.0000,4.4501,0.0000,0.0000,0.0000
4,8,0,40,1.5,2.7000,2.2565,2.5030,0.0000,0.0000,4.0461,3.8059,0.0000,0.0000
4,9,0,80,0.75,1.8633,3.6445,4.5512,4.3062,4.2294,4.1090,3.9905,0.0000,3.7230
4,10,0,80,1,2.1216,4.9229,2.7668,0.0000,0.0000,4.5126,4.7206,0.0000,4.2326
4,11,0,80,1.5,1.9372,4.6930,4.1397,4.0604,0.0000,3.9924,0.0000,0.0000,4.3921
4,12,0,160,0.75,3.8060,8.2544,8.0513,0.0000,3.8550,7.0809,6.7606,4.7244,5.2008
4,13,0,160,1,5.0455,9.5322,8.7866,4.1251,4.3575,7.3101,7.0032,5.8648,6.3513
4,14,0,160,1.5,4.6876,11.0100,10.0137,0.0000,0.0000,8.5659,8.7481,7.5971,7.7102
4,15,0,320,0.75,8.2990,14.3231,15.0576,7.1876,6.6178,10.8912,9.6509,10.5447,9.5580
4,16,0,320,1,7.8869,16.7318,17.3909,6.7825,6.4382,12.6552,13.5471,11.5715,11.4151
4,17,0,320,1.5,10.6172,19.8248,21.2011,5.6159,5.4621,13.1188,13.7524,12.4070,13.2093
4,18,1,10,0.75,0.0716,0.1277,0.6762,0.0000,4.1285,4.0008,3.6560,0.0000,4.4121
4,19,1,10,1,4.2431,3.5718,2.2705,5.0809,4.4918,4.3603,0.0000,0.0000,0.0000
4,20,1,10,1.5,0.1413,0.2965,0.4969,4.2206,0.0000,3.8817,0.0000,0.0000,0.0000
4,21,1,20,0.75,0.9119,2.9888,2.2349,0.0000,0.0000,4.2309,3.2699,4.5566,3.8853
4,22,1,20,1,0.8893,1.1051,0.4614,0.0000,0.0000,0.0000,0.0000,0.0000,0.0000
4,23,1,20,1.5,3.5556,2.2984,2.9724,4.2624,4.1626,0.0000,0.0000,0.0000,0.0000
4,24,1,40,0.75,0.8908,1.9486,2.1797,3.8886,3.9945,3.7624,4.0491,0.0000,4.1023
4,25,1,40,1,5.1368,5.8845,6.1530,4.3453,4.3604,3.5090,0.0000,3.6638,0.0000
4,26,1,40,1.5,3.9598,3.5902,3.5630,0.0000,0.0000,0.0000,0.0000,4.4592,0.0000
4,27,1,80,0.75,6.4941,7.3931,7.7281,4.9071,4.5333,5.5945,5.6089,4.1746,4.3938
4,28,1,80,1,9.0043,9.3724,9.4970,6.9609,6.8465,6.6430,6.5187,6.0265,6.4212
4,29,1,80,1.5,7.9745,9.1601,10.4977,4.7224,5.5926,6.5089,7.4751,6.1372,7.1776
4,30,1,160,0.75,13.0430,14.6872,15.2443,8.8666,8.2486,11.5770,10.3437,10.2860,9.9991
4,31,1,160,1,14.0795,16.0945,17.9153,10.6345,11.2278,10.9135,11.7583,10.2134,10.6253
4,32,1,160,1.5,17.2631,18.2055,19.3016,13.6118,13.8327,13.3297,14.2670,12.9072,13.0010
4,33,1,320,0.75,28.0828,29.7236,30.0584,20.5692,18.6030,21.2458,19.4696,17.8529,16.7975
4,34,1,320,1,31.3282,32.6760,34.9404,23.9927,24.2211,24.6843,25.6869,21.7426,22.9274
4,35,1,320,1.5,30.8845,33.3519,36.8878,22.4349,22.0326,23.0939,23.6418,21.4030,21.7599
4,36,2,10,0.75,-0.4213,-0.0559,0.9719,4.8224,4.6188,5.1205,4.8054,4.9242,4.8257
4,37,2,10,1,1.8030,1.6234,1.9753,0.0000,0.0000,0.0000,0.0000,0.0000,0.0000
4,38,2,10,1.5,1.4406,0.4644,1.1031,0.0000,0.0000,0.0000,0.0000,0.0000,0.0000
4,39,2,20,0.75,0.7328,1.3969,2.9152,4.1980,4.1783,0.0000,3.7766,0.0000,0.0000
4,40,2,20,1,0.5006,2.4557,2.1943,0.0000,0.0000,3.9354,0.0000,0.0000,0.0000
4,41,2,20,1.5,0.8428,0.8539,1.1951,4.7278,4.9539,0.0000,0.0000,0.0000,4.5513
4,42,2,40,0.75,3.8757,4.5561,3.2680,0.0000,0.0000,0.0000,0.0000,0.0000,4.9047
4,43,2,40,1,1.9248,3.0773,4.5169,0.0000,0.0000,4.3088,0.0000,0.0000,0.0000
4,44,2,40,1.5,4.7829,5.1227,5.1956,5.1858,5.1801,5.6957,5.5214,4.9346,4.8247
4,45,2,80,0.75,5.1538,6.7859,9.1239,5.3116,4.6598,5.9306,5.5727,6.6135,6.2988
4,46,2,80,1,6.2538,7.3588,9.2219,5.0730,5.0254,6.4390,6.6627,7.4109,8.0910
4,47,2,80,1.5,5.1230,5.3612,6.4557,4.8139,5.1199,4.7407,5.1825,5.6580,5.8951
4,48,2,160,0.75,11.3761,12.6597,16.8170,9.4910,9.1558,10.8711,9.9339,12.4684,11.7787
4,49,2,160,1,12.6051,14.6804,17.8747,10.1934,10.2540,13.1010,12.7787,13.5436,14.4185
4,50,2,160,1.5,14.0292,17.3721,20.5474,11.8754,11.5961,15.4370,15.2962,15.7305,16.0701
4,51,2,320,0.75,21.3737,26.6574,31.0444,18.1366,15.5814,23.9373,20.8767,25.1562,22.5719
4,52,2,320,1,24.5077,29.4087,33.9183,20.4305,19.3989,26.2302,25.3063,26.6670,26.1811
4,53,2,320,1.5,27.1608,32.6869,38.7839,23.9777,22.7352,30.1233,29.0328,31.6371,32.2692
4,54,3,10,0.75,1.7706,1.2689,0.6467,4.2176,0.0000,0.0000,0.0000,0.0000,0.0000
4,55,3,10,1,-0.3115,1.6038,0.4399,0.0000,0.0000,4.0716,0.0000,0.0000,0.0000
4,56,3,10,1.5,1.0911,4.1103,2.7145,0.0000,0.0000,4.7854,0.0000,4.6653,4.4895
4,57,3,20,0.75,2.5013,3.6160,4.1001,0.0000,0.0000,0.0000,0.0000,0.0000,0.0000
4,58,3,20,1,2.6689,4.0323,3.6141,4.1997,0.0000,5.0913,4.3160,4.6273,0.0000
4,59,3,20,1.5,1.7086,3.0921,2.3987,3.8808,0.0000,0.0000,0.0000,0.0000,3.8758
4,60,3,40,0.75,1.8647,4.9676,5.0138,0.0000,0.0000,4.4945,4.3271,0.0000,0.0000
4,61,3,40,1,2.5768,5.7169,3.7646,0.0000,0.0000,5.4107,5.6380,0.0000,0.0000
4,62,3,40,1.5,4.7815,8.3115,6.9261,4.9943,4.5987,7.7483,7.9436,6.3511,5.6817
4,63,3,80,0.75,7.2040,13.0228,10.5883,6.1528,5.6809,11.5636,10.3019,9.2587,7.5996
4,64,3,80,1,7.0086,12.0360,11.4608,7.4400,7.3197,11.8558,11.4845,9.3857,9.0224
4,65,3,80,1.5,8.8165,15.2790,13.4587,7.9707,8.4136,13.6430,14.0307,10.7091,11.3150
4,66,3,160,0.75,14.1964,23.9210,20.7369,12.8296,10.4129,21.9860,19.2830,16.7674,14.1544
4,67,3,160,1,16.1681,27.7304,23.6557,13.5379,13.4074,24.6035,24.1260,19.4241,18.1994
4,68,3,160,1.5,17.2714,27.0051,23.9830,14.9142,14.3060,24.7460,25.1301,18.8267,19.3984
4,69,3,320,0.75,28.8842,47.3790,43.8298,25.5009,22.9856,43.2031,37.7996,35.7149,31.0837
4,70,3,320,1,32.8487,54.7756,49.0843,28.5522,28.0140,49.3133,47.6914,40.0544,37.5363
4,71,3,320,1.5,36.2268,57.9053,51.7432,31.8834,30.3670,53.1459,52.1723,40.4913,40.7363
4,72,4,10,0.75,1.9488,1.8422,3.1214,0.0000,0.0000,0.0000,3.7241,3.9277,0.0000
4,73,4,10,1,1.2992,0.7805,1.7496,0.0000,0.0000,4.4660,4.3529,0.0000,0.0000
4,74,4,10,1.5,1.3525,1.2964,0.6855,0.0000,0.0000,0.0000,0.0000,4.2969,4.0663
4,75,4,20,0.75,1.3750,1.5868,3.1181,4.8022,5.0434,5.2004,0.0000,4.4707,4.5127
4,76,4,20,1,0.7055,1.4389,1.7546,4.0086,2.8015,0.0000,0.0000,4.4244,4.0668
4,77,4,20,1.5,0.3539,0.7233,1.7055,0.0000,0.0000,0.0000,0.0000,0.0000,0.0000
4,78,4,40,0.75,2.1058,3.9019,4.6778,0.0000,4.6565,4.3017,4.5155,0.0000,4.4851
4,79,4,40,1,3.2860,2.4328,3.3493,4.2665,0.0000,4.0369,0.0000,0.0000,0.0000
4,80,4,40,1.5,3.8178,3.5687,4.9439,4.5666,4.0563,4.2862,0.0000,4.6943,4.0892
4,81,4,80,0.75,6.6949,6.7455,9.0538,5.6527,5.2260,5.2661,5.2211,7.4900,6.9583
4,82,4,80,1,6.0520,6.1162,8.2161,5.2616,5.1714,5.2748,5.3326,6.4700,6.5115
4,83,4,80,1.5,5.9224,5.8824,10.2542,4.9210,4.5762,4.8095,0.0000,7.5565,7.4104
4,84,4,160,0.75,11.1545,11.6850,16.1599,8.8549,8.4549,9.8686,8.4378,12.5468,11.5681
4,85,4,160,1,10.6149,8.8791,16.8166,9.6518,9.2990,8.9371,8.4512,12.9716,12.7035
4,86,4,160,1.5,12.5584,12.0859,19.2775,11.1734,10.9695,10.2835,10.2437,14.5407,14.7909
4,87,4,320,0.75,22.5069,19.6213,31.8997,19.0236,16.8878,17.4099,15.5012,24.3480,22.0153
4,88,4,320,1,22.9567,21.3242,35.6226,19.6052,19.5422,18.7345,18.9226,26.9843,27.0257
4,89,4,320,1.5,25.0106,21.8130,37.9822,19.9870,20.1381,18.9694,19.2523,27.8203,28.5047
4,90,5,10,0.75,1.9010,1.6221,3.3262,4.1784,4.0323,4.5144,0.0000,0.0000,0.0000
4,91,5,10,1,2.3945,-0.1886,1.0968,0.0000,0.0000,0.0000,0.0000,5.0074,5.0864
4,92,5,10,1.5,1.2708,2.2636,1.6938,3.8625,0.0000,4.0176,3.7005,0.0000,0.0000
4,93,5,20,0.75,3.4312,2.9079,3.7279,4.1956,3.8824,4.9759,4.6932,4.5184,0.0000
4,94,5,20,1,1.9107,0.3020,2.9194,0.0000,0.0000,0.0000,0.0000,0.0000,0.0000
4,95,5,20,1.5,2.1463,1.6193,4.2295,4.6722,0.0000,0.0000,0.0000,0.0000,0.0000
4,96,5,40,0.75,2.5851,2.1875,4.3135,0.0000,0.0000,0.0000,0.0000,4.3546,3.9992
4,97,5,40,1,3.5974,3.8821,6.4332,0.0000,0.0000,0.0000,0.0000,4.7896,4.6959
4,98,5,40,1.5,5.1785,3.9579,6.2215,0.0000,0.0000,4.1914,3.7405,4.7900,4.3209
4,99,5,80,0.75,10.2746,7.6120,12.3027,7.9503,6.7376,5.1331,4.2218,9.7636,8.3744
4,100,5,80,1,10.7141,7.7335,13.6410,8.7412,8.4232,6.4033,6.3058,10.0678,9.3857
4,101,5,80,1.5,13.1544,9.1188,16.2467,10.1624,9.4188,7.7112,6.8309,12.6011,11.4322
4,102,5,160,0.75,20.9670,16.4368,24.8585,16.7209,14.4116,12.9068,11.1601,20.8523,17.8665
4,103,5,160,1,21.0837,16.4147,28.2329,15.9944,15.0574,12.5279,11.9920,22.7472,21.1607
4,104,5,160,1.5,23.7581,18.7027,31.8672,18.3288,16.8133,14.3017,13.0950,24.2867,21.9195
4,105,5,320,0.75,37.4587,31.5865,51.0246,29.6152,25.8752,23.8072,20.2972,41.4473,34.5201
4,106,5,320,1,40.9717,33.1134,54.3935,32.5111,30.6398,25.3977,23.0564,43.4516,40.5238
4,107,5,320,1.5,48.4871,38.4094,63.3912,37.9591,35.6449,28.5881,27.4408,49.4044,45.5076
4,108,6,10,0.75,0.6941,0.9233,1.8618,4.4708,0.0000,4.8656,4.4102,0.0000,0.0000
4,109,6,10,1,0.4664,0.4252,1.9247,0.0000,0.0000,0.0000,0.0000,0.0000,0.0000
4,110,6,10,1.5,1.9056,1.0856,1.5406,0.0000,0.0000,3.9135,0.0000,0.0000,0.0000
4,111,6,20,0.75,2.0417,1.7374,3.7780,4.4750,3.4414,0.0000,0.0000,0.0000,0.0000
4,112,6,20,1,3.6094,3.9291,5.4856,4.9106,5.0059,4.3845,0.0000,6.5587,6.3941
4,113,6,20,1.5,1.6311,1.5050,3.5170,0.0000,0.0000,3.8794,3.3333,0.0000,0.0000
4,114,6,40,0.75,4.0571,4.9319,6.5727,4.7323,4.4320,4.0797,4.0917,6.2583,5.2239
4,115,6,40,1,2.9800,3.3030,7.2079,0.0000,0.0000,0.0000,0.0000,6.3180,5.8517
4,116,6,40,1.5,4.4459,3.5373,9.2731,0.0000,0.0000,0.0000,0.0000,8.2942,7.9156
4,117,6,80,0.75,5.4110,4.0822,12.5454,0.0000,0.0000,0.0000,0.0000,10.5290,8.8314
4,118,6,80,1,10.6370,9.1773,17.9354,10.3028,10.1097,8.5480,8.4367,15.5971,14.6215
4,119,6,80,1.5,11.3920,10.0310,18.5543,10.4059,9.1022,8.8372,8.1311,16.0465,14.8947
4,120,6,160,0.75,13.4882,13.1476,26.6591,12.0685,10.8053,12.0035,10.5579,23.4631,20.3693
4,121,6,160,1,15.9476,15.8248,30.3664,15.0024,14.1747,13.1993,12.8479,27.3646,25.8378
4,122,6,160,1.5,16.8453,15.6487,34.1699,14.4363,14.1494,12.7666,11.9781,28.9011,27.1477
4,123,6,320,0.75,29.1498,28.6076,58.2778,27.0233,22.3341,25.5826,20.7133,50.7822,43.1693
4,124,6,320,1,31.7268,30.7784,64.4268,29.5340,27.6656,26.2367,23.9259,55.6844,51.7845
4,125,6,320,1.5,33.3269,31.6398,72.4800,29.6474,28.0324,26.0602,24.3624,60.3655,55.5430
4,126,7,10,0.75,-0.7637,-1.6513,-2.1036,0.0000,0.0000,0.0000,0.0000,0.0000,0.0000
4,127,7,10,1,-0.1593,0.1035,0.0942,0.0000,0.0000,0.0000,0.0000,0.0000,0.0000
4,128,7,10,1.5,1.2641,0.4685,0.4142,4.5895,0.0000,4.2833,0.0000,0.0000,0.0000
4,129,7,20,0.75,1.4018,1.6002,1.5949,0.0000,0.0000,0.0000,0.0000,3.7360,4.3855
4,130,7,20,1,1.2180,1.3651,1.1853,0.0000,0.0000,0.0000,3.2347,0.0000,0.0000
4,131,7,20,1.5,1.6233,0.7041,1.3013,0.0000,0.0000,0.0000,0.0000,4.1760,0.0000
4,132,7,40,0.75,2.0980,1.2371,0.9140,0.0000,0.0000,3.2656,0.0000,4.3174,0.0000
4,133,7,40,1,1.9867,1.4241,0.6983,4.3504,4.3097,0.0000,0.0000,0.0000,4.4439
4,134,7,40,1.5,2.6558,2.4688,3.5405,3.9221,3.7095,4.1555,0.0000,0.0000,4.2178
4,135,7,80,0.75,3.0618,3.9429,2.6809,3.9745,0.0000,4.6119,0.0000,4.3388,4.4452
4,136,7,80,1,2.4770,2.2918,2.9559,4.2359,4.4428,3.9424,0.0000,0.0000,0.0000
4,137,7,80,1.5,7.2681,4.7463,5.7561,6.0351,4.6473,4.9975,0.0000,5.1785,4.4102
4,138,7,160,0.75,7.2318,4.4351,7.5181,5.9467,5.0284,4.3685,0.0000,6.1082,4.7530
4,139,7,160,1,8.2720,5.0286,7.5821,7.2866,5.6218,4.9524,4.4046,7.1768,5.4782
4,140,7,160,1.5,9.0699,6.0344,8.5649,7.4102,5.9161,5.4562,4.8297,7.6278,5.3391
4,141,7,320,0.75,14.4461,11.2823,14.4321,12.1290,8.6559,9.5332,7.2067,12.8601,8.6400
4,142,7,320,1,15.4203,9.4420,14.8427,13.6000,11.0924,8.4604,6.8200,13.3695,10.2171
4,143,7,320,1.5,16.0464,10.5799,15.1180,13.6886,11.2045,10.2419,9.1352,14.3098,11.9642
4,144,8,10,0.75,3.6995,2.5253,2.1487,4.0839,4.1907,0.0000,0.0000,0.0000,0.0000
4,145,8,10,1,1.4996,1.3694,1.0179,4.2987,4.1853,0.0000,0.0000,0.0000,0.0000
4,146,8,10,1.5,2.7089,2.8801,3.5991,4.6868,4.5817,0.0000,0.0000,4.6654,0.0000
4,147,8,20,0.75,1.4594,2.7850,3.0362,0.0000,4.0912,0.0000,0.0000,0.0000,3.4228
4,148,8,20,1,1.2069,1.1670,0.7281,4.4268,0.0000,0.0000,0.0000,0.0000,0.0000
4,149,8,20,1.5,2.4214,3.0957,2.8289,0.0000,0.0000,3.9695,4.0313,4.6302,0.0000
4,150,8,40,0.75,2.2093,3.5657,4.9958,0.0000,4.0711,4.2739,0.0000,0.0000,0.0000
4,151,8,40,1,2.9274,4.3671,6.1362,0.0000,0.0000,4.0073,4.1813,4.9870,4.7579
4,152,8,40,1.5,2.2433,5.0798,5.4471,0.0000,4.0198,4.7991,0.0000,5.3310,5.4749
4,153,8,80,0.75,4.8681,7.8976,9.6062,4.4861,0.0000,7.1244,6.2050,8.0257,6.8012
4,154,8,80,1,6.3339,9.7386,11.6653,5.9124,5.6286,8.3591,8.2685,9.3887,8.8875
4,155,8,80,1.5,9.2189,11.5221,12.9276,8.1037,7.8463,10.2760,9.0923,10.6498,9.8747
4,156,8,160,0.75,13.0271,16.7526,20.7355,11.9803,10.0744,14.8008,12.7678,17.6840,14.4289
4,157,8,160,1,14.6268,18.9566,22.7200,12.8828,12.1469,17.4143,16.5700,19.1512,18.1851
4,158,8,160,1.5,17.1625,21.9495,26.9209,15.1448,15.0130,18.5610,17.8478,22.4143,21.7304
4,159,8,320,0.75,26.0720,36.3978,41.8430,22.4857,18.3590,31.8935,27.5746,34.9782,30.1913
4,160,8,320,1,27.7428,38.7133,46.0149,24.6085,23.4402,34.2477,32.3167,38.6916,36.2352
4,161,8,320,1.5,31.9445,42.2845,50.2365,28.3280,25.7675,37.4830,34.6441,42.0413,38.6292
4,162,9,10,0.75,-0.2033,-0.6076,-0.4902,0.0000,4.5471,0.0000,0.0000,0.0000,0.0000
4,163,9,10,1,1.0577,1.3695,1.5732,0.0000,0.0000,0.0000,0.0000,0.0000,0.0000
4,164,9,10,1.5,1.0524,0.9762,1.3930,0.0000,3.7732,3.7545,0.0000,0.0000,0.0000
4,165,9,20,0.75,1.3667,2.2048,1.8603,0.0000,3.7441,0.0000,4.5380,4.4540,0.0000
4,166,9,20,1,1.9565,2.9405,2.0542,0.0000,0.0000,4.2895,3.9540,0.0000,0.0000
4,167,9,20,1.5,1.0324,1.9534,2.2700,0.0000,0.0000,0.0000,0.0000,0.0000,0.0000
4,168,9,40,0.75,3.7608,4.1193,4.1992,0.0000,0.0000,4.2411,4.6085,4.4440,4.5188
4,169,9,40,1,3.1475,5.4160,4.4975,0.0000,0.0000,4.6122,4.7063,4.6751,5.0706
4,170,9,40,1.5,3.9332,4.7412,5.5460,0.0000,0.0000,4.5367,4.2423,4.4445,4.1396
4,171,9,80,0.75,4.5487,6.3934,7.2915,4.2891,4.4279,5.2616,4.7880,5.6739,5.0672
4,172,9,80,1,6.5347,8.5035,7.6579,5.5359,5.3861,6.6803,6.3161,5.1832,5.7333
4,173,9,80,1.5,5.9683,6.8191,7.3493,4.8315,4.9364,5.3861,5.3285,5.4691,5.3694
4,174,9,160,0.75,10.2734,12.1724,12.9650,8.7117,7.8902,8.6737,8.1023,9.3433,8.5116
4,175,9,160,1,12.1511,14.5476,14.4972,9.4307,9.6662,10.1548,11.1943,10.6695,11.2717
4,176,9,160,1.5,13.1105,15.4015,15.4537,10.1986,10.3631,11.6648,10.8944,10.5523,11.4453
4,177,9,320,0.75,23.2595,27.6195,28.2073,17.9991,16.2124,20.6502,18.4395,20.7684,18.7768
4,178,9,320,1,25.2405,28.0371,29.8370,19.7154,20.2597,19.6883,20.2984,21.3169,21.9467
4,179,9,320,1.5,26.6711,31.0261,32.5555,20.3301,20.2959,22.6508,22.3121,23.8014,23.6620
4,180,10,10,0.75,-1.8924,-0.4113,0.3510,0.0000,4.3711,0.0000,4.5944,4.1773,3.9859
4,181,10,10,1,-0.8649,0.1321,-0.8990,4.1805,0.0000,3.8551,0.0000,0.0000,0.0000
4,182,10,10,1.5,2.5516,-0.3865,2.1170,4.2309,4.0845,0.0000,0.0000,0.0000,0.0000
4,183,10,20,0.75,1.4839,-0.6864,-0.4572,0.0000,4.4722,4.1517,0.0000,0.0000,0.0000
4,184,10,20,1,-0.7285,-0.3637,1.0838,0.0000,0.0000,0.0000,0.0000,3.5276,0.0000
4,185,10,20,1.5,1.4955,-0.2669,1.4592,4.1836,4.0148,0.0000,4.3333,4.0030,4.3675
4,186,10,40,0.75,1.2337,-0.3921,-0.2684,0.0000,0.0000,3.8118,0.0000,4.1590,0.0000
4,187,10,40,1,-1.5196,-0.8518,0.0191,0.0000,4.2224,0.0000,3.8988,3.9639,0.0000
4,188,10,40,1.5,-0.4466,-0.7248,0.2055,0.0000,0.0000,4.3847,4.3396,5.1665,0.0000
4,189,10,80,0.75,2.2317,0.1930,0.4426,4.3328,0.0000,3.9907,4.1606,0.0000,0.0000
4,190,10,80,1,2.6810,0.2799,0.8851,0.0000,0.0000,0.0000,3.7634,0.0000,0.0000
4,191,10,80,1.5,1.4535,0.2558,2.5507,0.0000,4.6636,3.9825,4.0173,4.6307,4.4749
4,192,10,160,0.75,1.6925,0.4991,2.8567,4.4054,4.1133,0.0000,0.0000,4.2068,4.0310
4,193,10,160,1,4.0446,1.9461,2.8454,0.0000,0.0000,0.0000,3.8335,4.4306,4.6866
4,194,10,160,1.5,2.9645,3.2164,5.4847,3.5560,0.0000,0.0000,0.0000,0.0000,0.0000
4,195,10,320,0.75,4.5608,4.0170,6.9740,3.8787,4.1804,0.0000,4.5239,4.8824,0.0000
4,196,10,320,1,3.4642,5.3880,7.0866,0.0000,0.0000,4.5999,0.0000,0.0000,0.0000
4,197,10,320,1.5,4.4108,4.3145,6.7392,0.0000,0.0000,0.0000,0.0000,4.9003,0.0000
4,198,11,10,0.75,0.6358,0.3546,-0.4356,0.0000,0.0000,3.8049,0.0000,0.0000,0.0000
4,199,11,10,1,-0.5904,-0.9070,-1.3063,4.2927,4.1746,4.7584,4.1615,0.0000,3.9079
4,200,11,10,1.5,0.8075,1.8245,1.5334,0.0000,4.0088,0.0000,0.0000,0.0000,0.0000
4,201,11,20,0.75,1.3639,1.1505,-0.2759,3.1010,0.0000,0.0000,0.0000,0.0000,3.5391
4,202,11,20,1,0.8944,1.3216,1.5011,4.2443,4.1991,0.0000,4.2751,4.5630,0.0000
4,203,11,20,1.5,2.6246,1.6566,1.8634,0.0000,0.0000,0.0000,0.0000,3.8071,3.8960
4,204,11,40,0.75,1.1036,1.9826,2.4246,0.0000,0.0000,0.0000,0.0000,0.0000,0.0000
4,205,11,40,1,0.4837,0.6410,0.9825,0.0000,0.0000,4.2242,0.0000,0.0000,3.9489
4,206,11,40,1.5,2.3384,1.3372,2.2891,0.0000,0.0000,0.0000,0.0000,0.0000,0.0000
4,207,11,80,0.75,1.6924,1.6236,3.8781,4.0736,0.0000,4.8594,4.4703,4.3846,4.0272
4,208,11,80,1,2.9352,3.6842,3.4352,0.0000,0.0000,0.0000,0.0000,0.0000,0.0000
4,209,11,80,1.5,2.3258,4.6608,4.4671,0.0000,0.0000,4.2343,4.3934,0.0000,0.0000
4,210,11,160,0.75,2.7618,3.3496,5.2676,0.0000,0.0000,0.0000,4.1244,0.0000,0.0000
4,211,11,160,1,3.1795,3.5463,7.1511,4.8224,4.2978,4.5001,4.5996,4.5062,4.3060
4,212,11,160,1.5,3.0007,3.5432,7.1064,0.0000,0.0000,0.0000,3.8702,0.0000,4.3699
4,213,11,320,0.75,8.2636,7.5134,12.4684,5.2664,5.3455,4.5681,4.4415,5.4101,5.4118
4,214,11,320,1,7.7043,9.3076,15.2842,5.1555,5.0620,4.9053,4.6852,5.6488,6.1467
4,215,11,320,1.5,9.9662,9.8695,18.2990,6.2136,5.5897,6.4243,5.5249,7.0985,6.9441
4,216,12,10,0.75,0.7739,0.5211,1.0417,0.0000,3.0429,4.0508,3.7647,0.0000,3.6207
4,217,12,10,1,-0.4533,0.5061,0.7238,0.0000,0.0000,0.0000,0.0000,0.0000,0.0000
4,218,12,10,1.5,2.0873,3.5517,3.9769,0.0000,0.0000,0.0000,0.0000,0.0000,0.0000
4,219,12,20,0.75,3.3703,3.7028,4.7671,0.0000,0.0000,0.0000,4.0078,0.0000,0.0000
4,220,12,20,1,1.8390,1.6775,1.9375,0.0000,0.0000,0.0000,0.0000,0.0000,0.0000
4,221,12,20,1.5,1.8998,2.2835,4.0952,0.0000,3.6749,0.0000,0.0000,4.7832,5.0447
4,222,12,40,0.75,4.8924,5.6028,5.7048,4.5662,0.0000,5.4488,4.5890,5.4380,4.5871
4,223,12,40,1,4.7814,5.8499,7.9968,4.5170,4.5136,5.3596,5.5766,7.0927,6.7585
4,224,12,40,1.5,8.3516,8.9364,9.2914,7.7962,7.5778,8.4304,8.2041,8.0673,7.9812
4,225,12,80,0.75,8.0821,9.5691,11.2070,6.9729,7.1181,8.4567,7.6964,9.9062,9.1396
4,226,12,80,1,8.9086,10.8043,12.7259,8.0427,7.5203,9.7748,9.0995,11.3457,10.5891
4,227,12,80,1.5,8.7254,10.1315,12.2577,7.6021,7.5610,9.3725,9.0520,10.9550,10.3071
4,228,12,160,0.75,16.5336,19.8439,23.6978,14.9958,12.6958,18.0264,15.1104,20.8069,17.9841
4,229,12,160,1,18.7503,22.1444,24.9655,18.0553,16.8051,21.0181,19.8348,22.3023,20.8866
4,230,12,160,1.5,19.8778,21.9514,26.9645,17.8050,16.9302,20.5278,19.8403,23.8873,22.8048
4,231,12,320,0.75,34.9732,39.5703,45.8933,32.0786,27.3484,36.2987,30.7687,40.4571,34.5750
4,232,12,320,1,37.0646,42.1537,48.9101,33.2203,32.2014,38.7322,37.2118,43.2458,41.6704
4,233,12,320,1.5,40.1452,45.0392,53.3200,36.9936,35.6622,42.2246,40.6535,48.2437,45.8254
4,234,13,10,0.75,1.3858,1.3137,1.7780,0.0000,0.0000,0.0000,0.0000,0.0000,4.1919
4,235,13,10,1,1.3215,1.9340,2.2255,3.7037,0.0000,0.0000,0.0000,4.1349,4.2123
4,236,13,10,1.5,1.5658,1.5657,1.6690,4.0764,4.5654,0.0000,0.0000,0.0000,0.0000
4,237,13,20,0.75,2.2004,2.3738,2.8039,4.4087,4.2455,4.0221,0.0000,4.2285,0.0000
4,238,13,20,1,4.2461,4.7629,6.2554,4.6046,4.4905,4.6317,4.4137,6.5894,6.7332
4,239,13,20,1.5,4.5636,5.1842,6.1928,5.6725,5.1561,5.4082,4.9879,5.7191,5.8174
4,240,13,40,0.75,5.3004,6.0259,7.0413,5.0496,4.9740,5.5314,5.6516,6.7067,6.3088
4,241,13,40,1,7.9660,7.6938,9.0419,6.9808,7.2761,7.4827,7.1783,8.3026,8.4708
4,242,13,40,1.5,7.6459,9.1101,10.2989,7.3077,6.6094,8.5070,8.4506,9.7052,8.7547
4,243,13,80,0.75,11.3949,12.0559,13.3292,10.3657,9.4815,11.2167,10.1060,12.4892,11.5059
4,244,13,80,1,12.7100,15.7079,17.5336,12.0493,11.5754,14.0112,14.1203,15.5251,15.1391
4,245,13,80,1.5,12.9569,15.6263,19.0949,12.1009,11.4164,14.1014,14.1398,17.0998,16.7100
4,246,13,160,0.75,22.3274,25.6655,29.9711,21.2732,19.0204,24.2419,22.0549,27.9187,25.7383
4,247,13,160,1,24.9937,30.2128,34.3555,23.2884,22.8462,27.4794,27.6464,31.3227,30.3137
4,248,13,160,1.5,26.5427,31.9480,37.3917,24.5970,24.3675,29.2515,29.2964,34.1319,33.7482
4,249,13,320,0.75,44.2831,53.3110,58.8286,41.9497,37.1204,49.5541,44.7657,55.5848,49.3227
4,250,13,320,1,49.1274,58.7445,66.6874,45.9683,44.9423,54.4371,54.4197,60.9257,59.7941
4,251,13,320,1.5,54.7198,64.3038,73.3626,51.2677,49.7038,59.6000,58.8233,67.2501,65.7254
4,252,14,10,0.75,1.1615,0.9625,2.7594,3.9848,0.0000,0.0000,0.0000,0.0000,0.0000
4,253,14,10,1,1.7884,2.1689,2.5939,4.6323,4.4996,0.0000,0.0000,0.0000,3.9843
4,254,14,10,1.5,1.3546,0.7088,1.5602,0.0000,0.0000,0.0000,0.0000,0.0000,0.0000
4,255,14,20,0.75,1.7520,2.1286,4.0478,4.3345,4.2073,4.0837,4.0711,4.4586,0.0000
4,256,14,20,1,3.2953,3.9869,4.4055,5.0152,4.6766,0.0000,0.0000,0.0000,4.3043
4,257,14,20,1.5,1.6521,2.1214,4.3517,0.0000,3.8217,0.0000,3.8109,4.8192,4.5287
4,258,14,40,0.75,4.6936,3.9316,8.2291,4.6735,0.0000,0.0000,4.4245,8.0111,6.5976
4,259,14,40,1,5.4009,5.1076,9.7864,5.3513,5.3216,4.9139,4.2795,9.5378,8.4669
4,260,14,40,1.5,4.7694,5.8484,10.0161,4.7300,4.3161,5.7897,5.2165,10.0106,9.4012
4,261,14,80,0.75,9.7823,11.1360,17.1577,9.6700,8.2599,10.8866,8.6842,17.0108,14.3736
4,262,14,80,1,8.0931,10.0273,17.1168,8.0017,7.6540,9.6546,8.3196,16.7476,15.5335
4,263,14,80,1.5,12.0277,14.2800,22.2920,11.7075,11.0366,13.6333,12.4133,22.0761,21.0309
4,264,14,160,0.75,17.4503,21.7714,34.2558,17.3581,15.8119,21.1907,17.6643,33.8299,29.1136
4,265,14,160,1,22.1985,26.2466,39.2858,21.9109,20.8353,25.6894,23.4228,38.6697,36.2402
4,266,14,160,1.5,22.8573,26.3567,41.9848,22.6909,21.5533,25.5192,22.2106,41.6304,38.2018
4,267,14,320,0.75,38.0018,44.6307,66.6363,37.1678,31.9764,43.4063,35.0535,65.9315,56.6201
4,268,14,320,1,39.5423,46.8796,73.6461,39.0475,37.2168,45.7330,41.0800,72.5793,68.0705
4,269,14,320,1.5,46.3197,54.8773,84.5730,45.8655,42.7040,53.3732,47.0169,83.7069,75.7791
4,270,15,10,0.75,-0.0110,3.2967,1.8278,4.1569,0.0000,0.0000,3.9299,0.0000,0.0000
4,271,15,10,1,3.7380,4.3545,4.8636,0.0000,4.3437,4.9406,5.2789,4.7899,4.4785
4,272,15,10,1.5,2.8388,4.0377,4.8318,3.8359,0.0000,5.1279,5.3106,5.1703,4.9851
4,273,15,20,0.75,4.7781,6.4528,7.3054,4.7783,4.5250,5.9767,6.4472,6.7395,5.5375
4,274,15,20,1,2.4812,6.1487,6.4282,0.0000,0.0000,6.3079,5.9617,5.5851,5.7178
4,275,15,20,1.5,3.1994,7.8855,7.5257,3.9923,0.0000,7.2899,7.2479,6.1220,6.5977
4,276,15,40,0.75,6.7547,13.2571,13.1273,6.7564,6.5519,12.5668,10.5738,11.7635,10.5712
4,277,15,40,1,7.5420,14.9409,15.6377,7.9001,7.1864,14.8607,13.9051,13.8409,14.0162
4,278,15,40,1.5,7.9679,15.9872,17.1026,6.8202,6.8643,14.8582,13.3643,14.7034,14.1228
4,279,15,80,0.75,13.1779,24.9152,27.8599,13.1795,11.3550,24.1630,21.9228,24.9081,23.1872
4,280,15,80,1,12.7503,28.9223,30.0594,12.0639,11.8932,27.6189,26.3993,25.3499,26.1451
4,281,15,80,1.5,14.0442,30.7283,32.3498,12.8391,11.8728,28.4680,27.1245,27.0206,26.9480
4,282,15,160,0.75,24.8079,48.7676,54.4087,22.6432,20.3999,46.4166,40.9320,45.5798,42.8546
4,283,15,160,1,26.1661,53.8725,59.6235,24.3566,23.8447,50.5737,49.5246,50.3359,52.2387
4,284,15,160,1.5,30.1032,60.4741,64.7895,26.9886,26.7557,56.5154,53.5961,54.2534,55.5450
4,285,15,320,0.75,49.3262,98.6458,108.3865,45.8749,40.6530,94.4617,82.7291,92.3342,85.5221
4,286,15,320,1,52.9180,110.7530,119.9230,48.8340,48.3324,105.4982,102.4288,100.8583,105.6565
4,287,15,320,1.5,57.7570,120.3722,131.5802,52.2879,50.7100,112.8094,108.1811,109.5854,113.0489
4,288,16,10,0.75,3.6633,3.1317,2.6554,3.6502,0.0000,3.1521,0.0000,3.7102,0.0000
4,289,16,10,1,2.1127,3.0548,2.8230,0.0000,0.0000,4.5373,4.0131,0.0000,0.0000
4,290,16,10,1.5,-1.0643,1.4237,0.8854,4.6000,0.0000,0.0000,0.0000,0.0000,0.0000
4,291,16,20,0.75,3.2386,5.0806,4.4758,0.0000,0.0000,0.0000,0.0000,0.0000,0.0000
4,292,16,20,1,3.9494,5.7708,6.0196,4.5892,0.0000,5.1723,4.9292,0.0000,0.0000
4,293,16,20,1.5,3.3083,4.3008,4.1843,0.0000,0.0000,0.0000,0.0000,0.0000,4.3404
4,294,16,40,0.75,7.5419,8.7102,8.3715,0.0000,0.0000,8.0412,7.9710,5.2596,4.9015
4,295,16,40,1,6.0789,7.8199,7.1677,4.9470,4.7830,6.9022,6.5903,5.7309,5.6123
4,296,16,40,1.5,8.5237,9.7078,10.1932,6.2991,6.3998,8.4092,7.7609,6.4611,6.4995
4,297,16,80,0.75,12.1343,16.1481,14.4024,8.3951,7.6325,13.3171,11.2720,9.8629,8.2134
4,298,16,80,1,15.1529,19.5983,18.4604,10.9828,10.5690,16.9058,15.6904,13.3269,12.4275
4,299,16,80,1.5,14.8129,19.0671,17.5856,10.2898,9.9232,16.6490,16.8815,10.5435,9.9134
4,300,16,160,0.75,25.2825,32.6810,31.6870,17.9440,16.0980,27.5559,22.6024,22.9262,19.7028
4,301,16,160,1,27.5780,36.0948,34.7918,20.3471,20.1431,31.5084,29.7084,23.0608,21.8386
4,302,16,160,1.5,31.2110,39.7204,38.1629,21.5635,20.9552,34.5354,33.2340,25.1408,23.3124
4,303,16,320,0.75,53.0472,68.1606,63.2039,37.9686,34.0476,57.5016,48.4889,44.7498,37.4106
4,304,16,320,1,56.9158,73.6942,70.6675,41.3679,40.6425,63.5345,59.7660,48.0149,44.6036
4,305,16,320,1.5,62.7369,77.1225,74.8284,43.8120,42.9383,65.7208,61.7564,51.1763,48.1774
4,306,17,10,0.75,-0.3921,1.0016,1.0244,3.5370,3.5581,0.0000,4.1442,3.9343,3.9107
4,307,17,10,1,0.4642,3.1158,3.8337,0.0000,3.7086,0.0000,3.7762,0.0000,0.0000
4,308,17,10,1.5,3.9111,3.9027,4.9110,0.0000,0.0000,4.2260,0.0000,4.6204,4.2868
4,309,17,20,0.75,1.8340,4.6487,5.9504,4.4031,4.5698,4.2031,3.8277,5.0137,0.0000
4,310,17,20,1,2.9089,5.4627,5.7479,0.0000,0.0000,5.4128,4.9486,5.8867,5.5201
4,311,17,20,1.5,3.3451,5.9953,7.9800,0.0000,3.8760,5.7001,5.3461,6.4152,6.6330
4,312,17,40,0.75,6.2807,10.6040,10.3838,6.6901,5.8992,9.5678,7.2884,9.6640,7.4361
4,313,17,40,1,6.7971,10.5606,13.1963,6.3747,5.5805,9.9128,8.7832,11.9639,10.0622
4,314,17,40,1.5,8.0949,14.3040,15.1739,7.3552,6.3963,13.3150,10.8417,13.1342,10.8375
4,315,17,80,0.75,11.9626,19.8117,23.5004,11.4789,9.8648,18.6266,15.0684,21.2100,17.5788
4,316,17,80,1,13.0656,22.8405,25.0624,12.1475,10.4807,21.2306,18.8404,22.5915,19.9288
4,317,17,80,1.5,16.2538,25.2081,30.5953,14.5395,12.6933,22.0350,17.9266,26.8468,23.1505
4,318,17,160,0.75,25.7398,41.4014,46.4708,24.3491,21.0136,37.7143,29.1972,41.8495,33.5051
4,319,17,160,1,27.6169,46.5520,51.2134,25.3684,22.7372,42.2574,36.2664,45.8788,40.7795
4,320,17,160,1.5,29.6760,50.3582,57.4663,27.0899,23.9774,44.7683,36.6187,50.3571,43.0876
4,321,17,320,0.75,48.6630,82.6947,92.4258,46.2179,37.6115,74.7354,57.1500,82.8628,65.6258
4,322,17,320,1,55.0638,91.0411,103.1297,50.3589,44.8469,82.5204,69.3261,92.4750,81.4540
4,323,17,320,1.5,60.2442,102.6404,116.3942,55.1314,50.3056,91.2348,76.3426,103.5687,90.5627
4,324,18,10,0.75,1.8317,2.1884,0.5250,0.0000,0.0000,0.0000,3.8411,0.0000,0.0000
4,325,18,10,1,-0.2252,0.2748,1.1340,0.0000,0.0000,0.0000,0.0000,0.0000,4.2149
4,326,18,10,1.5,2.1144,2.8679,3.4114,0.0000,3.8937,4.8224,4.8244,4.0429,0.0000
4,327,18,20,0.75,-0.3092,0.6140,2.2602,4.0557,4.2847,0.0000,3.7149,0.0000,0.0000
4,328,18,20,1,1.7090,2.3724,1.7619,0.0000,0.0000,0.0000,4.6251,0.0000,4.1294
4,329,18,20,1.5,0.7330,2.3156,2.3543,0.0000,4.1741,0.0000,0.0000,0.0000,0.0000
4,330,18,40,0.75,3.8642,6.0684,5.3454,0.0000,0.0000,5.3706,4.2483,0.0000,0.0000
4,331,18,40,1,5.3974,6.6388,7.5043,5.5662,5.6800,5.5939,4.9083,6.3217,5.3141
4,332,18,40,1.5,5.8270,6.4484,6.5541,5.8180,4.8755,5.5293,4.7960,5.1675,4.6235
4,333,18,80,0.75,7.4154,11.3448,11.3122,7.1055,6.0359,10.6746,8.8815,8.9937,7.1758
4,334,18,80,1,9.6054,12.0380,12.4871,9.3719,8.6787,10.1809,8.6969,10.3062,9.7276
4,335,18,80,1.5,10.2614,13.2442,13.5625,9.8179,8.9608,11.6310,9.4047,11.1629,10.6600
4,336,18,160,0.75,18.0713,22.1363,23.2003,17.4520,13.8406,19.1026,14.4961,18.3580,15.6395
4,337,18,160,1,20.4401,25.8015,26.6467,18.7507,16.8973,23.4355,20.1526,21.4633,19.9611
4,338,18,160,1.5,21.4591,27.8910,28.2320,20.1094,18.6268,23.7380,20.9048,22.1357,20.7345
4,339,18,320,0.75,36.9318,46.0804,47.8408,34.0514,28.2949,40.2985,31.3422,36.2357,30.3787
4,340,18,320,1,38.3161,48.7899,50.8542,36.3698,33.9620,42.5260,37.2318,39.9520,38.4091
4,341,18,320,1.5,42.3867,54.3004,55.6899,38.6888,35.5721,47.4702,41.4620,43.0140,40.7442
4,342,19,10,0.75,0.5748,0.9673,1.1666,0.0000,0.0000,3.7473,0.0000,0.0000,0.0000
4,343,19,10,1,0.1966,1.2083,2.5228,4.3336,0.0000,0.0000,4.1035,0.0000,3.9035
4,344,19,10,1.5,2.6490,2.8865,2.5691,3.9961,4.1537,0.0000,0.0000,0.0000,0.0000
4,345,19,20,0.75,3.4412,4.0069,5.1295,3.9892,4.0253,3.9864,3.4487,4.5499,0.0000
4,346,19,20,1,5.4789,5.1127,5.7936,5.3087,4.9797,4.7595,0.0000,4.6774,4.3085
4,347,19,20,1.5,4.3750,4.5482,4.9941,0.0000,0.0000,0.0000,0.0000,0.0000,0.0000
4,348,19,40,0.75,8.4939,8.1937,9.6053,5.6857,5.3423,6.1512,5.6227,6.2467,5.1300
4,349,19,40,1,8.9669,8.9345,12.1795,7.4126,6.8863,8.1274,7.2687,8.0568,7.5308
4,350,19,40,1.5,8.6874,8.9162,10.8028,6.3072,6.1682,6.5621,6.3343,7.4593,6.8706
4,351,19,80,0.75,14.0851,15.3515,18.5910,10.2661,8.8068,10.8303,9.1552,12.1655,9.0040
4,352,19,80,1,17.7880,18.3995,22.8542,12.9851,11.9393,13.3528,12.5675,14.6088,13.8566
4,353,19,80,1.5,17.1824,18.6214,23.0488,13.1662,12.4078,14.0762,13.8755,14.9409,13.7336
4,354,19,160,0.75,30.5152,33.0472,38.7881,23.1331,19.1504,24.8696,20.6321,26.4722,21.5050
4,355,19,160,1,34.5271,36.9535,45.3451,25.3799,23.6909,26.7877,26.3551,30.0343,27.5993
4,356,19,160,1.5,34.1244,35.9711,45.0060,24.2313,21.9952,25.3663,24.0309,29.0245,26.0006
4,357,19,320,0.75,59.3142,64.2347,77.7481,43.6811,36.2257,46.2206,38.4057,52.8471,42.9918
4,358,19,320,1,67.1364,70.7911,86.6216,48.5553,45.0225,50.7611,47.8742,56.3269,51.1907
4,359,19,320,1.5,71.7232,74.5966,94.1513,51.8191,47.7356,53.8628,49.8364,60.3601,54.3652
4,360,20,10,0.75,0.5406,3.1779,1.8034,0.0000,0.0000,0.0000,4.3280,0.0000,0.0000
4,361,20,10,1,-0.4321,1.1092,2.2949,0.0000,0.0000,0.0000,0.0000,0.0000,0.0000
4,362,20,10,1.5,1.8674,3.1305,4.1328,4.7479,4.6048,4.2736,0.0000,4.3559,0.0000
4,363,20,20,0.75,2.4094,4.1499,5.8507,0.0000,0.0000,0.0000,2.9825,4.7285,4.6491
4,364,20,20,1,2.2531,3.3577,4.1505,0.0000,0.0000,0.0000,0.0000,4.3213,0.0000
4,365,20,20,1.5,3.8208,6.1515,5.7290,4.6097,4.3800,6.2784,6.3690,5.9949,6.3121
4,366,20,40,0.75,3.6325,7.4620,8.1747,0.0000,0.0000,6.9646,6.0681,6.9499,6.6717
4,367,20,40,1,5.6101,11.1272,12.0257,5.5024,5.5465,9.5646,9.6581,10.1154,10.1110
4,368,20,40,1.5,5.5405,11.2142,12.5917,5.3932,5.4059,10.1637,8.9157,10.8858,10.2884
4,369,20,80,0.75,10.2699,17.7240,19.3435,9.5957,9.2598,16.3506,13.9312,17.5438,15.5656
4,370,20,80,1,10.1746,19.4287,19.7978,9.5270,8.7848,16.6618,16.3583,17.9043,17.9479
4,371,20,80,1.5,12.4060,21.4180,24.0146,11.5635,10.8502,19.0480,18.9192,20.6674,20.7161
4,372,20,160,0.75,19.7897,36.5048,39.3796,19.0722,15.4311,32.7642,28.5793,34.6237,30.7604
4,373,20,160,1,21.1203,41.0278,44.2324,19.9409,19.1870,36.5630,36.3589,38.5053,38.6205
4,374,20,160,1.5,24.6188,44.9471,48.5778,23.5204,22.0167,40.6673,39.5339,42.8157,42.6610
4,375,20,320,0.75,40.6205,72.9688,78.4828,38.7177,33.6703,64.5117,57.3394,68.7010,62.0126
4,376,20,320,1,48.2536,82.5531,87.3140,45.5632,43.3933,74.1159,72.7162,77.5114,77.1935
4,377,20,320,1.5,50.7408,87.4461,95.0092,48.1440,44.9261,78.5928,76.5084,83.1293,82.2478
4,378,21,10,0.75,2.5451,5.6588,5.0718,4.2119,0.0000,4.9823,0.0000,0.0000,0.0000
4,379,21,10,1,1.6046,2.6239,1.8068,0.0000,0.0000,4.7755,4.6369,0.0000,4.2989
4,380,21,10,1.5,2.7272,3.5109,2.8642,3.5233,3.9320,4.4119,4.3182,4.4850,4.5739
4,381,21,20,0.75,4.0242,4.9791,6.9639,0.0000,0.0000,4.5888,0.0000,0.0000,0.0000
4,382,21,20,1,3.2628,4.8304,6.0141,4.3592,4.4735,4.8057,4.6858,5.5923,4.8030
4,383,21,20,1.5,4.9511,7.3147,7.9116,4.4236,4.5372,6.3419,6.2776,5.8463,6.1276
4,384,21,40,0.75,8.8136,11.8314,13.1523,6.7099,6.3030,9.9379,9.0621,9.5636,9.2899
4,385,21,40,1,10.1438,13.4151,14.8374,7.3733,7.1619,10.6525,10.5762,8.8868,9.2740
4,386,21,40,1.5,9.2893,12.0524,13.8719,7.1174,6.7708,9.8942,9.2949,8.5191,9.1886
4,387,21,80,0.75,15.7551,20.1013,25.7272,11.8803,11.5786,15.6699,15.0455,15.4856,15.9465
4,388,21,80,1,17.4849,21.0545,27.9070,14.1752,13.4129,16.7953,16.6787,16.6258,18.0869
4,389,21,80,1.5,21.0445,25.7763,32.7631,16.0519,15.5620,20.1415,19.7251,19.4171,20.7772
4,390,21,160,0.75,30.8556,39.2303,50.3303,24.1997,21.9775,30.8947,28.2644,30.0141,29.7082
4,391,21,160,1,35.9389,44.8130,56.0458,27.3933,27.5550,33.8167,34.8946,33.7349,37.3668
4,392,21,160,1.5,39.4176,49.5358,60.9118,28.6537,29.0102,38.6410,39.7770,37.0317,40.6386
4,393,21,320,0.75,62.2075,80.2948,100.9233,48.8771,43.1004,61.7095,57.1980,61.6931,60.9191
4,394,21,320,1,69.1828,88.7373,111.0476,53.3787,52.9995,69.2537,70.5757,68.1185,74.6743
4,395,21,320,1.5,79.0449,98.4895,121.8459,58.3202,57.1219,74.9197,76.8699,73.1356,79.1550
4,396,22,10,0.75,0.9389,1.3298,2.7307,0.0000,0.0000,0.0000,4.0346,0.0000,0.0000
4,397,22,10,1,2.2604,2.5669,2.5930,0.0000,0.0000,0.0000,0.0000,0.0000,0.0000
4,398,22,10,1.5,0.9120,1.0880,3.3840,4.5130,4.5700,0.0000,0.0000,0.0000,0.0000
4,399,22,20,0.75,2.9219,3.5905,5.7786,3.9378,0.0000,4.3493,0.0000,4.7228,4.0425
4,400,22,20,1,1.8636,2.3062,4.4585,5.0563,4.6907,4.5350,4.1923,0.0000,0.0000
4,401,22,20,1.5,2.7099,2.8524,5.7055,0.0000,3.9287,3.8793,4.3222,5.5485,5.9711
4,402,22,40,0.75,5.8515,6.6641,9.9437,5.0314,0.0000,5.6050,4.3534,7.7189,6.4216
4,403,22,40,1,6.4548,7.0091,9.6620,5.7103,5.8070,7.1431,6.8867,7.4627,8.2645
4,404,22,40,1.5,5.8764,6.7096,11.1018,4.7405,4.5987,5.4870,5.3144,8.9995,8.6072
4,405,22,80,0.75,11.0368,14.1312,20.8468,9.6144,8.4604,13.0840,10.4240,16.4022,15.6973
4,406,22,80,1,12.9469,16.5048,22.9837,11.4643,11.3469,13.5450,13.8987,20.0579,20.4937
4,407,22,80,1.5,14.9824,17.7363,26.2600,13.1918,13.2622,15.4254,14.3353,21.5407,21.4919
4,408,22,160,0.75,24.4812,29.9175,43.4941,20.9639,19.0170,25.5359,20.8913,35.5743,33.7719
4,409,22,160,1,26.1975,31.8048,46.7012,23.0825,22.8851,25.9839,25.8272,38.6231,38.8498
4,410,22,160,1.5,29.0746,33.6248,50.4790,25.5244,24.8951,28.6832,27.0294,40.8495,40.9202
4,411,22,320,0.75,49.4819,60.0981,85.6327,42.9582,40.1914,50.6327,43.6501,70.2921,65.4642
4,412,22,320,1,51.9046,62.1076,92.7738,45.4410,45.4953,52.2350,50.4141,75.6229,77.9831
4,413,22,320,1.5,57.5819,66.0169,98.8450,50.4488,49.8619,55.4528,54.2320,82.2946,82.6483
4,414,23,10,0.75,-0.7717,0.7253,0.4883,0.0000,0.0000,0.0000,0.0000,0.0000,4.0226
4,415,23,10,1,1.0213,1.3743,1.4564,0.0000,0.0000,0.0000,0.0000,0.0000,0.0000
4,416,23,10,1.5,1.0656,0.9889,1.7767,0.0000,0.0000,0.0000,3.6271,4.3820,4.4583
4,417,23,20,0.75,0.9386,2.5376,2.7523,0.0000,0.0000,4.3076,4.2432,4.3805,4.3303
4,418,23,20,1,1.4656,3.0493,2.6140,3.8040,0.0000,3.9373,4.3162,3.9639,4.0468
4,419,23,20,1.5,1.6549,2.3275,2.9780,0.0000,4.1384,0.0000,0.0000,4.1825,3.7372
4,420,23,40,0.75,5.6311,6.8974,7.2684,5.6335,5.4579,6.5213,6.2299,6.3859,6.1851
4,421,23,40,1,6.0182,9.6291,9.4075,5.9620,6.0514,8.7195,9.2837,8.2187,8.3578
4,422,23,40,1.5,4.1859,6.8788,6.6274,4.8739,0.0000,6.7686,6.4978,6.6808,6.5185
4,423,23,80,0.75,8.9678,13.1772,12.8074,9.1702,7.9808,12.8109,11.8012,12.2990,11.0371
4,424,23,80,1,10.8518,15.7654,16.2631,10.5449,10.2488,14.7495,15.1327,14.9050,15.1311
4,425,23,80,1.5,10.8132,15.0793,15.3765,10.7106,10.4233,14.2048,14.0496,14.0829,14.1145
4,426,23,160,0.75,15.0400,25.1955,25.7314,14.9726,12.9886,23.9987,21.4403,23.9123,21.0309
4,427,23,160,1,19.6867,29.4427,29.9218,19.6843,18.6216,28.5852,26.7825,28.8269,26.8171
4,428,23,160,1.5,21.6092,31.4016,33.9632,21.2851,20.3290,30.0072,29.4276,31.2728,30.2380
4,429,23,320,0.75,36.2463,53.7931,55.3814,36.0847,30.6117,51.6805,45.7649,52.9266,46.2852
4,430,23,320,1,38.2441,56.9440,60.3689,37.5627,35.0520,54.1328,52.7175,56.3508,54.1411
4,431,23,320,1.5,42.4076,61.9862,65.7313,41.7417,39.5644,58.4342,57.1415,60.7631,58.2174
4,432,24,10,0.75,1.2291,2.0912,1.0334,0.0000,0.0000,0.0000,0.0000,4.2283,4.1164
4,433,24,10,1,1.5329,1.0184,1.8482,5.1506,4.8073,0.0000,0.0000,0.0000,0.0000
4,434,24,10,1.5,1.8374,3.0968,1.8278,0.0000,0.0000,0.0000,0.0000,4.1185,4.2336
4,435,24,20,0.75,2.7551,2.6144,3.6213,0.0000,4.2048,0.0000,0.0000,0.0000,0.0000
4,436,24,20,1,4.3582,4.5349,4.7007,4.3165,4.1644,4.6266,4.4929,5.1463,4.4543
4,437,24,20,1.5,5.3271,5.3009,5.8498,5.0133,4.9793,4.7848,4.7680,5.3906,5.2974
4,438,24,40,0.75,6.4181,5.6659,6.5970,5.7020,5.0433,5.1249,4.7476,6.1060,5.4989
4,439,24,40,1,4.5679,5.5890,4.9861,0.0000,5.1262,0.0000,4.5819,0.0000,0.0000
4,440,24,40,1.5,7.2353,7.2900,7.8023,6.7722,6.7654,6.9707,6.6565,7.1791,6.7472
4,441,24,80,0.75,10.7005,11.1280,11.2566,9.8481,8.7092,10.2025,8.6676,10.4211,8.7578
4,442,24,80,1,12.7883,13.8147,13.7199,10.7661,10.5105,11.4651,11.3374,11.3061,11.1539
4,443,24,80,1.5,12.2817,12.9375,13.4771,10.3792,9.6490,10.8828,9.8962,10.9320,10.3635
4,444,24,160,0.75,20.9359,23.3840,25.0645,19.5716,16.6095,21.5940,18.3231,22.9682,19.3269
4,445,24,160,1,23.6266,26.4278,27.1193,22.3529,22.1367,24.8737,24.5573,24.6513,24.2075
4,446,24,160,1.5,23.8073,26.8049,28.2768,21.3133,20.4899,24.0924,23.0254,24.3744,23.5360
4,447,24,320,0.75,41.0629,45.9085,47.0251,38.3274,32.5072,42.5896,36.0008,42.6446,36.7677
4,448,24,320,1,45.8524,50.5853,52.1066,42.1257,41.1063,46.2206,44.9360,46.2574,45.1880
4,449,24,320,1.5,49.6910,54.5448,55.5391,45.4618,44.0732,49.9515,48.3202,49.1758,48.2384
4,450,25,10,0.75,3.0616,2.6699,2.3724,0.0000,4.2872,0.0000,3.9360,4.5249,4.0081
4,451,25,10,1,0.9083,1.3140,0.4628,0.0000,0.0000,0.0000,0.0000,4.6370,4.4089
4,452,25,10,1.5,1.0900,2.1109,2.7815,4.0825,0.0000,0.0000,3.9960,0.0000,0.0000
4,453,25,20,0.75,4.6968,5.5273,5.2989,5.0037,4.3450,0.0000,4.2013,4.9523,0.0000
4,454,25,20,1,4.2902,4.4073,4.2980,4.0967,0.0000,4.0857,0.0000,4.2141,4.4180
4,455,25,20,1.5,3.8221,4.9316,5.8811,0.0000,4.1954,4.7964,4.1059,4.5361,4.3499
4,456,25,40,0.75,7.4274,9.0394,9.7152,6.2960,5.5536,7.5882,6.7276,8.3290,7.5341
4,457,25,40,1,7.2659,12.1189,13.2983,6.1765,6.0181,9.6021,9.9314,10.3694,10.8342
4,458,25,40,1.5,7.9779,12.1779,13.7596,6.5312,6.7246,9.6121,9.5322,11.1635,11.2120
4,459,25,80,0.75,15.2592,20.5615,23.5049,13.7997,12.1393,17.0050,15.3329,19.6251,17.8343
4,460,25,80,1,16.2275,21.8522,24.6986,14.4398,14.3855,18.1310,18.1559,20.6359,20.8696
4,461,25,80,1.5,19.8722,24.8226,29.2627,17.4402,17.2132,20.9754,20.7481,23.2660,23.9159
4,462,25,160,0.75,29.5126,40.4609,45.3086,25.9662,22.9871,33.1798,29.3788,37.8163,33.6295
4,463,25,160,1,32.5457,43.9231,50.6915,29.0677,29.1210,36.1319,36.5376,41.2585,42.2976
4,464,25,160,1.5,36.8458,49.5693,55.8379,31.9148,31.0832,40.1430,39.8366,45.4627,45.3185
4,465,25,320,0.75,61.5727,83.1899,92.7837,53.9590,48.6978,67.4011,60.9471,75.9526,69.4301
4,466,25,320,1,66.6170,90.9232,103.1914,57.7264,57.7202,73.7552,73.8424,83.7589,84.8251
4,467,25,320,1.5,72.2336,97.4159,110.7751,61.8085,62.2547,78.7926,79.5673,88.5051,90.6424
4,468,26,10,0.75,3.1814,3.6507,5.6095,0.0000,0.0000,0.0000,0.0000,4.2883,4.0427
4,469,26,10,1,2.4637,3.9978,4.2988,0.0000,0.0000,3.8614,0.0000,0.0000,4.1415
4,470,26,10,1.5,3.1646,4.6518,5.2790,3.8036,3.6339,4.6203,3.9737,0.0000,0.0000
4,471,26,20,0.75,6.8541,9.2508,8.7039,5.1809,4.5845,7.5570,6.7146,6.0025,5.4067
4,472,26,20,1,6.6143,7.5223,9.1727,6.7588,7.1691,7.8914,7.8304,7.3755,8.1993
4,473,26,20,1.5,8.9861,10.8363,11.6031,6.2485,6.1331,8.4711,8.0431,7.4681,7.3290
4,474,26,40,0.75,12.6871,16.1195,18.1253,11.0203,10.5970,12.7165,12.4225,11.4225,11.1480
4,475,26,40,1,13.2700,17.2419,18.4866,10.8672,10.9682,14.4723,14.3432,10.5274,11.4300
4,476,26,40,1.5,15.0618,17.2948,21.2272,11.3085,11.5773,14.3245,14.1664,11.6395,12.7444
4,477,26,80,0.75,23.7822,32.1120,36.0807,18.0389,16.5647,25.1467,22.3427,20.6955,19.9208
4,478,26,80,1,26.0688,33.1746,38.6054,18.7243,19.0460,26.3856,26.5398,21.4865,22.9728
4,479,26,80,1.5,28.0789,35.3471,42.6807,20.6015,20.9099,27.7744,28.3506,22.1227,24.9965
4,480,26,160,0.75,46.2791,61.2737,70.6541,35.1382,31.5610,49.4517,44.2536,40.3178,38.3250
4,481,26,160,1,52.1174,67.6687,79.7510,38.3413,38.7434,53.6044,53.6515,42.4140,46.1798
4,482,26,160,1.5,58.4646,74.4354,88.7884,43.9850,44.4385,58.9240,59.1578,48.5130,52.0798
4,483,26,320,0.75,94.7561,123.7220,144.4427,71.6027,64.8854,99.3301,88.6722,80.2903,77.6698
4,484,26,320,1,105.2576,136.5243,161.4854,78.1189,78.5613,110.3307,110.2566,88.0818,96.4850
4,485,26,320,1.5,113.8866,145.6708,175.8349,83.5745,83.6930,115.4613,115.5651,93.9950,100.5506
4,486,27,10,0.75,2.6665,2.6617,2.9366,3.7032,0.0000,3.8917,0.0000,0.0000,0.0000
4,487,27,10,1,1.6442,0.7181,0.9358,4.1580,0.0000,3.8900,3.6146,0.0000,0.0000
4,488,27,10,1.5,3.6207,2.5771,3.2110,0.0000,0.0000,4.1683,4.0796,3.5937,4.4128
4,489,27,20,0.75,2.2201,2.0895,3.5931,0.0000,0.0000,3.6090,0.0000,0.0000,0.0000
4,490,27,20,1,3.6560,3.6259,5.8251,4.4599,0.0000,4.4658,0.0000,0.0000,0.0000
4,491,27,20,1.5,4.8057,5.1229,7.1088,4.2413,4.4001,4.0373,3.8471,4.5211,0.0000
4,492,27,40,0.75,7.5482,7.5768,10.1288,4.7148,4.2160,5.5751,4.8061,0.0000,0.0000
4,493,27,40,1,9.0503,8.7614,13.2671,6.3245,6.1538,5.8588,5.5170,6.6355,5.8899
4,494,27,40,1.5,10.1536,9.5910,14.0275,6.8403,6.7637,6.1761,6.0658,7.2214,7.5740
4,495,27,80,0.75,15.1868,15.5333,21.3205,10.1610,9.7267,9.6486,8.8851,10.4575,8.8693
4,496,27,80,1,16.9795,16.3487,23.3322,10.9464,10.8335,10.3750,9.8654,12.8348,12.6181
4,497,27,80,1.5,18.9402,18.5393,28.0421,11.4444,11.3708,11.7069,11.1731,13.8141,13.7302
4,498,27,160,0.75,32.2281,32.1266,46.0125,21.9466,19.8307,19.7038,17.9606,23.7529,21.1827
4,499,27,160,1,35.4855,34.8860,50.3168,22.8501,23.4567,20.4492,21.5379,24.7608,24.7457
4,500,27,160,1.5,38.4831,37.2273,54.9159,22.8420,23.2049,22.0465,21.6997,26.9983,26.9907
4,501,27,320,0.75,63.1273,62.4106,88.8413,41.5138,36.5422,38.4102,34.3049,45.5678,40.1031
4,502,27,320,1,72.6550,70.4667,98.5320,45.9187,46.2029,42.4040,43.3416,50.8683,50.2465
4,503,27,320,1.5,76.1879,74.2880,108.9334,47.5061,47.5623,43.7742,44.6124,54.1570,53.3443
4,504,28,10,0.75,0.8497,2.0981,3.9729,0.0000,0.0000,0.0000,0.0000,4.3383,0.0000
4,505,28,10,1,3.1394,2.5249,2.6055,0.0000,0.0000,0.0000,3.6107,4.0989,4.0079
4,506,28,10,1.5,2.3324,1.6677,1.5682,0.0000,3.3081,0.0000,0.0000,4.2241,0.0000
4,507,28,20,0.75,2.7501,3.3170,4.4712,0.0000,4.2983,4.3403,0.0000,0.0000,0.0000
4,508,28,20,1,4.8747,5.1969,6.0146,4.0783,4.3188,4.7769,0.0000,5.3129,4.6685
4,509,28,20,1.5,3.9286,4.9548,5.3129,4.2059,0.0000,0.0000,0.0000,4.6201,0.0000
4,510,28,40,0.75,7.8744,9.0037,12.0273,6.5695,5.8993,6.7085,5.6039,8.4200,7.2117
4,511,28,40,1,7.3268,9.2471,11.9591,5.9343,6.0537,6.5930,5.8414,8.9895,8.1265
4,512,28,40,1.5,9.4136,10.5541,14.1159,7.7183,7.8275,7.7116,7.3755,10.1039,9.2681
4,513,28,80,0.75,14.0268,17.0486,21.7381,12.1821,10.7815,11.8669,10.3499,15.3251,12.6263
4,514,28,80,1,18.0262,19.9037,25.6130,15.2654,14.0621,14.0075,13.3937,18.3957,17.8758
4,515,28,80,1.5,15.8639,17.8594,25.1916,14.2894,13.5627,12.8987,12.1689,17.7457,17.1455
4,516,28,160,0.75,29.1230,34.8205,43.8329,23.8518,21.2486,26.5670,22.6081,32.3283,27.3324
4,517,28,160,1,33.0727,38.5416,50.4556,27.6246,26.9988,28.3929,26.9133,36.0933,34.2710
4,518,28,160,1.5,35.8736,41.7871,53.6538,31.1049,29.4402,30.1958,27.7702,38.2929,36.6141
4,519,28,320,0.75,59.5603,68.4830,89.4503,49.5156,42.8552,51.0105,42.7980,65.1444,54.6214
4,520,28,320,1,65.2331,75.6625,97.8782,53.8748,51.6476,55.1692,51.7102,69.7130,67.8033
4,521,28,320,1.5,72.4656,82.3267,106.9714,60.2426,57.1590,59.7458,54.7790,76.8118,74.8950
4,522,29,10,0.75,3.1840,4.0810,3.9667,3.0824,0.0000,0.0000,0.0000,0.0000,3.9872
4,523,29,10,1,1.6545,2.8081,4.5401,0.0000,0.0000,4.0421,4.0053,0.0000,4.0696
4,524,29,10,1.5,3.0928,4.5593,6.0222,0.0000,0.0000,4.3563,5.0029,4.1783,5.1546
4,525,29,20,0.75,5.8024,7.8552,8.2517,4.3377,5.2013,6.2786,6.6163,4.9204,6.3259
4,526,29,20,1,4.5621,7.7802,8.6156,5.3576,5.0996,7.6213,8.3138,7.0136,7.8549
4,527,29,20,1.5,4.3177,7.7819,7.8128,5.0191,5.1339,7.2837,7.6615,7.0865,7.7213
4,528,29,40,0.75,9.2081,14.9838,14.8356,7.4141,7.6060,12.5242,12.1902,10.0763,11.5608
4,529,29,40,1,10.0708,13.7361,15.3054,8.6819,8.8684,11.1454,12.1535,10.5473,12.0325
4,530,29,40,1.5,10.0591,17.0908,18.5515,8.9637,8.7892,14.3146,15.3431,12.3642,15.8370
4,531,29,80,0.75,15.4414,28.5714,30.5973,14.4646,13.6434,23.6144,23.8016,20.4274,23.1853
4,532,29,80,1,17.4873,30.2175,34.2216,15.6807,16.7498,23.4631,27.0225,21.7967,26.9657
4,533,29,80,1.5,21.5048,34.3095,38.1630,18.3633,19.1953,27.2197,29.5125,24.0498,29.3903
4,534,29,160,0.75,33.0900,55.8838,60.2267,27.7731,28.1463,44.4103,44.4103,38.5128,45.1369
4,535,29,160,1,37.0055,62.0907,68.8385,32.5294,34.7758,49.6403,55.3723,43.8724,55.3843
4,536,29,160,1.5,41.3690,67.8639,74.4887,35.4064,38.3793,54.4449,60.2425,47.2695,59.5568
4,537,29,320,0.75,65.9825,110.5774,120.4913,57.3740,56.2832,87.5156,88.5505,75.1131,87.6628
4,538,29,320,1,74.1862,121.9559,134.2427,64.1103,70.2534,97.4363,109.2075,84.7044,109.3862
4,539,29,320,1.5,81.3238,130.1491,144.3444,69.4819,74.6037,104.8422,114.9135,92.0494,115.3615
4,540,30,10,0.75,2.1637,2.3363,2.7610,0.0000,0.0000,0.0000,0.0000,0.0000,3.9795
4,541,30,10,1,1.7089,1.6814,3.3754,3.9850,3.6033,3.7323,0.0000,0.0000,0.0000
4,542,30,10,1.5,3.0690,3.1607,4.9246,0.0000,0.0000,0.0000,0.0000,0.0000,0.0000
4,543,30,20,0.75,5.2373,4.8835,8.3516,5.0663,4.6446,0.0000,0.0000,7.2559,6.3233
4,544,30,20,1,4.8721,4.2200,8.4103,5.2568,4.8941,5.9112,5.0798,7.3487,6.8106
4,545,30,20,1.5,6.7710,5.7266,8.0867,6.0293,5.8594,5.0239,4.2973,6.9849,6.2943
4,546,30,40,0.75,9.8742,9.9660,14.4572,9.5250,8.1335,8.9222,7.9407,12.5982,10.9683
4,547,30,40,1,10.7674,9.6076,15.3188,9.9100,9.6754,8.6733,8.6163,12.4397,11.6815
4,548,30,40,1.5,12.7586,11.2593,17.7312,11.7782,10.8255,10.1603,8.9511,14.9942,13.4116
4,549,30,80,0.75,20.4186,18.8880,28.0894,19.3322,17.3461,16.6982,15.1579,23.9077,21.2436
4,550,30,80,1,22.0898,21.3182,31.3017,20.9107,20.1057,19.0298,18.7399,26.0956,25.0539
4,551,30,80,1.5,24.0129,22.2509,33.6830,21.8002,21.0823,20.0795,19.1080,28.1456,27.6450
4,552,30,160,0.75,41.0248,38.0445,56.0348,37.6537,32.8549,34.3552,30.4509,46.5486,40.0155
4,553,30,160,1,47.1429,42.8137,63.6106,43.4864,41.4373,38.4920,37.4910,51.8695,51.0258
4,554,30,160,1.5,50.0600,45.1576,67.2438,45.4927,44.0802,41.2869,40.1708,55.0760,54.0571
4,555,30,320,0.75,82.8531,77.4153,112.6825,76.3391,65.1942,69.3628,60.4774,94.6043,80.0889
4,556,30,320,1,90.9427,84.7295,125.0831,82.9076,79.6617,76.8943,76.1444,103.3488,98.8954
4,557,30,320,1.5,98.6513,90.2344,134.0841,89.6741,85.9243,82.1961,80.1827,110.5193,107.7536
4,558,31,10,0.75,2.4847,2.1181,2.3380,4.1777,0.0000,0.0000,0.0000,0.0000,4.7439
4,559,31,10,1,2.3392,2.7873,3.4287,4.7805,4.2316,0.0000,4.0293,0.0000,0.0000
4,560,31,10,1.5,2.8158,3.6836,4.0530,4.2812,0.0000,0.0000,0.0000,0.0000,0.0000
4,561,31,20,0.75,1.1825,3.5476,4.8269,0.0000,3.3496,0.0000,0.0000,0.0000,0.0000
4,562,31,20,1,5.0697,6.3747,6.1344,5.0234,4.8433,5.0697,5.5715,5.0689,5.4930
4,563,31,20,1.5,3.0040,4.7099,6.6136,0.0000,0.0000,4.5061,4.8470,5.4568,6.0044
4,564,31,40,0.75,6.2345,8.3045,9.8744,6.0910,6.0064,7.3217,6.3518,8.0063,7.3237
4,565,31,40,1,7.2916,8.3868,11.1202,6.2850,6.1470,7.3519,7.1673,8.9143,8.5933
4,566,31,40,1.5,7.1120,9.2043,11.1175,6.1029,6.4348,8.0856,8.1387,8.8629,8.9752
4,567,31,80,0.75,12.0711,17.2515,21.5664,10.8024,9.7602,14.8414,13.9139,17.6877,16.5758
4,568,31,80,1,15.2882,20.6249,23.4009,14.7508,13.8832,18.8007,18.2027,19.7097,19.0934
4,569,31,80,1.5,13.5447,20.2105,23.5237,11.9049,12.3413,17.9657,18.2297,18.9325,18.8534
4,570,31,160,0.75,23.3079,33.7426,40.6419,21.1028,18.2182,30.5013,27.3605,34.5562,30.6768
4,571,31,160,1,27.5609,38.9247,45.3352,25.1562,24.9220,35.1535,34.7785,38.5937,38.1387
4,572,31,160,1.5,28.2745,40.4879,50.4622,25.6274,25.7345,35.9958,35.1472,40.9139,39.7487
4,573,31,320,0.75,46.0187,67.1798,81.7643,41.9560,37.1683,60.6296,53.9978,68.7190,60.6300
4,574,31,320,1,53.9181,75.7713,92.8584,48.5668,47.6807,68.0846,67.3580,76.7062,75.1428
4,575,31,320,1.5,55.9770,81.1909,100.8169,50.7122,50.6406,72.8568,71.1849,83.0930,80.8866
4,576,32,10,0.75,2.7205,3.1324,4.2773,4.8052,4.5990,0.0000,0.0000,4.4270,0.0000
4,577,32,10,1,1.9428,2.9920,3.6589,4.4630,0.0000,0.0000,3.3106,0.0000,0.0000
4,578,32,10,1.5,3.1847,5.0026,3.3096,0.0000,3.0968,3.0107,3.4053,0.0000,0.0000
4,579,32,20,0.75,2.8291,6.2063,5.4583,0.0000,0.0000,0.0000,0.0000,0.0000,0.0000
4,580,32,20,1,4.5125,7.4749,6.1795,4.4087,4.2968,4.8734,5.1689,5.3042,4.6387
4,581,32,20,1.5,5.0078,8.4333,7.8144,0.0000,4.2300,5.4453,4.6305,5.6211,4.6200
4,582,32,40,0.75,8.5854,13.8524,13.4556,7.6972,6.6487,10.4025,8.8141,10.5033,9.2351
4,583,32,40,1,10.2277,13.7905,16.4491,9.2322,9.2231,11.0918,10.7489,12.1113,12.1069
4,584,32,40,1.5,11.7486,17.6763,18.7421,10.7407,9.8272,13.7509,12.3031,14.1320,12.4753
4,585,32,80,0.75,16.9368,26.3891,25.2240,14.3744,12.6163,19.2374,16.1613,19.3149,16.3354
4,586,32,80,1,17.9039,29.8319,27.7754,15.2237,14.8360,20.5591,19.7534,19.9985,18.9042
4,587,32,80,1.5,20.8588,33.6664,33.1934,18.1028,17.4226,23.7423,22.8823,24.0661,23.0096
4,588,32,160,0.75,34.6350,53.6678,54.2167,31.1170,27.1754,39.8951,34.9501,41.2813,35.3641
4,589,32,160,1,37.7967,59.9459,58.4870,32.9724,32.0437,42.3036,40.4334,43.5929,41.3582
4,590,32,160,1.5,43.0874,67.5878,67.3411,37.6727,36.2794,47.4780,45.4677,49.0256,46.7594
4,591,32,320,0.75,69.8827,109.8488,109.4742,63.3714,55.1101,81.0154,69.7248,83.7968,71.0440
4,592,32,320,1,76.9743,121.6847,121.4573,67.6349,65.3810,88.0209,84.9289,90.3516,86.4768
4,593,32,320,1.5,84.3183,134.6655,133.6924,71.6142,68.1573,92.3480,87.9709,95.4980,90.0861
4,594,33,10,0.75,1.7889,4.4960,5.3124,0.0000,0.0000,3.9126,3.9470,4.2479,4.4409
4,595,33,10,1,2.7898,4.4131,3.4397,0.0000,0.0000,5.1332,5.1893,0.0000,0.0000
4,596,33,10,1.5,3.6788,5.6393,7.2729,4.4247,0.0000,5.9075,5.1819,6.7826,6.5656
4,597,33,20,0.75,2.8300,6.9529,8.6069,0.0000,0.0000,6.0576,5.7174,5.9369,6.8267
4,598,33,20,1,4.7527,9.6635,10.1721,5.3390,5.7663,9.2348,8.6612,7.7955,8.4797
4,599,33,20,1.5,6.8852,12.3475,12.3756,5.4111,6.3464,11.2488,11.8499,10.1756,10.7523
4,600,33,40,0.75,8.9961,19.1377,18.8902,8.3281,7.2212,17.5733,15.0283,16.4167,14.2372
4,601,33,40,1,8.6703,19.1996,19.3677,7.8971,8.0988,18.0636,17.9541,15.3042,16.7644
4,602,33,40,1.5,9.3619,20.0187,20.8766,8.4330,8.2636,17.8060,16.9035,16.5520,17.7580
4,603,33,80,0.75,15.0744,34.3907,35.2537,13.1157,11.6266,31.7933,28.1629,28.5198,26.9649
4,604,33,80,1,18.0136,38.9147,41.1435,16.3156,15.9226,35.0318,34.4249,32.1795,33.8904
4,605,33,80,1.5,19.4004,41.7820,43.7669,15.9255,15.9727,38.5693,36.5272,34.7965,36.0524
4,606,33,160,0.75,32.0075,69.6484,72.3238,26.6136,24.8374,63.5881,56.8919,56.8088,54.9680
4,607,33,160,1,34.7382,76.8282,80.4628,29.3710,30.5446,69.7735,68.1083,63.4619,66.5748
4,608,33,160,1.5,38.5234,83.6389,87.4331,31.1320,32.5402,76.3424,74.2947,69.7469,72.6095
4,609,33,320,0.75,60.9528,139.9713,145.1967,51.9515,49.7652,128.1031,113.9751,114.3413,111.3000
4,610,33,320,1,68.7401,154.3635,161.6561,58.4901,61.0653,139.4871,138.2693,126.7550,134.3283
4,611,33,320,1.5,78.2220,168.2185,179.5796,65.0250,66.4511,153.6793,148.3656,144.0791,147.5497
4,612,34,10,0.75,3.5372,3.5319,3.6725,0.0000,0.0000,0.0000,0.0000,0.0000,0.0000
4,613,34,10,1,1.8125,3.9566,3.4595,0.0000,0.0000,4.5644,4.5062,4.6654,4.0969
4,614,34,10,1.5,3.7555,5.0559,5.4773,0.0000,0.0000,5.1359,4.0080,4.8011,0.0000
4,615,34,20,0.75,7.3449,8.6700,8.5077,6.9134,6.0334,8.3283,7.2978,5.8037,5.0905
4,616,34,20,1,7.5484,10.1893,9.4137,6.1117,6.2583,9.3894,9.3503,6.9665,7.1983
4,617,34,20,1.5,6.6783,10.3731,10.3413,5.1538,5.6961,9.5989,8.8679,7.2494,8.1490
4,618,34,40,0.75,11.4629,16.0384,16.9580,11.1830,9.1805,15.5696,13.2812,12.1597,10.6429
4,619,34,40,1,12.8864,17.6916,19.5566,10.9911,10.9504,15.6646,15.5991,13.9055,13.6210
4,620,34,40,1.5,15.5318,21.6072,20.8480,13.0213,11.6867,18.9673,17.4300,15.8477,14.8977
4,621,34,80,0.75,21.6467,33.9602,35.7153,18.5577,16.8808,29.7775,26.3177,24.4178,21.9864
4,622,34,80,1,25.3717,36.0742,39.2290,20.6937,20.0474,31.6248,31.1358,26.3801,26.1537
4,623,34,80,1.5,29.4479,39.6145,40.5959,25.2781,24.1754,35.5465,33.6924,28.2991,27.5230
4,624,34,160,0.75,45.7641,67.8547,69.8691,39.5820,34.5098,61.0175,53.5012,49.8205,44.3861
4,625,34,160,1,52.7458,74.6558,79.0469,44.5578,43.7966,65.6283,64.5948,55.2383,55.2150
4,626,34,160,1.5,57.2522,81.0659,85.8502,47.9406,45.4310,71.2916,68.7411,59.0789,57.7551
4,627,34,320,0.75,93.7691,137.8963,142.4477,81.5205,71.1784,122.7114,107.2079,98.9771,88.7174
4,628,34,320,1,102.7721,149.1623,155.6268,88.1650,85.2448,131.7305,129.4885,107.8160,106.9913
4,629,34,320,1.5,112.8979,159.2667,169.4047,95.0935,91.4925,139.4884,136.2165,117.2024,114.5434
4,630,35,10,0.75,0.1327,0.7685,2.0079,0.0000,0.0000,0.0000,0.0000,0.0000,0.0000
4,631,35,10,1,2.1926,1.9424,2.5964,4.5847,0.0000,4.2368,3.7167,4.1742,0.0000
4,632,35,10,1.5,2.7511,3.1134,3.2903,0.0000,0.0000,0.0000,0.0000,4.6568,4.5819
4,633,35,20,0.75,2.6726,3.6497,3.9063,0.0000,0.0000,0.0000,0.0000,0.0000,0.0000
4,634,35,20,1,2.2157,2.8881,3.7175,4.3581,4.1795,3.8041,0.0000,0.0000,0.0000
4,635,35,20,1.5,4.4928,5.4657,7.6621,5.0837,4.9633,5.4740,5.5135,8.0105,7.9624
4,636,35,40,0.75,5.1636,7.3985,8.0968,5.4639,5.1051,7.3587,6.6664,7.7149,6.3646
4,637,35,40,1,5.9078,8.7095,9.9648,5.8518,5.5265,8.8220,8.1665,9.4559,8.8503
4,638,35,40,1.5,5.2421,7.5542,9.0477,5.2495,5.4481,7.5438,7.1051,8.9852,7.8330
4,639,35,80,0.75,11.2082,14.3156,15.2764,10.9848,9.4573,14.0405,11.6291,14.6823,12.4523
4,640,35,80,1,12.4290,14.5171,16.5257,12.3916,11.6954,14.1830,13.0182,15.9606,15.0230
4,641,35,80,1.5,11.9683,16.4152,18.8515,11.8998,11.1166,15.8917,15.1825,17.9632,16.7077
4,642,35,160,0.75,19.1688,26.5251,29.9007,19.2059,16.3496,25.7065,21.0844,28.2479,23.7936
4,643,35,160,1,22.6516,30.4546,36.0720,22.4501,21.3066,29.8255,27.9720,34.0226,31.4388
4,644,35,160,1.5,24.9535,32.8447,37.2987,24.5801,23.2737,31.7268,29.6769,35.2773,32.8200
4,645,35,320,0.75,42.4291,57.8393,64.8958,41.9120,36.3236,55.9433,47.5591,61.4536,51.9690
4,646,35,320,1,45.4399,59.8209,69.4368,45.0040,43.0311,58.1561,55.7631,65.0498,62.4916
4,647,35,320,1.5,49.8986,64.7546,75.3045,49.0589,47.5364,62.0649,59.3487,71.8366,68.1027
