# Depth below the scalp at full precision and its bins for the targets of g3b_targets_infant12mo.csv (commit d3bb1a9), same rows in the same order | commit e3212c3
# cortical: 0 on the medial wall, which every summary of these heads leaves out; depth_mm: the depth [mm] as computed, in the shortest decimal form that reads back as the same double (g3b_targets_infant12mo.csv prints it to 2 decimals); bins are half-open, lo <= value < hi (empty: outside every bin); depth_stratum: the depth strata of g3b_summary.json (0-10, 10-15, 15-20, 20-25, 25-30, 30-40, 40-50, 50-60, 60-90 mm; 0-10 = below 10 mm); spike_depth_band: the depth bands of the simulated spikes (10-20, 20-30, 30-45, 45-70 mm); orientation_stratum: the orientation strata of g3b_summary.json and of the simulated spikes (0-30, 30-60, 60-90.1 deg from the inner-skull normal; 90.1 closes the last at 90), from the orientation as computed; the spike locations were drawn among the cortical targets per depth band and orientation stratum
hemi,vertno,cortical,depth_mm,depth_stratum,spike_depth_band,orientation_stratum
0,20,1,11.304728389734896,10-15,10-20,0-30
0,39,1,11.078387282792958,10-15,10-20,0-30
0,73,1,10.740701190537429,10-15,10-20,0-30
0,77,1,10.15787905214012,10-15,10-20,0-30
0,80,1,10.076859956524505,10-15,10-20,0-30
0,114,1,10.92369538905695,10-15,10-20,0-30
0,128,1,11.246482146559957,10-15,10-20,0-30
0,130,1,12.637461395607673,10-15,10-20,30-60
0,134,1,11.345254509741627,10-15,10-20,0-30
0,159,1,12.433796779888265,10-15,10-20,30-60
0,165,1,11.699055900779342,10-15,10-20,0-30
0,169,1,11.274629771408788,10-15,10-20,0-30
0,202,1,11.235846537502672,10-15,10-20,0-30
0,205,1,11.19259761236819,10-15,10-20,0-30
0,207,1,13.217207321280403,10-15,10-20,30-60
0,266,1,10.264572815846542,10-15,10-20,0-30
0,286,1,11.550030470246623,10-15,10-20,0-30
0,289,1,12.145825295279026,10-15,10-20,0-30
0,352,1,12.036263602715328,10-15,10-20,30-60
0,366,1,13.171861371845162,10-15,10-20,30-60
0,393,1,10.236228184591466,10-15,10-20,0-30
0,424,1,10.934419476489037,10-15,10-20,0-30
0,427,1,10.43385879683111,10-15,10-20,0-30
0,431,1,9.995451878711648,0-10,,0-30
0,458,1,9.747253669452741,0-10,,0-30
0,468,1,13.629924985437,10-15,10-20,30-60
0,469,1,13.21685099216431,10-15,10-20,0-30
0,489,1,11.833445533046373,10-15,10-20,30-60
0,515,1,13.165271741241293,10-15,10-20,30-60
0,531,1,12.17415043210292,10-15,10-20,0-30
0,549,1,12.349022752858735,10-15,10-20,0-30
0,581,1,12.182762587919965,10-15,10-20,30-60
0,604,1,12.916282559492304,10-15,10-20,60-90.1
0,606,1,10.746290476969852,10-15,10-20,0-30
0,625,1,10.379618590820925,10-15,10-20,0-30
0,650,1,11.59949863917523,10-15,10-20,30-60
0,656,1,10.094568888520584,10-15,10-20,0-30
0,686,1,14.756639602405498,10-15,10-20,30-60
0,713,1,13.807557888957279,10-15,10-20,30-60
0,747,1,12.199801252067884,10-15,10-20,0-30
0,749,1,15.122145953897906,15-20,10-20,60-90.1
0,767,1,15.098877020623958,15-20,10-20,60-90.1
0,790,1,14.860289280379419,10-15,10-20,60-90.1
0,825,1,10.997355225707176,10-15,10-20,30-60
0,839,1,13.216621672066156,10-15,10-20,60-90.1
0,887,1,12.348432140197625,10-15,10-20,0-30
0,900,1,13.622468234300683,10-15,10-20,0-30
0,944,1,12.65677123523583,10-15,10-20,30-60
0,952,1,14.614101137213314,10-15,10-20,60-90.1
0,961,1,15.482068482833855,15-20,10-20,60-90.1
0,976,1,12.383326129902063,10-15,10-20,0-30
0,996,1,13.577090935918596,10-15,10-20,0-30
0,1011,1,14.264288554648118,10-15,10-20,30-60
0,1018,1,15.382702556679403,15-20,10-20,60-90.1
0,1041,1,12.801970959695034,10-15,10-20,60-90.1
0,1047,1,15.16786149640584,15-20,10-20,60-90.1
0,1074,1,10.952112921821245,10-15,10-20,0-30
0,1099,1,10.53880174507638,10-15,10-20,0-30
0,1103,1,11.401265158059802,10-15,10-20,30-60
0,1110,1,12.783637866842813,10-15,10-20,0-30
0,1139,1,13.648599568931356,10-15,10-20,0-30
0,1177,1,14.849293867866807,10-15,10-20,30-60
0,1182,1,15.267723404399373,15-20,10-20,30-60
0,1218,1,14.86703725181276,10-15,10-20,60-90.1
0,1231,1,16.805406680174375,15-20,10-20,30-60
0,1263,1,14.069026790417952,10-15,10-20,30-60
0,1299,1,14.473247169111875,10-15,10-20,30-60
0,1336,1,11.669595766054519,10-15,10-20,30-60
0,1356,1,14.544287285502435,10-15,10-20,30-60
0,1376,1,13.944905014187004,10-15,10-20,60-90.1
0,1380,1,11.13361739630452,10-15,10-20,0-30
0,1423,1,12.231904776383317,10-15,10-20,0-30
0,1449,1,12.395462918774038,10-15,10-20,0-30
0,1453,1,14.78777100217635,10-15,10-20,30-60
0,1468,1,13.241532357105456,10-15,10-20,30-60
0,1480,1,14.48902324655515,10-15,10-20,30-60
0,1484,1,14.19579913374199,10-15,10-20,60-90.1
0,1487,1,15.130512355567467,15-20,10-20,60-90.1
0,1516,1,16.80092692933276,15-20,10-20,60-90.1
0,1518,1,16.36899236774019,15-20,10-20,60-90.1
0,1548,1,17.75594810030889,15-20,10-20,30-60
0,1564,1,18.50357602584737,15-20,10-20,30-60
0,1583,1,17.77130992018458,15-20,10-20,0-30
0,1585,1,14.011185540236148,10-15,10-20,30-60
0,1600,1,18.08736775488404,15-20,10-20,60-90.1
0,1633,1,17.640854217705606,15-20,10-20,60-90.1
0,1652,1,17.056218333210598,15-20,10-20,60-90.1
0,1656,1,13.247020880542257,10-15,10-20,60-90.1
0,1670,1,12.43033264494844,10-15,10-20,30-60
0,1682,1,16.085517813275114,15-20,10-20,60-90.1
0,1687,1,16.316659895456958,15-20,10-20,60-90.1
0,1695,1,12.117006701565705,10-15,10-20,0-30
0,1700,1,15.744494591358398,15-20,10-20,60-90.1
0,1728,1,10.72763078287553,10-15,10-20,0-30
0,1730,1,15.00083925733033,15-20,10-20,0-30
0,1744,1,11.365367648839827,10-15,10-20,0-30
0,1769,1,12.75188704360432,10-15,10-20,30-60
0,1773,1,11.840468066351344,10-15,10-20,0-30
0,1789,1,11.59902729163517,10-15,10-20,0-30
0,1793,1,13.3783500077083,10-15,10-20,30-60
0,1841,1,14.016572810739788,10-15,10-20,30-60
0,1854,1,15.946534325849596,15-20,10-20,30-60
0,1883,1,17.710641818137756,15-20,10-20,30-60
0,1901,1,16.445160107613923,15-20,10-20,60-90.1
0,1905,1,14.57129229414001,10-15,10-20,60-90.1
0,1933,1,14.997946103807182,10-15,10-20,60-90.1
0,1945,1,16.62060209822961,15-20,10-20,30-60
0,1954,1,18.161370724955756,15-20,10-20,60-90.1
0,2061,1,14.039079361512496,10-15,10-20,30-60
0,2077,1,12.48174464372244,10-15,10-20,60-90.1
0,2083,1,12.526347704078898,10-15,10-20,30-60
0,2127,1,12.367032865050707,10-15,10-20,30-60
0,2144,1,17.010945255455958,15-20,10-20,60-90.1
0,2146,1,15.770187730357664,15-20,10-20,30-60
0,2162,1,17.353300481165128,15-20,10-20,30-60
0,2240,1,19.751359555485248,15-20,10-20,0-30
0,2248,1,20.17668562958228,20-25,20-30,30-60
0,2260,1,16.891298980274158,15-20,10-20,30-60
0,2268,1,15.689997359058276,15-20,10-20,60-90.1
0,2291,1,18.630041044113565,15-20,10-20,60-90.1
0,2303,1,13.148604030714003,10-15,10-20,0-30
0,2349,1,15.298941835141814,15-20,10-20,30-60
0,2377,1,12.239212609924182,10-15,10-20,30-60
0,2392,1,11.402592354974189,10-15,10-20,0-30
0,2399,1,11.561083621236916,10-15,10-20,0-30
0,2416,1,15.0871194770473,15-20,10-20,60-90.1
0,2436,1,16.39455412386407,15-20,10-20,30-60
0,2438,1,13.91879841618692,10-15,10-20,30-60
0,2468,1,17.14091071403448,15-20,10-20,30-60
0,2474,1,19.036743361481385,15-20,10-20,60-90.1
0,2477,1,18.63620887738621,15-20,10-20,0-30
0,2493,1,20.14648168860093,20-25,20-30,60-90.1
0,2495,1,18.85355337696917,15-20,10-20,30-60
0,2510,1,16.235059697672792,15-20,10-20,60-90.1
0,2512,1,20.999747875991147,20-25,20-30,60-90.1
0,2522,1,16.36279826177897,15-20,10-20,30-60
0,2536,1,20.837206960015482,20-25,20-30,30-60
0,2540,1,21.224709258474434,20-25,20-30,30-60
0,2554,1,17.785810881759073,15-20,10-20,30-60
0,2579,1,19.831611539766556,15-20,10-20,60-90.1
0,2604,1,20.08180730751679,20-25,20-30,60-90.1
0,2624,1,17.563865795033887,15-20,10-20,60-90.1
0,2640,1,12.268297324872874,10-15,10-20,30-60
0,2666,1,18.113335165757885,15-20,10-20,60-90.1
0,2687,1,11.526678615826327,10-15,10-20,30-60
0,2691,1,14.502012437026123,10-15,10-20,30-60
0,2741,1,14.874590270493263,10-15,10-20,60-90.1
0,2772,1,16.286660391424128,15-20,10-20,60-90.1
0,2814,1,19.981834988317736,15-20,10-20,30-60
0,2832,1,18.80790415288341,15-20,10-20,60-90.1
0,2872,1,17.287641854877325,15-20,10-20,60-90.1
0,2884,1,21.5251959331025,20-25,20-30,30-60
0,2912,1,15.149610294591831,15-20,10-20,60-90.1
0,2920,1,14.209608549523393,10-15,10-20,30-60
0,2931,1,12.63679625163586,10-15,10-20,30-60
0,2944,1,10.686743500788232,10-15,10-20,0-30
0,2996,1,11.661443133383862,10-15,10-20,0-30
0,3001,1,18.966795052976618,15-20,10-20,60-90.1
0,3004,1,15.462631413358572,15-20,10-20,30-60
0,3027,1,13.781351613775069,10-15,10-20,60-90.1
0,3048,1,12.876076930923722,10-15,10-20,60-90.1
0,3058,1,14.315364886033812,10-15,10-20,60-90.1
0,3061,1,12.75774918287963,10-15,10-20,60-90.1
0,3094,1,16.71686024732566,15-20,10-20,30-60
0,3127,1,11.02042230802086,10-15,10-20,30-60
0,3136,1,19.334237691883708,15-20,10-20,60-90.1
0,3151,1,12.398263828198935,10-15,10-20,30-60
0,3165,1,18.564824191081797,15-20,10-20,30-60
0,3170,1,19.533990447778418,15-20,10-20,30-60
0,3181,1,13.800233930046618,10-15,10-20,30-60
0,3205,1,15.890710381416879,15-20,10-20,60-90.1
0,3218,1,22.932737363341698,20-25,20-30,30-60
0,3236,1,17.885306562786095,15-20,10-20,60-90.1
0,3261,1,22.79608098028972,20-25,20-30,30-60
0,3266,1,23.041455938891406,20-25,20-30,30-60
0,3298,1,18.74708126545252,15-20,10-20,30-60
0,3301,1,10.927732724535932,10-15,10-20,60-90.1
0,3312,1,22.368579600655806,20-25,20-30,60-90.1
0,3322,1,17.406084020033614,15-20,10-20,30-60
0,3339,1,22.086605942886028,20-25,20-30,60-90.1
0,3391,1,17.225807699188913,15-20,10-20,30-60
0,3417,1,11.36694408012981,10-15,10-20,0-30
0,3435,1,12.663468369811682,10-15,10-20,30-60
0,3443,1,12.046503984372725,10-15,10-20,30-60
0,3483,1,9.941369550088067,0-10,,0-30
0,3499,1,17.76797230859168,15-20,10-20,60-90.1
0,3518,1,17.890814073219303,15-20,10-20,60-90.1
0,3520,1,11.807570593595337,10-15,10-20,60-90.1
0,3524,1,9.716040502134968,0-10,,0-30
0,3527,1,18.744788718255414,15-20,10-20,60-90.1
0,3543,1,16.37990047202046,15-20,10-20,60-90.1
0,3563,1,13.303024139840534,10-15,10-20,60-90.1
0,3564,1,10.990710033932338,10-15,10-20,0-30
0,3578,1,21.499975709016546,20-25,20-30,60-90.1
0,3591,1,11.958830530790543,10-15,10-20,0-30
0,3611,1,22.759297940787143,20-25,20-30,30-60
0,3647,1,16.89377572574977,15-20,10-20,30-60
0,3649,1,14.415661982291327,10-15,10-20,30-60
0,3675,1,15.733989598781609,15-20,10-20,30-60
0,3684,1,17.45633587772421,15-20,10-20,30-60
0,3705,1,19.307174719789295,15-20,10-20,30-60
0,3771,1,13.287389141039819,10-15,10-20,60-90.1
0,3790,1,11.719708788152928,10-15,10-20,30-60
0,3817,1,20.225076003784107,20-25,20-30,60-90.1
0,3831,1,10.527526108243569,10-15,10-20,0-30
0,3836,1,20.947705481319975,20-25,20-30,30-60
0,3927,1,12.821869920768433,10-15,10-20,30-60
0,3942,1,16.083991715786524,15-20,10-20,60-90.1
0,3959,1,15.04419579161155,15-20,10-20,60-90.1
0,4002,1,19.548913647836805,15-20,10-20,60-90.1
0,4024,1,10.032681728084238,10-15,10-20,0-30
0,4028,1,20.38260600966296,20-25,20-30,30-60
0,4042,1,18.89972260919952,15-20,10-20,60-90.1
0,4056,1,11.64535548699611,10-15,10-20,0-30
0,4066,1,14.973266894791118,10-15,10-20,60-90.1
0,4079,1,21.046654317487633,20-25,20-30,30-60
0,4097,1,13.063129738609957,10-15,10-20,30-60
0,4108,1,22.120960575887153,20-25,20-30,30-60
0,4132,1,20.83884926813197,20-25,20-30,60-90.1
0,4142,1,24.453368251696112,20-25,20-30,30-60
0,4164,1,19.155987379922465,15-20,10-20,30-60
0,4169,1,24.06144092671384,20-25,20-30,0-30
0,4199,1,19.365653461603564,15-20,10-20,0-30
0,4220,1,18.018064447090527,15-20,10-20,30-60
0,4223,1,9.86098761669164,0-10,,0-30
0,4246,1,15.529158422564638,15-20,10-20,30-60
0,4266,1,10.683388094483554,10-15,10-20,0-30
0,4301,1,22.3485778855828,20-25,20-30,60-90.1
0,4309,1,10.212778767404593,10-15,10-20,0-30
0,4339,1,11.3562692215012,10-15,10-20,30-60
0,4352,1,13.075580099913449,10-15,10-20,0-30
0,4355,1,12.475801158278971,10-15,10-20,0-30
0,4388,1,13.504302505383222,10-15,10-20,60-90.1
0,4406,1,14.419626337352279,10-15,10-20,60-90.1
0,4426,1,10.635634198636833,10-15,10-20,0-30
0,4447,1,12.923168871930951,10-15,10-20,30-60
0,4449,1,9.581801767090086,0-10,,0-30
0,4503,1,14.344433238616134,10-15,10-20,30-60
0,4506,1,21.888580616976395,20-25,20-30,60-90.1
0,4507,1,22.02230180864625,20-25,20-30,30-60
0,4548,1,21.056109932737062,20-25,20-30,30-60
0,4550,1,12.600771568693311,10-15,10-20,30-60
0,4577,1,24.711487157417626,20-25,20-30,30-60
0,4599,1,25.668142601826,25-30,20-30,30-60
0,4606,1,20.39466444944007,20-25,20-30,60-90.1
0,4630,1,25.55686826194501,25-30,20-30,30-60
0,4662,1,12.454109714361401,10-15,10-20,60-90.1
0,4665,1,10.806498467593066,10-15,10-20,30-60
0,4696,1,14.277376858903184,10-15,10-20,60-90.1
0,4710,1,25.376181004897695,25-30,20-30,60-90.1
0,4732,1,25.089946054328426,25-30,20-30,60-90.1
0,4798,1,22.293518226857163,20-25,20-30,60-90.1
0,4819,1,14.048259468486131,10-15,10-20,30-60
0,4826,1,13.775507996425572,10-15,10-20,30-60
0,4835,1,12.16856785571058,10-15,10-20,30-60
0,4851,1,14.701275978797113,10-15,10-20,60-90.1
0,4858,1,15.834475721298094,15-20,10-20,60-90.1
0,4881,1,15.749943002059887,15-20,10-20,60-90.1
0,4895,1,11.2044997874684,10-15,10-20,30-60
0,4899,1,16.4079392314928,15-20,10-20,60-90.1
0,4919,1,13.131117589480887,10-15,10-20,60-90.1
0,4926,1,10.899688930525913,10-15,10-20,30-60
0,4937,1,17.73202455836281,15-20,10-20,60-90.1
0,4942,1,19.74900868372556,15-20,10-20,60-90.1
0,4954,1,9.72456185361253,0-10,,0-30
0,4956,1,21.384958193671817,20-25,20-30,30-60
0,4972,1,18.95254801358898,15-20,10-20,30-60
0,4997,1,10.594122552953017,10-15,10-20,0-30
0,5005,1,22.5952690403844,20-25,20-30,30-60
0,5023,1,21.110399945621147,20-25,20-30,30-60
0,5037,1,24.231574623469,20-25,20-30,60-90.1
0,5039,1,16.28407076563981,15-20,10-20,30-60
0,5046,1,24.963554326038807,20-25,20-30,60-90.1
0,5057,1,22.593396551370258,20-25,20-30,30-60
0,5058,1,17.390640262502373,15-20,10-20,60-90.1
0,5083,1,19.330016553413515,15-20,10-20,60-90.1
0,5137,1,20.224282663713606,20-25,20-30,0-30
0,5171,1,25.832844200694446,25-30,20-30,30-60
0,5176,1,19.063052490429033,15-20,10-20,0-30
0,5202,1,16.893168971285384,15-20,10-20,30-60
0,5243,1,11.072816230138049,10-15,10-20,0-30
0,5249,1,25.187139184456434,25-30,20-30,60-90.1
0,5255,1,23.05003988900018,20-25,20-30,60-90.1
0,5312,1,16.812520268868628,15-20,10-20,60-90.1
0,5319,1,11.7568486561913,10-15,10-20,0-30
0,5322,1,12.06867921616042,10-15,10-20,30-60
0,5399,1,17.024402995253897,15-20,10-20,60-90.1
0,5414,1,11.029474219820122,10-15,10-20,30-60
0,5420,1,18.668386578928203,15-20,10-20,60-90.1
0,5459,1,15.163754387716352,15-20,10-20,30-60
0,5465,1,21.74496063435454,20-25,20-30,60-90.1
0,5500,1,23.37721896642511,20-25,20-30,30-60
0,5510,1,24.288551437756183,20-25,20-30,60-90.1
0,5535,1,25.00505634217418,25-30,20-30,60-90.1
0,5565,1,14.312459070014265,10-15,10-20,30-60
0,5573,1,27.027274728758258,25-30,20-30,60-90.1
0,5585,1,23.250588846655962,20-25,20-30,0-30
0,5594,1,16.206079181444736,15-20,10-20,60-90.1
0,5610,1,17.93055172416948,15-20,10-20,30-60
0,5618,1,19.489380412353064,15-20,10-20,30-60
0,5638,1,14.223940490912463,10-15,10-20,60-90.1
0,5645,1,26.07748288527551,25-30,20-30,0-30
0,5653,1,11.695307048193069,10-15,10-20,30-60
0,5688,1,15.955900997928106,15-20,10-20,60-90.1
0,5730,1,10.857089900384032,10-15,10-20,0-30
0,5779,1,24.37851083104129,20-25,20-30,60-90.1
0,5800,1,10.994711787610795,10-15,10-20,30-60
0,5813,1,18.86167467873945,15-20,10-20,60-90.1
0,5850,1,12.493565062554268,10-15,10-20,30-60
0,5870,1,14.070615182951862,10-15,10-20,60-90.1
0,5886,1,15.915129751154414,15-20,10-20,60-90.1
0,5893,1,18.77569029244925,15-20,10-20,60-90.1
0,5904,1,11.366075600887521,10-15,10-20,0-30
0,5929,1,14.047106331825812,10-15,10-20,60-90.1
0,5937,1,18.86094738657018,15-20,10-20,60-90.1
0,5959,1,15.488448874954777,15-20,10-20,60-90.1
0,5966,1,19.87291807107913,15-20,10-20,60-90.1
0,5988,1,20.81234149118986,20-25,20-30,30-60
0,5990,1,10.638075181380898,10-15,10-20,60-90.1
0,5993,1,24.310974187595992,20-25,20-30,30-60
0,6019,1,17.3037740809871,15-20,10-20,30-60
0,6020,1,13.14745343581355,10-15,10-20,60-90.1
0,6043,1,25.3191594701656,25-30,20-30,30-60
0,6056,1,23.219510041125012,20-25,20-30,30-60
0,6066,1,19.04029041472192,15-20,10-20,60-90.1
0,6078,1,23.837489250685742,20-25,20-30,0-30
0,6101,1,22.733109085758795,20-25,20-30,30-60
0,6122,1,12.411233506013968,10-15,10-20,60-90.1
0,6137,1,10.604139846966246,10-15,10-20,0-30
0,6155,1,20.056560118276696,20-25,20-30,0-30
0,6198,1,18.832404191325686,15-20,10-20,30-60
0,6211,1,28.10246877413624,25-30,20-30,60-90.1
0,6222,1,10.754799146699451,10-15,10-20,0-30
0,6233,1,28.472881563271475,25-30,20-30,60-90.1
0,6284,1,22.685736567747984,20-25,20-30,60-90.1
0,6300,1,11.592607551893835,10-15,10-20,30-60
0,6313,1,20.61298374183583,20-25,20-30,30-60
0,6340,1,12.831099864854247,10-15,10-20,30-60
0,6349,1,14.29100224018447,10-15,10-20,60-90.1
0,6386,1,14.033923340469784,10-15,10-20,30-60
0,6394,1,13.48936656970902,10-15,10-20,60-90.1
0,6403,1,16.573896296214404,15-20,10-20,60-90.1
0,6424,1,12.70088351415526,10-15,10-20,60-90.1
0,6439,1,18.870278802921405,15-20,10-20,60-90.1
0,6473,1,20.756288347498195,20-25,20-30,60-90.1
0,6479,1,16.09640332218852,15-20,10-20,30-60
0,6494,1,12.518947968169034,10-15,10-20,30-60
0,6496,1,22.178976138819475,20-25,20-30,60-90.1
0,6510,1,23.486752588317003,20-25,20-30,30-60
0,6565,1,23.333613853395335,20-25,20-30,30-60
0,6594,1,15.163965451870197,15-20,10-20,60-90.1
0,6596,1,27.568956341626468,25-30,20-30,60-90.1
0,6597,1,27.747011093435585,25-30,20-30,60-90.1
0,6639,1,21.051797860927252,20-25,20-30,60-90.1
0,6645,1,28.92332675418052,25-30,20-30,60-90.1
0,6665,1,28.621684850235106,25-30,20-30,30-60
0,6705,1,19.136578443821264,15-20,10-20,0-30
0,6732,1,17.17921574062512,15-20,10-20,60-90.1
0,6738,1,11.108305007198279,10-15,10-20,0-30
0,6795,1,11.771170260045631,10-15,10-20,30-60
0,6800,1,28.10806604401596,25-30,20-30,60-90.1
0,6804,1,26.282650201535745,25-30,20-30,30-60
0,6811,1,29.02538679988987,25-30,20-30,60-90.1
0,6895,1,11.36843780953642,10-15,10-20,0-30
0,6918,1,11.292671921558231,10-15,10-20,0-30
0,6940,1,15.819791927959939,15-20,10-20,60-90.1
0,6972,1,10.590143751747348,10-15,10-20,0-30
0,7003,1,21.327253346549433,20-25,20-30,60-90.1
0,7028,1,20.81300049657749,20-25,20-30,60-90.1
0,7030,1,13.270983356263903,10-15,10-20,0-30
0,7055,1,12.299242956198805,10-15,10-20,60-90.1
0,7057,1,22.316972426866908,20-25,20-30,60-90.1
0,7074,1,18.391215439557847,15-20,10-20,60-90.1
0,7083,1,25.259873745898492,25-30,20-30,30-60
0,7085,1,18.152096284416118,15-20,10-20,60-90.1
0,7096,1,26.748660816613146,25-30,20-30,60-90.1
0,7120,1,27.888133995589204,25-30,20-30,60-90.1
0,7138,1,19.35038447634368,15-20,10-20,60-90.1
0,7145,1,27.82515154544042,25-30,20-30,60-90.1
0,7149,1,24.501045167091803,20-25,20-30,0-30
0,7178,1,23.9297741046458,20-25,20-30,0-30
0,7185,1,30.33909056846664,30-40,30-45,60-90.1
0,7196,1,16.496711931354454,15-20,10-20,0-30
0,7210,1,14.779027119321688,10-15,10-20,30-60
0,7234,1,18.091578884179654,15-20,10-20,0-30
0,7245,1,28.957664990503297,25-30,20-30,30-60
0,7260,1,15.845831360550795,15-20,10-20,60-90.1
0,7296,1,27.99081342983518,25-30,20-30,60-90.1
0,7327,1,13.399672548537218,10-15,10-20,60-90.1
0,7381,1,25.054166172559448,25-30,20-30,30-60
0,7403,1,20.676753567848063,20-25,20-30,30-60
0,7427,1,16.78756293080843,15-20,10-20,60-90.1
0,7440,1,12.738702447815964,10-15,10-20,30-60
0,7461,1,15.933112192033166,15-20,10-20,60-90.1
0,7470,1,13.622356471858046,10-15,10-20,60-90.1
0,7532,1,19.01503809736299,15-20,10-20,60-90.1
0,7542,1,12.04020513698554,10-15,10-20,30-60
0,7555,1,20.62758145288648,20-25,20-30,60-90.1
0,7569,1,17.140875041520676,15-20,10-20,60-90.1
0,7585,1,14.551466492276758,10-15,10-20,30-60
0,7633,1,23.582728627689168,20-25,20-30,30-60
0,7647,1,13.808723987448298,10-15,10-20,60-90.1
0,7649,1,26.51249508455467,25-30,20-30,30-60
0,7661,1,20.548039435538993,20-25,20-30,60-90.1
0,7719,1,17.00797559977689,15-20,10-20,60-90.1
0,7727,1,21.903973904083962,20-25,20-30,60-90.1
0,7753,1,13.097873178751264,10-15,10-20,30-60
0,7847,1,13.246927108757667,10-15,10-20,60-90.1
0,7909,1,30.517296741305977,30-40,30-45,30-60
0,7941,1,13.653234560298358,10-15,10-20,60-90.1
0,7944,1,14.76628042523263,10-15,10-20,30-60
0,7949,1,19.005674826707388,15-20,10-20,30-60
0,7964,1,14.223520809687953,10-15,10-20,30-60
0,7978,1,13.546906372885385,10-15,10-20,0-30
0,8021,1,18.0459499924958,15-20,10-20,60-90.1
0,8030,1,12.391286983136848,10-15,10-20,60-90.1
0,8048,1,15.223276638277097,15-20,10-20,60-90.1
0,8070,1,10.629570312883912,10-15,10-20,30-60
0,8098,1,13.718657749506345,10-15,10-20,30-60
0,8119,1,23.128457154482753,20-25,20-30,30-60
0,8127,1,19.46599326251019,15-20,10-20,30-60
0,8143,1,13.763205247202396,10-15,10-20,60-90.1
0,8180,1,24.865922812480292,20-25,20-30,30-60
0,8185,1,16.842739060872976,15-20,10-20,60-90.1
0,8210,1,30.515653454384843,30-40,30-45,60-90.1
0,8221,1,24.499409541567218,20-25,20-30,30-60
0,8246,1,30.519431019931222,30-40,30-45,60-90.1
0,8288,1,13.527797288628928,10-15,10-20,60-90.1
0,8329,1,16.945585034399755,15-20,10-20,60-90.1
0,8334,1,13.451118658407683,10-15,10-20,60-90.1
0,8352,1,32.425163496882476,30-40,30-45,30-60
0,8356,1,30.98078935926002,30-40,30-45,30-60
0,8373,1,17.158775221868872,15-20,10-20,60-90.1
0,8375,1,32.74907625423782,30-40,30-45,60-90.1
0,8386,1,16.775128057837307,15-20,10-20,60-90.1
0,8392,1,30.13441657919071,30-40,30-45,60-90.1
0,8433,1,23.48336205676206,20-25,20-30,60-90.1
0,8465,1,14.435892749847023,10-15,10-20,0-30
0,8498,1,12.571109751832953,10-15,10-20,0-30
0,8517,1,16.25798879177513,15-20,10-20,60-90.1
0,8534,1,19.68910921235416,15-20,10-20,60-90.1
0,8551,1,11.199314011488495,10-15,10-20,30-60
0,8564,1,20.080513650610953,20-25,20-30,60-90.1
0,8619,1,24.34223846495866,20-25,20-30,60-90.1
0,8623,1,23.954133932603142,20-25,20-30,60-90.1
0,8650,1,19.366315998213185,15-20,10-20,60-90.1
0,8652,1,25.60360969693418,25-30,20-30,60-90.1
0,8662,1,16.088597849174015,15-20,10-20,30-60
0,8674,1,24.844654470087164,20-25,20-30,60-90.1
0,8696,1,25.40421940256234,25-30,20-30,30-60
0,8697,1,21.071188919802992,20-25,20-30,60-90.1
0,8699,1,16.13874069144285,15-20,10-20,60-90.1
0,8725,1,28.168198831321213,25-30,20-30,30-60
0,8742,1,22.856349644075667,20-25,20-30,60-90.1
0,8743,1,19.310572954431088,15-20,10-20,60-90.1
0,8749,1,31.353479855683833,30-40,30-45,60-90.1
0,8785,1,17.831654241056174,15-20,10-20,60-90.1
0,8846,1,31.467245334889782,30-40,30-45,60-90.1
0,8853,1,15.490298722681406,15-20,10-20,60-90.1
0,8935,1,27.983549392244658,25-30,20-30,60-90.1
0,8953,1,14.4187216489394,10-15,10-20,60-90.1
0,9030,1,13.56045908167894,10-15,10-20,30-60
0,9039,1,15.044511300351491,15-20,10-20,60-90.1
0,9112,1,22.1998873651807,20-25,20-30,60-90.1
0,9127,1,15.294407808285216,15-20,10-20,60-90.1
0,9164,1,12.5167393375867,10-15,10-20,60-90.1
0,9173,1,23.79396918043365,20-25,20-30,60-90.1
0,9206,1,27.229439694430816,25-30,20-30,60-90.1
0,9210,1,16.758427379996025,15-20,10-20,60-90.1
0,9223,1,21.80536192324402,20-25,20-30,60-90.1
0,9255,1,23.78936099315298,20-25,20-30,60-90.1
0,9257,1,18.668968274247593,15-20,10-20,60-90.1
0,9268,1,25.29255990112264,25-30,20-30,0-30
0,9277,1,29.734917371218717,25-30,20-30,30-60
0,9303,1,20.18735986124838,20-25,20-30,60-90.1
0,9329,1,16.376538451209726,15-20,10-20,60-90.1
0,9350,1,32.95265621753956,30-40,30-45,60-90.1
0,9375,1,16.18172066225865,15-20,10-20,60-90.1
0,9475,1,32.66425108405833,30-40,30-45,60-90.1
0,9489,1,26.00785137994473,25-30,20-30,60-90.1
0,9537,1,15.582362093186573,15-20,10-20,60-90.1
0,9558,1,11.64997860973181,10-15,10-20,0-30
0,9592,1,14.548191255511485,10-15,10-20,60-90.1
0,9607,1,18.2376710595175,15-20,10-20,60-90.1
0,9636,1,10.650334285470272,10-15,10-20,60-90.1
0,9666,1,14.545322652443751,10-15,10-20,60-90.1
0,9672,1,22.597489035830893,20-25,20-30,30-60
0,9682,1,18.602525645007038,15-20,10-20,60-90.1
0,9689,1,9.66149907402015,0-10,,30-60
0,9695,1,17.967786810705043,15-20,10-20,60-90.1
0,9708,1,20.16535540048172,20-25,20-30,60-90.1
0,9724,1,15.384838964088855,15-20,10-20,60-90.1
0,9730,1,11.796602501119489,10-15,10-20,60-90.1
0,9756,1,25.95267377771315,25-30,20-30,30-60
0,9770,1,28.614803319404437,25-30,20-30,30-60
0,9801,1,28.525862986820382,25-30,20-30,30-60
0,9869,1,32.92424461294879,30-40,30-45,60-90.1
0,9880,1,19.90530726685111,15-20,10-20,60-90.1
0,9894,1,34.08222996177807,30-40,30-45,60-90.1
0,9917,1,32.3207994985702,30-40,30-45,30-60
0,10012,1,35.27091012079529,30-40,30-45,60-90.1
0,10079,1,18.31176182169746,15-20,10-20,60-90.1
0,10108,1,13.635919831859825,10-15,10-20,30-60
0,10130,1,14.934557423006796,10-15,10-20,30-60
0,10133,1,13.089786114604157,10-15,10-20,60-90.1
0,10147,1,17.3599171726643,15-20,10-20,60-90.1
0,10155,1,13.18946424993591,10-15,10-20,60-90.1
0,10160,1,16.85075739293381,15-20,10-20,0-30
0,10174,1,16.98980433417114,15-20,10-20,60-90.1
0,10175,1,19.957573405986647,15-20,10-20,60-90.1
0,10193,1,20.388423963441014,20-25,20-30,60-90.1
0,10213,1,21.450744147828356,20-25,20-30,30-60
0,10285,1,26.767389477913014,25-30,20-30,60-90.1
0,10320,1,25.82361485955165,25-30,20-30,30-60
0,10330,1,22.665280056021057,20-25,20-30,60-90.1
0,10338,1,17.66159633033464,15-20,10-20,60-90.1
0,10342,1,22.90522770086789,20-25,20-30,60-90.1
0,10361,1,27.094732807858083,25-30,20-30,30-60
0,10374,1,24.370836965505,20-25,20-30,60-90.1
0,10377,1,18.929703789057537,15-20,10-20,60-90.1
0,10389,1,25.91830381906024,25-30,20-30,0-30
0,10393,1,29.66115821206184,25-30,20-30,30-60
0,10402,1,21.736889413579526,20-25,20-30,60-90.1
0,10438,1,33.713220125675655,30-40,30-45,0-30
0,10479,1,31.404181413281343,30-40,30-45,30-60
0,10530,1,34.69825753456237,30-40,30-45,60-90.1
0,10558,1,31.30964083028472,30-40,30-45,60-90.1
0,10596,1,19.252087405510498,15-20,10-20,30-60
0,10603,1,23.547306538432743,20-25,20-30,60-90.1
0,10612,1,16.251782878998625,15-20,10-20,0-30
0,10613,1,21.24653696262935,20-25,20-30,60-90.1
0,10654,1,13.309247939641981,10-15,10-20,0-30
0,10662,1,11.16326759271179,10-15,10-20,0-30
0,10676,1,11.165205003749227,10-15,10-20,0-30
0,10682,1,14.548064878110393,10-15,10-20,60-90.1
0,10754,1,22.849250449372725,20-25,20-30,60-90.1
0,10773,1,10.287437403961604,10-15,10-20,30-60
0,10808,1,14.302427035430046,10-15,10-20,60-90.1
0,10812,1,25.912255917692782,25-30,20-30,60-90.1
0,10826,1,24.832508796408526,20-25,20-30,30-60
0,10838,1,22.20582989410476,20-25,20-30,60-90.1
0,10846,1,17.564084863087853,15-20,10-20,60-90.1
0,10874,1,14.8180216171264,10-15,10-20,60-90.1
0,10879,1,11.497289564344912,10-15,10-20,60-90.1
0,10921,1,27.455034563530056,25-30,20-30,0-30
0,10925,1,19.144987166427295,15-20,10-20,30-60
0,10966,1,21.522506423959275,20-25,20-30,60-90.1
0,10989,1,31.464451247350603,30-40,30-45,30-60
0,10990,1,23.729935651076783,20-25,20-30,60-90.1
0,11032,1,20.839034814728205,20-25,20-30,60-90.1
0,11049,1,22.201743189018703,20-25,20-30,60-90.1
0,11056,1,33.384280836184274,30-40,30-45,60-90.1
0,11078,1,37.39454486271726,30-40,30-45,30-60
0,11110,1,21.447835497079367,20-25,20-30,30-60
0,11126,1,34.21287428562727,30-40,30-45,30-60
0,11141,1,20.43667141347331,20-25,20-30,30-60
0,11162,1,18.634825420454863,15-20,10-20,60-90.1
0,11207,1,11.654628839671494,10-15,10-20,0-30
0,11239,1,17.546590182323065,15-20,10-20,60-90.1
0,11244,1,15.141565357353091,15-20,10-20,60-90.1
0,11247,1,11.628598446290429,10-15,10-20,0-30
0,11280,1,15.612261606353083,15-20,10-20,60-90.1
0,11285,1,13.256697584809476,10-15,10-20,60-90.1
0,11297,1,18.54036867325517,15-20,10-20,60-90.1
0,11345,1,22.866220975278097,20-25,20-30,30-60
0,11347,1,22.456610269911096,20-25,20-30,30-60
0,11366,1,13.905860757236958,10-15,10-20,60-90.1
0,11401,1,21.112461569062273,20-25,20-30,30-60
0,11405,1,9.959522719896478,0-10,,30-60
0,11406,1,28.2082143240422,25-30,20-30,60-90.1
0,11438,1,28.5189191921096,25-30,20-30,60-90.1
0,11486,1,17.487836318215223,15-20,10-20,60-90.1
0,11515,1,30.558412552210022,30-40,30-45,30-60
0,11522,1,25.716784723142595,25-30,20-30,60-90.1
0,11528,1,27.22083473020255,25-30,20-30,30-60
0,11532,1,30.638888311817528,30-40,30-45,30-60
0,11550,1,30.755255068551687,30-40,30-45,0-30
0,11578,1,35.423997197670346,30-40,30-45,60-90.1
0,11651,1,23.31876092939087,20-25,20-30,30-60
0,11663,1,23.147079754750724,20-25,20-30,30-60
0,11728,1,29.0819380208771,25-30,20-30,30-60
0,11748,1,26.102810873363243,25-30,20-30,30-60
0,11772,1,17.07012616531405,15-20,10-20,30-60
0,11802,1,14.791152725067574,10-15,10-20,60-90.1
0,11831,1,19.937403841864636,15-20,10-20,30-60
0,11849,1,20.639446337850586,20-25,20-30,60-90.1
0,11855,1,23.207528056189204,20-25,20-30,60-90.1
0,11911,1,23.467454399768933,20-25,20-30,60-90.1
0,11919,1,24.95016167079542,20-25,20-30,30-60
0,11939,1,17.74103701811527,15-20,10-20,60-90.1
0,11962,1,24.528218675515426,20-25,20-30,60-90.1
0,11964,1,22.51014038528854,20-25,20-30,60-90.1
0,11990,1,27.648383216541205,25-30,20-30,30-60
0,11998,1,15.158055750306362,15-20,10-20,60-90.1
0,12012,1,30.305448567476166,30-40,30-45,60-90.1
0,12017,1,25.62932619806504,25-30,20-30,60-90.1
0,12026,1,32.06336050659451,30-40,30-45,60-90.1
0,12046,1,27.86120478682829,25-30,20-30,30-60
0,12072,1,21.912941372766127,20-25,20-30,60-90.1
0,12091,1,23.6433000763135,20-25,20-30,60-90.1
0,12135,1,35.7866369582396,30-40,30-45,0-30
0,12148,1,33.80452166448821,30-40,30-45,60-90.1
0,12200,1,31.041488100080947,30-40,30-45,0-30
0,12230,1,37.063512181652904,30-40,30-45,60-90.1
0,12239,1,23.666396251764404,20-25,20-30,30-60
0,12289,1,37.5840884422538,30-40,30-45,60-90.1
0,12319,1,22.095060126760533,20-25,20-30,60-90.1
0,12326,1,19.661359847109438,15-20,10-20,60-90.1
0,12345,1,12.675997364600606,10-15,10-20,30-60
0,12377,1,11.412673483496993,10-15,10-20,0-30
0,12402,1,17.872133731554566,15-20,10-20,30-60
0,12406,1,16.196591345712022,15-20,10-20,60-90.1
0,12434,1,25.522475786533,25-30,20-30,60-90.1
0,12447,1,10.010865687256878,10-15,10-20,30-60
0,12450,1,23.191502382736445,20-25,20-30,60-90.1
0,12472,1,22.124493953708804,20-25,20-30,30-60
0,12491,1,17.228210300818393,15-20,10-20,60-90.1
0,12519,1,27.092232607275385,25-30,20-30,60-90.1
0,12524,1,22.236877634339137,20-25,20-30,60-90.1
0,12526,1,21.15614355583132,20-25,20-30,60-90.1
0,12529,1,30.86948323068983,30-40,30-45,60-90.1
0,12588,1,20.985546645409915,20-25,20-30,60-90.1
0,12612,1,23.760814847741965,20-25,20-30,60-90.1
0,12614,1,31.436701587316144,30-40,30-45,30-60
0,12630,1,32.36843902066142,30-40,30-45,30-60
0,12636,1,33.79298353878943,30-40,30-45,30-60
0,12639,1,25.176338396536337,25-30,20-30,30-60
0,12678,1,19.886853834100293,15-20,10-20,60-90.1
0,12713,1,34.83125797866216,30-40,30-45,0-30
0,12723,1,13.957289109387924,10-15,10-20,30-60
0,12767,1,39.719453776287644,30-40,30-45,30-60
0,12811,1,28.00462611812958,25-30,20-30,30-60
0,12826,1,24.918384477013458,20-25,20-30,60-90.1
0,12857,1,11.746044311810229,10-15,10-20,0-30
0,12879,1,11.967518513946823,10-15,10-20,0-30
0,12889,1,16.277711566402246,15-20,10-20,60-90.1
0,12905,1,12.647043627111639,10-15,10-20,30-60
0,12944,1,22.4181873742092,20-25,20-30,60-90.1
0,12956,1,13.288101825222702,10-15,10-20,60-90.1
0,12975,1,23.80759992101908,20-25,20-30,60-90.1
0,12990,1,28.733381247145854,25-30,20-30,60-90.1
0,13012,1,24.284970414887887,20-25,20-30,60-90.1
0,13024,1,12.62766043604666,10-15,10-20,60-90.1
0,13046,1,15.377521448025243,15-20,10-20,60-90.1
0,13053,1,18.44258609040969,15-20,10-20,60-90.1
0,13062,1,32.643468942037536,30-40,30-45,60-90.1
0,13085,1,32.91750454642955,30-40,30-45,30-60
0,13100,1,32.980062547266236,30-40,30-45,30-60
0,13174,1,33.49909824775115,30-40,30-45,60-90.1
0,13186,1,13.88772708089864,10-15,10-20,60-90.1
0,13207,1,18.29425808014768,15-20,10-20,60-90.1
0,13286,1,35.275410710613684,30-40,30-45,30-60
0,13291,1,31.554628663940584,30-40,30-45,60-90.1
0,13324,1,19.702684520556787,15-20,10-20,30-60
0,13355,1,12.767596030577064,10-15,10-20,30-60
0,13409,1,14.336807714298958,10-15,10-20,60-90.1
0,13433,1,19.833137025215,15-20,10-20,60-90.1
0,13496,1,13.047424548349564,10-15,10-20,60-90.1
0,13516,1,31.188946933334062,30-40,30-45,60-90.1
0,13520,1,20.81817065639333,20-25,20-30,60-90.1
0,13530,1,25.78041362407239,25-30,20-30,30-60
0,13542,1,24.843417934950768,20-25,20-30,60-90.1
0,13577,1,34.88127716889088,30-40,30-45,60-90.1
0,13594,1,23.31732535744033,20-25,20-30,60-90.1
0,13623,1,32.633341441335205,30-40,30-45,30-60
0,13637,1,26.67849202054051,25-30,20-30,30-60
0,13646,1,35.99384063364673,30-40,30-45,60-90.1
0,13665,1,22.983975790591636,20-25,20-30,60-90.1
0,13773,1,36.32907485312431,30-40,30-45,60-90.1
0,13808,1,37.924984481892345,30-40,30-45,60-90.1
0,13823,1,22.295655877629624,20-25,20-30,30-60
0,13835,1,27.388447135617934,25-30,20-30,60-90.1
0,13883,1,15.877681405921756,15-20,10-20,60-90.1
0,13896,1,19.312289173469747,15-20,10-20,60-90.1
0,13906,1,19.006592985104504,15-20,10-20,0-30
0,13935,1,18.00825861936024,15-20,10-20,30-60
0,13962,1,10.461267024749313,10-15,10-20,0-30
0,13964,1,26.09356509026662,25-30,20-30,60-90.1
0,13972,1,24.830290757414563,20-25,20-30,60-90.1
0,13977,1,28.20569974730424,25-30,20-30,60-90.1
0,13996,1,16.564620334801333,15-20,10-20,60-90.1
0,14000,1,26.28598083344024,25-30,20-30,60-90.1
0,14015,1,26.847297244754134,25-30,20-30,60-90.1
0,14044,1,33.75844377195405,30-40,30-45,60-90.1
0,14069,1,34.981315511386136,30-40,30-45,30-60
0,14074,1,18.958893499880077,15-20,10-20,60-90.1
0,14080,1,21.624818534240518,20-25,20-30,60-90.1
0,14097,1,35.882338791355,30-40,30-45,60-90.1
0,14127,1,37.713935089309174,30-40,30-45,60-90.1
0,14129,1,34.354436333339564,30-40,30-45,30-60
0,14158,1,34.92556028581224,30-40,30-45,60-90.1
0,14172,1,25.261312235130106,25-30,20-30,30-60
0,14237,1,20.256337259986985,20-25,20-30,60-90.1
0,14251,1,15.702028983915042,15-20,10-20,60-90.1
0,14270,1,40.317570370483274,40-50,30-45,60-90.1
0,14283,1,24.807661616063324,20-25,20-30,0-30
0,14285,1,40.489355085766654,40-50,30-45,60-90.1
0,14297,1,24.495484391733676,20-25,20-30,30-60
0,14313,1,29.966265888287964,25-30,20-30,30-60
0,14315,1,24.15855762249597,20-25,20-30,30-60
0,14342,1,20.050476387653976,20-25,20-30,30-60
0,14363,1,11.345836181871782,10-15,10-20,0-30
0,14389,1,12.000865921710563,10-15,10-20,30-60
0,14420,1,16.834506204771078,15-20,10-20,60-90.1
0,14422,1,22.428589025680402,20-25,20-30,60-90.1
0,14433,1,23.88778074293239,20-25,20-30,60-90.1
0,14442,1,22.108190080866763,20-25,20-30,60-90.1
0,14453,1,13.028194716946656,10-15,10-20,60-90.1
0,14471,1,12.802071904233994,10-15,10-20,60-90.1
0,14504,1,15.979604859583354,15-20,10-20,60-90.1
0,14511,1,19.78572600809968,15-20,10-20,60-90.1
0,14539,1,16.580522560955682,15-20,10-20,60-90.1
0,14546,1,24.881841287408243,20-25,20-30,60-90.1
0,14568,1,37.16414742723276,30-40,30-45,30-60
0,14585,1,35.974797359551324,30-40,30-45,60-90.1
0,14626,1,27.615965893736373,25-30,20-30,30-60
0,14627,1,34.64809006526739,30-40,30-45,60-90.1
0,14651,1,37.726462462715595,30-40,30-45,30-60
0,14679,1,17.505675034062964,15-20,10-20,60-90.1
0,14685,1,34.88695110589009,30-40,30-45,60-90.1
0,14693,1,11.467122993234707,10-15,10-20,0-30
0,14695,1,35.12287267687544,30-40,30-45,30-60
0,14729,1,11.294106221196236,10-15,10-20,0-30
0,14734,1,24.269475814890033,20-25,20-30,30-60
0,14823,1,29.039225879324473,25-30,20-30,30-60
0,14839,1,23.67699954851722,20-25,20-30,60-90.1
0,14845,1,21.62056599400894,20-25,20-30,60-90.1
0,14884,1,11.641597688162209,10-15,10-20,0-30
0,14921,1,19.832953069627212,15-20,10-20,30-60
0,14927,1,13.624306128373224,10-15,10-20,60-90.1
0,14947,1,20.156201033295602,20-25,20-30,60-90.1
0,14994,1,27.082585914374906,25-30,20-30,30-60
0,15004,1,31.141497355678997,30-40,30-45,60-90.1
0,15010,1,28.698661141551806,25-30,20-30,30-60
0,15033,1,34.38176224083215,30-40,30-45,30-60
0,15036,1,28.207824017562853,25-30,20-30,30-60
0,15051,1,35.65036154804832,30-40,30-45,60-90.1
0,15082,1,14.148290909687402,10-15,10-20,60-90.1
0,15095,1,11.68687449382074,10-15,10-20,30-60
0,15114,1,38.32772106116998,30-40,30-45,60-90.1
0,15137,1,26.92934174552088,25-30,20-30,60-90.1
0,15149,1,35.35860939449745,30-40,30-45,60-90.1
0,15177,1,37.99336662041112,30-40,30-45,60-90.1
0,15180,1,27.398127135808306,25-30,20-30,30-60
0,15273,1,18.298610985688953,15-20,10-20,60-90.1
0,15290,1,12.749167926466336,10-15,10-20,0-30
0,15317,1,35.06792495202014,30-40,30-45,60-90.1
0,15326,1,12.981270026954933,10-15,10-20,30-60
0,15355,1,14.059870783822541,10-15,10-20,60-90.1
0,15366,1,22.95051790302701,20-25,20-30,30-60
0,15375,1,26.431979421438886,25-30,20-30,60-90.1
0,15413,1,13.583642061907174,10-15,10-20,60-90.1
0,15432,1,17.659691633385584,15-20,10-20,30-60
0,15458,1,16.91911969747643,15-20,10-20,60-90.1
0,15529,1,24.117996693468747,20-25,20-30,60-90.1
0,15534,1,10.60062128502653,10-15,10-20,30-60
0,15544,1,28.49688526461283,25-30,20-30,60-90.1
0,15556,1,16.575316148810508,15-20,10-20,60-90.1
0,15568,1,12.760484083355584,10-15,10-20,60-90.1
0,15584,1,15.323923369485518,15-20,10-20,60-90.1
0,15597,1,33.24637150400391,30-40,30-45,60-90.1
0,15606,1,29.771420051512564,25-30,20-30,30-60
0,15618,1,18.050698069485506,15-20,10-20,30-60
0,15626,1,24.489386922005885,20-25,20-30,60-90.1
0,15634,1,28.205604070077403,25-30,20-30,30-60
0,15640,1,19.773473997569347,15-20,10-20,60-90.1
0,15663,1,22.032819755004695,20-25,20-30,60-90.1
0,15681,1,25.005840935006376,25-30,20-30,60-90.1
0,15693,1,37.41064886404914,30-40,30-45,60-90.1
0,15716,1,12.578345323443944,10-15,10-20,60-90.1
0,15720,1,41.07784058372529,40-50,30-45,60-90.1
0,15723,1,40.241457355066785,40-50,30-45,60-90.1
0,15761,1,37.440862635100295,30-40,30-45,60-90.1
0,15793,1,38.6620006394428,30-40,30-45,60-90.1
0,15799,1,21.74354094511833,20-25,20-30,60-90.1
0,15837,1,38.83091015475349,30-40,30-45,60-90.1
0,15902,1,37.6915569871799,30-40,30-45,60-90.1
0,15905,1,31.991651470851814,30-40,30-45,30-60
0,15947,1,28.945678282695695,25-30,20-30,60-90.1
0,15990,1,16.79635773126966,15-20,10-20,60-90.1
0,16034,1,11.935956151263262,10-15,10-20,0-30
0,16047,1,17.72702088434126,15-20,10-20,60-90.1
0,16059,1,20.09609715121892,20-25,20-30,0-30
0,16069,1,15.951556144850112,15-20,10-20,60-90.1
0,16073,1,14.056470993662128,10-15,10-20,60-90.1
0,16084,1,18.61885637346911,15-20,10-20,60-90.1
0,16093,1,22.430505966021855,20-25,20-30,60-90.1
0,16105,1,12.0978618595836,10-15,10-20,60-90.1
0,16110,1,27.392332685672105,25-30,20-30,60-90.1
0,16136,1,26.948766846210177,25-30,20-30,30-60
0,16146,1,11.696697863145607,10-15,10-20,0-30
0,16147,1,30.970894978554895,30-40,30-45,60-90.1
0,16160,1,19.2222371352016,15-20,10-20,60-90.1
0,16165,1,14.284201587063228,10-15,10-20,60-90.1
0,16178,1,12.604335846126238,10-15,10-20,60-90.1
0,16187,1,17.227539889178793,15-20,10-20,30-60
0,16192,1,11.556514715759636,10-15,10-20,30-60
0,16206,1,22.222965790095422,20-25,20-30,60-90.1
0,16218,1,12.537680288576485,10-15,10-20,60-90.1
0,16222,1,30.444263478062414,30-40,30-45,30-60
0,16250,1,13.146760879624024,10-15,10-20,30-60
0,16252,1,12.078839070699482,10-15,10-20,0-30
0,16264,1,38.30167116206204,30-40,30-45,60-90.1
0,16285,1,39.775759754031164,30-40,30-45,60-90.1
0,16302,1,15.24668901114096,15-20,10-20,60-90.1
0,16333,1,11.054365758653956,10-15,10-20,0-30
0,16355,1,38.30941384008979,30-40,30-45,60-90.1
0,16369,1,12.192350849605138,10-15,10-20,60-90.1
0,16376,1,29.2951441788534,25-30,20-30,30-60
0,16388,1,40.17444263465895,40-50,30-45,60-90.1
0,16398,1,25.58642744257423,25-30,20-30,60-90.1
0,16403,1,13.613898830889802,10-15,10-20,60-90.1
0,16440,1,36.564724091191984,30-40,30-45,30-60
0,16466,1,20.656438918652995,20-25,20-30,60-90.1
0,16522,1,25.498330010510276,25-30,20-30,0-30
0,16533,1,30.83356134463857,30-40,30-45,0-30
0,16543,1,12.291755792076714,10-15,10-20,30-60
0,16549,1,23.525603225787954,20-25,20-30,60-90.1
0,16564,1,12.661445779087186,10-15,10-20,30-60
0,16603,1,14.58544889489956,10-15,10-20,60-90.1
0,16619,1,19.768385742242025,15-20,10-20,60-90.1
0,16660,1,22.572863611208458,20-25,20-30,60-90.1
0,16675,1,17.482825319003286,15-20,10-20,60-90.1
0,16690,1,25.345041376685295,25-30,20-30,60-90.1
0,16759,1,32.42851180677169,30-40,30-45,60-90.1
0,16760,1,29.48380354570494,25-30,20-30,30-60
0,16780,1,33.69201803443805,30-40,30-45,30-60
0,16802,1,16.208903843064036,15-20,10-20,60-90.1
0,16817,1,14.882444192447755,10-15,10-20,60-90.1
0,16823,1,35.97740212900744,30-40,30-45,30-60
0,16832,1,11.57473613140001,10-15,10-20,0-30
0,16845,1,37.0733957360508,30-40,30-45,30-60
0,16852,1,28.106618299390668,25-30,20-30,30-60
0,16913,1,17.898217997209862,15-20,10-20,60-90.1
0,16915,1,11.200233529908315,10-15,10-20,0-30
0,16941,1,39.60197632093753,30-40,30-45,60-90.1
0,16949,1,43.47573343252992,40-50,30-45,60-90.1
0,16968,1,43.09683228940016,40-50,30-45,60-90.1
0,16979,1,14.709858719372004,10-15,10-20,60-90.1
0,17044,1,17.240629794125198,15-20,10-20,60-90.1
0,17069,1,10.741273757918142,10-15,10-20,0-30
0,17085,1,42.35236104541251,40-50,30-45,0-30
0,17118,1,25.067666763160226,25-30,20-30,0-30
0,17127,1,41.06212713566871,40-50,30-45,60-90.1
0,17149,1,17.51260242863915,15-20,10-20,60-90.1
0,17174,1,14.893066946959365,10-15,10-20,60-90.1
0,17179,1,30.905372717170362,30-40,30-45,30-60
0,17203,1,23.86294551664115,20-25,20-30,30-60
0,17227,1,15.40688895430192,15-20,10-20,60-90.1
0,17239,1,12.351528624581785,10-15,10-20,0-30
0,17249,1,11.77536425539765,10-15,10-20,0-30
0,17275,1,19.926731508624595,15-20,10-20,30-60
0,17323,1,21.251650923803837,20-25,20-30,60-90.1
0,17362,1,25.821358751375996,25-30,20-30,60-90.1
0,17364,1,15.378119065867129,15-20,10-20,60-90.1
0,17373,1,10.96000133807611,10-15,10-20,30-60
0,17396,1,18.820223022625257,15-20,10-20,60-90.1
0,17398,1,11.657870331914122,10-15,10-20,0-30
0,17422,1,10.933453276132806,10-15,10-20,0-30
0,17423,1,35.01423884009579,30-40,30-45,30-60
0,17425,1,31.46652019390328,30-40,30-45,30-60
0,17449,1,36.44307853781103,30-40,30-45,30-60
0,17455,1,18.999992057047226,15-20,10-20,30-60
0,17473,1,17.18139479237472,15-20,10-20,60-90.1
0,17475,1,15.647852317796259,15-20,10-20,60-90.1
0,17482,1,30.589340181162278,30-40,30-45,30-60
0,17487,1,27.214560593191713,25-30,20-30,60-90.1
0,17501,1,20.07777425005064,20-25,20-30,30-60
0,17503,1,18.45460589195438,15-20,10-20,60-90.1
0,17517,1,17.10422112109769,15-20,10-20,60-90.1
0,17521,1,39.66733690176795,30-40,30-45,60-90.1
0,17534,1,22.450378275669983,20-25,20-30,60-90.1
0,17536,1,20.886688956804036,20-25,20-30,60-90.1
0,17541,1,41.26395385137565,40-50,30-45,60-90.1
0,17545,1,24.61580145739021,20-25,20-30,60-90.1
0,17561,1,43.01215187187817,40-50,30-45,60-90.1
0,17577,1,27.617559389157154,25-30,20-30,30-60
0,17580,1,17.150302172579995,15-20,10-20,60-90.1
0,17582,1,10.83993305591937,10-15,10-20,0-30
0,17596,1,42.25208763310851,40-50,30-45,60-90.1
0,17600,1,29.84808561266143,25-30,20-30,0-30
0,17623,1,11.063154125880144,10-15,10-20,0-30
0,17630,1,41.64162231346382,40-50,30-45,60-90.1
0,17639,1,45.91789960518696,40-50,45-70,60-90.1
0,17646,1,41.27424028923999,40-50,30-45,60-90.1
0,17661,1,28.42757753150036,25-30,20-30,30-60
0,17688,1,37.97547734650281,30-40,30-45,60-90.1
0,17692,1,21.456016743768437,20-25,20-30,60-90.1
0,17722,1,11.633962436674187,10-15,10-20,0-30
0,17746,1,21.283351223628834,20-25,20-30,60-90.1
0,17765,1,12.428369299403533,10-15,10-20,0-30
0,17803,1,25.70862377483779,25-30,20-30,0-30
0,17806,1,12.069068195952505,10-15,10-20,0-30
0,17841,1,12.962196780153011,10-15,10-20,60-90.1
0,17846,1,25.69632324645285,25-30,20-30,60-90.1
0,17876,1,15.51642039609077,15-20,10-20,60-90.1
0,17902,1,19.127894574428776,15-20,10-20,60-90.1
0,17923,1,21.907338507085612,20-25,20-30,60-90.1
0,17926,1,19.657308263609657,15-20,10-20,60-90.1
0,17941,1,23.78230018219992,20-25,20-30,60-90.1
0,17946,1,15.681914591108143,15-20,10-20,60-90.1
0,17956,1,25.794542670905457,25-30,20-30,60-90.1
0,17961,1,20.038720211158036,20-25,20-30,60-90.1
0,18000,1,24.566487651626982,20-25,20-30,60-90.1
0,18036,1,29.173326025677376,25-30,20-30,30-60
0,18049,1,34.32205187750028,30-40,30-45,30-60
0,18051,1,21.018196723392233,20-25,20-30,60-90.1
0,18088,1,11.161734045325883,10-15,10-20,0-30
0,18090,1,38.11155038961311,30-40,30-45,30-60
0,18107,1,11.428087018892258,10-15,10-20,0-30
0,18134,1,10.967017636630947,10-15,10-20,0-30
0,18155,1,20.03525411885245,20-25,20-30,60-90.1
0,18188,1,45.84099073943143,40-50,45-70,60-90.1
0,18221,1,45.14943433759594,40-50,45-70,60-90.1
0,18234,1,44.863091590286004,40-50,30-45,60-90.1
0,18245,1,44.4710329563607,40-50,30-45,60-90.1
0,18255,1,43.04831779069642,40-50,30-45,60-90.1
0,18264,1,42.343385184819155,40-50,30-45,60-90.1
0,18323,1,40.21960211716147,40-50,30-45,30-60
0,18340,1,36.946625845470955,30-40,30-45,60-90.1
0,18360,1,33.84139298973948,30-40,30-45,30-60
0,18367,1,21.4200053945384,20-25,20-30,60-90.1
0,18375,1,32.27130739480202,30-40,30-45,30-60
0,18417,1,27.931781090665314,25-30,20-30,60-90.1
0,18420,1,14.797666489340326,10-15,10-20,60-90.1
0,18453,1,11.812306704810984,10-15,10-20,30-60
0,18469,1,15.700578982831319,15-20,10-20,60-90.1
0,18514,1,12.324129125134734,10-15,10-20,0-30
0,18572,1,13.104139941106737,10-15,10-20,60-90.1
0,18577,1,29.27127498870963,25-30,20-30,60-90.1
0,18607,1,11.383187067966132,10-15,10-20,30-60
0,18610,1,32.05746302188361,30-40,30-45,30-60
0,18642,1,11.673456595581792,10-15,10-20,0-30
0,18670,1,10.945638818168051,10-15,10-20,0-30
0,18676,1,25.163052387943083,25-30,20-30,60-90.1
0,18681,1,32.7533621391613,30-40,30-45,0-30
0,18694,1,30.431614605291067,30-40,30-45,30-60
0,18707,1,10.8837758026786,10-15,10-20,0-30
0,18724,1,22.61557219230938,20-25,20-30,60-90.1
0,18744,1,25.18806151216971,25-30,20-30,60-90.1
0,18759,1,21.55456488122531,20-25,20-30,60-90.1
0,18770,1,19.511678504487957,15-20,10-20,60-90.1
0,18781,1,16.824888942512437,15-20,10-20,60-90.1
0,18802,1,15.075942006914895,15-20,10-20,60-90.1
0,18815,1,29.75055993533517,25-30,20-30,0-30
0,18817,1,13.08019281635291,10-15,10-20,60-90.1
0,18831,1,49.21374964975414,40-50,45-70,30-60
0,18870,1,25.878374061455048,25-30,20-30,60-90.1
0,18890,1,12.28909699564477,10-15,10-20,60-90.1
0,18908,1,39.33279039169741,30-40,30-45,30-60
0,18961,1,39.03345264396412,30-40,30-45,60-90.1
0,18965,1,24.67909155597409,20-25,20-30,30-60
0,18997,1,31.868299443659154,30-40,30-45,0-30
0,18999,1,17.25947322198607,15-20,10-20,30-60
0,19003,1,26.191924921907447,25-30,20-30,0-30
0,19018,1,11.854239730114735,10-15,10-20,0-30
0,19021,1,30.307343765281708,30-40,30-45,60-90.1
0,19079,1,15.935689967066086,15-20,10-20,60-90.1
0,19113,1,19.988652894711876,15-20,10-20,60-90.1
0,19116,1,16.25628359740808,15-20,10-20,60-90.1
0,19119,1,12.857301069508514,10-15,10-20,30-60
0,19123,1,19.847375465535357,15-20,10-20,30-60
0,19137,1,22.603070822350702,20-25,20-30,60-90.1
0,19143,1,19.898020511168866,15-20,10-20,60-90.1
0,19154,1,24.318625958937954,20-25,20-30,30-60
0,19184,1,22.441192849167532,20-25,20-30,60-90.1
0,19197,1,10.641942242945408,10-15,10-20,0-30
0,19230,1,16.553849886438833,15-20,10-20,60-90.1
0,19245,1,33.73092137723966,30-40,30-45,30-60
0,19269,1,31.420334322992183,30-40,30-45,30-60
0,19273,1,11.177250242479355,10-15,10-20,0-30
0,19284,1,36.868654289160794,30-40,30-45,30-60
0,19300,1,37.93044745369228,30-40,30-45,30-60
0,19327,1,10.795955430400378,10-15,10-20,0-30
0,19329,1,39.63309502479933,30-40,30-45,60-90.1
0,19357,1,11.216192100125161,10-15,10-20,0-30
0,19360,1,45.966879643123946,40-50,45-70,30-60
0,19372,1,28.702788568037317,25-30,20-30,30-60
0,19397,1,11.246108169910983,10-15,10-20,0-30
0,19445,1,49.20170314669849,40-50,45-70,60-90.1
0,19454,1,48.35262077186386,40-50,45-70,60-90.1
0,19468,1,46.16637072178307,40-50,45-70,60-90.1
0,19483,1,41.16249730381426,40-50,30-45,60-90.1
0,19503,1,14.679715938451162,10-15,10-20,60-90.1
0,19512,1,18.33849284632639,15-20,10-20,60-90.1
0,19552,1,42.03015086858875,40-50,30-45,0-30
0,19591,1,20.73357946745115,20-25,20-30,60-90.1
0,19628,1,17.110237874967527,15-20,10-20,60-90.1
0,19661,1,13.138645838667275,10-15,10-20,60-90.1
0,19671,1,13.192459702539903,10-15,10-20,30-60
0,19678,1,10.95237769918807,10-15,10-20,0-30
0,19687,1,12.85541213217359,10-15,10-20,60-90.1
0,19706,1,12.999876195963383,10-15,10-20,60-90.1
0,19732,1,12.920372458157518,10-15,10-20,60-90.1
0,19736,1,17.80453696640183,15-20,10-20,60-90.1
0,19737,1,17.00845274247011,15-20,10-20,60-90.1
0,19755,1,14.886516606648867,10-15,10-20,60-90.1
0,19771,1,21.075523944192952,20-25,20-30,30-60
0,19779,1,14.17648234070583,10-15,10-20,60-90.1
0,19812,1,18.574638734071428,15-20,10-20,60-90.1
0,19815,1,27.317605769138606,25-30,20-30,60-90.1
0,19833,1,12.128415304015684,10-15,10-20,60-90.1
0,19870,1,27.956754920787624,25-30,20-30,60-90.1
0,19886,1,11.76130726904362,10-15,10-20,0-30
0,19903,1,20.10391483973286,20-25,20-30,60-90.1
0,19917,1,36.443454503698696,30-40,30-45,30-60
0,19937,1,11.028602957341787,10-15,10-20,0-30
0,19955,1,32.90358345333015,30-40,30-45,0-30
0,19961,1,29.340983597732517,25-30,20-30,60-90.1
0,19968,1,42.06637132863109,40-50,30-45,60-90.1
0,19973,1,11.262970039845182,10-15,10-20,0-30
0,19975,1,43.87938388668304,40-50,30-45,60-90.1
0,19986,1,45.213574227374934,40-50,45-70,30-60
0,20013,1,25.01798398338841,25-30,20-30,60-90.1
0,20022,1,49.3057173022293,40-50,45-70,60-90.1
0,20031,1,21.313118101371863,20-25,20-30,60-90.1
0,20048,1,49.98575583572083,40-50,45-70,60-90.1
0,20052,1,19.1129044241963,15-20,10-20,60-90.1
0,20059,1,11.089242549454514,10-15,10-20,0-30
0,20078,1,28.188495310366406,25-30,20-30,0-30
0,20101,1,44.01038120534991,40-50,30-45,60-90.1
0,20123,1,22.19546700566366,20-25,20-30,60-90.1
0,20176,1,10.010821403586206,10-15,10-20,0-30
0,20195,1,11.368404712648266,10-15,10-20,30-60
0,20206,1,23.819740604060957,20-25,20-30,30-60
0,20233,1,13.740001736798716,10-15,10-20,30-60
0,20237,1,26.72214112508418,25-30,20-30,0-30
0,20242,1,32.65788246664885,30-40,30-45,30-60
0,20264,1,15.717256727443857,15-20,10-20,30-60
0,20265,1,11.723670884015679,10-15,10-20,0-30
0,20280,1,11.221307297076715,10-15,10-20,0-30
0,20292,1,11.059302224399225,10-15,10-20,0-30
0,20313,1,14.43938795147357,10-15,10-20,60-90.1
0,20347,1,19.11781691327218,15-20,10-20,60-90.1
0,20374,1,16.601707929647723,15-20,10-20,60-90.1
0,20407,1,19.057896814115818,15-20,10-20,60-90.1
0,20411,1,17.059432235510208,15-20,10-20,60-90.1
0,20424,1,21.1151722102456,20-25,20-30,60-90.1
0,20481,1,30.494707612555647,30-40,30-45,60-90.1
0,20487,1,14.19959402242491,10-15,10-20,60-90.1
0,20514,1,33.11034537723058,30-40,30-45,60-90.1
0,20521,1,11.1025380411848,10-15,10-20,0-30
0,20533,1,17.249234789422708,15-20,10-20,60-90.1
0,20558,1,11.107901211483798,10-15,10-20,0-30
0,20565,1,23.521583890620484,20-25,20-30,60-90.1
0,20572,1,33.311446552908244,30-40,30-45,0-30
0,20603,1,11.189178336817752,10-15,10-20,30-60
0,20610,1,11.376942782661684,10-15,10-20,0-30
0,20636,1,48.66889984628655,40-50,45-70,60-90.1
0,20640,1,11.039486992863278,10-15,10-20,0-30
0,20656,1,27.63746425318042,25-30,20-30,30-60
0,20681,1,16.733515724427,15-20,10-20,60-90.1
0,20700,1,14.772730344995821,10-15,10-20,60-90.1
0,20721,1,50.57787894640571,50-60,45-70,60-90.1
0,20790,1,36.012346883635885,30-40,30-45,60-90.1
0,20799,1,34.37044379397552,30-40,30-45,0-30
0,20815,1,33.117658180556994,30-40,30-45,0-30
0,20852,1,19.95621314621072,15-20,10-20,60-90.1
0,20872,1,26.831835917175532,25-30,20-30,30-60
0,20875,1,12.355797445772584,10-15,10-20,30-60
0,20913,1,12.036593886153218,10-15,10-20,30-60
0,20922,1,17.060353848291676,15-20,10-20,60-90.1
0,20924,1,16.33628765776746,15-20,10-20,60-90.1
0,20936,1,15.433366525170195,15-20,10-20,60-90.1
0,20946,1,19.479844997418894,15-20,10-20,60-90.1
0,20965,1,18.53019252587791,15-20,10-20,60-90.1
0,20987,1,21.84673789043032,20-25,20-30,30-60
0,20992,1,24.24029101790496,20-25,20-30,30-60
0,20999,1,20.167241118843926,20-25,20-30,60-90.1
0,21014,1,22.80805810229212,20-25,20-30,60-90.1
0,21027,1,16.253653023675085,15-20,10-20,30-60
0,21040,1,19.003536798785763,15-20,10-20,60-90.1
0,21043,1,26.342851517522313,25-30,20-30,30-60
0,21071,1,22.79091759744952,20-25,20-30,60-90.1
0,21080,1,25.835103705891832,25-30,20-30,60-90.1
0,21085,1,10.950971768127003,10-15,10-20,0-30
0,21127,1,10.950296691488232,10-15,10-20,0-30
0,21130,1,35.53269408072363,30-40,30-45,60-90.1
0,21135,1,31.04905178285146,30-40,30-45,60-90.1
0,21183,1,11.67163161885206,10-15,10-20,0-30
0,21199,1,32.087234605704914,30-40,30-45,30-60
0,21203,1,12.863724122618356,10-15,10-20,60-90.1
0,21214,1,12.44771455325741,10-15,10-20,60-90.1
0,21228,1,46.815211217083466,40-50,45-70,0-30
0,21234,1,12.181167436835588,10-15,10-20,30-60
0,21242,1,47.6660043975284,40-50,45-70,30-60
0,21243,1,11.758001634503424,10-15,10-20,30-60
0,21258,1,11.189207295518008,10-15,10-20,0-30
0,21264,1,24.060059047840134,20-25,20-30,60-90.1
0,21302,1,26.635011015353758,25-30,20-30,30-60
0,21305,1,13.040438452520114,10-15,10-20,60-90.1
0,21308,1,52.46559074771585,50-60,45-70,30-60
0,21317,1,26.490526658182805,25-30,20-30,30-60
0,21320,1,50.13999809412821,50-60,45-70,60-90.1
0,21332,1,47.66835888060135,40-50,45-70,60-90.1
0,21367,1,10.075893797278361,10-15,10-20,0-30
0,21383,1,42.44565846474155,40-50,30-45,30-60
0,21385,1,38.75670021220961,30-40,30-45,30-60
0,21418,1,14.090211985391255,10-15,10-20,30-60
0,21422,1,25.23483700440202,25-30,20-30,30-60
0,21427,1,32.78027405983159,30-40,30-45,0-30
0,21461,1,30.865287501849675,30-40,30-45,60-90.1
0,21472,1,27.99957768156086,25-30,20-30,30-60
0,21493,1,12.10037432797806,10-15,10-20,30-60
0,21498,1,10.956498945727445,10-15,10-20,0-30
0,21508,1,15.203896255470253,15-20,10-20,60-90.1
0,21522,1,16.998886048538058,15-20,10-20,30-60
0,21527,1,19.114567273368213,15-20,10-20,60-90.1
0,21551,1,21.88718380379315,20-25,20-30,60-90.1
0,21555,1,21.613021412981436,20-25,20-30,60-90.1
0,21569,1,23.10272367235393,20-25,20-30,30-60
0,21594,1,21.40142258776946,20-25,20-30,60-90.1
0,21606,1,24.461505472476873,20-25,20-30,30-60
0,21628,1,22.563313057741553,20-25,20-30,60-90.1
0,21643,1,29.20470024781619,25-30,20-30,30-60
0,21661,1,31.232026566854113,30-40,30-45,60-90.1
0,21678,1,33.20902162103754,30-40,30-45,60-90.1
0,21717,1,21.686051208063393,20-25,20-30,60-90.1
0,21728,1,11.320528225218633,10-15,10-20,0-30
0,21729,1,39.31458237945646,30-40,30-45,30-60
0,21740,1,27.92860802002578,25-30,20-30,60-90.1
0,21746,1,40.561709147267734,40-50,30-45,60-90.1
0,21756,1,15.69619911576959,15-20,10-20,60-90.1
0,21758,1,13.93482765421109,10-15,10-20,60-90.1
0,21760,1,12.48032183636792,10-15,10-20,30-60
0,21772,1,42.15520166135551,40-50,30-45,60-90.1
0,21777,1,15.76186312232256,15-20,10-20,60-90.1
0,21779,1,13.819650801815056,10-15,10-20,60-90.1
0,21785,1,17.527481131049047,15-20,10-20,60-90.1
0,21791,1,44.18224594159778,40-50,30-45,60-90.1
0,21800,1,14.745785920412793,10-15,10-20,60-90.1
0,21807,1,46.005712664657516,40-50,45-70,30-60
0,21813,1,19.658403120221635,15-20,10-20,60-90.1
0,21815,1,17.731941803430324,15-20,10-20,60-90.1
0,21816,1,16.758036868222632,15-20,10-20,60-90.1
0,21833,1,16.86035652387446,15-20,10-20,60-90.1
0,21835,1,14.918440802355594,10-15,10-20,60-90.1
0,21843,1,19.868496619384928,15-20,10-20,60-90.1
0,21844,1,18.897797083396707,15-20,10-20,60-90.1
0,21854,1,22.583036782277627,20-25,20-30,60-90.1
0,21863,1,13.89314178074554,10-15,10-20,60-90.1
0,21875,1,16.339373601692653,15-20,10-20,60-90.1
0,21891,1,51.869009533997726,50-60,45-70,60-90.1
0,21895,1,52.842525348256984,50-60,45-70,60-90.1
0,21904,1,20.64894498907174,20-25,20-30,60-90.1
0,21909,1,53.47958640791746,50-60,45-70,60-90.1
0,21976,1,44.70484950277466,40-50,30-45,60-90.1
0,22006,1,13.081325204201777,10-15,10-20,60-90.1
0,22011,1,42.577600699731704,40-50,30-45,60-90.1
0,22014,1,20.46927433761664,20-25,20-30,60-90.1
0,22018,1,16.411666769458947,15-20,10-20,60-90.1
0,22045,1,41.29827373866368,40-50,30-45,30-60
0,22081,1,26.034609919205327,25-30,20-30,30-60
0,22092,1,21.730793961977614,20-25,20-30,60-90.1
0,22095,1,14.366604979538414,10-15,10-20,30-60
0,22110,1,18.071098668263428,15-20,10-20,30-60
0,22125,1,11.801810502891882,10-15,10-20,0-30
0,22132,1,12.44575171925395,10-15,10-20,0-30
0,22133,1,14.607826236650434,10-15,10-20,60-90.1
0,22159,1,13.510825799114295,10-15,10-20,60-90.1
0,22179,1,23.098207961310358,20-25,20-30,60-90.1
0,22186,1,20.475370479978636,20-25,20-30,30-60
0,22226,1,20.234712335072345,20-25,20-30,60-90.1
0,22236,1,25.180514158216106,25-30,20-30,30-60
0,22265,1,10.79093845807354,10-15,10-20,0-30
0,22288,1,11.048984570954223,10-15,10-20,0-30
0,22326,1,35.69681215643265,30-40,30-45,60-90.1
0,22331,1,10.652766423915748,10-15,10-20,0-30
0,22334,1,37.59630409952278,30-40,30-45,60-90.1
0,22374,1,12.221896233559487,10-15,10-20,30-60
0,22377,1,33.675781281635835,30-40,30-45,0-30
0,22398,1,19.698400922034516,15-20,10-20,60-90.1
0,22428,1,22.111758908861226,20-25,20-30,60-90.1
0,22433,1,24.76725202118089,20-25,20-30,60-90.1
0,22452,1,50.55346394823307,50-60,45-70,60-90.1
0,22459,1,20.781411732548722,20-25,20-30,60-90.1
0,22461,1,18.83598929514332,15-20,10-20,60-90.1
0,22475,1,22.215149058925576,20-25,20-30,60-90.1
0,22487,1,51.78745626014461,50-60,45-70,60-90.1
0,22498,1,12.3061577758821,10-15,10-20,30-60
0,22526,1,18.8598741325883,15-20,10-20,60-90.1
0,22547,1,10.916704249393755,10-15,10-20,0-30
0,22697,1,33.64833656445331,30-40,30-45,60-90.1
0,22751,1,11.983172407256266,10-15,10-20,0-30
0,22756,1,11.283093817640053,10-15,10-20,0-30
0,22758,1,13.220169005678123,10-15,10-20,60-90.1
0,22772,1,16.471810501189015,15-20,10-20,30-60
0,22782,1,16.678316485020233,15-20,10-20,60-90.1
0,22785,1,18.40870833795178,15-20,10-20,60-90.1
0,22814,1,24.124386873401708,20-25,20-30,60-90.1
0,22818,1,25.651659809814827,25-30,20-30,60-90.1
0,22829,1,26.014940795826725,25-30,20-30,30-60
0,22846,1,28.507500028294164,25-30,20-30,30-60
0,22859,1,24.381043619303515,20-25,20-30,60-90.1
0,22864,1,13.43193930066329,10-15,10-20,60-90.1
0,22896,1,15.448677447240616,15-20,10-20,60-90.1
0,22900,1,26.68848721956307,25-30,20-30,60-90.1
0,22904,1,11.149431007361661,10-15,10-20,0-30
0,22913,1,29.31126896694324,25-30,20-30,60-90.1
0,22938,1,32.05044189851257,30-40,30-45,30-60
0,22953,1,10.857373478797642,10-15,10-20,0-30
0,22983,1,30.613596161010413,30-40,30-45,30-60
0,22989,1,13.514932908977343,10-15,10-20,60-90.1
0,23020,1,47.45091116600935,40-50,45-70,0-30
0,23030,1,26.342770171327693,25-30,20-30,60-90.1
0,23031,1,49.30156601769462,40-50,45-70,60-90.1
0,23034,1,27.977708340257497,25-30,20-30,60-90.1
0,23045,1,29.12780708383419,25-30,20-30,60-90.1
0,23047,1,27.318757457034415,25-30,20-30,60-90.1
0,23050,1,24.491909176322025,20-25,20-30,60-90.1
0,23052,1,15.206239341722512,15-20,10-20,60-90.1
0,23089,1,19.744324197226213,15-20,10-20,60-90.1
0,23091,1,17.764642168647903,15-20,10-20,60-90.1
0,23105,1,11.621058528195157,10-15,10-20,0-30
0,23123,1,24.242705908874136,20-25,20-30,60-90.1
0,23131,1,16.851718136638095,15-20,10-20,60-90.1
0,23161,1,26.094324099320794,25-30,20-30,0-30
0,23162,1,52.6476203299942,50-60,45-70,30-60
0,23166,1,50.872702041569035,50-60,45-70,30-60
0,23176,1,24.743716214505948,20-25,20-30,30-60
0,23177,1,48.81577536486727,40-50,45-70,30-60
0,23231,0,37.27012503455368,30-40,30-45,60-90.1
0,23234,1,34.65113512994395,30-40,30-45,60-90.1
0,23248,1,33.4794823596097,30-40,30-45,0-30
0,23251,1,9.6692505381154,0-10,,0-30
0,23269,1,13.695506096739265,10-15,10-20,60-90.1
0,23272,1,10.77374532396393,10-15,10-20,30-60
0,23275,1,33.373019332394676,30-40,30-45,0-30
0,23290,1,27.410637788648998,25-30,20-30,30-60
0,23318,1,19.102717002368713,15-20,10-20,60-90.1
0,23322,1,12.16639148172728,10-15,10-20,30-60
0,23333,1,16.077794875609342,15-20,10-20,30-60
0,23370,1,14.917025231406177,10-15,10-20,60-90.1
0,23379,1,15.0560690131701,15-20,10-20,60-90.1
0,23391,1,13.092620085006226,10-15,10-20,60-90.1
0,23413,1,18.69176595685937,15-20,10-20,60-90.1
0,23416,1,17.586457147015224,15-20,10-20,30-60
0,23420,1,13.32316203123833,10-15,10-20,60-90.1
0,23424,1,20.44533849317208,20-25,20-30,60-90.1
0,23438,1,21.711566369815394,20-25,20-30,60-90.1
0,23446,1,13.475334909226165,10-15,10-20,60-90.1
0,23452,1,20.931016613367945,20-25,20-30,30-60
0,23478,1,23.88306351582364,20-25,20-30,0-30
0,23499,1,25.78079963303129,25-30,20-30,0-30
0,23517,1,10.7536886943711,10-15,10-20,0-30
0,23519,1,30.810770650975495,30-40,30-45,30-60
0,23533,1,32.55632843455659,30-40,30-45,30-60
0,23549,1,34.31460148818996,30-40,30-45,30-60
0,23555,1,10.597043339001782,10-15,10-20,0-30
0,23560,1,19.776160337349772,15-20,10-20,60-90.1
0,23565,1,36.11432345350842,30-40,30-45,60-90.1
0,23597,1,26.086982104982507,25-30,20-30,60-90.1
0,23602,1,41.507911155046635,40-50,30-45,60-90.1
0,23631,1,17.62295007407975,15-20,10-20,60-90.1
0,23636,1,21.602849840511883,20-25,20-30,60-90.1
0,23644,1,45.252301008403215,40-50,45-70,30-60
0,23647,1,24.187489655547548,20-25,20-30,60-90.1
0,23653,1,46.442715091129585,40-50,45-70,30-60
0,23679,1,30.522743191566132,30-40,30-45,60-90.1
0,23687,1,53.63162443292554,50-60,45-70,30-60
0,23690,1,32.20263686627792,30-40,30-45,60-90.1
0,23709,1,22.75376488580765,20-25,20-30,60-90.1
0,23721,1,54.74863755090857,50-60,45-70,30-60
0,23727,1,27.35399121266418,25-30,20-30,60-90.1
0,23730,1,24.418577540313255,20-25,20-30,60-90.1
0,23746,1,30.273673480868013,30-40,30-45,60-90.1
0,23760,1,56.36063381971914,50-60,45-70,30-60
0,23762,1,10.564005661900456,10-15,10-20,0-30
0,23770,1,57.18505039604246,50-60,45-70,30-60
0,23782,1,21.21309663648638,20-25,20-30,60-90.1
0,23788,1,15.24124134874236,15-20,10-20,60-90.1
0,23796,1,56.74287906888996,50-60,45-70,60-90.1
0,23799,1,54.036201181660154,50-60,45-70,30-60
0,23858,1,46.51529172170436,40-50,45-70,60-90.1
0,23941,1,22.68066153800825,20-25,20-30,60-90.1
0,23957,1,28.86889359110343,25-30,20-30,0-30
0,24011,1,11.832392115757076,10-15,10-20,30-60
0,24039,1,14.58175933996445,10-15,10-20,60-90.1
0,24043,1,13.1081282838288,10-15,10-20,60-90.1
0,24046,1,12.072118816647446,10-15,10-20,60-90.1
0,24055,1,16.617354587053953,15-20,10-20,60-90.1
0,24061,1,14.557579535291925,10-15,10-20,60-90.1
0,24100,1,17.15939279288555,15-20,10-20,60-90.1
0,24103,1,15.905416015263077,15-20,10-20,60-90.1
0,24105,1,15.442120371171281,15-20,10-20,60-90.1
0,24126,1,15.8479164871159,15-20,10-20,60-90.1
0,24139,1,20.11758161331611,20-25,20-30,60-90.1
0,24159,1,20.158207183684052,20-25,20-30,60-90.1
0,24163,1,16.975438093550174,15-20,10-20,60-90.1
0,24206,1,22.976263789372148,20-25,20-30,30-60
0,24212,1,26.84222854433223,25-30,20-30,30-60
0,24252,1,26.469738753454184,25-30,20-30,0-30
0,24269,1,11.042116681745114,10-15,10-20,0-30
0,24301,1,10.088407367679928,10-15,10-20,0-30
0,24305,1,32.269817588496515,30-40,30-45,0-30
0,24311,1,40.00590393502161,40-50,30-45,30-60
0,24330,1,38.93812743871338,30-40,30-45,60-90.1
0,24342,1,32.29338922027166,30-40,30-45,0-30
0,24351,1,11.002993784025634,10-15,10-20,30-60
0,24355,1,14.775900632398773,10-15,10-20,60-90.1
0,24374,1,43.84586249189015,40-50,30-45,60-90.1
0,24403,1,29.522971686679494,25-30,20-30,60-90.1
0,24416,1,52.2570650121045,50-60,45-70,60-90.1
0,24442,1,33.466708282690284,30-40,30-45,60-90.1
0,24456,1,13.073340855731784,10-15,10-20,60-90.1
0,24483,1,56.16703696146076,50-60,45-70,30-60
0,24501,1,29.338710003294697,25-30,20-30,60-90.1
0,24504,1,26.879601624428386,25-30,20-30,60-90.1
0,24543,1,18.769932520056877,15-20,10-20,60-90.1
0,24549,1,12.823862581237368,10-15,10-20,60-90.1
0,24624,1,19.63500391653763,15-20,10-20,60-90.1
0,24634,1,40.53142348720215,40-50,30-45,60-90.1
0,24641,1,9.226101239307406,0-10,,0-30
0,24643,1,45.15233963573161,40-50,45-70,60-90.1
0,24655,1,43.27825169426292,40-50,30-45,30-60
0,24689,1,13.433800269368058,10-15,10-20,60-90.1
0,24703,1,33.16540558622997,30-40,30-45,60-90.1
0,24710,1,14.167400452193476,10-15,10-20,0-30
0,24723,1,30.853666341168008,30-40,30-45,60-90.1
0,24752,1,12.363227584747788,10-15,10-20,30-60
0,24763,1,12.425639641658707,10-15,10-20,0-30
0,24794,1,16.939088954354293,15-20,10-20,30-60
0,24820,1,17.448091524638357,15-20,10-20,60-90.1
0,24876,1,21.363852998483697,20-25,20-30,60-90.1
0,24881,1,18.896212202596768,15-20,10-20,60-90.1
0,24885,1,14.359993185491156,10-15,10-20,60-90.1
0,24901,1,19.02315859025696,15-20,10-20,60-90.1
0,24902,1,17.29110129823931,15-20,10-20,60-90.1
0,24913,1,24.592454546720198,20-25,20-30,60-90.1
0,24920,1,19.57356277323948,15-20,10-20,60-90.1
0,24929,1,14.528861456243,10-15,10-20,60-90.1
0,24945,1,17.459786211345,15-20,10-20,60-90.1
0,24957,1,22.373702807730155,20-25,20-30,60-90.1
0,24962,1,20.046085704883037,20-25,20-30,60-90.1
0,24973,1,22.411705517061506,20-25,20-30,60-90.1
0,24992,1,28.515208631976577,25-30,20-30,30-60
0,25015,1,10.898784658580512,10-15,10-20,0-30
0,25017,1,30.38520264380667,30-40,30-45,30-60
0,25028,1,26.96167783066969,25-30,20-30,30-60
0,25031,1,14.58183855107157,10-15,10-20,60-90.1
0,25034,1,31.717048123760332,30-40,30-45,30-60
0,25041,1,32.882143067443096,30-40,30-45,30-60
0,25054,1,10.529075559241125,10-15,10-20,0-30
0,25062,1,30.956111885474296,30-40,30-45,30-60
0,25086,1,24.306047960809153,20-25,20-30,60-90.1
0,25115,1,28.972589801744796,25-30,20-30,30-60
0,25142,1,19.16408717194417,15-20,10-20,60-90.1
0,25146,1,15.343344371908419,15-20,10-20,60-90.1
0,25150,1,11.735021878076326,10-15,10-20,60-90.1
0,25164,1,47.79931131707527,40-50,45-70,60-90.1
0,25166,1,26.31670344679716,25-30,20-30,60-90.1
0,25172,1,27.740989259145746,25-30,20-30,60-90.1
0,25173,1,49.67969557545691,40-50,45-70,60-90.1
0,25189,1,35.308234635028136,30-40,30-45,60-90.1
0,25192,1,33.0076099055926,30-40,30-45,60-90.1
0,25217,1,16.03590827277756,15-20,10-20,60-90.1
0,25230,1,21.36112115223988,20-25,20-30,60-90.1
0,25233,1,18.38541498842453,15-20,10-20,60-90.1
0,25252,1,24.250593114387428,20-25,20-30,60-90.1
0,25261,1,11.065312628824328,10-15,10-20,30-60
0,25265,1,33.40516451883112,30-40,30-45,60-90.1
0,25286,1,58.76798653924732,50-60,45-70,60-90.1
0,25296,1,59.46574629281444,50-60,45-70,60-90.1
0,25314,1,57.84848385963583,50-60,45-70,30-60
0,25316,1,56.04785318833137,50-60,45-70,30-60
0,25320,1,24.25683856430885,20-25,20-30,30-60
0,25332,1,54.13881113559233,50-60,45-70,30-60
0,25341,1,49.285179456466274,40-50,45-70,0-30
0,25361,0,44.62072629915226,40-50,30-45,60-90.1
0,25368,0,46.657478498095315,40-50,45-70,60-90.1
0,25406,1,11.555551329171836,10-15,10-20,60-90.1
0,25415,1,23.77339229288065,20-25,20-30,60-90.1
0,25424,1,15.390730632284736,15-20,10-20,60-90.1
0,25435,0,37.977283533613004,30-40,30-45,60-90.1
0,25455,0,35.11536962773356,30-40,30-45,60-90.1
0,25468,1,33.355021976710496,30-40,30-45,0-30
0,25483,1,32.775778748320185,30-40,30-45,0-30
0,25491,1,25.217662628678806,25-30,20-30,60-90.1
0,25497,1,11.0052449091222,10-15,10-20,30-60
0,25527,1,20.770607232589352,20-25,20-30,60-90.1
0,25546,1,17.758089074106906,15-20,10-20,60-90.1
0,25554,1,11.605484848292384,10-15,10-20,0-30
0,25556,1,15.167359525964516,15-20,10-20,60-90.1
0,25561,1,12.360412263915084,10-15,10-20,0-30
0,25587,1,14.60584548348263,10-15,10-20,60-90.1
0,25603,1,18.044724453877222,15-20,10-20,30-60
0,25626,1,19.40543562297589,15-20,10-20,60-90.1
0,25629,1,18.147954347722884,15-20,10-20,60-90.1
0,25644,1,21.046224020810193,20-25,20-30,30-60
0,25671,1,22.051513549867657,20-25,20-30,60-90.1
0,25675,1,11.388440459129235,10-15,10-20,30-60
0,25707,1,15.017798110683602,15-20,10-20,60-90.1
0,25714,1,20.58873032354335,20-25,20-30,60-90.1
0,25718,1,18.203012149527904,15-20,10-20,60-90.1
0,25731,1,22.987879196258696,20-25,20-30,60-90.1
0,25761,1,23.718400344343486,20-25,20-30,60-90.1
0,25815,1,29.23048302281101,25-30,20-30,30-60
0,25816,1,18.361652884060536,15-20,10-20,60-90.1
0,25821,1,34.58759909706224,30-40,30-45,30-60
0,25841,1,10.552466560099422,10-15,10-20,0-30
0,25842,1,37.026055889722194,30-40,30-45,60-90.1
0,25874,1,10.42884699661135,10-15,10-20,0-30
0,25876,1,42.97477375016964,40-50,30-45,60-90.1
0,25902,1,45.07486296128822,40-50,45-70,30-60
0,25914,1,46.49802990254464,40-50,45-70,30-60
0,25918,1,23.448499346289015,20-25,20-30,60-90.1
0,25921,1,20.513432500484875,20-25,20-30,60-90.1
0,25939,1,12.128191051438703,10-15,10-20,60-90.1
0,25952,1,31.961325809021528,30-40,30-45,60-90.1
0,25953,1,52.51301889956687,50-60,45-70,30-60
0,25967,1,54.54717273422771,50-60,45-70,30-60
0,25976,1,36.80894922642332,30-40,30-45,60-90.1
0,25979,1,56.766774132516375,50-60,45-70,30-60
0,25990,1,57.64069317901596,50-60,45-70,30-60
0,26029,0,58.98400295080137,50-60,45-70,60-90.1
0,26043,1,31.488030764836466,30-40,30-45,60-90.1
0,26047,1,28.3350136005452,25-30,20-30,60-90.1
0,26064,1,10.534205142109187,10-15,10-20,0-30
0,26079,1,17.082123904251564,15-20,10-20,60-90.1
0,26090,1,52.72392359309625,50-60,45-70,0-30
0,26095,0,47.906907611187016,40-50,45-70,60-90.1
0,26119,1,26.56257129892239,25-30,20-30,0-30
0,26152,0,44.092458995360516,40-50,30-45,60-90.1
0,26173,0,43.15629722257677,40-50,30-45,60-90.1
0,26298,1,11.402107803888772,10-15,10-20,30-60
0,26325,1,12.097206150802839,10-15,10-20,0-30
0,26336,1,12.194722020511854,10-15,10-20,30-60
0,26338,1,11.389591939521898,10-15,10-20,30-60
0,26381,1,19.93424511436067,15-20,10-20,60-90.1
0,26392,1,20.962067643686797,20-25,20-30,60-90.1
0,26396,1,18.62275034398823,15-20,10-20,60-90.1
0,26411,1,23.05692853409081,20-25,20-30,60-90.1
0,26421,1,22.93526480316386,20-25,20-30,30-60
0,26424,1,21.568233034555334,20-25,20-30,60-90.1
0,26427,1,20.988640144226753,20-25,20-30,60-90.1
0,26433,1,24.038291872030378,20-25,20-30,0-30
0,26449,1,24.46398859284549,20-25,20-30,30-60
0,26464,1,24.554905517444023,20-25,20-30,30-60
0,26472,1,12.483291594568955,10-15,10-20,60-90.1
0,26473,1,27.551315641509255,25-30,20-30,60-90.1
0,26492,1,29.465561742885274,25-30,20-30,30-60
0,26497,1,21.21102892987241,20-25,20-30,60-90.1
0,26501,1,18.5651415478103,15-20,10-20,60-90.1
0,26522,1,23.867391947522645,20-25,20-30,60-90.1
0,26542,1,11.133946373676707,10-15,10-20,0-30
0,26625,1,22.650756091534394,20-25,20-30,60-90.1
0,26631,1,39.50011622107331,30-40,30-45,60-90.1
0,26641,1,27.53547543684568,25-30,20-30,30-60
0,26651,1,41.939687947562675,40-50,30-45,30-60
0,26653,1,41.257719102034024,40-50,30-45,30-60
0,26658,1,30.76075400739935,30-40,30-45,30-60
0,26668,1,10.584768276921558,10-15,10-20,0-30
0,26669,1,46.508601252469454,40-50,45-70,60-90.1
0,26683,1,16.74471703429418,15-20,10-20,60-90.1
0,26709,1,13.974881909587543,10-15,10-20,60-90.1
0,26713,1,50.37796947169992,50-60,45-70,60-90.1
0,26761,1,36.42039534138754,30-40,30-45,30-60
0,26762,1,14.202278729416447,10-15,10-20,60-90.1
0,26775,1,16.472548196576053,15-20,10-20,60-90.1
0,26791,1,19.472493653904717,15-20,10-20,60-90.1
0,26805,1,25.51691358495602,25-30,20-30,60-90.1
0,26821,1,10.459852263753408,10-15,10-20,0-30
0,26842,1,58.98347202431317,50-60,45-70,0-30
0,26844,1,57.194158978786575,50-60,45-70,0-30
0,26847,1,52.33905906207198,50-60,45-70,0-30
0,26869,1,55.825886393296535,50-60,45-70,0-30
0,26871,1,54.11581906024784,50-60,45-70,0-30
0,26889,1,14.254418600114501,10-15,10-20,60-90.1
0,26940,0,42.07304701288675,40-50,30-45,60-90.1
0,26967,0,38.423284422505134,30-40,30-45,30-60
0,26985,0,36.35278295875744,30-40,30-45,60-90.1
0,26995,1,43.04779979108882,40-50,30-45,30-60
0,27008,1,9.724675554463966,0-10,,0-30
0,27022,1,28.221046937076206,25-30,20-30,0-30
0,27046,1,23.30424641849014,20-25,20-30,60-90.1
0,27062,1,13.59455222032923,10-15,10-20,60-90.1
0,27069,1,20.205481163037813,20-25,20-30,60-90.1
0,27130,1,14.89485801558848,10-15,10-20,60-90.1
0,27147,1,15.501012095456632,15-20,10-20,60-90.1
0,27149,1,14.960946076900875,10-15,10-20,60-90.1
0,27192,1,17.98985925267113,15-20,10-20,60-90.1
0,27195,1,16.976739328817608,15-20,10-20,60-90.1
0,27197,1,16.330360874580098,15-20,10-20,60-90.1
0,27200,1,15.290843680014824,15-20,10-20,60-90.1
0,27242,1,20.469687144815715,20-25,20-30,60-90.1
0,27260,1,20.00567066460996,20-25,20-30,60-90.1
0,27264,1,25.907444235982272,25-30,20-30,60-90.1
0,27279,1,24.642535023634498,20-25,20-30,60-90.1
0,27282,1,23.251717323946195,20-25,20-30,60-90.1
0,27307,1,16.056084091625145,15-20,10-20,60-90.1
0,27328,1,30.523418943149895,30-40,30-45,30-60
0,27331,1,22.140795572207292,20-25,20-30,60-90.1
0,27367,1,13.053777720242621,10-15,10-20,60-90.1
0,27378,1,10.424393324607163,10-15,10-20,0-30
0,27391,1,16.690297980830795,15-20,10-20,60-90.1
0,27423,1,32.06479058218077,30-40,30-45,0-30
0,27429,1,20.543305621353717,20-25,20-30,60-90.1
0,27448,1,10.560867514808198,10-15,10-20,0-30
0,27450,1,44.15998522930108,40-50,30-45,30-60
0,27482,1,10.949082393732528,10-15,10-20,0-30
0,27483,1,48.246466831789355,40-50,45-70,60-90.1
0,27487,1,24.875731579745242,20-25,20-30,60-90.1
0,27491,1,20.90085082040414,20-25,20-30,60-90.1
0,27494,1,17.946047021624317,15-20,10-20,60-90.1
0,27501,1,28.869121179413096,25-30,20-30,60-90.1
0,27503,1,26.91927319994315,25-30,20-30,60-90.1
0,27531,1,34.2800472069126,30-40,30-45,60-90.1
0,27574,1,22.19093921101306,20-25,20-30,60-90.1
0,27587,1,34.59402873884141,30-40,30-45,60-90.1
0,27622,1,61.86371037576946,60-90,45-70,0-30
0,27650,1,21.364097684161422,20-25,20-30,60-90.1
0,27676,1,12.450209256496583,10-15,10-20,60-90.1
0,27685,0,44.38819001366003,40-50,30-45,30-60
0,27690,0,42.7213429508848,40-50,30-45,30-60
0,27693,0,41.599405906332116,40-50,30-45,30-60
0,27713,0,46.80648137932653,40-50,45-70,60-90.1
0,27773,1,33.85194646042859,30-40,30-45,30-60
0,27811,1,32.83559423233022,30-40,30-45,60-90.1
0,27824,1,30.732638274563335,30-40,30-45,0-30
0,27830,1,16.681778715898464,15-20,10-20,30-60
0,27866,1,17.295923819134202,15-20,10-20,60-90.1
0,27877,1,14.49204303512918,10-15,10-20,60-90.1
0,27892,1,16.07193699718966,15-20,10-20,0-30
0,27893,1,16.54980051887707,15-20,10-20,30-60
0,27919,1,18.203686063703003,15-20,10-20,60-90.1
0,27920,1,17.89854345457979,15-20,10-20,60-90.1
0,27924,1,14.177520716177158,10-15,10-20,60-90.1
0,27926,1,13.463203039050788,10-15,10-20,60-90.1
0,27928,1,12.694378138109387,10-15,10-20,60-90.1
0,27930,1,12.003131514905647,10-15,10-20,60-90.1
0,27986,1,15.016829962358589,15-20,10-20,60-90.1
0,28017,1,15.846308248904549,15-20,10-20,60-90.1
0,28028,1,19.565166914841363,15-20,10-20,60-90.1
0,28031,1,18.069087688389754,15-20,10-20,60-90.1
0,28061,1,22.45457714832318,20-25,20-30,60-90.1
0,28063,1,21.703319236391778,20-25,20-30,60-90.1
0,28084,1,21.442530714531152,20-25,20-30,60-90.1
0,28090,1,12.609725778613646,10-15,10-20,60-90.1
0,28110,1,26.449062971141217,25-30,20-30,0-30
0,28128,1,19.12108633050789,15-20,10-20,60-90.1
0,28143,1,31.628609268977232,30-40,30-45,30-60
0,28163,1,32.91541034208997,30-40,30-45,30-60
0,28165,1,27.227514926528094,25-30,20-30,60-90.1
0,28184,1,34.16093139817116,30-40,30-45,30-60
0,28198,1,14.617733405991238,10-15,10-20,60-90.1
0,28201,1,35.401973231206156,30-40,30-45,30-60
0,28203,1,30.177907958892607,30-40,30-45,30-60
0,28207,1,10.605684700051858,10-15,10-20,0-30
0,28248,1,28.583208411092908,25-30,20-30,30-60
0,28252,1,25.607818894694923,25-30,20-30,30-60
0,28278,1,10.621099646555614,10-15,10-20,0-30
0,28284,1,48.01253877428929,40-50,45-70,60-90.1
0,28312,1,11.398325775649678,10-15,10-20,0-30
0,28326,1,15.441450457788878,15-20,10-20,60-90.1
0,28331,1,52.055042192473806,50-60,45-70,30-60
0,28336,1,36.320456639872035,30-40,30-45,60-90.1
0,28351,1,53.868703181112934,50-60,45-70,30-60
0,28360,0,56.15107234338564,50-60,45-70,60-90.1
0,28362,1,39.286208941862526,30-40,30-45,30-60
0,28367,0,58.019179160247454,50-60,45-70,60-90.1
0,28373,0,60.09038245276201,60-90,45-70,60-90.1
0,28374,1,38.05029404185922,30-40,30-45,30-60
0,28392,1,11.673506078481248,10-15,10-20,60-90.1
0,28394,0,61.69273409251617,60-90,45-70,60-90.1
0,28421,1,29.490696358092524,25-30,20-30,60-90.1
0,28425,1,25.483019948587742,25-30,20-30,60-90.1
0,28435,1,58.79741609398982,50-60,45-70,0-30
0,28443,1,32.33333331637366,30-40,30-45,60-90.1
0,28452,1,57.318773736169305,50-60,45-70,0-30
0,28461,1,55.41659616822724,50-60,45-70,30-60
0,28463,1,53.896520643473416,50-60,45-70,30-60
0,28472,1,19.459098340842992,15-20,10-20,60-90.1
0,28520,0,40.22918490886717,40-50,30-45,30-60
0,28523,1,26.80526918988163,25-30,20-30,0-30
0,28535,0,38.587105943748355,30-40,30-45,60-90.1
0,28552,1,23.364323242628704,20-25,20-30,60-90.1
0,28556,1,19.264006034970834,15-20,10-20,60-90.1
0,28560,1,15.519023582057184,15-20,10-20,60-90.1
0,28601,1,9.495458814767433,0-10,,0-30
0,28609,1,33.32348910334693,30-40,30-45,60-90.1
0,28633,1,26.75248677746233,25-30,20-30,30-60
0,28696,1,12.253640358939691,10-15,10-20,0-30
0,28727,1,20.067325293540243,20-25,20-30,60-90.1
0,28737,1,21.472056236293334,20-25,20-30,60-90.1
0,28738,1,20.781489937649194,20-25,20-30,60-90.1
0,28740,1,13.186870628596939,10-15,10-20,60-90.1
0,28769,1,14.673530694934199,10-15,10-20,60-90.1
0,28797,1,19.316005930432688,15-20,10-20,60-90.1
0,28800,1,17.643816146788684,15-20,10-20,60-90.1
0,28817,1,28.649015694491744,25-30,20-30,60-90.1
0,28838,1,26.09071130977759,25-30,20-30,30-60
0,28845,1,22.255969987540144,20-25,20-30,60-90.1
0,28848,1,20.513306573235976,20-25,20-30,60-90.1
0,28850,1,16.297890838730414,15-20,10-20,60-90.1
0,28860,1,25.698632870588874,25-30,20-30,30-60
0,28863,1,24.12039643859365,20-25,20-30,60-90.1
0,28902,1,24.321568441727333,20-25,20-30,60-90.1
0,28910,1,11.74410980748373,10-15,10-20,60-90.1
0,28951,1,37.67558485777195,30-40,30-45,60-90.1
0,28965,1,18.793928679835073,15-20,10-20,60-90.1
0,28967,1,10.772732898019777,10-15,10-20,0-30
0,28971,1,39.762542290707394,30-40,30-45,60-90.1
0,28979,1,27.416839820304443,25-30,20-30,30-60
0,28984,1,23.379423151520733,20-25,20-30,30-60
0,28995,1,42.91050941085202,40-50,30-45,0-30
0,29004,1,42.91262628561929,40-50,30-45,0-30
0,29006,1,42.157979037887,40-50,30-45,30-60
0,29014,1,10.927545473955822,10-15,10-20,0-30
0,29022,1,22.498933611039572,20-25,20-30,60-90.1
0,29030,1,29.480284323163463,25-30,20-30,60-90.1
0,29041,1,18.702353552624658,15-20,10-20,60-90.1
0,29044,1,50.25062108058366,50-60,45-70,60-90.1
0,29052,1,32.331444889117904,30-40,30-45,60-90.1
0,29079,1,11.990245170981694,10-15,10-20,30-60
0,29086,1,38.52206187697002,30-40,30-45,60-90.1
0,29129,1,14.373854824220667,10-15,10-20,60-90.1
0,29144,1,17.428317947845024,15-20,10-20,60-90.1
0,29154,1,59.26731819392967,50-60,45-70,60-90.1
0,29160,1,23.178293328841583,20-25,20-30,60-90.1
0,29164,1,19.543792644793395,15-20,10-20,60-90.1
0,29187,1,61.67914906712294,60-90,45-70,0-30
0,29191,1,57.915359155939754,50-60,45-70,0-30
0,29211,1,51.83607578869499,50-60,45-70,60-90.1
0,29230,0,48.4407292501372,40-50,45-70,60-90.1
0,29231,1,10.652535242275498,10-15,10-20,0-30
0,29242,1,25.082622805796035,25-30,20-30,30-60
0,29250,1,17.43987633576723,15-20,10-20,60-90.1
0,29260,1,53.76866320337079,50-60,45-70,60-90.1
0,29276,1,51.65507710607537,50-60,45-70,60-90.1
0,29279,0,48.766995640889725,40-50,45-70,60-90.1
0,29295,0,47.667242476708104,40-50,45-70,60-90.1
0,29310,0,45.62914230898845,40-50,45-70,60-90.1
0,29344,1,11.364837833962532,10-15,10-20,60-90.1
0,29382,0,37.67583212825134,30-40,30-45,60-90.1
0,29408,1,16.26265791200107,15-20,10-20,60-90.1
0,29419,1,13.538484491521835,10-15,10-20,60-90.1
0,29454,1,22.677102600668565,20-25,20-30,60-90.1
0,29471,1,20.172740760135966,20-25,20-30,60-90.1
0,29477,1,11.442698106528976,10-15,10-20,0-30
0,29488,1,17.482973259931065,15-20,10-20,60-90.1
0,29498,1,14.94999567930775,10-15,10-20,30-60
0,29501,1,15.19976065581249,15-20,10-20,30-60
0,29511,1,16.45452606235185,15-20,10-20,60-90.1
0,29541,1,11.907764442318104,10-15,10-20,60-90.1
0,29558,1,22.243630721231998,20-25,20-30,60-90.1
0,29565,1,23.978911010706135,20-25,20-30,60-90.1
0,29568,1,23.346554553149623,20-25,20-30,60-90.1
0,29586,1,24.656774052467803,20-25,20-30,30-60
0,29595,1,25.40134485217401,25-30,20-30,30-60
0,29600,1,10.92112355925348,10-15,10-20,60-90.1
0,29610,1,26.376522590286022,25-30,20-30,0-30
0,29629,1,14.733552478332932,10-15,10-20,60-90.1
0,29632,1,30.901039309892067,30-40,30-45,0-30
0,29665,1,31.679051850923795,30-40,30-45,0-30
0,29671,1,25.614616190412992,25-30,20-30,30-60
0,29685,1,21.912137588116707,20-25,20-30,60-90.1
0,29720,1,28.438122779643503,25-30,20-30,60-90.1
0,29752,1,16.892177586383376,15-20,10-20,60-90.1
0,29760,1,30.233810423069137,30-40,30-45,0-30
0,29786,1,10.77302926894913,10-15,10-20,0-30
0,29795,1,45.963685959105305,40-50,45-70,60-90.1
0,29797,1,10.865406141838145,10-15,10-20,0-30
0,29806,1,11.374745602273087,10-15,10-20,0-30
0,29838,1,24.392449538585947,20-25,20-30,60-90.1
0,29877,1,14.460670640564896,10-15,10-20,60-90.1
0,29880,0,55.26617125312741,50-60,45-70,60-90.1
0,29884,0,57.25509518229371,50-60,45-70,60-90.1
0,29891,0,59.24290995754914,50-60,45-70,60-90.1
0,29904,1,59.601984298006286,50-60,45-70,30-60
0,29918,1,60.23898567567457,60-90,45-70,30-60
0,29928,1,61.86655751169075,60-90,45-70,60-90.1
0,29957,1,34.95247502602786,30-40,30-45,30-60
0,29968,1,63.61173146636484,60-90,45-70,30-60
0,29994,1,57.02210827164896,50-60,45-70,60-90.1
0,30007,1,56.066238337776866,50-60,45-70,60-90.1
0,30011,1,22.201218224822185,20-25,20-30,60-90.1
0,30032,1,15.541966596981501,15-20,10-20,60-90.1
0,30057,1,53.10253028702273,50-60,45-70,60-90.1
0,30065,0,43.716108792949676,40-50,30-45,60-90.1
0,30072,1,50.002371171793136,50-60,45-70,60-90.1
0,30149,0,35.40940350704921,30-40,30-45,30-60
0,30155,1,44.67540975569362,40-50,30-45,30-60
0,30187,1,11.023355841880642,10-15,10-20,30-60
0,30189,1,32.446004896763874,30-40,30-45,60-90.1
0,30192,1,29.051765974361793,25-30,20-30,30-60
0,30228,1,13.128116447037753,10-15,10-20,60-90.1
0,30258,1,14.671336268902813,10-15,10-20,30-60
0,30274,1,16.538487350011696,15-20,10-20,60-90.1
0,30292,1,18.21222932772117,15-20,10-20,60-90.1
0,30310,1,19.93411139824088,15-20,10-20,60-90.1
0,30339,1,13.47327275808932,10-15,10-20,60-90.1
0,30358,1,26.538024612520264,25-30,20-30,60-90.1
0,30370,1,17.07438374257438,15-20,10-20,60-90.1
0,30400,1,20.171107198136713,20-25,20-30,60-90.1
0,30421,1,32.08276482581941,30-40,30-45,30-60
0,30423,1,27.072946510443202,25-30,20-30,0-30
0,30429,1,24.131398571350037,20-25,20-30,60-90.1
0,30448,1,33.0437945735161,30-40,30-45,30-60
0,30460,1,34.40425269636378,30-40,30-45,30-60
0,30472,1,11.265330164331816,10-15,10-20,30-60
0,30476,1,13.872731725812816,10-15,10-20,60-90.1
0,30502,1,10.8832363516277,10-15,10-20,30-60
0,30509,1,28.232422332531907,25-30,20-30,30-60
0,30519,1,43.26388662367134,40-50,30-45,30-60
0,30529,1,24.904474101125235,20-25,20-30,30-60
0,30533,1,21.754492025595493,20-25,20-30,60-90.1
0,30544,1,42.975753215712814,40-50,30-45,0-30
0,30552,1,11.250116045779388,10-15,10-20,0-30
0,30572,1,11.13584929820081,10-15,10-20,0-30
0,30582,1,30.449325400891013,30-40,30-45,60-90.1
0,30592,1,36.528723559191356,30-40,30-45,30-60
0,30596,1,26.72920741297535,25-30,20-30,60-90.1
0,30602,1,21.086778519104676,20-25,20-30,60-90.1
0,30603,1,11.514609218644383,10-15,10-20,0-30
0,30608,1,51.679204304414796,50-60,45-70,30-60
0,30620,1,16.94521220488696,15-20,10-20,60-90.1
0,30624,1,52.848045552439665,50-60,45-70,30-60
0,30626,1,39.63109372980941,30-40,30-45,60-90.1
0,30651,1,40.87017010336205,40-50,30-45,30-60
0,30669,0,59.04666505857394,50-60,45-70,30-60
0,30674,0,57.775378132853405,50-60,45-70,30-60
0,30676,1,39.761406868258256,30-40,30-45,30-60
0,30689,1,57.58019210567061,50-60,45-70,60-90.1
0,30737,1,22.950112218280342,20-25,20-30,60-90.1
0,30738,1,10.396873496717864,10-15,10-20,0-30
0,30745,1,28.883050427118157,25-30,20-30,60-90.1
0,30748,1,25.676498299242787,25-30,20-30,60-90.1
0,30756,1,57.96501709183022,50-60,45-70,60-90.1
0,30785,1,12.890689123461732,10-15,10-20,60-90.1
0,30793,1,55.19037553287931,50-60,45-70,60-90.1
0,30803,1,51.20011415868183,50-60,45-70,60-90.1
0,30804,0,41.7039962782613,40-50,30-45,60-90.1
0,30838,0,45.35653557087329,40-50,45-70,60-90.1
0,30841,1,26.70286485685283,25-30,20-30,30-60
0,30868,1,22.2983378128936,20-25,20-30,60-90.1
0,30873,1,17.597860316490262,15-20,10-20,60-90.1
0,30901,1,33.22664525144445,30-40,30-45,60-90.1
0,30913,1,9.804284594092863,0-10,,0-30
0,30948,1,25.31141263870412,25-30,20-30,60-90.1
0,30958,1,16.114515828525757,15-20,10-20,60-90.1
0,30971,1,23.113393754013014,20-25,20-30,60-90.1
0,30980,1,20.279908686050284,20-25,20-30,60-90.1
0,30996,1,12.291248649636131,10-15,10-20,30-60
0,31009,1,14.100596357492241,10-15,10-20,30-60
0,31019,1,15.845991215234573,15-20,10-20,60-90.1
0,31021,1,18.442160621256548,15-20,10-20,30-60
0,31056,1,20.446668642632474,20-25,20-30,60-90.1
0,31076,1,21.91455728493576,20-25,20-30,60-90.1
0,31122,1,12.79304313092273,10-15,10-20,60-90.1
0,31125,1,29.965178505004808,25-30,20-30,60-90.1
0,31151,1,27.114089978453944,25-30,20-30,0-30
0,31170,1,22.253213430415364,20-25,20-30,60-90.1
0,31175,1,17.139835817415534,15-20,10-20,60-90.1
0,31189,1,19.840366358427946,15-20,10-20,60-90.1
0,31218,1,35.27558767432671,30-40,30-45,30-60
0,31221,1,25.484411680520694,25-30,20-30,60-90.1
0,31234,1,37.44067127440165,30-40,30-45,60-90.1
0,31240,1,13.655489966050926,10-15,10-20,60-90.1
0,31267,1,23.264657378045907,20-25,20-30,0-30
0,31268,1,20.25990855538361,20-25,20-30,60-90.1
0,31283,1,40.323006847904324,40-50,30-45,60-90.1
0,31296,1,43.097752677294714,40-50,30-45,0-30
0,31298,1,42.42369044058215,40-50,30-45,0-30
0,31302,1,10.906009145484726,10-15,10-20,0-30
0,31312,1,11.398748768516318,10-15,10-20,0-30
0,31313,1,49.773935163135896,40-50,45-70,30-60
0,31316,1,33.89011046426324,30-40,30-45,60-90.1
0,31350,1,22.420777488399484,20-25,20-30,60-90.1
0,31363,1,18.565203701387595,15-20,10-20,60-90.1
0,31376,1,13.117570826895477,10-15,10-20,30-60
0,31385,0,56.05945340257031,50-60,45-70,60-90.1
0,31396,0,58.32394842669027,50-60,45-70,30-60
0,31424,1,37.19497374829936,30-40,30-45,60-90.1
0,31439,1,17.831862215043657,15-20,10-20,60-90.1
0,31443,1,11.530800751428727,10-15,10-20,30-60
0,31446,1,57.93933468939037,50-60,45-70,60-90.1
0,31456,1,19.87558961524249,15-20,10-20,60-90.1
0,31461,1,32.078712079660576,30-40,30-45,30-60
0,31468,1,58.53887054954245,50-60,45-70,60-90.1
0,31490,1,57.2609234622354,50-60,45-70,60-90.1
0,31496,1,20.148099630294002,20-25,20-30,60-90.1
0,31523,1,26.853056608528256,25-30,20-30,30-60
0,31541,0,39.179080780548546,30-40,30-45,60-90.1
0,31562,0,43.80666656641155,40-50,30-45,30-60
0,31571,0,37.73814909993582,30-40,30-45,60-90.1
0,31578,1,14.244673867591066,10-15,10-20,60-90.1
0,31594,1,10.267754845403067,10-15,10-20,0-30
0,31603,0,37.123864269855,30-40,30-45,60-90.1
0,31650,1,17.61671327401545,15-20,10-20,0-30
0,31665,1,10.746947258928314,10-15,10-20,30-60
0,31688,1,11.470855592119197,10-15,10-20,0-30
0,31695,1,17.73019045903367,15-20,10-20,60-90.1
0,31711,1,13.633111077669284,10-15,10-20,0-30
0,31731,1,14.879689209450753,10-15,10-20,60-90.1
0,31742,1,15.19394603055446,15-20,10-20,60-90.1
0,31746,1,17.105723191753118,15-20,10-20,60-90.1
0,31754,1,20.528482634921335,20-25,20-30,60-90.1
0,31756,1,17.744229026814853,15-20,10-20,60-90.1
0,31761,1,15.776419976390944,15-20,10-20,60-90.1
0,31777,1,22.468169032847968,20-25,20-30,60-90.1
0,31781,1,18.88531452030905,15-20,10-20,60-90.1
0,31802,1,12.179049805743643,10-15,10-20,30-60
0,31817,1,23.39497673917365,20-25,20-30,60-90.1
0,31831,1,9.817025812556167,0-10,,30-60
0,31834,1,25.057567563924245,25-30,20-30,60-90.1
0,31837,1,15.391994507377591,15-20,10-20,60-90.1
0,31853,1,26.09294167347855,25-30,20-30,30-60
0,31864,1,26.635027603945737,25-30,20-30,0-30
0,31867,1,18.72798483337171,15-20,10-20,60-90.1
0,31872,1,31.133839044616522,30-40,30-45,30-60
0,31884,1,31.725556582107956,30-40,30-45,0-30
0,31905,1,22.30072180817822,20-25,20-30,60-90.1
0,31914,1,26.244298441015204,25-30,20-30,30-60
0,31929,1,25.70977904877327,25-30,20-30,30-60
0,31939,1,22.66671738298814,20-25,20-30,60-90.1
0,31969,1,26.217517052326368,25-30,20-30,30-60
0,31985,1,16.268223449813867,15-20,10-20,60-90.1
0,32001,1,22.147675200214383,20-25,20-30,30-60
0,32006,1,18.001248541758077,15-20,10-20,60-90.1
0,32011,1,44.96820071608279,40-50,30-45,60-90.1
0,32025,1,46.82613239084086,40-50,45-70,30-60
0,32026,1,10.965044540233796,10-15,10-20,0-30
0,32037,1,32.42940695168563,30-40,30-45,60-90.1
0,32053,1,27.263821238314616,25-30,20-30,30-60
0,32062,1,52.25210669838961,50-60,45-70,0-30
0,32080,0,54.277147646749775,50-60,45-70,60-90.1
0,32092,1,16.427448458040235,15-20,10-20,60-90.1
0,32103,0,55.89380928102708,50-60,45-70,30-60
0,32105,1,41.5584625866259,40-50,30-45,0-30
0,32114,0,56.740107272678415,50-60,45-70,30-60
0,32119,1,41.439044460101215,40-50,30-45,0-30
0,32132,1,14.213890984285738,10-15,10-20,60-90.1
0,32139,1,39.453008873060874,30-40,30-45,30-60
0,32173,1,34.50283580410138,30-40,30-45,60-90.1
0,32205,1,10.435589515018835,10-15,10-20,30-60
0,32231,1,17.63973319566912,15-20,10-20,60-90.1
0,32278,0,41.08856379015127,40-50,30-45,30-60
0,32359,1,15.963852177709986,15-20,10-20,30-60
0,32364,1,31.851593581517207,30-40,30-45,30-60
0,32369,1,27.68029152084193,25-30,20-30,60-90.1
0,32373,1,13.195714248173072,10-15,10-20,30-60
0,32387,1,24.919768839046604,20-25,20-30,60-90.1
0,32437,1,15.30338915251408,15-20,10-20,30-60
0,32439,1,14.414233982746833,10-15,10-20,0-30
0,32457,1,14.18992894699491,10-15,10-20,0-30
0,32470,1,12.615734888326637,10-15,10-20,60-90.1
0,32493,1,15.55898417434241,15-20,10-20,60-90.1
0,32515,1,17.400230122733618,15-20,10-20,60-90.1
0,32535,1,20.274309718243426,20-25,20-30,60-90.1
0,32543,1,24.724744074235435,20-25,20-30,60-90.1
0,32546,1,21.211239432842927,20-25,20-30,60-90.1
0,32565,1,22.622482446052047,20-25,20-30,60-90.1
0,32593,1,11.321455946497151,10-15,10-20,60-90.1
0,32625,1,31.959582775175292,30-40,30-45,30-60
0,32633,1,15.580267434650994,15-20,10-20,60-90.1
0,32641,1,32.66985373414821,30-40,30-45,30-60
0,32642,1,26.458152180340477,25-30,20-30,0-30
0,32651,1,14.097285903103284,10-15,10-20,60-90.1
0,32669,1,33.71335075114023,30-40,30-45,30-60
0,32691,1,20.543768483025776,20-25,20-30,60-90.1
0,32719,1,12.45382814511628,10-15,10-20,60-90.1
0,32722,1,42.81962370535293,40-50,30-45,0-30
0,32723,1,39.83228861574201,30-40,30-45,60-90.1
0,32725,1,24.548437757539933,20-25,20-30,30-60
0,32740,1,42.937940207959066,40-50,30-45,0-30
0,32748,1,19.973503234755107,15-20,10-20,60-90.1
0,32758,1,43.12865934782206,40-50,30-45,0-30
0,32760,1,42.457678141165594,40-50,30-45,0-30
0,32774,1,11.198146296584708,10-15,10-20,0-30
0,32790,1,50.85045695973107,50-60,45-70,0-30
0,32801,1,23.645291756345227,20-25,20-30,30-60
0,32814,1,12.289367342711959,10-15,10-20,30-60
0,32818,1,39.51882987896774,30-40,30-45,30-60
0,32820,1,20.416515531367185,20-25,20-30,60-90.1
0,32850,0,55.74745506373862,50-60,45-70,30-60
0,32876,1,59.10623749005047,50-60,45-70,30-60
0,32905,1,36.6411167489881,30-40,30-45,60-90.1
0,32947,1,59.52011939422066,50-60,45-70,60-90.1
0,32964,1,22.88987061263918,20-25,20-30,60-90.1
0,32972,1,14.91266018029231,10-15,10-20,60-90.1
0,32977,1,59.18966178796038,50-60,45-70,60-90.1
0,32988,1,11.818666903181112,10-15,10-20,60-90.1
0,32996,1,57.9270378257633,50-60,45-70,60-90.1
0,33004,1,55.05083282414964,50-60,45-70,60-90.1
0,33018,1,48.91170332835873,40-50,45-70,30-60
0,33025,0,38.56960224295535,30-40,30-45,60-90.1
0,33027,0,46.54691259160143,40-50,45-70,30-60
0,33088,0,33.957327773686146,30-40,30-45,30-60
0,33109,1,10.17869310101835,10-15,10-20,0-30
0,33152,1,12.868036670380398,10-15,10-20,60-90.1
0,33155,1,22.82574724270381,20-25,20-30,60-90.1
0,33164,1,20.871989850846894,20-25,20-30,60-90.1
0,33186,1,15.481002010886861,15-20,10-20,0-30
0,33200,1,15.085797759718623,15-20,10-20,30-60
0,33202,1,14.765212376562062,10-15,10-20,30-60
0,33210,1,13.190065183568667,10-15,10-20,0-30
0,33220,1,12.883018093566138,10-15,10-20,30-60
0,33231,1,13.063963675937202,10-15,10-20,60-90.1
0,33243,1,14.730159141414987,10-15,10-20,60-90.1
0,33259,1,17.716152767467317,15-20,10-20,60-90.1
0,33263,1,16.122718684271188,15-20,10-20,60-90.1
0,33265,1,10.458479437492523,10-15,10-20,60-90.1
0,33287,1,19.13271849244397,15-20,10-20,60-90.1
0,33304,1,13.127544158489608,10-15,10-20,30-60
0,33306,1,27.155206724546506,25-30,20-30,60-90.1
0,33322,1,23.16125205662951,20-25,20-30,60-90.1
0,33325,1,21.763029974875323,20-25,20-30,60-90.1
0,33353,1,24.498419459539203,20-25,20-30,60-90.1
0,33356,1,23.04928186109121,20-25,20-30,60-90.1
0,33359,1,17.215930781056848,15-20,10-20,60-90.1
0,33378,1,9.861545864999972,0-10,,30-60
0,33385,1,25.48681419396816,25-30,20-30,60-90.1
0,33410,1,21.49310557982895,20-25,20-30,60-90.1
0,33424,1,12.497819365111788,10-15,10-20,60-90.1
0,33447,1,25.732900055676684,25-30,20-30,60-90.1
0,33449,1,24.3871233180783,20-25,20-30,60-90.1
0,33456,1,35.050303952513715,30-40,30-45,30-60
0,33464,1,19.607049744688837,15-20,10-20,60-90.1
0,33467,1,17.068765946667185,15-20,10-20,60-90.1
0,33476,1,36.655084875510866,30-40,30-45,60-90.1
0,33496,1,23.02973127619694,20-25,20-30,30-60
0,33503,1,11.293767932248658,10-15,10-20,0-30
0,33518,1,16.772939906707965,15-20,10-20,60-90.1
0,33520,1,14.765192931411194,10-15,10-20,60-90.1
0,33556,1,27.290789286972842,25-30,20-30,30-60
0,33563,1,36.821825265940355,30-40,30-45,60-90.1
0,33595,1,17.846853553944047,15-20,10-20,60-90.1
0,33607,1,14.926877026113674,10-15,10-20,60-90.1
0,33612,0,55.24309213641565,50-60,45-70,30-60
0,33640,1,58.86058260087567,50-60,45-70,30-60
0,33662,1,11.290208608890035,10-15,10-20,30-60
0,33671,1,20.83326028592176,20-25,20-30,60-90.1
0,33677,1,59.82377417078035,50-60,45-70,60-90.1
0,33684,1,28.870047758074687,25-30,20-30,60-90.1
0,33687,1,23.667129500990704,20-25,20-30,60-90.1
0,33691,1,9.683631725354896,0-10,,0-30
0,33699,1,31.26893738164102,30-40,30-45,60-90.1
0,33703,1,26.52916676429747,25-30,20-30,60-90.1
0,33715,1,33.21957930773951,30-40,30-45,60-90.1
0,33754,1,20.55955654429502,20-25,20-30,60-90.1
0,33767,1,26.873159715724825,25-30,20-30,30-60
0,33781,1,53.89694466080983,50-60,45-70,60-90.1
0,33783,1,51.670969049869164,50-60,45-70,30-60
0,33806,0,44.29783351592971,40-50,30-45,30-60
0,33815,1,25.754134671749334,25-30,20-30,60-90.1
0,33824,0,41.537254748383624,40-50,30-45,30-60
0,33840,0,37.309694621317256,30-40,30-45,60-90.1
0,33845,1,20.57334209684115,20-25,20-30,60-90.1
0,33912,1,27.833148898771896,25-30,20-30,60-90.1
0,33937,1,15.916851924254273,15-20,10-20,60-90.1
0,33962,1,13.000860340305946,10-15,10-20,0-30
0,33966,1,18.825583891118487,15-20,10-20,60-90.1
0,34001,1,17.46976928928384,15-20,10-20,60-90.1
0,34011,1,14.117969637269546,10-15,10-20,30-60
0,34027,1,19.500328214409084,15-20,10-20,60-90.1
0,34028,1,17.521688821518996,15-20,10-20,30-60
0,34032,1,16.458922209750213,15-20,10-20,60-90.1
0,34078,1,17.974275222135706,15-20,10-20,60-90.1
0,34094,1,19.49044730302185,15-20,10-20,60-90.1
0,34109,1,29.19826150057803,25-30,20-30,60-90.1
0,34120,1,30.22959981567202,30-40,30-45,30-60
0,34131,1,24.52085532598985,20-25,20-30,60-90.1
0,34143,1,18.96002827717463,15-20,10-20,60-90.1
0,34157,1,26.98836035972488,25-30,20-30,30-60
0,34181,1,28.427914842066954,25-30,20-30,30-60
0,34187,1,23.026961512682984,20-25,20-30,60-90.1
0,34207,1,22.401355518992233,20-25,20-30,60-90.1
0,34215,1,28.623165146491935,25-30,20-30,30-60
0,34235,1,27.880682125043204,25-30,20-30,60-90.1
0,34261,1,27.763456063262662,25-30,20-30,30-60
0,34274,1,20.899827749552436,20-25,20-30,30-60
0,34298,1,44.31387286494313,40-50,30-45,60-90.1
0,34305,1,18.21267575281263,15-20,10-20,30-60
0,34308,1,15.430519116748194,15-20,10-20,60-90.1
0,34313,1,10.672752147825271,10-15,10-20,0-30
0,34315,1,46.276008016900654,40-50,45-70,30-60
0,34326,1,48.758231987257325,40-50,45-70,60-90.1
0,34330,1,30.132538960020828,30-40,30-45,60-90.1
0,34337,1,51.46050213901028,50-60,45-70,30-60
0,34345,1,34.205283277905025,30-40,30-45,60-90.1
0,34352,1,24.421293216813417,20-25,20-30,60-90.1
0,34357,1,11.793991386070523,10-15,10-20,30-60
0,34364,1,20.469411422593357,20-25,20-30,60-90.1
0,34370,0,53.323999012470665,50-60,45-70,60-90.1
0,34402,0,54.97683649852202,50-60,45-70,30-60
0,34406,0,55.800027223258446,50-60,45-70,30-60
0,34411,1,56.98600153149057,50-60,45-70,60-90.1
0,34412,1,41.55997487311564,40-50,30-45,0-30
0,34421,1,41.13426297156238,40-50,30-45,0-30
0,34428,1,14.301704874718318,10-15,10-20,60-90.1
0,34437,1,17.322034664820798,15-20,10-20,60-90.1
0,34446,1,38.83757516867611,30-40,30-45,30-60
0,34483,1,36.736758168859744,30-40,30-45,60-90.1
0,34497,1,9.696747915541245,0-10,,0-30
0,34591,1,16.77946725577153,15-20,10-20,60-90.1
0,34614,1,10.05731970087086,10-15,10-20,0-30
0,34619,0,35.37958436650372,30-40,30-45,30-60
0,34643,1,32.305247846836686,30-40,30-45,30-60
0,34674,1,17.62292752907117,15-20,10-20,0-30
0,34687,1,24.758572981726022,20-25,20-30,60-90.1
0,34712,1,11.742632934049501,10-15,10-20,0-30
0,34735,1,15.05878355009894,15-20,10-20,0-30
0,34786,1,11.483224258134648,10-15,10-20,30-60
0,34797,1,17.433999024417442,15-20,10-20,60-90.1
0,34804,1,21.145170854328466,20-25,20-30,60-90.1
0,34813,1,12.70525129171486,10-15,10-20,60-90.1
0,34817,1,19.956401315698,15-20,10-20,60-90.1
0,34825,1,23.235895198873262,20-25,20-30,60-90.1
0,34831,1,14.405117933390967,10-15,10-20,60-90.1
0,34858,1,12.224408995524277,10-15,10-20,60-90.1
0,34879,1,15.13920739476941,15-20,10-20,60-90.1
0,34900,1,30.75533694466928,30-40,30-45,30-60
0,34912,1,31.376194967212626,30-40,30-45,30-60
0,34916,1,17.982095831214092,15-20,10-20,60-90.1
0,34921,1,31.99195035381281,30-40,30-45,30-60
0,34927,1,17.389737892494036,15-20,10-20,60-90.1
0,34940,1,33.352848277801165,30-40,30-45,30-60
0,34949,1,11.276185669711378,10-15,10-20,60-90.1
0,34967,1,20.862547393746688,20-25,20-30,60-90.1
0,34983,1,15.437893373183456,15-20,10-20,60-90.1
0,35014,1,26.47762127910093,25-30,20-30,60-90.1
0,35032,1,13.067216057080444,10-15,10-20,60-90.1
0,35035,1,42.570155621365274,40-50,30-45,0-30
0,35037,1,42.57644804929795,40-50,30-45,0-30
0,35039,1,42.19992692061765,40-50,30-45,0-30
0,35041,1,41.431226414094745,40-50,30-45,30-60
0,35070,1,11.030368205381713,10-15,10-20,0-30
0,35077,1,49.93543060190531,40-50,45-70,30-60
0,35099,1,31.675330089673075,30-40,30-45,60-90.1
0,35130,1,39.11209060926021,30-40,30-45,30-60
0,35135,1,13.775340571401532,10-15,10-20,60-90.1
0,35141,0,53.72562546966827,50-60,45-70,30-60
0,35146,1,41.078333390015764,40-50,30-45,30-60
0,35178,1,61.265633943337036,60-90,45-70,60-90.1
0,35212,0,61.31479883929647,60-90,45-70,60-90.1
0,35224,1,20.783726622723044,20-25,20-30,60-90.1
0,35233,0,61.355841560385656,60-90,45-70,60-90.1
0,35247,1,30.376797607079794,30-40,30-45,30-60
0,35254,0,60.83332616949287,60-90,45-70,60-90.1
0,35263,1,23.58280957658783,20-25,20-30,60-90.1
0,35269,1,17.653786672238844,15-20,10-20,60-90.1
0,35284,1,32.64228624946052,30-40,30-45,60-90.1
0,35291,1,15.170181322866979,15-20,10-20,60-90.1
0,35311,1,52.62389885493359,50-60,45-70,30-60
0,35313,1,50.68809948428808,50-60,45-70,30-60
0,35316,1,47.789402383167676,40-50,45-70,30-60
0,35321,0,38.10151926293849,30-40,30-45,30-60
0,35326,1,11.740711386746602,10-15,10-20,60-90.1
0,35330,0,44.62722744039593,40-50,30-45,30-60
0,35365,0,36.58084143947375,30-40,30-45,60-90.1
0,35404,1,28.00381962831313,25-30,20-30,60-90.1
0,35408,1,15.167897797525564,15-20,10-20,60-90.1
0,35423,1,12.371759977137918,10-15,10-20,60-90.1
0,35424,1,10.689187027733949,10-15,10-20,0-30
0,35454,1,12.20467348889131,10-15,10-20,30-60
0,35458,1,23.284521315592265,20-25,20-30,60-90.1
0,35469,1,21.599765664292732,20-25,20-30,60-90.1
0,35481,1,15.795350860850453,15-20,10-20,30-60
0,35490,1,15.412831064145111,15-20,10-20,0-30
0,35502,1,11.803884230105016,10-15,10-20,0-30
0,35504,1,11.154813434730189,10-15,10-20,0-30
0,35507,1,16.715075983599395,15-20,10-20,30-60
0,35510,1,14.558102795915016,10-15,10-20,60-90.1
0,35512,1,13.595957128566011,10-15,10-20,60-90.1
0,35549,1,18.560494811235014,15-20,10-20,60-90.1
0,35569,1,21.22253147389835,20-25,20-30,30-60
0,35578,1,24.669904428649374,20-25,20-30,60-90.1
0,35580,1,16.638612830148393,15-20,10-20,60-90.1
0,35612,1,14.146079492436263,10-15,10-20,60-90.1
0,35619,1,21.754878358587092,20-25,20-30,60-90.1
0,35637,1,8.963936662345182,0-10,,0-30
0,35666,1,16.473309596573774,15-20,10-20,60-90.1
0,35688,1,34.55355552515978,30-40,30-45,30-60
0,35692,1,19.86188274657473,15-20,10-20,60-90.1
0,35708,1,36.417668655354795,30-40,30-45,60-90.1
0,35729,1,38.254239734815464,30-40,30-45,60-90.1
0,35736,1,24.885509206049996,20-25,20-30,60-90.1
0,35757,1,18.71486192635841,15-20,10-20,60-90.1
0,35773,1,11.749123102491458,10-15,10-20,30-60
0,35778,1,16.772102979752816,15-20,10-20,60-90.1
0,35781,1,14.098609449075338,10-15,10-20,60-90.1
0,35793,1,47.95309088697996,40-50,45-70,60-90.1
0,35794,1,11.888031240258828,10-15,10-20,0-30
0,35817,1,26.807536991838656,25-30,20-30,60-90.1
0,35820,1,23.86724452481259,20-25,20-30,60-90.1
0,35823,1,20.920257308011237,20-25,20-30,60-90.1
0,35833,1,18.08855074720978,15-20,10-20,60-90.1
0,35835,1,16.150495432919104,15-20,10-20,60-90.1
0,35847,0,53.47693810524807,50-60,45-70,0-30
0,35879,1,59.80159113508068,50-60,45-70,30-60
0,35899,1,39.51565783973448,30-40,30-45,0-30
0,35901,1,18.64626519150603,15-20,10-20,60-90.1
0,35917,1,9.664350131663774,0-10,,0-30
0,35927,1,23.651209240875794,20-25,20-30,60-90.1
0,35939,1,27.80918117750922,25-30,20-30,30-60
0,36018,1,27.4290189857726,25-30,20-30,0-30
0,36019,0,56.8913956868709,50-60,45-70,30-60
0,36024,1,55.1650841942289,50-60,45-70,30-60
0,36051,0,41.015788635734886,40-50,30-45,0-30
0,36074,1,24.13042173693739,20-25,20-30,60-90.1
0,36116,1,31.80152866580515,30-40,30-45,30-60
0,36119,1,10.056327657141379,10-15,10-20,0-30
0,36207,1,19.319893355651992,15-20,10-20,30-60
0,36220,1,17.08249347613147,15-20,10-20,60-90.1
0,36221,1,15.928504362540279,15-20,10-20,30-60
0,36244,1,18.966188949822754,15-20,10-20,60-90.1
0,36261,1,19.333351158853226,15-20,10-20,30-60
0,36265,1,12.183744046715741,10-15,10-20,30-60
0,36326,1,20.931524635078834,20-25,20-30,60-90.1
0,36335,1,26.335483800752925,25-30,20-30,60-90.1
0,36375,1,13.5451575757771,10-15,10-20,60-90.1
0,36378,1,12.391062002148749,10-15,10-20,60-90.1
0,36409,1,15.490418005919395,15-20,10-20,60-90.1
0,36422,1,27.935048074201283,25-30,20-30,30-60
0,36433,1,18.4813272458395,15-20,10-20,60-90.1
0,36440,1,29.188205534286553,25-30,20-30,0-30
0,36456,1,15.453033408468809,15-20,10-20,60-90.1
0,36461,1,29.86012268100389,25-30,20-30,0-30
0,36473,1,22.976877230442785,20-25,20-30,60-90.1
0,36479,1,42.162616551713974,40-50,30-45,0-30
0,36486,1,29.902127294100186,25-30,20-30,0-30
0,36489,1,28.42970351986774,25-30,20-30,0-30
0,36499,1,43.501513108870185,40-50,30-45,60-90.1
0,36513,1,17.948359284890813,15-20,10-20,30-60
0,36519,1,15.445289832931635,15-20,10-20,60-90.1
0,36525,1,45.37066493736097,40-50,45-70,60-90.1
0,36528,1,12.99257801823151,10-15,10-20,30-60
0,36529,1,12.165337420317874,10-15,10-20,30-60
0,36532,1,12.12982580993565,10-15,10-20,0-30
0,36545,1,12.811770425631035,10-15,10-20,30-60
0,36553,1,35.39601320138116,30-40,30-45,60-90.1
0,36555,1,33.510562532383254,30-40,30-45,60-90.1
0,36560,1,28.767819678885356,25-30,20-30,60-90.1
0,36573,0,51.80288462386284,50-60,45-70,60-90.1
0,36601,0,55.598823058347506,50-60,45-70,60-90.1
0,36606,1,40.466182386660606,40-50,30-45,0-30
0,36609,1,57.42485214275403,50-60,45-70,60-90.1
0,36616,1,40.537482909832775,40-50,30-45,0-30
0,36628,1,14.664890714615,10-15,10-20,60-90.1
0,36631,1,11.984423513738564,10-15,10-20,60-90.1
0,36650,1,25.89670852518771,25-30,20-30,60-90.1
0,36659,1,38.00935049182874,30-40,30-45,30-60
0,36682,0,63.39234809092428,60-90,45-70,60-90.1
0,36697,1,21.43566799546635,20-25,20-30,60-90.1
0,36704,1,12.061140191772486,10-15,10-20,60-90.1
0,36711,1,36.112038936166215,30-40,30-45,30-60
0,36737,0,59.06090951220521,50-60,45-70,30-60
0,36783,1,50.09339668413089,50-60,45-70,30-60
0,36786,0,47.21868568666344,40-50,45-70,30-60
0,36808,0,37.19921342093354,30-40,30-45,60-90.1
0,36814,1,19.31822321609228,15-20,10-20,60-90.1
0,36837,1,9.835508182753058,0-10,,0-30
0,36844,1,32.537225880590356,30-40,30-45,0-30
0,36862,1,28.074003918357928,25-30,20-30,30-60
0,36902,1,25.080682073378878,25-30,20-30,60-90.1
0,36906,1,14.250009564468572,10-15,10-20,60-90.1
0,36935,1,13.500404502401725,10-15,10-20,0-30
0,36981,1,14.53993021637512,10-15,10-20,60-90.1
0,36988,1,16.552465276506503,15-20,10-20,60-90.1
0,36995,1,21.253650618246144,20-25,20-30,60-90.1
0,37008,1,21.27404061653323,20-25,20-30,30-60
0,37013,1,13.4564405069291,10-15,10-20,60-90.1
0,37020,1,18.488703878598628,15-20,10-20,60-90.1
0,37043,1,22.639794471598094,20-25,20-30,30-60
0,37069,1,11.156980280567078,10-15,10-20,60-90.1
0,37072,1,9.966532490086495,0-10,,60-90.1
0,37082,1,19.335447855556893,15-20,10-20,60-90.1
0,37090,1,27.936687827848903,25-30,20-30,60-90.1
0,37094,1,22.882339784761754,20-25,20-30,60-90.1
0,37107,1,29.22463946652852,25-30,20-30,30-60
0,37117,1,29.723071246404885,25-30,20-30,0-30
0,37126,1,30.103862000399655,30-40,30-45,30-60
0,37131,1,12.008750240631871,10-15,10-20,60-90.1
0,37137,1,31.117789751119783,30-40,30-45,30-60
0,37138,1,24.8275902143604,20-25,20-30,60-90.1
0,37142,1,11.270993665868177,10-15,10-20,60-90.1
0,37152,1,10.94337401772805,10-15,10-20,30-60
0,37155,1,32.44881071431353,30-40,30-45,30-60
0,37159,1,14.080132582976637,10-15,10-20,60-90.1
0,37170,1,33.96337608550089,30-40,30-45,30-60
0,37175,1,10.489184394143637,10-15,10-20,30-60
0,37185,1,35.701191790719804,30-40,30-45,60-90.1
0,37190,1,17.397336701260123,15-20,10-20,60-90.1
0,37205,1,37.56631167541809,30-40,30-45,60-90.1
0,37213,1,14.83426237608905,10-15,10-20,60-90.1
0,37220,1,21.356976276534848,20-25,20-30,60-90.1
0,37227,1,41.48364269557796,40-50,30-45,0-30
0,37229,1,40.89658176506968,40-50,30-45,0-30
0,37231,1,40.09314709953364,40-50,30-45,30-60
0,37253,1,27.082853525014126,25-30,20-30,30-60
0,37263,1,16.474271263183276,15-20,10-20,30-60
0,37268,1,14.431033584420103,10-15,10-20,30-60
0,37278,1,12.536931977169651,10-15,10-20,0-30
0,37281,1,48.994692026267735,40-50,45-70,0-30
0,37286,1,50.312399330681316,50-60,45-70,0-30
0,37316,1,23.82530905808926,20-25,20-30,60-90.1
0,37319,1,20.89222101987996,20-25,20-30,60-90.1
0,37322,1,18.264688273830966,15-20,10-20,60-90.1
0,37324,1,16.36314341437765,15-20,10-20,60-90.1
0,37326,1,14.439597802286634,10-15,10-20,60-90.1
0,37344,0,54.08862567710281,50-60,45-70,30-60
0,37346,1,39.67862719554264,30-40,30-45,30-60
0,37383,0,63.168096797149076,60-90,45-70,60-90.1
0,37409,0,63.55851661349858,60-90,45-70,60-90.1
0,37433,1,10.27885656715454,10-15,10-20,0-30
0,37462,1,18.486589867528725,15-20,10-20,60-90.1
0,37471,0,62.47001599513932,60-90,45-70,60-90.1
0,37482,1,24.53453872579634,20-25,20-30,60-90.1
0,37515,0,63.84921316996298,60-90,45-70,30-60
0,37530,0,60.05877388887825,60-90,45-70,60-90.1
0,37565,1,14.114825583699993,10-15,10-20,60-90.1
0,37577,1,52.8686675333812,50-60,45-70,30-60
0,37582,0,44.26488539588129,40-50,30-45,30-60
0,37600,0,61.30641279906131,60-90,45-70,60-90.1
0,37615,1,10.45512972946782,10-15,10-20,0-30
0,37631,0,35.07242083603823,30-40,30-45,30-60
0,37671,1,14.123760990865208,10-15,10-20,60-90.1
0,37680,1,17.302137391969797,15-20,10-20,30-60
0,37716,1,23.502322742042487,20-25,20-30,60-90.1
0,37727,1,12.35916359725428,10-15,10-20,0-30
0,37728,1,21.81843696297579,20-25,20-30,60-90.1
0,37737,1,16.16888953880526,15-20,10-20,30-60
0,37743,1,15.330059172496767,15-20,10-20,0-30
0,37756,1,17.72893071009881,15-20,10-20,60-90.1
0,37757,1,13.324280693458785,10-15,10-20,60-90.1
0,37760,1,11.949783762486271,10-15,10-20,30-60
0,37763,1,10.893493453565101,10-15,10-20,0-30
0,37791,1,22.421005737618067,20-25,20-30,30-60
0,37801,1,17.03778413050297,15-20,10-20,60-90.1
0,37814,1,22.689011595487266,20-25,20-30,0-30
0,37821,1,16.489715276540657,15-20,10-20,60-90.1
0,37828,1,20.27509902149915,20-25,20-30,60-90.1
0,37844,1,24.47455752934662,20-25,20-30,30-60
0,37877,1,22.844727293087377,20-25,20-30,60-90.1
0,37896,1,24.981394933829726,20-25,20-30,60-90.1
0,37908,1,13.788971102359701,10-15,10-20,60-90.1
0,37989,1,24.88718317580522,20-25,20-30,30-60
0,38013,1,12.137705339569969,10-15,10-20,0-30
0,38018,1,47.076457776829095,40-50,45-70,60-90.1
0,38019,1,12.476686421996407,10-15,10-20,0-30
0,38035,1,30.677009503909893,30-40,30-45,60-90.1
0,38040,1,13.515631903129785,10-15,10-20,30-60
0,38046,1,26.432862238609342,25-30,20-30,60-90.1
0,38062,0,52.233925958911094,50-60,45-70,0-30
0,38066,1,37.669950220979615,30-40,30-45,30-60
0,38074,0,52.585618058286315,50-60,45-70,30-60
0,38102,0,60.440593513647244,60-90,45-70,30-60
0,38134,1,21.553696928729174,20-25,20-30,60-90.1
0,38139,1,16.594292866508084,15-20,10-20,60-90.1
0,38142,1,10.818062152100731,10-15,10-20,30-60
0,38175,1,26.68129346577861,25-30,20-30,30-60
0,38191,1,14.573155736491298,10-15,10-20,60-90.1
0,38215,1,28.627186597256458,25-30,20-30,60-90.1
0,38225,1,33.56107623514585,30-40,30-45,60-90.1
0,38241,0,57.24545768377637,50-60,45-70,60-90.1
0,38250,0,46.70176852629774,40-50,45-70,0-30
0,38258,0,39.236006318163604,30-40,30-45,30-60
0,38260,1,26.30348726705427,25-30,20-30,0-30
0,38270,0,55.945914834384894,50-60,45-70,60-90.1
0,38277,0,49.25972253561441,40-50,45-70,30-60
0,38295,0,64.83509981674023,60-90,45-70,60-90.1
0,38331,1,21.927586532331457,20-25,20-30,60-90.1
0,38347,0,61.48440793258288,60-90,45-70,60-90.1
0,38351,0,36.15871757595251,30-40,30-45,60-90.1
0,38416,1,25.34805527647243,25-30,20-30,60-90.1
0,38421,1,9.812003160524645,0-10,,0-30
0,38435,1,15.508650252550867,15-20,10-20,60-90.1
0,38486,1,16.16218694219194,15-20,10-20,30-60
0,38487,1,15.393207689780118,15-20,10-20,30-60
0,38521,1,14.281809042196725,10-15,10-20,60-90.1
0,38546,1,24.93403760486941,20-25,20-30,60-90.1
0,38554,1,25.940803276905655,25-30,20-30,60-90.1
0,38559,1,18.822258833885744,15-20,10-20,60-90.1
0,38569,1,27.79759479444397,25-30,20-30,60-90.1
0,38570,1,24.820315887931383,20-25,20-30,30-60
0,38578,1,28.94897777040658,25-30,20-30,30-60
0,38586,1,19.967348604532773,15-20,10-20,60-90.1
0,38589,1,29.3846188621383,25-30,20-30,0-30
0,38603,1,30.126223274531313,30-40,30-45,30-60
0,38608,1,24.890783986045427,20-25,20-30,60-90.1
0,38637,1,11.996497992014193,10-15,10-20,60-90.1
0,38644,1,26.637899527092245,25-30,20-30,60-90.1
0,38656,1,10.894057402284336,10-15,10-20,0-30
0,38661,1,16.026120381008145,15-20,10-20,60-90.1
0,38682,1,12.238083187082069,10-15,10-20,60-90.1
0,38686,1,28.860405214398483,25-30,20-30,30-60
0,38689,1,19.401138960824035,15-20,10-20,60-90.1
0,38695,1,41.52533071239596,40-50,30-45,0-30
0,38697,1,40.97345748788556,40-50,30-45,0-30
0,38721,1,13.984470327397801,10-15,10-20,60-90.1
0,38732,1,22.624883126582493,20-25,20-30,60-90.1
0,38742,1,12.082395236643622,10-15,10-20,30-60
0,38748,1,11.564981430894676,10-15,10-20,30-60
0,38758,1,12.43628672062711,10-15,10-20,0-30
0,38762,1,34.79633914631512,30-40,30-45,60-90.1
0,38785,1,14.832391435224572,10-15,10-20,60-90.1
0,38787,1,13.143870283460188,10-15,10-20,60-90.1
0,38803,1,16.772445972618446,15-20,10-20,60-90.1
0,38814,1,18.74777007461223,15-20,10-20,60-90.1
0,38818,1,14.867388647404782,10-15,10-20,60-90.1
0,38827,0,55.85699886739906,50-60,45-70,60-90.1
0,38833,0,57.61329088281843,50-60,45-70,30-60
0,38834,1,39.14686554701577,30-40,30-45,0-30
0,38855,1,13.485984291339813,10-15,10-20,60-90.1
0,38867,1,18.469346419611046,15-20,10-20,60-90.1
0,38880,1,23.926094056989648,20-25,20-30,60-90.1
0,38882,0,63.40496913654147,60-90,45-70,60-90.1
0,38891,1,25.365353638187724,25-30,20-30,30-60
0,38904,1,11.402864940701516,10-15,10-20,30-60
0,38906,0,63.02062383097563,60-90,45-70,60-90.1
0,38928,1,21.56548867557384,20-25,20-30,60-90.1
0,38977,0,42.77257443864565,40-50,30-45,0-30
0,39011,0,52.40673162401747,50-60,45-70,60-90.1
0,39028,0,57.97797608636888,50-60,45-70,60-90.1
0,39031,0,55.110539490194256,50-60,45-70,60-90.1
0,39057,0,51.26641860907612,50-60,45-70,60-90.1
0,39084,0,57.27680326971889,50-60,45-70,60-90.1
0,39087,0,54.294939529220265,50-60,45-70,60-90.1
0,39116,1,31.20091614951034,30-40,30-45,30-60
0,39119,1,29.061148410916132,25-30,20-30,30-60
0,39133,1,9.422531973526244,0-10,,0-30
0,39162,1,17.960822778546138,15-20,10-20,30-60
0,39197,1,23.874377100922686,20-25,20-30,60-90.1
0,39201,1,13.074426303336162,10-15,10-20,60-90.1
0,39216,1,19.023930197084365,15-20,10-20,30-60
0,39245,1,18.151149871274846,15-20,10-20,60-90.1
0,39254,1,20.207372494050052,20-25,20-30,60-90.1
0,39265,1,19.721804670821598,15-20,10-20,30-60
0,39277,1,12.392947288141295,10-15,10-20,30-60
0,39280,1,21.46522081428321,20-25,20-30,30-60
0,39290,1,14.272946529564289,10-15,10-20,60-90.1
0,39321,1,17.853261040364245,15-20,10-20,60-90.1
0,39340,1,23.142850748464266,20-25,20-30,60-90.1
0,39350,1,26.56056946644568,25-30,20-30,30-60
0,39362,1,30.837543790544867,30-40,30-45,30-60
0,39370,1,22.259951983885948,20-25,20-30,60-90.1
0,39373,1,20.104903757355856,20-25,20-30,60-90.1
0,39385,1,32.2346068754675,30-40,30-45,30-60
0,39426,1,28.30931216623446,25-30,20-30,30-60
0,39446,1,38.61506385352896,30-40,30-45,60-90.1
0,39452,1,17.41123875319825,15-20,10-20,60-90.1
0,39461,1,40.1202255197867,40-50,30-45,0-30
0,39473,1,28.65459252049658,25-30,20-30,0-30
0,39482,1,42.90505712290182,40-50,30-45,60-90.1
0,39484,1,27.702290941061737,25-30,20-30,0-30
0,39492,1,21.098099700125353,20-25,20-30,60-90.1
0,39497,1,44.17176525306349,40-50,30-45,60-90.1
0,39522,1,48.39966224798086,40-50,45-70,0-30
0,39525,1,11.587013367063555,10-15,10-20,30-60
0,39526,0,50.14892195010166,50-60,45-70,60-90.1
0,39530,1,32.71551655097256,30-40,30-45,60-90.1
0,39535,1,28.02081086781217,25-30,20-30,60-90.1
0,39548,1,11.665855789146352,10-15,10-20,60-90.1
0,39568,1,21.458538128459686,20-25,20-30,60-90.1
0,39573,1,16.796446494738582,15-20,10-20,60-90.1
0,39577,1,12.747007119272379,10-15,10-20,60-90.1
0,39582,1,38.3831777278092,30-40,30-45,0-30
0,39593,0,54.04090882819386,50-60,45-70,60-90.1
0,39603,1,38.63090191826826,30-40,30-45,0-30
0,39620,1,38.219507313197454,30-40,30-45,0-30
0,39630,0,63.2973681698447,60-90,45-70,60-90.1
0,39664,1,10.55517946947011,10-15,10-20,0-30
0,39702,1,17.643106199677646,15-20,10-20,60-90.1
0,39728,1,24.951729849502737,20-25,20-30,30-60
0,39743,1,30.938312336800827,30-40,30-45,60-90.1
0,39751,0,45.31568770550068,40-50,45-70,0-30
0,39762,0,48.72686927852804,40-50,45-70,30-60
0,39767,0,38.10208559530946,30-40,30-45,30-60
0,39787,1,16.392333148299098,15-20,10-20,60-90.1
0,39824,1,9.50102310828401,0-10,,0-30
0,39835,0,36.298059886514466,30-40,30-45,60-90.1
0,39847,0,52.44155916308529,50-60,45-70,30-60
0,39888,1,26.45993789240752,25-30,20-30,60-90.1
0,39953,1,16.537283308262438,15-20,10-20,30-60
0,39961,1,14.573131700106554,10-15,10-20,0-30
0,39980,1,17.775589077104758,15-20,10-20,60-90.1
0,39984,1,13.038934094220338,10-15,10-20,60-90.1
0,39993,1,12.247806495713174,10-15,10-20,30-60
0,39997,1,22.074435488431213,20-25,20-30,60-90.1
0,40017,1,24.663603509549187,20-25,20-30,60-90.1
0,40020,1,17.257527840539925,15-20,10-20,60-90.1
0,40032,1,26.609186406390286,25-30,20-30,60-90.1
0,40039,1,15.259989644748472,15-20,10-20,60-90.1
0,40041,1,27.514359177416807,25-30,20-30,60-90.1
0,40069,1,22.290357834359384,20-25,20-30,60-90.1
0,40075,1,16.818138770483785,15-20,10-20,60-90.1
0,40082,1,26.927463199314182,25-30,20-30,30-60
0,40110,1,17.643565795403287,15-20,10-20,60-90.1
0,40140,1,23.151877885849753,20-25,20-30,60-90.1
0,40143,1,21.141776913658372,20-25,20-30,60-90.1
0,40168,1,21.184309040401107,20-25,20-30,60-90.1
0,40175,1,33.990880425631616,30-40,30-45,30-60
0,40178,1,24.66420628448136,20-25,20-30,60-90.1
0,40195,1,13.910044256082557,10-15,10-20,60-90.1
0,40199,1,36.12232515546718,30-40,30-45,60-90.1
0,40233,1,10.84252705622282,10-15,10-20,30-60
0,40270,1,11.685165698618977,10-15,10-20,30-60
0,40275,1,25.94994772901625,25-30,20-30,30-60
0,40286,1,10.664757453068535,10-15,10-20,0-30
0,40294,1,46.848497595779726,40-50,45-70,30-60
0,40301,1,10.68694947580893,10-15,10-20,30-60
0,40309,1,29.69623389587263,25-30,20-30,60-90.1
0,40326,0,51.43558362952323,50-60,45-70,30-60
0,40330,1,36.80827805950125,30-40,30-45,60-90.1
0,40331,1,23.74275415193178,20-25,20-30,30-60
0,40337,0,52.34114558089043,50-60,45-70,30-60
0,40345,1,9.893364706633147,0-10,,30-60
0,40363,1,14.777206046623027,10-15,10-20,60-90.1
0,40388,0,58.67882028140917,50-60,45-70,30-60
0,40396,0,60.72302670184199,60-90,45-70,30-60
0,40398,1,37.396884746052535,30-40,30-45,0-30
0,40429,1,36.53645767565858,30-40,30-45,0-30
0,40454,1,36.53132536759729,30-40,30-45,0-30
0,40480,1,13.76811037199659,10-15,10-20,60-90.1
0,40493,0,64.24127329607401,60-90,45-70,30-60
0,40503,1,35.626176323701074,30-40,30-45,60-90.1
0,40530,0,41.977878163232845,40-50,30-45,30-60
0,40546,1,12.189838234299717,10-15,10-20,60-90.1
0,40559,1,24.092659662598326,20-25,20-30,30-60
0,40566,0,64.12119031950421,60-90,45-70,60-90.1
0,40580,1,9.965686457248918,0-10,,0-30
0,40615,0,55.53525121062624,50-60,45-70,30-60
0,40623,0,60.45827218087911,60-90,45-70,30-60
0,40632,1,32.50649947742822,30-40,30-45,30-60
0,40653,1,15.648300382564608,15-20,10-20,60-90.1
0,40662,1,27.45082166241981,25-30,20-30,60-90.1
0,40714,1,12.649200114346646,10-15,10-20,60-90.1
0,40717,1,24.66388039098256,20-25,20-30,60-90.1
0,40725,1,15.362048809885701,15-20,10-20,60-90.1
0,40733,1,22.51587429488851,20-25,20-30,60-90.1
0,40753,1,14.992862399625881,10-15,10-20,0-30
0,40764,1,14.874413768279645,10-15,10-20,60-90.1
0,40782,1,19.088816932387232,15-20,10-20,60-90.1
0,40812,1,16.597237274718335,15-20,10-20,60-90.1
0,40814,1,15.747885424780904,15-20,10-20,60-90.1
0,40818,1,23.093009128977922,20-25,20-30,60-90.1
0,40849,1,28.53393554906061,25-30,20-30,30-60
0,40851,1,20.749217002769377,20-25,20-30,60-90.1
0,40861,1,28.90963699096856,25-30,20-30,0-30
0,40871,1,13.903492860929221,10-15,10-20,30-60
0,40918,1,25.44638064190117,25-30,20-30,30-60
0,40921,1,17.657814622063075,15-20,10-20,60-90.1
0,40966,1,10.342771639607452,10-15,10-20,0-30
0,40970,1,25.534724626797257,25-30,20-30,60-90.1
0,40976,1,40.2972047016416,40-50,30-45,30-60
0,40979,1,39.487225722008766,30-40,30-45,0-30
0,40987,1,15.513567092348014,15-20,10-20,60-90.1
0,40999,1,41.99547684909631,40-50,30-45,60-90.1
0,41014,1,18.51518188766866,15-20,10-20,60-90.1
0,41019,1,43.62698791415894,40-50,30-45,60-90.1
0,41024,1,24.265879774949955,20-25,20-30,30-60
0,41035,1,45.09681605774192,40-50,45-70,60-90.1
0,41038,1,22.532089114347848,20-25,20-30,60-90.1
0,41048,1,10.431732680910992,10-15,10-20,30-60
0,41081,1,25.515073171327806,25-30,20-30,30-60
0,41107,1,18.800200905503143,15-20,10-20,30-60
0,41121,1,16.081467066077412,15-20,10-20,60-90.1
0,41127,1,10.859263494831868,10-15,10-20,60-90.1
0,41137,0,56.240455227072346,50-60,45-70,30-60
0,41161,0,64.11061775979468,60-90,45-70,30-60
0,41182,1,11.178410491962392,10-15,10-20,30-60
0,41195,0,62.9433710457115,60-90,45-70,60-90.1
0,41235,1,21.485001894068265,20-25,20-30,60-90.1
0,41272,0,44.68344992367588,40-50,30-45,0-30
0,41286,0,48.73176681734808,40-50,45-70,60-90.1
0,41331,0,50.391512831458684,50-60,45-70,60-90.1
0,41339,1,18.782590755700056,15-20,10-20,60-90.1
0,41345,0,36.99775695282537,30-40,30-45,60-90.1
0,41426,1,18.57467267644906,15-20,10-20,0-30
0,41453,1,10.093111273195936,10-15,10-20,0-30
0,41462,1,17.43064098088664,15-20,10-20,60-90.1
0,41489,1,12.925308166112513,10-15,10-20,30-60
0,41493,1,20.011410556994225,20-25,20-30,30-60
0,41518,1,16.585396845976987,15-20,10-20,30-60
0,41557,1,24.07728809123323,20-25,20-30,60-90.1
0,41562,1,14.478313803783475,10-15,10-20,60-90.1
0,41594,1,15.655466825270446,15-20,10-20,60-90.1
0,41596,1,14.43815556709973,10-15,10-20,0-30
0,41601,1,25.304387647296245,25-30,20-30,30-60
0,41602,1,19.33905071922542,15-20,10-20,60-90.1
0,41605,1,17.58197924187166,15-20,10-20,60-90.1
0,41648,1,30.313705300005278,30-40,30-45,30-60
0,41659,1,13.83922441460872,10-15,10-20,60-90.1
0,41680,1,28.658067611431356,25-30,20-30,0-30
0,41682,1,27.954947797838805,25-30,20-30,30-60
0,41684,1,26.960375457370393,25-30,20-30,30-60
0,41688,1,24.228564687422693,20-25,20-30,30-60
0,41691,1,22.369065953974737,20-25,20-30,60-90.1
0,41715,1,17.45621108061335,15-20,10-20,60-90.1
0,41721,1,11.763076021699769,10-15,10-20,60-90.1
0,41727,1,21.513740480412437,20-25,20-30,60-90.1
0,41760,1,38.561218110907916,30-40,30-45,30-60
0,41763,1,25.34262422094757,25-30,20-30,60-90.1
0,41781,1,9.890269008223846,0-10,,0-30
0,41819,1,18.924049644737607,15-20,10-20,60-90.1
0,41823,1,47.84848937564957,40-50,45-70,30-60
0,41833,0,49.3483907332109,40-50,45-70,60-90.1
0,41834,1,33.725441966228956,30-40,30-45,60-90.1
0,41841,1,27.28398645747442,25-30,20-30,30-60
0,41877,1,20.278014771575272,20-25,20-30,30-60
0,41911,0,59.46932754373708,50-60,45-70,30-60
0,41921,0,62.047205064623114,60-90,45-70,60-90.1
0,41934,1,16.392418002009677,15-20,10-20,60-90.1
0,41937,1,13.425290830479366,10-15,10-20,60-90.1
0,41944,1,21.319348965980765,20-25,20-30,60-90.1
0,41961,1,22.78885819295708,20-25,20-30,30-60
0,41972,1,24.100934496959898,20-25,20-30,30-60
0,41975,1,11.727441038916535,10-15,10-20,30-60
0,41992,1,25.25691515536992,25-30,20-30,30-60
0,42010,0,65.05831260879566,60-90,45-70,60-90.1
0,42017,1,23.84152642744387,20-25,20-30,30-60
0,42045,1,33.34650249655941,30-40,30-45,30-60
0,42061,0,40.76863552954601,40-50,30-45,60-90.1
0,42082,0,61.30005400734945,60-90,45-70,60-90.1
0,42153,0,34.82239099724612,30-40,30-45,30-60
0,42168,1,29.004852571287746,25-30,20-30,30-60
0,42183,1,9.501882431231332,0-10,,0-30
0,42225,1,25.47260653170892,25-30,20-30,60-90.1
0,42254,1,23.66090569437322,20-25,20-30,60-90.1
0,42277,1,14.961845036079907,10-15,10-20,0-30
0,42281,1,13.882126160747614,10-15,10-20,0-30
0,42303,1,16.419051519316596,15-20,10-20,60-90.1
0,42306,1,19.349580592290202,15-20,10-20,60-90.1
0,42314,1,21.260656961286553,20-25,20-30,60-90.1
0,42322,1,20.808745913921793,20-25,20-30,60-90.1
0,42330,1,25.423756309918705,25-30,20-30,60-90.1
0,42387,1,27.824287412983328,25-30,20-30,0-30
0,42390,1,20.77205598620792,20-25,20-30,60-90.1
0,42393,1,18.487415475876926,15-20,10-20,60-90.1
0,42399,1,31.36652716637673,30-40,30-45,30-60
0,42413,1,13.504450030284515,10-15,10-20,60-90.1
0,42434,1,33.30678161856652,30-40,30-45,30-60
0,42440,1,34.290608034634516,30-40,30-45,60-90.1
0,42458,1,21.433265476683605,20-25,20-30,60-90.1
0,42466,1,36.69940373556701,30-40,30-45,60-90.1
0,42472,1,11.744379583393016,10-15,10-20,60-90.1
0,42488,1,9.71706752484449,0-10,,0-30
0,42497,1,25.653450161673174,25-30,20-30,60-90.1
0,42499,1,14.679986298382387,10-15,10-20,60-90.1
0,42518,1,9.28172710001185,0-10,,0-30
0,42519,1,44.480455043164575,40-50,30-45,60-90.1
0,42525,1,15.076501561975746,15-20,10-20,60-90.1
0,42527,1,46.12573172455619,40-50,45-70,30-60
0,42539,1,9.423226544865711,0-10,,0-30
0,42559,1,31.315254618905165,30-40,30-45,60-90.1
0,42571,1,28.939558330458453,25-30,20-30,30-60
0,42577,1,9.110313556815417,0-10,,0-30
0,42597,0,52.622983807007955,50-60,45-70,60-90.1
0,42605,1,9.338636338467238,0-10,,0-30
0,42609,1,38.17339047097999,30-40,30-45,0-30
0,42626,0,54.95959865282857,50-60,45-70,60-90.1
0,42631,1,13.569930838479184,10-15,10-20,60-90.1
0,42665,1,18.293963071110994,15-20,10-20,60-90.1
0,42711,0,62.34585239671103,60-90,45-70,60-90.1
0,42721,1,17.854524074441215,15-20,10-20,60-90.1
0,42725,1,14.209176714152411,10-15,10-20,60-90.1
0,42762,0,43.703807333952,40-50,30-45,0-30
0,42767,1,27.605076236865184,25-30,20-30,60-90.1
0,42777,0,47.319984163553364,40-50,45-70,30-60
0,42809,0,50.610915701845435,50-60,45-70,30-60
0,42826,0,39.955486780269815,30-40,30-45,60-90.1
0,42835,1,14.795024987383565,10-15,10-20,60-90.1
0,42845,1,22.963648405561276,20-25,20-30,60-90.1
0,42855,0,51.67112622388191,50-60,45-70,60-90.1
0,42862,0,37.25775640603078,30-40,30-45,60-90.1
0,42888,1,8.899507169823497,0-10,,0-30
0,42898,1,31.888382120935887,30-40,30-45,0-30
0,42922,1,16.95639106808395,15-20,10-20,30-60
0,43021,1,15.087492676461446,15-20,10-20,0-30
0,43026,1,13.751293732642962,10-15,10-20,0-30
0,43050,1,17.75857396160256,15-20,10-20,60-90.1
0,43065,1,23.346211637775035,20-25,20-30,60-90.1
0,43070,1,27.565105907578655,25-30,20-30,30-60
0,43098,1,16.29009121728362,15-20,10-20,60-90.1
0,43153,1,13.830307105625469,10-15,10-20,60-90.1
0,43155,1,17.502212244886206,15-20,10-20,60-90.1
0,43179,1,20.72439528806876,20-25,20-30,60-90.1
0,43187,1,39.44619796090654,30-40,30-45,0-30
0,43201,1,40.944023866694636,40-50,30-45,60-90.1
0,43218,1,42.7371557860848,40-50,30-45,60-90.1
0,43220,1,24.884342639657017,20-25,20-30,60-90.1
0,43228,1,23.860643001227917,20-25,20-30,30-60
0,43260,1,18.318460347824026,15-20,10-20,60-90.1
0,43273,1,15.214708442571832,15-20,10-20,60-90.1
0,43304,0,51.17785013955071,50-60,45-70,60-90.1
0,43316,1,37.39134472311375,30-40,30-45,30-60
0,43317,1,24.42807625050023,20-25,20-30,30-60
0,43320,1,22.466827985614707,20-25,20-30,30-60
0,43344,1,17.39342271098435,15-20,10-20,60-90.1
0,43350,1,38.20964433171557,30-40,30-45,30-60
0,43357,1,10.340125064534483,10-15,10-20,30-60
0,43367,0,57.480280908958896,50-60,45-70,30-60
0,43406,0,63.11892871322045,60-90,45-70,60-90.1
0,43426,1,10.726330310406485,10-15,10-20,0-30
0,43452,1,20.399311844674383,20-25,20-30,60-90.1
0,43476,0,63.143641054250686,60-90,45-70,60-90.1
0,43534,1,11.357530978496001,10-15,10-20,60-90.1
0,43576,1,9.451096169748583,0-10,,0-30
0,43617,0,58.58799200905342,50-60,45-70,0-30
0,43622,0,54.053575600770984,50-60,45-70,30-60
0,43655,0,35.19001320018703,30-40,30-45,30-60
0,43688,1,26.44541875809547,25-30,20-30,60-90.1
0,43689,1,20.02225232064919,20-25,20-30,0-30
0,43691,1,13.963775612657713,10-15,10-20,60-90.1
0,43724,1,19.179289000404715,15-20,10-20,60-90.1
0,43727,1,11.7499641092221,10-15,10-20,30-60
0,43741,1,16.820442123008366,15-20,10-20,60-90.1
0,43745,1,24.644153331195945,20-25,20-30,60-90.1
0,43754,1,21.624300094925985,20-25,20-30,30-60
0,43757,1,18.689359708936962,15-20,10-20,30-60
0,43775,1,16.24452628150288,15-20,10-20,30-60
0,43788,1,14.9490308060941,10-15,10-20,60-90.1
0,43828,1,28.27459571584032,25-30,20-30,30-60
0,43829,1,25.846896267772546,25-30,20-30,30-60
0,43830,1,13.521638669180096,10-15,10-20,30-60
0,43843,1,29.510652264754142,25-30,20-30,30-60
0,43874,1,26.213296670767892,25-30,20-30,0-30
0,43884,1,25.492535492185365,25-30,20-30,0-30
0,43886,1,24.251337735265075,20-25,20-30,30-60
0,43906,1,16.87515945708716,15-20,10-20,60-90.1
0,43910,1,37.283490140737825,30-40,30-45,30-60
0,43921,1,38.63803332055213,30-40,30-45,0-30
0,43934,1,20.82204382147308,20-25,20-30,60-90.1
0,43945,1,11.668152960550936,10-15,10-20,60-90.1
0,43956,1,9.875531913238047,0-10,,0-30
0,43981,1,21.55386022579014,20-25,20-30,30-60
0,43986,0,47.24397059931779,40-50,45-70,60-90.1
0,44003,0,48.7797557448535,40-50,45-70,60-90.1
0,44012,1,9.548958845175646,0-10,,0-30
0,44034,1,35.00952991683049,30-40,30-45,60-90.1
0,44076,1,20.03795178510145,20-25,20-30,60-90.1
0,44096,1,15.348762032253084,15-20,10-20,60-90.1
0,44104,1,37.15960764723122,30-40,30-45,0-30
0,44120,0,62.017839801754164,60-90,45-70,60-90.1
0,44146,1,11.809008710374993,10-15,10-20,30-60
0,44186,1,16.800417281457367,15-20,10-20,60-90.1
0,44207,0,46.45841433373876,40-50,45-70,30-60
0,44211,0,42.97622763576694,40-50,30-45,0-30
0,44234,1,22.955610942459355,20-25,20-30,30-60
0,44238,0,49.54712920098035,40-50,45-70,30-60
0,44254,0,59.55562526313861,50-60,45-70,30-60
0,44260,0,40.86086601912826,40-50,30-45,60-90.1
0,44264,1,28.98288315438111,25-30,20-30,60-90.1
0,44296,0,53.24062871386519,50-60,45-70,30-60
0,44311,1,17.79819735047842,15-20,10-20,60-90.1
0,44367,0,38.26659065134603,30-40,30-45,60-90.1
0,44408,1,28.074565406750708,25-30,20-30,60-90.1
0,44417,1,10.333929519573728,10-15,10-20,0-30
0,44423,0,34.989182688910184,30-40,30-45,30-60
0,44473,1,25.6396494480941,25-30,20-30,60-90.1
0,44495,1,14.366225557722965,10-15,10-20,30-60
0,44496,1,23.83925136985981,20-25,20-30,60-90.1
0,44513,1,20.605643917978735,20-25,20-30,0-30
0,44527,1,14.002175499665666,10-15,10-20,30-60
0,44538,1,18.80960416510092,15-20,10-20,60-90.1
0,44551,1,20.171119879490387,20-25,20-30,60-90.1
0,44565,1,11.940820735462568,10-15,10-20,0-30
0,44582,1,11.085647277915239,10-15,10-20,0-30
0,44599,1,30.551241187670644,30-40,30-45,30-60
0,44603,1,19.594115663679336,15-20,10-20,30-60
0,44610,1,27.97730485507911,25-30,20-30,0-30
0,44612,1,27.01448378647435,25-30,20-30,30-60
0,44621,1,32.175944750206945,30-40,30-45,60-90.1
0,44628,1,22.352205273632386,20-25,20-30,60-90.1
0,44631,1,33.10678764297844,30-40,30-45,60-90.1
0,44638,1,35.78428741783792,30-40,30-45,60-90.1
0,44690,1,43.79278107339898,40-50,30-45,30-60
0,44695,1,11.388967137348088,10-15,10-20,60-90.1
0,44701,1,45.20220744360085,40-50,45-70,30-60
0,44710,1,9.389816372478894,0-10,,0-30
0,44724,1,11.294050759877525,10-15,10-20,60-90.1
0,44738,1,32.151637795193196,30-40,30-45,60-90.1
0,44744,1,15.33087832205302,15-20,10-20,60-90.1
0,44756,1,30.230623513511464,30-40,30-45,30-60
0,44761,1,26.430263989076035,25-30,20-30,30-60
0,44779,1,9.181152955982348,0-10,,0-30
0,44795,1,22.751852431810068,20-25,20-30,30-60
0,44810,1,9.453405303355133,0-10,,0-30
0,44811,0,54.784921061701105,50-60,45-70,60-90.1
0,44828,1,17.978465947090434,15-20,10-20,60-90.1
0,44833,1,13.707839841152056,10-15,10-20,60-90.1
0,44850,0,59.27149709902911,50-60,45-70,60-90.1
0,44852,1,36.708526331053484,30-40,30-45,0-30
0,44869,1,14.529261438466884,10-15,10-20,60-90.1
0,44878,1,17.63387072286012,15-20,10-20,60-90.1
0,44909,1,11.688829494713623,10-15,10-20,30-60
0,44919,0,61.01416971520273,60-90,45-70,60-90.1
0,44921,1,35.435060743952164,30-40,30-45,0-30
0,44934,1,23.704357105671306,20-25,20-30,30-60
0,44967,1,34.94494742334492,30-40,30-45,60-90.1
0,45017,0,51.497658267309326,50-60,45-70,30-60
0,45025,0,40.14441823448436,40-50,30-45,60-90.1
0,45028,1,14.347498875499666,10-15,10-20,60-90.1
0,45058,0,57.14175900247623,50-60,45-70,30-60
0,45070,1,21.728050801212788,20-25,20-30,60-90.1
0,45084,1,9.71930341517189,0-10,,0-30
0,45087,0,39.47712212741148,30-40,30-45,60-90.1
0,45094,1,10.03267335287181,10-15,10-20,0-30
0,45106,1,30.56312082527037,30-40,30-45,30-60
0,45118,1,18.5693538967054,15-20,10-20,30-60
0,45156,1,27.118387990086582,25-30,20-30,60-90.1
0,45252,1,20.12944071985592,20-25,20-30,60-90.1
0,45272,1,23.26537615875794,20-25,20-30,60-90.1
0,45299,1,26.898699931045886,25-30,20-30,0-30
0,45312,1,16.968888804914666,15-20,10-20,60-90.1
0,45319,1,27.89335075275621,25-30,20-30,0-30
0,45355,1,12.029298065545463,10-15,10-20,60-90.1
0,45375,1,15.559732583716157,15-20,10-20,60-90.1
0,45378,1,38.8966404900351,30-40,30-45,30-60
0,45389,1,40.440275993320505,40-50,30-45,60-90.1
0,45394,1,19.555416195611073,15-20,10-20,60-90.1
0,45397,1,42.31916652149768,40-50,30-45,60-90.1
0,45433,1,17.855775119787204,15-20,10-20,30-60
0,45447,0,50.241797277504645,50-60,45-70,60-90.1
0,45456,1,27.94618934173707,25-30,20-30,60-90.1
0,45463,1,11.530458512413169,10-15,10-20,60-90.1
0,45481,0,52.12589730349209,50-60,45-70,60-90.1
0,45484,1,24.39443744013799,20-25,20-30,30-60
0,45515,1,20.773297414784857,20-25,20-30,60-90.1
0,45534,1,11.758197947648824,10-15,10-20,30-60
0,45550,1,36.22921442621609,30-40,30-45,0-30
0,45560,1,35.454300685860616,30-40,30-45,0-30
0,45577,0,61.000494762035636,60-90,45-70,30-60
0,45587,1,35.36610917693493,30-40,30-45,0-30
0,45624,1,14.203898417970295,10-15,10-20,60-90.1
0,45633,1,19.725957112334676,15-20,10-20,60-90.1
0,45651,0,45.07141711722461,40-50,45-70,30-60
0,45665,0,41.74508238176067,40-50,30-45,30-60
0,45674,0,61.59535875417811,60-90,45-70,60-90.1
0,45686,1,25.285163854862073,25-30,20-30,30-60
0,45733,1,10.656232199238772,10-15,10-20,30-60
0,45817,1,31.470702031778362,30-40,30-45,30-60
0,45825,1,15.307081614392098,15-20,10-20,60-90.1
0,45830,0,35.9656414170286,30-40,30-45,30-60
0,45863,1,12.606577908754366,10-15,10-20,30-60
0,45872,1,19.784317053194766,15-20,10-20,60-90.1
0,45882,1,17.309143709014283,15-20,10-20,30-60
0,45888,1,15.35605133422408,15-20,10-20,60-90.1
0,45910,1,21.82066902959294,20-25,20-30,0-30
0,45922,1,14.693437299962754,10-15,10-20,0-30
0,45928,1,13.171589610541908,10-15,10-20,0-30
0,45944,1,17.94230085608128,15-20,10-20,60-90.1
0,45952,1,22.688014396042647,20-25,20-30,60-90.1
0,45959,1,24.683523394580785,20-25,20-30,60-90.1
0,45965,1,26.360391705232512,25-30,20-30,60-90.1
0,45982,1,14.753693163220639,10-15,10-20,30-60
0,46071,1,14.70847523260697,10-15,10-20,60-90.1
0,46117,1,11.676686019333358,10-15,10-20,60-90.1
0,46119,1,37.3294820282968,30-40,30-45,0-30
0,46165,1,18.31158691996778,15-20,10-20,60-90.1
0,46174,0,46.1642248718108,40-50,45-70,60-90.1
0,46186,0,48.59287424940266,40-50,45-70,60-90.1
0,46206,1,35.594441491377346,30-40,30-45,60-90.1
0,46210,1,25.455023410058853,25-30,20-30,30-60
0,46211,1,14.900536645197624,10-15,10-20,30-60
0,46226,1,10.516206268580312,10-15,10-20,30-60
0,46248,1,22.324685371571377,20-25,20-30,30-60
0,46259,0,56.43147694118317,50-60,45-70,60-90.1
0,46266,1,15.992817687592861,15-20,10-20,60-90.1
0,46288,0,61.511999767556254,60-90,45-70,30-60
0,46326,1,18.760108085834748,15-20,10-20,30-60
0,46327,1,11.361191049518144,10-15,10-20,0-30
0,46361,0,59.730980056771756,50-60,45-70,60-90.1
0,46368,1,16.710725322102096,15-20,10-20,60-90.1
0,46392,1,21.177726298151814,20-25,20-30,30-60
0,46398,0,47.608389110459356,40-50,45-70,30-60
0,46411,0,49.91642617256616,40-50,45-70,30-60
0,46436,1,32.00376337976525,30-40,30-45,60-90.1
0,46465,1,22.674318985129876,20-25,20-30,0-30
0,46476,0,37.33462629052449,30-40,30-45,60-90.1
0,46482,1,17.78496213593304,15-20,10-20,60-90.1
0,46487,0,38.68600848295104,30-40,30-45,60-90.1
0,46504,0,38.33335762301487,30-40,30-45,60-90.1
0,46542,1,28.37403522162559,25-30,20-30,60-90.1
0,46549,1,10.992918665209974,10-15,10-20,0-30
0,46555,1,20.580666507904105,20-25,20-30,30-60
0,46598,1,25.170814286013567,25-30,20-30,60-90.1
0,46626,1,14.60091306686628,10-15,10-20,30-60
0,46648,1,15.707120708362147,15-20,10-20,60-90.1
0,46671,1,21.056878759276024,20-25,20-30,60-90.1
0,46681,1,16.909823422229675,15-20,10-20,60-90.1
0,46683,1,16.395924628429537,15-20,10-20,60-90.1
0,46710,1,25.144797334140197,25-30,20-30,30-60
0,46721,1,27.528086674932215,25-30,20-30,30-60
0,46735,1,17.07306756010998,15-20,10-20,30-60
0,46748,1,22.800415298410826,20-25,20-30,60-90.1
0,46751,1,21.254907056624003,20-25,20-30,60-90.1
0,46762,1,13.49846801110658,10-15,10-20,60-90.1
0,46763,1,29.3887497699672,25-30,20-30,30-60
0,46773,1,22.899008415194906,20-25,20-30,60-90.1
0,46779,1,19.072667925742905,15-20,10-20,60-90.1
0,46785,1,30.447936277799027,30-40,30-45,30-60
0,46796,1,21.11608875340823,20-25,20-30,60-90.1
0,46805,1,10.71617088869025,10-15,10-20,0-30
0,46816,1,32.00721902231641,30-40,30-45,60-90.1
0,46818,1,19.25500527410702,15-20,10-20,60-90.1
0,46837,1,33.8673568338458,30-40,30-45,60-90.1
0,46850,1,35.72449483858715,30-40,30-45,30-60
0,46856,1,21.155954893162182,20-25,20-30,60-90.1
0,46881,1,25.78882002650239,25-30,20-30,60-90.1
0,46885,1,20.961713542243917,20-25,20-30,60-90.1
0,46910,1,14.996225834672572,10-15,10-20,60-90.1
0,46913,1,41.378405965387365,40-50,30-45,60-90.1
0,46915,1,26.127363543954594,25-30,20-30,30-60
0,46928,1,43.435954470331374,40-50,30-45,30-60
0,46935,1,44.676974619507085,40-50,30-45,0-30
0,46960,1,33.0804447330632,30-40,30-45,60-90.1
0,46962,1,31.253931211811548,30-40,30-45,60-90.1
0,46990,1,36.766671065741924,30-40,30-45,0-30
0,47004,1,11.4124510304722,10-15,10-20,0-30
0,47006,0,54.33458199299367,50-60,45-70,60-90.1
0,47026,1,17.911174516925193,15-20,10-20,60-90.1
0,47080,1,13.682631619602807,10-15,10-20,60-90.1
0,47083,0,59.30114838917679,50-60,45-70,60-90.1
0,47106,1,20.93645661505241,20-25,20-30,30-60
0,47139,1,48.16570501250881,40-50,45-70,30-60
0,47160,0,42.433334126860956,40-50,30-45,30-60
0,47192,0,52.10506665540244,50-60,45-70,30-60
0,47225,1,27.233567978441236,25-30,20-30,30-60
0,47229,1,14.283502217252172,10-15,10-20,60-90.1
0,47282,1,9.917115801283702,0-10,,0-30
0,47296,1,18.566827648442274,15-20,10-20,30-60
0,47320,1,31.36347646068203,30-40,30-45,60-90.1
0,47357,1,26.258011972400293,25-30,20-30,60-90.1
0,47379,1,20.723692520616016,20-25,20-30,0-30
0,47386,1,24.82092418928456,20-25,20-30,60-90.1
0,47412,1,14.241197362835617,10-15,10-20,0-30
0,47465,1,18.236672678208535,15-20,10-20,60-90.1
0,47469,1,15.990220452381882,15-20,10-20,60-90.1
0,47519,1,23.293459115911535,20-25,20-30,60-90.1
0,47566,1,15.37542333613,15-20,10-20,60-90.1
0,47586,1,24.214599397262834,20-25,20-30,60-90.1
0,47613,1,39.4949185909798,30-40,30-45,60-90.1
0,47668,1,25.093829902402398,25-30,20-30,60-90.1
0,47671,1,15.056104855379115,15-20,10-20,60-90.1
0,47688,1,15.175389914739998,15-20,10-20,60-90.1
0,47704,1,29.041911067819594,25-30,20-30,60-90.1
0,47715,1,27.328289173258465,25-30,20-30,30-60
0,47720,1,13.365573333018435,10-15,10-20,30-60
0,47727,0,52.26959613021043,50-60,45-70,60-90.1
0,47730,1,23.32666679772455,20-25,20-30,30-60
0,47767,1,14.116704142676918,10-15,10-20,60-90.1
0,47775,1,19.660418623300444,15-20,10-20,60-90.1
0,47782,0,58.376660323459724,50-60,45-70,60-90.1
0,47831,1,19.571445634143124,15-20,10-20,30-60
0,47840,1,12.492260084082254,10-15,10-20,0-30
0,47872,0,45.56898816137519,40-50,45-70,0-30
0,47873,0,44.67398572593695,40-50,30-45,0-30
0,47877,1,34.67087556016267,30-40,30-45,30-60
0,47919,0,54.19007912379362,50-60,45-70,0-30
0,47923,0,39.91834508991178,30-40,30-45,0-30
0,47938,1,33.03674310039368,30-40,30-45,60-90.1
0,47962,1,10.929624559984518,10-15,10-20,30-60
0,47981,1,18.367482152231286,15-20,10-20,30-60
0,47992,1,9.730114673985335,0-10,,0-30
0,48005,0,35.511530278447275,30-40,30-45,60-90.1
0,48035,1,16.009227782139472,15-20,10-20,60-90.1
0,48059,1,29.47812812244871,25-30,20-30,60-90.1
0,48070,1,27.73296718247988,25-30,20-30,60-90.1
0,48098,1,16.913303896827077,15-20,10-20,30-60
0,48106,1,26.633093518916258,25-30,20-30,60-90.1
0,48142,1,17.0743611227715,15-20,10-20,60-90.1
0,48154,1,19.90251163935639,15-20,10-20,60-90.1
0,48157,1,13.547202948903232,10-15,10-20,30-60
0,48170,1,19.140796596183243,15-20,10-20,60-90.1
0,48175,1,22.425195610775774,20-25,20-30,60-90.1
0,48194,1,22.659070477058563,20-25,20-30,30-60
0,48207,1,17.826842356899977,15-20,10-20,30-60
0,48227,1,24.164922560130506,20-25,20-30,60-90.1
0,48240,1,25.734560791556316,25-30,20-30,0-30
0,48244,1,19.40049950373818,15-20,10-20,60-90.1
0,48249,1,16.559621877040698,15-20,10-20,30-60
0,48260,1,20.93849241889721,20-25,20-30,60-90.1
0,48272,1,10.819698926459267,10-15,10-20,30-60
0,48306,1,36.33765176161424,30-40,30-45,0-30
0,48318,1,37.89793010010913,30-40,30-45,30-60
0,48333,1,11.919309942177977,10-15,10-20,30-60
0,48339,1,19.97180487831815,15-20,10-20,60-90.1
0,48375,1,12.543989471061028,10-15,10-20,30-60
0,48405,0,47.42581138595727,40-50,45-70,60-90.1
0,48408,1,12.473482402616705,10-15,10-20,60-90.1
0,48414,0,49.512090199349316,40-50,45-70,60-90.1
0,48464,1,35.87930673231896,30-40,30-45,30-60
0,48473,1,21.620616204546014,20-25,20-30,30-60
0,48478,1,12.55974721825279,10-15,10-20,30-60
0,48509,0,58.89088744446626,50-60,45-70,60-90.1
0,48542,1,35.098680240623516,30-40,30-45,0-30
0,48565,1,22.10902098407653,20-25,20-30,30-60
0,48579,1,44.59499436260389,40-50,30-45,0-30
0,48597,1,50.019294379585716,50-60,45-70,30-60
0,48611,1,21.240902255980245,20-25,20-30,30-60
0,48644,1,38.67103566345004,30-40,30-45,60-90.1
0,48651,1,24.21229022794069,20-25,20-30,30-60
0,48657,0,56.47347298758837,50-60,45-70,0-30
0,48675,1,36.32236684255728,30-40,30-45,60-90.1
0,48710,1,34.76279080108471,30-40,30-45,60-90.1
0,48715,1,28.15105508381051,25-30,20-30,60-90.1
0,48717,1,21.132697100231432,20-25,20-30,60-90.1
0,48733,0,34.68369769823409,30-40,30-45,60-90.1
0,48745,1,33.86513094980598,30-40,30-45,60-90.1
0,48767,1,11.553485343740169,10-15,10-20,0-30
0,48771,1,20.84049571703612,20-25,20-30,0-30
0,48783,1,13.98344989431784,10-15,10-20,30-60
0,48785,1,32.593615746927625,30-40,30-45,60-90.1
0,48796,1,20.33084364850179,20-25,20-30,60-90.1
0,48804,1,17.88899829312291,15-20,10-20,60-90.1
0,48819,1,30.17590129664523,30-40,30-45,60-90.1
0,48831,1,29.045935359775303,25-30,20-30,60-90.1
0,48873,1,22.983853935791007,20-25,20-30,0-30
0,48894,1,14.400335007166925,10-15,10-20,0-30
0,48912,1,11.997922614941917,10-15,10-20,0-30
0,48937,1,23.678848138714628,20-25,20-30,30-60
0,48945,1,19.633624071619064,15-20,10-20,60-90.1
0,48949,1,25.372466787778603,25-30,20-30,60-90.1
0,48971,1,25.358412276489464,25-30,20-30,0-30
0,48977,1,29.025288249791526,25-30,20-30,30-60
0,48987,1,30.594785852959593,30-40,30-45,60-90.1
0,48997,1,32.37157969966242,30-40,30-45,60-90.1
0,49017,1,34.46507731742085,30-40,30-45,30-60
0,49056,1,28.983012396747245,25-30,20-30,30-60
0,49076,1,19.164323689959605,15-20,10-20,60-90.1
0,49094,1,43.83156035413418,40-50,30-45,0-30
0,49107,0,45.24024351730814,40-50,45-70,60-90.1
0,49114,1,23.835776416155802,20-25,20-30,60-90.1
0,49174,1,24.901604595950168,20-25,20-30,30-60
0,49205,0,55.86042982015869,50-60,45-70,60-90.1
0,49210,1,15.390257460792853,15-20,10-20,60-90.1
0,49247,1,15.581943697516278,15-20,10-20,60-90.1
0,49265,0,58.05113621399849,50-60,45-70,60-90.1
0,49308,1,17.511325957308173,15-20,10-20,60-90.1
0,49319,1,47.728004204435265,40-50,45-70,30-60
0,49321,1,45.68110680962723,40-50,45-70,0-30
0,49338,0,58.26252833400904,50-60,45-70,60-90.1
0,49341,1,52.25134231939758,50-60,45-70,30-60
0,49344,1,43.4648092742048,40-50,30-45,0-30
0,49412,1,14.980153265894682,10-15,10-20,60-90.1
0,49418,1,32.823038491627294,30-40,30-45,60-90.1
0,49453,1,10.427556102511987,10-15,10-20,0-30
0,49461,1,10.93721889553499,10-15,10-20,0-30
0,49506,1,31.727628351635584,30-40,30-45,60-90.1
0,49527,1,19.83401706515398,15-20,10-20,0-30
0,49545,1,30.20275737467921,30-40,30-45,30-60
0,49548,1,27.13934167701416,25-30,20-30,0-30
0,49560,1,14.168077087760688,10-15,10-20,0-30
0,49599,1,15.391704750722472,15-20,10-20,60-90.1
0,49605,1,13.408818409319565,10-15,10-20,30-60
0,49608,1,20.86606266917259,20-25,20-30,60-90.1
0,49637,1,26.86304595615226,25-30,20-30,30-60
0,49638,1,24.47530969879025,20-25,20-30,30-60
0,49665,1,23.844096254119098,20-25,20-30,60-90.1
0,49684,1,14.866455350800187,10-15,10-20,60-90.1
0,49687,1,10.673745355293102,10-15,10-20,0-30
0,49693,1,27.025812877839634,25-30,20-30,60-90.1
0,49707,1,38.68804639036324,30-40,30-45,60-90.1
0,49722,1,40.66812788057979,40-50,30-45,60-90.1
0,49739,1,42.49469570988998,40-50,30-45,30-60
0,49742,1,29.82435748811158,25-30,20-30,0-30
0,49765,1,28.621680279470002,25-30,20-30,30-60
0,49771,1,17.19251922612393,15-20,10-20,60-90.1
0,49796,1,21.353778220687108,20-25,20-30,60-90.1
0,49825,1,31.9757735958116,30-40,30-45,60-90.1
0,49837,1,28.176497630485716,25-30,20-30,30-60
0,49843,1,11.881744510279567,10-15,10-20,30-60
0,49863,1,22.789020115340584,20-25,20-30,30-60
0,49866,0,53.89392642907082,50-60,45-70,60-90.1
0,49867,1,35.237037257644786,30-40,30-45,0-30
0,49882,1,35.24318945886208,30-40,30-45,0-30
0,49886,1,17.217927191492723,15-20,10-20,60-90.1
0,49895,1,19.20595080644627,15-20,10-20,30-60
0,49906,0,57.99926302450262,50-60,45-70,60-90.1
0,49954,1,49.47410903659967,40-50,45-70,30-60
0,49960,1,12.918218612277036,10-15,10-20,30-60
0,49980,1,53.61491148455899,50-60,45-70,60-90.1
0,49992,1,38.295861604072364,30-40,30-45,0-30
0,50009,1,43.28247767227418,40-50,30-45,0-30
0,50011,1,41.46929506194341,40-50,30-45,30-60
0,50037,1,35.32974399566308,30-40,30-45,60-90.1
0,50073,1,21.569360771909746,20-25,20-30,30-60
0,50095,1,16.501683507761587,15-20,10-20,30-60
0,50099,1,11.165821491578546,10-15,10-20,30-60
0,50104,1,31.025966886653347,30-40,30-45,60-90.1
0,50139,1,33.76060222979555,30-40,30-45,60-90.1
0,50144,1,19.99354570075161,15-20,10-20,0-30
0,50155,1,17.142610212979854,15-20,10-20,60-90.1
0,50183,1,22.236528400488044,20-25,20-30,60-90.1
0,50192,1,20.179015662707652,20-25,20-30,60-90.1
0,50204,1,22.3137567255978,20-25,20-30,0-30
0,50208,1,32.5044638031629,30-40,30-45,60-90.1
0,50231,1,14.794861238091764,10-15,10-20,30-60
0,50253,1,16.020254682318935,15-20,10-20,60-90.1
0,50298,1,16.077387325195,15-20,10-20,60-90.1
0,50309,1,20.961719919286384,20-25,20-30,60-90.1
0,50323,1,19.718170185522656,15-20,10-20,60-90.1
0,50330,1,24.297607345517466,20-25,20-30,30-60
0,50367,1,37.04567699359449,30-40,30-45,0-30
0,50390,1,10.879704706363166,10-15,10-20,0-30
0,50449,1,26.39982165042875,25-30,20-30,30-60
0,50455,1,10.839242362780181,10-15,10-20,0-30
0,50486,1,29.730967053469367,25-30,20-30,60-90.1
0,50492,1,19.7273655310646,15-20,10-20,60-90.1
0,50507,1,26.50030909142848,25-30,20-30,30-60
0,50514,0,50.83391372562869,50-60,45-70,60-90.1
0,50541,1,13.754669820913573,10-15,10-20,30-60
0,50546,1,20.77311200793457,20-25,20-30,30-60
0,50592,0,57.97697975411142,50-60,45-70,60-90.1
0,50597,1,34.062512278561925,30-40,30-45,0-30
0,50649,0,54.89852262951175,50-60,45-70,30-60
0,50663,1,45.61089495747357,40-50,45-70,0-30
0,50666,1,40.03110929527834,40-50,30-45,30-60
0,50683,1,44.097048449261315,40-50,30-45,0-30
0,50688,1,36.655126059359525,30-40,30-45,60-90.1
0,50718,1,21.715681582075035,20-25,20-30,30-60
0,50763,1,25.041130158594832,25-30,20-30,30-60
0,50796,1,17.763354595689574,15-20,10-20,60-90.1
0,50809,1,32.898949484224836,30-40,30-45,30-60
0,50835,1,34.09660000272354,30-40,30-45,60-90.1
0,50842,1,14.29552350292193,10-15,10-20,30-60
0,50847,1,23.128516607726315,20-25,20-30,0-30
0,50851,1,33.244466810240645,30-40,30-45,60-90.1
0,50865,1,33.35052637617993,30-40,30-45,60-90.1
0,50909,1,14.753500131106655,10-15,10-20,0-30
0,50912,1,17.237178185999948,15-20,10-20,60-90.1
0,50929,1,19.8170520472315,15-20,10-20,60-90.1
0,50949,1,16.63108410249596,15-20,10-20,60-90.1
0,50963,1,22.50664872571259,20-25,20-30,30-60
0,50993,1,24.87566359330895,20-25,20-30,0-30
0,51030,1,35.51010339624451,30-40,30-45,0-30
0,51042,1,13.945931514339748,10-15,10-20,60-90.1
0,51075,1,10.597428730792236,10-15,10-20,0-30
0,51106,1,16.039152890989776,15-20,10-20,60-90.1
0,51118,0,48.27028390761153,40-50,45-70,60-90.1
0,51178,1,24.681579642620687,20-25,20-30,30-60
0,51211,0,55.52918549366504,50-60,45-70,60-90.1
0,51227,1,34.63054155381119,30-40,30-45,0-30
0,51228,1,19.075418003150148,15-20,10-20,30-60
0,51234,1,14.636123636294336,10-15,10-20,30-60
0,51244,1,34.7048662676015,30-40,30-45,0-30
0,51250,1,34.385797498225834,30-40,30-45,0-30
0,51316,1,34.49218275045603,30-40,30-45,0-30
0,51319,1,18.603529988356406,15-20,10-20,30-60
0,51326,1,41.923643319415596,40-50,30-45,30-60
0,51342,1,18.20520166952938,15-20,10-20,30-60
0,51406,1,28.115224867260157,25-30,20-30,60-90.1
0,51421,1,10.528674298791772,10-15,10-20,0-30
0,51434,1,10.796037151486004,10-15,10-20,0-30
0,51498,1,22.509169322214817,20-25,20-30,30-60
0,51517,1,27.174929039206702,25-30,20-30,0-30
0,51522,1,30.162701244496034,30-40,30-45,0-30
0,51552,1,11.826773945528894,10-15,10-20,0-30
0,51559,1,11.816857331545739,10-15,10-20,0-30
0,51562,1,13.888495548772195,10-15,10-20,60-90.1
0,51575,1,13.376321629503543,10-15,10-20,30-60
0,51577,1,22.50618179925905,20-25,20-30,60-90.1
0,51597,1,25.65360144430444,25-30,20-30,30-60
0,51612,1,27.265193243954457,25-30,20-30,30-60
0,51627,1,28.778848586576775,25-30,20-30,30-60
0,51634,1,31.196577314592275,30-40,30-45,60-90.1
0,51639,1,32.96608567550417,30-40,30-45,60-90.1
0,51675,1,13.899105962758863,10-15,10-20,60-90.1
0,51725,0,45.785940123837435,40-50,45-70,60-90.1
0,51744,1,24.45953796600978,20-25,20-30,30-60
0,51748,1,11.301220698411417,10-15,10-20,0-30
0,51761,1,32.64649844055563,30-40,30-45,60-90.1
0,51768,1,22.46635910802502,20-25,20-30,30-60
0,51802,1,16.226261305839937,15-20,10-20,60-90.1
0,51804,1,11.387859037201174,10-15,10-20,0-30
0,51813,1,19.814230794697487,15-20,10-20,60-90.1
0,51823,1,23.178570659596218,20-25,20-30,30-60
0,51843,1,21.21242078112033,20-25,20-30,30-60
0,51878,0,59.00480782653889,50-60,45-70,60-90.1
0,51902,1,15.353633134151048,15-20,10-20,60-90.1
0,51950,1,15.113730712458372,15-20,10-20,30-60
0,51952,1,44.66034432731365,40-50,30-45,30-60
0,51954,1,43.089176162663186,40-50,30-45,30-60
0,52011,1,11.742377125066751,10-15,10-20,60-90.1
0,52027,1,18.526349102790327,15-20,10-20,60-90.1
0,52045,1,29.26161858868427,25-30,20-30,60-90.1
0,52049,1,30.947158958027085,30-40,30-45,60-90.1
0,52063,1,33.435706055839304,30-40,30-45,30-60
0,52068,1,20.786226379891083,20-25,20-30,30-60
0,52092,1,17.713137237450322,15-20,10-20,60-90.1
0,52111,1,23.292773841447236,20-25,20-30,30-60
0,52152,1,13.972239209564956,10-15,10-20,30-60
0,52161,1,13.820513671223159,10-15,10-20,30-60
0,52188,1,18.452477988425006,15-20,10-20,60-90.1
0,52211,1,23.725942636781934,20-25,20-30,30-60
0,52220,1,18.683679397322162,15-20,10-20,60-90.1
0,52229,1,15.76681742285302,15-20,10-20,60-90.1
0,52234,1,23.953123257043487,20-25,20-30,0-30
0,52261,1,19.96654198866501,15-20,10-20,60-90.1
0,52271,1,24.823568102193008,20-25,20-30,60-90.1
0,52285,1,37.44699825326131,30-40,30-45,0-30
0,52299,1,39.3249752865793,30-40,30-45,60-90.1
0,52311,1,41.142221016306145,40-50,30-45,60-90.1
0,52317,1,43.18918006312149,40-50,30-45,30-60
0,52320,1,42.72696800322011,40-50,30-45,0-30
0,52338,1,13.014110415817864,10-15,10-20,60-90.1
0,52343,1,28.397890045630707,25-30,20-30,30-60
0,52404,1,14.394676995008531,10-15,10-20,60-90.1
0,52427,1,26.12704760942358,25-30,20-30,30-60
0,52439,0,52.91657854280603,50-60,45-70,60-90.1
0,52465,1,15.865233010520532,15-20,10-20,60-90.1
0,52498,1,16.163859829215145,15-20,10-20,60-90.1
0,52521,1,55.974250333850044,50-60,45-70,30-60
0,52537,1,50.504710801682634,50-60,45-70,30-60
0,52551,1,16.247420950185198,15-20,10-20,60-90.1
0,52555,1,47.69368905380838,40-50,45-70,60-90.1
0,52586,1,40.211653069814005,40-50,30-45,30-60
0,52617,1,22.84774009505965,20-25,20-30,30-60
0,52620,1,19.627227425280562,15-20,10-20,30-60
0,52632,1,14.369852466051793,10-15,10-20,30-60
0,52701,1,34.28186348369396,30-40,30-45,30-60
0,52715,1,24.061795353260116,20-25,20-30,0-30
0,52726,1,33.872851189084045,30-40,30-45,60-90.1
0,52746,1,26.216800412219808,25-30,20-30,0-30
0,52750,1,32.65134245650867,30-40,30-45,0-30
0,52811,1,15.317473592125431,15-20,10-20,60-90.1
0,52821,1,20.545302359791187,20-25,20-30,60-90.1
0,52846,1,21.250807397888725,20-25,20-30,60-90.1
0,52894,1,27.15182674013379,25-30,20-30,60-90.1
0,52899,1,36.282121932894,30-40,30-45,0-30
0,52908,1,29.42130408128272,25-30,20-30,30-60
0,52914,1,29.925898291985167,25-30,20-30,0-30
0,52950,1,33.78402099526735,30-40,30-45,30-60
0,52962,1,28.59858050538497,25-30,20-30,60-90.1
0,52968,1,27.398024620103403,25-30,20-30,30-60
0,52983,1,12.758892437954714,10-15,10-20,60-90.1
0,52989,1,24.249820824790895,20-25,20-30,30-60
0,53006,1,17.651569969700454,15-20,10-20,60-90.1
0,53090,1,33.69981384057189,30-40,30-45,0-30
0,53124,1,37.009986314994265,30-40,30-45,30-60
0,53139,1,40.8852958873947,40-50,30-45,30-60
0,53142,1,38.44323476119666,30-40,30-45,30-60
0,53170,1,21.145314335602418,20-25,20-30,30-60
0,53202,1,25.639878801112808,25-30,20-30,30-60
0,53234,1,31.558790970031218,30-40,30-45,30-60
0,53261,1,20.276450566541453,20-25,20-30,60-90.1
0,53287,1,33.845119880043185,30-40,30-45,60-90.1
0,53290,1,24.639178656968664,20-25,20-30,0-30
0,53306,1,28.41550863436662,25-30,20-30,0-30
0,53324,1,13.707719955007148,10-15,10-20,30-60
0,53346,1,16.96358380683603,15-20,10-20,60-90.1
0,53426,1,23.56606791013682,20-25,20-30,30-60
0,53449,1,32.22004341773006,30-40,30-45,60-90.1
0,53457,1,33.81141790806498,30-40,30-45,60-90.1
0,53505,1,25.700300072381804,25-30,20-30,30-60
0,53508,0,45.76364077864701,40-50,45-70,60-90.1
0,53511,1,24.052392328893866,20-25,20-30,30-60
0,53518,0,47.78670587751047,40-50,45-70,60-90.1
0,53530,0,49.4849189230152,40-50,45-70,60-90.1
0,53532,1,34.57967159742619,30-40,30-45,30-60
0,53565,1,20.232707170560264,20-25,20-30,0-30
0,53570,1,22.81328290125517,20-25,20-30,30-60
0,53583,0,56.68516766772048,50-60,45-70,60-90.1
0,53606,1,33.226129509515275,30-40,30-45,0-30
0,53660,1,42.55409348520401,40-50,30-45,30-60
0,53663,1,18.330273338867087,15-20,10-20,30-60
0,53672,1,16.64439767073641,15-20,10-20,60-90.1
0,53706,1,15.16104410337137,15-20,10-20,30-60
0,53719,1,11.198381800159389,10-15,10-20,0-30
0,53725,1,17.948412003362666,15-20,10-20,60-90.1
0,53732,1,27.68197031388629,25-30,20-30,30-60
0,53786,1,17.111367796862265,15-20,10-20,60-90.1
0,53798,1,22.809200482108874,20-25,20-30,60-90.1
0,53808,1,31.754870108645925,30-40,30-45,30-60
0,53830,1,26.394729706657003,25-30,20-30,30-60
0,53845,1,30.049333624862896,30-40,30-45,60-90.1
0,53885,1,13.567368622027272,10-15,10-20,0-30
0,53893,1,14.331058741776058,10-15,10-20,60-90.1
0,53908,1,11.014513412644304,10-15,10-20,0-30
0,53914,1,19.60289461332724,15-20,10-20,30-60
0,53919,1,12.236678194854589,10-15,10-20,30-60
0,53930,1,22.39229588543816,20-25,20-30,60-90.1
0,53935,1,17.228065833607204,15-20,10-20,60-90.1
0,53941,1,14.799272890720816,10-15,10-20,30-60
0,53943,1,24.091437898135457,20-25,20-30,30-60
0,53950,1,22.95687859571433,20-25,20-30,30-60
0,53956,1,26.04113202563189,25-30,20-30,60-90.1
0,53970,1,17.86486522610968,15-20,10-20,60-90.1
0,53972,1,27.631912093370907,25-30,20-30,30-60
0,53982,1,29.27257730067711,25-30,20-30,60-90.1
0,53983,1,20.71493672855652,20-25,20-30,60-90.1
0,54021,1,38.22980573882872,30-40,30-45,30-60
0,54031,1,40.523992033062505,40-50,30-45,60-90.1
0,54036,1,42.59530408441814,40-50,30-45,0-30
0,54044,1,43.401947979237555,40-50,30-45,0-30
0,54067,1,22.269620182160967,20-25,20-30,30-60
0,54112,0,53.78066972087989,50-60,45-70,60-90.1
0,54141,0,55.97229508471073,50-60,45-70,0-30
0,54154,1,52.08219987772262,50-60,45-70,30-60
0,54170,1,49.230338322725345,40-50,45-70,30-60
0,54186,1,39.6473776087521,30-40,30-45,30-60
0,54196,1,45.91685338512414,40-50,45-70,30-60
0,54275,1,29.330468238409633,25-30,20-30,30-60
0,54289,1,32.52151250686574,30-40,30-45,30-60
0,54311,1,28.107615887899573,25-30,20-30,0-30
0,54336,1,20.305414303661582,20-25,20-30,60-90.1
0,54378,1,11.893130467981775,10-15,10-20,30-60
0,54424,1,19.968509911793788,15-20,10-20,60-90.1
0,54444,1,24.35633949493264,20-25,20-30,0-30
0,54490,1,17.445655007370757,15-20,10-20,60-90.1
0,54501,1,23.04485983253293,20-25,20-30,60-90.1
0,54522,1,36.71522498232642,30-40,30-45,0-30
0,54580,1,29.379044218683266,25-30,20-30,30-60
0,54599,1,20.733364623881926,20-25,20-30,30-60
0,54601,0,50.95205196580681,50-60,45-70,60-90.1
0,54605,1,24.641973785943854,20-25,20-30,60-90.1
0,54645,1,33.09873364232733,30-40,30-45,0-30
0,54649,0,58.03959447705153,50-60,45-70,60-90.1
0,54650,1,32.729367736431115,30-40,30-45,0-30
0,54664,1,52.33408944838251,50-60,45-70,60-90.1
0,54684,1,35.24591534498181,30-40,30-45,0-30
0,54699,1,38.07118839863507,30-40,30-45,30-60
0,54713,1,40.8312140636506,40-50,30-45,30-60
0,54721,1,15.170620436855629,15-20,10-20,0-30
0,54727,1,19.453430200747757,15-20,10-20,30-60
0,54745,1,19.192573498083792,15-20,10-20,30-60
0,54751,1,23.931571322671058,20-25,20-30,30-60
0,54762,1,13.099870712919529,10-15,10-20,60-90.1
0,54770,1,17.12068224556021,15-20,10-20,60-90.1
0,54811,1,33.703440634122266,30-40,30-45,30-60
0,54828,1,24.128034988396188,20-25,20-30,60-90.1
0,54850,1,13.466292916919228,10-15,10-20,0-30
0,54886,1,13.49146312942372,10-15,10-20,60-90.1
0,54957,1,15.969739376733484,15-20,10-20,60-90.1
0,55006,1,35.09876739284291,30-40,30-45,30-60
0,55024,1,28.579802089681515,25-30,20-30,0-30
0,55039,1,26.04621293443854,25-30,20-30,30-60
0,55047,1,19.862420000936982,15-20,10-20,60-90.1
0,55093,0,49.24763715796956,40-50,45-70,60-90.1
0,55094,1,35.62398185178337,30-40,30-45,0-30
0,55096,1,25.68433839038702,25-30,20-30,30-60
0,55109,1,35.654200809677114,30-40,30-45,0-30
0,55129,1,18.609416352264194,15-20,10-20,60-90.1
0,55217,1,44.58617334733556,40-50,30-45,30-60
0,55346,1,13.546306367580264,10-15,10-20,30-60
0,55354,1,12.405534701694375,10-15,10-20,0-30
0,55384,1,10.641980642294067,10-15,10-20,30-60
0,55387,1,17.379861310135016,15-20,10-20,60-90.1
0,55407,1,16.366098948095523,15-20,10-20,60-90.1
0,55444,1,23.002587207875305,20-25,20-30,60-90.1
0,55467,1,12.981104808377806,10-15,10-20,60-90.1
0,55473,1,30.40221203295786,30-40,30-45,60-90.1
0,55488,1,32.190561392593395,30-40,30-45,60-90.1
0,55498,1,23.778558846356685,20-25,20-30,30-60
0,55517,1,27.54681193245674,25-30,20-30,60-90.1
0,55548,1,22.79540233787373,20-25,20-30,60-90.1
0,55558,1,42.99159501005194,40-50,30-45,0-30
0,55565,1,17.81070881602216,15-20,10-20,60-90.1
0,55578,0,46.96730864280873,40-50,45-70,60-90.1
0,55584,1,29.963598810341754,25-30,20-30,60-90.1
0,55598,1,17.481485826878796,15-20,10-20,60-90.1
0,55628,1,21.647149360461317,20-25,20-30,60-90.1
0,55635,1,34.4176629691556,30-40,30-45,30-60
0,55652,1,33.55110373438402,30-40,30-45,30-60
0,55692,1,34.11891842484243,30-40,30-45,0-30
0,55699,1,49.913964583882866,40-50,45-70,60-90.1
0,55700,1,36.88933943001444,30-40,30-45,0-30
0,55754,1,22.209534335177974,20-25,20-30,30-60
0,55765,1,25.483941097247186,25-30,20-30,30-60
0,55789,1,16.479340265155408,15-20,10-20,60-90.1
0,55797,1,30.213811242824338,30-40,30-45,30-60
0,55815,1,32.227341007723965,30-40,30-45,60-90.1
0,55824,1,30.89076407986565,30-40,30-45,30-60
0,55868,1,16.899760912450397,15-20,10-20,60-90.1
0,55893,1,19.736441815403083,15-20,10-20,30-60
0,55912,1,22.469955255619443,20-25,20-30,30-60
0,55913,1,20.15240605261405,20-25,20-30,60-90.1
0,55920,1,14.246359845111936,10-15,10-20,30-60
0,55922,1,24.254795422588096,20-25,20-30,30-60
0,55945,1,26.595622137004696,25-30,20-30,60-90.1
0,55951,1,16.464822633382312,15-20,10-20,30-60
0,55969,1,28.283448425738552,25-30,20-30,30-60
0,55984,1,18.941335051591977,15-20,10-20,60-90.1
0,56018,1,37.34262704927002,30-40,30-45,0-30
0,56023,1,38.975551890290006,30-40,30-45,60-90.1
0,56048,1,41.3643316705212,40-50,30-45,30-60
0,56064,1,13.277542701420813,10-15,10-20,60-90.1
0,56076,0,44.41420365717862,40-50,30-45,60-90.1
0,56105,1,14.163794293929332,10-15,10-20,60-90.1
0,56184,0,55.16311938876065,50-60,45-70,60-90.1
0,56203,0,52.86299212392272,50-60,45-70,0-30
0,56213,1,34.30593566502673,30-40,30-45,0-30
0,56245,1,39.098259837018304,30-40,30-45,60-90.1
0,56247,1,47.318583272761806,40-50,45-70,0-30
0,56269,1,16.57273816736955,15-20,10-20,30-60
0,56285,1,18.489769720770653,15-20,10-20,30-60
0,56312,1,27.9297366282594,25-30,20-30,30-60
0,56348,1,26.539026520509267,25-30,20-30,30-60
0,56369,1,21.655781110747395,20-25,20-30,30-60
0,56385,1,12.977971871771567,10-15,10-20,0-30
0,56395,1,14.120489475613494,10-15,10-20,60-90.1
0,56401,1,10.513254710765745,10-15,10-20,0-30
0,56463,1,23.191916956119925,20-25,20-30,30-60
0,56464,1,20.191490776141876,20-25,20-30,60-90.1
0,56471,1,12.807294945336587,10-15,10-20,0-30
0,56499,1,25.14303581344825,25-30,20-30,0-30
0,56542,1,33.51473360141424,30-40,30-45,60-90.1
0,56545,1,35.736436453802604,30-40,30-45,30-60
0,56569,1,15.70737788203841,15-20,10-20,60-90.1
0,56619,1,31.338706726264544,30-40,30-45,60-90.1
0,56637,1,25.76635560467152,25-30,20-30,60-90.1
0,56647,1,21.53432771584633,20-25,20-30,60-90.1
0,56673,1,17.369951544916386,15-20,10-20,60-90.1
0,56727,0,49.704846013464945,40-50,45-70,30-60
0,56760,1,41.59082638138484,40-50,30-45,0-30
0,56798,1,24.100715537787448,20-25,20-30,30-60
0,56800,1,18.504067322694482,15-20,10-20,30-60
0,56810,1,18.638284839529007,15-20,10-20,30-60
0,56933,1,12.615515335942655,10-15,10-20,60-90.1
0,57032,1,23.514760109416482,20-25,20-30,30-60
0,57043,1,15.474793883868344,15-20,10-20,60-90.1
0,57048,1,30.606536553503336,30-40,30-45,30-60
0,57109,1,26.28266752917401,25-30,20-30,30-60
0,57118,1,19.27986861055149,15-20,10-20,60-90.1
0,57160,1,17.039697615262824,15-20,10-20,60-90.1
0,57166,0,47.32730766830768,40-50,45-70,60-90.1
0,57201,0,51.529943114224324,50-60,45-70,60-90.1
0,57222,1,34.314343678251376,30-40,30-45,0-30
0,57245,1,35.94880488466462,30-40,30-45,0-30
0,57292,1,19.329519617393828,15-20,10-20,60-90.1
0,57309,1,21.284375660404873,20-25,20-30,60-90.1
0,57330,1,25.87720807791211,25-30,20-30,60-90.1
0,57333,1,20.726576364137095,20-25,20-30,0-30
0,57348,1,18.234723519655216,15-20,10-20,60-90.1
0,57352,1,28.83052922569761,25-30,20-30,60-90.1
0,57357,1,21.025475449409964,20-25,20-30,30-60
0,57388,1,28.634986685479085,25-30,20-30,30-60
0,57393,1,23.65476152017428,20-25,20-30,0-30
0,57432,1,13.41004831046607,10-15,10-20,0-30
0,57462,1,17.874380116474065,15-20,10-20,60-90.1
0,57491,1,13.784472463081755,10-15,10-20,30-60
0,57497,1,17.198664900564246,15-20,10-20,60-90.1
0,57516,1,14.642339308206587,10-15,10-20,0-30
0,57538,1,12.428360212843039,10-15,10-20,0-30
0,57561,1,28.84518209236539,25-30,20-30,30-60
0,57574,1,13.65256002765045,10-15,10-20,60-90.1
0,57586,1,22.32775259500283,20-25,20-30,60-90.1
0,57606,1,25.950705454230647,25-30,20-30,60-90.1
0,57610,1,36.553825039195544,30-40,30-45,0-30
0,57643,1,23.01814064106943,20-25,20-30,60-90.1
0,57650,1,11.008934520840826,10-15,10-20,0-30
0,57652,1,40.51114821379266,40-50,30-45,60-90.1
0,57661,1,42.12347372167089,40-50,30-45,0-30
0,57673,1,12.930287952053988,10-15,10-20,30-60
0,57685,0,45.56992602407819,40-50,45-70,60-90.1
0,57715,0,49.03247341709045,40-50,45-70,60-90.1
0,57735,0,54.33776407219221,50-60,45-70,0-30
0,57772,1,47.454681524972514,40-50,45-70,30-60
0,57777,1,36.958946193752745,30-40,30-45,60-90.1
0,57780,1,44.130741780824,40-50,30-45,0-30
0,57794,1,37.060711707865714,30-40,30-45,60-90.1
0,57853,1,22.839293201221302,20-25,20-30,30-60
0,57865,1,25.57790037183477,25-30,20-30,30-60
0,57890,1,12.279330618136733,10-15,10-20,0-30
0,57898,1,13.97422822813765,10-15,10-20,60-90.1
0,57930,1,11.59842397654863,10-15,10-20,30-60
0,57958,1,22.569547439247252,20-25,20-30,30-60
0,57968,1,20.96489041534658,20-25,20-30,60-90.1
0,57971,1,15.046761233915921,15-20,10-20,30-60
0,57983,1,24.60078162897301,20-25,20-30,60-90.1
0,58005,1,26.78090533046169,25-30,20-30,30-60
0,58011,1,14.485382041949782,10-15,10-20,30-60
0,58066,1,18.715657764191043,15-20,10-20,30-60
0,58085,1,33.64953495685183,30-40,30-45,60-90.1
0,58096,1,37.475774524616355,30-40,30-45,30-60
0,58106,1,12.34054176012348,10-15,10-20,30-60
0,58150,0,43.55704814107733,40-50,30-45,30-60
0,58161,1,32.481525851191044,30-40,30-45,60-90.1
0,58176,1,25.69981674351266,25-30,20-30,60-90.1
0,58190,1,21.02269471563536,20-25,20-30,60-90.1
0,58193,1,18.34277156812924,15-20,10-20,60-90.1
0,58222,1,34.73347430259777,30-40,30-45,30-60
0,58290,1,38.481219410990846,30-40,30-45,0-30
0,58295,1,17.197222818739284,15-20,10-20,30-60
0,58309,1,18.789239186720582,15-20,10-20,30-60
0,58354,1,17.18082512362426,15-20,10-20,60-90.1
0,58364,1,19.784023580005837,15-20,10-20,60-90.1
0,58379,1,15.353011260062265,15-20,10-20,60-90.1
0,58405,1,15.594919161985706,15-20,10-20,0-30
0,58409,1,23.879951667003173,20-25,20-30,30-60
0,58419,1,20.764626269188074,20-25,20-30,60-90.1
0,58439,1,25.495678327949967,25-30,20-30,0-30
0,58448,1,15.767191884982081,15-20,10-20,30-60
0,58480,1,30.777226379308864,30-40,30-45,60-90.1
0,58536,1,16.335717918891774,15-20,10-20,60-90.1
0,58561,1,11.33595763511383,10-15,10-20,30-60
0,58589,1,14.719738943941262,10-15,10-20,60-90.1
0,58607,1,35.326333692070016,30-40,30-45,30-60
0,58641,1,50.178058381095234,50-60,45-70,30-60
0,58649,1,35.46162415864367,30-40,30-45,60-90.1
0,58713,1,14.490015580221126,10-15,10-20,60-90.1
0,58771,1,16.441991092620942,15-20,10-20,30-60
0,58802,1,24.21788263454176,20-25,20-30,30-60
0,58813,1,29.211248512651785,25-30,20-30,30-60
0,58820,1,16.22139709460293,15-20,10-20,30-60
0,58835,1,21.54897617508349,20-25,20-30,60-90.1
0,58856,1,35.4734903162068,30-40,30-45,30-60
0,58859,1,23.862769119036187,20-25,20-30,60-90.1
0,58887,1,23.562074688857876,20-25,20-30,30-60
0,58891,1,20.046121184964065,20-25,20-30,60-90.1
0,58945,1,33.30265951137649,30-40,30-45,60-90.1
0,58963,1,21.038955337025143,20-25,20-30,60-90.1
0,58980,1,35.312234915993365,30-40,30-45,0-30
0,58985,1,34.724519815678704,30-40,30-45,30-60
0,58990,0,52.406856601854464,50-60,45-70,60-90.1
0,59022,1,47.34449170811092,40-50,45-70,30-60
0,59036,1,34.046660492763465,30-40,30-45,60-90.1
0,59046,1,39.80272247362849,30-40,30-45,0-30
0,59060,1,33.181514072614604,30-40,30-45,60-90.1
0,59084,1,13.129470674234348,10-15,10-20,0-30
0,59107,1,18.532027906866738,15-20,10-20,60-90.1
0,59124,1,14.383441172101376,10-15,10-20,30-60
0,59125,1,23.396366751625234,20-25,20-30,30-60
0,59139,1,25.332036117178667,25-30,20-30,60-90.1
0,59158,1,27.3490031622392,25-30,20-30,30-60
0,59168,1,13.394512584734924,10-15,10-20,30-60
0,59181,1,17.856322846154672,15-20,10-20,0-30
0,59205,1,13.147025976845836,10-15,10-20,60-90.1
0,59217,1,18.165596329603297,15-20,10-20,60-90.1
0,59228,1,32.56437144613545,30-40,30-45,60-90.1
0,59242,1,36.69765492115269,30-40,30-45,0-30
0,59258,1,13.73640348630582,10-15,10-20,60-90.1
0,59262,1,10.709461813974594,10-15,10-20,0-30
0,59264,1,38.14899989541291,30-40,30-45,60-90.1
0,59288,1,40.61125052758952,40-50,30-45,30-60
0,59302,1,41.73106624980367,40-50,30-45,0-30
0,59314,1,26.398932015374598,25-30,20-30,30-60
0,59319,1,11.231851381946452,10-15,10-20,60-90.1
0,59334,1,15.261625213133334,15-20,10-20,60-90.1
0,59350,1,17.44219416530157,15-20,10-20,60-90.1
0,59370,1,12.448765936238848,10-15,10-20,60-90.1
0,59388,0,47.89390288068924,40-50,45-70,60-90.1
0,59398,1,12.40193998025306,10-15,10-20,60-90.1
0,59407,0,50.053970840117316,50-60,45-70,60-90.1
0,59428,1,50.04592656114959,50-60,45-70,0-30
0,59460,1,43.191291869312636,40-50,30-45,0-30
0,59470,1,36.60201966632396,30-40,30-45,0-30
0,59494,1,30.436737521851015,30-40,30-45,30-60
0,59559,1,15.384830184235222,15-20,10-20,30-60
0,59576,1,17.580789798903808,15-20,10-20,60-90.1
0,59622,1,15.426581802332542,15-20,10-20,30-60
0,59669,1,20.960834818111575,20-25,20-30,60-90.1
0,59692,1,23.006748310797928,20-25,20-30,30-60
0,59715,1,20.83273612058803,20-25,20-30,30-60
0,59719,1,16.941099241512465,15-20,10-20,60-90.1
0,59737,1,43.12769178990527,40-50,30-45,30-60
0,59745,1,27.6511929279788,25-30,20-30,30-60
0,59773,0,45.1272799898801,40-50,45-70,60-90.1
0,59777,1,22.364944951407782,20-25,20-30,30-60
0,59793,1,18.36894203813983,15-20,10-20,60-90.1
0,59797,1,14.729419558452708,10-15,10-20,30-60
0,59800,1,10.236389478044044,10-15,10-20,30-60
0,59828,1,15.901042841430124,15-20,10-20,60-90.1
0,59859,1,13.889106586650874,10-15,10-20,60-90.1
0,59881,1,34.14682671329279,30-40,30-45,60-90.1
0,59887,1,46.835625196399995,40-50,45-70,30-60
0,59923,1,19.152223628659705,15-20,10-20,60-90.1
0,59947,1,16.348250525921713,15-20,10-20,60-90.1
0,59962,1,30.787509195754897,30-40,30-45,30-60
0,59969,1,23.94745965707454,20-25,20-30,60-90.1
0,60004,1,34.83272255083017,30-40,30-45,30-60
0,60010,1,27.57800954765309,25-30,20-30,60-90.1
0,60033,1,33.29726090286751,30-40,30-45,30-60
0,60038,1,24.89714345802314,20-25,20-30,60-90.1
0,60059,1,11.820802034264435,10-15,10-20,0-30
0,60095,1,20.501963017906327,20-25,20-30,30-60
0,60114,1,20.662750093714912,20-25,20-30,30-60
0,60135,1,23.90670009996019,20-25,20-30,30-60
0,60138,1,17.702114725103584,15-20,10-20,30-60
0,60144,1,20.709646273367987,20-25,20-30,60-90.1
0,60166,1,25.225318835423415,25-30,20-30,0-30
0,60189,1,18.164269081063875,15-20,10-20,30-60
0,60193,1,29.405110864685966,25-30,20-30,30-60
0,60199,1,15.211853441202361,15-20,10-20,60-90.1
0,60213,1,17.455783711914744,15-20,10-20,60-90.1
0,60224,1,33.32824171822739,30-40,30-45,60-90.1
0,60269,1,9.800200581699285,0-10,,0-30
0,60295,1,9.813610608675608,0-10,,0-30
0,60336,1,19.456393545586867,15-20,10-20,30-60
0,60433,1,22.27571271212925,20-25,20-30,30-60
0,60440,1,29.578157648771338,25-30,20-30,30-60
0,60468,1,26.55757073631843,25-30,20-30,30-60
0,60483,1,43.60323610356218,40-50,30-45,30-60
0,60504,1,40.05299368426174,40-50,30-45,0-30
0,60554,1,27.389828977057775,25-30,20-30,30-60
0,60575,1,13.998136826651859,10-15,10-20,60-90.1
0,60580,1,12.907989649392757,10-15,10-20,0-30
0,60593,1,17.72416014073528,15-20,10-20,60-90.1
0,60640,1,15.331485072005881,15-20,10-20,30-60
0,60672,1,27.378834080726353,25-30,20-30,30-60
0,60686,1,12.296934486866014,10-15,10-20,30-60
0,60695,1,24.121651546939955,20-25,20-30,30-60
0,60698,1,19.927631305508605,15-20,10-20,0-30
0,60746,1,35.128976718528435,30-40,30-45,30-60
0,60758,1,11.532388402281565,10-15,10-20,30-60
0,60764,1,22.343747684603514,20-25,20-30,0-30
0,60768,1,15.092736547198246,15-20,10-20,60-90.1
0,60780,1,18.820461707811422,15-20,10-20,30-60
0,60789,1,38.67457926765349,30-40,30-45,60-90.1
0,60814,1,31.49573496746043,30-40,30-45,60-90.1
0,60817,1,28.888462943268248,25-30,20-30,30-60
0,60838,1,22.766001879419267,20-25,20-30,30-60
0,60870,1,17.245830697397498,15-20,10-20,30-60
0,60872,1,10.73007149138419,10-15,10-20,0-30
0,60910,1,33.06966105127055,30-40,30-45,60-90.1
0,60942,1,20.712038410307652,20-25,20-30,30-60
0,60946,1,17.311371856587535,15-20,10-20,60-90.1
0,60953,1,28.163270640765045,25-30,20-30,30-60
0,60970,1,25.317700991235053,25-30,20-30,30-60
0,60979,1,35.61295766608802,30-40,30-45,0-30
0,60996,1,21.465261800665083,20-25,20-30,0-30
0,61008,1,33.41671137563824,30-40,30-45,60-90.1
0,61079,1,30.407096352349818,30-40,30-45,30-60
0,61112,1,14.335375000915782,10-15,10-20,60-90.1
0,61158,1,23.597640595329885,20-25,20-30,60-90.1
0,61161,1,17.07292923488733,15-20,10-20,60-90.1
0,61172,1,25.309839015552615,25-30,20-30,30-60
0,61186,1,20.270948191125644,20-25,20-30,60-90.1
0,61212,1,14.537276890971462,10-15,10-20,60-90.1
0,61229,1,11.807600822972493,10-15,10-20,60-90.1
0,61240,1,30.016245891054332,30-40,30-45,60-90.1
0,61244,1,14.746678677722482,10-15,10-20,60-90.1
0,61254,1,20.93648565417343,20-25,20-30,60-90.1
0,61272,1,36.24430850459601,30-40,30-45,30-60
0,61315,1,39.84589591458048,30-40,30-45,30-60
0,61401,1,15.482203367795186,15-20,10-20,60-90.1
0,61404,1,11.840724088519062,10-15,10-20,30-60
0,61416,1,47.885530097211934,40-50,45-70,30-60
0,61451,1,44.95453066713384,40-50,30-45,30-60
0,61458,1,27.183397628959973,25-30,20-30,30-60
0,61461,1,24.292854115505197,20-25,20-30,30-60
0,61496,1,37.18725460893012,30-40,30-45,0-30
0,61549,1,31.010938388193832,30-40,30-45,60-90.1
0,61553,1,23.40402422601791,20-25,20-30,0-30
0,61608,1,11.945466402577685,10-15,10-20,0-30
0,61640,1,18.03233324798091,15-20,10-20,60-90.1
0,61645,1,13.871061243276246,10-15,10-20,30-60
0,61670,1,16.343021669664914,15-20,10-20,60-90.1
0,61694,1,19.35390819100904,15-20,10-20,30-60
0,61714,1,28.167367536464127,25-30,20-30,30-60
0,61725,1,16.837465195413078,15-20,10-20,60-90.1
0,61758,1,18.21194963723131,15-20,10-20,60-90.1
0,61769,1,22.28507295557324,20-25,20-30,30-60
0,61788,1,13.057829862484018,10-15,10-20,60-90.1
0,61796,1,20.358758547455576,20-25,20-30,30-60
0,61800,1,16.939313833079293,15-20,10-20,30-60
0,61807,1,10.40672692150777,10-15,10-20,30-60
0,61825,1,41.31439366745195,40-50,30-45,30-60
0,61840,1,9.809042460800935,0-10,,0-30
0,61867,1,24.15924809288019,20-25,20-30,30-60
0,61872,1,10.20805392791351,10-15,10-20,0-30
0,61874,1,32.297823282559946,30-40,30-45,60-90.1
0,61879,1,21.04885999851465,20-25,20-30,30-60
0,61902,1,31.849546461835423,30-40,30-45,60-90.1
0,61931,1,32.376395090841015,30-40,30-45,60-90.1
0,61934,1,13.134922979081436,10-15,10-20,60-90.1
0,61960,1,21.150314054414345,20-25,20-30,60-90.1
0,62002,1,14.715023213047584,10-15,10-20,60-90.1
0,62012,1,22.082838622656897,20-25,20-30,30-60
0,62017,1,41.613795439483475,40-50,30-45,60-90.1
0,62021,1,29.79293820532093,25-30,20-30,30-60
0,62029,1,18.460810167926528,15-20,10-20,60-90.1
0,62082,1,39.368657688054036,30-40,30-45,30-60
0,62086,1,27.999527681579455,25-30,20-30,30-60
0,62089,1,25.374191779231715,25-30,20-30,0-30
0,62155,1,20.713368215876866,20-25,20-30,30-60
0,62168,1,20.44770666698924,20-25,20-30,30-60
0,62195,1,26.242560615669134,25-30,20-30,30-60
0,62206,1,21.230826306570197,20-25,20-30,60-90.1
0,62213,1,12.075115712663218,10-15,10-20,30-60
0,62219,1,23.970817578977634,20-25,20-30,0-30
0,62281,1,31.324503201663155,30-40,30-45,60-90.1
0,62288,1,32.902860130875645,30-40,30-45,60-90.1
0,62297,1,34.853963852420165,30-40,30-45,30-60
0,62361,0,42.96439707378199,40-50,30-45,60-90.1
0,62398,0,44.99003568880618,40-50,30-45,60-90.1
0,62411,1,19.18565284226233,15-20,10-20,30-60
0,62414,1,10.599703500687706,10-15,10-20,0-30
0,62437,1,46.91962529504156,40-50,45-70,30-60
0,62471,1,27.504014207765742,25-30,20-30,30-60
0,62484,1,43.84326466995157,40-50,30-45,30-60
0,62487,1,24.640078338484262,20-25,20-30,30-60
0,62512,1,35.05502467804029,30-40,30-45,0-30
0,62523,1,32.33655005096146,30-40,30-45,30-60
0,62558,1,26.723986998007245,25-30,20-30,30-60
0,62561,1,24.335396550472332,20-25,20-30,30-60
0,62594,1,13.954221201297818,10-15,10-20,30-60
0,62618,1,12.799267430477293,10-15,10-20,30-60
0,62629,1,15.289225127648468,15-20,10-20,60-90.1
0,62643,1,17.74348891097892,15-20,10-20,60-90.1
0,62678,1,23.741656012651145,20-25,20-30,30-60
0,62684,1,22.292022138721315,20-25,20-30,60-90.1
0,62704,1,23.367879349074553,20-25,20-30,30-60
0,62737,1,19.613673872930978,15-20,10-20,30-60
0,62739,1,18.073959531216932,15-20,10-20,60-90.1
0,62749,1,21.512899224855843,20-25,20-30,60-90.1
0,62760,1,23.969213646538627,20-25,20-30,0-30
0,62782,1,15.753974700301764,15-20,10-20,60-90.1
0,62811,1,36.25698156355416,30-40,30-45,0-30
0,62822,1,14.894058568034161,10-15,10-20,60-90.1
0,62826,1,11.47579782543518,10-15,10-20,30-60
0,62829,1,18.662426120732523,15-20,10-20,30-60
0,62875,1,26.130851233938138,25-30,20-30,30-60
0,62894,1,22.832393204020477,20-25,20-30,30-60
0,62946,1,27.136946307068,25-30,20-30,60-90.1
0,62961,1,24.267908354685154,20-25,20-30,60-90.1
0,62964,1,15.779383913000897,15-20,10-20,30-60
0,62967,1,10.029616138229013,10-15,10-20,30-60
0,63018,1,17.449910223839357,15-20,10-20,60-90.1
0,63046,1,29.35237664300378,25-30,20-30,30-60
0,63101,1,16.521560048546114,15-20,10-20,60-90.1
0,63117,1,38.24920781075495,30-40,30-45,30-60
0,63141,1,12.763679035049464,10-15,10-20,0-30
0,63177,1,16.552964388789015,15-20,10-20,60-90.1
0,63216,1,19.054786589508,15-20,10-20,30-60
0,63234,1,13.627503169515403,10-15,10-20,60-90.1
0,63239,1,26.836866525902455,25-30,20-30,30-60
0,63261,1,28.156277252697304,25-30,20-30,30-60
0,63263,1,24.971846261479953,20-25,20-30,0-30
0,63269,1,12.535865313339844,10-15,10-20,60-90.1
0,63299,1,19.8329402608037,15-20,10-20,60-90.1
0,63314,1,21.28753954244674,20-25,20-30,0-30
0,63351,1,11.11654018548624,10-15,10-20,0-30
0,63366,1,10.405257451688074,10-15,10-20,30-60
0,63372,1,27.383540940768146,25-30,20-30,60-90.1
0,63398,1,23.31338679956901,20-25,20-30,30-60
0,63418,1,19.850264609140105,15-20,10-20,30-60
0,63459,1,43.14529835006847,40-50,30-45,60-90.1
0,63464,1,20.89549521927812,20-25,20-30,60-90.1
0,63482,1,17.285007936827018,15-20,10-20,60-90.1
0,63485,1,14.540342170986195,10-15,10-20,30-60
0,63503,1,10.600015120487535,10-15,10-20,60-90.1
0,63537,1,31.853160677442613,30-40,30-45,0-30
0,63548,1,14.36509942965785,10-15,10-20,60-90.1
0,63553,1,26.052979699328283,25-30,20-30,30-60
0,63557,1,22.402483978929222,20-25,20-30,60-90.1
0,63568,1,39.26523378480503,30-40,30-45,60-90.1
0,63569,1,36.54051222965097,30-40,30-45,30-60
0,63574,1,12.408067756910343,10-15,10-20,30-60
0,63578,1,19.20621316607105,15-20,10-20,60-90.1
0,63603,1,36.74994080603704,30-40,30-45,30-60
0,63677,1,21.320718228875172,20-25,20-30,30-60
0,63738,1,23.32166411512772,20-25,20-30,30-60
0,63832,1,37.698896396539205,30-40,30-45,30-60
0,63839,1,20.24292473532216,20-25,20-30,30-60
0,63844,1,16.03815278970302,15-20,10-20,60-90.1
0,63845,1,12.660483341670314,10-15,10-20,0-30
0,63857,1,39.90215950644955,30-40,30-45,30-60
0,63867,1,41.51655939328371,40-50,30-45,30-60
0,63878,1,9.444899174834042,0-10,,0-30
0,63881,1,42.85742288186563,40-50,30-45,60-90.1
0,63921,1,27.75209159098681,25-30,20-30,30-60
0,63932,1,34.082599017850065,30-40,30-45,0-30
0,63939,1,11.411060999882125,10-15,10-20,60-90.1
0,64040,1,13.602479434689677,10-15,10-20,60-90.1
0,64050,1,16.850666826931196,15-20,10-20,60-90.1
0,64097,1,24.162399840802603,20-25,20-30,30-60
0,64112,1,14.71246341468847,10-15,10-20,60-90.1
0,64125,1,12.021500374056657,10-15,10-20,0-30
0,64147,1,21.21799773039405,20-25,20-30,60-90.1
0,64152,1,24.935568291192123,20-25,20-30,0-30
0,64156,1,23.779175913040888,20-25,20-30,30-60
0,64161,1,14.073092849349566,10-15,10-20,30-60
0,64162,1,28.970147034176968,25-30,20-30,60-90.1
0,64183,1,17.75953710984496,15-20,10-20,60-90.1
0,64185,1,31.176035132500445,30-40,30-45,60-90.1
0,64192,1,21.136542144153157,20-25,20-30,30-60
0,64193,1,33.09869777621487,30-40,30-45,60-90.1
0,64248,1,11.414059923152024,10-15,10-20,30-60
0,64303,1,30.17853029877976,30-40,30-45,30-60
0,64317,1,23.649803287641223,20-25,20-30,60-90.1
0,64322,1,38.068647114672984,30-40,30-45,60-90.1
0,64332,1,20.59939847211234,20-25,20-30,60-90.1
0,64358,1,37.073211373053866,30-40,30-45,30-60
0,64362,1,17.668326102066718,15-20,10-20,30-60
0,64372,1,15.104532534430085,15-20,10-20,60-90.1
0,64386,1,34.864256245775294,30-40,30-45,30-60
0,64398,1,11.27277607152731,10-15,10-20,0-30
0,64427,1,17.987836701530334,15-20,10-20,60-90.1
0,64454,1,18.817194199818125,15-20,10-20,30-60
0,64482,1,21.10647680755879,20-25,20-30,30-60
0,64503,1,16.39668654118031,15-20,10-20,60-90.1
0,64522,1,18.855429743093282,15-20,10-20,60-90.1
0,64525,1,26.97273568919769,25-30,20-30,30-60
0,64584,1,34.89085382416051,30-40,30-45,30-60
0,64587,1,21.861045736388096,20-25,20-30,0-30
0,64602,1,18.301026211947434,15-20,10-20,30-60
0,64606,1,14.060435126933404,10-15,10-20,60-90.1
0,64644,1,9.78487321645114,0-10,,0-30
0,64670,1,9.30202185235428,0-10,,0-30
0,64680,1,37.98080427456234,30-40,30-45,60-90.1
0,64730,1,34.91460437758932,30-40,30-45,30-60
0,64754,1,34.11476034663094,30-40,30-45,30-60
0,64798,1,12.073083001914915,10-15,10-20,30-60
0,64806,1,11.711934562109983,10-15,10-20,0-30
0,64812,1,15.20159022939235,15-20,10-20,60-90.1
0,64848,1,21.78873152745285,20-25,20-30,30-60
0,64877,1,13.013498780110217,10-15,10-20,0-30
0,64879,1,25.08895007393951,25-30,20-30,30-60
0,64881,1,23.033243421465077,20-25,20-30,30-60
0,64920,1,20.935508256830424,20-25,20-30,60-90.1
0,64926,1,24.04090295997456,20-25,20-30,30-60
0,64984,1,35.969976023782465,30-40,30-45,60-90.1
0,65023,1,38.149515198655116,30-40,30-45,60-90.1
0,65035,1,37.9953168768845,30-40,30-45,60-90.1
0,65057,1,25.9722976143573,25-30,20-30,60-90.1
0,65065,1,32.87765706831802,30-40,30-45,30-60
0,65068,1,22.303687175015472,20-25,20-30,60-90.1
0,65117,1,16.846312487159768,15-20,10-20,60-90.1
0,65135,1,33.574538093274484,30-40,30-45,30-60
0,65188,1,19.290198459781866,15-20,10-20,30-60
0,65260,1,24.618526292355046,20-25,20-30,0-30
0,65288,1,16.13032585932215,15-20,10-20,60-90.1
0,65299,1,19.349851488736387,15-20,10-20,60-90.1
0,65325,1,20.523114468914457,20-25,20-30,0-30
0,65327,1,16.113456718115476,15-20,10-20,60-90.1
0,65332,1,11.767414195986648,10-15,10-20,30-60
0,65347,1,36.67290714359543,30-40,30-45,60-90.1
0,65352,1,18.29854211869573,15-20,10-20,30-60
0,65394,1,28.51025808917159,25-30,20-30,30-60
0,65430,1,33.27910924278599,30-40,30-45,30-60
0,65433,1,18.793439424365577,15-20,10-20,60-90.1
0,65442,1,34.53410360868649,30-40,30-45,30-60
0,65515,1,13.750741490312574,10-15,10-20,30-60
0,65546,1,20.1010603599935,20-25,20-30,60-90.1
0,65547,1,22.701449074215823,20-25,20-30,30-60
0,65560,1,13.986611839665935,10-15,10-20,30-60
0,65573,1,17.6604968926675,15-20,10-20,60-90.1
0,65586,1,13.233363840146101,10-15,10-20,30-60
0,65588,1,25.755125441625605,25-30,20-30,30-60
0,65599,1,27.228357700970452,25-30,20-30,30-60
0,65633,1,28.909762384774137,25-30,20-30,30-60
0,65636,1,23.436544913111597,20-25,20-30,30-60
0,65650,1,30.460623486860353,30-40,30-45,60-90.1
0,65712,1,16.438937078987106,15-20,10-20,60-90.1
0,65758,1,31.193867769752973,30-40,30-45,30-60
0,65813,1,31.6383986072783,30-40,30-45,30-60
0,65827,1,31.346395645934216,30-40,30-45,0-30
0,65829,1,32.692570760453265,30-40,30-45,60-90.1
0,65871,1,14.866783852064074,10-15,10-20,30-60
0,65887,1,17.279765964297997,15-20,10-20,60-90.1
0,65926,1,22.50953440879432,20-25,20-30,30-60
0,65928,1,13.448527472558006,10-15,10-20,0-30
0,65956,1,20.571590250274205,20-25,20-30,60-90.1
0,65982,1,19.323007376081275,15-20,10-20,60-90.1
0,65987,1,32.01970910173364,30-40,30-45,60-90.1
0,66000,1,13.521902063995604,10-15,10-20,60-90.1
0,66012,1,9.820160624819348,0-10,,0-30
0,66079,1,24.21918678049555,20-25,20-30,60-90.1
0,66104,1,20.35140545453198,20-25,20-30,60-90.1
0,66110,1,33.02571127789004,30-40,30-45,0-30
0,66132,1,17.092481844483945,15-20,10-20,60-90.1
0,66173,1,31.036638466120408,30-40,30-45,30-60
0,66203,1,15.258313999341196,15-20,10-20,60-90.1
0,66235,1,19.656594286549673,15-20,10-20,30-60
0,66247,1,14.047586140197872,10-15,10-20,60-90.1
0,66257,1,20.726297799867,20-25,20-30,60-90.1
0,66297,1,14.525925828111898,10-15,10-20,30-60
0,66300,1,24.06232879300888,20-25,20-30,0-30
0,66323,1,17.01555231203137,15-20,10-20,60-90.1
0,66345,1,19.5946276773411,15-20,10-20,30-60
0,66359,1,19.540265296316456,15-20,10-20,30-60
0,66376,1,18.183096505534856,15-20,10-20,30-60
0,66380,1,11.721487958245662,10-15,10-20,30-60
0,66397,1,14.365350668384982,10-15,10-20,60-90.1
0,66404,1,16.539309991817895,15-20,10-20,30-60
0,66418,1,12.503627113502178,10-15,10-20,30-60
0,66442,1,11.562386057988343,10-15,10-20,30-60
0,66450,1,27.124439026345843,25-30,20-30,30-60
0,66458,1,33.09811820161718,30-40,30-45,30-60
0,66484,1,11.89783722813552,10-15,10-20,30-60
0,66488,1,30.60936357328246,30-40,30-45,30-60
0,66515,1,15.245475373034834,15-20,10-20,60-90.1
0,66541,1,28.80257196509367,25-30,20-30,30-60
0,66567,1,12.599784948135156,10-15,10-20,30-60
0,66623,1,23.382296349867275,20-25,20-30,30-60
0,66640,1,17.277388748080988,15-20,10-20,60-90.1
0,66648,1,25.623471244691885,25-30,20-30,30-60
0,66685,1,22.974843331198716,20-25,20-30,30-60
0,66715,1,32.44941728087696,30-40,30-45,60-90.1
0,66727,1,32.882930409901604,30-40,30-45,30-60
0,66740,1,32.48696193444625,30-40,30-45,30-60
0,66741,1,14.284791523388073,10-15,10-20,30-60
0,66755,1,12.66945132649232,10-15,10-20,30-60
0,66758,1,29.132118638433496,25-30,20-30,30-60
0,66763,1,22.864529202672067,20-25,20-30,60-90.1
0,66813,1,31.112074940697315,30-40,30-45,30-60
0,66823,1,29.053440838900897,25-30,20-30,0-30
0,66838,1,11.521558810002798,10-15,10-20,30-60
0,66872,1,14.031165460207278,10-15,10-20,0-30
0,66878,1,16.469359373916742,15-20,10-20,60-90.1
0,66892,1,16.82943415985135,15-20,10-20,60-90.1
0,66918,1,12.653820290137546,10-15,10-20,0-30
0,66925,1,14.43967786702331,10-15,10-20,60-90.1
0,66945,1,22.05257893043585,20-25,20-30,30-60
0,66948,1,13.781612737312853,10-15,10-20,0-30
0,66974,1,23.702237054121024,20-25,20-30,30-60
0,66976,1,20.10027862568768,20-25,20-30,60-90.1
0,66978,1,13.585720981005108,10-15,10-20,60-90.1
0,66996,1,16.706698124357512,15-20,10-20,60-90.1
0,67078,1,19.845392025588918,15-20,10-20,60-90.1
0,67092,1,28.874098526659132,25-30,20-30,30-60
0,67095,1,16.47607212466826,15-20,10-20,60-90.1
0,67130,1,29.38361296790724,25-30,20-30,60-90.1
0,67159,1,12.085259496396288,10-15,10-20,0-30
0,67185,1,14.569972408467201,10-15,10-20,30-60
0,67204,1,20.571243594720507,20-25,20-30,30-60
0,67217,1,19.929471561810193,15-20,10-20,30-60
0,67277,1,26.544412837690018,25-30,20-30,30-60
0,67304,1,23.346294377011333,20-25,20-30,30-60
0,67317,1,16.89782270792242,15-20,10-20,60-90.1
0,67331,1,17.579053931294176,15-20,10-20,60-90.1
0,67367,1,25.170361126315033,25-30,20-30,60-90.1
0,67387,1,21.88198705706796,20-25,20-30,60-90.1
0,67405,1,30.006736668860114,30-40,30-45,0-30
0,67432,1,27.412489839303646,25-30,20-30,30-60
0,67441,1,26.34737102505187,25-30,20-30,30-60
0,67453,1,27.36744565946405,25-30,20-30,30-60
0,67463,1,12.744593817208166,10-15,10-20,30-60
0,67504,1,17.789111548055587,15-20,10-20,30-60
0,67521,1,13.720127452303144,10-15,10-20,0-30
0,67523,1,23.462375959778676,20-25,20-30,30-60
0,67537,1,22.132551549907394,20-25,20-30,30-60
0,67538,1,17.21784895230031,15-20,10-20,60-90.1
0,67543,1,24.905429417567618,20-25,20-30,30-60
0,67576,1,23.712597330462117,20-25,20-30,0-30
0,67578,1,20.086796706782152,20-25,20-30,60-90.1
0,67589,1,27.84803856940441,25-30,20-30,30-60
0,67609,1,23.63143724141004,20-25,20-30,30-60
0,67626,1,17.148878724587735,15-20,10-20,60-90.1
0,67636,1,15.077136728372516,15-20,10-20,60-90.1
0,67672,1,26.72317316112791,25-30,20-30,30-60
0,67686,1,18.371910962920367,15-20,10-20,60-90.1
0,67780,1,17.5648870853401,15-20,10-20,60-90.1
0,67809,1,14.816300664198145,10-15,10-20,30-60
0,67827,1,12.149072272335964,10-15,10-20,30-60
0,67849,1,13.362948658378729,10-15,10-20,60-90.1
0,67856,1,17.47678537799134,15-20,10-20,60-90.1
0,67889,1,20.70471812120651,20-25,20-30,60-90.1
0,67912,1,28.917310257455977,25-30,20-30,30-60
0,67915,1,24.048939462680398,20-25,20-30,0-30
0,67937,1,29.234622674134993,25-30,20-30,60-90.1
0,67948,1,12.482617689642376,10-15,10-20,60-90.1
0,67968,1,22.83330118336804,20-25,20-30,60-90.1
0,67973,1,29.182296851600174,25-30,20-30,0-30
0,68003,1,14.814043208004758,10-15,10-20,30-60
0,68010,1,26.120060576091834,25-30,20-30,30-60
0,68015,1,27.724125977480952,25-30,20-30,30-60
0,68053,1,13.015389500773729,10-15,10-20,30-60
0,68068,1,14.422795622036404,10-15,10-20,0-30
0,68073,1,15.15889206985917,15-20,10-20,30-60
0,68089,1,20.984954794503196,20-25,20-30,30-60
0,68097,1,19.521500762137418,15-20,10-20,60-90.1
0,68107,1,22.81676367979474,20-25,20-30,30-60
0,68146,1,25.380740525901366,25-30,20-30,30-60
0,68156,1,13.559705890808264,10-15,10-20,60-90.1
0,68159,1,24.216375773042813,20-25,20-30,30-60
0,68173,1,14.098723115130282,10-15,10-20,30-60
0,68184,1,21.26210874206425,20-25,20-30,60-90.1
0,68196,1,14.182297482374342,10-15,10-20,60-90.1
0,68209,1,24.000809862045372,20-25,20-30,0-30
0,68232,1,28.303905923089484,25-30,20-30,30-60
0,68254,1,24.537085225275305,20-25,20-30,30-60
0,68258,1,19.90600012930235,15-20,10-20,60-90.1
0,68280,1,27.76100870814237,25-30,20-30,30-60
0,68301,1,24.812182958361774,20-25,20-30,30-60
0,68304,1,25.996120885894232,25-30,20-30,60-90.1
0,68315,1,24.105267844597318,20-25,20-30,60-90.1
0,68328,1,13.28650625201358,10-15,10-20,60-90.1
0,68331,1,12.071104283997334,10-15,10-20,0-30
0,68393,1,14.461270596763773,10-15,10-20,60-90.1
0,68398,1,23.664857354778526,20-25,20-30,30-60
0,68406,1,21.377142813455137,20-25,20-30,30-60
0,68442,1,27.05350484667044,25-30,20-30,30-60
0,68472,1,20.885200217858557,20-25,20-30,60-90.1
0,68485,1,12.547504552794615,10-15,10-20,30-60
0,68500,1,12.425835241592546,10-15,10-20,30-60
0,68554,1,16.119089676245085,15-20,10-20,30-60
0,68562,1,24.410603703045194,20-25,20-30,30-60
0,68585,1,23.183874460821347,20-25,20-30,30-60
0,68631,1,18.107997344366943,15-20,10-20,60-90.1
0,68642,1,16.85793308426999,15-20,10-20,30-60
0,68663,1,12.03559527069975,10-15,10-20,30-60
0,68702,1,16.95021446385369,15-20,10-20,60-90.1
0,68732,1,23.556017797878077,20-25,20-30,30-60
0,68750,1,26.60809784117423,25-30,20-30,60-90.1
0,68778,1,23.025770679814638,20-25,20-30,30-60
0,68789,1,26.352032889531195,25-30,20-30,30-60
0,68809,1,26.821371756628714,25-30,20-30,30-60
0,68820,1,20.752472152767353,20-25,20-30,60-90.1
0,68854,1,25.46151288818473,25-30,20-30,60-90.1
0,68896,1,13.024027032478699,10-15,10-20,0-30
0,68906,1,14.283677889834143,10-15,10-20,30-60
0,68915,1,15.494703812405291,15-20,10-20,0-30
0,68925,1,19.827079190158596,15-20,10-20,30-60
0,68978,1,24.287073777100957,20-25,20-30,30-60
0,68979,1,21.553933514263154,20-25,20-30,30-60
0,68988,1,12.03228962107857,10-15,10-20,0-30
0,68994,1,17.493606396329454,15-20,10-20,60-90.1
0,69011,1,25.668924368455695,25-30,20-30,30-60
0,69014,1,17.16688043689064,15-20,10-20,60-90.1
0,69018,1,22.997599116678455,20-25,20-30,30-60
0,69021,1,11.595639386648037,10-15,10-20,0-30
0,69042,1,20.42971433942465,20-25,20-30,60-90.1
0,69046,1,12.837994776526974,10-15,10-20,0-30
0,69071,1,12.73107737283083,10-15,10-20,30-60
0,69103,1,25.671843319411877,25-30,20-30,30-60
0,69106,1,21.684208163203223,20-25,20-30,60-90.1
0,69114,1,17.094829826855747,15-20,10-20,30-60
0,69138,1,22.178017612375832,20-25,20-30,30-60
0,69141,1,23.68013076066091,20-25,20-30,60-90.1
0,69181,1,15.255596099040176,15-20,10-20,60-90.1
0,69219,1,20.75514555604334,20-25,20-30,30-60
0,69220,1,17.621829425329057,15-20,10-20,60-90.1
0,69236,1,12.2301192285251,10-15,10-20,0-30
0,69240,1,22.352169886253733,20-25,20-30,30-60
0,69243,1,14.0429808400671,10-15,10-20,60-90.1
0,69307,1,17.829750414927258,15-20,10-20,60-90.1
0,69312,1,24.797417070567402,20-25,20-30,30-60
0,69313,1,22.18160357362839,20-25,20-30,30-60
0,69351,1,20.879131853572744,20-25,20-30,60-90.1
0,69357,1,24.50958834006918,20-25,20-30,30-60
0,69389,1,18.21297328061518,15-20,10-20,60-90.1
0,69404,1,21.603570232528917,20-25,20-30,60-90.1
0,69427,1,20.579970688534388,20-25,20-30,30-60
0,69429,1,21.209056622561516,20-25,20-30,30-60
0,69437,1,12.882370723173839,10-15,10-20,0-30
0,69466,1,16.867617204959473,15-20,10-20,60-90.1
0,69468,1,15.728456432749015,15-20,10-20,0-30
0,69477,1,16.15055439008991,15-20,10-20,30-60
0,69536,1,23.415489296667502,20-25,20-30,30-60
0,69537,1,20.63435359049121,20-25,20-30,60-90.1
0,69594,1,13.452239003744436,10-15,10-20,0-30
0,69618,1,18.57446011707058,15-20,10-20,60-90.1
0,69658,1,19.34840335358936,15-20,10-20,60-90.1
0,69673,1,23.365603562543225,20-25,20-30,30-60
0,69721,1,13.089599763885033,10-15,10-20,0-30
0,69732,1,14.094431453444027,10-15,10-20,30-60
0,69754,1,18.42004696663882,15-20,10-20,60-90.1
0,69774,1,17.840912047344645,15-20,10-20,60-90.1
0,69797,1,14.310075054606257,10-15,10-20,60-90.1
0,69819,1,14.13349539738824,10-15,10-20,60-90.1
0,69835,1,23.121122771714617,20-25,20-30,30-60
0,69843,1,11.962729199324556,10-15,10-20,30-60
0,69849,1,14.592647751259062,10-15,10-20,30-60
0,69874,1,23.233557648503172,20-25,20-30,30-60
0,69877,1,20.97775148993358,20-25,20-30,30-60
0,69887,1,12.179968280684614,10-15,10-20,30-60
0,69907,1,18.96373437678763,15-20,10-20,60-90.1
0,69917,1,23.35433911224123,20-25,20-30,30-60
0,69948,1,19.646744842346752,15-20,10-20,30-60
0,69957,1,21.66152016927371,20-25,20-30,60-90.1
0,69958,1,19.7170167477169,15-20,10-20,30-60
0,69986,1,13.028160386134042,10-15,10-20,30-60
0,70017,1,15.861239596259551,15-20,10-20,0-30
0,70028,1,15.278532294270425,15-20,10-20,30-60
0,70036,1,19.624538929295127,15-20,10-20,30-60
0,70045,1,21.059858201194746,20-25,20-30,30-60
0,70084,1,19.362732127075823,15-20,10-20,60-90.1
0,70126,1,15.728905548063274,15-20,10-20,60-90.1
0,70150,1,20.209606126037798,20-25,20-30,0-30
0,70174,1,19.992197628161268,15-20,10-20,0-30
0,70203,1,15.120082444884988,15-20,10-20,30-60
0,70209,1,17.102624012409017,15-20,10-20,30-60
0,70215,1,21.84714082564971,20-25,20-30,60-90.1
0,70251,1,18.54818055718579,15-20,10-20,30-60
0,70271,1,13.230470635429837,10-15,10-20,0-30
0,70283,1,14.172933089568009,10-15,10-20,30-60
0,70324,1,17.386665056682578,15-20,10-20,60-90.1
0,70330,1,21.370784364743205,20-25,20-30,30-60
0,70342,1,19.178893349237637,15-20,10-20,30-60
0,70343,1,21.406751347254545,20-25,20-30,60-90.1
0,70356,1,13.0602995910168,10-15,10-20,0-30
0,70384,1,21.451429746507824,20-25,20-30,30-60
0,70388,1,16.491271259692624,15-20,10-20,60-90.1
0,70417,1,18.293106546604413,15-20,10-20,30-60
0,70441,1,19.26219075260461,15-20,10-20,0-30
0,70445,1,18.232468033654705,15-20,10-20,0-30
0,70474,1,18.595732219277995,15-20,10-20,0-30
0,70498,1,18.721042909538706,15-20,10-20,0-30
0,70513,1,14.907990886691412,10-15,10-20,60-90.1
0,70530,1,16.330405576070255,15-20,10-20,60-90.1
0,70548,1,18.247066813113978,15-20,10-20,60-90.1
0,70562,1,19.957878950532503,15-20,10-20,30-60
0,70590,1,18.522177944770462,15-20,10-20,60-90.1
0,70607,1,14.283995616299691,10-15,10-20,30-60
0,70649,1,15.298795775220851,15-20,10-20,30-60
0,70690,1,19.762243405228837,15-20,10-20,60-90.1
0,70704,1,17.904877037835334,15-20,10-20,0-30
0,70735,1,14.044541628305016,10-15,10-20,30-60
0,70742,1,14.753220913997946,10-15,10-20,30-60
0,70755,1,14.682779184708005,10-15,10-20,0-30
0,70776,1,16.55768492790463,15-20,10-20,60-90.1
0,70781,1,19.498121082934393,15-20,10-20,30-60
0,70798,1,19.849909944331444,15-20,10-20,60-90.1
0,70806,1,17.84452299876954,15-20,10-20,30-60
0,70816,1,19.582360611656384,15-20,10-20,60-90.1
0,70817,1,17.746453482096598,15-20,10-20,30-60
0,70833,1,18.212208690979534,15-20,10-20,0-30
0,70856,1,13.723125179003565,10-15,10-20,0-30
0,70906,1,15.232117271982144,15-20,10-20,0-30
0,70930,1,16.39334518444646,15-20,10-20,60-90.1
0,70992,1,17.448709439293832,15-20,10-20,0-30
0,70999,1,14.96281903394959,10-15,10-20,30-60
0,71017,1,14.42098351654368,10-15,10-20,0-30
0,71023,1,15.995426873557612,15-20,10-20,30-60
0,71038,1,17.221053343066522,15-20,10-20,60-90.1
0,71060,1,17.772063161037728,15-20,10-20,60-90.1
0,71070,1,16.340505607203795,15-20,10-20,30-60
0,71096,1,17.803700389714017,15-20,10-20,60-90.1
0,71108,1,17.398205946484005,15-20,10-20,0-30
0,71145,1,14.802155910613177,10-15,10-20,0-30
0,71167,1,14.92902306821607,10-15,10-20,0-30
0,71180,1,15.42245804805878,15-20,10-20,0-30
0,71193,1,17.250644566930973,15-20,10-20,60-90.1
0,71201,1,15.708824557963334,15-20,10-20,30-60
0,71214,1,15.80797520153988,15-20,10-20,30-60
0,71229,1,14.642424964781949,10-15,10-20,0-30
0,71241,1,15.210744646551749,15-20,10-20,0-30
0,71256,1,14.886161321690748,10-15,10-20,0-30
0,71271,1,15.730640139424477,15-20,10-20,0-30
0,71286,1,15.0156785862959,15-20,10-20,0-30
0,71305,1,15.84777277392358,15-20,10-20,30-60
0,71373,0,47.99005281114646,40-50,45-70,60-90.1
0,71460,1,11.266721349312824,10-15,10-20,60-90.1
1,16,1,10.504952847987594,10-15,10-20,0-30
1,36,1,10.490300412787084,10-15,10-20,30-60
1,44,1,11.997610307515117,10-15,10-20,30-60
1,66,1,11.33918147468247,10-15,10-20,0-30
1,69,1,11.540419147331976,10-15,10-20,0-30
1,72,1,12.616636503114117,10-15,10-20,30-60
1,100,1,10.797385610374981,10-15,10-20,0-30
1,129,1,10.346246233903752,10-15,10-20,0-30
1,154,1,11.08610282671998,10-15,10-20,60-90.1
1,156,1,10.142893858289199,10-15,10-20,0-30
1,166,1,11.955529326018329,10-15,10-20,0-30
1,185,1,11.920082357853651,10-15,10-20,0-30
1,211,1,11.365056713950601,10-15,10-20,0-30
1,225,1,12.7653738620126,10-15,10-20,60-90.1
1,232,1,10.752259360966296,10-15,10-20,0-30
1,250,1,10.478537735658504,10-15,10-20,0-30
1,263,1,9.995205304440633,0-10,,0-30
1,293,1,10.367237906414838,10-15,10-20,0-30
1,315,1,11.791920446566131,10-15,10-20,0-30
1,341,1,14.010473749284625,10-15,10-20,30-60
1,342,1,12.398168315716653,10-15,10-20,0-30
1,397,1,13.092423078987986,10-15,10-20,60-90.1
1,410,1,13.341773462930433,10-15,10-20,30-60
1,413,1,10.276240611296215,10-15,10-20,0-30
1,433,1,12.222214023115429,10-15,10-20,60-90.1
1,438,1,10.054265130218015,10-15,10-20,0-30
1,470,1,12.357613328241385,10-15,10-20,30-60
1,479,1,12.2564520960769,10-15,10-20,0-30
1,511,1,11.783983425740603,10-15,10-20,0-30
1,512,1,12.58034760579782,10-15,10-20,30-60
1,529,1,12.278750265481754,10-15,10-20,0-30
1,533,1,14.221374596455657,10-15,10-20,60-90.1
1,549,1,15.517751767278906,15-20,10-20,30-60
1,550,1,12.713361773054878,10-15,10-20,0-30
1,573,1,12.166187364075283,10-15,10-20,30-60
1,575,1,15.421973253459937,15-20,10-20,60-90.1
1,581,1,14.873282071250621,10-15,10-20,30-60
1,590,1,11.628414242518055,10-15,10-20,30-60
1,609,1,11.676448699279621,10-15,10-20,0-30
1,659,1,10.309839990513446,10-15,10-20,0-30
1,695,1,14.227518099246772,10-15,10-20,60-90.1
1,699,1,14.012127718354657,10-15,10-20,30-60
1,704,1,13.859368478461862,10-15,10-20,30-60
1,724,1,12.073042760169875,10-15,10-20,0-30
1,810,1,12.674379650115084,10-15,10-20,30-60
1,821,1,15.121668938904172,15-20,10-20,30-60
1,827,1,12.207147472466081,10-15,10-20,0-30
1,844,1,11.150241898794029,10-15,10-20,0-30
1,855,1,10.587500918260655,10-15,10-20,0-30
1,873,1,10.337048635785022,10-15,10-20,0-30
1,877,1,12.016052843858136,10-15,10-20,60-90.1
1,886,1,13.231690933543245,10-15,10-20,30-60
1,900,1,13.852457311716691,10-15,10-20,30-60
1,913,1,14.217282115517056,10-15,10-20,30-60
1,936,1,14.349520609799104,10-15,10-20,60-90.1
1,944,1,16.159546776044042,15-20,10-20,0-30
1,987,1,16.67261107788553,15-20,10-20,0-30
1,990,1,13.129971533982378,10-15,10-20,0-30
1,994,1,16.5979765708469,15-20,10-20,30-60
1,1014,1,13.819211592118325,10-15,10-20,0-30
1,1028,1,13.590704485175648,10-15,10-20,30-60
1,1059,1,15.97368306239963,15-20,10-20,30-60
1,1069,1,15.142614355640065,15-20,10-20,60-90.1
1,1075,1,11.314371847814895,10-15,10-20,0-30
1,1078,1,14.148763037768623,10-15,10-20,30-60
1,1113,1,14.262099126212402,10-15,10-20,30-60
1,1124,1,13.973434671579207,10-15,10-20,30-60
1,1159,1,17.51136135887666,15-20,10-20,60-90.1
1,1164,1,15.127033557779354,15-20,10-20,60-90.1
1,1170,1,16.30107359686396,15-20,10-20,30-60
1,1176,1,13.61251310801228,10-15,10-20,60-90.1
1,1189,1,15.292688625453637,15-20,10-20,30-60
1,1204,1,18.442617555758037,15-20,10-20,30-60
1,1228,1,18.42771012409733,15-20,10-20,60-90.1
1,1250,1,18.055607974361973,15-20,10-20,60-90.1
1,1254,1,17.79219139214647,15-20,10-20,60-90.1
1,1316,1,17.036242449098427,15-20,10-20,30-60
1,1330,1,10.945512928541328,10-15,10-20,0-30
1,1346,1,10.996539886405646,10-15,10-20,0-30
1,1349,1,12.177808759353612,10-15,10-20,60-90.1
1,1384,1,12.54789541588313,10-15,10-20,0-30
1,1410,1,12.983596470745365,10-15,10-20,30-60
1,1415,1,13.988043373068752,10-15,10-20,0-30
1,1454,1,16.27918392307938,15-20,10-20,60-90.1
1,1481,1,15.781441795591096,15-20,10-20,60-90.1
1,1501,1,13.909302583008825,10-15,10-20,0-30
1,1525,1,14.943436478568325,10-15,10-20,30-60
1,1545,1,18.030598375306955,15-20,10-20,60-90.1
1,1547,1,14.310894330992639,10-15,10-20,30-60
1,1559,1,12.876506370577472,10-15,10-20,30-60
1,1563,1,17.98875588385629,15-20,10-20,30-60
1,1566,1,18.61126369438957,15-20,10-20,60-90.1
1,1597,1,17.299606282979912,15-20,10-20,0-30
1,1624,1,14.881739064877266,10-15,10-20,30-60
1,1662,1,11.984565470788855,10-15,10-20,0-30
1,1677,1,12.719236776643688,10-15,10-20,0-30
1,1695,1,11.849685617363455,10-15,10-20,0-30
1,1703,1,11.81968809001337,10-15,10-20,0-30
1,1707,1,14.166392927419826,10-15,10-20,0-30
1,1727,1,13.062166841270699,10-15,10-20,30-60
1,1733,1,14.422180284759571,10-15,10-20,30-60
1,1750,1,15.155228067779692,15-20,10-20,30-60
1,1757,1,16.693013149363377,15-20,10-20,60-90.1
1,1759,1,15.988274997093189,15-20,10-20,30-60
1,1769,1,17.310560748387243,15-20,10-20,60-90.1
1,1819,1,14.959440475903422,10-15,10-20,30-60
1,1829,1,20.595346144279137,20-25,20-30,0-30
1,1869,1,14.620797679654572,10-15,10-20,60-90.1
1,1900,1,11.921904387061392,10-15,10-20,30-60
1,1946,1,11.131579481262747,10-15,10-20,0-30
1,1994,1,14.580431204071367,10-15,10-20,30-60
1,2008,1,12.393790439968132,10-15,10-20,0-30
1,2012,1,16.135237089471065,15-20,10-20,60-90.1
1,2023,1,14.223487371416892,10-15,10-20,30-60
1,2045,1,17.59540293159414,15-20,10-20,30-60
1,2050,1,18.706234066528616,15-20,10-20,60-90.1
1,2059,1,18.42940779945931,15-20,10-20,30-60
1,2062,1,20.05578134870189,20-25,20-30,60-90.1
1,2076,1,17.068564874332743,15-20,10-20,60-90.1
1,2084,1,15.572865729097483,15-20,10-20,60-90.1
1,2090,1,20.991204688578858,20-25,20-30,60-90.1
1,2098,1,14.196925184721204,10-15,10-20,30-60
1,2108,1,21.128927260805796,20-25,20-30,30-60
1,2136,1,20.561174609596513,20-25,20-30,30-60
1,2147,1,20.219992282258616,20-25,20-30,60-90.1
1,2160,1,19.556138032501405,15-20,10-20,60-90.1
1,2201,1,17.79710755629756,15-20,10-20,60-90.1
1,2205,1,20.123516937452013,20-25,20-30,60-90.1
1,2208,1,11.423736368271324,10-15,10-20,0-30
1,2219,1,18.422614266762565,15-20,10-20,30-60
1,2257,1,12.189223804626709,10-15,10-20,60-90.1
1,2272,1,12.309580383080498,10-15,10-20,30-60
1,2276,1,11.908121111690482,10-15,10-20,0-30
1,2286,1,13.8900805049245,10-15,10-20,60-90.1
1,2293,1,14.292291623482901,10-15,10-20,60-90.1
1,2336,1,16.486671522371342,15-20,10-20,30-60
1,2380,1,19.136505583465848,15-20,10-20,30-60
1,2413,1,22.176841146797855,20-25,20-30,0-30
1,2418,1,16.56541391440361,15-20,10-20,60-90.1
1,2436,1,17.209158430255325,15-20,10-20,30-60
1,2444,1,16.26185409473014,15-20,10-20,30-60
1,2458,1,21.49374247738773,20-25,20-30,30-60
1,2470,1,22.35810115783644,20-25,20-30,60-90.1
1,2518,1,17.028122405471922,15-20,10-20,30-60
1,2522,1,11.643381218509754,10-15,10-20,0-30
1,2545,1,11.906701297749343,10-15,10-20,30-60
1,2555,1,14.326690388054956,10-15,10-20,60-90.1
1,2589,1,11.98058469944514,10-15,10-20,0-30
1,2620,1,13.887999020418658,10-15,10-20,30-60
1,2634,1,15.081489079176126,15-20,10-20,30-60
1,2641,1,16.992508842427977,15-20,10-20,30-60
1,2659,1,19.092639449257348,15-20,10-20,30-60
1,2685,1,15.864271513498819,15-20,10-20,60-90.1
1,2697,1,18.6532958560469,15-20,10-20,60-90.1
1,2738,1,22.20598567469932,20-25,20-30,30-60
1,2750,1,22.172596133673267,20-25,20-30,60-90.1
1,2772,1,16.25926592629998,15-20,10-20,30-60
1,2784,1,14.831032554152188,10-15,10-20,60-90.1
1,2787,1,13.079627384769509,10-15,10-20,60-90.1
1,2795,1,12.060123384170593,10-15,10-20,30-60
1,2802,1,19.876118479227742,15-20,10-20,60-90.1
1,2819,1,17.64412715357759,15-20,10-20,30-60
1,2851,1,16.1858145212724,15-20,10-20,30-60
1,2856,1,20.390971195993025,20-25,20-30,30-60
1,2905,1,14.81454414932726,10-15,10-20,60-90.1
1,2912,1,13.006924871061672,10-15,10-20,30-60
1,2926,1,16.52250206615542,15-20,10-20,60-90.1
1,2930,1,17.21140241481652,15-20,10-20,60-90.1
1,2934,1,17.64468011812251,15-20,10-20,60-90.1
1,2941,1,18.634014158819227,15-20,10-20,60-90.1
1,2951,1,20.09000056399148,20-25,20-30,60-90.1
1,2962,1,17.982643848130856,15-20,10-20,60-90.1
1,2969,1,21.426007522667334,20-25,20-30,60-90.1
1,2975,1,20.235388956077777,20-25,20-30,30-60
1,2983,1,22.748881901602896,20-25,20-30,60-90.1
1,2996,1,20.499212287692686,20-25,20-30,30-60
1,2997,1,23.776491747227862,20-25,20-30,30-60
1,3025,1,23.529517620847496,20-25,20-30,30-60
1,3029,1,16.248880206562514,15-20,10-20,60-90.1
1,3179,1,14.307916694276411,10-15,10-20,60-90.1
1,3187,1,12.903297286785923,10-15,10-20,0-30
1,3190,1,13.347275342377177,10-15,10-20,30-60
1,3239,1,18.889100675302164,15-20,10-20,30-60
1,3246,1,15.853403959904172,15-20,10-20,60-90.1
1,3254,1,17.13226049798037,15-20,10-20,30-60
1,3299,1,16.869789778824025,15-20,10-20,60-90.1
1,3303,1,19.249272766775555,15-20,10-20,60-90.1
1,3324,1,24.20455224408143,20-25,20-30,30-60
1,3335,1,19.17348964122829,15-20,10-20,60-90.1
1,3338,1,24.034274991001986,20-25,20-30,30-60
1,3346,1,18.59946296599445,15-20,10-20,30-60
1,3360,1,17.75255004479309,15-20,10-20,0-30
1,3373,1,24.588270787596866,20-25,20-30,60-90.1
1,3400,1,21.991933845240936,20-25,20-30,60-90.1
1,3437,1,11.70366368788677,10-15,10-20,0-30
1,3448,1,21.84200296977707,20-25,20-30,60-90.1
1,3455,1,12.059859635333012,10-15,10-20,0-30
1,3471,1,13.727178576626473,10-15,10-20,30-60
1,3496,1,13.940505909826895,10-15,10-20,30-60
1,3517,1,13.292810514098555,10-15,10-20,30-60
1,3534,1,15.23162941489089,15-20,10-20,60-90.1
1,3550,1,18.780093991570798,15-20,10-20,60-90.1
1,3558,1,20.185659015964944,20-25,20-30,60-90.1
1,3607,1,19.448425110161317,15-20,10-20,30-60
1,3620,1,21.12818495322221,20-25,20-30,0-30
1,3639,1,21.770393323783637,20-25,20-30,0-30
1,3669,1,25.08485942977321,25-30,20-30,30-60
1,3709,1,24.86395610143686,20-25,20-30,60-90.1
1,3724,1,13.303450545520938,10-15,10-20,30-60
1,3751,1,16.78880676119415,15-20,10-20,0-30
1,3766,1,13.493444910613757,10-15,10-20,30-60
1,3769,1,15.291169154309298,15-20,10-20,30-60
1,3786,1,11.55527343726138,10-15,10-20,0-30
1,3797,1,25.084431023643067,25-30,20-30,30-60
1,3824,1,23.93787161240959,20-25,20-30,60-90.1
1,3835,1,17.986223828137373,15-20,10-20,60-90.1
1,3857,1,16.24553923094905,15-20,10-20,60-90.1
1,3873,1,14.981668497001325,10-15,10-20,30-60
1,3886,1,15.868526482088207,15-20,10-20,30-60
1,3927,1,17.329823172601387,15-20,10-20,60-90.1
1,3931,1,12.38592722444494,10-15,10-20,0-30
1,3947,1,21.057489779697033,20-25,20-30,60-90.1
1,3967,1,20.718909978748695,20-25,20-30,30-60
1,3971,1,21.543322332669206,20-25,20-30,30-60
1,3994,1,12.109753508375926,10-15,10-20,30-60
1,4007,1,23.206375277630087,20-25,20-30,60-90.1
1,4009,1,12.000258370213194,10-15,10-20,0-30
1,4028,1,24.248565014493295,20-25,20-30,60-90.1
1,4045,1,25.01527375392463,25-30,20-30,60-90.1
1,4064,1,13.678099247643317,10-15,10-20,30-60
1,4068,1,25.998505005724102,25-30,20-30,60-90.1
1,4114,1,26.090445697561822,25-30,20-30,30-60
1,4121,1,19.358099399895718,15-20,10-20,60-90.1
1,4150,1,17.683520536017024,15-20,10-20,30-60
1,4172,1,15.399478371952016,15-20,10-20,30-60
1,4191,1,26.86675419224614,25-30,20-30,60-90.1
1,4193,1,12.043467951276854,10-15,10-20,0-30
1,4249,1,20.441613207960696,20-25,20-30,60-90.1
1,4278,1,12.549017812839967,10-15,10-20,0-30
1,4317,1,14.28178936835362,10-15,10-20,0-30
1,4337,1,16.20008943635776,15-20,10-20,60-90.1
1,4354,1,17.941011523936577,15-20,10-20,60-90.1
1,4357,1,15.980575285211136,15-20,10-20,60-90.1
1,4370,1,14.949336380318098,10-15,10-20,60-90.1
1,4427,1,18.354757530502717,15-20,10-20,30-60
1,4435,1,23.50928855159942,20-25,20-30,60-90.1
1,4445,1,22.765170633796117,20-25,20-30,30-60
1,4466,1,19.488424795163333,15-20,10-20,30-60
1,4481,1,14.190099928364798,10-15,10-20,60-90.1
1,4486,1,12.26499006923933,10-15,10-20,0-30
1,4502,1,14.201559432875563,10-15,10-20,60-90.1
1,4504,1,22.058509100048433,20-25,20-30,30-60
1,4536,1,27.041564140052714,25-30,20-30,30-60
1,4545,1,19.277279177428227,15-20,10-20,60-90.1
1,4548,1,21.197638953212753,20-25,20-30,60-90.1
1,4562,1,14.22960890951866,10-15,10-20,30-60
1,4586,1,26.507487340443245,25-30,20-30,30-60
1,4591,1,20.884201739106487,20-25,20-30,0-30
1,4604,1,19.867339857282104,15-20,10-20,30-60
1,4676,1,11.578920822364232,10-15,10-20,0-30
1,4680,1,24.83282791180966,20-25,20-30,30-60
1,4692,1,12.184478028835414,10-15,10-20,0-30
1,4708,1,24.341315642454333,20-25,20-30,60-90.1
1,4726,1,14.042633649896981,10-15,10-20,30-60
1,4742,1,13.49820181331926,10-15,10-20,30-60
1,4764,1,15.225246004927468,15-20,10-20,30-60
1,4770,1,16.363417467689942,15-20,10-20,30-60
1,4785,1,15.943581899967938,15-20,10-20,60-90.1
1,4794,1,15.483543404312684,15-20,10-20,30-60
1,4809,1,17.887104678582723,15-20,10-20,60-90.1
1,4837,1,18.08298698711224,15-20,10-20,60-90.1
1,4858,1,11.324937826696788,10-15,10-20,0-30
1,4861,1,16.798959486430903,15-20,10-20,60-90.1
1,4879,1,17.838952704944116,15-20,10-20,30-60
1,4886,1,20.80657863999528,20-25,20-30,60-90.1
1,4894,1,12.003670500800267,10-15,10-20,0-30
1,4895,1,14.358521840239574,10-15,10-20,30-60
1,4904,1,22.294619332458446,20-25,20-30,30-60
1,4922,1,12.478447432344652,10-15,10-20,0-30
1,4930,1,24.401327176979873,20-25,20-30,60-90.1
1,4936,1,15.223910155347806,15-20,10-20,30-60
1,4939,1,24.135633228938772,20-25,20-30,30-60
1,4964,1,21.19268793567819,20-25,20-30,30-60
1,4992,1,12.563163682844019,10-15,10-20,0-30
1,5022,1,23.074978151182755,20-25,20-30,0-30
1,5029,1,16.40368085417343,15-20,10-20,60-90.1
1,5104,1,14.11777515247917,10-15,10-20,60-90.1
1,5114,1,28.340927629796635,25-30,20-30,60-90.1
1,5120,1,12.12857248773466,10-15,10-20,0-30
1,5147,1,11.705365979676976,10-15,10-20,0-30
1,5165,1,28.02075764633895,25-30,20-30,30-60
1,5171,1,23.61764145382798,20-25,20-30,60-90.1
1,5219,1,17.498804781827136,15-20,10-20,60-90.1
1,5257,1,14.035938033793611,10-15,10-20,30-60
1,5260,1,14.027313903777017,10-15,10-20,30-60
1,5331,1,19.656257924403185,15-20,10-20,60-90.1
1,5338,1,11.753260830318613,10-15,10-20,0-30
1,5363,1,13.649347973852104,10-15,10-20,60-90.1
1,5373,1,19.73083687207541,15-20,10-20,60-90.1
1,5382,1,12.192435709180417,10-15,10-20,0-30
1,5384,1,14.51632807200624,10-15,10-20,30-60
1,5420,1,25.411079395998318,25-30,20-30,60-90.1
1,5443,1,13.045542901756116,10-15,10-20,30-60
1,5452,1,25.796539794754327,25-30,20-30,60-90.1
1,5468,1,27.30732977415158,25-30,20-30,60-90.1
1,5488,1,23.02217734827023,20-25,20-30,0-30
1,5490,1,28.2645960785328,25-30,20-30,60-90.1
1,5501,1,16.8827713578502,15-20,10-20,60-90.1
1,5517,1,28.395434281301785,25-30,20-30,30-60
1,5544,1,19.829580334644426,15-20,10-20,30-60
1,5562,1,17.661857421121795,15-20,10-20,60-90.1
1,5594,1,19.572575553158458,15-20,10-20,30-60
1,5599,1,27.662279354328053,25-30,20-30,30-60
1,5628,1,17.530232740525186,15-20,10-20,30-60
1,5648,1,29.748968213807363,25-30,20-30,30-60
1,5722,1,20.553251766210444,20-25,20-30,30-60
1,5762,1,11.976708171389193,10-15,10-20,0-30
1,5810,1,16.962910299721422,15-20,10-20,30-60
1,5815,1,18.081035476732897,15-20,10-20,60-90.1
1,5818,1,17.042804157460637,15-20,10-20,60-90.1
1,5839,1,16.92319506658365,15-20,10-20,60-90.1
1,5842,1,20.200393414698652,20-25,20-30,60-90.1
1,5848,1,12.723585335331085,10-15,10-20,60-90.1
1,5871,1,20.278931313498507,20-25,20-30,60-90.1
1,5887,1,11.750721523575319,10-15,10-20,0-30
1,5906,1,19.08088139466952,15-20,10-20,60-90.1
1,5922,1,20.3573081359583,20-25,20-30,60-90.1
1,5964,1,27.291617786282703,25-30,20-30,60-90.1
1,5970,1,17.307595968131547,15-20,10-20,60-90.1
1,5984,1,26.308061202023765,25-30,20-30,60-90.1
1,6005,1,17.23997758328001,15-20,10-20,60-90.1
1,6037,1,23.543481294403914,20-25,20-30,0-30
1,6052,1,29.01977423862017,25-30,20-30,30-60
1,6054,1,13.928961227745388,10-15,10-20,60-90.1
1,6069,1,29.119749048911938,25-30,20-30,30-60
1,6086,1,20.898432877005227,20-25,20-30,30-60
1,6100,1,28.172822893891464,25-30,20-30,0-30
1,6110,1,21.144660782299077,20-25,20-30,0-30
1,6121,1,13.236305465020129,10-15,10-20,60-90.1
1,6160,1,30.977520614426158,30-40,30-45,60-90.1
1,6179,1,11.489886289906966,10-15,10-20,0-30
1,6209,1,26.543468361008507,25-30,20-30,60-90.1
1,6226,1,22.360372166692446,20-25,20-30,30-60
1,6272,1,11.951288490950462,10-15,10-20,0-30
1,6284,1,18.238223239520003,15-20,10-20,30-60
1,6312,1,13.217939467443685,10-15,10-20,30-60
1,6316,1,12.608568759512977,10-15,10-20,0-30
1,6336,1,15.320884010040318,15-20,10-20,60-90.1
1,6338,1,16.48274890905692,15-20,10-20,60-90.1
1,6350,1,17.834499282129126,15-20,10-20,60-90.1
1,6372,1,18.873893829030564,15-20,10-20,60-90.1
1,6408,1,22.164466883726405,20-25,20-30,60-90.1
1,6414,1,18.886379523760795,15-20,10-20,60-90.1
1,6433,1,21.52523150057591,20-25,20-30,60-90.1
1,6455,1,22.973887244529163,20-25,20-30,60-90.1
1,6476,1,21.39948470641152,20-25,20-30,30-60
1,6477,1,24.29216638336264,20-25,20-30,30-60
1,6478,1,13.59716506500405,10-15,10-20,30-60
1,6486,1,17.54676898176743,15-20,10-20,60-90.1
1,6492,1,22.289975346021794,20-25,20-30,30-60
1,6493,1,25.583192220140795,25-30,20-30,30-60
1,6519,1,28.129073879778982,25-30,20-30,60-90.1
1,6535,1,13.687978227582239,10-15,10-20,30-60
1,6543,1,28.882728490269884,25-30,20-30,60-90.1
1,6567,1,30.344297023806945,30-40,30-45,60-90.1
1,6586,1,20.534096414624937,20-25,20-30,60-90.1
1,6600,1,22.1747628601849,20-25,20-30,30-60
1,6605,1,16.159540638583437,15-20,10-20,60-90.1
1,6625,1,18.265903242000196,15-20,10-20,60-90.1
1,6634,1,20.335276310664142,20-25,20-30,0-30
1,6663,1,30.808730721083787,30-40,30-45,30-60
1,6691,1,11.668223341056843,10-15,10-20,0-30
1,6694,1,16.38800677216584,15-20,10-20,60-90.1
1,6711,1,31.834811211356104,30-40,30-45,30-60
1,6785,1,27.837693374980606,25-30,20-30,60-90.1
1,6790,1,28.887424455820845,25-30,20-30,60-90.1
1,6791,1,12.759149805310564,10-15,10-20,0-30
1,6794,1,20.40561270112294,20-25,20-30,30-60
1,6817,1,13.104853149185844,10-15,10-20,60-90.1
1,6820,1,15.479044758283884,15-20,10-20,60-90.1
1,6840,1,13.427235822612333,10-15,10-20,30-60
1,6867,1,17.087380997486793,15-20,10-20,60-90.1
1,6882,1,14.116310101092814,10-15,10-20,0-30
1,6883,1,18.907109979960442,15-20,10-20,30-60
1,6927,1,15.340120444503224,15-20,10-20,60-90.1
1,6941,1,22.038994864682305,20-25,20-30,60-90.1
1,6953,1,15.655335066572917,15-20,10-20,30-60
1,6980,1,12.549430611566937,10-15,10-20,0-30
1,6981,1,16.91525699697867,15-20,10-20,30-60
1,7000,1,13.166694813468725,10-15,10-20,0-30
1,7001,1,17.24632851884829,15-20,10-20,30-60
1,7047,1,23.564126293964275,20-25,20-30,30-60
1,7048,1,27.32536811355232,25-30,20-30,30-60
1,7054,1,29.66419526231669,25-30,20-30,30-60
1,7087,1,23.93968091313195,20-25,20-30,0-30
1,7098,1,20.115473104418317,20-25,20-30,60-90.1
1,7104,1,14.95030836967823,10-15,10-20,60-90.1
1,7172,1,12.543230901050736,10-15,10-20,30-60
1,7188,1,15.02441944933276,15-20,10-20,60-90.1
1,7229,1,19.44186938240257,15-20,10-20,30-60
1,7231,1,28.2446005836501,25-30,20-30,30-60
1,7271,1,31.371007555454252,30-40,30-45,30-60
1,7286,1,13.894778833784702,10-15,10-20,30-60
1,7288,1,24.721966693500136,20-25,20-30,60-90.1
1,7347,1,18.18347866603048,15-20,10-20,30-60
1,7379,1,14.996922336543411,10-15,10-20,30-60
1,7383,1,15.489059535425541,15-20,10-20,60-90.1
1,7449,1,13.603386412021793,10-15,10-20,0-30
1,7460,1,20.436470331281647,20-25,20-30,60-90.1
1,7464,1,23.23850999887741,20-25,20-30,60-90.1
1,7465,1,13.734746495587563,10-15,10-20,60-90.1
1,7494,1,13.62933754405911,10-15,10-20,60-90.1
1,7510,1,21.131659075874925,20-25,20-30,60-90.1
1,7519,1,23.729754071256327,20-25,20-30,60-90.1
1,7529,1,21.936936168345614,20-25,20-30,60-90.1
1,7537,1,25.072374698826525,25-30,20-30,60-90.1
1,7547,1,22.86991643061828,20-25,20-30,30-60
1,7554,1,25.743364213242714,25-30,20-30,30-60
1,7558,1,23.164516448779967,20-25,20-30,30-60
1,7566,1,15.407354370700368,15-20,10-20,30-60
1,7597,1,20.591752520299384,20-25,20-30,60-90.1
1,7632,1,29.413139923518372,25-30,20-30,30-60
1,7648,1,31.420403180519934,30-40,30-45,30-60
1,7668,1,22.772765224090055,20-25,20-30,0-30
1,7675,1,17.222348011699786,15-20,10-20,60-90.1
1,7687,1,30.658090747304318,30-40,30-45,30-60
1,7736,1,18.669671108090164,15-20,10-20,30-60
1,7759,1,34.30110809179577,30-40,30-45,60-90.1
1,7816,1,12.9965404169007,10-15,10-20,30-60
1,7829,1,30.913952508766805,30-40,30-45,30-60
1,7833,1,22.929167607741416,20-25,20-30,60-90.1
1,7889,1,12.896687271625884,10-15,10-20,0-30
1,7921,1,16.315975518055325,15-20,10-20,0-30
1,7944,1,19.19994581336787,15-20,10-20,60-90.1
1,7954,1,18.257076883217685,15-20,10-20,60-90.1
1,7977,1,21.279905868348106,20-25,20-30,60-90.1
1,7988,1,20.69867234044423,20-25,20-30,30-60
1,7992,1,16.928978576322987,15-20,10-20,60-90.1
1,8033,1,24.45041472814327,20-25,20-30,60-90.1
1,8038,1,25.576535286837032,25-30,20-30,60-90.1
1,8042,1,13.000303600930389,10-15,10-20,30-60
1,8084,1,14.444286376589535,10-15,10-20,30-60
1,8107,1,19.96838759493532,15-20,10-20,30-60
1,8124,1,27.217887689606677,25-30,20-30,30-60
1,8126,1,20.032524251825237,20-25,20-30,30-60
1,8128,1,23.951258181810005,20-25,20-30,0-30
1,8136,1,16.64589306156928,15-20,10-20,60-90.1
1,8140,1,24.404808671132848,20-25,20-30,0-30
1,8153,1,31.58973103047022,30-40,30-45,60-90.1
1,8177,1,17.585623461563376,15-20,10-20,60-90.1
1,8179,1,22.99681350419129,20-25,20-30,30-60
1,8188,1,32.08579214295074,30-40,30-45,60-90.1
1,8216,1,33.112314934228664,30-40,30-45,60-90.1
1,8220,1,32.775934848780864,30-40,30-45,60-90.1
1,8257,1,16.028031891115127,15-20,10-20,60-90.1
1,8260,1,18.24074773260973,15-20,10-20,30-60
1,8262,1,28.652418145183546,25-30,20-30,0-30
1,8267,1,33.91444603463333,30-40,30-45,60-90.1
1,8325,1,27.302918072360345,25-30,20-30,60-90.1
1,8358,1,29.70282597811694,25-30,20-30,60-90.1
1,8386,1,21.15437036067567,20-25,20-30,30-60
1,8401,1,16.76788422292927,15-20,10-20,60-90.1
1,8422,1,12.783602193539044,10-15,10-20,0-30
1,8424,1,14.33895527912244,10-15,10-20,60-90.1
1,8425,1,13.704369170866553,10-15,10-20,30-60
1,8449,1,16.37367892030964,15-20,10-20,30-60
1,8452,1,18.291984452955937,15-20,10-20,60-90.1
1,8475,1,14.577007352717033,10-15,10-20,0-30
1,8486,1,13.614599711972529,10-15,10-20,0-30
1,8500,1,16.529320328798633,15-20,10-20,60-90.1
1,8522,1,14.0686798497324,10-15,10-20,30-60
1,8549,1,22.90250507640792,20-25,20-30,60-90.1
1,8580,1,23.714437119489226,20-25,20-30,60-90.1
1,8581,1,25.885642410129737,25-30,20-30,60-90.1
1,8583,1,14.807486493755944,10-15,10-20,30-60
1,8585,1,19.23070995712174,15-20,10-20,30-60
1,8606,1,19.685033973198248,15-20,10-20,30-60
1,8618,1,15.19316159381378,15-20,10-20,30-60
1,8666,1,28.455642314688905,25-30,20-30,30-60
1,8721,1,32.33730859046642,30-40,30-45,60-90.1
1,8755,1,19.397328782695087,15-20,10-20,30-60
1,8816,1,32.11249903855329,30-40,30-45,60-90.1
1,8822,1,12.356433015909385,10-15,10-20,0-30
1,8828,1,32.01112775967282,30-40,30-45,60-90.1
1,8874,1,25.284628220079693,25-30,20-30,60-90.1
1,8903,1,19.859443122258327,15-20,10-20,60-90.1
1,8978,1,17.8844302406486,15-20,10-20,30-60
1,9003,1,19.64979588136464,15-20,10-20,60-90.1
1,9007,1,11.739351947732233,10-15,10-20,0-30
1,9040,1,22.32453984615349,20-25,20-30,30-60
1,9044,1,11.931438842378357,10-15,10-20,30-60
1,9068,1,11.528199486344727,10-15,10-20,30-60
1,9087,1,18.451360247549662,15-20,10-20,60-90.1
1,9117,1,27.350715458861327,25-30,20-30,60-90.1
1,9142,1,24.8858684219052,20-25,20-30,30-60
1,9151,1,27.31016283107817,25-30,20-30,60-90.1
1,9197,1,16.47209672976924,15-20,10-20,30-60
1,9216,1,22.553454639902252,20-25,20-30,60-90.1
1,9225,1,29.626266999368,25-30,20-30,30-60
1,9238,1,33.81763234143106,30-40,30-45,30-60
1,9254,1,19.807383884518064,15-20,10-20,60-90.1
1,9282,1,31.646610119545656,30-40,30-45,30-60
1,9337,1,29.38229258500387,25-30,20-30,0-30
1,9350,1,12.450309071288208,10-15,10-20,60-90.1
1,9389,1,34.62551032478396,30-40,30-45,60-90.1
1,9416,1,17.480333799662404,15-20,10-20,60-90.1
1,9437,1,16.64320628804112,15-20,10-20,60-90.1
1,9488,1,14.903618394074627,10-15,10-20,60-90.1
1,9495,1,17.404250189162077,15-20,10-20,60-90.1
1,9537,1,19.306022535906184,15-20,10-20,60-90.1
1,9547,1,15.895720965037787,15-20,10-20,60-90.1
1,9549,1,18.681215903530866,15-20,10-20,60-90.1
1,9593,1,10.494258021227582,10-15,10-20,0-30
1,9600,1,24.646490167107867,20-25,20-30,60-90.1
1,9620,1,14.981975329666037,10-15,10-20,30-60
1,9625,1,26.08253658399641,25-30,20-30,60-90.1
1,9646,1,14.970425430403134,10-15,10-20,30-60
1,9651,1,24.83794368989926,20-25,20-30,30-60
1,9679,1,14.339476243216929,10-15,10-20,60-90.1
1,9734,1,25.844298394337358,25-30,20-30,30-60
1,9735,1,28.738128168700964,25-30,20-30,60-90.1
1,9741,1,22.341134816436746,20-25,20-30,60-90.1
1,9767,1,23.170694657180807,20-25,20-30,60-90.1
1,9781,1,25.153933956930004,25-30,20-30,30-60
1,9785,1,18.580655317148715,15-20,10-20,60-90.1
1,9797,1,20.037928880882472,20-25,20-30,30-60
1,9806,1,31.017256198250767,30-40,30-45,30-60
1,9820,1,34.99822409851073,30-40,30-45,60-90.1
1,9868,1,15.953171626060303,15-20,10-20,60-90.1
1,9875,1,29.97250946751072,25-30,20-30,0-30
1,9927,1,38.651675015904246,30-40,30-45,60-90.1
1,9960,1,16.18766664012664,15-20,10-20,60-90.1
1,9964,1,37.684802756007215,30-40,30-45,60-90.1
1,9986,1,30.391994539710346,30-40,30-45,60-90.1
1,9996,1,28.251881848027327,25-30,20-30,60-90.1
1,10017,1,23.908246252907016,20-25,20-30,60-90.1
1,10024,1,14.570632177249507,10-15,10-20,60-90.1
1,10039,1,18.612337870788757,15-20,10-20,60-90.1
1,10041,1,13.29360372890111,10-15,10-20,30-60
1,10045,1,16.052248295977392,15-20,10-20,60-90.1
1,10056,1,13.07931313458073,10-15,10-20,0-30
1,10059,1,13.849229106318877,10-15,10-20,30-60
1,10065,1,12.650759692458747,10-15,10-20,0-30
1,10073,1,12.992018876188615,10-15,10-20,60-90.1
1,10106,1,16.24300424915859,15-20,10-20,60-90.1
1,10110,1,18.41888828277894,15-20,10-20,60-90.1
1,10119,1,20.6081786633106,20-25,20-30,30-60
1,10123,1,18.148124255857933,15-20,10-20,60-90.1
1,10138,1,22.3523425994605,20-25,20-30,60-90.1
1,10154,1,10.948945268342987,10-15,10-20,0-30
1,10156,1,13.924563343242047,10-15,10-20,60-90.1
1,10175,1,16.580183270776363,15-20,10-20,60-90.1
1,10194,1,20.159893931398084,20-25,20-30,60-90.1
1,10205,1,24.15498610802521,20-25,20-30,30-60
1,10210,1,20.011589175200747,20-25,20-30,60-90.1
1,10239,1,28.66318720236284,25-30,20-30,60-90.1
1,10243,1,12.512769518649575,10-15,10-20,30-60
1,10249,1,21.213099988547274,20-25,20-30,60-90.1
1,10271,1,26.254202504178814,25-30,20-30,30-60
1,10289,1,30.456154509638964,30-40,30-45,60-90.1
1,10297,1,17.14621980848,15-20,10-20,30-60
1,10309,1,17.74531360080529,15-20,10-20,30-60
1,10320,1,29.48084589418767,25-30,20-30,30-60
1,10340,1,25.780542734740443,25-30,20-30,0-30
1,10394,1,34.788394628869696,30-40,30-45,60-90.1
1,10411,1,21.677360170032365,20-25,20-30,30-60
1,10421,1,35.722142798004036,30-40,30-45,60-90.1
1,10434,1,20.36269379769301,20-25,20-30,60-90.1
1,10448,1,38.167280371324644,30-40,30-45,60-90.1
1,10469,1,36.223856241697696,30-40,30-45,60-90.1
1,10473,1,18.732348404519023,15-20,10-20,60-90.1
1,10487,1,32.43111920402331,30-40,30-45,60-90.1
1,10546,1,15.997489884035005,15-20,10-20,60-90.1
1,10576,1,22.603300121862926,20-25,20-30,60-90.1
1,10617,1,12.673756906485151,10-15,10-20,0-30
1,10637,1,16.18989220163825,15-20,10-20,60-90.1
1,10655,1,16.795992027589364,15-20,10-20,60-90.1
1,10695,1,16.5699848032224,15-20,10-20,30-60
1,10725,1,13.453195562705867,10-15,10-20,60-90.1
1,10729,1,21.263386983432728,20-25,20-30,60-90.1
1,10767,1,23.498772878999766,20-25,20-30,60-90.1
1,10775,1,17.38909764798398,15-20,10-20,60-90.1
1,10824,1,29.15898181628083,25-30,20-30,60-90.1
1,10829,1,11.587521423283425,10-15,10-20,60-90.1
1,10836,1,15.593269603345442,15-20,10-20,60-90.1
1,10870,1,22.399139637405813,20-25,20-30,60-90.1
1,10929,1,25.23268526208274,25-30,20-30,30-60
1,10936,1,30.18745975346559,30-40,30-45,30-60
1,10990,1,37.822412259121954,30-40,30-45,30-60
1,11134,1,26.83677831154687,25-30,20-30,60-90.1
1,11155,1,21.210985039008335,20-25,20-30,60-90.1
1,11175,1,11.50431905848389,10-15,10-20,0-30
1,11219,1,19.093490079590655,15-20,10-20,60-90.1
1,11223,1,15.15805946042071,15-20,10-20,60-90.1
1,11246,1,19.816230905622994,15-20,10-20,0-30
1,11272,1,19.21591962723175,15-20,10-20,60-90.1
1,11274,1,21.2590347097961,20-25,20-30,30-60
1,11302,1,19.06198250767326,15-20,10-20,30-60
1,11327,1,26.73534105781974,25-30,20-30,60-90.1
1,11354,1,23.44281051244067,20-25,20-30,60-90.1
1,11360,1,28.19915293879981,25-30,20-30,60-90.1
1,11372,1,22.878906673166963,20-25,20-30,60-90.1
1,11374,1,26.623530460023968,25-30,20-30,30-60
1,11405,1,13.427080969395531,10-15,10-20,60-90.1
1,11429,1,16.65462154734277,15-20,10-20,60-90.1
1,11436,1,30.913971748100597,30-40,30-45,60-90.1
1,11445,1,27.893425123504993,25-30,20-30,30-60
1,11449,1,32.92745921900502,30-40,30-45,60-90.1
1,11467,1,27.06956832457462,25-30,20-30,0-30
1,11481,1,19.30170519206872,15-20,10-20,60-90.1
1,11493,1,20.00377102401181,20-25,20-30,30-60
1,11495,1,30.865854581554437,30-40,30-45,0-30
1,11513,1,22.917653369985064,20-25,20-30,30-60
1,11519,1,32.415057384004385,30-40,30-45,30-60
1,11554,1,35.39547695967551,30-40,30-45,60-90.1
1,11562,1,32.75146299428145,30-40,30-45,60-90.1
1,11571,1,22.958231756268045,20-25,20-30,30-60
1,11587,1,31.07558603956625,30-40,30-45,30-60
1,11628,1,33.7845570243547,30-40,30-45,60-90.1
1,11641,1,36.49217386375309,30-40,30-45,30-60
1,11651,1,30.95237454588892,30-40,30-45,30-60
1,11656,1,38.524493523379334,30-40,30-45,0-30
1,11699,1,26.303276105306214,25-30,20-30,60-90.1
1,11711,1,17.70515316562091,15-20,10-20,60-90.1
1,11724,1,13.197825891494908,10-15,10-20,30-60
1,11780,1,18.011517539374076,15-20,10-20,60-90.1
1,11787,1,22.27312291535775,20-25,20-30,60-90.1
1,11810,1,22.28116289445692,20-25,20-30,30-60
1,11812,1,24.715798568960086,20-25,20-30,30-60
1,11834,1,11.247795790077971,10-15,10-20,30-60
1,11846,1,10.997252875724003,10-15,10-20,0-30
1,11851,1,20.548432543165685,20-25,20-30,60-90.1
1,11880,1,25.754281024580283,25-30,20-30,60-90.1
1,11917,1,24.246350102257278,20-25,20-30,60-90.1
1,11920,1,28.109313075654466,25-30,20-30,0-30
1,11977,1,25.687274730851673,25-30,20-30,60-90.1
1,11984,1,32.21832139533412,30-40,30-45,60-90.1
1,12046,1,34.11469724205097,30-40,30-45,30-60
1,12049,1,37.457841526834606,30-40,30-45,60-90.1
1,12074,1,24.41962698548587,20-25,20-30,30-60
1,12112,1,38.953823816333326,30-40,30-45,60-90.1
1,12117,1,41.90074750837487,40-50,30-45,30-60
1,12133,1,23.4102255527862,20-25,20-30,30-60
1,12151,1,41.71126957508179,40-50,30-45,30-60
1,12154,1,22.181627922627015,20-25,20-30,30-60
1,12193,1,29.166059582656686,25-30,20-30,0-30
1,12194,1,21.57295737651168,20-25,20-30,30-60
1,12203,1,19.4815686310231,15-20,10-20,60-90.1
1,12239,1,20.534260691140407,20-25,20-30,60-90.1
1,12269,1,15.520067651405531,15-20,10-20,60-90.1
1,12272,1,17.209721367139515,15-20,10-20,30-60
1,12288,1,13.93310661519437,10-15,10-20,60-90.1
1,12308,1,16.61360745619266,15-20,10-20,60-90.1
1,12313,1,19.82061421374244,15-20,10-20,0-30
1,12335,1,19.31052871624464,15-20,10-20,60-90.1
1,12397,1,17.922594934864414,15-20,10-20,60-90.1
1,12421,1,30.934832215601514,30-40,30-45,60-90.1
1,12423,1,25.597543946559362,25-30,20-30,60-90.1
1,12467,1,27.527223888266455,25-30,20-30,30-60
1,12480,1,19.687316479379174,15-20,10-20,30-60
1,12491,1,34.36485598049457,30-40,30-45,60-90.1
1,12507,1,21.16813603298323,20-25,20-30,30-60
1,12517,1,32.72851443296186,30-40,30-45,30-60
1,12534,1,32.29690547290109,30-40,30-45,30-60
1,12552,1,23.03581347965539,20-25,20-30,30-60
1,12558,1,31.975745497115156,30-40,30-45,0-30
1,12603,1,31.838076458003155,30-40,30-45,0-30
1,12650,1,36.2780133680299,30-40,30-45,60-90.1
1,12694,1,22.5934612353601,20-25,20-30,30-60
1,12716,1,28.407105591073552,25-30,20-30,30-60
1,12721,1,16.316465213104745,15-20,10-20,60-90.1
1,12732,1,25.20563706345709,25-30,20-30,60-90.1
1,12744,1,15.582390205329055,15-20,10-20,60-90.1
1,12752,1,14.221752353265881,10-15,10-20,0-30
1,12762,1,12.270975945670038,10-15,10-20,0-30
1,12785,1,12.08482066419611,10-15,10-20,0-30
1,12804,1,12.688561313749581,10-15,10-20,30-60
1,12825,1,18.717543354299117,15-20,10-20,60-90.1
1,12853,1,20.126834245725938,20-25,20-30,60-90.1
1,12880,1,23.358720540606114,20-25,20-30,60-90.1
1,12888,1,14.088065987995279,10-15,10-20,60-90.1
1,12890,1,21.268083676858005,20-25,20-30,60-90.1
1,12919,1,22.53192239774124,20-25,20-30,60-90.1
1,12939,1,11.703383976050679,10-15,10-20,0-30
1,12945,1,21.463850134472683,20-25,20-30,60-90.1
1,12975,1,33.648761346103285,30-40,30-45,60-90.1
1,12977,1,14.828046333980271,10-15,10-20,60-90.1
1,12984,1,17.16452165652167,15-20,10-20,60-90.1
1,12998,1,35.407482038878896,30-40,30-45,60-90.1
1,13037,1,38.033597660598,30-40,30-45,60-90.1
1,13073,1,25.94517245973961,25-30,20-30,30-60
1,13118,1,33.26517817617887,30-40,30-45,60-90.1
1,13161,1,34.07120080543076,30-40,30-45,60-90.1
1,13168,1,31.48942196076688,30-40,30-45,30-60
1,13179,1,38.37920030167356,30-40,30-45,30-60
1,13216,1,23.81688063798605,20-25,20-30,60-90.1
1,13225,1,19.375876162765444,15-20,10-20,60-90.1
1,13270,1,17.05120576203172,15-20,10-20,60-90.1
1,13275,1,15.097106080486144,15-20,10-20,60-90.1
1,13302,1,18.598185431078605,15-20,10-20,60-90.1
1,13310,1,20.90212339020658,20-25,20-30,60-90.1
1,13313,1,15.45430160993069,15-20,10-20,60-90.1
1,13329,1,18.083620023645263,15-20,10-20,60-90.1
1,13338,1,23.47001021931546,20-25,20-30,60-90.1
1,13346,1,22.035498020901915,20-25,20-30,60-90.1
1,13353,1,26.182079167722705,25-30,20-30,60-90.1
1,13363,1,24.233143434217816,20-25,20-30,60-90.1
1,13370,1,12.230342596580497,10-15,10-20,30-60
1,13380,1,28.49391653888629,25-30,20-30,30-60
1,13397,1,14.853167134675964,10-15,10-20,60-90.1
1,13465,1,19.39797639990154,15-20,10-20,60-90.1
1,13489,1,36.22946121624672,30-40,30-45,30-60
1,13490,1,37.82810043962987,30-40,30-45,60-90.1
1,13509,1,23.441338805745676,20-25,20-30,30-60
1,13519,1,32.87269315298229,30-40,30-45,30-60
1,13537,1,25.821916082308352,25-30,20-30,30-60
1,13554,1,36.4235052648907,30-40,30-45,30-60
1,13580,1,25.40813043660544,25-30,20-30,0-30
1,13630,1,36.340739890638076,30-40,30-45,30-60
1,13631,1,41.80670080736801,40-50,30-45,60-90.1
1,13687,1,28.699310702857908,25-30,20-30,60-90.1
1,13692,1,22.410793558745205,20-25,20-30,60-90.1
1,13726,1,15.529514287921122,15-20,10-20,60-90.1
1,13768,1,18.591912365626463,15-20,10-20,60-90.1
1,13792,1,13.994274834977027,10-15,10-20,60-90.1
1,13804,1,17.021276914177548,15-20,10-20,60-90.1
1,13853,1,25.383166855923772,25-30,20-30,60-90.1
1,13858,1,11.199996728487195,10-15,10-20,0-30
1,13871,1,30.409426889984083,30-40,30-45,60-90.1
1,13878,1,17.879113670147817,15-20,10-20,60-90.1
1,13893,1,24.97619189027738,20-25,20-30,60-90.1
1,13910,1,33.20111786794139,30-40,30-45,60-90.1
1,13917,1,21.55854754600923,20-25,20-30,60-90.1
1,13956,1,35.77658673533808,30-40,30-45,60-90.1
1,13976,1,35.3440866754178,30-40,30-45,60-90.1
1,14013,1,33.96375107972056,30-40,30-45,30-60
1,14037,1,26.205385063573583,25-30,20-30,0-30
1,14043,1,36.4297594543728,30-40,30-45,30-60
1,14050,1,32.58406603636787,30-40,30-45,0-30
1,14106,1,39.431924414455935,30-40,30-45,60-90.1
1,14162,1,30.26614026915479,30-40,30-45,0-30
1,14206,1,14.135231004581005,10-15,10-20,0-30
1,14227,1,11.87876041968,10-15,10-20,0-30
1,14230,1,12.659050442434234,10-15,10-20,30-60
1,14279,1,20.204315474650965,20-25,20-30,0-30
1,14307,1,20.735255223173212,20-25,20-30,60-90.1
1,14322,1,24.5803977228328,20-25,20-30,30-60
1,14373,1,27.247135229234868,25-30,20-30,60-90.1
1,14389,1,13.387292875260387,10-15,10-20,60-90.1
1,14427,1,35.40617982111617,30-40,30-45,60-90.1
1,14430,1,13.282895915575166,10-15,10-20,60-90.1
1,14454,1,21.624337637100297,20-25,20-30,60-90.1
1,14486,1,38.887616275877264,30-40,30-45,60-90.1
1,14499,1,25.92389651276666,25-30,20-30,30-60
1,14513,1,41.19910456080173,40-50,30-45,60-90.1
1,14518,1,34.57460925656677,30-40,30-45,60-90.1
1,14568,1,16.94616936939051,15-20,10-20,30-60
1,14607,1,43.37748800395744,40-50,30-45,60-90.1
1,14612,1,12.632656409583584,10-15,10-20,30-60
1,14619,1,35.57365066666084,30-40,30-45,60-90.1
1,14628,1,45.26500190495931,40-50,45-70,60-90.1
1,14689,1,23.206114431091397,20-25,20-30,30-60
1,14706,1,27.20841654460898,25-30,20-30,60-90.1
1,14719,1,19.080382322837842,15-20,10-20,60-90.1
1,14731,1,13.972331432361235,10-15,10-20,30-60
1,14751,1,16.222803014966427,15-20,10-20,60-90.1
1,14771,1,15.449895772735246,15-20,10-20,60-90.1
1,14775,1,19.169145910247373,15-20,10-20,60-90.1
1,14792,1,18.298352000045078,15-20,10-20,60-90.1
1,14813,1,15.484692085656746,15-20,10-20,60-90.1
1,14820,1,22.78119877723371,20-25,20-30,60-90.1
1,14835,1,19.53248894723016,15-20,10-20,60-90.1
1,14840,1,25.11884519990928,25-30,20-30,60-90.1
1,14858,1,26.304150358831787,25-30,20-30,30-60
1,14872,1,14.616972193703791,10-15,10-20,60-90.1
1,14939,1,26.116083433272777,25-30,20-30,60-90.1
1,14952,1,17.20421499784457,15-20,10-20,60-90.1
1,14978,1,15.327171644724029,15-20,10-20,60-90.1
1,14992,1,12.206464236313739,10-15,10-20,0-30
1,15007,1,39.518202014152315,30-40,30-45,60-90.1
1,15010,1,13.986960479462546,10-15,10-20,60-90.1
1,15022,1,38.25005786486265,30-40,30-45,60-90.1
1,15025,1,40.63276986492833,40-50,30-45,60-90.1
1,15063,1,28.317031405484805,25-30,20-30,0-30
1,15065,1,36.52017891131052,30-40,30-45,60-90.1
1,15075,1,27.777938140818673,25-30,20-30,0-30
1,15093,1,36.29954148377103,30-40,30-45,60-90.1
1,15129,1,24.205221914093343,20-25,20-30,30-60
1,15164,1,17.292424069505692,15-20,10-20,60-90.1
1,15214,1,13.898337820787411,10-15,10-20,60-90.1
1,15218,1,33.78029524112986,30-40,30-45,60-90.1
1,15221,1,36.26261598244016,30-40,30-45,60-90.1
1,15236,1,38.612442253173555,30-40,30-45,30-60
1,15243,1,32.1635296697361,30-40,30-45,30-60
1,15248,1,24.96118821221733,20-25,20-30,30-60
1,15258,1,31.385540255556567,30-40,30-45,0-30
1,15260,1,21.882706176392222,20-25,20-30,60-90.1
1,15312,1,16.483329984095032,15-20,10-20,60-90.1
1,15332,1,12.782511294818283,10-15,10-20,30-60
1,15351,1,20.98783396541367,20-25,20-30,0-30
1,15393,1,23.50332663471977,20-25,20-30,60-90.1
1,15403,1,28.772166884456748,25-30,20-30,60-90.1
1,15418,1,11.5344903906128,10-15,10-20,0-30
1,15425,1,30.875155935432307,30-40,30-45,60-90.1
1,15447,1,32.86703106557875,30-40,30-45,60-90.1
1,15452,1,18.661904670866885,15-20,10-20,60-90.1
1,15479,1,22.009471585541732,20-25,20-30,60-90.1
1,15486,1,29.687647009364028,25-30,20-30,30-60
1,15525,1,18.549033439604667,15-20,10-20,60-90.1
1,15530,1,38.01114039655611,30-40,30-45,60-90.1
1,15563,1,24.77386415789468,20-25,20-30,30-60
1,15578,1,36.289352064821294,30-40,30-45,60-90.1
1,15596,1,41.63087327276722,40-50,30-45,60-90.1
1,15613,1,27.785685006164016,25-30,20-30,0-30
1,15644,1,38.876246927260745,30-40,30-45,60-90.1
1,15696,1,35.254996269923865,30-40,30-45,30-60
1,15716,1,24.145298206466542,20-25,20-30,60-90.1
1,15738,1,41.404322251524675,40-50,30-45,60-90.1
1,15776,1,25.80679962412938,25-30,20-30,0-30
1,15800,1,42.10377296650474,40-50,30-45,60-90.1
1,15826,1,26.690688555217275,25-30,20-30,60-90.1
1,15841,1,22.808831904834808,20-25,20-30,60-90.1
1,15978,1,28.68528724537442,25-30,20-30,30-60
1,16036,1,25.767613295843503,25-30,20-30,60-90.1
1,16077,1,17.080321790530938,15-20,10-20,60-90.1
1,16128,1,40.12876919485623,40-50,30-45,60-90.1
1,16138,1,38.51815730119619,30-40,30-45,60-90.1
1,16155,1,37.47828735108996,30-40,30-45,60-90.1
1,16165,1,39.39203550087916,30-40,30-45,60-90.1
1,16225,1,25.397274977114947,25-30,20-30,60-90.1
1,16294,1,25.655147590769975,25-30,20-30,30-60
1,16300,1,45.32367356142713,40-50,45-70,60-90.1
1,16362,1,32.149677382516934,30-40,30-45,0-30
1,16372,1,14.143232922514633,10-15,10-20,30-60
1,16377,1,24.554401490966924,20-25,20-30,30-60
1,16391,1,31.1770424422388,30-40,30-45,60-90.1
1,16414,1,13.578371165322249,10-15,10-20,60-90.1
1,16420,1,13.745958567698533,10-15,10-20,30-60
1,16424,1,15.99914663324976,15-20,10-20,60-90.1
1,16444,1,12.944884939807762,10-15,10-20,0-30
1,16448,1,14.946876115172094,10-15,10-20,60-90.1
1,16450,1,17.357645562610813,15-20,10-20,60-90.1
1,16452,1,18.812629418233218,15-20,10-20,60-90.1
1,16470,1,20.649491188046895,20-25,20-30,60-90.1
1,16473,1,17.77932037374467,15-20,10-20,30-60
1,16491,1,17.215006207223876,15-20,10-20,60-90.1
1,16494,1,21.31298776427462,20-25,20-30,0-30
1,16497,1,23.771877987581995,20-25,20-30,60-90.1
1,16508,1,21.111360409631846,20-25,20-30,60-90.1
1,16515,1,26.86786082421677,25-30,20-30,60-90.1
1,16534,1,25.876464271571237,25-30,20-30,60-90.1
1,16582,1,11.008156658186431,10-15,10-20,30-60
1,16584,1,17.7538143981646,15-20,10-20,60-90.1
1,16601,1,31.042372831161956,30-40,30-45,30-60
1,16602,1,35.59648706130026,30-40,30-45,30-60
1,16618,1,37.19387624706509,30-40,30-45,60-90.1
1,16635,1,29.98751361956287,25-30,20-30,30-60
1,16638,1,38.51850785968554,30-40,30-45,60-90.1
1,16647,1,21.22026835063287,20-25,20-30,60-90.1
1,16659,1,40.46849094221528,40-50,30-45,60-90.1
1,16662,1,17.532267885299603,15-20,10-20,60-90.1
1,16681,1,42.205936441555444,40-50,30-45,60-90.1
1,16692,1,26.79112773566604,25-30,20-30,30-60
1,16695,1,43.688164299704646,40-50,30-45,60-90.1
1,16715,1,44.610260807360575,40-50,30-45,60-90.1
1,16728,1,44.20263608170683,40-50,30-45,60-90.1
1,16797,1,41.29195142414508,40-50,30-45,30-60
1,16817,1,36.95725749859304,30-40,30-45,30-60
1,16838,1,20.425903393727477,20-25,20-30,60-90.1
1,16844,1,15.647994150817121,15-20,10-20,60-90.1
1,16867,1,38.84198626523445,30-40,30-45,60-90.1
1,16875,1,19.923636726043004,15-20,10-20,60-90.1
1,16894,1,11.509122388596102,10-15,10-20,0-30
1,16934,1,45.66478491830893,40-50,45-70,60-90.1
1,16989,1,16.20992827768258,15-20,10-20,60-90.1
1,16993,1,26.36393403725797,25-30,20-30,60-90.1
1,17026,1,14.929392155939434,10-15,10-20,60-90.1
1,17062,1,19.368139725605698,15-20,10-20,60-90.1
1,17064,1,14.330839363007252,10-15,10-20,30-60
1,17067,1,19.11876346480186,15-20,10-20,60-90.1
1,17132,1,30.11189417680021,30-40,30-45,60-90.1
1,17139,1,11.737735245301794,10-15,10-20,30-60
1,17150,1,15.074221217099147,15-20,10-20,60-90.1
1,17187,1,21.166307525037407,20-25,20-30,60-90.1
1,17230,1,13.610895826232289,10-15,10-20,30-60
1,17236,1,21.405739067862804,20-25,20-30,60-90.1
1,17259,1,15.50890293312865,15-20,10-20,60-90.1
1,17286,1,42.89017148419056,40-50,30-45,60-90.1
1,17293,1,41.06719927655622,40-50,30-45,60-90.1
1,17315,1,46.74863963745081,40-50,45-70,60-90.1
1,17320,1,28.733061592813044,25-30,20-30,0-30
1,17337,1,43.76082701961176,40-50,30-45,60-90.1
1,17340,1,48.63362602350739,40-50,45-70,60-90.1
1,17357,1,42.35478129959552,40-50,30-45,60-90.1
1,17363,1,16.83940274371697,15-20,10-20,60-90.1
1,17365,1,28.979530058504448,25-30,20-30,0-30
1,17403,1,28.132139541179292,25-30,20-30,0-30
1,17489,1,35.46699262229129,30-40,30-45,60-90.1
1,17492,1,37.80693601321824,30-40,30-45,60-90.1
1,17502,1,17.977299955577656,15-20,10-20,60-90.1
1,17505,1,34.0053534027008,30-40,30-45,30-60
1,17510,1,39.59106284273184,30-40,30-45,60-90.1
1,17534,1,25.988041504767455,25-30,20-30,0-30
1,17569,1,29.783017244653166,25-30,20-30,60-90.1
1,17589,1,12.135537865969352,10-15,10-20,0-30
1,17628,1,12.285412862249292,10-15,10-20,30-60
1,17633,1,15.595900523890744,15-20,10-20,60-90.1
1,17651,1,16.57712725599776,15-20,10-20,60-90.1
1,17668,1,20.24739107400401,20-25,20-30,60-90.1
1,17715,1,23.402584079390408,20-25,20-30,60-90.1
1,17722,1,14.62512770674268,10-15,10-20,60-90.1
1,17763,1,28.70859280504936,25-30,20-30,60-90.1
1,17794,1,13.6511523210067,10-15,10-20,60-90.1
1,17817,1,11.41334038207992,10-15,10-20,30-60
1,17828,1,32.74654709283108,30-40,30-45,0-30
1,17839,1,12.50060165993426,10-15,10-20,30-60
1,17841,1,25.683579363640217,25-30,20-30,60-90.1
1,17876,1,19.962601083718667,15-20,10-20,60-90.1
1,17894,1,25.157597518822435,25-30,20-30,60-90.1
1,17912,1,28.117610460064387,25-30,20-30,0-30
1,17913,1,47.1697410316092,40-50,45-70,30-60
1,17922,1,45.443245027859824,40-50,45-70,60-90.1
1,17966,1,48.55168780276685,40-50,45-70,30-60
1,17970,1,23.579109266972942,20-25,20-30,30-60
1,17974,1,26.910783417507073,25-30,20-30,30-60
1,18030,1,45.4991407903378,40-50,45-70,60-90.1
1,18064,1,43.08338388851494,40-50,30-45,60-90.1
1,18109,1,38.375080593857405,30-40,30-45,30-60
1,18139,1,43.26680861901567,40-50,30-45,60-90.1
1,18177,1,14.633617307296902,10-15,10-20,60-90.1
1,18199,1,42.841405347524415,40-50,30-45,60-90.1
1,18207,1,33.01987496626663,30-40,30-45,0-30
1,18219,1,16.69096377765348,15-20,10-20,60-90.1
1,18238,1,26.47431992375194,25-30,20-30,30-60
1,18239,1,33.225943924993715,30-40,30-45,30-60
1,18275,1,13.06422895495283,10-15,10-20,30-60
1,18277,1,12.299265622556733,10-15,10-20,0-30
1,18281,1,13.267305112075103,10-15,10-20,60-90.1
1,18297,1,15.673364722465639,15-20,10-20,60-90.1
1,18326,1,16.891658139820386,15-20,10-20,60-90.1
1,18328,1,18.1440011798438,15-20,10-20,60-90.1
1,18334,1,13.063031037332554,10-15,10-20,30-60
1,18358,1,20.420270561023013,20-25,20-30,30-60
1,18371,1,23.218440531424516,20-25,20-30,60-90.1
1,18384,1,19.48509406692872,15-20,10-20,60-90.1
1,18386,1,25.624831378784407,25-30,20-30,60-90.1
1,18404,1,28.68039257985608,25-30,20-30,60-90.1
1,18424,1,14.269714572766775,10-15,10-20,30-60
1,18428,1,31.03044843628972,30-40,30-45,60-90.1
1,18440,1,33.5255020952684,30-40,30-45,60-90.1
1,18443,1,17.802826985083996,15-20,10-20,60-90.1
1,18452,1,15.991716259579277,15-20,10-20,60-90.1
1,18471,1,35.86143354085993,30-40,30-45,30-60
1,18481,1,20.440743251627307,20-25,20-30,60-90.1
1,18482,1,31.413271994406195,30-40,30-45,30-60
1,18488,1,13.73948781636856,10-15,10-20,60-90.1
1,18491,1,16.18630212247922,15-20,10-20,60-90.1
1,18518,1,17.081556643383216,15-20,10-20,60-90.1
1,18527,1,14.227388003997353,10-15,10-20,60-90.1
1,18532,1,18.55270078807564,15-20,10-20,60-90.1
1,18554,1,39.6587184467606,30-40,30-45,30-60
1,18557,1,15.683618589368054,15-20,10-20,60-90.1
1,18563,1,29.498834138282128,25-30,20-30,60-90.1
1,18574,1,18.43987050573939,15-20,10-20,60-90.1
1,18586,1,23.36416243948552,20-25,20-30,60-90.1
1,18599,1,45.2017509211175,40-50,45-70,60-90.1
1,18642,1,47.32031339156668,40-50,45-70,60-90.1
1,18705,1,49.52093857276885,40-50,45-70,60-90.1
1,18720,1,25.979157918168653,25-30,20-30,60-90.1
1,18735,1,20.301021413092204,20-25,20-30,60-90.1
1,18774,1,14.156342470088573,10-15,10-20,60-90.1
1,18791,1,17.769195789803643,15-20,10-20,30-60
1,18797,1,23.304706622036726,20-25,20-30,60-90.1
1,18820,1,13.5020050463871,10-15,10-20,30-60
1,18823,1,40.40417672458067,40-50,30-45,60-90.1
1,18835,1,23.542902206587033,20-25,20-30,60-90.1
1,18876,1,24.437133637655666,20-25,20-30,30-60
1,18898,1,25.573629485636435,25-30,20-30,30-60
1,18920,1,19.16873334026097,15-20,10-20,60-90.1
1,18937,1,13.124383435396629,10-15,10-20,0-30
1,18962,1,14.467037704115636,10-15,10-20,30-60
1,18969,1,11.892289692111284,10-15,10-20,30-60
1,18990,1,13.095280195569636,10-15,10-20,60-90.1
1,19015,1,13.086136058312182,10-15,10-20,30-60
1,19035,1,17.29836420612583,15-20,10-20,60-90.1
1,19059,1,19.352131908482217,15-20,10-20,60-90.1
1,19094,1,21.206674253142165,20-25,20-30,30-60
1,19152,1,27.50686216093771,25-30,20-30,60-90.1
1,19203,1,37.92756277818918,30-40,30-45,30-60
1,19228,1,39.2111318795347,30-40,30-45,30-60
1,19237,1,32.641658642052455,30-40,30-45,0-30
1,19243,1,20.970006023713136,20-25,20-30,60-90.1
1,19255,1,41.96263755396713,40-50,30-45,60-90.1
1,19267,1,25.66291279113323,25-30,20-30,30-60
1,19268,1,44.08541453965627,40-50,30-45,60-90.1
1,19279,1,27.676394634483458,25-30,20-30,30-60
1,19281,1,47.03215621522019,40-50,45-70,30-60
1,19300,1,48.9215615349723,40-50,45-70,30-60
1,19313,1,49.69718761849817,40-50,45-70,60-90.1
1,19320,1,28.120471055551334,25-30,20-30,30-60
1,19330,1,51.67486257624774,50-60,45-70,60-90.1
1,19335,1,51.77851802444786,50-60,45-70,60-90.1
1,19364,1,48.11281484094992,40-50,45-70,60-90.1
1,19384,1,41.07384662020618,40-50,30-45,60-90.1
1,19389,1,45.800615255850786,40-50,45-70,60-90.1
1,19398,1,10.918990323529796,10-15,10-20,30-60
1,19475,1,45.23420739114008,40-50,45-70,30-60
1,19477,1,11.211259958150578,10-15,10-20,30-60
1,19538,1,27.393637077102447,25-30,20-30,30-60
1,19541,1,15.362194056925771,15-20,10-20,60-90.1
1,19547,1,33.922839366705134,30-40,30-45,30-60
1,19570,1,33.43448702001464,30-40,30-45,60-90.1
1,19577,1,29.091622233932732,25-30,20-30,60-90.1
1,19626,1,14.05578447259803,10-15,10-20,60-90.1
1,19628,1,15.383678020343442,15-20,10-20,60-90.1
1,19655,1,13.625247198025846,10-15,10-20,60-90.1
1,19695,1,17.20682815759659,15-20,10-20,60-90.1
1,19696,1,18.937882056466254,15-20,10-20,60-90.1
1,19707,1,14.763727941789835,10-15,10-20,60-90.1
1,19711,1,17.031037767444694,15-20,10-20,60-90.1
1,19728,1,16.952356937637667,15-20,10-20,60-90.1
1,19755,1,22.788018499217255,20-25,20-30,60-90.1
1,19763,1,20.52081104024934,20-25,20-30,60-90.1
1,19765,1,21.242557733167875,20-25,20-30,60-90.1
1,19775,1,20.896311201263174,20-25,20-30,60-90.1
1,19809,1,22.6943480707283,20-25,20-30,60-90.1
1,19853,1,17.65604214618564,15-20,10-20,60-90.1
1,19872,1,18.81088107037351,15-20,10-20,60-90.1
1,19887,1,19.922127862566413,15-20,10-20,30-60
1,19892,1,33.23746888501326,30-40,30-45,30-60
1,19899,1,24.76630574669557,20-25,20-30,60-90.1
1,19987,1,14.542206478466904,10-15,10-20,60-90.1
1,20015,1,27.481754574558963,25-30,20-30,60-90.1
1,20031,1,13.450120109425539,10-15,10-20,60-90.1
1,20039,1,21.28880035720931,20-25,20-30,60-90.1
1,20074,1,50.694626121494196,50-60,45-70,60-90.1
1,20111,1,10.713770820598198,10-15,10-20,60-90.1
1,20238,1,19.362755884017787,15-20,10-20,30-60
1,20245,1,27.55673904790612,25-30,20-30,0-30
1,20253,1,17.026705749180813,15-20,10-20,30-60
1,20278,1,11.564393709649421,10-15,10-20,30-60
1,20281,1,11.575518314413733,10-15,10-20,0-30
1,20296,1,16.569144625253106,15-20,10-20,60-90.1
1,20297,1,15.584718100475657,15-20,10-20,60-90.1
1,20302,1,18.54618487888457,15-20,10-20,60-90.1
1,20308,1,19.879842661441167,15-20,10-20,60-90.1
1,20336,1,21.326572990756784,20-25,20-30,30-60
1,20341,1,22.588208374410424,20-25,20-30,60-90.1
1,20371,1,16.49700284293257,15-20,10-20,30-60
1,20376,1,18.960694856409418,15-20,10-20,60-90.1
1,20383,1,24.7323848302709,20-25,20-30,60-90.1
1,20405,1,22.78265395170935,20-25,20-30,60-90.1
1,20410,1,24.80116807968202,20-25,20-30,30-60
1,20422,1,27.530031427094755,25-30,20-30,30-60
1,20437,1,15.339217402157093,15-20,10-20,60-90.1
1,20453,1,15.989525188475945,15-20,10-20,60-90.1
1,20463,1,17.81091302346047,15-20,10-20,30-60
1,20475,1,33.968738169189244,30-40,30-45,60-90.1
1,20487,1,20.212733487287895,20-25,20-30,60-90.1
1,20524,1,40.29614229979031,40-50,30-45,30-60
1,20539,1,28.39024645871086,25-30,20-30,60-90.1
1,20562,1,23.175840431313876,20-25,20-30,30-60
1,20587,1,48.00918483490849,40-50,45-70,30-60
1,20600,1,14.758212269550528,10-15,10-20,60-90.1
1,20608,1,12.729760579902493,10-15,10-20,0-30
1,20618,1,29.207179528097594,25-30,20-30,0-30
1,20633,1,51.97547447692484,50-60,45-70,60-90.1
1,20659,1,26.44113732610465,25-30,20-30,60-90.1
1,20660,1,52.979475692751826,50-60,45-70,30-60
1,20687,1,17.743294469896995,15-20,10-20,60-90.1
1,20713,1,49.253602580021806,40-50,45-70,60-90.1
1,20737,1,41.24113880683013,40-50,30-45,30-60
1,20758,1,37.55123373758894,30-40,30-45,60-90.1
1,20772,1,35.62434184380025,30-40,30-45,30-60
1,20774,1,39.1933777366146,30-40,30-45,60-90.1
1,20776,1,43.449331622536896,40-50,30-45,0-30
1,20786,1,34.187311265059016,30-40,30-45,0-30
1,20788,1,40.41076743823627,40-50,30-45,30-60
1,20790,1,42.01689913912758,40-50,30-45,60-90.1
1,20798,1,20.164141836418008,20-25,20-30,30-60
1,20817,1,24.207465716438783,20-25,20-30,60-90.1
1,20847,1,15.981788546765904,15-20,10-20,60-90.1
1,20879,1,31.09904052064859,30-40,30-45,60-90.1
1,20911,1,13.155222275032367,10-15,10-20,30-60
1,20913,1,14.374699875499738,10-15,10-20,60-90.1
1,20927,1,18.441764748634018,15-20,10-20,60-90.1
1,20934,1,22.050606387736565,20-25,20-30,60-90.1
1,20943,1,22.521752122221717,20-25,20-30,30-60
1,20966,1,24.005808324428177,20-25,20-30,30-60
1,21002,1,25.812821162123456,25-30,20-30,30-60
1,21011,1,24.656301868611312,20-25,20-30,60-90.1
1,21019,1,13.422269461459551,10-15,10-20,30-60
1,21029,1,29.716417728084817,25-30,20-30,30-60
1,21043,1,12.185373888490217,10-15,10-20,60-90.1
1,21075,1,27.825522333915004,25-30,20-30,60-90.1
1,21100,1,31.26813230468553,30-40,30-45,60-90.1
1,21103,1,36.44412871322466,30-40,30-45,60-90.1
1,21114,1,23.38791340768929,20-25,20-30,60-90.1
1,21116,1,38.54619994966184,30-40,30-45,60-90.1
1,21140,1,13.181746839423395,10-15,10-20,30-60
1,21144,1,21.3123535938442,20-25,20-30,0-30
1,21163,1,31.403893480899026,30-40,30-45,30-60
1,21169,1,42.22211685827417,40-50,30-45,60-90.1
1,21172,1,15.3025286859226,15-20,10-20,60-90.1
1,21178,1,12.82171931821226,10-15,10-20,30-60
1,21184,1,43.577101595774764,40-50,30-45,60-90.1
1,21202,1,24.80492811051722,20-25,20-30,60-90.1
1,21203,1,45.60791695928064,40-50,45-70,30-60
1,21209,1,13.001125467662682,10-15,10-20,30-60
1,21216,1,46.959463783995034,40-50,45-70,0-30
1,21241,1,26.193781495915175,25-30,20-30,30-60
1,21249,1,18.573194788656306,15-20,10-20,60-90.1
1,21253,1,28.22913986789218,25-30,20-30,30-60
1,21274,1,51.66361509929555,50-60,45-70,60-90.1
1,21284,1,12.913599072995444,10-15,10-20,0-30
1,21288,1,16.289843687595177,15-20,10-20,60-90.1
1,21368,1,44.46321271681563,40-50,30-45,60-90.1
1,21436,1,19.414682007076337,15-20,10-20,30-60
1,21459,1,33.77549559099482,30-40,30-45,0-30
1,21474,1,27.748307782399216,25-30,20-30,30-60
1,21493,1,35.41907400398202,30-40,30-45,0-30
1,21535,1,12.753729765193702,10-15,10-20,30-60
1,21567,1,24.150565662528752,20-25,20-30,30-60
1,21601,1,20.81136085972822,20-25,20-30,60-90.1
1,21608,1,12.451041383839955,10-15,10-20,30-60
1,21636,1,26.99391374076669,25-30,20-30,30-60
1,21649,1,25.890270861805934,25-30,20-30,60-90.1
1,21656,1,11.098041649858963,10-15,10-20,0-30
1,21673,1,14.931723627348077,10-15,10-20,60-90.1
1,21682,1,32.3537162048725,30-40,30-45,60-90.1
1,21712,1,13.180601736880115,10-15,10-20,30-60
1,21714,1,14.471523421485719,10-15,10-20,60-90.1
1,21717,1,16.753864003454908,15-20,10-20,60-90.1
1,21743,1,12.523749166613177,10-15,10-20,30-60
1,21745,1,13.897777842859481,10-15,10-20,60-90.1
1,21748,1,16.340230602839373,15-20,10-20,60-90.1
1,21751,1,18.794171940371815,15-20,10-20,60-90.1
1,21800,1,15.221187293775248,15-20,10-20,60-90.1
1,21803,1,17.84839111801933,15-20,10-20,60-90.1
1,21841,1,17.780680310403024,15-20,10-20,60-90.1
1,21843,1,19.626912381873193,15-20,10-20,60-90.1
1,21871,1,19.671350611847537,15-20,10-20,60-90.1
1,21873,1,21.567710295775118,20-25,20-30,60-90.1
1,21883,1,17.791676058004285,15-20,10-20,60-90.1
1,21897,1,14.919019087721761,10-15,10-20,60-90.1
1,21905,1,22.437666180516654,20-25,20-30,30-60
1,21921,1,20.67171544655765,20-25,20-30,60-90.1
1,21933,1,17.739317968568944,15-20,10-20,60-90.1
1,21939,1,23.670134269252316,20-25,20-30,30-60
1,21951,1,21.66560423879171,20-25,20-30,60-90.1
1,21967,1,24.33948049461894,20-25,20-30,60-90.1
1,21972,1,51.13123181230199,50-60,45-70,60-90.1
1,21976,1,21.764398299798337,20-25,20-30,60-90.1
1,21987,1,19.10439192022899,15-20,10-20,60-90.1
1,22025,1,29.422899299158246,25-30,20-30,0-30
1,22037,1,55.26997163938238,50-60,45-70,30-60
1,22041,1,55.45618190728698,50-60,45-70,60-90.1
1,22065,1,13.178809056443246,10-15,10-20,60-90.1
1,22066,1,24.559260012271178,20-25,20-30,60-90.1
1,22080,1,17.20413979155166,15-20,10-20,60-90.1
1,22135,1,48.47624031593238,40-50,45-70,60-90.1
1,22139,1,10.187945873170618,10-15,10-20,0-30
1,22150,1,46.33229912338629,40-50,45-70,60-90.1
1,22159,1,43.56660258223387,40-50,30-45,30-60
1,22165,1,9.630644722568825,0-10,,0-30
1,22176,1,15.350726218203935,15-20,10-20,60-90.1
1,22227,1,23.226711350101397,20-25,20-30,60-90.1
1,22249,1,20.127479610309372,20-25,20-30,60-90.1
1,22274,1,16.67967491844947,15-20,10-20,30-60
1,22276,1,28.296369784927265,25-30,20-30,30-60
1,22279,1,14.331480138265066,10-15,10-20,30-60
1,22302,1,14.261227208642605,10-15,10-20,60-90.1
1,22310,1,16.411403907877023,15-20,10-20,30-60
1,22324,1,19.67857724173371,15-20,10-20,60-90.1
1,22335,1,24.911505400297656,20-25,20-30,30-60
1,22355,1,27.016800932837903,25-30,20-30,30-60
1,22390,1,28.151547808594056,25-30,20-30,30-60
1,22395,1,15.6392500961011,15-20,10-20,30-60
1,22420,1,18.40491046532972,15-20,10-20,60-90.1
1,22426,1,11.37184276408614,10-15,10-20,0-30
1,22432,1,35.0247534806192,30-40,30-45,60-90.1
1,22448,1,37.13137713910779,30-40,30-45,60-90.1
1,22461,1,38.95208859873134,30-40,30-45,60-90.1
1,22482,1,19.79163114978241,15-20,10-20,30-60
1,22484,1,27.153263518398965,25-30,20-30,60-90.1
1,22499,1,33.44684730034867,30-40,30-45,0-30
1,22502,1,11.908850170117296,10-15,10-20,0-30
1,22518,1,46.184137784584365,40-50,45-70,30-60
1,22522,1,11.838428868868263,10-15,10-20,0-30
1,22524,1,47.23765576660329,40-50,45-70,0-30
1,22529,1,48.88073660117173,40-50,45-70,60-90.1
1,22540,1,25.856227581324486,25-30,20-30,60-90.1
1,22562,1,23.036911970790097,20-25,20-30,60-90.1
1,22567,1,27.857047925762558,25-30,20-30,30-60
1,22580,1,20.63684743430345,20-25,20-30,60-90.1
1,22591,1,14.06816989591078,10-15,10-20,60-90.1
1,22607,1,55.278435012560095,50-60,45-70,30-60
1,22610,1,29.65490932230074,25-30,20-30,0-30
1,22631,1,57.90557502181266,50-60,45-70,60-90.1
1,22639,1,57.87485020858222,50-60,45-70,60-90.1
1,22645,1,55.20526949920272,50-60,45-70,60-90.1
1,22651,1,53.61959938977257,50-60,45-70,30-60
1,22660,1,52.48140763127663,50-60,45-70,30-60
1,22687,1,23.878261725304107,20-25,20-30,60-90.1
1,22764,1,11.600135798359748,10-15,10-20,60-90.1
1,22792,1,34.491885626953945,30-40,30-45,0-30
1,22802,1,14.591863805502564,10-15,10-20,30-60
1,22855,1,12.174591526223464,10-15,10-20,30-60
1,22859,1,13.358171080811474,10-15,10-20,30-60
1,22865,1,15.67525236783803,15-20,10-20,60-90.1
1,22868,1,15.20980636898839,15-20,10-20,60-90.1
1,22877,1,15.974168970597967,15-20,10-20,60-90.1
1,22883,1,17.931016453323593,15-20,10-20,60-90.1
1,22889,1,18.48043325522148,15-20,10-20,60-90.1
1,22892,1,19.458337683698794,15-20,10-20,60-90.1
1,22904,1,20.755075102838003,20-25,20-30,60-90.1
1,22910,1,20.483416273018737,20-25,20-30,30-60
1,22917,1,22.078061130861258,20-25,20-30,30-60
1,22925,1,23.67947921519579,20-25,20-30,30-60
1,22938,1,27.12820464029466,25-30,20-30,30-60
1,22960,1,29.531509438071684,25-30,20-30,30-60
1,22979,1,31.934420716535705,30-40,30-45,30-60
1,22984,1,29.843876991351742,25-30,20-30,30-60
1,22993,1,33.68818657285646,30-40,30-45,60-90.1
1,23014,1,31.782004087649778,30-40,30-45,30-60
1,23027,1,32.77700484500394,30-40,30-45,30-60
1,23030,1,11.798595497224786,10-15,10-20,0-30
1,23039,1,40.542238806654105,40-50,30-45,30-60
1,23059,1,42.342647353064024,40-50,30-45,60-90.1
1,23070,1,44.99463023535386,40-50,30-45,60-90.1
1,23093,1,11.876441072106159,10-15,10-20,0-30
1,23103,1,11.831702317639035,10-15,10-20,0-30
1,23117,1,54.517477796805636,50-60,45-70,30-60
1,23128,1,25.26056942968799,25-30,20-30,60-90.1
1,23137,1,11.628232681795547,10-15,10-20,0-30
1,23167,1,11.716531736960878,10-15,10-20,30-60
1,23184,1,57.38999281872054,50-60,45-70,0-30
1,23193,1,29.63212245266078,25-30,20-30,0-30
1,23247,1,17.04690163439959,15-20,10-20,60-90.1
1,23270,1,22.5388049829368,20-25,20-30,60-90.1
1,23302,1,45.60109744047917,40-50,45-70,60-90.1
1,23335,1,19.078115580210365,15-20,10-20,0-30
1,23349,1,25.772282277373343,25-30,20-30,60-90.1
1,23357,1,17.48065776668787,15-20,10-20,30-60
1,23362,1,28.46563089287596,25-30,20-30,0-30
1,23369,1,19.627745394118538,15-20,10-20,60-90.1
1,23392,1,32.85330895942276,30-40,30-45,30-60
1,23415,1,12.34837556331357,10-15,10-20,60-90.1
1,23440,1,15.13989950760806,15-20,10-20,60-90.1
1,23446,1,17.15153448181407,15-20,10-20,0-30
1,23453,1,15.763445829004185,15-20,10-20,60-90.1
1,23457,1,17.17601462938214,15-20,10-20,60-90.1
1,23463,1,15.968595197399894,15-20,10-20,60-90.1
1,23466,1,16.821820739103458,15-20,10-20,60-90.1
1,23489,1,16.961040376542453,15-20,10-20,60-90.1
1,23493,1,18.508883498648714,15-20,10-20,60-90.1
1,23499,1,20.375850877279913,20-25,20-30,60-90.1
1,23517,1,19.706497373682296,15-20,10-20,60-90.1
1,23521,1,22.887342444875802,20-25,20-30,60-90.1
1,23541,1,24.578200296011193,20-25,20-30,30-60
1,23560,1,14.068436440150045,10-15,10-20,60-90.1
1,23567,1,11.452004269832445,10-15,10-20,0-30
1,23601,1,10.881831722890857,10-15,10-20,0-30
1,23621,1,10.743480554802058,10-15,10-20,0-30
1,23628,1,35.325477549700594,30-40,30-45,30-60
1,23638,1,22.252886635026126,20-25,20-30,60-90.1
1,23649,1,37.44405946083583,30-40,30-45,60-90.1
1,23668,1,30.27571927405347,30-40,30-45,30-60
1,23708,1,11.294626657609571,10-15,10-20,0-30
1,23722,1,53.218414320393656,50-60,45-70,30-60
1,23747,1,17.814917022099834,15-20,10-20,60-90.1
1,23758,1,28.041752588303396,25-30,20-30,30-60
1,23759,1,56.842137833518564,50-60,45-70,30-60
1,23831,1,29.259742550921604,25-30,20-30,30-60
1,23849,1,13.567977032952598,10-15,10-20,60-90.1
1,23877,1,9.652859844921093,0-10,,0-30
1,23893,1,49.03785273814005,40-50,45-70,60-90.1
1,23901,0,35.78572556881939,30-40,30-45,30-60
1,23904,0,38.36033378284318,30-40,30-45,60-90.1
1,23924,1,43.93207834377294,40-50,30-45,60-90.1
1,23937,1,34.760564508914364,30-40,30-45,0-30
1,23945,1,15.716730993171685,15-20,10-20,60-90.1
1,24011,1,30.33728803292494,30-40,30-45,30-60
1,24022,1,11.682217519696062,10-15,10-20,30-60
1,24037,1,14.109513580316639,10-15,10-20,60-90.1
1,24070,1,17.741648600259992,15-20,10-20,60-90.1
1,24086,1,18.842321730516666,15-20,10-20,60-90.1
1,24088,1,11.705753464087762,10-15,10-20,30-60
1,24093,1,14.158107753275802,10-15,10-20,60-90.1
1,24099,1,18.862668901536537,15-20,10-20,60-90.1
1,24109,1,14.254434159763765,10-15,10-20,60-90.1
1,24114,1,16.548086674437666,15-20,10-20,60-90.1
1,24123,1,12.568636866310042,10-15,10-20,60-90.1
1,24127,1,14.696532474029437,10-15,10-20,60-90.1
1,24132,1,16.859089662236002,15-20,10-20,60-90.1
1,24138,1,20.944398826621278,20-25,20-30,60-90.1
1,24140,1,21.470668513675893,20-25,20-30,30-60
1,24173,1,18.12367009792951,15-20,10-20,60-90.1
1,24178,1,20.128734484224466,20-25,20-30,60-90.1
1,24186,1,18.56375218660011,15-20,10-20,60-90.1
1,24191,1,20.844924857362194,20-25,20-30,60-90.1
1,24204,1,25.85873192011403,25-30,20-30,60-90.1
1,24234,1,25.687673488437582,25-30,20-30,30-60
1,24236,1,29.273058488960924,25-30,20-30,30-60
1,24264,1,31.1860665119545,30-40,30-45,30-60
1,24314,1,25.60724733202964,25-30,20-30,60-90.1
1,24328,1,11.65551891894296,10-15,10-20,0-30
1,24336,1,32.102042600148465,30-40,30-45,30-60
1,24341,1,40.35530961162842,40-50,30-45,30-60
1,24351,1,43.58931218666915,40-50,30-45,60-90.1
1,24355,1,11.816504680956887,10-15,10-20,0-30
1,24357,1,45.147097252467866,40-50,45-70,30-60
1,24368,1,47.153673302693235,40-50,45-70,30-60
1,24371,1,48.767161947524954,40-50,45-70,60-90.1
1,24378,1,11.515205992929245,10-15,10-20,0-30
1,24380,1,51.24803014834787,50-60,45-70,60-90.1
1,24393,1,54.93687877150862,50-60,45-70,30-60
1,24408,1,22.982421538816432,20-25,20-30,60-90.1
1,24425,1,15.62927081475692,15-20,10-20,60-90.1
1,24430,1,20.460887619594423,20-25,20-30,60-90.1
1,24435,1,25.338526117614364,25-30,20-30,60-90.1
1,24440,1,58.82928318524567,50-60,45-70,60-90.1
1,24450,1,28.91908628705727,25-30,20-30,30-60
1,24460,1,60.07682321778446,60-90,45-70,60-90.1
1,24464,1,12.941269188664208,10-15,10-20,60-90.1
1,24472,1,60.70529791557028,60-90,45-70,30-60
1,24475,1,61.08199025221853,60-90,45-70,30-60
1,24478,1,55.49800881736031,50-60,45-70,30-60
1,24481,1,58.25420173006112,50-60,45-70,30-60
1,24490,1,29.04325865354207,25-30,20-30,30-60
1,24511,1,50.9426458024359,50-60,45-70,30-60
1,24577,1,17.258390674864224,15-20,10-20,60-90.1
1,24582,1,22.22286780186024,20-25,20-30,60-90.1
1,24601,0,40.48409891628448,40-50,30-45,60-90.1
1,24612,0,41.36838718915738,40-50,30-45,30-60
1,24615,1,9.735740180716334,0-10,,0-30
1,24621,1,41.90117971591314,40-50,30-45,30-60
1,24650,1,18.250976303027247,15-20,10-20,30-60
1,24651,1,33.97486363102027,30-40,30-45,0-30
1,24689,1,29.068861084180185,25-30,20-30,0-30
1,24690,1,34.28586876971969,30-40,30-45,60-90.1
1,24723,1,12.74943240664185,10-15,10-20,30-60
1,24730,1,13.3855522010941,10-15,10-20,0-30
1,24739,1,12.988221260683707,10-15,10-20,0-30
1,24741,1,12.980079092521365,10-15,10-20,0-30
1,24743,1,15.19661167589765,15-20,10-20,60-90.1
1,24754,1,13.228303513883448,10-15,10-20,30-60
1,24782,1,14.166743032212429,10-15,10-20,30-60
1,24803,1,19.447201132071843,15-20,10-20,60-90.1
1,24807,1,20.761381356728894,20-25,20-30,60-90.1
1,24817,1,22.231421292733863,20-25,20-30,60-90.1
1,24826,1,21.44070907302188,20-25,20-30,60-90.1
1,24837,1,15.61123778599796,15-20,10-20,60-90.1
1,24878,1,21.39067255758332,20-25,20-30,60-90.1
1,24883,1,19.961514644557404,15-20,10-20,60-90.1
1,24893,1,22.19728022496641,20-25,20-30,60-90.1
1,24900,1,12.296216902160321,10-15,10-20,30-60
1,24933,1,25.980451920371614,25-30,20-30,60-90.1
1,24942,1,26.72401164095396,25-30,20-30,60-90.1
1,24948,1,10.776196441848525,10-15,10-20,0-30
1,24958,1,17.017831304015335,15-20,10-20,30-60
1,24970,1,10.470219411980615,10-15,10-20,0-30
1,24975,1,33.64232261872768,30-40,30-45,30-60
1,24978,1,19.88280169664806,15-20,10-20,60-90.1
1,24988,1,35.103907056801596,30-40,30-45,30-60
1,24995,1,10.90171449195818,10-15,10-20,0-30
1,25025,1,33.622504480125734,30-40,30-45,0-30
1,25036,1,41.99372670140497,40-50,30-45,30-60
1,25038,1,42.56314558930124,40-50,30-45,30-60
1,25053,1,21.65516075200517,20-25,20-30,60-90.1
1,25079,1,21.474771659405366,20-25,20-30,60-90.1
1,25082,1,24.405603670445153,20-25,20-30,60-90.1
1,25099,1,29.749883255019036,25-30,20-30,60-90.1
1,25111,1,27.482984956444874,25-30,20-30,60-90.1
1,25122,1,24.53338274746695,20-25,20-30,60-90.1
1,25130,1,32.31177413559131,30-40,30-45,60-90.1
1,25133,1,53.034106976236494,50-60,45-70,30-60
1,25149,1,11.551792051258543,10-15,10-20,0-30
1,25153,1,27.45137872650104,25-30,20-30,60-90.1
1,25156,1,30.46549090246184,30-40,30-45,60-90.1
1,25177,1,56.904722528058485,50-60,45-70,60-90.1
1,25218,1,17.186717610905912,15-20,10-20,60-90.1
1,25235,1,29.600790700425648,25-30,20-30,30-60
1,25262,1,54.2537398434259,50-60,45-70,0-30
1,25292,1,29.21533861571285,25-30,20-30,30-60
1,25293,0,42.8214777266055,40-50,30-45,60-90.1
1,25357,0,44.78121285449484,40-50,30-45,60-90.1
1,25403,1,11.425116778042261,10-15,10-20,30-60
1,25421,1,23.990452729649522,20-25,20-30,60-90.1
1,25425,1,27.709801712021147,25-30,20-30,30-60
1,25449,1,19.342819760841426,15-20,10-20,60-90.1
1,25456,1,17.351832051332647,15-20,10-20,60-90.1
1,25509,1,16.19850747328467,15-20,10-20,30-60
1,25520,1,17.332556735781388,15-20,10-20,60-90.1
1,25529,1,16.629027439975005,15-20,10-20,60-90.1
1,25533,1,18.130617595761404,15-20,10-20,60-90.1
1,25551,1,19.96376569625513,15-20,10-20,60-90.1
1,25558,1,19.053037524275503,15-20,10-20,60-90.1
1,25579,1,21.248760480941478,20-25,20-30,60-90.1
1,25585,1,13.442345473881185,10-15,10-20,60-90.1
1,25590,1,23.12969327498758,20-25,20-30,30-60
1,25591,1,24.193142447481918,20-25,20-30,60-90.1
1,25602,1,23.899128170226916,20-25,20-30,60-90.1
1,25604,1,24.19706444983827,20-25,20-30,30-60
1,25610,1,16.875880979138934,15-20,10-20,60-90.1
1,25614,1,23.89392678667673,20-25,20-30,60-90.1
1,25646,1,20.57212429804148,20-25,20-30,60-90.1
1,25650,1,23.046113494744823,20-25,20-30,60-90.1
1,25667,1,29.324330800521444,25-30,20-30,0-30
1,25722,1,29.92689398896188,25-30,20-30,60-90.1
1,25742,1,32.34214083261339,30-40,30-45,30-60
1,25743,1,36.30126875015634,30-40,30-45,30-60
1,25748,1,23.345969389793005,20-25,20-30,60-90.1
1,25767,1,28.383941574333086,25-30,20-30,60-90.1
1,25789,1,16.595329732288928,15-20,10-20,60-90.1
1,25808,1,12.2094515842824,10-15,10-20,30-60
1,25820,1,46.781248801797155,40-50,45-70,60-90.1
1,25824,1,17.280047890278066,15-20,10-20,60-90.1
1,25826,1,19.30268620113413,15-20,10-20,30-60
1,25844,1,48.6778592892021,40-50,45-70,60-90.1
1,25845,1,11.95829301578251,10-15,10-20,30-60
1,25851,1,26.643118053044887,25-30,20-30,60-90.1
1,25861,1,18.84897322067384,15-20,10-20,60-90.1
1,25868,1,50.6850601970269,50-60,45-70,60-90.1
1,25886,1,21.61068029929753,20-25,20-30,60-90.1
1,25900,1,19.28507470640481,15-20,10-20,60-90.1
1,25921,1,24.67789910800828,20-25,20-30,60-90.1
1,25933,1,21.676741430199737,20-25,20-30,60-90.1
1,25962,1,34.177243977585675,30-40,30-45,60-90.1
1,25965,1,10.826146141262383,10-15,10-20,0-30
1,25970,1,29.473124025710923,25-30,20-30,60-90.1
1,25972,1,31.473049195123988,30-40,30-45,60-90.1
1,25981,1,10.551552967887947,10-15,10-20,0-30
1,25987,1,22.52503168435022,20-25,20-30,60-90.1
1,26007,1,25.53013612367988,25-30,20-30,60-90.1
1,26031,1,30.02967728346186,30-40,30-45,0-30
1,26094,1,13.819849427458257,10-15,10-20,60-90.1
1,26105,1,28.15830690113206,25-30,20-30,60-90.1
1,26112,1,50.20916810608577,50-60,45-70,60-90.1
1,26156,1,47.73113607801114,40-50,45-70,60-90.1
1,26191,1,13.956524813598032,10-15,10-20,60-90.1
1,26232,1,17.09285817439699,15-20,10-20,0-30
1,26233,1,21.13144601720663,20-25,20-30,60-90.1
1,26262,1,32.21921733645461,30-40,30-45,30-60
1,26313,1,15.496938197578514,15-20,10-20,60-90.1
1,26316,1,16.138962248734632,15-20,10-20,60-90.1
1,26330,1,19.1287749527099,15-20,10-20,60-90.1
1,26346,1,18.52592610910116,15-20,10-20,60-90.1
1,26358,1,21.29845090153679,20-25,20-30,30-60
1,26364,1,20.693028253271102,20-25,20-30,60-90.1
1,26394,1,23.44455027575735,20-25,20-30,60-90.1
1,26412,1,27.43138114160092,25-30,20-30,60-90.1
1,26432,1,18.901971067610006,15-20,10-20,60-90.1
1,26465,1,30.548147175080665,30-40,30-45,30-60
1,26471,1,14.218887463043515,10-15,10-20,60-90.1
1,26474,1,24.949063671898937,20-25,20-30,60-90.1
1,26491,1,10.06113227306198,10-15,10-20,0-30
1,26500,1,16.564526461731027,15-20,10-20,60-90.1
1,26524,1,11.11423381062477,10-15,10-20,0-30
1,26548,1,11.563972764732712,10-15,10-20,30-60
1,26554,1,38.2511181545959,30-40,30-45,60-90.1
1,26576,1,30.745599628890595,30-40,30-45,30-60
1,26583,1,40.70539090515806,40-50,30-45,60-90.1
1,26584,1,12.062577461148988,10-15,10-20,30-60
1,26595,1,42.317513869836176,40-50,30-45,30-60
1,26597,1,42.84651719336381,40-50,30-45,0-30
1,26599,1,43.35625046023657,40-50,30-45,0-30
1,26604,1,13.857299476099165,10-15,10-20,60-90.1
1,26609,1,18.803855423715905,15-20,10-20,60-90.1
1,26612,1,44.1229820343923,40-50,30-45,30-60
1,26630,1,14.273383723234682,10-15,10-20,60-90.1
1,26634,1,24.031829387020004,20-25,20-30,60-90.1
1,26673,1,16.22171478310523,15-20,10-20,60-90.1
1,26675,1,31.507481008283712,30-40,30-45,60-90.1
1,26686,1,34.36318395079167,30-40,30-45,60-90.1
1,26691,1,11.382647361760199,10-15,10-20,0-30
1,26709,1,16.68447495262651,15-20,10-20,60-90.1
1,26718,1,53.93019384933726,50-60,45-70,30-60
1,26732,1,36.26074136774524,30-40,30-45,60-90.1
1,26764,1,26.60728362698496,25-30,20-30,60-90.1
1,26775,1,58.20125507126835,50-60,45-70,60-90.1
1,26795,1,60.19842753815369,60-90,45-70,60-90.1
1,26815,1,10.241799475475624,10-15,10-20,0-30
1,26817,1,14.585226678876372,10-15,10-20,60-90.1
1,26822,1,19.550780014678292,15-20,10-20,60-90.1
1,26844,1,62.722503670896586,60-90,45-70,0-30
1,26858,1,60.77329857451854,60-90,45-70,0-30
1,26866,1,54.16382860917971,50-60,45-70,0-30
1,26868,1,56.0903871164671,50-60,45-70,0-30
1,26870,1,57.74183318594595,50-60,45-70,0-30
1,26873,1,30.361953945527105,30-40,30-45,0-30
1,26914,0,40.585380792755984,40-50,30-45,30-60
1,26932,1,22.02899931633204,20-25,20-30,60-90.1
1,26965,1,50.62481038364579,50-60,45-70,60-90.1
1,26979,0,37.5027652751059,30-40,30-45,60-90.1
1,26987,0,34.91119519627657,30-40,30-45,0-30
1,26999,1,44.401863497846485,40-50,30-45,30-60
1,27013,1,16.000678050334773,15-20,10-20,60-90.1
1,27018,1,17.523170261925536,15-20,10-20,0-30
1,27031,1,34.100321931654754,30-40,30-45,30-60
1,27053,1,29.668360349393527,25-30,20-30,30-60
1,27084,1,14.270190454370393,10-15,10-20,0-30
1,27100,1,16.0042460382348,15-20,10-20,60-90.1
1,27107,1,13.871907943823315,10-15,10-20,60-90.1
1,27138,1,16.742950478097626,15-20,10-20,60-90.1
1,27170,1,19.993547224540308,15-20,10-20,60-90.1
1,27196,1,15.031404773325875,15-20,10-20,60-90.1
1,27199,1,22.753024335049794,20-25,20-30,60-90.1
1,27239,1,26.627353405939242,25-30,20-30,30-60
1,27252,1,26.11629686627023,25-30,20-30,60-90.1
1,27265,1,22.774049775482087,20-25,20-30,60-90.1
1,27291,1,31.93104182168912,30-40,30-45,30-60
1,27307,1,28.021504073815795,25-30,20-30,60-90.1
1,27318,1,33.668911260956484,30-40,30-45,30-60
1,27336,1,20.605009350179216,20-25,20-30,60-90.1
1,27358,1,13.163942286926044,10-15,10-20,60-90.1
1,27361,1,26.147268678207304,25-30,20-30,60-90.1
1,27379,1,32.3734932057822,30-40,30-45,30-60
1,27397,1,20.51733454829505,20-25,20-30,60-90.1
1,27410,1,46.96514756725642,40-50,45-70,60-90.1
1,27421,1,28.535056380579103,25-30,20-30,60-90.1
1,27424,1,48.81124745309152,40-50,45-70,60-90.1
1,27428,1,13.967438151371688,10-15,10-20,60-90.1
1,27453,1,52.25454970619073,50-60,45-70,30-60
1,27477,1,10.716519017121067,10-15,10-20,0-30
1,27490,1,18.591145472339203,15-20,10-20,60-90.1
1,27510,1,21.23065448135532,20-25,20-30,60-90.1
1,27512,1,23.680178991518027,20-25,20-30,60-90.1
1,27528,1,33.9979520607878,30-40,30-45,60-90.1
1,27540,1,30.881866685000148,30-40,30-45,60-90.1
1,27556,1,28.218676465495513,25-30,20-30,60-90.1
1,27566,1,60.97319719790303,60-90,45-70,30-60
1,27588,1,21.550336084687185,20-25,20-30,60-90.1
1,27593,1,26.496155703257095,25-30,20-30,60-90.1
1,27597,1,60.25741035105244,60-90,45-70,30-60
1,27603,1,63.32079108897294,60-90,45-70,60-90.1
1,27648,1,11.648377210195695,10-15,10-20,60-90.1
1,27668,1,31.007601150377717,30-40,30-45,0-30
1,27674,1,51.737505575231424,50-60,45-70,60-90.1
1,27739,0,46.01588374205315,40-50,45-70,60-90.1
1,27744,1,9.760987061693507,0-10,,30-60
1,27748,1,16.795385109445483,15-20,10-20,60-90.1
1,27758,1,26.632886090980982,25-30,20-30,60-90.1
1,27788,0,43.306473973253766,40-50,30-45,60-90.1
1,27799,1,47.75828054501523,40-50,45-70,60-90.1
1,27801,1,9.59551109301842,0-10,,0-30
1,27830,1,34.23306374660605,30-40,30-45,60-90.1
1,27846,1,28.75320044032934,25-30,20-30,30-60
1,27852,1,23.312957960923715,20-25,20-30,60-90.1
1,27914,1,12.52572574925011,10-15,10-20,30-60
1,27919,1,16.115911963640222,15-20,10-20,60-90.1
1,27954,1,13.211286546688413,10-15,10-20,60-90.1
1,27956,1,14.433824821942752,10-15,10-20,60-90.1
1,27958,1,14.99216366884463,10-15,10-20,60-90.1
1,27963,1,18.41171713565742,15-20,10-20,60-90.1
1,27983,1,20.139341267370185,20-25,20-30,60-90.1
1,27997,1,20.08808282403189,20-25,20-30,60-90.1
1,28005,1,14.918168885040659,10-15,10-20,60-90.1
1,28007,1,15.894727534745524,15-20,10-20,60-90.1
1,28009,1,16.81155900869417,15-20,10-20,60-90.1
1,28011,1,17.722404609791084,15-20,10-20,60-90.1
1,28016,1,21.850147905166878,20-25,20-30,60-90.1
1,28034,1,11.395185609239643,10-15,10-20,60-90.1
1,28046,1,24.500415962384654,20-25,20-30,60-90.1
1,28052,1,17.51174938052771,15-20,10-20,60-90.1
1,28054,1,18.51051856692922,15-20,10-20,60-90.1
1,28056,1,19.4768155001936,15-20,10-20,60-90.1
1,28075,1,21.593657823450545,20-25,20-30,60-90.1
1,28090,1,25.58402823733536,25-30,20-30,0-30
1,28094,1,16.763855221673058,15-20,10-20,60-90.1
1,28097,1,21.716041220149965,20-25,20-30,60-90.1
1,28099,1,22.627857032350125,20-25,20-30,60-90.1
1,28103,1,26.085495414324946,25-30,20-30,0-30
1,28114,1,24.29557441253429,20-25,20-30,60-90.1
1,28147,1,20.795292577322826,20-25,20-30,60-90.1
1,28160,1,30.221384810166242,30-40,30-45,30-60
1,28163,1,12.146293628864266,10-15,10-20,60-90.1
1,28194,1,14.895601618698226,10-15,10-20,60-90.1
1,28202,1,10.57883093711094,10-15,10-20,0-30
1,28218,1,34.85975934959979,30-40,30-45,30-60
1,28234,1,36.54808982074435,30-40,30-45,30-60
1,28235,1,11.36078493855847,10-15,10-20,0-30
1,28240,1,31.85122013493022,30-40,30-45,30-60
1,28250,1,38.50922032418129,30-40,30-45,60-90.1
1,28264,1,15.349431245172557,15-20,10-20,60-90.1
1,28267,1,28.663714837633595,25-30,20-30,60-90.1
1,28285,1,42.783556984490275,40-50,30-45,0-30
1,28287,1,43.3159073331231,40-50,30-45,0-30
1,28289,1,44.04855395909957,40-50,30-45,0-30
1,28302,1,25.35046139875195,25-30,20-30,60-90.1
1,28317,1,32.81136252070307,30-40,30-45,60-90.1
1,28327,1,50.47955475638318,50-60,45-70,30-60
1,28334,1,35.59056496767778,30-40,30-45,60-90.1
1,28340,1,52.80524051627999,50-60,45-70,30-60
1,28345,1,13.311073313263565,10-15,10-20,60-90.1
1,28358,1,37.77529319090166,30-40,30-45,30-60
1,28369,1,55.36184324724394,50-60,45-70,60-90.1
1,28372,1,15.573103605864516,15-20,10-20,60-90.1
1,28388,1,10.567894460896522,10-15,10-20,0-30
1,28395,1,36.89001118955112,30-40,30-45,60-90.1
1,28413,1,58.56581822305236,50-60,45-70,30-60
1,28419,1,59.32348958529888,50-60,45-70,0-30
1,28447,1,10.28481319437177,10-15,10-20,0-30
1,28449,1,25.607518061967877,25-30,20-30,60-90.1
1,28486,1,16.065657076991254,15-20,10-20,60-90.1
1,28509,1,18.884328066985553,15-20,10-20,60-90.1
1,28515,1,26.57858254144483,25-30,20-30,60-90.1
1,28519,1,57.806861730910576,50-60,45-70,30-60
1,28521,1,58.98430697725343,50-60,45-70,30-60
1,28546,1,56.96922496318671,50-60,45-70,60-90.1
1,28556,0,44.21171829958821,40-50,30-45,30-60
1,28564,1,56.017231746639844,50-60,45-70,60-90.1
1,28590,1,53.85030101087275,50-60,45-70,60-90.1
1,28593,1,30.73247355564985,30-40,30-45,30-60
1,28594,0,41.26287922058932,40-50,30-45,60-90.1
1,28626,0,37.20818375294077,30-40,30-45,30-60
1,28661,1,20.84365233762863,20-25,20-30,60-90.1
1,28731,1,24.973336126170434,20-25,20-30,60-90.1
1,28768,1,33.86221733719574,30-40,30-45,60-90.1
1,28774,1,30.94182939309085,30-40,30-45,0-30
1,28804,1,14.567910617362807,10-15,10-20,60-90.1
1,28820,1,17.173782408638104,15-20,10-20,60-90.1
1,28837,1,17.856515741003392,15-20,10-20,60-90.1
1,28852,1,12.278230640866933,10-15,10-20,60-90.1
1,28873,1,22.132459760802934,20-25,20-30,60-90.1
1,28889,1,23.868155134963356,20-25,20-30,60-90.1
1,28901,1,13.492262759433949,10-15,10-20,60-90.1
1,28916,1,20.730433894512245,20-25,20-30,60-90.1
1,28955,1,24.64983419795998,20-25,20-30,60-90.1
1,28957,1,26.031293146045098,25-30,20-30,60-90.1
1,28981,1,27.544052027579134,25-30,20-30,30-60
1,28985,1,31.01296617685841,30-40,30-45,0-30
1,29014,1,26.295799094124803,25-30,20-30,60-90.1
1,29030,1,17.883713632084937,15-20,10-20,60-90.1
1,29036,1,10.979726026994504,10-15,10-20,0-30
1,29059,1,11.943245123220146,10-15,10-20,30-60
1,29071,1,24.5854387034404,20-25,20-30,60-90.1
1,29100,1,41.42436156901115,40-50,30-45,30-60
1,29102,1,42.2716547046305,40-50,30-45,0-30
1,29115,1,21.693303915156914,20-25,20-30,60-90.1
1,29131,1,30.1778698984646,30-40,30-45,60-90.1
1,29144,1,50.384208836515704,50-60,45-70,30-60
1,29146,1,51.39302924257873,50-60,45-70,0-30
1,29167,1,12.765378285290979,10-15,10-20,60-90.1
1,29179,1,38.766021375509375,30-40,30-45,30-60
1,29202,1,17.66128457403604,15-20,10-20,60-90.1
1,29208,1,57.571758663013576,50-60,45-70,30-60
1,29213,1,58.26206632349569,50-60,45-70,30-60
1,29239,1,34.898093424060214,30-40,30-45,60-90.1
1,29248,1,23.5976905590862,20-25,20-30,60-90.1
1,29264,1,30.238407011549906,30-40,30-45,60-90.1
1,29270,1,9.577814354222077,0-10,,0-30
1,29292,1,22.628209287935928,20-25,20-30,60-90.1
1,29322,1,13.455493133893684,10-15,10-20,60-90.1
1,29368,0,43.97881488846003,40-50,30-45,60-90.1
1,29388,1,50.94028022627099,50-60,45-70,30-60
1,29393,1,13.353044529337135,10-15,10-20,60-90.1
1,29403,0,45.93496466195031,40-50,45-70,60-90.1
1,29420,1,26.10732997262428,25-30,20-30,60-90.1
1,29428,1,49.14946168339433,40-50,45-70,60-90.1
1,29445,0,34.47740866370202,30-40,30-45,60-90.1
1,29466,1,10.581593422331256,10-15,10-20,30-60
1,29472,0,45.811647313716875,40-50,45-70,30-60
1,29475,1,12.013744950986764,10-15,10-20,60-90.1
1,29490,1,33.875399673456066,30-40,30-45,30-60
1,29561,1,13.852046826311774,10-15,10-20,0-30
1,29572,1,15.73842352508081,15-20,10-20,30-60
1,29584,1,18.511813349458013,15-20,10-20,60-90.1
1,29599,1,19.036775544964115,15-20,10-20,60-90.1
1,29600,1,20.504540738414526,20-25,20-30,60-90.1
1,29606,1,20.179016516506074,20-25,20-30,60-90.1
1,29630,1,15.683496671110685,15-20,10-20,60-90.1
1,29667,1,19.173817526549147,15-20,10-20,60-90.1
1,29672,1,27.65140350949674,25-30,20-30,60-90.1
1,29701,1,19.113908494227232,15-20,10-20,60-90.1
1,29705,1,23.395407917250676,20-25,20-30,60-90.1
1,29708,1,27.393553460780904,25-30,20-30,0-30
1,29748,1,32.120191169865315,30-40,30-45,0-30
1,29751,1,9.927773904956815,0-10,,0-30
1,29770,1,24.331999903355356,20-25,20-30,60-90.1
1,29774,1,33.30759986010543,30-40,30-45,30-60
1,29792,1,34.97142572774039,30-40,30-45,30-60
1,29804,1,11.076814932061874,10-15,10-20,0-30
1,29808,1,29.611962059497422,25-30,20-30,60-90.1
1,29822,1,22.209464738176806,20-25,20-30,60-90.1
1,29830,1,13.253906561774476,10-15,10-20,60-90.1
1,29836,1,26.57512425900966,25-30,20-30,30-60
1,29853,1,30.438949294874824,30-40,30-45,30-60
1,29861,1,16.70016939869989,15-20,10-20,60-90.1
1,29870,1,43.105976715167,40-50,30-45,0-30
1,29872,1,43.35025338879488,40-50,30-45,30-60
1,29888,1,45.777991360452965,40-50,45-70,60-90.1
1,29896,1,26.971184604335694,25-30,20-30,60-90.1
1,29902,1,48.42895333092475,40-50,45-70,60-90.1
1,29932,1,54.38260722779453,50-60,45-70,60-90.1
1,29948,1,56.28354225492288,50-60,45-70,60-90.1
1,29954,1,15.096440307285025,15-20,10-20,60-90.1
1,29957,1,40.15683165586044,40-50,30-45,30-60
1,29960,1,56.73753153616381,50-60,45-70,30-60
1,29972,1,38.03811101975038,30-40,30-45,30-60
1,29995,1,21.461688149867854,20-25,20-30,60-90.1
1,30003,1,18.96644465593463,15-20,10-20,60-90.1
1,30028,1,56.731736719011664,50-60,45-70,60-90.1
1,30031,1,27.62482981981181,25-30,20-30,60-90.1
1,30035,1,31.667615593859505,30-40,30-45,60-90.1
1,30041,1,58.377823766918304,50-60,45-70,60-90.1
1,30051,1,9.716076777854884,0-10,,0-30
1,30064,1,27.80391043223051,25-30,20-30,60-90.1
1,30068,1,59.25300376845858,50-60,45-70,60-90.1
1,30074,1,15.697628166710109,15-20,10-20,60-90.1
1,30110,1,30.472165643914696,30-40,30-45,30-60
1,30120,1,53.862107631897615,50-60,45-70,30-60
1,30208,0,47.65958361734935,40-50,45-70,60-90.1
1,30240,1,14.143476725863009,10-15,10-20,60-90.1
1,30246,1,15.932966311134129,15-20,10-20,30-60
1,30250,1,16.76562520497857,15-20,10-20,0-30
1,30259,1,28.58777462652642,25-30,20-30,30-60
1,30280,1,20.436251365772836,20-25,20-30,60-90.1
1,30282,1,22.151692959498025,20-25,20-30,60-90.1
1,30315,1,14.30081886987617,10-15,10-20,0-30
1,30321,1,14.33631273272,10-15,10-20,0-30
1,30342,1,17.469667466899523,15-20,10-20,60-90.1
1,30360,1,18.992762695011713,15-20,10-20,60-90.1
1,30376,1,13.378566315011676,10-15,10-20,60-90.1
1,30379,1,21.614151057110593,20-25,20-30,60-90.1
1,30406,1,24.296606957086503,20-25,20-30,60-90.1
1,30410,1,12.35366483468271,10-15,10-20,60-90.1
1,30413,1,17.133617288801837,15-20,10-20,60-90.1
1,30416,1,25.177015320555565,25-30,20-30,60-90.1
1,30423,1,15.218894822756251,15-20,10-20,60-90.1
1,30450,1,26.872493299754108,25-30,20-30,0-30
1,30458,1,22.35190048395426,20-25,20-30,60-90.1
1,30464,1,30.537711147040778,30-40,30-45,30-60
1,30468,1,11.650544522042468,10-15,10-20,60-90.1
1,30510,1,24.955586372744108,20-25,20-30,60-90.1
1,30512,1,26.25064326050445,25-30,20-30,60-90.1
1,30515,1,28.03938518018807,25-30,20-30,0-30
1,30523,1,13.991279179256255,10-15,10-20,60-90.1
1,30555,1,16.902696095536466,15-20,10-20,60-90.1
1,30570,1,36.062731877496205,30-40,30-45,30-60
1,30583,1,20.309624018093785,20-25,20-30,60-90.1
1,30592,1,11.324779264436454,10-15,10-20,30-60
1,30597,1,24.787212105018952,20-25,20-30,30-60
1,30602,1,28.446054522399006,25-30,20-30,30-60
1,30620,1,41.01633584245763,40-50,30-45,30-60
1,30622,1,41.93534883722784,40-50,30-45,0-30
1,30624,1,42.64648175911437,40-50,30-45,0-30
1,30632,1,14.915073586555362,10-15,10-20,60-90.1
1,30635,1,18.150109826311095,15-20,10-20,60-90.1
1,30654,1,23.170508070593158,20-25,20-30,60-90.1
1,30672,1,30.652499602174522,30-40,30-45,60-90.1
1,30675,1,33.7575922368365,30-40,30-45,30-60
1,30680,1,36.820905393730335,30-40,30-45,60-90.1
1,30687,1,51.78263115204842,50-60,45-70,30-60
1,30689,1,39.38969289186571,30-40,30-45,60-90.1
1,30697,1,40.548051796617514,40-50,30-45,30-60
1,30709,1,11.972059125335146,10-15,10-20,60-90.1
1,30735,1,40.232043431447714,40-50,30-45,30-60
1,30739,1,11.305106042224125,10-15,10-20,30-60
1,30760,1,35.3106767726689,30-40,30-45,60-90.1
1,30809,1,23.1509552207709,20-25,20-30,60-90.1
1,30823,1,19.529491328391554,15-20,10-20,60-90.1
1,30836,1,10.857305397072002,10-15,10-20,30-60
1,30846,1,58.81864717979731,50-60,45-70,60-90.1
1,30857,1,57.59882400845507,50-60,45-70,60-90.1
1,30871,0,40.444774228416,40-50,30-45,30-60
1,30901,0,43.14828952235124,40-50,30-45,30-60
1,30907,0,50.101573634085824,50-60,45-70,0-30
1,30914,1,16.29674450587781,15-20,10-20,60-90.1
1,30917,1,28.257105632347567,25-30,20-30,60-90.1
1,30923,0,44.98627189263875,40-50,30-45,30-60
1,30925,0,47.07465674939561,40-50,45-70,0-30
1,30928,1,10.27591065365903,10-15,10-20,0-30
1,30947,1,19.982025396668725,15-20,10-20,60-90.1
1,30955,0,45.25132879673737,40-50,45-70,60-90.1
1,30978,1,34.050107324709536,30-40,30-45,60-90.1
1,31020,1,26.078292796489166,25-30,20-30,60-90.1
1,31032,1,23.506632648099,20-25,20-30,60-90.1
1,31043,1,17.680327719869993,15-20,10-20,0-30
1,31080,1,18.826607837500283,15-20,10-20,30-60
1,31100,1,20.262669724463315,20-25,20-30,60-90.1
1,31103,1,23.055958532331594,20-25,20-30,60-90.1
1,31119,1,13.9120277130729,10-15,10-20,0-30
1,31133,1,14.60885126046118,10-15,10-20,30-60
1,31138,1,16.26398617965337,15-20,10-20,60-90.1
1,31148,1,18.422679000697823,15-20,10-20,60-90.1
1,31177,1,19.825535495313154,15-20,10-20,60-90.1
1,31179,1,22.303543711740215,20-25,20-30,60-90.1
1,31183,1,12.004385715856642,10-15,10-20,60-90.1
1,31193,1,21.049575321518308,20-25,20-30,60-90.1
1,31213,1,25.740151387699346,25-30,20-30,60-90.1
1,31247,1,20.20141210316053,20-25,20-30,60-90.1
1,31253,1,17.64384807077117,15-20,10-20,60-90.1
1,31269,1,31.395226189781738,30-40,30-45,0-30
1,31281,1,28.31548534593809,25-30,20-30,0-30
1,31292,1,22.07650540254909,20-25,20-30,60-90.1
1,31293,1,23.421081340597617,20-25,20-30,60-90.1
1,31319,1,10.261628430879737,10-15,10-20,0-30
1,31353,1,27.558990599660625,25-30,20-30,60-90.1
1,31386,1,38.387071796262475,30-40,30-45,60-90.1
1,31409,1,12.721927156627697,10-15,10-20,30-60
1,31417,1,15.689484117422484,15-20,10-20,60-90.1
1,31430,1,19.05308461722006,15-20,10-20,60-90.1
1,31439,1,13.427444255205087,10-15,10-20,60-90.1
1,31450,1,27.2726249496937,25-30,20-30,60-90.1
1,31468,1,50.06146777061963,50-60,45-70,30-60
1,31470,1,50.88557225544742,50-60,45-70,0-30
1,31497,1,55.67263785501854,50-60,45-70,30-60
1,31515,1,14.405316343549236,10-15,10-20,60-90.1
1,31527,1,16.439875225250077,15-20,10-20,60-90.1
1,31529,1,39.70344494939003,30-40,30-45,60-90.1
1,31571,1,24.630585834253587,20-25,20-30,60-90.1
1,31579,1,32.801986841385535,30-40,30-45,60-90.1
1,31601,1,60.179418859956186,60-90,45-70,60-90.1
1,31615,1,27.98424066817048,25-30,20-30,60-90.1
1,31632,1,60.212020923539285,60-90,45-70,60-90.1
1,31639,1,30.41947256300378,30-40,30-45,30-60
1,31653,1,58.234310043090396,50-60,45-70,60-90.1
1,31682,0,37.13391923084498,30-40,30-45,60-90.1
1,31690,0,48.821763082321006,40-50,45-70,30-60
1,31694,1,52.75933446982566,50-60,45-70,30-60
1,31740,1,23.180455064743597,20-25,20-30,60-90.1
1,31744,0,34.79062020870387,30-40,30-45,60-90.1
1,31749,1,9.852688035590573,0-10,,0-30
1,31812,1,30.339936027708823,30-40,30-45,0-30
1,31827,1,27.02571131057844,25-30,20-30,60-90.1
1,31835,1,32.96418786444836,30-40,30-45,60-90.1
1,31842,1,24.91966251002298,20-25,20-30,30-60
1,31877,1,14.571972269011304,10-15,10-20,0-30
1,31885,1,14.81600196749866,10-15,10-20,0-30
1,31902,1,16.080470451662354,15-20,10-20,30-60
1,31908,1,15.338746120792377,15-20,10-20,60-90.1
1,31915,1,19.106457263560177,15-20,10-20,60-90.1
1,31916,1,15.667001272307658,15-20,10-20,60-90.1
1,31919,1,16.967287897934302,15-20,10-20,60-90.1
1,31927,1,17.7301322402995,15-20,10-20,60-90.1
1,31950,1,19.284880192573723,15-20,10-20,60-90.1
1,31984,1,22.985146128155943,20-25,20-30,60-90.1
1,31990,1,15.824882012193523,15-20,10-20,60-90.1
1,31992,1,23.739447900047512,20-25,20-30,60-90.1
1,32004,1,28.17537541148191,25-30,20-30,60-90.1
1,32006,1,14.392113558607695,10-15,10-20,60-90.1
1,32011,1,25.601635536946734,25-30,20-30,60-90.1
1,32019,1,18.804232933402,15-20,10-20,60-90.1
1,32041,1,27.43309901900872,25-30,20-30,0-30
1,32047,1,11.371074014902337,10-15,10-20,30-60
1,32056,1,32.06241428456559,30-40,30-45,30-60
1,32089,1,33.13095099073011,30-40,30-45,30-60
1,32093,1,13.895571569365648,10-15,10-20,60-90.1
1,32118,1,15.909335056325775,15-20,10-20,60-90.1
1,32126,1,10.374639202495771,10-15,10-20,0-30
1,32129,1,25.434806951393693,25-30,20-30,60-90.1
1,32143,1,18.390219072241806,15-20,10-20,60-90.1
1,32157,1,23.47657357809849,20-25,20-30,30-60
1,32161,1,26.256766928140124,25-30,20-30,30-60
1,32172,1,43.08233330750565,40-50,30-45,30-60
1,32178,1,42.01528760999759,40-50,30-45,0-30
1,32181,1,42.8068691615925,40-50,30-45,0-30
1,32187,1,45.05113506812191,40-50,45-70,60-90.1
1,32210,1,17.287382691411384,15-20,10-20,60-90.1
1,32213,1,20.21144484528845,20-25,20-30,60-90.1
1,32216,1,23.63769652194914,20-25,20-30,60-90.1
1,32219,1,47.720110374723234,40-50,45-70,60-90.1
1,32265,1,53.00568844204693,50-60,45-70,60-90.1
1,32277,1,54.92231769783209,50-60,45-70,30-60
1,32309,1,59.0786037594704,50-60,45-70,60-90.1
1,32310,1,10.00648114508021,10-15,10-20,30-60
1,32351,1,60.01595632355154,60-90,45-70,30-60
1,32370,1,9.601963773613786,0-10,,0-30
1,32385,1,23.944534000365312,20-25,20-30,60-90.1
1,32397,1,19.684304066004884,15-20,10-20,60-90.1
1,32413,1,12.846336310987082,10-15,10-20,60-90.1
1,32420,1,59.819505247856846,50-60,45-70,60-90.1
1,32432,1,31.253756739305626,30-40,30-45,0-30
1,32445,1,55.492604909370804,50-60,45-70,60-90.1
1,32449,1,30.913549593542538,30-40,30-45,30-60
1,32453,0,40.359400530313245,40-50,30-45,30-60
1,32516,1,26.868366625069037,25-30,20-30,60-90.1
1,32536,1,9.941725131095742,0-10,,0-30
1,32560,1,10.657315997430231,10-15,10-20,30-60
1,32566,1,34.364825371120595,30-40,30-45,60-90.1
1,32572,1,12.54769299736865,10-15,10-20,60-90.1
1,32608,1,19.24647277246048,15-20,10-20,30-60
1,32624,1,21.87231279793502,20-25,20-30,30-60
1,32629,1,15.414098113861641,15-20,10-20,30-60
1,32651,1,16.11076657067219,15-20,10-20,30-60
1,32662,1,13.96618977839781,10-15,10-20,60-90.1
1,32669,1,13.680200268626196,10-15,10-20,30-60
1,32692,1,21.178391052708342,20-25,20-30,60-90.1
1,32700,1,17.223191165745273,15-20,10-20,60-90.1
1,32719,1,18.083117515536337,15-20,10-20,60-90.1
1,32723,1,23.689848886258396,20-25,20-30,60-90.1
1,32731,1,21.151406835869587,20-25,20-30,60-90.1
1,32746,1,14.409566914454318,10-15,10-20,60-90.1
1,32778,1,29.8687641668476,25-30,20-30,30-60
1,32791,1,16.120003249700922,15-20,10-20,60-90.1
1,32807,1,21.917491556616813,20-25,20-30,60-90.1
1,32817,1,19.89266756636787,15-20,10-20,60-90.1
1,32822,1,27.864026425805115,25-30,20-30,0-30
1,32827,1,10.78919387392629,10-15,10-20,30-60
1,32837,1,27.78903209295244,25-30,20-30,0-30
1,32855,1,27.52903230915612,25-30,20-30,30-60
1,32858,1,34.11066495611006,30-40,30-45,30-60
1,32870,1,26.397317367898335,25-30,20-30,30-60
1,32891,1,36.348724135467094,30-40,30-45,30-60
1,32898,1,10.711606672950861,10-15,10-20,0-30
1,32907,1,38.031887204420684,30-40,30-45,60-90.1
1,32912,1,21.378001728001372,20-25,20-30,30-60
1,32916,1,24.506264942692166,20-25,20-30,30-60
1,32923,1,40.24935318336021,40-50,30-45,60-90.1
1,32932,1,42.364584515449415,40-50,30-45,0-30
1,32937,1,11.380842651565038,10-15,10-20,0-30
1,32957,1,14.06346752826165,10-15,10-20,60-90.1
1,32974,1,17.487451439177484,15-20,10-20,60-90.1
1,32978,1,21.51872701577624,20-25,20-30,60-90.1
1,32982,1,25.17197938261171,25-30,20-30,60-90.1
1,32985,1,28.056422590196767,25-30,20-30,60-90.1
1,32988,1,31.0562888633971,30-40,30-45,30-60
1,32991,1,33.93071779484983,30-40,30-45,30-60
1,33005,1,36.272633990256026,30-40,30-45,60-90.1
1,33009,1,50.63566593813045,50-60,45-70,0-30
1,33011,1,51.14711298905616,50-60,45-70,0-30
1,33015,1,39.24297298383672,30-40,30-45,60-90.1
1,33020,1,40.79779311681196,40-50,30-45,60-90.1
1,33027,1,41.504824290543404,40-50,30-45,30-60
1,33035,1,55.991672920887865,50-60,45-70,60-90.1
1,33041,1,57.33712371479325,50-60,45-70,60-90.1
1,33049,1,40.880645315934466,40-50,30-45,30-60
1,33055,1,11.748874711631448,10-15,10-20,30-60
1,33058,1,14.954073878068623,10-15,10-20,60-90.1
1,33060,1,16.923255043238456,15-20,10-20,60-90.1
1,33062,1,18.799297702247447,15-20,10-20,60-90.1
1,33071,1,20.164220046321763,20-25,20-30,60-90.1
1,33088,1,26.87002626870536,25-30,20-30,60-90.1
1,33092,1,30.852255602979188,30-40,30-45,60-90.1
1,33095,1,33.930865155187604,30-40,30-45,60-90.1
1,33118,1,36.59062099735598,30-40,30-45,60-90.1
1,33132,1,15.943061892720094,15-20,10-20,60-90.1
1,33142,1,25.165420355136387,25-30,20-30,60-90.1
1,33170,1,61.25471587971805,60-90,45-70,60-90.1
1,33200,1,12.939111133176608,10-15,10-20,60-90.1
1,33204,0,37.42432208326811,30-40,30-45,60-90.1
1,33214,1,51.98967019506133,50-60,45-70,30-60
1,33217,1,54.845649755108866,50-60,45-70,60-90.1
1,33236,0,45.804845545339944,40-50,45-70,30-60
1,33260,0,43.25212200918736,40-50,30-45,30-60
1,33286,0,33.909300993746804,30-40,30-45,60-90.1
1,33297,0,46.2578635760116,40-50,45-70,60-90.1
1,33331,1,31.856246752584013,30-40,30-45,0-30
1,33345,1,20.314516407475306,20-25,20-30,30-60
1,33363,1,24.204668754091575,20-25,20-30,60-90.1
1,33364,1,19.095881160947403,15-20,10-20,0-30
1,33379,1,13.369127705954732,10-15,10-20,0-30
1,33384,1,15.366024552584808,15-20,10-20,30-60
1,33399,1,16.80861126922706,15-20,10-20,60-90.1
1,33411,1,18.312906404003236,15-20,10-20,60-90.1
1,33415,1,16.313927218255902,15-20,10-20,60-90.1
1,33430,1,18.56751166672993,15-20,10-20,30-60
1,33447,1,15.675893910722234,15-20,10-20,60-90.1
1,33488,1,20.152665937494294,20-25,20-30,60-90.1
1,33493,1,11.014313613269453,10-15,10-20,30-60
1,33501,1,22.60716603996855,20-25,20-30,60-90.1
1,33518,1,16.901654242681648,15-20,10-20,60-90.1
1,33528,1,25.362456756173692,25-30,20-30,60-90.1
1,33540,1,30.465341499947716,30-40,30-45,30-60
1,33549,1,26.597962320636555,25-30,20-30,30-60
1,33593,1,24.274765561833796,20-25,20-30,60-90.1
1,33618,1,13.237368553771375,10-15,10-20,60-90.1
1,33633,1,10.962157569625171,10-15,10-20,30-60
1,33639,1,23.811265014938375,20-25,20-30,60-90.1
1,33644,1,15.258357320036614,15-20,10-20,60-90.1
1,33663,1,17.948663238287796,15-20,10-20,60-90.1
1,33670,1,23.33282695977135,20-25,20-30,30-60
1,33697,1,44.48511699067428,40-50,30-45,60-90.1
1,33700,1,11.203933630506443,10-15,10-20,0-30
1,33702,1,46.119196383856305,40-50,45-70,60-90.1
1,33726,1,48.720687810313976,40-50,45-70,30-60
1,33754,1,14.58177798198783,10-15,10-20,60-90.1
1,33776,1,53.837195845528484,50-60,45-70,30-60
1,33786,1,54.89593578469165,50-60,45-70,30-60
1,33818,1,21.525017640447945,20-25,20-30,60-90.1
1,33843,1,10.204685258341735,10-15,10-20,30-60
1,33846,1,27.47943291884678,25-30,20-30,60-90.1
1,33862,0,61.69821736647827,60-90,45-70,60-90.1
1,33875,1,9.5884170756279,0-10,,0-30
1,33893,0,61.787523564092325,60-90,45-70,60-90.1
1,33902,1,20.5612805916626,20-25,20-30,60-90.1
1,33908,1,26.62896511015532,25-30,20-30,60-90.1
1,33927,1,29.51600979332947,25-30,20-30,30-60
1,33933,1,10.891767962839857,10-15,10-20,60-90.1
1,33948,0,60.64490571410479,60-90,45-70,60-90.1
1,33955,0,58.52799452643382,50-60,45-70,60-90.1
1,33961,1,31.06569597575619,30-40,30-45,30-60
1,33963,1,57.04390028246867,50-60,45-70,60-90.1
1,33971,1,48.33058553672948,40-50,45-70,30-60
1,33973,1,50.35361486319904,50-60,45-70,30-60
1,33979,1,10.922889497547173,10-15,10-20,30-60
1,33992,0,41.09740656130278,40-50,30-45,30-60
1,34004,1,15.773484567345394,15-20,10-20,60-90.1
1,34012,0,35.390847936287216,30-40,30-45,60-90.1
1,34032,1,26.56306531799798,25-30,20-30,60-90.1
1,34067,1,17.719971491764674,15-20,10-20,60-90.1
1,34082,1,15.539048421619967,15-20,10-20,60-90.1
1,34085,1,20.332420290820625,20-25,20-30,0-30
1,34115,1,25.885419931044126,25-30,20-30,60-90.1
1,34135,1,14.968327697203033,10-15,10-20,0-30
1,34144,1,14.148298069658807,10-15,10-20,30-60
1,34151,1,12.581019153444313,10-15,10-20,0-30
1,34186,1,18.747979592421025,15-20,10-20,30-60
1,34187,1,19.997839342551377,15-20,10-20,60-90.1
1,34212,1,16.705347455325608,15-20,10-20,60-90.1
1,34218,1,12.183121741349572,10-15,10-20,60-90.1
1,34230,1,18.48801183954878,15-20,10-20,60-90.1
1,34244,1,26.789903108274338,25-30,20-30,60-90.1
1,34255,1,21.78037548554723,20-25,20-30,60-90.1
1,34265,1,21.063051614354073,20-25,20-30,60-90.1
1,34276,1,12.795018670914741,10-15,10-20,60-90.1
1,34283,1,23.238678859091582,20-25,20-30,60-90.1
1,34325,1,20.022345550798683,20-25,20-30,60-90.1
1,34326,1,25.324761410338873,25-30,20-30,60-90.1
1,34330,1,31.373353493471825,30-40,30-45,30-60
1,34338,1,32.385508938987385,30-40,30-45,30-60
1,34341,1,18.757106862391765,15-20,10-20,60-90.1
1,34366,1,28.493431522753557,25-30,20-30,30-60
1,34395,1,28.674630417291052,25-30,20-30,30-60
1,34409,1,11.04240741629989,10-15,10-20,30-60
1,34425,1,20.047609896799166,20-25,20-30,30-60
1,34444,1,42.3894513500447,40-50,30-45,0-30
1,34448,1,41.47577032866543,40-50,30-45,0-30
1,34452,1,42.3454053111997,40-50,30-45,0-30
1,34468,1,12.031862270853422,10-15,10-20,30-60
1,34511,1,51.862114360005364,50-60,45-70,60-90.1
1,34517,1,18.019494485635065,15-20,10-20,60-90.1
1,34520,1,52.96661330829963,50-60,45-70,30-60
1,34536,1,41.55257569899651,40-50,30-45,0-30
1,34561,1,40.752902889142455,40-50,30-45,0-30
1,34563,1,59.643143870636486,50-60,45-70,30-60
1,34581,1,24.140396451531323,20-25,20-30,60-90.1
1,34585,0,61.792592578184994,60-90,45-70,60-90.1
1,34671,1,13.270773962112541,10-15,10-20,60-90.1
1,34672,1,29.084926153590903,25-30,20-30,60-90.1
1,34754,1,18.60977339506927,15-20,10-20,60-90.1
1,34758,1,22.49200195858037,20-25,20-30,60-90.1
1,34769,1,9.818951671827959,0-10,,0-30
1,34772,0,33.41546469529998,30-40,30-45,60-90.1
1,34796,0,34.32938984846862,30-40,30-45,60-90.1
1,34822,1,27.919168806893428,25-30,20-30,60-90.1
1,34848,1,18.48170765470431,15-20,10-20,30-60
1,34897,1,11.736750074778767,10-15,10-20,0-30
1,34900,1,16.181303614740113,15-20,10-20,60-90.1
1,34919,1,18.624636683677767,15-20,10-20,60-90.1
1,34927,1,13.680179826766905,10-15,10-20,60-90.1
1,34932,1,20.109834982795693,20-25,20-30,30-60
1,34934,1,21.82283543692245,20-25,20-30,60-90.1
1,34956,1,16.27769397618155,15-20,10-20,60-90.1
1,34967,1,25.254474872877708,25-30,20-30,60-90.1
1,34983,1,15.504999718998354,15-20,10-20,60-90.1
1,34986,1,27.95232144631097,25-30,20-30,60-90.1
1,34998,1,13.954526605690646,10-15,10-20,60-90.1
1,35010,1,23.18520286746753,20-25,20-30,60-90.1
1,35037,1,27.010836092486585,25-30,20-30,30-60
1,35044,1,22.876486626530703,20-25,20-30,60-90.1
1,35047,1,33.75120554643998,30-40,30-45,30-60
1,35069,1,35.01358144135224,30-40,30-45,30-60
1,35074,1,21.992045329521886,20-25,20-30,60-90.1
1,35078,1,27.440172668585433,25-30,20-30,60-90.1
1,35088,1,12.637070957407756,10-15,10-20,60-90.1
1,35094,1,26.33477603120254,25-30,20-30,60-90.1
1,35101,1,36.99612508400268,30-40,30-45,60-90.1
1,35123,1,13.27333825538382,10-15,10-20,60-90.1
1,35125,1,15.120434634455851,15-20,10-20,60-90.1
1,35129,1,21.396966855330845,20-25,20-30,0-30
1,35142,1,17.350047593780374,15-20,10-20,60-90.1
1,35148,1,39.52796983086787,30-40,30-45,60-90.1
1,35156,1,11.599236985472173,10-15,10-20,30-60
1,35162,1,19.137745246242794,15-20,10-20,30-60
1,35167,1,41.86604875288499,40-50,30-45,0-30
1,35192,1,24.693596884719966,20-25,20-30,60-90.1
1,35195,1,27.60451501110517,25-30,20-30,60-90.1
1,35207,1,20.906387860724028,20-25,20-30,60-90.1
1,35212,1,32.63972729078607,30-40,30-45,30-60
1,35219,1,50.48677136144371,50-60,45-70,0-30
1,35264,1,57.79952472899101,50-60,45-70,60-90.1
1,35282,1,12.337949538272252,10-15,10-20,30-60
1,35320,0,63.633244541201364,60-90,45-70,60-90.1
1,35325,1,31.362163187602285,30-40,30-45,30-60
1,35335,0,63.434274155104106,60-90,45-70,60-90.1
1,35337,1,15.935698961851417,15-20,10-20,60-90.1
1,35361,1,20.958944624040186,20-25,20-30,60-90.1
1,35377,1,37.141175207310006,30-40,30-45,30-60
1,35394,0,63.31396530124936,60-90,45-70,60-90.1
1,35413,0,63.021088150997706,60-90,45-70,60-90.1
1,35422,1,30.692570819705466,30-40,30-45,0-30
1,35435,0,60.29269096477379,60-90,45-70,60-90.1
1,35452,0,38.662539289433134,30-40,30-45,30-60
1,35488,0,42.87427153956776,40-50,30-45,0-30
1,35491,0,45.81010815961872,40-50,45-70,30-60
1,35493,1,51.14713215101999,50-60,45-70,30-60
1,35496,1,53.75483140814272,50-60,45-70,30-60
1,35526,0,61.030088665326126,60-90,45-70,60-90.1
1,35555,1,9.85438994589268,0-10,,0-30
1,35588,1,29.998829833424022,25-30,20-30,30-60
1,35621,1,19.81713245544205,15-20,10-20,30-60
1,35625,1,25.516337639864396,25-30,20-30,60-90.1
1,35634,1,23.94193769157839,20-25,20-30,60-90.1
1,35647,1,12.364138815614968,10-15,10-20,0-30
1,35651,1,15.426808224994392,15-20,10-20,30-60
1,35661,1,13.56940208761967,10-15,10-20,30-60
1,35667,1,11.768107903761056,10-15,10-20,0-30
1,35673,1,16.665151525691986,15-20,10-20,60-90.1
1,35715,1,19.64743783973816,15-20,10-20,60-90.1
1,35733,1,21.23993497115947,20-25,20-30,30-60
1,35751,1,11.265816390236997,10-15,10-20,60-90.1
1,35761,1,18.305975924335577,15-20,10-20,60-90.1
1,35777,1,11.226787492228658,10-15,10-20,60-90.1
1,35782,1,28.995229854053008,25-30,20-30,30-60
1,35792,1,12.649123156459792,10-15,10-20,60-90.1
1,35797,1,18.573372018335473,15-20,10-20,60-90.1
1,35800,1,30.521569648907988,30-40,30-45,30-60
1,35821,1,16.46679335516315,15-20,10-20,60-90.1
1,35833,1,21.504453048490866,20-25,20-30,60-90.1
1,35856,1,20.231715716475847,20-25,20-30,60-90.1
1,35870,1,24.6163103567284,20-25,20-30,60-90.1
1,35906,1,15.135684892111405,15-20,10-20,60-90.1
1,35922,1,13.81260166791672,10-15,10-20,60-90.1
1,35923,1,14.753845719608963,10-15,10-20,60-90.1
1,35925,1,16.498116608029072,15-20,10-20,60-90.1
1,35945,1,43.98970039123553,40-50,30-45,60-90.1
1,35953,1,12.055681890003148,10-15,10-20,30-60
1,35955,1,45.54229119193764,40-50,45-70,60-90.1
1,35960,1,12.65684395109713,10-15,10-20,0-30
1,35961,1,47.48024030198074,40-50,45-70,60-90.1
1,35973,1,30.480546826751898,30-40,30-45,60-90.1
1,35976,1,49.04452061326758,40-50,45-70,0-30
1,35981,1,12.469577112715411,10-15,10-20,0-30
1,35998,1,34.634656150084005,30-40,30-45,30-60
1,36011,1,37.18822071650405,30-40,30-45,60-90.1
1,36016,1,14.862181817333898,10-15,10-20,60-90.1
1,36036,0,55.6758840872283,50-60,45-70,60-90.1
1,36079,0,62.74240468652904,60-90,45-70,60-90.1
1,36099,1,23.607871547663468,20-25,20-30,60-90.1
1,36101,1,25.559866087270056,25-30,20-30,60-90.1
1,36106,1,38.87447950206884,30-40,30-45,0-30
1,36110,1,9.585291765853825,0-10,,0-30
1,36128,1,30.28940051650727,30-40,30-45,30-60
1,36166,1,31.43736566540212,30-40,30-45,30-60
1,36203,0,64.06355999032573,60-90,45-70,30-60
1,36209,0,58.011050256434366,50-60,45-70,60-90.1
1,36218,1,13.31154291704359,10-15,10-20,60-90.1
1,36223,1,48.92296844886152,40-50,45-70,30-60
1,36226,1,55.26712205284272,50-60,45-70,60-90.1
1,36232,0,64.38637356726977,60-90,45-70,60-90.1
1,36238,1,15.865225599695147,15-20,10-20,30-60
1,36239,1,29.108102508714722,25-30,20-30,30-60
1,36244,0,40.32093027650089,40-50,30-45,0-30
1,36278,0,35.25030298143388,30-40,30-45,30-60
1,36301,1,25.107309934092687,25-30,20-30,60-90.1
1,36309,0,59.017768831056706,50-60,45-70,60-90.1
1,36330,0,60.83661007163801,60-90,45-70,60-90.1
1,36349,1,11.203985127975939,10-15,10-20,30-60
1,36372,1,33.23891891090725,30-40,30-45,30-60
1,36405,1,26.694063016978482,25-30,20-30,60-90.1
1,36427,1,21.430039270344274,20-25,20-30,0-30
1,36454,1,12.3362228440853,10-15,10-20,30-60
1,36466,1,14.043885585427775,10-15,10-20,60-90.1
1,36499,1,17.723176917699867,15-20,10-20,60-90.1
1,36504,1,13.34692579661181,10-15,10-20,60-90.1
1,36513,1,22.5459233372407,20-25,20-30,60-90.1
1,36519,1,18.942247594437575,15-20,10-20,60-90.1
1,36534,1,20.65261344939996,20-25,20-30,60-90.1
1,36556,1,22.516207499404725,20-25,20-30,30-60
1,36579,1,22.42286267360526,20-25,20-30,60-90.1
1,36588,1,14.470568204967607,10-15,10-20,60-90.1
1,36596,1,20.660811909905753,20-25,20-30,60-90.1
1,36610,1,16.853251704878982,15-20,10-20,60-90.1
1,36632,1,25.602380465438323,25-30,20-30,60-90.1
1,36634,1,31.46408147977682,30-40,30-45,30-60
1,36644,1,32.56237431915463,30-40,30-45,30-60
1,36648,1,15.393364554892083,15-20,10-20,60-90.1
1,36652,1,19.708935261255167,15-20,10-20,60-90.1
1,36666,1,28.01218130625197,25-30,20-30,30-60
1,36692,1,23.119319774502152,20-25,20-30,60-90.1
1,36718,1,29.734348579431753,25-30,20-30,0-30
1,36723,1,20.177272074675095,20-25,20-30,30-60
1,36725,1,24.82706335450298,20-25,20-30,60-90.1
1,36728,1,26.99026657705661,25-30,20-30,30-60
1,36730,1,28.558117655768985,25-30,20-30,30-60
1,36736,1,40.77992170142812,40-50,30-45,0-30
1,36738,1,41.26554509791941,40-50,30-45,0-30
1,36740,1,41.76201910921983,40-50,30-45,0-30
1,36748,1,16.320101474405547,15-20,10-20,30-60
1,36751,1,18.311394444438054,15-20,10-20,0-30
1,36754,1,13.000284405000466,10-15,10-20,30-60
1,36756,1,14.49253995173439,10-15,10-20,30-60
1,36804,1,18.13769505986406,15-20,10-20,60-90.1
1,36810,1,12.751049007768167,10-15,10-20,30-60
1,36818,1,52.140510211195156,50-60,45-70,0-30
1,36827,0,53.43610696456255,50-60,45-70,30-60
1,36831,0,54.568445205710766,50-60,45-70,60-90.1
1,36837,1,41.034937165923864,40-50,30-45,0-30
1,36851,1,13.362888036267469,10-15,10-20,60-90.1
1,36857,0,60.28468875208324,60-90,45-70,60-90.1
1,36879,1,19.76608131491011,15-20,10-20,60-90.1
1,36929,1,22.56070006472818,20-25,20-30,60-90.1
1,36944,1,16.968621584506415,15-20,10-20,60-90.1
1,36954,1,26.886049273221644,25-30,20-30,60-90.1
1,36963,1,11.132885138547062,10-15,10-20,60-90.1
1,36974,1,36.6719180371318,30-40,30-45,30-60
1,37007,1,10.591217596173763,10-15,10-20,30-60
1,37064,1,18.8717121777787,15-20,10-20,60-90.1
1,37079,0,53.835138901995755,50-60,45-70,60-90.1
1,37082,0,56.83458448958913,50-60,45-70,60-90.1
1,37101,0,33.520195551865015,30-40,30-45,60-90.1
1,37137,1,12.883148920321114,10-15,10-20,30-60
1,37142,1,18.709257606114566,15-20,10-20,60-90.1
1,37158,1,15.822586480449576,15-20,10-20,60-90.1
1,37173,1,20.3853144333619,20-25,20-30,0-30
1,37212,1,18.934317189289303,15-20,10-20,0-30
1,37223,1,15.11578240648196,15-20,10-20,30-60
1,37233,1,16.89728066258127,15-20,10-20,60-90.1
1,37254,1,18.542893610684153,15-20,10-20,60-90.1
1,37257,1,11.729649878691369,10-15,10-20,0-30
1,37260,1,13.234172019557944,10-15,10-20,60-90.1
1,37269,1,11.856888925022984,10-15,10-20,0-30
1,37276,1,19.009326677371845,15-20,10-20,60-90.1
1,37284,1,15.848330656260956,15-20,10-20,60-90.1
1,37312,1,23.899167416185858,20-25,20-30,60-90.1
1,37319,1,16.225026728368583,15-20,10-20,60-90.1
1,37321,1,19.727153642152256,15-20,10-20,60-90.1
1,37368,1,24.426249336194385,20-25,20-30,30-60
1,37403,1,15.132330571186216,15-20,10-20,60-90.1
1,37418,1,11.701199358373067,10-15,10-20,60-90.1
1,37441,1,18.630413486694234,15-20,10-20,60-90.1
1,37451,1,34.231623362569735,30-40,30-45,30-60
1,37468,1,20.967640102063715,20-25,20-30,60-90.1
1,37470,1,29.357943153306994,25-30,20-30,0-30
1,37473,1,35.63337465868839,30-40,30-45,60-90.1
1,37476,1,18.24991546261234,15-20,10-20,60-90.1
1,37500,1,38.54366647828162,30-40,30-45,60-90.1
1,37515,1,40.0391810140117,40-50,30-45,0-30
1,37555,1,12.242743228835106,10-15,10-20,0-30
1,37560,1,49.05268415425765,40-50,45-70,30-60
1,37565,1,20.608770096011764,20-25,20-30,60-90.1
1,37569,1,24.3955817887784,20-25,20-30,60-90.1
1,37572,1,27.281211587480648,25-30,20-30,60-90.1
1,37574,1,29.159550680654295,25-30,20-30,60-90.1
1,37577,1,31.988798692760245,30-40,30-45,30-60
1,37595,0,50.902113134333874,50-60,45-70,60-90.1
1,37602,1,38.98304421849923,30-40,30-45,60-90.1
1,37624,0,58.09229657298162,50-60,45-70,30-60
1,37631,1,15.42770392173013,15-20,10-20,60-90.1
1,37663,1,10.48592748069965,10-15,10-20,0-30
1,37683,1,27.37458017544026,25-30,20-30,60-90.1
1,37688,0,63.41601039793275,60-90,45-70,60-90.1
1,37696,0,64.52288344504252,60-90,45-70,60-90.1
1,37705,1,9.717857255514595,0-10,,0-30
1,37710,0,63.67425237859047,60-90,45-70,60-90.1
1,37720,1,13.868553112315453,10-15,10-20,60-90.1
1,37739,0,63.489842824857675,60-90,45-70,60-90.1
1,37748,1,29.493815898068142,25-30,20-30,60-90.1
1,37766,1,32.52971338927192,30-40,30-45,60-90.1
1,37800,0,42.45466600529413,40-50,30-45,0-30
1,37804,0,46.44950234528865,40-50,45-70,0-30
1,37807,0,49.16830541695467,40-50,45-70,30-60
1,37817,0,37.434039517393174,30-40,30-45,30-60
1,37825,0,51.88208862173823,50-60,45-70,60-90.1
1,37833,1,21.314708690713044,20-25,20-30,60-90.1
1,37852,1,9.768092198838408,0-10,,0-30
1,37892,0,52.7029648535289,50-60,45-70,60-90.1
1,37895,0,55.50768031063462,50-60,45-70,60-90.1
1,37898,0,58.3816124682286,50-60,45-70,60-90.1
1,37955,1,28.81688563952094,25-30,20-30,30-60
1,37985,1,26.60845101583898,25-30,20-30,60-90.1
1,38009,1,18.23678145648156,15-20,10-20,60-90.1
1,38034,1,14.8553842033515,10-15,10-20,30-60
1,38048,1,17.68675818779288,15-20,10-20,30-60
1,38058,1,20.051744125312425,20-25,20-30,60-90.1
1,38071,1,20.64468450773141,20-25,20-30,30-60
1,38078,1,16.859767040593116,15-20,10-20,60-90.1
1,38112,1,25.486297483141364,25-30,20-30,60-90.1
1,38118,1,12.351035643526753,10-15,10-20,60-90.1
1,38120,1,18.599714172226808,15-20,10-20,60-90.1
1,38126,1,26.49863405033918,25-30,20-30,60-90.1
1,38151,1,28.627769091377516,25-30,20-30,60-90.1
1,38162,1,24.309178179442814,20-25,20-30,60-90.1
1,38174,1,13.967947764003839,10-15,10-20,60-90.1
1,38182,1,26.19472903212418,25-30,20-30,30-60
1,38186,1,29.552115059742114,25-30,20-30,30-60
1,38192,1,23.60194171867493,20-25,20-30,60-90.1
1,38207,1,16.46193427744983,15-20,10-20,60-90.1
1,38231,1,14.46885296333428,10-15,10-20,60-90.1
1,38241,1,19.495956749170087,15-20,10-20,60-90.1
1,38268,1,23.229008165493465,20-25,20-30,60-90.1
1,38275,1,40.80491631782141,40-50,30-45,30-60
1,38308,1,16.73053845038902,15-20,10-20,30-60
1,38314,1,15.492456404920588,15-20,10-20,30-60
1,38320,1,12.742545385222346,10-15,10-20,0-30
1,38324,1,46.41265434358855,40-50,45-70,60-90.1
1,38332,1,48.10943572619352,40-50,45-70,30-60
1,38351,1,33.82823959346977,30-40,30-45,30-60
1,38370,1,36.943845448145076,30-40,30-45,60-90.1
1,38378,1,15.290185889319334,15-20,10-20,60-90.1
1,38381,1,17.718674256408466,15-20,10-20,60-90.1
1,38393,0,54.04585683529392,50-60,45-70,60-90.1
1,38397,0,55.82671075957354,50-60,45-70,60-90.1
1,38414,0,60.86897910005886,60-90,45-70,30-60
1,38424,1,39.8776618364129,30-40,30-45,30-60
1,38431,1,15.924726047455824,15-20,10-20,60-90.1
1,38449,1,20.79664680712893,20-25,20-30,60-90.1
1,38498,1,18.248032457701086,15-20,10-20,60-90.1
1,38520,1,21.795821009129508,20-25,20-30,60-90.1
1,38525,1,26.368307928588248,25-30,20-30,60-90.1
1,38540,0,64.0963345034503,60-90,45-70,60-90.1
1,38561,1,13.730273636051397,10-15,10-20,60-90.1
1,38595,1,27.662239947152443,25-30,20-30,60-90.1
1,38600,0,38.540920024892145,30-40,30-45,30-60
1,38622,0,50.69233168560239,50-60,45-70,60-90.1
1,38640,0,33.86156528187865,30-40,30-45,60-90.1
1,38648,1,10.288529501633493,10-15,10-20,0-30
1,38672,1,31.603890204411012,30-40,30-45,30-60
1,38675,0,59.41691249659197,50-60,45-70,60-90.1
1,38730,1,19.40389557958364,15-20,10-20,60-90.1
1,38740,1,24.910838409916106,20-25,20-30,60-90.1
1,38752,1,22.94158559215256,20-25,20-30,30-60
1,38770,1,16.864923833543532,15-20,10-20,60-90.1
1,38790,1,19.332877747211644,15-20,10-20,30-60
1,38796,1,14.772822025973696,10-15,10-20,60-90.1
1,38807,1,14.050449616441938,10-15,10-20,60-90.1
1,38819,1,22.26299659405166,20-25,20-30,30-60
1,38832,1,10.174413635069492,10-15,10-20,30-60
1,38839,1,20.868975053035275,20-25,20-30,60-90.1
1,38840,1,24.198933763107025,20-25,20-30,30-60
1,38891,1,21.602565865167456,20-25,20-30,60-90.1
1,38917,1,30.949043294461237,30-40,30-45,30-60
1,38933,1,14.962765697056916,10-15,10-20,60-90.1
1,38939,1,31.71980930460947,30-40,30-45,30-60
1,38940,1,11.201745913174902,10-15,10-20,60-90.1
1,38946,1,25.880832796831257,25-30,20-30,60-90.1
1,38956,1,33.26002854596448,30-40,30-45,30-60
1,38959,1,17.255677692529233,15-20,10-20,60-90.1
1,38962,1,27.45272651998775,25-30,20-30,60-90.1
1,38976,1,16.304531535897393,15-20,10-20,60-90.1
1,38994,1,17.42909772780799,15-20,10-20,60-90.1
1,38996,1,20.790343707534216,20-25,20-30,60-90.1
1,39018,1,40.20392103621088,40-50,30-45,0-30
1,39020,1,40.46741612740364,40-50,30-45,0-30
1,39034,1,28.19688254841368,25-30,20-30,0-30
1,39046,1,26.928897323520264,25-30,20-30,30-60
1,39050,1,42.919993733237156,40-50,30-45,60-90.1
1,39057,1,44.897520894640024,40-50,30-45,60-90.1
1,39059,1,13.122379062004233,10-15,10-20,30-60
1,39064,1,12.101708483676571,10-15,10-20,0-30
1,39077,1,11.74831331523579,10-15,10-20,0-30
1,39087,1,35.264868258349246,30-40,30-45,60-90.1
1,39108,1,13.001272170862816,10-15,10-20,60-90.1
1,39115,1,20.026772385365817,20-25,20-30,60-90.1
1,39118,1,22.910877670196154,20-25,20-30,60-90.1
1,39132,0,52.58479875977626,50-60,45-70,30-60
1,39144,1,39.484822815480754,30-40,30-45,0-30
1,39171,1,11.722004603579425,10-15,10-20,30-60
1,39185,1,17.508879321302953,15-20,10-20,60-90.1
1,39195,1,24.61076863877652,20-25,20-30,60-90.1
1,39202,1,10.526309589519398,10-15,10-20,0-30
1,39310,0,44.59550124281273,40-50,30-45,0-30
1,39321,1,16.45417800536024,15-20,10-20,30-60
1,39326,0,48.703760740511235,40-50,45-70,30-60
1,39348,0,63.647036892239925,60-90,45-70,60-90.1
1,39376,1,23.148861587465436,20-25,20-30,60-90.1
1,39400,0,53.73149016823203,50-60,45-70,30-60
1,39404,0,56.809059726856795,50-60,45-70,30-60
1,39421,1,10.497326588645441,10-15,10-20,0-30
1,39431,0,32.43769961592324,30-40,30-45,60-90.1
1,39434,1,12.490284046053675,10-15,10-20,60-90.1
1,39447,1,20.195554990972415,20-25,20-30,0-30
1,39451,1,28.15332328251788,25-30,20-30,60-90.1
1,39506,1,21.002033493322593,20-25,20-30,30-60
1,39512,1,16.475858462663133,15-20,10-20,30-60
1,39528,1,18.319019971586876,15-20,10-20,60-90.1
1,39536,1,11.990569861113418,10-15,10-20,0-30
1,39539,1,12.606265603931151,10-15,10-20,60-90.1
1,39555,1,22.35044008257253,20-25,20-30,60-90.1
1,39565,1,17.95857460983649,15-20,10-20,60-90.1
1,39568,1,24.28769683316498,20-25,20-30,60-90.1
1,39574,1,25.247477434339043,25-30,20-30,60-90.1
1,39576,1,16.941604576270123,15-20,10-20,60-90.1
1,39618,1,26.50574697295125,25-30,20-30,30-60
1,39627,1,12.520790463073148,10-15,10-20,60-90.1
1,39647,1,25.192334950891052,25-30,20-30,60-90.1
1,39672,1,13.624344117060632,10-15,10-20,60-90.1
1,39674,1,23.76071561117283,20-25,20-30,60-90.1
1,39699,1,12.483508446378039,10-15,10-20,60-90.1
1,39715,1,35.347307530301755,30-40,30-45,60-90.1
1,39727,1,14.215060229731645,10-15,10-20,60-90.1
1,39731,1,28.598601225850278,25-30,20-30,30-60
1,39734,1,37.23742002422855,30-40,30-45,60-90.1
1,39738,1,15.575018385266308,15-20,10-20,60-90.1
1,39739,1,19.095069461080325,15-20,10-20,60-90.1
1,39746,1,38.96415099383143,30-40,30-45,30-60
1,39758,1,28.973954239445288,25-30,20-30,0-30
1,39783,1,24.608894367615534,20-25,20-30,30-60
1,39806,1,11.836108863017706,10-15,10-20,0-30
1,39811,1,47.55445991241289,40-50,45-70,0-30
1,39823,1,30.620215959408743,30-40,30-45,60-90.1
1,39830,0,49.322400094467675,40-50,45-70,60-90.1
1,39834,1,25.393967097777576,25-30,20-30,60-90.1
1,39839,0,51.01621054294032,50-60,45-70,30-60
1,39843,1,11.203204248780162,10-15,10-20,30-60
1,39848,1,15.730379720029102,15-20,10-20,60-90.1
1,39882,1,38.28286328561308,30-40,30-45,0-30
1,39904,0,57.968226380030806,50-60,45-70,30-60
1,39950,1,22.482852146897322,20-25,20-30,60-90.1
1,39961,1,37.38935209977788,30-40,30-45,0-30
1,39963,0,64.24894983733586,60-90,45-70,60-90.1
1,39974,0,63.10964060874777,60-90,45-70,60-90.1
1,40004,1,13.511387386382038,10-15,10-20,60-90.1
1,40011,1,37.102203191588806,30-40,30-45,0-30
1,40061,1,11.051611806033387,10-15,10-20,30-60
1,40068,0,40.715962040273254,40-50,30-45,30-60
1,40088,0,50.091881934385924,50-60,45-70,60-90.1
1,40093,1,17.909936309253922,15-20,10-20,30-60
1,40117,0,34.307827585759895,30-40,30-45,60-90.1
1,40130,0,51.55763167060147,50-60,45-70,60-90.1
1,40165,1,15.940074938154305,15-20,10-20,60-90.1
1,40186,1,19.063671709022262,15-20,10-20,30-60
1,40254,1,18.31640771338202,15-20,10-20,0-30
1,40267,1,15.863792233577922,15-20,10-20,0-30
1,40286,1,17.86970711829108,15-20,10-20,0-30
1,40296,1,20.076796289597066,20-25,20-30,60-90.1
1,40309,1,20.456814833529762,20-25,20-30,60-90.1
1,40314,1,15.712169777150145,15-20,10-20,60-90.1
1,40339,1,25.97391559773774,25-30,20-30,60-90.1
1,40362,1,18.885945427267075,15-20,10-20,60-90.1
1,40366,1,22.645941925789366,20-25,20-30,60-90.1
1,40371,1,10.619197535125007,10-15,10-20,60-90.1
1,40404,1,20.72192056664956,20-25,20-30,60-90.1
1,40413,1,27.562647047283193,25-30,20-30,30-60
1,40455,1,15.387212508399829,15-20,10-20,60-90.1
1,40467,1,12.69656487710044,10-15,10-20,60-90.1
1,40485,1,13.606554452282348,10-15,10-20,60-90.1
1,40512,1,14.326230026396958,10-15,10-20,60-90.1
1,40527,1,22.960792368720167,20-25,20-30,60-90.1
1,40550,1,12.56875437630537,10-15,10-20,30-60
1,40559,1,46.34241350200119,40-50,45-70,30-60
1,40567,1,10.991118290493855,10-15,10-20,0-30
1,40572,1,27.69391758693559,25-30,20-30,30-60
1,40602,1,12.766627614908622,10-15,10-20,60-90.1
1,40606,1,17.929183264131765,15-20,10-20,60-90.1
1,40647,0,56.08280272038732,50-60,45-70,60-90.1
1,40681,0,63.606044058697755,60-90,45-70,60-90.1
1,40702,1,10.4820113924828,10-15,10-20,0-30
1,40718,1,10.802674460186854,10-15,10-20,0-30
1,40725,1,20.33678073544034,20-25,20-30,60-90.1
1,40739,1,16.307649726958953,15-20,10-20,60-90.1
1,40759,0,64.67366617396763,60-90,45-70,60-90.1
1,40764,1,31.16591261363372,30-40,30-45,60-90.1
1,40786,0,43.33096930004618,40-50,30-45,0-30
1,40790,0,47.09732891870108,40-50,45-70,0-30
1,40800,1,13.742335857835172,10-15,10-20,60-90.1
1,40828,1,19.500618693031026,15-20,10-20,60-90.1
1,40848,1,26.00658268837227,25-30,20-30,60-90.1
1,40851,0,35.7785575511331,30-40,30-45,30-60
1,40923,1,31.96973846245388,30-40,30-45,60-90.1
1,40957,1,25.81442175662436,25-30,20-30,60-90.1
1,40973,1,24.888541693558878,20-25,20-30,60-90.1
1,40979,1,18.097370036488396,15-20,10-20,60-90.1
1,41001,1,16.60909349024343,15-20,10-20,30-60
1,41008,1,16.9251160163052,15-20,10-20,30-60
1,41018,1,18.18025756012643,15-20,10-20,60-90.1
1,41040,1,22.201857972644568,20-25,20-30,60-90.1
1,41044,1,15.080137912895797,15-20,10-20,60-90.1
1,41050,1,14.411468145678962,10-15,10-20,30-60
1,41061,1,22.35511487665241,20-25,20-30,60-90.1
1,41076,1,19.64992471846694,15-20,10-20,60-90.1
1,41081,1,16.439175658223824,15-20,10-20,60-90.1
1,41084,1,18.80337055783063,15-20,10-20,60-90.1
1,41088,1,25.246197381035273,25-30,20-30,30-60
1,41089,1,27.628021323384004,25-30,20-30,60-90.1
1,41108,1,29.198082488394814,25-30,20-30,30-60
1,41133,1,28.424196988698373,25-30,20-30,0-30
1,41146,1,25.40593950062321,25-30,20-30,30-60
1,41155,1,31.286508505073197,30-40,30-45,30-60
1,41159,1,12.377947183078582,10-15,10-20,60-90.1
1,41161,1,21.965729978259137,20-25,20-30,60-90.1
1,41164,1,27.4789754987452,25-30,20-30,30-60
1,41168,1,32.31637804700478,30-40,30-45,60-90.1
1,41177,1,24.687283152023817,20-25,20-30,60-90.1
1,41181,1,11.135520735324452,10-15,10-20,0-30
1,41206,1,26.606671743513644,25-30,20-30,60-90.1
1,41218,1,38.02603024816831,30-40,30-45,30-60
1,41220,1,11.562517059486453,10-15,10-20,30-60
1,41229,1,38.88635798225053,30-40,30-45,0-30
1,41231,1,39.4192547175765,30-40,30-45,0-30
1,41233,1,40.21027679061826,40-50,30-45,30-60
1,41245,1,12.273261585664603,10-15,10-20,30-60
1,41251,1,41.77497267052737,40-50,30-45,60-90.1
1,41254,1,19.239722306330556,15-20,10-20,60-90.1
1,41261,1,42.85473646576624,40-50,30-45,60-90.1
1,41279,1,25.47217485664185,25-30,20-30,0-30
1,41280,1,44.8257192393523,40-50,30-45,60-90.1
1,41302,1,31.663104241369034,30-40,30-45,30-60
1,41329,1,20.56745281585053,20-25,20-30,30-60
1,41336,0,51.915043216679365,50-60,45-70,30-60
1,41355,1,15.507614449056272,15-20,10-20,60-90.1
1,41376,1,38.29299960809522,30-40,30-45,0-30
1,41387,0,60.232497735151206,60-90,45-70,60-90.1
1,41394,1,14.78836634841619,10-15,10-20,60-90.1
1,41396,1,37.48411185897379,30-40,30-45,0-30
1,41400,1,11.949348750138792,10-15,10-20,60-90.1
1,41414,1,20.09997984253788,20-25,20-30,60-90.1
1,41416,1,22.11137977691415,20-25,20-30,60-90.1
1,41418,1,23.65901033445333,20-25,20-30,60-90.1
1,41443,1,24.924987223488376,20-25,20-30,30-60
1,41457,0,62.75382518396082,60-90,45-70,60-90.1
1,41468,1,21.078981044280862,20-25,20-30,60-90.1
1,41478,1,24.55698497112374,20-25,20-30,60-90.1
1,41552,0,61.28353495294234,60-90,45-70,30-60
1,41563,0,38.49514174874733,30-40,30-45,30-60
1,41565,0,40.22141871125624,40-50,30-45,30-60
1,41568,0,51.58122269951293,50-60,45-70,60-90.1
1,41590,1,9.706356978281836,0-10,,0-30
1,41612,1,9.93895546565804,0-10,,0-30
1,41659,1,28.356704713076958,25-30,20-30,30-60
1,41689,1,19.181775731765104,15-20,10-20,60-90.1
1,41714,1,23.228316130372175,20-25,20-30,60-90.1
1,41720,1,21.069156389921268,20-25,20-30,30-60
1,41738,1,17.94837403520518,15-20,10-20,60-90.1
1,41755,1,13.47921665750338,10-15,10-20,30-60
1,41767,1,23.041587010048552,20-25,20-30,60-90.1
1,41782,1,25.013528177945474,25-30,20-30,60-90.1
1,41803,1,17.568135018187792,15-20,10-20,60-90.1
1,41836,1,17.914051290108485,15-20,10-20,60-90.1
1,41838,1,21.109181469489332,20-25,20-30,60-90.1
1,41840,1,22.600290103204884,20-25,20-30,60-90.1
1,41842,1,27.408017344484385,25-30,20-30,30-60
1,41845,1,18.05023536702509,15-20,10-20,60-90.1
1,41902,1,22.46970439216667,20-25,20-30,60-90.1
1,41904,1,33.725472186343005,30-40,30-45,60-90.1
1,41905,1,10.649699659176452,10-15,10-20,0-30
1,41922,1,35.871181509691425,30-40,30-45,60-90.1
1,41937,1,16.269629434299986,15-20,10-20,60-90.1
1,41939,1,26.524337018690503,25-30,20-30,60-90.1
1,41959,1,27.125390651119826,25-30,20-30,30-60
1,41968,1,26.61388965941665,25-30,20-30,0-30
1,41983,1,11.200527939321665,10-15,10-20,30-60
1,42002,1,46.4149808793466,40-50,45-70,30-60
1,42010,1,10.341131595825127,10-15,10-20,0-30
1,42011,0,48.11530428594203,40-50,45-70,60-90.1
1,42021,1,10.027259581608119,10-15,10-20,0-30
1,42027,1,28.947991385211953,25-30,20-30,60-90.1
1,42031,1,34.65341865377972,30-40,30-45,60-90.1
1,42033,0,50.03681531647455,50-60,45-70,60-90.1
1,42037,1,24.550490329068392,20-25,20-30,60-90.1
1,42046,1,22.318543939579982,20-25,20-30,30-60
1,42053,1,10.434091128140883,10-15,10-20,0-30
1,42058,0,53.80769982803751,50-60,45-70,60-90.1
1,42077,1,11.653794613462319,10-15,10-20,60-90.1
1,42103,0,58.099514676618426,50-60,45-70,30-60
1,42152,0,63.48621629606749,60-90,45-70,30-60
1,42155,1,23.740352320638568,20-25,20-30,30-60
1,42174,1,12.422675412381002,10-15,10-20,60-90.1
1,42189,1,36.798197852831656,30-40,30-45,0-30
1,42212,1,30.46138545862436,30-40,30-45,60-90.1
1,42216,0,63.28988354334114,60-90,45-70,60-90.1
1,42228,0,44.74747852936949,40-50,30-45,0-30
1,42241,0,48.82726568134318,40-50,45-70,60-90.1
1,42247,1,11.693260054356346,10-15,10-20,60-90.1
1,42251,1,15.393928740595745,15-20,10-20,60-90.1
1,42318,0,52.95758335020962,50-60,45-70,0-30
1,42324,0,57.65442244997393,50-60,45-70,30-60
1,42336,0,32.63991886464375,30-40,30-45,60-90.1
1,42338,0,55.175364114311236,50-60,45-70,0-30
1,42351,1,10.977148706735491,10-15,10-20,30-60
1,42368,1,18.387606379298916,15-20,10-20,0-30
1,42375,1,19.717705295465127,15-20,10-20,0-30
1,42452,1,15.68893959023155,15-20,10-20,30-60
1,42466,1,16.269097405658712,15-20,10-20,30-60
1,42483,1,20.726170479940386,20-25,20-30,60-90.1
1,42484,1,19.514191376424755,15-20,10-20,60-90.1
1,42509,1,14.171075328671355,10-15,10-20,0-30
1,42523,1,26.07198894417814,25-30,20-30,30-60
1,42534,1,14.666218630724353,10-15,10-20,60-90.1
1,42555,1,19.700743449208552,15-20,10-20,60-90.1
1,42595,1,28.497495125125425,25-30,20-30,0-30
1,42601,1,19.58296510756484,15-20,10-20,60-90.1
1,42608,1,12.773605409905398,10-15,10-20,60-90.1
1,42631,1,22.974715911696325,20-25,20-30,60-90.1
1,42649,1,38.24774825930439,30-40,30-45,30-60
1,42669,1,10.267377878910263,10-15,10-20,0-30
1,42677,1,16.04850936180849,15-20,10-20,60-90.1
1,42693,1,42.886081429235304,40-50,30-45,60-90.1
1,42702,1,22.87363622046316,20-25,20-30,60-90.1
1,42712,1,19.338016738425765,15-20,10-20,60-90.1
1,42720,1,45.61790699563749,40-50,45-70,0-30
1,42736,1,26.715873186719577,25-30,20-30,30-60
1,42778,1,17.484661454192178,15-20,10-20,60-90.1
1,42781,1,19.542678976963437,15-20,10-20,30-60
1,42795,1,38.287318977071045,30-40,30-45,0-30
1,42841,0,62.953449303976605,60-90,45-70,60-90.1
1,42848,1,15.959888280993914,15-20,10-20,60-90.1
1,42873,1,21.904146677879353,20-25,20-30,30-60
1,42886,1,10.617808691557771,10-15,10-20,0-30
1,42902,1,15.902560032441695,15-20,10-20,60-90.1
1,42921,1,21.130731649564584,20-25,20-30,60-90.1
1,42945,0,46.150188260309015,40-50,45-70,30-60
1,42953,1,31.260806459034985,30-40,30-45,30-60
1,42974,1,32.95219310545784,30-40,30-45,30-60
1,42996,0,41.76693599830137,40-50,30-45,30-60
1,42999,0,52.31875370150882,50-60,45-70,30-60
1,43035,1,20.894125641264985,20-25,20-30,60-90.1
1,43040,1,25.469241270589386,25-30,20-30,60-90.1
1,43082,1,13.447791150846886,10-15,10-20,60-90.1
1,43085,1,16.226969726312635,15-20,10-20,30-60
1,43114,1,26.1984674730512,25-30,20-30,60-90.1
1,43148,1,24.765391211045607,20-25,20-30,60-90.1
1,43156,1,18.46296520207608,15-20,10-20,0-30
1,43184,1,15.783013965308346,15-20,10-20,30-60
1,43200,1,17.08649718594526,15-20,10-20,60-90.1
1,43211,1,22.67743303218565,20-25,20-30,60-90.1
1,43223,1,22.33995195311856,20-25,20-30,60-90.1
1,43239,1,15.221336639155787,15-20,10-20,60-90.1
1,43259,1,27.661297342587492,25-30,20-30,30-60
1,43264,1,17.6394011594607,15-20,10-20,60-90.1
1,43272,1,15.208014882401756,15-20,10-20,60-90.1
1,43300,1,28.087263188158786,25-30,20-30,0-30
1,43334,1,19.835092273523937,15-20,10-20,60-90.1
1,43349,1,36.101923274433965,30-40,30-45,30-60
1,43354,1,13.418086913689445,10-15,10-20,60-90.1
1,43362,1,37.30981980498382,30-40,30-45,0-30
1,43373,1,23.68999592827365,20-25,20-30,60-90.1
1,43375,1,39.37663053233711,30-40,30-45,60-90.1
1,43389,1,41.05023359406179,40-50,30-45,60-90.1
1,43411,1,44.20879989577221,40-50,30-45,30-60
1,43413,1,9.887249802515447,0-10,,0-30
1,43449,1,32.0048895047499,30-40,30-45,60-90.1
1,43462,1,29.751722478078356,25-30,20-30,60-90.1
1,43470,0,49.82574805289308,40-50,45-70,60-90.1
1,43487,1,21.47035202355824,20-25,20-30,30-60
1,43491,0,51.54910699143421,50-60,45-70,60-90.1
1,43493,1,10.099212357042896,10-15,10-20,0-30
1,43512,0,54.124471856680884,50-60,45-70,60-90.1
1,43518,1,14.756406690732497,10-15,10-20,60-90.1
1,43535,0,55.75794104445145,50-60,45-70,60-90.1
1,43537,1,11.801090963690305,10-15,10-20,60-90.1
1,43548,1,36.85571158865679,30-40,30-45,0-30
1,43588,1,10.869694923216331,10-15,10-20,0-30
1,43624,0,61.52331866229756,60-90,45-70,60-90.1
1,43691,0,49.23236727544228,40-50,45-70,30-60
1,43717,0,59.29334080129995,50-60,45-70,0-30
1,43725,1,16.442696573211744,15-20,10-20,60-90.1
1,43746,0,54.24221856068508,50-60,45-70,30-60
1,43751,1,9.725262256265625,0-10,,0-30
1,43762,0,56.061831331860304,50-60,45-70,30-60
1,43770,0,35.212518120348044,30-40,30-45,30-60
1,43772,0,36.75725514070497,30-40,30-45,30-60
1,43780,0,32.611861346743794,30-40,30-45,60-90.1
1,43809,1,28.222375774273374,25-30,20-30,30-60
1,43842,1,19.333309541975076,15-20,10-20,60-90.1
1,43860,1,17.433210450528836,15-20,10-20,60-90.1
1,43873,1,23.10108444850222,20-25,20-30,30-60
1,43878,1,21.001961555182962,20-25,20-30,30-60
1,43884,1,14.789021679661662,10-15,10-20,30-60
1,43893,1,15.23497639361967,15-20,10-20,30-60
1,43916,1,20.120101269515242,20-25,20-30,60-90.1
1,43922,1,23.891605155399866,20-25,20-30,60-90.1
1,43948,1,24.773145411491235,20-25,20-30,60-90.1
1,43951,1,12.673142053551025,10-15,10-20,30-60
1,43954,1,15.294377494593224,15-20,10-20,60-90.1
1,43975,1,28.901903544282746,25-30,20-30,60-90.1
1,43990,1,15.823213254190783,15-20,10-20,60-90.1
1,43995,1,30.700120841504628,30-40,30-45,30-60
1,44002,1,23.392103729535222,20-25,20-30,30-60
1,44004,1,24.591696116936387,20-25,20-30,30-60
1,44006,1,25.737602623218603,25-30,20-30,30-60
1,44015,1,16.02883186558507,15-20,10-20,60-90.1
1,44018,1,32.46824876259038,30-40,30-45,60-90.1
1,44026,1,34.159227505873446,30-40,30-45,60-90.1
1,44030,1,19.625931978478523,15-20,10-20,60-90.1
1,44057,1,10.51638189197734,10-15,10-20,30-60
1,44073,1,24.06699028945269,20-25,20-30,60-90.1
1,44096,1,15.83113702385825,15-20,10-20,60-90.1
1,44125,1,9.584565270325662,0-10,,0-30
1,44128,1,15.708825837394105,15-20,10-20,60-90.1
1,44132,1,19.317231332007896,15-20,10-20,30-60
1,44141,0,48.19062671508017,40-50,45-70,60-90.1
1,44144,1,9.603041482732385,0-10,,0-30
1,44154,1,34.93618974965915,30-40,30-45,60-90.1
1,44158,1,23.750834192260736,20-25,20-30,60-90.1
1,44161,1,26.008531493072244,25-30,20-30,60-90.1
1,44163,1,27.731368741772748,25-30,20-30,60-90.1
1,44206,1,16.641512437001623,15-20,10-20,60-90.1
1,44210,1,37.13243487932718,30-40,30-45,30-60
1,44237,0,60.21493564279669,60-90,45-70,60-90.1
1,44267,1,17.540762544496513,15-20,10-20,60-90.1
1,44270,1,20.134009204981563,20-25,20-30,60-90.1
1,44271,1,36.1943400984111,30-40,30-45,0-30
1,44280,0,61.82808181914345,60-90,45-70,60-90.1
1,44346,1,35.04635083758199,30-40,30-45,60-90.1
1,44375,1,12.168199039748224,10-15,10-20,60-90.1
1,44407,0,39.8982156595422,30-40,30-45,60-90.1
1,44417,1,18.33365318504191,15-20,10-20,60-90.1
1,44450,1,9.779522199623658,0-10,,0-30
1,44479,1,29.44451387712655,25-30,20-30,30-60
1,44488,1,20.29811835037451,20-25,20-30,0-30
1,44497,1,26.63766744404526,25-30,20-30,60-90.1
1,44574,1,17.61859395346665,15-20,10-20,60-90.1
1,44597,1,24.883752098908058,20-25,20-30,60-90.1
1,44600,1,13.181869010739637,10-15,10-20,0-30
1,44630,1,11.609958273611328,10-15,10-20,30-60
1,44636,1,26.485691811804596,25-30,20-30,30-60
1,44652,1,21.290803357496316,20-25,20-30,60-90.1
1,44678,1,26.709969972692033,25-30,20-30,30-60
1,44711,1,19.207772650947717,15-20,10-20,60-90.1
1,44734,1,10.101694320273593,10-15,10-20,0-30
1,44738,1,12.896458983626047,10-15,10-20,60-90.1
1,44749,1,23.06849441624681,20-25,20-30,60-90.1
1,44769,1,44.69807142073621,40-50,30-45,30-60
1,44772,1,9.965516199953722,0-10,,30-60
1,44779,0,45.94612246621391,40-50,45-70,60-90.1
1,44819,1,10.085351959570422,10-15,10-20,30-60
1,44855,1,19.293908942458717,15-20,10-20,60-90.1
1,44865,1,10.589221113361347,10-15,10-20,0-30
1,44882,0,55.597458291193384,50-60,45-70,60-90.1
1,44889,1,14.674240909896536,10-15,10-20,60-90.1
1,44900,0,57.6034695778355,50-60,45-70,60-90.1
1,44919,0,61.89662803451266,60-90,45-70,60-90.1
1,44924,1,12.758926210135145,10-15,10-20,60-90.1
1,44965,1,21.365030621435004,20-25,20-30,30-60
1,44967,1,36.56834084624686,30-40,30-45,0-30
1,44976,1,12.631530099601967,10-15,10-20,60-90.1
1,44980,1,16.482234795543814,15-20,10-20,60-90.1
1,44987,1,23.322093452193702,20-25,20-30,0-30
1,44991,0,60.32700028948025,60-90,45-70,60-90.1
1,45004,0,43.97312779120479,40-50,30-45,30-60
1,45014,0,47.522938762388314,40-50,45-70,30-60
1,45017,0,61.37631009646662,60-90,45-70,60-90.1
1,45027,0,50.173266841936126,50-60,45-70,30-60
1,45049,0,52.38687314448094,50-60,45-70,0-30
1,45113,1,24.490952656784287,20-25,20-30,60-90.1
1,45128,1,10.680590768373582,10-15,10-20,30-60
1,45132,1,13.614210151363126,10-15,10-20,30-60
1,45139,1,16.325259755819307,15-20,10-20,30-60
1,45142,1,18.811524404815135,15-20,10-20,30-60
1,45153,1,30.169924309604717,30-40,30-45,60-90.1
1,45202,1,25.040590994224093,25-30,20-30,60-90.1
1,45210,1,18.83556373719911,15-20,10-20,30-60
1,45233,1,14.649717335519545,10-15,10-20,0-30
1,45254,1,17.590608247190392,15-20,10-20,60-90.1
1,45256,1,19.64304506610465,15-20,10-20,60-90.1
1,45267,1,22.65490110566123,20-25,20-30,60-90.1
1,45278,1,26.03983764836255,25-30,20-30,60-90.1
1,45293,1,22.736497372698235,20-25,20-30,60-90.1
1,45296,1,27.762568888683397,25-30,20-30,30-60
1,45300,1,16.39288810644778,15-20,10-20,60-90.1
1,45312,1,19.016992334291906,15-20,10-20,30-60
1,45341,1,26.490054509604107,25-30,20-30,30-60
1,45353,1,31.370608705402038,30-40,30-45,60-90.1
1,45364,1,15.333043286042237,15-20,10-20,60-90.1
1,45377,1,36.220029486090354,30-40,30-45,30-60
1,45379,1,36.99523270826754,30-40,30-45,0-30
1,45386,1,38.346186700506884,30-40,30-45,30-60
1,45392,1,39.73031889989849,30-40,30-45,60-90.1
1,45402,1,41.62277738263434,40-50,30-45,60-90.1
1,45413,1,12.542090720296232,10-15,10-20,60-90.1
1,45417,1,43.40651624986112,40-50,30-45,30-60
1,45424,1,21.212193794746696,20-25,20-30,30-60
1,45447,1,10.168713302642992,10-15,10-20,30-60
1,45450,1,12.521213467590806,10-15,10-20,60-90.1
1,45470,1,12.796855441886079,10-15,10-20,60-90.1
1,45473,1,15.325580215808333,15-20,10-20,60-90.1
1,45494,1,35.646912100476236,30-40,30-45,30-60
1,45518,1,23.840051929994118,20-25,20-30,60-90.1
1,45527,1,21.340037702806065,20-25,20-30,30-60
1,45532,0,53.56782857888877,50-60,45-70,60-90.1
1,45549,1,16.873966974899194,15-20,10-20,60-90.1
1,45623,1,10.923629133068498,10-15,10-20,0-30
1,45685,0,40.84670025273895,40-50,30-45,60-90.1
1,45708,0,54.422628381204646,50-60,45-70,0-30
1,45734,1,10.037791586932617,10-15,10-20,0-30
1,45764,0,38.085363078050506,30-40,30-45,30-60
1,45767,1,19.789451873529874,15-20,10-20,60-90.1
1,45784,1,34.88043583776314,30-40,30-45,30-60
1,45815,1,30.69804909448307,30-40,30-45,60-90.1
1,45834,1,20.171804766013842,20-25,20-30,60-90.1
1,45836,1,26.7772537261337,25-30,20-30,60-90.1
1,45843,1,19.2866265402712,15-20,10-20,60-90.1
1,45858,1,23.270752331431773,20-25,20-30,30-60
1,45916,1,21.452590969859155,20-25,20-30,60-90.1
1,45922,1,20.18849285602667,20-25,20-30,60-90.1
1,45927,1,17.6010556381618,15-20,10-20,60-90.1
1,45965,1,24.689461707546208,20-25,20-30,30-60
1,45973,1,14.112628475356399,10-15,10-20,30-60
1,45975,1,19.63985728483813,15-20,10-20,60-90.1
1,45977,1,20.291233377501094,20-25,20-30,60-90.1
1,46019,1,22.84115604787073,20-25,20-30,60-90.1
1,46027,1,29.129162861103804,25-30,20-30,60-90.1
1,46032,1,26.954340699721268,25-30,20-30,30-60
1,46049,1,32.43899868056781,30-40,30-45,60-90.1
1,46061,1,33.90166122817323,30-40,30-45,30-60
1,46075,1,14.569513385610584,10-15,10-20,60-90.1
1,46082,1,25.482568161395108,25-30,20-30,60-90.1
1,46117,1,18.09299527305516,15-20,10-20,60-90.1
1,46161,1,30.57837597334339,30-40,30-45,60-90.1
1,46188,0,51.24053138897803,50-60,45-70,60-90.1
1,46192,1,12.079133526739763,10-15,10-20,30-60
1,46195,1,25.06345391173183,25-30,20-30,30-60
1,46236,1,12.093644798754553,10-15,10-20,60-90.1
1,46248,1,35.91009267280467,30-40,30-45,0-30
1,46250,0,59.22759825543163,50-60,45-70,60-90.1
1,46279,0,60.075231601236915,60-90,45-70,60-90.1
1,46306,1,17.534437550238888,15-20,10-20,60-90.1
1,46334,0,44.3612759363871,40-50,30-45,30-60
1,46338,1,34.541833445195486,30-40,30-45,60-90.1
1,46373,0,57.37521084035456,50-60,45-70,30-60
1,46379,1,13.230517636871088,10-15,10-20,60-90.1
1,46398,1,28.728080606792187,25-30,20-30,30-60
1,46422,1,10.085194010177826,10-15,10-20,0-30
1,46445,1,32.89253990175073,30-40,30-45,60-90.1
1,46467,1,31.5369297051619,30-40,30-45,60-90.1
1,46468,1,18.710942532066188,15-20,10-20,30-60
1,46474,1,21.024759767326024,20-25,20-30,0-30
1,46510,1,25.81608540947737,25-30,20-30,60-90.1
1,46517,1,21.07466777561021,20-25,20-30,0-30
1,46528,1,24.45898939926776,20-25,20-30,30-60
1,46532,1,14.340139561318377,10-15,10-20,0-30
1,46537,1,14.392334227484033,10-15,10-20,0-30
1,46581,1,15.81331969177285,15-20,10-20,60-90.1
1,46583,1,16.25003441657587,15-20,10-20,60-90.1
1,46586,1,23.176766085024084,20-25,20-30,60-90.1
1,46640,1,17.645222468130793,15-20,10-20,60-90.1
1,46644,1,22.56480948187542,20-25,20-30,60-90.1
1,46653,1,13.249256546072841,10-15,10-20,30-60
1,46680,1,11.178612414493939,10-15,10-20,0-30
1,46695,1,18.65653996265561,15-20,10-20,60-90.1
1,46722,1,19.394519216323772,15-20,10-20,60-90.1
1,46739,1,23.364684379623636,20-25,20-30,60-90.1
1,46760,1,20.45295048651096,20-25,20-30,60-90.1
1,46799,1,14.875008051464341,10-15,10-20,60-90.1
1,46806,1,26.035070942508185,25-30,20-30,30-60
1,46827,1,17.663224176594355,15-20,10-20,60-90.1
1,46836,1,43.96631834918223,40-50,30-45,0-30
1,46841,0,44.743197769689814,40-50,30-45,30-60
1,46847,1,17.5218014776759,15-20,10-20,30-60
1,46849,0,46.693806682651406,40-50,45-70,60-90.1
1,46857,0,48.757717994996256,40-50,45-70,60-90.1
1,46861,1,28.08009064023311,25-30,20-30,60-90.1
1,46911,1,18.858355345319097,15-20,10-20,60-90.1
1,46920,1,14.079804050417328,10-15,10-20,60-90.1
1,46924,0,56.717488215817525,50-60,45-70,60-90.1
1,46937,0,60.10692614560502,60-90,45-70,60-90.1
1,46948,1,11.446463130481286,10-15,10-20,30-60
1,46983,1,21.134551677553073,20-25,20-30,30-60
1,46988,1,13.40509643116488,10-15,10-20,60-90.1
1,46997,0,59.45290087274686,50-60,45-70,60-90.1
1,47010,1,19.895775189049,15-20,10-20,60-90.1
1,47025,0,42.673153004270475,40-50,30-45,0-30
1,47030,0,47.210777393466834,40-50,45-70,30-60
1,47033,0,50.08476244420397,50-60,45-70,0-30
1,47035,0,59.2374305257574,50-60,45-70,60-90.1
1,47043,0,51.88769408085549,50-60,45-70,0-30
1,47072,0,40.335649300927955,40-50,30-45,0-30
1,47084,1,15.197984022644187,15-20,10-20,30-60
1,47126,1,24.72892689504612,20-25,20-30,60-90.1
1,47142,1,35.5583379599561,30-40,30-45,60-90.1
1,47148,1,11.54981838895246,10-15,10-20,0-30
1,47158,1,12.626532481210816,10-15,10-20,30-60
1,47162,1,15.690129632584215,15-20,10-20,30-60
1,47207,1,27.38360014396619,25-30,20-30,60-90.1
1,47215,1,20.958592135112138,20-25,20-30,60-90.1
1,47258,1,16.580070496498895,15-20,10-20,60-90.1
1,47268,1,13.833007986944688,10-15,10-20,60-90.1
1,47297,1,18.454249577343255,15-20,10-20,60-90.1
1,47305,1,22.69294411040361,20-25,20-30,60-90.1
1,47306,1,24.525683315349802,20-25,20-30,60-90.1
1,47343,1,23.926518446811755,20-25,20-30,60-90.1
1,47344,1,25.92301150026997,25-30,20-30,0-30
1,47357,1,17.386990738645146,15-20,10-20,60-90.1
1,47374,1,14.252613042851092,10-15,10-20,60-90.1
1,47398,1,21.707808834219314,20-25,20-30,60-90.1
1,47412,1,31.2056558914596,30-40,30-45,60-90.1
1,47415,1,15.42296670002948,15-20,10-20,60-90.1
1,47437,1,26.687312855481846,25-30,20-30,60-90.1
1,47460,1,37.698367763007816,30-40,30-45,30-60
1,47470,1,28.497337159166133,25-30,20-30,30-60
1,47472,1,38.92230153972279,30-40,30-45,60-90.1
1,47498,1,40.80751087032236,40-50,30-45,60-90.1
1,47502,1,24.792976327517167,20-25,20-30,60-90.1
1,47517,1,42.374826246601145,40-50,30-45,30-60
1,47550,1,13.910982598550959,10-15,10-20,30-60
1,47556,1,31.223823968820888,30-40,30-45,60-90.1
1,47566,1,25.882897252124426,25-30,20-30,30-60
1,47597,1,20.804664687231213,20-25,20-30,30-60
1,47599,1,35.07876874017694,30-40,30-45,0-30
1,47611,0,54.98080881671794,50-60,45-70,60-90.1
1,47641,1,35.437567617862065,30-40,30-45,0-30
1,47651,1,14.198614434151533,10-15,10-20,60-90.1
1,47659,1,17.099151985363672,15-20,10-20,60-90.1
1,47661,1,35.44677437626419,30-40,30-45,0-30
1,47669,1,19.33181161571187,15-20,10-20,30-60
1,47684,1,35.17007928176242,30-40,30-45,30-60
1,47716,1,41.55237803093564,40-50,30-45,30-60
1,47729,0,45.596771037945174,40-50,45-70,30-60
1,47750,1,34.121967707099735,30-40,30-45,30-60
1,47782,1,10.732801209297145,10-15,10-20,30-60
1,47820,1,16.325045060291316,15-20,10-20,30-60
1,47825,0,37.540332171372654,30-40,30-45,60-90.1
1,47839,1,19.985288165302,15-20,10-20,30-60
1,47900,1,21.916079435290868,20-25,20-30,30-60
1,47910,1,28.63806864785746,25-30,20-30,60-90.1
1,47914,1,31.842041896425364,30-40,30-45,30-60
1,47930,1,19.995089837630854,15-20,10-20,60-90.1
1,47937,1,27.10591117500893,25-30,20-30,60-90.1
1,47946,1,22.332959411070004,20-25,20-30,0-30
1,47967,1,14.535388677150314,10-15,10-20,0-30
1,47973,1,15.123333256692721,15-20,10-20,0-30
1,47990,1,12.935337203580389,10-15,10-20,30-60
1,48026,1,17.08099377170051,15-20,10-20,60-90.1
1,48029,1,25.55980249933605,25-30,20-30,60-90.1
1,48047,1,16.646732140569306,15-20,10-20,0-30
1,48055,1,24.661508521625855,20-25,20-30,30-60
1,48065,1,19.03644321056788,15-20,10-20,60-90.1
1,48073,1,27.667202526056847,25-30,20-30,30-60
1,48098,1,29.412086611639015,25-30,20-30,60-90.1
1,48109,1,11.049182717683845,10-15,10-20,0-30
1,48133,1,33.09586611568237,30-40,30-45,60-90.1
1,48143,1,34.36364307709143,30-40,30-45,30-60
1,48152,1,36.09450182210736,30-40,30-45,0-30
1,48166,1,20.34795307673335,20-25,20-30,60-90.1
1,48189,1,29.268299532895714,25-30,20-30,30-60
1,48207,1,14.34647041361576,10-15,10-20,60-90.1
1,48231,1,28.31116470257131,25-30,20-30,30-60
1,48250,1,14.489780098866351,10-15,10-20,60-90.1
1,48280,0,50.43775450912975,50-60,45-70,60-90.1
1,48287,1,35.56080995575948,30-40,30-45,0-30
1,48291,1,22.379853630000415,20-25,20-30,30-60
1,48297,0,52.30280105371318,50-60,45-70,60-90.1
1,48298,1,11.628005566037942,10-15,10-20,0-30
1,48316,1,15.85470059990823,15-20,10-20,30-60
1,48343,0,58.230217672415414,50-60,45-70,60-90.1
1,48382,0,59.37800701004981,50-60,45-70,60-90.1
1,48443,1,39.54340715739287,30-40,30-45,0-30
1,48461,1,43.77417385032588,40-50,30-45,30-60
1,48465,0,47.698082662936265,40-50,45-70,0-30
1,48472,0,53.98528806906181,50-60,45-70,30-60
1,48478,1,34.80936825302316,30-40,30-45,0-30
1,48501,1,35.018241585477675,30-40,30-45,30-60
1,48521,1,35.8487833987341,30-40,30-45,60-90.1
1,48544,1,36.638405257183116,30-40,30-45,60-90.1
1,48553,1,24.614442948118015,20-25,20-30,60-90.1
1,48563,1,10.652818287618679,10-15,10-20,0-30
1,48618,1,21.268222744513658,20-25,20-30,0-30
1,48621,1,33.153378002737995,30-40,30-45,60-90.1
1,48634,1,30.293844734464106,30-40,30-45,30-60
1,48687,1,26.592187800942515,25-30,20-30,30-60
1,48720,1,16.965075990531936,15-20,10-20,60-90.1
1,48721,1,18.645499227422903,15-20,10-20,60-90.1
1,48735,1,14.056955125887672,10-15,10-20,30-60
1,48752,1,18.953652731118833,15-20,10-20,60-90.1
1,48788,1,24.69044229804097,20-25,20-30,30-60
1,48808,1,23.898721452984518,20-25,20-30,60-90.1
1,48828,1,11.105656260384997,10-15,10-20,0-30
1,48831,1,14.654030984288974,10-15,10-20,60-90.1
1,48893,1,22.434029242444407,20-25,20-30,60-90.1
1,48946,0,46.676253553383056,40-50,45-70,60-90.1
1,48960,0,48.67772530245193,40-50,45-70,60-90.1
1,48985,1,23.833694761483606,20-25,20-30,30-60
1,49000,1,12.874982768471416,10-15,10-20,30-60
1,49012,1,18.236393040329904,15-20,10-20,60-90.1
1,49032,0,56.22544695160775,50-60,45-70,60-90.1
1,49099,0,57.149141267357315,50-60,45-70,30-60
1,49112,1,15.149426672323937,15-20,10-20,60-90.1
1,49131,0,56.19198951774226,50-60,45-70,60-90.1
1,49159,1,19.37742945888234,15-20,10-20,60-90.1
1,49171,0,49.9410969205078,40-50,45-70,30-60
1,49217,1,12.555752402064922,10-15,10-20,60-90.1
1,49227,1,34.17060357190659,30-40,30-45,30-60
1,49240,1,27.754845703573192,25-30,20-30,60-90.1
1,49285,1,11.55913250878156,10-15,10-20,0-30
1,49296,1,12.366860771406728,10-15,10-20,0-30
1,49299,1,33.28760964909192,30-40,30-45,60-90.1
1,49304,1,15.890605038330191,15-20,10-20,30-60
1,49307,1,18.5783675468738,15-20,10-20,30-60
1,49326,1,23.666737699098526,20-25,20-30,30-60
1,49340,1,22.533795836639197,20-25,20-30,60-90.1
1,49359,1,29.081197543277852,25-30,20-30,60-90.1
1,49362,1,31.64546873515811,30-40,30-45,60-90.1
1,49363,1,21.388443216127158,20-25,20-30,60-90.1
1,49408,1,15.080849818033474,15-20,10-20,0-30
1,49434,1,15.263997134912538,15-20,10-20,60-90.1
1,49441,1,21.382013893484235,20-25,20-30,30-60
1,49459,1,17.267191189967598,15-20,10-20,60-90.1
1,49477,1,20.41989007300971,20-25,20-30,60-90.1
1,49491,1,25.339693538253883,25-30,20-30,0-30
1,49545,1,11.4626073700275,10-15,10-20,0-30
1,49565,1,39.460273437858966,30-40,30-45,60-90.1
1,49580,1,41.251131516220596,40-50,30-45,60-90.1
1,49592,1,42.81217697141928,40-50,30-45,0-30
1,49606,0,43.8454751254802,40-50,30-45,60-90.1
1,49610,1,20.914250339857702,20-25,20-30,60-90.1
1,49616,1,26.42709805691412,25-30,20-30,30-60
1,49646,1,11.921555632894261,10-15,10-20,30-60
1,49648,1,27.12527896462051,25-30,20-30,30-60
1,49654,1,32.052087881963125,30-40,30-45,60-90.1
1,49660,1,25.376603225975778,25-30,20-30,30-60
1,49689,1,20.152515667278273,20-25,20-30,30-60
1,49709,1,34.98096832346894,30-40,30-45,0-30
1,49724,0,60.005690806511616,60-90,45-70,60-90.1
1,49736,1,12.839759943969835,10-15,10-20,60-90.1
1,49755,1,17.3467961140407,15-20,10-20,60-90.1
1,49784,1,34.00640904443671,30-40,30-45,30-60
1,49816,0,47.79823279490096,40-50,45-70,0-30
1,49820,0,51.43951327655821,50-60,45-70,30-60
1,49830,1,38.26936065700917,30-40,30-45,0-30
1,49834,0,45.85943493931059,40-50,45-70,0-30
1,49881,1,14.745076481878671,10-15,10-20,60-90.1
1,49888,1,29.152806026400096,25-30,20-30,30-60
1,49896,1,16.56544099890255,15-20,10-20,60-90.1
1,49958,1,21.887498750636833,20-25,20-30,30-60
1,49970,1,34.2477725951577,30-40,30-45,60-90.1
1,49982,1,33.72633686504532,30-40,30-45,60-90.1
1,50010,1,24.629303987051152,20-25,20-30,0-30
1,50012,1,28.811578958020984,25-30,20-30,30-60
1,50024,1,14.341639431894764,10-15,10-20,0-30
1,50081,1,19.953411950753537,15-20,10-20,60-90.1
1,50090,1,22.4799731596232,20-25,20-30,30-60
1,50101,1,24.217053775419668,20-25,20-30,60-90.1
1,50105,1,20.368834864078092,20-25,20-30,60-90.1
1,50168,1,35.046574919391674,30-40,30-45,30-60
1,50171,1,36.40692402701811,30-40,30-45,0-30
1,50179,1,37.82732120371647,30-40,30-45,60-90.1
1,50183,1,17.578826428920692,15-20,10-20,60-90.1
1,50190,1,30.16610026649697,30-40,30-45,30-60
1,50199,1,11.404294854867539,10-15,10-20,0-30
1,50229,1,11.531229585007997,10-15,10-20,0-30
1,50255,1,23.244629131281492,20-25,20-30,30-60
1,50300,0,50.171607401092366,50-60,45-70,60-90.1
1,50316,0,52.06276179857601,50-60,45-70,60-90.1
1,50328,1,21.92696561169699,20-25,20-30,30-60
1,50331,0,53.85773584910553,50-60,45-70,60-90.1
1,50364,0,58.11554690492465,50-60,45-70,60-90.1
1,50403,1,11.770176731797784,10-15,10-20,0-30
1,50407,1,33.94632275056411,30-40,30-45,30-60
1,50449,0,43.3467637686868,40-50,30-45,0-30
1,50522,1,19.336627016534983,15-20,10-20,30-60
1,50545,1,33.60039388609142,30-40,30-45,60-90.1
1,50551,1,33.46366717141029,30-40,30-45,60-90.1
1,50559,1,15.08821652850647,15-20,10-20,30-60
1,50593,1,23.742600904987583,20-25,20-30,60-90.1
1,50618,1,32.14027491273404,30-40,30-45,30-60
1,50650,1,15.801112862614756,15-20,10-20,60-90.1
1,50661,1,12.056017422739226,10-15,10-20,30-60
1,50666,1,11.795272324944927,10-15,10-20,0-30
1,50695,1,13.916746316458362,10-15,10-20,60-90.1
1,50697,1,17.013792003103475,15-20,10-20,60-90.1
1,50714,1,22.018011151153903,20-25,20-30,30-60
1,50722,1,25.6412988360524,25-30,20-30,60-90.1
1,50733,1,22.707044954594657,20-25,20-30,60-90.1
1,50746,1,27.52272370734088,25-30,20-30,30-60
1,50751,1,28.964905682220515,25-30,20-30,30-60
1,50754,1,30.21170765609167,30-40,30-45,60-90.1
1,50761,1,32.738312983838554,30-40,30-45,60-90.1
1,50765,1,13.462602472189836,10-15,10-20,60-90.1
1,50766,1,27.416106205161075,25-30,20-30,60-90.1
1,50816,1,16.89922395076179,15-20,10-20,60-90.1
1,50818,1,30.566359639001952,30-40,30-45,0-30
1,50835,1,29.57245252251192,25-30,20-30,0-30
1,50860,1,17.491795724605712,15-20,10-20,60-90.1
1,50886,1,21.48906872896842,20-25,20-30,60-90.1
1,50891,0,47.94276772412663,40-50,45-70,60-90.1
1,50913,1,28.305680272094055,25-30,20-30,30-60
1,50939,1,35.00028506330384,30-40,30-45,0-30
1,50944,1,23.6689070885325,20-25,20-30,30-60
1,50956,1,13.425864879918128,10-15,10-20,60-90.1
1,50989,1,34.222098152415555,30-40,30-45,0-30
1,50993,1,33.7157897987901,30-40,30-45,0-30
1,51004,1,33.67248872807913,30-40,30-45,0-30
1,51007,0,57.155509639393294,50-60,45-70,30-60
1,51037,0,52.60160538639115,50-60,45-70,0-30
1,51068,1,41.36150050802596,40-50,30-45,30-60
1,51109,1,11.495827655758973,10-15,10-20,0-30
1,51153,1,11.672136703966476,10-15,10-20,0-30
1,51155,1,32.47191768600168,30-40,30-45,30-60
1,51164,1,12.345728001664643,10-15,10-20,0-30
1,51176,1,18.60984993546829,15-20,10-20,60-90.1
1,51195,1,33.90364139352506,30-40,30-45,30-60
1,51199,1,24.295905338468923,20-25,20-30,0-30
1,51225,1,34.8930519903564,30-40,30-45,60-90.1
1,51226,1,22.737424806497096,20-25,20-30,30-60
1,51242,1,26.762703117173935,25-30,20-30,0-30
1,51255,1,14.592520317222306,10-15,10-20,30-60
1,51267,1,15.772114374173348,15-20,10-20,0-30
1,51281,1,18.771083029293447,15-20,10-20,60-90.1
1,51284,1,14.095015691834417,10-15,10-20,60-90.1
1,51320,1,18.37084542700338,15-20,10-20,60-90.1
1,51342,1,23.951147497068263,20-25,20-30,30-60
1,51353,1,20.61385808734996,20-25,20-30,60-90.1
1,51362,1,24.341255754230236,20-25,20-30,60-90.1
1,51420,1,40.64413197065674,40-50,30-45,60-90.1
1,51438,1,42.360294271775196,40-50,30-45,0-30
1,51459,1,27.52276355319432,25-30,20-30,30-60
1,51470,0,45.3910682968788,40-50,45-70,60-90.1
1,51477,1,25.331992989772125,25-30,20-30,30-60
1,51518,1,33.22612383299449,30-40,30-45,60-90.1
1,51521,1,11.404400993646613,10-15,10-20,0-30
1,51526,1,19.200479748842934,15-20,10-20,60-90.1
1,51564,0,53.26053957975063,50-60,45-70,60-90.1
1,51580,0,55.10483842982877,50-60,45-70,60-90.1
1,51582,1,14.38396713075159,10-15,10-20,60-90.1
1,51585,1,19.933595463683584,15-20,10-20,60-90.1
1,51592,1,17.02981373160776,15-20,10-20,60-90.1
1,51629,1,13.336991976281407,10-15,10-20,30-60
1,51657,1,14.319957416375301,10-15,10-20,30-60
1,51683,0,45.959918872895365,40-50,45-70,0-30
1,51687,0,49.196448941378684,40-50,45-70,30-60
1,51746,1,28.70111663970177,25-30,20-30,60-90.1
1,51754,1,20.96213616631672,20-25,20-30,60-90.1
1,51759,1,31.293570171156677,30-40,30-45,60-90.1
1,51832,1,25.368593849037676,25-30,20-30,60-90.1
1,51903,1,17.060736018051458,15-20,10-20,60-90.1
1,51912,1,20.609170232133426,20-25,20-30,30-60
1,51939,1,17.321300731330105,15-20,10-20,60-90.1
1,52005,1,12.274874543823303,10-15,10-20,30-60
1,52011,1,37.05811389430717,30-40,30-45,0-30
1,52018,1,38.255468472089746,30-40,30-45,60-90.1
1,52059,1,15.223676249370557,15-20,10-20,60-90.1
1,52064,1,43.60781049737562,40-50,30-45,30-60
1,52077,1,11.50433987216331,10-15,10-20,0-30
1,52103,1,15.966607407351681,15-20,10-20,60-90.1
1,52105,1,23.62632229164103,20-25,20-30,30-60
1,52144,1,21.64250993874281,20-25,20-30,0-30
1,52160,1,25.07467805460417,25-30,20-30,30-60
1,52170,1,20.376378234884594,20-25,20-30,30-60
1,52195,1,21.95975407554482,20-25,20-30,30-60
1,52251,0,54.46476696662805,50-60,45-70,60-90.1
1,52267,1,33.55892980706158,30-40,30-45,0-30
1,52296,0,39.7686383381234,30-40,30-45,0-30
1,52318,0,37.60249637761572,30-40,30-45,30-60
1,52335,1,23.067110126159015,20-25,20-30,60-90.1
1,52342,1,12.261857194736631,10-15,10-20,60-90.1
1,52374,1,29.3017358024697,25-30,20-30,60-90.1
1,52397,1,31.724599867763903,30-40,30-45,30-60
1,52411,1,15.121967928238217,15-20,10-20,0-30
1,52415,1,18.53578966262906,15-20,10-20,60-90.1
1,52418,1,21.39290126426552,20-25,20-30,60-90.1
1,52442,1,35.130470505662466,30-40,30-45,60-90.1
1,52459,1,29.079871488483544,25-30,20-30,60-90.1
1,52462,1,32.68986018611941,30-40,30-45,30-60
1,52478,1,25.30912284377777,25-30,20-30,30-60
1,52493,1,30.21207598826862,30-40,30-45,30-60
1,52495,1,13.668222994173812,10-15,10-20,0-30
1,52529,1,11.585495765055589,10-15,10-20,30-60
1,52537,1,11.434943480747323,10-15,10-20,0-30
1,52551,1,15.62709942816836,15-20,10-20,60-90.1
1,52561,1,22.689578542116514,20-25,20-30,60-90.1
1,52576,1,24.464477027194658,20-25,20-30,60-90.1
1,52595,1,23.246620064339613,20-25,20-30,30-60
1,52621,1,31.34183572127877,30-40,30-45,60-90.1
1,52626,1,33.782474003783804,30-40,30-45,30-60
1,52631,1,35.63739917066165,30-40,30-45,0-30
1,52663,1,11.698978206690931,10-15,10-20,30-60
1,52710,1,13.520958162647078,10-15,10-20,60-90.1
1,52749,1,29.169101671160096,25-30,20-30,30-60
1,52754,1,11.970099134242313,10-15,10-20,0-30
1,52766,0,50.64172005882633,50-60,45-70,60-90.1
1,52782,1,13.36008996803004,10-15,10-20,30-60
1,52786,1,16.549145614378276,15-20,10-20,60-90.1
1,52795,1,34.6121359724124,30-40,30-45,0-30
1,52864,0,58.54238798767435,50-60,45-70,30-60
1,52920,0,35.56068551130996,30-40,30-45,0-30
1,52921,0,36.491416744519086,30-40,30-45,30-60
1,52929,0,43.62021936535691,40-50,30-45,30-60
1,52977,1,14.107580855778554,10-15,10-20,60-90.1
1,53011,1,11.760764567322859,10-15,10-20,0-30
1,53026,1,13.229898751454988,10-15,10-20,0-30
1,53032,1,32.8486185279386,30-40,30-45,30-60
1,53040,1,34.76842763159092,30-40,30-45,30-60
1,53061,1,24.727266910635624,20-25,20-30,30-60
1,53068,1,21.439101129216635,20-25,20-30,60-90.1
1,53125,1,14.799487303288323,10-15,10-20,30-60
1,53160,1,19.82625219752976,15-20,10-20,60-90.1
1,53164,1,13.175279759573522,10-15,10-20,60-90.1
1,53196,1,26.123409867046426,25-30,20-30,60-90.1
1,53210,1,27.52731660801473,25-30,20-30,30-60
1,53219,1,29.056466230061975,25-30,20-30,30-60
1,53308,0,48.11822371515531,40-50,45-70,60-90.1
1,53327,1,26.067179114246517,25-30,20-30,30-60
1,53376,0,56.60340495825953,50-60,45-70,60-90.1
1,53386,0,54.657272541695235,50-60,45-70,30-60
1,53402,1,33.14474789727663,30-40,30-45,0-30
1,53443,0,51.28675322302775,50-60,45-70,0-30
1,53451,0,39.0640283516666,30-40,30-45,30-60
1,53460,0,47.11098080793139,40-50,45-70,30-60
1,53499,1,21.209709509982186,20-25,20-30,30-60
1,53507,1,15.491874483287473,15-20,10-20,60-90.1
1,53602,1,26.984849179340568,25-30,20-30,0-30
1,53605,1,30.02943005204623,30-40,30-45,0-30
1,53637,1,15.511501529182851,15-20,10-20,60-90.1
1,53687,1,21.952398773378782,20-25,20-30,30-60
1,53694,1,19.973257207290484,15-20,10-20,60-90.1
1,53706,1,17.79541131938465,15-20,10-20,60-90.1
1,53732,1,20.78322818001181,20-25,20-30,60-90.1
1,53745,1,24.188628736584903,20-25,20-30,60-90.1
1,53753,1,26.9741039672688,25-30,20-30,60-90.1
1,53773,1,28.96179576979052,25-30,20-30,30-60
1,53777,1,39.148832885938994,30-40,30-45,60-90.1
1,53778,1,29.856793646920313,25-30,20-30,0-30
1,53785,1,41.15822623816922,40-50,30-45,30-60
1,53788,1,28.321772374679924,25-30,20-30,30-60
1,53795,1,26.373548869077382,25-30,20-30,30-60
1,53800,0,44.073290451308914,40-50,30-45,30-60
1,53805,1,24.476223067363257,20-25,20-30,30-60
1,53810,0,46.08804175902184,40-50,45-70,60-90.1
1,53873,0,54.22009063175135,50-60,45-70,60-90.1
1,53893,1,33.0534225865415,30-40,30-45,0-30
1,53902,1,33.02327361500729,30-40,30-45,0-30
1,53947,0,42.01344754627494,40-50,30-45,30-60
1,53991,1,23.468167723513687,20-25,20-30,30-60
1,54033,1,29.979591445227673,25-30,20-30,30-60
1,54063,1,17.91265433768577,15-20,10-20,30-60
1,54079,1,32.88101747903423,30-40,30-45,30-60
1,54097,1,23.736472263055067,20-25,20-30,60-90.1
1,54113,1,13.672660447524501,10-15,10-20,30-60
1,54116,1,14.417138246693526,10-15,10-20,30-60
1,54130,1,17.990333518445706,15-20,10-20,60-90.1
1,54136,1,13.171328603129218,10-15,10-20,60-90.1
1,54153,1,20.887643338662123,20-25,20-30,30-60
1,54173,1,14.037611084639439,10-15,10-20,30-60
1,54200,1,23.557999509472694,20-25,20-30,0-30
1,54203,1,14.47293321346171,10-15,10-20,30-60
1,54222,1,16.724377897504787,15-20,10-20,60-90.1
1,54274,1,33.69941265681102,30-40,30-45,30-60
1,54282,1,35.803959913194355,30-40,30-45,30-60
1,54284,1,37.42244088985503,30-40,30-45,30-60
1,54303,1,42.45422867254743,40-50,30-45,0-30
1,54330,1,22.44752657253314,20-25,20-30,30-60
1,54339,1,32.13389781160409,30-40,30-45,60-90.1
1,54367,1,19.637352723769286,15-20,10-20,30-60
1,54369,1,23.73458175509113,20-25,20-30,30-60
1,54373,0,50.85047823684998,50-60,45-70,60-90.1
1,54378,1,34.465353046305154,30-40,30-45,0-30
1,54383,1,21.801676429815476,20-25,20-30,30-60
1,54398,1,33.792201194204054,30-40,30-45,0-30
1,54425,1,34.13321623527613,30-40,30-45,0-30
1,54434,0,51.91389201364029,50-60,45-70,60-90.1
1,54435,0,34.9687006851316,30-40,30-45,0-30
1,54531,1,16.515922816561545,15-20,10-20,60-90.1
1,54546,1,12.310722429212262,10-15,10-20,0-30
1,54562,1,13.619280921976594,10-15,10-20,0-30
1,54576,1,15.19473614953283,15-20,10-20,0-30
1,54642,1,11.539978038016672,10-15,10-20,0-30
1,54662,1,12.354094125525869,10-15,10-20,0-30
1,54671,1,17.37021249345805,15-20,10-20,60-90.1
1,54674,1,22.57224076180704,20-25,20-30,60-90.1
1,54688,1,24.18581016596201,20-25,20-30,60-90.1
1,54711,1,23.20892125928227,20-25,20-30,0-30
1,54716,1,26.437334863447113,25-30,20-30,30-60
1,54731,1,27.875112610338142,25-30,20-30,30-60
1,54739,1,16.47189553945049,15-20,10-20,60-90.1
1,54743,1,19.490308746569404,15-20,10-20,30-60
1,54746,1,29.34461510375344,25-30,20-30,30-60
1,54764,1,31.748583562008307,30-40,30-45,60-90.1
1,54850,1,20.149960197058416,20-25,20-30,60-90.1
1,54853,1,28.863215637855003,25-30,20-30,60-90.1
1,54863,1,25.58373467127086,25-30,20-30,30-60
1,54868,0,48.97317319867724,40-50,45-70,60-90.1
1,54906,1,33.91624113822972,30-40,30-45,0-30
1,54919,0,55.364421941004885,50-60,45-70,30-60
1,54967,0,45.1017309092626,40-50,45-70,0-30
1,54985,0,49.13059895040818,40-50,45-70,0-30
1,55024,1,24.150606547860757,20-25,20-30,30-60
1,55035,1,13.61827210685185,10-15,10-20,30-60
1,55041,1,19.076975109847336,15-20,10-20,60-90.1
1,55056,1,27.646246424271297,25-30,20-30,30-60
1,55068,1,31.157618015978272,30-40,30-45,30-60
1,55075,1,33.0591568299579,30-40,30-45,60-90.1
1,55093,1,20.715345070740586,20-25,20-30,30-60
1,55107,1,27.271911868667647,25-30,20-30,30-60
1,55115,1,12.940066066680657,10-15,10-20,0-30
1,55137,1,14.41991156764741,10-15,10-20,0-30
1,55146,1,15.89518261940796,15-20,10-20,60-90.1
1,55264,1,18.123573302953446,15-20,10-20,30-60
1,55269,1,22.06840087273328,20-25,20-30,60-90.1
1,55315,1,21.459111561791445,20-25,20-30,60-90.1
1,55343,1,17.56066574500971,15-20,10-20,60-90.1
1,55345,1,19.62100233638093,15-20,10-20,60-90.1
1,55356,1,17.20937767921277,15-20,10-20,60-90.1
1,55363,0,46.07205763500579,40-50,45-70,60-90.1
1,55394,1,17.381521781613348,15-20,10-20,60-90.1
1,55446,1,34.13675672931468,30-40,30-45,0-30
1,55479,1,39.903372566959156,30-40,30-45,60-90.1
1,55533,1,25.762410464565978,25-30,20-30,30-60
1,55581,1,18.424673669517684,15-20,10-20,0-30
1,55621,1,15.277991485146059,15-20,10-20,60-90.1
1,55650,1,13.829772313324705,10-15,10-20,60-90.1
1,55658,1,18.65194789463171,15-20,10-20,60-90.1
1,55684,1,14.047114077747594,10-15,10-20,30-60
1,55696,1,20.256805924514232,20-25,20-30,60-90.1
1,55709,1,13.294965604122709,10-15,10-20,0-30
1,55734,1,14.681770669974329,10-15,10-20,60-90.1
1,55757,1,23.94752999725311,20-25,20-30,60-90.1
1,55768,1,34.48637875857434,30-40,30-45,30-60
1,55770,1,27.065857060835953,25-30,20-30,60-90.1
1,55774,1,35.96365544834581,30-40,30-45,30-60
1,55788,1,27.80341534862799,25-30,20-30,30-60
1,55793,1,18.35788694213049,15-20,10-20,60-90.1
1,55795,1,26.574396333409936,25-30,20-30,30-60
1,55798,1,39.83692474725965,30-40,30-45,60-90.1
1,55810,1,23.98362047451908,20-25,20-30,60-90.1
1,55847,0,44.43227234968007,40-50,30-45,30-60
1,55872,1,33.36407831221735,30-40,30-45,60-90.1
1,55876,1,15.22670348982273,15-20,10-20,30-60
1,55888,1,23.37710680458851,20-25,20-30,60-90.1
1,55903,1,18.78618300643762,15-20,10-20,60-90.1
1,55937,0,54.28309661666028,50-60,45-70,60-90.1
1,55945,1,34.42119065992194,30-40,30-45,0-30
1,55957,0,51.92368759688882,50-60,45-70,60-90.1
1,55966,1,35.77189024341967,30-40,30-45,0-30
1,55973,1,36.5185428211216,30-40,30-45,30-60
1,55979,1,37.53573191680386,30-40,30-45,30-60
1,56043,1,16.07739320192819,15-20,10-20,60-90.1
1,56069,1,20.038527246758253,20-25,20-30,60-90.1
1,56103,1,30.33524787892825,30-40,30-45,60-90.1
1,56116,1,24.064496964471246,20-25,20-30,30-60
1,56156,1,18.108869831122075,15-20,10-20,60-90.1
1,56165,1,12.00212138985094,10-15,10-20,0-30
1,56202,1,22.78864370225642,20-25,20-30,60-90.1
1,56204,1,14.899253130220076,10-15,10-20,60-90.1
1,56209,1,21.515883408591833,20-25,20-30,60-90.1
1,56225,1,13.650721897125235,10-15,10-20,0-30
1,56252,1,24.076857791631365,20-25,20-30,0-30
1,56271,1,24.03814809726756,20-25,20-30,0-30
1,56295,1,20.602247890692766,20-25,20-30,60-90.1
1,56302,1,31.763330598189768,30-40,30-45,60-90.1
1,56322,1,37.006586430476446,30-40,30-45,30-60
1,56332,1,14.802279663326978,10-15,10-20,60-90.1
1,56359,1,41.20152700443522,40-50,30-45,0-30
1,56366,1,42.408524527690766,40-50,30-45,0-30
1,56367,1,13.998187776756113,10-15,10-20,60-90.1
1,56396,1,29.261506568035166,25-30,20-30,30-60
1,56409,1,35.00009564394988,30-40,30-45,30-60
1,56432,1,20.89857602887689,20-25,20-30,60-90.1
1,56483,1,35.438832630802594,30-40,30-45,0-30
1,56495,0,49.483067423195706,40-50,45-70,60-90.1
1,56500,0,45.875866046939464,40-50,45-70,0-30
1,56505,1,37.88035654870401,30-40,30-45,30-60
1,56519,1,42.50243127293405,40-50,30-45,0-30
1,56550,1,19.952086884666517,15-20,10-20,0-30
1,56587,1,29.093761342804246,25-30,20-30,30-60
1,56636,1,12.708484938917184,10-15,10-20,30-60
1,56645,1,12.914397374518133,10-15,10-20,0-30
1,56672,1,12.041706084365352,10-15,10-20,30-60
1,56685,1,20.801767033187367,20-25,20-30,30-60
1,56704,1,15.339788188380384,15-20,10-20,60-90.1
1,56712,1,17.72090566995906,15-20,10-20,60-90.1
1,56724,1,24.65443801864768,20-25,20-30,60-90.1
1,56742,1,16.750955333026585,15-20,10-20,30-60
1,56745,1,18.153980048182646,15-20,10-20,30-60
1,56750,1,26.46040365598382,25-30,20-30,30-60
1,56782,1,28.18731443663038,25-30,20-30,30-60
1,56793,1,29.759977112019577,25-30,20-30,30-60
1,56794,1,17.041831342831127,15-20,10-20,60-90.1
1,56807,1,23.290433602276547,20-25,20-30,60-90.1
1,56853,1,20.65438602140037,20-25,20-30,60-90.1
1,56857,1,24.13622864151297,20-25,20-30,60-90.1
1,56908,1,15.939225504401696,15-20,10-20,30-60
1,56919,1,25.386473305215944,25-30,20-30,30-60
1,56946,0,51.17242613646436,50-60,45-70,60-90.1
1,56950,1,34.95072502169288,30-40,30-45,0-30
1,56974,1,52.33288707301651,50-60,45-70,30-60
1,56981,1,35.27941031716702,30-40,30-45,30-60
1,57044,1,20.83188713403021,20-25,20-30,60-90.1
1,57053,1,23.479133474669464,20-25,20-30,60-90.1
1,57083,1,27.212238021708608,25-30,20-30,30-60
1,57091,1,21.234184932065705,20-25,20-30,30-60
1,57112,1,31.37659844676742,30-40,30-45,60-90.1
1,57114,1,19.3710237859654,15-20,10-20,0-30
1,57128,1,20.722357720474452,20-25,20-30,0-30
1,57135,1,27.715834356016533,25-30,20-30,30-60
1,57251,1,13.642863616286688,10-15,10-20,30-60
1,57260,1,21.076647897291878,20-25,20-30,60-90.1
1,57266,1,12.187341116365706,10-15,10-20,0-30
1,57331,1,24.795729896161895,20-25,20-30,60-90.1
1,57334,1,34.666079390763684,30-40,30-45,30-60
1,57360,1,25.604154223199377,25-30,20-30,30-60
1,57384,1,41.911611661660615,40-50,30-45,0-30
1,57414,0,44.90743988013174,40-50,30-45,60-90.1
1,57419,1,17.667736377777526,15-20,10-20,60-90.1
1,57421,1,19.695468740178868,15-20,10-20,60-90.1
1,57424,1,22.481597829357806,20-25,20-30,60-90.1
1,57433,0,46.42516248810626,40-50,45-70,60-90.1
1,57438,1,34.7377470645696,30-40,30-45,30-60
1,57443,0,48.504087349462324,40-50,45-70,60-90.1
1,57446,1,34.85847662761964,30-40,30-45,0-30
1,57525,1,40.23389271811575,40-50,30-45,30-60
1,57554,1,21.279455781124973,20-25,20-30,0-30
1,57598,1,25.025075586508738,25-30,20-30,0-30
1,57620,1,12.045767248608728,10-15,10-20,30-60
1,57651,1,14.963055552407901,10-15,10-20,60-90.1
1,57677,1,15.074261372243466,15-20,10-20,30-60
1,57726,1,15.994088127133832,15-20,10-20,30-60
1,57751,1,13.43690661824932,10-15,10-20,60-90.1
1,57766,1,19.08178031874746,15-20,10-20,30-60
1,57781,1,32.261793144776945,30-40,30-45,60-90.1
1,57794,1,36.20890940616879,30-40,30-45,0-30
1,57801,1,16.72490220479225,15-20,10-20,60-90.1
1,57819,1,37.76064881617088,30-40,30-45,60-90.1
1,57820,1,11.950230404929657,10-15,10-20,0-30
1,57832,1,40.15958204453341,40-50,30-45,30-60
1,57844,1,13.454909071225964,10-15,10-20,30-60
1,57847,1,42.81377718172406,40-50,30-45,30-60
1,57926,1,48.984344362402595,40-50,45-70,30-60
1,57941,1,36.15858199036922,30-40,30-45,60-90.1
1,57993,1,25.31090319959947,25-30,20-30,30-60
1,58010,1,22.31122383946013,20-25,20-30,30-60
1,58021,1,28.035258451778727,25-30,20-30,60-90.1
1,58051,1,13.772330658081453,10-15,10-20,0-30
1,58053,1,14.896064944261848,10-15,10-20,60-90.1
1,58069,1,17.661581108325166,15-20,10-20,60-90.1
1,58077,1,18.304665252690498,15-20,10-20,60-90.1
1,58078,1,20.461414411080156,20-25,20-30,60-90.1
1,58095,1,22.955242701299934,20-25,20-30,60-90.1
1,58099,1,21.68380937777616,20-25,20-30,30-60
1,58103,1,17.291113477877307,15-20,10-20,30-60
1,58132,1,18.085866650800668,15-20,10-20,0-30
1,58137,1,24.068403985747988,20-25,20-30,30-60
1,58138,1,26.66493031555154,25-30,20-30,30-60
1,58161,1,24.19072429092599,20-25,20-30,0-30
1,58173,1,29.637149403421105,25-30,20-30,30-60
1,58178,1,15.851813904397112,15-20,10-20,60-90.1
1,58193,1,21.362445137166684,20-25,20-30,60-90.1
1,58238,1,19.43912299383118,15-20,10-20,60-90.1
1,58243,1,23.609436078436765,20-25,20-30,30-60
1,58274,1,25.555674310820574,25-30,20-30,60-90.1
1,58279,1,29.899901268841553,25-30,20-30,60-90.1
1,58323,1,51.11486672202611,50-60,45-70,30-60
1,58325,1,34.64950838107052,30-40,30-45,60-90.1
1,58361,1,42.62296589781521,40-50,30-45,30-60
1,58401,1,23.29313726378577,20-25,20-30,30-60
1,58509,1,24.664160023177303,20-25,20-30,60-90.1
1,58519,1,13.556204468397851,10-15,10-20,30-60
1,58550,1,11.890699082379328,10-15,10-20,0-30
1,58560,1,27.788498990812265,25-30,20-30,30-60
1,58583,1,17.970793958377367,15-20,10-20,60-90.1
1,58600,1,23.3907152357659,20-25,20-30,60-90.1
1,58601,1,32.951057091658534,30-40,30-45,60-90.1
1,58605,1,13.465133134943747,10-15,10-20,60-90.1
1,58623,1,34.94404891355245,30-40,30-45,30-60
1,58631,1,16.465983390918986,15-20,10-20,60-90.1
1,58664,1,14.66461061444684,10-15,10-20,60-90.1
1,58687,1,16.923761352716692,15-20,10-20,60-90.1
1,58690,1,19.87179141495931,15-20,10-20,60-90.1
1,58693,1,22.647743043660743,20-25,20-30,60-90.1
1,58753,1,34.424427386948345,30-40,30-45,60-90.1
1,58756,1,45.16331238937947,40-50,45-70,0-30
1,58777,1,37.21987384977019,30-40,30-45,0-30
1,58812,1,24.880965821103562,20-25,20-30,30-60
1,58828,1,12.374655015489378,10-15,10-20,30-60
1,58835,1,12.97078507866053,10-15,10-20,30-60
1,58882,1,17.947592929781756,15-20,10-20,60-90.1
1,58895,1,18.208720881698707,15-20,10-20,30-60
1,58933,1,17.655192356360907,15-20,10-20,30-60
1,58953,1,20.200103395272627,20-25,20-30,30-60
1,58960,1,12.611649121477125,10-15,10-20,60-90.1
1,58966,1,22.051213038299053,20-25,20-30,30-60
1,58994,1,20.394134906057563,20-25,20-30,60-90.1
1,59031,1,35.974588899226475,30-40,30-45,0-30
1,59039,1,20.209740420632357,20-25,20-30,60-90.1
1,59047,1,38.01921144744278,30-40,30-45,60-90.1
1,59049,1,11.436620619401433,10-15,10-20,30-60
1,59057,1,40.16853507228633,40-50,30-45,30-60
1,59065,1,41.35600732056376,40-50,30-45,0-30
1,59101,1,30.843821178768028,30-40,30-45,60-90.1
1,59152,1,47.05682457086512,40-50,45-70,30-60
1,59158,1,32.602767131682505,30-40,30-45,30-60
1,59171,1,33.362095986125496,30-40,30-45,30-60
1,59201,1,34.10052682098919,30-40,30-45,30-60
1,59211,1,31.397541044297498,30-40,30-45,60-90.1
1,59217,1,39.74978415210009,30-40,30-45,30-60
1,59231,1,32.751719485468776,30-40,30-45,30-60
1,59269,1,15.343878809753686,15-20,10-20,60-90.1
1,59283,1,19.11428921282899,15-20,10-20,60-90.1
1,59313,1,22.281624238049616,20-25,20-30,30-60
1,59330,1,15.505654823623784,15-20,10-20,30-60
1,59362,1,24.079926926951348,20-25,20-30,0-30
1,59403,1,28.497526944204946,25-30,20-30,30-60
1,59416,1,14.990470066496087,10-15,10-20,60-90.1
1,59420,1,29.80484956141562,25-30,20-30,60-90.1
1,59455,1,22.349115640202157,20-25,20-30,30-60
1,59486,1,21.595887106718656,20-25,20-30,0-30
1,59501,1,11.610599961693932,10-15,10-20,60-90.1
1,59508,1,42.304609713232324,40-50,30-45,0-30
1,59528,1,13.36170350580501,10-15,10-20,60-90.1
1,59542,1,25.72578416941677,25-30,20-30,30-60
1,59556,1,19.922608671737912,15-20,10-20,60-90.1
1,59560,1,23.06593536053071,20-25,20-30,30-60
1,59563,0,44.13589280499939,40-50,30-45,60-90.1
1,59569,1,15.979703031628462,15-20,10-20,60-90.1
1,59588,1,14.26942165064689,10-15,10-20,60-90.1
1,59611,0,48.47479922784919,40-50,45-70,60-90.1
1,59616,1,33.50299674919482,30-40,30-45,60-90.1
1,59680,1,28.166697548793948,25-30,20-30,30-60
1,59689,1,43.93679433314911,40-50,30-45,60-90.1
1,59690,1,21.043342146200338,20-25,20-30,60-90.1
1,59700,1,30.155122411450023,30-40,30-45,30-60
1,59717,1,25.345053264063885,25-30,20-30,60-90.1
1,59773,1,12.045551470222179,10-15,10-20,0-30
1,59825,1,20.976862345752366,20-25,20-30,60-90.1
1,59844,1,23.400020915349202,20-25,20-30,60-90.1
1,59848,1,18.932220936885333,15-20,10-20,60-90.1
1,59864,1,24.91262256803956,20-25,20-30,30-60
1,59869,1,21.526322667848937,20-25,20-30,30-60
1,59876,1,13.217855994756674,10-15,10-20,30-60
1,59889,1,26.272282018938167,25-30,20-30,30-60
1,59899,1,22.437423783186766,20-25,20-30,30-60
1,59918,1,24.28956709766956,20-25,20-30,0-30
1,59941,1,21.181527086447964,20-25,20-30,30-60
1,59956,1,23.041132189702445,20-25,20-30,30-60
1,59969,1,17.0271326199794,15-20,10-20,60-90.1
1,59984,1,11.854586412685851,10-15,10-20,30-60
1,59996,1,14.713378381209623,10-15,10-20,60-90.1
1,60010,1,17.831104896394258,15-20,10-20,30-60
1,60075,1,31.147234956411374,30-40,30-45,60-90.1
1,60078,1,11.333265340726637,10-15,10-20,30-60
1,60109,1,16.857802638908783,15-20,10-20,30-60
1,60113,1,32.61503471151617,30-40,30-45,60-90.1
1,60115,0,45.501248299602274,40-50,45-70,60-90.1
1,60137,1,14.219055915415662,10-15,10-20,60-90.1
1,60141,1,33.12756034498211,30-40,30-45,60-90.1
1,60166,1,46.35238056457142,40-50,45-70,30-60
1,60182,1,22.818925073123825,20-25,20-30,30-60
1,60185,1,30.094953904392003,30-40,30-45,30-60
1,60194,1,19.97928749245862,15-20,10-20,60-90.1
1,60202,1,27.323684304566353,25-30,20-30,30-60
1,60232,1,24.31531204249032,20-25,20-30,30-60
1,60259,1,37.66656650311892,30-40,30-45,0-30
1,60289,1,41.88098925657398,40-50,30-45,60-90.1
1,60312,1,26.521204566898845,25-30,20-30,60-90.1
1,60353,1,13.19306930603807,10-15,10-20,0-30
1,60354,1,14.40492359136113,10-15,10-20,60-90.1
1,60366,1,17.86786219795577,15-20,10-20,60-90.1
1,60434,1,11.891258306877564,10-15,10-20,0-30
1,60451,1,16.234534013730528,15-20,10-20,30-60
1,60464,1,18.949560544665392,15-20,10-20,30-60
1,60473,1,12.685026210678556,10-15,10-20,30-60
1,60511,1,30.4607556219087,30-40,30-45,60-90.1
1,60520,1,19.947074828872573,15-20,10-20,60-90.1
1,60523,1,32.68633969720526,30-40,30-45,60-90.1
1,60533,1,34.662480480637356,30-40,30-45,30-60
1,60561,1,36.445424562357935,30-40,30-45,30-60
1,60564,1,10.975206778325681,10-15,10-20,0-30
1,60568,1,38.12378085445434,30-40,30-45,30-60
1,60576,1,39.665893616073575,30-40,30-45,30-60
1,60582,1,26.506002922317432,25-30,20-30,30-60
1,60621,1,20.01104050870339,20-25,20-30,30-60
1,60624,1,22.39261256519665,20-25,20-30,30-60
1,60690,1,28.85118700740699,25-30,20-30,30-60
1,60701,1,25.98342571179159,25-30,20-30,30-60
1,60750,1,34.50574467270117,30-40,30-45,0-30
1,60761,1,31.946803114202684,30-40,30-45,30-60
1,60793,1,22.525630472294754,20-25,20-30,30-60
1,60796,1,30.066128127362173,30-40,30-45,60-90.1
1,60907,1,14.263604363514837,10-15,10-20,30-60
1,60934,1,23.522453722935303,20-25,20-30,0-30
1,60937,1,24.79288257966517,20-25,20-30,0-30
1,60956,1,28.220668828623147,25-30,20-30,30-60
1,60966,1,14.633112983628312,10-15,10-20,60-90.1
1,60992,1,12.988357797055807,10-15,10-20,60-90.1
1,61003,1,16.323198908633998,15-20,10-20,60-90.1
1,61022,1,19.134021893407382,15-20,10-20,30-60
1,61093,1,11.510148903143852,10-15,10-20,30-60
1,61104,1,17.14388432894432,15-20,10-20,30-60
1,61142,1,45.38273648135906,40-50,45-70,30-60
1,61160,1,22.03655908635125,20-25,20-30,60-90.1
1,61195,1,31.21925444600727,30-40,30-45,30-60
1,61222,1,41.758897471326485,40-50,30-45,60-90.1
1,61233,1,17.670858372797273,15-20,10-20,30-60
1,61239,1,28.90074824901337,25-30,20-30,60-90.1
1,61271,1,39.08013501847903,30-40,30-45,0-30
1,61275,1,39.76990056046555,30-40,30-45,0-30
1,61289,1,27.791285091684145,25-30,20-30,30-60
1,61298,1,11.294901091203522,10-15,10-20,0-30
1,61346,1,19.52357678203089,15-20,10-20,30-60
1,61349,1,21.17112772544871,20-25,20-30,30-60
1,61358,1,23.27611335107209,20-25,20-30,30-60
1,61364,1,24.99690878311404,20-25,20-30,60-90.1
1,61373,1,26.58142946558315,25-30,20-30,30-60
1,61390,1,16.60775593548618,15-20,10-20,60-90.1
1,61419,1,19.14410826322656,15-20,10-20,30-60
1,61442,1,16.8256787474415,15-20,10-20,60-90.1
1,61452,1,20.177172286674143,20-25,20-30,0-30
1,61496,1,10.298614773573178,10-15,10-20,0-30
1,61509,1,40.815589162624136,40-50,30-45,0-30
1,61517,1,27.116218976001,25-30,20-30,60-90.1
1,61543,1,22.84477761581882,20-25,20-30,30-60
1,61548,1,42.26104439591803,40-50,30-45,30-60
1,61554,1,20.154041478342464,20-25,20-30,30-60
1,61586,1,12.078329401784604,10-15,10-20,30-60
1,61614,1,28.23724931985313,25-30,20-30,30-60
1,61621,1,25.349595729979633,25-30,20-30,30-60
1,61635,1,18.827998798346268,15-20,10-20,60-90.1
1,61660,1,33.9617407859331,30-40,30-45,0-30
1,61667,1,16.0220634483958,15-20,10-20,60-90.1
1,61668,1,27.859351672734945,25-30,20-30,30-60
1,61703,1,20.367577767075918,20-25,20-30,30-60
1,61713,1,37.670186828344086,30-40,30-45,60-90.1
1,61730,1,26.419109645192997,25-30,20-30,30-60
1,61739,1,24.21753475974254,20-25,20-30,0-30
1,61780,1,12.48543953209121,10-15,10-20,30-60
1,61798,1,15.78699849399318,15-20,10-20,60-90.1
1,61802,1,18.53014029835121,15-20,10-20,60-90.1
1,61821,1,21.36173403159648,20-25,20-30,60-90.1
1,61831,1,23.580533624671922,20-25,20-30,30-60
1,61845,1,12.531717428897391,10-15,10-20,0-30
1,61873,1,21.014029897050104,20-25,20-30,30-60
1,61876,1,22.666016991504723,20-25,20-30,30-60
1,61878,1,23.683496612315455,20-25,20-30,30-60
1,61881,1,24.318424927355714,20-25,20-30,0-30
1,61922,1,32.68477958731728,30-40,30-45,60-90.1
1,61933,1,14.354219219059242,10-15,10-20,60-90.1
1,61942,1,34.664826853869194,30-40,30-45,30-60
1,61946,1,11.48585903063114,10-15,10-20,30-60
1,61965,1,10.722232426328318,10-15,10-20,0-30
1,62003,1,27.009591949521795,25-30,20-30,60-90.1
1,62037,1,43.53834230673904,40-50,30-45,60-90.1
1,62040,1,14.053987928018753,10-15,10-20,60-90.1
1,62045,1,17.820618754408812,15-20,10-20,30-60
1,62051,1,27.558938640162893,25-30,20-30,60-90.1
1,62071,1,20.798319782385775,20-25,20-30,60-90.1
1,62107,1,30.618704066201055,30-40,30-45,30-60
1,62125,1,40.51383952974646,40-50,30-45,60-90.1
1,62136,1,36.20237886418346,30-40,30-45,30-60
1,62146,1,25.317880417629283,25-30,20-30,30-60
1,62156,1,22.755960775095634,20-25,20-30,30-60
1,62187,1,38.794821868541945,30-40,30-45,60-90.1
1,62215,1,12.347333169125834,10-15,10-20,30-60
1,62232,1,15.198017740913336,15-20,10-20,60-90.1
1,62285,1,13.696183437885928,10-15,10-20,30-60
1,62315,1,12.297029579003452,10-15,10-20,0-30
1,62324,1,28.003729132726274,25-30,20-30,30-60
1,62356,1,30.186640981546695,30-40,30-45,60-90.1
1,62377,1,17.02325030155677,15-20,10-20,60-90.1
1,62382,1,20.348293718213423,20-25,20-30,0-30
1,62405,1,36.100705232734725,30-40,30-45,30-60
1,62413,1,10.271838694524549,10-15,10-20,0-30
1,62436,1,23.716249968346492,20-25,20-30,30-60
1,62454,1,20.291386842485146,20-25,20-30,30-60
1,62492,1,23.831717974420165,20-25,20-30,60-90.1
1,62513,1,17.39802257771464,15-20,10-20,60-90.1
1,62526,1,40.81053532678079,40-50,30-45,60-90.1
1,62543,1,15.207675653779125,15-20,10-20,60-90.1
1,62554,1,33.030852040489115,30-40,30-45,30-60
1,62581,1,13.462798658230707,10-15,10-20,30-60
1,62618,1,36.547014378542315,30-40,30-45,30-60
1,62654,1,11.972908962726013,10-15,10-20,30-60
1,62687,1,21.480845260648454,20-25,20-30,30-60
1,62693,1,23.441560991983607,20-25,20-30,30-60
1,62703,1,25.26954361741919,25-30,20-30,30-60
1,62710,1,23.11462080348509,20-25,20-30,30-60
1,62721,1,26.68746765043681,25-30,20-30,30-60
1,62727,1,16.50712004229154,15-20,10-20,60-90.1
1,62735,1,18.29864485480603,15-20,10-20,60-90.1
1,62745,1,20.892260425792575,20-25,20-30,60-90.1
1,62751,1,15.109113133152727,15-20,10-20,60-90.1
1,62756,1,23.256618289962958,20-25,20-30,30-60
1,62770,1,24.699468440078313,20-25,20-30,0-30
1,62776,1,18.252656897901993,15-20,10-20,60-90.1
1,62813,1,19.91308770736221,15-20,10-20,30-60
1,62838,1,37.70241941078364,30-40,30-45,30-60
1,62846,1,11.185345974556855,10-15,10-20,0-30
1,62853,1,10.812664722972315,10-15,10-20,0-30
1,62867,1,39.67267568697238,30-40,30-45,60-90.1
1,62870,1,11.403305901706407,10-15,10-20,60-90.1
1,62874,1,14.734540381185132,10-15,10-20,60-90.1
1,62890,1,12.418173811819411,10-15,10-20,60-90.1
1,62910,1,26.160156982279123,25-30,20-30,30-60
1,62921,1,23.460956866267317,20-25,20-30,30-60
1,62940,1,20.617609860625,20-25,20-30,60-90.1
1,62954,1,15.18180515412243,15-20,10-20,30-60
1,62956,1,17.950376132448326,15-20,10-20,60-90.1
1,62989,1,35.09574433235447,30-40,30-45,60-90.1
1,63042,1,19.330315705435243,15-20,10-20,60-90.1
1,63055,1,21.6518046875034,20-25,20-30,30-60
1,63076,1,12.052814595162173,10-15,10-20,0-30
1,63100,1,23.932227348888585,20-25,20-30,0-30
1,63149,1,12.00386074568102,10-15,10-20,30-60
1,63153,1,15.574964740704331,15-20,10-20,60-90.1
1,63189,1,11.589981112590243,10-15,10-20,0-30
1,63206,1,38.730836528182294,30-40,30-45,30-60
1,63215,1,39.61119097164197,30-40,30-45,60-90.1
1,63242,1,28.60170980819935,25-30,20-30,30-60
1,63271,1,34.64641274013461,30-40,30-45,30-60
1,63287,1,36.922235951558555,30-40,30-45,30-60
1,63313,1,34.115282950283074,30-40,30-45,0-30
1,63353,1,13.203259252900537,10-15,10-20,30-60
1,63363,1,16.00258565431703,15-20,10-20,60-90.1
1,63367,1,18.626297893742674,15-20,10-20,60-90.1
1,63435,1,26.945243064040188,25-30,20-30,30-60
1,63463,1,28.813796647507576,25-30,20-30,60-90.1
1,63472,1,30.776368151417834,30-40,30-45,60-90.1
1,63476,1,32.136461823142376,30-40,30-45,60-90.1
1,63492,1,14.452242861869372,10-15,10-20,60-90.1
1,63496,1,18.06675483232406,15-20,10-20,30-60
1,63560,1,24.680715425975013,20-25,20-30,30-60
1,63575,1,31.21423725236379,30-40,30-45,30-60
1,63583,1,21.62743678942583,20-25,20-30,60-90.1
1,63599,1,18.823349693206435,15-20,10-20,60-90.1
1,63624,1,34.4578542743855,30-40,30-45,30-60
1,63655,1,10.996378737068337,10-15,10-20,0-30
1,63667,1,12.504951876638032,10-15,10-20,60-90.1
1,63682,1,15.735654620658831,15-20,10-20,60-90.1
1,63721,1,21.798650070871897,20-25,20-30,30-60
1,63729,1,14.188950291290213,10-15,10-20,60-90.1
1,63731,1,25.285389042575613,25-30,20-30,30-60
1,63762,1,12.959723875655287,10-15,10-20,30-60
1,63776,1,21.353029549660402,20-25,20-30,60-90.1
1,63780,1,23.778209616577268,20-25,20-30,30-60
1,63784,1,15.392323470937942,15-20,10-20,60-90.1
1,63793,1,18.172544350155643,15-20,10-20,60-90.1
1,63799,1,19.412124025379793,15-20,10-20,30-60
1,63806,1,33.26021412791865,30-40,30-45,60-90.1
1,63842,1,35.634678913045036,30-40,30-45,60-90.1
1,63847,1,9.919813637968677,0-10,,0-30
1,63859,1,11.094033279681847,10-15,10-20,0-30
1,63893,1,11.904996868263284,10-15,10-20,0-30
1,63900,1,35.32299729435006,30-40,30-45,30-60
1,63934,1,16.19483429283186,15-20,10-20,60-90.1
1,63941,1,33.99834431648153,30-40,30-45,60-90.1
1,64011,1,21.651239344526797,20-25,20-30,30-60
1,64019,1,20.284112543732796,20-25,20-30,30-60
1,64024,1,23.5855996443532,20-25,20-30,30-60
1,64040,1,15.401480598121765,15-20,10-20,60-90.1
1,64053,1,17.32309251799929,15-20,10-20,60-90.1
1,64065,1,23.911251662062558,20-25,20-30,0-30
1,64072,1,19.460936492272072,15-20,10-20,60-90.1
1,64126,1,16.50976845155064,15-20,10-20,60-90.1
1,64130,1,19.430168842633197,15-20,10-20,0-30
1,64136,1,12.567934050911637,10-15,10-20,60-90.1
1,64153,1,34.24882410149693,30-40,30-45,60-90.1
1,64160,1,10.424348054052617,10-15,10-20,0-30
1,64172,1,35.356562393780706,30-40,30-45,60-90.1
1,64193,1,26.89739466652268,25-30,20-30,30-60
1,64196,1,35.0672260306018,30-40,30-45,30-60
1,64211,1,29.174701704494495,25-30,20-30,30-60
1,64230,1,32.49119506410791,30-40,30-45,30-60
1,64249,1,13.253165790622203,10-15,10-20,0-30
1,64269,1,32.00386747537697,30-40,30-45,30-60
1,64289,1,11.97120687565671,10-15,10-20,30-60
1,64326,1,19.355228814138073,15-20,10-20,30-60
1,64331,1,19.121217492160824,15-20,10-20,30-60
1,64362,1,22.23188425051451,20-25,20-30,60-90.1
1,64364,1,13.268936407472877,10-15,10-20,0-30
1,64382,1,25.972314837576473,25-30,20-30,30-60
1,64413,1,27.505863285117506,25-30,20-30,30-60
1,64422,1,28.883803440130507,25-30,20-30,60-90.1
1,64461,1,14.898278828320802,10-15,10-20,30-60
1,64466,1,19.437416540525486,15-20,10-20,30-60
1,64471,1,10.908799029780994,10-15,10-20,0-30
1,64491,1,17.91741517537572,15-20,10-20,30-60
1,64536,1,23.04127741145187,20-25,20-30,60-90.1
1,64545,1,12.007805294993373,10-15,10-20,0-30
1,64560,1,20.158507508026485,20-25,20-30,60-90.1
1,64588,1,17.284532005320674,15-20,10-20,60-90.1
1,64597,1,31.912607428332045,30-40,30-45,30-60
1,64614,1,30.798720410734404,30-40,30-45,30-60
1,64628,1,30.795083750323602,30-40,30-45,0-30
1,64655,1,13.180779215759255,10-15,10-20,0-30
1,64665,1,15.9549455356956,15-20,10-20,60-90.1
1,64695,1,22.892615928537904,20-25,20-30,30-60
1,64704,1,24.46800947522679,20-25,20-30,30-60
1,64706,1,14.04992234876859,10-15,10-20,0-30
1,64735,1,12.3388496996798,10-15,10-20,30-60
1,64750,1,22.799654752742935,20-25,20-30,30-60
1,64763,1,15.195316132888147,15-20,10-20,60-90.1
1,64775,1,17.52667604064582,15-20,10-20,60-90.1
1,64782,1,19.781235418601216,15-20,10-20,30-60
1,64808,1,12.611307538968799,10-15,10-20,60-90.1
1,64830,1,11.850238260050904,10-15,10-20,30-60
1,64835,1,16.311988356477315,15-20,10-20,30-60
1,64855,1,13.974921535022403,10-15,10-20,30-60
1,64860,1,10.31442459506937,10-15,10-20,0-30
1,64870,1,12.443726104100442,10-15,10-20,30-60
1,64900,1,25.379505243227392,25-30,20-30,60-90.1
1,64923,1,30.508752111255532,30-40,30-45,30-60
1,64934,1,12.111094663898204,10-15,10-20,0-30
1,64948,1,32.15691590406114,30-40,30-45,60-90.1
1,64951,1,13.963282515992592,10-15,10-20,30-60
1,64984,1,11.590962301083348,10-15,10-20,0-30
1,64994,1,13.385648618216015,10-15,10-20,60-90.1
1,65003,1,15.725785461579513,15-20,10-20,60-90.1
1,65030,1,19.28151842333495,15-20,10-20,60-90.1
1,65051,1,14.249118296472368,10-15,10-20,0-30
1,65083,1,12.838753807484606,10-15,10-20,30-60
1,65085,1,19.96005011409983,15-20,10-20,60-90.1
1,65087,1,23.189710663020985,20-25,20-30,30-60
1,65135,1,29.68729044606312,25-30,20-30,60-90.1
1,65144,1,19.780643294302358,15-20,10-20,30-60
1,65154,1,19.15150729665131,15-20,10-20,30-60
1,65188,1,21.03666368850178,20-25,20-30,60-90.1
1,65212,1,18.479076253857887,15-20,10-20,60-90.1
1,65238,1,29.748964469310692,25-30,20-30,30-60
1,65287,1,12.087766342220487,10-15,10-20,0-30
1,65314,1,19.535922623679774,15-20,10-20,30-60
1,65334,1,14.8421913075753,10-15,10-20,60-90.1
1,65351,1,17.118076847790203,15-20,10-20,60-90.1
1,65354,1,21.885919263352935,20-25,20-30,30-60
1,65376,1,24.98059398674207,20-25,20-30,30-60
1,65397,1,13.048401013509723,10-15,10-20,30-60
1,65411,1,22.70904670755759,20-25,20-30,30-60
1,65418,1,15.806233659189292,15-20,10-20,60-90.1
1,65434,1,30.3375466003596,30-40,30-45,60-90.1
1,65452,1,16.553957259475435,15-20,10-20,60-90.1
1,65461,1,13.237374929606002,10-15,10-20,30-60
1,65472,1,12.497424506711843,10-15,10-20,0-30
1,65492,1,26.89516121219073,25-30,20-30,30-60
1,65506,1,31.21332771151633,30-40,30-45,30-60
1,65527,1,15.616167188000954,15-20,10-20,60-90.1
1,65543,1,28.12120075416944,25-30,20-30,30-60
1,65547,1,29.367985520048585,25-30,20-30,60-90.1
1,65550,1,27.775333580729505,25-30,20-30,30-60
1,65585,1,13.989447941294978,10-15,10-20,30-60
1,65602,1,16.91179689359266,15-20,10-20,30-60
1,65606,1,16.822258124616315,15-20,10-20,30-60
1,65636,1,22.91719055197057,20-25,20-30,30-60
1,65645,1,13.424034436417951,10-15,10-20,0-30
1,65675,1,19.158194403393832,15-20,10-20,60-90.1
1,65678,1,22.856824706333143,20-25,20-30,30-60
1,65679,1,26.129785375164374,25-30,20-30,30-60
1,65719,1,17.988799624136078,15-20,10-20,60-90.1
1,65741,1,30.572415085075583,30-40,30-45,60-90.1
1,65751,1,13.884753300370061,10-15,10-20,30-60
1,65756,1,30.680778049990497,30-40,30-45,30-60
1,65770,1,23.176608797643237,20-25,20-30,60-90.1
1,65775,1,31.028195251349118,30-40,30-45,30-60
1,65799,1,28.09818790838902,25-30,20-30,30-60
1,65812,1,12.62407079129829,10-15,10-20,0-30
1,65892,1,16.717927807271526,15-20,10-20,60-90.1
1,65916,1,18.780699818733158,15-20,10-20,60-90.1
1,65964,1,12.78101195834373,10-15,10-20,0-30
1,66007,1,22.358925490043838,20-25,20-30,30-60
1,66011,1,26.766772167880962,25-30,20-30,30-60
1,66023,1,17.748833533204305,15-20,10-20,60-90.1
1,66029,1,17.2166787767645,15-20,10-20,60-90.1
1,66067,1,12.25488341681113,10-15,10-20,0-30
1,66068,1,19.519451042791893,15-20,10-20,60-90.1
1,66076,1,24.963362883790055,20-25,20-30,30-60
1,66097,1,16.830600117265575,15-20,10-20,60-90.1
1,66115,1,27.061219907387045,25-30,20-30,30-60
1,66138,1,26.418587765674797,25-30,20-30,30-60
1,66151,1,11.62641905144596,10-15,10-20,0-30
1,66159,1,13.121393888455092,10-15,10-20,60-90.1
1,66164,1,13.005907308343128,10-15,10-20,30-60
1,66196,1,20.135076285306322,20-25,20-30,60-90.1
1,66223,1,16.537886700498834,15-20,10-20,60-90.1
1,66233,1,21.223140146353835,20-25,20-30,30-60
1,66244,1,24.302280588392872,20-25,20-30,30-60
1,66246,1,13.470577121223283,10-15,10-20,0-30
1,66265,1,19.56182150495458,15-20,10-20,60-90.1
1,66275,1,23.073918124734675,20-25,20-30,30-60
1,66277,1,13.732036577068522,10-15,10-20,60-90.1
1,66303,1,22.672534945282255,20-25,20-30,0-30
1,66330,1,23.47509920391502,20-25,20-30,0-30
1,66343,1,14.870024393541184,10-15,10-20,60-90.1
1,66399,1,26.059065019616067,25-30,20-30,30-60
1,66413,1,13.484741701449176,10-15,10-20,0-30
1,66427,1,28.11752636190217,25-30,20-30,30-60
1,66432,1,25.499766707974988,25-30,20-30,30-60
1,66441,1,24.772192380506826,20-25,20-30,30-60
1,66471,1,15.046750111601382,15-20,10-20,30-60
1,66481,1,15.643885063192936,15-20,10-20,30-60
1,66502,1,13.523292516528718,10-15,10-20,0-30
1,66512,1,14.17338210436828,10-15,10-20,30-60
1,66580,1,19.990230863030785,15-20,10-20,60-90.1
1,66587,1,13.630267762985783,10-15,10-20,60-90.1
1,66594,1,23.123860688664564,20-25,20-30,30-60
1,66602,1,27.631209194419153,25-30,20-30,30-60
1,66604,1,14.131941253108664,10-15,10-20,60-90.1
1,66642,1,27.852911301389096,25-30,20-30,30-60
1,66656,1,12.036924667409258,10-15,10-20,30-60
1,66667,1,11.4951965573321,10-15,10-20,0-30
1,66683,1,20.92936807733178,20-25,20-30,60-90.1
1,66697,1,17.804489437132442,15-20,10-20,30-60
1,66708,1,27.629374800627343,25-30,20-30,30-60
1,66727,1,25.255131758576447,25-30,20-30,30-60
1,66794,1,16.120052503942773,15-20,10-20,30-60
1,66799,1,17.419895847095955,15-20,10-20,60-90.1
1,66825,1,18.785402625711235,15-20,10-20,60-90.1
1,66826,1,21.390717403048207,20-25,20-30,30-60
1,66852,1,13.415839103863185,10-15,10-20,30-60
1,66861,1,16.540220537207922,15-20,10-20,60-90.1
1,66864,1,21.2866389712151,20-25,20-30,30-60
1,66874,1,24.500998149315222,20-25,20-30,30-60
1,66905,1,19.854937234643046,15-20,10-20,60-90.1
1,66937,1,20.19165313301107,20-25,20-30,60-90.1
1,66941,1,23.333614909191255,20-25,20-30,30-60
1,66971,1,27.629769171084934,25-30,20-30,30-60
1,66986,1,27.177171475753347,25-30,20-30,30-60
1,66988,1,12.006074025080535,10-15,10-20,0-30
1,66993,1,22.769428042709464,20-25,20-30,60-90.1
1,67021,1,14.72606852674849,10-15,10-20,30-60
1,67048,1,24.76763723546738,20-25,20-30,60-90.1
1,67102,1,16.29621664372317,15-20,10-20,30-60
1,67134,1,22.76556814424377,20-25,20-30,30-60
1,67142,1,11.920945115222818,10-15,10-20,30-60
1,67176,1,25.26964174808213,25-30,20-30,30-60
1,67188,1,23.19606117749008,20-25,20-30,30-60
1,67204,1,13.081665821356284,10-15,10-20,30-60
1,67226,1,22.400583847449845,20-25,20-30,30-60
1,67281,1,19.267296682246503,15-20,10-20,30-60
1,67289,1,23.260197803782955,20-25,20-30,30-60
1,67317,1,22.542029515710457,20-25,20-30,30-60
1,67328,1,21.855015422854123,20-25,20-30,30-60
1,67331,1,22.667259831730263,20-25,20-30,60-90.1
1,67340,1,11.541131182578342,10-15,10-20,0-30
1,67352,1,13.366648575637075,10-15,10-20,30-60
1,67354,1,13.81768737890183,10-15,10-20,60-90.1
1,67359,1,14.438545870781926,10-15,10-20,30-60
1,67367,1,15.532063856624118,15-20,10-20,0-30
1,67385,1,18.538385314944414,15-20,10-20,60-90.1
1,67398,1,13.770341867751627,10-15,10-20,30-60
1,67428,1,16.434606813039323,15-20,10-20,60-90.1
1,67437,1,20.996608836009653,20-25,20-30,30-60
1,67448,1,16.924014599214885,15-20,10-20,60-90.1
1,67474,1,22.98984442872308,20-25,20-30,30-60
1,67476,1,25.06142123175588,25-30,20-30,30-60
1,67490,1,12.034429928551665,10-15,10-20,60-90.1
1,67493,1,19.7079104154025,15-20,10-20,60-90.1
1,67517,1,11.100433278651163,10-15,10-20,0-30
1,67522,1,21.820531072871685,20-25,20-30,30-60
1,67535,1,11.433793429257241,10-15,10-20,0-30
1,67553,1,15.690706866522415,15-20,10-20,30-60
1,67560,1,20.206073846523886,20-25,20-30,30-60
1,67582,1,22.529346736603607,20-25,20-30,30-60
1,67587,1,24.163371014468474,20-25,20-30,60-90.1
1,67671,1,19.75774385937142,15-20,10-20,60-90.1
1,67673,1,18.101985862520724,15-20,10-20,60-90.1
1,67688,1,11.57383519643982,10-15,10-20,30-60
1,67708,1,23.031859115670684,20-25,20-30,30-60
1,67710,1,11.385362928766247,10-15,10-20,0-30
1,67733,1,11.27124352475936,10-15,10-20,0-30
1,67751,1,16.49004531409076,15-20,10-20,60-90.1
1,67774,1,22.473186826358805,20-25,20-30,30-60
1,67793,1,24.712807724628156,20-25,20-30,60-90.1
1,67799,1,19.43439487964408,15-20,10-20,60-90.1
1,67837,1,24.57310110360048,20-25,20-30,30-60
1,67839,1,12.099348042844433,10-15,10-20,0-30
1,67866,1,24.274513519949885,20-25,20-30,30-60
1,67872,1,20.76091662062764,20-25,20-30,60-90.1
1,67891,1,21.067555642460828,20-25,20-30,30-60
1,67944,1,15.159358808314925,15-20,10-20,30-60
1,67954,1,15.520717540649311,15-20,10-20,30-60
1,67977,1,20.940590845300243,20-25,20-30,30-60
1,67985,1,18.907309068305004,15-20,10-20,60-90.1
1,68023,1,20.683396973357702,20-25,20-30,60-90.1
1,68033,1,23.30444620650624,20-25,20-30,30-60
1,68049,1,11.822158186552485,10-15,10-20,0-30
1,68063,1,16.926403296719663,15-20,10-20,60-90.1
1,68068,1,11.652547577015122,10-15,10-20,0-30
1,68086,1,16.892619517763013,15-20,10-20,60-90.1
1,68089,1,21.790636447652652,20-25,20-30,0-30
1,68094,1,11.861607409655612,10-15,10-20,0-30
1,68120,1,20.42276866614012,20-25,20-30,60-90.1
1,68141,1,13.199622644199575,10-15,10-20,0-30
1,68149,1,16.29105944041015,15-20,10-20,30-60
1,68170,1,20.776059650910994,20-25,20-30,30-60
1,68172,1,22.660123567690945,20-25,20-30,30-60
1,68188,1,21.92791934890861,20-25,20-30,60-90.1
1,68196,1,19.40697604307132,15-20,10-20,30-60
1,68209,1,12.69417264236763,10-15,10-20,0-30
1,68218,1,13.617476199591803,10-15,10-20,30-60
1,68224,1,14.636231645221056,10-15,10-20,60-90.1
1,68240,1,15.187582864016948,15-20,10-20,30-60
1,68273,1,12.881917612955606,10-15,10-20,60-90.1
1,68293,1,11.484210580819921,10-15,10-20,0-30
1,68306,1,13.550165297051365,10-15,10-20,60-90.1
1,68327,1,11.809699723827782,10-15,10-20,30-60
1,68330,1,14.305857290663907,10-15,10-20,60-90.1
1,68331,1,20.604262615816914,20-25,20-30,60-90.1
1,68360,1,22.757749265331586,20-25,20-30,30-60
1,68392,1,22.89687233847871,20-25,20-30,30-60
1,68398,1,18.144349790619778,15-20,10-20,60-90.1
1,68399,1,21.046596261840005,20-25,20-30,30-60
1,68430,1,22.580074512435775,20-25,20-30,30-60
1,68445,1,17.0270587828441,15-20,10-20,30-60
1,68472,1,19.536488707554497,15-20,10-20,30-60
1,68492,1,19.590721362604395,15-20,10-20,30-60
1,68502,1,13.611708829452784,10-15,10-20,0-30
1,68518,1,16.29930803298211,15-20,10-20,60-90.1
1,68543,1,17.879052996545557,15-20,10-20,60-90.1
1,68558,1,21.175601208579348,20-25,20-30,60-90.1
1,68584,1,21.46780812628219,20-25,20-30,30-60
1,68586,1,11.5276716645029,10-15,10-20,0-30
1,68596,1,20.015275041985642,20-25,20-30,60-90.1
1,68630,1,12.321128204144408,10-15,10-20,0-30
1,68671,1,18.67451974432039,15-20,10-20,60-90.1
1,68675,1,19.71595244917719,15-20,10-20,30-60
1,68701,1,17.573337331529963,15-20,10-20,30-60
1,68723,1,20.27310277691655,20-25,20-30,60-90.1
1,68756,1,13.96724803032263,10-15,10-20,0-30
1,68767,1,14.925096969870289,10-15,10-20,30-60
1,68779,1,16.010887810184112,15-20,10-20,30-60
1,68788,1,18.75698998540086,15-20,10-20,60-90.1
1,68797,1,17.20194395441926,15-20,10-20,60-90.1
1,68821,1,13.25787009728453,10-15,10-20,60-90.1
1,68841,1,11.80300845041803,10-15,10-20,0-30
1,68849,1,20.944816928715436,20-25,20-30,30-60
1,68855,1,19.280111113632188,15-20,10-20,60-90.1
1,68875,1,15.11254387441174,15-20,10-20,60-90.1
1,68877,1,19.061028199554592,15-20,10-20,30-60
1,68899,1,20.723879251774072,20-25,20-30,60-90.1
1,68905,1,16.2098264208494,15-20,10-20,60-90.1
1,68910,1,19.121533049766565,15-20,10-20,30-60
1,68931,1,14.39404368412977,10-15,10-20,0-30
1,68963,1,20.584479969791946,20-25,20-30,60-90.1
1,68967,1,17.51507726016023,15-20,10-20,30-60
1,68973,1,17.57278653976191,15-20,10-20,0-30
1,68990,1,17.574372266373818,15-20,10-20,0-30
1,69018,1,14.876651192070002,10-15,10-20,0-30
1,69023,1,14.890747976570978,10-15,10-20,30-60
1,69049,1,16.518354864223543,15-20,10-20,30-60
1,69066,1,19.488861944700783,15-20,10-20,60-90.1
1,69067,1,17.272446361612175,15-20,10-20,60-90.1
1,69098,1,13.3804890803013,10-15,10-20,60-90.1
1,69110,1,12.698609333548303,10-15,10-20,30-60
1,69166,1,15.83499129127047,15-20,10-20,30-60
1,69183,1,17.261841920097545,15-20,10-20,60-90.1
1,69186,1,18.103125307641044,15-20,10-20,60-90.1
1,69203,1,18.228616240683294,15-20,10-20,0-30
1,69230,1,17.59394706169469,15-20,10-20,0-30
1,69249,1,17.743462271662217,15-20,10-20,0-30
1,69265,1,14.067641889758514,10-15,10-20,0-30
1,69278,1,15.511666829186291,15-20,10-20,30-60
1,69280,1,16.148500875025544,15-20,10-20,60-90.1
1,69294,1,17.51452020191472,15-20,10-20,60-90.1
1,69317,1,19.51780350211784,15-20,10-20,60-90.1
1,69334,1,19.005045606859273,15-20,10-20,60-90.1
1,69355,1,13.328500086455705,10-15,10-20,30-60
1,69365,1,18.96639556534467,15-20,10-20,60-90.1
1,69394,1,18.565381594838065,15-20,10-20,60-90.1
1,69423,1,14.3633643085242,10-15,10-20,0-30
1,69468,1,15.52714768395833,15-20,10-20,0-30
1,69487,1,16.373952988735248,15-20,10-20,60-90.1
1,69495,1,16.959519138298024,15-20,10-20,30-60
1,69529,1,16.621630411178227,15-20,10-20,0-30
1,69547,1,17.085562015016222,15-20,10-20,0-30
1,69552,1,14.640208544386878,10-15,10-20,0-30
1,69567,1,15.16548054147003,15-20,10-20,0-30
1,69578,1,15.496422993189178,15-20,10-20,0-30
1,69607,1,17.08701332882161,15-20,10-20,60-90.1
1,69610,1,15.10466237841118,15-20,10-20,0-30
1,69639,1,16.478322817768305,15-20,10-20,30-60
1,69655,1,16.430993641009202,15-20,10-20,30-60
1,69663,1,16.833599771265536,15-20,10-20,0-30
1,69683,1,14.346755559966597,10-15,10-20,0-30
1,69705,1,15.113290549539457,15-20,10-20,0-30
1,69710,1,15.36711627379801,15-20,10-20,0-30
1,69739,1,15.119460510138262,15-20,10-20,0-30
1,69748,1,16.4671807494646,15-20,10-20,60-90.1
1,69764,1,15.782328941502943,15-20,10-20,0-30
1,69777,1,16.687407568323238,15-20,10-20,30-60
1,69786,1,15.68573453691464,15-20,10-20,0-30
1,69820,1,15.058121082181673,15-20,10-20,0-30
1,69824,1,14.63059770744014,10-15,10-20,0-30
1,69845,1,15.416948561522346,15-20,10-20,0-30
